"RTD End Time Stamp","Zone Name","Zone PTID","RTD Zonal LBMP","RTD Zonal Losses","RTD Zonal Congestion","RTD Zonal Price Version"
"2022/07/01 00:05:00","MHK VL","61756","57.69","1.74","0","1"
"2022/07/01 00:10:00","MHK VL","61756","56.88","1.66","0","1"
"2022/07/01 00:15:00","MHK VL","61756","59.59","1.62","0","1"
"2022/07/01 00:20:00","MHK VL","61756","55.41","1.51","0","1"
"2022/07/01 00:25:00","MHK VL","61756","54.33","1.48","0","1"
"2022/07/01 00:30:00","MHK VL","61756","53.68","1.46","0","1"
"2022/07/01 00:35:00","MHK VL","61756","53.94","1.47","0","1"
"2022/07/01 00:40:00","MHK VL","61756","51.65","1.36","0","1"
"2022/07/01 00:45:00","MHK VL","61756","53.06","1.34","0","1"
"2022/07/01 00:50:00","MHK VL","61756","51.63","1.36","0","1"
"2022/07/01 00:55:00","MHK VL","61756","51.63","1.36","0","1"
"2022/07/01 01:00:00","MHK VL","61756","49.57","1.25","0","1"
"2022/07/01 01:05:00","MHK VL","61756","49.69","1.21","0","1"
"2022/07/01 01:10:00","MHK VL","61756","49.53","1.21","0","1"
"2022/07/01 01:15:00","MHK VL","61756","49.58","1.25","0","1"
"2022/07/01 01:20:00","MHK VL","61756","50","1.27","0","1"
"2022/07/01 01:25:00","MHK VL","61756","49.19","1.24","0","1"
"2022/07/01 01:30:00","MHK VL","61756","49.1","1.2","0","1"
"2022/07/01 01:35:00","MHK VL","61756","49.27","1.2","0","1"
"2022/07/01 01:40:00","MHK VL","61756","49","1.2","0","1"
"2022/07/01 01:45:00","MHK VL","61756","48.86","1.19","0","1"
"2022/07/01 01:50:00","MHK VL","61756","48.83","1.19","0","1"
"2022/07/01 01:55:00","MHK VL","61756","45.73","1.12","0","1"
"2022/07/01 02:00:00","MHK VL","61756","53.17","1.3","0","1"
"2022/07/01 02:05:00","MHK VL","61756","51.8","1.21","0","1"
"2022/07/01 02:10:00","MHK VL","61756","50.92","1.24","0","1"
"2022/07/01 02:15:00","MHK VL","61756","49.78","1.21","0","1"
"2022/07/01 02:20:00","MHK VL","61756","49.78","1.21","0","1"
"2022/07/01 02:25:00","MHK VL","61756","49.48","1.21","0","1"
"2022/07/01 02:30:00","MHK VL","61756","49.14","1.15","0","1"
"2022/07/01 02:35:00","MHK VL","61756","48.79","1.14","0","1"
"2022/07/01 02:40:00","MHK VL","61756","48.63","1.09","0","1"
"2022/07/01 02:45:00","MHK VL","61756","48.67","1.1","0","1"
"2022/07/01 02:50:00","MHK VL","61756","48.63","1.09","0","1"
"2022/07/01 02:55:00","MHK VL","61756","48.52","1.14","0","1"
"2022/07/01 03:00:00","MHK VL","61756","48.88","1.14","0","1"
"2022/07/01 03:05:00","MHK VL","61756","49.14","1.15","0","1"
"2022/07/01 03:10:00","MHK VL","61756","48.96","1.15","0","1"
"2022/07/01 03:15:00","MHK VL","61756","48.63","1.09","0","1"
"2022/07/01 03:20:00","MHK VL","61756","48.34","1.09","0","1"
"2022/07/01 03:25:00","MHK VL","61756","48.1","1.03","0","1"
"2022/07/01 03:30:00","MHK VL","61756","48.33","1.04","0","1"
"2022/07/01 03:35:00","MHK VL","61756","48.42","1.04","0","1"
"2022/07/01 03:40:00","MHK VL","61756","48.14","1.03","0","1"
"2022/07/01 03:45:00","MHK VL","61756","48","1.03","0","1"
"2022/07/01 03:50:00","MHK VL","61756","48","1.03","0","1"
"2022/07/01 03:55:00","MHK VL","61756","48.01","1.03","0","1"
"2022/07/01 04:00:00","MHK VL","61756","47.97","1.03","0","1"
"2022/07/01 04:05:00","MHK VL","61756","48.09","1.03","0","1"
"2022/07/01 04:10:00","MHK VL","61756","48.06","0.99","0","1"
"2022/07/01 04:15:00","MHK VL","61756","47.91","0.99","0","1"
"2022/07/01 04:20:00","MHK VL","61756","48.05","0.99","0","1"
"2022/07/01 04:25:00","MHK VL","61756","47.92","0.99","0","1"
"2022/07/01 04:30:00","MHK VL","61756","48","0.99","0","1"
"2022/07/01 04:35:00","MHK VL","61756","48.06","0.99","0","1"
"2022/07/01 04:40:00","MHK VL","61756","48.06","0.99","0","1"
"2022/07/01 04:45:00","MHK VL","61756","48.05","0.99","0","1"
"2022/07/01 04:50:00","MHK VL","61756","48.05","0.99","0","1"
"2022/07/01 04:55:00","MHK VL","61756","47.41","1.02","0","1"
"2022/07/01 05:00:00","MHK VL","61756","47.9","1.03","0","1"
"2022/07/01 05:05:00","MHK VL","61756","49.86","1.07","0","1"
"2022/07/01 05:10:00","MHK VL","61756","48.88","1.05","0","1"
"2022/07/01 05:15:00","MHK VL","61756","48.93","1.1","0","1"
"2022/07/01 05:20:00","MHK VL","61756","49.19","1.11","0","1"
"2022/07/01 05:25:00","MHK VL","61756","48.88","1.1","0","1"
"2022/07/01 05:30:00","MHK VL","61756","48.77","1.05","0","1"
"2022/07/01 05:35:00","MHK VL","61756","48.93","1.1","0","1"
"2022/07/01 05:40:00","MHK VL","61756","48.86","1.1","0","1"
"2022/07/01 05:45:00","MHK VL","61756","49.46","1.11","0","1"
"2022/07/01 05:50:00","MHK VL","61756","50.1","1.13","0","1"
"2022/07/01 05:55:00","MHK VL","61756","52.92","1.19","0","1"
"2022/07/01 06:00:00","MHK VL","61756","41.55","0.89","0","1"
"2022/07/01 06:05:00","MHK VL","61756","46.78","1.01","0","1"
"2022/07/01 06:10:00","MHK VL","61756","47.05","1.06","0","1"
"2022/07/01 06:15:00","MHK VL","61756","46.97","1.06","0","1"
"2022/07/01 06:20:00","MHK VL","61756","47.17","1.06","0","1"
"2022/07/01 06:25:00","MHK VL","61756","47.23","1.15","0","1"
"2022/07/01 06:30:00","MHK VL","61756","47.2","1.1","0","1"
"2022/07/01 06:35:00","MHK VL","61756","47.26","1.11","0","1"
"2022/07/01 06:40:00","MHK VL","61756","47.25","1.15","0","1"
"2022/07/01 06:45:00","MHK VL","61756","47.53","1.16","0","1"
"2022/07/01 06:50:00","MHK VL","61756","48.96","1.24","0","1"
"2022/07/01 06:55:00","MHK VL","61756","50.43","1.28","0","1"
"2022/07/01 07:00:00","MHK VL","61756","44.26","1.12","0","1"
"2022/07/01 07:05:00","MHK VL","61756","46.03","1.16","0","1"
"2022/07/01 07:10:00","MHK VL","61756","47.51","1.2","0","1"
"2022/07/01 07:15:00","MHK VL","61756","46.63","1.14","0","1"
"2022/07/01 07:20:00","MHK VL","61756","47.32","1.2","0","1"
"2022/07/01 07:25:00","MHK VL","61756","47.5","1.2","0","1"
"2022/07/01 07:30:00","MHK VL","61756","47.75","1.26","0","1"
"2022/07/01 07:35:00","MHK VL","61756","48.12","1.27","0","1"
"2022/07/01 07:40:00","MHK VL","61756","48.52","1.28","0","1"
"2022/07/01 07:45:00","MHK VL","61756","48.87","1.33","0","1"
"2022/07/01 07:50:00","MHK VL","61756","49.6","1.4","0","1"
"2022/07/01 07:55:00","MHK VL","61756","52.56","1.48","0","1"
"2022/07/01 08:00:00","MHK VL","61756","47.79","1.35","0","1"
"2022/07/01 08:05:00","MHK VL","61756","48.47","1.37","0","1"
"2022/07/01 08:10:00","MHK VL","61756","49.73","1.4","0","1"
"2022/07/01 08:15:00","MHK VL","61756","49.17","1.43","0","1"
"2022/07/01 08:20:00","MHK VL","61756","49.61","1.44","0","1"
"2022/07/01 08:25:00","MHK VL","61756","53.31","1.6","0","1"
"2022/07/01 08:30:00","MHK VL","61756","53.31","1.6","0","1"
"2022/07/01 08:35:00","MHK VL","61756","53.41","1.61","0","1"
"2022/07/01 08:40:00","MHK VL","61756","53.55","1.61","0","1"
"2022/07/01 08:45:00","MHK VL","61756","53.26","1.6","0","1"
"2022/07/01 08:50:00","MHK VL","61756","52.93","1.64","0","1"
"2022/07/01 08:55:00","MHK VL","61756","53.75","1.67","0","1"
"2022/07/01 09:00:00","MHK VL","61756","49.75","1.54","0","1"
"2022/07/01 09:05:00","MHK VL","61756","52.79","1.64","0","1"
"2022/07/01 09:10:00","MHK VL","61756","52.86","1.59","0","1"
"2022/07/01 09:15:00","MHK VL","61756","49.54","1.49","0","1"
"2022/07/01 09:20:00","MHK VL","61756","51.83","1.61","0","1"
"2022/07/01 09:25:00","MHK VL","61756","53.17","1.65","0","1"
"2022/07/01 09:30:00","MHK VL","61756","53.46","1.66","0","1"
"2022/07/01 09:35:00","MHK VL","61756","63.18","1.96","0","1"
"2022/07/01 09:40:00","MHK VL","61756","63.25","1.96","0","1"
"2022/07/01 09:45:00","MHK VL","61756","63.11","2.08","0","1"
"2022/07/01 09:50:00","MHK VL","61756","59.6","1.96","0","1"
"2022/07/01 09:55:00","MHK VL","61756","63.38","2.09","0","1"
"2022/07/01 10:00:00","MHK VL","61756","63.68","2.15","0","1"
"2022/07/01 10:05:00","MHK VL","61756","63.62","2.21","0","1"
"2022/07/01 10:10:00","MHK VL","61756","66.51","2.19","0","1"
"2022/07/01 10:15:00","MHK VL","61756","64.19","2.11","0","1"
"2022/07/01 10:20:00","MHK VL","61756","69.55","2.29","0","1"
"2022/07/01 10:25:00","MHK VL","61756","69.48","2.22","0","1"
"2022/07/01 10:30:00","MHK VL","61756","67.03","2.21","0","1"
"2022/07/01 10:35:00","MHK VL","61756","66.96","2.14","0","1"
"2022/07/01 10:40:00","MHK VL","61756","69.49","2.22","0","1"
"2022/07/01 10:43:54","MHK VL","61756","72.14","2.3","0","1"
"2022/07/01 10:45:00","MHK VL","61756","74.25","2.37","0","1"
"2022/07/01 10:46:00","MHK VL","61756","74.25","2.37","0","1"
"2022/07/01 10:50:00","MHK VL","61756","75.47","2.41","0","1"
"2022/07/01 10:55:00","MHK VL","61756","75.47","2.41","0","1"
"2022/07/01 11:00:00","MHK VL","61756","76.53","2.22","-8.98","1"
"2022/07/01 11:05:00","MHK VL","61756","80.79","2.43","-8.98","1"
"2022/07/01 11:10:00","MHK VL","61756","84.5","2.62","-9.11","1"
"2022/07/01 11:15:00","MHK VL","61756","76.68","2.34","-9.11","1"
"2022/07/01 11:20:00","MHK VL","61756","76.54","2.28","-9.11","1"
"2022/07/01 11:25:00","MHK VL","61756","76.62","2.34","-9.11","1"
"2022/07/01 11:30:00","MHK VL","61756","81.97","2.6","-9.11","1"
"2022/07/01 11:35:00","MHK VL","61756","73.31","2.54","0","1"
"2022/07/01 11:40:00","MHK VL","61756","73.24","2.54","0","1"
"2022/07/01 11:45:00","MHK VL","61756","73.39","2.48","0","1"
"2022/07/01 11:50:00","MHK VL","61756","75.33","2.61","0","1"
"2022/07/01 11:55:00","MHK VL","61756","75.26","2.54","0","1"
"2022/07/01 12:00:00","MHK VL","61756","75.27","2.61","0","1"
"2022/07/01 12:05:00","MHK VL","61756","79.67","2.92","0","1"
"2022/07/01 12:10:00","MHK VL","61756","83.14","2.97","0","1"
"2022/07/01 12:15:00","MHK VL","61756","86.88","3.1","0","1"
"2022/07/01 12:20:00","MHK VL","61756","87.97","3.14","0","1"
"2022/07/01 12:25:00","MHK VL","61756","88.36","3.23","0","1"
"2022/07/01 12:30:00","MHK VL","61756","88.26","3.23","0","1"
"2022/07/01 12:35:00","MHK VL","61756","88.48","3.24","0","1"
"2022/07/01 12:40:00","MHK VL","61756","88.26","3.15","0","1"
"2022/07/01 12:45:00","MHK VL","61756","88.4","3.16","0","1"
"2022/07/01 12:50:00","MHK VL","61756","89.38","3.19","0","1"
"2022/07/01 12:55:00","MHK VL","61756","90.13","3.22","0","1"
"2022/07/01 13:00:00","MHK VL","61756","87.33","3.2","0","1"
"2022/07/01 13:05:00","MHK VL","61756","89.32","3.27","0","1"
"2022/07/01 13:10:00","MHK VL","61756","87.31","3.27","0","1"
"2022/07/01 13:15:00","MHK VL","61756","81.33","2.78","-9.04","1"
"2022/07/01 13:20:00","MHK VL","61756","79.93","3","0","1"
"2022/07/01 13:25:00","MHK VL","61756","88.13","3.39","0","1"
"2022/07/01 13:30:00","MHK VL","61756","88.66","3.41","0","1"
"2022/07/01 13:35:00","MHK VL","61756","88.13","3.39","0","1"
"2022/07/01 13:40:00","MHK VL","61756","89.12","3.26","0","1"
"2022/07/01 13:45:00","MHK VL","61756","81.1","2.97","0","1"
"2022/07/01 13:50:00","MHK VL","61756","78.35","2.87","0","1"
"2022/07/01 13:55:00","MHK VL","61756","78.36","2.94","0","1"
"2022/07/01 14:00:00","MHK VL","61756","78.29","2.94","-0.01","1"
"2022/07/01 14:05:00","MHK VL","61756","82.13","2.81","-9.06","1"
"2022/07/01 14:10:00","MHK VL","61756","76.91","2.62","-10.36","1"
"2022/07/01 14:15:00","MHK VL","61756","88.86","3.06","-9.37","1"
"2022/07/01 14:20:00","MHK VL","61756","79.76","2.99","0","1"
"2022/07/01 14:25:00","MHK VL","61756","80.1","3.08","0","1"
"2022/07/01 14:30:00","MHK VL","61756","87.7","3.29","0","1"
"2022/07/01 14:35:00","MHK VL","61756","88.42","3.4","0","1"
"2022/07/01 14:40:00","MHK VL","61756","97.16","3.38","-9.37","1"
"2022/07/01 14:45:00","MHK VL","61756","98.4","3.43","-9.37","1"
"2022/07/01 14:50:00","MHK VL","61756","102.22","3.57","-9.37","1"
"2022/07/01 14:55:00","MHK VL","61756","103.9","3.72","-9.37","1"
"2022/07/01 15:00:00","MHK VL","61756","101.55","3.63","-9.37","1"
"2022/07/01 15:00:06","MHK VL","61756","92.79","3.66","0","1"
"2022/07/01 15:01:36","MHK VL","61756","95.2","3.84","-1.91","1"
"2022/07/01 15:05:00","MHK VL","61756","93.56","3.69","0","1"
"2022/07/01 15:10:00","MHK VL","61756","93.56","3.69","0","1"
"2022/07/01 15:15:00","MHK VL","61756","92.25","3.63","0","1"
"2022/07/01 15:15:36","MHK VL","61756","88.56","3.49","0","1"
"2022/07/01 15:17:06","MHK VL","61756","92.42","3.72","0","1"
"2022/07/01 15:20:00","MHK VL","61756","93.2","3.76","0","1"
"2022/07/01 15:25:00","MHK VL","61756","93.2","3.76","0","1"
"2022/07/01 15:30:00","MHK VL","61756","93.56","3.74","-0.8","1"
"2022/07/01 15:35:00","MHK VL","61756","92.85","3.83","0","1"
"2022/07/01 15:40:00","MHK VL","61756","94.07","3.88","-0.01","1"
"2022/07/01 15:45:00","MHK VL","61756","105.65","4.07","-6.93","1"
"2022/07/01 15:50:00","MHK VL","61756","107.5","3.97","-9.03","1"
"2022/07/01 15:55:00","MHK VL","61756","98.38","3.96","0","1"
"2022/07/01 16:00:00","MHK VL","61756","97.5","3.84","0","1"
"2022/07/01 16:05:00","MHK VL","61756","95.73","3.77","0","1"
"2022/07/01 16:10:00","MHK VL","61756","96.17","4.05","0","1"
"2022/07/01 16:15:00","MHK VL","61756","97.98","4.12","0","1"
"2022/07/01 16:20:00","MHK VL","61756","97.95","4.12","0","1"
"2022/07/01 16:25:00","MHK VL","61756","100.01","4.23","-1.96","1"
"2022/07/01 16:30:00","MHK VL","61756","100.89","4.26","-2.08","1"
"2022/07/01 16:35:00","MHK VL","61756","101.14","4.17","-2.02","1"
"2022/07/01 16:40:00","MHK VL","61756","104.04","4.29","-2.23","1"
"2022/07/01 16:40:18","MHK VL","61756","98.69","4.16","0","1"
"2022/07/01 16:41:30","MHK VL","61756","121.91","5.01","-3.02","1"
"2022/07/01 16:45:00","MHK VL","61756","110.99","4.57","-2.54","1"
"2022/07/01 16:50:00","MHK VL","61756","110.99","4.57","-2.54","1"
"2022/07/01 16:55:00","MHK VL","61756","103.42","4.26","0","1"
"2022/07/01 17:00:00","MHK VL","61756","98.6","4.06","0","1"
"2022/07/01 17:05:00","MHK VL","61756","97.22","3.92","0","1"
"2022/07/01 17:10:00","MHK VL","61756","97.09","4.09","0","1"
"2022/07/01 17:10:18","MHK VL","61756","97.49","4.1","0","1"
"2022/07/01 17:11:30","MHK VL","61756","99.46","4.19","0","1"
"2022/07/01 17:15:00","MHK VL","61756","99.46","4.19","0","1"
"2022/07/01 17:20:00","MHK VL","61756","99.46","4.19","0","1"
"2022/07/01 17:25:00","MHK VL","61756","99.86","4.2","0","1"
"2022/07/01 17:30:00","MHK VL","61756","100.8","4.15","0","1"
"2022/07/01 17:35:00","MHK VL","61756","112.09","4.52","0","1"
"2022/07/01 17:40:00","MHK VL","61756","101.55","4.18","0","1"
"2022/07/01 17:45:00","MHK VL","61756","97.31","4.01","0","1"
"2022/07/01 17:50:00","MHK VL","61756","97.22","4.01","0","1"
"2022/07/01 17:55:00","MHK VL","61756","99.49","4.19","0","1"
"2022/07/01 18:00:00","MHK VL","61756","99.05","4.17","0","1"
"2022/07/01 18:05:00","MHK VL","61756","99.91","4.21","0","1"
"2022/07/01 18:10:00","MHK VL","61756","99.82","4.2","0","1"
"2022/07/01 18:15:00","MHK VL","61756","100.6","4.24","0","1"
"2022/07/01 18:20:00","MHK VL","61756","101.81","4.29","0","1"
"2022/07/01 18:25:00","MHK VL","61756","100.6","4.24","0","1"
"2022/07/01 18:30:00","MHK VL","61756","98.67","4.25","0","1"
"2022/07/01 18:35:00","MHK VL","61756","93.54","4.03","0","1"
"2022/07/01 18:40:00","MHK VL","61756","93.48","4.03","0","1"
"2022/07/01 18:45:00","MHK VL","61756","93.44","3.93","0","1"
"2022/07/01 18:45:24","MHK VL","61756","98.48","4.24","0","1"
"2022/07/01 18:47:56","MHK VL","61756","99.61","4.38","0","1"
"2022/07/01 18:50:00","MHK VL","61756","98.48","4.24","0","1"
"2022/07/01 18:55:00","MHK VL","61756","98.48","4.24","0","1"
"2022/07/01 19:00:00","MHK VL","61756","101.25","4.26","0","1"
"2022/07/01 19:05:00","MHK VL","61756","101.17","4.26","0","1"
"2022/07/01 19:10:00","MHK VL","61756","101.33","4.46","0","1"
"2022/07/01 19:15:00","MHK VL","61756","99.7","4.39","0","1"
"2022/07/01 19:20:00","MHK VL","61756","93.73","4.04","0","1"
"2022/07/01 19:25:00","MHK VL","61756","92.35","3.98","0","1"
"2022/07/01 19:30:00","MHK VL","61756","87.12","3.67","0","1"
"2022/07/01 19:35:00","MHK VL","61756","79.58","3.35","0","1"
"2022/07/01 19:40:00","MHK VL","61756","75.36","3.17","0","1"
"2022/07/01 19:45:00","MHK VL","61756","75.69","3.12","0","1"
"2022/07/01 19:50:00","MHK VL","61756","70.97","2.92","0","1"
"2022/07/01 19:55:00","MHK VL","61756","70.9","2.86","0","1"
"2022/07/01 20:00:00","MHK VL","61756","79.51","3.28","0","1"
"2022/07/01 20:05:00","MHK VL","61756","70.82","2.92","0","1"
"2022/07/01 20:10:00","MHK VL","61756","70.75","2.79","0","1"
"2022/07/01 20:15:00","MHK VL","61756","70.63","2.72","0","1"
"2022/07/01 20:20:00","MHK VL","61756","70.69","2.79","0","1"
"2022/07/01 20:25:00","MHK VL","61756","70.69","2.79","0","1"
"2022/07/01 20:30:00","MHK VL","61756","70.56","2.72","0","1"
"2022/07/01 20:35:00","MHK VL","61756","75.23","2.9","0","1"
"2022/07/01 20:40:00","MHK VL","61756","70.43","2.71","0","1"
"2022/07/01 20:45:00","MHK VL","61756","70.37","2.77","0","1"
"2022/07/01 20:50:00","MHK VL","61756","70.31","2.77","0","1"
"2022/07/01 20:55:00","MHK VL","61756","70.25","2.77","0","1"
"2022/07/01 21:00:00","MHK VL","61756","81.55","3.29","0","1"
"2022/07/01 21:05:00","MHK VL","61756","80.73","3.25","0","1"
"2022/07/01 21:10:00","MHK VL","61756","81.07","3.27","0","1"
"2022/07/01 21:15:00","MHK VL","61756","79.22","3.12","0","1"
"2022/07/01 21:20:00","MHK VL","61756","72.56","2.86","0","1"
"2022/07/01 21:25:00","MHK VL","61756","70.58","2.72","0","1"
"2022/07/01 21:30:00","MHK VL","61756","63.43","2.38","-1.58","1"
"2022/07/01 21:35:00","MHK VL","61756","70.6","2.72","0","1"
"2022/07/01 21:40:00","MHK VL","61756","70.6","2.72","0","1"
"2022/07/01 21:45:00","MHK VL","61756","82.88","3.19","0","1"
"2022/07/01 21:50:00","MHK VL","61756","78.79","3.03","0","1"
"2022/07/01 21:55:00","MHK VL","61756","77.63","2.99","0","1"
"2022/07/01 22:00:00","MHK VL","61756","78.78","2.95","0","1"
"2022/07/01 22:05:00","MHK VL","61756","67.05","2.51","0","1"
"2022/07/01 22:10:00","MHK VL","61756","64.67","2.49","0","1"
"2022/07/01 22:15:00","MHK VL","61756","64.43","2.36","0","1"
"2022/07/01 22:20:00","MHK VL","61756","64.49","2.36","0","1"
"2022/07/01 22:25:00","MHK VL","61756","56.48","2.12","0","1"
"2022/07/01 22:30:00","MHK VL","61756","56.85","2.08","0","1"
"2022/07/01 22:35:00","MHK VL","61756","57.05","2.09","0","1"
"2022/07/01 22:40:00","MHK VL","61756","55.5","2.03","0","1"
"2022/07/01 22:45:00","MHK VL","61756","56.37","2.06","0","1"
"2022/07/01 22:50:00","MHK VL","61756","56.37","2.06","0","1"
"2022/07/01 22:55:00","MHK VL","61756","56.43","2.07","0","1"
"2022/07/01 23:00:00","MHK VL","61756","60.91","2.17","0","1"
"2022/07/01 23:05:00","MHK VL","61756","64.55","2.3","-0.15","1"
"2022/07/01 23:10:00","MHK VL","61756","65.63","2.31","-1.03","1"
"2022/07/01 23:15:00","MHK VL","61756","72.18","2.39","-1.35","1"
"2022/07/01 23:20:00","MHK VL","61756","70.68","2.35","-1.28","1"
"2022/07/01 23:25:00","MHK VL","61756","67.03","2.23","-1.1","1"
"2022/07/01 23:30:00","MHK VL","61756","65.69","2.19","-1.04","1"
"2022/07/01 23:35:00","MHK VL","61756","58.11","1.94","-0.67","1"
"2022/07/01 23:40:00","MHK VL","61756","57.55","2","0","1"
"2022/07/01 23:45:00","MHK VL","61756","57.56","1.95","0","1"
"2022/07/01 23:50:00","MHK VL","61756","57.31","1.89","0","1"
"2022/07/01 23:55:00","MHK VL","61756","57.19","1.82","0","1"
"2022/07/02 00:00:00","MHK VL","61756","74.31","2.37","0","1"
"2022/07/02 00:05:00","MHK VL","61756","67.74","2.1","0","1"
"2022/07/02 00:10:00","MHK VL","61756","63.63","2.09","0","1"
"2022/07/02 00:15:00","MHK VL","61756","62.05","1.98","0","1"
"2022/07/02 00:20:00","MHK VL","61756","63.24","2.02","0","1"
"2022/07/02 00:25:00","MHK VL","61756","63.05","2.07","0","1"
"2022/07/02 00:30:00","MHK VL","61756","73.79","2.43","0","1"
"2022/07/02 00:35:00","MHK VL","61756","76.8","2.45","0","1"
"2022/07/02 00:40:00","MHK VL","61756","73.56","2.35","0","1"
"2022/07/02 00:45:00","MHK VL","61756","76.73","2.45","0","1"
"2022/07/02 00:50:00","MHK VL","61756","75.21","2.33","0","1"
"2022/07/02 00:55:00","MHK VL","61756","73.33","2.34","0","1"
"2022/07/02 01:00:00","MHK VL","61756","84.67","2.62","0","1"
"2022/07/02 01:05:00","MHK VL","61756","77.35","2.4","0","1"
"2022/07/02 01:10:00","MHK VL","61756","77.37","2.55","0","1"
"2022/07/02 01:15:00","MHK VL","61756","76.87","2.45","0","1"
"2022/07/02 01:20:00","MHK VL","61756","74.33","2.37","0","1"
"2022/07/02 01:25:00","MHK VL","61756","74.13","2.3","0","1"
"2022/07/02 01:30:00","MHK VL","61756","73.99","2.23","0","1"
"2022/07/02 01:35:00","MHK VL","61756","70.8","2.06","0","1"
"2022/07/02 01:40:00","MHK VL","61756","63.52","1.79","0","1"
"2022/07/02 01:45:00","MHK VL","61756","52.77","1.44","0","1"
"2022/07/02 01:50:00","MHK VL","61756","61.93","1.68","0","1"
"2022/07/02 01:55:00","MHK VL","61756","61.02","1.72","0","1"
"2022/07/02 02:00:00","MHK VL","61756","61.08","1.72","0","1"
"2022/07/02 02:05:00","MHK VL","61756","61.13","1.72","0","1"
"2022/07/02 02:10:00","MHK VL","61756","60.8","1.54","0","1"
"2022/07/02 02:15:00","MHK VL","61756","53","1.29","0","1"
"2022/07/02 02:20:00","MHK VL","61756","47.4","1.16","0","1"
"2022/07/02 02:25:00","MHK VL","61756","44.64","1.09","0","1"
"2022/07/02 02:30:00","MHK VL","61756","56.28","1.42","0","1"
"2022/07/02 02:35:00","MHK VL","61756","54.34","1.37","0","1"
"2022/07/02 02:40:00","MHK VL","61756","54.15","1.53","0","1"
"2022/07/02 02:45:00","MHK VL","61756","54.6","1.54","0","1"
"2022/07/02 02:50:00","MHK VL","61756","58.33","1.48","0","1"
"2022/07/02 02:55:00","MHK VL","61756","56.44","1.48","0","1"
"2022/07/02 03:00:00","MHK VL","61756","58.46","1.65","0","1"
"2022/07/02 03:05:00","MHK VL","61756","59.66","1.74","0","1"
"2022/07/02 03:10:00","MHK VL","61756","58.56","1.7","0","1"
"2022/07/02 03:15:00","MHK VL","61756","57.79","1.68","0","1"
"2022/07/02 03:20:00","MHK VL","61756","56.81","1.71","0","1"
"2022/07/02 03:25:00","MHK VL","61756","57.85","1.74","0","1"
"2022/07/02 03:30:00","MHK VL","61756","59.66","1.74","0","1"
"2022/07/02 03:35:00","MHK VL","61756","59.96","1.8","0","1"
"2022/07/02 03:40:00","MHK VL","61756","59.96","1.74","0","1"
"2022/07/02 03:45:00","MHK VL","61756","59.83","1.74","0","1"
"2022/07/02 03:50:00","MHK VL","61756","59.71","1.74","0","1"
"2022/07/02 03:55:00","MHK VL","61756","59.65","1.74","0","1"
"2022/07/02 04:00:00","MHK VL","61756","55.82","1.62","0","1"
"2022/07/02 04:05:00","MHK VL","61756","28.97","0.82","0","1"
"2022/07/02 04:10:00","MHK VL","61756","18.57","0.49","0","1"
"2022/07/02 04:15:00","MHK VL","61756","54.48","1.48","0","1"
"2022/07/02 04:20:00","MHK VL","61756","54.23","1.48","0","1"
"2022/07/02 04:25:00","MHK VL","61756","54.23","1.48","0","1"
"2022/07/02 04:30:00","MHK VL","61756","54.44","1.54","0","1"
"2022/07/02 04:35:00","MHK VL","61756","54.83","1.6","0","1"
"2022/07/02 04:40:00","MHK VL","61756","54.99","1.66","0","1"
"2022/07/02 04:45:00","MHK VL","61756","54.69","1.65","0","1"
"2022/07/02 04:50:00","MHK VL","61756","54.33","1.58","0","1"
"2022/07/02 04:55:00","MHK VL","61756","54.34","1.58","0","1"
"2022/07/02 05:00:00","MHK VL","61756","54.64","1.64","0","1"
"2022/07/02 05:05:00","MHK VL","61756","54.54","1.64","0","1"
"2022/07/02 05:10:00","MHK VL","61756","54.55","1.69","0","1"
"2022/07/02 05:15:00","MHK VL","61756","54.55","1.69","0","1"
"2022/07/02 05:20:00","MHK VL","61756","54.48","1.69","0","1"
"2022/07/02 05:25:00","MHK VL","61756","54.29","1.63","0","1"
"2022/07/02 05:30:00","MHK VL","61756","54.29","1.63","0","1"
"2022/07/02 05:35:00","MHK VL","61756","54.29","1.68","0","1"
"2022/07/02 05:40:00","MHK VL","61756","54.24","1.63","0","1"
"2022/07/02 05:45:00","MHK VL","61756","54.39","1.64","0","1"
"2022/07/02 05:50:00","MHK VL","61756","54.74","1.65","0","1"
"2022/07/02 05:55:00","MHK VL","61756","54.74","1.65","0","1"
"2022/07/02 06:00:00","MHK VL","61756","45.06","1.31","0","1"
"2022/07/02 06:05:00","MHK VL","61756","45.11","1.31","0","1"
"2022/07/02 06:10:00","MHK VL","61756","45.12","1.36","0","1"
"2022/07/02 06:15:00","MHK VL","61756","44.74","1.35","0","1"
"2022/07/02 06:20:00","MHK VL","61756","44.57","1.34","0","1"
"2022/07/02 06:25:00","MHK VL","61756","44.97","1.35","0","1"
"2022/07/02 06:30:00","MHK VL","61756","44.92","1.35","0","1"
"2022/07/02 06:35:00","MHK VL","61756","44.61","1.38","0","1"
"2022/07/02 06:40:00","MHK VL","61756","45.06","1.4","0","1"
"2022/07/02 06:45:00","MHK VL","61756","44.86","1.43","0","1"
"2022/07/02 06:50:00","MHK VL","61756","44.61","1.38","0","1"
"2022/07/02 06:55:00","MHK VL","61756","45.2","1.4","0","1"
"2022/07/02 07:00:00","MHK VL","61756","50.17","1.65","0","1"
"2022/07/02 07:05:00","MHK VL","61756","50.35","1.7","0","1"
"2022/07/02 07:10:00","MHK VL","61756","50.08","1.69","0","1"
"2022/07/02 07:15:00","MHK VL","61756","47.47","1.74","0","1"
"2022/07/02 07:20:00","MHK VL","61756","47.42","1.74","0","1"
"2022/07/02 07:25:00","MHK VL","61756","49.47","1.81","0","1"
"2022/07/02 07:30:00","MHK VL","61756","49.47","1.81","0","1"
"2022/07/02 07:35:00","MHK VL","61756","47.73","1.79","0","1"
"2022/07/02 07:40:00","MHK VL","61756","47.31","1.77","0","1"
"2022/07/02 07:45:00","MHK VL","61756","47.56","1.83","0","1"
"2022/07/02 07:50:00","MHK VL","61756","49.79","1.92","0","1"
"2022/07/02 07:55:00","MHK VL","61756","50.28","1.94","0","1"
"2022/07/02 08:00:00","MHK VL","61756","47.14","1.77","0","1"
"2022/07/02 08:05:00","MHK VL","61756","49.42","1.85","0","1"
"2022/07/02 08:10:00","MHK VL","61756","46.36","1.76","-0.67","1"
"2022/07/02 08:15:00","MHK VL","61756","46.36","1.72","-0.63","1"
"2022/07/02 08:20:00","MHK VL","61756","49.9","1.87","0","1"
"2022/07/02 08:25:00","MHK VL","61756","50.03","1.88","0","1"
"2022/07/02 08:30:00","MHK VL","61756","50.26","1.94","0","1"
"2022/07/02 08:35:00","MHK VL","61756","50.28","1.98","0","1"
"2022/07/02 08:40:00","MHK VL","61756","50.35","1.98","0","1"
"2022/07/02 08:45:00","MHK VL","61756","52.05","2.05","0","1"
"2022/07/02 08:50:00","MHK VL","61756","52.98","2.14","0","1"
"2022/07/02 08:55:00","MHK VL","61756","53.96","2.13","0","1"
"2022/07/02 09:00:00","MHK VL","61756","54.65","2.15","0","1"
"2022/07/02 09:05:00","MHK VL","61756","55.72","2.25","0","1"
"2022/07/02 09:10:00","MHK VL","61756","55.57","2.19","0","1"
"2022/07/02 09:15:00","MHK VL","61756","55.62","2.19","0","1"
"2022/07/02 09:20:00","MHK VL","61756","54.6","2.15","0","1"
"2022/07/02 09:25:00","MHK VL","61756","54.5","2.15","0","1"
"2022/07/02 09:30:00","MHK VL","61756","54.55","2.15","0","1"
"2022/07/02 09:35:00","MHK VL","61756","55.62","2.19","0","1"
"2022/07/02 09:40:00","MHK VL","61756","56.5","2.23","0","1"
"2022/07/02 09:45:00","MHK VL","61756","56.8","2.29","0","1"
"2022/07/02 09:50:00","MHK VL","61756","59.6","2.4","0","1"
"2022/07/02 09:55:00","MHK VL","61756","61.09","2.52","0","1"
"2022/07/02 10:00:00","MHK VL","61756","55.31","2.28","0","1"
"2022/07/02 10:05:00","MHK VL","61756","56.88","2.34","0","1"
"2022/07/02 10:10:00","MHK VL","61756","60.78","2.45","0","1"
"2022/07/02 10:15:00","MHK VL","61756","62.14","2.56","0","1"
"2022/07/02 10:20:00","MHK VL","61756","62.16","2.56","0","1"
"2022/07/02 10:25:00","MHK VL","61756","65.96","2.72","0","1"
"2022/07/02 10:30:00","MHK VL","61756","67.93","2.8","0","1"
"2022/07/02 10:35:00","MHK VL","61756","71.1","2.93","0","1"
"2022/07/02 10:40:00","MHK VL","61756","71.6","2.95","0","1"
"2022/07/02 10:45:00","MHK VL","61756","73.4","3.02","0","1"
"2022/07/02 10:50:00","MHK VL","61756","76.68","3.16","0","1"
"2022/07/02 10:55:00","MHK VL","61756","73.9","3.04","0","1"
"2022/07/02 11:00:00","MHK VL","61756","62.11","2.56","0","1"
"2022/07/02 11:05:00","MHK VL","61756","61.83","2.49","0","1"
"2022/07/02 11:10:00","MHK VL","61756","61.81","2.44","0","1"
"2022/07/02 11:15:00","MHK VL","61756","59.89","2.36","0","1"
"2022/07/02 11:20:00","MHK VL","61756","62.08","2.5","0","1"
"2022/07/02 11:25:00","MHK VL","61756","62.07","2.5","0","1"
"2022/07/02 11:30:00","MHK VL","61756","65.84","2.71","0","1"
"2022/07/02 11:35:00","MHK VL","61756","67.22","2.77","0","1"
"2022/07/02 11:40:00","MHK VL","61756","67.27","2.71","0","1"
"2022/07/02 11:45:00","MHK VL","61756","65.61","2.64","0","1"
"2022/07/02 11:50:00","MHK VL","61756","65.5","2.64","0","1"
"2022/07/02 11:55:00","MHK VL","61756","65.48","2.58","0","1"
"2022/07/02 12:00:00","MHK VL","61756","70.27","2.83","0","1"
"2022/07/02 12:05:00","MHK VL","61756","69.49","2.93","0","1"
"2022/07/02 12:10:00","MHK VL","61756","74.18","3.2","0","1"
"2022/07/02 12:15:00","MHK VL","61756","74.18","3.12","0","1"
"2022/07/02 12:20:00","MHK VL","61756","76.52","3.15","0","1"
"2022/07/02 12:25:00","MHK VL","61756","76.58","3.16","0","1"
"2022/07/02 12:30:00","MHK VL","61756","64.51","2.66","0","1"
"2022/07/02 12:35:00","MHK VL","61756","65.73","2.71","0","1"
"2022/07/02 12:40:00","MHK VL","61756","74.26","3.06","0","1"
"2022/07/02 12:45:00","MHK VL","61756","65.71","2.71","0","1"
"2022/07/02 12:50:00","MHK VL","61756","74.58","3.01","0","1"
"2022/07/02 12:55:00","MHK VL","61756","63.5","2.56","0","1"
"2022/07/02 13:00:00","MHK VL","61756","68.74","2.77","0","1"
"2022/07/02 13:05:00","MHK VL","61756","77.1","3.11","0","1"
"2022/07/02 13:10:00","MHK VL","61756","73.95","2.98","0","1"
"2022/07/02 13:15:00","MHK VL","61756","71.3","2.81","0","1"
"2022/07/02 13:20:00","MHK VL","61756","76.95","3.03","0","1"
"2022/07/02 13:25:00","MHK VL","61756","76.7","3.09","0","1"
"2022/07/02 13:30:00","MHK VL","61756","76.78","3.03","0","1"
"2022/07/02 13:35:00","MHK VL","61756","76.62","3.02","0","1"
"2022/07/02 13:40:00","MHK VL","61756","81.41","3.21","0","1"
"2022/07/02 13:45:00","MHK VL","61756","82.71","3.26","0","1"
"2022/07/02 13:50:00","MHK VL","61756","81.41","3.28","0","1"
"2022/07/02 13:55:00","MHK VL","61756","76.86","3.1","0","1"
"2022/07/02 14:00:00","MHK VL","61756","69.08","2.78","0","1"
"2022/07/02 14:05:00","MHK VL","61756","68.07","2.74","0","1"
"2022/07/02 14:10:00","MHK VL","61756","68.57","2.7","0","1"
"2022/07/02 14:15:00","MHK VL","61756","80.26","3.09","0","1"
"2022/07/02 14:20:00","MHK VL","61756","74.99","2.89","0","1"
"2022/07/02 14:25:00","MHK VL","61756","68.41","2.63","0","1"
"2022/07/02 14:30:00","MHK VL","61756","74.68","2.88","0","1"
"2022/07/02 14:35:00","MHK VL","61756","74.75","2.95","0","1"
"2022/07/02 14:40:00","MHK VL","61756","74.76","2.88","0","1"
"2022/07/02 14:45:00","MHK VL","61756","74.84","2.88","0","1"
"2022/07/02 14:50:00","MHK VL","61756","82.17","3.16","0","1"
"2022/07/02 14:55:00","MHK VL","61756","82.27","3.17","0","1"
"2022/07/02 15:00:00","MHK VL","61756","74.54","2.73","0","1"
"2022/07/02 15:05:00","MHK VL","61756","74.53","2.79","0","1"
"2022/07/02 15:10:00","MHK VL","61756","74.54","2.73","0","1"
"2022/07/02 15:15:00","MHK VL","61756","81.86","3","0","1"
"2022/07/02 15:20:00","MHK VL","61756","93.27","3.41","0","1"
"2022/07/02 15:25:00","MHK VL","61756","93.27","3.41","0","1"
"2022/07/02 15:30:00","MHK VL","61756","84.92","3.11","0","1"
"2022/07/02 15:35:00","MHK VL","61756","84","3.07","0","1"
"2022/07/02 15:40:00","MHK VL","61756","83.37","3.13","0","1"
"2022/07/02 15:45:00","MHK VL","61756","73.82","2.77","0","1"
"2022/07/02 15:50:00","MHK VL","61756","88.04","3.39","0","1"
"2022/07/02 15:55:00","MHK VL","61756","81.85","3.15","0","1"
"2022/07/02 16:00:00","MHK VL","61756","82.11","3.16","0","1"
"2022/07/02 16:05:00","MHK VL","61756","93.24","3.67","0","1"
"2022/07/02 16:10:00","MHK VL","61756","82.35","3.32","0","1"
"2022/07/02 16:15:00","MHK VL","61756","82.44","3.32","0","1"
"2022/07/02 16:20:00","MHK VL","61756","69.14","2.72","0","1"
"2022/07/02 16:25:00","MHK VL","61756","74.28","2.93","0","1"
"2022/07/02 16:30:00","MHK VL","61756","74.2","2.92","0","1"
"2022/07/02 16:35:00","MHK VL","61756","74.68","2.94","0","1"
"2022/07/02 16:40:00","MHK VL","61756","81.71","3.15","0","1"
"2022/07/02 16:45:00","MHK VL","61756","92.05","3.63","0","1"
"2022/07/02 16:50:00","MHK VL","61756","97.63","3.93","0","1"
"2022/07/02 16:55:00","MHK VL","61756","133.18","5.37","0","1"
"2022/07/02 17:00:00","MHK VL","61756","-23.04","-0.91","0","1"
"2022/07/02 17:05:00","MHK VL","61756","-24.88","-0.96","0","1"
"2022/07/02 17:10:00","MHK VL","61756","-10.91","-0.44","0","1"
"2022/07/02 17:15:00","MHK VL","61756","7.55","-0.61","-22.72","1"
"2022/07/02 17:20:00","MHK VL","61756","-2.83","-0.65","-13.37","1"
"2022/07/02 17:25:00","MHK VL","61756","9.26","-0.44","-19.83","1"
"2022/07/02 17:30:00","MHK VL","61756","-2.98","-0.31","-4.63","1"
"2022/07/02 17:35:00","MHK VL","61756","24.41","0.84","-3.57","1"
"2022/07/02 17:40:00","MHK VL","61756","44.58","1.27","-13.85","1"
"2022/07/02 17:45:00","MHK VL","61756","14.61","0.59","0","1"
"2022/07/02 17:47:24","MHK VL","61756","12.92","0.52","0","1"
"2022/07/02 17:49:12","MHK VL","61756","15.35","0.65","0","1"
"2022/07/02 17:50:00","MHK VL","61756","15.14","0.64","0","1"
"2022/07/02 17:55:00","MHK VL","61756","15.14","0.64","0","1"
"2022/07/02 17:55:18","MHK VL","61756","15.31","0.63","0","1"
"2022/07/02 17:56:36","MHK VL","61756","15.17","0.63","0","1"
"2022/07/02 18:00:00","MHK VL","61756","15.09","0.64","0","1"
"2022/07/02 18:03:00","MHK VL","61756","15.09","0.64","0","1"
"2022/07/02 18:04:18","MHK VL","61756","15.25","0.66","0","1"
"2022/07/02 18:05:00","MHK VL","61756","15.34","0.66","0","1"
"2022/07/02 18:10:00","MHK VL","61756","15.34","0.66","0","1"
"2022/07/02 18:15:00","MHK VL","61756","17.48","0.75","0","1"
"2022/07/02 18:20:00","MHK VL","61756","68.72","2.37","-13.81","1"
"2022/07/02 18:25:00","MHK VL","61756","31.32","1.33","-0.37","1"
"2022/07/02 18:30:00","MHK VL","61756","31.3","1.34","-0.32","1"
"2022/07/02 18:35:00","MHK VL","61756","30.59","1.29","0","1"
"2022/07/02 18:40:00","MHK VL","61756","30.71","1.32","0","1"
"2022/07/02 18:45:00","MHK VL","61756","34.05","1.47","0","1"
"2022/07/02 18:50:00","MHK VL","61756","33.99","1.47","0","1"
"2022/07/02 18:55:00","MHK VL","61756","34.08","1.47","0","1"
"2022/07/02 19:00:00","MHK VL","61756","30.92","1.33","0","1"
"2022/07/02 19:05:00","MHK VL","61756","30.86","1.33","0","1"
"2022/07/02 19:10:00","MHK VL","61756","30.92","1.39","0","1"
"2022/07/02 19:15:00","MHK VL","61756","30.86","1.41","0","1"
"2022/07/02 19:20:00","MHK VL","61756","30.64","1.4","0","1"
"2022/07/02 19:25:00","MHK VL","61756","30.64","1.4","0","1"
"2022/07/02 19:30:00","MHK VL","61756","30.76","1.41","0","1"
"2022/07/02 19:35:00","MHK VL","61756","13.04","0.6","0","1"
"2022/07/02 19:40:00","MHK VL","61756","27.86","1.28","0","1"
"2022/07/02 19:45:00","MHK VL","61756","33.94","1.52","0","1"
"2022/07/02 19:50:00","MHK VL","61756","22.15","0.99","0","1"
"2022/07/02 19:55:00","MHK VL","61756","31.13","1.4","0","1"
"2022/07/02 20:00:00","MHK VL","61756","36.62","1.64","0","1"
"2022/07/02 20:05:00","MHK VL","61756","36.55","1.58","0","1"
"2022/07/02 20:10:00","MHK VL","61756","60.98","2.74","0","1"
"2022/07/02 20:15:00","MHK VL","61756","19.58","0.84","0","1"
"2022/07/02 20:20:00","MHK VL","61756","10.62","0.46","0","1"
"2022/07/02 20:25:00","MHK VL","61756","10.46","0.45","0","1"
"2022/07/02 20:30:00","MHK VL","61756","10.51","0.45","0","1"
"2022/07/02 20:35:00","MHK VL","61756","34.96","1.51","0","1"
"2022/07/02 20:40:00","MHK VL","61756","56.95","2.45","0","1"
"2022/07/02 20:45:00","MHK VL","61756","34.92","1.51","0","1"
"2022/07/02 20:50:00","MHK VL","61756","10.54","0.44","0","1"
"2022/07/02 20:55:00","MHK VL","61756","10.54","0.44","0","1"
"2022/07/02 21:00:00","MHK VL","61756","16.87","0.71","0","1"
"2022/07/02 21:05:00","MHK VL","61756","36.62","1.58","0","1"
"2022/07/02 21:10:00","MHK VL","61756","35.15","1.54","-0.2","1"
"2022/07/02 21:15:00","MHK VL","61756","22.72","0.94","0","1"
"2022/07/02 21:20:00","MHK VL","61756","76.81","3.23","0","1"
"2022/07/02 21:25:00","MHK VL","61756","64.21","2.65","0","1"
"2022/07/02 21:30:00","MHK VL","61756","63.93","2.63","0","1"
"2022/07/02 21:35:00","MHK VL","61756","65.98","2.72","0","1"
"2022/07/02 21:40:00","MHK VL","61756","66.18","2.73","0","1"
"2022/07/02 21:45:00","MHK VL","61756","69.47","2.86","0","1"
"2022/07/02 21:50:00","MHK VL","61756","72.59","2.99","0","1"
"2022/07/02 21:55:00","MHK VL","61756","70.26","2.89","0","1"
"2022/07/02 22:00:00","MHK VL","61756","70.24","2.89","0","1"
"2022/07/02 22:05:00","MHK VL","61756","70.18","2.83","0","1"
"2022/07/02 22:10:00","MHK VL","61756","70.3","2.9","0","1"
"2022/07/02 22:15:00","MHK VL","61756","73.09","2.95","0","1"
"2022/07/02 22:20:00","MHK VL","61756","72.33","2.85","0","1"
"2022/07/02 22:25:00","MHK VL","61756","70.19","2.83","0","1"
"2022/07/02 22:30:00","MHK VL","61756","71.49","2.75","0","1"
"2022/07/02 22:35:00","MHK VL","61756","69.68","2.68","0","1"
"2022/07/02 22:40:00","MHK VL","61756","69.58","2.61","0","1"
"2022/07/02 22:45:00","MHK VL","61756","80.57","3.02","0","1"
"2022/07/02 22:50:00","MHK VL","61756","73.93","2.85","0","1"
"2022/07/02 22:55:00","MHK VL","61756","79.2","2.9","0","1"
"2022/07/02 23:00:00","MHK VL","61756","93.93","3.44","0","1"
"2022/07/02 23:05:00","MHK VL","61756","55.33","2.03","0","1"
"2022/07/02 23:06:02","MHK VL","61756","65.84","2.41","0","1"
"2022/07/02 23:07:14","MHK VL","61756","67","2.32","0","1"
"2022/07/02 23:10:00","MHK VL","61756","67.14","2.4","0","1"
"2022/07/02 23:15:00","MHK VL","61756","67.14","2.4","0","1"
"2022/07/02 23:20:00","MHK VL","61756","66.06","2.36","0","1"
"2022/07/02 23:25:00","MHK VL","61756","66","2.36","0","1"
"2022/07/02 23:30:00","MHK VL","61756","63.03","2.25","0","1"
"2022/07/02 23:35:00","MHK VL","61756","66.04","2.29","0","1"
"2022/07/02 23:40:00","MHK VL","61756","61.9","2.15","0","1"
"2022/07/02 23:45:00","MHK VL","61756","57.29","1.99","0","1"
"2022/07/02 23:50:00","MHK VL","61756","56.98","1.93","0","1"
"2022/07/02 23:55:00","MHK VL","61756","56.98","1.98","0","1"
"2022/07/03 00:00:00","MHK VL","61756","68.79","2.33","0","1"
"2022/07/03 00:05:00","MHK VL","61756","61.94","2.09","0","1"
"2022/07/03 00:10:00","MHK VL","61756","60.21","2.09","0","1"
"2022/07/03 00:15:00","MHK VL","61756","60.49","2.04","0","1"
"2022/07/03 00:20:00","MHK VL","61756","66.61","2.25","0","1"
"2022/07/03 00:25:00","MHK VL","61756","65.35","2.21","0","1"
"2022/07/03 00:30:00","MHK VL","61756","60.75","2","0","1"
"2022/07/03 00:30:14","MHK VL","61756","60.9","2","0","1"
"2022/07/03 00:31:32","MHK VL","61756","77.84","2.56","0","1"
"2022/07/03 00:35:00","MHK VL","61756","69.43","2.28","0","1"
"2022/07/03 00:40:00","MHK VL","61756","69.43","2.28","0","1"
"2022/07/03 00:45:00","MHK VL","61756","69.43","2.28","0","1"
"2022/07/03 00:50:00","MHK VL","61756","66.26","2.18","0","1"
"2022/07/03 00:55:00","MHK VL","61756","67.58","2.28","0","1"
"2022/07/03 01:00:00","MHK VL","61756","73.49","2.42","0","1"
"2022/07/03 01:05:00","MHK VL","61756","61.99","2.1","0","1"
"2022/07/03 01:10:00","MHK VL","61756","60.69","2","0","1"
"2022/07/03 01:15:00","MHK VL","61756","56.27","1.79","0","1"
"2022/07/03 01:20:00","MHK VL","61756","56.23","1.85","0","1"
"2022/07/03 01:25:00","MHK VL","61756","56.17","1.79","0","1"
"2022/07/03 01:30:00","MHK VL","61756","56.06","1.79","0","1"
"2022/07/03 01:35:00","MHK VL","61756","55.8","1.78","0","1"
"2022/07/03 01:40:00","MHK VL","61756","55.81","1.73","0","1"
"2022/07/03 01:45:00","MHK VL","61756","55.65","1.67","0","1"
"2022/07/03 01:50:00","MHK VL","61756","55.58","1.67","0","1"
"2022/07/03 01:55:00","MHK VL","61756","49.8","1.45","0","1"
"2022/07/03 02:00:00","MHK VL","61756","52.71","1.53","0","1"
"2022/07/03 02:05:00","MHK VL","61756","49.85","1.45","0","1"
"2022/07/03 02:10:00","MHK VL","61756","50.76","1.48","0","1"
"2022/07/03 02:15:00","MHK VL","61756","50.9","1.48","0","1"
"2022/07/03 02:20:00","MHK VL","61756","50.94","1.48","0","1"
"2022/07/03 02:25:00","MHK VL","61756","49.86","1.41","0","1"
"2022/07/03 02:30:00","MHK VL","61756","49.97","1.41","0","1"
"2022/07/03 02:35:00","MHK VL","61756","50.06","1.46","0","1"
"2022/07/03 02:40:00","MHK VL","61756","49.97","1.41","0","1"
"2022/07/03 02:45:00","MHK VL","61756","49.97","1.41","0","1"
"2022/07/03 02:50:00","MHK VL","61756","50.02","1.41","0","1"
"2022/07/03 02:55:00","MHK VL","61756","45.87","1.23","-0.6","1"
"2022/07/03 03:00:00","MHK VL","61756","48.52","1.31","-0.44","1"
"2022/07/03 03:05:00","MHK VL","61756","52.2","1.47","0","1"
"2022/07/03 03:10:00","MHK VL","61756","48.71","1.27","-0.39","1"
"2022/07/03 03:15:00","MHK VL","61756","47.03","1.22","-0.5","1"
"2022/07/03 03:20:00","MHK VL","61756","44.48","1.15","-0.65","1"
"2022/07/03 03:25:00","MHK VL","61756","46.82","1.22","-0.4","1"
"2022/07/03 03:30:00","MHK VL","61756","48.33","1.27","0","1"
"2022/07/03 03:35:00","MHK VL","61756","48.73","1.33","0","1"
"2022/07/03 03:40:00","MHK VL","61756","48.43","1.32","0","1"
"2022/07/03 03:45:00","MHK VL","61756","25.54","0.59","-3.85","1"
"2022/07/03 03:50:00","MHK VL","61756","37.7","1.03","-1.08","1"
"2022/07/03 03:55:00","MHK VL","61756","35.29","0.95","-1.5","1"
"2022/07/03 04:00:00","MHK VL","61756","34.97","0.89","-1.24","1"
"2022/07/03 04:05:00","MHK VL","61756","36.02","0.92","-1.18","1"
"2022/07/03 04:10:00","MHK VL","61756","34.92","0.89","-1.19","1"
"2022/07/03 04:15:00","MHK VL","61756","37.55","0.92","-1.04","1"
"2022/07/03 04:20:00","MHK VL","61756","42.81","1.11","-0.73","1"
"2022/07/03 04:25:00","MHK VL","61756","42.73","1.06","-0.74","1"
"2022/07/03 04:30:00","MHK VL","61756","40.45","1","-0.88","1"
"2022/07/03 04:35:00","MHK VL","61756","35.61","0.85","-1.95","1"
"2022/07/03 04:40:00","MHK VL","61756","40.72","1.04","-1.1","1"
"2022/07/03 04:45:00","MHK VL","61756","42.78","1.11","-0.74","1"
"2022/07/03 04:50:00","MHK VL","61756","40.57","1.04","-0.87","1"
"2022/07/03 04:55:00","MHK VL","61756","40.45","1.04","-0.88","1"
"2022/07/03 05:00:00","MHK VL","61756","42.85","1.07","-0.74","1"
"2022/07/03 05:05:00","MHK VL","61756","43.75","1.09","-0.69","1"
"2022/07/03 05:10:00","MHK VL","61756","14.31","0.27","-3.77","1"
"2022/07/03 05:15:00","MHK VL","61756","35.66","0.85","-1.92","1"
"2022/07/03 05:20:00","MHK VL","61756","35.69","0.85","-1.91","1"
"2022/07/03 05:25:00","MHK VL","61756","42.89","1.03","-0.72","1"
"2022/07/03 05:30:00","MHK VL","61756","41.64","1.03","-0.8","1"
"2022/07/03 05:35:00","MHK VL","61756","39.34","0.94","-0.93","1"
"2022/07/03 05:40:00","MHK VL","61756","40.24","0.97","-0.43","1"
"2022/07/03 05:45:00","MHK VL","61756","34.92","0.82","-1.18","1"
"2022/07/03 05:50:00","MHK VL","61756","30.69","0.71","-1.42","1"
"2022/07/03 05:55:00","MHK VL","61756","32.11","0.78","-1.34","1"
"2022/07/03 06:00:00","MHK VL","61756","37.81","0.93","-1.02","1"
"2022/07/03 06:05:00","MHK VL","61756","39.55","0.98","-0.92","1"
"2022/07/03 06:10:00","MHK VL","61756","44.88","1.12","-0.43","1"
"2022/07/03 06:15:00","MHK VL","61756","47.13","1.19","-0.04","1"
"2022/07/03 06:20:00","MHK VL","61756","40.97","1.01","-0.88","1"
"2022/07/03 06:25:00","MHK VL","61756","39.64","0.98","-0.97","1"
"2022/07/03 06:30:00","MHK VL","61756","39.53","0.98","-0.98","1"
"2022/07/03 06:35:00","MHK VL","61756","47.06","1.19","-0.04","1"
"2022/07/03 06:40:00","MHK VL","61756","47.34","1.2","0","1"
"2022/07/03 06:45:00","MHK VL","61756","47.43","1.2","0","1"
"2022/07/03 06:50:00","MHK VL","61756","47.46","1.2","0","1"
"2022/07/03 06:55:00","MHK VL","61756","47.41","1.2","0","1"
"2022/07/03 07:00:00","MHK VL","61756","42.86","1.08","0","1"
"2022/07/03 07:05:00","MHK VL","61756","47.36","1.2","0","1"
"2022/07/03 07:10:00","MHK VL","61756","44.34","1.21","0","1"
"2022/07/03 07:15:00","MHK VL","61756","44.56","1.26","0","1"
"2022/07/03 07:20:00","MHK VL","61756","44.64","1.26","0","1"
"2022/07/03 07:25:00","MHK VL","61756","44.45","1.25","0","1"
"2022/07/03 07:30:00","MHK VL","61756","47.88","1.39","0","1"
"2022/07/03 07:35:00","MHK VL","61756","48.56","1.41","0","1"
"2022/07/03 07:40:00","MHK VL","61756","48.65","1.42","0","1"
"2022/07/03 07:45:00","MHK VL","61756","44.57","1.34","0","1"
"2022/07/03 07:50:00","MHK VL","61756","47.08","1.42","0","1"
"2022/07/03 07:55:00","MHK VL","61756","44.6","1.3","0","1"
"2022/07/03 08:00:00","MHK VL","61756","42.82","1.25","0","1"
"2022/07/03 08:05:00","MHK VL","61756","44.12","1.28","0","1"
"2022/07/03 08:10:00","MHK VL","61756","44","1.24","0","1"
"2022/07/03 08:15:00","MHK VL","61756","42.55","1.24","0","1"
"2022/07/03 08:20:00","MHK VL","61756","44.12","1.24","0","1"
"2022/07/03 08:25:00","MHK VL","61756","44.36","1.25","0","1"
"2022/07/03 08:30:00","MHK VL","61756","44.6","1.3","0","1"
"2022/07/03 08:35:00","MHK VL","61756","44.61","1.34","0","1"
"2022/07/03 08:40:00","MHK VL","61756","44.61","1.34","0","1"
"2022/07/03 08:45:00","MHK VL","61756","44.53","1.34","0","1"
"2022/07/03 08:50:00","MHK VL","61756","48.3","1.45","0","1"
"2022/07/03 08:55:00","MHK VL","61756","48.26","1.45","0","1"
"2022/07/03 09:00:00","MHK VL","61756","46.87","1.41","0","1"
"2022/07/03 09:05:00","MHK VL","61756","46.77","1.41","0","1"
"2022/07/03 09:10:00","MHK VL","61756","46.4","1.4","0","1"
"2022/07/03 09:15:00","MHK VL","61756","44.16","1.29","0","1"
"2022/07/03 09:20:00","MHK VL","61756","42.15","1.23","0","1"
"2022/07/03 09:25:00","MHK VL","61756","42.37","1.23","0","1"
"2022/07/03 09:30:00","MHK VL","61756","40.97","1.19","0","1"
"2022/07/03 09:35:00","MHK VL","61756","42.55","1.24","0","1"
"2022/07/03 09:40:00","MHK VL","61756","42.22","1.23","0","1"
"2022/07/03 09:45:00","MHK VL","61756","45.72","1.33","0","1"
"2022/07/03 09:50:00","MHK VL","61756","46.36","1.4","0","1"
"2022/07/03 09:55:00","MHK VL","61756","47.27","1.38","0","1"
"2022/07/03 10:00:00","MHK VL","61756","44.32","1.29","0","1"
"2022/07/03 10:05:00","MHK VL","61756","44.69","1.3","0","1"
"2022/07/03 10:10:00","MHK VL","61756","44.96","1.31","0","1"
"2022/07/03 10:15:00","MHK VL","61756","46.23","1.35","0","1"
"2022/07/03 10:20:00","MHK VL","61756","46.97","1.41","0","1"
"2022/07/03 10:25:00","MHK VL","61756","46.35","1.35","0","1"
"2022/07/03 10:30:00","MHK VL","61756","46.28","1.39","0","1"
"2022/07/03 10:35:00","MHK VL","61756","45.67","1.37","0","1"
"2022/07/03 10:40:00","MHK VL","61756","45.62","1.33","0","1"
"2022/07/03 10:45:00","MHK VL","61756","45.62","1.37","0","1"
"2022/07/03 10:50:00","MHK VL","61756","45.54","1.33","0","1"
"2022/07/03 10:55:00","MHK VL","61756","45.54","1.33","0","1"
"2022/07/03 11:00:00","MHK VL","61756","44.69","1.35","0","1"
"2022/07/03 11:05:00","MHK VL","61756","44.49","1.38","0","1"
"2022/07/03 11:10:00","MHK VL","61756","43.96","1.36","0","1"
"2022/07/03 11:15:00","MHK VL","61756","44.05","1.33","0","1"
"2022/07/03 11:20:00","MHK VL","61756","44.13","1.33","0","1"
"2022/07/03 11:25:00","MHK VL","61756","44.01","1.32","0","1"
"2022/07/03 11:30:00","MHK VL","61756","44.84","1.39","0","1"
"2022/07/03 11:35:00","MHK VL","61756","44.8","1.39","0","1"
"2022/07/03 11:40:00","MHK VL","61756","44.32","1.37","0","1"
"2022/07/03 11:45:00","MHK VL","61756","44.29","1.37","0","1"
"2022/07/03 11:50:00","MHK VL","61756","45.38","1.41","0","1"
"2022/07/03 11:55:00","MHK VL","61756","45.42","1.45","0","1"
"2022/07/03 12:00:00","MHK VL","61756","48.99","1.52","0","1"
"2022/07/03 12:05:00","MHK VL","61756","47.74","1.48","0","1"
"2022/07/03 12:10:00","MHK VL","61756","49.14","1.52","0","1"
"2022/07/03 12:15:00","MHK VL","61756","51.88","1.61","0","1"
"2022/07/03 12:20:00","MHK VL","61756","49.51","1.53","0","1"
"2022/07/03 12:25:00","MHK VL","61756","49.41","1.49","0","1"
"2022/07/03 12:30:00","MHK VL","61756","49.51","1.49","0","1"
"2022/07/03 12:35:00","MHK VL","61756","54.96","1.65","0","1"
"2022/07/03 12:40:00","MHK VL","61756","54.98","1.65","0","1"
"2022/07/03 12:45:00","MHK VL","61756","54.96","1.65","0","1"
"2022/07/03 12:50:00","MHK VL","61756","55.21","1.66","0","1"
"2022/07/03 12:55:00","MHK VL","61756","55.1","1.66","0","1"
"2022/07/03 13:00:00","MHK VL","61756","54.7","1.65","0","1"
"2022/07/03 13:05:00","MHK VL","61756","48.62","1.46","0","1"
"2022/07/03 13:10:00","MHK VL","61756","46.97","1.46","0","1"
"2022/07/03 13:15:00","MHK VL","61756","45.76","1.38","0","1"
"2022/07/03 13:20:00","MHK VL","61756","45.01","1.4","0","1"
"2022/07/03 13:25:00","MHK VL","61756","43.55","1.35","0","1"
"2022/07/03 13:30:00","MHK VL","61756","45.55","1.41","0","1"
"2022/07/03 13:35:00","MHK VL","61756","46.22","1.43","0","1"
"2022/07/03 13:40:00","MHK VL","61756","45.55","1.41","0","1"
"2022/07/03 13:45:00","MHK VL","61756","43.36","1.34","0","1"
"2022/07/03 13:50:00","MHK VL","61756","46.19","1.43","0","1"
"2022/07/03 13:55:00","MHK VL","61756","43.55","1.35","0","1"
"2022/07/03 14:00:00","MHK VL","61756","42.86","1.33","0","1"
"2022/07/03 14:05:00","MHK VL","61756","43.51","1.35","0","1"
"2022/07/03 14:10:00","MHK VL","61756","48.83","1.56","0","1"
"2022/07/03 14:15:00","MHK VL","61756","48.88","1.56","0","1"
"2022/07/03 14:20:00","MHK VL","61756","48.88","1.52","0","1"
"2022/07/03 14:25:00","MHK VL","61756","48.73","1.51","0","1"
"2022/07/03 14:30:00","MHK VL","61756","48.78","1.51","0","1"
"2022/07/03 14:35:00","MHK VL","61756","48.73","1.51","0","1"
"2022/07/03 14:40:00","MHK VL","61756","48.47","1.5","0","1"
"2022/07/03 14:45:00","MHK VL","61756","43.82","1.36","0","1"
"2022/07/03 14:50:00","MHK VL","61756","46.85","1.45","0","1"
"2022/07/03 14:55:00","MHK VL","61756","48.52","1.5","0","1"
"2022/07/03 15:00:00","MHK VL","61756","42.51","1.32","0","1"
"2022/07/03 15:05:00","MHK VL","61756","41.71","1.29","0","1"
"2022/07/03 15:10:00","MHK VL","61756","40.51","1.26","0","1"
"2022/07/03 15:15:00","MHK VL","61756","40.43","1.25","0","1"
"2022/07/03 15:20:00","MHK VL","61756","40.64","1.26","0","1"
"2022/07/03 15:25:00","MHK VL","61756","41.79","1.33","0","1"
"2022/07/03 15:30:00","MHK VL","61756","40.72","1.3","0","1"
"2022/07/03 15:35:00","MHK VL","61756","40.68","1.3","0","1"
"2022/07/03 15:40:00","MHK VL","61756","40.76","1.3","0","1"
"2022/07/03 15:45:00","MHK VL","61756","40.72","1.26","0","1"
"2022/07/03 15:50:00","MHK VL","61756","41.88","1.3","0","1"
"2022/07/03 15:55:00","MHK VL","61756","41.88","1.3","0","1"
"2022/07/03 16:00:00","MHK VL","61756","44.73","1.43","0","1"
"2022/07/03 16:05:00","MHK VL","61756","51.27","1.64","0","1"
"2022/07/03 16:10:00","MHK VL","61756","46.9","1.5","0","1"
"2022/07/03 16:15:00","MHK VL","61756","45.49","1.45","0","1"
"2022/07/03 16:20:00","MHK VL","61756","46.89","1.54","0","1"
"2022/07/03 16:25:00","MHK VL","61756","46.82","1.49","0","1"
"2022/07/03 16:30:00","MHK VL","61756","51.54","1.7","0","1"
"2022/07/03 16:35:00","MHK VL","61756","51.76","1.7","0","1"
"2022/07/03 16:40:00","MHK VL","61756","51.54","1.7","0","1"
"2022/07/03 16:45:00","MHK VL","61756","51.65","1.7","0","1"
"2022/07/03 16:50:00","MHK VL","61756","51.65","1.7","0","1"
"2022/07/03 16:55:00","MHK VL","61756","51.64","1.75","0","1"
"2022/07/03 17:00:00","MHK VL","61756","51.53","1.74","0","1"
"2022/07/03 17:05:00","MHK VL","61756","47.79","1.62","0","1"
"2022/07/03 17:10:00","MHK VL","61756","47.24","1.64","0","1"
"2022/07/03 17:15:00","MHK VL","61756","47.04","1.63","0","1"
"2022/07/03 17:20:00","MHK VL","61756","52.81","1.83","0","1"
"2022/07/03 17:25:00","MHK VL","61756","47.48","1.7","0","1"
"2022/07/03 17:30:00","MHK VL","61756","51.91","1.85","0","1"
"2022/07/03 17:35:00","MHK VL","61756","51.9","1.8","0","1"
"2022/07/03 17:40:00","MHK VL","61756","51.85","1.8","0","1"
"2022/07/03 17:45:00","MHK VL","61756","52.07","1.86","0","1"
"2022/07/03 17:50:00","MHK VL","61756","51.96","1.85","0","1"
"2022/07/03 17:55:00","MHK VL","61756","52.01","1.86","0","1"
"2022/07/03 18:00:00","MHK VL","61756","52.12","1.86","0","1"
"2022/07/03 18:05:00","MHK VL","61756","51.96","1.85","0","1"
"2022/07/03 18:10:00","MHK VL","61756","54.62","2","0","1"
"2022/07/03 18:15:00","MHK VL","61756","59.59","2.18","0","1"
"2022/07/03 18:20:00","MHK VL","61756","59.65","2.18","0","1"
"2022/07/03 18:25:00","MHK VL","61756","62.04","2.33","0","1"
"2022/07/03 18:30:00","MHK VL","61756","64.01","2.4","0","1"
"2022/07/03 18:35:00","MHK VL","61756","63","2.36","0","1"
"2022/07/03 18:40:00","MHK VL","61756","62.99","2.31","0","1"
"2022/07/03 18:45:00","MHK VL","61756","64.37","2.36","0","1"
"2022/07/03 18:50:00","MHK VL","61756","65.84","2.41","0","1"
"2022/07/03 18:55:00","MHK VL","61756","66.12","2.42","0","1"
"2022/07/03 19:00:00","MHK VL","61756","65.31","2.33","0","1"
"2022/07/03 19:05:00","MHK VL","61756","63.65","2.33","0","1"
"2022/07/03 19:10:00","MHK VL","61756","61.86","2.32","0","1"
"2022/07/03 19:15:00","MHK VL","61756","61.86","2.32","0","1"
"2022/07/03 19:20:00","MHK VL","61756","60.19","2.26","0","1"
"2022/07/03 19:25:00","MHK VL","61756","60.28","2.26","0","1"
"2022/07/03 19:30:00","MHK VL","61756","60.28","2.26","0","1"
"2022/07/03 19:35:00","MHK VL","61756","54.77","2.05","0","1"
"2022/07/03 19:40:00","MHK VL","61756","53.96","2.02","0","1"
"2022/07/03 19:45:00","MHK VL","61756","53.86","2.02","0","1"
"2022/07/03 19:50:00","MHK VL","61756","51.57","1.99","0","1"
"2022/07/03 19:55:00","MHK VL","61756","60.41","2.27","0","1"
"2022/07/03 20:00:00","MHK VL","61756","66.71","2.5","0","1"
"2022/07/03 20:05:00","MHK VL","61756","59.9","2.19","0","1"
"2022/07/03 20:10:00","MHK VL","61756","57.83","2.23","0","1"
"2022/07/03 20:15:00","MHK VL","61756","49.98","1.87","0","1"
"2022/07/03 20:20:00","MHK VL","61756","55.47","2.08","0","1"
"2022/07/03 20:25:00","MHK VL","61756","55.45","2.08","0","1"
"2022/07/03 20:30:00","MHK VL","61756","49.95","1.87","0","1"
"2022/07/03 20:35:00","MHK VL","61756","48.96","1.84","0","1"
"2022/07/03 20:40:00","MHK VL","61756","48.91","1.79","0","1"
"2022/07/03 20:45:00","MHK VL","61756","45.61","1.67","0","1"
"2022/07/03 20:50:00","MHK VL","61756","45.46","1.66","0","1"
"2022/07/03 20:55:00","MHK VL","61756","43.25","1.58","0","1"
"2022/07/03 21:00:00","MHK VL","61756","48.5","1.78","0","1"
"2022/07/03 21:05:00","MHK VL","61756","48.45","1.77","0","1"
"2022/07/03 21:10:00","MHK VL","61756","46.26","1.73","0","1"
"2022/07/03 21:15:00","MHK VL","61756","45.61","1.71","0","1"
"2022/07/03 21:20:00","MHK VL","61756","43.03","1.57","0","1"
"2022/07/03 21:25:00","MHK VL","61756","42.16","1.54","0","1"
"2022/07/03 21:30:00","MHK VL","61756","42.08","1.5","0","1"
"2022/07/03 21:35:00","MHK VL","61756","42.08","1.5","0","1"
"2022/07/03 21:40:00","MHK VL","61756","40.73","1.41","0","1"
"2022/07/03 21:45:00","MHK VL","61756","40.7","1.41","0","1"
"2022/07/03 21:50:00","MHK VL","61756","42.12","1.5","0","1"
"2022/07/03 21:55:00","MHK VL","61756","42.08","1.46","0","1"
"2022/07/03 22:00:00","MHK VL","61756","54.09","1.93","0","1"
"2022/07/03 22:05:00","MHK VL","61756","53.91","1.92","0","1"
"2022/07/03 22:10:00","MHK VL","61756","50.68","1.76","0","1"
"2022/07/03 22:15:00","MHK VL","61756","50.68","1.76","0","1"
"2022/07/03 22:20:00","MHK VL","61756","49.86","1.69","0","1"
"2022/07/03 22:25:00","MHK VL","61756","45.99","1.55","0","1"
"2022/07/03 22:30:00","MHK VL","61756","44.86","1.52","0","1"
"2022/07/03 22:35:00","MHK VL","61756","44.28","1.5","0","1"
"2022/07/03 22:40:00","MHK VL","61756","44.24","1.5","0","1"
"2022/07/03 22:45:00","MHK VL","61756","43.31","1.46","0","1"
"2022/07/03 22:50:00","MHK VL","61756","43.66","1.48","0","1"
"2022/07/03 22:55:00","MHK VL","61756","44.51","1.5","0","1"
"2022/07/03 23:00:00","MHK VL","61756","44.23","1.46","0","1"
"2022/07/03 23:05:00","MHK VL","61756","44","1.4","0","1"
"2022/07/03 23:10:00","MHK VL","61756","43.81","1.4","0","1"
"2022/07/03 23:13:56","MHK VL","61756","44.51","1.42","0","1"
"2022/07/03 23:15:00","MHK VL","61756","44.17","1.41","0","1"
"2022/07/03 23:15:08","MHK VL","61756","44.17","1.41","0","1"
"2022/07/03 23:20:00","MHK VL","61756","43.53","1.39","0","1"
"2022/07/03 23:25:00","MHK VL","61756","43.53","1.39","0","1"
"2022/07/03 23:30:00","MHK VL","61756","42.88","1.33","0","1"
"2022/07/03 23:35:00","MHK VL","61756","41.15","1.28","0","1"
"2022/07/03 23:40:00","MHK VL","61756","42.04","1.27","0","1"
"2022/07/03 23:45:00","MHK VL","61756","41.06","1.24","0","1"
"2022/07/03 23:47:20","MHK VL","61756","42.13","1.27","0","1"
"2022/07/03 23:48:44","MHK VL","61756","40.41","1.22","0","1"
"2022/07/03 23:50:00","MHK VL","61756","37.09","1.12","0","1"
"2022/07/03 23:55:00","MHK VL","61756","37.09","1.12","0","1"
"2022/07/04 00:00:00","MHK VL","61756","45.54","1.41","0","1"
"2022/07/04 00:05:00","MHK VL","61756","39.14","1.18","0","1"
"2022/07/04 00:10:00","MHK VL","61756","40.7","1.15","0","1"
"2022/07/04 00:15:00","MHK VL","61756","41.13","1.12","0","1"
"2022/07/04 00:20:00","MHK VL","61756","40.22","1.09","0","1"
"2022/07/04 00:25:00","MHK VL","61756","40.85","1.15","0","1"
"2022/07/04 00:30:00","MHK VL","61756","44.09","1.2","0","1"
"2022/07/04 00:35:00","MHK VL","61756","43.92","1.19","0","1"
"2022/07/04 00:40:00","MHK VL","61756","43.92","1.16","0","1"
"2022/07/04 00:45:00","MHK VL","61756","43.98","1.16","0","1"
"2022/07/04 00:50:00","MHK VL","61756","40.66","1.07","0","1"
"2022/07/04 00:55:00","MHK VL","61756","42.74","1.08","0","1"
"2022/07/04 01:00:00","MHK VL","61756","45.11","1.14","0","1"
"2022/07/04 01:05:00","MHK VL","61756","41.38","1.05","0","1"
"2022/07/04 01:10:00","MHK VL","61756","41.12","1.04","0","1"
"2022/07/04 01:15:00","MHK VL","61756","41.75","1.06","0","1"
"2022/07/04 01:20:00","MHK VL","61756","41.57","1.05","0","1"
"2022/07/04 01:25:00","MHK VL","61756","41.32","1.05","0","1"
"2022/07/04 01:30:00","MHK VL","61756","41.53","1.05","0","1"
"2022/07/04 01:35:00","MHK VL","61756","41.97","1.06","0","1"
"2022/07/04 01:40:00","MHK VL","61756","41.24","1.04","0","1"
"2022/07/04 01:45:00","MHK VL","61756","39.13","0.95","0","1"
"2022/07/04 01:50:00","MHK VL","61756","39.19","0.96","0","1"
"2022/07/04 01:55:00","MHK VL","61756","39.02","0.95","0","1"
"2022/07/04 02:00:00","MHK VL","61756","41.61","1.02","0","1"
"2022/07/04 02:05:00","MHK VL","61756","45.82","1.07","0","1"
"2022/07/04 02:10:00","MHK VL","61756","42.12","0.99","0","1"
"2022/07/04 02:15:00","MHK VL","61756","45.9","1.07","0","1"
"2022/07/04 02:20:00","MHK VL","61756","41.51","0.97","0","1"
"2022/07/04 02:25:00","MHK VL","61756","41.88","1.02","0","1"
"2022/07/04 02:30:00","MHK VL","61756","41.91","1.02","0","1"
"2022/07/04 02:35:00","MHK VL","61756","41.95","1.02","0","1"
"2022/07/04 02:40:00","MHK VL","61756","41.29","1.01","0","1"
"2022/07/04 02:45:00","MHK VL","61756","41.25","1.01","0","1"
"2022/07/04 02:50:00","MHK VL","61756","41.17","1","0","1"
"2022/07/04 02:55:00","MHK VL","61756","39.06","0.95","0","1"
"2022/07/04 03:00:00","MHK VL","61756","45.28","1.1","0","1"
"2022/07/04 03:05:00","MHK VL","61756","39.51","0.96","0","1"
"2022/07/04 03:10:00","MHK VL","61756","40.68","0.95","0","1"
"2022/07/04 03:15:00","MHK VL","61756","39.02","0.88","0","1"
"2022/07/04 03:20:00","MHK VL","61756","38.98","0.88","0","1"
"2022/07/04 03:25:00","MHK VL","61756","38.94","0.88","0","1"
"2022/07/04 03:30:00","MHK VL","61756","38.98","0.88","0","1"
"2022/07/04 03:35:00","MHK VL","61756","38.94","0.88","0","1"
"2022/07/04 03:40:00","MHK VL","61756","38.94","0.88","0","1"
"2022/07/04 03:45:00","MHK VL","61756","38.87","0.87","0","1"
"2022/07/04 03:50:00","MHK VL","61756","37.48","0.84","0","1"
"2022/07/04 03:55:00","MHK VL","61756","37.48","0.84","0","1"
"2022/07/04 04:00:00","MHK VL","61756","37.47","0.88","0","1"
"2022/07/04 04:05:00","MHK VL","61756","37.41","0.84","0","1"
"2022/07/04 04:10:00","MHK VL","61756","37.54","0.88","0","1"
"2022/07/04 04:15:00","MHK VL","61756","37.61","0.88","0","1"
"2022/07/04 04:20:00","MHK VL","61756","38.69","0.94","0","1"
"2022/07/04 04:25:00","MHK VL","61756","37.63","0.92","0","1"
"2022/07/04 04:30:00","MHK VL","61756","37.62","0.95","0","1"
"2022/07/04 04:35:00","MHK VL","61756","37.58","0.95","0","1"
"2022/07/04 04:40:00","MHK VL","61756","37.58","0.95","0","1"
"2022/07/04 04:45:00","MHK VL","61756","37.58","0.95","0","1"
"2022/07/04 04:50:00","MHK VL","61756","37.62","0.95","0","1"
"2022/07/04 04:55:00","MHK VL","61756","37.62","0.95","0","1"
"2022/07/04 05:00:00","MHK VL","61756","36.91","0.93","0","1"
"2022/07/04 05:05:00","MHK VL","61756","36.84","0.93","0","1"
"2022/07/04 05:10:00","MHK VL","61756","36.21","0.92","0","1"
"2022/07/04 05:15:00","MHK VL","61756","28.76","0.7","0","1"
"2022/07/04 05:20:00","MHK VL","61756","26.66","0.65","-0.95","1"
"2022/07/04 05:25:00","MHK VL","61756","31.79","0.78","0","1"
"2022/07/04 05:30:00","MHK VL","61756","33.76","0.82","0","1"
"2022/07/04 05:35:00","MHK VL","61756","36.81","0.9","0","1"
"2022/07/04 05:40:00","MHK VL","61756","36.77","0.9","0","1"
"2022/07/04 05:45:00","MHK VL","61756","36.8","0.9","0","1"
"2022/07/04 05:50:00","MHK VL","61756","37.34","0.91","0","1"
"2022/07/04 05:55:00","MHK VL","61756","36.77","0.9","0","1"
"2022/07/04 06:00:00","MHK VL","61756","36.77","0.9","0","1"
"2022/07/04 06:05:00","MHK VL","61756","36.74","0.9","0","1"
"2022/07/04 06:10:00","MHK VL","61756","35.83","0.87","0","1"
"2022/07/04 06:15:00","MHK VL","61756","37.07","0.9","0","1"
"2022/07/04 06:20:00","MHK VL","61756","38.5","0.94","0","1"
"2022/07/04 06:25:00","MHK VL","61756","36.79","0.9","0","1"
"2022/07/04 06:30:00","MHK VL","61756","36.35","0.89","0","1"
"2022/07/04 06:35:00","MHK VL","61756","35.93","0.91","0","1"
"2022/07/04 06:40:00","MHK VL","61756","36.84","0.93","0","1"
"2022/07/04 06:45:00","MHK VL","61756","36.84","0.93","0","1"
"2022/07/04 06:50:00","MHK VL","61756","34.15","0.96","0","1"
"2022/07/04 06:55:00","MHK VL","61756","35.97","0.98","0","1"
"2022/07/04 07:00:00","MHK VL","61756","35.49","0.87","0","1"
"2022/07/04 07:05:00","MHK VL","61756","45.06","1.14","0","1"
"2022/07/04 07:10:00","MHK VL","61756","37.56","1.06","0","1"
"2022/07/04 07:15:00","MHK VL","61756","36.95","1.04","0","1"
"2022/07/04 07:20:00","MHK VL","61756","36.57","1.03","0","1"
"2022/07/04 07:25:00","MHK VL","61756","36.96","1.01","0","1"
"2022/07/04 07:30:00","MHK VL","61756","36.63","1","0","1"
"2022/07/04 07:35:00","MHK VL","61756","36.7","1.04","0","1"
"2022/07/04 07:40:00","MHK VL","61756","36.67","1.03","0","1"
"2022/07/04 07:45:00","MHK VL","61756","35.87","1.04","0","1"
"2022/07/04 07:50:00","MHK VL","61756","35.9","1.04","0","1"
"2022/07/04 07:55:00","MHK VL","61756","37.02","1.08","0","1"
"2022/07/04 08:00:00","MHK VL","61756","20.94","0.61","0","1"
"2022/07/04 08:05:00","MHK VL","61756","31.91","0.96","0","1"
"2022/07/04 08:10:00","MHK VL","61756","31.79","0.86","0","1"
"2022/07/04 08:15:00","MHK VL","61756","31.73","0.86","0","1"
"2022/07/04 08:20:00","MHK VL","61756","31.7","0.86","0","1"
"2022/07/04 08:25:00","MHK VL","61756","31.75","0.86","0","1"
"2022/07/04 08:30:00","MHK VL","61756","31.79","0.86","0","1"
"2022/07/04 08:35:00","MHK VL","61756","31.82","0.9","0","1"
"2022/07/04 08:40:00","MHK VL","61756","31.79","0.9","0","1"
"2022/07/04 08:45:00","MHK VL","61756","31.82","0.9","0","1"
"2022/07/04 08:50:00","MHK VL","61756","31.73","0.86","0","1"
"2022/07/04 08:55:00","MHK VL","61756","31.79","0.9","0","1"
"2022/07/04 09:00:00","MHK VL","61756","31.37","0.85","0","1"
"2022/07/04 09:05:00","MHK VL","61756","32.65","0.95","0","1"
"2022/07/04 09:10:00","MHK VL","61756","33.12","0.96","0","1"
"2022/07/04 09:15:00","MHK VL","61756","33.75","1.02","0","1"
"2022/07/04 09:20:00","MHK VL","61756","33.75","1.02","0","1"
"2022/07/04 09:25:00","MHK VL","61756","35.55","1.07","0","1"
"2022/07/04 09:30:00","MHK VL","61756","35.01","1.05","0","1"
"2022/07/04 09:35:00","MHK VL","61756","35.44","1.07","0","1"
"2022/07/04 09:40:00","MHK VL","61756","35.34","1.06","0","1"
"2022/07/04 09:45:00","MHK VL","61756","35.41","1.07","0","1"
"2022/07/04 09:50:00","MHK VL","61756","35.33","1.1","0","1"
"2022/07/04 09:55:00","MHK VL","61756","37.38","1.16","0","1"
"2022/07/04 10:00:00","MHK VL","61756","36.09","1.15","0","1"
"2022/07/04 10:05:00","MHK VL","61756","36.24","1.16","0","1"
"2022/07/04 10:10:00","MHK VL","61756","36.24","1.09","0","1"
"2022/07/04 10:15:00","MHK VL","61756","37.04","1.15","0","1"
"2022/07/04 10:20:00","MHK VL","61756","36.97","1.15","0","1"
"2022/07/04 10:25:00","MHK VL","61756","36.78","1.14","0","1"
"2022/07/04 10:30:00","MHK VL","61756","36.82","1.14","0","1"
"2022/07/04 10:35:00","MHK VL","61756","36.82","1.11","0","1"
"2022/07/04 10:40:00","MHK VL","61756","37.97","1.18","0","1"
"2022/07/04 10:45:00","MHK VL","61756","38.01","1.18","0","1"
"2022/07/04 10:50:00","MHK VL","61756","38.21","1.18","0","1"
"2022/07/04 10:55:00","MHK VL","61756","38.18","1.22","0","1"
"2022/07/04 11:00:00","MHK VL","61756","37.11","1.18","0","1"
"2022/07/04 11:05:00","MHK VL","61756","36.24","1.16","0","1"
"2022/07/04 11:10:00","MHK VL","61756","36.28","1.12","0","1"
"2022/07/04 11:15:00","MHK VL","61756","36.24","1.12","0","1"
"2022/07/04 11:20:00","MHK VL","61756","36.24","1.12","0","1"
"2022/07/04 11:25:00","MHK VL","61756","36.15","1.12","0","1"
"2022/07/04 11:30:00","MHK VL","61756","36.17","1.12","0","1"
"2022/07/04 11:35:00","MHK VL","61756","36.2","1.12","0","1"
"2022/07/04 11:40:00","MHK VL","61756","36.14","1.12","0","1"
"2022/07/04 11:45:00","MHK VL","61756","36.14","1.12","0","1"
"2022/07/04 11:50:00","MHK VL","61756","36.14","1.09","0","1"
"2022/07/04 11:55:00","MHK VL","61756","36.24","1.09","0","1"
"2022/07/04 12:00:00","MHK VL","61756","36.26","1.12","0","1"
"2022/07/04 12:05:00","MHK VL","61756","36.23","1.09","0","1"
"2022/07/04 12:10:00","MHK VL","61756","36.28","1.12","0","1"
"2022/07/04 12:15:00","MHK VL","61756","36.93","1.22","0","1"
"2022/07/04 12:20:00","MHK VL","61756","36.38","1.16","0","1"
"2022/07/04 12:25:00","MHK VL","61756","36.28","1.12","0","1"
"2022/07/04 12:30:00","MHK VL","61756","36.82","1.14","0","1"
"2022/07/04 12:35:00","MHK VL","61756","36.93","1.14","0","1"
"2022/07/04 12:40:00","MHK VL","61756","38.03","1.18","0","1"
"2022/07/04 12:45:00","MHK VL","61756","38.27","1.19","0","1"
"2022/07/04 12:50:00","MHK VL","61756","38.52","1.19","0","1"
"2022/07/04 12:55:00","MHK VL","61756","38.48","1.19","0","1"
"2022/07/04 13:00:00","MHK VL","61756","38.46","1.16","0","1"
"2022/07/04 13:05:00","MHK VL","61756","40.39","1.22","0","1"
"2022/07/04 13:10:00","MHK VL","61756","40.65","1.18","0","1"
"2022/07/04 13:15:00","MHK VL","61756","41.29","1.2","0","1"
"2022/07/04 13:20:00","MHK VL","61756","41.31","1.2","0","1"
"2022/07/04 13:25:00","MHK VL","61756","41.08","1.24","0","1"
"2022/07/04 13:30:00","MHK VL","61756","41.23","1.2","0","1"
"2022/07/04 13:35:00","MHK VL","61756","41.3","1.24","0","1"
"2022/07/04 13:40:00","MHK VL","61756","41.35","1.24","0","1"
"2022/07/04 13:45:00","MHK VL","61756","41.43","1.25","0","1"
"2022/07/04 13:50:00","MHK VL","61756","42.04","1.27","0","1"
"2022/07/04 13:55:00","MHK VL","61756","43.4","1.35","0","1"
"2022/07/04 14:00:00","MHK VL","61756","40.49","1.22","0","1"
"2022/07/04 14:05:00","MHK VL","61756","38.38","1.16","0","1"
"2022/07/04 14:10:00","MHK VL","61756","38.77","1.17","0","1"
"2022/07/04 14:15:00","MHK VL","61756","39.17","1.18","0","1"
"2022/07/04 14:20:00","MHK VL","61756","39.21","1.18","0","1"
"2022/07/04 14:25:00","MHK VL","61756","39.39","1.19","0","1"
"2022/07/04 14:30:00","MHK VL","61756","40.15","1.21","0","1"
"2022/07/04 14:35:00","MHK VL","61756","40.95","1.19","0","1"
"2022/07/04 14:40:00","MHK VL","61756","41.16","1.28","0","1"
"2022/07/04 14:45:00","MHK VL","61756","41.09","1.24","0","1"
"2022/07/04 14:50:00","MHK VL","61756","40.89","1.23","0","1"
"2022/07/04 14:55:00","MHK VL","61756","40.45","1.22","0","1"
"2022/07/04 15:00:00","MHK VL","61756","39.58","1.19","0","1"
"2022/07/04 15:05:00","MHK VL","61756","43.05","1.33","0","1"
"2022/07/04 15:10:00","MHK VL","61756","43.02","1.33","0","1"
"2022/07/04 15:15:00","MHK VL","61756","43.55","1.31","0","1"
"2022/07/04 15:20:00","MHK VL","61756","43.51","1.31","0","1"
"2022/07/04 15:25:00","MHK VL","61756","43.59","1.35","0","1"
"2022/07/04 15:30:00","MHK VL","61756","44.7","1.39","0","1"
"2022/07/04 15:35:00","MHK VL","61756","44.99","1.39","0","1"
"2022/07/04 15:40:00","MHK VL","61756","44.99","1.39","0","1"
"2022/07/04 15:45:00","MHK VL","61756","45.63","1.41","0","1"
"2022/07/04 15:50:00","MHK VL","61756","45.71","1.42","0","1"
"2022/07/04 15:55:00","MHK VL","61756","46.28","1.43","0","1"
"2022/07/04 16:00:00","MHK VL","61756","49.72","1.54","0","1"
"2022/07/04 16:05:00","MHK VL","61756","47.45","1.47","0","1"
"2022/07/04 16:10:00","MHK VL","61756","49.68","1.58","0","1"
"2022/07/04 16:15:00","MHK VL","61756","50.58","1.66","0","1"
"2022/07/04 16:20:00","MHK VL","61756","59.79","1.97","0","1"
"2022/07/04 16:25:00","MHK VL","61756","60.27","1.98","0","1"
"2022/07/04 16:30:00","MHK VL","61756","60.33","2.04","0","1"
"2022/07/04 16:35:00","MHK VL","61756","60.33","1.98","0","1"
"2022/07/04 16:40:00","MHK VL","61756","60.54","2.05","0","1"
"2022/07/04 16:45:00","MHK VL","61756","60.49","2.04","0","1"
"2022/07/04 16:50:00","MHK VL","61756","60.45","2.04","0","1"
"2022/07/04 16:55:00","MHK VL","61756","61.64","2.08","0","1"
"2022/07/04 17:00:00","MHK VL","61756","61.41","2.08","0","1"
"2022/07/04 17:05:00","MHK VL","61756","62.34","2.16","0","1"
"2022/07/04 17:10:00","MHK VL","61756","62.28","2.16","0","1"
"2022/07/04 17:15:00","MHK VL","61756","62.35","2.23","0","1"
"2022/07/04 17:20:00","MHK VL","61756","62.54","2.29","0","1"
"2022/07/04 17:25:00","MHK VL","61756","62.62","2.29","0","1"
"2022/07/04 17:30:00","MHK VL","61756","61.76","2.26","0","1"
"2022/07/04 17:35:00","MHK VL","61756","60.38","2.21","0","1"
"2022/07/04 17:40:00","MHK VL","61756","60.39","2.21","0","1"
"2022/07/04 17:45:00","MHK VL","61756","60.42","2.21","0","1"
"2022/07/04 17:50:00","MHK VL","61756","60.47","2.27","0","1"
"2022/07/04 17:55:00","MHK VL","61756","60.6","2.27","0","1"
"2022/07/04 18:00:00","MHK VL","61756","60.44","2.27","0","1"
"2022/07/04 18:05:00","MHK VL","61756","60.18","2.26","0","1"
"2022/07/04 18:10:00","MHK VL","61756","60.27","2.32","0","1"
"2022/07/04 18:15:00","MHK VL","61756","60.28","2.32","0","1"
"2022/07/04 18:20:00","MHK VL","61756","60.26","2.32","0","1"
"2022/07/04 18:25:00","MHK VL","61756","60.4","2.33","0","1"
"2022/07/04 18:30:00","MHK VL","61756","60.47","2.33","0","1"
"2022/07/04 18:35:00","MHK VL","61756","60.57","2.39","0","1"
"2022/07/04 18:40:00","MHK VL","61756","60.58","2.39","0","1"
"2022/07/04 18:45:00","MHK VL","61756","60.53","2.38","0","1"
"2022/07/04 18:50:00","MHK VL","61756","60.56","2.39","0","1"
"2022/07/04 18:55:00","MHK VL","61756","57.45","2.26","0","1"
"2022/07/04 19:00:00","MHK VL","61756","50.44","1.99","0","1"
"2022/07/04 19:05:00","MHK VL","61756","50.12","1.93","0","1"
"2022/07/04 19:10:00","MHK VL","61756","45.68","1.88","0","1"
"2022/07/04 19:15:00","MHK VL","61756","56.24","2.32","0","1"
"2022/07/04 19:20:00","MHK VL","61756","50.33","2.07","0","1"
"2022/07/04 19:25:00","MHK VL","61756","50.38","2.08","0","1"
"2022/07/04 19:30:00","MHK VL","61756","50.38","2.08","0","1"
"2022/07/04 19:35:00","MHK VL","61756","50.42","2.08","0","1"
"2022/07/04 19:40:00","MHK VL","61756","50.4","2.08","0","1"
"2022/07/04 19:45:00","MHK VL","61756","43.84","1.81","0","1"
"2022/07/04 19:50:00","MHK VL","61756","42.53","1.71","0","1"
"2022/07/04 19:55:00","MHK VL","61756","41.21","1.66","0","1"
"2022/07/04 20:00:00","MHK VL","61756","41.64","1.72","0","1"
"2022/07/04 20:05:00","MHK VL","61756","42.47","1.75","0","1"
"2022/07/04 20:10:00","MHK VL","61756","45.03","1.9","0","1"
"2022/07/04 20:15:00","MHK VL","61756","50.59","2.13","0","1"
"2022/07/04 20:20:00","MHK VL","61756","47.84","2.06","0","1"
"2022/07/04 20:25:00","MHK VL","61756","48.18","2.03","0","1"
"2022/07/04 20:30:00","MHK VL","61756","48.38","2.04","0","1"
"2022/07/04 20:35:00","MHK VL","61756","48.13","2.03","0","1"
"2022/07/04 20:40:00","MHK VL","61756","47.22","1.99","0","1"
"2022/07/04 20:45:00","MHK VL","61756","45.85","1.89","0","1"
"2022/07/04 20:50:00","MHK VL","61756","44.83","1.85","0","1"
"2022/07/04 20:55:00","MHK VL","61756","47.08","1.94","0","1"
"2022/07/04 20:56:34","MHK VL","61756","48.29","1.99","0","1"
"2022/07/04 20:58:04","MHK VL","61756","50.41","2.03","0","1"
"2022/07/04 21:00:00","MHK VL","61756","48.44","1.91","0","1"
"2022/07/04 21:05:00","MHK VL","61756","48.44","1.91","0","1"
"2022/07/04 21:10:00","MHK VL","61756","50.27","1.98","0","1"
"2022/07/04 21:15:00","MHK VL","61756","45.8","1.8","0","1"
"2022/07/04 21:20:00","MHK VL","61756","44.48","1.71","0","1"
"2022/07/04 21:25:00","MHK VL","61756","44.34","1.71","0","1"
"2022/07/04 21:30:00","MHK VL","61756","44.25","1.74","0","1"
"2022/07/04 21:35:00","MHK VL","61756","42.79","1.69","0","1"
"2022/07/04 21:40:00","MHK VL","61756","42.71","1.68","0","1"
"2022/07/04 21:45:00","MHK VL","61756","42.34","1.67","0","1"
"2022/07/04 21:50:00","MHK VL","61756","42.15","1.66","0","1"
"2022/07/04 21:55:00","MHK VL","61756","41.81","1.65","0","1"
"2022/07/04 22:00:00","MHK VL","61756","52.05","2.1","0","1"
"2022/07/04 22:05:00","MHK VL","61756","53.52","2.16","0","1"
"2022/07/04 22:10:00","MHK VL","61756","52.05","2.14","0","1"
"2022/07/04 22:15:00","MHK VL","61756","50.88","2.05","0","1"
"2022/07/04 22:20:00","MHK VL","61756","50.7","2.04","0","1"
"2022/07/04 22:25:00","MHK VL","61756","50.46","2.03","0","1"
"2022/07/04 22:30:00","MHK VL","61756","50.31","1.98","0","1"
"2022/07/04 22:35:00","MHK VL","61756","50.21","2.02","0","1"
"2022/07/04 22:40:00","MHK VL","61756","50.21","2.02","0","1"
"2022/07/04 22:45:00","MHK VL","61756","49.61","1.95","0","1"
"2022/07/04 22:50:00","MHK VL","61756","50.58","1.99","0","1"
"2022/07/04 22:55:00","MHK VL","61756","51.72","2.04","0","1"
"2022/07/04 23:00:00","MHK VL","61756","51.99","2.05","0","1"
"2022/07/04 23:05:00","MHK VL","61756","43.34","1.63","0","1"
"2022/07/04 23:10:00","MHK VL","61756","51.98","1.95","0","1"
"2022/07/04 23:15:00","MHK VL","61756","52.27","2.01","0","1"
"2022/07/04 23:20:00","MHK VL","61756","53.8","2.02","0","1"
"2022/07/04 23:25:00","MHK VL","61756","52.19","1.96","0","1"
"2022/07/04 23:30:00","MHK VL","61756","51.22","1.92","0","1"
"2022/07/04 23:35:00","MHK VL","61756","50.87","1.86","0","1"
"2022/07/04 23:40:00","MHK VL","61756","50.87","1.86","0","1"
"2022/07/04 23:45:00","MHK VL","61756","51.12","1.87","0","1"
"2022/07/04 23:50:00","MHK VL","61756","50.44","1.85","0","1"
"2022/07/04 23:55:00","MHK VL","61756","50.98","1.87","0","1"
"2022/07/05 00:00:00","MHK VL","61756","49.81","1.82","0","1"
"2022/07/05 00:05:00","MHK VL","61756","25.85","0.92","0","1"
"2022/07/05 00:10:00","MHK VL","61756","47.4","1.51","0","1"
"2022/07/05 00:15:00","MHK VL","61756","44.75","1.43","0","1"
"2022/07/05 00:20:00","MHK VL","61756","44.24","1.41","0","1"
"2022/07/05 00:25:00","MHK VL","61756","44.22","1.41","0","1"
"2022/07/05 00:30:00","MHK VL","61756","39.55","1.26","0","1"
"2022/07/05 00:35:00","MHK VL","61756","41.34","1.32","0","1"
"2022/07/05 00:40:00","MHK VL","61756","39.3","1.25","0","1"
"2022/07/05 00:45:00","MHK VL","61756","39.21","1.25","0","1"
"2022/07/05 00:50:00","MHK VL","61756","39.25","1.25","0","1"
"2022/07/05 00:55:00","MHK VL","61756","37.81","1.21","0","1"
"2022/07/05 01:00:00","MHK VL","61756","44.85","1.39","0","1"
"2022/07/05 01:05:00","MHK VL","61756","44.46","1.29","0","1"
"2022/07/05 01:10:00","MHK VL","61756","44.45","1.34","0","1"
"2022/07/05 01:15:00","MHK VL","61756","44.57","1.34","0","1"
"2022/07/05 01:20:00","MHK VL","61756","40.11","1.21","0","1"
"2022/07/05 01:25:00","MHK VL","61756","39.75","1.2","0","1"
"2022/07/05 01:30:00","MHK VL","61756","39.43","1.19","0","1"
"2022/07/05 01:35:00","MHK VL","61756","38.98","1.17","0","1"
"2022/07/05 01:40:00","MHK VL","61756","38.87","1.17","0","1"
"2022/07/05 01:45:00","MHK VL","61756","38.98","1.17","0","1"
"2022/07/05 01:50:00","MHK VL","61756","39.09","1.21","0","1"
"2022/07/05 01:55:00","MHK VL","61756","36.47","1.1","0","1"
"2022/07/05 02:00:00","MHK VL","61756","44.4","1.38","0","1"
"2022/07/05 02:05:00","MHK VL","61756","40.48","1.33","0","1"
"2022/07/05 02:10:00","MHK VL","61756","37.74","1.17","0","1"
"2022/07/05 02:15:00","MHK VL","61756","37.86","1.17","0","1"
"2022/07/05 02:20:00","MHK VL","61756","37.94","1.18","0","1"
"2022/07/05 02:25:00","MHK VL","61756","37.77","1.17","0","1"
"2022/07/05 02:30:00","MHK VL","61756","37.67","1.13","0","1"
"2022/07/05 02:35:00","MHK VL","61756","37.2","1.12","0","1"
"2022/07/05 02:40:00","MHK VL","61756","37.2","1.12","0","1"
"2022/07/05 02:45:00","MHK VL","61756","37.2","1.15","0","1"
"2022/07/05 02:50:00","MHK VL","61756","37.16","1.12","0","1"
"2022/07/05 02:55:00","MHK VL","61756","37.06","1.12","0","1"
"2022/07/05 03:00:00","MHK VL","61756","37.56","1.13","0","1"
"2022/07/05 03:05:00","MHK VL","61756","37.63","1.13","0","1"
"2022/07/05 03:10:00","MHK VL","61756","37.52","1.09","0","1"
"2022/07/05 03:15:00","MHK VL","61756","37.26","1.08","0","1"
"2022/07/05 03:20:00","MHK VL","61756","37.26","1.08","0","1"
"2022/07/05 03:25:00","MHK VL","61756","37.52","1.09","0","1"
"2022/07/05 03:30:00","MHK VL","61756","37.52","1.09","0","1"
"2022/07/05 03:35:00","MHK VL","61756","37.52","1.09","0","1"
"2022/07/05 03:40:00","MHK VL","61756","37.09","1.08","0","1"
"2022/07/05 03:45:00","MHK VL","61756","36.91","1.04","0","1"
"2022/07/05 03:50:00","MHK VL","61756","35.06","0.99","0","1"
"2022/07/05 03:55:00","MHK VL","61756","35.97","1.01","0","1"
"2022/07/05 04:00:00","MHK VL","61756","36.11","1.05","0","1"
"2022/07/05 04:05:00","MHK VL","61756","37.05","1.08","0","1"
"2022/07/05 04:10:00","MHK VL","61756","37.09","1.12","0","1"
"2022/07/05 04:15:00","MHK VL","61756","37.09","1.12","0","1"
"2022/07/05 04:20:00","MHK VL","61756","37.59","1.13","0","1"
"2022/07/05 04:25:00","MHK VL","61756","37.67","1.17","0","1"
"2022/07/05 04:30:00","MHK VL","61756","37.7","1.17","0","1"
"2022/07/05 04:35:00","MHK VL","61756","37.7","1.17","0","1"
"2022/07/05 04:40:00","MHK VL","61756","37.67","1.17","0","1"
"2022/07/05 04:45:00","MHK VL","61756","37.67","1.17","0","1"
"2022/07/05 04:45:42","MHK VL","61756","37.63","1.13","0","1"
"2022/07/05 04:47:18","MHK VL","61756","31.73","0.92","0","1"
"2022/07/05 04:50:00","MHK VL","61756","35.09","1.02","0","1"
"2022/07/05 04:55:00","MHK VL","61756","35.09","1.02","0","1"
"2022/07/05 05:00:00","MHK VL","61756","37.23","1.15","0","1"
"2022/07/05 05:05:00","MHK VL","61756","37.45","1.19","0","1"
"2022/07/05 05:10:00","MHK VL","61756","38.33","1.19","0","1"
"2022/07/05 05:15:00","MHK VL","61756","38.4","1.23","0","1"
"2022/07/05 05:20:00","MHK VL","61756","38.77","1.24","0","1"
"2022/07/05 05:25:00","MHK VL","61756","38.9","1.24","0","1"
"2022/07/05 05:30:00","MHK VL","61756","38.98","1.24","0","1"
"2022/07/05 05:35:00","MHK VL","61756","39.36","1.26","0","1"
"2022/07/05 05:40:00","MHK VL","61756","39.53","1.26","0","1"
"2022/07/05 05:45:00","MHK VL","61756","39.83","1.27","0","1"
"2022/07/05 05:50:00","MHK VL","61756","40.11","1.28","0","1"
"2022/07/05 05:55:00","MHK VL","61756","40.22","1.28","0","1"
"2022/07/05 06:00:00","MHK VL","61756","39.25","1.22","0","1"
"2022/07/05 06:05:00","MHK VL","61756","34.36","1.25","4.95","1"
"2022/07/05 06:10:00","MHK VL","61756","30.86","1.44","14.23","1"
"2022/07/05 06:15:00","MHK VL","61756","25.85","1.28","14.23","1"
"2022/07/05 06:20:00","MHK VL","61756","34.66","1.27","5.02","1"
"2022/07/05 06:25:00","MHK VL","61756","39.48","1.26","0","1"
"2022/07/05 06:30:00","MHK VL","61756","39.84","1.31","0","1"
"2022/07/05 06:35:00","MHK VL","61756","39.84","1.31","0","1"
"2022/07/05 06:40:00","MHK VL","61756","39.92","1.35","0","1"
"2022/07/05 06:45:00","MHK VL","61756","41.24","1.39","0","1"
"2022/07/05 06:50:00","MHK VL","61756","44.93","1.56","0","1"
"2022/07/05 06:55:00","MHK VL","61756","44.94","1.6","0","1"
"2022/07/05 07:00:00","MHK VL","61756","39.77","1.38","0","1"
"2022/07/05 07:05:00","MHK VL","61756","39.93","1.43","0","1"
"2022/07/05 07:10:00","MHK VL","61756","39.93","1.46","0","1"
"2022/07/05 07:15:00","MHK VL","61756","39.7","1.42","0","1"
"2022/07/05 07:20:00","MHK VL","61756","39.55","1.37","0","1"
"2022/07/05 07:25:00","MHK VL","61756","39.29","1.36","0","1"
"2022/07/05 07:30:00","MHK VL","61756","39.33","1.4","0","1"
"2022/07/05 07:35:00","MHK VL","61756","39.59","1.41","0","1"
"2022/07/05 07:40:00","MHK VL","61756","39.7","1.42","0","1"
"2022/07/05 07:45:00","MHK VL","61756","39.74","1.45","0","1"
"2022/07/05 07:50:00","MHK VL","61756","39.77","1.46","0","1"
"2022/07/05 07:55:00","MHK VL","61756","40.03","1.47","0","1"
"2022/07/05 08:00:00","MHK VL","61756","39.86","1.46","0","1"
"2022/07/05 08:05:00","MHK VL","61756","39.73","1.42","0","1"
"2022/07/05 08:10:00","MHK VL","61756","40.01","1.43","0","1"
"2022/07/05 08:15:00","MHK VL","61756","42.29","1.51","0","1"
"2022/07/05 08:20:00","MHK VL","61756","43.75","1.6","0","1"
"2022/07/05 08:25:00","MHK VL","61756","44.28","1.62","0","1"
"2022/07/05 08:30:00","MHK VL","61756","44.32","1.62","0","1"
"2022/07/05 08:35:00","MHK VL","61756","46.11","1.69","0","1"
"2022/07/05 08:40:00","MHK VL","61756","46.15","1.73","0","1"
"2022/07/05 08:45:00","MHK VL","61756","48.85","1.83","0","1"
"2022/07/05 08:50:00","MHK VL","61756","49.06","1.84","0","1"
"2022/07/05 08:55:00","MHK VL","61756","49.46","1.85","0","1"
"2022/07/05 09:00:00","MHK VL","61756","47.53","1.83","0","1"
"2022/07/05 09:05:00","MHK VL","61756","46.72","1.8","0","1"
"2022/07/05 09:10:00","MHK VL","61756","48.92","1.88","0","1"
"2022/07/05 09:15:00","MHK VL","61756","49.16","1.94","0","1"
"2022/07/05 09:20:00","MHK VL","61756","50.14","2.02","0","1"
"2022/07/05 09:25:00","MHK VL","61756","51.29","2.02","0","1"
"2022/07/05 09:30:00","MHK VL","61756","54.67","2.15","0","1"
"2022/07/05 09:35:00","MHK VL","61756","60.91","2.4","0","1"
"2022/07/05 09:40:00","MHK VL","61756","55.98","2.21","0","1"
"2022/07/05 09:45:00","MHK VL","61756","66.23","2.67","0","1"
"2022/07/05 09:50:00","MHK VL","61756","66.37","2.67","0","1"
"2022/07/05 09:55:00","MHK VL","61756","68.2","2.75","0","1"
"2022/07/05 10:00:00","MHK VL","61756","64.06","2.52","0","1"
"2022/07/05 10:05:00","MHK VL","61756","61.4","2.36","0","1"
"2022/07/05 10:10:00","MHK VL","61756","62.45","2.46","0","1"
"2022/07/05 10:15:00","MHK VL","61756","60.4","2.33","0","1"
"2022/07/05 10:20:00","MHK VL","61756","58.15","2.51","7.16","1"
"2022/07/05 10:25:00","MHK VL","61756","57.76","2.52","7.61","1"
"2022/07/05 10:30:00","MHK VL","61756","58.36","2.6","7.67","1"
"2022/07/05 10:35:00","MHK VL","61756","69.78","2.69","0","1"
"2022/07/05 10:40:00","MHK VL","61756","76.45","2.94","0","1"
"2022/07/05 10:45:00","MHK VL","61756","69.49","2.68","0","1"
"2022/07/05 10:50:00","MHK VL","61756","66.32","2.55","0","1"
"2022/07/05 10:55:00","MHK VL","61756","70.63","2.72","0","1"
"2022/07/05 11:00:00","MHK VL","61756","69.71","2.68","0","1"
"2022/07/05 11:05:00","MHK VL","61756","71.15","2.8","0","1"
"2022/07/05 11:10:00","MHK VL","61756","71.06","2.74","0","1"
"2022/07/05 11:15:00","MHK VL","61756","70.83","2.66","0","1"
"2022/07/05 11:20:00","MHK VL","61756","70.92","2.73","0","1"
"2022/07/05 11:25:00","MHK VL","61756","70.92","2.73","0","1"
"2022/07/05 11:30:00","MHK VL","61756","70.91","2.73","0","1"
"2022/07/05 11:35:00","MHK VL","61756","70.79","2.65","0","1"
"2022/07/05 11:40:00","MHK VL","61756","70.72","2.65","0","1"
"2022/07/05 11:45:00","MHK VL","61756","70.84","2.66","0","1"
"2022/07/05 11:50:00","MHK VL","61756","70.9","2.66","0","1"
"2022/07/05 11:55:00","MHK VL","61756","70.91","2.66","0","1"
"2022/07/05 12:00:00","MHK VL","61756","76.53","2.87","0","1"
"2022/07/05 12:05:00","MHK VL","61756","97.92","3.58","0","1"
"2022/07/05 12:10:00","MHK VL","61756","94.16","3.71","0","1"
"2022/07/05 12:15:00","MHK VL","61756","75.09","2.96","0","1"
"2022/07/05 12:20:00","MHK VL","61756","89.79","3.54","0","1"
"2022/07/05 12:25:00","MHK VL","61756","79.22","3.05","0.05","1"
"2022/07/05 12:30:00","MHK VL","61756","82.68","3.1","0","1"
"2022/07/05 12:35:00","MHK VL","61756","84.66","3.1","0","1"
"2022/07/05 12:40:00","MHK VL","61756","84.78","3.1","0","1"
"2022/07/05 12:45:00","MHK VL","61756","83.42","3.05","0","1"
"2022/07/05 12:50:00","MHK VL","61756","83.88","3.07","0","1"
"2022/07/05 12:55:00","MHK VL","61756","83.96","3.15","0","1"
"2022/07/05 13:00:00","MHK VL","61756","84.63","3.1","0","1"
"2022/07/05 13:05:00","MHK VL","61756","91.28","3.38","1.02","1"
"2022/07/05 13:10:00","MHK VL","61756","86.49","3.17","0","1"
"2022/07/05 13:15:00","MHK VL","61756","78.88","2.96","0","1"
"2022/07/05 13:20:00","MHK VL","61756","84.77","3.1","0","1"
"2022/07/05 13:25:00","MHK VL","61756","84.49","3.17","0","1"
"2022/07/05 13:30:00","MHK VL","61756","83.96","3.07","0","1"
"2022/07/05 13:34:32","MHK VL","61756","84.04","3.15","0","1"
"2022/07/05 13:35:00","MHK VL","61756","79.23","2.83","0","1"
"2022/07/05 13:35:50","MHK VL","61756","79.23","2.83","0","1"
"2022/07/05 13:40:00","MHK VL","61756","82.91","2.96","0","1"
"2022/07/05 13:45:00","MHK VL","61756","82.91","2.96","0","1"
"2022/07/05 13:50:00","MHK VL","61756","80.48","2.95","0","1"
"2022/07/05 13:55:00","MHK VL","61756","79.03","2.89","0","1"
"2022/07/05 14:00:00","MHK VL","61756","81.7","2.99","0","1"
"2022/07/05 14:05:00","MHK VL","61756","78.74","2.88","0","1"
"2022/07/05 14:10:00","MHK VL","61756","80.82","2.96","0","1"
"2022/07/05 14:15:00","MHK VL","61756","79.86","2.92","0","1"
"2022/07/05 14:20:00","MHK VL","61756","78.72","2.81","0","1"
"2022/07/05 14:25:00","MHK VL","61756","79.05","2.89","0","1"
"2022/07/05 14:30:00","MHK VL","61756","79.31","2.83","0","1"
"2022/07/05 14:35:00","MHK VL","61756","78.1","2.79","0","1"
"2022/07/05 14:40:00","MHK VL","61756","75.66","2.77","0","1"
"2022/07/05 14:45:00","MHK VL","61756","76.23","2.79","0","1"
"2022/07/05 14:50:00","MHK VL","61756","61.54","2.25","0","1"
"2022/07/05 14:55:00","MHK VL","61756","60.94","2.18","0","1"
"2022/07/05 15:00:00","MHK VL","61756","60.54","2.16","0","1"
"2022/07/05 15:05:00","MHK VL","61756","60.64","2.16","0","1"
"2022/07/05 15:10:00","MHK VL","61756","62.95","2.25","0","1"
"2022/07/05 15:15:00","MHK VL","61756","60.53","2.16","0","1"
"2022/07/05 15:20:00","MHK VL","61756","60.74","2.22","0","1"
"2022/07/05 15:25:00","MHK VL","61756","60.67","2.22","0","1"
"2022/07/05 15:30:00","MHK VL","61756","60.79","2.28","0","1"
"2022/07/05 15:35:00","MHK VL","61756","60.8","2.23","0","1"
"2022/07/05 15:40:00","MHK VL","61756","61","2.29","0","1"
"2022/07/05 15:45:00","MHK VL","61756","60.86","2.28","0","1"
"2022/07/05 15:50:00","MHK VL","61756","60.8","2.23","0","1"
"2022/07/05 15:55:00","MHK VL","61756","60.94","2.29","0","1"
"2022/07/05 16:00:00","MHK VL","61756","62.21","2.45","0","1"
"2022/07/05 16:05:00","MHK VL","61756","60.93","2.4","0","1"
"2022/07/05 16:10:00","MHK VL","61756","60.9","2.4","0","1"
"2022/07/05 16:15:00","MHK VL","61756","60.9","2.4","0","1"
"2022/07/05 16:20:00","MHK VL","61756","63.14","2.49","0","1"
"2022/07/05 16:25:00","MHK VL","61756","60.96","2.4","0","1"
"2022/07/05 16:30:00","MHK VL","61756","60.88","2.4","0","1"
"2022/07/05 16:35:00","MHK VL","61756","61.04","2.4","0","1"
"2022/07/05 16:40:00","MHK VL","61756","60.91","2.35","0","1"
"2022/07/05 16:45:00","MHK VL","61756","60.97","2.35","0","1"
"2022/07/05 16:50:00","MHK VL","61756","60.89","2.34","0","1"
"2022/07/05 16:55:00","MHK VL","61756","60.96","2.35","0","1"
"2022/07/05 17:00:00","MHK VL","61756","60.95","2.35","0","1"
"2022/07/05 17:05:00","MHK VL","61756","60.84","2.4","0","1"
"2022/07/05 17:10:00","MHK VL","61756","60.94","2.4","0","1"
"2022/07/05 17:15:00","MHK VL","61756","60.95","2.4","0","1"
"2022/07/05 17:20:00","MHK VL","61756","60.97","2.4","0","1"
"2022/07/05 17:25:00","MHK VL","61756","60.97","2.4","0","1"
"2022/07/05 17:30:00","MHK VL","61756","61.1","2.46","0","1"
"2022/07/05 17:35:00","MHK VL","61756","61.2","2.47","0","1"
"2022/07/05 17:40:00","MHK VL","61756","61.31","2.47","0","1"
"2022/07/05 17:45:00","MHK VL","61756","61.23","2.47","0","1"
"2022/07/05 17:50:00","MHK VL","61756","61.31","2.47","0","1"
"2022/07/05 17:55:00","MHK VL","61756","61.28","2.47","0","1"
"2022/07/05 18:00:00","MHK VL","61756","77.87","3.14","0","1"
"2022/07/05 18:05:00","MHK VL","61756","62.87","2.53","0","1"
"2022/07/05 18:10:00","MHK VL","61756","61.08","2.46","0","1"
"2022/07/05 18:15:00","MHK VL","61756","61.19","2.47","0","1"
"2022/07/05 18:20:00","MHK VL","61756","61.18","2.47","0","1"
"2022/07/05 18:25:00","MHK VL","61756","61.03","2.46","0","1"
"2022/07/05 18:30:00","MHK VL","61756","61.07","2.46","0","1"
"2022/07/05 18:35:00","MHK VL","61756","60.9","2.4","0","1"
"2022/07/05 18:40:00","MHK VL","61756","61.05","2.46","0","1"
"2022/07/05 18:45:00","MHK VL","61756","61.1","2.46","0","1"
"2022/07/05 18:50:00","MHK VL","61756","61.21","2.47","0","1"
"2022/07/05 18:55:00","MHK VL","61756","61.06","2.46","0","1"
"2022/07/05 19:00:00","MHK VL","61756","61.22","2.47","0","1"
"2022/07/05 19:05:00","MHK VL","61756","63.95","2.63","0","1"
"2022/07/05 19:10:00","MHK VL","61756","49.26","1.99","0","1"
"2022/07/05 19:15:00","MHK VL","61756","72.06","2.9","0","1"
"2022/07/05 19:20:00","MHK VL","61756","61.2","2.41","0","1"
"2022/07/05 19:25:00","MHK VL","61756","64.6","2.55","0","1"
"2022/07/05 19:30:00","MHK VL","61756","63.83","2.51","0","1"
"2022/07/05 19:35:00","MHK VL","61756","61.12","2.41","0","1"
"2022/07/05 19:40:00","MHK VL","61756","61.23","2.41","0","1"
"2022/07/05 19:45:00","MHK VL","61756","61.34","2.42","0","1"
"2022/07/05 19:50:00","MHK VL","61756","61.45","2.42","0","1"
"2022/07/05 19:55:00","MHK VL","61756","65.03","2.62","0","1"
"2022/07/05 20:00:00","MHK VL","61756","65.24","2.69","0","1"
"2022/07/05 20:05:00","MHK VL","61756","61.82","2.55","0","1"
"2022/07/05 20:10:00","MHK VL","61756","64.98","2.62","0","1"
"2022/07/05 20:15:00","MHK VL","61756","74.1","2.99","0","1"
"2022/07/05 20:20:00","MHK VL","61756","72.49","2.86","0","1"
"2022/07/05 20:25:00","MHK VL","61756","72.76","2.87","0","1"
"2022/07/05 20:30:00","MHK VL","61756","69.82","2.75","0","1"
"2022/07/05 20:35:00","MHK VL","61756","67.76","2.67","0","1"
"2022/07/05 20:40:00","MHK VL","61756","64.84","2.55","0","1"
"2022/07/05 20:45:00","MHK VL","61756","64.84","2.55","0","1"
"2022/07/05 20:50:00","MHK VL","61756","64.89","2.56","0","1"
"2022/07/05 20:55:00","MHK VL","61756","64.62","2.49","0","1"
"2022/07/05 21:00:00","MHK VL","61756","77.04","3.04","0","1"
"2022/07/05 21:05:00","MHK VL","61756","73.57","2.83","0","1"
"2022/07/05 21:10:00","MHK VL","61756","71.98","2.77","0","1"
"2022/07/05 21:15:00","MHK VL","61756","71.71","2.76","0","1"
"2022/07/05 21:20:00","MHK VL","61756","71.45","2.68","0","1"
"2022/07/05 21:25:00","MHK VL","61756","71.45","2.68","0","1"
"2022/07/05 21:30:00","MHK VL","61756","72.93","2.67","0","1"
"2022/07/05 21:35:00","MHK VL","61756","71.39","2.61","0","1"
"2022/07/05 21:40:00","MHK VL","61756","71.29","2.61","0","1"
"2022/07/05 21:45:00","MHK VL","61756","71.55","2.55","0","1"
"2022/07/05 21:50:00","MHK VL","61756","70.63","2.52","0","1"
"2022/07/05 21:55:00","MHK VL","61756","70.57","2.52","0","1"
"2022/07/05 22:00:00","MHK VL","61756","74.68","2.73","0","1"
"2022/07/05 22:05:00","MHK VL","61756","64.95","2.44","0","1"
"2022/07/05 22:10:00","MHK VL","61756","60.4","2.26","0","1"
"2022/07/05 22:15:00","MHK VL","61756","68.66","2.57","0","1"
"2022/07/05 22:20:00","MHK VL","61756","68.71","2.51","0","1"
"2022/07/05 22:25:00","MHK VL","61756","70.34","2.57","0","1"
"2022/07/05 22:30:00","MHK VL","61756","74.38","2.72","0","1"
"2022/07/05 22:35:00","MHK VL","61756","71.19","2.61","0","1"
"2022/07/05 22:40:00","MHK VL","61756","61.01","2.23","0","1"
"2022/07/05 22:45:00","MHK VL","61756","50.27","1.79","0","1"
"2022/07/05 22:50:00","MHK VL","61756","51.16","1.87","0","1"
"2022/07/05 22:55:00","MHK VL","61756","52.31","1.87","0","1"
"2022/07/05 23:00:00","MHK VL","61756","56.07","2","0","1"
"2022/07/05 23:05:00","MHK VL","61756","68.37","2.44","0","1"
"2022/07/05 23:10:00","MHK VL","61756","70.56","2.58","0","1"
"2022/07/05 23:15:00","MHK VL","61756","66.99","2.45","0","1"
"2022/07/05 23:20:00","MHK VL","61756","53.54","1.91","0","1"
"2022/07/05 23:25:00","MHK VL","61756","51.94","1.85","0","1"
"2022/07/05 23:30:00","MHK VL","61756","51.78","1.8","0","1"
"2022/07/05 23:35:00","MHK VL","61756","50.44","1.75","0","1"
"2022/07/05 23:40:00","MHK VL","61756","50.37","1.7","0","1"
"2022/07/05 23:45:00","MHK VL","61756","49.8","1.68","0","1"
"2022/07/05 23:50:00","MHK VL","61756","50.48","1.71","0","1"
"2022/07/05 23:55:00","MHK VL","61756","50.53","1.71","0","1"
"2022/07/06 00:00:00","MHK VL","61756","55.74","1.83","0","1"
"2022/07/06 00:05:00","MHK VL","61756","53.07","1.75","0","1"
"2022/07/06 00:10:00","MHK VL","61756","51.56","1.7","0","1"
"2022/07/06 00:15:00","MHK VL","61756","55.76","1.78","0","1"
"2022/07/06 00:20:00","MHK VL","61756","52.9","1.64","0","1"
"2022/07/06 00:25:00","MHK VL","61756","51.54","1.64","0","1"
"2022/07/06 00:30:00","MHK VL","61756","50.05","1.6","0","1"
"2022/07/06 00:35:00","MHK VL","61756","47.7","1.48","0","1"
"2022/07/06 00:40:00","MHK VL","61756","47.63","1.48","0","1"
"2022/07/06 00:45:00","MHK VL","61756","46.86","1.45","0","1"
"2022/07/06 00:50:00","MHK VL","61756","44.57","1.42","0","1"
"2022/07/06 00:55:00","MHK VL","61756","42.07","1.34","0","1"
"2022/07/06 01:00:00","MHK VL","61756","48.17","1.54","0","1"
"2022/07/06 01:05:00","MHK VL","61756","49.19","1.57","0","1"
"2022/07/06 01:10:00","MHK VL","61756","46.05","1.43","0","1"
"2022/07/06 01:15:00","MHK VL","61756","49.21","1.57","0","1"
"2022/07/06 01:20:00","MHK VL","61756","48.82","1.56","0","1"
"2022/07/06 01:25:00","MHK VL","61756","45.68","1.42","0","1"
"2022/07/06 01:30:00","MHK VL","61756","48.24","1.5","0","1"
"2022/07/06 01:35:00","MHK VL","61756","48.23","1.5","0","1"
"2022/07/06 01:40:00","MHK VL","61756","47.25","1.51","0","1"
"2022/07/06 01:45:00","MHK VL","61756","47.17","1.5","0","1"
"2022/07/06 01:50:00","MHK VL","61756","47.16","1.5","0","1"
"2022/07/06 01:55:00","MHK VL","61756","46.35","1.44","0","1"
"2022/07/06 02:00:00","MHK VL","61756","46.47","1.48","0","1"
"2022/07/06 02:05:00","MHK VL","61756","46.33","1.48","0","1"
"2022/07/06 02:10:00","MHK VL","61756","45.86","1.46","0","1"
"2022/07/06 02:15:00","MHK VL","61756","44.95","1.39","0","1"
"2022/07/06 02:20:00","MHK VL","61756","45.91","1.42","0","1"
"2022/07/06 02:25:00","MHK VL","61756","45.73","1.42","0","1"
"2022/07/06 02:30:00","MHK VL","61756","44.9","1.43","0","1"
"2022/07/06 02:35:00","MHK VL","61756","44.87","1.48","0","1"
"2022/07/06 02:40:00","MHK VL","61756","41.44","1.36","0","1"
"2022/07/06 02:45:00","MHK VL","61756","41.87","1.38","0","1"
"2022/07/06 02:50:00","MHK VL","61756","40.36","1.33","0","1"
"2022/07/06 02:55:00","MHK VL","61756","39.84","1.31","0","1"
"2022/07/06 03:00:00","MHK VL","61756","44.86","1.43","0","1"
"2022/07/06 03:05:00","MHK VL","61756","45.04","1.44","0","1"
"2022/07/06 03:10:00","MHK VL","61756","45.02","1.44","0","1"
"2022/07/06 03:15:00","MHK VL","61756","44.85","1.43","0","1"
"2022/07/06 03:20:00","MHK VL","61756","41.99","1.34","0","1"
"2022/07/06 03:25:00","MHK VL","61756","44.74","1.43","0","1"
"2022/07/06 03:30:00","MHK VL","61756","44.68","1.39","0","1"
"2022/07/06 03:35:00","MHK VL","61756","41.87","1.3","0","1"
"2022/07/06 03:40:00","MHK VL","61756","42.17","1.31","0","1"
"2022/07/06 03:45:00","MHK VL","61756","41.91","1.3","0","1"
"2022/07/06 03:50:00","MHK VL","61756","42.27","1.31","0","1"
"2022/07/06 03:55:00","MHK VL","61756","41.74","1.29","0","1"
"2022/07/06 04:00:00","MHK VL","61756","47.46","1.43","0","1"
"2022/07/06 04:05:00","MHK VL","61756","48.36","1.46","0","1"
"2022/07/06 04:10:00","MHK VL","61756","48.18","1.45","0","1"
"2022/07/06 04:15:00","MHK VL","61756","48.24","1.45","0","1"
"2022/07/06 04:20:00","MHK VL","61756","47.42","1.43","0","1"
"2022/07/06 04:25:00","MHK VL","61756","47.42","1.47","0","1"
"2022/07/06 04:30:00","MHK VL","61756","47.58","1.47","0","1"
"2022/07/06 04:35:00","MHK VL","61756","48.49","1.5","0","1"
"2022/07/06 04:40:00","MHK VL","61756","48.44","1.46","0","1"
"2022/07/06 04:45:00","MHK VL","61756","48.68","1.47","0","1"
"2022/07/06 04:50:00","MHK VL","61756","49.94","1.55","0","1"
"2022/07/06 04:55:00","MHK VL","61756","50.09","1.55","0","1"
"2022/07/06 05:00:00","MHK VL","61756","48.13","1.45","0","1"
"2022/07/06 05:05:00","MHK VL","61756","47.94","1.44","0","1"
"2022/07/06 05:10:00","MHK VL","61756","48.08","1.49","0","1"
"2022/07/06 05:15:00","MHK VL","61756","48.8","1.51","0","1"
"2022/07/06 05:20:00","MHK VL","61756","49.45","1.53","0","1"
"2022/07/06 05:25:00","MHK VL","61756","49.46","1.58","0","1"
"2022/07/06 05:30:00","MHK VL","61756","49.45","1.58","0","1"
"2022/07/06 05:35:00","MHK VL","61756","49.45","1.63","0","1"
"2022/07/06 05:40:00","MHK VL","61756","49.5","1.63","0","1"
"2022/07/06 05:45:00","MHK VL","61756","49.87","1.64","0","1"
"2022/07/06 05:50:00","MHK VL","61756","50.08","1.69","0","1"
"2022/07/06 05:55:00","MHK VL","61756","50.36","1.66","0","1"
"2022/07/06 06:00:00","MHK VL","61756","49.29","1.62","0","1"
"2022/07/06 06:05:00","MHK VL","61756","50.08","1.65","0","1"
"2022/07/06 06:10:00","MHK VL","61756","50.71","1.71","0","1"
"2022/07/06 06:15:00","MHK VL","61756","50.93","1.68","0","1"
"2022/07/06 06:20:00","MHK VL","61756","50.91","1.67","0","1"
"2022/07/06 06:25:00","MHK VL","61756","51.5","1.79","0","1"
"2022/07/06 06:30:00","MHK VL","61756","51.6","1.79","0","1"
"2022/07/06 06:35:00","MHK VL","61756","51.55","1.84","0","1"
"2022/07/06 06:40:00","MHK VL","61756","51.43","1.84","0","1"
"2022/07/06 06:45:00","MHK VL","61756","52.56","1.88","0","1"
"2022/07/06 06:50:00","MHK VL","61756","52.9","1.84","0","1"
"2022/07/06 06:55:00","MHK VL","61756","54.11","1.88","0","1"
"2022/07/06 07:00:00","MHK VL","61756","55.65","1.93","0","1"
"2022/07/06 07:05:00","MHK VL","61756","58.74","2.26","8.17","1"
"2022/07/06 07:10:00","MHK VL","61756","58.4","2.32","8.35","1"
"2022/07/06 07:15:00","MHK VL","61756","65.67","2.4","0","1"
"2022/07/06 07:20:00","MHK VL","61756","65.5","2.34","0","1"
"2022/07/06 07:25:00","MHK VL","61756","66.81","2.39","0","1"
"2022/07/06 07:30:00","MHK VL","61756","59.22","2.5","7.46","1"
"2022/07/06 07:35:00","MHK VL","61756","60.33","2.55","7.58","1"
"2022/07/06 07:40:00","MHK VL","61756","62.84","2.65","7.87","1"
"2022/07/06 07:45:00","MHK VL","61756","67.56","2.6","0","1"
"2022/07/06 07:50:00","MHK VL","61756","59.42","2.53","8","1"
"2022/07/06 07:55:00","MHK VL","61756","59.42","2.53","8","1"
"2022/07/06 08:00:00","MHK VL","61756","54.03","2.53","13.47","1"
"2022/07/06 08:05:00","MHK VL","61756","59.2","2.6","8.44","1"
"2022/07/06 08:10:00","MHK VL","61756","59.34","2.53","8.22","1"
"2022/07/06 08:15:00","MHK VL","61756","70.94","2.73","0","1"
"2022/07/06 08:20:00","MHK VL","61756","71.01","2.66","0","1"
"2022/07/06 08:25:00","MHK VL","61756","71.18","2.74","0","1"
"2022/07/06 08:30:00","MHK VL","61756","68.43","2.57","0","1"
"2022/07/06 08:31:18","MHK VL","61756","76.25","2.86","0","1"
"2022/07/06 08:32:30","MHK VL","61756","83.74","3.14","0","1"
"2022/07/06 08:35:00","MHK VL","61756","126.97","4.76","0","1"
"2022/07/06 08:40:00","MHK VL","61756","126.97","4.76","0","1"
"2022/07/06 08:45:00","MHK VL","61756","132.11","4.95","0","1"
"2022/07/06 08:50:00","MHK VL","61756","145.52","5.46","0","1"
"2022/07/06 08:55:00","MHK VL","61756","184.43","6.67","-2.1","1"
"2022/07/06 09:00:00","MHK VL","61756","160.36","5.84","-0.93","1"
"2022/07/06 09:05:00","MHK VL","61756","161.78","5.78","0","1"
"2022/07/06 09:10:00","MHK VL","61756","162.07","5.63","-4.32","1"
"2022/07/06 09:15:00","MHK VL","61756","125.2","4.58","0","1"
"2022/07/06 09:20:00","MHK VL","61756","79.3","2.97","0","1"
"2022/07/06 09:25:00","MHK VL","61756","87.61","3.29","0","1"
"2022/07/06 09:30:00","MHK VL","61756","82.49","3.09","0","1"
"2022/07/06 09:35:00","MHK VL","61756","109.05","4.2","0","1"
"2022/07/06 09:40:00","MHK VL","61756","116.34","4.48","0","1"
"2022/07/06 09:45:00","MHK VL","61756","85.84","3.38","0","1"
"2022/07/06 09:50:00","MHK VL","61756","85.07","3.35","0","1"
"2022/07/06 09:55:00","MHK VL","61756","85.93","3.39","0","1"
"2022/07/06 10:00:00","MHK VL","61756","79.16","3.05","0","1"
"2022/07/06 10:05:00","MHK VL","61756","85.57","3.37","0","1"
"2022/07/06 10:10:00","MHK VL","61756","81.58","3.06","0","1"
"2022/07/06 10:15:00","MHK VL","61756","81.87","3.15","0","1"
"2022/07/06 10:20:00","MHK VL","61756","83.3","3.37","2.36","1"
"2022/07/06 10:25:00","MHK VL","61756","86.95","3.62","2.99","1"
"2022/07/06 10:30:00","MHK VL","61756","86.93","3.42","0","1"
"2022/07/06 10:35:00","MHK VL","61756","91.25","3.68","0","1"
"2022/07/06 10:40:00","MHK VL","61756","89.63","3.53","0","1"
"2022/07/06 10:45:00","MHK VL","61756","98.44","3.97","0","1"
"2022/07/06 10:50:00","MHK VL","61756","86.75","3.42","0","1"
"2022/07/06 10:55:00","MHK VL","61756","76.95","2.85","-2.91","1"
"2022/07/06 11:00:00","MHK VL","61756","71.1","2.67","0","1"
"2022/07/06 11:05:00","MHK VL","61756","53.32","1.89","-3","1"
"2022/07/06 11:10:00","MHK VL","61756","51.21","1.82","-2.79","1"
"2022/07/06 11:15:00","MHK VL","61756","55.05","1.97","-2.41","1"
"2022/07/06 11:20:00","MHK VL","61756","69.61","2.51","-0.93","1"
"2022/07/06 11:25:00","MHK VL","61756","71.54","2.59","-0.74","1"
"2022/07/06 11:30:00","MHK VL","61756","60.6","2.14","-2.23","1"
"2022/07/06 11:35:00","MHK VL","61756","60.34","2.05","-4.35","1"
"2022/07/06 11:40:00","MHK VL","61756","55.3","1.96","-3.13","1"
"2022/07/06 11:45:00","MHK VL","61756","60.73","2.17","-4.43","1"
"2022/07/06 11:50:00","MHK VL","61756","70.01","2.57","-1.42","1"
"2022/07/06 11:54:52","MHK VL","61756","64.94","2.2","-6.29","1"
"2022/07/06 11:55:00","MHK VL","61756","65.15","2.15","-6.37","1"
"2022/07/06 11:56:28","MHK VL","61756","65.15","2.15","-6.37","1"
"2022/07/06 12:00:00","MHK VL","61756","61.49","2.05","-5.47","1"
"2022/07/06 12:05:00","MHK VL","61756","61.49","2.05","-5.47","1"
"2022/07/06 12:10:00","MHK VL","61756","57.02","1.95","-3.7","1"
"2022/07/06 12:15:00","MHK VL","61756","59.34","2.12","-2.87","1"
"2022/07/06 12:20:00","MHK VL","61756","54.73","1.97","-3.57","1"
"2022/07/06 12:25:00","MHK VL","61756","55.4","2","-3.53","1"
"2022/07/06 12:30:00","MHK VL","61756","55.06","2.04","-3.39","1"
"2022/07/06 12:35:00","MHK VL","61756","74.59","2.82","-1.31","1"
"2022/07/06 12:40:00","MHK VL","61756","75.27","2.82","0","1"
"2022/07/06 12:45:00","MHK VL","61756","55.3","1.95","-3.27","1"
"2022/07/06 12:50:00","MHK VL","61756","54.33","1.91","-3.29","1"
"2022/07/06 12:55:00","MHK VL","61756","53.59","1.93","-3.49","1"
"2022/07/06 13:00:00","MHK VL","61756","55.25","1.93","-3.78","1"
"2022/07/06 13:02:16","MHK VL","61756","52.35","1.83","-4.72","1"
"2022/07/06 13:03:40","MHK VL","61756","55.63","1.9","-3.61","1"
"2022/07/06 13:05:00","MHK VL","61756","57.64","1.94","-4.54","1"
"2022/07/06 13:10:00","MHK VL","61756","57.64","1.94","-4.54","1"
"2022/07/06 13:15:00","MHK VL","61756","68.21","2.23","-7.25","1"
"2022/07/06 13:20:00","MHK VL","61756","61.06","2.07","-4.63","1"
"2022/07/06 13:25:00","MHK VL","61756","59.68","2.14","-2.5","1"
"2022/07/06 13:30:00","MHK VL","61756","59.68","2.08","-2.74","1"
"2022/07/06 13:35:00","MHK VL","61756","54.77","1.93","-3.37","1"
"2022/07/06 13:40:00","MHK VL","61756","54.67","1.92","-3.38","1"
"2022/07/06 13:45:00","MHK VL","61756","54.62","1.92","-3.39","1"
"2022/07/06 13:50:00","MHK VL","61756","54.61","1.92","-3.36","1"
"2022/07/06 13:55:00","MHK VL","61756","60.36","2.15","-2.93","1"
"2022/07/06 14:00:00","MHK VL","61756","60.97","2.18","-2.92","1"
"2022/07/06 14:05:00","MHK VL","61756","61.19","2.15","-3.88","1"
"2022/07/06 14:10:00","MHK VL","61756","60.53","2.23","-2.59","1"
"2022/07/06 14:15:00","MHK VL","61756","60.41","2.15","-3.1","1"
"2022/07/06 14:20:00","MHK VL","61756","53.86","1.94","-3.56","1"
"2022/07/06 14:25:00","MHK VL","61756","61.35","2.11","-5.19","1"
"2022/07/06 14:30:00","MHK VL","61756","55.55","1.96","-3.34","1"
"2022/07/06 14:35:00","MHK VL","61756","50.32","1.75","-3.72","1"
"2022/07/06 14:40:00","MHK VL","61756","51.44","1.82","-3.01","1"
"2022/07/06 14:45:00","MHK VL","61756","53.36","1.87","-3.49","1"
"2022/07/06 14:50:00","MHK VL","61756","63.52","2.35","-2.43","1"
"2022/07/06 14:55:00","MHK VL","61756","85","3.27","0","1"
"2022/07/06 15:00:00","MHK VL","61756","52.24","1.84","-3.21","1"
"2022/07/06 15:05:00","MHK VL","61756","52.24","1.84","-3.21","1"
"2022/07/06 15:10:00","MHK VL","61756","50.3","1.66","-3.72","1"
"2022/07/06 15:15:00","MHK VL","61756","50.67","1.71","-3.87","1"
"2022/07/06 15:20:00","MHK VL","61756","50.35","1.71","-3.76","1"
"2022/07/06 15:25:00","MHK VL","61756","50.56","1.71","-3.87","1"
"2022/07/06 15:30:00","MHK VL","61756","50.37","1.71","-3.77","1"
"2022/07/06 15:35:00","MHK VL","61756","52.34","1.8","-3.23","1"
"2022/07/06 15:40:00","MHK VL","61756","50.42","1.71","-3.77","1"
"2022/07/06 15:45:00","MHK VL","61756","48.59","1.63","-3.96","1"
"2022/07/06 15:50:00","MHK VL","61756","51.06","1.74","-3.41","1"
"2022/07/06 15:55:00","MHK VL","61756","51.98","1.77","-3.64","1"
"2022/07/06 15:57:20","MHK VL","61756","50.67","1.78","-3.3","1"
"2022/07/06 16:00:00","MHK VL","61756","143.98","5.25","-0.57","1"
"2022/07/06 16:00:38","MHK VL","61756","143.98","5.25","-0.57","1"
"2022/07/06 16:05:00","MHK VL","61756","96.09","3.33","0","1"
"2022/07/06 16:10:00","MHK VL","61756","96.09","3.33","0","1"
"2022/07/06 16:15:00","MHK VL","61756","94.81","3.29","0","1"
"2022/07/06 16:20:00","MHK VL","61756","108.03","3.75","0","1"
"2022/07/06 16:25:00","MHK VL","61756","710.94","23.7","-27.92","1"
"2022/07/06 16:30:00","MHK VL","61756","168.82","5.8","-1.77","1"
"2022/07/06 16:35:00","MHK VL","61756","87.83","3.05","0","1"
"2022/07/06 16:40:00","MHK VL","61756","88.54","2.99","0","1"
"2022/07/06 16:45:00","MHK VL","61756","43.17","1.46","0","1"
"2022/07/06 16:50:00","MHK VL","61756","48.27","1.59","0","1"
"2022/07/06 16:55:00","MHK VL","61756","80.19","2.64","0","1"
"2022/07/06 17:00:00","MHK VL","61756","69.4","2.23","-1.64","1"
"2022/07/06 17:05:00","MHK VL","61756","75.83","2.56","0","1"
"2022/07/06 17:10:00","MHK VL","61756","84.18","2.77","0","1"
"2022/07/06 17:15:00","MHK VL","61756","86.15","2.83","0","1"
"2022/07/06 17:20:00","MHK VL","61756","86.56","2.93","0","1"
"2022/07/06 17:25:00","MHK VL","61756","91.37","3.09","0","1"
"2022/07/06 17:30:00","MHK VL","61756","88.06","2.98","0","1"
"2022/07/06 17:35:00","MHK VL","61756","87.93","2.89","0","1"
"2022/07/06 17:40:00","MHK VL","61756","89.17","2.93","0","1"
"2022/07/06 17:45:00","MHK VL","61756","87.57","2.88","0","1"
"2022/07/06 17:50:00","MHK VL","61756","85.54","2.81","0","1"
"2022/07/06 17:55:00","MHK VL","61756","83.63","2.83","0","1"
"2022/07/06 18:00:00","MHK VL","61756","88.62","3.08","0","1"
"2022/07/06 18:05:00","MHK VL","61756","88.16","2.98","0","1"
"2022/07/06 18:10:00","MHK VL","61756","87.97","3.05","0","1"
"2022/07/06 18:15:00","MHK VL","61756","88.17","3.06","0","1"
"2022/07/06 18:20:00","MHK VL","61756","88.24","3.06","0","1"
"2022/07/06 18:25:00","MHK VL","61756","88.18","3.06","0","1"
"2022/07/06 18:30:00","MHK VL","61756","94.44","3.28","0","1"
"2022/07/06 18:35:00","MHK VL","61756","95.09","3.3","0","1"
"2022/07/06 18:40:00","MHK VL","61756","94.87","3.21","0","1"
"2022/07/06 18:45:00","MHK VL","61756","90.51","3.06","0","1"
"2022/07/06 18:50:00","MHK VL","61756","93.57","3.16","0","1"
"2022/07/06 18:55:00","MHK VL","61756","91.55","3.09","0","1"
"2022/07/06 19:00:00","MHK VL","61756","95.43","3.23","0","1"
"2022/07/06 19:05:00","MHK VL","61756","90.15","2.97","0","1"
"2022/07/06 19:10:00","MHK VL","61756","90.33","3.22","0","1"
"2022/07/06 19:15:00","MHK VL","61756","94.55","3.28","0","1"
"2022/07/06 19:20:00","MHK VL","61756","-17.25","3.23","107.75","1"
"2022/07/06 19:25:00","MHK VL","61756","-17.37","3.23","107.87","1"
"2022/07/06 19:30:00","MHK VL","61756","56.75","3.23","33.85","1"
"2022/07/06 19:35:00","MHK VL","61756","-18.58","3.08","104.74","1"
"2022/07/06 19:40:00","MHK VL","61756","88.03","3.14","0","1"
"2022/07/06 19:45:00","MHK VL","61756","86.7","3.1","0","1"
"2022/07/06 19:50:00","MHK VL","61756","84.9","3.03","0","1"
"2022/07/06 19:55:00","MHK VL","61756","81.27","2.9","0","1"
"2022/07/06 20:00:00","MHK VL","61756","82.87","2.96","0","1"
"2022/07/06 20:05:00","MHK VL","61756","83.35","2.89","0","1"
"2022/07/06 20:10:00","MHK VL","61756","83.79","2.99","0","1"
"2022/07/06 20:15:00","MHK VL","61756","84.43","3.01","0","1"
"2022/07/06 20:20:00","MHK VL","61756","87.07","3.02","0","1"
"2022/07/06 20:25:00","MHK VL","61756","84.57","3.02","0","1"
"2022/07/06 20:30:00","MHK VL","61756","84.32","3.01","0","1"
"2022/07/06 20:35:00","MHK VL","61756","83.44","2.98","0","1"
"2022/07/06 20:40:00","MHK VL","61756","82.87","2.96","0","1"
"2022/07/06 20:45:00","MHK VL","61756","82.96","2.96","0","1"
"2022/07/06 20:50:00","MHK VL","61756","82.53","2.95","0","1"
"2022/07/06 20:55:00","MHK VL","61756","82.79","2.87","0","1"
"2022/07/06 21:00:00","MHK VL","61756","82.29","2.86","0","1"
"2022/07/06 21:05:00","MHK VL","61756","74.31","2.58","0","1"
"2022/07/06 21:10:00","MHK VL","61756","73.99","2.64","0","1"
"2022/07/06 21:15:00","MHK VL","61756","74.23","2.58","0","1"
"2022/07/06 21:20:00","MHK VL","61756","74.07","2.57","0","1"
"2022/07/06 21:25:00","MHK VL","61756","73.68","2.56","0","1"
"2022/07/06 21:30:00","MHK VL","61756","83.86","2.83","0","1"
"2022/07/06 21:35:00","MHK VL","61756","83.32","2.82","0","1"
"2022/07/06 21:40:00","MHK VL","61756","74.4","2.51","0","1"
"2022/07/06 21:45:00","MHK VL","61756","74.08","2.5","0","1"
"2022/07/06 21:50:00","MHK VL","61756","78.19","2.64","0","1"
"2022/07/06 21:55:00","MHK VL","61756","79.08","2.67","0","1"
"2022/07/06 22:00:00","MHK VL","61756","73.36","2.48","0","1"
"2022/07/06 22:05:00","MHK VL","61756","68.56","2.26","0","1"
"2022/07/06 22:10:00","MHK VL","61756","67.72","2.29","0","1"
"2022/07/06 22:15:00","MHK VL","61756","67.77","2.23","0","1"
"2022/07/06 22:20:00","MHK VL","61756","68.09","2.3","0","1"
"2022/07/06 22:25:00","MHK VL","61756","66.14","2.18","0","1"
"2022/07/06 22:30:00","MHK VL","61756","67.89","2.23","0","1"
"2022/07/06 22:35:00","MHK VL","61756","68.03","2.24","0","1"
"2022/07/06 22:40:00","MHK VL","61756","67.95","2.17","0","1"
"2022/07/06 22:45:00","MHK VL","61756","68.01","2.17","0","1"
"2022/07/06 22:50:00","MHK VL","61756","67.8","2.23","0","1"
"2022/07/06 22:55:00","MHK VL","61756","69.41","2.28","0","1"
"2022/07/06 23:00:00","MHK VL","61756","77.26","2.61","0","1"
"2022/07/06 23:05:00","MHK VL","61756","68","2.36","0","1"
"2022/07/06 23:10:00","MHK VL","61756","69.49","2.35","0","1"
"2022/07/06 23:15:00","MHK VL","61756","80.69","2.73","0","1"
"2022/07/06 23:20:00","MHK VL","61756","69.57","2.35","0","1"
"2022/07/06 23:25:00","MHK VL","61756","69.57","2.35","0","1"
"2022/07/06 23:30:00","MHK VL","61756","71.83","2.36","0","1"
"2022/07/06 23:35:00","MHK VL","61756","76.56","2.52","0","1"
"2022/07/06 23:40:00","MHK VL","61756","75.65","2.49","0","1"
"2022/07/06 23:45:00","MHK VL","61756","80.86","2.58","0","1"
"2022/07/06 23:50:00","MHK VL","61756","80.04","2.55","0","1"
"2022/07/06 23:55:00","MHK VL","61756","75.61","2.41","0","1"
"2022/07/07 00:00:00","MHK VL","61756","74.85","2.6","0","1"
"2022/07/07 00:05:00","MHK VL","61756","58.2","2.13","0","1"
"2022/07/07 00:10:00","MHK VL","61756","58.61","2.03","0","1"
"2022/07/07 00:15:00","MHK VL","61756","58.08","2.02","0","1"
"2022/07/07 00:20:00","MHK VL","61756","59.41","2.06","0","1"
"2022/07/07 00:25:00","MHK VL","61756","58.31","2.02","0","1"
"2022/07/07 00:30:00","MHK VL","61756","58.08","2.02","0","1"
"2022/07/07 00:35:00","MHK VL","61756","58.55","1.98","0","1"
"2022/07/07 00:40:00","MHK VL","61756","58.66","1.98","0","1"
"2022/07/07 00:45:00","MHK VL","61756","60.06","1.98","0","1"
"2022/07/07 00:50:00","MHK VL","61756","69.15","2.27","0","1"
"2022/07/07 00:55:00","MHK VL","61756","69.29","2.28","0","1"
"2022/07/07 01:00:00","MHK VL","61756","58.55","1.93","0","1"
"2022/07/07 01:05:00","MHK VL","61756","51.32","1.73","0","1"
"2022/07/07 01:10:00","MHK VL","61756","52.49","1.67","0","1"
"2022/07/07 01:15:00","MHK VL","61756","56.04","1.79","0","1"
"2022/07/07 01:20:00","MHK VL","61756","52.36","1.72","0","1"
"2022/07/07 01:25:00","MHK VL","61756","51.84","1.71","0","1"
"2022/07/07 01:30:00","MHK VL","61756","51.75","1.65","0","1"
"2022/07/07 01:35:00","MHK VL","61756","51.69","1.65","0","1"
"2022/07/07 01:40:00","MHK VL","61756","49.51","1.58","0","1"
"2022/07/07 01:45:00","MHK VL","61756","49.29","1.53","0","1"
"2022/07/07 01:50:00","MHK VL","61756","47.77","1.52","0","1"
"2022/07/07 01:55:00","MHK VL","61756","47.29","1.47","0","1"
"2022/07/07 02:00:00","MHK VL","61756","49.8","1.54","0","1"
"2022/07/07 02:05:00","MHK VL","61756","50.38","1.56","0","1"
"2022/07/07 02:10:00","MHK VL","61756","50.28","1.56","0","1"
"2022/07/07 02:15:00","MHK VL","61756","50.28","1.56","0","1"
"2022/07/07 02:20:00","MHK VL","61756","50.28","1.56","0","1"
"2022/07/07 02:25:00","MHK VL","61756","48.35","1.5","0","1"
"2022/07/07 02:30:00","MHK VL","61756","47.63","1.48","0","1"
"2022/07/07 02:35:00","MHK VL","61756","46.44","1.44","0","1"
"2022/07/07 02:40:00","MHK VL","61756","46.4","1.44","0","1"
"2022/07/07 02:45:00","MHK VL","61756","43.29","1.34","0","1"
"2022/07/07 02:50:00","MHK VL","61756","42.98","1.33","0","1"
"2022/07/07 02:55:00","MHK VL","61756","42.25","1.31","0","1"
"2022/07/07 03:00:00","MHK VL","61756","42.78","1.33","0","1"
"2022/07/07 03:05:00","MHK VL","61756","43.11","1.34","0","1"
"2022/07/07 03:10:00","MHK VL","61756","42.69","1.29","0","1"
"2022/07/07 03:15:00","MHK VL","61756","42.6","1.32","0","1"
"2022/07/07 03:20:00","MHK VL","61756","42.38","1.31","0","1"
"2022/07/07 03:25:00","MHK VL","61756","42.38","1.31","0","1"
"2022/07/07 03:30:00","MHK VL","61756","42.38","1.31","0","1"
"2022/07/07 03:35:00","MHK VL","61756","42.34","1.31","0","1"
"2022/07/07 03:40:00","MHK VL","61756","42.34","1.31","0","1"
"2022/07/07 03:45:00","MHK VL","61756","42.54","1.32","0","1"
"2022/07/07 03:50:00","MHK VL","61756","42.85","1.33","0","1"
"2022/07/07 03:55:00","MHK VL","61756","42.85","1.33","0","1"
"2022/07/07 04:00:00","MHK VL","61756","42.76","1.29","0","1"
"2022/07/07 04:05:00","MHK VL","61756","43.06","1.33","0","1"
"2022/07/07 04:10:00","MHK VL","61756","43.07","1.3","0","1"
"2022/07/07 04:15:00","MHK VL","61756","44.46","1.34","0","1"
"2022/07/07 04:20:00","MHK VL","61756","43.76","1.36","0","1"
"2022/07/07 04:25:00","MHK VL","61756","44.64","1.34","0","1"
"2022/07/07 04:30:00","MHK VL","61756","46.44","1.44","0","1"
"2022/07/07 04:35:00","MHK VL","61756","46.48","1.44","0","1"
"2022/07/07 04:40:00","MHK VL","61756","46.48","1.44","0","1"
"2022/07/07 04:45:00","MHK VL","61756","46.4","1.44","0","1"
"2022/07/07 04:50:00","MHK VL","61756","44.59","1.38","0","1"
"2022/07/07 04:55:00","MHK VL","61756","46.23","1.43","0","1"
"2022/07/07 05:00:00","MHK VL","61756","45.99","1.38","0","1"
"2022/07/07 05:05:00","MHK VL","61756","47.85","1.44","0","1"
"2022/07/07 05:10:00","MHK VL","61756","47.85","1.48","0","1"
"2022/07/07 05:15:00","MHK VL","61756","49.36","1.49","0","1"
"2022/07/07 05:20:00","MHK VL","61756","49.57","1.54","0","1"
"2022/07/07 05:25:00","MHK VL","61756","49.94","1.55","0","1"
"2022/07/07 05:30:00","MHK VL","61756","50.29","1.56","0","1"
"2022/07/07 05:35:00","MHK VL","61756","51.24","1.59","0","1"
"2022/07/07 05:40:00","MHK VL","61756","51.15","1.59","0","1"
"2022/07/07 05:45:00","MHK VL","61756","51.19","1.59","0","1"
"2022/07/07 05:50:00","MHK VL","61756","51.19","1.59","0","1"
"2022/07/07 05:55:00","MHK VL","61756","51.5","1.6","0","1"
"2022/07/07 06:00:00","MHK VL","61756","45.86","1.42","0","1"
"2022/07/07 06:05:00","MHK VL","61756","47.76","1.48","0","1"
"2022/07/07 06:10:00","MHK VL","61756","48.12","1.53","0","1"
"2022/07/07 06:15:00","MHK VL","61756","48.02","1.49","0","1"
"2022/07/07 06:20:00","MHK VL","61756","49.22","1.53","0","1"
"2022/07/07 06:25:00","MHK VL","61756","49.34","1.57","0","1"
"2022/07/07 06:30:00","MHK VL","61756","49.27","1.57","0","1"
"2022/07/07 06:35:00","MHK VL","61756","49.88","1.59","0","1"
"2022/07/07 06:40:00","MHK VL","61756","50.72","1.67","0","1"
"2022/07/07 06:45:00","MHK VL","61756","50.79","1.67","0","1"
"2022/07/07 06:50:00","MHK VL","61756","51.02","1.68","0","1"
"2022/07/07 06:55:00","MHK VL","61756","51.06","1.68","0","1"
"2022/07/07 07:00:00","MHK VL","61756","50.83","1.67","0","1"
"2022/07/07 07:05:00","MHK VL","61756","53.89","1.77","0","1"
"2022/07/07 07:10:00","MHK VL","61756","54.44","1.79","0","1"
"2022/07/07 07:15:00","MHK VL","61756","8.5","1.67","40.89","1"
"2022/07/07 07:20:00","MHK VL","61756","8.91","1.68","40.89","1"
"2022/07/07 07:25:00","MHK VL","61756","50.22","1.7","0","1"
"2022/07/07 07:30:00","MHK VL","61756","50.38","1.7","0","1"
"2022/07/07 07:35:00","MHK VL","61756","50.38","1.75","0","1"
"2022/07/07 07:40:00","MHK VL","61756","50.34","1.75","0","1"
"2022/07/07 07:45:00","MHK VL","61756","50.43","1.75","0","1"
"2022/07/07 07:50:00","MHK VL","61756","50.43","1.75","0","1"
"2022/07/07 07:55:00","MHK VL","61756","50.56","1.75","0","1"
"2022/07/07 08:00:00","MHK VL","61756","50.61","1.76","0","1"
"2022/07/07 08:05:00","MHK VL","61756","50.36","1.8","0","1"
"2022/07/07 08:10:00","MHK VL","61756","50.17","1.7","0","1"
"2022/07/07 08:15:00","MHK VL","61756","50.43","1.8","0","1"
"2022/07/07 08:20:00","MHK VL","61756","50.61","1.81","0","1"
"2022/07/07 08:25:00","MHK VL","61756","50.7","1.81","0","1"
"2022/07/07 08:30:00","MHK VL","61756","50.36","2.07","0","1"
"2022/07/07 08:35:00","MHK VL","61756","50.27","2.12","0","1"
"2022/07/07 08:40:00","MHK VL","61756","50.27","2.03","0","1"
"2022/07/07 08:45:00","MHK VL","61756","49.38","1.98","-0.12","1"
"2022/07/07 08:50:00","MHK VL","61756","50.58","1.99","0","1"
"2022/07/07 08:55:00","MHK VL","61756","50.5","2.08","0","1"
"2022/07/07 09:00:00","MHK VL","61756","49.37","2.08","0","1"
"2022/07/07 09:05:00","MHK VL","61756","49.33","2.08","0","1"
"2022/07/07 09:10:00","MHK VL","61756","49.28","2.03","0","1"
"2022/07/07 09:15:00","MHK VL","61756","50.36","2.07","0","1"
"2022/07/07 09:20:00","MHK VL","61756","52.14","2.15","0","1"
"2022/07/07 09:25:00","MHK VL","61756","50.68","2.09","0","1"
"2022/07/07 09:30:00","MHK VL","61756","55.4","2.23","0","1"
"2022/07/07 09:35:00","MHK VL","61756","60.04","2.37","0","1"
"2022/07/07 09:40:00","MHK VL","61756","59.84","2.47","0","1"
"2022/07/07 09:45:00","MHK VL","61756","51.58","2.17","0","1"
"2022/07/07 09:50:00","MHK VL","61756","42.6","1.72","0","1"
"2022/07/07 09:55:00","MHK VL","61756","42.12","1.7","0","1"
"2022/07/07 10:00:00","MHK VL","61756","42.03","1.73","0","1"
"2022/07/07 10:05:00","MHK VL","61756","51.82","2.14","0","1"
"2022/07/07 10:07:24","MHK VL","61756","55.01","2.22","0","1"
"2022/07/07 10:08:54","MHK VL","61756","55.3","2.18","0","1"
"2022/07/07 10:10:00","MHK VL","61756","57.55","2.27","0","1"
"2022/07/07 10:15:00","MHK VL","61756","57.55","2.27","0","1"
"2022/07/07 10:20:00","MHK VL","61756","60.1","2.37","0","1"
"2022/07/07 10:25:00","MHK VL","61756","59.98","2.31","0","1"
"2022/07/07 10:30:00","MHK VL","61756","59.43","2.34","0","1"
"2022/07/07 10:35:00","MHK VL","61756","59.36","2.39","0","1"
"2022/07/07 10:40:00","MHK VL","61756","59.3","2.39","0","1"
"2022/07/07 10:45:00","MHK VL","61756","59.72","2.41","0","1"
"2022/07/07 10:50:00","MHK VL","61756","55.87","2.15","0","1"
"2022/07/07 10:55:00","MHK VL","61756","60.18","2.37","0","1"
"2022/07/07 11:00:00","MHK VL","61756","60.58","2.44","0","1"
"2022/07/07 11:05:00","MHK VL","61756","60.95","2.51","-0.01","1"
"2022/07/07 11:10:00","MHK VL","61756","63.54","2.45","0","1"
"2022/07/07 11:15:00","MHK VL","61756","62.84","2.48","0","1"
"2022/07/07 11:20:00","MHK VL","61756","23.15","2.38","38.64","1"
"2022/07/07 11:23:42","MHK VL","61756","22.96","2.37","38.65","1"
"2022/07/07 11:25:00","MHK VL","61756","61.81","2.44","0","1"
"2022/07/07 11:25:19","MHK VL","61756","61.81","2.44","0","1"
"2022/07/07 11:30:00","MHK VL","61756","171.46","3.65","-80.97","1"
"2022/07/07 11:35:00","MHK VL","61756","171.46","3.65","-80.97","1"
"2022/07/07 11:40:00","MHK VL","61756","67.78","2.67","0","1"
"2022/07/07 11:45:00","MHK VL","61756","62.98","2.48","0","1"
"2022/07/07 11:50:00","MHK VL","61756","61.9","2.38","0","1"
"2022/07/07 11:55:00","MHK VL","61756","65.42","2.52","0","1"
"2022/07/07 12:00:00","MHK VL","61756","61.87","2.38","0","1"
"2022/07/07 12:05:00","MHK VL","61756","298.59","6.62","-134.44","1"
"2022/07/07 12:10:00","MHK VL","61756","104.86","3.5","-25.29","1"
"2022/07/07 12:15:00","MHK VL","61756","64.79","2.79","0","1"
"2022/07/07 12:20:00","MHK VL","61756","65.19","2.63","0","1"
"2022/07/07 12:25:00","MHK VL","61756","67.55","2.72","0","1"
"2022/07/07 12:30:00","MHK VL","61756","60.56","2.94","6.15","1"
"2022/07/07 12:35:00","MHK VL","61756","63.11","2.54","0","1"
"2022/07/07 12:40:00","MHK VL","61756","65.24","2.63","0","1"
"2022/07/07 12:45:00","MHK VL","61756","65.49","2.88","0","1"
"2022/07/07 12:50:00","MHK VL","61756","65.48","2.88","0","1"
"2022/07/07 12:55:00","MHK VL","61756","65.44","2.88","0","1"
"2022/07/07 13:00:00","MHK VL","61756","64.96","2.62","0","1"
"2022/07/07 13:05:00","MHK VL","61756","60.48","2.63","6.17","1"
"2022/07/07 13:10:00","MHK VL","61756","61.48","2.74","6.39","1"
"2022/07/07 13:15:00","MHK VL","61756","67.47","2.72","0","1"
"2022/07/07 13:20:00","MHK VL","61756","216.24","4.37","-110.29","1"
"2022/07/07 13:25:00","MHK VL","61756","179.19","4.57","-70.66","1"
"2022/07/07 13:30:00","MHK VL","61756","67.8","3.01","6.98","1"
"2022/07/07 13:35:00","MHK VL","61756","74.64","3.35","8.42","1"
"2022/07/07 13:40:00","MHK VL","61756","70.99","3.1","7.72","1"
"2022/07/07 13:45:00","MHK VL","61756","67.66","3.04","7.78","1"
"2022/07/07 13:50:00","MHK VL","61756","162.27","3.71","-72.26","1"
"2022/07/07 13:55:00","MHK VL","61756","162.76","3.71","-72.66","1"
"2022/07/07 14:00:00","MHK VL","61756","74.78","3.35","8.43","1"
"2022/07/07 14:05:00","MHK VL","61756","67.41","3.1","11.36","1"
"2022/07/07 14:10:00","MHK VL","61756","70.35","3.09","8.03","1"
"2022/07/07 14:15:00","MHK VL","61756","67.98","3.04","7.43","1"
"2022/07/07 14:20:00","MHK VL","61756","64.37","3.12","11.37","1"
"2022/07/07 14:25:00","MHK VL","61756","110.65","3.54","-26.62","1"
"2022/07/07 14:30:00","MHK VL","61756","63.16","3.07","11.37","1"
"2022/07/07 14:35:00","MHK VL","61756","61.5","2.75","6.81","1"
"2022/07/07 14:40:00","MHK VL","61756","67.9","3.04","7.41","1"
"2022/07/07 14:45:00","MHK VL","61756","68.14","3.11","7.44","1"
"2022/07/07 14:50:00","MHK VL","61756","405.78","5.41","-277.35","1"
"2022/07/07 14:55:00","MHK VL","61756","406.03","5.55","-277.35","1"
"2022/07/07 15:00:00","MHK VL","61756","55.22","2.51","5.81","1"
"2022/07/07 15:05:00","MHK VL","61756","62.39","2.57","0","1"
"2022/07/07 15:10:00","MHK VL","61756","62.23","2.51","0","1"
"2022/07/07 15:15:00","MHK VL","61756","71.16","3.22","7","1"
"2022/07/07 15:20:00","MHK VL","61756","182.6","4.53","-72.64","1"
"2022/07/07 15:25:00","MHK VL","61756","388.01","5.62","-254.52","1"
"2022/07/07 15:30:00","MHK VL","61756","89.96","3.65","-3.32","1"
"2022/07/07 15:35:00","MHK VL","61756","64.93","2.56","0","1"
"2022/07/07 15:40:00","MHK VL","61756","68.69","2.77","0","1"
"2022/07/07 15:45:00","MHK VL","61756","81.33","3.3","0.67","1"
"2022/07/07 15:50:00","MHK VL","61756","210.26","5.42","-81.61","1"
"2022/07/07 15:55:00","MHK VL","61756","192.2","4.63","-82.24","1"
"2022/07/07 16:00:00","MHK VL","61756","79.3","3.29","0.6","1"
"2022/07/07 16:05:00","MHK VL","61756","67.96","2.74","0","1"
"2022/07/07 16:10:00","MHK VL","61756","78.48","3.23","0","1"
"2022/07/07 16:15:00","MHK VL","61756","82.08","3.46","0.1","1"
"2022/07/07 16:20:00","MHK VL","61756","114.76","4.93","2.36","1"
"2022/07/07 16:25:00","MHK VL","61756","83.83","3.53","0","1"
"2022/07/07 16:30:00","MHK VL","61756","78.81","3.32","0","1"
"2022/07/07 16:35:00","MHK VL","61756","84.67","3.56","0","1"
"2022/07/07 16:40:00","MHK VL","61756","77.94","3.28","0","1"
"2022/07/07 16:45:00","MHK VL","61756","77.85","3.28","0","1"
"2022/07/07 16:50:00","MHK VL","61756","80.47","3.39","0","1"
"2022/07/07 16:55:00","MHK VL","61756","80.89","3.41","0","1"
"2022/07/07 17:00:00","MHK VL","61756","87","3.75","0","1"
"2022/07/07 17:05:00","MHK VL","61756","111.67","4.13","-17.74","1"
"2022/07/07 17:10:00","MHK VL","61756","119.29","4.27","-24.19","1"
"2022/07/07 17:15:00","MHK VL","61756","90.25","3.97","0","1"
"2022/07/07 17:20:00","MHK VL","61756","90.26","4.05","0","1"
"2022/07/07 17:25:00","MHK VL","61756","90.56","4.07","0","1"
"2022/07/07 17:30:00","MHK VL","61756","91.07","4.01","0","1"
"2022/07/07 17:35:00","MHK VL","61756","260.19","8.04","-81.19","1"
"2022/07/07 17:40:00","MHK VL","61756","92.52","4.15","0","1"
"2022/07/07 17:45:00","MHK VL","61756","89.62","3.94","0","1"
"2022/07/07 17:50:00","MHK VL","61756","92.95","4.17","0","1"
"2022/07/07 17:55:00","MHK VL","61756","92.34","4.06","0","1"
"2022/07/07 18:00:00","MHK VL","61756","80.46","3.54","0","1"
"2022/07/07 18:05:00","MHK VL","61756","64.66","2.79","0","1"
"2022/07/07 18:10:00","MHK VL","61756","67.1","3.01","0","1"
"2022/07/07 18:15:00","MHK VL","61756","75.4","3.45","0","1"
"2022/07/07 18:20:00","MHK VL","61756","75.33","3.38","0","1"
"2022/07/07 18:25:00","MHK VL","61756","75.2","3.38","0","1"
"2022/07/07 18:30:00","MHK VL","61756","75.33","3.38","0","1"
"2022/07/07 18:35:00","MHK VL","61756","83.48","3.82","0","1"
"2022/07/07 18:40:00","MHK VL","61756","82.97","3.8","0","1"
"2022/07/07 18:45:00","MHK VL","61756","79.69","3.65","0","1"
"2022/07/07 18:50:00","MHK VL","61756","75.33","3.45","0","1"
"2022/07/07 18:55:00","MHK VL","61756","79.63","3.72","0","1"
"2022/07/07 19:00:00","MHK VL","61756","87.22","3.99","0","1"
"2022/07/07 19:05:00","MHK VL","61756","80.45","3.68","0","1"
"2022/07/07 19:10:00","MHK VL","61756","80.93","3.85","0","1"
"2022/07/07 19:15:00","MHK VL","61756","84.15","3.85","0","1"
"2022/07/07 19:20:00","MHK VL","61756","84.3","3.86","0","1"
"2022/07/07 19:25:00","MHK VL","61756","80.45","3.68","0","1"
"2022/07/07 19:30:00","MHK VL","61756","75.01","3.5","0","1"
"2022/07/07 19:35:00","MHK VL","61756","73.76","3.38","0","1"
"2022/07/07 19:40:00","MHK VL","61756","69.62","3.25","0","1"
"2022/07/07 19:45:00","MHK VL","61756","76.75","3.23","0","1"
"2022/07/07 19:50:00","MHK VL","61756","74.2","3.06","0","1"
"2022/07/07 19:55:00","MHK VL","61756","78.37","3.23","0","1"
"2022/07/07 20:00:00","MHK VL","61756","119.89","4.83","0","1"
"2022/07/07 20:05:00","MHK VL","61756","74.21","2.99","0","1"
"2022/07/07 20:10:00","MHK VL","61756","76","3.06","0","1"
"2022/07/07 20:15:00","MHK VL","61756","74.92","3.02","0","1"
"2022/07/07 20:20:00","MHK VL","61756","74.12","3.05","0","1"
"2022/07/07 20:25:00","MHK VL","61756","74.12","3.05","0","1"
"2022/07/07 20:30:00","MHK VL","61756","75.2","3.1","0","1"
"2022/07/07 20:35:00","MHK VL","61756","83.29","3.43","0","1"
"2022/07/07 20:40:00","MHK VL","61756","81.14","3.34","0","1"
"2022/07/07 20:45:00","MHK VL","61756","74.12","2.99","0","1"
"2022/07/07 20:50:00","MHK VL","61756","73.99","3.05","0","1"
"2022/07/07 20:55:00","MHK VL","61756","74.05","3.05","0","1"
"2022/07/07 21:00:00","MHK VL","61756","73.91","3.05","0","1"
"2022/07/07 21:05:00","MHK VL","61756","71.59","2.95","0","1"
"2022/07/07 21:10:00","MHK VL","61756","71.33","3","0","1"
"2022/07/07 21:15:00","MHK VL","61756","71.95","2.96","0","1"
"2022/07/07 21:20:00","MHK VL","61756","76.13","3.07","0","1"
"2022/07/07 21:25:00","MHK VL","61756","74.44","3","0","1"
"2022/07/07 21:30:00","MHK VL","61756","72.06","2.9","0","1"
"2022/07/07 21:35:00","MHK VL","61756","72.08","2.9","0","1"
"2022/07/07 21:40:00","MHK VL","61756","73.17","2.95","0","1"
"2022/07/07 21:45:00","MHK VL","61756","73.01","2.94","0","1"
"2022/07/07 21:50:00","MHK VL","61756","71.35","2.88","0","1"
"2022/07/07 21:55:00","MHK VL","61756","71.05","2.86","0","1"
"2022/07/07 22:00:00","MHK VL","61756","85.29","3.51","0","1"
"2022/07/07 22:05:00","MHK VL","61756","71.44","2.94","0","1"
"2022/07/07 22:10:00","MHK VL","61756","70.47","2.9","0","1"
"2022/07/07 22:15:00","MHK VL","61756","70.74","2.85","0","1"
"2022/07/07 22:20:00","MHK VL","61756","74.56","3","0","1"
"2022/07/07 22:25:00","MHK VL","61756","74.64","3.01","0","1"
"2022/07/07 22:30:00","MHK VL","61756","71.55","2.82","0","1"
"2022/07/07 22:35:00","MHK VL","61756","70.77","2.79","0","1"
"2022/07/07 22:40:00","MHK VL","61756","70.61","2.78","0","1"
"2022/07/07 22:45:00","MHK VL","61756","63.95","2.46","0","1"
"2022/07/07 22:50:00","MHK VL","61756","61.43","2.37","0","1"
"2022/07/07 22:55:00","MHK VL","61756","69.15","2.66","0","1"
"2022/07/07 23:00:00","MHK VL","61756","70.5","2.78","0","1"
"2022/07/07 23:05:00","MHK VL","61756","71.58","2.82","0","1"
"2022/07/07 23:10:00","MHK VL","61756","72.66","2.8","0","1"
"2022/07/07 23:15:00","MHK VL","61756","78.95","3.04","0","1"
"2022/07/07 23:20:00","MHK VL","61756","73.69","2.76","0","1"
"2022/07/07 23:25:00","MHK VL","61756","71.92","2.63","0","1"
"2022/07/07 23:30:00","MHK VL","61756","72.64","2.66","0","1"
"2022/07/07 23:35:00","MHK VL","61756","72.51","2.59","0","1"
"2022/07/07 23:40:00","MHK VL","61756","68.15","2.43","0","1"
"2022/07/07 23:45:00","MHK VL","61756","55.65","1.99","0","1"
"2022/07/07 23:50:00","MHK VL","61756","53.69","1.86","0","1"
"2022/07/07 23:55:00","MHK VL","61756","50.95","1.77","0","1"
"2022/07/08 00:00:00","MHK VL","61756","54","1.87","0","1"
"2022/07/08 00:05:00","MHK VL","61756","52.84","1.83","0","1"
"2022/07/08 00:10:00","MHK VL","61756","52.72","1.83","0","1"
"2022/07/08 00:15:00","MHK VL","61756","53.59","1.81","0","1"
"2022/07/08 00:20:00","MHK VL","61756","53.6","1.76","0","1"
"2022/07/08 00:25:00","MHK VL","61756","52.6","1.73","0","1"
"2022/07/08 00:30:00","MHK VL","61756","52.01","1.66","0","1"
"2022/07/08 00:35:00","MHK VL","61756","52.4","1.67","0","1"
"2022/07/08 00:40:00","MHK VL","61756","50.71","1.57","0","1"
"2022/07/08 00:45:00","MHK VL","61756","51.65","1.6","0","1"
"2022/07/08 00:50:00","MHK VL","61756","50.94","1.58","0","1"
"2022/07/08 00:55:00","MHK VL","61756","47","1.46","0","1"
"2022/07/08 01:00:00","MHK VL","61756","53.68","1.66","0","1"
"2022/07/08 01:05:00","MHK VL","61756","51.26","1.54","0","1"
"2022/07/08 01:10:00","MHK VL","61756","50.84","1.53","0","1"
"2022/07/08 01:15:00","MHK VL","61756","49.94","1.5","0","1"
"2022/07/08 01:20:00","MHK VL","61756","44.8","1.3","0","1"
"2022/07/08 01:25:00","MHK VL","61756","44.58","1.3","0","1"
"2022/07/08 01:30:00","MHK VL","61756","44.61","1.26","0","1"
"2022/07/08 01:35:00","MHK VL","61756","44.68","1.26","0","1"
"2022/07/08 01:40:00","MHK VL","61756","44.61","1.26","0","1"
"2022/07/08 01:45:00","MHK VL","61756","44.56","1.21","0","1"
"2022/07/08 01:50:00","MHK VL","61756","40.16","1.09","0","1"
"2022/07/08 01:55:00","MHK VL","61756","39.96","1.09","0","1"
"2022/07/08 02:00:00","MHK VL","61756","48.56","1.37","0","1"
"2022/07/08 02:05:00","MHK VL","61756","50","1.41","0","1"
"2022/07/08 02:10:00","MHK VL","61756","48.58","1.37","0","1"
"2022/07/08 02:15:00","MHK VL","61756","48.05","1.4","0","1"
"2022/07/08 02:20:00","MHK VL","61756","44.95","1.27","0","1"
"2022/07/08 02:25:00","MHK VL","61756","44.88","1.27","0","1"
"2022/07/08 02:30:00","MHK VL","61756","44.98","1.27","0","1"
"2022/07/08 02:35:00","MHK VL","61756","48.32","1.36","0","1"
"2022/07/08 02:40:00","MHK VL","61756","47.01","1.33","0","1"
"2022/07/08 02:45:00","MHK VL","61756","45.03","1.27","0","1"
"2022/07/08 02:50:00","MHK VL","61756","44.76","1.26","0","1"
"2022/07/08 02:55:00","MHK VL","61756","40.2","1.13","0","1"
"2022/07/08 03:00:00","MHK VL","61756","48.82","1.33","0","1"
"2022/07/08 03:05:00","MHK VL","61756","44.95","1.22","0","1"
"2022/07/08 03:10:00","MHK VL","61756","44.77","1.22","0","1"
"2022/07/08 03:15:00","MHK VL","61756","44.91","1.22","0","1"
"2022/07/08 03:20:00","MHK VL","61756","45.06","1.23","0","1"
"2022/07/08 03:25:00","MHK VL","61756","45.08","1.19","0","1"
"2022/07/08 03:30:00","MHK VL","61756","45","1.22","0","1"
"2022/07/08 03:35:00","MHK VL","61756","44.78","1.18","0","1"
"2022/07/08 03:40:00","MHK VL","61756","40.03","1.05","0","1"
"2022/07/08 03:45:00","MHK VL","61756","40.29","1.1","0","1"
"2022/07/08 03:50:00","MHK VL","61756","39.94","1.09","0","1"
"2022/07/08 03:55:00","MHK VL","61756","39.86","1.08","0","1"
"2022/07/08 04:00:00","MHK VL","61756","39.9","1.09","0","1"
"2022/07/08 04:05:00","MHK VL","61756","40.15","1.06","0","1"
"2022/07/08 04:10:00","MHK VL","61756","40.31","1.1","0","1"
"2022/07/08 04:15:00","MHK VL","61756","40.02","1.09","0","1"
"2022/07/08 04:20:00","MHK VL","61756","39.98","1.09","0","1"
"2022/07/08 04:25:00","MHK VL","61756","40.23","1.09","0","1"
"2022/07/08 04:30:00","MHK VL","61756","40.38","1.14","0","1"
"2022/07/08 04:35:00","MHK VL","61756","40.39","1.14","0","1"
"2022/07/08 04:40:00","MHK VL","61756","40.38","1.14","0","1"
"2022/07/08 04:45:00","MHK VL","61756","40.45","1.14","0","1"
"2022/07/08 04:50:00","MHK VL","61756","45.09","1.27","0","1"
"2022/07/08 04:55:00","MHK VL","61756","45.09","1.27","0","1"
"2022/07/08 05:00:00","MHK VL","61756","44.81","1.22","0","1"
"2022/07/08 05:05:00","MHK VL","61756","44.78","1.26","0","1"
"2022/07/08 05:10:00","MHK VL","61756","44.97","1.27","0","1"
"2022/07/08 05:15:00","MHK VL","61756","44.85","1.22","0","1"
"2022/07/08 05:20:00","MHK VL","61756","44.83","1.26","0","1"
"2022/07/08 05:25:00","MHK VL","61756","44.81","1.26","0","1"
"2022/07/08 05:30:00","MHK VL","61756","39.69","1.16","0","1"
"2022/07/08 05:35:00","MHK VL","61756","39.82","1.16","0","1"
"2022/07/08 05:40:00","MHK VL","61756","39.94","1.16","0","1"
"2022/07/08 05:45:00","MHK VL","61756","41","1.23","0","1"
"2022/07/08 05:50:00","MHK VL","61756","45","1.35","0","1"
"2022/07/08 05:55:00","MHK VL","61756","47.52","1.38","0","1"
"2022/07/08 06:00:00","MHK VL","61756","38.85","1.17","0","1"
"2022/07/08 06:05:00","MHK VL","61756","40.14","1.17","0","1"
"2022/07/08 06:10:00","MHK VL","61756","43.14","1.26","0","1"
"2022/07/08 06:15:00","MHK VL","61756","43.31","1.3","0","1"
"2022/07/08 06:20:00","MHK VL","61756","48.45","1.46","0","1"
"2022/07/08 06:25:00","MHK VL","61756","45.73","1.38","0","1"
"2022/07/08 06:30:00","MHK VL","61756","45.63","1.41","0","1"
"2022/07/08 06:35:00","MHK VL","61756","45.26","1.4","0","1"
"2022/07/08 06:40:00","MHK VL","61756","45.3","1.4","0","1"
"2022/07/08 06:45:00","MHK VL","61756","48.54","1.55","0","1"
"2022/07/08 06:50:00","MHK VL","61756","48.58","1.55","0","1"
"2022/07/08 06:55:00","MHK VL","61756","46.43","1.44","0","1"
"2022/07/08 07:00:00","MHK VL","61756","45.02","1.4","0","1"
"2022/07/08 07:05:00","MHK VL","61756","46.35","1.44","0","1"
"2022/07/08 07:10:00","MHK VL","61756","46.91","1.45","0","1"
"2022/07/08 07:15:00","MHK VL","61756","41.16","1.47","5","1"
"2022/07/08 07:20:00","MHK VL","61756","40.53","1.45","4.91","1"
"2022/07/08 07:25:00","MHK VL","61756","45.02","1.48","0","1"
"2022/07/08 07:30:00","MHK VL","61756","44.94","1.48","0","1"
"2022/07/08 07:35:00","MHK VL","61756","45.01","1.48","0","1"
"2022/07/08 07:40:00","MHK VL","61756","46.32","1.57","0","1"
"2022/07/08 07:45:00","MHK VL","61756","46.92","1.59","0","1"
"2022/07/08 07:50:00","MHK VL","61756","47.73","1.61","0","1"
"2022/07/08 07:55:00","MHK VL","61756","49.35","1.71","0","1"
"2022/07/08 08:00:00","MHK VL","61756","47.62","1.65","0","1"
"2022/07/08 08:05:00","MHK VL","61756","46.99","1.68","0","1"
"2022/07/08 08:10:00","MHK VL","61756","47.58","1.65","0","1"
"2022/07/08 08:15:00","MHK VL","61756","48.3","1.63","0","1"
"2022/07/08 08:20:00","MHK VL","61756","49.13","1.7","0","1"
"2022/07/08 08:25:00","MHK VL","61756","49.54","1.72","0","1"
"2022/07/08 08:30:00","MHK VL","61756","49.54","1.72","0","1"
"2022/07/08 08:35:00","MHK VL","61756","49.54","1.72","0","1"
"2022/07/08 08:40:00","MHK VL","61756","49.54","1.72","0","1"
"2022/07/08 08:45:00","MHK VL","61756","50.64","1.76","0","1"
"2022/07/08 08:50:00","MHK VL","61756","55.09","1.97","0","1"
"2022/07/08 08:55:00","MHK VL","61756","56.27","2.01","0","1"
"2022/07/08 09:00:00","MHK VL","61756","56.35","2.01","0","1"
"2022/07/08 09:05:00","MHK VL","61756","56","1.94","0","1"
"2022/07/08 09:10:00","MHK VL","61756","56.17","1.95","0","1"
"2022/07/08 09:15:00","MHK VL","61756","56.29","1.95","0","1"
"2022/07/08 09:20:00","MHK VL","61756","60.81","2.11","0","1"
"2022/07/08 09:25:00","MHK VL","61756","65.64","2.22","0","1"
"2022/07/08 09:30:00","MHK VL","61756","60.38","2.04","0","1"
"2022/07/08 09:35:00","MHK VL","61756","56.05","1.89","0","1"
"2022/07/08 09:40:00","MHK VL","61756","56.12","1.95","0","1"
"2022/07/08 09:45:00","MHK VL","61756","60.24","2.09","0","1"
"2022/07/08 09:50:00","MHK VL","61756","60.68","2.11","0","1"
"2022/07/08 09:55:00","MHK VL","61756","60.24","2.15","0","1"
"2022/07/08 10:00:00","MHK VL","61756","54.57","2.1","5.86","1"
"2022/07/08 10:05:00","MHK VL","61756","55.88","1.94","0","1"
"2022/07/08 10:10:00","MHK VL","61756","50.56","1.95","5.61","1"
"2022/07/08 10:15:00","MHK VL","61756","52.89","2.04","5.84","1"
"2022/07/08 10:20:00","MHK VL","61756","54.38","2.09","5.99","1"
"2022/07/08 10:25:00","MHK VL","61756","54.32","2.09","5.98","1"
"2022/07/08 10:30:00","MHK VL","61756","58.57","2.28","7.23","1"
"2022/07/08 10:35:00","MHK VL","61756","60.68","2.36","7.45","1"
"2022/07/08 10:40:00","MHK VL","61756","56.51","2.37","11.75","1"
"2022/07/08 10:45:00","MHK VL","61756","30.33","2.49","39.46","1"
"2022/07/08 10:50:00","MHK VL","61756","62.17","2.46","6.73","1"
"2022/07/08 10:55:00","MHK VL","61756","70.12","2.43","0","1"
"2022/07/08 11:00:00","MHK VL","61756","69.18","2.47","0","1"
"2022/07/08 11:05:00","MHK VL","61756","76.33","2.65","0","1"
"2022/07/08 11:10:00","MHK VL","61756","76.17","2.64","0","1"
"2022/07/08 11:15:00","MHK VL","61756","73.84","2.56","0","1"
"2022/07/08 11:20:00","MHK VL","61756","70.36","2.44","0","1"
"2022/07/08 11:25:00","MHK VL","61756","70.29","2.44","0","1"
"2022/07/08 11:30:00","MHK VL","61756","70.29","2.44","0","1"
"2022/07/08 11:35:00","MHK VL","61756","75","2.6","0","1"
"2022/07/08 11:40:00","MHK VL","61756","76.53","2.66","0","1"
"2022/07/08 11:45:00","MHK VL","61756","69.81","2.36","0","1"
"2022/07/08 11:50:00","MHK VL","61756","70.37","2.38","0","1"
"2022/07/08 11:55:00","MHK VL","61756","76.74","2.59","0","1"
"2022/07/08 12:00:00","MHK VL","61756","70.22","2.44","0","1"
"2022/07/08 12:05:00","MHK VL","61756","69.62","2.42","0","1"
"2022/07/08 12:10:00","MHK VL","61756","73.53","2.55","0","1"
"2022/07/08 12:15:00","MHK VL","61756","81.53","2.83","0","1"
"2022/07/08 12:20:00","MHK VL","61756","85.58","3.06","0","1"
"2022/07/08 12:25:00","MHK VL","61756","85.42","2.96","0","1"
"2022/07/08 12:30:00","MHK VL","61756","86.12","2.91","0","1"
"2022/07/08 12:35:00","MHK VL","61756","86.39","2.92","0","1"
"2022/07/08 12:40:00","MHK VL","61756","108.95","3.68","0","1"
"2022/07/08 12:45:00","MHK VL","61756","84.28","2.85","0","1"
"2022/07/08 12:50:00","MHK VL","61756","84.18","2.92","0","1"
"2022/07/08 12:55:00","MHK VL","61756","94.54","3.28","0","1"
"2022/07/08 13:00:00","MHK VL","61756","75.86","2.63","0","1"
"2022/07/08 13:05:00","MHK VL","61756","78.79","2.66","0","1"
"2022/07/08 13:10:00","MHK VL","61756","83.67","2.83","0","1"
"2022/07/08 13:15:00","MHK VL","61756","83.93","3","0","1"
"2022/07/08 13:20:00","MHK VL","61756","85.79","2.98","0","1"
"2022/07/08 13:25:00","MHK VL","61756","83.85","2.99","0","1"
"2022/07/08 13:30:00","MHK VL","61756","85","3.03","0","1"
"2022/07/08 13:35:00","MHK VL","61756","85.76","3.06","0","1"
"2022/07/08 13:40:00","MHK VL","61756","85.07","3.04","0","1"
"2022/07/08 13:45:00","MHK VL","61756","84.83","2.94","0","1"
"2022/07/08 13:50:00","MHK VL","61756","77.34","2.96","7.9","1"
"2022/07/08 13:55:00","MHK VL","61756","83.68","2.83","0","1"
"2022/07/08 14:00:00","MHK VL","61756","80.98","2.74","0","1"
"2022/07/08 14:05:00","MHK VL","61756","83.91","2.91","0","1"
"2022/07/08 14:10:00","MHK VL","61756","85.88","2.98","0","1"
"2022/07/08 14:15:00","MHK VL","61756","86.31","3","0","1"
"2022/07/08 14:20:00","MHK VL","61756","94.78","3.29","0","1"
"2022/07/08 14:25:00","MHK VL","61756","87.96","3.05","0","1"
"2022/07/08 14:30:00","MHK VL","61756","85.81","2.98","0","1"
"2022/07/08 14:35:00","MHK VL","61756","87.79","2.97","0","1"
"2022/07/08 14:40:00","MHK VL","61756","87.79","2.97","0","1"
"2022/07/08 14:45:00","MHK VL","61756","89.44","3.1","0","1"
"2022/07/08 14:50:00","MHK VL","61756","87.93","2.97","0","1"
"2022/07/08 14:55:00","MHK VL","61756","87.85","2.97","0","1"
"2022/07/08 15:00:00","MHK VL","61756","87.15","2.95","0","1"
"2022/07/08 15:05:00","MHK VL","61756","85.44","2.81","0","1"
"2022/07/08 15:10:00","MHK VL","61756","82","2.77","0","1"
"2022/07/08 15:15:00","MHK VL","61756","81.69","2.83","0","1"
"2022/07/08 15:20:00","MHK VL","61756","83.6","2.9","0","1"
"2022/07/08 15:25:00","MHK VL","61756","83.75","2.91","0","1"
"2022/07/08 15:30:00","MHK VL","61756","83.88","2.91","0","1"
"2022/07/08 15:35:00","MHK VL","61756","83.74","2.91","0","1"
"2022/07/08 15:40:00","MHK VL","61756","83.18","2.89","0","1"
"2022/07/08 15:45:00","MHK VL","61756","84.41","2.93","0","1"
"2022/07/08 15:50:00","MHK VL","61756","83.14","2.97","0","1"
"2022/07/08 15:55:00","MHK VL","61756","75.93","2.98","7.41","1"
"2022/07/08 16:00:00","MHK VL","61756","74.97","2.94","7.36","1"
"2022/07/08 16:05:00","MHK VL","61756","76.87","3.09","7.51","1"
"2022/07/08 16:10:00","MHK VL","61756","77.07","3.17","7.39","1"
"2022/07/08 16:15:00","MHK VL","61756","76.45","3.14","7.3","1"
"2022/07/08 16:20:00","MHK VL","61756","77.35","3.18","7.4","1"
"2022/07/08 16:25:00","MHK VL","61756","84.76","3.18","0","1"
"2022/07/08 16:30:00","MHK VL","61756","78.59","3.23","7.51","1"
"2022/07/08 16:35:00","MHK VL","61756","85.97","3.22","0","1"
"2022/07/08 16:40:00","MHK VL","61756","86.25","3.23","0","1"
"2022/07/08 16:45:00","MHK VL","61756","84.91","3.18","0","1"
"2022/07/08 16:50:00","MHK VL","61756","85.08","3.19","0","1"
"2022/07/08 16:55:00","MHK VL","61756","85","3.19","0","1"
"2022/07/08 17:00:00","MHK VL","61756","81.77","3.07","0","1"
"2022/07/08 17:05:00","MHK VL","61756","75.1","2.82","0","1"
"2022/07/08 17:10:00","MHK VL","61756","68.59","2.97","6.73","1"
"2022/07/08 17:15:00","MHK VL","61756","73.66","3.19","7.18","1"
"2022/07/08 17:20:00","MHK VL","61756","77.54","3.35","7.54","1"
"2022/07/08 17:25:00","MHK VL","61756","77.54","3.35","7.54","1"
"2022/07/08 17:30:00","MHK VL","61756","76.3","3.3","7.43","1"
"2022/07/08 17:35:00","MHK VL","61756","77.63","3.36","7.53","1"
"2022/07/08 17:40:00","MHK VL","61756","83.96","3.31","0","1"
"2022/07/08 17:45:00","MHK VL","61756","85.58","3.37","0","1"
"2022/07/08 17:50:00","MHK VL","61756","85.62","3.37","0","1"
"2022/07/08 17:55:00","MHK VL","61756","85.7","3.38","0","1"
"2022/07/08 18:00:00","MHK VL","61756","85","3.27","0","1"
"2022/07/08 18:05:00","MHK VL","61756","71.08","2.74","0","1"
"2022/07/08 18:10:00","MHK VL","61756","71.08","2.8","0","1"
"2022/07/08 18:15:00","MHK VL","61756","70.92","2.86","0","1"
"2022/07/08 18:20:00","MHK VL","61756","70.7","2.85","0","1"
"2022/07/08 18:25:00","MHK VL","61756","74.34","3.06","0","1"
"2022/07/08 18:30:00","MHK VL","61756","80.41","3.31","0","1"
"2022/07/08 18:35:00","MHK VL","61756","81.24","3.27","0","1"
"2022/07/08 18:40:00","MHK VL","61756","77.99","3.14","0","1"
"2022/07/08 18:45:00","MHK VL","61756","75.33","3.04","0","1"
"2022/07/08 18:50:00","MHK VL","61756","74.35","3","0","1"
"2022/07/08 18:55:00","MHK VL","61756","70.19","2.83","0","1"
"2022/07/08 19:00:00","MHK VL","61756","75.74","3.05","0","1"
"2022/07/08 19:05:00","MHK VL","61756","68.4","2.76","0","1"
"2022/07/08 19:10:00","MHK VL","61756","70.72","2.98","0","1"
"2022/07/08 19:15:00","MHK VL","61756","72.1","3.26","6.97","1"
"2022/07/08 19:20:00","MHK VL","61756","62.2","2.81","6.1","1"
"2022/07/08 19:25:00","MHK VL","61756","61.41","2.78","6.04","1"
"2022/07/08 19:30:00","MHK VL","61756","61.36","2.78","6.03","1"
"2022/07/08 19:35:00","MHK VL","61756","61.1","2.78","6.41","1"
"2022/07/08 19:40:00","MHK VL","61756","61.53","2.78","6.03","1"
"2022/07/08 19:45:00","MHK VL","61756","63.41","2.87","6.2","1"
"2022/07/08 19:50:00","MHK VL","61756","67.42","2.78","0","1"
"2022/07/08 19:55:00","MHK VL","61756","67.42","2.78","0","1"
"2022/07/08 20:00:00","MHK VL","61756","81.67","3.36","0","1"
"2022/07/08 20:05:00","MHK VL","61756","68.94","2.78","0","1"
"2022/07/08 20:10:00","MHK VL","61756","68.14","2.68","0","1"
"2022/07/08 20:15:00","MHK VL","61756","68.24","2.69","0","1"
"2022/07/08 20:20:00","MHK VL","61756","76.41","3.01","0","1"
"2022/07/08 20:25:00","MHK VL","61756","76.61","3.09","0","1"
"2022/07/08 20:30:00","MHK VL","61756","69.73","3.1","7.21","1"
"2022/07/08 20:35:00","MHK VL","61756","77.02","3.1","0","1"
"2022/07/08 20:40:00","MHK VL","61756","76.69","3.16","0","1"
"2022/07/08 20:45:00","MHK VL","61756","68.27","2.75","0","1"
"2022/07/08 20:50:00","MHK VL","61756","68.02","2.68","0","1"
"2022/07/08 20:55:00","MHK VL","61756","68.02","2.68","0","1"
"2022/07/08 21:00:00","MHK VL","61756","60.85","2.65","6.37","1"
"2022/07/08 21:05:00","MHK VL","61756","58.17","2.48","6.12","1"
"2022/07/08 21:10:00","MHK VL","61756","60.38","2.65","6.83","1"
"2022/07/08 21:15:00","MHK VL","61756","63.43","2.72","7.13","1"
"2022/07/08 21:20:00","MHK VL","61756","66.33","2.82","6.95","1"
"2022/07/08 21:25:00","MHK VL","61756","63.57","2.71","6.7","1"
"2022/07/08 21:30:00","MHK VL","61756","63.7","2.64","6.72","1"
"2022/07/08 21:35:00","MHK VL","61756","63.7","2.64","6.73","1"
"2022/07/08 21:40:00","MHK VL","61756","69.98","2.62","0","1"
"2022/07/08 21:45:00","MHK VL","61756","63.57","2.64","6.7","1"
"2022/07/08 21:50:00","MHK VL","61756","60.54","2.51","6.43","1"
"2022/07/08 21:55:00","MHK VL","61756","62.81","2.71","7.46","1"
"2022/07/08 22:00:00","MHK VL","61756","66.29","2.89","6.95","1"
"2022/07/08 22:05:00","MHK VL","61756","64.65","2.61","0","1"
"2022/07/08 22:10:00","MHK VL","61756","58.43","2.61","6.29","1"
"2022/07/08 22:15:00","MHK VL","61756","72.68","2.86","0","1"
"2022/07/08 22:20:00","MHK VL","61756","86.7","3.42","0","1"
"2022/07/08 22:25:00","MHK VL","61756","76.13","3.31","7.98","1"
"2022/07/08 22:30:00","MHK VL","61756","64.95","2.8","7.87","1"
"2022/07/08 22:35:00","MHK VL","61756","66.24","2.55","0","1"
"2022/07/08 22:40:00","MHK VL","61756","59.3","2.53","6.38","1"
"2022/07/08 22:45:00","MHK VL","61756","59.96","2.31","0","1"
"2022/07/08 22:50:00","MHK VL","61756","59.32","2.28","0","1"
"2022/07/08 22:55:00","MHK VL","61756","58.57","2.2","0","1"
"2022/07/08 23:00:00","MHK VL","61756","69.94","2.62","0","1"
"2022/07/08 23:05:00","MHK VL","61756","60.49","2.33","0","1"
"2022/07/08 23:10:00","MHK VL","61756","68.42","2.57","0","1"
"2022/07/08 23:15:00","MHK VL","61756","74.29","2.79","0","1"
"2022/07/08 23:20:00","MHK VL","61756","70.14","2.63","0","1"
"2022/07/08 23:25:00","MHK VL","61756","68.35","2.56","0","1"
"2022/07/08 23:30:00","MHK VL","61756","60.48","2.27","0","1"
"2022/07/08 23:35:00","MHK VL","61756","58.01","2.18","0","1"
"2022/07/08 23:40:00","MHK VL","61756","57.55","2.11","0","1"
"2022/07/08 23:45:00","MHK VL","61756","52.61","2.13","5.71","1"
"2022/07/08 23:50:00","MHK VL","61756","52.86","2.15","5.75","1"
"2022/07/08 23:55:00","MHK VL","61756","54.32","2.15","5.88","1"
"2022/07/09 00:00:00","MHK VL","61756","51.94","2.06","5.66","1"
"2022/07/09 00:05:00","MHK VL","61756","48.94","1.88","5.38","1"
"2022/07/09 00:10:00","MHK VL","61756","49.92","1.92","5.39","1"
"2022/07/09 00:15:00","MHK VL","61756","72.81","2.4","0","1"
"2022/07/09 00:20:00","MHK VL","61756","74.08","2.57","0","1"
"2022/07/09 00:25:00","MHK VL","61756","73.1","2.54","0","1"
"2022/07/09 00:30:00","MHK VL","61756","72.26","2.51","0","1"
"2022/07/09 00:35:00","MHK VL","61756","73.77","2.49","0","1"
"2022/07/09 00:40:00","MHK VL","61756","74.01","2.5","0","1"
"2022/07/09 00:45:00","MHK VL","61756","72.13","2.44","0","1"
"2022/07/09 00:50:00","MHK VL","61756","71.99","2.43","0","1"
"2022/07/09 00:55:00","MHK VL","61756","71.93","2.43","0","1"
"2022/07/09 01:00:00","MHK VL","61756","71.79","2.36","0","1"
"2022/07/09 01:05:00","MHK VL","61756","65.96","2.17","0","1"
"2022/07/09 01:10:00","MHK VL","61756","61.35","2.02","0","1"
"2022/07/09 01:15:00","MHK VL","61756","61.52","2.02","0","1"
"2022/07/09 01:20:00","MHK VL","61756","64.75","2.13","0","1"
"2022/07/09 01:25:00","MHK VL","61756","55.56","1.83","0","1"
"2022/07/09 01:30:00","MHK VL","61756","57.43","1.83","0","1"
"2022/07/09 01:35:00","MHK VL","61756","56.15","1.79","0","1"
"2022/07/09 01:40:00","MHK VL","61756","54.59","1.74","0","1"
"2022/07/09 01:45:00","MHK VL","61756","54.64","1.74","0","1"
"2022/07/09 01:50:00","MHK VL","61756","57.54","1.84","0","1"
"2022/07/09 01:55:00","MHK VL","61756","56.2","1.79","0","1"
"2022/07/09 02:00:00","MHK VL","61756","64.99","2.07","0","1"
"2022/07/09 02:05:00","MHK VL","61756","58.77","1.82","0","1"
"2022/07/09 02:10:00","MHK VL","61756","58.82","1.82","0","1"
"2022/07/09 02:15:00","MHK VL","61756","64.62","2","0","1"
"2022/07/09 02:20:00","MHK VL","61756","57.75","1.79","0","1"
"2022/07/09 02:25:00","MHK VL","61756","58.09","1.85","0","1"
"2022/07/09 02:30:00","MHK VL","61756","50.34","1.78","5.44","1"
"2022/07/09 02:35:00","MHK VL","61756","49.13","1.69","5.33","1"
"2022/07/09 02:40:00","MHK VL","61756","53.68","1.66","0","1"
"2022/07/09 02:45:00","MHK VL","61756","47.66","1.66","6.02","1"
"2022/07/09 02:50:00","MHK VL","61756","47.83","1.64","5.21","1"
"2022/07/09 02:55:00","MHK VL","61756","50.5","1.57","0","1"
"2022/07/09 03:00:00","MHK VL","61756","48.36","1.66","5.27","1"
"2022/07/09 03:05:00","MHK VL","61756","48.04","1.66","5.64","1"
"2022/07/09 03:10:00","MHK VL","61756","53.37","1.51","0","1"
"2022/07/09 03:15:00","MHK VL","61756","47.46","1.29","0","1"
"2022/07/09 03:20:00","MHK VL","61756","47.07","1.28","0","1"
"2022/07/09 03:25:00","MHK VL","61756","42.43","1.33","4.73","1"
"2022/07/09 03:30:00","MHK VL","61756","42.1","1.33","5.1","1"
"2022/07/09 03:35:00","MHK VL","61756","41.88","1.34","5.49","1"
"2022/07/09 03:40:00","MHK VL","61756","42.46","1.34","5.13","1"
"2022/07/09 03:45:00","MHK VL","61756","42.78","1.29","4.77","1"
"2022/07/09 03:50:00","MHK VL","61756","42.95","1.3","4.78","1"
"2022/07/09 03:55:00","MHK VL","61756","41.84","1.27","4.69","1"
"2022/07/09 04:00:00","MHK VL","61756","48.03","1.31","0","1"
"2022/07/09 04:05:00","MHK VL","61756","42.87","1.3","4.77","1"
"2022/07/09 04:10:00","MHK VL","61756","42.68","1.29","4.83","1"
"2022/07/09 04:15:00","MHK VL","61756","47.73","1.35","0","1"
"2022/07/09 04:20:00","MHK VL","61756","47.65","1.34","0","1"
"2022/07/09 04:25:00","MHK VL","61756","47.56","1.34","0","1"
"2022/07/09 04:30:00","MHK VL","61756","47.69","1.34","0","1"
"2022/07/09 04:35:00","MHK VL","61756","47.91","1.35","0","1"
"2022/07/09 04:40:00","MHK VL","61756","47.73","1.3","0","1"
"2022/07/09 04:45:00","MHK VL","61756","47.6","1.34","0","1"
"2022/07/09 04:50:00","MHK VL","61756","46.66","1.27","0","1"
"2022/07/09 04:55:00","MHK VL","61756","47.6","1.29","0","1"
"2022/07/09 05:00:00","MHK VL","61756","46.44","1.31","0","1"
"2022/07/09 05:05:00","MHK VL","61756","48.07","1.36","0","1"
"2022/07/09 05:10:00","MHK VL","61756","48.44","1.37","0","1"
"2022/07/09 05:15:00","MHK VL","61756","47.63","1.34","0","1"
"2022/07/09 05:20:00","MHK VL","61756","47.04","1.33","0","1"
"2022/07/09 05:25:00","MHK VL","61756","46.9","1.32","0","1"
"2022/07/09 05:30:00","MHK VL","61756","47","1.33","0","1"
"2022/07/09 05:35:00","MHK VL","61756","47.47","1.34","0","1"
"2022/07/09 05:40:00","MHK VL","61756","46.3","1.31","0","1"
"2022/07/09 05:45:00","MHK VL","61756","47.25","1.29","0","1"
"2022/07/09 05:50:00","MHK VL","61756","47.38","1.34","0","1"
"2022/07/09 05:55:00","MHK VL","61756","48.03","1.35","0","1"
"2022/07/09 06:00:00","MHK VL","61756","47.16","1.28","0","1"
"2022/07/09 06:05:00","MHK VL","61756","48.25","1.36","0","1"
"2022/07/09 06:10:00","MHK VL","61756","48.6","1.32","0","1"
"2022/07/09 06:15:00","MHK VL","61756","48.35","1.36","0","1"
"2022/07/09 06:20:00","MHK VL","61756","48.3","1.36","0","1"
"2022/07/09 06:25:00","MHK VL","61756","48.25","1.36","0","1"
"2022/07/09 06:30:00","MHK VL","61756","48.4","1.36","0","1"
"2022/07/09 06:35:00","MHK VL","61756","48.63","1.42","0","1"
"2022/07/09 06:40:00","MHK VL","61756","48.63","1.42","0","1"
"2022/07/09 06:45:00","MHK VL","61756","48.59","1.37","0","1"
"2022/07/09 06:50:00","MHK VL","61756","49.11","1.43","0","1"
"2022/07/09 06:55:00","MHK VL","61756","50.11","1.46","0","1"
"2022/07/09 07:00:00","MHK VL","61756","39.5","1.15","0","1"
"2022/07/09 07:05:00","MHK VL","61756","41.4","1.25","0","1"
"2022/07/09 07:10:00","MHK VL","61756","41.28","1.36","0","1"
"2022/07/09 07:15:00","MHK VL","61756","42.09","1.38","0","1"
"2022/07/09 07:20:00","MHK VL","61756","43.79","1.48","0","1"
"2022/07/09 07:25:00","MHK VL","61756","43.79","1.48","0","1"
"2022/07/09 07:30:00","MHK VL","61756","35.72","1.64","11.51","1"
"2022/07/09 07:35:00","MHK VL","61756","8.48","1.63","38.63","1"
"2022/07/09 07:40:00","MHK VL","61756","8.48","1.63","38.63","1"
"2022/07/09 07:45:00","MHK VL","61756","8.43","1.63","38.63","1"
"2022/07/09 07:50:00","MHK VL","61756","47.19","1.64","0","1"
"2022/07/09 07:55:00","MHK VL","61756","47.27","1.6","0","1"
"2022/07/09 08:00:00","MHK VL","61756","46.84","1.54","0","1"
"2022/07/09 08:05:00","MHK VL","61756","46.93","1.59","0","1"
"2022/07/09 08:10:00","MHK VL","61756","47.14","1.55","0","1"
"2022/07/09 08:15:00","MHK VL","61756","46.85","1.54","0","1"
"2022/07/09 08:20:00","MHK VL","61756","46.81","1.58","0","1"
"2022/07/09 08:25:00","MHK VL","61756","47.02","1.59","0","1"
"2022/07/09 08:30:00","MHK VL","61756","46.76","1.58","0","1"
"2022/07/09 08:35:00","MHK VL","61756","46.68","1.58","0","1"
"2022/07/09 08:40:00","MHK VL","61756","46.72","1.58","0","1"
"2022/07/09 08:45:00","MHK VL","61756","46.93","1.59","0","1"
"2022/07/09 08:50:00","MHK VL","61756","47.02","1.59","0","1"
"2022/07/09 08:55:00","MHK VL","61756","47.5","1.61","0","1"
"2022/07/09 09:00:00","MHK VL","61756","36.1","1.6","11.37","1"
"2022/07/09 09:05:00","MHK VL","61756","9.27","1.6","38.15","1"
"2022/07/09 09:10:00","MHK VL","61756","9.4","1.57","38.18","1"
"2022/07/09 09:15:00","MHK VL","61756","10.32","1.64","38.18","1"
"2022/07/09 09:20:00","MHK VL","61756","48.59","1.6","0","1"
"2022/07/09 09:25:00","MHK VL","61756","48.59","1.6","0","1"
"2022/07/09 09:30:00","MHK VL","61756","48.01","1.58","0","1"
"2022/07/09 09:35:00","MHK VL","61756","47.96","1.58","0","1"
"2022/07/09 09:40:00","MHK VL","61756","49.15","1.62","0","1"
"2022/07/09 09:45:00","MHK VL","61756","49.41","1.63","0","1"
"2022/07/09 09:50:00","MHK VL","61756","50.27","1.7","0","1"
"2022/07/09 09:55:00","MHK VL","61756","50.27","1.7","0","1"
"2022/07/09 10:00:00","MHK VL","61756","49.46","1.63","0","1"
"2022/07/09 10:05:00","MHK VL","61756","49.59","1.58","0","1"
"2022/07/09 10:10:00","MHK VL","61756","49.66","1.58","0","1"
"2022/07/09 10:15:00","MHK VL","61756","50.28","1.6","0","1"
"2022/07/09 10:20:00","MHK VL","61756","50.07","1.6","0","1"
"2022/07/09 10:25:00","MHK VL","61756","50.23","1.6","0","1"
"2022/07/09 10:30:00","MHK VL","61756","50.96","1.58","0","1"
"2022/07/09 10:35:00","MHK VL","61756","51.01","1.58","0","1"
"2022/07/09 10:40:00","MHK VL","61756","53.62","1.66","0","1"
"2022/07/09 10:45:00","MHK VL","61756","56.43","1.75","0","1"
"2022/07/09 10:50:00","MHK VL","61756","53.89","1.72","0","1"
"2022/07/09 10:55:00","MHK VL","61756","56.25","1.79","0","1"
"2022/07/09 11:00:00","MHK VL","61756","39.8","1.63","11.2","1"
"2022/07/09 11:05:00","MHK VL","61756","39.71","1.62","11.2","1"
"2022/07/09 11:10:00","MHK VL","61756","50.96","1.63","0","1"
"2022/07/09 11:15:00","MHK VL","61756","51","1.63","0","1"
"2022/07/09 11:20:00","MHK VL","61756","50.96","1.63","0","1"
"2022/07/09 11:25:00","MHK VL","61756","53.5","1.71","0","1"
"2022/07/09 11:30:00","MHK VL","61756","55.47","1.77","0","1"
"2022/07/09 11:35:00","MHK VL","61756","56.37","1.85","0","1"
"2022/07/09 11:40:00","MHK VL","61756","56.43","1.86","0","1"
"2022/07/09 11:45:00","MHK VL","61756","56.44","1.8","0","1"
"2022/07/09 11:50:00","MHK VL","61756","56.6","1.81","0","1"
"2022/07/09 11:55:00","MHK VL","61756","56.65","1.76","0","1"
"2022/07/09 12:00:00","MHK VL","61756","56.54","1.8","0","1"
"2022/07/09 12:05:00","MHK VL","61756","60.06","1.98","0","1"
"2022/07/09 12:10:00","MHK VL","61756","52.87","2.1","10.86","1"
"2022/07/09 12:15:00","MHK VL","61756","87.19","3.94","36.46","1"
"2022/07/09 12:20:00","MHK VL","61756","27.54","2.11","36.46","1"
"2022/07/09 12:25:00","MHK VL","61756","60.79","2","0","1"
"2022/07/09 12:30:00","MHK VL","61756","60.98","2.01","0","1"
"2022/07/09 12:35:00","MHK VL","61756","65.06","2.08","0","1"
"2022/07/09 12:40:00","MHK VL","61756","64","2.11","0","1"
"2022/07/09 12:45:00","MHK VL","61756","63.67","2.09","0","1"
"2022/07/09 12:50:00","MHK VL","61756","63.53","2.09","0","1"
"2022/07/09 12:55:00","MHK VL","61756","66.26","2.18","0","1"
"2022/07/09 13:00:00","MHK VL","61756","65.72","2.16","0","1"
"2022/07/09 13:05:00","MHK VL","61756","70.97","2.26","0","1"
"2022/07/09 13:10:00","MHK VL","61756","70.95","2.33","0","1"
"2022/07/09 13:15:00","MHK VL","61756","69.33","2.28","0","1"
"2022/07/09 13:20:00","MHK VL","61756","66.66","2.19","0","1"
"2022/07/09 13:25:00","MHK VL","61756","66.6","2.12","0","1"
"2022/07/09 13:30:00","MHK VL","61756","65.48","2.15","0","1"
"2022/07/09 13:35:00","MHK VL","61756","65.4","2.15","0","1"
"2022/07/09 13:40:00","MHK VL","61756","65.93","2.17","0","1"
"2022/07/09 13:45:00","MHK VL","61756","65.28","2.15","0","1"
"2022/07/09 13:50:00","MHK VL","61756","65.28","2.15","0","1"
"2022/07/09 13:55:00","MHK VL","61756","65.16","2.08","0","1"
"2022/07/09 14:00:00","MHK VL","61756","67.79","2.23","0","1"
"2022/07/09 14:05:00","MHK VL","61756","65.71","2.22","0","1"
"2022/07/09 14:10:00","MHK VL","61756","69.68","2.42","0","1"
"2022/07/09 14:15:00","MHK VL","61756","67.7","2.29","0","1"
"2022/07/09 14:20:00","MHK VL","61756","66.67","2.25","0","1"
"2022/07/09 14:25:00","MHK VL","61756","67.64","2.29","0","1"
"2022/07/09 14:30:00","MHK VL","61756","67.64","2.29","0","1"
"2022/07/09 14:35:00","MHK VL","61756","67.62","2.35","0","1"
"2022/07/09 14:40:00","MHK VL","61756","67.55","2.34","0","1"
"2022/07/09 14:45:00","MHK VL","61756","67.38","2.34","0","1"
"2022/07/09 14:50:00","MHK VL","61756","66.43","2.31","0","1"
"2022/07/09 14:55:00","MHK VL","61756","66.42","2.3","0","1"
"2022/07/09 15:00:00","MHK VL","61756","65.64","2.28","0","1"
"2022/07/09 15:05:00","MHK VL","61756","60.17","2.09","0","1"
"2022/07/09 15:10:00","MHK VL","61756","60.17","2.15","0","1"
"2022/07/09 15:15:00","MHK VL","61756","63.45","2.27","0","1"
"2022/07/09 15:20:00","MHK VL","61756","64.94","2.32","0","1"
"2022/07/09 15:25:00","MHK VL","61756","63.52","2.27","0","1"
"2022/07/09 15:30:00","MHK VL","61756","65.17","2.33","0","1"
"2022/07/09 15:35:00","MHK VL","61756","66.33","2.37","0","1"
"2022/07/09 15:40:00","MHK VL","61756","69.39","2.48","0","1"
"2022/07/09 15:45:00","MHK VL","61756","66.43","2.37","0","1"
"2022/07/09 15:50:00","MHK VL","61756","69.58","2.48","0","1"
"2022/07/09 15:55:00","MHK VL","61756","69.57","2.48","0","1"
"2022/07/09 16:00:00","MHK VL","61756","62.73","2.46","6.07","1"
"2022/07/09 16:05:00","MHK VL","61756","64.94","2.61","6.26","1"
"2022/07/09 16:10:00","MHK VL","61756","64.83","2.6","6.22","1"
"2022/07/09 16:15:00","MHK VL","61756","33.61","2.59","35.52","1"
"2022/07/09 16:20:00","MHK VL","61756","35.73","2.61","35.52","1"
"2022/07/09 16:25:00","MHK VL","61756","35.68","2.61","35.52","1"
"2022/07/09 16:30:00","MHK VL","61756","61.17","2.45","5.91","1"
"2022/07/09 16:35:00","MHK VL","61756","67.09","2.46","0","1"
"2022/07/09 16:40:00","MHK VL","61756","68.1","2.49","0","1"
"2022/07/09 16:45:00","MHK VL","61756","68.1","2.49","0","1"
"2022/07/09 16:50:00","MHK VL","61756","68.45","2.51","0","1"
"2022/07/09 16:55:00","MHK VL","61756","68.55","2.51","0","1"
"2022/07/09 17:00:00","MHK VL","61756","68.09","2.49","0","1"
"2022/07/09 17:05:00","MHK VL","61756","68","2.49","0","1"
"2022/07/09 17:10:00","MHK VL","61756","67.05","2.45","0","1"
"2022/07/09 17:15:00","MHK VL","61756","68.24","2.56","0","1"
"2022/07/09 17:20:00","MHK VL","61756","68.34","2.56","0","1"
"2022/07/09 17:25:00","MHK VL","61756","68.35","2.56","0","1"
"2022/07/09 17:30:00","MHK VL","61756","68.35","2.56","0","1"
"2022/07/09 17:35:00","MHK VL","61756","68.61","2.57","0","1"
"2022/07/09 17:40:00","MHK VL","61756","70.7","2.72","0","1"
"2022/07/09 17:45:00","MHK VL","61756","68.54","2.64","0","1"
"2022/07/09 17:50:00","MHK VL","61756","71.69","2.76","0","1"
"2022/07/09 17:55:00","MHK VL","61756","71.69","2.76","0","1"
"2022/07/09 18:00:00","MHK VL","61756","73.35","2.82","0","1"
"2022/07/09 18:05:00","MHK VL","61756","76.88","2.96","0","1"
"2022/07/09 18:10:00","MHK VL","61756","79.39","3.13","0","1"
"2022/07/09 18:15:00","MHK VL","61756","76.78","3.09","0","1"
"2022/07/09 18:20:00","MHK VL","61756","79.39","3.2","0","1"
"2022/07/09 18:25:00","MHK VL","61756","82.35","3.32","0","1"
"2022/07/09 18:30:00","MHK VL","61756","75.67","3.12","0","1"
"2022/07/09 18:35:00","MHK VL","61756","72.51","2.99","0","1"
"2022/07/09 18:40:00","MHK VL","61756","73.41","3.02","0","1"
"2022/07/09 18:45:00","MHK VL","61756","71.97","2.97","0","1"
"2022/07/09 18:50:00","MHK VL","61756","70.87","2.86","0","1"
"2022/07/09 18:55:00","MHK VL","61756","70.43","2.84","0","1"
"2022/07/09 19:00:00","MHK VL","61756","70.26","2.83","0","1"
"2022/07/09 19:05:00","MHK VL","61756","69.07","2.78","0","1"
"2022/07/09 19:10:00","MHK VL","61756","69.11","2.85","0","1"
"2022/07/09 19:15:00","MHK VL","61756","73.42","3.02","0","1"
"2022/07/09 19:20:00","MHK VL","61756","70.58","2.91","0","1"
"2022/07/09 19:25:00","MHK VL","61756","69.11","2.85","0","1"
"2022/07/09 19:30:00","MHK VL","61756","73.68","2.97","0","1"
"2022/07/09 19:35:00","MHK VL","61756","70.39","2.84","0","1"
"2022/07/09 19:40:00","MHK VL","61756","69.01","2.78","0","1"
"2022/07/09 19:45:00","MHK VL","61756","68.97","2.78","0","1"
"2022/07/09 19:50:00","MHK VL","61756","68.98","2.72","0","1"
"2022/07/09 19:55:00","MHK VL","61756","68.78","2.77","0","1"
"2022/07/09 20:00:00","MHK VL","61756","68.95","2.78","0","1"
"2022/07/09 20:05:00","MHK VL","61756","68.9","2.71","0","1"
"2022/07/09 20:10:00","MHK VL","61756","68.91","2.78","0","1"
"2022/07/09 20:15:00","MHK VL","61756","68.85","2.77","0","1"
"2022/07/09 20:20:00","MHK VL","61756","68.79","2.77","0","1"
"2022/07/09 20:25:00","MHK VL","61756","68.72","2.77","0","1"
"2022/07/09 20:30:00","MHK VL","61756","68.91","2.78","0","1"
"2022/07/09 20:35:00","MHK VL","61756","69.1","2.78","0","1"
"2022/07/09 20:40:00","MHK VL","61756","69.03","2.78","0","1"
"2022/07/09 20:45:00","MHK VL","61756","68.92","2.78","0","1"
"2022/07/09 20:50:00","MHK VL","61756","61.79","2.76","6.74","1"
"2022/07/09 20:55:00","MHK VL","61756","56.82","2.83","11.8","1"
"2022/07/09 21:00:00","MHK VL","61756","29.15","2.83","39.63","1"
"2022/07/09 21:05:00","MHK VL","61756","-18.66","2.96","87.45","1"
"2022/07/09 21:10:00","MHK VL","61756","-18.95","2.97","87.8","1"
"2022/07/09 21:15:00","MHK VL","61756","61.14","2.83","7.52","1"
"2022/07/09 21:20:00","MHK VL","61756","61.85","2.76","6.75","1"
"2022/07/09 21:25:00","MHK VL","61756","68.71","2.77","0","1"
"2022/07/09 21:30:00","MHK VL","61756","68.52","2.7","0","1"
"2022/07/09 21:35:00","MHK VL","61756","61.71","2.7","6.73","1"
"2022/07/09 21:40:00","MHK VL","61756","61.63","2.69","6.72","1"
"2022/07/09 21:45:00","MHK VL","61756","60.43","2.38","0","1"
"2022/07/09 21:50:00","MHK VL","61756","58.25","2.29","0","1"
"2022/07/09 21:55:00","MHK VL","61756","48.9","2.14","5.47","1"
"2022/07/09 22:00:00","MHK VL","61756","67.38","2.65","0","1"
"2022/07/09 22:03:44","MHK VL","61756","57.33","2.21","0","1"
"2022/07/09 22:04:56","MHK VL","61756","74.52","2.87","0","1"
"2022/07/09 22:05:00","MHK VL","61756","70.49","2.71","0","1"
"2022/07/09 22:10:00","MHK VL","61756","70.49","2.71","0","1"
"2022/07/09 22:15:00","MHK VL","61756","70.49","2.71","0","1"
"2022/07/09 22:20:00","MHK VL","61756","63.62","2.64","6.85","1"
"2022/07/09 22:25:00","MHK VL","61756","62.83","2.64","7.66","1"
"2022/07/09 22:30:00","MHK VL","61756","58.71","2.64","11.7","1"
"2022/07/09 22:35:00","MHK VL","61756","62.92","2.65","7.67","1"
"2022/07/09 22:40:00","MHK VL","61756","59.53","2.61","11.7","1"
"2022/07/09 22:45:00","MHK VL","61756","55.85","2.3","7","1"
"2022/07/09 22:50:00","MHK VL","61756","46.94","2.15","11.7","1"
"2022/07/09 22:55:00","MHK VL","61756","51.3","2.31","11.7","1"
"2022/07/09 23:00:00","MHK VL","61756","28.34","2.48","39.29","1"
"2022/07/09 23:05:00","MHK VL","61756","32.71","2.64","39.29","1"
"2022/07/09 23:10:00","MHK VL","61756","32.81","2.57","39.21","1"
"2022/07/09 23:15:00","MHK VL","61756","61.62","2.62","11.68","1"
"2022/07/09 23:20:00","MHK VL","61756","73.32","2.92","8.61","1"
"2022/07/09 23:25:00","MHK VL","61756","74.01","2.64","0","1"
"2022/07/09 23:30:00","MHK VL","61756","73.93","2.57","0","1"
"2022/07/09 23:35:00","MHK VL","61756","73.86","2.5","0","1"
"2022/07/09 23:40:00","MHK VL","61756","75.5","2.55","0","1"
"2022/07/09 23:45:00","MHK VL","61756","72.86","2.46","0","1"
"2022/07/09 23:50:00","MHK VL","61756","72.55","2.45","0","1"
"2022/07/09 23:55:00","MHK VL","61756","72.55","2.45","0","1"
"2022/07/10 00:00:00","MHK VL","61756","68.91","2.39","0","1"
"2022/07/10 00:05:00","MHK VL","61756","59.38","2.01","0","1"
"2022/07/10 00:10:00","MHK VL","61756","59.83","2.08","0","1"
"2022/07/10 00:15:00","MHK VL","61756","73.55","2.49","0","1"
"2022/07/10 00:20:00","MHK VL","61756","69.21","2.28","0","1"
"2022/07/10 00:25:00","MHK VL","61756","69.15","2.28","0","1"
"2022/07/10 00:30:00","MHK VL","61756","69.28","2.28","0","1"
"2022/07/10 00:35:00","MHK VL","61756","69.44","2.28","0","1"
"2022/07/10 00:40:00","MHK VL","61756","69.28","2.28","0","1"
"2022/07/10 00:45:00","MHK VL","61756","64.1","2.11","0","1"
"2022/07/10 00:50:00","MHK VL","61756","59.64","1.96","0","1"
"2022/07/10 00:55:00","MHK VL","61756","56.26","1.79","0","1"
"2022/07/10 01:00:00","MHK VL","61756","65.13","2.14","0","1"
"2022/07/10 01:05:00","MHK VL","61756","59.7","2.02","0","1"
"2022/07/10 01:10:00","MHK VL","61756","59.64","1.96","0","1"
"2022/07/10 01:15:00","MHK VL","61756","59.36","1.89","0","1"
"2022/07/10 01:20:00","MHK VL","61756","58.21","1.92","0","1"
"2022/07/10 01:25:00","MHK VL","61756","57.36","1.89","0","1"
"2022/07/10 01:30:00","MHK VL","61756","57.25","1.88","0","1"
"2022/07/10 01:35:00","MHK VL","61756","57.08","1.82","0","1"
"2022/07/10 01:40:00","MHK VL","61756","52.83","1.69","0","1"
"2022/07/10 01:45:00","MHK VL","61756","50.41","1.61","0","1"
"2022/07/10 01:50:00","MHK VL","61756","47.88","1.53","0","1"
"2022/07/10 01:55:00","MHK VL","61756","47.88","1.53","0","1"
"2022/07/10 02:00:00","MHK VL","61756","50.17","1.56","0","1"
"2022/07/10 02:05:00","MHK VL","61756","50.36","1.52","0","1"
"2022/07/10 02:10:00","MHK VL","61756","45.42","1.28","0","1"
"2022/07/10 02:15:00","MHK VL","61756","56.41","1.7","0","1"
"2022/07/10 02:20:00","MHK VL","61756","51.49","1.55","0","1"
"2022/07/10 02:25:00","MHK VL","61756","51.3","1.59","0","1"
"2022/07/10 02:30:00","MHK VL","61756","50.87","1.53","0","1"
"2022/07/10 02:35:00","MHK VL","61756","50.78","1.53","0","1"
"2022/07/10 02:40:00","MHK VL","61756","48.32","1.45","0","1"
"2022/07/10 02:45:00","MHK VL","61756","45.55","1.37","0","1"
"2022/07/10 02:50:00","MHK VL","61756","44.76","1.35","0","1"
"2022/07/10 02:55:00","MHK VL","61756","43.6","1.31","0","1"
"2022/07/10 03:00:00","MHK VL","61756","51.39","1.55","0","1"
"2022/07/10 03:05:00","MHK VL","61756","46.02","1.39","0","1"
"2022/07/10 03:10:00","MHK VL","61756","45.85","1.29","0","1"
"2022/07/10 03:15:00","MHK VL","61756","45.62","1.29","0","1"
"2022/07/10 03:20:00","MHK VL","61756","44.93","1.27","0","1"
"2022/07/10 03:25:00","MHK VL","61756","43.71","1.19","0","1"
"2022/07/10 03:30:00","MHK VL","61756","43.83","1.24","0","1"
"2022/07/10 03:35:00","MHK VL","61756","43.83","1.24","0","1"
"2022/07/10 03:40:00","MHK VL","61756","43.87","1.24","0","1"
"2022/07/10 03:45:00","MHK VL","61756","45.62","1.29","0","1"
"2022/07/10 03:50:00","MHK VL","61756","48.8","1.33","0","1"
"2022/07/10 03:55:00","MHK VL","61756","46.01","1.3","0","1"
"2022/07/10 04:00:00","MHK VL","61756","49.93","1.41","0","1"
"2022/07/10 04:05:00","MHK VL","61756","49.84","1.41","0","1"
"2022/07/10 04:10:00","MHK VL","61756","49.76","1.4","0","1"
"2022/07/10 04:15:00","MHK VL","61756","48.91","1.38","0","1"
"2022/07/10 04:20:00","MHK VL","61756","48.02","1.4","0","1"
"2022/07/10 04:25:00","MHK VL","61756","47.92","1.35","0","1"
"2022/07/10 04:30:00","MHK VL","61756","48.85","1.42","0","1"
"2022/07/10 04:35:00","MHK VL","61756","48.76","1.38","0","1"
"2022/07/10 04:40:00","MHK VL","61756","48.75","1.37","0","1"
"2022/07/10 04:45:00","MHK VL","61756","43.71","1.23","0","1"
"2022/07/10 04:50:00","MHK VL","61756","42.6","1.2","0","1"
"2022/07/10 04:55:00","MHK VL","61756","42.64","1.2","0","1"
"2022/07/10 05:00:00","MHK VL","61756","42.62","1.2","0","1"
"2022/07/10 05:05:00","MHK VL","61756","43.05","1.21","0","1"
"2022/07/10 05:10:00","MHK VL","61756","43.01","1.21","0","1"
"2022/07/10 05:15:00","MHK VL","61756","43.09","1.22","0","1"
"2022/07/10 05:20:00","MHK VL","61756","43.92","1.24","0","1"
"2022/07/10 05:25:00","MHK VL","61756","43.09","1.22","0","1"
"2022/07/10 05:30:00","MHK VL","61756","42.45","1.2","0","1"
"2022/07/10 05:35:00","MHK VL","61756","42.26","1.19","0","1"
"2022/07/10 05:40:00","MHK VL","61756","42.31","1.19","0","1"
"2022/07/10 05:45:00","MHK VL","61756","42.41","1.15","0","1"
"2022/07/10 05:50:00","MHK VL","61756","42.57","1.2","0","1"
"2022/07/10 05:55:00","MHK VL","61756","42.45","1.15","0","1"
"2022/07/10 06:00:00","MHK VL","61756","40.42","1.1","0","1"
"2022/07/10 06:05:00","MHK VL","61756","48.01","1.26","0","1"
"2022/07/10 06:10:00","MHK VL","61756","47.98","1.26","0","1"
"2022/07/10 06:15:00","MHK VL","61756","43.83","1.19","0","1"
"2022/07/10 06:20:00","MHK VL","61756","42.96","1.17","0","1"
"2022/07/10 06:25:00","MHK VL","61756","42.96","1.17","0","1"
"2022/07/10 06:30:00","MHK VL","61756","42.48","1.16","0","1"
"2022/07/10 06:35:00","MHK VL","61756","42.41","1.15","0","1"
"2022/07/10 06:40:00","MHK VL","61756","42.41","1.15","0","1"
"2022/07/10 06:45:00","MHK VL","61756","42.52","1.16","0","1"
"2022/07/10 06:50:00","MHK VL","61756","42.33","1.15","0","1"
"2022/07/10 06:55:00","MHK VL","61756","47.85","1.3","0","1"
"2022/07/10 07:00:00","MHK VL","61756","32.95","0.9","0","1"
"2022/07/10 07:05:00","MHK VL","61756","46.58","1.27","0","1"
"2022/07/10 07:10:00","MHK VL","61756","42.53","1.24","0","1"
"2022/07/10 07:15:00","MHK VL","61756","39.14","1.14","0","1"
"2022/07/10 07:20:00","MHK VL","61756","40.38","1.22","0","1"
"2022/07/10 07:25:00","MHK VL","61756","40.65","1.22","0","1"
"2022/07/10 07:30:00","MHK VL","61756","40.38","1.22","0","1"
"2022/07/10 07:35:00","MHK VL","61756","40.42","1.22","0","1"
"2022/07/10 07:40:00","MHK VL","61756","41.62","1.25","0","1"
"2022/07/10 07:45:00","MHK VL","61756","40.42","1.22","0","1"
"2022/07/10 07:50:00","MHK VL","61756","40.69","1.22","0","1"
"2022/07/10 07:55:00","MHK VL","61756","41.15","1.24","0","1"
"2022/07/10 08:00:00","MHK VL","61756","38.07","1.11","0","1"
"2022/07/10 08:05:00","MHK VL","61756","39.89","1.16","0","1"
"2022/07/10 08:10:00","MHK VL","61756","40.1","1.13","0","1"
"2022/07/10 08:15:00","MHK VL","61756","40.68","1.18","0","1"
"2022/07/10 08:20:00","MHK VL","61756","41.2","1.2","0","1"
"2022/07/10 08:25:00","MHK VL","61756","43.32","1.26","0","1"
"2022/07/10 08:30:00","MHK VL","61756","43.23","1.26","0","1"
"2022/07/10 08:35:00","MHK VL","61756","43.23","1.26","0","1"
"2022/07/10 08:40:00","MHK VL","61756","44.37","1.34","0","1"
"2022/07/10 08:45:00","MHK VL","61756","46.46","1.4","0","1"
"2022/07/10 08:50:00","MHK VL","61756","46.55","1.4","0","1"
"2022/07/10 08:55:00","MHK VL","61756","46.42","1.4","0","1"
"2022/07/10 09:00:00","MHK VL","61756","41.9","1.26","0","1"
"2022/07/10 09:05:00","MHK VL","61756","37.94","1.14","0","1"
"2022/07/10 09:10:00","MHK VL","61756","37.98","1.11","0","1"
"2022/07/10 09:15:00","MHK VL","61756","40.44","1.18","0","1"
"2022/07/10 09:20:00","MHK VL","61756","45.73","1.38","0","1"
"2022/07/10 09:25:00","MHK VL","61756","41.58","1.21","0","1"
"2022/07/10 09:30:00","MHK VL","61756","38.61","1.12","0","1"
"2022/07/10 09:35:00","MHK VL","61756","39.28","1.14","0","1"
"2022/07/10 09:40:00","MHK VL","61756","39.97","1.16","0","1"
"2022/07/10 09:45:00","MHK VL","61756","44.02","1.28","0","1"
"2022/07/10 09:50:00","MHK VL","61756","46.04","1.39","0","1"
"2022/07/10 09:55:00","MHK VL","61756","43.97","1.32","0","1"
"2022/07/10 10:00:00","MHK VL","61756","43.6","1.27","0","1"
"2022/07/10 10:05:00","MHK VL","61756","43.6","1.27","0","1"
"2022/07/10 10:10:00","MHK VL","61756","43.7","1.23","0","1"
"2022/07/10 10:15:00","MHK VL","61756","43.47","1.23","0","1"
"2022/07/10 10:20:00","MHK VL","61756","40.31","1.14","0","1"
"2022/07/10 10:25:00","MHK VL","61756","42.01","1.18","0","1"
"2022/07/10 10:30:00","MHK VL","61756","43.51","1.27","0","1"
"2022/07/10 10:35:00","MHK VL","61756","44.94","1.31","0","1"
"2022/07/10 10:40:00","MHK VL","61756","44.98","1.31","0","1"
"2022/07/10 10:45:00","MHK VL","61756","44.98","1.31","0","1"
"2022/07/10 10:50:00","MHK VL","61756","44.98","1.31","0","1"
"2022/07/10 10:55:00","MHK VL","61756","45.63","1.33","0","1"
"2022/07/10 11:00:00","MHK VL","61756","45.59","1.33","0","1"
"2022/07/10 11:05:00","MHK VL","61756","45.59","1.33","0","1"
"2022/07/10 11:10:00","MHK VL","61756","45.67","1.33","0","1"
"2022/07/10 11:15:00","MHK VL","61756","45.34","1.32","0","1"
"2022/07/10 11:20:00","MHK VL","61756","45.46","1.32","0","1"
"2022/07/10 11:25:00","MHK VL","61756","45.46","1.32","0","1"
"2022/07/10 11:30:00","MHK VL","61756","45.54","1.33","0","1"
"2022/07/10 11:35:00","MHK VL","61756","46.17","1.39","0","1"
"2022/07/10 11:40:00","MHK VL","61756","45.76","1.38","0","1"
"2022/07/10 11:45:00","MHK VL","61756","45.51","1.37","0","1"
"2022/07/10 11:50:00","MHK VL","61756","46.78","1.41","0","1"
"2022/07/10 11:55:00","MHK VL","61756","46.82","1.41","0","1"
"2022/07/10 12:00:00","MHK VL","61756","46.74","1.45","0","1"
"2022/07/10 12:05:00","MHK VL","61756","46.7","1.49","0","1"
"2022/07/10 12:10:00","MHK VL","61756","47.42","1.47","0","1"
"2022/07/10 12:15:00","MHK VL","61756","48.57","1.51","0","1"
"2022/07/10 12:20:00","MHK VL","61756","50.07","1.55","0","1"
"2022/07/10 12:25:00","MHK VL","61756","50.07","1.55","0","1"
"2022/07/10 12:30:00","MHK VL","61756","51.49","1.6","0","1"
"2022/07/10 12:35:00","MHK VL","61756","52.35","1.67","0","1"
"2022/07/10 12:40:00","MHK VL","61756","54","1.67","0","1"
"2022/07/10 12:45:00","MHK VL","61756","54.05","1.72","0","1"
"2022/07/10 12:50:00","MHK VL","61756","54.15","1.73","0","1"
"2022/07/10 12:55:00","MHK VL","61756","54.2","1.73","0","1"
"2022/07/10 13:00:00","MHK VL","61756","51.59","1.65","0","1"
"2022/07/10 13:05:00","MHK VL","61756","50.72","1.62","0","1"
"2022/07/10 13:10:00","MHK VL","61756","51.33","1.64","0","1"
"2022/07/10 13:15:00","MHK VL","61756","51.53","1.7","0","1"
"2022/07/10 13:20:00","MHK VL","61756","52.73","1.68","0","1"
"2022/07/10 13:25:00","MHK VL","61756","52.79","1.68","0","1"
"2022/07/10 13:30:00","MHK VL","61756","54.2","1.78","0","1"
"2022/07/10 13:35:00","MHK VL","61756","54.31","1.79","0","1"
"2022/07/10 13:40:00","MHK VL","61756","54.31","1.79","0","1"
"2022/07/10 13:45:00","MHK VL","61756","54.2","1.78","0","1"
"2022/07/10 13:50:00","MHK VL","61756","54.59","1.8","0","1"
"2022/07/10 13:55:00","MHK VL","61756","56.41","1.86","0","1"
"2022/07/10 14:00:00","MHK VL","61756","55.6","1.88","0","1"
"2022/07/10 14:05:00","MHK VL","61756","55.65","1.88","0","1"
"2022/07/10 14:10:00","MHK VL","61756","55.77","1.94","0","1"
"2022/07/10 14:15:00","MHK VL","61756","54.75","1.85","0","1"
"2022/07/10 14:20:00","MHK VL","61756","54.36","1.84","0","1"
"2022/07/10 14:25:00","MHK VL","61756","54.41","1.84","0","1"
"2022/07/10 14:30:00","MHK VL","61756","55.42","1.87","0","1"
"2022/07/10 14:35:00","MHK VL","61756","55.89","1.89","0","1"
"2022/07/10 14:40:00","MHK VL","61756","56","1.89","0","1"
"2022/07/10 14:45:00","MHK VL","61756","56.03","1.89","0","1"
"2022/07/10 14:50:00","MHK VL","61756","58.37","1.97","0","1"
"2022/07/10 14:55:00","MHK VL","61756","61.48","2.08","0","1"
"2022/07/10 15:00:00","MHK VL","61756","58.53","2.03","0","1"
"2022/07/10 15:05:00","MHK VL","61756","56.32","1.9","0","1"
"2022/07/10 15:10:00","MHK VL","61756","68.71","2.38","0","1"
"2022/07/10 15:15:00","MHK VL","61756","68.64","2.38","0","1"
"2022/07/10 15:20:00","MHK VL","61756","58.78","2.04","0","1"
"2022/07/10 15:25:00","MHK VL","61756","68.71","2.38","0","1"
"2022/07/10 15:30:00","MHK VL","61756","65.46","2.27","0","1"
"2022/07/10 15:35:00","MHK VL","61756","65.39","2.27","0","1"
"2022/07/10 15:40:00","MHK VL","61756","68.71","2.38","0","1"
"2022/07/10 15:45:00","MHK VL","61756","63.53","2.27","0","1"
"2022/07/10 15:50:00","MHK VL","61756","73.2","2.61","0","1"
"2022/07/10 15:55:00","MHK VL","61756","73.06","2.54","0","1"
"2022/07/10 16:00:00","MHK VL","61756","69.08","2.53","0","1"
"2022/07/10 16:05:00","MHK VL","61756","61.96","2.53","7.04","1"
"2022/07/10 16:10:00","MHK VL","61756","62.87","2.55","6.91","1"
"2022/07/10 16:15:00","MHK VL","61756","-14.17","2.54","83.54","1"
"2022/07/10 16:20:00","MHK VL","61756","62.62","2.54","6.89","1"
"2022/07/10 16:25:00","MHK VL","61756","61.35","2.49","6.76","1"
"2022/07/10 16:30:00","MHK VL","61756","67.38","2.47","0","1"
"2022/07/10 16:35:00","MHK VL","61756","70.17","2.57","0","1"
"2022/07/10 16:40:00","MHK VL","61756","71.63","2.69","0","1"
"2022/07/10 16:45:00","MHK VL","61756","70.94","2.66","0","1"
"2022/07/10 16:50:00","MHK VL","61756","71.63","2.69","0","1"
"2022/07/10 16:55:00","MHK VL","61756","71.97","2.77","0","1"
"2022/07/10 17:00:00","MHK VL","61756","68.89","2.58","0","1"
"2022/07/10 17:05:00","MHK VL","61756","71.41","2.68","0","1"
"2022/07/10 17:10:00","MHK VL","61756","74.53","2.87","0","1"
"2022/07/10 17:15:00","MHK VL","61756","72.82","2.87","0","1"
"2022/07/10 17:20:00","MHK VL","61756","72.22","2.85","0","1"
"2022/07/10 17:25:00","MHK VL","61756","72.14","2.84","0","1"
"2022/07/10 17:30:00","MHK VL","61756","73.95","2.91","0","1"
"2022/07/10 17:35:00","MHK VL","61756","73.95","2.91","0","1"
"2022/07/10 17:40:00","MHK VL","61756","72.96","2.87","0","1"
"2022/07/10 17:45:00","MHK VL","61756","70.75","2.79","0","1"
"2022/07/10 17:50:00","MHK VL","61756","72.7","2.93","0","1"
"2022/07/10 17:55:00","MHK VL","61756","71.64","2.82","0","1"
"2022/07/10 18:00:00","MHK VL","61756","74.23","2.99","0","1"
"2022/07/10 18:05:00","MHK VL","61756","74.57","3.07","0","1"
"2022/07/10 18:10:00","MHK VL","61756","80","3.3","0","1"
"2022/07/10 18:15:00","MHK VL","61756","74.44","3.07","0","1"
"2022/07/10 18:20:00","MHK VL","61756","74.43","3.13","0","1"
"2022/07/10 18:25:00","MHK VL","61756","74.58","3.21","0","1"
"2022/07/10 18:30:00","MHK VL","61756","74.85","3.23","0","1"
"2022/07/10 18:35:00","MHK VL","61756","74.85","3.15","0","1"
"2022/07/10 18:40:00","MHK VL","61756","74.77","3.15","0","1"
"2022/07/10 18:45:00","MHK VL","61756","74.99","3.23","0","1"
"2022/07/10 18:50:00","MHK VL","61756","74.98","3.16","0","1"
"2022/07/10 18:55:00","MHK VL","61756","74.77","3.15","0","1"
"2022/07/10 19:00:00","MHK VL","61756","73.2","3.08","0","1"
"2022/07/10 19:05:00","MHK VL","61756","74.18","3.12","0","1"
"2022/07/10 19:10:00","MHK VL","61756","74.19","3.26","0","1"
"2022/07/10 19:15:00","MHK VL","61756","73.81","3.18","0","1"
"2022/07/10 19:20:00","MHK VL","61756","74.08","3.19","0","1"
"2022/07/10 19:25:00","MHK VL","61756","71.89","3.1","0","1"
"2022/07/10 19:30:00","MHK VL","61756","71.92","3.1","0","1"
"2022/07/10 19:35:00","MHK VL","61756","71.97","3.1","0","1"
"2022/07/10 19:40:00","MHK VL","61756","71.81","3.1","0","1"
"2022/07/10 19:45:00","MHK VL","61756","71.81","3.1","0","1"
"2022/07/10 19:50:00","MHK VL","61756","71.87","3.1","0","1"
"2022/07/10 19:55:00","MHK VL","61756","71.87","3.1","0","1"
"2022/07/10 20:00:00","MHK VL","61756","74.12","3.19","0","1"
"2022/07/10 20:05:00","MHK VL","61756","73.98","3.19","0","1"
"2022/07/10 20:10:00","MHK VL","61756","71.71","3.22","0","1"
"2022/07/10 20:15:00","MHK VL","61756","74.13","3.26","0","1"
"2022/07/10 20:20:00","MHK VL","61756","75.06","3.3","0","1"
"2022/07/10 20:25:00","MHK VL","61756","74.03","3.19","0","1"
"2022/07/10 20:30:00","MHK VL","61756","71.66","3.09","0","1"
"2022/07/10 20:35:00","MHK VL","61756","71.41","3.08","0","1"
"2022/07/10 20:40:00","MHK VL","61756","71.24","3.07","0","1"
"2022/07/10 20:45:00","MHK VL","61756","71.3","3.07","0","1"
"2022/07/10 20:50:00","MHK VL","61756","64.35","3.08","7.05","1"
"2022/07/10 20:55:00","MHK VL","61756","64.32","3.08","7.04","1"
"2022/07/10 21:00:00","MHK VL","61756","66.05","3.26","8.07","1"
"2022/07/10 21:05:00","MHK VL","61756","63.47","3.14","7.84","1"
"2022/07/10 21:10:00","MHK VL","61756","63.56","3.14","7.82","1"
"2022/07/10 21:15:00","MHK VL","61756","63.45","3.07","7.8","1"
"2022/07/10 21:20:00","MHK VL","61756","63.42","3.07","7.79","1"
"2022/07/10 21:25:00","MHK VL","61756","63.49","3.07","7.82","1"
"2022/07/10 21:30:00","MHK VL","61756","63.63","3.08","7.81","1"
"2022/07/10 21:35:00","MHK VL","61756","63.66","3.08","7.81","1"
"2022/07/10 21:40:00","MHK VL","61756","63.48","3","7.8","1"
"2022/07/10 21:45:00","MHK VL","61756","65.37","3.09","7.98","1"
"2022/07/10 21:50:00","MHK VL","61756","63.39","2.98","7.39","1"
"2022/07/10 21:55:00","MHK VL","61756","63.3","2.98","7.38","1"
"2022/07/10 22:00:00","MHK VL","61756","64.05","2.93","6.98","1"
"2022/07/10 22:05:00","MHK VL","61756","71.2","2.93","0","1"
"2022/07/10 22:10:00","MHK VL","61756","64.12","2.93","7.01","1"
"2022/07/10 22:15:00","MHK VL","61756","63.92","2.86","6.98","1"
"2022/07/10 22:20:00","MHK VL","61756","64.14","2.87","7.03","1"
"2022/07/10 22:25:00","MHK VL","61756","63.67","2.8","7.49","1"
"2022/07/10 22:30:00","MHK VL","61756","63.39","2.74","7.89","1"
"2022/07/10 22:35:00","MHK VL","61756","63.37","2.75","7.94","1"
"2022/07/10 22:40:00","MHK VL","61756","62.97","2.66","7.92","1"
"2022/07/10 22:45:00","MHK VL","61756","66.36","2.8","8.27","1"
"2022/07/10 22:50:00","MHK VL","61756","66.24","2.79","8.25","1"
"2022/07/10 22:55:00","MHK VL","61756","75.88","3.39","12.05","1"
"2022/07/10 23:00:00","MHK VL","61756","33.98","2.87","40.44","1"
"2022/07/10 23:05:00","MHK VL","61756","62.63","2.64","7.77","1"
"2022/07/10 23:10:00","MHK VL","61756","62.86","2.65","7.86","1"
"2022/07/10 23:15:00","MHK VL","61756","63.82","2.63","7.97","1"
"2022/07/10 23:20:00","MHK VL","61756","64.43","2.59","8.04","1"
"2022/07/10 23:25:00","MHK VL","61756","64.39","2.59","8.05","1"
"2022/07/10 23:30:00","MHK VL","61756","64.12","2.54","7.1","1"
"2022/07/10 23:35:00","MHK VL","61756","64.09","2.47","7.11","1"
"2022/07/10 23:40:00","MHK VL","61756","63.89","2.46","7.08","1"
"2022/07/10 23:45:00","MHK VL","61756","63.73","2.46","7.05","1"
"2022/07/10 23:50:00","MHK VL","61756","63.57","2.39","7.02","1"
"2022/07/10 23:55:00","MHK VL","61756","63.56","2.39","7.03","1"
"2022/07/11 00:00:00","MHK VL","61756","60.21","2.09","0","1"
"2022/07/11 00:05:00","MHK VL","61756","53.42","1.81","0","1"
"2022/07/11 00:10:00","MHK VL","61756","52.99","1.64","0","1"
"2022/07/11 00:15:00","MHK VL","61756","50.95","1.58","0","1"
"2022/07/11 00:20:00","MHK VL","61756","50.85","1.53","0","1"
"2022/07/11 00:25:00","MHK VL","61756","50.43","1.52","0","1"
"2022/07/11 00:30:00","MHK VL","61756","47.35","1.43","0","1"
"2022/07/11 00:35:00","MHK VL","61756","44.68","1.34","0","1"
"2022/07/11 00:40:00","MHK VL","61756","43.85","1.32","0","1"
"2022/07/11 00:45:00","MHK VL","61756","43.6","1.27","0","1"
"2022/07/11 00:50:00","MHK VL","61756","43.64","1.31","0","1"
"2022/07/11 00:55:00","MHK VL","61756","42.9","1.29","0","1"
"2022/07/11 01:00:00","MHK VL","61756","44.93","1.35","0","1"
"2022/07/11 01:05:00","MHK VL","61756","-10.85","-0.33","0","1"
"2022/07/11 01:10:00","MHK VL","61756","43.36","1.31","0","1"
"2022/07/11 01:14:48","MHK VL","61756","43.6","1.31","0","1"
"2022/07/11 01:15:00","MHK VL","61756","44.12","1.24","0","1"
"2022/07/11 01:16:00","MHK VL","61756","44.12","1.24","0","1"
"2022/07/11 01:20:00","MHK VL","61756","42.72","1.2","0","1"
"2022/07/11 01:25:00","MHK VL","61756","42.72","1.2","0","1"
"2022/07/11 01:30:00","MHK VL","61756","43.56","1.23","0","1"
"2022/07/11 01:35:00","MHK VL","61756","43.76","1.23","0","1"
"2022/07/11 01:40:00","MHK VL","61756","43.65","1.23","0","1"
"2022/07/11 01:45:00","MHK VL","61756","42.8","1.16","0","1"
"2022/07/11 01:50:00","MHK VL","61756","42.78","1.16","0","1"
"2022/07/11 01:55:00","MHK VL","61756","42.28","1.15","0","1"
"2022/07/11 02:00:00","MHK VL","61756","44.04","1.2","0","1"
"2022/07/11 02:05:00","MHK VL","61756","42.96","1.21","0","1"
"2022/07/11 02:10:00","MHK VL","61756","42.87","1.17","0","1"
"2022/07/11 02:15:00","MHK VL","61756","42.76","1.16","0","1"
"2022/07/11 02:20:00","MHK VL","61756","42.69","1.12","0","1"
"2022/07/11 02:25:00","MHK VL","61756","42.67","1.12","0","1"
"2022/07/11 02:30:00","MHK VL","61756","42.69","1.16","0","1"
"2022/07/11 02:35:00","MHK VL","61756","42.95","1.17","0","1"
"2022/07/11 02:40:00","MHK VL","61756","42.68","1.16","0","1"
"2022/07/11 02:45:00","MHK VL","61756","42.79","1.16","0","1"
"2022/07/11 02:50:00","MHK VL","61756","42.79","1.16","0","1"
"2022/07/11 02:55:00","MHK VL","61756","42.64","1.12","0","1"
"2022/07/11 03:00:00","MHK VL","61756","42.75","1.12","0","1"
"2022/07/11 03:05:00","MHK VL","61756","43.04","1.13","0","1"
"2022/07/11 03:10:00","MHK VL","61756","43.04","1.13","0","1"
"2022/07/11 03:15:00","MHK VL","61756","43.11","1.13","0","1"
"2022/07/11 03:20:00","MHK VL","61756","43.11","1.13","0","1"
"2022/07/11 03:25:00","MHK VL","61756","43.07","1.09","0","1"
"2022/07/11 03:30:00","MHK VL","61756","42.49","1.07","0","1"
"2022/07/11 03:35:00","MHK VL","61756","41.54","1.05","0","1"
"2022/07/11 03:40:00","MHK VL","61756","41.55","1.05","0","1"
"2022/07/11 03:45:00","MHK VL","61756","41.88","1.06","0","1"
"2022/07/11 03:50:00","MHK VL","61756","42.18","1.07","0","1"
"2022/07/11 03:55:00","MHK VL","61756","41.88","1.06","0","1"
"2022/07/11 04:00:00","MHK VL","61756","41.54","1.05","0","1"
"2022/07/11 04:05:00","MHK VL","61756","52.9","1.34","0","1"
"2022/07/11 04:10:00","MHK VL","61756","53.08","1.4","0","1"
"2022/07/11 04:15:00","MHK VL","61756","52.98","1.39","0","1"
"2022/07/11 04:20:00","MHK VL","61756","50.43","1.33","0","1"
"2022/07/11 04:25:00","MHK VL","61756","44.81","1.18","0","1"
"2022/07/11 04:30:00","MHK VL","61756","44.12","1.2","0","1"
"2022/07/11 04:35:00","MHK VL","61756","42.83","1.16","0","1"
"2022/07/11 04:40:00","MHK VL","61756","43.12","1.17","0","1"
"2022/07/11 04:45:00","MHK VL","61756","43.15","1.17","0","1"
"2022/07/11 04:50:00","MHK VL","61756","43.15","1.17","0","1"
"2022/07/11 04:55:00","MHK VL","61756","44.24","1.2","0","1"
"2022/07/11 05:00:00","MHK VL","61756","44.17","1.25","0","1"
"2022/07/11 05:05:00","MHK VL","61756","41.68","1.13","0","1"
"2022/07/11 05:10:00","MHK VL","61756","42.53","1.16","0","1"
"2022/07/11 05:15:00","MHK VL","61756","42.61","1.16","0","1"
"2022/07/11 05:20:00","MHK VL","61756","42.61","1.16","0","1"
"2022/07/11 05:25:00","MHK VL","61756","42.84","1.17","0","1"
"2022/07/11 05:30:00","MHK VL","61756","42.65","1.16","0","1"
"2022/07/11 05:35:00","MHK VL","61756","42.57","1.12","0","1"
"2022/07/11 05:40:00","MHK VL","61756","42.88","1.17","0","1"
"2022/07/11 05:45:00","MHK VL","61756","42.61","1.16","0","1"
"2022/07/11 05:50:00","MHK VL","61756","42.4","1.2","0","1"
"2022/07/11 05:55:00","MHK VL","61756","43.96","1.24","0","1"
"2022/07/11 06:00:00","MHK VL","61756","40.84","1.15","0","1"
"2022/07/11 06:05:00","MHK VL","61756","45.87","1.29","0","1"
"2022/07/11 06:10:00","MHK VL","61756","45.78","1.29","0","1"
"2022/07/11 06:15:00","MHK VL","61756","45.64","1.33","0","1"
"2022/07/11 06:20:00","MHK VL","61756","45.82","1.33","0","1"
"2022/07/11 06:25:00","MHK VL","61756","46.76","1.36","0","1"
"2022/07/11 06:30:00","MHK VL","61756","42.73","1.29","0","1"
"2022/07/11 06:35:00","MHK VL","61756","42.78","1.45","0","1"
"2022/07/11 06:40:00","MHK VL","61756","45.19","1.4","0","1"
"2022/07/11 06:45:00","MHK VL","61756","45.45","1.41","0","1"
"2022/07/11 06:50:00","MHK VL","61756","44.38","1.54","0","1"
"2022/07/11 06:55:00","MHK VL","61756","43.45","1.35","0","1"
"2022/07/11 07:00:00","MHK VL","61756","38.33","1.47","5.09","1"
"2022/07/11 07:05:00","MHK VL","61756","48.64","1.65","6.29","1"
"2022/07/11 07:10:00","MHK VL","61756","55.09","1.86","0","1"
"2022/07/11 07:15:00","MHK VL","61756","54.98","1.91","0","1"
"2022/07/11 07:20:00","MHK VL","61756","55.08","1.91","0","1"
"2022/07/11 07:25:00","MHK VL","61756","53.96","1.87","0","1"
"2022/07/11 07:30:00","MHK VL","61756","57.17","1.98","0","1"
"2022/07/11 07:35:00","MHK VL","61756","59.3","2.12","0","1"
"2022/07/11 07:40:00","MHK VL","61756","57.91","2.07","0","1"
"2022/07/11 07:45:00","MHK VL","61756","57.68","1.9","0","1"
"2022/07/11 07:50:00","MHK VL","61756","57.75","2.11","0","1"
"2022/07/11 07:55:00","MHK VL","61756","57.7","2.11","0","1"
"2022/07/11 07:55:14","MHK VL","61756","53.69","1.96","0","1"
"2022/07/11 07:56:38","MHK VL","61756","60.82","2.28","0","1"
"2022/07/11 08:00:00","MHK VL","61756","53.64","2.01","0","1"
"2022/07/11 08:05:00","MHK VL","61756","53.64","2.01","0","1"
"2022/07/11 08:10:00","MHK VL","61756","53.6","1.96","0","1"
"2022/07/11 08:15:00","MHK VL","61756","53.47","1.96","0","1"
"2022/07/11 08:20:00","MHK VL","61756","52.75","1.98","0","1"
"2022/07/11 08:25:00","MHK VL","61756","52.8","1.98","0","1"
"2022/07/11 08:30:00","MHK VL","61756","53.86","2.02","0","1"
"2022/07/11 08:35:00","MHK VL","61756","55.35","2.08","0","1"
"2022/07/11 08:40:00","MHK VL","61756","55.56","2.08","0","1"
"2022/07/11 08:45:00","MHK VL","61756","55.42","2.08","0","1"
"2022/07/11 08:50:00","MHK VL","61756","55.14","2.12","0","1"
"2022/07/11 08:55:00","MHK VL","61756","55.25","2.13","0","1"
"2022/07/11 09:00:00","MHK VL","61756","55.3","2.13","0","1"
"2022/07/11 09:05:00","MHK VL","61756","53.94","2.08","0","1"
"2022/07/11 09:10:00","MHK VL","61756","54.99","2.06","0","1"
"2022/07/11 09:15:00","MHK VL","61756","53.74","2.02","0","1"
"2022/07/11 09:20:00","MHK VL","61756","52.26","1.96","0","1"
"2022/07/11 09:25:00","MHK VL","61756","51.97","1.9","0","1"
"2022/07/11 09:30:00","MHK VL","61756","52.21","1.91","0","1"
"2022/07/11 09:35:00","MHK VL","61756","54.15","2.03","0","1"
"2022/07/11 09:40:00","MHK VL","61756","54.37","2.04","0","1"
"2022/07/11 09:45:00","MHK VL","61756","55.58","2.08","0","1"
"2022/07/11 09:50:00","MHK VL","61756","62.01","2.33","0","1"
"2022/07/11 09:55:00","MHK VL","61756","63.05","2.36","0","1"
"2022/07/11 10:00:00","MHK VL","61756","58.71","2.2","0","1"
"2022/07/11 10:05:00","MHK VL","61756","67.7","2.54","0","1"
"2022/07/11 10:10:00","MHK VL","61756","59.92","2.19","0","1"
"2022/07/11 10:15:00","MHK VL","61756","58.16","2.18","0","1"
"2022/07/11 10:20:00","MHK VL","61756","54.03","2.03","0","1"
"2022/07/11 10:25:00","MHK VL","61756","53.81","2.02","0","1"
"2022/07/11 10:25:14","MHK VL","61756","57.29","2.21","0","1"
"2022/07/11 10:26:38","MHK VL","61756","57.66","2.16","0","1"
"2022/07/11 10:30:00","MHK VL","61756","58.82","2.21","0","1"
"2022/07/11 10:35:00","MHK VL","61756","58.82","2.21","0","1"
"2022/07/11 10:40:00","MHK VL","61756","59.24","2.22","0","1"
"2022/07/11 10:45:00","MHK VL","61756","67.62","2.54","0","1"
"2022/07/11 10:50:00","MHK VL","61756","70.83","2.73","0","1"
"2022/07/11 10:55:00","MHK VL","61756","67.28","2.59","0","1"
"2022/07/11 11:00:00","MHK VL","61756","52.7","2.03","0","1"
"2022/07/11 11:05:00","MHK VL","61756","48.98","1.84","0","1"
"2022/07/11 11:10:00","MHK VL","61756","44.07","1.85","5.39","1"
"2022/07/11 11:15:00","MHK VL","61756","8.18","1.89","42.35","1"
"2022/07/11 11:20:00","MHK VL","61756","50.27","1.88","0","1"
"2022/07/11 11:25:00","MHK VL","61756","51.57","1.99","0","1"
"2022/07/11 11:30:00","MHK VL","61756","52.5","2.07","0","1"
"2022/07/11 11:35:00","MHK VL","61756","53.03","2.14","0","1"
"2022/07/11 11:40:00","MHK VL","61756","55.86","2.25","0","1"
"2022/07/11 11:45:00","MHK VL","61756","55.8","2.25","0","1"
"2022/07/11 11:50:00","MHK VL","61756","55.86","2.25","0","1"
"2022/07/11 11:55:00","MHK VL","61756","56.09","2.26","0","1"
"2022/07/11 12:00:00","MHK VL","61756","52.56","2.07","0","1"
"2022/07/11 12:05:00","MHK VL","61756","51.89","2.04","0","1"
"2022/07/11 12:10:00","MHK VL","61756","52.5","2.07","0","1"
"2022/07/11 12:15:00","MHK VL","61756","51.89","2","0","1"
"2022/07/11 12:20:00","MHK VL","61756","55.99","2.1","0","1"
"2022/07/11 12:25:00","MHK VL","61756","51.79","1.94","0","1"
"2022/07/11 12:30:00","MHK VL","61756","51.81","1.99","0","1"
"2022/07/11 12:35:00","MHK VL","61756","51.88","2","0","1"
"2022/07/11 12:40:00","MHK VL","61756","51.74","1.94","0","1"
"2022/07/11 12:45:00","MHK VL","61756","54.86","2.06","0","1"
"2022/07/11 12:50:00","MHK VL","61756","63.57","2.33","0","1"
"2022/07/11 12:55:00","MHK VL","61756","63.64","2.39","0","1"
"2022/07/11 13:00:00","MHK VL","61756","50.79","1.9","0","1"
"2022/07/11 13:05:00","MHK VL","61756","52.91","2.04","0","1"
"2022/07/11 13:10:00","MHK VL","61756","68.87","2.58","0","1"
"2022/07/11 13:15:00","MHK VL","61756","61.84","2.32","0","1"
"2022/07/11 13:20:00","MHK VL","61756","63.99","2.52","0","1"
"2022/07/11 13:25:00","MHK VL","61756","61.79","2.32","0","1"
"2022/07/11 13:30:00","MHK VL","61756","61.77","2.32","0","1"
"2022/07/11 13:35:00","MHK VL","61756","61.81","2.38","0","1"
"2022/07/11 13:40:00","MHK VL","61756","61.76","2.38","0","1"
"2022/07/11 13:45:00","MHK VL","61756","61.72","2.38","0","1"
"2022/07/11 13:50:00","MHK VL","61756","63.96","2.46","0","1"
"2022/07/11 13:55:00","MHK VL","61756","61.84","2.32","0","1"
"2022/07/11 14:00:00","MHK VL","61756","61.59","2.31","0","1"
"2022/07/11 14:05:00","MHK VL","61756","62","2.39","0","1"
"2022/07/11 14:10:00","MHK VL","61756","63.99","2.52","0","1"
"2022/07/11 14:15:00","MHK VL","61756","61.85","2.32","0","1"
"2022/07/11 14:20:00","MHK VL","61756","61.65","2.31","0","1"
"2022/07/11 14:25:00","MHK VL","61756","58.2","2.18","0","1"
"2022/07/11 14:30:00","MHK VL","61756","62.1","2.39","0","1"
"2022/07/11 14:35:00","MHK VL","61756","62.06","2.39","0","1"
"2022/07/11 14:40:00","MHK VL","61756","62.31","2.4","0","1"
"2022/07/11 14:45:00","MHK VL","61756","69","2.66","0","1"
"2022/07/11 14:50:00","MHK VL","61756","72.16","2.84","0","1"
"2022/07/11 14:55:00","MHK VL","61756","75.12","2.89","0","1"
"2022/07/11 15:00:00","MHK VL","61756","60.41","2.33","0","1"
"2022/07/11 15:05:00","MHK VL","61756","62.55","2.46","0","1"
"2022/07/11 15:10:00","MHK VL","61756","64.19","2.53","0","1"
"2022/07/11 15:15:00","MHK VL","61756","63.67","2.57","0","1"
"2022/07/11 15:20:00","MHK VL","61756","63.58","2.56","0","1"
"2022/07/11 15:25:00","MHK VL","61756","62.06","2.5","0","1"
"2022/07/11 15:30:00","MHK VL","61756","57.56","2.62","6.08","1"
"2022/07/11 15:35:00","MHK VL","61756","62.93","2.59","0","1"
"2022/07/11 15:40:00","MHK VL","61756","63.43","2.61","0","1"
"2022/07/11 15:45:00","MHK VL","61756","57.32","2.55","6.05","1"
"2022/07/11 15:50:00","MHK VL","61756","57.42","2.56","6.05","1"
"2022/07/11 15:55:00","MHK VL","61756","57.13","2.51","6.53","1"
"2022/07/11 16:00:00","MHK VL","61756","56.93","2.56","6.49","1"
"2022/07/11 16:05:00","MHK VL","61756","57.56","2.58","6.57","1"
"2022/07/11 16:10:00","MHK VL","61756","57.32","2.5","6.2","1"
"2022/07/11 16:15:00","MHK VL","61756","57.32","2.5","6.2","1"
"2022/07/11 16:20:00","MHK VL","61756","57.31","2.56","6.2","1"
"2022/07/11 16:25:00","MHK VL","61756","66.68","2.99","7.54","1"
"2022/07/11 16:30:00","MHK VL","61756","74.71","3.27","8.32","1"
"2022/07/11 16:35:00","MHK VL","61756","80.32","3.59","8.85","1"
"2022/07/11 16:40:00","MHK VL","61756","81.07","3.63","8.93","1"
"2022/07/11 16:45:00","MHK VL","61756","83.82","3.67","9.22","1"
"2022/07/11 16:50:00","MHK VL","61756","80.48","3.6","8.89","1"
"2022/07/11 16:55:00","MHK VL","61756","80.98","3.62","8.95","1"
"2022/07/11 17:00:00","MHK VL","61756","74.8","3.37","8.77","1"
"2022/07/11 17:05:00","MHK VL","61756","72.28","3.24","8.09","1"
"2022/07/11 17:10:00","MHK VL","61756","75.13","3.41","7.68","1"
"2022/07/11 17:15:00","MHK VL","61756","72.37","3.29","7.38","1"
"2022/07/11 17:20:00","MHK VL","61756","77.3","3.18","0","1"
"2022/07/11 17:25:00","MHK VL","61756","79.28","3.68","8.07","1"
"2022/07/11 17:30:00","MHK VL","61756","72.66","3.37","7.45","1"
"2022/07/11 17:35:00","MHK VL","61756","76.79","3.67","8.28","1"
"2022/07/11 17:40:00","MHK VL","61756","76.81","3.65","7.82","1"
"2022/07/11 17:45:00","MHK VL","61756","75.79","3.6","7.72","1"
"2022/07/11 17:50:00","MHK VL","61756","81.01","3.84","8.17","1"
"2022/07/11 17:55:00","MHK VL","61756","88.79","4.21","8.89","1"
"2022/07/11 18:00:00","MHK VL","61756","70.21","3.4","7.16","1"
"2022/07/11 18:05:00","MHK VL","61756","70.11","3.4","7.17","1"
"2022/07/11 18:10:00","MHK VL","61756","77.05","3.46","0","1"
"2022/07/11 18:15:00","MHK VL","61756","77.48","3.48","0","1"
"2022/07/11 18:20:00","MHK VL","61756","70.19","3.48","7.35","1"
"2022/07/11 18:25:00","MHK VL","61756","92.8","4.17","0","1"
"2022/07/11 18:30:00","MHK VL","61756","92.61","4.16","0","1"
"2022/07/11 18:35:00","MHK VL","61756","92.23","4.14","0","1"
"2022/07/11 18:40:00","MHK VL","61756","90.43","4.06","0","1"
"2022/07/11 18:45:00","MHK VL","61756","92.32","4.14","0","1"
"2022/07/11 18:50:00","MHK VL","61756","97.3","4.37","0","1"
"2022/07/11 18:55:00","MHK VL","61756","95.65","4.29","0","1"
"2022/07/11 19:00:00","MHK VL","61756","96.38","4.41","0","1"
"2022/07/11 19:05:00","MHK VL","61756","79.62","3.58","0","1"
"2022/07/11 19:10:00","MHK VL","61756","80.02","3.81","0","1"
"2022/07/11 19:15:00","MHK VL","61756","79.76","3.87","0","1"
"2022/07/11 19:20:00","MHK VL","61756","79.85","3.8","0","1"
"2022/07/11 19:25:00","MHK VL","61756","77.81","3.7","0","1"
"2022/07/11 19:30:00","MHK VL","61756","75.58","3.6","0","1"
"2022/07/11 19:35:00","MHK VL","61756","74.66","3.49","0","1"
"2022/07/11 19:40:00","MHK VL","61756","74.56","3.55","0","1"
"2022/07/11 19:45:00","MHK VL","61756","75.36","3.52","0","1"
"2022/07/11 19:50:00","MHK VL","61756","74.85","3.5","0","1"
"2022/07/11 19:55:00","MHK VL","61756","74.66","3.49","0","1"
"2022/07/11 20:00:00","MHK VL","61756","79.06","3.76","0","1"
"2022/07/11 20:05:00","MHK VL","61756","72.62","3.39","0","1"
"2022/07/11 20:10:00","MHK VL","61756","70.6","3.3","0","1"
"2022/07/11 20:15:00","MHK VL","61756","70.4","3.16","0","1"
"2022/07/11 20:20:00","MHK VL","61756","71.69","3.22","0","1"
"2022/07/11 20:25:00","MHK VL","61756","70.47","3.23","0","1"
"2022/07/11 20:30:00","MHK VL","61756","68.46","3.14","0","1"
"2022/07/11 20:35:00","MHK VL","61756","68.46","3.14","0","1"
"2022/07/11 20:40:00","MHK VL","61756","68.46","3.14","0","1"
"2022/07/11 20:45:00","MHK VL","61756","65.98","2.96","0","1"
"2022/07/11 20:50:00","MHK VL","61756","65.93","2.96","0","1"
"2022/07/11 20:55:00","MHK VL","61756","70.4","3.16","0","1"
"2022/07/11 21:00:00","MHK VL","61756","78.75","3.68","0","1"
"2022/07/11 21:05:00","MHK VL","61756","74.2","3.4","0","1"
"2022/07/11 21:10:00","MHK VL","61756","73.98","3.32","0","1"
"2022/07/11 21:15:00","MHK VL","61756","74.25","3.4","0","1"
"2022/07/11 21:20:00","MHK VL","61756","74.18","3.33","0","1"
"2022/07/11 21:25:00","MHK VL","61756","74.39","3.41","0","1"
"2022/07/11 21:30:00","MHK VL","61756","75.98","3.41","0","1"
"2022/07/11 21:35:00","MHK VL","61756","70.65","3.17","0","1"
"2022/07/11 21:40:00","MHK VL","61756","69.19","3.04","0","1"
"2022/07/11 21:45:00","MHK VL","61756","70.19","3.09","0","1"
"2022/07/11 21:50:00","MHK VL","61756","54.23","2.34","0","1"
"2022/07/11 21:55:00","MHK VL","61756","54.31","2.34","0","1"
"2022/07/11 22:00:00","MHK VL","61756","73.97","3.32","0","1"
"2022/07/11 22:05:00","MHK VL","61756","69.51","3.06","0","1"
"2022/07/11 22:10:00","MHK VL","61756","65.89","2.96","0","1"
"2022/07/11 22:15:00","MHK VL","61756","69.82","3.13","0","1"
"2022/07/11 22:20:00","MHK VL","61756","73.61","3.24","0","1"
"2022/07/11 22:25:00","MHK VL","61756","73.39","3.16","0","1"
"2022/07/11 22:30:00","MHK VL","61756","63.73","2.75","0","1"
"2022/07/11 22:35:00","MHK VL","61756","58.11","2.45","0","1"
"2022/07/11 22:40:00","MHK VL","61756","57.82","2.43","0","1"
"2022/07/11 22:45:00","MHK VL","61756","57.65","2.43","0","1"
"2022/07/11 22:50:00","MHK VL","61756","60.1","2.48","0","1"
"2022/07/11 22:55:00","MHK VL","61756","64.31","2.65","0","1"
"2022/07/11 23:00:00","MHK VL","61756","60","2.47","0","1"
"2022/07/11 23:05:00","MHK VL","61756","53.58","2.11","0","1"
"2022/07/11 23:10:00","MHK VL","61756","52.95","2.04","0","1"
"2022/07/11 23:15:00","MHK VL","61756","53.42","2","0","1"
"2022/07/11 23:20:00","MHK VL","61756","52.7","1.93","0","1"
"2022/07/11 23:25:00","MHK VL","61756","52.07","1.86","0","1"
"2022/07/11 23:30:00","MHK VL","61756","51.88","1.8","0","1"
"2022/07/11 23:35:00","MHK VL","61756","49.95","1.73","0","1"
"2022/07/11 23:40:00","MHK VL","61756","48.19","1.67","0","1"
"2022/07/11 23:45:00","MHK VL","61756","47.34","1.6","0","1"
"2022/07/11 23:50:00","MHK VL","61756","47.35","1.6","0","1"
"2022/07/11 23:55:00","MHK VL","61756","47.12","1.59","0","1"
"2022/07/12 00:00:00","MHK VL","61756","58.1","1.85","0","1"
"2022/07/12 00:05:00","MHK VL","61756","62.58","1.94","0","1"
"2022/07/12 00:10:00","MHK VL","61756","59.72","1.74","0","1"
"2022/07/12 00:15:00","MHK VL","61756","62.25","1.81","0","1"
"2022/07/12 00:20:00","MHK VL","61756","58.23","1.69","0","1"
"2022/07/12 00:25:00","MHK VL","61756","59.31","1.73","0","1"
"2022/07/12 00:30:00","MHK VL","61756","59.37","1.73","0","1"
"2022/07/12 00:35:00","MHK VL","61756","58.79","1.66","0","1"
"2022/07/12 00:40:00","MHK VL","61756","59.35","1.67","0","1"
"2022/07/12 00:45:00","MHK VL","61756","59.34","1.67","0","1"
"2022/07/12 00:50:00","MHK VL","61756","58.05","1.64","0","1"
"2022/07/12 00:55:00","MHK VL","61756","56.46","1.54","0","1"
"2022/07/12 01:00:00","MHK VL","61756","59.03","1.61","0","1"
"2022/07/12 01:05:00","MHK VL","61756","51.57","1.4","0","1"
"2022/07/12 01:10:00","MHK VL","61756","51.62","1.4","0","1"
"2022/07/12 01:15:00","MHK VL","61756","52.92","1.39","0","1"
"2022/07/12 01:20:00","MHK VL","61756","50.53","1.37","0","1"
"2022/07/12 01:25:00","MHK VL","61756","48.78","1.28","0","1"
"2022/07/12 01:30:00","MHK VL","61756","48.69","1.28","0","1"
"2022/07/12 01:35:00","MHK VL","61756","47.64","1.25","0","1"
"2022/07/12 01:40:00","MHK VL","61756","45.94","1.21","0","1"
"2022/07/12 01:45:00","MHK VL","61756","46.07","1.25","0","1"
"2022/07/12 01:50:00","MHK VL","61756","45.69","1.2","0","1"
"2022/07/12 01:55:00","MHK VL","61756","43.86","1.15","0","1"
"2022/07/12 02:00:00","MHK VL","61756","51.72","1.31","0","1"
"2022/07/12 02:05:00","MHK VL","61756","50.65","1.28","0","1"
"2022/07/12 02:10:00","MHK VL","61756","48.86","1.19","0","1"
"2022/07/12 02:15:00","MHK VL","61756","50.56","1.23","0","1"
"2022/07/12 02:19:36","MHK VL","61756","51.77","1.31","0","1"
"2022/07/12 02:20:00","MHK VL","61756","51.58","1.26","0","1"
"2022/07/12 02:20:48","MHK VL","61756","51.58","1.26","0","1"
"2022/07/12 02:25:00","MHK VL","61756","51.45","1.2","0","1"
"2022/07/12 02:30:00","MHK VL","61756","51.45","1.2","0","1"
"2022/07/12 02:35:00","MHK VL","61756","45.72","1.07","0","1"
"2022/07/12 02:40:00","MHK VL","61756","45.63","1.07","0","1"
"2022/07/12 02:45:00","MHK VL","61756","46.99","1.1","0","1"
"2022/07/12 02:50:00","MHK VL","61756","45.75","1.07","0","1"
"2022/07/12 02:55:00","MHK VL","61756","45.71","1.07","0","1"
"2022/07/12 03:00:00","MHK VL","61756","45.91","1.12","0","1"
"2022/07/12 03:05:00","MHK VL","61756","49.25","1.2","0","1"
"2022/07/12 03:10:00","MHK VL","61756","45.93","1.12","0","1"
"2022/07/12 03:15:00","MHK VL","61756","45.74","1.16","0","1"
"2022/07/12 03:20:00","MHK VL","61756","45.62","1.15","0","1"
"2022/07/12 03:25:00","MHK VL","61756","45.73","1.16","0","1"
"2022/07/12 03:30:00","MHK VL","61756","45.21","1.14","0","1"
"2022/07/12 03:35:00","MHK VL","61756","44.32","1.12","0","1"
"2022/07/12 03:40:00","MHK VL","61756","45.18","1.19","0","1"
"2022/07/12 03:45:00","MHK VL","61756","44.01","1.11","0","1"
"2022/07/12 03:50:00","MHK VL","61756","45.21","1.14","0","1"
"2022/07/12 03:55:00","MHK VL","61756","45.21","1.14","0","1"
"2022/07/12 04:00:00","MHK VL","61756","44.05","1.11","0","1"
"2022/07/12 04:05:00","MHK VL","61756","45.35","1.15","0","1"
"2022/07/12 04:10:00","MHK VL","61756","51.53","1.3","0","1"
"2022/07/12 04:15:00","MHK VL","61756","45.06","1.05","0","1"
"2022/07/12 04:20:00","MHK VL","61756","43.62","1.06","0","1"
"2022/07/12 04:25:00","MHK VL","61756","43.24","1.01","0","1"
"2022/07/12 04:30:00","MHK VL","61756","43.18","1.01","0","1"
"2022/07/12 04:35:00","MHK VL","61756","43.14","1.01","0","1"
"2022/07/12 04:40:00","MHK VL","61756","42.94","1.05","0","1"
"2022/07/12 04:45:00","MHK VL","61756","42.87","1.05","0","1"
"2022/07/12 04:50:00","MHK VL","61756","43.15","1.05","0","1"
"2022/07/12 04:55:00","MHK VL","61756","42.64","1.04","0","1"
"2022/07/12 05:00:00","MHK VL","61756","41.87","1.02","0","1"
"2022/07/12 05:05:00","MHK VL","61756","43.98","1.07","0","1"
"2022/07/12 05:10:00","MHK VL","61756","43.81","1.07","0","1"
"2022/07/12 05:15:00","MHK VL","61756","43.64","1.1","0","1"
"2022/07/12 05:20:00","MHK VL","61756","45.01","1.14","0","1"
"2022/07/12 05:25:00","MHK VL","61756","45.03","1.14","0","1"
"2022/07/12 05:30:00","MHK VL","61756","44.93","1.14","0","1"
"2022/07/12 05:35:00","MHK VL","61756","44.4","1.12","0","1"
"2022/07/12 05:40:00","MHK VL","61756","44.36","1.12","0","1"
"2022/07/12 05:45:00","MHK VL","61756","44.36","1.12","0","1"
"2022/07/12 05:50:00","MHK VL","61756","44.18","1.16","0","1"
"2022/07/12 05:55:00","MHK VL","61756","45.95","1.21","0","1"
"2022/07/12 06:00:00","MHK VL","61756","41.63","1.13","0","1"
"2022/07/12 06:05:00","MHK VL","61756","49.62","1.4","0","1"
"2022/07/12 06:10:00","MHK VL","61756","48.46","1.41","0","1"
"2022/07/12 06:15:00","MHK VL","61756","48.34","1.36","0","1"
"2022/07/12 06:20:00","MHK VL","61756","51.48","1.5","0","1"
"2022/07/12 06:25:00","MHK VL","61756","51.48","1.5","0","1"
"2022/07/12 06:30:00","MHK VL","61756","54.8","1.65","0","1"
"2022/07/12 06:35:00","MHK VL","61756","52.03","1.57","0","1"
"2022/07/12 06:40:00","MHK VL","61756","52.08","1.61","0","1"
"2022/07/12 06:45:00","MHK VL","61756","53.29","1.65","0","1"
"2022/07/12 06:50:00","MHK VL","61756","54.98","1.75","0","1"
"2022/07/12 06:55:00","MHK VL","61756","53.34","1.7","0","1"
"2022/07/12 07:00:00","MHK VL","61756","49.33","1.62","0","1"
"2022/07/12 07:05:00","MHK VL","61756","49.16","1.71","0","1"
"2022/07/12 07:10:00","MHK VL","61756","49.55","1.67","0","1"
"2022/07/12 07:15:00","MHK VL","61756","46.41","1.57","0","1"
"2022/07/12 07:20:00","MHK VL","61756","46.33","1.52","0","1"
"2022/07/12 07:25:00","MHK VL","61756","46.64","1.62","0","1"
"2022/07/12 07:30:00","MHK VL","61756","47.39","1.64","0","1"
"2022/07/12 07:35:00","MHK VL","61756","48.57","1.69","0","1"
"2022/07/12 07:40:00","MHK VL","61756","50.58","1.81","0","1"
"2022/07/12 07:45:00","MHK VL","61756","51.94","1.85","0","1"
"2022/07/12 07:50:00","MHK VL","61756","52.03","1.9","0","1"
"2022/07/12 07:55:00","MHK VL","61756","53.1","1.84","0","1"
"2022/07/12 08:00:00","MHK VL","61756","50.4","1.75","0","1"
"2022/07/12 08:05:00","MHK VL","61756","51.55","1.79","0","1"
"2022/07/12 08:10:00","MHK VL","61756","51.84","1.75","0","1"
"2022/07/12 08:15:00","MHK VL","61756","51.93","1.76","0","1"
"2022/07/12 08:20:00","MHK VL","61756","52.03","1.81","0","1"
"2022/07/12 08:25:00","MHK VL","61756","53.34","1.85","0","1"
"2022/07/12 08:30:00","MHK VL","61756","56.1","2","0","1"
"2022/07/12 08:35:00","MHK VL","61756","55.9","1.94","0","1"
"2022/07/12 08:40:00","MHK VL","61756","55.8","1.94","0","1"
"2022/07/12 08:45:00","MHK VL","61756","53.93","1.93","0","1"
"2022/07/12 08:50:00","MHK VL","61756","52.83","1.89","0","1"
"2022/07/12 08:55:00","MHK VL","61756","52.97","1.89","0","1"
"2022/07/12 09:00:00","MHK VL","61756","53.25","1.9","0","1"
"2022/07/12 09:05:00","MHK VL","61756","59.86","2.19","0","1"
"2022/07/12 09:10:00","MHK VL","61756","61.79","2.21","0","1"
"2022/07/12 09:15:00","MHK VL","61756","60.83","2.11","0","1"
"2022/07/12 09:20:00","MHK VL","61756","60.59","2.16","0","1"
"2022/07/12 09:25:00","MHK VL","61756","61.73","2.2","0","1"
"2022/07/12 09:30:00","MHK VL","61756","62.51","2.29","0","1"
"2022/07/12 09:35:00","MHK VL","61756","62.1","2.22","0","1"
"2022/07/12 09:40:00","MHK VL","61756","64.51","2.3","0","1"
"2022/07/12 09:40:30","MHK VL","61756","63.16","2.25","0","1"
"2022/07/12 09:41:48","MHK VL","61756","61.31","2.24","0","1"
"2022/07/12 09:45:00","MHK VL","61756","61.91","2.27","0","1"
"2022/07/12 09:50:00","MHK VL","61756","61.91","2.27","0","1"
"2022/07/12 09:55:00","MHK VL","61756","63.34","2.32","0","1"
"2022/07/12 10:00:00","MHK VL","61756","69.74","2.62","0","1"
"2022/07/12 10:05:00","MHK VL","61756","72.31","2.65","0","1"
"2022/07/12 10:10:00","MHK VL","61756","69.8","2.55","0","1"
"2022/07/12 10:15:00","MHK VL","61756","70.85","2.53","0","1"
"2022/07/12 10:20:00","MHK VL","61756","81.01","2.61","-9.83","1"
"2022/07/12 10:25:00","MHK VL","61756","71.88","2.57","0","1"
"2022/07/12 10:30:00","MHK VL","61756","71.34","2.55","0","1"
"2022/07/12 10:35:00","MHK VL","61756","75.7","2.63","0","1"
"2022/07/12 10:40:00","MHK VL","61756","74.73","2.67","0","1"
"2022/07/12 10:45:00","MHK VL","61756","85.36","2.62","-9.83","1"
"2022/07/12 10:50:00","MHK VL","61756","76.48","2.73","0","1"
"2022/07/12 10:55:00","MHK VL","61756","76.41","2.65","0","1"
"2022/07/12 11:00:00","MHK VL","61756","71.56","2.55","0","1"
"2022/07/12 11:05:00","MHK VL","61756","71.74","2.56","0","1"
"2022/07/12 11:10:00","MHK VL","61756","72.54","2.59","0","1"
"2022/07/12 11:15:00","MHK VL","61756","72.48","2.59","0","1"
"2022/07/12 11:20:00","MHK VL","61756","71.54","2.55","0","1"
"2022/07/12 11:25:00","MHK VL","61756","72.42","2.59","0","1"
"2022/07/12 11:30:00","MHK VL","61756","71.5","2.55","0","1"
"2022/07/12 11:35:00","MHK VL","61756","69.68","2.49","0","1"
"2022/07/12 11:40:00","MHK VL","61756","71.18","2.54","0","1"
"2022/07/12 11:45:00","MHK VL","61756","69.31","2.47","0","1"
"2022/07/12 11:50:00","MHK VL","61756","69.39","2.54","0","1"
"2022/07/12 11:55:00","MHK VL","61756","69.37","2.54","0","1"
"2022/07/12 12:00:00","MHK VL","61756","69.35","2.54","0","1"
"2022/07/12 12:05:00","MHK VL","61756","79.05","2.6","-9.67","1"
"2022/07/12 12:10:00","MHK VL","61756","69.33","2.6","0","1"
"2022/07/12 12:15:00","MHK VL","61756","78.45","2.6","-9.19","1"
"2022/07/12 12:20:00","MHK VL","61756","70.02","2.5","0","1"
"2022/07/12 12:25:00","MHK VL","61756","71.43","2.61","0","1"
"2022/07/12 12:30:00","MHK VL","61756","81.76","2.66","-9.19","1"
"2022/07/12 12:35:00","MHK VL","61756","81.9","2.66","-9.19","1"
"2022/07/12 12:40:00","MHK VL","61756","74.43","2.79","0","1"
"2022/07/12 12:45:00","MHK VL","61756","72.77","2.66","0","1"
"2022/07/12 12:50:00","MHK VL","61756","76.85","2.81","0","1"
"2022/07/12 12:55:00","MHK VL","61756","74.18","2.72","0","1"
"2022/07/12 13:00:00","MHK VL","61756","72.37","2.65","0","1"
"2022/07/12 13:05:00","MHK VL","61756","80.65","3.02","0","1"
"2022/07/12 13:10:00","MHK VL","61756","80.97","3.04","0","1"
"2022/07/12 13:15:00","MHK VL","61756","81.3","3.05","0","1"
"2022/07/12 13:20:00","MHK VL","61756","80.11","3.08","0","1"
"2022/07/12 13:25:00","MHK VL","61756","80.03","3.08","0","1"
"2022/07/12 13:30:00","MHK VL","61756","79.05","3.04","0","1"
"2022/07/12 13:35:00","MHK VL","61756","77.63","2.91","0","1"
"2022/07/12 13:40:00","MHK VL","61756","78.82","2.96","0","1"
"2022/07/12 13:45:00","MHK VL","61756","78.47","3.02","0","1"
"2022/07/12 13:50:00","MHK VL","61756","78.62","2.95","0","1"
"2022/07/12 13:55:00","MHK VL","61756","88.52","3","-8.51","1"
"2022/07/12 14:00:00","MHK VL","61756","101.52","2.87","-24.91","1"
"2022/07/12 14:05:00","MHK VL","61756","104.56","2.82","-29.27","1"
"2022/07/12 14:10:00","MHK VL","61756","101.59","2.89","-24.63","1"
"2022/07/12 14:15:00","MHK VL","61756","101.57","2.89","-24.6","1"
"2022/07/12 14:20:00","MHK VL","61756","99.65","2.83","-24.18","1"
"2022/07/12 14:25:00","MHK VL","61756","100.62","2.86","-24.39","1"
"2022/07/12 14:30:00","MHK VL","61756","104.67","2.98","-25.33","1"
"2022/07/12 14:35:00","MHK VL","61756","97.52","3.04","-16.43","1"
"2022/07/12 14:40:00","MHK VL","61756","97.52","3.04","-16.43","1"
"2022/07/12 14:45:00","MHK VL","61756","92.5","3.08","-8.39","1"
"2022/07/12 14:50:00","MHK VL","61756","86.17","3.23","0","1"
"2022/07/12 14:55:00","MHK VL","61756","94.32","3.07","-8.39","1"
"2022/07/12 15:00:00","MHK VL","61756","88.16","2.63","-16.43","1"
"2022/07/12 15:05:00","MHK VL","61756","72.82","2.6","0","1"
"2022/07/12 15:10:00","MHK VL","61756","79.44","2.84","0","1"
"2022/07/12 15:15:00","MHK VL","61756","81.01","2.89","0","1"
"2022/07/12 15:20:00","MHK VL","61756","80.92","2.81","0","1"
"2022/07/12 15:25:00","MHK VL","61756","80.93","2.74","0","1"
"2022/07/12 15:30:00","MHK VL","61756","80.85","2.73","0","1"
"2022/07/12 15:35:00","MHK VL","61756","79.99","2.7","0","1"
"2022/07/12 15:40:00","MHK VL","61756","79.38","2.68","0","1"
"2022/07/12 15:45:00","MHK VL","61756","77.07","2.6","0","1"
"2022/07/12 15:50:00","MHK VL","61756","75.11","2.54","0","1"
"2022/07/12 15:55:00","MHK VL","61756","81.17","2.51","-8.75","1"
"2022/07/12 16:00:00","MHK VL","61756","80.91","2.5","-8.75","1"
"2022/07/12 16:05:00","MHK VL","61756","81.44","2.59","-8.75","1"
"2022/07/12 16:10:00","MHK VL","61756","79.71","2.85","0","1"
"2022/07/12 16:15:00","MHK VL","61756","83.5","2.9","0","1"
"2022/07/12 16:20:00","MHK VL","61756","85.88","3.07","0","1"
"2022/07/12 16:25:00","MHK VL","61756","85.97","2.98","0","1"
"2022/07/12 16:30:00","MHK VL","61756","91.53","3.18","0","1"
"2022/07/12 16:35:00","MHK VL","61756","94.97","3.3","0","1"
"2022/07/12 16:40:00","MHK VL","61756","91.53","3.27","0","1"
"2022/07/12 16:45:00","MHK VL","61756","95.5","3.31","0","1"
"2022/07/12 16:50:00","MHK VL","61756","109.87","3.81","0","1"
"2022/07/12 16:55:00","MHK VL","61756","130.61","4.53","0","1"
"2022/07/12 17:00:00","MHK VL","61756","22.24","-0.25","-29.77","1"
"2022/07/12 17:05:00","MHK VL","61756","21.17","-0.09","-23.66","1"
"2022/07/12 17:10:00","MHK VL","61756","44.5","1.17","-13.31","1"
"2022/07/12 17:15:00","MHK VL","61756","46.86","1.38","-9.07","1"
"2022/07/12 17:20:00","MHK VL","61756","44.07","1.13","-13.22","1"
"2022/07/12 17:25:00","MHK VL","61756","76.69","2.63","-6.63","1"
"2022/07/12 17:30:00","MHK VL","61756","55.64","1.59","-12.13","1"
"2022/07/12 17:32:14","MHK VL","61756","58.34","1.75","-10.63","1"
"2022/07/12 17:33:38","MHK VL","61756","66.73","1.86","-13.22","1"
"2022/07/12 17:35:00","MHK VL","61756","101.65","3.28","-7.16","1"
"2022/07/12 17:40:00","MHK VL","61756","101.65","3.28","-7.16","1"
"2022/07/12 17:45:00","MHK VL","61756","57.21","1.68","-8.7","1"
"2022/07/12 17:50:00","MHK VL","61756","67.4","1.71","-19.64","1"
"2022/07/12 17:55:00","MHK VL","61756","66.73","1.74","-19.07","1"
"2022/07/12 18:00:00","MHK VL","61756","58.67","1.74","-11.2","1"
"2022/07/12 18:05:00","MHK VL","61756","60.85","1.9","-7.51","1"
"2022/07/12 18:10:00","MHK VL","61756","65.77","2.11","-6.78","1"
"2022/07/12 18:15:00","MHK VL","61756","62.34","1.91","-8.93","1"
"2022/07/12 18:20:00","MHK VL","61756","63.17","1.94","-8.97","1"
"2022/07/12 18:25:00","MHK VL","61756","62.96","1.93","-8.78","1"
"2022/07/12 18:30:00","MHK VL","61756","72.06","2.42","-5.86","1"
"2022/07/12 18:35:00","MHK VL","61756","65.63","2.15","-6.78","1"
"2022/07/12 18:40:00","MHK VL","61756","62.72","2.03","-7.2","1"
"2022/07/12 18:45:00","MHK VL","61756","59.3","1.96","-5.85","1"
"2022/07/12 18:50:00","MHK VL","61756","77.19","2.77","-1.64","1"
"2022/07/12 18:55:00","MHK VL","61756","91.65","3.31","-1.26","1"
"2022/07/12 18:58:52","MHK VL","61756","103.56","3.7","0","1"
"2022/07/12 19:00:00","MHK VL","61756","143.14","5.24","0","1"
"2022/07/12 19:00:04","MHK VL","61756","143.14","5.24","0","1"
"2022/07/12 19:05:00","MHK VL","61756","143.14","5.24","0","1"
"2022/07/12 19:10:00","MHK VL","61756","143.14","5.24","0","1"
"2022/07/12 19:15:00","MHK VL","61756","117.34","4.62","0","1"
"2022/07/12 19:20:00","MHK VL","61756","117.32","4.62","0","1"
"2022/07/12 19:25:00","MHK VL","61756","103.88","4","0","1"
"2022/07/12 19:30:00","MHK VL","61756","111.86","3.83","-12.29","1"
"2022/07/12 19:35:00","MHK VL","61756","82.95","2.4","-20.69","1"
"2022/07/12 19:40:00","MHK VL","61756","79.85","2.83","-4.44","1"
"2022/07/12 19:45:00","MHK VL","61756","95.99","3.6","0","1"
"2022/07/12 19:50:00","MHK VL","61756","90.64","3.49","0","1"
"2022/07/12 19:55:00","MHK VL","61756","88.73","3.42","0","1"
"2022/07/12 20:00:00","MHK VL","61756","86.13","3.39","0","1"
"2022/07/12 20:05:00","MHK VL","61756","83.59","2.96","-10.09","1"
"2022/07/12 20:10:00","MHK VL","61756","78.38","3.16","0","1"
"2022/07/12 20:15:00","MHK VL","61756","84.46","3.33","0","1"
"2022/07/12 20:20:00","MHK VL","61756","88.69","3.49","0","1"
"2022/07/12 20:25:00","MHK VL","61756","88.54","3.49","0","1"
"2022/07/12 20:30:00","MHK VL","61756","88.3","3.48","0","1"
"2022/07/12 20:35:00","MHK VL","61756","88.3","3.48","0","1"
"2022/07/12 20:40:00","MHK VL","61756","83.94","3.31","0","1"
"2022/07/12 20:45:00","MHK VL","61756","83.78","3.3","0","1"
"2022/07/12 20:50:00","MHK VL","61756","83.61","3.37","0","1"
"2022/07/12 20:55:00","MHK VL","61756","83.85","3.45","0","1"
"2022/07/12 21:00:00","MHK VL","61756","88.7","3.73","0","1"
"2022/07/12 21:05:00","MHK VL","61756","84.28","3.55","0","1"
"2022/07/12 21:10:00","MHK VL","61756","84.53","3.64","0","1"
"2022/07/12 21:15:00","MHK VL","61756","85.06","3.5","0","1"
"2022/07/12 21:20:00","MHK VL","61756","85.21","3.51","0","1"
"2022/07/12 21:25:00","MHK VL","61756","87.41","3.68","0","1"
"2022/07/12 21:30:00","MHK VL","61756","87.86","3.79","0","1"
"2022/07/12 21:35:00","MHK VL","61756","84.88","3.57","0","1"
"2022/07/12 21:40:00","MHK VL","61756","84.7","3.57","0","1"
"2022/07/12 21:45:00","MHK VL","61756","80.81","3.4","0","1"
"2022/07/12 21:50:00","MHK VL","61756","79.24","3.34","0","1"
"2022/07/12 21:55:00","MHK VL","61756","79.66","3.35","0","1"
"2022/07/12 22:00:00","MHK VL","61756","78.96","3.4","0","1"
"2022/07/12 22:05:00","MHK VL","61756","77.51","3.34","0","1"
"2022/07/12 22:08:22","MHK VL","61756","75.84","3.19","0","1"
"2022/07/12 22:09:34","MHK VL","61756","77.29","3.18","0","1"
"2022/07/12 22:10:00","MHK VL","61756","77.1","3.18","0","1"
"2022/07/12 22:15:00","MHK VL","61756","77.1","3.18","0","1"
"2022/07/12 22:20:00","MHK VL","61756","77.1","3.18","0","1"
"2022/07/12 22:25:00","MHK VL","61756","76.41","3.15","0","1"
"2022/07/12 22:30:00","MHK VL","61756","78.85","3.25","0","1"
"2022/07/12 22:35:00","MHK VL","61756","77.9","3.14","0","1"
"2022/07/12 22:40:00","MHK VL","61756","76.54","3.08","0","1"
"2022/07/12 22:45:00","MHK VL","61756","76.5","3.08","0","1"
"2022/07/12 22:50:00","MHK VL","61756","76.44","3.08","0","1"
"2022/07/12 22:55:00","MHK VL","61756","77.45","3.12","0","1"
"2022/07/12 23:00:00","MHK VL","61756","77.19","3.11","0","1"
"2022/07/12 23:05:00","MHK VL","61756","75.83","3.06","0","1"
"2022/07/12 23:10:00","MHK VL","61756","77.7","3.2","0","1"
"2022/07/12 23:15:00","MHK VL","61756","77.91","3.14","0","1"
"2022/07/12 23:20:00","MHK VL","61756","77.6","3.13","0","1"
"2022/07/12 23:25:00","MHK VL","61756","77.57","3.13","0","1"
"2022/07/12 23:30:00","MHK VL","61756","78.72","3.1","0","1"
"2022/07/12 23:34:56","MHK VL","61756","78.08","3.08","0","1"
"2022/07/12 23:35:00","MHK VL","61756","68.25","2.63","0","1"
"2022/07/12 23:36:20","MHK VL","61756","68.25","2.63","0","1"
"2022/07/12 23:40:00","MHK VL","61756","74.85","2.88","0","1"
"2022/07/12 23:45:00","MHK VL","61756","74.85","2.88","0","1"
"2022/07/12 23:50:00","MHK VL","61756","74.71","2.88","0","1"
"2022/07/12 23:55:00","MHK VL","61756","68.54","2.64","0","1"
"2022/07/13 00:00:00","MHK VL","61756","78.23","2.93","0","1"
"2022/07/13 00:02:38","MHK VL","61756","76.79","2.81","0","1"
"2022/07/13 00:05:00","MHK VL","61756","80.97","2.81","0","1"
"2022/07/13 00:05:56","MHK VL","61756","80.97","2.81","0","1"
"2022/07/13 00:10:00","MHK VL","61756","74.75","2.53","0","1"
"2022/07/13 00:15:00","MHK VL","61756","74.75","2.53","0","1"
"2022/07/13 00:20:00","MHK VL","61756","76.52","2.66","0","1"
"2022/07/13 00:25:00","MHK VL","61756","75.33","2.61","0","1"
"2022/07/13 00:30:00","MHK VL","61756","74.96","2.6","0","1"
"2022/07/13 00:35:00","MHK VL","61756","71.51","2.48","0","1"
"2022/07/13 00:40:00","MHK VL","61756","67.15","2.33","0","1"
"2022/07/13 00:45:00","MHK VL","61756","67.13","2.27","0","1"
"2022/07/13 00:50:00","MHK VL","61756","70.8","2.39","0","1"
"2022/07/13 00:55:00","MHK VL","61756","68.72","2.32","0","1"
"2022/07/13 01:00:00","MHK VL","61756","69.9","2.36","0","1"
"2022/07/13 01:05:00","MHK VL","61756","71.54","2.42","0","1"
"2022/07/13 01:10:00","MHK VL","61756","71.66","2.42","0","1"
"2022/07/13 01:15:00","MHK VL","61756","71.24","2.41","0","1"
"2022/07/13 01:20:00","MHK VL","61756","70.01","2.37","0","1"
"2022/07/13 01:25:00","MHK VL","61756","69.98","2.43","0","1"
"2022/07/13 01:30:00","MHK VL","61756","67.3","2.34","0","1"
"2022/07/13 01:35:00","MHK VL","61756","65.2","2.26","0","1"
"2022/07/13 01:40:00","MHK VL","61756","64.84","2.25","0","1"
"2022/07/13 01:45:00","MHK VL","61756","65.12","2.26","0","1"
"2022/07/13 01:50:00","MHK VL","61756","64.98","2.2","0","1"
"2022/07/13 01:55:00","MHK VL","61756","64.95","2.2","0","1"
"2022/07/13 02:00:00","MHK VL","61756","67.28","2.21","0","1"
"2022/07/13 02:05:00","MHK VL","61756","65.02","2.07","0","1"
"2022/07/13 02:10:00","MHK VL","61756","63.94","2.04","0","1"
"2022/07/13 02:15:00","MHK VL","61756","63.57","2.03","0","1"
"2022/07/13 02:20:00","MHK VL","61756","62.19","1.98","0","1"
"2022/07/13 02:25:00","MHK VL","61756","61.56","2.03","0","1"
"2022/07/13 02:30:00","MHK VL","61756","61.46","2.02","0","1"
"2022/07/13 02:35:00","MHK VL","61756","61.4","2.02","0","1"
"2022/07/13 02:40:00","MHK VL","61756","60.83","2","0","1"
"2022/07/13 02:45:00","MHK VL","61756","60.75","1.94","0","1"
"2022/07/13 02:50:00","MHK VL","61756","60.29","1.92","0","1"
"2022/07/13 02:55:00","MHK VL","61756","59.52","1.9","0","1"
"2022/07/13 03:00:00","MHK VL","61756","56.31","1.8","0","1"
"2022/07/13 03:05:00","MHK VL","61756","55.25","1.76","0","1"
"2022/07/13 03:10:00","MHK VL","61756","54.85","1.7","0","1"
"2022/07/13 03:15:00","MHK VL","61756","53.48","1.71","0","1"
"2022/07/13 03:20:00","MHK VL","61756","53.48","1.66","0","1"
"2022/07/13 03:25:00","MHK VL","61756","53.53","1.71","0","1"
"2022/07/13 03:30:00","MHK VL","61756","53.53","1.71","0","1"
"2022/07/13 03:35:00","MHK VL","61756","53.12","1.69","0","1"
"2022/07/13 03:40:00","MHK VL","61756","52.83","1.69","0","1"
"2022/07/13 03:45:00","MHK VL","61756","48.08","1.53","0","1"
"2022/07/13 03:50:00","MHK VL","61756","48.07","1.53","0","1"
"2022/07/13 03:55:00","MHK VL","61756","47.78","1.52","0","1"
"2022/07/13 04:00:00","MHK VL","61756","47.7","1.52","0","1"
"2022/07/13 04:05:00","MHK VL","61756","47.8","1.52","0","1"
"2022/07/13 04:10:00","MHK VL","61756","47.65","1.52","0","1"
"2022/07/13 04:15:00","MHK VL","61756","47.85","1.53","0","1"
"2022/07/13 04:20:00","MHK VL","61756","47.9","1.53","0","1"
"2022/07/13 04:25:00","MHK VL","61756","48.11","1.53","0","1"
"2022/07/13 04:30:00","MHK VL","61756","48.5","1.55","0","1"
"2022/07/13 04:35:00","MHK VL","61756","53.36","1.7","0","1"
"2022/07/13 04:40:00","MHK VL","61756","53.36","1.7","0","1"
"2022/07/13 04:45:00","MHK VL","61756","53.41","1.7","0","1"
"2022/07/13 04:50:00","MHK VL","61756","53.51","1.76","0","1"
"2022/07/13 04:55:00","MHK VL","61756","53.25","1.75","0","1"
"2022/07/13 05:00:00","MHK VL","61756","53.76","1.82","0","1"
"2022/07/13 05:05:00","MHK VL","61756","56.45","1.96","0","1"
"2022/07/13 05:10:00","MHK VL","61756","56.12","1.9","0","1"
"2022/07/13 05:15:00","MHK VL","61756","56.04","1.89","0","1"
"2022/07/13 05:20:00","MHK VL","61756","56.4","1.96","0","1"
"2022/07/13 05:25:00","MHK VL","61756","55.66","1.93","0","1"
"2022/07/13 05:30:00","MHK VL","61756","56.92","1.98","0","1"
"2022/07/13 05:35:00","MHK VL","61756","58.07","2.01","0","1"
"2022/07/13 05:40:00","MHK VL","61756","57.81","2.01","0","1"
"2022/07/13 05:45:00","MHK VL","61756","58.72","2.04","0","1"
"2022/07/13 05:50:00","MHK VL","61756","60.09","2.09","0","1"
"2022/07/13 05:55:00","MHK VL","61756","60.26","2.09","0","1"
"2022/07/13 06:00:00","MHK VL","61756","48.72","1.74","0","1"
"2022/07/13 06:05:00","MHK VL","61756","58.29","2.13","0","1"
"2022/07/13 06:10:00","MHK VL","61756","58.74","2.15","0","1"
"2022/07/13 06:15:00","MHK VL","61756","59.24","2.22","0","1"
"2022/07/13 06:20:00","MHK VL","61756","60.83","2.28","0","1"
"2022/07/13 06:25:00","MHK VL","61756","60.78","2.28","0","1"
"2022/07/13 06:30:00","MHK VL","61756","61.54","2.31","0","1"
"2022/07/13 06:35:00","MHK VL","61756","62.56","2.41","0","1"
"2022/07/13 06:40:00","MHK VL","61756","62.51","2.41","0","1"
"2022/07/13 06:45:00","MHK VL","61756","62.27","2.34","0","1"
"2022/07/13 06:50:00","MHK VL","61756","62.22","2.33","0","1"
"2022/07/13 06:55:00","MHK VL","61756","62.34","2.34","0","1"
"2022/07/13 07:00:00","MHK VL","61756","57.12","2.14","0","1"
"2022/07/13 07:05:00","MHK VL","61756","54.82","2.06","0","1"
"2022/07/13 07:10:00","MHK VL","61756","55.42","2.08","0","1"
"2022/07/13 07:15:00","MHK VL","61756","55.48","2.14","0","1"
"2022/07/13 07:20:00","MHK VL","61756","56.57","2.18","0","1"
"2022/07/13 07:25:00","MHK VL","61756","58.04","2.23","0","1"
"2022/07/13 07:30:00","MHK VL","61756","58.3","2.3","0","1"
"2022/07/13 07:30:14","MHK VL","61756","58.52","2.36","0","1"
"2022/07/13 07:32:08","MHK VL","61756","75.04","3.02","0","1"
"2022/07/13 07:35:00","MHK VL","61756","75.19","3.03","0","1"
"2022/07/13 07:40:00","MHK VL","61756","75.19","3.03","0","1"
"2022/07/13 07:45:00","MHK VL","61756","77.8","3.14","0","1"
"2022/07/13 07:50:00","MHK VL","61756","81.16","3.2","0","1"
"2022/07/13 07:55:00","MHK VL","61756","81.16","3.2","0","1"
"2022/07/13 08:00:00","MHK VL","61756","76.36","2.94","0","1"
"2022/07/13 08:05:00","MHK VL","61756","69.5","2.74","0","1"
"2022/07/13 08:10:00","MHK VL","61756","73.2","2.88","0","1"
"2022/07/13 08:15:00","MHK VL","61756","70.89","2.79","0","1"
"2022/07/13 08:20:00","MHK VL","61756","72.09","2.84","0","1"
"2022/07/13 08:25:00","MHK VL","61756","72.23","2.85","0","1"
"2022/07/13 08:30:00","MHK VL","61756","72.23","2.85","0","1"
"2022/07/13 08:35:00","MHK VL","61756","72.24","2.85","0","1"
"2022/07/13 08:40:00","MHK VL","61756","73.34","2.89","0","1"
"2022/07/13 08:45:00","MHK VL","61756","72.37","2.92","0","1"
"2022/07/13 08:50:00","MHK VL","61756","71.96","2.84","0","1"
"2022/07/13 08:55:00","MHK VL","61756","71.89","2.83","0","1"
"2022/07/13 09:00:00","MHK VL","61756","69.67","2.74","0","1"
"2022/07/13 09:05:00","MHK VL","61756","75.28","2.97","0","1"
"2022/07/13 09:10:00","MHK VL","61756","75.52","2.91","0","1"
"2022/07/13 09:15:00","MHK VL","61756","63.09","2.43","0","1"
"2022/07/13 09:20:00","MHK VL","61756","70.42","2.71","0","1"
"2022/07/13 09:25:00","MHK VL","61756","28.75","2.71","41.62","1"
"2022/07/13 09:30:00","MHK VL","61756","73.9","2.85","0","1"
"2022/07/13 09:35:00","MHK VL","61756","73.9","2.85","0","1"
"2022/07/13 09:40:00","MHK VL","61756","73.39","2.83","0","1"
"2022/07/13 09:45:00","MHK VL","61756","72.95","2.81","0","1"
"2022/07/13 09:50:00","MHK VL","61756","73.45","2.83","0","1"
"2022/07/13 09:55:00","MHK VL","61756","73.59","2.83","0","1"
"2022/07/13 10:00:00","MHK VL","61756","72.87","2.73","0","1"
"2022/07/13 10:05:00","MHK VL","61756","72.84","2.73","0","1"
"2022/07/13 10:10:00","MHK VL","61756","75.37","2.83","0","1"
"2022/07/13 10:13:26","MHK VL","61756","74.49","2.79","0","1"
"2022/07/13 10:15:00","MHK VL","61756","74.93","2.81","0","1"
"2022/07/13 10:15:50","MHK VL","61756","74.93","2.81","0","1"
"2022/07/13 10:20:00","MHK VL","61756","74.87","2.81","0","1"
"2022/07/13 10:25:00","MHK VL","61756","74.87","2.81","0","1"
"2022/07/13 10:30:00","MHK VL","61756","72.66","2.72","0","1"
"2022/07/13 10:35:00","MHK VL","61756","72.52","2.72","0","1"
"2022/07/13 10:40:00","MHK VL","61756","72.58","2.72","0","1"
"2022/07/13 10:45:00","MHK VL","61756","65.12","2.72","7.4","1"
"2022/07/13 10:50:00","MHK VL","61756","72.73","2.8","0","1"
"2022/07/13 10:55:00","MHK VL","61756","72.8","2.8","0","1"
"2022/07/13 11:00:00","MHK VL","61756","73.05","2.81","0","1"
"2022/07/13 11:05:00","MHK VL","61756","78.35","2.94","0","1"
"2022/07/13 11:10:00","MHK VL","61756","79.07","2.96","0","1"
"2022/07/13 11:15:00","MHK VL","61756","77.77","2.92","0","1"
"2022/07/13 11:20:00","MHK VL","61756","75.54","2.83","0","1"
"2022/07/13 11:27:00","MHK VL","61756","75.99","2.85","0","1"
"2022/07/13 11:30:00","MHK VL","61756","76.07","2.85","0","1"
"2022/07/13 11:35:00","MHK VL","61756","75.35","2.83","0","1"
"2022/07/13 11:40:00","MHK VL","61756","75.35","2.83","0","1"
"2022/07/13 11:45:00","MHK VL","61756","76.24","2.86","0","1"
"2022/07/13 11:50:00","MHK VL","61756","76.24","2.86","0","1"
"2022/07/13 11:55:00","MHK VL","61756","76.56","2.8","0","1"
"2022/07/13 12:00:00","MHK VL","61756","82.53","3.09","0","1"
"2022/07/13 12:05:00","MHK VL","61756","105.23","4.05","0","1"
"2022/07/13 12:10:00","MHK VL","61756","87.55","3.53","0","1"
"2022/07/13 12:15:00","MHK VL","61756","85.75","3.38","0","1"
"2022/07/13 12:20:00","MHK VL","61756","84.18","3.47","0","1"
"2022/07/13 12:25:00","MHK VL","61756","83.92","3.46","0","1"
"2022/07/13 12:30:00","MHK VL","61756","83.68","3.37","0","1"
"2022/07/13 12:35:00","MHK VL","61756","86.92","3.5","0","1"
"2022/07/13 12:40:00","MHK VL","61756","83.68","3.37","0","1"
"2022/07/13 12:45:00","MHK VL","61756","82.62","3.33","0","1"
"2022/07/13 12:50:00","MHK VL","61756","85","3.43","0","1"
"2022/07/13 12:55:00","MHK VL","61756","86.92","3.5","0","1"
"2022/07/13 13:00:00","MHK VL","61756","87.08","3.51","0","1"
"2022/07/13 13:05:00","MHK VL","61756","90.57","3.73","0","1"
"2022/07/13 13:10:00","MHK VL","61756","95.63","4.03","0","1"
"2022/07/13 13:15:00","MHK VL","61756","95.63","4.03","0","1"
"2022/07/13 13:20:00","MHK VL","61756","95.63","4.03","0","1"
"2022/07/13 13:25:00","MHK VL","61756","96.16","4.05","0","1"
"2022/07/13 13:30:00","MHK VL","61756","96.36","4.06","0","1"
"2022/07/13 13:35:00","MHK VL","61756","96.37","3.97","0","1"
"2022/07/13 13:40:00","MHK VL","61756","96.67","3.98","0","1"
"2022/07/13 13:45:00","MHK VL","61756","96.76","4.07","0","1"
"2022/07/13 13:50:00","MHK VL","61756","97.57","4.11","0","1"
"2022/07/13 13:55:00","MHK VL","61756","141.68","6.35","12.39","1"
"2022/07/13 14:00:00","MHK VL","61756","87.67","4.01","9.61","1"
"2022/07/13 14:05:00","MHK VL","61756","82.56","3.78","9.1","1"
"2022/07/13 14:10:00","MHK VL","61756","86.08","4.02","9.37","1"
"2022/07/13 14:15:00","MHK VL","61756","94.57","3.9","0","1"
"2022/07/13 14:20:00","MHK VL","61756","94.58","3.9","0","1"
"2022/07/13 14:25:00","MHK VL","61756","82.51","3.77","8.98","1"
"2022/07/13 14:30:00","MHK VL","61756","94.91","3.91","0","1"
"2022/07/13 14:35:00","MHK VL","61756","95.64","3.94","0","1"
"2022/07/13 14:40:00","MHK VL","61756","94.89","3.91","0","1"
"2022/07/13 14:45:00","MHK VL","61756","98.26","4.05","0","1"
"2022/07/13 14:50:00","MHK VL","61756","102.14","4.21","0","1"
"2022/07/13 14:55:00","MHK VL","61756","121.53","4.79","0","1"
"2022/07/13 15:00:00","MHK VL","61756","103.02","4.15","0","1"
"2022/07/13 15:05:00","MHK VL","61756","83.97","3.38","0","1"
"2022/07/13 15:10:00","MHK VL","61756","77.3","3.54","8.67","1"
"2022/07/13 15:15:00","MHK VL","61756","81.71","3.76","9.66","1"
"2022/07/13 15:20:00","MHK VL","61756","84.22","3.88","9.92","1"
"2022/07/13 15:25:00","MHK VL","61756","82.77","3.82","9.85","1"
"2022/07/13 15:30:00","MHK VL","61756","83.11","3.73","9.38","1"
"2022/07/13 15:35:00","MHK VL","61756","86.55","3.9","10.27","1"
"2022/07/13 15:40:00","MHK VL","61756","92.64","4.17","10.93","1"
"2022/07/13 15:45:00","MHK VL","61756","84.61","3.41","0","1"
"2022/07/13 15:50:00","MHK VL","61756","90","3.63","0","1"
"2022/07/13 15:55:00","MHK VL","61756","91.48","3.69","0","1"
"2022/07/13 16:00:00","MHK VL","61756","84.16","3.39","0","1"
"2022/07/13 16:05:00","MHK VL","61756","79.22","3.19","0","1"
"2022/07/13 16:10:00","MHK VL","61756","79.75","3.14","0","1"
"2022/07/13 16:15:00","MHK VL","61756","83.23","3.28","0","1"
"2022/07/13 16:20:00","MHK VL","61756","80.07","3.23","0","1"
"2022/07/13 16:25:00","MHK VL","61756","80.25","3.23","0","1"
"2022/07/13 16:30:00","MHK VL","61756","79.73","3.21","0","1"
"2022/07/13 16:35:00","MHK VL","61756","83.65","3.37","0","1"
"2022/07/13 16:40:00","MHK VL","61756","88","3.55","0","1"
"2022/07/13 16:45:00","MHK VL","61756","82.05","3.31","0","1"
"2022/07/13 16:50:00","MHK VL","61756","89.69","3.7","0","1"
"2022/07/13 16:55:00","MHK VL","61756","90.13","3.71","0","1"
"2022/07/13 17:00:00","MHK VL","61756","91.55","3.77","0","1"
"2022/07/13 17:05:00","MHK VL","61756","95.47","3.93","0","1"
"2022/07/13 17:10:00","MHK VL","61756","95.75","4.21","0","1"
"2022/07/13 17:15:00","MHK VL","61756","96.25","4.23","0","1"
"2022/07/13 17:20:00","MHK VL","61756","97.64","4.3","0","1"
"2022/07/13 17:25:00","MHK VL","61756","109.34","4.91","0","1"
"2022/07/13 17:30:00","MHK VL","61756","103.8","4.66","0","1"
"2022/07/13 17:35:00","MHK VL","61756","98.32","4.41","0","1"
"2022/07/13 17:40:00","MHK VL","61756","95.74","4.3","0","1"
"2022/07/13 17:45:00","MHK VL","61756","95.41","4.28","0","1"
"2022/07/13 17:50:00","MHK VL","61756","86.07","3.86","0","1"
"2022/07/13 17:55:00","MHK VL","61756","90.38","4.06","0","1"
"2022/07/13 18:00:00","MHK VL","61756","95.36","4.28","0","1"
"2022/07/13 18:05:00","MHK VL","61756","98.26","4.41","0","1"
"2022/07/13 18:10:00","MHK VL","61756","96.51","4.33","0","1"
"2022/07/13 18:15:00","MHK VL","61756","98.15","4.41","0","1"
"2022/07/13 18:20:00","MHK VL","61756","102.52","4.6","0","1"
"2022/07/13 18:25:00","MHK VL","61756","98.52","4.42","0","1"
"2022/07/13 18:30:00","MHK VL","61756","100.37","4.42","0","1"
"2022/07/13 18:35:00","MHK VL","61756","101.41","4.46","0","1"
"2022/07/13 18:40:00","MHK VL","61756","100.15","4.41","0","1"
"2022/07/13 18:45:00","MHK VL","61756","96.08","4.23","0","1"
"2022/07/13 18:50:00","MHK VL","61756","95.75","4.21","0","1"
"2022/07/13 18:55:00","MHK VL","61756","95.2","4.19","0","1"
"2022/07/13 19:00:00","MHK VL","61756","92.8","4","0","1"
"2022/07/13 19:05:00","MHK VL","61756","85.04","3.67","0","1"
"2022/07/13 19:10:00","MHK VL","61756","84.86","3.66","0","1"
"2022/07/13 19:15:00","MHK VL","61756","83.16","3.5","0","1"
"2022/07/13 19:20:00","MHK VL","61756","80.32","3.31","0","1"
"2022/07/13 19:25:00","MHK VL","61756","84.67","3.56","0","1"
"2022/07/13 19:30:00","MHK VL","61756","84.67","3.56","0","1"
"2022/07/13 19:35:00","MHK VL","61756","84.67","3.56","0","1"
"2022/07/13 19:40:00","MHK VL","61756","80.54","3.39","0","1"
"2022/07/13 19:45:00","MHK VL","61756","84.95","3.58","0","1"
"2022/07/13 19:50:00","MHK VL","61756","80.05","3.37","0","1"
"2022/07/13 19:55:00","MHK VL","61756","78.1","3.22","0","1"
"2022/07/13 20:00:00","MHK VL","61756","81.77","3.3","0","1"
"2022/07/13 20:05:00","MHK VL","61756","78.23","3.08","0","1"
"2022/07/13 20:10:00","MHK VL","61756","78.16","3.08","0","1"
"2022/07/13 20:15:00","MHK VL","61756","78.09","3.08","0","1"
"2022/07/13 20:20:00","MHK VL","61756","78.02","3.07","0","1"
"2022/07/13 20:25:00","MHK VL","61756","77.94","3.07","0","1"
"2022/07/13 20:30:00","MHK VL","61756","77.94","3.07","0","1"
"2022/07/13 20:35:00","MHK VL","61756","78.24","3.15","0","1"
"2022/07/13 20:40:00","MHK VL","61756","79.48","3.2","0","1"
"2022/07/13 20:45:00","MHK VL","61756","79.48","3.2","0","1"
"2022/07/13 20:50:00","MHK VL","61756","78.26","3.22","0","1"
"2022/07/13 20:55:00","MHK VL","61756","78.94","3.25","0","1"
"2022/07/13 21:00:00","MHK VL","61756","80.92","3.33","0","1"
"2022/07/13 21:05:00","MHK VL","61756","78.45","3.23","0","1"
"2022/07/13 21:10:00","MHK VL","61756","77.72","3.13","0","1"
"2022/07/13 21:15:00","MHK VL","61756","76.13","3.07","0","1"
"2022/07/13 21:20:00","MHK VL","61756","76.16","3.07","0","1"
"2022/07/13 21:25:00","MHK VL","61756","76.04","3.06","0","1"
"2022/07/13 21:30:00","MHK VL","61756","42.93","1.73","0","1"
"2022/07/13 21:35:00","MHK VL","61756","42.93","1.73","0","1"
"2022/07/13 21:40:00","MHK VL","61756","36.93","1.49","0","1"
"2022/07/13 21:45:00","MHK VL","61756","15.04","0.61","0","1"
"2022/07/13 21:50:00","MHK VL","61756","29.86","1.2","0","1"
"2022/07/13 21:55:00","MHK VL","61756","37.1","1.46","0","1"
"2022/07/13 22:00:00","MHK VL","61756","57.45","2.32","0","1"
"2022/07/13 22:05:00","MHK VL","61756","57.92","2.33","0","1"
"2022/07/13 22:10:00","MHK VL","61756","45.48","1.83","0","1"
"2022/07/13 22:15:00","MHK VL","61756","57.52","2.32","0","1"
"2022/07/13 22:20:00","MHK VL","61756","44.33","1.75","0","1"
"2022/07/13 22:25:00","MHK VL","61756","57.87","2.28","0","1"
"2022/07/13 22:30:00","MHK VL","61756","44.29","1.71","0","1"
"2022/07/13 22:35:00","MHK VL","61756","44.29","1.71","0","1"
"2022/07/13 22:40:00","MHK VL","61756","64.53","2.54","0","1"
"2022/07/13 22:45:00","MHK VL","61756","43.82","1.69","0","1"
"2022/07/13 22:50:00","MHK VL","61756","44.34","1.71","0","1"
"2022/07/13 22:55:00","MHK VL","61756","57.02","2.25","0","1"
"2022/07/13 23:00:00","MHK VL","61756","75.26","3.03","0","1"
"2022/07/13 23:05:00","MHK VL","61756","83.78","3.38","0","1"
"2022/07/13 23:10:00","MHK VL","61756","77.91","3.21","0","1"
"2022/07/13 23:15:00","MHK VL","61756","73.23","2.95","0","1"
"2022/07/13 23:20:00","MHK VL","61756","74.33","2.93","0","1"
"2022/07/13 23:25:00","MHK VL","61756","75.2","2.96","0","1"
"2022/07/13 23:30:00","MHK VL","61756","74.18","2.86","0","1"
"2022/07/13 23:35:00","MHK VL","61756","73.84","2.84","0","1"
"2022/07/13 23:40:00","MHK VL","61756","72.77","2.8","0","1"
"2022/07/13 23:45:00","MHK VL","61756","71.04","2.73","0","1"
"2022/07/13 23:50:00","MHK VL","61756","73.59","2.83","0","1"
"2022/07/13 23:55:00","MHK VL","61756","74.04","2.78","0","1"
"2022/07/14 00:00:00","MHK VL","61756","78.08","2.93","0","1"
"2022/07/14 00:05:00","MHK VL","61756","79.28","2.97","0","1"
"2022/07/14 00:10:00","MHK VL","61756","78.24","2.86","0","1"
"2022/07/14 00:15:00","MHK VL","61756","77.55","2.84","0","1"
"2022/07/14 00:20:00","MHK VL","61756","75.33","2.76","0","1"
"2022/07/14 00:25:00","MHK VL","61756","75.4","2.76","0","1"
"2022/07/14 00:30:00","MHK VL","61756","74.41","2.72","0","1"
"2022/07/14 00:35:00","MHK VL","61756","74.53","2.73","0","1"
"2022/07/14 00:40:00","MHK VL","61756","74.22","2.72","0","1"
"2022/07/14 00:45:00","MHK VL","61756","76.01","2.78","0","1"
"2022/07/14 00:50:00","MHK VL","61756","74.13","2.65","0","1"
"2022/07/14 00:55:00","MHK VL","61756","74.02","2.64","0","1"
"2022/07/14 01:00:00","MHK VL","61756","75.87","2.71","0","1"
"2022/07/14 01:05:00","MHK VL","61756","62.7","2.5","7.36","1"
"2022/07/14 01:10:00","MHK VL","61756","66.83","2.39","0","1"
"2022/07/14 01:15:00","MHK VL","61756","73.15","2.54","0","1"
"2022/07/14 01:20:00","MHK VL","61756","68.57","2.38","0","1"
"2022/07/14 01:25:00","MHK VL","61756","64.5","2.3","0","1"
"2022/07/14 01:30:00","MHK VL","61756","64.49","2.24","0","1"
"2022/07/14 01:35:00","MHK VL","61756","64.22","2.23","0","1"
"2022/07/14 01:40:00","MHK VL","61756","64.24","2.23","0","1"
"2022/07/14 01:45:00","MHK VL","61756","64.03","2.16","0","1"
"2022/07/14 01:50:00","MHK VL","61756","63.89","2.16","0","1"
"2022/07/14 01:55:00","MHK VL","61756","63.31","2.08","0","1"
"2022/07/14 02:00:00","MHK VL","61756","64.61","2.13","0","1"
"2022/07/14 02:05:00","MHK VL","61756","63.42","2.09","0","1"
"2022/07/14 02:10:00","MHK VL","61756","63.42","2.09","0","1"
"2022/07/14 02:15:00","MHK VL","61756","63.48","2.09","0","1"
"2022/07/14 02:20:00","MHK VL","61756","63.42","2.09","0","1"
"2022/07/14 02:25:00","MHK VL","61756","56.66","1.86","0","1"
"2022/07/14 02:30:00","MHK VL","61756","54.33","1.84","0","1"
"2022/07/14 02:35:00","MHK VL","61756","54.22","1.78","0","1"
"2022/07/14 02:40:00","MHK VL","61756","53.45","1.76","0","1"
"2022/07/14 02:45:00","MHK VL","61756","54.21","1.78","0","1"
"2022/07/14 02:50:00","MHK VL","61756","54.3","1.79","0","1"
"2022/07/14 02:55:00","MHK VL","61756","53.54","1.76","0","1"
"2022/07/14 03:00:00","MHK VL","61756","63.49","2.09","0","1"
"2022/07/14 03:05:00","MHK VL","61756","56.68","1.86","0","1"
"2022/07/14 03:10:00","MHK VL","61756","56.57","1.8","0","1"
"2022/07/14 03:15:00","MHK VL","61756","56.68","1.81","0","1"
"2022/07/14 03:20:00","MHK VL","61756","56.89","1.81","0","1"
"2022/07/14 03:25:00","MHK VL","61756","55.29","1.76","0","1"
"2022/07/14 03:30:00","MHK VL","61756","55.18","1.76","0","1"
"2022/07/14 03:35:00","MHK VL","61756","54.3","1.73","0","1"
"2022/07/14 03:40:00","MHK VL","61756","54.34","1.73","0","1"
"2022/07/14 03:45:00","MHK VL","61756","53.8","1.72","0","1"
"2022/07/14 03:50:00","MHK VL","61756","53.8","1.72","0","1"
"2022/07/14 03:55:00","MHK VL","61756","53.72","1.71","0","1"
"2022/07/14 04:00:00","MHK VL","61756","55.33","1.76","0","1"
"2022/07/14 04:05:00","MHK VL","61756","55.51","1.77","0","1"
"2022/07/14 04:10:00","MHK VL","61756","54.78","1.75","0","1"
"2022/07/14 04:15:00","MHK VL","61756","55.38","1.82","0","1"
"2022/07/14 04:20:00","MHK VL","61756","55.41","1.82","0","1"
"2022/07/14 04:25:00","MHK VL","61756","55.44","1.82","0","1"
"2022/07/14 04:30:00","MHK VL","61756","55.67","1.83","0","1"
"2022/07/14 04:35:00","MHK VL","61756","55.44","1.82","0","1"
"2022/07/14 04:40:00","MHK VL","61756","55.76","1.83","0","1"
"2022/07/14 04:45:00","MHK VL","61756","55.71","1.83","0","1"
"2022/07/14 04:50:00","MHK VL","61756","55.66","1.83","0","1"
"2022/07/14 04:55:00","MHK VL","61756","55.13","1.81","0","1"
"2022/07/14 05:00:00","MHK VL","61756","55.64","1.88","0","1"
"2022/07/14 05:05:00","MHK VL","61756","56.57","1.91","0","1"
"2022/07/14 05:10:00","MHK VL","61756","57.14","1.93","0","1"
"2022/07/14 05:15:00","MHK VL","61756","57.29","1.99","0","1"
"2022/07/14 05:20:00","MHK VL","61756","57.2","1.98","0","1"
"2022/07/14 05:25:00","MHK VL","61756","57.24","1.99","0","1"
"2022/07/14 05:30:00","MHK VL","61756","51.04","1.77","0","1"
"2022/07/14 05:35:00","MHK VL","61756","55.84","1.94","0","1"
"2022/07/14 05:40:00","MHK VL","61756","55.84","1.94","0","1"
"2022/07/14 05:45:00","MHK VL","61756","55.95","2","0","1"
"2022/07/14 05:50:00","MHK VL","61756","56.64","2.02","0","1"
"2022/07/14 05:55:00","MHK VL","61756","56.76","2.03","0","1"
"2022/07/14 06:00:00","MHK VL","61756","51.52","1.84","0","1"
"2022/07/14 06:05:00","MHK VL","61756","63.78","2.28","0","1"
"2022/07/14 06:10:00","MHK VL","61756","61.34","2.19","0","1"
"2022/07/14 06:15:00","MHK VL","61756","18.13","2.24","43","1"
"2022/07/14 06:20:00","MHK VL","61756","56.07","2.33","7.65","1"
"2022/07/14 06:25:00","MHK VL","61756","50.99","2.34","12.81","1"
"2022/07/14 06:30:00","MHK VL","61756","63.94","2.34","0","1"
"2022/07/14 06:35:00","MHK VL","61756","68.08","2.49","0","1"
"2022/07/14 06:40:00","MHK VL","61756","68.08","2.49","0","1"
"2022/07/14 06:45:00","MHK VL","61756","68.36","2.5","0","1"
"2022/07/14 06:50:00","MHK VL","61756","66.36","2.43","0","1"
"2022/07/14 06:55:00","MHK VL","61756","65.16","2.44","0","1"
"2022/07/14 07:00:00","MHK VL","61756","56.57","2.12","0","1"
"2022/07/14 07:05:00","MHK VL","61756","55.53","2.14","0","1"
"2022/07/14 07:10:00","MHK VL","61756","59.69","2.3","0","1"
"2022/07/14 07:15:00","MHK VL","61756","13.86","2.2","43.3","1"
"2022/07/14 07:20:00","MHK VL","61756","56.37","2.11","0","1"
"2022/07/14 07:25:00","MHK VL","61756","56.42","2.12","0","1"
"2022/07/14 07:30:00","MHK VL","61756","57.26","2.2","0","1"
"2022/07/14 07:35:00","MHK VL","61756","61.08","2.35","0","1"
"2022/07/14 07:40:00","MHK VL","61756","62.73","2.42","0","1"
"2022/07/14 07:45:00","MHK VL","61756","65.56","2.58","0","1"
"2022/07/14 07:50:00","MHK VL","61756","66.87","2.63","0","1"
"2022/07/14 07:55:00","MHK VL","61756","67.07","2.64","0","1"
"2022/07/14 08:00:00","MHK VL","61756","61.91","2.49","0","1"
"2022/07/14 08:05:00","MHK VL","61756","65.69","2.65","0","1"
"2022/07/14 08:10:00","MHK VL","61756","65.41","2.64","0","1"
"2022/07/14 08:15:00","MHK VL","61756","62.56","2.46","0","1"
"2022/07/14 08:20:00","MHK VL","61756","65.07","2.56","0","1"
"2022/07/14 08:23:43","MHK VL","61756","67.7","2.73","0","1"
"2022/07/14 08:25:00","MHK VL","61756","73.96","2.98","0","1"
"2022/07/14 08:26:31","MHK VL","61756","73.96","2.98","0","1"
"2022/07/14 08:30:00","MHK VL","61756","70.34","2.83","0","1"
"2022/07/14 08:35:00","MHK VL","61756","70.34","2.83","0","1"
"2022/07/14 08:40:00","MHK VL","61756","70.85","2.86","0","1"
"2022/07/14 08:45:00","MHK VL","61756","71.9","2.9","0","1"
"2022/07/14 08:50:00","MHK VL","61756","75.24","2.96","0","1"
"2022/07/14 08:55:00","MHK VL","61756","74.84","2.95","0","1"
"2022/07/14 09:00:00","MHK VL","61756","70.77","2.85","0","1"
"2022/07/14 09:05:00","MHK VL","61756","72.36","3.05","0","1"
"2022/07/14 09:10:00","MHK VL","61756","72.71","2.93","0","1"
"2022/07/14 09:15:00","MHK VL","61756","70.09","2.82","0","1"
"2022/07/14 09:20:00","MHK VL","61756","71.22","2.87","0","1"
"2022/07/14 09:25:00","MHK VL","61756","70.93","2.79","0","1"
"2022/07/14 09:30:00","MHK VL","61756","69.84","2.75","0","1"
"2022/07/14 09:35:00","MHK VL","61756","68.31","2.69","0","1"
"2022/07/14 09:40:00","MHK VL","61756","68.19","2.69","0","1"
"2022/07/14 09:45:00","MHK VL","61756","68.7","2.77","0","1"
"2022/07/14 09:50:00","MHK VL","61756","73.49","2.96","0","1"
"2022/07/14 09:55:00","MHK VL","61756","73.42","2.89","0","1"
"2022/07/14 10:00:00","MHK VL","61756","67.43","2.72","0","1"
"2022/07/14 10:05:00","MHK VL","61756","70.41","2.77","0","1"
"2022/07/14 10:10:00","MHK VL","61756","70.53","2.78","0","1"
"2022/07/14 10:15:00","MHK VL","61756","64.79","2.55","0","1"
"2022/07/14 10:20:00","MHK VL","61756","73.57","2.9","0","1"
"2022/07/14 10:25:00","MHK VL","61756","72.87","2.87","0","1"
"2022/07/14 10:30:00","MHK VL","61756","72.57","2.86","0","1"
"2022/07/14 10:35:00","MHK VL","61756","73.59","2.9","0","1"
"2022/07/14 10:40:00","MHK VL","61756","73.76","2.91","0","1"
"2022/07/14 10:45:00","MHK VL","61756","74.01","2.92","0","1"
"2022/07/14 10:50:00","MHK VL","61756","62.04","2.44","0","1"
"2022/07/14 10:55:00","MHK VL","61756","58.1","2.61","6.61","1"
"2022/07/14 11:00:00","MHK VL","61756","48.91","2.41","12.25","1"
"2022/07/14 11:05:00","MHK VL","61756","58.08","2.55","6.6","1"
"2022/07/14 11:10:00","MHK VL","61756","64.86","2.56","0","1"
"2022/07/14 11:15:00","MHK VL","61756","74.59","3.01","0","1"
"2022/07/14 11:20:00","MHK VL","61756","70.75","2.85","0","1"
"2022/07/14 11:25:00","MHK VL","61756","64.79","2.55","0","1"
"2022/07/14 11:30:00","MHK VL","61756","56.29","2.55","7.04","1"
"2022/07/14 11:35:00","MHK VL","61756","58.43","2.61","6.42","1"
"2022/07/14 11:40:00","MHK VL","61756","27.45","2.71","39.9","1"
"2022/07/14 11:45:00","MHK VL","61756","53.03","2.62","11.89","1"
"2022/07/14 11:50:00","MHK VL","61756","53.03","2.62","11.89","1"
"2022/07/14 11:55:00","MHK VL","61756","25.08","2.62","39.91","1"
"2022/07/14 12:00:00","MHK VL","61756","69.83","2.81","0","1"
"2022/07/14 12:05:00","MHK VL","61756","82.43","3.4","0","1"
"2022/07/14 12:10:00","MHK VL","61756","73.85","2.98","0","1"
"2022/07/14 12:15:00","MHK VL","61756","65.74","2.65","0","1"
"2022/07/14 12:20:00","MHK VL","61756","65.19","2.63","0","1"
"2022/07/14 12:25:00","MHK VL","61756","65.45","2.64","0","1"
"2022/07/14 12:30:00","MHK VL","61756","68.22","2.75","0","1"
"2022/07/14 12:35:00","MHK VL","61756","71.08","2.93","0","1"
"2022/07/14 12:40:00","MHK VL","61756","69.51","2.8","0","1"
"2022/07/14 12:45:00","MHK VL","61756","67.41","2.78","0","1"
"2022/07/14 12:50:00","MHK VL","61756","68.04","2.8","0","1"
"2022/07/14 12:55:00","MHK VL","61756","67.49","2.72","0","1"
"2022/07/14 13:00:00","MHK VL","61756","75.15","3.03","0","1"
"2022/07/14 13:05:00","MHK VL","61756","108.85","4.29","0","1"
"2022/07/14 13:10:00","MHK VL","61756","94.66","3.64","0","1"
"2022/07/14 13:15:00","MHK VL","61756","90.44","3.48","0","1"
"2022/07/14 13:20:00","MHK VL","61756","79.83","3.07","0","1"
"2022/07/14 13:25:00","MHK VL","61756","82.98","3.19","0","1"
"2022/07/14 13:30:00","MHK VL","61756","73.85","2.91","0","1"
"2022/07/14 13:35:00","MHK VL","61756","73.53","2.83","0","1"
"2022/07/14 13:40:00","MHK VL","61756","75.71","2.91","0","1"
"2022/07/14 13:45:00","MHK VL","61756","79.99","3.15","0","1"
"2022/07/14 13:50:00","MHK VL","61756","80.09","3.08","0","1"
"2022/07/14 13:55:00","MHK VL","61756","80.33","3.09","0","1"
"2022/07/14 14:00:00","MHK VL","61756","74.16","2.86","0","1"
"2022/07/14 14:05:00","MHK VL","61756","80.5","3.1","0","1"
"2022/07/14 14:10:00","MHK VL","61756","80.67","3.11","0","1"
"2022/07/14 14:15:00","MHK VL","61756","79.92","3.08","0","1"
"2022/07/14 14:20:00","MHK VL","61756","80","3.08","0","1"
"2022/07/14 14:22:38","MHK VL","61756","82.24","3.17","0","1"
"2022/07/14 14:23:50","MHK VL","61756","87.96","3.39","0","1"
"2022/07/14 14:25:00","MHK VL","61756","93.45","3.68","0","1"
"2022/07/14 14:27:38","MHK VL","61756","93.45","3.68","0","1"
"2022/07/14 14:30:00","MHK VL","61756","93.45","3.68","0","1"
"2022/07/14 14:35:00","MHK VL","61756","93.45","3.68","0","1"
"2022/07/14 14:40:00","MHK VL","61756","93.74","3.69","0","1"
"2022/07/14 14:45:00","MHK VL","61756","75.13","2.96","0","1"
"2022/07/14 14:50:00","MHK VL","61756","81.38","3.21","0","1"
"2022/07/14 14:55:00","MHK VL","61756","74.81","2.81","0","1"
"2022/07/14 15:00:00","MHK VL","61756","94.36","3.45","0","1"
"2022/07/14 15:05:00","MHK VL","61756","84.87","3.03","0","1"
"2022/07/14 15:10:00","MHK VL","61756","84.37","3.01","0","1"
"2022/07/14 15:15:00","MHK VL","61756","85.07","3.11","0","1"
"2022/07/14 15:20:00","MHK VL","61756","84.84","3.36","9.37","1"
"2022/07/14 15:25:00","MHK VL","61756","84.89","3.47","9.88","1"
"2022/07/14 15:30:00","MHK VL","61756","100.79","4.11","11.52","1"
"2022/07/14 15:35:00","MHK VL","61756","93.96","3.82","10.3","1"
"2022/07/14 15:40:00","MHK VL","61756","85.08","3.46","9.39","1"
"2022/07/14 15:45:00","MHK VL","61756","95.15","3.48","0","1"
"2022/07/14 15:50:00","MHK VL","61756","103.8","3.8","0","1"
"2022/07/14 15:55:00","MHK VL","61756","112.24","4.11","0","1"
"2022/07/14 16:00:00","MHK VL","61756","76.27","3.03","8.51","1"
"2022/07/14 16:05:00","MHK VL","61756","72.17","2.94","8.09","1"
"2022/07/14 16:10:00","MHK VL","61756","72.27","2.94","8.07","1"
"2022/07/14 16:15:00","MHK VL","61756","72.89","2.97","8.14","1"
"2022/07/14 16:20:00","MHK VL","61756","75.16","3.06","8.37","1"
"2022/07/14 16:25:00","MHK VL","61756","94.83","3.38","-0.05","1"
"2022/07/14 16:30:00","MHK VL","61756","81.12","2.9","0","1"
"2022/07/14 16:35:00","MHK VL","61756","81.04","2.89","0","1"
"2022/07/14 16:40:00","MHK VL","61756","80.86","2.89","0","1"
"2022/07/14 16:45:00","MHK VL","61756","80.95","2.89","0","1"
"2022/07/14 16:50:00","MHK VL","61756","82.66","2.95","0","1"
"2022/07/14 16:55:00","MHK VL","61756","94.99","3.39","0","1"
"2022/07/14 17:00:00","MHK VL","61756","103.7","3.7","0","1"
"2022/07/14 17:05:00","MHK VL","61756","111.52","4.52","12.05","1"
"2022/07/14 17:10:00","MHK VL","61756","113.23","4.25","0","1"
"2022/07/14 17:15:00","MHK VL","61756","112.87","4.23","0","1"
"2022/07/14 17:20:00","MHK VL","61756","104.12","3.9","0","1"
"2022/07/14 17:25:00","MHK VL","61756","112.88","4.23","0","1"
"2022/07/14 17:30:00","MHK VL","61756","112.62","4.22","0","1"
"2022/07/14 17:35:00","MHK VL","61756","135.02","5.2","0","1"
"2022/07/14 17:40:00","MHK VL","61756","108.28","4.17","0","1"
"2022/07/14 17:45:00","MHK VL","61756","112.37","4.21","0","1"
"2022/07/14 17:50:00","MHK VL","61756","122.01","4.36","0","1"
"2022/07/14 17:55:00","MHK VL","61756","131.71","4.45","0","1"
"2022/07/14 18:00:00","MHK VL","61756","113.74","3.84","0","1"
"2022/07/14 18:05:00","MHK VL","61756","99.2","3.44","0","1"
"2022/07/14 18:10:00","MHK VL","61756","98.9","3.62","0","1"
"2022/07/14 18:15:00","MHK VL","61756","98.99","3.71","0","1"
"2022/07/14 18:20:00","MHK VL","61756","99.49","3.73","0","1"
"2022/07/14 18:25:00","MHK VL","61756","99.59","3.83","0","1"
"2022/07/14 18:30:00","MHK VL","61756","99.69","3.84","0","1"
"2022/07/14 18:35:00","MHK VL","61756","100.13","3.95","0","1"
"2022/07/14 18:40:00","MHK VL","61756","100.22","3.95","0","1"
"2022/07/14 18:45:00","MHK VL","61756","97.38","3.84","0","1"
"2022/07/14 18:50:00","MHK VL","61756","94.63","3.81","0","1"
"2022/07/14 18:55:00","MHK VL","61756","94.73","3.82","0","1"
"2022/07/14 19:00:00","MHK VL","61756","104.18","4.2","0","1"
"2022/07/14 19:05:00","MHK VL","61756","108.62","4.48","0","1"
"2022/07/14 19:10:00","MHK VL","61756","101.04","4.16","0","1"
"2022/07/14 19:15:00","MHK VL","61756","101.66","4.19","0","1"
"2022/07/14 19:20:00","MHK VL","61756","101.56","4.09","0","1"
"2022/07/14 19:25:00","MHK VL","61756","98.63","4.06","0","1"
"2022/07/14 19:30:00","MHK VL","61756","98.19","3.96","0","1"
"2022/07/14 19:35:00","MHK VL","61756","95.07","3.83","0","1"
"2022/07/14 19:40:00","MHK VL","61756","92.89","3.74","0","1"
"2022/07/14 19:45:00","MHK VL","61756","92.73","3.74","0","1"
"2022/07/14 19:50:00","MHK VL","61756","82.09","3.31","0","1"
"2022/07/14 19:55:00","MHK VL","61756","81.99","3.38","0","1"
"2022/07/14 20:00:00","MHK VL","61756","93.15","3.92","0","1"
"2022/07/14 20:05:00","MHK VL","61756","83.81","3.53","0","1"
"2022/07/14 20:10:00","MHK VL","61756","83.11","3.58","0","1"
"2022/07/14 20:15:00","MHK VL","61756","84.43","3.55","0","1"
"2022/07/14 20:20:00","MHK VL","61756","85.8","3.54","0","1"
"2022/07/14 20:25:00","MHK VL","61756","85.8","3.54","0","1"
"2022/07/14 20:30:00","MHK VL","61756","82.95","3.42","0","1"
"2022/07/14 20:35:00","MHK VL","61756","82.59","3.48","0","1"
"2022/07/14 20:40:00","MHK VL","61756","82.6","3.4","0","1"
"2022/07/14 20:45:00","MHK VL","61756","82.68","3.48","0","1"
"2022/07/14 20:50:00","MHK VL","61756","82.94","3.49","0","1"
"2022/07/14 20:55:00","MHK VL","61756","82.94","3.49","0","1"
"2022/07/14 21:00:00","MHK VL","61756","93.8","4.04","0","1"
"2022/07/14 21:05:00","MHK VL","61756","85.97","3.71","0","1"
"2022/07/14 21:10:00","MHK VL","61756","86.2","3.79","0","1"
"2022/07/14 21:15:00","MHK VL","61756","86.12","3.71","0","1"
"2022/07/14 21:20:00","MHK VL","61756","86.28","3.72","0","1"
"2022/07/14 21:25:00","MHK VL","61756","84.51","3.56","0","1"
"2022/07/14 21:30:00","MHK VL","61756","83.35","3.51","0","1"
"2022/07/14 21:35:00","MHK VL","61756","85.54","3.52","0","1"
"2022/07/14 21:40:00","MHK VL","61756","82.01","3.45","0","1"
"2022/07/14 21:45:00","MHK VL","61756","80.81","3.4","0","1"
"2022/07/14 21:50:00","MHK VL","61756","73.91","3.11","0","1"
"2022/07/14 21:55:00","MHK VL","61756","75.46","3.18","0","1"
"2022/07/14 22:00:00","MHK VL","61756","78.02","3.28","0","1"
"2022/07/14 22:05:00","MHK VL","61756","77.47","3.26","0","1"
"2022/07/14 22:10:00","MHK VL","61756","77.44","3.26","0","1"
"2022/07/14 22:15:00","MHK VL","61756","77.59","3.2","0","1"
"2022/07/14 22:20:00","MHK VL","61756","77.65","3.13","0","1"
"2022/07/14 22:25:00","MHK VL","61756","77.54","3.12","0","1"
"2022/07/14 22:30:00","MHK VL","61756","77.51","3.12","0","1"
"2022/07/14 22:35:00","MHK VL","61756","77.54","3.12","0","1"
"2022/07/14 22:40:00","MHK VL","61756","77.28","3.04","0","1"
"2022/07/14 22:45:00","MHK VL","61756","75.28","2.97","0","1"
"2022/07/14 22:50:00","MHK VL","61756","69.49","2.74","0","1"
"2022/07/14 22:55:00","MHK VL","61756","69.59","2.74","0","1"
"2022/07/14 23:00:00","MHK VL","61756","75.78","2.99","0","1"
"2022/07/14 23:05:00","MHK VL","61756","75.63","2.98","0","1"
"2022/07/14 23:10:00","MHK VL","61756","75.71","2.92","0","1"
"2022/07/14 23:15:00","MHK VL","61756","77.1","2.97","0","1"
"2022/07/14 23:18:48","MHK VL","61756","75.77","2.92","0","1"
"2022/07/14 23:20:00","MHK VL","61756","74.11","2.78","0","1"
"2022/07/14 23:20:06","MHK VL","61756","74.11","2.78","0","1"
"2022/07/14 23:25:00","MHK VL","61756","73.97","2.77","0","1"
"2022/07/14 23:30:00","MHK VL","61756","73.97","2.77","0","1"
"2022/07/14 23:35:00","MHK VL","61756","73.9","2.7","0","1"
"2022/07/14 23:40:00","MHK VL","61756","71.41","2.61","0","1"
"2022/07/14 23:45:00","MHK VL","61756","73.78","2.7","0","1"
"2022/07/14 23:50:00","MHK VL","61756","72.64","2.66","0","1"
"2022/07/14 23:55:00","MHK VL","61756","62.44","2.34","0","1"
"2022/07/15 00:00:00","MHK VL","61756","74.61","2.8","0","1"
"2022/07/15 00:05:00","MHK VL","61756","50.72","2.13","6.04","1"
"2022/07/15 00:10:00","MHK VL","61756","56.84","2.13","0","1"
"2022/07/15 00:15:00","MHK VL","61756","60.48","2.21","0","1"
"2022/07/15 00:20:00","MHK VL","61756","59.74","2.13","0","1"
"2022/07/15 00:25:00","MHK VL","61756","58.03","2.12","0","1"
"2022/07/15 00:30:00","MHK VL","61756","63.49","2.27","0","1"
"2022/07/15 00:35:00","MHK VL","61756","64.04","2.29","0","1"
"2022/07/15 00:40:00","MHK VL","61756","64.04","2.29","0","1"
"2022/07/15 00:45:00","MHK VL","61756","63.61","2.27","0","1"
"2022/07/15 00:50:00","MHK VL","61756","58.03","2.07","0","1"
"2022/07/15 00:55:00","MHK VL","61756","57.09","2.04","0","1"
"2022/07/15 01:00:00","MHK VL","61756","57.15","2.04","0","1"
"2022/07/15 01:05:00","MHK VL","61756","57.2","2.04","0","1"
"2022/07/15 01:10:00","MHK VL","61756","56.59","1.96","0","1"
"2022/07/15 01:15:00","MHK VL","61756","57.34","1.99","0","1"
"2022/07/15 01:20:00","MHK VL","61756","57.4","1.99","0","1"
"2022/07/15 01:25:00","MHK VL","61756","56.7","1.97","0","1"
"2022/07/15 01:30:00","MHK VL","61756","60.18","2.03","0","1"
"2022/07/15 01:35:00","MHK VL","61756","57.34","1.94","0","1"
"2022/07/15 01:40:00","MHK VL","61756","56.65","1.91","0","1"
"2022/07/15 01:45:00","MHK VL","61756","54.57","1.84","0","1"
"2022/07/15 01:50:00","MHK VL","61756","52.69","1.83","0","1"
"2022/07/15 01:55:00","MHK VL","61756","49.65","1.68","0","1"
"2022/07/15 02:00:00","MHK VL","61756","59.82","2.02","0","1"
"2022/07/15 02:05:00","MHK VL","61756","55.28","1.87","0","1"
"2022/07/15 02:10:00","MHK VL","61756","55.76","1.83","0","1"
"2022/07/15 02:15:00","MHK VL","61756","55.34","1.82","0","1"
"2022/07/15 02:20:00","MHK VL","61756","55.28","1.82","0","1"
"2022/07/15 02:25:00","MHK VL","61756","49.24","1.82","5.93","1"
"2022/07/15 02:30:00","MHK VL","61756","47.31","1.76","6.17","1"
"2022/07/15 02:35:00","MHK VL","61756","46.95","1.81","6.58","1"
"2022/07/15 02:40:00","MHK VL","61756","38.47","1.68","12.66","1"
"2022/07/15 02:45:00","MHK VL","61756","46.25","1.68","6.56","1"
"2022/07/15 02:50:00","MHK VL","61756","38.35","1.68","12.66","1"
"2022/07/15 02:55:00","MHK VL","61756","38.19","1.67","12.66","1"
"2022/07/15 03:00:00","MHK VL","61756","50.01","1.69","0","1"
"2022/07/15 03:05:00","MHK VL","61756","52.66","1.78","0","1"
"2022/07/15 03:10:00","MHK VL","61756","51.74","1.75","0","1"
"2022/07/15 03:15:00","MHK VL","61756","51.69","1.79","0","1"
"2022/07/15 03:20:00","MHK VL","61756","51.69","1.75","0","1"
"2022/07/15 03:25:00","MHK VL","61756","51.6","1.74","0","1"
"2022/07/15 03:30:00","MHK VL","61756","49.65","1.68","0","1"
"2022/07/15 03:35:00","MHK VL","61756","47.92","1.62","0","1"
"2022/07/15 03:40:00","MHK VL","61756","47.52","1.61","0","1"
"2022/07/15 03:45:00","MHK VL","61756","47.52","1.61","0","1"
"2022/07/15 03:50:00","MHK VL","61756","47.21","1.6","0","1"
"2022/07/15 03:55:00","MHK VL","61756","46.73","1.54","0","1"
"2022/07/15 04:00:00","MHK VL","61756","46.12","1.52","0","1"
"2022/07/15 04:05:00","MHK VL","61756","46.16","1.52","0","1"
"2022/07/15 04:10:00","MHK VL","61756","46.2","1.52","0","1"
"2022/07/15 04:15:00","MHK VL","61756","46.16","1.52","0","1"
"2022/07/15 04:20:00","MHK VL","61756","46.62","1.53","0","1"
"2022/07/15 04:25:00","MHK VL","61756","46.25","1.52","0","1"
"2022/07/15 04:30:00","MHK VL","61756","46.62","1.53","0","1"
"2022/07/15 04:35:00","MHK VL","61756","46.68","1.54","0","1"
"2022/07/15 04:40:00","MHK VL","61756","46.72","1.58","0","1"
"2022/07/15 04:45:00","MHK VL","61756","46.64","1.53","0","1"
"2022/07/15 04:50:00","MHK VL","61756","46.59","1.53","0","1"
"2022/07/15 04:55:00","MHK VL","61756","45.82","1.51","0","1"
"2022/07/15 05:00:00","MHK VL","61756","43.29","1.42","0","1"
"2022/07/15 05:05:00","MHK VL","61756","51.55","1.7","0","1"
"2022/07/15 05:10:00","MHK VL","61756","51.4","1.74","0","1"
"2022/07/15 05:15:00","MHK VL","61756","49.83","1.64","0","1"
"2022/07/15 05:20:00","MHK VL","61756","49.69","1.68","0","1"
"2022/07/15 05:25:00","MHK VL","61756","49.79","1.68","0","1"
"2022/07/15 05:30:00","MHK VL","61756","48.24","1.63","0","1"
"2022/07/15 05:35:00","MHK VL","61756","49.38","1.67","0","1"
"2022/07/15 05:40:00","MHK VL","61756","49.1","1.7","0","1"
"2022/07/15 05:45:00","MHK VL","61756","48.23","1.63","0","1"
"2022/07/15 05:50:00","MHK VL","61756","48.91","1.65","0","1"
"2022/07/15 05:55:00","MHK VL","61756","53.17","1.85","0","1"
"2022/07/15 06:00:00","MHK VL","61756","36.61","1.24","0","1"
"2022/07/15 06:05:00","MHK VL","61756","45.26","1.57","0","1"
"2022/07/15 06:10:00","MHK VL","61756","45.5","1.62","0","1"
"2022/07/15 06:15:00","MHK VL","61756","43.49","1.77","6.03","1"
"2022/07/15 06:20:00","MHK VL","61756","43.67","1.82","6.03","1"
"2022/07/15 06:25:00","MHK VL","61756","43.94","1.85","6.55","1"
"2022/07/15 06:30:00","MHK VL","61756","42.69","1.72","5.46","1"
"2022/07/15 06:35:00","MHK VL","61756","42.78","1.77","5.46","1"
"2022/07/15 06:40:00","MHK VL","61756","44.04","1.82","5.6","1"
"2022/07/15 06:45:00","MHK VL","61756","51.28","1.88","0","1"
"2022/07/15 06:50:00","MHK VL","61756","51.37","1.88","0","1"
"2022/07/15 06:55:00","MHK VL","61756","49.06","1.8","0","1"
"2022/07/15 07:00:00","MHK VL","61756","46.89","1.76","0","1"
"2022/07/15 07:05:00","MHK VL","61756","47.23","1.77","0","1"
"2022/07/15 07:10:00","MHK VL","61756","41.87","1.77","5.22","1"
"2022/07/15 07:15:00","MHK VL","61756","41.74","1.72","5.22","1"
"2022/07/15 07:20:00","MHK VL","61756","41.09","1.77","6.06","1"
"2022/07/15 07:25:00","MHK VL","61756","41.62","1.77","5.64","1"
"2022/07/15 07:30:00","MHK VL","61756","42.12","1.82","5.24","1"
"2022/07/15 07:35:00","MHK VL","61756","47.98","1.85","0","1"
"2022/07/15 07:40:00","MHK VL","61756","48.43","1.91","0","1"
"2022/07/15 07:45:00","MHK VL","61756","49.42","1.95","0","1"
"2022/07/15 07:50:00","MHK VL","61756","51.43","2.03","0","1"
"2022/07/15 07:55:00","MHK VL","61756","57.6","2.27","0","1"
"2022/07/15 08:00:00","MHK VL","61756","42.67","1.89","5.31","1"
"2022/07/15 08:05:00","MHK VL","61756","49.01","1.98","0","1"
"2022/07/15 08:10:00","MHK VL","61756","51.24","1.97","0","1"
"2022/07/15 08:15:00","MHK VL","61756","48.71","1.88","0","1"
"2022/07/15 08:20:00","MHK VL","61756","48.71","1.88","0","1"
"2022/07/15 08:25:00","MHK VL","61756","51.06","1.97","0","1"
"2022/07/15 08:30:00","MHK VL","61756","48.59","1.91","0","1"
"2022/07/15 08:35:00","MHK VL","61756","48.41","1.86","0","1"
"2022/07/15 08:40:00","MHK VL","61756","51.1","1.97","0","1"
"2022/07/15 08:45:00","MHK VL","61756","51.06","1.97","0","1"
"2022/07/15 08:50:00","MHK VL","61756","50.73","1.95","0","1"
"2022/07/15 08:55:00","MHK VL","61756","50.97","1.96","0","1"
"2022/07/15 09:00:00","MHK VL","61756","51.19","1.97","0","1"
"2022/07/15 09:05:00","MHK VL","61756","51.24","1.97","0","1"
"2022/07/15 09:10:00","MHK VL","61756","63.9","2.4","0","1"
"2022/07/15 09:15:00","MHK VL","61756","60.46","2.21","0","1"
"2022/07/15 09:20:00","MHK VL","61756","51.28","1.92","0","1"
"2022/07/15 09:25:00","MHK VL","61756","51.1","1.92","0","1"
"2022/07/15 09:30:00","MHK VL","61756","48.45","1.82","0","1"
"2022/07/15 09:35:00","MHK VL","61756","47.85","1.79","0","1"
"2022/07/15 09:40:00","MHK VL","61756","51.14","1.92","0","1"
"2022/07/15 09:45:00","MHK VL","61756","62.98","2.42","0","1"
"2022/07/15 09:50:00","MHK VL","61756","50.87","1.91","0","1"
"2022/07/15 09:55:00","MHK VL","61756","51.1","1.92","0","1"
"2022/07/15 10:00:00","MHK VL","61756","50.91","1.86","0","1"
"2022/07/15 10:05:00","MHK VL","61756","51.15","1.87","0","1"
"2022/07/15 10:10:00","MHK VL","61756","57.49","2.05","0","1"
"2022/07/15 10:15:00","MHK VL","61756","56.97","2.03","0","1"
"2022/07/15 10:20:00","MHK VL","61756","56.67","2.07","0","1"
"2022/07/15 10:25:00","MHK VL","61756","62.24","2.28","0","1"
"2022/07/15 10:30:00","MHK VL","61756","67.2","2.46","0","1"
"2022/07/15 10:35:00","MHK VL","61756","63.14","2.25","0","1"
"2022/07/15 10:40:00","MHK VL","61756","62.17","2.28","0","1"
"2022/07/15 10:45:00","MHK VL","61756","61.98","2.27","0","1"
"2022/07/15 10:50:00","MHK VL","61756","67.31","2.46","0","1"
"2022/07/15 10:55:00","MHK VL","61756","68.88","2.58","0","1"
"2022/07/15 11:00:00","MHK VL","61756","29.28","2.58","39.62","1"
"2022/07/15 11:05:00","MHK VL","61756","29.27","2.58","39.62","1"
"2022/07/15 11:10:00","MHK VL","61756","57.36","2.52","11.53","1"
"2022/07/15 11:15:00","MHK VL","61756","30.07","2.58","38.7","1"
"2022/07/15 11:20:00","MHK VL","61756","63.45","2.38","0","1"
"2022/07/15 11:25:00","MHK VL","61756","63.07","2.31","0","1"
"2022/07/15 11:30:00","MHK VL","61756","68.7","2.51","0","1"
"2022/07/15 11:35:00","MHK VL","61756","68.95","2.58","-0.23","1"
"2022/07/15 11:40:00","MHK VL","61756","73.78","2.75","-0.45","1"
"2022/07/15 11:45:00","MHK VL","61756","73.07","2.7","-1.18","1"
"2022/07/15 11:50:00","MHK VL","61756","75.63","2.79","-1.29","1"
"2022/07/15 11:55:00","MHK VL","61756","75.61","2.82","-0.52","1"
"2022/07/15 12:00:00","MHK VL","61756","67.45","2.53","0","1"
"2022/07/15 12:05:00","MHK VL","61756","73.93","2.71","0","1"
"2022/07/15 12:10:00","MHK VL","61756","68.68","2.58","0","1"
"2022/07/15 12:15:00","MHK VL","61756","74.66","2.8","0","1"
"2022/07/15 12:20:00","MHK VL","61756","74.52","2.79","0","1"
"2022/07/15 12:25:00","MHK VL","61756","63.27","2.32","0","1"
"2022/07/15 12:30:00","MHK VL","61756","65.86","2.41","0","1"
"2022/07/15 12:35:00","MHK VL","61756","72.87","2.73","0","1"
"2022/07/15 12:40:00","MHK VL","61756","74.66","2.8","0","1"
"2022/07/15 12:45:00","MHK VL","61756","74.6","2.8","0","1"
"2022/07/15 12:50:00","MHK VL","61756","76.66","2.81","0","1"
"2022/07/15 12:55:00","MHK VL","61756","68.62","2.51","0","1"
"2022/07/15 13:00:00","MHK VL","61756","72.8","2.66","0","1"
"2022/07/15 13:05:00","MHK VL","61756","74.09","2.65","0","1"
"2022/07/15 13:10:00","MHK VL","61756","74.23","2.72","0","1"
"2022/07/15 13:15:00","MHK VL","61756","74.42","2.79","0","1"
"2022/07/15 13:20:00","MHK VL","61756","77.17","2.89","0","1"
"2022/07/15 13:25:00","MHK VL","61756","79.41","2.98","0","1"
"2022/07/15 13:30:00","MHK VL","61756","57.41","2.58","11.35","1"
"2022/07/15 13:35:00","MHK VL","61756","62.3","2.58","6.46","1"
"2022/07/15 13:40:00","MHK VL","61756","30.95","2.59","38.1","1"
"2022/07/15 13:45:00","MHK VL","61756","56.4","2.34","5.91","1"
"2022/07/15 13:50:00","MHK VL","61756","50.65","2.32","11.35","1"
"2022/07/15 13:55:00","MHK VL","61756","56.35","2.33","5.9","1"
"2022/07/15 14:00:00","MHK VL","61756","56.15","2.34","6.3","1"
"2022/07/15 14:05:00","MHK VL","61756","69.34","2.6","0","1"
"2022/07/15 14:10:00","MHK VL","61756","64.66","2.49","0","1"
"2022/07/15 14:15:00","MHK VL","61756","62.64","2.41","0","1"
"2022/07/15 14:20:00","MHK VL","61756","62.7","2.41","0","1"
"2022/07/15 14:25:00","MHK VL","61756","62.9","2.67","6.51","1"
"2022/07/15 14:30:00","MHK VL","61756","69.27","2.67","0","1"
"2022/07/15 14:35:00","MHK VL","61756","76.35","2.94","0","1"
"2022/07/15 14:40:00","MHK VL","61756","70.34","2.64","0","1"
"2022/07/15 14:45:00","MHK VL","61756","69.55","2.61","0","1"
"2022/07/15 14:50:00","MHK VL","61756","62.9","2.36","0","1"
"2022/07/15 14:55:00","MHK VL","61756","62.84","2.36","0","1"
"2022/07/15 15:00:00","MHK VL","61756","62.36","2.34","0","1"
"2022/07/15 15:05:00","MHK VL","61756","60.41","2.21","0","1"
"2022/07/15 15:10:00","MHK VL","61756","63.11","2.25","0","1"
"2022/07/15 15:15:00","MHK VL","61756","69.71","2.49","0","1"
"2022/07/15 15:20:00","MHK VL","61756","67.91","2.42","0","1"
"2022/07/15 15:25:00","MHK VL","61756","68.63","2.51","0","1"
"2022/07/15 15:30:00","MHK VL","61756","68.83","2.52","0","1"
"2022/07/15 15:35:00","MHK VL","61756","71.93","2.63","0","1"
"2022/07/15 15:40:00","MHK VL","61756","69.93","2.56","0","1"
"2022/07/15 15:45:00","MHK VL","61756","79.59","2.98","0","1"
"2022/07/15 15:50:00","MHK VL","61756","79.68","2.92","0","1"
"2022/07/15 15:55:00","MHK VL","61756","80.1","2.93","0","1"
"2022/07/15 16:00:00","MHK VL","61756","79.59","2.98","0","1"
"2022/07/15 16:03:18","MHK VL","61756","69.97","2.69","0","1"
"2022/07/15 16:04:24","MHK VL","61756","77.55","2.91","0","1"
"2022/07/15 16:05:00","MHK VL","61756","71.93","2.7","0","1"
"2022/07/15 16:10:00","MHK VL","61756","71.93","2.7","0","1"
"2022/07/15 16:15:00","MHK VL","61756","68.48","2.57","0","1"
"2022/07/15 16:20:00","MHK VL","61756","69.9","2.69","0","1"
"2022/07/15 16:25:00","MHK VL","61756","61.8","2.32","0","1"
"2022/07/15 16:30:00","MHK VL","61756","68.48","2.64","0","1"
"2022/07/15 16:35:00","MHK VL","61756","70.04","2.7","0","1"
"2022/07/15 16:40:00","MHK VL","61756","70.21","2.77","0","1"
"2022/07/15 16:45:00","MHK VL","61756","70.07","2.7","0","1"
"2022/07/15 16:50:00","MHK VL","61756","77.7","3.06","0","1"
"2022/07/15 16:55:00","MHK VL","61756","89.02","3.51","0","1"
"2022/07/15 17:00:00","MHK VL","61756","79.67","3.07","0","1"
"2022/07/15 17:05:00","MHK VL","61756","87.23","3.36","0","1"
"2022/07/15 17:10:00","MHK VL","61756","87.4","3.44","0","1"
"2022/07/15 17:15:00","MHK VL","61756","79.99","3.15","0","1"
"2022/07/15 17:20:00","MHK VL","61756","74.27","2.99","0","1"
"2022/07/15 17:25:00","MHK VL","61756","78.41","3.16","0","1"
"2022/07/15 17:30:00","MHK VL","61756","73.33","2.96","0","1"
"2022/07/15 17:35:00","MHK VL","61756","76.37","3.08","0","1"
"2022/07/15 17:40:00","MHK VL","61756","74.27","2.99","0","1"
"2022/07/15 17:45:00","MHK VL","61756","77.44","3.12","0","1"
"2022/07/15 17:50:00","MHK VL","61756","80.32","3.24","0","1"
"2022/07/15 17:55:00","MHK VL","61756","80.66","3.18","0","1"
"2022/07/15 18:00:00","MHK VL","61756","88.44","3.56","0","1"
"2022/07/15 18:05:00","MHK VL","61756","88.54","3.57","0","1"
"2022/07/15 18:10:00","MHK VL","61756","88.33","3.72","0","1"
"2022/07/15 18:15:00","MHK VL","61756","88.71","3.73","0","1"
"2022/07/15 18:20:00","MHK VL","61756","88.89","3.74","0","1"
"2022/07/15 18:25:00","MHK VL","61756","88.95","3.74","0","1"
"2022/07/15 18:30:00","MHK VL","61756","88.93","3.74","0","1"
"2022/07/15 18:35:00","MHK VL","61756","88.8","3.74","0","1"
"2022/07/15 18:40:00","MHK VL","61756","88.8","3.74","0","1"
"2022/07/15 18:45:00","MHK VL","61756","88.89","3.74","0","1"
"2022/07/15 18:50:00","MHK VL","61756","88.89","3.74","0","1"
"2022/07/15 18:55:00","MHK VL","61756","88.89","3.74","0","1"
"2022/07/15 19:00:00","MHK VL","61756","92.91","3.91","0","1"
"2022/07/15 19:05:00","MHK VL","61756","89.55","3.77","0","1"
"2022/07/15 19:10:00","MHK VL","61756","88.81","3.91","0","1"
"2022/07/15 19:15:00","MHK VL","61756","85.71","3.69","0","1"
"2022/07/15 19:20:00","MHK VL","61756","83.32","3.59","0","1"
"2022/07/15 19:25:00","MHK VL","61756","81.47","3.51","0","1"
"2022/07/15 19:30:00","MHK VL","61756","81.05","3.49","0","1"
"2022/07/15 19:35:00","MHK VL","61756","81.39","3.51","0","1"
"2022/07/15 19:40:00","MHK VL","61756","80.88","3.56","0","1"
"2022/07/15 19:45:00","MHK VL","61756","76.09","3.28","0","1"
"2022/07/15 19:50:00","MHK VL","61756","76.02","3.28","0","1"
"2022/07/15 19:55:00","MHK VL","61756","74.35","3.2","0","1"
"2022/07/15 20:00:00","MHK VL","61756","80.13","3.53","0","1"
"2022/07/15 20:05:00","MHK VL","61756","74.38","3.27","0","1"
"2022/07/15 20:10:00","MHK VL","61756","71.1","3.13","0","1"
"2022/07/15 20:15:00","MHK VL","61756","79.7","3.51","0","1"
"2022/07/15 20:20:00","MHK VL","61756","78.33","3.38","0","1"
"2022/07/15 20:25:00","MHK VL","61756","77.23","3.4","0","1"
"2022/07/15 20:30:00","MHK VL","61756","77.08","3.32","0","1"
"2022/07/15 20:35:00","MHK VL","61756","77.08","3.32","0","1"
"2022/07/15 20:40:00","MHK VL","61756","77.16","3.39","0","1"
"2022/07/15 20:45:00","MHK VL","61756","77.09","3.39","0","1"
"2022/07/15 20:50:00","MHK VL","61756","76.98","3.39","0","1"
"2022/07/15 20:55:00","MHK VL","61756","77.09","3.39","0","1"
"2022/07/15 21:00:00","MHK VL","61756","80.07","3.52","0","1"
"2022/07/15 21:04:32","MHK VL","61756","75.38","3.32","0","1"
"2022/07/15 21:05:00","MHK VL","61756","71.03","3.06","0","1"
"2022/07/15 21:06:20","MHK VL","61756","71.03","3.06","0","1"
"2022/07/15 21:10:00","MHK VL","61756","74.33","3.2","0","1"
"2022/07/15 21:15:00","MHK VL","61756","74.33","3.2","0","1"
"2022/07/15 21:20:00","MHK VL","61756","74.02","3.19","0","1"
"2022/07/15 21:25:00","MHK VL","61756","75.61","3.26","0","1"
"2022/07/15 21:30:00","MHK VL","61756","73.77","3.11","0","1"
"2022/07/15 21:35:00","MHK VL","61756","73.94","3.11","0","1"
"2022/07/15 21:40:00","MHK VL","61756","73.79","3.11","0","1"
"2022/07/15 21:45:00","MHK VL","61756","73.94","3.11","0","1"
"2022/07/15 21:50:00","MHK VL","61756","71.23","3","0","1"
"2022/07/15 21:55:00","MHK VL","61756","74.38","3.21","0","1"
"2022/07/15 22:00:00","MHK VL","61756","76.15","3.28","0","1"
"2022/07/15 22:05:00","MHK VL","61756","70.17","2.95","0","1"
"2022/07/15 22:10:00","MHK VL","61756","70.32","3.03","0","1"
"2022/07/15 22:15:00","MHK VL","61756","73.79","3.11","0","1"
"2022/07/15 22:20:00","MHK VL","61756","73.48","3.03","0","1"
"2022/07/15 22:25:00","MHK VL","61756","54.17","2.23","0","1"
"2022/07/15 22:30:00","MHK VL","61756","59.68","2.46","0","1"
"2022/07/15 22:35:00","MHK VL","61756","63.48","2.56","0","1"
"2022/07/15 22:40:00","MHK VL","61756","53.54","2.16","0","1"
"2022/07/15 22:45:00","MHK VL","61756","51.49","2.08","0","1"
"2022/07/15 22:50:00","MHK VL","61756","50.92","2.01","0","1"
"2022/07/15 22:55:00","MHK VL","61756","53.01","2.14","0","1"
"2022/07/15 23:00:00","MHK VL","61756","64.41","2.54","0","1"
"2022/07/15 23:05:00","MHK VL","61756","61.55","2.43","0","1"
"2022/07/15 23:10:00","MHK VL","61756","57.2","2.25","0","1"
"2022/07/15 23:15:00","MHK VL","61756","75.6","2.91","0","1"
"2022/07/15 23:20:00","MHK VL","61756","73.84","2.84","0","1"
"2022/07/15 23:25:00","MHK VL","61756","61.43","2.36","0","1"
"2022/07/15 23:30:00","MHK VL","61756","57.9","2.17","0","1"
"2022/07/15 23:35:00","MHK VL","61756","57.72","2.16","0","1"
"2022/07/15 23:40:00","MHK VL","61756","51.14","1.92","0","1"
"2022/07/15 23:45:00","MHK VL","61756","51.1","1.92","0","1"
"2022/07/15 23:50:00","MHK VL","61756","50.91","1.86","0","1"
"2022/07/15 23:55:00","MHK VL","61756","49.17","1.8","0","1"
"2022/07/16 00:00:00","MHK VL","61756","68.25","2.5","0","1"
"2022/07/16 00:05:00","MHK VL","61756","63.36","2.26","0","1"
"2022/07/16 00:10:00","MHK VL","61756","63.46","2.44","0","1"
"2022/07/16 00:15:00","MHK VL","61756","63.4","2.44","0","1"
"2022/07/16 00:20:00","MHK VL","61756","55.97","2.1","0","1"
"2022/07/16 00:23:22","MHK VL","61756","50.92","1.91","0","1"
"2022/07/16 00:24:40","MHK VL","61756","60.48","2.21","0","1"
"2022/07/16 00:25:00","MHK VL","61756","56.23","2.06","0","1"
"2022/07/16 00:30:00","MHK VL","61756","56.23","2.06","0","1"
"2022/07/16 00:35:00","MHK VL","61756","56.23","2.06","0","1"
"2022/07/16 00:40:00","MHK VL","61756","56.37","2.06","0","1"
"2022/07/16 00:45:00","MHK VL","61756","55.33","2.03","0","1"
"2022/07/16 00:50:00","MHK VL","61756","60.01","2.14","0","1"
"2022/07/16 00:55:00","MHK VL","61756","59.47","2.12","0","1"
"2022/07/16 01:00:00","MHK VL","61756","60.38","2.16","0","1"
"2022/07/16 01:05:00","MHK VL","61756","60.47","2.1","0","1"
"2022/07/16 01:10:00","MHK VL","61756","61.45","2.19","0","1"
"2022/07/16 01:15:00","MHK VL","61756","60.18","2.03","0","1"
"2022/07/16 01:20:00","MHK VL","61756","61.44","2.13","0","1"
"2022/07/16 01:25:00","MHK VL","61756","59.88","2.08","0","1"
"2022/07/16 01:30:00","MHK VL","61756","60.06","2.08","0","1"
"2022/07/16 01:35:00","MHK VL","61756","59.38","2.06","0","1"
"2022/07/16 01:40:00","MHK VL","61756","58.65","2.04","0","1"
"2022/07/16 01:45:00","MHK VL","61756","58.41","2.03","0","1"
"2022/07/16 01:47:18","MHK VL","61756","57.13","1.98","0","1"
"2022/07/16 01:48:30","MHK VL","61756","56.94","1.92","0","1"
"2022/07/16 01:50:00","MHK VL","61756","45.49","1.54","0","1"
"2022/07/16 01:55:00","MHK VL","61756","45.49","1.54","0","1"
"2022/07/16 02:00:00","MHK VL","61756","60.55","2.05","0","1"
"2022/07/16 02:05:00","MHK VL","61756","57.2","1.98","0","1"
"2022/07/16 02:10:00","MHK VL","61756","58.31","1.97","0","1"
"2022/07/16 02:15:00","MHK VL","61756","58.3","1.97","0","1"
"2022/07/16 02:20:00","MHK VL","61756","57.02","1.93","0","1"
"2022/07/16 02:25:00","MHK VL","61756","57.02","1.93","0","1"
"2022/07/16 02:30:00","MHK VL","61756","56.98","1.93","0","1"
"2022/07/16 02:35:00","MHK VL","61756","50.91","1.72","0","1"
"2022/07/16 02:40:00","MHK VL","61756","56.95","1.92","0","1"
"2022/07/16 02:45:00","MHK VL","61756","50.8","1.67","0","1"
"2022/07/16 02:50:00","MHK VL","61756","50.76","1.67","0","1"
"2022/07/16 02:55:00","MHK VL","61756","50.76","1.67","0","1"
"2022/07/16 03:00:00","MHK VL","61756","57.12","1.82","0","1"
"2022/07/16 03:05:00","MHK VL","61756","45.78","1.42","0","1"
"2022/07/16 03:10:00","MHK VL","61756","45.98","1.43","0","1"
"2022/07/16 03:15:00","MHK VL","61756","46.07","1.43","0","1"
"2022/07/16 03:20:00","MHK VL","61756","46.2","1.47","0","1"
"2022/07/16 03:25:00","MHK VL","61756","45.78","1.42","0","1"
"2022/07/16 03:30:00","MHK VL","61756","45.82","1.46","0","1"
"2022/07/16 03:35:00","MHK VL","61756","45.86","1.46","0","1"
"2022/07/16 03:40:00","MHK VL","61756","45.86","1.46","0","1"
"2022/07/16 03:45:00","MHK VL","61756","45.78","1.42","0","1"
"2022/07/16 03:50:00","MHK VL","61756","45.87","1.42","0","1"
"2022/07/16 03:55:00","MHK VL","61756","48.95","1.52","0","1"
"2022/07/16 04:00:00","MHK VL","61756","40.43","1.25","0","1"
"2022/07/16 04:05:00","MHK VL","61756","44.69","1.39","0","1"
"2022/07/16 04:10:00","MHK VL","61756","44.65","1.34","0","1"
"2022/07/16 04:15:00","MHK VL","61756","44.65","1.34","0","1"
"2022/07/16 04:20:00","MHK VL","61756","44.65","1.34","0","1"
"2022/07/16 04:25:00","MHK VL","61756","44.25","1.33","0","1"
"2022/07/16 04:30:00","MHK VL","61756","44.11","1.33","0","1"
"2022/07/16 04:35:00","MHK VL","61756","44.25","1.33","0","1"
"2022/07/16 04:40:00","MHK VL","61756","43.98","1.32","0","1"
"2022/07/16 04:45:00","MHK VL","61756","43.98","1.32","0","1"
"2022/07/16 04:50:00","MHK VL","61756","43.89","1.28","0","1"
"2022/07/16 04:55:00","MHK VL","61756","43.71","1.32","0","1"
"2022/07/16 05:00:00","MHK VL","61756","43.98","1.32","0","1"
"2022/07/16 05:05:00","MHK VL","61756","44.37","1.34","0","1"
"2022/07/16 05:10:00","MHK VL","61756","44.65","1.34","0","1"
"2022/07/16 05:15:00","MHK VL","61756","44.65","1.34","0","1"
"2022/07/16 05:20:00","MHK VL","61756","44.61","1.34","0","1"
"2022/07/16 05:25:00","MHK VL","61756","44.37","1.42","0","1"
"2022/07/16 05:30:00","MHK VL","61756","44.29","1.33","0","1"
"2022/07/16 05:35:00","MHK VL","61756","44.33","1.33","0","1"
"2022/07/16 05:40:00","MHK VL","61756","44.29","1.33","0","1"
"2022/07/16 05:45:00","MHK VL","61756","44.25","1.33","0","1"
"2022/07/16 05:50:00","MHK VL","61756","44.19","1.33","0","1"
"2022/07/16 05:55:00","MHK VL","61756","44.29","1.33","0","1"
"2022/07/16 06:00:00","MHK VL","61756","42.82","1.37","0","1"
"2022/07/16 06:05:00","MHK VL","61756","53.6","1.76","0","1"
"2022/07/16 06:10:00","MHK VL","61756","48.03","1.58","0","1"
"2022/07/16 06:15:00","MHK VL","61756","45.74","1.5","0","1"
"2022/07/16 06:20:00","MHK VL","61756","45.56","1.5","0","1"
"2022/07/16 06:25:00","MHK VL","61756","45.52","1.5","0","1"
"2022/07/16 06:30:00","MHK VL","61756","45.21","1.49","0","1"
"2022/07/16 06:35:00","MHK VL","61756","45.49","1.5","0","1"
"2022/07/16 06:40:00","MHK VL","61756","45.61","1.5","0","1"
"2022/07/16 06:45:00","MHK VL","61756","45.74","1.55","0","1"
"2022/07/16 06:50:00","MHK VL","61756","46.26","1.56","0","1"
"2022/07/16 06:55:00","MHK VL","61756","48.11","1.63","0","1"
"2022/07/16 07:00:00","MHK VL","61756","43.34","1.5","0","1"
"2022/07/16 07:05:00","MHK VL","61756","48.24","1.72","0","1"
"2022/07/16 07:10:00","MHK VL","61756","46.93","1.63","0","1"
"2022/07/16 07:15:00","MHK VL","61756","45.95","1.64","0","1"
"2022/07/16 07:20:00","MHK VL","61756","45.28","1.62","0","1"
"2022/07/16 07:25:00","MHK VL","61756","45.95","1.64","0","1"
"2022/07/16 07:30:00","MHK VL","61756","45.99","1.64","0","1"
"2022/07/16 07:35:00","MHK VL","61756","46.28","1.65","0","1"
"2022/07/16 07:40:00","MHK VL","61756","46.09","1.69","0","1"
"2022/07/16 07:45:00","MHK VL","61756","48.48","1.77","0","1"
"2022/07/16 07:50:00","MHK VL","61756","48.56","1.78","0","1"
"2022/07/16 07:55:00","MHK VL","61756","49.29","1.85","0","1"
"2022/07/16 08:00:00","MHK VL","61756","48.81","1.83","0","1"
"2022/07/16 08:05:00","MHK VL","61756","49.1","1.89","0","1"
"2022/07/16 08:10:00","MHK VL","61756","49.55","1.86","0","1"
"2022/07/16 08:15:00","MHK VL","61756","49.74","1.92","0","1"
"2022/07/16 08:20:00","MHK VL","61756","50.43","1.94","0","1"
"2022/07/16 08:25:00","MHK VL","61756","50.49","1.94","0","1"
"2022/07/16 08:30:00","MHK VL","61756","50.89","1.91","0","1"
"2022/07/16 08:35:00","MHK VL","61756","50.99","1.91","0","1"
"2022/07/16 08:40:00","MHK VL","61756","51.4","1.93","0","1"
"2022/07/16 08:45:00","MHK VL","61756","53.86","2.02","0","1"
"2022/07/16 08:50:00","MHK VL","61756","54.02","2.03","0","1"
"2022/07/16 08:55:00","MHK VL","61756","53.72","2.07","0","1"
"2022/07/16 09:00:00","MHK VL","61756","50.67","1.95","0","1"
"2022/07/16 09:05:00","MHK VL","61756","49.29","1.9","0","1"
"2022/07/16 09:10:00","MHK VL","61756","49.11","1.8","0","1"
"2022/07/16 09:15:00","MHK VL","61756","48.42","1.82","0","1"
"2022/07/16 09:20:00","MHK VL","61756","49.36","1.85","0","1"
"2022/07/16 09:25:00","MHK VL","61756","50.06","1.88","0","1"
"2022/07/16 09:30:00","MHK VL","61756","50.9","1.91","0","1"
"2022/07/16 09:35:00","MHK VL","61756","50.98","1.96","0","1"
"2022/07/16 09:40:00","MHK VL","61756","51.01","1.96","0","1"
"2022/07/16 09:45:00","MHK VL","61756","50.81","1.96","0","1"
"2022/07/16 09:50:00","MHK VL","61756","51.05","1.97","0","1"
"2022/07/16 09:55:00","MHK VL","61756","51.54","1.93","0","1"
"2022/07/16 10:00:00","MHK VL","61756","53.28","2","0","1"
"2022/07/16 10:05:00","MHK VL","61756","53.35","2.05","0","1"
"2022/07/16 10:10:00","MHK VL","61756","53.78","2.02","0","1"
"2022/07/16 10:15:00","MHK VL","61756","54.06","2.03","0","1"
"2022/07/16 10:20:00","MHK VL","61756","55.71","2.09","0","1"
"2022/07/16 10:25:00","MHK VL","61756","54.13","2.08","0","1"
"2022/07/16 10:30:00","MHK VL","61756","57.38","2.15","0","1"
"2022/07/16 10:35:00","MHK VL","61756","61.96","2.39","0","1"
"2022/07/16 10:40:00","MHK VL","61756","61.96","2.39","0","1"
"2022/07/16 10:45:00","MHK VL","61756","62.5","2.41","0","1"
"2022/07/16 10:50:00","MHK VL","61756","64.4","2.48","0","1"
"2022/07/16 10:55:00","MHK VL","61756","64.4","2.48","0","1"
"2022/07/16 11:00:00","MHK VL","61756","62.16","2.39","0","1"
"2022/07/16 11:05:00","MHK VL","61756","59.65","2.24","0","1"
"2022/07/16 11:10:00","MHK VL","61756","59.46","2.23","0","1"
"2022/07/16 11:15:00","MHK VL","61756","56.94","2.14","0","1"
"2022/07/16 11:20:00","MHK VL","61756","47.92","1.84","0","1"
"2022/07/16 11:25:00","MHK VL","61756","53.56","2.06","0","1"
"2022/07/16 11:30:00","MHK VL","61756","47.5","1.83","0","1"
"2022/07/16 11:35:00","MHK VL","61756","53.72","2.07","0","1"
"2022/07/16 11:40:00","MHK VL","61756","50.02","1.93","0","1"
"2022/07/16 11:45:00","MHK VL","61756","47.4","1.82","0","1"
"2022/07/16 11:50:00","MHK VL","61756","47.1","1.81","0","1"
"2022/07/16 11:55:00","MHK VL","61756","47.08","1.81","0","1"
"2022/07/16 12:00:00","MHK VL","61756","53.28","2.05","0","1"
"2022/07/16 12:05:00","MHK VL","61756","53.28","2.05","0","1"
"2022/07/16 12:10:00","MHK VL","61756","47.42","1.78","0","1"
"2022/07/16 12:15:00","MHK VL","61756","47.8","1.84","0","1"
"2022/07/16 12:20:00","MHK VL","61756","50.56","1.95","0","1"
"2022/07/16 12:25:00","MHK VL","61756","53.61","2.06","0","1"
"2022/07/16 12:30:00","MHK VL","61756","49.1","1.84","0","1"
"2022/07/16 12:35:00","MHK VL","61756","49.75","1.87","0","1"
"2022/07/16 12:40:00","MHK VL","61756","49.81","1.87","0","1"
"2022/07/16 12:45:00","MHK VL","61756","48.51","1.87","0","1"
"2022/07/16 12:50:00","MHK VL","61756","48.25","1.81","0","1"
"2022/07/16 12:55:00","MHK VL","61756","53.26","2","0","1"
"2022/07/16 13:00:00","MHK VL","61756","43.48","1.63","0","1"
"2022/07/16 13:05:00","MHK VL","61756","50.49","1.89","0","1"
"2022/07/16 13:10:00","MHK VL","61756","49.1","1.84","0","1"
"2022/07/16 13:15:00","MHK VL","61756","50.24","1.88","0","1"
"2022/07/16 13:20:00","MHK VL","61756","49.6","1.86","0","1"
"2022/07/16 13:25:00","MHK VL","61756","49.8","1.87","0","1"
"2022/07/16 13:30:00","MHK VL","61756","49.38","1.85","0","1"
"2022/07/16 13:35:00","MHK VL","61756","48.58","1.87","0","1"
"2022/07/16 13:40:00","MHK VL","61756","43.93","1.69","0","1"
"2022/07/16 13:45:00","MHK VL","61756","46.83","1.8","0","1"
"2022/07/16 13:50:00","MHK VL","61756","47.54","1.87","0","1"
"2022/07/16 13:55:00","MHK VL","61756","45.69","1.8","0","1"
"2022/07/16 14:00:00","MHK VL","61756","48.1","1.9","0","1"
"2022/07/16 14:05:00","MHK VL","61756","48.25","1.9","0","1"
"2022/07/16 14:10:00","MHK VL","61756","48.04","1.89","0","1"
"2022/07/16 14:15:00","MHK VL","61756","48.29","1.9","0","1"
"2022/07/16 14:20:00","MHK VL","61756","48.3","1.86","0","1"
"2022/07/16 14:25:00","MHK VL","61756","45.63","1.76","0","1"
"2022/07/16 14:30:00","MHK VL","61756","48.15","1.85","0","1"
"2022/07/16 14:35:00","MHK VL","61756","48.29","1.86","0","1"
"2022/07/16 14:40:00","MHK VL","61756","48.25","1.9","0","1"
"2022/07/16 14:45:00","MHK VL","61756","48.19","1.9","0","1"
"2022/07/16 14:50:00","MHK VL","61756","48.29","1.9","0","1"
"2022/07/16 14:55:00","MHK VL","61756","46.99","1.81","0","1"
"2022/07/16 15:00:00","MHK VL","61756","45.44","1.75","0","1"
"2022/07/16 15:05:00","MHK VL","61756","45.52","1.75","0","1"
"2022/07/16 15:10:00","MHK VL","61756","46.01","1.81","0","1"
"2022/07/16 15:15:00","MHK VL","61756","45.91","1.77","0","1"
"2022/07/16 15:20:00","MHK VL","61756","45.69","1.76","0","1"
"2022/07/16 15:25:00","MHK VL","61756","48.3","1.86","0","1"
"2022/07/16 15:30:00","MHK VL","61756","45.67","1.8","0","1"
"2022/07/16 15:35:00","MHK VL","61756","57.39","2.26","0","1"
"2022/07/16 15:40:00","MHK VL","61756","63.79","2.51","0","1"
"2022/07/16 15:45:00","MHK VL","61756","68.21","2.69","0","1"
"2022/07/16 15:50:00","MHK VL","61756","74.97","2.95","0","1"
"2022/07/16 15:55:00","MHK VL","61756","74.81","3.01","0","1"
"2022/07/16 16:00:00","MHK VL","61756","68.51","2.7","0","1"
"2022/07/16 16:05:00","MHK VL","61756","77.72","3.11","-0.62","1"
"2022/07/16 16:10:00","MHK VL","61756","77.34","3.16","-0.63","1"
"2022/07/16 16:15:00","MHK VL","61756","77.34","3.16","-0.63","1"
"2022/07/16 16:20:00","MHK VL","61756","78.96","3.22","-0.7","1"
"2022/07/16 16:25:00","MHK VL","61756","80.06","3.27","-0.75","1"
"2022/07/16 16:30:00","MHK VL","61756","78.97","3.3","-0.69","1"
"2022/07/16 16:35:00","MHK VL","61756","70.67","2.96","-0.33","1"
"2022/07/16 16:38:18","MHK VL","61756","69.31","2.91","-0.28","1"
"2022/07/16 16:39:42","MHK VL","61756","80.28","3.35","-0.75","1"
"2022/07/16 16:40:00","MHK VL","61756","77.33","3.23","-0.62","1"
"2022/07/16 16:45:00","MHK VL","61756","77.33","3.23","-0.62","1"
"2022/07/16 16:50:00","MHK VL","61756","77.33","3.23","-0.62","1"
"2022/07/16 16:55:00","MHK VL","61756","69.41","2.99","-0.07","1"
"2022/07/16 17:00:00","MHK VL","61756","71.14","3","0","1"
"2022/07/16 17:05:00","MHK VL","61756","107","4.5","0","1"
"2022/07/16 17:10:00","MHK VL","61756","90.91","4.08","0","1"
"2022/07/16 17:15:00","MHK VL","61756","71.15","3.19","0","1"
"2022/07/16 17:20:00","MHK VL","61756","71.08","3.19","0","1"
"2022/07/16 17:25:00","MHK VL","61756","71.85","3.23","0","1"
"2022/07/16 17:30:00","MHK VL","61756","71.92","3.29","0","1"
"2022/07/16 17:35:00","MHK VL","61756","79.88","3.59","0","1"
"2022/07/16 17:40:00","MHK VL","61756","81.62","3.66","0","1"
"2022/07/16 17:45:00","MHK VL","61756","72.11","3.3","0","1"
"2022/07/16 17:50:00","MHK VL","61756","71.34","3.27","0","1"
"2022/07/16 17:55:00","MHK VL","61756","72.11","3.3","0","1"
"2022/07/16 18:00:00","MHK VL","61756","71.6","3.34","0","1"
"2022/07/16 18:05:00","MHK VL","61756","70.06","3.27","0","1"
"2022/07/16 18:10:00","MHK VL","61756","69.93","3.27","0","1"
"2022/07/16 18:15:00","MHK VL","61756","69.88","3.26","0","1"
"2022/07/16 18:20:00","MHK VL","61756","69.89","3.33","0","1"
"2022/07/16 18:25:00","MHK VL","61756","69.98","3.33","0","1"
"2022/07/16 18:30:00","MHK VL","61756","70.24","3.41","0","1"
"2022/07/16 18:35:00","MHK VL","61756","70.24","3.41","0","1"
"2022/07/16 18:40:00","MHK VL","61756","70.13","3.34","0","1"
"2022/07/16 18:45:00","MHK VL","61756","73.71","3.57","0","1"
"2022/07/16 18:50:00","MHK VL","61756","73.83","3.58","0","1"
"2022/07/16 18:55:00","MHK VL","61756","74.72","3.62","0","1"
"2022/07/16 19:00:00","MHK VL","61756","84.86","4.04","0","1"
"2022/07/16 19:05:00","MHK VL","61756","84.72","4.11","0","1"
"2022/07/16 19:10:00","MHK VL","61756","84.72","4.19","0","1"
"2022/07/16 19:15:00","MHK VL","61756","84.81","4.27","0","1"
"2022/07/16 19:20:00","MHK VL","61756","84.54","4.25","0","1"
"2022/07/16 19:25:00","MHK VL","61756","85.91","4.24","0","1"
"2022/07/16 19:30:00","MHK VL","61756","84.81","4.27","0","1"
"2022/07/16 19:35:00","MHK VL","61756","84.26","4.24","0","1"
"2022/07/16 19:40:00","MHK VL","61756","83.68","4.21","0","1"
"2022/07/16 19:45:00","MHK VL","61756","79.29","3.99","0","1"
"2022/07/16 19:50:00","MHK VL","61756","79.13","3.98","0","1"
"2022/07/16 19:55:00","MHK VL","61756","78.74","3.96","0","1"
"2022/07/16 20:00:00","MHK VL","61756","84.37","4.24","0","1"
"2022/07/16 20:05:00","MHK VL","61756","83.39","4.12","0","1"
"2022/07/16 20:10:00","MHK VL","61756","79.45","4","0","1"
"2022/07/16 20:15:00","MHK VL","61756","78.25","3.94","0","1"
"2022/07/16 20:20:00","MHK VL","61756","76.29","3.84","0","1"
"2022/07/16 20:25:00","MHK VL","61756","76.43","3.91","0","1"
"2022/07/16 20:30:00","MHK VL","61756","76.45","3.91","0","1"
"2022/07/16 20:35:00","MHK VL","61756","76.3","3.91","0","1"
"2022/07/16 20:40:00","MHK VL","61756","76.29","3.91","0","1"
"2022/07/16 20:45:00","MHK VL","61756","75.98","3.82","0","1"
"2022/07/16 20:50:00","MHK VL","61756","78.1","3.93","0","1"
"2022/07/16 20:55:00","MHK VL","61756","78.17","3.93","0","1"
"2022/07/16 21:00:00","MHK VL","61756","83.67","4.13","0","1"
"2022/07/16 21:05:00","MHK VL","61756","75.14","3.64","0","1"
"2022/07/16 21:10:00","MHK VL","61756","69.41","3.37","0","1"
"2022/07/16 21:15:00","MHK VL","61756","74.77","3.56","0","1"
"2022/07/16 21:20:00","MHK VL","61756","69.51","3.37","0","1"
"2022/07/16 21:25:00","MHK VL","61756","69.51","3.37","0","1"
"2022/07/16 21:30:00","MHK VL","61756","69.45","3.37","0","1"
"2022/07/16 21:35:00","MHK VL","61756","64.27","3.12","0","1"
"2022/07/16 21:36:24","MHK VL","61756","60.8","2.84","0","1"
"2022/07/16 21:40:00","MHK VL","61756","74.84","3.56","0","1"
"2022/07/16 21:45:00","MHK VL","61756","74.84","3.56","0","1"
"2022/07/16 21:50:00","MHK VL","61756","55.84","2.61","0","1"
"2022/07/16 21:55:00","MHK VL","61756","59.06","2.76","0","1"
"2022/07/16 22:00:00","MHK VL","61756","77.05","3.6","0","1"
"2022/07/16 22:05:00","MHK VL","61756","52.71","2.51","0","1"
"2022/07/16 22:10:00","MHK VL","61756","52.5","2.5","0","1"
"2022/07/16 22:10:12","MHK VL","61756","53.41","2.49","0","1"
"2022/07/16 22:11:30","MHK VL","61756","53.47","2.5","0","1"
"2022/07/16 22:15:00","MHK VL","61756","53.47","2.5","0","1"
"2022/07/16 22:20:00","MHK VL","61756","53.47","2.5","0","1"
"2022/07/16 22:25:00","MHK VL","61756","53.19","2.48","0","1"
"2022/07/16 22:30:00","MHK VL","61756","52.98","2.47","0","1"
"2022/07/16 22:35:00","MHK VL","61756","54.7","2.55","0","1"
"2022/07/16 22:40:00","MHK VL","61756","53.09","2.43","0","1"
"2022/07/16 22:45:00","MHK VL","61756","52.66","2.46","0","1"
"2022/07/16 22:50:00","MHK VL","61756","57.29","2.62","0","1"
"2022/07/16 22:55:00","MHK VL","61756","65.06","2.98","0","1"
"2022/07/16 23:00:00","MHK VL","61756","55.77","2.55","0","1"
"2022/07/16 23:05:00","MHK VL","61756","51.35","2.26","0","1"
"2022/07/16 23:08:18","MHK VL","61756","49.94","2.24","0","1"
"2022/07/16 23:09:36","MHK VL","61756","51.19","2.25","0","1"
"2022/07/16 23:10:00","MHK VL","61756","51.34","2.26","0","1"
"2022/07/16 23:15:00","MHK VL","61756","51.34","2.26","0","1"
"2022/07/16 23:20:00","MHK VL","61756","51.34","2.26","0","1"
"2022/07/16 23:25:00","MHK VL","61756","49.78","2.19","0","1"
"2022/07/16 23:30:00","MHK VL","61756","49.64","2.14","0","1"
"2022/07/16 23:35:00","MHK VL","61756","48.75","2.1","0","1"
"2022/07/16 23:40:00","MHK VL","61756","47.96","2.07","0","1"
"2022/07/16 23:45:00","MHK VL","61756","47.93","2.07","0","1"
"2022/07/16 23:50:00","MHK VL","61756","48.79","2.1","0","1"
"2022/07/16 23:55:00","MHK VL","61756","49.57","2.09","0","1"
"2022/07/17 00:00:00","MHK VL","61756","66.23","2.85","0","1"
"2022/07/17 00:05:00","MHK VL","61756","66.33","2.86","0","1"
"2022/07/17 00:09:14","MHK VL","61756","66.37","2.86","0","1"
"2022/07/17 00:10:00","MHK VL","61756","51.61","2.13","0","1"
"2022/07/17 00:10:38","MHK VL","61756","51.61","2.13","0","1"
"2022/07/17 00:15:00","MHK VL","61756","67.1","2.76","0","1"
"2022/07/17 00:20:00","MHK VL","61756","67.1","2.76","0","1"
"2022/07/17 00:25:00","MHK VL","61756","67.3","2.77","0","1"
"2022/07/17 00:30:00","MHK VL","61756","66.15","2.73","0","1"
"2022/07/17 00:35:00","MHK VL","61756","66.05","2.72","0","1"
"2022/07/17 00:40:00","MHK VL","61756","65.96","2.72","0","1"
"2022/07/17 00:45:00","MHK VL","61756","65.98","2.66","0","1"
"2022/07/17 00:50:00","MHK VL","61756","66.1","2.66","0","1"
"2022/07/17 00:55:00","MHK VL","61756","65.94","2.66","0","1"
"2022/07/17 01:00:00","MHK VL","61756","63.46","2.5","0","1"
"2022/07/17 01:05:00","MHK VL","61756","63.28","2.49","0","1"
"2022/07/17 01:10:00","MHK VL","61756","63.16","2.49","0","1"
"2022/07/17 01:15:00","MHK VL","61756","63.4","2.44","0","1"
"2022/07/17 01:20:00","MHK VL","61756","63.34","2.38","0","1"
"2022/07/17 01:25:00","MHK VL","61756","63.22","2.37","0","1"
"2022/07/17 01:30:00","MHK VL","61756","62.45","2.34","0","1"
"2022/07/17 01:35:00","MHK VL","61756","60.01","2.2","0","1"
"2022/07/17 01:40:00","MHK VL","61756","59.56","2.23","0","1"
"2022/07/17 01:45:00","MHK VL","61756","58.72","2.2","0","1"
"2022/07/17 01:50:00","MHK VL","61756","57.51","2.16","0","1"
"2022/07/17 01:55:00","MHK VL","61756","55.84","2.09","0","1"
"2022/07/17 02:00:00","MHK VL","61756","62.45","2.29","0","1"
"2022/07/17 02:05:00","MHK VL","61756","52.99","1.94","0","1"
"2022/07/17 02:10:00","MHK VL","61756","52.84","1.89","0","1"
"2022/07/17 02:15:00","MHK VL","61756","52.75","1.88","0","1"
"2022/07/17 02:20:00","MHK VL","61756","51.49","1.79","0","1"
"2022/07/17 02:25:00","MHK VL","61756","51.47","1.79","0","1"
"2022/07/17 02:30:00","MHK VL","61756","51.09","1.77","0","1"
"2022/07/17 02:35:00","MHK VL","61756","51.09","1.77","0","1"
"2022/07/17 02:40:00","MHK VL","61756","47.73","1.66","0","1"
"2022/07/17 02:45:00","MHK VL","61756","47.73","1.66","0","1"
"2022/07/17 02:50:00","MHK VL","61756","47.77","1.66","0","1"
"2022/07/17 02:55:00","MHK VL","61756","47.38","1.64","0","1"
"2022/07/17 03:00:00","MHK VL","61756","51.14","1.77","0","1"
"2022/07/17 03:05:00","MHK VL","61756","51.14","1.77","0","1"
"2022/07/17 03:10:00","MHK VL","61756","48.01","1.62","0","1"
"2022/07/17 03:15:00","MHK VL","61756","47.86","1.66","0","1"
"2022/07/17 03:20:00","MHK VL","61756","46.73","1.58","0","1"
"2022/07/17 03:25:00","MHK VL","61756","46.6","1.58","0","1"
"2022/07/17 03:30:00","MHK VL","61756","46.6","1.58","0","1"
"2022/07/17 03:35:00","MHK VL","61756","46.31","1.57","0","1"
"2022/07/17 03:40:00","MHK VL","61756","45.98","1.55","0","1"
"2022/07/17 03:45:00","MHK VL","61756","45.94","1.55","0","1"
"2022/07/17 03:50:00","MHK VL","61756","45.86","1.55","0","1"
"2022/07/17 03:55:00","MHK VL","61756","44.25","1.5","0","1"
"2022/07/17 04:00:00","MHK VL","61756","48.07","1.58","0","1"
"2022/07/17 04:05:00","MHK VL","61756","46.98","1.55","0","1"
"2022/07/17 04:10:00","MHK VL","61756","46.88","1.41","0","1"
"2022/07/17 04:15:00","MHK VL","61756","46.59","1.44","0","1"
"2022/07/17 04:20:00","MHK VL","61756","46.42","1.4","0","1"
"2022/07/17 04:25:00","MHK VL","61756","46.09","1.39","0","1"
"2022/07/17 04:30:00","MHK VL","61756","45.94","1.38","0","1"
"2022/07/17 04:35:00","MHK VL","61756","46.07","1.43","0","1"
"2022/07/17 04:40:00","MHK VL","61756","45.85","1.38","0","1"
"2022/07/17 04:45:00","MHK VL","61756","46.17","1.39","0","1"
"2022/07/17 04:50:00","MHK VL","61756","46.22","1.39","0","1"
"2022/07/17 04:55:00","MHK VL","61756","46.22","1.39","0","1"
"2022/07/17 05:00:00","MHK VL","61756","46.92","1.41","0","1"
"2022/07/17 05:05:00","MHK VL","61756","47.93","1.44","0","1"
"2022/07/17 05:10:00","MHK VL","61756","47.93","1.44","0","1"
"2022/07/17 05:15:00","MHK VL","61756","47.3","1.56","0","1"
"2022/07/17 05:20:00","MHK VL","61756","46.62","1.49","0","1"
"2022/07/17 05:25:00","MHK VL","61756","46.62","1.49","0","1"
"2022/07/17 05:30:00","MHK VL","61756","46.66","1.54","0","1"
"2022/07/17 05:35:00","MHK VL","61756","46.26","1.52","0","1"
"2022/07/17 05:40:00","MHK VL","61756","46.21","1.52","0","1"
"2022/07/17 05:45:00","MHK VL","61756","46.08","1.47","0","1"
"2022/07/17 05:50:00","MHK VL","61756","45.84","1.38","0","1"
"2022/07/17 05:55:00","MHK VL","61756","47.69","1.39","0","1"
"2022/07/17 06:00:00","MHK VL","61756","41.83","1.38","0","1"
"2022/07/17 06:05:00","MHK VL","61756","44.34","1.46","0","1"
"2022/07/17 06:10:00","MHK VL","61756","44.44","1.46","0","1"
"2022/07/17 06:15:00","MHK VL","61756","44.42","1.46","0","1"
"2022/07/17 06:20:00","MHK VL","61756","44.11","1.45","0","1"
"2022/07/17 06:25:00","MHK VL","61756","43.84","1.44","0","1"
"2022/07/17 06:30:00","MHK VL","61756","44.19","1.49","0","1"
"2022/07/17 06:35:00","MHK VL","61756","44.23","1.5","0","1"
"2022/07/17 06:40:00","MHK VL","61756","44.59","1.51","0","1"
"2022/07/17 06:45:00","MHK VL","61756","44.86","1.52","0","1"
"2022/07/17 06:50:00","MHK VL","61756","45.09","1.56","0","1"
"2022/07/17 06:55:00","MHK VL","61756","50.05","1.69","0","1"
"2022/07/17 07:00:00","MHK VL","61756","32.21","1.09","0","1"
"2022/07/17 07:05:00","MHK VL","61756","41.9","1.42","0","1"
"2022/07/17 07:10:00","MHK VL","61756","41.94","1.42","0","1"
"2022/07/17 07:15:00","MHK VL","61756","42.08","1.46","0","1"
"2022/07/17 07:20:00","MHK VL","61756","42.08","1.46","0","1"
"2022/07/17 07:25:00","MHK VL","61756","42.1","1.46","0","1"
"2022/07/17 07:30:00","MHK VL","61756","42.12","1.46","0","1"
"2022/07/17 07:35:00","MHK VL","61756","42.18","1.46","0","1"
"2022/07/17 07:40:00","MHK VL","61756","42.12","1.46","0","1"
"2022/07/17 07:45:00","MHK VL","61756","42.1","1.46","0","1"
"2022/07/17 07:50:00","MHK VL","61756","42.24","1.47","0","1"
"2022/07/17 07:55:00","MHK VL","61756","42.63","1.48","0","1"
"2022/07/17 08:00:00","MHK VL","61756","41.71","1.45","0","1"
"2022/07/17 08:05:00","MHK VL","61756","41.83","1.49","0","1"
"2022/07/17 08:10:00","MHK VL","61756","41.91","1.45","0","1"
"2022/07/17 08:15:00","MHK VL","61756","41.91","1.45","0","1"
"2022/07/17 08:20:00","MHK VL","61756","42.23","1.51","0","1"
"2022/07/17 08:25:00","MHK VL","61756","42.19","1.51","0","1"
"2022/07/17 08:30:00","MHK VL","61756","42.84","1.53","0","1"
"2022/07/17 08:35:00","MHK VL","61756","42.99","1.53","0","1"
"2022/07/17 08:40:00","MHK VL","61756","42.99","1.53","0","1"
"2022/07/17 08:45:00","MHK VL","61756","42.99","1.53","0","1"
"2022/07/17 08:50:00","MHK VL","61756","43.45","1.55","0","1"
"2022/07/17 08:55:00","MHK VL","61756","44.12","1.58","0","1"
"2022/07/17 09:00:00","MHK VL","61756","42.67","1.56","0","1"
"2022/07/17 09:05:00","MHK VL","61756","42.37","1.51","0","1"
"2022/07/17 09:10:00","MHK VL","61756","42.46","1.52","0","1"
"2022/07/17 09:14:34","MHK VL","61756","42.5","1.52","0","1"
"2022/07/17 09:15:00","MHK VL","61756","49.52","1.81","0","1"
"2022/07/17 09:15:46","MHK VL","61756","49.52","1.81","0","1"
"2022/07/17 09:20:00","MHK VL","61756","45.73","1.67","0","1"
"2022/07/17 09:25:00","MHK VL","61756","45.73","1.67","0","1"
"2022/07/17 09:30:00","MHK VL","61756","46.85","1.71","0","1"
"2022/07/17 09:35:00","MHK VL","61756","46.88","1.72","0","1"
"2022/07/17 09:40:00","MHK VL","61756","47.29","1.77","0","1"
"2022/07/17 09:45:00","MHK VL","61756","47.23","1.77","0","1"
"2022/07/17 09:50:00","MHK VL","61756","47.52","1.78","0","1"
"2022/07/17 09:55:00","MHK VL","61756","49.71","1.86","0","1"
"2022/07/17 10:00:00","MHK VL","61756","51.34","1.93","0","1"
"2022/07/17 10:05:00","MHK VL","61756","50.74","1.9","0","1"
"2022/07/17 10:10:00","MHK VL","61756","51.76","1.94","0","1"
"2022/07/17 10:15:00","MHK VL","61756","51.45","1.93","0","1"
"2022/07/17 10:20:00","MHK VL","61756","51.4","1.93","0","1"
"2022/07/17 10:25:00","MHK VL","61756","52.49","1.97","0","1"
"2022/07/17 10:30:00","MHK VL","61756","53.97","2.08","0","1"
"2022/07/17 10:35:00","MHK VL","61756","56.37","2.17","0","1"
"2022/07/17 10:40:00","MHK VL","61756","58.43","2.25","0","1"
"2022/07/17 10:45:00","MHK VL","61756","58.43","2.25","0","1"
"2022/07/17 10:50:00","MHK VL","61756","57.49","2.21","0","1"
"2022/07/17 10:55:00","MHK VL","61756","59.97","2.31","0","1"
"2022/07/17 11:00:00","MHK VL","61756","57.48","2.21","0","1"
"2022/07/17 11:05:00","MHK VL","61756","55.36","2.13","0","1"
"2022/07/17 11:10:00","MHK VL","61756","62.28","2.4","0","1"
"2022/07/17 11:15:00","MHK VL","61756","58.69","2.26","0","1"
"2022/07/17 11:20:00","MHK VL","61756","58.88","2.32","0","1"
"2022/07/17 11:25:00","MHK VL","61756","61.58","2.43","0","1"
"2022/07/17 11:30:00","MHK VL","61756","67.62","2.66","0","1"
"2022/07/17 11:35:00","MHK VL","61756","68.9","2.78","0","1"
"2022/07/17 11:40:00","MHK VL","61756","70.32","2.83","0","1"
"2022/07/17 11:45:00","MHK VL","61756","75.23","3.03","0","1"
"2022/07/17 11:50:00","MHK VL","61756","75.25","3.03","0","1"
"2022/07/17 11:55:00","MHK VL","61756","75.23","3.03","0","1"
"2022/07/17 12:00:00","MHK VL","61756","75.19","3.03","0","1"
"2022/07/17 12:05:00","MHK VL","61756","75.09","3.03","0","1"
"2022/07/17 12:06:16","MHK VL","61756","75.18","3.03","0","1"
"2022/07/17 12:07:28","MHK VL","61756","75.26","3.1","0","1"
"2022/07/17 12:10:00","MHK VL","61756","75.43","3.11","0","1"
"2022/07/17 12:10:58","MHK VL","61756","75.43","3.11","0","1"
"2022/07/17 12:12:28","MHK VL","61756","75.45","3.11","0","1"
"2022/07/17 12:15:00","MHK VL","61756","76.11","3.2","0","1"
"2022/07/17 12:20:00","MHK VL","61756","76.11","3.2","0","1"
"2022/07/17 12:25:00","MHK VL","61756","75.92","3.13","0","1"
"2022/07/17 12:30:00","MHK VL","61756","75.26","3.03","0","1"
"2022/07/17 12:35:00","MHK VL","61756","77.04","3.17","0","1"
"2022/07/17 12:40:00","MHK VL","61756","77","3.1","0","1"
"2022/07/17 12:45:00","MHK VL","61756","77.17","3.11","0","1"
"2022/07/17 12:50:00","MHK VL","61756","78.45","3.23","0","1"
"2022/07/17 12:55:00","MHK VL","61756","78.38","3.23","0","1"
"2022/07/17 13:00:00","MHK VL","61756","75.47","3.11","0","1"
"2022/07/17 13:05:00","MHK VL","61756","77.07","3.18","0","1"
"2022/07/17 13:10:00","MHK VL","61756","77.09","3.18","0","1"
"2022/07/17 13:15:00","MHK VL","61756","77.06","3.17","0","1"
"2022/07/17 13:20:00","MHK VL","61756","80.29","3.31","0","1"
"2022/07/17 13:25:00","MHK VL","61756","81.4","3.35","0","1"
"2022/07/17 13:30:00","MHK VL","61756","80.82","3.33","0","1"
"2022/07/17 13:35:00","MHK VL","61756","86.83","3.58","0","1"
"2022/07/17 13:40:00","MHK VL","61756","88.03","3.63","0","1"
"2022/07/17 13:45:00","MHK VL","61756","80.89","3.41","0","1"
"2022/07/17 13:50:00","MHK VL","61756","78.92","3.32","0","1"
"2022/07/17 13:55:00","MHK VL","61756","81.22","3.42","0","1"
"2022/07/17 14:00:00","MHK VL","61756","78.1","3.29","0","1"
"2022/07/17 14:05:00","MHK VL","61756","77.1","3.25","0","1"
"2022/07/17 14:10:00","MHK VL","61756","77.2","3.25","0","1"
"2022/07/17 14:15:00","MHK VL","61756","75.57","3.18","0","1"
"2022/07/17 14:20:00","MHK VL","61756","76.68","3.23","0","1"
"2022/07/17 14:25:00","MHK VL","61756","80.16","3.37","0","1"
"2022/07/17 14:30:00","MHK VL","61756","87.87","3.7","0","1"
"2022/07/17 14:35:00","MHK VL","61756","104.71","4.41","0","1"
"2022/07/17 14:40:00","MHK VL","61756","104.92","4.42","0","1"
"2022/07/17 14:45:00","MHK VL","61756","92.68","3.82","0","1"
"2022/07/17 14:50:00","MHK VL","61756","93.34","3.93","0","1"
"2022/07/17 14:55:00","MHK VL","61756","94.73","3.9","0","1"
"2022/07/17 15:00:00","MHK VL","61756","87.95","3.68","-0.62","1"
"2022/07/17 15:05:00","MHK VL","61756","81.21","3.4","-0.33","1"
"2022/07/17 15:10:00","MHK VL","61756","83.37","3.49","-0.43","1"
"2022/07/17 15:15:00","MHK VL","61756","80.99","3.4","-0.32","1"
"2022/07/17 15:20:00","MHK VL","61756","80.91","3.39","-0.32","1"
"2022/07/17 15:25:00","MHK VL","61756","81.4","3.41","-0.34","1"
"2022/07/17 15:30:00","MHK VL","61756","81.82","3.43","-0.36","1"
"2022/07/17 15:35:00","MHK VL","61756","81.07","3.4","-0.33","1"
"2022/07/17 15:40:00","MHK VL","61756","81.14","3.4","-0.33","1"
"2022/07/17 15:45:00","MHK VL","61756","85.69","3.67","-0.52","1"
"2022/07/17 15:50:00","MHK VL","61756","89.15","3.81","-0.67","1"
"2022/07/17 15:55:00","MHK VL","61756","94.32","4.03","-0.89","1"
"2022/07/17 16:00:00","MHK VL","61756","81.61","3.42","-0.35","1"
"2022/07/17 16:05:00","MHK VL","61756","71.6","3.01","0","1"
"2022/07/17 16:10:00","MHK VL","61756","71.74","3.16","0","1"
"2022/07/17 16:15:00","MHK VL","61756","81.56","3.64","-0.44","1"
"2022/07/17 16:20:00","MHK VL","61756","84.27","3.83","-0.56","1"
"2022/07/17 16:25:00","MHK VL","61756","119.52","5.38","-2.07","1"
"2022/07/17 16:30:00","MHK VL","61756","119.44","5.27","-1.97","1"
"2022/07/17 16:35:00","MHK VL","61756","119.05","5.26","-1.96","1"
"2022/07/17 16:40:00","MHK VL","61756","95.04","4.23","-0.93","1"
"2022/07/17 16:45:00","MHK VL","61756","81.31","3.64","-0.34","1"
"2022/07/17 16:50:00","MHK VL","61756","88.4","3.94","-0.64","1"
"2022/07/17 16:55:00","MHK VL","61756","84.8","3.79","-0.49","1"
"2022/07/17 17:00:00","MHK VL","61756","83.39","3.82","0","1"
"2022/07/17 17:05:00","MHK VL","61756","88.01","4.03","0","1"
"2022/07/17 17:10:00","MHK VL","61756","88.18","4.12","0","1"
"2022/07/17 17:15:00","MHK VL","61756","93.52","4.41","-0.87","1"
"2022/07/17 17:20:00","MHK VL","61756","91.1","4.34","0","1"
"2022/07/17 17:25:00","MHK VL","61756","92.73","4.41","0","1"
"2022/07/17 17:30:00","MHK VL","61756","94.18","4.48","0","1"
"2022/07/17 17:35:00","MHK VL","61756","96.05","4.52","-0.99","1"
"2022/07/17 17:40:00","MHK VL","61756","96.13","4.53","-0.99","1"
"2022/07/17 17:45:00","MHK VL","61756","94.21","4.44","-0.9","1"
"2022/07/17 17:50:00","MHK VL","61756","93.3","4.44","0","1"
"2022/07/17 17:55:00","MHK VL","61756","93.97","4.43","-0.89","1"
"2022/07/17 18:00:00","MHK VL","61756","88.26","4.12","0","1"
"2022/07/17 18:05:00","MHK VL","61756","86.99","4.06","0","1"
"2022/07/17 18:08:04","MHK VL","61756","88.47","4.29","0","1"
"2022/07/17 18:09:22","MHK VL","61756","94.8","4.6","0","1"
"2022/07/17 18:10:00","MHK VL","61756","106.33","5.16","0","1"
"2022/07/17 18:15:00","MHK VL","61756","106.33","5.16","0","1"
"2022/07/17 18:20:00","MHK VL","61756","140.33","6.81","0","1"
"2022/07/17 18:25:00","MHK VL","61756","95.58","4.64","0","1"
"2022/07/17 18:30:00","MHK VL","61756","101.74","4.93","0","1"
"2022/07/17 18:35:00","MHK VL","61756","158.54","7.69","0","1"
"2022/07/17 18:40:00","MHK VL","61756","235.7","11.24","-3.93","1"
"2022/07/17 18:45:00","MHK VL","61756","926.01","44.91","0","1"
"2022/07/17 18:50:00","MHK VL","61756","945.04","45.83","0","1"
"2022/07/17 18:55:00","MHK VL","61756","918.17","45.36","0","1"
"2022/07/17 19:00:00","MHK VL","61756","918.13","45.36","0","1"
"2022/07/17 19:05:00","MHK VL","61756","147.12","7.27","0","1"
"2022/07/17 19:10:00","MHK VL","61756","147.49","7.42","0","1"
"2022/07/17 19:15:00","MHK VL","61756","178.96","9","0","1"
"2022/07/17 19:20:00","MHK VL","61756","180.33","8.93","-2.72","1"
"2022/07/17 19:25:00","MHK VL","61756","149.08","7.36","0","1"
"2022/07/17 19:30:00","MHK VL","61756","101.65","5.02","0","1"
"2022/07/17 19:35:00","MHK VL","61756","98.84","4.97","0","1"
"2022/07/17 19:40:00","MHK VL","61756","88.58","4.46","0","1"
"2022/07/17 19:45:00","MHK VL","61756","49.72","2.46","0","1"
"2022/07/17 19:50:00","MHK VL","61756","49.72","2.46","0","1"
"2022/07/17 19:55:00","MHK VL","61756","41.08","2.03","0","1"
"2022/07/17 20:00:00","MHK VL","61756","42.39","2.09","0","1"
"2022/07/17 20:05:00","MHK VL","61756","43.74","2.2","0","1"
"2022/07/17 20:10:00","MHK VL","61756","42.35","2.09","0","1"
"2022/07/17 20:15:00","MHK VL","61756","44.11","2.18","0","1"
"2022/07/17 20:20:00","MHK VL","61756","38.72","1.91","0","1"
"2022/07/17 20:25:00","MHK VL","61756","42.35","2.09","0","1"
"2022/07/17 20:30:00","MHK VL","61756","80.49","3.98","0","1"
"2022/07/17 20:35:00","MHK VL","61756","80.34","3.97","0","1"
"2022/07/17 20:40:00","MHK VL","61756","86.55","4.2","0","1"
"2022/07/17 20:45:00","MHK VL","61756","76.5","3.71","0","1"
"2022/07/17 20:50:00","MHK VL","61756","75.61","3.67","0","1"
"2022/07/17 20:55:00","MHK VL","61756","80.16","3.89","0","1"
"2022/07/17 21:00:00","MHK VL","61756","97.73","4.65","0","1"
"2022/07/17 21:05:00","MHK VL","61756","107.16","5.1","0","1"
"2022/07/17 21:10:00","MHK VL","61756","103.38","5.11","0","1"
"2022/07/17 21:15:00","MHK VL","61756","102.4","4.97","0","1"
"2022/07/17 21:20:00","MHK VL","61756","94.95","4.61","0","1"
"2022/07/17 21:25:00","MHK VL","61756","94.89","4.6","0","1"
"2022/07/17 21:30:00","MHK VL","61756","97.55","4.64","0","1"
"2022/07/17 21:35:00","MHK VL","61756","103.19","4.91","0","1"
"2022/07/17 21:40:00","MHK VL","61756","37.3","1.78","0","1"
"2022/07/17 21:45:00","MHK VL","61756","42.27","1.97","0","1"
"2022/07/17 21:50:00","MHK VL","61756","39.76","1.86","0","1"
"2022/07/17 21:55:00","MHK VL","61756","66.01","3.08","0","1"
"2022/07/17 22:00:00","MHK VL","61756","103.35","4.83","0","1"
"2022/07/17 22:05:00","MHK VL","61756","80.16","3.82","0","1"
"2022/07/17 22:10:00","MHK VL","61756","79.94","3.73","0","1"
"2022/07/17 22:15:00","MHK VL","61756","79.9","3.73","0","1"
"2022/07/17 22:20:00","MHK VL","61756","67.68","3.1","0","1"
"2022/07/17 22:25:00","MHK VL","61756","68.64","3.14","0","1"
"2022/07/17 22:30:00","MHK VL","61756","69.05","3.1","0","1"
"2022/07/17 22:35:00","MHK VL","61756","79.72","3.58","0","1"
"2022/07/17 22:40:00","MHK VL","61756","79.79","3.58","0","1"
"2022/07/17 22:45:00","MHK VL","61756","79.43","3.49","0","1"
"2022/07/17 22:50:00","MHK VL","61756","79.44","3.57","0","1"
"2022/07/17 22:55:00","MHK VL","61756","79.43","3.49","0","1"
"2022/07/17 23:00:00","MHK VL","61756","86.56","3.81","0","1"
"2022/07/17 23:05:00","MHK VL","61756","86.5","3.73","0","1"
"2022/07/17 23:10:00","MHK VL","61756","79.98","3.52","0","1"
"2022/07/17 23:15:00","MHK VL","61756","88.91","3.83","0","1"
"2022/07/17 23:20:00","MHK VL","61756","88.98","3.75","0","1"
"2022/07/17 23:25:00","MHK VL","61756","88.89","3.74","0","1"
"2022/07/17 23:30:00","MHK VL","61756","79.29","3.27","0","1"
"2022/07/17 23:35:00","MHK VL","61756","67.71","2.73","0","1"
"2022/07/17 23:40:00","MHK VL","61756","79.13","3.19","0","1"
"2022/07/17 23:45:00","MHK VL","61756","78.69","3.17","0","1"
"2022/07/17 23:50:00","MHK VL","61756","76.94","3.03","0","1"
"2022/07/17 23:55:00","MHK VL","61756","78.31","3.09","0","1"
"2022/07/18 00:00:00","MHK VL","61756","80.34","3.09","0","1"
"2022/07/18 00:05:00","MHK VL","61756","75.13","2.89","0","1"
"2022/07/18 00:10:00","MHK VL","61756","63.67","2.27","0","1"
"2022/07/18 00:15:00","MHK VL","61756","74.53","2.66","0","1"
"2022/07/18 00:15:12","MHK VL","61756","54.21","1.94","0","1"
"2022/07/18 00:16:36","MHK VL","61756","58.27","2.02","0","1"
"2022/07/18 00:20:00","MHK VL","61756","53.21","1.85","0","1"
"2022/07/18 00:25:00","MHK VL","61756","53.21","1.85","0","1"
"2022/07/18 00:30:00","MHK VL","61756","52.5","1.82","0","1"
"2022/07/18 00:35:00","MHK VL","61756","54.48","1.89","0","1"
"2022/07/18 00:40:00","MHK VL","61756","54.35","1.89","0","1"
"2022/07/18 00:45:00","MHK VL","61756","54.4","1.89","0","1"
"2022/07/18 00:50:00","MHK VL","61756","55.35","1.92","0","1"
"2022/07/18 00:55:00","MHK VL","61756","42.18","1.46","0","1"
"2022/07/18 01:00:00","MHK VL","61756","59.09","2","0","1"
"2022/07/18 01:05:00","MHK VL","61756","39.05","1.35","0","1"
"2022/07/18 01:10:00","MHK VL","61756","44.15","1.53","0","1"
"2022/07/18 01:15:00","MHK VL","61756","42.66","1.52","0","1"
"2022/07/18 01:20:00","MHK VL","61756","35.64","1.24","0","1"
"2022/07/18 01:25:00","MHK VL","61756","29.32","0.99","0","1"
"2022/07/18 01:29:36","MHK VL","61756","39.25","1.36","0","1"
"2022/07/18 01:30:00","MHK VL","61756","71.03","2.46","0","1"
"2022/07/18 01:31:06","MHK VL","61756","71.03","2.46","0","1"
"2022/07/18 01:35:00","MHK VL","61756","57.57","2","0","1"
"2022/07/18 01:40:00","MHK VL","61756","57.57","2","0","1"
"2022/07/18 01:45:00","MHK VL","61756","35.9","1.21","0","1"
"2022/07/18 01:50:00","MHK VL","61756","42.14","1.42","0","1"
"2022/07/18 01:55:00","MHK VL","61756","35.82","1.21","0","1"
"2022/07/18 02:00:00","MHK VL","61756","57.56","1.89","0","1"
"2022/07/18 02:05:00","MHK VL","61756","42.19","1.39","0","1"
"2022/07/18 02:10:00","MHK VL","61756","44.16","1.45","0","1"
"2022/07/18 02:15:00","MHK VL","61756","39.44","1.33","0","1"
"2022/07/18 02:20:00","MHK VL","61756","38.56","1.27","0","1"
"2022/07/18 02:25:00","MHK VL","61756","37.23","1.22","0","1"
"2022/07/18 02:30:00","MHK VL","61756","39.95","1.31","0","1"
"2022/07/18 02:35:00","MHK VL","61756","61.69","2.09","0","1"
"2022/07/18 02:40:00","MHK VL","61756","44.11","1.49","0","1"
"2022/07/18 02:45:00","MHK VL","61756","44.11","1.49","0","1"
"2022/07/18 02:50:00","MHK VL","61756","44.16","1.49","0","1"
"2022/07/18 02:55:00","MHK VL","61756","48.62","1.64","0","1"
"2022/07/18 03:00:00","MHK VL","61756","39.7","1.34","0","1"
"2022/07/18 03:05:00","MHK VL","61756","39.63","1.3","0","1"
"2022/07/18 03:10:00","MHK VL","61756","39.31","1.29","0","1"
"2022/07/18 03:15:00","MHK VL","61756","48.89","1.61","0","1"
"2022/07/18 03:20:00","MHK VL","61756","60.18","1.98","0","1"
"2022/07/18 03:25:00","MHK VL","61756","58.46","1.92","0","1"
"2022/07/18 03:30:00","MHK VL","61756","49.99","1.59","0","1"
"2022/07/18 03:35:00","MHK VL","61756","60.38","1.87","0","1"
"2022/07/18 03:40:00","MHK VL","61756","60.17","1.87","0","1"
"2022/07/18 03:45:00","MHK VL","61756","60.21","1.87","0","1"
"2022/07/18 03:50:00","MHK VL","61756","42.1","1.31","0","1"
"2022/07/18 03:55:00","MHK VL","61756","48.65","1.51","0","1"
"2022/07/18 04:00:00","MHK VL","61756","48.46","1.46","0","1"
"2022/07/18 04:05:00","MHK VL","61756","59.96","1.8","0","1"
"2022/07/18 04:10:00","MHK VL","61756","48.04","1.45","0","1"
"2022/07/18 04:15:00","MHK VL","61756","44.07","1.37","0","1"
"2022/07/18 04:20:00","MHK VL","61756","35.76","1.14","0","1"
"2022/07/18 04:25:00","MHK VL","61756","34.42","1.07","0","1"
"2022/07/18 04:30:00","MHK VL","61756","39.47","1.26","0","1"
"2022/07/18 04:35:00","MHK VL","61756","60.33","1.98","0","1"
"2022/07/18 04:40:00","MHK VL","61756","59.75","1.91","0","1"
"2022/07/18 04:45:00","MHK VL","61756","41.12","1.31","0","1"
"2022/07/18 04:50:00","MHK VL","61756","40.59","1.29","0","1"
"2022/07/18 04:55:00","MHK VL","61756","40.6","1.3","0","1"
"2022/07/18 05:00:00","MHK VL","61756","47.05","1.59","0","1"
"2022/07/18 05:05:00","MHK VL","61756","49.62","1.72","0","1"
"2022/07/18 05:10:00","MHK VL","61756","42.22","1.47","0","1"
"2022/07/18 05:15:00","MHK VL","61756","57.95","2.07","0","1"
"2022/07/18 05:20:00","MHK VL","61756","44.2","1.58","0","1"
"2022/07/18 05:25:00","MHK VL","61756","45.9","1.59","0","1"
"2022/07/18 05:30:00","MHK VL","61756","48.77","1.74","0","1"
"2022/07/18 05:35:00","MHK VL","61756","63.11","2.31","0","1"
"2022/07/18 05:40:00","MHK VL","61756","67.9","2.42","0","1"
"2022/07/18 05:45:00","MHK VL","61756","57.47","2.05","0","1"
"2022/07/18 05:50:00","MHK VL","61756","67.91","2.42","0","1"
"2022/07/18 05:55:00","MHK VL","61756","75.44","2.76","0","1"
"2022/07/18 06:00:00","MHK VL","61756","50.9","1.86","0","1"
"2022/07/18 06:05:00","MHK VL","61756","54.52","2","0","1"
"2022/07/18 06:10:00","MHK VL","61756","55.67","2.19","0","1"
"2022/07/18 06:15:00","MHK VL","61756","58.61","2.31","0","1"
"2022/07/18 06:20:00","MHK VL","61756","64.95","2.62","0","1"
"2022/07/18 06:25:00","MHK VL","61756","64.71","2.61","0","1"
"2022/07/18 06:30:00","MHK VL","61756","68.42","2.82","0","1"
"2022/07/18 06:35:00","MHK VL","61756","64.94","2.73","0","1"
"2022/07/18 06:40:00","MHK VL","61756","65.47","2.76","0","1"
"2022/07/18 06:45:00","MHK VL","61756","76.19","3.21","0","1"
"2022/07/18 06:50:00","MHK VL","61756","76.52","3.3","0","1"
"2022/07/18 06:55:00","MHK VL","61756","79.13","3.33","0","1"
"2022/07/18 07:00:00","MHK VL","61756","78.48","3.38","0","1"
"2022/07/18 07:05:00","MHK VL","61756","81.15","3.5","0","1"
"2022/07/18 07:10:00","MHK VL","61756","81.04","3.49","0","1"
"2022/07/18 07:15:00","MHK VL","61756","75.97","3.27","0","1"
"2022/07/18 07:20:00","MHK VL","61756","75.41","3.32","0","1"
"2022/07/18 07:25:00","MHK VL","61756","82.96","3.65","0","1"
"2022/07/18 07:30:00","MHK VL","61756","44.45","1.96","0","1"
"2022/07/18 07:35:00","MHK VL","61756","59.31","2.61","0","1"
"2022/07/18 07:40:00","MHK VL","61756","60.54","2.66","0","1"
"2022/07/18 07:45:00","MHK VL","61756","63.25","2.78","0","1"
"2022/07/18 07:50:00","MHK VL","61756","64.77","2.85","0","1"
"2022/07/18 07:55:00","MHK VL","61756","59.38","2.56","0","1"
"2022/07/18 08:00:00","MHK VL","61756","48.38","2.09","0","1"
"2022/07/18 08:05:00","MHK VL","61756","48.53","2.09","0","1"
"2022/07/18 08:10:00","MHK VL","61756","44.45","1.92","0","1"
"2022/07/18 08:15:00","MHK VL","61756","48.58","2.09","0","1"
"2022/07/18 08:20:00","MHK VL","61756","44.45","1.92","0","1"
"2022/07/18 08:25:00","MHK VL","61756","48.83","2.15","0","1"
"2022/07/18 08:30:00","MHK VL","61756","48.68","2.1","0","1"
"2022/07/18 08:35:00","MHK VL","61756","48.83","2.1","0","1"
"2022/07/18 08:40:00","MHK VL","61756","47.95","2.07","0","1"
"2022/07/18 08:45:00","MHK VL","61756","50.91","2.19","0","1"
"2022/07/18 08:50:00","MHK VL","61756","46.41","2","0","1"
"2022/07/18 08:55:00","MHK VL","61756","46.44","2","0","1"
"2022/07/18 09:00:00","MHK VL","61756","44.49","1.92","0","1"
"2022/07/18 09:05:00","MHK VL","61756","36.38","1.57","0","1"
"2022/07/18 09:10:00","MHK VL","61756","41.3","1.78","0","1"
"2022/07/18 09:15:00","MHK VL","61756","41.94","1.81","0","1"
"2022/07/18 09:20:00","MHK VL","61756","34.35","1.48","0","1"
"2022/07/18 09:25:00","MHK VL","61756","41.67","1.75","0","1"
"2022/07/18 09:30:00","MHK VL","61756","42.46","1.79","0","1"
"2022/07/18 09:35:00","MHK VL","61756","44.4","1.87","0","1"
"2022/07/18 09:40:00","MHK VL","61756","46.24","1.99","0","1"
"2022/07/18 09:45:00","MHK VL","61756","46.35","2","0","1"
"2022/07/18 09:50:00","MHK VL","61756","44.4","1.87","0","1"
"2022/07/18 09:55:00","MHK VL","61756","45.74","1.97","0","1"
"2022/07/18 10:00:00","MHK VL","61756","42.42","1.79","0","1"
"2022/07/18 10:05:00","MHK VL","61756","36.31","1.53","0","1"
"2022/07/18 10:10:00","MHK VL","61756","36.27","1.53","0","1"
"2022/07/18 10:15:00","MHK VL","61756","42.42","1.79","0","1"
"2022/07/18 10:20:00","MHK VL","61756","43.39","1.83","0","1"
"2022/07/18 10:25:00","MHK VL","61756","45.84","1.93","0","1"
"2022/07/18 10:30:00","MHK VL","61756","44.45","1.92","0","1"
"2022/07/18 10:35:00","MHK VL","61756","44.45","1.92","0","1"
"2022/07/18 10:40:00","MHK VL","61756","45.59","2.01","0","1"
"2022/07/18 10:45:00","MHK VL","61756","40.12","1.73","0","1"
"2022/07/18 10:50:00","MHK VL","61756","38.39","1.65","0","1"
"2022/07/18 10:55:00","MHK VL","61756","40.56","1.78","0","1"
"2022/07/18 11:00:00","MHK VL","61756","45.07","2.02","0","1"
"2022/07/18 11:05:00","MHK VL","61756","92.12","4.22","0","1"
"2022/07/18 11:10:00","MHK VL","61756","74.28","3.34","0","1"
"2022/07/18 11:15:00","MHK VL","61756","70.27","3.16","0","1"
"2022/07/18 11:20:00","MHK VL","61756","74.28","3.34","0","1"
"2022/07/18 11:25:00","MHK VL","61756","39.57","1.78","0","1"
"2022/07/18 11:30:00","MHK VL","61756","42.55","1.87","0","1"
"2022/07/18 11:35:00","MHK VL","61756","44.49","1.96","0","1"
"2022/07/18 11:40:00","MHK VL","61756","52.53","2.31","0","1"
"2022/07/18 11:45:00","MHK VL","61756","43.77","1.89","0","1"
"2022/07/18 11:50:00","MHK VL","61756","52.73","2.37","0","1"
"2022/07/18 11:55:00","MHK VL","61756","48.17","2.16","0","1"
"2022/07/18 12:00:00","MHK VL","61756","82.04","3.68","0","1"
"2022/07/18 12:05:00","MHK VL","61756","72.29","3.25","0","1"
"2022/07/18 12:10:00","MHK VL","61756","58.53","2.63","0","1"
"2022/07/18 12:15:00","MHK VL","61756","70.7","3.05","0","1"
"2022/07/18 12:20:00","MHK VL","61756","62.4","2.69","0","1"
"2022/07/18 12:25:00","MHK VL","61756","106.01","4.57","0","1"
"2022/07/18 12:30:00","MHK VL","61756","70.7","3.11","0","1"
"2022/07/18 12:35:00","MHK VL","61756","53.89","2.42","0","1"
"2022/07/18 12:40:00","MHK VL","61756","88.45","3.89","0","1"
"2022/07/18 12:45:00","MHK VL","61756","87.57","3.85","0","1"
"2022/07/18 12:50:00","MHK VL","61756","71.46","3.14","0","1"
"2022/07/18 12:55:00","MHK VL","61756","53.72","2.32","0","1"
"2022/07/18 13:00:00","MHK VL","61756","53.91","2.32","0","1"
"2022/07/18 13:05:00","MHK VL","61756","68.89","3.09","0","1"
"2022/07/18 13:10:00","MHK VL","61756","107.28","4.62","0","1"
"2022/07/18 13:15:00","MHK VL","61756","120.5","5.07","0","1"
"2022/07/18 13:20:00","MHK VL","61756","104.87","4.32","0","1"
"2022/07/18 13:25:00","MHK VL","61756","106.56","4.39","0","1"
"2022/07/18 13:30:00","MHK VL","61756","125.58","5.29","0","1"
"2022/07/18 13:35:00","MHK VL","61756","335.68","14.13","0","1"
"2022/07/18 13:40:00","MHK VL","61756","692.01","29.13","0","1"
"2022/07/18 13:45:00","MHK VL","61756","697.43","29.36","0","1"
"2022/07/18 13:50:00","MHK VL","61756","217.47","9.16","0","1"
"2022/07/18 13:55:00","MHK VL","61756","126.38","5.21","0","1"
"2022/07/18 14:00:00","MHK VL","61756","99.25","4","0","1"
"2022/07/18 14:05:00","MHK VL","61756","96.11","3.87","0","1"
"2022/07/18 14:10:00","MHK VL","61756","92.94","3.75","0","1"
"2022/07/18 14:15:00","MHK VL","61756","101.2","4.08","0","1"
"2022/07/18 14:20:00","MHK VL","61756","106.23","4.28","0","1"
"2022/07/18 14:25:00","MHK VL","61756","106.15","4.18","0","1"
"2022/07/18 14:30:00","MHK VL","61756","120.17","4.63","0","1"
"2022/07/18 14:35:00","MHK VL","61756","138.46","5.33","0","1"
"2022/07/18 14:40:00","MHK VL","61756","132.52","5.22","0","1"
"2022/07/18 14:45:00","MHK VL","61756","127.01","4.89","0","1"
"2022/07/18 14:50:00","MHK VL","61756","110.82","4.27","0","1"
"2022/07/18 14:55:00","MHK VL","61756","151.13","5.95","0","1"
"2022/07/18 15:00:00","MHK VL","61756","-7.68","-0.42","-3.06","1"
"2022/07/18 15:05:00","MHK VL","61756","-10.73","-0.41","0","1"
"2022/07/18 15:10:00","MHK VL","61756","10.1","-0.38","-20.17","1"
"2022/07/18 15:15:00","MHK VL","61756","-10.43","-0.4","0","1"
"2022/07/18 15:20:00","MHK VL","61756","-7.48","-0.3","0","1"
"2022/07/18 15:25:00","MHK VL","61756","-2.58","-0.1","0","1"
"2022/07/18 15:30:00","MHK VL","61756","16.12","0.62","0","1"
"2022/07/18 15:35:00","MHK VL","61756","12.35","0.46","0","1"
"2022/07/18 15:40:00","MHK VL","61756","12.31","0.46","0","1"
"2022/07/18 15:45:00","MHK VL","61756","16.05","0.59","0","1"
"2022/07/18 15:50:00","MHK VL","61756","33.47","1.26","0","1"
"2022/07/18 15:55:00","MHK VL","61756","16.1","0.59","0","1"
"2022/07/18 16:00:00","MHK VL","61756","22.41","0.82","0","1"
"2022/07/18 16:05:00","MHK VL","61756","24.6","0.95","0","1"
"2022/07/18 16:10:00","MHK VL","61756","24.61","0.95","0","1"
"2022/07/18 16:10:46","MHK VL","61756","23.23","0.92","0","1"
"2022/07/18 16:15:00","MHK VL","61756","23.76","0.91","0","1"
"2022/07/18 16:15:46","MHK VL","61756","23.76","0.91","0","1"
"2022/07/18 16:19:52","MHK VL","61756","23.76","0.91","0","1"
"2022/07/18 16:20:00","MHK VL","61756","31.93","1.29","0","1"
"2022/07/18 16:25:00","MHK VL","61756","31.93","1.29","0","1"
"2022/07/18 16:30:00","MHK VL","61756","31.93","1.29","0","1"
"2022/07/18 16:35:00","MHK VL","61756","31.93","1.29","0","1"
"2022/07/18 16:40:00","MHK VL","61756","31.93","1.29","0","1"
"2022/07/18 16:40:11","MHK VL","61756","31.93","1.29","0","1"
"2022/07/18 16:41:40","MHK VL","61756","15.88","0.67","0","1"
"2022/07/18 16:45:00","MHK VL","61756","15.93","0.67","0","1"
"2022/07/18 16:50:00","MHK VL","61756","15.93","0.67","0","1"
"2022/07/18 16:55:00","MHK VL","61756","31.83","1.34","0","1"
"2022/07/18 16:59:05","MHK VL","61756","31.77","1.37","0","1"
"2022/07/18 17:00:00","MHK VL","61756","53.48","2.3","0","1"
"2022/07/18 17:00:27","MHK VL","61756","53.48","2.3","0","1"
"2022/07/18 17:05:00","MHK VL","61756","48.23","2.12","0","1"
"2022/07/18 17:10:00","MHK VL","61756","48.23","2.12","0","1"
"2022/07/18 17:15:00","MHK VL","61756","53.86","2.42","0","1"
"2022/07/18 17:20:00","MHK VL","61756","54.08","2.38","0","1"
"2022/07/18 17:25:00","MHK VL","61756","53.92","2.42","0","1"
"2022/07/18 17:30:00","MHK VL","61756","58.42","2.62","0","1"
"2022/07/18 17:35:00","MHK VL","61756","65.5","3","0","1"
"2022/07/18 17:40:00","MHK VL","61756","65.99","2.96","0","1"
"2022/07/18 17:45:00","MHK VL","61756","65.23","2.99","0","1"
"2022/07/18 17:50:00","MHK VL","61756","56.6","2.48","-2.53","1"
"2022/07/18 17:55:00","MHK VL","61756","60.16","2.47","-6.3","1"
"2022/07/18 18:00:00","MHK VL","61756","53.85","2.47","0","1"
"2022/07/18 18:05:00","MHK VL","61756","64.56","2.96","0","1"
"2022/07/18 18:10:00","MHK VL","61756","53.8","2.46","0","1"
"2022/07/18 18:15:00","MHK VL","61756","65.24","2.87","0","1"
"2022/07/18 18:20:00","MHK VL","61756","69.23","3.05","0","1"
"2022/07/18 18:25:00","MHK VL","61756","68.58","3.08","0","1"
"2022/07/18 18:30:00","MHK VL","61756","65.23","2.93","0","1"
"2022/07/18 18:35:00","MHK VL","61756","64.9","2.91","0","1"
"2022/07/18 18:40:00","MHK VL","61756","67.01","3.07","0","1"
"2022/07/18 18:45:00","MHK VL","61756","71.88","3.29","0","1"
"2022/07/18 18:50:00","MHK VL","61756","64.27","2.94","0","1"
"2022/07/18 18:55:00","MHK VL","61756","66.87","3.12","0","1"
"2022/07/18 19:00:00","MHK VL","61756","69.73","3.19","0","1"
"2022/07/18 19:05:00","MHK VL","61756","70.23","3.22","0","1"
"2022/07/18 19:10:00","MHK VL","61756","70.5","3.29","0","1"
"2022/07/18 19:15:00","MHK VL","61756","64.58","3.02","0","1"
"2022/07/18 19:20:00","MHK VL","61756","62.02","2.84","0","1"
"2022/07/18 19:25:00","MHK VL","61756","64.25","3","0","1"
"2022/07/18 19:30:00","MHK VL","61756","59.39","2.77","0","1"
"2022/07/18 19:35:00","MHK VL","61756","61.91","2.89","0","1"
"2022/07/18 19:40:00","MHK VL","61756","62.08","2.9","0","1"
"2022/07/18 19:45:00","MHK VL","61756","61.92","2.84","0","1"
"2022/07/18 19:50:00","MHK VL","61756","56.91","2.61","0","1"
"2022/07/18 19:55:00","MHK VL","61756","55.04","2.47","0","1"
"2022/07/18 20:00:00","MHK VL","61756","48.38","2.13","0","1"
"2022/07/18 20:05:00","MHK VL","61756","42.7","1.84","0","1"
"2022/07/18 20:10:00","MHK VL","61756","44.4","1.95","0","1"
"2022/07/18 20:15:00","MHK VL","61756","82.52","3.71","0","1"
"2022/07/18 20:20:00","MHK VL","61756","84.09","3.7","0","1"
"2022/07/18 20:25:00","MHK VL","61756","88.29","3.88","0","1"
"2022/07/18 20:30:00","MHK VL","61756","85.72","3.77","0","1"
"2022/07/18 20:35:00","MHK VL","61756","88.05","3.87","0","1"
"2022/07/18 20:40:00","MHK VL","61756","88.16","3.88","0","1"
"2022/07/18 20:45:00","MHK VL","61756","88.21","3.96","0","1"
"2022/07/18 20:50:00","MHK VL","61756","87.03","3.91","0","1"
"2022/07/18 20:55:00","MHK VL","61756","87.03","3.91","0","1"
"2022/07/18 21:00:00","MHK VL","61756","85.12","3.9","0","1"
"2022/07/18 21:05:00","MHK VL","61756","84.54","3.8","0","1"
"2022/07/18 21:09:33","MHK VL","61756","85.08","3.82","0","1"
"2022/07/18 21:10:00","MHK VL","61756","85.16","3.82","0","1"
"2022/07/18 21:10:51","MHK VL","61756","85.16","3.82","0","1"
"2022/07/18 21:15:00","MHK VL","61756","84.43","3.79","0","1"
"2022/07/18 21:20:00","MHK VL","61756","84.43","3.79","0","1"
"2022/07/18 21:25:00","MHK VL","61756","85.22","3.83","0","1"
"2022/07/18 21:30:00","MHK VL","61756","79.46","3.57","0","1"
"2022/07/18 21:35:00","MHK VL","61756","81.15","3.57","0","1"
"2022/07/18 21:40:00","MHK VL","61756","80.83","3.48","0","1"
"2022/07/18 21:45:00","MHK VL","61756","83.1","3.5","0","1"
"2022/07/18 21:50:00","MHK VL","61756","80.74","3.55","0","1"
"2022/07/18 21:55:00","MHK VL","61756","80.69","3.55","0","1"
"2022/07/18 22:00:00","MHK VL","61756","83.85","3.76","0","1"
"2022/07/18 22:04:39","MHK VL","61756","80.56","3.62","0","1"
"2022/07/18 22:05:00","MHK VL","61756","84.94","3.66","0","1"
"2022/07/18 22:05:57","MHK VL","61756","84.94","3.66","0","1"
"2022/07/18 22:10:00","MHK VL","61756","83.35","3.59","0","1"
"2022/07/18 22:15:00","MHK VL","61756","83.35","3.59","0","1"
"2022/07/18 22:20:00","MHK VL","61756","73.41","3.23","0","1"
"2022/07/18 22:24:09","MHK VL","61756","67.17","2.96","0","1"
"2022/07/18 22:25:00","MHK VL","61756","86.06","3.79","0","1"
"2022/07/18 22:25:27","MHK VL","61756","86.06","3.79","0","1"
"2022/07/18 22:30:00","MHK VL","61756","85.73","3.7","0","1"
"2022/07/18 22:35:00","MHK VL","61756","85.73","3.7","0","1"
"2022/07/18 22:40:00","MHK VL","61756","83.34","3.51","0","1"
"2022/07/18 22:45:00","MHK VL","61756","87.9","3.54","0","1"
"2022/07/18 22:50:00","MHK VL","61756","87.75","3.46","0","1"
"2022/07/18 22:55:00","MHK VL","61756","79.08","3.04","0","1"
"2022/07/18 23:00:00","MHK VL","61756","63","2.36","0","1"
"2022/07/18 23:05:00","MHK VL","61756","56.29","2.06","0","1"
"2022/07/18 23:10:00","MHK VL","61756","57.5","2.1","0","1"
"2022/07/18 23:15:00","MHK VL","61756","62.23","2.28","0","1"
"2022/07/18 23:20:00","MHK VL","61756","73.64","2.7","0","1"
"2022/07/18 23:25:00","MHK VL","61756","64.29","2.35","0","1"
"2022/07/18 23:30:00","MHK VL","61756","59.3","2.12","0","1"
"2022/07/18 23:35:00","MHK VL","61756","58.2","2.02","0","1"
"2022/07/18 23:40:00","MHK VL","61756","56.23","1.95","0","1"
"2022/07/18 23:45:00","MHK VL","61756","55.79","1.84","0","1"
"2022/07/18 23:50:00","MHK VL","61756","56.07","1.84","0","1"
"2022/07/18 23:55:00","MHK VL","61756","56.06","1.79","0","1"
"2022/07/19 00:00:00","MHK VL","61756","62.94","2.01","0","1"
"2022/07/19 00:05:00","MHK VL","61756","60.98","1.89","0","1"
"2022/07/19 00:10:00","MHK VL","61756","58.89","1.71","0","1"
"2022/07/19 00:15:00","MHK VL","61756","63.5","1.79","0","1"
"2022/07/19 00:20:00","MHK VL","61756","65.85","1.92","0","1"
"2022/07/19 00:25:00","MHK VL","61756","60.89","1.83","0","1"
"2022/07/19 00:30:00","MHK VL","61756","61.63","1.79","0","1"
"2022/07/19 00:35:00","MHK VL","61756","61.57","1.79","0","1"
"2022/07/19 00:40:00","MHK VL","61756","60.65","1.83","0","1"
"2022/07/19 00:45:00","MHK VL","61756","74.25","2.16","0","1"
"2022/07/19 00:50:00","MHK VL","61756","69.17","1.95","0","1"
"2022/07/19 00:55:00","MHK VL","61756","63.94","1.8","0","1"
"2022/07/19 01:00:00","MHK VL","61756","61.65","1.68","0","1"
"2022/07/19 01:05:00","MHK VL","61756","58.41","1.65","0","1"
"2022/07/19 01:10:00","MHK VL","61756","56.5","1.59","0","1"
"2022/07/19 01:15:00","MHK VL","61756","57.63","1.57","0","1"
"2022/07/19 01:20:00","MHK VL","61756","57.74","1.63","0","1"
"2022/07/19 01:25:00","MHK VL","61756","57.89","1.68","0","1"
"2022/07/19 01:30:00","MHK VL","61756","55.93","1.63","0","1"
"2022/07/19 01:35:00","MHK VL","61756","51.13","1.49","0","1"
"2022/07/19 01:40:00","MHK VL","61756","50.84","1.53","0","1"
"2022/07/19 01:45:00","MHK VL","61756","57.94","1.69","0","1"
"2022/07/19 01:50:00","MHK VL","61756","58.06","1.75","0","1"
"2022/07/19 01:55:00","MHK VL","61756","58.16","1.75","0","1"
"2022/07/19 02:00:00","MHK VL","61756","59.04","1.72","0","1"
"2022/07/19 02:05:00","MHK VL","61756","56.23","1.64","0","1"
"2022/07/19 02:10:00","MHK VL","61756","53.32","1.5","0","1"
"2022/07/19 02:15:00","MHK VL","61756","53.37","1.55","0","1"
"2022/07/19 02:20:00","MHK VL","61756","51.5","1.5","0","1"
"2022/07/19 02:24:55","MHK VL","61756","51.36","1.45","0","1"
"2022/07/19 02:25:00","MHK VL","61756","32.27","0.94","0","1"
"2022/07/19 02:26:13","MHK VL","61756","32.27","0.94","0","1"
"2022/07/19 02:30:00","MHK VL","61756","39.33","1.14","0","1"
"2022/07/19 02:35:00","MHK VL","61756","39.33","1.14","0","1"
"2022/07/19 02:40:00","MHK VL","61756","31.42","0.95","0","1"
"2022/07/19 02:45:00","MHK VL","61756","25.88","0.78","0","1"
"2022/07/19 02:50:00","MHK VL","61756","21.47","0.65","0","1"
"2022/07/19 02:55:00","MHK VL","61756","21.43","0.64","0","1"
"2022/07/19 03:00:00","MHK VL","61756","21.59","0.63","0","1"
"2022/07/19 03:05:00","MHK VL","61756","21.55","0.63","0","1"
"2022/07/19 03:10:00","MHK VL","61756","21.39","0.6","0","1"
"2022/07/19 03:15:00","MHK VL","61756","31.71","0.89","0","1"
"2022/07/19 03:20:00","MHK VL","61756","30.64","0.86","0","1"
"2022/07/19 03:25:00","MHK VL","61756","28.46","0.8","0","1"
"2022/07/19 03:30:00","MHK VL","61756","27.77","0.78","0","1"
"2022/07/19 03:35:00","MHK VL","61756","27.58","0.78","0","1"
"2022/07/19 03:40:00","MHK VL","61756","22.67","0.62","0","1"
"2022/07/19 03:45:00","MHK VL","61756","27.76","0.76","0","1"
"2022/07/19 03:50:00","MHK VL","61756","21.72","0.61","0","1"
"2022/07/19 03:55:00","MHK VL","61756","21.53","0.61","0","1"
"2022/07/19 04:00:00","MHK VL","61756","21.21","0.58","0","1"
"2022/07/19 04:05:00","MHK VL","61756","30.52","0.83","0","1"
"2022/07/19 04:10:00","MHK VL","61756","49.64","1.35","0","1"
"2022/07/19 04:15:00","MHK VL","61756","28.52","0.78","0","1"
"2022/07/19 04:20:00","MHK VL","61756","18.03","0.49","0","1"
"2022/07/19 04:25:00","MHK VL","61756","21.61","0.59","0","1"
"2022/07/19 04:30:00","MHK VL","61756","21.42","0.6","0","1"
"2022/07/19 04:35:00","MHK VL","61756","27.86","0.79","0","1"
"2022/07/19 04:40:00","MHK VL","61756","28.68","0.81","0","1"
"2022/07/19 04:45:00","MHK VL","61756","24.6","0.69","0","1"
"2022/07/19 04:50:00","MHK VL","61756","27.9","0.79","0","1"
"2022/07/19 04:55:00","MHK VL","61756","22.15","0.62","0","1"
"2022/07/19 05:00:00","MHK VL","61756","29.46","0.86","0","1"
"2022/07/19 05:05:00","MHK VL","61756","38.8","1.13","0","1"
"2022/07/19 05:10:00","MHK VL","61756","36.13","1.05","0","1"
"2022/07/19 05:15:00","MHK VL","61756","38.58","1.16","0","1"
"2022/07/19 05:20:00","MHK VL","61756","39.61","1.15","0","1"
"2022/07/19 05:25:00","MHK VL","61756","39.49","1.15","0","1"
"2022/07/19 05:30:00","MHK VL","61756","39.34","1.11","0","1"
"2022/07/19 05:35:00","MHK VL","61756","39.76","1.12","0","1"
"2022/07/19 05:40:00","MHK VL","61756","38.79","1.09","0","1"
"2022/07/19 05:45:00","MHK VL","61756","39.39","1.15","0","1"
"2022/07/19 05:50:00","MHK VL","61756","40.65","1.22","0","1"
"2022/07/19 05:55:00","MHK VL","61756","40.58","1.22","0","1"
"2022/07/19 06:00:00","MHK VL","61756","35.38","1.07","0","1"
"2022/07/19 06:05:00","MHK VL","61756","33.18","1","0","1"
"2022/07/19 06:10:00","MHK VL","61756","31.63","0.95","0","1"
"2022/07/19 06:15:00","MHK VL","61756","32.39","1","0","1"
"2022/07/19 06:20:00","MHK VL","61756","31.99","0.99","0","1"
"2022/07/19 06:25:00","MHK VL","61756","32.03","0.99","0","1"
"2022/07/19 06:30:00","MHK VL","61756","32.88","1.02","0","1"
"2022/07/19 06:35:00","MHK VL","61756","38.99","1.24","0","1"
"2022/07/19 06:40:00","MHK VL","61756","41.24","1.32","0","1"
"2022/07/19 06:45:00","MHK VL","61756","38.18","1.22","0","1"
"2022/07/19 06:50:00","MHK VL","61756","29.59","0.94","0","1"
"2022/07/19 06:55:00","MHK VL","61756","33.42","1.07","0","1"
"2022/07/19 07:00:00","MHK VL","61756","31.89","1.08","0","1"
"2022/07/19 07:05:00","MHK VL","61756","37.25","1.26","0","1"
"2022/07/19 07:10:00","MHK VL","61756","31.48","1.04","0","1"
"2022/07/19 07:15:00","MHK VL","61756","31.44","1.06","0","1"
"2022/07/19 07:20:00","MHK VL","61756","59.4","2.01","0","1"
"2022/07/19 07:25:00","MHK VL","61756","37.04","1.22","0","1"
"2022/07/19 07:30:00","MHK VL","61756","42.58","1.4","0","1"
"2022/07/19 07:35:00","MHK VL","61756","32.77","1.08","0","1"
"2022/07/19 07:40:00","MHK VL","61756","33.74","1.14","0","1"
"2022/07/19 07:45:00","MHK VL","61756","52.69","1.83","0","1"
"2022/07/19 07:50:00","MHK VL","61756","56.13","2","0","1"
"2022/07/19 07:55:00","MHK VL","61756","44.69","1.6","0","1"
"2022/07/19 08:00:00","MHK VL","61756","50.89","1.82","0","1"
"2022/07/19 08:05:00","MHK VL","61756","72.91","2.6","0","1"
"2022/07/19 08:10:00","MHK VL","61756","53.63","1.86","0","1"
"2022/07/19 08:15:00","MHK VL","61756","66.82","2.39","0","1"
"2022/07/19 08:20:00","MHK VL","61756","54.07","1.88","0","1"
"2022/07/19 08:25:00","MHK VL","61756","63.34","2.26","0","1"
"2022/07/19 08:30:00","MHK VL","61756","71.81","2.56","0","1"
"2022/07/19 08:35:00","MHK VL","61756","70.58","2.45","0","1"
"2022/07/19 08:40:00","MHK VL","61756","71.73","2.49","0","1"
"2022/07/19 08:45:00","MHK VL","61756","73.92","2.57","0","1"
"2022/07/19 08:50:00","MHK VL","61756","73.84","2.56","0","1"
"2022/07/19 08:55:00","MHK VL","61756","73.62","2.63","0","1"
"2022/07/19 09:00:00","MHK VL","61756","70.98","2.66","0","1"
"2022/07/19 09:05:00","MHK VL","61756","71.05","2.74","0","1"
"2022/07/19 09:10:00","MHK VL","61756","70.92","2.66","0","1"
"2022/07/19 09:15:00","MHK VL","61756","70.79","2.59","0","1"
"2022/07/19 09:20:00","MHK VL","61756","70.86","2.59","0","1"
"2022/07/19 09:25:00","MHK VL","61756","70.71","2.52","0","1"
"2022/07/19 09:30:00","MHK VL","61756","70.72","2.59","0","1"
"2022/07/19 09:35:00","MHK VL","61756","70.79","2.53","0","1"
"2022/07/19 09:40:00","MHK VL","61756","73.1","2.68","0","1"
"2022/07/19 09:45:00","MHK VL","61756","70.97","2.6","0","1"
"2022/07/19 09:50:00","MHK VL","61756","70.97","2.66","0","1"
"2022/07/19 09:55:00","MHK VL","61756","72.59","2.66","0","1"
"2022/07/19 10:00:00","MHK VL","61756","77.63","3.15","8.4","1"
"2022/07/19 10:05:00","MHK VL","61756","77.81","3.16","8.41","1"
"2022/07/19 10:10:00","MHK VL","61756","86.22","3.08","0","1"
"2022/07/19 10:15:00","MHK VL","61756","86.04","2.99","0","1"
"2022/07/19 10:20:00","MHK VL","61756","86.07","3.07","0","1"
"2022/07/19 10:25:00","MHK VL","61756","86.23","3.08","0","1"
"2022/07/19 10:30:00","MHK VL","61756","85.98","2.98","0","1"
"2022/07/19 10:35:00","MHK VL","61756","85.98","2.98","0","1"
"2022/07/19 10:40:00","MHK VL","61756","86.05","2.99","0","1"
"2022/07/19 10:45:00","MHK VL","61756","85.9","2.9","0","1"
"2022/07/19 10:50:00","MHK VL","61756","85.97","2.91","0","1"
"2022/07/19 10:55:00","MHK VL","61756","86.14","2.99","0","1"
"2022/07/19 11:00:00","MHK VL","61756","86","2.91","0","1"
"2022/07/19 11:05:00","MHK VL","61756","86.09","2.91","0","1"
"2022/07/19 11:10:00","MHK VL","61756","85.76","2.74","0","1"
"2022/07/19 11:15:00","MHK VL","61756","85.45","2.65","0","1"
"2022/07/19 11:20:00","MHK VL","61756","85.61","2.73","0","1"
"2022/07/19 11:25:00","MHK VL","61756","85.57","2.73","0","1"
"2022/07/19 11:30:00","MHK VL","61756","77.38","2.73","8.04","1"
"2022/07/19 11:35:00","MHK VL","61756","77.43","2.73","8.07","1"
"2022/07/19 11:40:00","MHK VL","61756","77.36","2.73","8.06","1"
"2022/07/19 11:45:00","MHK VL","61756","77.49","2.73","8.07","1"
"2022/07/19 11:50:00","MHK VL","61756","77.49","2.73","8.08","1"
"2022/07/19 11:55:00","MHK VL","61756","77.49","2.73","8.08","1"
"2022/07/19 12:00:00","MHK VL","61756","80.15","2.91","8.34","1"
"2022/07/19 12:05:00","MHK VL","61756","82.12","2.89","8.55","1"
"2022/07/19 12:10:00","MHK VL","61756","80.72","2.85","8.54","1"
"2022/07/19 12:15:00","MHK VL","61756","80.04","2.75","8.54","1"
"2022/07/19 12:20:00","MHK VL","61756","80.21","2.67","8.54","1"
"2022/07/19 12:25:00","MHK VL","61756","80.29","2.67","8.46","1"
"2022/07/19 12:30:00","MHK VL","61756","81.23","2.7","8.54","1"
"2022/07/19 12:35:00","MHK VL","61756","86.07","2.95","8.95","1"
"2022/07/19 12:40:00","MHK VL","61756","85.14","2.91","8.83","1"
"2022/07/19 12:45:00","MHK VL","61756","86.44","2.96","8.98","1"
"2022/07/19 12:50:00","MHK VL","61756","86.45","2.96","8.96","1"
"2022/07/19 12:55:00","MHK VL","61756","90.17","3.17","9.33","1"
"2022/07/19 13:00:00","MHK VL","61756","84.94","2.91","8.86","1"
"2022/07/19 13:05:00","MHK VL","61756","86.42","3.04","8.99","1"
"2022/07/19 13:10:00","MHK VL","61756","86.58","3.04","8.83","1"
"2022/07/19 13:15:00","MHK VL","61756","86.73","3.05","8.87","1"
"2022/07/19 13:20:00","MHK VL","61756","86.98","3.06","8.92","1"
"2022/07/19 13:25:00","MHK VL","61756","88.53","3.13","9.61","1"
"2022/07/19 13:30:00","MHK VL","61756","87.1","3.06","8.8","1"
"2022/07/19 13:35:00","MHK VL","61756","89.26","3.23","8.98","1"
"2022/07/19 13:40:00","MHK VL","61756","95.99","3.06","0","1"
"2022/07/19 13:45:00","MHK VL","61756","99.41","3.08","0","1"
"2022/07/19 13:50:00","MHK VL","61756","99.77","3.18","0","1"
"2022/07/19 13:55:00","MHK VL","61756","99.86","3.1","0","1"
"2022/07/19 14:00:00","MHK VL","61756","100.78","3.21","0","1"
"2022/07/19 14:05:00","MHK VL","61756","114.48","3.77","0","1"
"2022/07/19 14:10:00","MHK VL","61756","114.7","3.77","0","1"
"2022/07/19 14:15:00","MHK VL","61756","113.03","3.82","0","1"
"2022/07/19 14:20:00","MHK VL","61756","112.93","3.72","0","1"
"2022/07/19 14:25:00","MHK VL","61756","113.03","3.82","0","1"
"2022/07/19 14:30:00","MHK VL","61756","112.41","3.7","0","1"
"2022/07/19 14:35:00","MHK VL","61756","112.3","3.69","0","1"
"2022/07/19 14:40:00","MHK VL","61756","117.37","3.86","0","1"
"2022/07/19 14:45:00","MHK VL","61756","116.82","3.84","0","1"
"2022/07/19 14:50:00","MHK VL","61756","116.22","3.93","0","1"
"2022/07/19 14:55:00","MHK VL","61756","116.6","3.84","0","1"
"2022/07/19 15:00:00","MHK VL","61756","103.92","3.42","0","1"
"2022/07/19 15:05:00","MHK VL","61756","104.4","3.43","0","1"
"2022/07/19 15:10:00","MHK VL","61756","109.1","3.59","0","1"
"2022/07/19 15:15:00","MHK VL","61756","109.11","3.59","0","1"
"2022/07/19 15:20:00","MHK VL","61756","112.93","3.72","0","1"
"2022/07/19 15:25:00","MHK VL","61756","105.38","3.75","8.58","1"
"2022/07/19 15:30:00","MHK VL","61756","108.81","3.58","0","1"
"2022/07/19 15:35:00","MHK VL","61756","113.76","3.74","0","1"
"2022/07/19 15:40:00","MHK VL","61756","115.9","3.81","0","1"
"2022/07/19 15:45:00","MHK VL","61756","502.11","14.53","-60.62","1"
"2022/07/19 15:50:00","MHK VL","61756","216.5","5.86","-43.18","1"
"2022/07/19 15:55:00","MHK VL","61756","373.87","11.61","-21.03","1"
"2022/07/19 16:00:00","MHK VL","61756","719.5","22.08","-48.25","1"
"2022/07/19 16:05:00","MHK VL","61756","713.87","21.15","-70.88","1"
"2022/07/19 16:10:00","MHK VL","61756","733.79","21.22","-88.77","1"
"2022/07/19 16:15:00","MHK VL","61756","209.86","6.01","-27.2","1"
"2022/07/19 16:20:00","MHK VL","61756","177.24","5.38","-18.03","1"
"2022/07/19 16:25:00","MHK VL","61756","210.99","6.21","-27.2","1"
"2022/07/19 16:30:00","MHK VL","61756","150.52","4.56","-15.5","1"
"2022/07/19 16:35:00","MHK VL","61756","130.76","4.12","-11.98","1"
"2022/07/19 16:40:00","MHK VL","61756","334.76","10.99","-18.03","1"
"2022/07/19 16:45:00","MHK VL","61756","143.45","4.53","-13.05","1"
"2022/07/19 16:50:00","MHK VL","61756","149.58","4.56","-14.57","1"
"2022/07/19 16:55:00","MHK VL","61756","201.73","6.37","-18.04","1"
"2022/07/19 17:00:00","MHK VL","61756","182.29","5.57","-17.58","1"
"2022/07/19 17:05:00","MHK VL","61756","140.03","4.29","-13.05","1"
"2022/07/19 17:10:00","MHK VL","61756","103.67","3.24","-7.67","1"
"2022/07/19 17:15:00","MHK VL","61756","99.51","3.03","-7.36","1"
"2022/07/19 17:20:00","MHK VL","61756","198.26","6.31","-16.5","1"
"2022/07/19 17:25:00","MHK VL","61756","710.84","22.72","-56.18","1"
"2022/07/19 17:30:00","MHK VL","61756","703.92","23.15","-55.54","1"
"2022/07/19 17:35:00","MHK VL","61756","678.42","23.63","-16.5","1"
"2022/07/19 17:40:00","MHK VL","61756","690.03","24.04","-16.5","1"
"2022/07/19 17:45:00","MHK VL","61756","663.79","23.11","-16.5","1"
"2022/07/19 17:50:00","MHK VL","61756","198.26","6.31","-16.5","1"
"2022/07/19 17:55:00","MHK VL","61756","185.26","5.86","-16.5","1"
"2022/07/19 18:00:00","MHK VL","61756","152.35","4.81","-13.72","1"
"2022/07/19 18:05:00","MHK VL","61756","151.1","4.77","-13.63","1"
"2022/07/19 18:10:00","MHK VL","61756","151.9","4.9","-14.6","1"
"2022/07/19 18:15:00","MHK VL","61756","182.86","6.05","-17.45","1"
"2022/07/19 18:20:00","MHK VL","61756","185.72","6","-17.68","1"
"2022/07/19 18:25:00","MHK VL","61756","183.83","5.94","-17.54","1"
"2022/07/19 18:30:00","MHK VL","61756","183.77","5.94","-17.52","1"
"2022/07/19 18:35:00","MHK VL","61756","183.86","5.94","-17.56","1"
"2022/07/19 18:40:00","MHK VL","61756","183.93","6.09","-17.52","1"
"2022/07/19 18:45:00","MHK VL","61756","153.77","5.09","-14.76","1"
"2022/07/19 18:50:00","MHK VL","61756","130.36","4.31","-12.63","1"
"2022/07/19 18:55:00","MHK VL","61756","128.6","4.25","-12.47","1"
"2022/07/19 19:00:00","MHK VL","61756","182.82","6.2","-17.42","1"
"2022/07/19 19:05:00","MHK VL","61756","84.47","2.92","-6.48","1"
"2022/07/19 19:10:00","MHK VL","61756","87.31","3.14","-7.54","1"
"2022/07/19 19:15:00","MHK VL","61756","104.52","3.63","-10.23","1"
"2022/07/19 19:20:00","MHK VL","61756","156.9","5.52","-16.77","1"
"2022/07/19 19:25:00","MHK VL","61756","144.26","5.07","-15.47","1"
"2022/07/19 19:30:00","MHK VL","61756","132.05","4.64","-14.26","1"
"2022/07/19 19:35:00","MHK VL","61756","127.14","4.47","-13.76","1"
"2022/07/19 19:40:00","MHK VL","61756","127.53","4.45","-14.7","1"
"2022/07/19 19:45:00","MHK VL","61756","129.9","4.53","-14.95","1"
"2022/07/19 19:50:00","MHK VL","61756","81.38","2.87","-8.57","1"
"2022/07/19 19:55:00","MHK VL","61756","84.28","2.9","-9.04","1"
"2022/07/19 20:00:00","MHK VL","61756","88.36","3.04","-9.52","1"
"2022/07/19 20:05:00","MHK VL","61756","136.24","4.52","-15.61","1"
"2022/07/19 20:10:00","MHK VL","61756","137.34","4.75","-16.81","1"
"2022/07/19 20:15:00","MHK VL","61756","133.14","4.6","-16.3","1"
"2022/07/19 20:20:00","MHK VL","61756","84.32","2.87","-9.73","1"
"2022/07/19 20:25:00","MHK VL","61756","83.95","2.86","-9.67","1"
"2022/07/19 20:30:00","MHK VL","61756","72.49","2.79","0","1"
"2022/07/19 20:35:00","MHK VL","61756","76.8","2.96","0","1"
"2022/07/19 20:40:00","MHK VL","61756","95.55","3.76","0","1"
"2022/07/19 20:45:00","MHK VL","61756","99.91","3.94","0","1"
"2022/07/19 20:50:00","MHK VL","61756","116.36","4.69","0","1"
"2022/07/19 20:55:00","MHK VL","61756","115.04","4.84","0","1"
"2022/07/19 21:00:00","MHK VL","61756","119.03","5.34","0","1"
"2022/07/19 21:05:00","MHK VL","61756","57.91","2.5","0","1"
"2022/07/19 21:10:00","MHK VL","61756","118.72","5.33","0","1"
"2022/07/19 21:15:00","MHK VL","61756","63.87","2.69","0","1"
"2022/07/19 21:20:00","MHK VL","61756","57.74","2.43","0","1"
"2022/07/19 21:25:00","MHK VL","61756","52.82","2.28","0","1"
"2022/07/19 21:30:00","MHK VL","61756","75.23","3.17","0","1"
"2022/07/19 21:35:00","MHK VL","61756","72.71","3","0","1"
"2022/07/19 21:40:00","MHK VL","61756","57.97","2.39","0","1"
"2022/07/19 21:45:00","MHK VL","61756","55.14","2.22","0","1"
"2022/07/19 21:50:00","MHK VL","61756","83.46","3.44","0","1"
"2022/07/19 21:55:00","MHK VL","61756","96.76","4.07","0","1"
"2022/07/19 22:00:00","MHK VL","61756","96.08","4.05","0","1"
"2022/07/19 22:05:00","MHK VL","61756","52.98","2.18","0","1"
"2022/07/19 22:10:00","MHK VL","61756","39.48","1.56","0","1"
"2022/07/19 22:15:00","MHK VL","61756","44.25","1.7","0","1"
"2022/07/19 22:20:00","MHK VL","61756","44.25","1.7","0","1"
"2022/07/19 22:25:00","MHK VL","61756","62.88","2.48","0","1"
"2022/07/19 22:30:00","MHK VL","61756","59.96","2.31","0","1"
"2022/07/19 22:35:00","MHK VL","61756","57.28","2.15","0","1"
"2022/07/19 22:40:00","MHK VL","61756","57.33","2.15","0","1"
"2022/07/19 22:45:00","MHK VL","61756","35.36","1.29","0","1"
"2022/07/19 22:50:00","MHK VL","61756","34.02","1.25","0","1"
"2022/07/19 22:55:00","MHK VL","61756","55.06","2.02","0","1"
"2022/07/19 23:00:00","MHK VL","61756","93.23","3.5","0","1"
"2022/07/19 23:05:00","MHK VL","61756","82.92","3.04","0","1"
"2022/07/19 23:10:00","MHK VL","61756","82.56","2.95","0","1"
"2022/07/19 23:15:00","MHK VL","61756","86.44","3.09","0","1"
"2022/07/19 23:20:00","MHK VL","61756","69.77","2.42","0","1"
"2022/07/19 23:25:00","MHK VL","61756","88.61","3.07","0","1"
"2022/07/19 23:30:00","MHK VL","61756","96.25","3.44","0","1"
"2022/07/19 23:35:00","MHK VL","61756","88.39","3.16","0","1"
"2022/07/19 23:40:00","MHK VL","61756","85.78","2.98","0","1"
"2022/07/19 23:45:00","MHK VL","61756","93.7","3.25","0","1"
"2022/07/19 23:50:00","MHK VL","61756","82.2","2.78","0","1"
"2022/07/19 23:55:00","MHK VL","61756","81.43","2.75","0","1"
"2022/07/20 00:00:00","MHK VL","61756","100.54","3.31","0","1"
"2022/07/20 00:05:00","MHK VL","61756","40.67","1.3","0","1"
"2022/07/20 00:10:00","MHK VL","61756","67.32","2.28","0","1"
"2022/07/20 00:15:00","MHK VL","61756","69.71","2.36","0","1"
"2022/07/20 00:20:00","MHK VL","61756","74.68","2.46","0","1"
"2022/07/20 00:25:00","MHK VL","61756","82.81","2.8","0","1"
"2022/07/20 00:30:00","MHK VL","61756","70.08","2.37","0","1"
"2022/07/20 00:35:00","MHK VL","61756","44.12","1.45","0","1"
"2022/07/20 00:40:00","MHK VL","61756","62.47","2.06","0","1"
"2022/07/20 00:45:00","MHK VL","61756","63.28","2.14","0","1"
"2022/07/20 00:50:00","MHK VL","61756","44.23","1.49","0","1"
"2022/07/20 00:55:00","MHK VL","61756","42.22","1.43","0","1"
"2022/07/20 01:00:00","MHK VL","61756","44.12","1.41","0","1"
"2022/07/20 01:05:00","MHK VL","61756","49.75","1.59","0","1"
"2022/07/20 01:10:00","MHK VL","61756","68.6","2.19","0","1"
"2022/07/20 01:15:00","MHK VL","61756","68.3","2.12","0","1"
"2022/07/20 01:20:00","MHK VL","61756","40.81","1.23","0","1"
"2022/07/20 01:25:00","MHK VL","61756","61.69","1.86","0","1"
"2022/07/20 01:30:00","MHK VL","61756","62.53","1.88","0","1"
"2022/07/20 01:35:00","MHK VL","61756","63.05","1.9","0","1"
"2022/07/20 01:40:00","MHK VL","61756","44","1.32","0","1"
"2022/07/20 01:45:00","MHK VL","61756","44","1.32","0","1"
"2022/07/20 01:50:00","MHK VL","61756","35.75","1.08","0","1"
"2022/07/20 01:55:00","MHK VL","61756","36.85","1.14","0","1"
"2022/07/20 02:00:00","MHK VL","61756","55.93","1.68","0","1"
"2022/07/20 02:05:00","MHK VL","61756","42.05","1.27","0","1"
"2022/07/20 02:10:00","MHK VL","61756","36.71","1.07","0","1"
"2022/07/20 02:15:00","MHK VL","61756","55.31","1.71","0","1"
"2022/07/20 02:20:00","MHK VL","61756","59.05","1.78","0","1"
"2022/07/20 02:25:00","MHK VL","61756","60.15","1.81","0","1"
"2022/07/20 02:30:00","MHK VL","61756","39.87","1.12","0","1"
"2022/07/20 02:35:00","MHK VL","61756","46.86","1.32","0","1"
"2022/07/20 02:40:00","MHK VL","61756","46.86","1.32","0","1"
"2022/07/20 02:45:00","MHK VL","61756","39.94","1.13","0","1"
"2022/07/20 02:50:00","MHK VL","61756","35.34","1.03","0","1"
"2022/07/20 02:55:00","MHK VL","61756","41.49","1.25","0","1"
"2022/07/20 03:00:00","MHK VL","61756","46.9","1.41","0","1"
"2022/07/20 03:05:00","MHK VL","61756","46.9","1.36","0","1"
"2022/07/20 03:10:00","MHK VL","61756","29.48","0.83","0","1"
"2022/07/20 03:15:00","MHK VL","61756","53.43","1.55","0","1"
"2022/07/20 03:20:00","MHK VL","61756","48.28","1.4","0","1"
"2022/07/20 03:25:00","MHK VL","61756","53.32","1.5","0","1"
"2022/07/20 03:30:00","MHK VL","61756","57.24","1.61","0","1"
"2022/07/20 03:35:00","MHK VL","61756","49.75","1.4","0","1"
"2022/07/20 03:40:00","MHK VL","61756","56.78","1.6","0","1"
"2022/07/20 03:45:00","MHK VL","61756","49.95","1.41","0","1"
"2022/07/20 03:50:00","MHK VL","61756","54.44","1.54","0","1"
"2022/07/20 03:55:00","MHK VL","61756","48.66","1.32","0","1"
"2022/07/20 04:00:00","MHK VL","61756","57.59","1.51","0","1"
"2022/07/20 04:05:00","MHK VL","61756","46.55","1.27","0","1"
"2022/07/20 04:10:00","MHK VL","61756","49.72","1.31","0","1"
"2022/07/20 04:15:00","MHK VL","61756","54.46","1.48","0","1"
"2022/07/20 04:20:00","MHK VL","61756","51.06","1.39","0","1"
"2022/07/20 04:25:00","MHK VL","61756","50.96","1.34","0","1"
"2022/07/20 04:30:00","MHK VL","61756","54.62","1.44","0","1"
"2022/07/20 04:35:00","MHK VL","61756","57.22","1.56","0","1"
"2022/07/20 04:40:00","MHK VL","61756","52.5","1.43","0","1"
"2022/07/20 04:45:00","MHK VL","61756","54.18","1.47","0","1"
"2022/07/20 04:50:00","MHK VL","61756","57.38","1.62","0","1"
"2022/07/20 04:55:00","MHK VL","61756","57.59","1.68","0","1"
"2022/07/20 05:00:00","MHK VL","61756","54.37","1.58","0","1"
"2022/07/20 05:05:00","MHK VL","61756","53.78","1.62","0","1"
"2022/07/20 05:10:00","MHK VL","61756","32.09","0.93","0","1"
"2022/07/20 05:15:00","MHK VL","61756","46.9","1.41","0","1"
"2022/07/20 05:20:00","MHK VL","61756","56.74","1.76","0","1"
"2022/07/20 05:25:00","MHK VL","61756","59.28","1.84","0","1"
"2022/07/20 05:30:00","MHK VL","61756","61.6","1.97","0","1"
"2022/07/20 05:35:00","MHK VL","61756","70.99","2.34","0","1"
"2022/07/20 05:40:00","MHK VL","61756","68.79","2.26","0","1"
"2022/07/20 05:45:00","MHK VL","61756","74.2","2.44","0","1"
"2022/07/20 05:50:00","MHK VL","61756","76.19","2.58","0","1"
"2022/07/20 05:55:00","MHK VL","61756","79.91","2.7","0","1"
"2022/07/20 06:00:00","MHK VL","61756","51.59","1.74","0","1"
"2022/07/20 06:05:00","MHK VL","61756","59.89","2.08","0","1"
"2022/07/20 06:10:00","MHK VL","61756","60.38","2.1","0","1"
"2022/07/20 06:15:00","MHK VL","61756","60.39","2.1","0","1"
"2022/07/20 06:20:00","MHK VL","61756","61.96","2.21","0","1"
"2022/07/20 06:25:00","MHK VL","61756","62.73","2.24","0","1"
"2022/07/20 06:30:00","MHK VL","61756","62.73","2.24","0","1"
"2022/07/20 06:35:00","MHK VL","61756","62.78","2.3","0","1"
"2022/07/20 06:40:00","MHK VL","61756","62.78","2.3","0","1"
"2022/07/20 06:45:00","MHK VL","61756","62.96","2.36","0","1"
"2022/07/20 06:50:00","MHK VL","61756","63.16","2.37","0","1"
"2022/07/20 06:55:00","MHK VL","61756","62.05","2.33","0","1"
"2022/07/20 07:00:00","MHK VL","61756","63.48","2.38","0","1"
"2022/07/20 07:05:00","MHK VL","61756","65.91","2.54","0","1"
"2022/07/20 07:10:00","MHK VL","61756","64.06","2.47","0","1"
"2022/07/20 07:15:00","MHK VL","61756","68.08","2.62","0","1"
"2022/07/20 07:20:00","MHK VL","61756","65.92","2.47","0","1"
"2022/07/20 07:25:00","MHK VL","61756","49.84","1.92","0","1"
"2022/07/20 07:30:00","MHK VL","61756","72.88","2.87","0","1"
"2022/07/20 07:35:00","MHK VL","61756","74.81","3.01","0","1"
"2022/07/20 07:40:00","MHK VL","61756","91.54","3.69","0","1"
"2022/07/20 07:45:00","MHK VL","61756","91.4","3.68","0","1"
"2022/07/20 07:50:00","MHK VL","61756","91.57","3.77","0","1"
"2022/07/20 07:55:00","MHK VL","61756","72.86","2.94","0","1"
"2022/07/20 08:00:00","MHK VL","61756","66.04","2.72","0","1"
"2022/07/20 08:05:00","MHK VL","61756","71.54","2.88","0","1"
"2022/07/20 08:10:00","MHK VL","61756","90.99","3.67","0","1"
"2022/07/20 08:15:00","MHK VL","61756","88.85","3.58","0","1"
"2022/07/20 08:20:00","MHK VL","61756","90.75","3.58","0","1"
"2022/07/20 08:25:00","MHK VL","61756","90.89","3.66","0","1"
"2022/07/20 08:30:00","MHK VL","61756","90.89","3.66","0","1"
"2022/07/20 08:35:00","MHK VL","61756","91.12","3.67","0","1"
"2022/07/20 08:40:00","MHK VL","61756","90.96","3.67","0","1"
"2022/07/20 08:45:00","MHK VL","61756","90.87","3.74","0","1"
"2022/07/20 08:50:00","MHK VL","61756","91.05","3.75","0","1"
"2022/07/20 08:55:00","MHK VL","61756","91.14","3.75","0","1"
"2022/07/20 09:00:00","MHK VL","61756","91.68","3.78","0","1"
"2022/07/20 09:05:00","MHK VL","61756","99.9","4.12","0","1"
"2022/07/20 09:10:00","MHK VL","61756","99.7","4.02","0","1"
"2022/07/20 09:15:00","MHK VL","61756","99.7","4.02","0","1"
"2022/07/20 09:20:00","MHK VL","61756","100.85","4.06","0","1"
"2022/07/20 09:25:00","MHK VL","61756","99.7","4.02","0","1"
"2022/07/20 09:30:00","MHK VL","61756","99.7","4.02","0","1"
"2022/07/20 09:35:00","MHK VL","61756","99.8","4.02","0","1"
"2022/07/20 09:40:00","MHK VL","61756","104.24","4.2","0","1"
"2022/07/20 09:45:00","MHK VL","61756","99.92","4.03","0","1"
"2022/07/20 09:50:00","MHK VL","61756","107.46","4.43","0","1"
"2022/07/20 09:55:00","MHK VL","61756","100.98","4.07","0","1"
"2022/07/20 10:00:00","MHK VL","61756","111.01","4.57","0","1"
"2022/07/20 10:05:00","MHK VL","61756","124.79","5.14","0","1"
"2022/07/20 10:10:00","MHK VL","61756","124.67","4.91","0","1"
"2022/07/20 10:15:00","MHK VL","61756","116.88","4.61","0","1"
"2022/07/20 10:20:00","MHK VL","61756","111.51","4.39","0","1"
"2022/07/20 10:25:00","MHK VL","61756","113.61","4.48","0","1"
"2022/07/20 10:30:00","MHK VL","61756","108.01","4.35","0","1"
"2022/07/20 10:35:00","MHK VL","61756","106.47","4.29","0","1"
"2022/07/20 10:40:00","MHK VL","61756","108.22","4.36","0","1"
"2022/07/20 10:45:00","MHK VL","61756","112.46","4.43","0","1"
"2022/07/20 10:50:00","MHK VL","61756","116.99","4.61","0","1"
"2022/07/20 10:55:00","MHK VL","61756","116.99","4.61","0","1"
"2022/07/20 11:00:00","MHK VL","61756","114.02","4.49","0","1"
"2022/07/20 11:05:00","MHK VL","61756","134.06","5.28","0","1"
"2022/07/20 11:10:00","MHK VL","61756","130.46","5.14","0","1"
"2022/07/20 11:15:00","MHK VL","61756","127.08","5.01","0","1"
"2022/07/20 11:20:00","MHK VL","61756","124.67","4.91","0","1"
"2022/07/20 11:25:00","MHK VL","61756","120.34","4.74","0","1"
"2022/07/20 11:30:00","MHK VL","61756","127.32","5.02","0","1"
"2022/07/20 11:35:00","MHK VL","61756","138.85","5.35","0","1"
"2022/07/20 11:40:00","MHK VL","61756","134.11","5.28","0","1"
"2022/07/20 11:45:00","MHK VL","61756","130.28","5.02","0","1"
"2022/07/20 11:50:00","MHK VL","61756","127.31","4.9","0","1"
"2022/07/20 11:55:00","MHK VL","61756","124.67","4.91","0","1"
"2022/07/20 12:00:00","MHK VL","61756","150.12","5.91","0","1"
"2022/07/20 12:05:00","MHK VL","61756","154.87","6.1","0","1"
"2022/07/20 12:10:00","MHK VL","61756","144.98","5.58","0","1"
"2022/07/20 12:15:00","MHK VL","61756","138.39","5.19","0","1"
"2022/07/20 12:20:00","MHK VL","61756","130.15","4.88","0","1"
"2022/07/20 12:25:00","MHK VL","61756","132.51","5.1","0","1"
"2022/07/20 12:30:00","MHK VL","61756","167.91","6.46","0","1"
"2022/07/20 12:35:00","MHK VL","61756","235.2","9.06","0","1"
"2022/07/20 12:38:01","MHK VL","61756","173.2","6.5","0","1"
"2022/07/20 12:40:00","MHK VL","61756","234.31","8.79","0","1"
"2022/07/20 12:40:13","MHK VL","61756","234.31","8.79","0","1"
"2022/07/20 12:45:00","MHK VL","61756","196.85","7.58","0","1"
"2022/07/20 12:50:00","MHK VL","61756","196.85","7.58","0","1"
"2022/07/20 12:55:00","MHK VL","61756","235.56","8.79","-1.23","1"
"2022/07/20 13:00:00","MHK VL","61756","154.42","5.51","0","1"
"2022/07/20 13:05:00","MHK VL","61756","128.5","4.59","0","1"
"2022/07/20 13:10:00","MHK VL","61756","162.6","5.95","0","1"
"2022/07/20 13:15:00","MHK VL","61756","166","6.06","-0.51","1"
"2022/07/20 13:20:00","MHK VL","61756","139.37","4.98","0","1"
"2022/07/20 13:25:00","MHK VL","61756","113.12","4.04","0","1"
"2022/07/20 13:30:00","MHK VL","61756","166.63","6.1","-0.07","1"
"2022/07/20 13:35:00","MHK VL","61756","154.56","5.66","0","1"
"2022/07/20 13:40:00","MHK VL","61756","128.12","4.69","0","1"
"2022/07/20 13:45:00","MHK VL","61756","147.41","5.4","0","1"
"2022/07/20 13:50:00","MHK VL","61756","98.43","3.51","0","1"
"2022/07/20 13:55:00","MHK VL","61756","77.29","2.76","0","1"
"2022/07/20 14:00:00","MHK VL","61756","98.14","3.41","0","1"
"2022/07/20 14:05:00","MHK VL","61756","168.29","6","-0.15","1"
"2022/07/20 14:10:00","MHK VL","61756","165","6.04","0","1"
"2022/07/20 14:15:00","MHK VL","61756","156.11","5.66","-1.56","1"
"2022/07/20 14:20:00","MHK VL","61756","88.28","2.01","-32.12","1"
"2022/07/20 14:25:00","MHK VL","61756","90.47","2.81","-11.88","1"
"2022/07/20 14:30:00","MHK VL","61756","116.79","4.01","-4.55","1"
"2022/07/20 14:35:00","MHK VL","61756","154.39","5.79","0","1"
"2022/07/20 14:40:00","MHK VL","61756","166.98","6.09","-0.58","1"
"2022/07/20 14:45:00","MHK VL","61756","167.29","6.25","-0.58","1"
"2022/07/20 14:50:00","MHK VL","61756","168.25","6.04","-3.21","1"
"2022/07/20 14:55:00","MHK VL","61756","162.98","5.84","-3.52","1"
"2022/07/20 15:00:00","MHK VL","61756","174.99","6.43","-3.58","2"
"2022/07/20 15:05:00","MHK VL","61756","174.99","6.43","-3.58","2"
"2022/07/20 15:10:00","MHK VL","61756","174.99","6.43","-3.58","2"
"2022/07/20 15:15:00","MHK VL","61756","174.99","6.43","-3.58","2"
"2022/07/20 15:20:00","MHK VL","61756","174.99","6.43","-3.58","2"
"2022/07/20 15:25:00","MHK VL","61756","174.99","6.43","-3.58","2"
"2022/07/20 15:30:00","MHK VL","61756","160.39","5.78","-6.14","2"
"2022/07/20 15:35:00","MHK VL","61756","160.39","5.78","-6.14","2"
"2022/07/20 15:40:00","MHK VL","61756","160.39","5.78","-6.14","2"
"2022/07/20 15:45:00","MHK VL","61756","160.39","5.78","-6.14","2"
"2022/07/20 15:50:00","MHK VL","61756","160.39","5.78","-6.14","2"
"2022/07/20 15:55:00","MHK VL","61756","160.39","5.78","-6.14","2"
"2022/07/20 16:00:00","MHK VL","61756","158.85","5.91","-1.16","1"
"2022/07/20 16:05:00","MHK VL","61756","138.57","4.94","-3.53","1"
"2022/07/20 16:10:00","MHK VL","61756","504.33","18.91","0","1"
"2022/07/20 16:15:00","MHK VL","61756","109.8","3.67","-12.02","1"
"2022/07/20 16:20:00","MHK VL","61756","126.79","4.52","-6.3","1"
"2022/07/20 16:25:00","MHK VL","61756","164.84","5.01","-28.04","1"
"2022/07/20 16:30:00","MHK VL","61756","94.65","3.02","-12.02","1"
"2022/07/20 16:35:00","MHK VL","61756","102.09","3.61","-3.58","1"
"2022/07/20 16:40:00","MHK VL","61756","116.64","4.22","-1.46","1"
"2022/07/20 16:45:00","MHK VL","61756","141.05","5.16","0","1"
"2022/07/20 16:50:00","MHK VL","61756","119.7","4.01","-7.34","1"
"2022/07/20 16:55:00","MHK VL","61756","104.82","3.48","-9.85","1"
"2022/07/20 17:00:00","MHK VL","61756","369.32","13.84","-0.18","1"
"2022/07/20 17:05:00","MHK VL","61756","144.56","5.29","-3.58","1"
"2022/07/20 17:10:00","MHK VL","61756","284.6","10.96","0","1"
"2022/07/20 17:15:00","MHK VL","61756","652.83","24.48","0","1"
"2022/07/20 17:20:00","MHK VL","61756","652.84","24.48","0","1"
"2022/07/20 17:25:00","MHK VL","61756","657.88","25.33","0","1"
"2022/07/20 17:30:00","MHK VL","61756","653.14","25.15","0","1"
"2022/07/20 17:35:00","MHK VL","61756","137.16","5.28","0","1"
"2022/07/20 17:40:00","MHK VL","61756","376.07","14.48","0","1"
"2022/07/20 17:45:00","MHK VL","61756","394.07","14.78","0","1"
"2022/07/20 17:50:00","MHK VL","61756","160.63","6.02","0","1"
"2022/07/20 17:55:00","MHK VL","61756","110.9","4.27","0","1"
"2022/07/20 18:00:00","MHK VL","61756","50.81","1.91","0","1"
"2022/07/20 18:05:00","MHK VL","61756","47.45","1.74","0","1"
"2022/07/20 18:10:00","MHK VL","61756","49.05","1.84","0","1"
"2022/07/20 18:15:00","MHK VL","61756","-10.05","-0.38","0","1"
"2022/07/20 18:20:00","MHK VL","61756","3.15","0.12","0","1"
"2022/07/20 18:25:00","MHK VL","61756","47.88","1.84","0","1"
"2022/07/20 18:30:00","MHK VL","61756","13.16","0.51","0","1"
"2022/07/20 18:35:00","MHK VL","61756","8.61","0.33","0","1"
"2022/07/20 18:40:00","MHK VL","61756","3.14","0.12","0","1"
"2022/07/20 18:45:00","MHK VL","61756","3.15","0.12","0","1"
"2022/07/20 18:50:00","MHK VL","61756","3.16","0.12","0","1"
"2022/07/20 18:55:00","MHK VL","61756","3.15","0.12","0","1"
"2022/07/20 19:00:00","MHK VL","61756","576.85","22.21","0","1"
"2022/07/20 19:05:00","MHK VL","61756","37.88","1.42","0","1"
"2022/07/20 19:07:39","MHK VL","61756","64.63","2.05","-13.84","1"
"2022/07/20 19:10:00","MHK VL","61756","620.6","22.8","-41.82","1"
"2022/07/20 19:10:21","MHK VL","61756","620.6","22.8","-41.82","1"
"2022/07/20 19:15:00","MHK VL","61756","615.56","22.75","-38.23","1"
"2022/07/20 19:20:00","MHK VL","61756","615.56","22.75","-38.23","1"
"2022/07/20 19:25:00","MHK VL","61756","600.15","22.07","-40.05","1"
"2022/07/20 19:30:00","MHK VL","61756","599.13","21.57","-38.93","1"
"2022/07/20 19:35:00","MHK VL","61756","620.62","22.28","-41.82","1"
"2022/07/20 19:40:00","MHK VL","61756","600.8","21.57","-40.67","1"
"2022/07/20 19:45:00","MHK VL","61756","35.1","-0.25","-41.82","1"
"2022/07/20 19:50:00","MHK VL","61756","-4.33","-1.78","-41.82","1"
"2022/07/20 19:55:00","MHK VL","61756","10.23","-1.23","-41.56","1"
"2022/07/20 20:00:00","MHK VL","61756","35.5","-0.06","-36.87","1"
"2022/07/20 20:05:00","MHK VL","61756","35.37","-0.19","-39.71","1"
"2022/07/20 20:10:00","MHK VL","61756","34.63","-0.22","-39.76","1"
"2022/07/20 20:15:00","MHK VL","61756","27.03","-0.4","-37.06","1"
"2022/07/20 20:20:00","MHK VL","61756","34.5","-0.31","-41.81","1"
"2022/07/20 20:25:00","MHK VL","61756","34.48","-0.32","-41.81","1"
"2022/07/20 20:30:00","MHK VL","61756","34.45","-0.32","-41.81","1"
"2022/07/20 20:35:00","MHK VL","61756","34.42","-0.32","-41.81","1"
"2022/07/20 20:40:00","MHK VL","61756","34.45","-0.32","-41.81","1"
"2022/07/20 20:45:00","MHK VL","61756","34.49","-0.32","-41.81","1"
"2022/07/20 20:50:00","MHK VL","61756","35.39","0.26","-29.32","1"
"2022/07/20 20:55:00","MHK VL","61756","35.79","0.48","-24.69","1"
"2022/07/20 21:00:00","MHK VL","61756","35.19","-0.29","-41.81","1"
"2022/07/20 21:05:00","MHK VL","61756","36.74","0.86","-16.26","1"
"2022/07/20 21:10:00","MHK VL","61756","60.9","2.07","-11.82","1"
"2022/07/20 21:15:00","MHK VL","61756","35.71","0.61","-20.97","1"
"2022/07/20 21:20:00","MHK VL","61756","52.26","1.67","-11.82","1"
"2022/07/20 21:25:00","MHK VL","61756","42.06","1.1","-15.25","1"
"2022/07/20 21:30:00","MHK VL","61756","34.97","0.31","-27.31","1"
"2022/07/20 21:35:00","MHK VL","61756","-15","-2.28","-40.23","1"
"2022/07/20 21:40:00","MHK VL","61756","33.59","-0.02","-34.09","1"
"2022/07/20 21:45:00","MHK VL","61756","34.94","0.54","-21.51","1"
"2022/07/20 21:50:00","MHK VL","61756","36.4","1.04","-10.51","1"
"2022/07/20 21:55:00","MHK VL","61756","28.02","0.65","-11.82","1"
"2022/07/20 22:00:00","MHK VL","61756","59.85","2.04","-10.26","1"
"2022/07/20 22:05:00","MHK VL","61756","58.31","1.99","-9.99","1"
"2022/07/20 22:10:00","MHK VL","61756","42.64","1.76","0","1"
"2022/07/20 22:15:00","MHK VL","61756","25.97","1.05","0","1"
"2022/07/20 22:20:00","MHK VL","61756","21.21","0.84","0","1"
"2022/07/20 22:25:00","MHK VL","61756","25.98","1.02","0","1"
"2022/07/20 22:30:00","MHK VL","61756","30.43","1.2","0","1"
"2022/07/20 22:35:00","MHK VL","61756","32.61","1.26","0","1"
"2022/07/20 22:40:00","MHK VL","61756","32.82","1.29","0","1"
"2022/07/20 22:45:00","MHK VL","61756","32.99","1.3","0","1"
"2022/07/20 22:50:00","MHK VL","61756","23.86","0.89","0","1"
"2022/07/20 22:55:00","MHK VL","61756","25.57","0.98","0","1"
"2022/07/20 23:00:00","MHK VL","61756","51.16","2.02","0","1"
"2022/07/20 23:05:00","MHK VL","61756","49.45","1.85","0","1"
"2022/07/20 23:10:00","MHK VL","61756","97.82","3.67","0","1"
"2022/07/20 23:15:00","MHK VL","61756","42.76","1.56","0","1"
"2022/07/20 23:20:00","MHK VL","61756","17.62","0.63","0","1"
"2022/07/20 23:25:00","MHK VL","61756","22.36","0.8","0","1"
"2022/07/20 23:30:00","MHK VL","61756","28.63","1.02","0","1"
"2022/07/20 23:35:00","MHK VL","61756","37.84","1.35","0","1"
"2022/07/20 23:40:00","MHK VL","61756","38.15","1.32","0","1"
"2022/07/20 23:45:00","MHK VL","61756","37.77","1.28","0","1"
"2022/07/20 23:50:00","MHK VL","61756","45.2","1.57","0","1"
"2022/07/20 23:55:00","MHK VL","61756","70.23","2.44","0","1"
"2022/07/21 00:00:00","MHK VL","61756","44.08","1.45","0","1"
"2022/07/21 00:02:51","MHK VL","61756","7.55","0.24","0","1"
"2022/07/21 00:05:00","MHK VL","61756","27.46","0.93","0","1"
"2022/07/21 00:08:45","MHK VL","61756","27.46","0.93","0","1"
"2022/07/21 00:10:00","MHK VL","61756","28.97","0.98","0","1"
"2022/07/21 00:15:00","MHK VL","61756","28.97","0.98","0","1"
"2022/07/21 00:20:00","MHK VL","61756","30.45","1","0","1"
"2022/07/21 00:25:00","MHK VL","61756","21.23","0.72","0","1"
"2022/07/21 00:30:00","MHK VL","61756","22.31","0.75","0","1"
"2022/07/21 00:35:00","MHK VL","61756","41.21","1.39","0","1"
"2022/07/21 00:40:00","MHK VL","61756","41.31","1.4","0","1"
"2022/07/21 00:45:00","MHK VL","61756","19.1","0.61","0","1"
"2022/07/21 00:50:00","MHK VL","61756","41.01","1.31","0","1"
"2022/07/21 00:55:00","MHK VL","61756","40.92","1.31","0","1"
"2022/07/21 01:00:00","MHK VL","61756","26.41","0.84","0","1"
"2022/07/21 01:05:00","MHK VL","61756","18.88","0.59","0","1"
"2022/07/21 01:10:00","MHK VL","61756","17.32","0.52","0","1"
"2022/07/21 01:15:00","MHK VL","61756","18.92","0.57","0","1"
"2022/07/21 01:20:00","MHK VL","61756","18.89","0.57","0","1"
"2022/07/21 01:25:00","MHK VL","61756","18.82","0.57","0","1"
"2022/07/21 01:30:00","MHK VL","61756","40.82","1.27","0","1"
"2022/07/21 01:35:00","MHK VL","61756","65.14","1.96","0","1"
"2022/07/21 01:40:00","MHK VL","61756","52.69","1.63","0","1"
"2022/07/21 01:45:00","MHK VL","61756","46.95","1.41","0","1"
"2022/07/21 01:50:00","MHK VL","61756","36.73","1.11","0","1"
"2022/07/21 01:55:00","MHK VL","61756","45.03","1.4","0","1"
"2022/07/21 02:00:00","MHK VL","61756","23.17","0.7","0","1"
"2022/07/21 02:05:00","MHK VL","61756","17.48","0.51","0","1"
"2022/07/21 02:10:00","MHK VL","61756","40.9","1.23","0","1"
"2022/07/21 02:15:00","MHK VL","61756","38.5","1.12","0","1"
"2022/07/21 02:20:00","MHK VL","61756","34.87","1.05","0","1"
"2022/07/21 02:25:00","MHK VL","61756","35.31","1.03","0","1"
"2022/07/21 02:30:00","MHK VL","61756","35.26","0.99","0","1"
"2022/07/21 02:35:00","MHK VL","61756","36.48","1.03","0","1"
"2022/07/21 02:40:00","MHK VL","61756","44","1.24","0","1"
"2022/07/21 02:45:00","MHK VL","61756","78.2","2.28","0","1"
"2022/07/21 02:50:00","MHK VL","61756","85.21","2.48","0","1"
"2022/07/21 02:55:00","MHK VL","61756","77.18","2.25","0","1"
"2022/07/21 03:00:00","MHK VL","61756","49.74","1.45","0","1"
"2022/07/21 03:05:00","MHK VL","61756","40.58","1.14","0","1"
"2022/07/21 03:10:00","MHK VL","61756","38.91","1.1","0","1"
"2022/07/21 03:15:00","MHK VL","61756","44.04","1.28","0","1"
"2022/07/21 03:20:00","MHK VL","61756","38.11","1.07","0","1"
"2022/07/21 03:25:00","MHK VL","61756","37.71","1.06","0","1"
"2022/07/21 03:30:00","MHK VL","61756","37.57","1.09","0","1"
"2022/07/21 03:35:00","MHK VL","61756","35.44","1.07","0","1"
"2022/07/21 03:40:00","MHK VL","61756","36.47","1.06","0","1"
"2022/07/21 03:45:00","MHK VL","61756","36.56","1.06","0","1"
"2022/07/21 03:50:00","MHK VL","61756","37.99","1.11","0","1"
"2022/07/21 03:55:00","MHK VL","61756","37.61","1.09","0","1"
"2022/07/21 04:00:00","MHK VL","61756","37.46","1.09","0","1"
"2022/07/21 04:05:00","MHK VL","61756","34.82","1.05","0","1"
"2022/07/21 04:10:00","MHK VL","61756","35.85","1.04","0","1"
"2022/07/21 04:15:00","MHK VL","61756","34.74","1.01","0","1"
"2022/07/21 04:20:00","MHK VL","61756","35.1","0.99","0","1"
"2022/07/21 04:25:00","MHK VL","61756","35.65","1.01","0","1"
"2022/07/21 04:30:00","MHK VL","61756","35.11","0.99","0","1"
"2022/07/21 04:35:00","MHK VL","61756","35.76","1.01","0","1"
"2022/07/21 04:40:00","MHK VL","61756","36.36","1.03","0","1"
"2022/07/21 04:45:00","MHK VL","61756","34.02","0.99","0","1"
"2022/07/21 04:50:00","MHK VL","61756","34.77","1.01","0","1"
"2022/07/21 04:55:00","MHK VL","61756","44.04","1.33","0","1"
"2022/07/21 05:00:00","MHK VL","61756","44","1.32","0","1"
"2022/07/21 05:05:00","MHK VL","61756","46.94","1.46","0","1"
"2022/07/21 05:10:00","MHK VL","61756","34.83","1.08","0","1"
"2022/07/21 05:15:00","MHK VL","61756","44.08","1.41","0","1"
"2022/07/21 05:20:00","MHK VL","61756","38.73","1.24","0","1"
"2022/07/21 05:25:00","MHK VL","61756","38.43","1.26","0","1"
"2022/07/21 05:30:00","MHK VL","61756","44.12","1.49","0","1"
"2022/07/21 05:35:00","MHK VL","61756","86.96","2.94","0","1"
"2022/07/21 05:40:00","MHK VL","61756","55.72","1.83","0","1"
"2022/07/21 05:45:00","MHK VL","61756","38.25","1.22","0","1"
"2022/07/21 05:50:00","MHK VL","61756","38.97","1.28","0","1"
"2022/07/21 05:55:00","MHK VL","61756","44.16","1.49","0","1"
"2022/07/21 06:00:00","MHK VL","61756","27.51","0.95","0","1"
"2022/07/21 06:05:00","MHK VL","61756","13.67","0.47","0","1"
"2022/07/21 06:10:00","MHK VL","61756","12.44","0.43","0","1"
"2022/07/21 06:15:00","MHK VL","61756","13.44","0.48","0","1"
"2022/07/21 06:20:00","MHK VL","61756","38.09","1.32","0","1"
"2022/07/21 06:25:00","MHK VL","61756","14.91","0.5","0","1"
"2022/07/21 06:30:00","MHK VL","61756","14.93","0.5","0","1"
"2022/07/21 06:35:00","MHK VL","61756","13.64","0.47","0","1"
"2022/07/21 06:40:00","MHK VL","61756","26.37","0.92","0","1"
"2022/07/21 06:45:00","MHK VL","61756","26.18","0.91","0","1"
"2022/07/21 06:50:00","MHK VL","61756","16.57","0.59","0","1"
"2022/07/21 06:55:00","MHK VL","61756","36.05","1.32","0","1"
"2022/07/21 07:00:00","MHK VL","61756","26.59","1","0","1"
"2022/07/21 07:05:00","MHK VL","61756","36.05","1.39","0","1"
"2022/07/21 07:10:00","MHK VL","61756","44.33","1.71","0","1"
"2022/07/21 07:15:00","MHK VL","61756","38.97","1.5","0","1"
"2022/07/21 07:20:00","MHK VL","61756","103.51","3.99","0","1"
"2022/07/21 07:25:00","MHK VL","61756","26.09","1","0","1"
"2022/07/21 07:27:37","MHK VL","61756","37.09","1.43","0","1"
"2022/07/21 07:28:55","MHK VL","61756","44.33","1.79","0","1"
"2022/07/21 07:30:00","MHK VL","61756","43.57","1.8","0","1"
"2022/07/21 07:35:00","MHK VL","61756","43.57","1.8","0","1"
"2022/07/21 07:40:00","MHK VL","61756","35.4","1.43","0","1"
"2022/07/21 07:45:00","MHK VL","61756","35.9","1.48","0","1"
"2022/07/21 07:50:00","MHK VL","61756","105.1","4.33","0","1"
"2022/07/21 07:55:00","MHK VL","61756","54.99","2.17","0","1"
"2022/07/21 08:00:00","MHK VL","61756","18.2","0.7","0","1"
"2022/07/21 08:05:00","MHK VL","61756","25.24","0.97","0","1"
"2022/07/21 08:10:00","MHK VL","61756","31.39","1.21","0","1"
"2022/07/21 08:15:00","MHK VL","61756","51.3","2.02","0","1"
"2022/07/21 08:20:00","MHK VL","61756","81.04","3.27","0","1"
"2022/07/21 08:25:00","MHK VL","61756","81.09","3.27","0","1"
"2022/07/21 08:30:00","MHK VL","61756","51.56","2.03","0","1"
"2022/07/21 08:35:00","MHK VL","61756","67.25","2.65","0","1"
"2022/07/21 08:40:00","MHK VL","61756","58.72","2.37","0","1"
"2022/07/21 08:45:00","MHK VL","61756","48.73","1.96","0","1"
"2022/07/21 08:50:00","MHK VL","61756","46.9","1.89","0","1"
"2022/07/21 08:55:00","MHK VL","61756","46.87","1.93","0","1"
"2022/07/21 09:00:00","MHK VL","61756","68.42","2.76","0","1"
"2022/07/21 09:05:00","MHK VL","61756","116.56","4.8","0","1"
"2022/07/21 09:10:00","MHK VL","61756","110.75","4.36","0","1"
"2022/07/21 09:15:00","MHK VL","61756","84.4","3.25","0","1"
"2022/07/21 09:20:00","MHK VL","61756","47.26","1.82","0","1"
"2022/07/21 09:25:00","MHK VL","61756","63.15","2.49","0","1"
"2022/07/21 09:30:00","MHK VL","61756","61.88","2.38","0","1"
"2022/07/21 09:35:00","MHK VL","61756","64.15","2.53","0","1"
"2022/07/21 09:40:00","MHK VL","61756","68.45","2.64","0","1"
"2022/07/21 09:45:00","MHK VL","61756","111.9","4.41","0","1"
"2022/07/21 09:50:00","MHK VL","61756","113.12","4.46","0","1"
"2022/07/21 09:55:00","MHK VL","61756","116.52","4.49","0","1"
"2022/07/21 10:00:00","MHK VL","61756","78.18","3.01","0","1"
"2022/07/21 10:05:00","MHK VL","61756","58.45","2.25","0","1"
"2022/07/21 10:10:00","MHK VL","61756","70.48","2.19","-12.15","1"
"2022/07/21 10:15:00","MHK VL","61756","60.62","1.93","-10.6","1"
"2022/07/21 10:20:00","MHK VL","61756","83.14","3.05","-5.69","1"
"2022/07/21 10:25:00","MHK VL","61756","75.33","2.43","-12.15","1"
"2022/07/21 10:30:00","MHK VL","61756","75.12","2.42","-12.15","1"
"2022/07/21 10:35:00","MHK VL","61756","81.78","2.55","-13.77","1"
"2022/07/21 10:40:00","MHK VL","61756","77.98","2.43","-13.18","1"
"2022/07/21 10:45:00","MHK VL","61756","79.6","2.6","-12.15","1"
"2022/07/21 10:50:00","MHK VL","61756","97.41","3.4","-9.23","1"
"2022/07/21 10:55:00","MHK VL","61756","92.2","3.15","-12.15","1"
"2022/07/21 11:00:00","MHK VL","61756","79.42","2.59","-12.15","1"
"2022/07/21 11:05:00","MHK VL","61756","78.44","2.61","-12.15","1"
"2022/07/21 11:10:00","MHK VL","61756","76.39","2.45","-12.64","1"
"2022/07/21 11:15:00","MHK VL","61756","80.96","2.65","-12.15","1"
"2022/07/21 11:20:00","MHK VL","61756","75.87","2.35","-14.77","1"
"2022/07/21 11:25:00","MHK VL","61756","66.68","1.88","-16.55","1"
"2022/07/21 11:30:00","MHK VL","61756","72.04","2.3","-12.34","1"
"2022/07/21 11:35:00","MHK VL","61756","61.08","1.62","-18.89","1"
"2022/07/21 11:40:00","MHK VL","61756","65.48","1.82","-17.02","1"
"2022/07/21 11:45:00","MHK VL","61756","66.59","1.88","-17.88","1"
"2022/07/21 11:50:00","MHK VL","61756","66.77","1.86","-18.36","1"
"2022/07/21 11:55:00","MHK VL","61756","75.84","2.3","-16.15","1"
"2022/07/21 11:57:33","MHK VL","61756","83.31","2.66","-14.26","1"
"2022/07/21 12:00:00","MHK VL","61756","62.85","1.3","-29.18","1"
"2022/07/21 12:00:21","MHK VL","61756","62.85","1.3","-29.18","1"
"2022/07/21 12:05:00","MHK VL","61756","66.82","1","-41.35","1"
"2022/07/21 12:07:45","MHK VL","61756","66.82","1","-41.35","1"
"2022/07/21 12:10:00","MHK VL","61756","46.66","0.2","-41.38","1"
"2022/07/21 12:15:00","MHK VL","61756","46.66","0.2","-41.38","1"
"2022/07/21 12:20:00","MHK VL","61756","22.95","-0.71","-41.38","1"
"2022/07/21 12:22:45","MHK VL","61756","53.28","0.68","-36.44","1"
"2022/07/21 12:24:27","MHK VL","61756","74.67","1.72","-32.99","1"
"2022/07/21 12:25:00","MHK VL","61756","103.06","2.54","-41.38","1"
"2022/07/21 12:30:00","MHK VL","61756","103.06","2.54","-41.38","1"
"2022/07/21 12:30:39","MHK VL","61756","103.06","2.54","-41.38","1"
"2022/07/21 12:35:00","MHK VL","61756","96.49","2.12","-41.38","1"
"2022/07/21 12:40:00","MHK VL","61756","96.49","2.12","-41.38","1"
"2022/07/21 12:45:00","MHK VL","61756","95.8","2.14","-41.38","1"
"2022/07/21 12:50:00","MHK VL","61756","115.69","3.52","-26.25","1"
"2022/07/21 12:55:00","MHK VL","61756","140.2","4.75","-22.35","1"
"2022/07/21 13:00:00","MHK VL","61756","-7.52","-0.42","-3.16","1"
"2022/07/21 13:05:00","MHK VL","61756","44.44","1.2","-14.55","1"
"2022/07/21 13:10:00","MHK VL","61756","47.66","0.71","-29.22","1"
"2022/07/21 13:15:00","MHK VL","61756","62.75","1.34","-28.63","1"
"2022/07/21 13:20:00","MHK VL","61756","28.27","0","-28.35","1"
"2022/07/21 13:25:00","MHK VL","61756","45.13","0.18","-40.4","1"
"2022/07/21 13:30:00","MHK VL","61756","7.44","-0.26","-14.28","1"
"2022/07/21 13:30:15","MHK VL","61756","5.05","-0.17","-9.58","1"
"2022/07/21 13:31:33","MHK VL","61756","-3.38","-0.24","-2.89","1"
"2022/07/21 13:35:00","MHK VL","61756","5.89","0.13","-2.44","1"
"2022/07/21 13:40:00","MHK VL","61756","5.89","0.13","-2.44","1"
"2022/07/21 13:42:21","MHK VL","61756","25.13","0.49","-12.04","1"
"2022/07/21 13:43:45","MHK VL","61756","27.78","0.49","-14.82","1"
"2022/07/21 13:45:00","MHK VL","61756","23.53","0.42","-12.04","1"
"2022/07/21 13:50:00","MHK VL","61756","23.53","0.42","-12.04","1"
"2022/07/21 13:55:00","MHK VL","61756","23.42","0.33","-14.39","1"
"2022/07/21 14:00:00","MHK VL","61756","24.43","0.04","-23.36","1"
"2022/07/21 14:05:00","MHK VL","61756","85.58","2.55","-14.19","1"
"2022/07/21 14:10:00","MHK VL","61756","75.73","2.33","-12.18","1"
"2022/07/21 14:15:00","MHK VL","61756","148.57","5.23","-2.12","1"
"2022/07/21 14:20:00","MHK VL","61756","194.29","6.62","-3.45","1"
"2022/07/21 14:25:00","MHK VL","61756","191.82","6.54","-3.48","1"
"2022/07/21 14:30:00","MHK VL","61756","110.05","3.82","0","1"
"2022/07/21 14:35:00","MHK VL","61756","116.92","4.17","0","1"
"2022/07/21 14:40:00","MHK VL","61756","109.19","3.9","0","1"
"2022/07/21 14:45:00","MHK VL","61756","103.24","3.58","0","1"
"2022/07/21 14:50:00","MHK VL","61756","93.74","3.13","-3.63","1"
"2022/07/21 14:55:00","MHK VL","61756","79.33","2.53","-4.38","1"
"2022/07/21 15:00:00","MHK VL","61756","50.16","1.08","-17.48","1"
"2022/07/21 15:05:00","MHK VL","61756","36.45","0.76","-13.41","1"
"2022/07/21 15:10:00","MHK VL","61756","36.59","0.8","-11.66","1"
"2022/07/21 15:15:00","MHK VL","61756","38.56","0.97","-8.95","1"
"2022/07/21 15:20:00","MHK VL","61756","39.09","1.09","-5.99","1"
"2022/07/21 15:25:00","MHK VL","61756","36.77","0.91","-9.99","1"
"2022/07/21 15:30:00","MHK VL","61756","36.47","0.81","-12.41","1"
"2022/07/21 15:35:00","MHK VL","61756","36.48","0.79","-13.07","1"
"2022/07/21 15:40:00","MHK VL","61756","35.74","-0.22","-42.25","1"
"2022/07/21 15:45:00","MHK VL","61756","51.35","1.04","-21.47","1"
"2022/07/21 15:50:00","MHK VL","61756","61.09","1.42","-20.29","1"
"2022/07/21 15:55:00","MHK VL","61756","64.75","1.43","-21.17","1"
"2022/07/21 16:00:00","MHK VL","61756","57.71","1.45","-13.66","1"
"2022/07/21 16:05:00","MHK VL","61756","60.44","1.63","-10.86","1"
"2022/07/21 16:10:00","MHK VL","61756","59.32","1.67","-11.29","1"
"2022/07/21 16:15:00","MHK VL","61756","53.96","1.43","-12.64","1"
"2022/07/21 16:20:00","MHK VL","61756","60.58","1.67","-12.46","1"
"2022/07/21 16:25:00","MHK VL","61756","60.76","1.72","-12.64","1"
"2022/07/21 16:30:00","MHK VL","61756","61.1","1.55","-17.64","1"
"2022/07/21 16:35:00","MHK VL","61756","58.86","1.36","-20.75","1"
"2022/07/21 16:40:00","MHK VL","61756","64.92","1.67","-18.23","1"
"2022/07/21 16:45:00","MHK VL","61756","65.54","1.78","-15.66","1"
"2022/07/21 16:50:00","MHK VL","61756","70.05","2","-14.04","1"
"2022/07/21 16:55:00","MHK VL","61756","76.9","2.32","-13.43","1"
"2022/07/21 17:00:00","MHK VL","61756","71.4","2.15","-12.64","1"
"2022/07/21 17:05:00","MHK VL","61756","69.31","2.02","-12.64","1"
"2022/07/21 17:10:00","MHK VL","61756","71.13","2.12","-13.33","1"
"2022/07/21 17:15:00","MHK VL","61756","76.09","2.27","-14.09","1"
"2022/07/21 17:20:00","MHK VL","61756","88.17","2.5","-21.57","1"
"2022/07/21 17:25:00","MHK VL","61756","78.31","2.39","-14.46","1"
"2022/07/21 17:30:00","MHK VL","61756","78.67","2.41","-14.51","1"
"2022/07/21 17:35:00","MHK VL","61756","77.98","2.12","-21.38","1"
"2022/07/21 17:40:00","MHK VL","61756","76.47","2.04","-22.04","1"
"2022/07/21 17:45:00","MHK VL","61756","71.24","1.91","-20.3","1"
"2022/07/21 17:50:00","MHK VL","61756","72.15","1.89","-21.72","1"
"2022/07/21 17:55:00","MHK VL","61756","76.01","2.06","-21.09","1"
"2022/07/21 18:00:00","MHK VL","61756","67.89","1.77","-19.52","1"
"2022/07/21 18:05:00","MHK VL","61756","67.4","2.05","-12.66","1"
"2022/07/21 18:10:00","MHK VL","61756","76.59","2.52","-11.12","1"
"2022/07/21 18:15:00","MHK VL","61756","71.37","2.24","-13.31","1"
"2022/07/21 18:20:00","MHK VL","61756","70.4","2.19","-13.51","1"
"2022/07/21 18:25:00","MHK VL","61756","72.32","2.26","-13.51","1"
"2022/07/21 18:30:00","MHK VL","61756","72.8","2.34","-13.51","1"
"2022/07/21 18:35:00","MHK VL","61756","75.28","2.43","-13.51","1"
"2022/07/21 18:40:00","MHK VL","61756","78.12","2.45","-14.42","1"
"2022/07/21 18:45:00","MHK VL","61756","72.75","2.28","-13.51","1"
"2022/07/21 18:50:00","MHK VL","61756","72.75","2.28","-13.51","1"
"2022/07/21 18:55:00","MHK VL","61756","71.48","2.29","-13.31","1"
"2022/07/21 19:00:00","MHK VL","61756","99.57","3.39","-13.51","1"
"2022/07/21 19:05:00","MHK VL","61756","89.07","2.7","-22.13","1"
"2022/07/21 19:10:00","MHK VL","61756","80.9","2.7","-13.97","1"
"2022/07/21 19:15:00","MHK VL","61756","78.65","2.57","-14.85","1"
"2022/07/21 19:20:00","MHK VL","61756","98.78","3.19","-21.37","1"
"2022/07/21 19:25:00","MHK VL","61756","75.5","2.34","-18.6","1"
"2022/07/21 19:30:00","MHK VL","61756","68.39","1.94","-20.37","1"
"2022/07/21 19:35:00","MHK VL","61756","69.2","2.06","-19.13","1"
"2022/07/21 19:40:00","MHK VL","61756","83.64","2.44","-24.32","1"
"2022/07/21 19:45:00","MHK VL","61756","87.42","2.73","-22.66","1"
"2022/07/21 19:50:00","MHK VL","61756","71.6","2.03","-22.24","1"
"2022/07/21 19:54:33","MHK VL","61756","79.72","2.46","-21.39","1"
"2022/07/21 19:55:00","MHK VL","61756","86.57","2.65","-23.51","1"
"2022/07/21 19:55:45","MHK VL","61756","86.57","2.65","-23.51","1"
"2022/07/21 20:00:00","MHK VL","61756","77.13","2.03","-27.9","1"
"2022/07/21 20:05:00","MHK VL","61756","77.13","2.03","-27.9","1"
"2022/07/21 20:10:00","MHK VL","61756","75.52","2.04","-27.17","1"
"2022/07/21 20:15:00","MHK VL","61756","74.77","1.99","-27.57","1"
"2022/07/21 20:20:00","MHK VL","61756","87.75","2.71","-23.39","1"
"2022/07/21 20:25:00","MHK VL","61756","62.89","1.54","-26.25","1"
"2022/07/21 20:30:00","MHK VL","61756","75.62","2.04","-27.23","1"
"2022/07/21 20:35:00","MHK VL","61756","68.03","2.08","-17.57","1"
"2022/07/21 20:40:00","MHK VL","61756","71.03","2.33","-14.36","1"
"2022/07/21 20:45:00","MHK VL","61756","66.3","1.99","-17.9","1"
"2022/07/21 20:50:00","MHK VL","61756","66.2","1.99","-17.86","1"
"2022/07/21 20:55:00","MHK VL","61756","63.38","1.79","-19.97","1"
"2022/07/21 21:00:00","MHK VL","61756","64.76","1.84","-20.22","1"
"2022/07/21 21:05:00","MHK VL","61756","61.39","1.4","-27.43","1"
"2022/07/21 21:10:00","MHK VL","61756","62.85","1.75","-20.31","1"
"2022/07/21 21:15:00","MHK VL","61756","91.87","2.06","-41.81","1"
"2022/07/21 21:20:00","MHK VL","61756","59.7","1.7","-18.36","1"
"2022/07/21 21:25:00","MHK VL","61756","74.07","2.09","-24.52","1"
"2022/07/21 21:30:00","MHK VL","61756","63","1.71","-20.55","1"
"2022/07/21 21:35:00","MHK VL","61756","59.71","1.34","-25.68","1"
"2022/07/21 21:40:00","MHK VL","61756","62.49","1.79","-17.14","1"
"2022/07/21 21:45:00","MHK VL","61756","62.57","1.88","-15.81","1"
"2022/07/21 21:50:00","MHK VL","61756","62.31","1.93","-13.22","1"
"2022/07/21 21:55:00","MHK VL","61756","64.57","2.04","-12.76","1"
"2022/07/21 22:00:00","MHK VL","61756","64.8","2.07","-13.49","1"
"2022/07/21 22:05:00","MHK VL","61756","51.64","1.67","-10.12","1"
"2022/07/21 22:10:00","MHK VL","61756","59.27","1.9","-11.01","1"
"2022/07/21 22:15:00","MHK VL","61756","58.76","1.76","-13.03","1"
"2022/07/21 22:20:00","MHK VL","61756","59.42","1.86","-11.11","1"
"2022/07/21 22:25:00","MHK VL","61756","58.61","1.8","-11.96","1"
"2022/07/21 22:30:00","MHK VL","61756","58.27","1.73","-12.01","1"
"2022/07/21 22:35:00","MHK VL","61756","57.44","1.75","-10.74","1"
"2022/07/21 22:40:00","MHK VL","61756","57.58","1.71","-10.81","1"
"2022/07/21 22:45:00","MHK VL","61756","54.73","1.58","-10.36","1"
"2022/07/21 22:50:00","MHK VL","61756","43.76","1.29","-8.56","1"
"2022/07/21 22:55:00","MHK VL","61756","43.73","1.29","-8.55","1"
"2022/07/21 23:00:00","MHK VL","61756","91.59","3.27","0","1"
"2022/07/21 23:05:00","MHK VL","61756","71.45","2.34","-3.88","1"
"2022/07/21 23:10:00","MHK VL","61756","74.04","2.54","-3.03","1"
"2022/07/21 23:15:00","MHK VL","61756","55.14","1.56","-10.19","1"
"2022/07/21 23:20:00","MHK VL","61756","42.29","1","-12.67","1"
"2022/07/21 23:25:00","MHK VL","61756","55.29","1.52","-10.21","1"
"2022/07/21 23:30:00","MHK VL","61756","55.87","1.54","-10.31","1"
"2022/07/21 23:35:00","MHK VL","61756","42.63","1.01","-12.67","1"
"2022/07/21 23:40:00","MHK VL","61756","42.59","1.01","-12.67","1"
"2022/07/21 23:45:00","MHK VL","61756","47.19","1.26","-10.05","1"
"2022/07/21 23:50:00","MHK VL","61756","34.7","0.74","-12.26","1"
"2022/07/21 23:55:00","MHK VL","61756","28.79","0.53","-12.67","1"
"2022/07/22 00:00:00","MHK VL","61756","81.92","2.22","-14.4","1"
"2022/07/22 00:05:00","MHK VL","61756","67.3","1.78","-13.33","1"
"2022/07/22 00:10:00","MHK VL","61756","61.6","1.59","-13.15","1"
"2022/07/22 00:15:00","MHK VL","61756","59.18","1.54","-12.27","1"
"2022/07/22 00:20:00","MHK VL","61756","69.69","2.17","-3.66","1"
"2022/07/22 00:25:00","MHK VL","61756","68.32","2.12","-3.86","1"
"2022/07/22 00:30:00","MHK VL","61756","74.13","2.2","-7.17","1"
"2022/07/22 00:35:00","MHK VL","61756","68.17","1.99","-7.62","1"
"2022/07/22 00:40:00","MHK VL","61756","67.99","1.99","-7.55","1"
"2022/07/22 00:45:00","MHK VL","61756","62.41","1.62","-11.65","1"
"2022/07/22 00:50:00","MHK VL","61756","40","0.88","-12.27","1"
"2022/07/22 00:55:00","MHK VL","61756","50.03","1.26","-10.66","1"
"2022/07/22 01:00:00","MHK VL","61756","68.37","1.74","-12.27","1"
"2022/07/22 01:05:00","MHK VL","61756","61.12","1.6","-10.94","1"
"2022/07/22 01:10:00","MHK VL","61756","43.79","0.99","-11.96","1"
"2022/07/22 01:15:00","MHK VL","61756","43.74","0.96","-11.96","1"
"2022/07/22 01:20:00","MHK VL","61756","40.17","0.88","-11.91","1"
"2022/07/22 01:25:00","MHK VL","61756","39.78","0.84","-11.96","1"
"2022/07/22 01:30:00","MHK VL","61756","39.27","0.82","-11.96","1"
"2022/07/22 01:35:00","MHK VL","61756","53.96","1.34","-9.53","1"
"2022/07/22 01:40:00","MHK VL","61756","53.8","1.33","-9.57","1"
"2022/07/22 01:45:00","MHK VL","61756","53.87","1.33","-9.57","1"
"2022/07/22 01:50:00","MHK VL","61756","53.98","1.34","-9.54","1"
"2022/07/22 01:55:00","MHK VL","61756","59.3","1.52","-8.68","1"
"2022/07/22 02:00:00","MHK VL","61756","57.71","1.47","-9.01","1"
"2022/07/22 02:05:00","MHK VL","61756","53.6","1.28","-9.55","1"
"2022/07/22 02:10:00","MHK VL","61756","50.67","1.53","0","1"
"2022/07/22 02:15:00","MHK VL","61756","50.67","1.47","0","1"
"2022/07/22 02:20:00","MHK VL","61756","57.71","1.68","0","1"
"2022/07/22 02:25:00","MHK VL","61756","44.66","1.3","0","1"
"2022/07/22 02:30:00","MHK VL","61756","48.65","1.42","0","1"
"2022/07/22 02:35:00","MHK VL","61756","50.67","1.47","0","1"
"2022/07/22 02:40:00","MHK VL","61756","59.41","1.73","0","1"
"2022/07/22 02:45:00","MHK VL","61756","48.65","1.37","0","1"
"2022/07/22 02:50:00","MHK VL","61756","33.49","0.94","0","1"
"2022/07/22 02:55:00","MHK VL","61756","29.57","0.83","0","1"
"2022/07/22 03:00:00","MHK VL","61756","29.27","0.8","0","1"
"2022/07/22 03:05:00","MHK VL","61756","23.14","0.63","0","1"
"2022/07/22 03:10:00","MHK VL","61756","23.15","0.63","0","1"
"2022/07/22 03:15:00","MHK VL","61756","27.57","0.78","0","1"
"2022/07/22 03:20:00","MHK VL","61756","27.24","0.77","0","1"
"2022/07/22 03:25:00","MHK VL","61756","29.05","0.82","0","1"
"2022/07/22 03:30:00","MHK VL","61756","23.15","0.65","0","1"
"2022/07/22 03:35:00","MHK VL","61756","12.73","0.36","0","1"
"2022/07/22 03:40:00","MHK VL","61756","27.37","0.77","0","1"
"2022/07/22 03:45:00","MHK VL","61756","27.17","0.77","0","1"
"2022/07/22 03:50:00","MHK VL","61756","27.07","0.76","0","1"
"2022/07/22 03:55:00","MHK VL","61756","25.06","0.71","0","1"
"2022/07/22 04:00:00","MHK VL","61756","29.38","0.85","0","1"
"2022/07/22 04:05:00","MHK VL","61756","26.26","0.74","0","1"
"2022/07/22 04:10:00","MHK VL","61756","23.51","0.66","0","1"
"2022/07/22 04:15:00","MHK VL","61756","29.26","0.85","0","1"
"2022/07/22 04:20:00","MHK VL","61756","27","0.79","0","1"
"2022/07/22 04:25:00","MHK VL","61756","29.34","0.88","0","1"
"2022/07/22 04:30:00","MHK VL","61756","29.39","0.88","0","1"
"2022/07/22 04:35:00","MHK VL","61756","29.47","0.91","0","1"
"2022/07/22 04:40:00","MHK VL","61756","50.77","1.57","0","1"
"2022/07/22 04:45:00","MHK VL","61756","50.77","1.53","0","1"
"2022/07/22 04:50:00","MHK VL","61756","50.77","1.53","0","1"
"2022/07/22 04:55:00","MHK VL","61756","48.75","1.42","0","1"
"2022/07/22 05:00:00","MHK VL","61756","50.72","1.53","0","1"
"2022/07/22 05:05:00","MHK VL","61756","29.4","0.86","0","1"
"2022/07/22 05:10:00","MHK VL","61756","41.24","1.24","0","1"
"2022/07/22 05:15:00","MHK VL","61756","50.67","1.53","0","1"
"2022/07/22 05:20:00","MHK VL","61756","60.97","1.89","0","1"
"2022/07/22 05:25:00","MHK VL","61756","35.25","1.09","0","1"
"2022/07/22 05:30:00","MHK VL","61756","27.78","0.86","0","1"
"2022/07/22 05:35:00","MHK VL","61756","48.65","1.51","0","1"
"2022/07/22 05:40:00","MHK VL","61756","28.67","0.89","0","1"
"2022/07/22 05:45:00","MHK VL","61756","28.65","0.89","0","1"
"2022/07/22 05:50:00","MHK VL","61756","28.71","0.89","0","1"
"2022/07/22 05:55:00","MHK VL","61756","26.95","0.84","0","1"
"2022/07/22 06:00:00","MHK VL","61756","31.27","1","0","1"
"2022/07/22 06:05:00","MHK VL","61756","50.66","1.67","0","1"
"2022/07/22 06:10:00","MHK VL","61756","48.74","1.6","0","1"
"2022/07/22 06:15:00","MHK VL","61756","53.98","1.82","0","1"
"2022/07/22 06:20:00","MHK VL","61756","53.85","1.82","0","1"
"2022/07/22 06:25:00","MHK VL","61756","48.79","1.65","0","1"
"2022/07/22 06:30:00","MHK VL","61756","50.86","1.76","0","1"
"2022/07/22 06:35:00","MHK VL","61756","40.39","1.4","0","1"
"2022/07/22 06:40:00","MHK VL","61756","52.06","1.81","0","1"
"2022/07/22 06:45:00","MHK VL","61756","50.01","1.79","0","1"
"2022/07/22 06:50:00","MHK VL","61756","108.28","3.87","0","1"
"2022/07/22 06:55:00","MHK VL","61756","47.99","1.71","0","1"
"2022/07/22 07:00:00","MHK VL","61756","34.6","1.2","0","1"
"2022/07/22 07:05:00","MHK VL","61756","49.02","1.79","0","1"
"2022/07/22 07:10:00","MHK VL","61756","49.77","1.82","0","1"
"2022/07/22 07:15:00","MHK VL","61756","48.93","1.79","0","1"
"2022/07/22 07:20:00","MHK VL","61756","49.61","1.82","0","1"
"2022/07/22 07:25:00","MHK VL","61756","50.3","1.89","0","1"
"2022/07/22 07:30:00","MHK VL","61756","29.92","1.1","0","1"
"2022/07/22 07:35:00","MHK VL","61756","44.57","1.72","0","1"
"2022/07/22 07:40:00","MHK VL","61756","35.7","1.34","0","1"
"2022/07/22 07:45:00","MHK VL","61756","36.28","1.36","0","1"
"2022/07/22 07:50:00","MHK VL","61756","39.23","1.51","0","1"
"2022/07/22 07:55:00","MHK VL","61756","42.54","1.64","0","1"
"2022/07/22 08:00:00","MHK VL","61756","26.44","0.99","0","1"
"2022/07/22 08:05:00","MHK VL","61756","32.63","1.22","0","1"
"2022/07/22 08:10:00","MHK VL","61756","36.8","0.98","-9.91","1"
"2022/07/22 08:15:00","MHK VL","61756","36.72","0.95","-10.86","1"
"2022/07/22 08:20:00","MHK VL","61756","47.77","1.45","-8.16","1"
"2022/07/22 08:25:00","MHK VL","61756","36.7","0.94","-10.47","1"
"2022/07/22 08:30:00","MHK VL","61756","42.16","1.17","-10.07","1"
"2022/07/22 08:35:00","MHK VL","61756","47.76","1.41","-9.21","1"
"2022/07/22 08:40:00","MHK VL","61756","42.13","1.1","-11.95","1"
"2022/07/22 08:45:00","MHK VL","61756","47.53","1.32","-12.28","1"
"2022/07/22 08:50:00","MHK VL","61756","47.55","1.32","-12.39","1"
"2022/07/22 08:55:00","MHK VL","61756","47.64","1.31","-11.95","1"
"2022/07/22 09:00:00","MHK VL","61756","36.69","0.91","-11.95","1"
"2022/07/22 09:05:00","MHK VL","61756","54.87","1.79","-5.9","1"
"2022/07/22 09:10:00","MHK VL","61756","71.01","2.34","-5.5","1"
"2022/07/22 09:15:00","MHK VL","61756","72.36","2.32","-5.4","1"
"2022/07/22 09:20:00","MHK VL","61756","60.13","1.92","-6.25","1"
"2022/07/22 09:25:00","MHK VL","61756","60.01","1.92","-6.26","1"
"2022/07/22 09:30:00","MHK VL","61756","65.57","2.13","-5.88","1"
"2022/07/22 09:35:00","MHK VL","61756","59.78","1.69","-12.34","1"
"2022/07/22 09:40:00","MHK VL","61756","83.63","2.89","-4.65","1"
"2022/07/22 09:45:00","MHK VL","61756","77.31","2.64","-5.08","1"
"2022/07/22 09:50:00","MHK VL","61756","77.42","2.71","-5.08","1"
"2022/07/22 09:55:00","MHK VL","61756","83.28","2.97","-4.01","1"
"2022/07/22 10:00:00","MHK VL","61756","104.77","3.93","0","1"
"2022/07/22 10:05:00","MHK VL","61756","105","4.04","0","1"
"2022/07/22 10:10:00","MHK VL","61756","104.98","3.94","0","1"
"2022/07/22 10:15:00","MHK VL","61756","104.94","3.94","0","1"
"2022/07/22 10:20:00","MHK VL","61756","104.77","3.93","0","1"
"2022/07/22 10:25:00","MHK VL","61756","104.84","3.93","0","1"
"2022/07/22 10:30:00","MHK VL","61756","105.19","4.05","0","1"
"2022/07/22 10:35:00","MHK VL","61756","105.19","4.05","0","1"
"2022/07/22 10:40:00","MHK VL","61756","109.02","4.2","0","1"
"2022/07/22 10:45:00","MHK VL","61756","106","4.08","0","1"
"2022/07/22 10:50:00","MHK VL","61756","109.13","4.09","0","1"
"2022/07/22 10:55:00","MHK VL","61756","111.07","4.17","0","1"
"2022/07/22 11:00:00","MHK VL","61756","115.69","4.34","0","1"
"2022/07/22 11:05:00","MHK VL","61756","134.58","5.18","0","1"
"2022/07/22 11:10:00","MHK VL","61756","118.18","4.43","0","1"
"2022/07/22 11:15:00","MHK VL","61756","117.18","4.51","0","1"
"2022/07/22 11:20:00","MHK VL","61756","116.3","4.48","0","1"
"2022/07/22 11:25:00","MHK VL","61756","117.09","4.51","0","1"
"2022/07/22 11:30:00","MHK VL","61756","130.38","5.02","0","1"
"2022/07/22 11:35:00","MHK VL","61756","130.25","4.88","0","1"
"2022/07/22 11:40:00","MHK VL","61756","130.38","5.02","0","1"
"2022/07/22 11:45:00","MHK VL","61756","320.47","12.02","0","1"
"2022/07/22 11:50:00","MHK VL","61756","1064.61","38.96","0","1"
"2022/07/22 11:55:00","MHK VL","61756","342.98","12.55","0","1"
"2022/07/22 12:00:00","MHK VL","61756","187.19","7.02","0","1"
"2022/07/22 12:05:00","MHK VL","61756","129.81","5","0","1"
"2022/07/22 12:10:00","MHK VL","61756","130.49","5.02","0","1"
"2022/07/22 12:15:00","MHK VL","61756","118.15","4.55","0","1"
"2022/07/22 12:20:00","MHK VL","61756","114.7","4.42","0","1"
"2022/07/22 12:25:00","MHK VL","61756","108.58","4.18","0","1"
"2022/07/22 12:30:00","MHK VL","61756","116.11","4.47","0","1"
"2022/07/22 12:35:00","MHK VL","61756","116.46","4.59","0","1"
"2022/07/22 12:40:00","MHK VL","61756","116.86","4.5","0","1"
"2022/07/22 12:45:00","MHK VL","61756","116.53","4.49","0","1"
"2022/07/22 12:50:00","MHK VL","61756","117.44","4.63","0","1"
"2022/07/22 12:55:00","MHK VL","61756","118.19","4.66","0","1"
"2022/07/22 13:00:00","MHK VL","61756","115.33","4.54","0","1"
"2022/07/22 13:05:00","MHK VL","61756","139.78","5.63","0","1"
"2022/07/22 13:10:00","MHK VL","61756","142.21","5.86","0","1"
"2022/07/22 13:15:00","MHK VL","61756","125.42","5.17","0","1"
"2022/07/22 13:20:00","MHK VL","61756","128.68","5.3","0","1"
"2022/07/22 13:25:00","MHK VL","61756","120.19","4.95","0","1"
"2022/07/22 13:30:00","MHK VL","61756","117.72","4.85","0","1"
"2022/07/22 13:35:00","MHK VL","61756","115.44","4.76","0","1"
"2022/07/22 13:40:00","MHK VL","61756","117.14","4.83","0","1"
"2022/07/22 13:45:00","MHK VL","61756","141.6","5.83","0","1"
"2022/07/22 13:50:00","MHK VL","61756","169.92","6.85","0","1"
"2022/07/22 13:55:00","MHK VL","61756","139.94","5.64","0","1"
"2022/07/22 14:00:00","MHK VL","61756","117.94","4.75","0","1"
"2022/07/22 14:05:00","MHK VL","61756","110.08","4.34","0","1"
"2022/07/22 14:10:00","MHK VL","61756","115.84","4.67","0","1"
"2022/07/22 14:15:00","MHK VL","61756","117.73","4.64","0","1"
"2022/07/22 14:20:00","MHK VL","61756","122.62","4.65","-4.58","1"
"2022/07/22 14:25:00","MHK VL","61756","109.56","4.14","-4.58","1"
"2022/07/22 14:30:00","MHK VL","61756","136.8","5.51","0","1"
"2022/07/22 14:35:00","MHK VL","61756","139.29","5.61","0","1"
"2022/07/22 14:40:00","MHK VL","61756","136.28","5.37","0","1"
"2022/07/22 14:45:00","MHK VL","61756","121.18","4.88","0","1"
"2022/07/22 14:50:00","MHK VL","61756","124.02","5","0","1"
"2022/07/22 14:55:00","MHK VL","61756","139.44","5.62","0","1"
"2022/07/22 15:00:00","MHK VL","61756","120.74","4.97","0","1"
"2022/07/22 15:05:00","MHK VL","61756","135.38","5.58","0","1"
"2022/07/22 15:10:00","MHK VL","61756","123.49","4.98","0","1"
"2022/07/22 15:15:00","MHK VL","61756","121.03","4.88","0","1"
"2022/07/22 15:20:00","MHK VL","61756","121.03","4.88","0","1"
"2022/07/22 15:25:00","MHK VL","61756","119.76","4.83","0","1"
"2022/07/22 15:30:00","MHK VL","61756","119.64","4.82","0","1"
"2022/07/22 15:35:00","MHK VL","61756","119.54","4.82","0","1"
"2022/07/22 15:40:00","MHK VL","61756","119.43","4.81","0","1"
"2022/07/22 15:45:00","MHK VL","61756","119.43","4.81","0","1"
"2022/07/22 15:50:00","MHK VL","61756","128.23","5.17","0","1"
"2022/07/22 15:55:00","MHK VL","61756","131.9","5.32","0","1"
"2022/07/22 16:00:00","MHK VL","61756","106.62","4.2","0","1"
"2022/07/22 16:05:00","MHK VL","61756","106.72","4.3","0","1"
"2022/07/22 16:10:00","MHK VL","61756","105.38","4.15","0","1"
"2022/07/22 16:15:00","MHK VL","61756","109.98","4.43","0","1"
"2022/07/22 16:20:00","MHK VL","61756","112.72","4.44","0","1"
"2022/07/22 16:25:00","MHK VL","61756","110.28","4.34","0","1"
"2022/07/22 16:30:00","MHK VL","61756","143.48","5.65","0","1"
"2022/07/22 16:35:00","MHK VL","61756","157.16","6.01","-4.5","1"
"2022/07/22 16:40:00","MHK VL","61756","129.43","4.5","-15.12","1"
"2022/07/22 16:45:00","MHK VL","61756","144.48","5.66","-0.88","1"
"2022/07/22 16:50:00","MHK VL","61756","145.85","5.88","0","1"
"2022/07/22 16:55:00","MHK VL","61756","143.59","5.79","0","1"
"2022/07/22 17:00:00","MHK VL","61756","148.45","5.98","0","1"
"2022/07/22 17:05:00","MHK VL","61756","148.31","5.98","0","1"
"2022/07/22 17:10:00","MHK VL","61756","149.59","6.3","0","1"
"2022/07/22 17:15:00","MHK VL","61756","142.77","5.79","-2.24","1"
"2022/07/22 17:20:00","MHK VL","61756","151.9","6.39","0","1"
"2022/07/22 17:25:00","MHK VL","61756","151.93","6.26","0","1"
"2022/07/22 17:30:00","MHK VL","61756","170.5","7.02","0","1"
"2022/07/22 17:35:00","MHK VL","61756","151.31","6.23","0","1"
"2022/07/22 17:40:00","MHK VL","61756","148.59","6.12","0","1"
"2022/07/22 17:45:00","MHK VL","61756","151.45","6.38","0","1"
"2022/07/22 17:50:00","MHK VL","61756","149.59","6.16","0","1"
"2022/07/22 17:55:00","MHK VL","61756","138.13","5.82","0","1"
"2022/07/22 18:00:00","MHK VL","61756","123.57","5.09","0","1"
"2022/07/22 18:05:00","MHK VL","61756","121.3","5","0","1"
"2022/07/22 18:10:00","MHK VL","61756","121.52","5.24","0","1"
"2022/07/22 18:15:00","MHK VL","61756","113.46","4.81","-1.78","1"
"2022/07/22 18:20:00","MHK VL","61756","108.32","4.5","-3.91","1"
"2022/07/22 18:25:00","MHK VL","61756","105.8","4.36","-4.62","1"
"2022/07/22 18:30:00","MHK VL","61756","116.93","5.04","0","1"
"2022/07/22 18:35:00","MHK VL","61756","112.89","4.83","-0.85","1"
"2022/07/22 18:40:00","MHK VL","61756","65.69","2.26","-12.01","1"
"2022/07/22 18:45:00","MHK VL","61756","117.17","5.05","0","1"
"2022/07/22 18:50:00","MHK VL","61756","112.8","4.75","0","1"
"2022/07/22 18:55:00","MHK VL","61756","112.14","4.83","0","1"
"2022/07/22 19:00:00","MHK VL","61756","128.19","5.53","0","1"
"2022/07/22 19:05:00","MHK VL","61756","107.72","4.53","0","1"
"2022/07/22 19:10:00","MHK VL","61756","109.59","4.82","0","1"
"2022/07/22 19:15:00","MHK VL","61756","117.48","5.06","0","1"
"2022/07/22 19:20:00","MHK VL","61756","120.28","5.18","0","1"
"2022/07/22 19:25:00","MHK VL","61756","100.31","4.12","-4.64","1"
"2022/07/22 19:30:00","MHK VL","61756","112.63","4.96","0","1"
"2022/07/22 19:35:00","MHK VL","61756","118.03","5.19","0","1"
"2022/07/22 19:40:00","MHK VL","61756","117.72","5.18","0","1"
"2022/07/22 19:45:00","MHK VL","61756","117","5.15","0","1"
"2022/07/22 19:50:00","MHK VL","61756","111.25","4.9","0","1"
"2022/07/22 19:55:00","MHK VL","61756","110.62","4.77","0","1"
"2022/07/22 20:00:00","MHK VL","61756","126.25","5.44","0","1"
"2022/07/22 20:05:00","MHK VL","61756","121.13","5.22","0","1"
"2022/07/22 20:08:26","MHK VL","61756","100.31","4.22","-4.46","1"
"2022/07/22 20:09:38","MHK VL","61756","94.49","3.99","-5.64","1"
"2022/07/22 20:10:00","MHK VL","61756","83.65","3.42","-7.49","1"
"2022/07/22 20:15:00","MHK VL","61756","83.65","3.42","-7.49","1"
"2022/07/22 20:20:00","MHK VL","61756","83.65","3.42","-7.49","1"
"2022/07/22 20:25:00","MHK VL","61756","105.78","4.62","-2.94","1"
"2022/07/22 20:30:00","MHK VL","61756","97.88","4.19","-4.46","1"
"2022/07/22 20:35:00","MHK VL","61756","78.25","3.07","-8.55","1"
"2022/07/22 20:40:00","MHK VL","61756","105.1","4.69","-0.62","1"
"2022/07/22 20:45:00","MHK VL","61756","74.73","1.03","-50.94","1"
"2022/07/22 20:50:00","MHK VL","61756","57.73","1.34","-27.16","1"
"2022/07/22 20:55:00","MHK VL","61756","63.41","2.13","-14.96","1"
"2022/07/22 21:00:00","MHK VL","61756","72.34","1.89","-28.38","1"
"2022/07/22 21:05:00","MHK VL","61756","71.99","2.84","-7.42","1"
"2022/07/22 21:10:00","MHK VL","61756","64.09","2.15","-14.2","1"
"2022/07/22 21:15:00","MHK VL","61756","46.02","1.34","-14.2","1"
"2022/07/22 21:20:00","MHK VL","61756","107.14","4.51","0","1"
"2022/07/22 21:25:00","MHK VL","61756","70.09","2.65","-7.14","1"
"2022/07/22 21:30:00","MHK VL","61756","60.31","2.1","-10.47","1"
"2022/07/22 21:35:00","MHK VL","61756","43.49","1.23","-14.2","1"
"2022/07/22 21:40:00","MHK VL","61756","66.15","2.45","-7.96","1"
"2022/07/22 21:45:00","MHK VL","61756","69.92","2.58","-8.52","1"
"2022/07/22 21:50:00","MHK VL","61756","76.57","3.15","0","1"
"2022/07/22 21:55:00","MHK VL","61756","76.64","3.16","0","1"
"2022/07/22 22:00:00","MHK VL","61756","37.02","1.16","-8.12","1"
"2022/07/22 22:05:00","MHK VL","61756","54.48","1.98","-5.27","1"
"2022/07/22 22:10:00","MHK VL","61756","65.89","2.53","-3.17","1"
"2022/07/22 22:15:00","MHK VL","61756","66.03","2.41","-6.17","1"
"2022/07/22 22:20:00","MHK VL","61756","78.15","3.15","0","1"
"2022/07/22 22:25:00","MHK VL","61756","71.7","2.78","-1.19","1"
"2022/07/22 22:30:00","MHK VL","61756","65.45","2.44","-3.49","1"
"2022/07/22 22:35:00","MHK VL","61756","57.68","1.79","-11.25","1"
"2022/07/22 22:36:28","MHK VL","61756","57.33","1.78","-11.17","1"
"2022/07/22 22:40:00","MHK VL","61756","56.37","1.74","-11.05","1"
"2022/07/22 22:41:28","MHK VL","61756","56.37","1.74","-11.05","1"
"2022/07/22 22:45:00","MHK VL","61756","56.37","1.74","-11.05","1"
"2022/07/22 22:46:28","MHK VL","61756","56.37","1.74","-11.05","1"
"2022/07/22 22:50:00","MHK VL","61756","60.36","2.15","-2.92","1"
"2022/07/22 22:55:00","MHK VL","61756","60.36","2.15","-2.92","1"
"2022/07/22 23:00:00","MHK VL","61756","80.17","2.93","0","1"
"2022/07/22 23:05:00","MHK VL","61756","61.35","2.05","-4.05","1"
"2022/07/22 23:10:00","MHK VL","61756","54.16","1.45","-12.38","1"
"2022/07/22 23:15:00","MHK VL","61756","56.62","1.8","-4.73","1"
"2022/07/22 23:20:00","MHK VL","61756","70.33","2.36","-0.61","1"
"2022/07/22 23:25:00","MHK VL","61756","72.34","2.51","0","1"
"2022/07/22 23:30:00","MHK VL","61756","67.14","2.23","-1.03","1"
"2022/07/22 23:35:00","MHK VL","61756","69.88","2.35","-0.3","1"
"2022/07/22 23:40:00","MHK VL","61756","70.53","2.38","-0.16","1"
"2022/07/22 23:45:00","MHK VL","61756","59.46","1.92","-2.73","1"
"2022/07/22 23:50:00","MHK VL","61756","53.78","1.58","-5.81","1"
"2022/07/22 23:55:00","MHK VL","61756","50.79","1.33","-10.36","1"
"2022/07/23 00:00:00","MHK VL","61756","63.15","1.74","-11.58","1"
"2022/07/23 00:05:00","MHK VL","61756","74.69","2.59","0","1"
"2022/07/23 00:10:00","MHK VL","61756","76.05","2.75","-0.79","1"
"2022/07/23 00:15:00","MHK VL","61756","65.8","2","-9.65","1"
"2022/07/23 00:20:00","MHK VL","61756","65.25","2.06","-7.45","1"
"2022/07/23 00:25:00","MHK VL","61756","57.93","1.62","-11.17","1"
"2022/07/23 00:30:00","MHK VL","61756","64.2","2.09","-4.01","1"
"2022/07/23 00:35:00","MHK VL","61756","66.14","2.24","-1.66","1"
"2022/07/23 00:40:00","MHK VL","61756","65.27","2.16","-3.06","1"
"2022/07/23 00:45:00","MHK VL","61756","70.16","2.41","-0.6","1"
"2022/07/23 00:50:00","MHK VL","61756","54.24","1.75","-3.67","1"
"2022/07/23 00:55:00","MHK VL","61756","51.9","1.62","-4.01","1"
"2022/07/23 01:00:00","MHK VL","61756","59.85","1.59","-11.45","1"
"2022/07/23 01:05:00","MHK VL","61756","54.4","1.56","-5.46","1"
"2022/07/23 01:10:00","MHK VL","61756","58.58","1.71","-3.54","1"
"2022/07/23 01:15:00","MHK VL","61756","66","2.01","-1.26","1"
"2022/07/23 01:20:00","MHK VL","61756","71.96","2.23","0","1"
"2022/07/23 01:25:00","MHK VL","61756","72.02","2.3","0","1"
"2022/07/23 01:30:00","MHK VL","61756","71.96","2.23","0","1"
"2022/07/23 01:35:00","MHK VL","61756","34.07","0.83","-6.56","1"
"2022/07/23 01:40:00","MHK VL","61756","36.52","0.91","-6.18","1"
"2022/07/23 01:45:00","MHK VL","61756","51.66","1.5","-3.29","1"
"2022/07/23 01:50:00","MHK VL","61756","70.98","2.2","0","1"
"2022/07/23 01:55:00","MHK VL","61756","64.94","1.98","-0.99","1"
"2022/07/23 02:00:00","MHK VL","61756","70.36","2.18","0","1"
"2022/07/23 02:05:00","MHK VL","61756","70.55","2.19","0","1"
"2022/07/23 02:10:00","MHK VL","61756","70.55","2.19","0","1"
"2022/07/23 02:15:00","MHK VL","61756","70.49","2.12","0","1"
"2022/07/23 02:20:00","MHK VL","61756","64.37","1.94","0","1"
"2022/07/23 02:25:00","MHK VL","61756","63.91","1.92","0","1"
"2022/07/23 02:30:00","MHK VL","61756","64.24","1.93","0","1"
"2022/07/23 02:35:00","MHK VL","61756","70.49","2.12","0","1"
"2022/07/23 02:40:00","MHK VL","61756","70.36","2.12","0","1"
"2022/07/23 02:45:00","MHK VL","61756","64.17","1.93","0","1"
"2022/07/23 02:50:00","MHK VL","61756","62.82","1.89","0","1"
"2022/07/23 02:55:00","MHK VL","61756","60.64","1.83","0","1"
"2022/07/23 03:00:00","MHK VL","61756","64.5","1.94","0","1"
"2022/07/23 03:05:00","MHK VL","61756","64.56","1.94","0","1"
"2022/07/23 03:10:00","MHK VL","61756","64.04","1.86","0","1"
"2022/07/23 03:15:00","MHK VL","61756","63.84","1.86","0","1"
"2022/07/23 03:20:00","MHK VL","61756","63.85","1.86","0","1"
"2022/07/23 03:25:00","MHK VL","61756","64.11","1.93","0","1"
"2022/07/23 03:30:00","MHK VL","61756","63.78","1.86","0","1"
"2022/07/23 03:35:00","MHK VL","61756","63.71","1.85","0","1"
"2022/07/23 03:40:00","MHK VL","61756","63.84","1.86","0","1"
"2022/07/23 03:45:00","MHK VL","61756","63.78","1.86","0","1"
"2022/07/23 03:50:00","MHK VL","61756","63.78","1.86","0","1"
"2022/07/23 03:55:00","MHK VL","61756","63.9","1.86","0","1"
"2022/07/23 04:00:00","MHK VL","61756","60.9","1.77","0","1"
"2022/07/23 04:05:00","MHK VL","61756","54.95","1.65","0","1"
"2022/07/23 04:10:00","MHK VL","61756","55.82","1.52","0","1"
"2022/07/23 04:15:00","MHK VL","61756","55.87","1.52","0","1"
"2022/07/23 04:20:00","MHK VL","61756","59.41","1.62","0","1"
"2022/07/23 04:25:00","MHK VL","61756","59.47","1.68","0","1"
"2022/07/23 04:30:00","MHK VL","61756","55.97","1.58","0","1"
"2022/07/23 04:35:00","MHK VL","61756","55.87","1.52","0","1"
"2022/07/23 04:40:00","MHK VL","61756","59.53","1.68","0","1"
"2022/07/23 04:45:00","MHK VL","61756","54.99","1.55","0","1"
"2022/07/23 04:50:00","MHK VL","61756","56.02","1.58","0","1"
"2022/07/23 04:55:00","MHK VL","61756","57.19","1.61","0","1"
"2022/07/23 05:00:00","MHK VL","61756","63.72","1.8","0","1"
"2022/07/23 05:05:00","MHK VL","61756","63.52","1.79","0","1"
"2022/07/23 05:10:00","MHK VL","61756","63.65","1.73","0","1"
"2022/07/23 05:15:00","MHK VL","61756","63.98","1.8","0","1"
"2022/07/23 05:20:00","MHK VL","61756","63.91","1.8","0","1"
"2022/07/23 05:25:00","MHK VL","61756","63.78","1.73","0","1"
"2022/07/23 05:30:00","MHK VL","61756","62.93","1.71","0","1"
"2022/07/23 05:35:00","MHK VL","61756","60.84","1.65","0","1"
"2022/07/23 05:40:00","MHK VL","61756","61.35","1.67","0","1"
"2022/07/23 05:45:00","MHK VL","61756","62.7","1.71","0","1"
"2022/07/23 05:50:00","MHK VL","61756","60.78","1.6","0","1"
"2022/07/23 05:55:00","MHK VL","61756","57.31","1.51","0","1"
"2022/07/23 06:00:00","MHK VL","61756","60.67","1.6","0","1"
"2022/07/23 06:05:00","MHK VL","61756","74.39","2.02","0","1"
"2022/07/23 06:10:00","MHK VL","61756","69.02","2.01","0","1"
"2022/07/23 06:15:00","MHK VL","61756","63.04","1.83","0","1"
"2022/07/23 06:20:00","MHK VL","61756","63.56","1.91","0","1"
"2022/07/23 06:25:00","MHK VL","61756","62.99","1.83","0","1"
"2022/07/23 06:30:00","MHK VL","61756","63.81","1.86","0","1"
"2022/07/23 06:35:00","MHK VL","61756","65.61","1.97","0","1"
"2022/07/23 06:40:00","MHK VL","61756","68.67","2.07","0","1"
"2022/07/23 06:45:00","MHK VL","61756","68.81","2.07","0","1"
"2022/07/23 06:50:00","MHK VL","61756","69.9","2.1","0","1"
"2022/07/23 06:55:00","MHK VL","61756","78.03","2.42","0","1"
"2022/07/23 07:00:00","MHK VL","61756","48.69","1.51","0","1"
"2022/07/23 07:05:00","MHK VL","61756","60.3","1.92","0","1"
"2022/07/23 07:10:00","MHK VL","61756","55.64","1.77","0","1"
"2022/07/23 07:15:00","MHK VL","61756","55.44","1.72","0","1"
"2022/07/23 07:20:00","MHK VL","61756","60.36","1.93","0","1"
"2022/07/23 07:25:00","MHK VL","61756","60.45","1.93","0","1"
"2022/07/23 07:30:00","MHK VL","61756","60.51","1.93","0","1"
"2022/07/23 07:35:00","MHK VL","61756","60.54","1.93","0","1"
"2022/07/23 07:40:00","MHK VL","61756","60.42","1.93","0","1"
"2022/07/23 07:45:00","MHK VL","61756","61.29","1.96","0","1"
"2022/07/23 07:50:00","MHK VL","61756","60.58","1.99","0","1"
"2022/07/23 07:55:00","MHK VL","61756","60.34","1.92","0","1"
"2022/07/23 08:00:00","MHK VL","61756","60.26","1.92","0","1"
"2022/07/23 08:05:00","MHK VL","61756","60.37","1.93","0","1"
"2022/07/23 08:10:00","MHK VL","61756","60.2","1.92","0","1"
"2022/07/23 08:15:00","MHK VL","61756","64.03","2.11","0","1"
"2022/07/23 08:20:00","MHK VL","61756","63.89","2.16","0","1"
"2022/07/23 08:25:00","MHK VL","61756","62.28","2.11","0","1"
"2022/07/23 08:30:00","MHK VL","61756","60.27","2.04","0","1"
"2022/07/23 08:35:00","MHK VL","61756","60.65","2.05","0","1"
"2022/07/23 08:40:00","MHK VL","61756","60.36","2.09","0","1"
"2022/07/23 08:45:00","MHK VL","61756","59.48","2.06","0","1"
"2022/07/23 08:50:00","MHK VL","61756","68.99","2.39","0","1"
"2022/07/23 08:55:00","MHK VL","61756","68.92","2.39","0","1"
"2022/07/23 09:00:00","MHK VL","61756","79.87","2.85","0","1"
"2022/07/23 09:05:00","MHK VL","61756","61.98","2.21","0","1"
"2022/07/23 09:10:00","MHK VL","61756","79.54","2.76","0","1"
"2022/07/23 09:15:00","MHK VL","61756","59.05","2.11","0","1"
"2022/07/23 09:20:00","MHK VL","61756","81.08","2.74","0","1"
"2022/07/23 09:25:00","MHK VL","61756","81.4","2.82","0","1"
"2022/07/23 09:30:00","MHK VL","61756","59.78","2.07","0","1"
"2022/07/23 09:35:00","MHK VL","61756","60.07","2.14","0","1"
"2022/07/23 09:40:00","MHK VL","61756","81.24","2.9","0","1"
"2022/07/23 09:45:00","MHK VL","61756","71.08","2.54","0","1"
"2022/07/23 09:50:00","MHK VL","61756","78.82","2.74","0","1"
"2022/07/23 09:55:00","MHK VL","61756","72.48","2.52","0","1"
"2022/07/23 10:00:00","MHK VL","61756","80.85","2.81","0","1"
"2022/07/23 10:05:00","MHK VL","61756","82.98","2.96","0","1"
"2022/07/23 10:10:00","MHK VL","61756","81.27","2.9","0","1"
"2022/07/23 10:15:00","MHK VL","61756","81.89","2.92","0","1"
"2022/07/23 10:20:00","MHK VL","61756","81.86","2.92","0","1"
"2022/07/23 10:25:00","MHK VL","61756","82.04","2.93","0","1"
"2022/07/23 10:30:00","MHK VL","61756","81.36","2.9","0","1"
"2022/07/23 10:35:00","MHK VL","61756","82.12","3.01","0","1"
"2022/07/23 10:40:00","MHK VL","61756","85.62","3.06","0","1"
"2022/07/23 10:45:00","MHK VL","61756","85.27","3.04","0","1"
"2022/07/23 10:50:00","MHK VL","61756","81.85","3","0","1"
"2022/07/23 10:55:00","MHK VL","61756","81.2","2.97","0","1"
"2022/07/23 11:00:00","MHK VL","61756","88.03","3.22","0","1"
"2022/07/23 11:05:00","MHK VL","61756","104.77","3.83","0","1"
"2022/07/23 11:10:00","MHK VL","61756","99.52","3.64","0","1"
"2022/07/23 11:15:00","MHK VL","61756","99.34","3.64","0","1"
"2022/07/23 11:20:00","MHK VL","61756","99.34","3.64","0","1"
"2022/07/23 11:25:00","MHK VL","61756","99.51","3.64","0","1"
"2022/07/23 11:30:00","MHK VL","61756","99.56","3.64","0","1"
"2022/07/23 11:35:00","MHK VL","61756","99.33","3.55","0","1"
"2022/07/23 11:40:00","MHK VL","61756","99.47","3.55","0","1"
"2022/07/23 11:45:00","MHK VL","61756","99.47","3.55","0","1"
"2022/07/23 11:50:00","MHK VL","61756","105.15","3.85","0","1"
"2022/07/23 11:55:00","MHK VL","61756","110.89","4.06","0","1"
"2022/07/23 12:00:00","MHK VL","61756","99.52","3.64","0","1"
"2022/07/23 12:05:00","MHK VL","61756","99.41","3.73","0","1"
"2022/07/23 12:10:00","MHK VL","61756","99.47","3.73","0","1"
"2022/07/23 12:15:00","MHK VL","61756","99.56","3.73","0","1"
"2022/07/23 12:20:00","MHK VL","61756","97.65","3.76","0","1"
"2022/07/23 12:25:00","MHK VL","61756","97.51","3.75","0","1"
"2022/07/23 12:30:00","MHK VL","61756","99.57","3.83","0","1"
"2022/07/23 12:35:00","MHK VL","61756","99.61","3.92","0","1"
"2022/07/23 12:40:00","MHK VL","61756","99.71","3.93","0","1"
"2022/07/23 12:45:00","MHK VL","61756","111.27","4.38","0","1"
"2022/07/23 12:50:00","MHK VL","61756","112.29","4.32","0","1"
"2022/07/23 12:55:00","MHK VL","61756","113.44","4.47","0","1"
"2022/07/23 13:00:00","MHK VL","61756","110.93","4.37","0","1"
"2022/07/23 13:05:00","MHK VL","61756","114.21","4.5","0","1"
"2022/07/23 13:10:00","MHK VL","61756","114.2","4.5","0","1"
"2022/07/23 13:15:00","MHK VL","61756","110.9","4.37","0","1"
"2022/07/23 13:20:00","MHK VL","61756","102.15","4.12","0","1"
"2022/07/23 13:25:00","MHK VL","61756","110.9","4.37","0","1"
"2022/07/23 13:30:00","MHK VL","61756","111.21","4.48","0","1"
"2022/07/23 13:35:00","MHK VL","61756","110.01","4.43","0","1"
"2022/07/23 13:40:00","MHK VL","61756","113.54","4.47","0","1"
"2022/07/23 13:45:00","MHK VL","61756","113.42","4.57","0","1"
"2022/07/23 13:50:00","MHK VL","61756","113.42","4.57","0","1"
"2022/07/23 13:55:00","MHK VL","61756","111.1","4.38","0","1"
"2022/07/23 14:00:00","MHK VL","61756","101.35","3.99","0","1"
"2022/07/23 14:05:00","MHK VL","61756","92.6","3.65","0","1"
"2022/07/23 14:10:00","MHK VL","61756","88.17","3.47","0","1"
"2022/07/23 14:15:00","MHK VL","61756","92.97","3.66","0","1"
"2022/07/23 14:20:00","MHK VL","61756","111.21","4.38","0","1"
"2022/07/23 14:25:00","MHK VL","61756","112.25","4.52","0","1"
"2022/07/23 14:30:00","MHK VL","61756","113.42","4.57","0","1"
"2022/07/23 14:35:00","MHK VL","61756","113.32","4.46","0","1"
"2022/07/23 14:40:00","MHK VL","61756","113.95","4.59","0","1"
"2022/07/23 14:45:00","MHK VL","61756","113.42","4.57","0","1"
"2022/07/23 14:50:00","MHK VL","61756","101.55","4.09","0","1"
"2022/07/23 14:55:00","MHK VL","61756","112.15","4.42","0","1"
"2022/07/23 15:00:00","MHK VL","61756","100.48","4.05","0","1"
"2022/07/23 15:05:00","MHK VL","61756","107.51","4.24","0","1"
"2022/07/23 15:10:00","MHK VL","61756","99.97","4.03","0","1"
"2022/07/23 15:15:00","MHK VL","61756","95.93","3.87","0","1"
"2022/07/23 15:20:00","MHK VL","61756","100.26","4.13","0","1"
"2022/07/23 15:25:00","MHK VL","61756","97.44","4.01","0","1"
"2022/07/23 15:30:00","MHK VL","61756","100.37","4.14","0","1"
"2022/07/23 15:35:00","MHK VL","61756","100.17","4.04","0","1"
"2022/07/23 15:40:00","MHK VL","61756","100.06","4.03","0","1"
"2022/07/23 15:45:00","MHK VL","61756","120.4","4.85","0","1"
"2022/07/23 15:50:00","MHK VL","61756","120.91","4.87","0","1"
"2022/07/23 15:55:00","MHK VL","61756","104.3","4.3","0","1"
"2022/07/23 16:00:00","MHK VL","61756","99.64","4.11","0","1"
"2022/07/23 16:05:00","MHK VL","61756","96.96","4.08","0","1"
"2022/07/23 16:10:00","MHK VL","61756","115.8","5.1","0","1"
"2022/07/23 16:15:00","MHK VL","61756","119.24","5.14","0","1"
"2022/07/23 16:20:00","MHK VL","61756","134.55","5.92","0","1"
"2022/07/23 16:25:00","MHK VL","61756","125.96","5.43","0","1"
"2022/07/23 16:30:00","MHK VL","61756","137.08","5.91","0","1"
"2022/07/23 16:34:00","MHK VL","61756","137.14","5.77","0","1"
"2022/07/23 16:35:00","MHK VL","61756","129.36","5.58","0","1"
"2022/07/23 16:35:18","MHK VL","61756","129.36","5.58","0","1"
"2022/07/23 16:40:00","MHK VL","61756","137.28","5.92","0","1"
"2022/07/23 16:45:00","MHK VL","61756","137.28","5.92","0","1"
"2022/07/23 16:50:00","MHK VL","61756","148.69","6.41","0","1"
"2022/07/23 16:55:00","MHK VL","61756","156.45","6.88","0","1"
"2022/07/23 17:00:00","MHK VL","61756","134.97","5.94","0","1"
"2022/07/23 17:05:00","MHK VL","61756","118.74","5.22","0","1"
"2022/07/23 17:10:00","MHK VL","61756","123.5","5.32","0","1"
"2022/07/23 17:15:00","MHK VL","61756","126.88","5.47","0","1"
"2022/07/23 17:20:00","MHK VL","61756","129.75","5.71","0","1"
"2022/07/23 17:25:00","MHK VL","61756","130.83","5.76","0","1"
"2022/07/23 17:30:00","MHK VL","61756","140.26","6.17","0","1"
"2022/07/23 17:35:00","MHK VL","61756","140.32","5.98","-1.6","1"
"2022/07/23 17:40:00","MHK VL","61756","153.3","6.61","0","1"
"2022/07/23 17:45:00","MHK VL","61756","149.12","6.43","0","1"
"2022/07/23 17:50:00","MHK VL","61756","149.39","6.57","0","1"
"2022/07/23 17:55:00","MHK VL","61756","150.18","6.61","0","1"
"2022/07/23 18:00:00","MHK VL","61756","137.87","5.96","-2.43","1"
"2022/07/23 18:05:00","MHK VL","61756","150.38","6.43","-4.19","1"
"2022/07/23 18:10:00","MHK VL","61756","141.12","6.39","-4.29","1"
"2022/07/23 18:12:30","MHK VL","61756","120.45","5.15","-8.02","1"
"2022/07/23 18:14:00","MHK VL","61756","107.51","2.67","-46.88","1"
"2022/07/23 18:15:00","MHK VL","61756","96.42","2.18","-46.88","1"
"2022/07/23 18:20:00","MHK VL","61756","96.42","2.18","-46.88","1"
"2022/07/23 18:25:00","MHK VL","61756","121.37","3.28","-46.88","1"
"2022/07/23 18:30:00","MHK VL","61756","135.36","1.41","-101.8","1"
"2022/07/23 18:35:00","MHK VL","61756","135.52","1.23","-105.65","1"
"2022/07/23 18:40:00","MHK VL","61756","207.95","1.61","-167.89","1"
"2022/07/23 18:45:00","MHK VL","61756","81.6","1.3","-49.95","1"
"2022/07/23 18:50:00","MHK VL","61756","85.15","1.92","-40.71","1"
"2022/07/23 18:55:00","MHK VL","61756","85.81","3.02","-18.48","1"
"2022/07/23 19:00:00","MHK VL","61756","139.76","6.28","0","1"
"2022/07/23 19:05:00","MHK VL","61756","115.94","5.1","0","1"
"2022/07/23 19:10:00","MHK VL","61756","115.31","5.18","0","1"
"2022/07/23 19:15:00","MHK VL","61756","86.33","3.26","-13.73","1"
"2022/07/23 19:20:00","MHK VL","61756","85.47","3","-18.6","1"
"2022/07/23 19:25:00","MHK VL","61756","79.98","2.63","-21.51","1"
"2022/07/23 19:30:00","MHK VL","61756","140.29","6.43","0","1"
"2022/07/23 19:35:00","MHK VL","61756","86.67","3.55","-5.99","1"
"2022/07/23 19:40:00","MHK VL","61756","97.33","4.12","-3.62","1"
"2022/07/23 19:42:30","MHK VL","61756","121.82","5.21","-0.85","1"
"2022/07/23 19:44:06","MHK VL","61756","127.63","5.73","0","1"
"2022/07/23 19:45:00","MHK VL","61756","125.44","5.52","0","1"
"2022/07/23 19:50:00","MHK VL","61756","125.44","5.52","0","1"
"2022/07/23 19:55:00","MHK VL","61756","121.01","5.32","0","1"
"2022/07/23 20:00:00","MHK VL","61756","122.76","5.4","0","1"
"2022/07/23 20:05:00","MHK VL","61756","51.38","1.63","-12.74","1"
"2022/07/23 20:10:00","MHK VL","61756","79.89","2.88","-6.91","1"
"2022/07/23 20:15:00","MHK VL","61756","86.05","3.54","-5.57","1"
"2022/07/23 20:20:00","MHK VL","61756","68.18","2.42","-11.96","1"
"2022/07/23 20:25:00","MHK VL","61756","91.03","3.83","-3.91","1"
"2022/07/23 20:30:00","MHK VL","61756","107.87","4.75","0","1"
"2022/07/23 20:35:00","MHK VL","61756","86.9","3.55","-4.52","1"
"2022/07/23 20:40:00","MHK VL","61756","88.23","3.64","-3.82","1"
"2022/07/23 20:45:00","MHK VL","61756","89.32","3.68","-3.91","1"
"2022/07/23 20:50:00","MHK VL","61756","93.38","3.85","-3.99","1"
"2022/07/23 20:55:00","MHK VL","61756","80.54","3.18","-6.66","1"
"2022/07/23 21:00:00","MHK VL","61756","62.35","2.26","-10.89","1"
"2022/07/23 21:05:00","MHK VL","61756","70.25","2.92","-5.12","1"
"2022/07/23 21:10:00","MHK VL","61756","69.8","2.8","-7.54","1"
"2022/07/23 21:15:00","MHK VL","61756","57.04","2.06","-10.19","1"
"2022/07/23 21:20:00","MHK VL","61756","58.65","2.18","-9.11","1"
"2022/07/23 21:25:00","MHK VL","61756","56.19","2.03","-10.07","1"
"2022/07/23 21:30:00","MHK VL","61756","58.52","2.19","-8.85","1"
"2022/07/23 21:35:00","MHK VL","61756","72.76","2.98","-3.68","1"
"2022/07/23 21:40:00","MHK VL","61756","94.27","4.06","0","1"
"2022/07/23 21:45:00","MHK VL","61756","94","3.96","0","1"
"2022/07/23 21:50:00","MHK VL","61756","93.96","3.96","0","1"
"2022/07/23 21:55:00","MHK VL","61756","93.92","3.87","0","1"
"2022/07/23 22:00:00","MHK VL","61756","102.87","4.15","0","1"
"2022/07/23 22:05:00","MHK VL","61756","93.49","3.68","0","1"
"2022/07/23 22:10:00","MHK VL","61756","93.91","3.78","0","1"
"2022/07/23 22:15:00","MHK VL","61756","93.83","3.78","0","1"
"2022/07/23 22:20:00","MHK VL","61756","93.91","3.7","0","1"
"2022/07/23 22:25:00","MHK VL","61756","93.91","3.7","0","1"
"2022/07/23 22:30:00","MHK VL","61756","100.16","3.95","0","1"
"2022/07/23 22:35:00","MHK VL","61756","94.29","3.59","-0.95","1"
"2022/07/23 22:40:00","MHK VL","61756","93.74","3.69","0","1"
"2022/07/23 22:45:00","MHK VL","61756","83.85","3.16","-3.69","1"
"2022/07/23 22:50:00","MHK VL","61756","97.25","3.74","0","1"
"2022/07/23 22:55:00","MHK VL","61756","94.54","3.64","0","1"
"2022/07/23 23:00:00","MHK VL","61756","100.2","3.83","-0.73","1"
"2022/07/23 23:05:00","MHK VL","61756","47.39","1.41","-8.78","1"
"2022/07/23 23:10:00","MHK VL","61756","82.01","2.87","-3.56","1"
"2022/07/23 23:15:00","MHK VL","61756","99.14","3.72","0","1"
"2022/07/23 23:20:00","MHK VL","61756","80.68","2.95","0","1"
"2022/07/23 23:25:00","MHK VL","61756","80.83","3.03","0","1"
"2022/07/23 23:30:00","MHK VL","61756","78.19","2.86","0","1"
"2022/07/23 23:35:00","MHK VL","61756","75.13","2.67","-2.3","1"
"2022/07/23 23:40:00","MHK VL","61756","73.99","2.68","-0.85","1"
"2022/07/23 23:45:00","MHK VL","61756","72.91","2.67","0","1"
"2022/07/23 23:50:00","MHK VL","61756","74.83","2.67","0","1"
"2022/07/23 23:55:00","MHK VL","61756","73.88","2.64","0","1"
"2022/07/24 00:00:00","MHK VL","61756","103.73","3.8","0","1"
"2022/07/24 00:05:00","MHK VL","61756","103.91","3.71","0","1"
"2022/07/24 00:10:00","MHK VL","61756","101.94","3.64","0","1"
"2022/07/24 00:15:00","MHK VL","61756","104.27","3.62","0","1"
"2022/07/24 00:20:00","MHK VL","61756","104.37","3.62","0","1"
"2022/07/24 00:25:00","MHK VL","61756","99.95","3.57","0","1"
"2022/07/24 00:30:00","MHK VL","61756","99.95","3.57","0","1"
"2022/07/24 00:35:00","MHK VL","61756","94.75","3.38","0","1"
"2022/07/24 00:40:00","MHK VL","61756","87.64","3.13","0","1"
"2022/07/24 00:45:00","MHK VL","61756","88.43","3.16","0","1"
"2022/07/24 00:50:00","MHK VL","61756","86.18","2.99","0","1"
"2022/07/24 00:55:00","MHK VL","61756","81.2","2.74","0","1"
"2022/07/24 01:00:00","MHK VL","61756","104.18","3.52","0","1"
"2022/07/24 01:05:00","MHK VL","61756","96.71","3.36","0","1"
"2022/07/24 01:10:00","MHK VL","61756","90.9","3.15","0","1"
"2022/07/24 01:15:00","MHK VL","61756","95.82","3.32","0","1"
"2022/07/24 01:20:00","MHK VL","61756","82.24","2.78","0","1"
"2022/07/24 01:25:00","MHK VL","61756","79.04","2.67","0","1"
"2022/07/24 01:30:00","MHK VL","61756","78.84","2.59","0","1"
"2022/07/24 01:35:00","MHK VL","61756","78.77","2.59","0","1"
"2022/07/24 01:40:00","MHK VL","61756","73.73","2.43","0","1"
"2022/07/24 01:45:00","MHK VL","61756","68.99","2.2","0","1"
"2022/07/24 01:50:00","MHK VL","61756","68.3","2.18","0","1"
"2022/07/24 01:55:00","MHK VL","61756","65.9","2.1","0","1"
"2022/07/24 02:00:00","MHK VL","61756","84.86","2.55","0","1"
"2022/07/24 02:05:00","MHK VL","61756","68.52","1.99","0","1"
"2022/07/24 02:10:00","MHK VL","61756","68.6","1.93","0","1"
"2022/07/24 02:15:00","MHK VL","61756","68.53","1.93","0","1"
"2022/07/24 02:20:00","MHK VL","61756","67.18","1.95","0","1"
"2022/07/24 02:25:00","MHK VL","61756","66.33","1.93","0","1"
"2022/07/24 02:30:00","MHK VL","61756","69.1","1.95","0","1"
"2022/07/24 02:35:00","MHK VL","61756","69.31","1.95","0","1"
"2022/07/24 02:40:00","MHK VL","61756","68.81","1.94","0","1"
"2022/07/24 02:45:00","MHK VL","61756","67.01","1.89","0","1"
"2022/07/24 02:50:00","MHK VL","61756","67.18","1.95","0","1"
"2022/07/24 02:55:00","MHK VL","61756","66.33","1.93","0","1"
"2022/07/24 03:00:00","MHK VL","61756","64.38","1.87","0","1"
"2022/07/24 03:05:00","MHK VL","61756","64.13","1.87","0","1"
"2022/07/24 03:10:00","MHK VL","61756","63.76","1.86","0","1"
"2022/07/24 03:15:00","MHK VL","61756","64.3","1.87","0","1"
"2022/07/24 03:20:00","MHK VL","61756","63.76","1.86","0","1"
"2022/07/24 03:25:00","MHK VL","61756","63.76","1.92","0","1"
"2022/07/24 03:30:00","MHK VL","61756","63.38","1.91","0","1"
"2022/07/24 03:35:00","MHK VL","61756","59.97","1.81","0","1"
"2022/07/24 03:40:00","MHK VL","61756","59.72","1.8","0","1"
"2022/07/24 03:45:00","MHK VL","61756","59.83","1.85","0","1"
"2022/07/24 03:50:00","MHK VL","61756","59.88","1.86","0","1"
"2022/07/24 03:55:00","MHK VL","61756","59.95","1.86","0","1"
"2022/07/24 04:00:00","MHK VL","61756","63.89","2.04","0","1"
"2022/07/24 04:05:00","MHK VL","61756","64.63","2.06","0","1"
"2022/07/24 04:10:00","MHK VL","61756","64.4","2.05","0","1"
"2022/07/24 04:15:00","MHK VL","61756","64.28","1.99","0","1"
"2022/07/24 04:20:00","MHK VL","61756","63.78","1.98","0","1"
"2022/07/24 04:25:00","MHK VL","61756","63.78","2.03","0","1"
"2022/07/24 04:30:00","MHK VL","61756","60.25","1.92","0","1"
"2022/07/24 04:35:00","MHK VL","61756","59.9","1.86","0","1"
"2022/07/24 04:40:00","MHK VL","61756","59.61","1.85","0","1"
"2022/07/24 04:45:00","MHK VL","61756","59","1.83","0","1"
"2022/07/24 04:50:00","MHK VL","61756","58.92","1.77","0","1"
"2022/07/24 04:55:00","MHK VL","61756","58.79","1.82","0","1"
"2022/07/24 05:00:00","MHK VL","61756","60.22","1.87","0","1"
"2022/07/24 05:05:00","MHK VL","61756","63.83","1.98","0","1"
"2022/07/24 05:10:00","MHK VL","61756","59.83","1.85","0","1"
"2022/07/24 05:15:00","MHK VL","61756","60.52","1.82","0","1"
"2022/07/24 05:20:00","MHK VL","61756","60.22","1.81","0","1"
"2022/07/24 05:25:00","MHK VL","61756","60.28","1.81","0","1"
"2022/07/24 05:30:00","MHK VL","61756","59.88","1.8","0","1"
"2022/07/24 05:35:00","MHK VL","61756","59.75","1.8","0","1"
"2022/07/24 05:40:00","MHK VL","61756","59.7","1.8","0","1"
"2022/07/24 05:45:00","MHK VL","61756","59.92","1.74","0","1"
"2022/07/24 05:50:00","MHK VL","61756","59.88","1.8","0","1"
"2022/07/24 05:55:00","MHK VL","61756","59.32","1.73","0","1"
"2022/07/24 06:00:00","MHK VL","61756","50.1","1.51","0","1"
"2022/07/24 06:05:00","MHK VL","61756","60.08","1.81","0","1"
"2022/07/24 06:10:00","MHK VL","61756","57.22","1.72","0","1"
"2022/07/24 06:15:00","MHK VL","61756","59.45","1.79","0","1"
"2022/07/24 06:20:00","MHK VL","61756","58.98","1.78","0","1"
"2022/07/24 06:25:00","MHK VL","61756","59.05","1.72","0","1"
"2022/07/24 06:30:00","MHK VL","61756","60.01","1.81","0","1"
"2022/07/24 06:35:00","MHK VL","61756","59.66","1.8","0","1"
"2022/07/24 06:40:00","MHK VL","61756","63.77","1.92","0","1"
"2022/07/24 06:45:00","MHK VL","61756","64.02","1.98","0","1"
"2022/07/24 06:50:00","MHK VL","61756","64.17","1.99","0","1"
"2022/07/24 06:55:00","MHK VL","61756","64.9","1.95","0","1"
"2022/07/24 07:00:00","MHK VL","61756","42.96","1.29","0","1"
"2022/07/24 07:05:00","MHK VL","61756","54.67","1.59","0","1"
"2022/07/24 07:10:00","MHK VL","61756","49.82","1.45","0","1"
"2022/07/24 07:15:00","MHK VL","61756","54.52","1.54","0","1"
"2022/07/24 07:20:00","MHK VL","61756","55.08","1.6","0","1"
"2022/07/24 07:25:00","MHK VL","61756","55.05","1.6","0","1"
"2022/07/24 07:30:00","MHK VL","61756","54.95","1.65","0","1"
"2022/07/24 07:35:00","MHK VL","61756","55.34","1.72","0","1"
"2022/07/24 07:40:00","MHK VL","61756","56.12","1.74","0","1"
"2022/07/24 07:45:00","MHK VL","61756","57.04","1.82","0","1"
"2022/07/24 07:50:00","MHK VL","61756","59.42","1.96","0","1"
"2022/07/24 07:55:00","MHK VL","61756","59.55","1.96","0","1"
"2022/07/24 08:00:00","MHK VL","61756","59.2","1.95","0","1"
"2022/07/24 08:05:00","MHK VL","61756","59.3","1.89","0","1"
"2022/07/24 08:10:00","MHK VL","61756","59.49","1.96","0","1"
"2022/07/24 08:15:00","MHK VL","61756","59.67","2.02","0","1"
"2022/07/24 08:20:00","MHK VL","61756","63.16","2.19","0","1"
"2022/07/24 08:25:00","MHK VL","61756","63.67","2.21","0","1"
"2022/07/24 08:30:00","MHK VL","61756","65.09","2.26","0","1"
"2022/07/24 08:35:00","MHK VL","61756","66.48","2.37","0","1"
"2022/07/24 08:40:00","MHK VL","61756","66.86","2.39","0","1"
"2022/07/24 08:45:00","MHK VL","61756","66.12","2.29","0","1"
"2022/07/24 08:50:00","MHK VL","61756","65.62","2.28","0","1"
"2022/07/24 08:55:00","MHK VL","61756","65.62","2.28","0","1"
"2022/07/24 09:00:00","MHK VL","61756","65.68","2.28","0","1"
"2022/07/24 09:05:00","MHK VL","61756","65.31","2.33","0","1"
"2022/07/24 09:10:00","MHK VL","61756","66.73","2.32","0","1"
"2022/07/24 09:15:00","MHK VL","61756","65.63","2.34","0","1"
"2022/07/24 09:20:00","MHK VL","61756","65.69","2.35","0","1"
"2022/07/24 09:25:00","MHK VL","61756","68.95","2.39","0","1"
"2022/07/24 09:30:00","MHK VL","61756","69.45","2.48","0","1"
"2022/07/24 09:35:00","MHK VL","61756","71.12","2.54","0","1"
"2022/07/24 09:40:00","MHK VL","61756","71.79","2.56","0","1"
"2022/07/24 09:45:00","MHK VL","61756","71.71","2.56","0","1"
"2022/07/24 09:50:00","MHK VL","61756","71.77","2.63","0","1"
"2022/07/24 09:55:00","MHK VL","61756","71.79","2.56","0","1"
"2022/07/24 10:00:00","MHK VL","61756","69.33","2.54","0","1"
"2022/07/24 10:05:00","MHK VL","61756","69.21","2.53","0","1"
"2022/07/24 10:10:00","MHK VL","61756","71.32","2.61","0","1"
"2022/07/24 10:15:00","MHK VL","61756","77.63","2.84","0","1"
"2022/07/24 10:20:00","MHK VL","61756","78.55","2.88","0","1"
"2022/07/24 10:25:00","MHK VL","61756","80.44","3.02","0","1"
"2022/07/24 10:30:00","MHK VL","61756","82.89","3.11","0","1"
"2022/07/24 10:35:00","MHK VL","61756","93.08","3.41","0","1"
"2022/07/24 10:40:00","MHK VL","61756","93.08","3.49","0","1"
"2022/07/24 10:45:00","MHK VL","61756","93.17","3.49","0","1"
"2022/07/24 10:50:00","MHK VL","61756","93","3.4","0","1"
"2022/07/24 10:55:00","MHK VL","61756","92.99","3.32","0","1"
"2022/07/24 11:00:00","MHK VL","61756","93.24","3.33","0","1"
"2022/07/24 11:05:00","MHK VL","61756","93.39","3.42","0","1"
"2022/07/24 11:10:00","MHK VL","61756","93.62","3.51","0","1"
"2022/07/24 11:15:00","MHK VL","61756","93.54","3.51","0","1"
"2022/07/24 11:20:00","MHK VL","61756","93.62","3.51","0","1"
"2022/07/24 11:25:00","MHK VL","61756","93.72","3.61","0","1"
"2022/07/24 11:30:00","MHK VL","61756","93.75","3.52","0","1"
"2022/07/24 11:35:00","MHK VL","61756","93.67","3.51","0","1"
"2022/07/24 11:40:00","MHK VL","61756","93.75","3.52","0","1"
"2022/07/24 11:45:00","MHK VL","61756","94.82","3.56","0","1"
"2022/07/24 11:50:00","MHK VL","61756","100.52","3.87","0","1"
"2022/07/24 11:55:00","MHK VL","61756","93.93","3.62","0","1"
"2022/07/24 12:00:00","MHK VL","61756","94.14","3.71","0","1"
"2022/07/24 12:05:00","MHK VL","61756","98.88","3.9","0","1"
"2022/07/24 12:10:00","MHK VL","61756","101.91","4.02","0","1"
"2022/07/24 12:15:00","MHK VL","61756","112.14","4.42","0","1"
"2022/07/24 12:20:00","MHK VL","61756","114.18","4.6","0","1"
"2022/07/24 12:25:00","MHK VL","61756","111.84","4.41","0","1"
"2022/07/24 12:30:00","MHK VL","61756","112.64","4.44","0","1"
"2022/07/24 12:35:00","MHK VL","61756","112.51","4.42","-0.29","1"
"2022/07/24 12:40:00","MHK VL","61756","112.71","4.43","-0.27","1"
"2022/07/24 12:45:00","MHK VL","61756","110.52","4.29","-1.65","1"
"2022/07/24 12:50:00","MHK VL","61756","110.65","4.3","-1.4","1"
"2022/07/24 12:55:00","MHK VL","61756","86.3","3.16","-6.02","1"
"2022/07/24 13:00:00","MHK VL","61756","92.11","3.48","-3.74","1"
"2022/07/24 13:05:00","MHK VL","61756","114.09","4.6","0","1"
"2022/07/24 13:10:00","MHK VL","61756","113.99","4.59","0","1"
"2022/07/24 13:15:00","MHK VL","61756","93.58","3.63","-3.59","1"
"2022/07/24 13:20:00","MHK VL","61756","93.1","3.6","-3.71","1"
"2022/07/24 13:25:00","MHK VL","61756","93.48","3.63","-3.52","1"
"2022/07/24 13:30:00","MHK VL","61756","118.03","4.76","0","1"
"2022/07/24 13:35:00","MHK VL","61756","118.46","4.88","0","1"
"2022/07/24 13:40:00","MHK VL","61756","115.4","4.75","0","1"
"2022/07/24 13:45:00","MHK VL","61756","121.21","4.99","0","1"
"2022/07/24 13:50:00","MHK VL","61756","104.94","3.87","-12.99","1"
"2022/07/24 13:52:44","MHK VL","61756","82.65","2.87","-12.99","1"
"2022/07/24 13:54:38","MHK VL","61756","95.16","3.57","-8.61","1"
"2022/07/24 13:55:00","MHK VL","61756","104.24","4.29","0","1"
"2022/07/24 13:55:38","MHK VL","61756","104.24","4.29","0","1"
"2022/07/24 13:58:14","MHK VL","61756","120.21","4.95","0","1"
"2022/07/24 14:00:00","MHK VL","61756","104.63","4.12","-2.31","1"
"2022/07/24 14:05:00","MHK VL","61756","104.63","4.12","-2.31","1"
"2022/07/24 14:10:00","MHK VL","61756","121.64","4.9","0","1"
"2022/07/24 14:15:00","MHK VL","61756","123.01","4.96","0","1"
"2022/07/24 14:20:00","MHK VL","61756","122.3","4.82","0","1"
"2022/07/24 14:25:00","MHK VL","61756","122.95","4.84","0","1"
"2022/07/24 14:30:00","MHK VL","61756","120.64","4.75","0","1"
"2022/07/24 14:35:00","MHK VL","61756","120.66","4.75","0","1"
"2022/07/24 14:36:02","MHK VL","61756","122.95","4.84","0","1"
"2022/07/24 14:37:26","MHK VL","61756","71.83","2.51","-12.17","1"
"2022/07/24 14:40:00","MHK VL","61756","80.7","2.96","-12.11","1"
"2022/07/24 14:45:00","MHK VL","61756","80.7","2.96","-12.11","1"
"2022/07/24 14:47:44","MHK VL","61756","81.33","2.85","-13.58","1"
"2022/07/24 14:50:00","MHK VL","61756","82.19","2.93","-12.49","1"
"2022/07/24 14:52:44","MHK VL","61756","82.19","2.93","-12.49","1"
"2022/07/24 14:55:00","MHK VL","61756","68.92","2.36","-11.76","1"
"2022/07/24 15:00:00","MHK VL","61756","68.92","2.36","-11.76","1"
"2022/07/24 15:05:00","MHK VL","61756","71.03","2.43","-12.11","1"
"2022/07/24 15:10:00","MHK VL","61756","72.18","2.49","-12.92","1"
"2022/07/24 15:15:00","MHK VL","61756","84.56","3.35","-5","1"
"2022/07/24 15:20:00","MHK VL","61756","115.44","4.86","0","1"
"2022/07/24 15:25:00","MHK VL","61756","118.56","4.99","0","1"
"2022/07/24 15:30:00","MHK VL","61756","82.18","3.03","-10.3","1"
"2022/07/24 15:35:00","MHK VL","61756","72.37","2.5","-12.89","1"
"2022/07/24 15:40:00","MHK VL","61756","72.33","2.56","-12.89","1"
"2022/07/24 15:45:00","MHK VL","61756","82.61","3.17","-9.14","1"
"2022/07/24 15:50:00","MHK VL","61756","109.79","4.57","-3.84","1"
"2022/07/24 15:55:00","MHK VL","61756","112.45","4.68","-3.84","1"
"2022/07/24 16:00:00","MHK VL","61756","100.51","4.42","0","1"
"2022/07/24 16:05:00","MHK VL","61756","119.01","5.34","0","1"
"2022/07/24 16:10:00","MHK VL","61756","112.48","5.25","0","1"
"2022/07/24 16:13:14","MHK VL","61756","140.82","6.7","0","1"
"2022/07/24 16:14:26","MHK VL","61756","143.3","6.95","0","1"
"2022/07/24 16:15:00","MHK VL","61756","142.97","6.93","0","1"
"2022/07/24 16:18:08","MHK VL","61756","142.97","6.93","0","1"
"2022/07/24 16:19:38","MHK VL","61756","94.38","3.84","-15.23","1"
"2022/07/24 16:20:00","MHK VL","61756","91.86","3.61","-17.38","1"
"2022/07/24 16:25:00","MHK VL","61756","91.86","3.61","-17.38","1"
"2022/07/24 16:30:00","MHK VL","61756","91.86","3.61","-17.38","1"
"2022/07/24 16:35:00","MHK VL","61756","109.89","2.98","-48.36","1"
"2022/07/24 16:40:00","MHK VL","61756","105.06","2.75","-48.36","1"
"2022/07/24 16:45:00","MHK VL","61756","92.89","2.12","-48.36","1"
"2022/07/24 16:50:00","MHK VL","61756","80.86","1.52","-48.36","1"
"2022/07/24 16:55:00","MHK VL","61756","78.71","1.42","-48.36","1"
"2022/07/24 17:00:00","MHK VL","61756","57.75","0.44","-48.36","1"
"2022/07/24 17:05:00","MHK VL","61756","74.47","1.2","-48.36","1"
"2022/07/24 17:10:00","MHK VL","61756","65.2","0.77","-49","1"
"2022/07/24 17:15:00","MHK VL","61756","63.96","0.7","-49","1"
"2022/07/24 17:20:00","MHK VL","61756","60.2","0.52","-49","1"
"2022/07/24 17:25:00","MHK VL","61756","67.18","1.14","-43.3","1"
"2022/07/24 17:30:00","MHK VL","61756","60.2","0.52","-49","1"
"2022/07/24 17:35:00","MHK VL","61756","72.64","1.42","-42.26","1"
"2022/07/24 17:40:00","MHK VL","61756","72.61","1.39","-42.27","1"
"2022/07/24 17:45:00","MHK VL","61756","60.18","0.5","-49","1"
"2022/07/24 17:50:00","MHK VL","61756","61.21","0.55","-49","1"
"2022/07/24 17:55:00","MHK VL","61756","61.21","0.55","-49","1"
"2022/07/24 18:00:00","MHK VL","61756","61.3","0.54","-49","1"
"2022/07/24 18:05:00","MHK VL","61756","58.23","0.4","-49","1"
"2022/07/24 18:10:00","MHK VL","61756","58.36","0.49","-47.09","1"
"2022/07/24 18:15:00","MHK VL","61756","56.32","0.4","-47.09","1"
"2022/07/24 18:20:00","MHK VL","61756","45.52","-0.07","-47.09","1"
"2022/07/24 18:25:00","MHK VL","61756","53.16","0.26","-47.09","1"
"2022/07/24 18:30:00","MHK VL","61756","45.53","-0.07","-47.09","1"
"2022/07/24 18:35:00","MHK VL","61756","45.53","-0.07","-47.09","1"
"2022/07/24 18:40:00","MHK VL","61756","45.53","-0.07","-47.09","1"
"2022/07/24 18:45:00","MHK VL","61756","40.21","-0.29","-47.09","1"
"2022/07/24 18:50:00","MHK VL","61756","40.21","-0.28","-47.09","1"
"2022/07/24 18:55:00","MHK VL","61756","40.06","-0.2","-44.73","1"
"2022/07/24 19:00:00","MHK VL","61756","55.33","0.89","-34.2","1"
"2022/07/24 19:05:00","MHK VL","61756","-6.37","-2.25","-47.09","1"
"2022/07/24 19:10:00","MHK VL","61756","44.04","0.58","-30.25","1"
"2022/07/24 19:15:00","MHK VL","61756","38.75","0.31","-31.27","1"
"2022/07/24 19:20:00","MHK VL","61756","28.52","-0.43","-38.64","1"
"2022/07/24 19:25:00","MHK VL","61756","-8.78","-2.2","-43.4","1"
"2022/07/24 19:30:00","MHK VL","61756","105.54","2.52","-45.68","1"
"2022/07/24 19:35:00","MHK VL","61756","95.69","1.99","-46.32","1"
"2022/07/24 19:40:00","MHK VL","61756","60.23","1.2","-30.49","1"
"2022/07/24 19:45:00","MHK VL","61756","54.7","1.2","-25.65","1"
"2022/07/24 19:50:00","MHK VL","61756","54.09","1.36","-20.43","1"
"2022/07/24 19:55:00","MHK VL","61756","69.77","2.26","-13.61","1"
"2022/07/24 20:00:00","MHK VL","61756","72.02","2.3","-13.61","1"
"2022/07/24 20:05:00","MHK VL","61756","71.84","2.29","-13.61","1"
"2022/07/24 20:10:00","MHK VL","61756","58.17","2.34","0","1"
"2022/07/24 20:15:00","MHK VL","61756","72.93","2.94","0","1"
"2022/07/24 20:20:00","MHK VL","61756","66.15","2.67","0","1"
"2022/07/24 20:25:00","MHK VL","61756","59.06","2.43","0","1"
"2022/07/24 20:30:00","MHK VL","61756","59.13","2.38","0","1"
"2022/07/24 20:35:00","MHK VL","61756","116.83","4.6","0","1"
"2022/07/24 20:40:00","MHK VL","61756","70.61","2.78","0","1"
"2022/07/24 20:45:00","MHK VL","61756","63.04","2.48","0","1"
"2022/07/24 20:50:00","MHK VL","61756","71.39","2.81","0","1"
"2022/07/24 20:55:00","MHK VL","61756","121.03","4.88","0","1"
"2022/07/24 21:00:00","MHK VL","61756","118.21","4.76","0","1"
"2022/07/24 21:05:00","MHK VL","61756","112.58","4.54","0","1"
"2022/07/24 21:10:00","MHK VL","61756","112.65","4.44","0","1"
"2022/07/24 21:15:00","MHK VL","61756","123.82","4.77","0","1"
"2022/07/24 21:20:00","MHK VL","61756","77.85","3","0","1"
"2022/07/24 21:25:00","MHK VL","61756","136.54","5.38","0","1"
"2022/07/24 21:30:00","MHK VL","61756","124.09","4.89","0","1"
"2022/07/24 21:35:00","MHK VL","61756","112.36","4.43","0","1"
"2022/07/24 21:40:00","MHK VL","61756","112.42","4.33","0","1"
"2022/07/24 21:45:00","MHK VL","61756","105.53","3.96","0","1"
"2022/07/24 21:50:00","MHK VL","61756","105.35","4.06","0","1"
"2022/07/24 21:55:00","MHK VL","61756","111.51","4.29","0","1"
"2022/07/24 22:00:00","MHK VL","61756","111.01","4.27","0","1"
"2022/07/24 22:05:00","MHK VL","61756","81.56","2.98","-4.08","1"
"2022/07/24 22:10:00","MHK VL","61756","107.73","4.04","0","1"
"2022/07/24 22:15:00","MHK VL","61756","86.93","3.26","0","1"
"2022/07/24 22:20:00","MHK VL","61756","83.66","3.14","0","1"
"2022/07/24 22:25:00","MHK VL","61756","68.17","2.43","0","1"
"2022/07/24 22:30:00","MHK VL","61756","80.14","2.86","0","1"
"2022/07/24 22:35:00","MHK VL","61756","104.1","3.81","0","1"
"2022/07/24 22:40:00","MHK VL","61756","104.01","3.81","0","1"
"2022/07/24 22:45:00","MHK VL","61756","69.15","2.47","0","1"
"2022/07/24 22:50:00","MHK VL","61756","87.94","3.11","-0.94","1"
"2022/07/24 22:55:00","MHK VL","61756","70.47","2.37","-4.12","1"
"2022/07/24 23:00:00","MHK VL","61756","111.41","3.98","0","1"
"2022/07/24 23:05:00","MHK VL","61756","95.89","3.24","0","1"
"2022/07/24 23:10:00","MHK VL","61756","95.89","3.33","0","1"
"2022/07/24 23:15:00","MHK VL","61756","95.8","3.24","0","1"
"2022/07/24 23:20:00","MHK VL","61756","89.89","3.04","0","1"
"2022/07/24 23:25:00","MHK VL","61756","81.18","2.67","0","1"
"2022/07/24 23:30:00","MHK VL","61756","80.45","2.65","0","1"
"2022/07/24 23:35:00","MHK VL","61756","77.89","2.56","0","1"
"2022/07/24 23:40:00","MHK VL","61756","76.43","2.51","0","1"
"2022/07/24 23:45:00","MHK VL","61756","78.03","2.64","0","1"
"2022/07/24 23:50:00","MHK VL","61756","81.33","2.75","0","1"
"2022/07/24 23:55:00","MHK VL","61756","89.04","2.93","0","1"
"2022/07/25 00:00:00","MHK VL","61756","100.77","3.21","0","1"
"2022/07/25 00:05:00","MHK VL","61756","70.72","2.26","0","1"
"2022/07/25 00:10:00","MHK VL","61756","69.66","2.16","0","1"
"2022/07/25 00:15:00","MHK VL","61756","65.96","1.92","0","1"
"2022/07/25 00:20:00","MHK VL","61756","65.96","1.92","0","1"
"2022/07/25 00:25:00","MHK VL","61756","64.44","1.94","0","1"
"2022/07/25 00:30:00","MHK VL","61756","66.09","2.05","0","1"
"2022/07/25 00:35:00","MHK VL","61756","65.05","1.96","0","1"
"2022/07/25 00:40:00","MHK VL","61756","64.33","1.94","0","1"
"2022/07/25 00:45:00","MHK VL","61756","64.18","1.93","0","1"
"2022/07/25 00:50:00","MHK VL","61756","64.33","1.94","0","1"
"2022/07/25 00:55:00","MHK VL","61756","64.27","1.93","0","1"
"2022/07/25 01:00:00","MHK VL","61756","75.82","2.35","0","1"
"2022/07/25 01:05:00","MHK VL","61756","72.86","2.26","0","1"
"2022/07/25 01:10:00","MHK VL","61756","72.99","2.2","0","1"
"2022/07/25 01:15:00","MHK VL","61756","80.28","2.26","0","1"
"2022/07/25 01:20:00","MHK VL","61756","85.22","2.4","0","1"
"2022/07/25 01:25:00","MHK VL","61756","84.77","2.47","0","1"
"2022/07/25 01:30:00","MHK VL","61756","84.78","2.39","0","1"
"2022/07/25 01:35:00","MHK VL","61756","84.6","2.39","0","1"
"2022/07/25 01:40:00","MHK VL","61756","84.7","2.3","0","1"
"2022/07/25 01:45:00","MHK VL","61756","92.95","2.53","0","1"
"2022/07/25 01:50:00","MHK VL","61756","91.59","2.49","0","1"
"2022/07/25 01:55:00","MHK VL","61756","84.96","2.31","0","1"
"2022/07/25 02:00:00","MHK VL","61756","105.34","2.87","0","1"
"2022/07/25 02:05:00","MHK VL","61756","101.61","2.76","0","1"
"2022/07/25 02:10:00","MHK VL","61756","105.53","2.87","0","1"
"2022/07/25 02:15:00","MHK VL","61756","101.6","2.57","0","1"
"2022/07/25 02:20:00","MHK VL","61756","101.52","2.67","0","1"
"2022/07/25 02:25:00","MHK VL","61756","85.68","2.25","0","1"
"2022/07/25 02:30:00","MHK VL","61756","85.58","2.33","0","1"
"2022/07/25 02:35:00","MHK VL","61756","99.9","2.82","0","1"
"2022/07/25 02:40:00","MHK VL","61756","85.65","2.49","0","1"
"2022/07/25 02:45:00","MHK VL","61756","85.31","2.41","0","1"
"2022/07/25 02:50:00","MHK VL","61756","79.73","2.17","0","1"
"2022/07/25 02:55:00","MHK VL","61756","79.58","2.09","0","1"
"2022/07/25 03:00:00","MHK VL","61756","81.03","2.2","0","1"
"2022/07/25 03:05:00","MHK VL","61756","84.2","2.37","0","1"
"2022/07/25 03:10:00","MHK VL","61756","92.41","2.61","0","1"
"2022/07/25 03:15:00","MHK VL","61756","70.24","1.98","0","1"
"2022/07/25 03:20:00","MHK VL","61756","70.31","2.05","0","1"
"2022/07/25 03:25:00","MHK VL","61756","70.24","1.98","0","1"
"2022/07/25 03:30:00","MHK VL","61756","73.58","2.07","0","1"
"2022/07/25 03:35:00","MHK VL","61756","73.65","2","0","1"
"2022/07/25 03:40:00","MHK VL","61756","73.58","2","0","1"
"2022/07/25 03:45:00","MHK VL","61756","73.36","1.93","0","1"
"2022/07/25 03:50:00","MHK VL","61756","73.2","1.99","0","1"
"2022/07/25 03:55:00","MHK VL","61756","73.35","2","0","1"
"2022/07/25 04:00:00","MHK VL","61756","68.17","1.98","0","1"
"2022/07/25 04:05:00","MHK VL","61756","66.43","1.87","0","1"
"2022/07/25 04:10:00","MHK VL","61756","66.37","1.81","0","1"
"2022/07/25 04:15:00","MHK VL","61756","66.48","1.75","0","1"
"2022/07/25 04:20:00","MHK VL","61756","68.4","1.8","0","1"
"2022/07/25 04:25:00","MHK VL","61756","68.12","1.79","0","1"
"2022/07/25 04:30:00","MHK VL","61756","66.54","1.75","0","1"
"2022/07/25 04:35:00","MHK VL","61756","68.25","1.86","0","1"
"2022/07/25 04:40:00","MHK VL","61756","68.25","1.86","0","1"
"2022/07/25 04:45:00","MHK VL","61756","68.39","1.86","0","1"
"2022/07/25 04:50:00","MHK VL","61756","68.76","1.87","0","1"
"2022/07/25 04:55:00","MHK VL","61756","70.17","1.91","0","1"
"2022/07/25 05:00:00","MHK VL","61756","70.25","1.91","0","1"
"2022/07/25 05:05:00","MHK VL","61756","73.43","2","0","1"
"2022/07/25 05:10:00","MHK VL","61756","80.5","2.19","0","1"
"2022/07/25 05:15:00","MHK VL","61756","80.65","2.27","0","1"
"2022/07/25 05:20:00","MHK VL","61756","80.57","2.19","0","1"
"2022/07/25 05:25:00","MHK VL","61756","73.44","2.07","0","1"
"2022/07/25 05:30:00","MHK VL","61756","73.5","2.07","0","1"
"2022/07/25 05:35:00","MHK VL","61756","80.81","2.35","0","1"
"2022/07/25 05:40:00","MHK VL","61756","80.66","2.35","0","1"
"2022/07/25 05:45:00","MHK VL","61756","84.1","2.53","0","1"
"2022/07/25 05:50:00","MHK VL","61756","103.96","3.13","0","1"
"2022/07/25 05:55:00","MHK VL","61756","105.09","3.26","0","1"
"2022/07/25 06:00:00","MHK VL","61756","65.69","2.04","0","1"
"2022/07/25 06:05:00","MHK VL","61756","68.59","2.13","0","1"
"2022/07/25 06:10:00","MHK VL","61756","71.16","2.41","0","1"
"2022/07/25 06:15:00","MHK VL","61756","78.54","2.73","0","1"
"2022/07/25 06:20:00","MHK VL","61756","80.97","2.81","0","1"
"2022/07/25 06:25:00","MHK VL","61756","81.59","2.91","0","1"
"2022/07/25 06:30:00","MHK VL","61756","81.05","2.89","0","1"
"2022/07/25 06:35:00","MHK VL","61756","79.93","2.93","0","1"
"2022/07/25 06:40:00","MHK VL","61756","81.06","2.97","0","1"
"2022/07/25 06:45:00","MHK VL","61756","81.94","3","0","1"
"2022/07/25 06:50:00","MHK VL","61756","104.01","3.81","0","1"
"2022/07/25 06:55:00","MHK VL","61756","110.69","4.05","0","1"
"2022/07/25 07:00:00","MHK VL","61756","81.2","3.05","0","1"
"2022/07/25 07:05:00","MHK VL","61756","81.13","3.04","0","1"
"2022/07/25 07:10:00","MHK VL","61756","102.71","3.95","0","1"
"2022/07/25 07:15:00","MHK VL","61756","94.67","3.73","0","1"
"2022/07/25 07:20:00","MHK VL","61756","101.08","3.89","0","1"
"2022/07/25 07:25:00","MHK VL","61756","102.43","3.94","0","1"
"2022/07/25 07:30:00","MHK VL","61756","103.94","4.1","0","1"
"2022/07/25 07:35:00","MHK VL","61756","108.97","4.39","0","1"
"2022/07/25 07:40:00","MHK VL","61756","108.71","4.28","0","1"
"2022/07/25 07:45:00","MHK VL","61756","109.07","4.4","0","1"
"2022/07/25 07:50:00","MHK VL","61756","111.25","4.48","0","1"
"2022/07/25 07:55:00","MHK VL","61756","109.18","4.4","0","1"
"2022/07/25 08:00:00","MHK VL","61756","108.67","4.38","0","1"
"2022/07/25 08:05:00","MHK VL","61756","111.45","4.49","0","1"
"2022/07/25 08:10:00","MHK VL","61756","111.74","4.4","0","1"
"2022/07/25 08:15:00","MHK VL","61756","111.54","4.39","0","1"
"2022/07/25 08:20:00","MHK VL","61756","111.65","4.5","0","1"
"2022/07/25 08:25:00","MHK VL","61756","111.54","4.39","0","1"
"2022/07/25 08:30:00","MHK VL","61756","111.75","4.4","0","1"
"2022/07/25 08:35:00","MHK VL","61756","111.95","4.41","0","1"
"2022/07/25 08:40:00","MHK VL","61756","111.45","4.39","0","1"
"2022/07/25 08:45:00","MHK VL","61756","111.62","4.4","0","1"
"2022/07/25 08:50:00","MHK VL","61756","111.65","4.4","0","1"
"2022/07/25 08:55:00","MHK VL","61756","111.66","4.5","0","1"
"2022/07/25 09:00:00","MHK VL","61756","106.83","4.21","0","1"
"2022/07/25 09:05:00","MHK VL","61756","111.96","4.51","0","1"
"2022/07/25 09:10:00","MHK VL","61756","107.9","4.35","0","1"
"2022/07/25 09:15:00","MHK VL","61756","109.83","4.43","0","1"
"2022/07/25 09:20:00","MHK VL","61756","108.86","4.39","0","1"
"2022/07/25 09:25:00","MHK VL","61756","107.84","4.25","0","1"
"2022/07/25 09:30:00","MHK VL","61756","111.71","4.4","0","1"
"2022/07/25 09:35:00","MHK VL","61756","112.31","4.53","0","1"
"2022/07/25 09:40:00","MHK VL","61756","112.31","4.53","0","1"
"2022/07/25 09:45:00","MHK VL","61756","112.02","4.51","0","1"
"2022/07/25 09:50:00","MHK VL","61756","112.02","4.51","0","1"
"2022/07/25 09:55:00","MHK VL","61756","112.31","4.53","0","1"
"2022/07/25 10:00:00","MHK VL","61756","117.76","4.85","0","1"
"2022/07/25 10:05:00","MHK VL","61756","199.63","8.22","0","1"
"2022/07/25 10:10:00","MHK VL","61756","140.26","5.65","0","1"
"2022/07/25 10:15:00","MHK VL","61756","123.43","5.09","0","1"
"2022/07/25 10:20:00","MHK VL","61756","118.9","4.9","0","1"
"2022/07/25 10:25:00","MHK VL","61756","116.88","4.71","0","1"
"2022/07/25 10:30:00","MHK VL","61756","117.05","4.72","0","1"
"2022/07/25 10:35:00","MHK VL","61756","119.65","4.71","0","1"
"2022/07/25 10:40:00","MHK VL","61756","117.26","4.51","0","1"
"2022/07/25 10:45:00","MHK VL","61756","111.64","4.3","0","1"
"2022/07/25 10:50:00","MHK VL","61756","113.87","4.38","0","1"
"2022/07/25 10:55:00","MHK VL","61756","125.77","4.96","0","1"
"2022/07/25 11:00:00","MHK VL","61756","22.7","0.87","0","1"
"2022/07/25 11:05:00","MHK VL","61756","51.16","2.02","0","1"
"2022/07/25 11:10:00","MHK VL","61756","48.29","1.86","0","1"
"2022/07/25 11:15:00","MHK VL","61756","61.31","2.02","-8.88","1"
"2022/07/25 11:20:00","MHK VL","61756","73.07","2.03","-20.33","1"
"2022/07/25 11:25:00","MHK VL","61756","58.5","1.57","-16.52","1"
"2022/07/25 11:30:00","MHK VL","61756","41.85","1.57","0","1"
"2022/07/25 11:35:00","MHK VL","61756","48.1","1.76","0","1"
"2022/07/25 11:40:00","MHK VL","61756","41.72","1.56","0","1"
"2022/07/25 11:45:00","MHK VL","61756","36.47","1.33","0","1"
"2022/07/25 11:50:00","MHK VL","61756","47.68","1.7","-0.01","1"
"2022/07/25 11:55:00","MHK VL","61756","36.47","1.37","0","1"
"2022/07/25 12:00:00","MHK VL","61756","36.29","1.33","0","1"
"2022/07/25 12:05:00","MHK VL","61756","11.58","0.41","0","1"
"2022/07/25 12:10:00","MHK VL","61756","-9.67","-0.35","0","1"
"2022/07/25 12:15:00","MHK VL","61756","-7.76","-0.28","0","1"
"2022/07/25 12:20:00","MHK VL","61756","25.75","0.92","0","1"
"2022/07/25 12:25:00","MHK VL","61756","25.7","0.89","0","1"
"2022/07/25 12:30:00","MHK VL","61756","25.7","0.89","0","1"
"2022/07/25 12:35:00","MHK VL","61756","25.49","0.88","0","1"
"2022/07/25 12:40:00","MHK VL","61756","25.3","0.88","0","1"
"2022/07/25 12:45:00","MHK VL","61756","-1.19","-0.04","0","1"
"2022/07/25 12:50:00","MHK VL","61756","24.84","0.86","0","1"
"2022/07/25 12:55:00","MHK VL","61756","24.74","0.88","0","1"
"2022/07/25 13:00:00","MHK VL","61756","65.72","2.41","0","1"
"2022/07/25 13:05:00","MHK VL","61756","24.98","0.89","0","1"
"2022/07/25 13:10:00","MHK VL","61756","-7.82","-0.27","0","1"
"2022/07/25 13:15:00","MHK VL","61756","-7.29","-0.25","0","1"
"2022/07/25 13:20:00","MHK VL","61756","-7.88","-0.27","0","1"
"2022/07/25 13:25:00","MHK VL","61756","-7.39","-0.24","0","1"
"2022/07/25 13:30:00","MHK VL","61756","20.5","0.65","0","1"
"2022/07/25 13:35:00","MHK VL","61756","19.48","0.64","0","1"
"2022/07/25 13:40:00","MHK VL","61756","19.5","0.64","0","1"
"2022/07/25 13:45:00","MHK VL","61756","17.52","0.58","0","1"
"2022/07/25 13:50:00","MHK VL","61756","10.42","0.33","0","1"
"2022/07/25 13:55:00","MHK VL","61756","21.79","0.7","0","1"
"2022/07/25 14:00:00","MHK VL","61756","25.05","0.78","0","1"
"2022/07/25 14:05:00","MHK VL","61756","24.93","0.77","0","1"
"2022/07/25 14:10:00","MHK VL","61756","24.79","0.77","0","1"
"2022/07/25 14:15:00","MHK VL","61756","32.06","1.02","0","1"
"2022/07/25 14:20:00","MHK VL","61756","25.12","0.78","0","1"
"2022/07/25 14:25:00","MHK VL","61756","25.12","0.8","0","1"
"2022/07/25 14:30:00","MHK VL","61756","25","0.8","0","1"
"2022/07/25 14:35:00","MHK VL","61756","24.86","0.79","0","1"
"2022/07/25 14:40:00","MHK VL","61756","25.07","0.82","0","1"
"2022/07/25 14:45:00","MHK VL","61756","24.81","0.84","0","1"
"2022/07/25 14:50:00","MHK VL","61756","24.98","0.84","0","1"
"2022/07/25 14:55:00","MHK VL","61756","24.98","0.87","0","1"
"2022/07/25 15:00:00","MHK VL","61756","94.13","3.27","0","1"
"2022/07/25 15:05:00","MHK VL","61756","93.45","3.24","0","1"
"2022/07/25 15:10:00","MHK VL","61756","93.58","3.34","0","1"
"2022/07/25 15:15:00","MHK VL","61756","93.28","3.24","0","1"
"2022/07/25 15:20:00","MHK VL","61756","93.15","3.23","0","1"
"2022/07/25 15:25:00","MHK VL","61756","92.98","3.23","0","1"
"2022/07/25 15:30:00","MHK VL","61756","92.89","3.14","0","1"
"2022/07/25 15:35:00","MHK VL","61756","92.94","3.23","0","1"
"2022/07/25 15:40:00","MHK VL","61756","92.69","3.22","0","1"
"2022/07/25 15:45:00","MHK VL","61756","92.65","3.21","0","1"
"2022/07/25 15:50:00","MHK VL","61756","92.63","3.31","0","1"
"2022/07/25 15:55:00","MHK VL","61756","92.45","3.21","0","1"
"2022/07/25 16:00:00","MHK VL","61756","92.5","3.39","0","1"
"2022/07/25 16:05:00","MHK VL","61756","92.51","3.47","0","1"
"2022/07/25 16:10:00","MHK VL","61756","101.02","3.66","-8.21","1"
"2022/07/25 16:15:00","MHK VL","61756","100.94","3.65","-8.21","1"
"2022/07/25 16:20:00","MHK VL","61756","92.64","3.57","0","1"
"2022/07/25 16:25:00","MHK VL","61756","92.8","3.57","0","1"
"2022/07/25 16:30:00","MHK VL","61756","92.83","3.48","0","1"
"2022/07/25 16:35:00","MHK VL","61756","92.92","3.48","0","1"
"2022/07/25 16:40:00","MHK VL","61756","92.92","3.48","0","1"
"2022/07/25 16:45:00","MHK VL","61756","94.46","3.54","0","1"
"2022/07/25 16:50:00","MHK VL","61756","103.23","3.97","0","1"
"2022/07/25 16:55:00","MHK VL","61756","103.23","3.97","0","1"
"2022/07/25 17:00:00","MHK VL","61756","105.48","3.96","0","1"
"2022/07/25 17:05:00","MHK VL","61756","105.38","4.06","0","1"
"2022/07/25 17:10:00","MHK VL","61756","110.13","4.34","0","1"
"2022/07/25 17:15:00","MHK VL","61756","106.34","4.19","0","1"
"2022/07/25 17:20:00","MHK VL","61756","106.73","4.21","0","1"
"2022/07/25 17:25:00","MHK VL","61756","115.6","4.55","0","1"
"2022/07/25 17:30:00","MHK VL","61756","115.8","4.56","0","1"
"2022/07/25 17:35:00","MHK VL","61756","125.15","4.93","0","1"
"2022/07/25 17:40:00","MHK VL","61756","120.16","4.73","0","1"
"2022/07/25 17:45:00","MHK VL","61756","116.77","4.5","0","1"
"2022/07/25 17:50:00","MHK VL","61756","124.81","4.81","0","1"
"2022/07/25 17:55:00","MHK VL","61756","117.14","4.51","0","1"
"2022/07/25 18:00:00","MHK VL","61756","127.27","4.9","0","1"
"2022/07/25 18:05:00","MHK VL","61756","127.4","4.9","0","1"
"2022/07/25 18:10:00","MHK VL","61756","127.64","5.14","0","1"
"2022/07/25 18:15:00","MHK VL","61756","122.16","4.92","0","1"
"2022/07/25 18:20:00","MHK VL","61756","118.4","4.77","0","1"
"2022/07/25 18:25:00","MHK VL","61756","125.6","5.06","0","1"
"2022/07/25 18:30:00","MHK VL","61756","133.18","5.25","0","1"
"2022/07/25 18:35:00","MHK VL","61756","134.5","5.03","-6.95","1"
"2022/07/25 18:40:00","MHK VL","61756","134.5","5.03","-6.95","1"
"2022/07/25 18:45:00","MHK VL","61756","134.46","5.18","0","1"
"2022/07/25 18:50:00","MHK VL","61756","134.85","5.31","0","1"
"2022/07/25 18:55:00","MHK VL","61756","123.01","4.85","0","1"
"2022/07/25 19:00:00","MHK VL","61756","123.05","4.85","0","1"
"2022/07/25 19:05:00","MHK VL","61756","102.04","3.93","0","1"
"2022/07/25 19:10:00","MHK VL","61756","108.44","4.27","0","1"
"2022/07/25 19:15:00","MHK VL","61756","108.67","4.18","0","1"
"2022/07/25 19:20:00","MHK VL","61756","110.93","4.37","0","1"
"2022/07/25 19:25:00","MHK VL","61756","109.93","4.23","0","1"
"2022/07/25 19:30:00","MHK VL","61756","110.61","4.36","0","1"
"2022/07/25 19:35:00","MHK VL","61756","114.68","4.52","0","1"
"2022/07/25 19:40:00","MHK VL","61756","114.68","4.52","0","1"
"2022/07/25 19:45:00","MHK VL","61756","115.2","4.75","0","1"
"2022/07/25 19:50:00","MHK VL","61756","115.1","4.64","0","1"
"2022/07/25 19:55:00","MHK VL","61756","114.89","4.63","0","1"
"2022/07/25 20:00:00","MHK VL","61756","114.68","4.52","0","1"
"2022/07/25 20:05:00","MHK VL","61756","103.3","4.07","0","1"
"2022/07/25 20:10:00","MHK VL","61756","111.2","4.48","0","1"
"2022/07/25 20:15:00","MHK VL","61756","111.93","4.51","0","1"
"2022/07/25 20:20:00","MHK VL","61756","112.03","4.51","0","1"
"2022/07/25 20:25:00","MHK VL","61756","112.17","4.52","0","1"
"2022/07/25 20:30:00","MHK VL","61756","112.78","4.54","0","1"
"2022/07/25 20:35:00","MHK VL","61756","114.38","4.61","0","1"
"2022/07/25 20:40:00","MHK VL","61756","97.27","3.77","-3.78","1"
"2022/07/25 20:45:00","MHK VL","61756","95.64","3.64","-3.22","1"
"2022/07/25 20:50:00","MHK VL","61756","114.08","4.7","0","1"
"2022/07/25 20:55:00","MHK VL","61756","110.23","4.54","0","1"
"2022/07/25 21:00:00","MHK VL","61756","109.77","4.52","0","1"
"2022/07/25 21:05:00","MHK VL","61756","93.73","3.86","0","1"
"2022/07/25 21:10:00","MHK VL","61756","93.61","3.86","0","1"
"2022/07/25 21:15:00","MHK VL","61756","95.75","3.86","0","1"
"2022/07/25 21:20:00","MHK VL","61756","95.74","3.94","0","1"
"2022/07/25 21:25:00","MHK VL","61756","95.63","3.94","0","1"
"2022/07/25 21:30:00","MHK VL","61756","93.52","3.77","0","1"
"2022/07/25 21:35:00","MHK VL","61756","93.31","3.76","0","1"
"2022/07/25 21:40:00","MHK VL","61756","93.36","3.76","0","1"
"2022/07/25 21:45:00","MHK VL","61756","93.44","3.77","0","1"
"2022/07/25 21:50:00","MHK VL","61756","93.52","3.77","0","1"
"2022/07/25 21:55:00","MHK VL","61756","93.24","3.67","0","1"
"2022/07/25 22:00:00","MHK VL","61756","142.07","5.6","0","1"
"2022/07/25 22:05:00","MHK VL","61756","89.64","3.53","0","1"
"2022/07/25 22:10:00","MHK VL","61756","89.17","3.51","0","1"
"2022/07/25 22:15:00","MHK VL","61756","93.32","3.59","0","1"
"2022/07/25 22:20:00","MHK VL","61756","89.75","3.46","0","1"
"2022/07/25 22:25:00","MHK VL","61756","89.37","3.44","0","1"
"2022/07/25 22:30:00","MHK VL","61756","89.09","3.43","0","1"
"2022/07/25 22:35:00","MHK VL","61756","83.43","3.13","0","1"
"2022/07/25 22:40:00","MHK VL","61756","83.61","3.14","0","1"
"2022/07/25 22:45:00","MHK VL","61756","83.16","3.12","0","1"
"2022/07/25 22:50:00","MHK VL","61756","77.98","3","0","1"
"2022/07/25 22:55:00","MHK VL","61756","77.98","3","0","1"
"2022/07/25 23:00:00","MHK VL","61756","82.72","3.1","0","1"
"2022/07/25 23:05:00","MHK VL","61756","82.91","3.03","0","1"
"2022/07/25 23:10:00","MHK VL","61756","82.91","3.03","0","1"
"2022/07/25 23:15:00","MHK VL","61756","77.83","2.85","0","1"
"2022/07/25 23:20:00","MHK VL","61756","77.46","2.84","0","1"
"2022/07/25 23:25:00","MHK VL","61756","74.54","2.73","0","1"
"2022/07/25 23:30:00","MHK VL","61756","70.66","2.52","0","1"
"2022/07/25 23:35:00","MHK VL","61756","69.99","2.5","0","1"
"2022/07/25 23:40:00","MHK VL","61756","67.56","2.41","0","1"
"2022/07/25 23:45:00","MHK VL","61756","67.63","2.41","0","1"
"2022/07/25 23:50:00","MHK VL","61756","68.07","2.36","0","1"
"2022/07/25 23:55:00","MHK VL","61756","69.45","2.48","0","1"
"2022/07/26 00:00:00","MHK VL","61756","68.27","2.37","0","1"
"2022/07/26 00:05:00","MHK VL","61756","61.95","2.09","0","1"
"2022/07/26 00:10:00","MHK VL","61756","62.22","1.93","0","1"
"2022/07/26 00:15:00","MHK VL","61756","63.61","1.97","0","1"
"2022/07/26 00:20:00","MHK VL","61756","64.62","2","0","1"
"2022/07/26 00:25:00","MHK VL","61756","54.95","1.73","0.94","1"
"2022/07/26 00:30:00","MHK VL","61756","61.83","1.93","0.46","1"
"2022/07/26 00:35:00","MHK VL","61756","63.92","1.94","0.44","1"
"2022/07/26 00:40:00","MHK VL","61756","61.98","1.88","0.57","1"
"2022/07/26 00:45:00","MHK VL","61756","63.12","1.87","-0.98","1"
"2022/07/26 00:50:00","MHK VL","61756","61.66","1.88","0.68","1"
"2022/07/26 00:55:00","MHK VL","61756","65.19","1.97","0.21","1"
"2022/07/26 01:00:00","MHK VL","61756","70.06","2.17","0.03","1"
"2022/07/26 01:05:00","MHK VL","61756","67.87","2.04","0","1"
"2022/07/26 01:10:00","MHK VL","61756","68.23","1.99","0","1"
"2022/07/26 01:15:00","MHK VL","61756","68.45","1.99","0","1"
"2022/07/26 01:20:00","MHK VL","61756","67.38","1.96","0","1"
"2022/07/26 01:25:00","MHK VL","61756","66.63","1.94","0","1"
"2022/07/26 01:30:00","MHK VL","61756","66.07","1.92","0","1"
"2022/07/26 01:35:00","MHK VL","61756","65.33","1.84","0","1"
"2022/07/26 01:40:00","MHK VL","61756","62.71","1.77","0","1"
"2022/07/26 01:45:00","MHK VL","61756","64.32","1.81","0","1"
"2022/07/26 01:50:00","MHK VL","61756","62.65","1.77","0","1"
"2022/07/26 01:55:00","MHK VL","61756","63.85","1.86","0","1"
"2022/07/26 02:00:00","MHK VL","61756","62.58","1.76","0","1"
"2022/07/26 02:05:00","MHK VL","61756","61.64","1.8","0.13","1"
"2022/07/26 02:10:00","MHK VL","61756","61.73","1.74","0.12","1"
"2022/07/26 02:15:00","MHK VL","61756","61.93","1.75","0.11","1"
"2022/07/26 02:20:00","MHK VL","61756","61.97","1.69","0","1"
"2022/07/26 02:25:00","MHK VL","61756","53.06","1.44","0","1"
"2022/07/26 02:30:00","MHK VL","61756","55.73","1.52","0","1"
"2022/07/26 02:35:00","MHK VL","61756","55.35","1.51","0","1"
"2022/07/26 02:40:00","MHK VL","61756","55.13","1.45","0","1"
"2022/07/26 02:45:00","MHK VL","61756","46.34","1.22","0","1"
"2022/07/26 02:50:00","MHK VL","61756","48.72","1.33","0","1"
"2022/07/26 02:55:00","MHK VL","61756","41.97","1.18","0","1"
"2022/07/26 03:00:00","MHK VL","61756","52.79","1.49","0","1"
"2022/07/26 03:05:00","MHK VL","61756","50.88","1.38","0","1"
"2022/07/26 03:10:00","MHK VL","61756","55.68","1.51","0","1"
"2022/07/26 03:15:00","MHK VL","61756","57.01","1.55","0","1"
"2022/07/26 03:18:54","MHK VL","61756","50.26","1.32","0","1"
"2022/07/26 03:20:00","MHK VL","61756","63.26","1.66","0","1"
"2022/07/26 03:20:12","MHK VL","61756","63.26","1.66","0","1"
"2022/07/26 03:25:00","MHK VL","61756","61.9","1.68","0","1"
"2022/07/26 03:30:00","MHK VL","61756","61.9","1.68","0","1"
"2022/07/26 03:35:00","MHK VL","61756","59.52","1.62","0","1"
"2022/07/26 03:40:00","MHK VL","61756","61.72","1.68","0","1"
"2022/07/26 03:45:00","MHK VL","61756","61.65","1.68","0","1"
"2022/07/26 03:50:00","MHK VL","61756","61.98","1.63","0","1"
"2022/07/26 03:55:00","MHK VL","61756","61.78","1.62","0","1"
"2022/07/26 04:00:00","MHK VL","61756","61.6","1.62","0","1"
"2022/07/26 04:05:00","MHK VL","61756","58.13","1.58","0","1"
"2022/07/26 04:10:00","MHK VL","61756","59.11","1.61","0","1"
"2022/07/26 04:15:00","MHK VL","61756","58.85","1.6","0","1"
"2022/07/26 04:20:00","MHK VL","61756","61.91","1.68","0","1"
"2022/07/26 04:25:00","MHK VL","61756","59.7","1.68","0","1"
"2022/07/26 04:30:00","MHK VL","61756","59.69","1.68","0","1"
"2022/07/26 04:35:00","MHK VL","61756","61.85","1.74","0","1"
"2022/07/26 04:40:00","MHK VL","61756","59.69","1.68","0","1"
"2022/07/26 04:45:00","MHK VL","61756","61.82","1.68","0","1"
"2022/07/26 04:50:00","MHK VL","61756","61.72","1.74","0","1"
"2022/07/26 04:55:00","MHK VL","61756","61.07","1.78","0","1"
"2022/07/26 05:00:00","MHK VL","61756","58.11","1.69","0","1"
"2022/07/26 05:05:00","MHK VL","61756","59.24","1.72","0","1"
"2022/07/26 05:10:00","MHK VL","61756","60.83","1.77","0","1"
"2022/07/26 05:15:00","MHK VL","61756","60.71","1.83","0","1"
"2022/07/26 05:20:00","MHK VL","61756","60.59","1.82","0","1"
"2022/07/26 05:25:00","MHK VL","61756","60.77","1.83","0","1"
"2022/07/26 05:30:00","MHK VL","61756","60.56","1.88","0","1"
"2022/07/26 05:35:00","MHK VL","61756","60.65","1.83","0","1"
"2022/07/26 05:40:00","MHK VL","61756","60.4","1.87","0","1"
"2022/07/26 05:45:00","MHK VL","61756","59.96","1.86","0","1"
"2022/07/26 05:50:00","MHK VL","61756","64.32","1.99","0","1"
"2022/07/26 05:55:00","MHK VL","61756","60.82","1.94","0","1"
"2022/07/26 06:00:00","MHK VL","61756","64.09","1.99","0","1"
"2022/07/26 06:05:00","MHK VL","61756","64.28","2.11","0","1"
"2022/07/26 06:10:00","MHK VL","61756","64.38","2.05","0","1"
"2022/07/26 06:15:00","MHK VL","61756","64.51","2.18","0","1"
"2022/07/26 06:20:00","MHK VL","61756","64.15","2.11","0","1"
"2022/07/26 06:25:00","MHK VL","61756","64.45","2.18","0","1"
"2022/07/26 06:30:00","MHK VL","61756","63.98","2.11","0","1"
"2022/07/26 06:35:00","MHK VL","61756","64.04","2.16","0","1"
"2022/07/26 06:40:00","MHK VL","61756","62.01","2.15","0","1"
"2022/07/26 06:45:00","MHK VL","61756","64.2","2.23","0","1"
"2022/07/26 06:50:00","MHK VL","61756","64.48","2.18","0","1"
"2022/07/26 06:55:00","MHK VL","61756","64.1","2.17","0","1"
"2022/07/26 07:00:00","MHK VL","61756","58.71","1.98","0","1"
"2022/07/26 07:05:00","MHK VL","61756","59.54","2.07","0","1"
"2022/07/26 07:10:00","MHK VL","61756","35.86","1.21","0","1"
"2022/07/26 07:15:00","MHK VL","61756","58.34","2.08","0","1"
"2022/07/26 07:20:00","MHK VL","61756","58.53","2.09","0","1"
"2022/07/26 07:25:00","MHK VL","61756","59.56","2.07","0","1"
"2022/07/26 07:30:00","MHK VL","61756","63.37","2.32","0","1"
"2022/07/26 07:35:00","MHK VL","61756","65.05","2.32","0","1"
"2022/07/26 07:40:00","MHK VL","61756","44.14","1.62","0","1"
"2022/07/26 07:45:00","MHK VL","61756","65.23","2.39","0","1"
"2022/07/26 07:50:00","MHK VL","61756","64.75","2.37","0","1"
"2022/07/26 07:55:00","MHK VL","61756","64.7","2.37","0","1"
"2022/07/26 08:00:00","MHK VL","61756","63.92","2.28","0","1"
"2022/07/26 08:05:00","MHK VL","61756","63.91","2.22","0","1"
"2022/07/26 08:10:00","MHK VL","61756","64.68","2.24","0","1"
"2022/07/26 08:15:00","MHK VL","61756","64.92","2.25","0","1"
"2022/07/26 08:20:00","MHK VL","61756","64.87","2.25","0","1"
"2022/07/26 08:25:00","MHK VL","61756","64.81","2.25","0","1"
"2022/07/26 08:30:00","MHK VL","61756","64.87","2.25","0","1"
"2022/07/26 08:35:00","MHK VL","61756","65.05","2.32","0","1"
"2022/07/26 08:40:00","MHK VL","61756","65.74","2.35","0","1"
"2022/07/26 08:45:00","MHK VL","61756","66.32","2.43","0","1"
"2022/07/26 08:50:00","MHK VL","61756","66.26","2.43","0","1"
"2022/07/26 08:55:00","MHK VL","61756","66.2","2.42","0","1"
"2022/07/26 09:00:00","MHK VL","61756","62.57","2.17","0","1"
"2022/07/26 09:05:00","MHK VL","61756","62.31","2.16","0","1"
"2022/07/26 09:10:00","MHK VL","61756","62.31","2.11","0","1"
"2022/07/26 09:15:00","MHK VL","61756","62.25","2.16","0","1"
"2022/07/26 09:20:00","MHK VL","61756","62.31","2.16","0","1"
"2022/07/26 09:25:00","MHK VL","61756","62.19","2.16","0","1"
"2022/07/26 09:30:00","MHK VL","61756","61.95","2.15","0","1"
"2022/07/26 09:35:00","MHK VL","61756","61.89","2.15","0","1"
"2022/07/26 09:40:00","MHK VL","61756","59.77","2.07","0","1"
"2022/07/26 09:45:00","MHK VL","61756","58.8","2.04","0","1"
"2022/07/26 09:50:00","MHK VL","61756","58.68","2.04","0","1"
"2022/07/26 09:55:00","MHK VL","61756","59.04","2.11","0","1"
"2022/07/26 10:00:00","MHK VL","61756","60.84","2.23","0","1"
"2022/07/26 10:05:00","MHK VL","61756","61","2.23","0","1"
"2022/07/26 10:10:00","MHK VL","61756","60.97","2.18","0","1"
"2022/07/26 10:15:00","MHK VL","61756","61.35","2.19","0","1"
"2022/07/26 10:20:00","MHK VL","61756","61.28","2.19","0","1"
"2022/07/26 10:25:00","MHK VL","61756","61.47","2.19","0","1"
"2022/07/26 10:30:00","MHK VL","61756","61.6","2.2","0","1"
"2022/07/26 10:35:00","MHK VL","61756","61.47","2.13","0","1"
"2022/07/26 10:40:00","MHK VL","61756","63.88","2.22","0","1"
"2022/07/26 10:45:00","MHK VL","61756","64.27","2.23","0","1"
"2022/07/26 10:50:00","MHK VL","61756","64.27","2.23","0","1"
"2022/07/26 10:55:00","MHK VL","61756","64.28","2.23","0","1"
"2022/07/26 11:00:00","MHK VL","61756","63.82","2.21","0","1"
"2022/07/26 11:05:00","MHK VL","61756","63.89","2.16","0","1"
"2022/07/26 11:10:00","MHK VL","61756","66.93","2.14","0","1"
"2022/07/26 11:15:00","MHK VL","61756","64.23","2.11","0","1"
"2022/07/26 11:20:00","MHK VL","61756","63.76","2.1","0","1"
"2022/07/26 11:25:00","MHK VL","61756","63.31","2.08","0","1"
"2022/07/26 11:30:00","MHK VL","61756","63.44","2.09","0","1"
"2022/07/26 11:35:00","MHK VL","61756","64.15","2.11","0","1"
"2022/07/26 11:40:00","MHK VL","61756","63.7","2.1","0","1"
"2022/07/26 11:45:00","MHK VL","61756","64.15","2.17","0","1"
"2022/07/26 11:50:00","MHK VL","61756","66.86","2.2","0","1"
"2022/07/26 11:55:00","MHK VL","61756","66.86","2.2","0","1"
"2022/07/26 12:00:00","MHK VL","61756","64.23","2.11","0","1"
"2022/07/26 12:05:00","MHK VL","61756","65.23","2.15","0","1"
"2022/07/26 12:10:00","MHK VL","61756","64.21","2.05","0","1"
"2022/07/26 12:15:00","MHK VL","61756","65.1","2.02","0","1"
"2022/07/26 12:20:00","MHK VL","61756","72.87","2.32","0","1"
"2022/07/26 12:25:00","MHK VL","61756","72.98","2.33","0","1"
"2022/07/26 12:30:00","MHK VL","61756","73.09","2.33","0","1"
"2022/07/26 12:35:00","MHK VL","61756","72.98","2.33","0","1"
"2022/07/26 12:40:00","MHK VL","61756","74.54","2.38","0","1"
"2022/07/26 12:45:00","MHK VL","61756","79.79","2.47","0","1"
"2022/07/26 12:50:00","MHK VL","61756","82.52","2.63","0","1"
"2022/07/26 12:55:00","MHK VL","61756","80.12","2.48","0","1"
"2022/07/26 13:00:00","MHK VL","61756","73.19","2.33","0","1"
"2022/07/26 13:05:00","MHK VL","61756","83.89","2.68","0","1"
"2022/07/26 13:10:00","MHK VL","61756","84.49","2.7","0","1"
"2022/07/26 13:15:00","MHK VL","61756","85.54","2.73","0","1"
"2022/07/26 13:20:00","MHK VL","61756","84.45","2.69","0","1"
"2022/07/26 13:25:00","MHK VL","61756","82.94","2.65","0","1"
"2022/07/26 13:30:00","MHK VL","61756","82.89","2.64","0","1"
"2022/07/26 13:35:00","MHK VL","61756","82.71","2.64","0","1"
"2022/07/26 13:40:00","MHK VL","61756","78.75","2.51","0","1"
"2022/07/26 13:45:00","MHK VL","61756","82.54","2.56","0","1"
"2022/07/26 13:50:00","MHK VL","61756","84.54","2.62","0","1"
"2022/07/26 13:55:00","MHK VL","61756","74.4","2.31","0","1"
"2022/07/26 14:00:00","MHK VL","61756","63.54","1.91","0","1"
"2022/07/26 14:05:00","MHK VL","61756","64.53","1.94","0","1"
"2022/07/26 14:10:00","MHK VL","61756","64.27","1.99","0","1"
"2022/07/26 14:15:00","MHK VL","61756","63.46","1.97","0","1"
"2022/07/26 14:20:00","MHK VL","61756","63.49","1.97","0","1"
"2022/07/26 14:25:00","MHK VL","61756","63.6","2.03","0","1"
"2022/07/26 14:30:00","MHK VL","61756","62.3","1.93","0","1"
"2022/07/26 14:35:00","MHK VL","61756","62.37","1.93","0","1"
"2022/07/26 14:40:00","MHK VL","61756","62.24","1.87","0","1"
"2022/07/26 14:45:00","MHK VL","61756","62.24","1.87","0","1"
"2022/07/26 14:50:00","MHK VL","61756","63.15","1.9","0","1"
"2022/07/26 14:55:00","MHK VL","61756","63.4","1.97","0","1"
"2022/07/26 15:00:00","MHK VL","61756","59.19","1.78","0","1"
"2022/07/26 15:05:00","MHK VL","61756","56.4","1.7","0","1"
"2022/07/26 15:10:00","MHK VL","61756","58.33","1.7","0","1"
"2022/07/26 15:15:00","MHK VL","61756","59.21","1.67","0","1"
"2022/07/26 15:20:00","MHK VL","61756","57.44","1.62","0","1"
"2022/07/26 15:25:00","MHK VL","61756","58.96","1.66","0","1"
"2022/07/26 15:30:00","MHK VL","61756","58.97","1.66","0","1"
"2022/07/26 15:35:00","MHK VL","61756","58.33","1.64","0","1"
"2022/07/26 15:40:00","MHK VL","61756","57.5","1.62","0","1"
"2022/07/26 15:45:00","MHK VL","61756","56.12","1.58","0","1"
"2022/07/26 15:50:00","MHK VL","61756","56.07","1.58","0","1"
"2022/07/26 15:55:00","MHK VL","61756","56.93","1.61","0","1"
"2022/07/26 16:00:00","MHK VL","61756","59.31","1.79","0","1"
"2022/07/26 16:05:00","MHK VL","61756","58.95","1.77","0","1"
"2022/07/26 16:10:00","MHK VL","61756","61.47","1.96","0","1"
"2022/07/26 16:15:00","MHK VL","61756","62.24","1.99","0","1"
"2022/07/26 16:20:00","MHK VL","61756","62.42","2.05","0","1"
"2022/07/26 16:25:00","MHK VL","61756","62.36","1.99","0","1"
"2022/07/26 16:30:00","MHK VL","61756","61.47","1.96","0","1"
"2022/07/26 16:35:00","MHK VL","61756","61.5","1.96","0","1"
"2022/07/26 16:40:00","MHK VL","61756","61.56","1.96","0","1"
"2022/07/26 16:45:00","MHK VL","61756","62.3","1.99","0","1"
"2022/07/26 16:50:00","MHK VL","61756","62.49","2.06","0","1"
"2022/07/26 16:55:00","MHK VL","61756","62.55","2.06","0","1"
"2022/07/26 17:00:00","MHK VL","61756","62.36","1.99","0","1"
"2022/07/26 17:05:00","MHK VL","61756","63.27","2.02","0","1"
"2022/07/26 17:10:00","MHK VL","61756","63.32","2.02","0","1"
"2022/07/26 17:15:00","MHK VL","61756","63.64","1.97","0","1"
"2022/07/26 17:20:00","MHK VL","61756","66.7","2.13","0","1"
"2022/07/26 17:25:00","MHK VL","61756","66.7","2.13","0","1"
"2022/07/26 17:30:00","MHK VL","61756","66.77","2.13","0","1"
"2022/07/26 17:35:00","MHK VL","61756","66.91","2.2","0","1"
"2022/07/26 17:40:00","MHK VL","61756","64.85","2.07","0","1"
"2022/07/26 17:45:00","MHK VL","61756","64.79","2.07","0","1"
"2022/07/26 17:50:00","MHK VL","61756","66.42","2.12","0","1"
"2022/07/26 17:55:00","MHK VL","61756","65.03","2.14","0","1"
"2022/07/26 18:00:00","MHK VL","61756","66.56","2.19","0","1"
"2022/07/26 18:05:00","MHK VL","61756","66.55","2.12","0","1"
"2022/07/26 18:10:00","MHK VL","61756","65.39","2.21","0","1"
"2022/07/26 18:15:00","MHK VL","61756","67.25","2.27","0","1"
"2022/07/26 18:20:00","MHK VL","61756","67.24","2.33","0","1"
"2022/07/26 18:25:00","MHK VL","61756","66.62","2.25","0","1"
"2022/07/26 18:30:00","MHK VL","61756","65.21","2.2","0","1"
"2022/07/26 18:35:00","MHK VL","61756","65.21","2.2","0","1"
"2022/07/26 18:40:00","MHK VL","61756","65.45","2.27","0","1"
"2022/07/26 18:45:00","MHK VL","61756","65.33","2.27","0","1"
"2022/07/26 18:50:00","MHK VL","61756","65.45","2.27","0","1"
"2022/07/26 18:55:00","MHK VL","61756","65.04","2.26","0","1"
"2022/07/26 19:00:00","MHK VL","61756","65.51","2.34","0","1"
"2022/07/26 19:05:00","MHK VL","61756","64.53","2.3","0","1"
"2022/07/26 19:10:00","MHK VL","61756","65.35","2.45","0","1"
"2022/07/26 19:15:00","MHK VL","61756","65.41","2.52","0","1"
"2022/07/26 19:20:00","MHK VL","61756","65.82","2.53","0","1"
"2022/07/26 19:25:00","MHK VL","61756","64.89","2.5","0","1"
"2022/07/26 19:30:00","MHK VL","61756","64.67","2.49","0","1"
"2022/07/26 19:35:00","MHK VL","61756","64.6","2.42","0","1"
"2022/07/26 19:40:00","MHK VL","61756","64.46","2.42","0","1"
"2022/07/26 19:45:00","MHK VL","61756","64.41","2.42","0","1"
"2022/07/26 19:50:00","MHK VL","61756","64.21","2.41","0","1"
"2022/07/26 19:55:00","MHK VL","61756","64.18","2.41","0","1"
"2022/07/26 20:00:00","MHK VL","61756","64.21","2.41","0","1"
"2022/07/26 20:05:00","MHK VL","61756","64.1","2.4","0","1"
"2022/07/26 20:10:00","MHK VL","61756","64.22","2.47","0","1"
"2022/07/26 20:15:00","MHK VL","61756","64.34","2.48","0","1"
"2022/07/26 20:20:00","MHK VL","61756","64.34","2.48","0","1"
"2022/07/26 20:25:00","MHK VL","61756","64.34","2.48","0","1"
"2022/07/26 20:30:00","MHK VL","61756","64.12","2.4","0","1"
"2022/07/26 20:35:00","MHK VL","61756","63.73","2.45","0","1"
"2022/07/26 20:40:00","MHK VL","61756","63.31","2.37","0","1"
"2022/07/26 20:45:00","MHK VL","61756","62.66","2.35","0","1"
"2022/07/26 20:50:00","MHK VL","61756","63.72","2.39","0","1"
"2022/07/26 20:55:00","MHK VL","61756","64.87","2.43","0","1"
"2022/07/26 21:00:00","MHK VL","61756","65.53","2.52","0","1"
"2022/07/26 21:05:00","MHK VL","61756","65.2","2.51","0","1"
"2022/07/26 21:10:00","MHK VL","61756","64.47","2.42","0","1"
"2022/07/26 21:15:00","MHK VL","61756","64.47","2.42","0","1"
"2022/07/26 21:20:00","MHK VL","61756","64.16","2.41","0","1"
"2022/07/26 21:25:00","MHK VL","61756","64.1","2.35","0","1"
"2022/07/26 21:30:00","MHK VL","61756","64.24","2.41","0","1"
"2022/07/26 21:35:00","MHK VL","61756","63.66","2.39","0","1"
"2022/07/26 21:40:00","MHK VL","61756","63.94","2.34","0","1"
"2022/07/26 21:45:00","MHK VL","61756","63.14","2.31","0","1"
"2022/07/26 21:50:00","MHK VL","61756","62.55","2.29","0","1"
"2022/07/26 21:55:00","MHK VL","61756","62.43","2.28","0","1"
"2022/07/26 22:00:00","MHK VL","61756","62.6","2.35","0","1"
"2022/07/26 22:05:00","MHK VL","61756","61.59","2.25","0","1"
"2022/07/26 22:10:00","MHK VL","61756","61.52","2.25","0","1"
"2022/07/26 22:15:00","MHK VL","61756","61.17","2.18","0","1"
"2022/07/26 22:20:00","MHK VL","61756","59.35","2.12","0","1"
"2022/07/26 22:25:00","MHK VL","61756","59.04","2.11","0","1"
"2022/07/26 22:30:00","MHK VL","61756","59.03","2","0","1"
"2022/07/26 22:35:00","MHK VL","61756","58.39","1.97","0","1"
"2022/07/26 22:40:00","MHK VL","61756","57.42","1.94","0","1"
"2022/07/26 22:45:00","MHK VL","61756","56.45","1.91","0","1"
"2022/07/26 22:50:00","MHK VL","61756","56.24","1.9","0","1"
"2022/07/26 22:55:00","MHK VL","61756","56.19","1.85","0","1"
"2022/07/26 23:00:00","MHK VL","61756","58.49","1.92","0","1"
"2022/07/26 23:05:00","MHK VL","61756","58.77","1.93","0","1"
"2022/07/26 23:10:00","MHK VL","61756","57.8","1.84","0","1"
"2022/07/26 23:15:00","MHK VL","61756","57.46","1.78","0","1"
"2022/07/26 23:20:00","MHK VL","61756","56.43","1.8","0","1"
"2022/07/26 23:25:00","MHK VL","61756","56.04","1.79","0","1"
"2022/07/26 23:30:00","MHK VL","61756","55.21","1.71","0","1"
"2022/07/26 23:35:00","MHK VL","61756","55.16","1.71","0","1"
"2022/07/26 23:40:00","MHK VL","61756","55.04","1.71","0","1"
"2022/07/26 23:45:00","MHK VL","61756","52.88","1.64","0","1"
"2022/07/26 23:50:00","MHK VL","61756","52.77","1.64","0","1"
"2022/07/26 23:54:20","MHK VL","61756","51.85","1.61","0","1"
"2022/07/26 23:55:00","MHK VL","61756","65.44","2.09","0","1"
"2022/07/26 23:58:32","MHK VL","61756","65.44","2.09","0","1"
"2022/07/27 00:00:00","MHK VL","61756","64.69","2.01","0","1"
"2022/07/27 00:02:20","MHK VL","61756","64.69","2.01","0","1"
"2022/07/27 00:03:50","MHK VL","61756","61.27","1.84","0","1"
"2022/07/27 00:05:00","MHK VL","61756","61.46","1.85","0","1"
"2022/07/27 00:10:00","MHK VL","61756","61.46","1.85","0","1"
"2022/07/27 00:15:00","MHK VL","61756","61.46","1.85","0","1"
"2022/07/27 00:20:00","MHK VL","61756","60.96","1.83","0","1"
"2022/07/27 00:25:00","MHK VL","61756","60.48","1.82","0","1"
"2022/07/27 00:30:00","MHK VL","61756","60.83","1.89","0","1"
"2022/07/27 00:35:00","MHK VL","61756","61.08","1.89","0","1"
"2022/07/27 00:37:08","MHK VL","61756","63.95","1.93","0","1"
"2022/07/27 00:40:00","MHK VL","61756","60.53","1.76","0","1"
"2022/07/27 00:40:26","MHK VL","61756","60.53","1.76","0","1"
"2022/07/27 00:45:00","MHK VL","61756","57.82","1.74","0","1"
"2022/07/27 00:50:00","MHK VL","61756","57.82","1.74","0","1"
"2022/07/27 00:55:00","MHK VL","61756","59.77","1.74","0","1"
"2022/07/27 01:00:00","MHK VL","61756","60.25","1.7","0","1"
"2022/07/27 01:05:00","MHK VL","61756","60.29","1.7","0","1"
"2022/07/27 01:10:00","MHK VL","61756","60.64","1.71","0","1"
"2022/07/27 01:15:00","MHK VL","61756","60.9","1.72","0","1"
"2022/07/27 01:20:00","MHK VL","61756","60.75","1.71","0","1"
"2022/07/27 01:25:00","MHK VL","61756","60.3","1.75","0","1"
"2022/07/27 01:30:00","MHK VL","61756","59.5","1.73","0","1"
"2022/07/27 01:35:00","MHK VL","61756","56.88","1.66","0","1"
"2022/07/27 01:40:00","MHK VL","61756","57.06","1.66","0","1"
"2022/07/27 01:45:00","MHK VL","61756","57.11","1.61","0","1"
"2022/07/27 01:50:00","MHK VL","61756","57.41","1.62","0","1"
"2022/07/27 01:55:00","MHK VL","61756","54.93","1.55","0","1"
"2022/07/27 02:00:00","MHK VL","61756","60.85","1.66","0","1"
"2022/07/27 02:05:00","MHK VL","61756","58.14","1.58","0","1"
"2022/07/27 02:10:00","MHK VL","61756","57.84","1.57","0","1"
"2022/07/27 02:15:00","MHK VL","61756","57.84","1.57","0","1"
"2022/07/27 02:20:00","MHK VL","61756","58.14","1.58","0","1"
"2022/07/27 02:25:00","MHK VL","61756","57.25","1.56","0","1"
"2022/07/27 02:30:00","MHK VL","61756","54.85","1.49","0","1"
"2022/07/27 02:35:00","MHK VL","61756","55.65","1.51","0","1"
"2022/07/27 02:40:00","MHK VL","61756","54.78","1.49","0","1"
"2022/07/27 02:45:00","MHK VL","61756","54.72","1.49","0","1"
"2022/07/27 02:50:00","MHK VL","61756","54.71","1.49","0","1"
"2022/07/27 02:55:00","MHK VL","61756","52.11","1.42","0","1"
"2022/07/27 03:00:00","MHK VL","61756","60.1","1.63","0","1"
"2022/07/27 03:05:00","MHK VL","61756","56.88","1.6","0","1"
"2022/07/27 03:10:00","MHK VL","61756","56.48","1.54","0","1"
"2022/07/27 03:15:00","MHK VL","61756","56.29","1.53","0","1"
"2022/07/27 03:20:00","MHK VL","61756","55.78","1.57","0","1"
"2022/07/27 03:25:00","MHK VL","61756","55.78","1.57","0","1"
"2022/07/27 03:30:00","MHK VL","61756","55.44","1.51","0","1"
"2022/07/27 03:35:00","MHK VL","61756","55.5","1.57","0","1"
"2022/07/27 03:40:00","MHK VL","61756","55.16","1.5","0","1"
"2022/07/27 03:45:00","MHK VL","61756","54.78","1.44","0","1"
"2022/07/27 03:50:00","MHK VL","61756","54.51","1.43","0","1"
"2022/07/27 03:55:00","MHK VL","61756","54.56","1.48","0","1"
"2022/07/27 04:00:00","MHK VL","61756","54.75","1.49","0","1"
"2022/07/27 04:05:00","MHK VL","61756","54.89","1.49","0","1"
"2022/07/27 04:10:00","MHK VL","61756","54.94","1.55","0","1"
"2022/07/27 04:15:00","MHK VL","61756","55.22","1.56","0","1"
"2022/07/27 04:20:00","MHK VL","61756","55.22","1.56","0","1"
"2022/07/27 04:25:00","MHK VL","61756","55.01","1.55","0","1"
"2022/07/27 04:30:00","MHK VL","61756","54.66","1.54","0","1"
"2022/07/27 04:35:00","MHK VL","61756","54.6","1.54","0","1"
"2022/07/27 04:40:00","MHK VL","61756","54.62","1.54","0","1"
"2022/07/27 04:45:00","MHK VL","61756","55.22","1.56","0","1"
"2022/07/27 04:50:00","MHK VL","61756","55.55","1.57","0","1"
"2022/07/27 04:55:00","MHK VL","61756","56.75","1.6","0","1"
"2022/07/27 05:00:00","MHK VL","61756","52.63","1.48","0","1"
"2022/07/27 05:05:00","MHK VL","61756","54.84","1.6","0","1"
"2022/07/27 05:10:00","MHK VL","61756","55.55","1.62","0","1"
"2022/07/27 05:15:00","MHK VL","61756","56.17","1.63","0","1"
"2022/07/27 05:20:00","MHK VL","61756","55.95","1.63","0","1"
"2022/07/27 05:25:00","MHK VL","61756","55.89","1.63","0","1"
"2022/07/27 05:30:00","MHK VL","61756","57.34","1.67","0","1"
"2022/07/27 05:35:00","MHK VL","61756","59.1","1.78","0","1"
"2022/07/27 05:40:00","MHK VL","61756","58.34","1.76","0","1"
"2022/07/27 05:45:00","MHK VL","61756","58.99","1.78","0","1"
"2022/07/27 05:50:00","MHK VL","61756","59.39","1.79","0","1"
"2022/07/27 05:55:00","MHK VL","61756","60.58","1.82","0","1"
"2022/07/27 06:00:00","MHK VL","61756","52.25","1.57","0","1"
"2022/07/27 06:05:00","MHK VL","61756","54.65","1.69","0","1"
"2022/07/27 06:10:00","MHK VL","61756","54.57","1.64","0","1"
"2022/07/27 06:15:00","MHK VL","61756","54.85","1.7","0","1"
"2022/07/27 06:20:00","MHK VL","61756","55.6","1.72","0","1"
"2022/07/27 06:25:00","MHK VL","61756","55.55","1.72","0","1"
"2022/07/27 06:30:00","MHK VL","61756","55.82","1.73","0","1"
"2022/07/27 06:35:00","MHK VL","61756","55.21","1.71","0","1"
"2022/07/27 06:40:00","MHK VL","61756","55.5","1.72","0","1"
"2022/07/27 06:45:00","MHK VL","61756","55.26","1.76","0","1"
"2022/07/27 06:50:00","MHK VL","61756","55.55","1.77","0","1"
"2022/07/27 06:55:00","MHK VL","61756","54.35","1.73","0","1"
"2022/07/27 07:00:00","MHK VL","61756","54.45","2.04","0","1"
"2022/07/27 07:05:00","MHK VL","61756","54.92","2.11","0","1"
"2022/07/27 07:10:00","MHK VL","61756","55.52","2.24","0","1"
"2022/07/27 07:15:00","MHK VL","61756","55.51","2.24","0","1"
"2022/07/27 07:20:00","MHK VL","61756","55.84","2.25","0","1"
"2022/07/27 07:25:00","MHK VL","61756","56.1","2.21","0","1"
"2022/07/27 07:30:00","MHK VL","61756","56.95","2.3","0","1"
"2022/07/27 07:35:00","MHK VL","61756","58.66","2.36","0","1"
"2022/07/27 07:40:00","MHK VL","61756","56.91","2.34","0","1"
"2022/07/27 07:45:00","MHK VL","61756","56.8","2.29","0","1"
"2022/07/27 07:50:00","MHK VL","61756","56.91","2.29","0","1"
"2022/07/27 07:55:00","MHK VL","61756","58.25","2.29","0","1"
"2022/07/27 08:00:00","MHK VL","61756","57.01","2.25","0","1"
"2022/07/27 08:05:00","MHK VL","61756","57.1","2.25","0","1"
"2022/07/27 08:10:00","MHK VL","61756","56.84","2.03","0","1"
"2022/07/27 08:15:00","MHK VL","61756","57.23","2.09","0","1"
"2022/07/27 08:20:00","MHK VL","61756","57.23","2.09","0","1"
"2022/07/27 08:25:00","MHK VL","61756","57.84","2.12","0","1"
"2022/07/27 08:30:00","MHK VL","61756","57.78","2.06","0","1"
"2022/07/27 08:35:00","MHK VL","61756","56.69","2.02","0","1"
"2022/07/27 08:40:00","MHK VL","61756","57.54","2.05","0","1"
"2022/07/27 08:45:00","MHK VL","61756","58.09","2.07","0","1"
"2022/07/27 08:50:00","MHK VL","61756","61.63","2.2","0","1"
"2022/07/27 08:55:00","MHK VL","61756","62.88","2.24","0","1"
"2022/07/27 09:00:00","MHK VL","61756","65.85","2.35","0","1"
"2022/07/27 09:05:00","MHK VL","61756","67.08","2.39","0","1"
"2022/07/27 09:10:00","MHK VL","61756","66.94","2.32","0","1"
"2022/07/27 09:15:00","MHK VL","61756","65","2.26","0","1"
"2022/07/27 09:20:00","MHK VL","61756","63.37","2.14","0","1"
"2022/07/27 09:25:00","MHK VL","61756","65.18","2.2","0","1"
"2022/07/27 09:30:00","MHK VL","61756","65.88","2.29","0","1"
"2022/07/27 09:35:00","MHK VL","61756","66.8","2.32","0","1"
"2022/07/27 09:40:00","MHK VL","61756","66.67","2.31","0","1"
"2022/07/27 09:45:00","MHK VL","61756","70.34","2.44","0","1"
"2022/07/27 09:50:00","MHK VL","61756","66.87","2.32","0","1"
"2022/07/27 09:55:00","MHK VL","61756","70.49","2.45","0","1"
"2022/07/27 10:00:00","MHK VL","61756","75.22","2.61","0","1"
"2022/07/27 10:05:00","MHK VL","61756","95.11","3.3","0","1"
"2022/07/27 10:10:00","MHK VL","61756","91.84","3.1","0","1"
"2022/07/27 10:15:00","MHK VL","61756","91.18","3.08","0","1"
"2022/07/27 10:20:00","MHK VL","61756","85.27","2.88","0","1"
"2022/07/27 10:25:00","MHK VL","61756","91.08","3.08","0","1"
"2022/07/27 10:30:00","MHK VL","61756","85.62","2.97","0","1"
"2022/07/27 10:35:00","MHK VL","61756","88.99","3.09","0","1"
"2022/07/27 10:40:00","MHK VL","61756","90.66","3.15","0","1"
"2022/07/27 10:45:00","MHK VL","61756","91.25","3.17","0","1"
"2022/07/27 10:50:00","MHK VL","61756","104.92","3.64","0","1"
"2022/07/27 10:55:00","MHK VL","61756","106.58","3.8","0","1"
"2022/07/27 11:00:00","MHK VL","61756","90.94","3.25","0","1"
"2022/07/27 11:05:00","MHK VL","61756","90.56","3.23","0","1"
"2022/07/27 11:10:00","MHK VL","61756","91.92","3.28","0","1"
"2022/07/27 11:15:00","MHK VL","61756","91.25","3.26","0","1"
"2022/07/27 11:20:00","MHK VL","61756","94.42","3.37","0","1"
"2022/07/27 11:24:08","MHK VL","61756","91.15","3.25","0","1"
"2022/07/27 11:25:00","MHK VL","61756","98.02","3.59","0","1"
"2022/07/27 11:30:00","MHK VL","61756","98.02","3.59","0","1"
"2022/07/27 11:30:38","MHK VL","61756","98.02","3.59","0","1"
"2022/07/27 11:35:00","MHK VL","61756","96.01","3.43","0","1"
"2022/07/27 11:40:00","MHK VL","61756","96.01","3.43","0","1"
"2022/07/27 11:45:00","MHK VL","61756","95.68","3.42","0","1"
"2022/07/27 11:50:00","MHK VL","61756","92.96","3.32","0","1"
"2022/07/27 11:55:00","MHK VL","61756","93.13","3.41","0","1"
"2022/07/27 12:00:00","MHK VL","61756","90.87","3.24","0","1"
"2022/07/27 12:05:00","MHK VL","61756","87.87","3.14","0","1"
"2022/07/27 12:10:00","MHK VL","61756","92.39","3.38","0","1"
"2022/07/27 12:15:00","MHK VL","61756","89.97","3.37","0","1"
"2022/07/27 12:20:00","MHK VL","61756","92.67","3.39","0","1"
"2022/07/27 12:25:00","MHK VL","61756","91.82","3.36","0","1"
"2022/07/27 12:30:00","MHK VL","61756","91.82","3.36","0","1"
"2022/07/27 12:35:00","MHK VL","61756","91.82","3.44","-0.1","1"
"2022/07/27 12:40:00","MHK VL","61756","91.82","3.44","-0.1","1"
"2022/07/27 12:45:00","MHK VL","61756","92.69","3.39","0","1"
"2022/07/27 12:50:00","MHK VL","61756","92.72","3.39","0","1"
"2022/07/27 12:55:00","MHK VL","61756","93.12","3.59","0","1"
"2022/07/27 13:00:00","MHK VL","61756","88.18","3.31","0","1"
"2022/07/27 13:05:00","MHK VL","61756","93.67","3.51","0","1"
"2022/07/27 13:10:00","MHK VL","61756","108.1","4.16","0","1"
"2022/07/27 13:15:00","MHK VL","61756","95.99","3.7","0","1"
"2022/07/27 13:20:00","MHK VL","61756","88.43","3.32","0","1"
"2022/07/27 13:25:00","MHK VL","61756","88.32","3.31","0","1"
"2022/07/27 13:30:00","MHK VL","61756","88.19","3.31","0","1"
"2022/07/27 13:33:26","MHK VL","61756","88.39","3.31","0","1"
"2022/07/27 13:35:02","MHK VL","61756","99.86","3.84","0","1"
"2022/07/27 13:40:00","MHK VL","61756","100.63","3.87","0","1"
"2022/07/27 13:45:00","MHK VL","61756","100.63","3.87","0","1"
"2022/07/27 13:50:00","MHK VL","61756","109.4","4.21","0","1"
"2022/07/27 13:55:00","MHK VL","61756","113.1","4.35","0","1"
"2022/07/27 14:00:00","MHK VL","61756","104.98","3.94","0","1"
"2022/07/27 14:05:00","MHK VL","61756","104.54","3.83","0","1"
"2022/07/27 14:10:00","MHK VL","61756","103.46","3.88","0","1"
"2022/07/27 14:15:00","MHK VL","61756","97.06","3.64","0","1"
"2022/07/27 14:20:00","MHK VL","61756","88.43","3.32","0","1"
"2022/07/27 14:25:00","MHK VL","61756","90.45","3.39","0","1"
"2022/07/27 14:30:00","MHK VL","61756","88.44","3.32","0","1"
"2022/07/27 14:35:00","MHK VL","61756","88.55","3.41","0","1"
"2022/07/27 14:40:00","MHK VL","61756","88.77","3.5","0","1"
"2022/07/27 14:45:00","MHK VL","61756","108.5","4.18","0","1"
"2022/07/27 14:50:00","MHK VL","61756","108.3","4.17","0","1"
"2022/07/27 14:55:00","MHK VL","61756","108.88","4.19","0","1"
"2022/07/27 15:00:00","MHK VL","61756","106.32","3.99","0","1"
"2022/07/27 15:05:00","MHK VL","61756","108.35","4.06","0","1"
"2022/07/27 15:10:00","MHK VL","61756","110.67","4.15","0","1"
"2022/07/27 15:15:00","MHK VL","61756","88.66","3.32","0","1"
"2022/07/27 15:20:00","MHK VL","61756","90.33","3.39","0","1"
"2022/07/27 15:25:00","MHK VL","61756","91.91","3.45","0","1"
"2022/07/27 15:30:00","MHK VL","61756","103.92","4","0","1"
"2022/07/27 15:35:00","MHK VL","61756","101.44","3.8","0","1"
"2022/07/27 15:40:00","MHK VL","61756","102.07","3.83","0","1"
"2022/07/27 15:45:00","MHK VL","61756","103.43","3.88","0","1"
"2022/07/27 15:50:00","MHK VL","61756","103.47","3.88","0","1"
"2022/07/27 15:55:00","MHK VL","61756","107.46","4.03","0","1"
"2022/07/27 16:00:00","MHK VL","61756","106.78","4","0","1"
"2022/07/27 16:05:00","MHK VL","61756","106.11","4.09","0","1"
"2022/07/27 16:10:00","MHK VL","61756","110.69","4.36","0","1"
"2022/07/27 16:15:00","MHK VL","61756","115.9","4.57","0","1"
"2022/07/27 16:20:00","MHK VL","61756","110.47","3.94","0","1"
"2022/07/27 16:25:00","MHK VL","61756","103.9","3.71","0","1"
"2022/07/27 16:30:00","MHK VL","61756","109.28","3.9","0","1"
"2022/07/27 16:35:00","MHK VL","61756","113.94","4.07","0","1"
"2022/07/27 16:40:00","MHK VL","61756","109.32","3.9","0","1"
"2022/07/27 16:45:00","MHK VL","61756","109.47","3.91","0","1"
"2022/07/27 16:50:00","MHK VL","61756","111.17","4.07","0","1"
"2022/07/27 16:55:00","MHK VL","61756","110.35","3.94","0","1"
"2022/07/27 17:00:00","MHK VL","61756","95.3","3.4","0","1"
"2022/07/27 17:05:00","MHK VL","61756","91.34","3.26","0","1"
"2022/07/27 17:10:00","MHK VL","61756","91.28","3.34","0","1"
"2022/07/27 17:15:00","MHK VL","61756","91.16","3.34","0","1"
"2022/07/27 17:20:00","MHK VL","61756","91.39","3.34","0","1"
"2022/07/27 17:25:00","MHK VL","61756","91.42","3.35","0","1"
"2022/07/27 17:30:00","MHK VL","61756","94.17","3.45","0","1"
"2022/07/27 17:35:00","MHK VL","61756","92.05","3.37","0","1"
"2022/07/27 17:40:00","MHK VL","61756","91.79","3.44","0","1"
"2022/07/27 17:45:00","MHK VL","61756","103.78","3.89","0","1"
"2022/07/27 17:50:00","MHK VL","61756","100.19","3.76","0","1"
"2022/07/27 17:55:00","MHK VL","61756","101.74","3.82","0","1"
"2022/07/27 18:00:00","MHK VL","61756","92.93","3.48","0","1"
"2022/07/27 18:05:00","MHK VL","61756","92.1","3.37","0","1"
"2022/07/27 18:10:00","MHK VL","61756","93.11","3.58","0","1"
"2022/07/27 18:15:00","MHK VL","61756","93.03","3.58","0","1"
"2022/07/27 18:20:00","MHK VL","61756","93.03","3.58","0","1"
"2022/07/27 18:25:00","MHK VL","61756","93.11","3.58","0","1"
"2022/07/27 18:30:00","MHK VL","61756","94.39","3.63","0","1"
"2022/07/27 18:35:00","MHK VL","61756","94.57","3.64","0","1"
"2022/07/27 18:40:00","MHK VL","61756","94.82","3.65","0","1"
"2022/07/27 18:45:00","MHK VL","61756","94.91","3.65","0","1"
"2022/07/27 18:50:00","MHK VL","61756","93.45","3.6","0","1"
"2022/07/27 18:55:00","MHK VL","61756","93.45","3.6","0","1"
"2022/07/27 19:00:00","MHK VL","61756","95.34","3.67","0","1"
"2022/07/27 19:05:00","MHK VL","61756","95.43","3.76","0","1"
"2022/07/27 19:10:00","MHK VL","61756","95.35","3.84","0","1"
"2022/07/27 19:15:00","MHK VL","61756","93.8","3.78","0","1"
"2022/07/27 19:20:00","MHK VL","61756","93.03","3.75","0","1"
"2022/07/27 19:25:00","MHK VL","61756","93.66","3.77","0","1"
"2022/07/27 19:30:00","MHK VL","61756","93.6","3.77","0","1"
"2022/07/27 19:35:00","MHK VL","61756","93.5","3.77","0","1"
"2022/07/27 19:40:00","MHK VL","61756","93.5","3.77","0","1"
"2022/07/27 19:45:00","MHK VL","61756","93.38","3.76","0","1"
"2022/07/27 19:50:00","MHK VL","61756","93.28","3.76","0","1"
"2022/07/27 19:55:00","MHK VL","61756","93.28","3.76","0","1"
"2022/07/27 20:00:00","MHK VL","61756","96.38","3.88","0","1"
"2022/07/27 20:05:00","MHK VL","61756","102.36","4.13","0","1"
"2022/07/27 20:10:00","MHK VL","61756","101.94","4.2","0","1"
"2022/07/27 20:15:00","MHK VL","61756","101.93","4.11","0","1"
"2022/07/27 20:20:00","MHK VL","61756","98.13","4.04","0","1"
"2022/07/27 20:25:00","MHK VL","61756","98.38","3.96","0","1"
"2022/07/27 20:30:00","MHK VL","61756","97.25","4.01","0","1"
"2022/07/27 20:35:00","MHK VL","61756","97.46","4.02","0","1"
"2022/07/27 20:40:00","MHK VL","61756","97.24","3.92","0","1"
"2022/07/27 20:45:00","MHK VL","61756","96.97","3.91","0","1"
"2022/07/27 20:50:00","MHK VL","61756","96.18","3.96","0","1"
"2022/07/27 20:55:00","MHK VL","61756","93.44","3.85","0","1"
"2022/07/27 21:00:00","MHK VL","61756","102.83","4.33","0","1"
"2022/07/27 21:05:00","MHK VL","61756","103.25","4.35","0","1"
"2022/07/27 21:10:00","MHK VL","61756","109.74","4.62","0","1"
"2022/07/27 21:15:00","MHK VL","61756","96.18","3.96","0","1"
"2022/07/27 21:20:00","MHK VL","61756","100.53","4.23","0","1"
"2022/07/27 21:25:00","MHK VL","61756","107.58","4.53","0","1"
"2022/07/27 21:30:00","MHK VL","61756","100.39","4.14","0","1"
"2022/07/27 21:35:00","MHK VL","61756","100.39","4.14","0","1"
"2022/07/27 21:40:00","MHK VL","61756","100.06","4.03","0","1"
"2022/07/27 21:45:00","MHK VL","61756","98.15","3.96","0","1"
"2022/07/27 21:50:00","MHK VL","61756","96.28","3.88","0","1"
"2022/07/27 21:55:00","MHK VL","61756","95.62","3.94","0","1"
"2022/07/27 22:00:00","MHK VL","61756","110.73","4.66","0","1"
"2022/07/27 22:05:00","MHK VL","61756","94.04","3.87","0","1"
"2022/07/27 22:10:00","MHK VL","61756","99.52","4.01","0","1"
"2022/07/27 22:15:00","MHK VL","61756","113.21","4.46","0","1"
"2022/07/27 22:20:00","MHK VL","61756","106.54","4.29","0","1"
"2022/07/27 22:25:00","MHK VL","61756","98.69","3.98","0","1"
"2022/07/27 22:30:00","MHK VL","61756","99.72","3.93","0","1"
"2022/07/27 22:35:00","MHK VL","61756","99.54","3.83","0","1"
"2022/07/27 22:40:00","MHK VL","61756","95","3.66","0","1"
"2022/07/27 22:45:00","MHK VL","61756","94.49","3.64","0","1"
"2022/07/27 22:50:00","MHK VL","61756","94.62","3.64","0","1"
"2022/07/27 22:55:00","MHK VL","61756","98.33","3.79","0","1"
"2022/07/27 23:00:00","MHK VL","61756","108.39","4.06","0","1"
"2022/07/27 23:05:00","MHK VL","61756","99.29","3.72","0","1"
"2022/07/27 23:10:00","MHK VL","61756","88.65","3.32","0","1"
"2022/07/27 23:15:00","MHK VL","61756","105.47","3.86","0","1"
"2022/07/27 23:20:00","MHK VL","61756","101.76","3.72","0","1"
"2022/07/27 23:25:00","MHK VL","61756","98.96","3.53","0","1"
"2022/07/27 23:30:00","MHK VL","61756","98.88","3.53","0","1"
"2022/07/27 23:35:00","MHK VL","61756","94.24","3.36","0","1"
"2022/07/27 23:40:00","MHK VL","61756","94","3.36","0","1"
"2022/07/27 23:45:00","MHK VL","61756","93.39","3.33","0","1"
"2022/07/27 23:50:00","MHK VL","61756","98.62","3.52","0","1"
"2022/07/27 23:55:00","MHK VL","61756","98.88","3.53","0","1"
"2022/07/28 00:00:00","MHK VL","61756","91.26","3.26","0","1"
"2022/07/28 00:05:00","MHK VL","61756","88.97","3.09","0","1"
"2022/07/28 00:10:00","MHK VL","61756","89.66","3.03","0","1"
"2022/07/28 00:15:00","MHK VL","61756","97.1","3.19","0","1"
"2022/07/28 00:20:00","MHK VL","61756","91.51","3.09","0","1"
"2022/07/28 00:25:00","MHK VL","61756","90.35","2.97","0","1"
"2022/07/28 00:30:00","MHK VL","61756","89.18","2.93","0","1"
"2022/07/28 00:35:00","MHK VL","61756","90.44","2.98","0","1"
"2022/07/28 00:40:00","MHK VL","61756","85.97","2.83","0","1"
"2022/07/28 00:45:00","MHK VL","61756","79.32","2.53","0","1"
"2022/07/28 00:50:00","MHK VL","61756","83.18","2.65","0","1"
"2022/07/28 00:55:00","MHK VL","61756","83.18","2.65","0","1"
"2022/07/28 01:00:00","MHK VL","61756","78.05","2.49","0","1"
"2022/07/28 01:05:00","MHK VL","61756","78.86","2.44","0","1"
"2022/07/28 01:10:00","MHK VL","61756","76.59","2.37","0","1"
"2022/07/28 01:15:00","MHK VL","61756","76.57","2.3","0","1"
"2022/07/28 01:20:00","MHK VL","61756","76.27","2.3","0","1"
"2022/07/28 01:25:00","MHK VL","61756","75.01","2.26","0","1"
"2022/07/28 01:30:00","MHK VL","61756","75.22","2.33","0","1"
"2022/07/28 01:35:00","MHK VL","61756","74.33","2.24","0","1"
"2022/07/28 01:40:00","MHK VL","61756","74.17","2.3","0","1"
"2022/07/28 01:45:00","MHK VL","61756","68.59","2.06","0","1"
"2022/07/28 01:50:00","MHK VL","61756","68.38","2.12","0","1"
"2022/07/28 01:55:00","MHK VL","61756","68.08","2.11","0","1"
"2022/07/28 02:00:00","MHK VL","61756","75.46","2.34","0","1"
"2022/07/28 02:05:00","MHK VL","61756","73.91","2.29","0","1"
"2022/07/28 02:10:00","MHK VL","61756","72.57","2.25","0","1"
"2022/07/28 02:15:00","MHK VL","61756","71.39","2.15","0","1"
"2022/07/28 02:20:00","MHK VL","61756","71.18","2.07","0","1"
"2022/07/28 02:25:00","MHK VL","61756","71.18","2.14","0","1"
"2022/07/28 02:30:00","MHK VL","61756","77.16","2.32","0","1"
"2022/07/28 02:35:00","MHK VL","61756","73.99","2.23","0","1"
"2022/07/28 02:40:00","MHK VL","61756","73.91","2.22","0","1"
"2022/07/28 02:45:00","MHK VL","61756","72.45","2.18","0","1"
"2022/07/28 02:50:00","MHK VL","61756","71.68","2.09","0","1"
"2022/07/28 02:55:00","MHK VL","61756","64.77","1.95","0","1"
"2022/07/28 03:00:00","MHK VL","61756","67.42","1.96","0","1"
"2022/07/28 03:05:00","MHK VL","61756","63.77","1.86","0","1"
"2022/07/28 03:10:00","MHK VL","61756","62.87","1.83","0","1"
"2022/07/28 03:15:00","MHK VL","61756","63.05","1.83","0","1"
"2022/07/28 03:20:00","MHK VL","61756","63.1","1.84","0","1"
"2022/07/28 03:25:00","MHK VL","61756","63.16","1.84","0","1"
"2022/07/28 03:30:00","MHK VL","61756","63.1","1.84","0","1"
"2022/07/28 03:35:00","MHK VL","61756","63.04","1.83","0","1"
"2022/07/28 03:40:00","MHK VL","61756","62.04","1.81","0","1"
"2022/07/28 03:45:00","MHK VL","61756","65.03","1.89","0","1"
"2022/07/28 03:50:00","MHK VL","61756","63.16","1.9","0","1"
"2022/07/28 03:55:00","MHK VL","61756","59.32","1.79","0","1"
"2022/07/28 04:00:00","MHK VL","61756","69.12","2.08","0","1"
"2022/07/28 04:05:00","MHK VL","61756","65.44","1.9","0","1"
"2022/07/28 04:10:00","MHK VL","61756","70.81","2.06","0","1"
"2022/07/28 04:15:00","MHK VL","61756","70.68","2.13","0","1"
"2022/07/28 04:20:00","MHK VL","61756","71.04","2.14","0","1"
"2022/07/28 04:25:00","MHK VL","61756","70.88","2.13","0","1"
"2022/07/28 04:30:00","MHK VL","61756","71.11","2.14","0","1"
"2022/07/28 04:35:00","MHK VL","61756","71.25","2.14","0","1"
"2022/07/28 04:40:00","MHK VL","61756","70.96","2.14","0","1"
"2022/07/28 04:45:00","MHK VL","61756","71.47","2.15","0","1"
"2022/07/28 04:50:00","MHK VL","61756","71.68","2.16","0","1"
"2022/07/28 04:55:00","MHK VL","61756","71.58","2.15","0","1"
"2022/07/28 05:00:00","MHK VL","61756","68.08","2.05","0","1"
"2022/07/28 05:05:00","MHK VL","61756","70.53","2.12","0","1"
"2022/07/28 05:10:00","MHK VL","61756","71.58","2.15","0","1"
"2022/07/28 05:15:00","MHK VL","61756","71.96","2.17","0","1"
"2022/07/28 05:20:00","MHK VL","61756","72.51","2.25","0","1"
"2022/07/28 05:25:00","MHK VL","61756","72.81","2.32","0","1"
"2022/07/28 05:30:00","MHK VL","61756","72.97","2.33","0","1"
"2022/07/28 05:35:00","MHK VL","61756","73.11","2.33","0","1"
"2022/07/28 05:40:00","MHK VL","61756","73.52","2.42","0","1"
"2022/07/28 05:45:00","MHK VL","61756","74.18","2.44","0","1"
"2022/07/28 05:50:00","MHK VL","61756","75.66","2.49","0","1"
"2022/07/28 05:55:00","MHK VL","61756","76.31","2.58","0","1"
"2022/07/28 06:00:00","MHK VL","61756","71.16","2.6","0","1"
"2022/07/28 06:05:00","MHK VL","61756","77.99","2.85","0","1"
"2022/07/28 06:10:00","MHK VL","61756","80.03","2.93","0","1"
"2022/07/28 06:15:00","MHK VL","61756","78.28","2.94","0","1"
"2022/07/28 06:20:00","MHK VL","61756","77.85","2.85","0","1"
"2022/07/28 06:25:00","MHK VL","61756","83.7","3.14","0","1"
"2022/07/28 06:30:00","MHK VL","61756","83.7","3.14","0","1"
"2022/07/28 06:35:00","MHK VL","61756","83.7","3.14","0","1"
"2022/07/28 06:40:00","MHK VL","61756","83.7","3.14","0","1"
"2022/07/28 06:45:00","MHK VL","61756","84.3","3.16","0","1"
"2022/07/28 06:50:00","MHK VL","61756","84.92","3.27","0","1"
"2022/07/28 06:55:00","MHK VL","61756","85.46","3.2","0","1"
"2022/07/28 07:00:00","MHK VL","61756","75.14","2.89","0","1"
"2022/07/28 07:05:00","MHK VL","61756","73.41","2.96","0","1"
"2022/07/28 07:10:00","MHK VL","61756","85.26","3.36","0","1"
"2022/07/28 07:15:00","MHK VL","61756","85.72","3.38","0","1"
"2022/07/28 07:20:00","MHK VL","61756","85.26","3.44","0","1"
"2022/07/28 07:25:00","MHK VL","61756","87.07","3.51","0","1"
"2022/07/28 07:30:00","MHK VL","61756","88.88","3.58","0","1"
"2022/07/28 07:35:00","MHK VL","61756","103.32","4.16","0","1"
"2022/07/28 07:40:00","MHK VL","61756","100.99","4.07","0","1"
"2022/07/28 07:45:00","MHK VL","61756","96.9","3.91","0","1"
"2022/07/28 07:50:00","MHK VL","61756","102.6","4.13","0","1"
"2022/07/28 07:55:00","MHK VL","61756","102.35","4.03","0","1"
"2022/07/28 08:00:00","MHK VL","61756","97.49","3.93","0","1"
"2022/07/28 08:05:00","MHK VL","61756","103.66","4.08","0","1"
"2022/07/28 08:10:00","MHK VL","61756","105.66","4.26","0","1"
"2022/07/28 08:15:00","MHK VL","61756","98.95","3.99","0","1"
"2022/07/28 08:20:00","MHK VL","61756","105.75","4.17","0","1"
"2022/07/28 08:25:00","MHK VL","61756","115.61","4.56","0","1"
"2022/07/28 08:30:00","MHK VL","61756","113.41","4.57","0","1"
"2022/07/28 08:35:00","MHK VL","61756","114.96","4.63","0","1"
"2022/07/28 08:40:00","MHK VL","61756","115.51","4.55","0","1"
"2022/07/28 08:45:00","MHK VL","61756","112.46","4.53","0","1"
"2022/07/28 08:50:00","MHK VL","61756","113.92","4.59","0","1"
"2022/07/28 08:55:00","MHK VL","61756","112.92","4.55","0","1"
"2022/07/28 09:00:00","MHK VL","61756","97.09","3.83","0","1"
"2022/07/28 09:05:00","MHK VL","61756","96.97","3.91","0","1"
"2022/07/28 09:10:00","MHK VL","61756","96.77","3.81","0","1"
"2022/07/28 09:15:00","MHK VL","61756","96.79","3.81","0","1"
"2022/07/28 09:20:00","MHK VL","61756","94.6","3.64","0","1"
"2022/07/28 09:25:00","MHK VL","61756","94.91","3.74","0","1"
"2022/07/28 09:30:00","MHK VL","61756","103.21","4.07","0","1"
"2022/07/28 09:35:00","MHK VL","61756","128.49","5.06","0","1"
"2022/07/28 09:40:00","MHK VL","61756","137.94","5.56","0","1"
"2022/07/28 09:45:00","MHK VL","61756","113.77","4.58","0","1"
"2022/07/28 09:50:00","MHK VL","61756","118.14","4.65","0","1"
"2022/07/28 09:55:00","MHK VL","61756","124.47","4.9","0","1"
"2022/07/28 10:00:00","MHK VL","61756","97.95","4.04","0","1"
"2022/07/28 10:05:00","MHK VL","61756","101.94","4.2","0","1"
"2022/07/28 10:10:00","MHK VL","61756","107.51","4.33","0","1"
"2022/07/28 10:15:00","MHK VL","61756","102.79","4.14","0","1"
"2022/07/28 10:20:00","MHK VL","61756","107.43","4.33","0","1"
"2022/07/28 10:25:00","MHK VL","61756","108.09","4.36","0","1"
"2022/07/28 10:30:00","MHK VL","61756","107.54","4.43","0","1"
"2022/07/28 10:35:00","MHK VL","61756","108.71","4.48","0","1"
"2022/07/28 10:40:00","MHK VL","61756","106.66","4.39","0","1"
"2022/07/28 10:45:00","MHK VL","61756","107.79","4.44","0","1"
"2022/07/28 10:50:00","MHK VL","61756","108.41","4.56","0","1"
"2022/07/28 10:55:00","MHK VL","61756","106.31","4.38","0","1"
"2022/07/28 11:00:00","MHK VL","61756","105.39","4.44","0","1"
"2022/07/28 11:05:00","MHK VL","61756","107.12","4.62","0","1"
"2022/07/28 11:10:00","MHK VL","61756","109.3","4.71","0","1"
"2022/07/28 11:15:00","MHK VL","61756","106.37","4.58","0","1"
"2022/07/28 11:20:00","MHK VL","61756","106.26","4.58","0","1"
"2022/07/28 11:25:00","MHK VL","61756","106.8","4.7","0","1"
"2022/07/28 11:30:00","MHK VL","61756","106.96","4.71","0","1"
"2022/07/28 11:35:00","MHK VL","61756","107.01","4.71","0","1"
"2022/07/28 11:40:00","MHK VL","61756","107.46","4.73","0","1"
"2022/07/28 11:45:00","MHK VL","61756","109.24","4.81","0","1"
"2022/07/28 11:50:00","MHK VL","61756","111.67","4.91","0","1"
"2022/07/28 11:55:00","MHK VL","61756","108.88","4.79","0","1"
"2022/07/28 12:00:00","MHK VL","61756","107.8","4.65","0","1"
"2022/07/28 12:05:00","MHK VL","61756","113.43","4.99","0","1"
"2022/07/28 12:07:46","MHK VL","61756","111.67","4.81","0","1"
"2022/07/28 12:09:28","MHK VL","61756","112.21","4.84","0","1"
"2022/07/28 12:10:00","MHK VL","61756","113.49","4.99","0","1"
"2022/07/28 12:12:28","MHK VL","61756","113.49","4.99","0","1"
"2022/07/28 12:14:34","MHK VL","61756","115.87","4.99","0","1"
"2022/07/28 12:15:00","MHK VL","61756","115.37","5.08","0","1"
"2022/07/28 12:20:00","MHK VL","61756","115.37","5.08","0","1"
"2022/07/28 12:25:00","MHK VL","61756","115.99","5","0","1"
"2022/07/28 12:30:00","MHK VL","61756","116.93","5.04","0","1"
"2022/07/28 12:35:00","MHK VL","61756","116.5","4.9","0","1"
"2022/07/28 12:40:00","MHK VL","61756","114.83","4.83","0","1"
"2022/07/28 12:45:00","MHK VL","61756","116.57","5.02","0","1"
"2022/07/28 12:50:00","MHK VL","61756","118.33","5.1","0","1"
"2022/07/28 12:55:00","MHK VL","61756","118.33","5.1","0","1"
"2022/07/28 13:00:00","MHK VL","61756","116.52","5.02","0","1"
"2022/07/28 13:05:00","MHK VL","61756","124.74","5.49","0","1"
"2022/07/28 13:10:00","MHK VL","61756","119.84","5.38","0","1"
"2022/07/28 13:15:00","MHK VL","61756","124.99","5.72","0","1"
"2022/07/28 13:20:00","MHK VL","61756","127.81","5.85","0","1"
"2022/07/28 13:25:00","MHK VL","61756","127.41","5.84","0","1"
"2022/07/28 13:30:00","MHK VL","61756","125.29","5.63","0","1"
"2022/07/28 13:35:00","MHK VL","61756","126.75","5.58","0","1"
"2022/07/28 13:40:00","MHK VL","61756","127.32","5.49","0","1"
"2022/07/28 13:45:00","MHK VL","61756","131.41","5.78","0","1"
"2022/07/28 13:50:00","MHK VL","61756","159.2","7.15","0","1"
"2022/07/28 13:55:00","MHK VL","61756","132.54","5.95","0","1"
"2022/07/28 14:00:00","MHK VL","61756","127.23","5.6","0","1"
"2022/07/28 14:05:00","MHK VL","61756","124.83","5.6","0","1"
"2022/07/28 14:10:00","MHK VL","61756","125.1","5.5","0","1"
"2022/07/28 14:15:00","MHK VL","61756","124.98","5.5","0","1"
"2022/07/28 14:20:00","MHK VL","61756","127.35","5.6","0","1"
"2022/07/28 14:25:00","MHK VL","61756","124.98","5.5","0","1"
"2022/07/28 14:30:00","MHK VL","61756","119.73","5.16","0","1"
"2022/07/28 14:35:00","MHK VL","61756","119.73","5.16","0","1"
"2022/07/28 14:40:00","MHK VL","61756","117.24","5.05","0","1"
"2022/07/28 14:45:00","MHK VL","61756","109.41","4.51","0","1"
"2022/07/28 14:50:00","MHK VL","61756","112.45","4.63","0","1"
"2022/07/28 14:55:00","MHK VL","61756","116.87","4.92","0","1"
"2022/07/28 15:00:00","MHK VL","61756","112.65","4.74","0","1"
"2022/07/28 15:05:00","MHK VL","61756","104.96","4.32","0","1"
"2022/07/28 15:10:00","MHK VL","61756","114.52","4.44","-11.45","1"
"2022/07/28 15:15:00","MHK VL","61756","103.37","3.94","-9.76","1"
"2022/07/28 15:20:00","MHK VL","61756","96.3","3.96","-2.19","1"
"2022/07/28 15:25:00","MHK VL","61756","81.7","3.18","-4.52","1"
"2022/07/28 15:30:00","MHK VL","61756","87.25","3.39","-3.07","1"
"2022/07/28 15:35:00","MHK VL","61756","96.64","3.81","-1.99","1"
"2022/07/28 15:40:00","MHK VL","61756","113.79","4.59","0","1"
"2022/07/28 15:45:00","MHK VL","61756","151.16","6.09","0","1"
"2022/07/28 15:50:00","MHK VL","61756","119.93","4.83","0","1"
"2022/07/28 15:55:00","MHK VL","61756","118.77","4.79","-0.01","1"
"2022/07/28 16:00:00","MHK VL","61756","98.88","3.43","-5.21","1"
"2022/07/28 16:05:00","MHK VL","61756","87.85","2.87","-11.21","1"
"2022/07/28 16:10:00","MHK VL","61756","111.13","3.74","-14","1"
"2022/07/28 16:15:00","MHK VL","61756","108.8","3.94","-6.4","1"
"2022/07/28 16:20:00","MHK VL","61756","140.52","5.41","0","1"
"2022/07/28 16:25:00","MHK VL","61756","130.15","5.01","0","1"
"2022/07/28 16:25:22","MHK VL","61756","239.39","9.17","-1.27","1"
"2022/07/28 16:30:00","MHK VL","61756","298.41","11.11","-9.78","1"
"2022/07/28 16:33:04","MHK VL","61756","298.41","11.11","-9.78","1"
"2022/07/28 16:35:00","MHK VL","61756","207","6.99","-16.1","1"
"2022/07/28 16:40:00","MHK VL","61756","207","6.99","-16.1","1"
"2022/07/28 16:45:00","MHK VL","61756","291.18","10","-17.86","1"
"2022/07/28 16:50:00","MHK VL","61756","189.32","6.43","-13.52","1"
"2022/07/28 16:55:00","MHK VL","61756","222.14","7.96","-9.78","1"
"2022/07/28 17:00:00","MHK VL","61756","248.58","9.24","-8.55","1"
"2022/07/28 17:05:00","MHK VL","61756","253.98","9.63","-3.85","1"
"2022/07/28 17:10:00","MHK VL","61756","269.31","10.61","0","1"
"2022/07/28 17:15:00","MHK VL","61756","275.64","10.76","-2.65","1"
"2022/07/28 17:20:00","MHK VL","61756","214.1","8.3","-8.11","1"
"2022/07/28 17:25:00","MHK VL","61756","191.47","7.38","-8.4","1"
"2022/07/28 17:30:00","MHK VL","61756","191.47","7.54","-8.4","1"
"2022/07/28 17:35:00","MHK VL","61756","179.02","7.25","-3.16","1"
"2022/07/28 17:40:00","MHK VL","61756","173.26","6.84","-3.45","1"
"2022/07/28 17:45:00","MHK VL","61756","170.45","6.72","-3.82","1"
"2022/07/28 17:50:00","MHK VL","61756","146.84","5.77","-3.75","1"
"2022/07/28 17:55:00","MHK VL","61756","151.91","5.96","-3.9","1"
"2022/07/28 18:00:00","MHK VL","61756","36.42","0.32","-28.03","1"
"2022/07/28 18:05:00","MHK VL","61756","72.51","2.15","-16.61","1"
"2022/07/28 18:07:34","MHK VL","61756","75.68","2.31","-19.68","1"
"2022/07/28 18:10:00","MHK VL","61756","107.78","3.81","-13.24","1"
"2022/07/28 18:14:58","MHK VL","61756","107.78","3.81","-13.24","1"
"2022/07/28 18:15:00","MHK VL","61756","62.07","1.57","-20.19","1"
"2022/07/28 18:20:00","MHK VL","61756","62.07","1.57","-20.19","1"
"2022/07/28 18:25:00","MHK VL","61756","62.07","1.57","-20.19","1"
"2022/07/28 18:30:00","MHK VL","61756","70.07","2.01","-17.74","1"
"2022/07/28 18:35:00","MHK VL","61756","55.79","1.49","-17.87","1"
"2022/07/28 18:40:00","MHK VL","61756","51.03","1.5","-12.94","1"
"2022/07/28 18:45:00","MHK VL","61756","98.95","3.74","-6.05","1"
"2022/07/28 18:50:00","MHK VL","61756","66.61","2.45","-5.76","1"
"2022/07/28 18:55:00","MHK VL","61756","72.22","2.46","-11.25","1"
"2022/07/28 19:00:00","MHK VL","61756","72.52","2.25","-15.54","1"
"2022/07/28 19:05:00","MHK VL","61756","69.63","2.61","-1.86","1"
"2022/07/28 19:10:00","MHK VL","61756","81.02","2.76","-12.48","1"
"2022/07/28 19:12:37","MHK VL","61756","78.66","2.63","-13.44","1"
"2022/07/28 19:14:12","MHK VL","61756","118.82","4.8","-2.32","1"
"2022/07/28 19:15:00","MHK VL","61756","108.76","4.32","-6.21","1"
"2022/07/28 19:17:42","MHK VL","61756","108.76","4.32","-6.21","1"
"2022/07/28 19:20:00","MHK VL","61756","102.46","3.9","-9.75","1"
"2022/07/28 19:25:00","MHK VL","61756","102.46","3.9","-9.75","1"
"2022/07/28 19:27:54","MHK VL","61756","102.46","3.9","-9.75","1"
"2022/07/28 19:30:00","MHK VL","61756","105.57","3.67","-16.55","1"
"2022/07/28 19:35:00","MHK VL","61756","105.57","3.67","-16.55","1"
"2022/07/28 19:40:00","MHK VL","61756","48.35","1.95","0","1"
"2022/07/28 19:45:00","MHK VL","61756","304.42","12.27","0","1"
"2022/07/28 19:50:00","MHK VL","61756","277.1","11.42","0","1"
"2022/07/28 19:55:00","MHK VL","61756","276.39","10.89","0","1"
"2022/07/28 20:00:00","MHK VL","61756","233.08","9.18","0","1"
"2022/07/28 20:05:00","MHK VL","61756","171.39","6.6","0","1"
"2022/07/28 20:10:00","MHK VL","61756","168.34","6.78","0","1"
"2022/07/28 20:15:00","MHK VL","61756","171.87","7.08","0","1"
"2022/07/28 20:20:00","MHK VL","61756","172.95","7.13","0","1"
"2022/07/28 20:25:00","MHK VL","61756","172.65","7.27","0","1"
"2022/07/28 20:30:00","MHK VL","61756","171.83","7.23","0","1"
"2022/07/28 20:35:00","MHK VL","61756","174.05","7.5","0","1"
"2022/07/28 20:40:00","MHK VL","61756","172.69","7.44","0","1"
"2022/07/28 20:45:00","MHK VL","61756","123.13","4.84","-8.24","1"
"2022/07/28 20:50:00","MHK VL","61756","123.13","4.84","-8.24","1"
"2022/07/28 20:55:00","MHK VL","61756","172.18","7.25","0","1"
"2022/07/28 21:00:00","MHK VL","61756","132.87","5.73","0","1"
"2022/07/28 21:05:00","MHK VL","61756","122.21","5.27","0","1"
"2022/07/28 21:10:00","MHK VL","61756","122.32","5.15","0","1"
"2022/07/28 21:15:00","MHK VL","61756","102.66","4.11","-5.09","1"
"2022/07/28 21:20:00","MHK VL","61756","122","5.26","0","1"
"2022/07/28 21:25:00","MHK VL","61756","121.41","5.23","0","1"
"2022/07/28 21:30:00","MHK VL","61756","122.17","5.14","0","1"
"2022/07/28 21:35:00","MHK VL","61756","79.47","2.88","-9.52","1"
"2022/07/28 21:40:00","MHK VL","61756","86.29","3.28","-5.01","1"
"2022/07/28 21:45:00","MHK VL","61756","117.66","4.64","0","1"
"2022/07/28 21:50:00","MHK VL","61756","114.47","4.61","0","1"
"2022/07/28 21:55:00","MHK VL","61756","114.79","4.63","0","1"
"2022/07/28 22:00:00","MHK VL","61756","115.61","4.66","0","1"
"2022/07/28 22:05:00","MHK VL","61756","106.17","4.37","0","1"
"2022/07/28 22:10:00","MHK VL","61756","106.17","4.37","0","1"
"2022/07/28 22:15:00","MHK VL","61756","116.7","4.7","0","1"
"2022/07/28 22:20:00","MHK VL","61756","121.84","4.8","0","1"
"2022/07/28 22:25:00","MHK VL","61756","117.62","4.53","0","1"
"2022/07/28 22:30:00","MHK VL","61756","117.79","4.53","0","1"
"2022/07/28 22:35:00","MHK VL","61756","109.58","4.01","0","1"
"2022/07/28 22:40:00","MHK VL","61756","104.98","3.84","0","1"
"2022/07/28 22:45:00","MHK VL","61756","104.89","3.84","0","1"
"2022/07/28 22:50:00","MHK VL","61756","96.4","3.53","0","1"
"2022/07/28 22:55:00","MHK VL","61756","104.71","3.83","0","1"
"2022/07/28 23:00:00","MHK VL","61756","106.45","3.9","0","1"
"2022/07/28 23:05:00","MHK VL","61756","95.67","3.42","0","1"
"2022/07/28 23:10:00","MHK VL","61756","95.78","3.42","0","1"
"2022/07/28 23:15:00","MHK VL","61756","95.97","3.33","0","1"
"2022/07/28 23:20:00","MHK VL","61756","95.86","3.42","0","1"
"2022/07/28 23:25:00","MHK VL","61756","95.93","3.42","0","1"
"2022/07/28 23:30:00","MHK VL","61756","92.98","3.32","0","1"
"2022/07/28 23:35:00","MHK VL","61756","91.15","3.34","0","1"
"2022/07/28 23:40:00","MHK VL","61756","88.28","3.23","0","1"
"2022/07/28 23:45:00","MHK VL","61756","88.25","3.23","0","1"
"2022/07/28 23:50:00","MHK VL","61756","88.35","3.15","0","1"
"2022/07/28 23:55:00","MHK VL","61756","88.64","3.24","0","1"
"2022/07/29 00:00:00","MHK VL","61756","107.78","4.04","0","1"
"2022/07/29 00:05:00","MHK VL","61756","103.9","3.8","0","1"
"2022/07/29 00:10:00","MHK VL","61756","103.62","3.79","0","1"
"2022/07/29 00:15:00","MHK VL","61756","104.18","3.72","0","1"
"2022/07/29 00:20:00","MHK VL","61756","107.93","3.75","0","1"
"2022/07/29 00:25:00","MHK VL","61756","106.67","3.61","0","1"
"2022/07/29 00:30:00","MHK VL","61756","106.25","3.5","0","1"
"2022/07/29 00:35:00","MHK VL","61756","104.26","3.43","0","1"
"2022/07/29 00:40:00","MHK VL","61756","104.28","3.43","0","1"
"2022/07/29 00:45:00","MHK VL","61756","111.16","3.66","0","1"
"2022/07/29 00:50:00","MHK VL","61756","106.83","3.41","0","1"
"2022/07/29 00:55:00","MHK VL","61756","89.4","2.85","0","1"
"2022/07/29 01:00:00","MHK VL","61756","90.84","2.82","0","1"
"2022/07/29 01:05:00","MHK VL","61756","79.16","2.45","0","1"
"2022/07/29 01:10:00","MHK VL","61756","97.01","3.01","0","1"
"2022/07/29 01:15:00","MHK VL","61756","93.96","2.83","0","1"
"2022/07/29 01:20:00","MHK VL","61756","93.91","2.83","0","1"
"2022/07/29 01:25:00","MHK VL","61756","93.91","2.83","0","1"
"2022/07/29 01:30:00","MHK VL","61756","94","2.83","0","1"
"2022/07/29 01:35:00","MHK VL","61756","89.4","2.69","0","1"
"2022/07/29 01:40:00","MHK VL","61756","77.46","2.33","0","1"
"2022/07/29 01:45:00","MHK VL","61756","93.95","2.91","0","1"
"2022/07/29 01:50:00","MHK VL","61756","85.9","2.66","0","1"
"2022/07/29 01:55:00","MHK VL","61756","83.65","2.52","0","1"
"2022/07/29 02:00:00","MHK VL","61756","85.99","2.59","0","1"
"2022/07/29 02:05:00","MHK VL","61756","81.07","2.44","0","1"
"2022/07/29 02:10:00","MHK VL","61756","79.04","2.45","0","1"
"2022/07/29 02:15:00","MHK VL","61756","63.52","1.91","0","1"
"2022/07/29 02:20:00","MHK VL","61756","83.84","2.6","0","1"
"2022/07/29 02:25:00","MHK VL","61756","77.62","2.41","0","1"
"2022/07/29 02:30:00","MHK VL","61756","83.83","2.6","0","1"
"2022/07/29 02:35:00","MHK VL","61756","68.66","2.13","0","1"
"2022/07/29 02:40:00","MHK VL","61756","65.4","2.03","0","1"
"2022/07/29 02:45:00","MHK VL","61756","68.44","2.12","0","1"
"2022/07/29 02:50:00","MHK VL","61756","64.66","2","0","1"
"2022/07/29 02:55:00","MHK VL","61756","68.45","2.12","0","1"
"2022/07/29 03:00:00","MHK VL","61756","77.17","2.39","0","1"
"2022/07/29 03:05:00","MHK VL","61756","78.86","2.44","0","1"
"2022/07/29 03:10:00","MHK VL","61756","79.66","2.4","0","1"
"2022/07/29 03:15:00","MHK VL","61756","79.24","2.39","0","1"
"2022/07/29 03:20:00","MHK VL","61756","77.55","2.33","0","1"
"2022/07/29 03:25:00","MHK VL","61756","80.03","2.48","0","1"
"2022/07/29 03:30:00","MHK VL","61756","79.72","2.47","0","1"
"2022/07/29 03:35:00","MHK VL","61756","79.72","2.47","0","1"
"2022/07/29 03:40:00","MHK VL","61756","79.16","2.45","0","1"
"2022/07/29 03:45:00","MHK VL","61756","80.04","2.48","0","1"
"2022/07/29 03:50:00","MHK VL","61756","79.54","2.47","0","1"
"2022/07/29 03:55:00","MHK VL","61756","79.3","2.46","0","1"
"2022/07/29 04:00:00","MHK VL","61756","73.26","2.27","0","1"
"2022/07/29 04:05:00","MHK VL","61756","74","2.29","0","1"
"2022/07/29 04:10:00","MHK VL","61756","77.46","2.4","0","1"
"2022/07/29 04:15:00","MHK VL","61756","79.29","2.53","0","1"
"2022/07/29 04:20:00","MHK VL","61756","78.01","2.49","0","1"
"2022/07/29 04:25:00","MHK VL","61756","77.46","2.4","0","1"
"2022/07/29 04:30:00","MHK VL","61756","73.13","2.27","0","1"
"2022/07/29 04:35:00","MHK VL","61756","72.92","2.26","0","1"
"2022/07/29 04:40:00","MHK VL","61756","72.99","2.26","0","1"
"2022/07/29 04:45:00","MHK VL","61756","77.46","2.4","0","1"
"2022/07/29 04:50:00","MHK VL","61756","55.25","1.71","0","1"
"2022/07/29 04:55:00","MHK VL","61756","59.27","1.84","0","1"
"2022/07/29 05:00:00","MHK VL","61756","69.35","2.47","8.18","1"
"2022/07/29 05:05:00","MHK VL","61756","84.96","2.8","0","1"
"2022/07/29 05:10:00","MHK VL","61756","85.99","2.91","0","1"
"2022/07/29 05:15:00","MHK VL","61756","76.4","2.98","9.4","1"
"2022/07/29 05:20:00","MHK VL","61756","84.06","2.84","0","1"
"2022/07/29 05:25:00","MHK VL","61756","77.4","2.92","8.93","1"
"2022/07/29 05:30:00","MHK VL","61756","86.96","2.86","0","1"
"2022/07/29 05:35:00","MHK VL","61756","87.04","2.94","0","1"
"2022/07/29 05:40:00","MHK VL","61756","87.88","2.97","0","1"
"2022/07/29 05:45:00","MHK VL","61756","86.15","2.99","0","1"
"2022/07/29 05:50:00","MHK VL","61756","86.15","2.99","0","1"
"2022/07/29 05:55:00","MHK VL","61756","86.24","2.99","0","1"
"2022/07/29 06:00:00","MHK VL","61756","79.44","2.76","0","1"
"2022/07/29 06:05:00","MHK VL","61756","85.17","2.96","0","1"
"2022/07/29 06:10:00","MHK VL","61756","84.91","2.95","0","1"
"2022/07/29 06:15:00","MHK VL","61756","93.97","3.26","0","1"
"2022/07/29 06:20:00","MHK VL","61756","93.88","3.26","0","1"
"2022/07/29 06:25:00","MHK VL","61756","91.16","3.16","0","1"
"2022/07/29 06:30:00","MHK VL","61756","89.76","3.2","0","1"
"2022/07/29 06:35:00","MHK VL","61756","94.24","3.36","0","1"
"2022/07/29 06:40:00","MHK VL","61756","94.24","3.36","0","1"
"2022/07/29 06:45:00","MHK VL","61756","94.3","3.45","0","1"
"2022/07/29 06:50:00","MHK VL","61756","94.06","3.36","0","1"
"2022/07/29 06:55:00","MHK VL","61756","93.98","3.36","0","1"
"2022/07/29 07:00:00","MHK VL","61756","85.25","1.88","-39.59","1"
"2022/07/29 07:05:00","MHK VL","61756","74.01","-0.75","-91.72","1"
"2022/07/29 07:10:00","MHK VL","61756","30.66","-11.99","-315.54","1"
"2022/07/29 07:15:00","MHK VL","61756","30.11","-12.3","-315.54","1"
"2022/07/29 07:20:00","MHK VL","61756","30.36","-12.29","-315.54","1"
"2022/07/29 07:25:00","MHK VL","61756","75.06","-0.74","-92.69","1"
"2022/07/29 07:30:00","MHK VL","61756","76.03","-0.93","-97.71","1"
"2022/07/29 07:35:00","MHK VL","61756","85.82","1.79","-43.36","1"
"2022/07/29 07:40:00","MHK VL","61756","89.3","1.87","-44.97","1"
"2022/07/29 07:45:00","MHK VL","61756","88.73","1.9","-44.76","1"
"2022/07/29 07:50:00","MHK VL","61756","89.77","-0.34","-97.71","1"
"2022/07/29 07:55:00","MHK VL","61756","86.86","-0.47","-97.71","1"
"2022/07/29 08:00:00","MHK VL","61756","86.02","1.83","-43.63","1"
"2022/07/29 08:05:00","MHK VL","61756","75.15","-0.74","-92.69","1"
"2022/07/29 08:10:00","MHK VL","61756","56.14","-9.05","-271.05","1"
"2022/07/29 08:15:00","MHK VL","61756","90.72","-0.17","-94.68","1"
"2022/07/29 08:20:00","MHK VL","61756","96.53","0.08","-94.68","1"
"2022/07/29 08:25:00","MHK VL","61756","99.19","0.19","-94.68","1"
"2022/07/29 08:30:00","MHK VL","61756","86.99","-0.32","-94.68","1"
"2022/07/29 08:35:00","MHK VL","61756","87","-0.32","-94.68","1"
"2022/07/29 08:40:00","MHK VL","61756","86.99","-0.32","-94.68","1"
"2022/07/29 08:45:00","MHK VL","61756","93.08","-0.07","-94.68","1"
"2022/07/29 08:50:00","MHK VL","61756","94.47","-0.01","-94.68","1"
"2022/07/29 08:55:00","MHK VL","61756","96.53","0.08","-94.68","1"
"2022/07/29 09:00:00","MHK VL","61756","88.19","-0.28","-94.68","1"
"2022/07/29 09:05:00","MHK VL","61756","88.21","-0.28","-94.68","1"
"2022/07/29 09:10:00","MHK VL","61756","89.94","-0.23","-95.5","1"
"2022/07/29 09:15:00","MHK VL","61756","58.26","-10.25","-301.61","1"
"2022/07/29 09:20:00","MHK VL","61756","96.02","2.16","-44.63","1"
"2022/07/29 09:25:00","MHK VL","61756","96.07","2.17","-44.63","1"
"2022/07/29 09:30:00","MHK VL","61756","92.58","2.08","-43.2","1"
"2022/07/29 09:35:00","MHK VL","61756","96.12","2.17","-44.59","1"
"2022/07/29 09:40:00","MHK VL","61756","96.93","2.19","-44.87","1"
"2022/07/29 09:45:00","MHK VL","61756","101.08","2.3","-46.56","1"
"2022/07/29 09:50:00","MHK VL","61756","101.9","2.31","-46.93","1"
"2022/07/29 09:55:00","MHK VL","61756","104.32","2.38","-47.83","1"
"2022/07/29 10:00:00","MHK VL","61756","95.32","2.2","-42.99","1"
"2022/07/29 10:05:00","MHK VL","61756","98.81","2.39","-42.12","1"
"2022/07/29 10:10:00","MHK VL","61756","101.54","2.46","-43.11","1"
"2022/07/29 10:15:00","MHK VL","61756","93.09","2.24","-39.92","1"
"2022/07/29 10:20:00","MHK VL","61756","89.68","2.21","-38.49","1"
"2022/07/29 10:25:00","MHK VL","61756","87.82","2.16","-37.81","1"
"2022/07/29 10:30:00","MHK VL","61756","86.47","2.17","-37.2","1"
"2022/07/29 10:35:00","MHK VL","61756","89.14","2.19","-38.34","1"
"2022/07/29 10:40:00","MHK VL","61756","89.6","2.15","-38.45","1"
"2022/07/29 10:45:00","MHK VL","61756","89.59","2.15","-38.41","1"
"2022/07/29 10:50:00","MHK VL","61756","90.82","2.24","-38.85","1"
"2022/07/29 10:55:00","MHK VL","61756","91.23","2.11","-42.19","1"
"2022/07/29 11:00:00","MHK VL","61756","86.3","1.94","-40.23","1"
"2022/07/29 11:05:00","MHK VL","61756","89.55","2.02","-41.62","1"
"2022/07/29 11:10:00","MHK VL","61756","91.67","2.05","-42.86","1"
"2022/07/29 11:15:00","MHK VL","61756","90.5","2.03","-42.27","1"
"2022/07/29 11:20:00","MHK VL","61756","96.53","2.22","-44.91","1"
"2022/07/29 11:25:00","MHK VL","61756","95.25","2.19","-44.36","1"
"2022/07/29 11:30:00","MHK VL","61756","96.62","2.22","-45.02","1"
"2022/07/29 11:35:00","MHK VL","61756","96.23","2.05","-48.61","1"
"2022/07/29 11:40:00","MHK VL","61756","95.98","2.21","-44.65","1"
"2022/07/29 11:45:00","MHK VL","61756","96.49","2.22","-44.9","1"
"2022/07/29 11:50:00","MHK VL","61756","96.45","2.23","-44.81","1"
"2022/07/29 11:55:00","MHK VL","61756","97.49","2.25","-45.3","1"
"2022/07/29 12:00:00","MHK VL","61756","92.05","2.12","-42.96","1"
"2022/07/29 12:05:00","MHK VL","61756","90.31","2.12","-42.19","1"
"2022/07/29 12:10:00","MHK VL","61756","89.82","2.24","-41.89","1"
"2022/07/29 12:15:00","MHK VL","61756","94.18","2.05","-47.61","1"
"2022/07/29 12:20:00","MHK VL","61756","93.9","2.21","-47.4","1"
"2022/07/29 12:25:00","MHK VL","61756","95.91","2.09","-48.34","1"
"2022/07/29 12:30:00","MHK VL","61756","96.15","2.28","-48.28","1"
"2022/07/29 12:35:00","MHK VL","61756","97.41","2.38","-47.47","1"
"2022/07/29 12:40:00","MHK VL","61756","97.76","2.34","-47.62","1"
"2022/07/29 12:45:00","MHK VL","61756","94.2","2.05","-47.5","1"
"2022/07/29 12:50:00","MHK VL","61756","92.82","2.18","-43.19","1"
"2022/07/29 12:55:00","MHK VL","61756","92.15","2.35","-42.81","1"
"2022/07/29 13:00:00","MHK VL","61756","86.12","2.02","-40.31","1"
"2022/07/29 13:05:00","MHK VL","61756","92.09","2.21","-42.93","1"
"2022/07/29 13:10:00","MHK VL","61756","91.67","2.14","-42.94","1"
"2022/07/29 13:15:00","MHK VL","61756","92.46","2.16","-43.28","1"
"2022/07/29 13:20:00","MHK VL","61756","92.45","2.16","-43.3","1"
"2022/07/29 13:25:00","MHK VL","61756","96.76","2.32","-45.1","1"
"2022/07/29 13:30:00","MHK VL","61756","93.64","2.24","-43.71","1"
"2022/07/29 13:35:00","MHK VL","61756","96.75","2.27","-45.16","1"
"2022/07/29 13:40:00","MHK VL","61756","94.45","2.22","-44.08","1"
"2022/07/29 13:45:00","MHK VL","61756","93.76","2.25","-43.74","1"
"2022/07/29 13:50:00","MHK VL","61756","92.75","2.22","-43.28","1"
"2022/07/29 13:55:00","MHK VL","61756","93.07","2.34","-39.79","1"
"2022/07/29 14:00:00","MHK VL","61756","96.24","2.13","-48.7","1"
"2022/07/29 14:05:00","MHK VL","61756","98.11","2.18","-49.47","1"
"2022/07/29 14:10:00","MHK VL","61756","96.63","2.19","-48.78","1"
"2022/07/29 14:15:00","MHK VL","61756","96.76","2.36","-45.12","1"
"2022/07/29 14:20:00","MHK VL","61756","96.72","2.36","-45.08","1"
"2022/07/29 14:25:00","MHK VL","61756","96.71","2.36","-45.13","1"
"2022/07/29 14:30:00","MHK VL","61756","95.71","2.34","-44.65","1"
"2022/07/29 14:35:00","MHK VL","61756","93.34","2.28","-43.58","1"
"2022/07/29 14:40:00","MHK VL","61756","95.06","2.28","-44.39","1"
"2022/07/29 14:45:00","MHK VL","61756","101.89","2.45","-47.39","1"
"2022/07/29 14:50:00","MHK VL","61756","108.13","2.61","-50.04","1"
"2022/07/29 14:55:00","MHK VL","61756","109.05","2.63","-50.41","1"
"2022/07/29 15:00:00","MHK VL","61756","80.15","1.9","-37.84","1"
"2022/07/29 15:05:00","MHK VL","61756","79.91","1.9","-37.7","1"
"2022/07/29 15:10:00","MHK VL","61756","69.77","1.58","-35.29","1"
"2022/07/29 15:15:00","MHK VL","61756","75.11","1.91","-33.41","1"
"2022/07/29 15:20:00","MHK VL","61756","74.64","1.73","-36.94","1"
"2022/07/29 15:25:00","MHK VL","61756","75.17","1.91","-33.37","1"
"2022/07/29 15:30:00","MHK VL","61756","75.5","1.93","-33.36","1"
"2022/07/29 15:35:00","MHK VL","61756","85.05","2.44","-30.61","1"
"2022/07/29 15:40:00","MHK VL","61756","85.95","2.48","-31.86","1"
"2022/07/29 15:45:00","MHK VL","61756","84.68","2.02","-40.48","1"
"2022/07/29 15:50:00","MHK VL","61756","84.91","1.99","-40.67","1"
"2022/07/29 15:55:00","MHK VL","61756","85.25","2.02","-41.19","1"
"2022/07/29 16:00:00","MHK VL","61756","83.74","2.03","-39.38","1"
"2022/07/29 16:05:00","MHK VL","61756","83.69","2.03","-39.38","1"
"2022/07/29 16:10:00","MHK VL","61756","83.77","2.03","-39.45","1"
"2022/07/29 16:15:00","MHK VL","61756","86.92","2.08","-41.59","1"
"2022/07/29 16:20:00","MHK VL","61756","94.66","2.31","-44.2","1"
"2022/07/29 16:25:00","MHK VL","61756","88.82","2.16","-41.63","1"
"2022/07/29 16:30:00","MHK VL","61756","97.26","3.05","-30.77","1"
"2022/07/29 16:35:00","MHK VL","61756","100.96","3.21","-30.77","1"
"2022/07/29 16:40:00","MHK VL","61756","99.88","3.17","-30.77","1"
"2022/07/29 16:45:00","MHK VL","61756","101.02","3.22","-30.77","1"
"2022/07/29 16:50:00","MHK VL","61756","103.13","3.31","-30.77","1"
"2022/07/29 16:55:00","MHK VL","61756","107.86","4.94","0","1"
"2022/07/29 17:00:00","MHK VL","61756","101.39","3.23","-30.77","1"
"2022/07/29 17:05:00","MHK VL","61756","107.12","2.68","-49.69","1"
"2022/07/29 17:10:00","MHK VL","61756","110.22","5.05","0","1"
"2022/07/29 17:15:00","MHK VL","61756","126.14","5.78","0","1"
"2022/07/29 17:20:00","MHK VL","61756","136.99","6.27","0","1"
"2022/07/29 17:25:00","MHK VL","61756","138.7","6.35","0","1"
"2022/07/29 17:30:00","MHK VL","61756","112.76","5.06","0","1"
"2022/07/29 17:35:00","MHK VL","61756","105.84","4.75","0","1"
"2022/07/29 17:40:00","MHK VL","61756","104.99","3.41","-30.55","1"
"2022/07/29 17:45:00","MHK VL","61756","105.63","3.51","-30.55","1"
"2022/07/29 17:50:00","MHK VL","61756","112.14","5.24","0","1"
"2022/07/29 17:55:00","MHK VL","61756","112.24","5.14","0","1"
"2022/07/29 18:00:00","MHK VL","61756","108.25","4.96","0","1"
"2022/07/29 18:05:00","MHK VL","61756","100.68","4.52","0","1"
"2022/07/29 18:10:00","MHK VL","61756","100.97","4.72","0","1"
"2022/07/29 18:15:00","MHK VL","61756","106.43","5.07","0","1"
"2022/07/29 18:20:00","MHK VL","61756","108.64","5.17","0","1"
"2022/07/29 18:25:00","MHK VL","61756","106.73","5.18","0","1"
"2022/07/29 18:30:00","MHK VL","61756","104.81","3.54","-30.45","1"
"2022/07/29 18:35:00","MHK VL","61756","105.4","3.57","-30.45","1"
"2022/07/29 18:40:00","MHK VL","61756","109.2","5.2","0","1"
"2022/07/29 18:45:00","MHK VL","61756","101.93","3.4","-30.45","1"
"2022/07/29 18:50:00","MHK VL","61756","90.5","2.86","-30.45","1"
"2022/07/29 18:55:00","MHK VL","61756","90.5","2.29","-42.45","1"
"2022/07/29 19:00:00","MHK VL","61756","101.08","2.57","-47.16","1"
"2022/07/29 19:05:00","MHK VL","61756","99.31","2.52","-46.46","1"
"2022/07/29 19:10:00","MHK VL","61756","100.04","2.46","-50.3","1"
"2022/07/29 19:15:00","MHK VL","61756","93.9","2.29","-47.58","1"
"2022/07/29 19:20:00","MHK VL","61756","95.7","2.34","-48.29","1"
"2022/07/29 19:25:00","MHK VL","61756","95.89","2.41","-47.05","1"
"2022/07/29 19:30:00","MHK VL","61756","94.09","2.3","-47.6","1"
"2022/07/29 19:35:00","MHK VL","61756","84.89","2.11","-42.16","1"
"2022/07/29 19:40:00","MHK VL","61756","84.61","2.1","-42.04","1"
"2022/07/29 19:45:00","MHK VL","61756","81.8","1.99","-40.81","1"
"2022/07/29 19:50:00","MHK VL","61756","81.8","2.14","-38.54","1"
"2022/07/29 19:55:00","MHK VL","61756","81.61","1.98","-40.69","1"
"2022/07/29 20:00:00","MHK VL","61756","107.52","2.67","-53.48","1"
"2022/07/29 20:05:00","MHK VL","61756","107.99","2.62","-53.93","1"
"2022/07/29 20:10:00","MHK VL","61756","101.51","2.56","-50.68","1"
"2022/07/29 20:15:00","MHK VL","61756","113.71","2.85","-55.99","1"
"2022/07/29 20:20:00","MHK VL","61756","112.52","2.82","-55.5","1"
"2022/07/29 20:25:00","MHK VL","61756","103.82","0.19","-100.01","1"
"2022/07/29 20:30:00","MHK VL","61756","87.9","-0.6","-100.01","1"
"2022/07/29 20:35:00","MHK VL","61756","83.89","-0.8","-100.01","1"
"2022/07/29 20:40:00","MHK VL","61756","82.57","-0.86","-100.01","1"
"2022/07/29 20:45:00","MHK VL","61756","86.48","2.05","-44.15","1"
"2022/07/29 20:50:00","MHK VL","61756","86.54","2.05","-44.19","1"
"2022/07/29 20:55:00","MHK VL","61756","86.54","2.06","-44.03","1"
"2022/07/29 21:00:00","MHK VL","61756","95.85","2.37","-47.95","1"
"2022/07/29 21:05:00","MHK VL","61756","86.77","2.14","-42.6","1"
"2022/07/29 21:10:00","MHK VL","61756","86.39","2.18","-42.22","1"
"2022/07/29 21:15:00","MHK VL","61756","86.2","2.1","-43.61","1"
"2022/07/29 21:20:00","MHK VL","61756","86.46","2.18","-42.31","1"
"2022/07/29 21:25:00","MHK VL","61756","86.18","2.1","-43.65","1"
"2022/07/29 21:30:00","MHK VL","61756","86.27","2.14","-43.67","1"
"2022/07/29 21:35:00","MHK VL","61756","87.43","2.13","-44.35","1"
"2022/07/29 21:40:00","MHK VL","61756","86.13","2.09","-43.79","1"
"2022/07/29 21:45:00","MHK VL","61756","92.09","2.22","-46.39","1"
"2022/07/29 21:50:00","MHK VL","61756","85.74","2.04","-43.66","1"
"2022/07/29 21:55:00","MHK VL","61756","76.55","-1.1","-99.19","1"
"2022/07/29 22:00:00","MHK VL","61756","92.31","2.22","-46.45","1"
"2022/07/29 22:05:00","MHK VL","61756","86.06","2.02","-43.72","1"
"2022/07/29 22:10:00","MHK VL","61756","85.87","2.06","-43.41","1"
"2022/07/29 22:15:00","MHK VL","61756","86.06","2.02","-43.57","1"
"2022/07/29 22:20:00","MHK VL","61756","85.95","1.98","-43.54","1"
"2022/07/29 22:25:00","MHK VL","61756","85.83","1.97","-43.63","1"
"2022/07/29 22:30:00","MHK VL","61756","85.79","1.93","-43.61","1"
"2022/07/29 22:35:00","MHK VL","61756","85.7","1.97","-43.57","1"
"2022/07/29 22:40:00","MHK VL","61756","85.61","1.93","-43.39","1"
"2022/07/29 22:45:00","MHK VL","61756","85.62","1.93","-43.43","1"
"2022/07/29 22:50:00","MHK VL","61756","85.62","1.94","-43.36","1"
"2022/07/29 22:55:00","MHK VL","61756","85.78","2.01","-41.98","1"
"2022/07/29 23:00:00","MHK VL","61756","86.26","2.13","-39.79","1"
"2022/07/29 23:05:00","MHK VL","61756","88.21","2.63","-29.53","1"
"2022/07/29 23:10:00","MHK VL","61756","93.53","4.12","0","1"
"2022/07/29 23:15:00","MHK VL","61756","90.92","2.65","-29.36","1"
"2022/07/29 23:20:00","MHK VL","61756","96.72","2.28","-43.86","1"
"2022/07/29 23:25:00","MHK VL","61756","88.85","2.08","-40.57","1"
"2022/07/29 23:30:00","MHK VL","61756","89.29","2.52","-29.36","1"
"2022/07/29 23:35:00","MHK VL","61756","93.71","3.86","0","1"
"2022/07/29 23:40:00","MHK VL","61756","92.66","3.73","0","1"
"2022/07/29 23:45:00","MHK VL","61756","92.65","3.73","0","1"
"2022/07/29 23:50:00","MHK VL","61756","92.7","3.74","0","1"
"2022/07/29 23:55:00","MHK VL","61756","92.58","3.65","0","1"
"2022/07/30 00:00:00","MHK VL","61756","94.08","2.55","-29.36","1"
"2022/07/30 00:05:00","MHK VL","61756","89.72","2.38","-29.36","1"
"2022/07/30 00:10:00","MHK VL","61756","89.53","2.1","-40.73","1"
"2022/07/30 00:15:00","MHK VL","61756","103.08","4.34","0","1"
"2022/07/30 00:20:00","MHK VL","61756","98.15","2.26","-44.44","1"
"2022/07/30 00:25:00","MHK VL","61756","94.78","2.18","-43.07","1"
"2022/07/30 00:30:00","MHK VL","61756","94.59","2.03","-45.36","1"
"2022/07/30 00:35:00","MHK VL","61756","94.59","2.12","-43.06","1"
"2022/07/30 00:40:00","MHK VL","61756","93.7","1.96","-45","1"
"2022/07/30 00:45:00","MHK VL","61756","95.85","1.95","-47.47","1"
"2022/07/30 00:50:00","MHK VL","61756","94.01","1.91","-46.61","1"
"2022/07/30 00:55:00","MHK VL","61756","93.94","1.86","-46.72","1"
"2022/07/30 01:00:00","MHK VL","61756","103.92","2.04","-50.92","1"
"2022/07/30 01:05:00","MHK VL","61756","93.89","1.82","-46.74","1"
"2022/07/30 01:10:00","MHK VL","61756","93.79","1.81","-46.81","1"
"2022/07/30 01:15:00","MHK VL","61756","93.83","1.86","-46.57","1"
"2022/07/30 01:20:00","MHK VL","61756","93.8","1.86","-46.56","1"
"2022/07/30 01:25:00","MHK VL","61756","87.02","1.71","-43.66","1"
"2022/07/30 01:30:00","MHK VL","61756","87.21","1.77","-42.35","1"
"2022/07/30 01:35:00","MHK VL","61756","86.97","1.71","-43.64","1"
"2022/07/30 01:40:00","MHK VL","61756","87.23","1.77","-42.23","1"
"2022/07/30 01:45:00","MHK VL","61756","87.13","1.72","-42.33","1"
"2022/07/30 01:50:00","MHK VL","61756","87.13","1.72","-42.35","1"
"2022/07/30 01:55:00","MHK VL","61756","87.13","1.72","-42.35","1"
"2022/07/30 02:00:00","MHK VL","61756","104.67","2","-51.26","1"
"2022/07/30 02:05:00","MHK VL","61756","90.71","1.74","-45.53","1"
"2022/07/30 02:10:00","MHK VL","61756","86.99","1.62","-43.72","1"
"2022/07/30 02:15:00","MHK VL","61756","88.34","1.66","-44.2","1"
"2022/07/30 02:20:00","MHK VL","61756","87.79","1.64","-43.99","1"
"2022/07/30 02:25:00","MHK VL","61756","87.12","1.63","-43.68","1"
"2022/07/30 02:30:00","MHK VL","61756","87.17","1.63","-43.71","1"
"2022/07/30 02:35:00","MHK VL","61756","87.5","1.73","-42.47","1"
"2022/07/30 02:40:00","MHK VL","61756","87.45","1.73","-42.41","1"
"2022/07/30 02:45:00","MHK VL","61756","87.37","1.68","-42.44","1"
"2022/07/30 02:50:00","MHK VL","61756","87.33","1.64","-42.44","2"
"2022/07/30 02:55:00","MHK VL","61756","84.89","1.59","-41.4","1"
"2022/07/30 03:00:00","MHK VL","61756","87.08","1.55","-43.76","1"
"2022/07/30 03:05:00","MHK VL","61756","87.14","1.55","-43.84","2"
"2022/07/30 03:10:00","MHK VL","61756","81.13","1.48","-39.63","1"
"2022/07/30 03:15:00","MHK VL","61756","78.84","1.43","-38.65","1"
"2022/07/30 03:20:00","MHK VL","61756","33.73","0.29","-25.49","2"
"2022/07/30 03:25:00","MHK VL","61756","55.77","0.9","-29.96","1"
"2022/07/30 03:25:06","MHK VL","61756","62.7","1.09","-31.32","1"
"2022/07/30 03:29:00","MHK VL","61756","24.48","0.03","-23.62","1"
"2022/07/30 03:30:00","MHK VL","61756","18.31","-0.25","-25.67","1"
"2022/07/30 03:30:24","MHK VL","61756","18.31","-0.25","-25.67","1"
"2022/07/30 03:35:00","MHK VL","61756","25.38","0.28","-17.28","1"
"2022/07/30 03:40:00","MHK VL","61756","25.38","0.28","-17.28","1"
"2022/07/30 03:45:00","MHK VL","61756","25.27","0.3","-16.74","1"
"2022/07/30 03:50:00","MHK VL","61756","21.4","-0.18","-26.36","1"
"2022/07/30 03:55:00","MHK VL","61756","25.75","-0.11","-28.78","1"
"2022/07/30 04:00:00","MHK VL","61756","35.24","0.21","-29.56","1"
"2022/07/30 04:05:00","MHK VL","61756","37.24","0.57","-21.56","1"
"2022/07/30 04:10:00","MHK VL","61756","123.8","4.18","0","1"
"2022/07/30 04:15:00","MHK VL","61756","108.66","3.67","0","1"
"2022/07/30 04:20:00","MHK VL","61756","106.7","3.61","0","1"
"2022/07/30 04:25:00","MHK VL","61756","106.36","3.69","0","1"
"2022/07/30 04:30:00","MHK VL","61756","104.87","3.54","0","1"
"2022/07/30 04:35:00","MHK VL","61756","59.47","1.55","-13.67","1"
"2022/07/30 04:40:00","MHK VL","61756","103.32","3.49","0","1"
"2022/07/30 04:45:00","MHK VL","61756","103.32","3.49","0","1"
"2022/07/30 04:50:00","MHK VL","61756","99.78","3.37","0","1"
"2022/07/30 04:55:00","MHK VL","61756","95.56","3.23","0","1"
"2022/07/30 05:00:00","MHK VL","61756","86.99","2.94","0","1"
"2022/07/30 05:05:00","MHK VL","61756","85.11","2.95","0","1"
"2022/07/30 05:10:00","MHK VL","61756","79.36","1.71","-28.8","1"
"2022/07/30 05:15:00","MHK VL","61756","80.39","1.74","-28.8","1"
"2022/07/30 05:20:00","MHK VL","61756","78.28","1.55","-35.83","1"
"2022/07/30 05:25:00","MHK VL","61756","89.34","3.02","0","1"
"2022/07/30 05:30:00","MHK VL","61756","80.46","1.7","-28.8","1"
"2022/07/30 05:35:00","MHK VL","61756","79.32","1.66","-28.8","1"
"2022/07/30 05:40:00","MHK VL","61756","79.32","1.66","-28.8","1"
"2022/07/30 05:45:00","MHK VL","61756","76.16","1.47","-34.98","1"
"2022/07/30 05:50:00","MHK VL","61756","76.12","1.35","-35.08","1"
"2022/07/30 05:55:00","MHK VL","61756","79.11","1.53","-36.29","1"
"2022/07/30 06:00:00","MHK VL","61756","64.04","1.25","-29.93","1"
"2022/07/30 06:05:00","MHK VL","61756","73.63","1.45","-33.94","1"
"2022/07/30 06:10:00","MHK VL","61756","73.63","1.48","-34.05","1"
"2022/07/30 06:15:00","MHK VL","61756","73.58","1.48","-34.1","1"
"2022/07/30 06:20:00","MHK VL","61756","72.72","1.5","-33.74","1"
"2022/07/30 06:25:00","MHK VL","61756","73.61","1.52","-34.2","1"
"2022/07/30 06:30:00","MHK VL","61756","73.64","1.48","-34.2","1"
"2022/07/30 06:35:00","MHK VL","61756","73.84","1.48","-34.28","1"
"2022/07/30 06:40:00","MHK VL","61756","73.84","1.48","-34.28","1"
"2022/07/30 06:45:00","MHK VL","61756","73.85","1.49","-34.23","1"
"2022/07/30 06:50:00","MHK VL","61756","73.86","1.49","-34.2","1"
"2022/07/30 06:55:00","MHK VL","61756","75.07","1.51","-34.75","1"
"2022/07/30 07:00:00","MHK VL","61756","61.26","1.24","-28.98","1"
"2022/07/30 07:05:00","MHK VL","61756","70.77","1.46","-32.83","1"
"2022/07/30 07:10:00","MHK VL","61756","74.9","1.54","-34.93","1"
"2022/07/30 07:15:00","MHK VL","61756","75.21","1.46","-37.23","1"
"2022/07/30 07:20:00","MHK VL","61756","76.01","1.8","-29.23","1"
"2022/07/30 07:25:00","MHK VL","61756","77.04","1.88","-29.23","1"
"2022/07/30 07:30:00","MHK VL","61756","83.12","3.35","0","1"
"2022/07/30 07:35:00","MHK VL","61756","83.18","3.35","0","1"
"2022/07/30 07:40:00","MHK VL","61756","84.96","3.42","0","1"
"2022/07/30 07:45:00","MHK VL","61756","85.01","3.43","0","1"
"2022/07/30 07:50:00","MHK VL","61756","96.03","3.78","0","1"
"2022/07/30 07:55:00","MHK VL","61756","89.45","3.52","0","1"
"2022/07/30 08:00:00","MHK VL","61756","71.38","1.41","-35.55","1"
"2022/07/30 08:00:40","MHK VL","61756","66.49","1.17","-36","1"
"2022/07/30 08:01:52","MHK VL","61756","34.78","-0.12","-38.18","1"
"2022/07/30 08:05:00","MHK VL","61756","52.83","0.83","-30.6","1"
"2022/07/30 08:10:00","MHK VL","61756","52.83","0.83","-30.6","1"
"2022/07/30 08:15:00","MHK VL","61756","23.24","-3.36","-110.49","1"
"2022/07/30 08:20:00","MHK VL","61756","10.47","-1.34","-46.24","1"
"2022/07/30 08:25:00","MHK VL","61756","9.93","-3.97","-115.68","1"
"2022/07/30 08:29:40","MHK VL","61756","37.93","0.46","-25.79","1"
"2022/07/30 08:30:00","MHK VL","61756","84.33","1.55","-43.03","1"
"2022/07/30 08:34:28","MHK VL","61756","84.33","1.55","-43.03","1"
"2022/07/30 08:35:00","MHK VL","61756","79.66","1.49","-40.91","1"
"2022/07/30 08:40:00","MHK VL","61756","79.66","1.49","-40.91","1"
"2022/07/30 08:45:00","MHK VL","61756","69.12","1.19","-37.29","1"
"2022/07/30 08:50:00","MHK VL","61756","69.18","1.19","-37.33","1"
"2022/07/30 08:55:00","MHK VL","61756","77.09","1.38","-40.35","1"
"2022/07/30 09:00:00","MHK VL","61756","76.99","1.38","-40.27","1"
"2022/07/30 09:05:00","MHK VL","61756","66.01","1.15","-36.08","1"
"2022/07/30 09:10:00","MHK VL","61756","77.29","1.38","-40.47","1"
"2022/07/30 09:15:00","MHK VL","61756","87.54","1.66","-44.51","1"
"2022/07/30 09:20:00","MHK VL","61756","83.48","1.57","-42.66","1"
"2022/07/30 09:25:00","MHK VL","61756","85.86","1.63","-43.56","1"
"2022/07/30 09:30:00","MHK VL","61756","77.65","1.5","-38.65","1"
"2022/07/30 09:30:34","MHK VL","61756","61.23","1.09","-33.68","1"
"2022/07/30 09:35:00","MHK VL","61756","63.64","1.15","-33.89","1"
"2022/07/30 09:35:34","MHK VL","61756","63.64","1.15","-33.89","1"
"2022/07/30 09:39:28","MHK VL","61756","63.64","1.15","-33.89","1"
"2022/07/30 09:40:00","MHK VL","61756","63.89","1.18","-34.04","1"
"2022/07/30 09:45:00","MHK VL","61756","63.89","1.18","-34.04","1"
"2022/07/30 09:50:00","MHK VL","61756","64.98","1.19","-34.67","1"
"2022/07/30 09:55:00","MHK VL","61756","66.3","1.21","-35.53","1"
"2022/07/30 10:00:00","MHK VL","61756","54.74","0.95","-30.67","1"
"2022/07/30 10:05:00","MHK VL","61756","53.63","0.94","-30.27","1"
"2022/07/30 10:10:00","MHK VL","61756","54.13","1.03","-28.63","1"
"2022/07/30 10:15:00","MHK VL","61756","54","1.05","-28.63","1"
"2022/07/30 10:20:00","MHK VL","61756","58.4","0.97","-34.75","1"
"2022/07/30 10:25:00","MHK VL","61756","55.13","0.86","-34.2","1"
"2022/07/30 10:30:00","MHK VL","61756","55.1","0.88","-33.84","1"
"2022/07/30 10:33:46","MHK VL","61756","55.2","0.85","-34.49","1"
"2022/07/30 10:35:00","MHK VL","61756","54.47","0.84","-33.64","1"
"2022/07/30 10:37:52","MHK VL","61756","54.47","0.84","-33.64","1"
"2022/07/30 10:40:00","MHK VL","61756","53.95","0.85","-32.95","1"
"2022/07/30 10:45:00","MHK VL","61756","53.95","0.85","-32.95","1"
"2022/07/30 10:50:00","MHK VL","61756","53.96","0.84","-33.09","1"
"2022/07/30 10:55:00","MHK VL","61756","54.49","0.84","-33.68","1"
"2022/07/30 11:00:00","MHK VL","61756","54.07","0.86","-33.22","1"
"2022/07/30 11:05:00","MHK VL","61756","54.13","0.88","-33.22","1"
"2022/07/30 11:10:00","MHK VL","61756","53.79","0.86","-32.91","1"
"2022/07/30 11:15:00","MHK VL","61756","34.23","-2.94","-104.12","1"
"2022/07/30 11:15:08","MHK VL","61756","55.6","0.94","-33.24","1"
"2022/07/30 11:16:32","MHK VL","61756","56.74","0.96","-33.83","1"
"2022/07/30 11:20:00","MHK VL","61756","56.21","0.94","-33.83","1"
"2022/07/30 11:25:00","MHK VL","61756","56.21","0.94","-33.83","1"
"2022/07/30 11:30:00","MHK VL","61756","54.02","0.89","-32.99","1"
"2022/07/30 11:35:00","MHK VL","61756","53.61","0.88","-32.66","1"
"2022/07/30 11:40:00","MHK VL","61756","51.18","0.88","-30.24","1"
"2022/07/30 11:45:00","MHK VL","61756","53.78","0.94","-30.86","1"
"2022/07/30 11:50:00","MHK VL","61756","50.75","0.88","-29.83","1"
"2022/07/30 11:55:00","MHK VL","61756","52.99","0.92","-30.6","1"
"2022/07/30 12:00:00","MHK VL","61756","55.24","0.95","-32.3","1"
"2022/07/30 12:05:00","MHK VL","61756","55.22","0.97","-32.27","1"
"2022/07/30 12:08:38","MHK VL","61756","56.92","1.02","-33.15","1"
"2022/07/30 12:10:02","MHK VL","61756","56.37","1.07","-31.63","1"
"2022/07/30 12:15:00","MHK VL","61756","59.31","1.12","-33.4","1"
"2022/07/30 12:20:00","MHK VL","61756","59.31","1.12","-33.4","1"
"2022/07/30 12:25:00","MHK VL","61756","57.99","1.13","-31.84","1"
"2022/07/30 12:30:00","MHK VL","61756","78.92","1.78","-36.63","1"
"2022/07/30 12:35:00","MHK VL","61756","78.53","1.72","-38.63","1"
"2022/07/30 12:40:00","MHK VL","61756","78.31","1.61","-40.15","1"
"2022/07/30 12:45:00","MHK VL","61756","78.06","1.57","-40.04","1"
"2022/07/30 12:50:00","MHK VL","61756","71.27","1.41","-37.13","1"
"2022/07/30 12:55:00","MHK VL","61756","68.65","1.34","-36.01","1"
"2022/07/30 13:00:00","MHK VL","61756","70.72","1.46","-35.3","1"
"2022/07/30 13:05:00","MHK VL","61756","78.32","1.61","-40.04","1"
"2022/07/30 13:10:00","MHK VL","61756","78.09","1.54","-39.89","1"
"2022/07/30 13:15:00","MHK VL","61756","78.41","1.61","-38.54","1"
"2022/07/30 13:20:00","MHK VL","61756","78.47","1.64","-38.57","1"
"2022/07/30 13:25:00","MHK VL","61756","78.5","1.64","-38.58","1"
"2022/07/30 13:30:00","MHK VL","61756","78.92","1.65","-38.82","1"
"2022/07/30 13:35:00","MHK VL","61756","78.42","1.6","-38.6","1"
"2022/07/30 13:40:00","MHK VL","61756","78.3","1.6","-38.49","1"
"2022/07/30 13:45:00","MHK VL","61756","78.33","1.61","-38.51","1"
"2022/07/30 13:50:00","MHK VL","61756","78.68","1.7","-36.42","1"
"2022/07/30 13:55:00","MHK VL","61756","78.41","1.61","-38.56","1"
"2022/07/30 14:00:00","MHK VL","61756","78.86","1.71","-36.55","1"
"2022/07/30 14:05:00","MHK VL","61756","79.84","1.77","-36.91","1"
"2022/07/30 14:10:00","MHK VL","61756","92.15","2.09","-42.55","1"
"2022/07/30 14:15:00","MHK VL","61756","87.2","1.87","-42.79","1"
"2022/07/30 14:20:00","MHK VL","61756","83.14","1.91","-38.76","1"
"2022/07/30 14:25:00","MHK VL","61756","92.29","2.09","-42.7","1"
"2022/07/30 14:30:00","MHK VL","61756","90.94","2.11","-42.06","1"
"2022/07/30 14:35:00","MHK VL","61756","83.18","1.92","-38.74","1"
"2022/07/30 14:40:00","MHK VL","61756","92.93","2.15","-42.99","1"
"2022/07/30 14:45:00","MHK VL","61756","87.66","1.98","-40.67","1"
"2022/07/30 14:50:00","MHK VL","61756","91.11","2.11","-42.13","1"
"2022/07/30 14:55:00","MHK VL","61756","87.71","2.03","-40.65","1"
"2022/07/30 15:00:00","MHK VL","61756","79.46","1.78","-37.15","1"
"2022/07/30 15:05:00","MHK VL","61756","79.46","1.82","-37.19","1"
"2022/07/30 15:10:00","MHK VL","61756","79.26","1.72","-39.42","1"
"2022/07/30 15:15:00","MHK VL","61756","79.04","1.65","-40.82","1"
"2022/07/30 15:20:00","MHK VL","61756","79.09","1.65","-40.84","1"
"2022/07/30 15:25:00","MHK VL","61756","79.17","1.69","-40.85","1"
"2022/07/30 15:30:00","MHK VL","61756","79.1","1.65","-40.86","1"
"2022/07/30 15:35:00","MHK VL","61756","79.11","1.68","-40.83","1"
"2022/07/30 15:40:00","MHK VL","61756","79.13","1.68","-40.86","1"
"2022/07/30 15:45:00","MHK VL","61756","79.07","1.72","-40.85","1"
"2022/07/30 15:50:00","MHK VL","61756","79.1","1.72","-40.85","1"
"2022/07/30 15:55:00","MHK VL","61756","79.32","1.72","-40.99","1"
"2022/07/30 15:58:08","MHK VL","61756","79.9","1.74","-41.24","1"
"2022/07/30 16:00:00","MHK VL","61756","85.37","1.83","-43.77","1"
"2022/07/30 16:01:56","MHK VL","61756","85.37","1.83","-43.77","1"
"2022/07/30 16:05:00","MHK VL","61756","78.96","1.7","-41.03","1"
"2022/07/30 16:10:00","MHK VL","61756","78.96","1.7","-41.03","1"
"2022/07/30 16:15:00","MHK VL","61756","78.83","1.71","-40.86","1"
"2022/07/30 16:20:00","MHK VL","61756","78.98","1.74","-40.92","1"
"2022/07/30 16:25:00","MHK VL","61756","79.01","1.74","-40.92","1"
"2022/07/30 16:30:00","MHK VL","61756","78.81","1.74","-40.78","1"
"2022/07/30 16:35:00","MHK VL","61756","78.84","1.74","-40.81","1"
"2022/07/30 16:40:00","MHK VL","61756","78.89","1.74","-40.85","1"
"2022/07/30 16:45:00","MHK VL","61756","78.92","1.78","-40.85","1"
"2022/07/30 16:50:00","MHK VL","61756","79.1","1.78","-40.96","1"
"2022/07/30 16:55:00","MHK VL","61756","80.2","1.81","-41.36","1"
"2022/07/30 17:00:00","MHK VL","61756","79.06","1.78","-40.96","1"
"2022/07/30 17:05:00","MHK VL","61756","78.99","1.77","-41.06","1"
"2022/07/30 17:10:00","MHK VL","61756","78.93","1.81","-40.96","1"
"2022/07/30 17:15:00","MHK VL","61756","78.89","1.81","-40.91","1"
"2022/07/30 17:20:00","MHK VL","61756","78.91","1.85","-40.76","1"
"2022/07/30 17:25:00","MHK VL","61756","70.12","-1.46","-100.18","1"
"2022/07/30 17:27:56","MHK VL","61756","81.43","-0.93","-100.18","1"
"2022/07/30 17:30:00","MHK VL","61756","84.99","-0.75","-100.18","1"
"2022/07/30 17:32:14","MHK VL","61756","84.99","-0.75","-100.18","1"
"2022/07/30 17:35:00","MHK VL","61756","93.12","2.23","-47.08","1"
"2022/07/30 17:40:00","MHK VL","61756","93.12","2.23","-47.08","1"
"2022/07/30 17:45:00","MHK VL","61756","91.65","2.19","-46.44","1"
"2022/07/30 17:50:00","MHK VL","61756","92.44","2.22","-46.73","1"
"2022/07/30 17:55:00","MHK VL","61756","94.59","2.28","-47.51","1"
"2022/07/30 18:00:00","MHK VL","61756","94.75","2.29","-47.54","1"
"2022/07/30 18:05:00","MHK VL","61756","97.12","2.35","-48.63","1"
"2022/07/30 18:10:00","MHK VL","61756","97.05","2.35","-48.51","1"
"2022/07/30 18:15:00","MHK VL","61756","97.01","2.35","-48.5","1"
"2022/07/30 18:20:00","MHK VL","61756","97.22","2.36","-48.58","1"
"2022/07/30 18:25:00","MHK VL","61756","87.62","-0.6","-99.96","1"
"2022/07/30 18:30:00","MHK VL","61756","77.09","-1.13","-99.96","1"
"2022/07/30 18:35:00","MHK VL","61756","75.29","-1.2","-99.96","1"
"2022/07/30 18:40:00","MHK VL","61756","75.22","-1.22","-99.96","1"
"2022/07/30 18:45:00","MHK VL","61756","44.95","-14.59","-340.3","1"
"2022/07/30 18:50:00","MHK VL","61756","45.34","-14.84","-340.3","1"
"2022/07/30 18:55:00","MHK VL","61756","75.59","-1.68","-109.53","1"
"2022/07/30 19:00:00","MHK VL","61756","58.83","-13.54","-328.08","1"
"2022/07/30 19:05:00","MHK VL","61756","57.52","-14.22","-340.3","1"
"2022/07/30 19:10:00","MHK VL","61756","96.22","-0.12","-98.52","1"
"2022/07/30 19:15:00","MHK VL","61756","81.41","-0.88","-98.51","1"
"2022/07/30 19:20:00","MHK VL","61756","80.97","-1.05","-101.42","1"
"2022/07/30 19:25:00","MHK VL","61756","80.97","-1.05","-101.42","1"
"2022/07/30 19:30:00","MHK VL","61756","80.98","-1.05","-101.42","1"
"2022/07/30 19:35:00","MHK VL","61756","56.96","-7.97","-215.4","1"
"2022/07/30 19:40:00","MHK VL","61756","74.56","-1.38","-101.42","1"
"2022/07/30 19:45:00","MHK VL","61756","76.67","-1.25","-101.42","1"
"2022/07/30 19:50:00","MHK VL","61756","76.7","-1.24","-101.42","1"
"2022/07/30 19:55:00","MHK VL","61756","77.67","-1.19","-101.42","1"
"2022/07/30 20:00:00","MHK VL","61756","85.16","-0.8","-101.42","1"
"2022/07/30 20:05:00","MHK VL","61756","88.07","2.12","-45.21","1"
"2022/07/30 20:10:00","MHK VL","61756","70.65","-1.47","-99.89","1"
"2022/07/30 20:15:00","MHK VL","61756","70.61","-1.47","-99.89","1"
"2022/07/30 20:20:00","MHK VL","61756","70.46","-1.48","-99.88","1"
"2022/07/30 20:25:00","MHK VL","61756","70.46","-1.48","-99.89","1"
"2022/07/30 20:30:00","MHK VL","61756","70.44","-1.48","-99.89","1"
"2022/07/30 20:35:00","MHK VL","61756","71.71","-1.42","-99.89","1"
"2022/07/30 20:40:00","MHK VL","61756","71.71","-1.42","-99.89","1"
"2022/07/30 20:45:00","MHK VL","61756","72.57","-1.37","-99.89","1"
"2022/07/30 20:50:00","MHK VL","61756","72.73","-1.37","-99.88","1"
"2022/07/30 20:55:00","MHK VL","61756","84.19","2.06","-43.15","1"
"2022/07/30 21:00:00","MHK VL","61756","90.01","2.31","-44.16","1"
"2022/07/30 21:05:00","MHK VL","61756","87.13","2.89","-29.75","1"
"2022/07/30 21:10:00","MHK VL","61756","94.71","4.85","0","1"
"2022/07/30 21:15:00","MHK VL","61756","82.82","2.23","-38.48","1"
"2022/07/30 21:20:00","MHK VL","61756","84.62","2.28","-39.28","1"
"2022/07/30 21:25:00","MHK VL","61756","82.57","2.18","-38.43","1"
"2022/07/30 21:30:00","MHK VL","61756","84.44","2.71","-29.56","1"
"2022/07/30 21:35:00","MHK VL","61756","82.68","2.18","-38.46","1"
"2022/07/30 21:40:00","MHK VL","61756","82.68","2.18","-38.49","1"
"2022/07/30 21:45:00","MHK VL","61756","82.3","2.13","-38.31","1"
"2022/07/30 21:50:00","MHK VL","61756","82.2","2.09","-38.31","1"
"2022/07/30 21:55:00","MHK VL","61756","82.34","2.13","-38.39","1"
"2022/07/30 22:00:00","MHK VL","61756","84.06","2.59","-29.56","1"
"2022/07/30 22:05:00","MHK VL","61756","82.04","2.04","-38.3","1"
"2022/07/30 22:10:00","MHK VL","61756","82.05","2.04","-38.3","1"
"2022/07/30 22:15:00","MHK VL","61756","81.93","2","-38.32","1"
"2022/07/30 22:20:00","MHK VL","61756","82.69","2.06","-38.64","1"
"2022/07/30 22:25:00","MHK VL","61756","66.48","1.5","-33.79","1"
"2022/07/30 22:30:00","MHK VL","61756","74.74","1.71","-37.44","1"
"2022/07/30 22:35:00","MHK VL","61756","84.81","1.9","-43.31","1"
"2022/07/30 22:40:00","MHK VL","61756","74.46","1.7","-37.28","1"
"2022/07/30 22:45:00","MHK VL","61756","66.63","1.6","-31.76","1"
"2022/07/30 22:50:00","MHK VL","61756","57.5","1.39","-27.83","1"
"2022/07/30 22:55:00","MHK VL","61756","59.12","1.83","-19.95","1"
"2022/07/30 23:00:00","MHK VL","61756","77.78","3.56","0","1"
"2022/07/30 23:05:00","MHK VL","61756","63.21","2.84","0","1"
"2022/07/30 23:10:00","MHK VL","61756","63.21","2.9","0","1"
"2022/07/30 23:15:00","MHK VL","61756","63.21","2.84","0","1"
"2022/07/30 23:20:00","MHK VL","61756","63.26","2.78","0","1"
"2022/07/30 23:25:00","MHK VL","61756","63.2","2.78","0","1"
"2022/07/30 23:30:00","MHK VL","61756","63.14","2.78","0","1"
"2022/07/30 23:35:00","MHK VL","61756","63.25","2.78","0","1"
"2022/07/30 23:40:00","MHK VL","61756","62.21","2.74","0","1"
"2022/07/30 23:45:00","MHK VL","61756","62.33","2.74","0","1"
"2022/07/30 23:50:00","MHK VL","61756","63.19","2.72","0","1"
"2022/07/30 23:55:00","MHK VL","61756","63.19","2.72","0","1"
"2022/07/31 00:00:00","MHK VL","61756","61.13","1.37","-29.42","1"
