t,s,P_DA,P_RT,P_PN,P_IN
0,0,105.16499999999999,83.04272789113273,210.32999999999998,201.188917717611
0,1,105.16499999999999,89.58775803628093,210.32999999999998,203.28967023936917
0,2,105.16499999999999,82.75130810314542,210.32999999999998,201.46065171026527
0,3,105.16499999999999,59.468702415180026,210.32999999999998,201.2909830043987
0,4,105.16499999999999,38.95322842065758,210.32999999999998,201.14313653216556
0,5,105.16499999999999,23.7225564246875,210.32999999999998,203.1137779373472
0,6,105.16499999999999,52.56063378604943,210.32999999999998,201.3170578214668
0,7,105.16499999999999,50.62574603639278,210.32999999999998,203.17049441006887
0,8,105.16499999999999,58.90572991507329,210.32999999999998,200.82251754829082
0,9,105.16499999999999,55.858427678713824,210.32999999999998,200.82718144647447
0,10,105.16499999999999,61.15471055413624,210.32999999999998,201.24127875088624
0,11,105.16499999999999,60.330970050872786,210.32999999999998,201.52668553029383
0,12,105.16499999999999,75.29877316826716,210.32999999999998,203.2083419545953
0,13,105.16499999999999,71.95982657530384,210.32999999999998,201.05882182279004
0,14,105.16499999999999,65.58124361453723,210.32999999999998,201.01103828809497
0,15,105.16499999999999,52.25942959744276,210.32999999999998,203.17829306305123
0,16,105.16499999999999,42.83069624343424,210.32999999999998,201.04732042600065
0,17,105.16499999999999,89.95347788577115,210.32999999999998,201.29935064068883
0,18,105.16499999999999,45.90663506348459,210.32999999999998,203.16435470879037
0,19,105.16499999999999,37.99483103051449,210.32999999999998,201.07628352961066
0,20,105.16499999999999,27.46672261644507,210.32999999999998,201.6598162715217
0,21,105.16499999999999,90.57386126924179,210.32999999999998,202.41984468333558
0,22,105.16499999999999,31.73647588570603,210.32999999999998,201.1699772706677
0,23,105.16499999999999,45.10541092545696,210.32999999999998,203.5792432701692
0,24,105.16499999999999,27.820047507645448,210.32999999999998,202.37670352701528
0,25,105.16499999999999,38.40557616627276,210.32999999999998,203.09811710194995
0,26,105.16499999999999,50.02592856073613,210.32999999999998,201.1473291456047
0,27,105.16499999999999,84.60588981739676,210.32999999999998,203.2830859640193
0,28,105.16499999999999,46.710908657996,210.32999999999998,203.12195314256886
0,29,105.16499999999999,90.7031561232428,210.32999999999998,203.27403755176533
0,30,105.16499999999999,24.91533432445973,210.32999999999998,202.37136543653915
0,31,105.16499999999999,47.13914960387802,210.32999999999998,201.21996618404899
0,32,105.16499999999999,49.153634675007424,210.32999999999998,201.04625745564948
0,33,105.16499999999999,75.52342181526244,210.32999999999998,203.2186818111795
0,34,105.16499999999999,87.54143963083514,210.32999999999998,203.31729855228718
0,35,105.16499999999999,44.93743504937272,210.32999999999998,200.9354325916187
0,36,105.16499999999999,52.6987522894702,210.32999999999998,202.36899821242253
0,37,105.16499999999999,41.52808759067891,210.32999999999998,201.03332610162647
0,38,105.16499999999999,78.06238332591974,210.32999999999998,203.27578170940467
0,39,105.16499999999999,66.85821362246699,210.32999999999998,201.07501569091443
0,40,105.16499999999999,27.665028393081997,210.32999999999998,203.02857558532398
0,41,105.16499999999999,64.47762344816081,210.32999999999998,201.2200321484189
0,42,105.16499999999999,77.6851886981432,210.32999999999998,201.43758675507962
0,43,105.16499999999999,25.140777895433903,210.32999999999998,203.07039482893154
0,44,105.16499999999999,54.27955048323865,210.32999999999998,200.9586083280674
0,45,105.16499999999999,77.31345180082572,210.32999999999998,201.4126834674944
0,46,105.16499999999999,90.96789091894807,210.32999999999998,201.8880047599879
0,47,105.16499999999999,63.123359464726384,210.32999999999998,201.11266280982076
0,48,105.16499999999999,25.615882655634575,210.32999999999998,201.5171591998718
0,49,105.16499999999999,53.658505845432735,210.32999999999998,202.98210771012856
0,50,105.16499999999999,35.88714416240119,210.32999999999998,202.06854297776397
0,51,105.16499999999999,66.08865053914947,210.32999999999998,203.18605114774147
0,52,105.16499999999999,37.755132276517315,210.32999999999998,200.9972969612361
0,53,105.16499999999999,33.327080513008035,210.32999999999998,200.75402372247964
0,54,105.16499999999999,59.832635617220554,210.32999999999998,202.87811766230385
0,55,105.16499999999999,29.846217036288554,210.32999999999998,201.20084583365312
0,56,105.16499999999999,73.25242764220903,210.32999999999998,203.21065175256115
0,57,105.16499999999999,87.59973415935399,210.32999999999998,201.21678177258698
0,58,105.16499999999999,87.85208676942823,210.32999999999998,201.28798338954445
0,59,105.16499999999999,48.725582286680186,210.32999999999998,201.81202862760662
0,60,105.16499999999999,63.93438622738101,210.32999999999998,201.16376398703068
0,61,105.16499999999999,68.49213773909167,210.32999999999998,201.45771275386136
0,62,105.16499999999999,58.07347294647021,210.32999999999998,201.18575458581554
0,63,105.16499999999999,55.3423732944314,210.32999999999998,203.18098311402542
0,64,105.16499999999999,23.54869540131146,210.32999999999998,201.15925723450215
0,65,105.16499999999999,27.61040829790281,210.32999999999998,203.6797856306505
0,66,105.16499999999999,52.85979847055523,210.32999999999998,203.1361896143593
0,67,105.16499999999999,52.63115571246156,210.32999999999998,203.17941422965822
0,68,105.16499999999999,35.72963957398161,210.32999999999998,200.77271696385276
0,69,105.16499999999999,59.38953998905566,210.32999999999998,203.15803855078562
0,70,105.16499999999999,64.16395175732411,210.32999999999998,201.55896881434577
0,71,105.16499999999999,72.54818283116246,210.32999999999998,201.34588627875027
0,72,105.16499999999999,44.02261973839836,210.32999999999998,201.9436665910539
0,73,105.16499999999999,50.766410003225225,210.32999999999998,201.35133606470518
0,74,105.16499999999999,79.55748307600318,210.32999999999998,202.84478284062862
0,75,105.16499999999999,63.34121281929863,210.32999999999998,201.0692335358732
0,76,105.16499999999999,71.55664053415389,210.32999999999998,201.1373108284526
0,77,105.16499999999999,58.07359622268618,210.32999999999998,203.14313912131254
0,78,105.16499999999999,80.05840009111625,210.32999999999998,201.2805055454461
0,79,105.16499999999999,72.531223148747,210.32999999999998,201.26029303101754
0,80,105.16499999999999,82.54948510505595,210.32999999999998,201.47801091902943
0,81,105.16499999999999,36.935687788454224,210.32999999999998,203.0583666266312
0,82,105.16499999999999,43.48166888770122,210.32999999999998,203.32383046433665
0,83,105.16499999999999,55.68035142230673,210.32999999999998,201.43720228296917
0,84,105.16499999999999,56.90528158358233,210.32999999999998,201.17879170557526
0,85,105.16499999999999,64.75505957127419,210.32999999999998,201.67811338107867
0,86,105.16499999999999,79.29276461434057,210.32999999999998,202.99167858465387
0,87,105.16499999999999,59.25318562803019,210.32999999999998,203.19759043251122
0,88,105.16499999999999,87.56898074133258,210.32999999999998,203.85366127783996
0,89,105.16499999999999,72.71739403435657,210.32999999999998,201.22401048829053
0,90,105.16499999999999,35.23922162556049,210.32999999999998,203.09340985266564
0,91,105.16499999999999,65.58422469090009,210.32999999999998,201.2741973580895
0,92,105.16499999999999,61.63138214549769,210.32999999999998,201.0399507884089
0,93,105.16499999999999,75.47143133838583,210.32999999999998,201.84331456415205
0,94,105.16499999999999,78.44708705582534,210.32999999999998,201.90414655829198
0,95,105.16499999999999,43.48788636163879,210.32999999999998,203.15312903565825
0,96,105.16499999999999,32.46102292397952,210.32999999999998,203.28484273259573
0,97,105.16499999999999,66.66271917303395,210.32999999999998,201.5976195345797
0,98,105.16499999999999,23.5098901589911,210.32999999999998,203.03686997809876
0,99,105.16499999999999,77.2040865708183,210.32999999999998,203.2693678475729
1,0,92.625,47.27613167135448,185.25,172.95747910138442
1,1,92.625,75.2906585188265,185.25,180.5561919944757
1,2,92.625,74.55056996076452,185.25,174.16673711563547
1,3,92.625,31.713872929383726,185.25,173.8705815254916
1,4,92.625,66.96275446820493,185.25,173.76967692450796
1,5,92.625,64.86100514677432,185.25,180.66862252903155
1,6,92.625,32.22634005096631,185.25,174.0970178853827
1,7,92.625,56.03494416289179,185.25,180.6281681959114
1,8,92.625,74.1618147407593,185.25,172.22313846499395
1,9,92.625,60.263099843672585,185.25,172.22280173374995
1,10,92.625,24.275064859834686,185.25,173.62499745371804
1,11,92.625,47.1928711371334,185.25,174.80119940507996
1,12,92.625,45.02851751877477,185.25,180.46783822384023
1,13,92.625,18.90552548757077,185.25,172.64163649407755
1,14,92.625,74.82776576606686,185.25,172.82579619644915
1,15,92.625,68.52819179108182,185.25,180.6517965088349
1,16,92.625,31.155469775286548,185.25,173.21269773735534
1,17,92.625,53.12191433570994,185.25,173.21656549390156
1,18,92.625,45.57139050630553,185.25,180.64027631590687
1,19,92.625,39.185504662127386,185.25,173.42275151144634
1,20,92.625,48.81623967397192,185.25,175.7565843019649
1,21,92.625,50.82692978305294,185.25,177.5093241471316
1,22,92.625,66.03420470897777,185.25,173.96622004658434
1,23,92.625,22.418052437517662,185.25,181.92573337817544
1,24,92.625,53.177889023513686,185.25,178.25441652034323
1,25,92.625,47.36301769697785,185.25,180.49616009245702
1,26,92.625,27.93477739805324,185.25,173.47324271855118
1,27,92.625,27.09422975877907,185.25,180.56511204089506
1,28,92.625,54.95902519347606,185.25,180.50965357963938
1,29,92.625,68.82733931337171,185.25,180.47810588844214
1,30,92.625,20.72331419769408,185.25,178.2164328974783
1,31,92.625,43.08531026748134,185.25,173.84510445552934
1,32,92.625,68.54364841388897,185.25,173.24734634568986
1,33,92.625,45.82910034438341,185.25,180.4997735789944
1,34,92.625,39.664350311485315,185.25,180.63956906442826
1,35,92.625,32.48189508134864,185.25,172.74373606694965
1,36,92.625,21.592878621626145,185.25,177.92275968917485
1,37,92.625,28.776166654525568,185.25,173.1721501656039
1,38,92.625,50.37150938471234,185.25,180.6529043461111
1,39,92.625,48.86111750586014,185.25,172.92213438648153
1,40,92.625,49.66108161271618,185.25,180.36329427343676
1,41,92.625,35.78690905929102,185.25,173.5041285560144
1,42,92.625,67.83802176186391,185.25,174.17258621408547
1,43,92.625,66.79237545545757,185.25,180.527972276433
1,44,92.625,45.21754537629677,185.25,172.70927625801895
1,45,92.625,61.38300360130762,185.25,174.05705307024536
1,46,92.625,63.20591682062997,185.25,175.54829319401233
1,47,92.625,39.69413440024058,185.25,173.12092647849477
1,48,92.625,28.897627597193196,185.25,175.21273024244928
1,49,92.625,33.1734426217558,185.25,179.97851851693784
1,50,92.625,32.28047937144236,185.25,177.0841124952712
1,51,92.625,41.04091038665538,185.25,180.50622421045935
1,52,92.625,19.27124134469473,185.25,173.06589282734365
1,53,92.625,34.75912202952888,185.25,172.22423745783493
1,54,92.625,49.25637993800421,185.25,179.5903203340131
1,55,92.625,42.80447544065218,185.25,174.02043298786688
1,56,92.625,48.95963222794295,185.25,180.5051486001575
1,57,92.625,60.74461781114259,185.25,172.988930462222
1,58,92.625,71.56117635004088,185.25,173.32347851163536
1,59,92.625,37.31169491251559,185.25,176.0193740675924
1,60,92.625,34.17526148880342,185.25,173.28882688481963
1,61,92.625,45.81307581386142,185.25,174.37573437806935
1,62,92.625,53.361784084428685,185.25,173.5567482466976
1,63,92.625,29.45998414390679,185.25,180.59399862548076
1,64,92.625,20.447694303158723,185.25,173.88448704622138
1,65,92.625,30.40748185027035,185.25,182.3205022395018
1,66,92.625,32.73396571080345,185.25,180.47830196472069
1,67,92.625,43.55549976237242,185.25,180.62597649612175
1,68,92.625,54.56789464952465,185.25,172.33768768632493
1,69,92.625,35.921077149422246,185.25,180.4850808209363
1,70,92.625,74.06763219020856,185.25,174.95117715009013
1,71,92.625,68.16196210891879,185.25,173.93927342178384
1,72,92.625,53.99083158010056,185.25,176.59230951354348
1,73,92.625,37.98455464217708,185.25,174.2732880303508
1,74,92.625,28.468588591047236,185.25,179.18513228130317
1,75,92.625,56.19774632504536,185.25,173.0063623007351
1,76,92.625,59.35089584425618,185.25,173.10341698577813
1,77,92.625,22.604087020622355,185.25,180.44159798028784
1,78,92.625,62.727476377481175,185.25,173.47233180255031
1,79,92.625,69.15118688639558,185.25,173.61154334364352
1,80,92.625,54.64115251536516,185.25,174.15364124633606
1,81,92.625,58.666348632475845,185.25,180.3950903702286
1,82,92.625,67.72598385271115,185.25,181.1905508820088
1,83,92.625,72.5519856958777,185.25,174.6388475417601
1,84,92.625,38.776215823034185,185.25,173.50202167326373
1,85,92.625,22.213675620086303,185.25,175.2355305678716
1,86,92.625,36.46046603959774,185.25,179.69223829498858
1,87,92.625,28.531934083410224,185.25,180.6070642484714
1,88,92.625,40.03095363804733,185.25,182.33118095148916
1,89,92.625,47.38329326022463,185.25,173.3718608435673
1,90,92.625,63.59759121662806,185.25,180.52343815278178
1,91,92.625,72.76465143594977,185.25,173.83649401400305
1,92,92.625,35.26447237909678,185.25,172.84959788544666
1,93,92.625,72.73817817798381,185.25,175.78294074496947
1,94,92.625,29.278546113492563,185.25,175.82856840202143
1,95,92.625,43.76662629215491,185.25,180.62398138619565
1,96,92.625,29.191126254700812,185.25,181.12063973619308
1,97,92.625,33.61374128519727,185.25,174.91703668482853
1,98,92.625,19.837171833598827,185.25,180.39297226093476
1,99,92.625,32.80046243410171,185.25,180.6290213418468
2,0,86.025,38.99977459732638,172.05,156.85218223262584
2,1,86.025,44.99490403030447,172.05,171.03838655017537
2,2,86.025,34.50460374652227,172.05,159.04863392393838
2,3,86.025,18.76587175204456,172.05,158.9879824387931
2,4,86.025,65.56531957264217,172.05,158.50373394379093
2,5,86.025,30.850491852368954,172.05,171.2542584933232
2,6,86.025,29.918977476305407,172.05,159.49716061624787
2,7,86.025,18.28499547307735,172.05,171.21142884634577
2,8,86.025,32.14728936079213,172.05,154.63813608880366
2,9,86.025,32.957876943786324,172.05,154.98172928688328
2,10,86.025,49.126161106638776,172.05,158.6322645273485
2,11,86.025,46.25392172803328,172.05,160.8570109039527
2,12,86.025,61.3600030439863,172.05,170.99444816678832
2,13,86.025,60.228482237771054,172.05,156.62480233703383
2,14,86.025,68.44913906348286,172.05,156.21926519700568
2,15,86.025,46.54124584310085,172.05,171.21772110520126
2,16,86.025,68.71344773573529,172.05,157.81357220630917
2,17,86.025,62.2883542002925,172.05,157.43877606088571
2,18,86.025,28.307090463872388,172.05,171.25330418318424
2,19,86.025,55.848224812002705,172.05,158.10333787263755
2,20,86.025,67.63066478232871,172.05,162.8568836791811
2,21,86.025,66.98485421212952,172.05,166.09102932044553
2,22,86.025,64.74457202631093,172.05,158.94780228417272
2,23,86.025,53.14697799110849,172.05,173.2042380792374
2,24,86.025,70.07252270050681,172.05,167.42404822519913
2,25,86.025,31.60474182230986,172.05,171.03342122386132
2,26,86.025,55.84166173336258,172.05,158.31896947444716
2,27,86.025,24.757457165994293,172.05,171.16931958032043
2,28,86.025,53.96675187670506,172.05,171.03956101772363
2,29,86.025,56.50625374804317,172.05,170.94806612167812
2,30,86.025,54.46610329025693,172.05,167.4640641316914
2,31,86.025,45.04812494340978,172.05,158.90570198501393
2,32,86.025,40.34821882846872,172.05,157.18315687830716
2,33,86.025,65.01427873740471,172.05,171.04263488863992
2,34,86.025,43.50937814030426,172.05,171.2566619411466
2,35,86.025,35.27828094905298,172.05,156.6126502105116
2,36,86.025,20.613129719161158,172.05,166.91510659751654
2,37,86.025,53.76930834824438,172.05,157.66686976008754
2,38,86.025,58.99448743931134,172.05,171.26085423578147
2,39,86.025,45.35816741651807,172.05,156.8032993137884
2,40,86.025,57.58039242940904,172.05,170.84866352629356
2,41,86.025,52.716388075967444,172.05,158.2734432819217
2,42,86.025,45.266643736085015,172.05,159.22901737612963
2,43,86.025,28.260640092557942,172.05,171.03339007289554
2,44,86.025,37.41234588979358,172.05,156.3670601558217
2,45,86.025,57.59423121620141,172.05,159.13517965944334
2,46,86.025,58.72340381858467,172.05,162.2162106289336
2,47,86.025,20.937663696954477,172.05,157.2831703234105
2,48,86.025,41.25487725284667,172.05,161.8576279186922
2,49,86.025,51.05754997007584,172.05,170.2811520355187
2,50,86.025,57.73284523885606,172.05,165.4342641626736
2,51,86.025,39.685436092829896,172.05,171.05946898607104
2,52,86.025,47.555133706773184,172.05,157.50649389583188
2,53,86.025,38.568114761427815,172.05,155.46165716738494
2,54,86.025,36.48427769309023,172.05,169.62520517580447
2,55,86.025,35.733469784916245,172.05,159.2635787893678
2,56,86.025,62.51922358243305,172.05,171.04289343977848
2,57,86.025,22.250857769906084,172.05,156.6318854803561
2,58,86.025,20.02956831487298,172.05,157.16583504699486
2,59,86.025,55.17495977130197,172.05,163.40273772273034
2,60,86.025,37.725614181323735,172.05,157.76757753879534
2,61,86.025,69.00671759681109,172.05,160.07728707863726
2,62,86.025,27.297656962326183,172.05,158.07850047675404
2,63,86.025,40.362575644631825,172.05,171.2150122243274
2,64,86.025,39.65298089437676,172.05,159.20751444788417
2,65,86.025,45.72118207091952,172.05,173.69120680358162
2,66,86.025,26.56036431925321,172.05,171.0320458188255
2,67,86.025,71.29822335514073,172.05,171.24440259309236
2,68,86.025,52.340602313562876,172.05,155.47441242561365
2,69,86.025,68.4269329068777,172.05,171.04442304032273
2,70,86.025,52.71729732162199,172.05,160.83779861888735
2,71,86.025,52.511022246888345,172.05,158.75021947689822
2,72,86.025,50.620258642837655,172.05,164.3706055865012
2,73,86.025,31.398808452946106,172.05,159.81753906356823
2,74,86.025,33.59109051063625,172.05,169.01422400522134
2,75,86.025,27.097997997406516,172.05,156.80730749304433
2,76,86.025,56.39134152387812,172.05,157.08308282058124
2,77,86.025,64.44318971216099,172.05,171.00195905500343
2,78,86.025,29.948475539294076,172.05,157.72005540439383
2,79,86.025,21.42288219927317,172.05,157.8965055290865
2,80,86.025,39.91790530880594,172.05,159.36250218205006
2,81,86.025,70.37959329040063,172.05,170.86284762058972
2,82,86.025,25.894975822553928,172.05,172.1343060880669
2,83,86.025,48.15379905289109,172.05,160.1900603638839
2,84,86.025,60.13365687740531,172.05,158.28094178935973
2,85,86.025,28.61913594983567,172.05,161.89192295686848
2,86,86.025,36.95339647134743,172.05,169.8054596177813
2,87,86.025,30.123334725148197,172.05,171.23321309984132
2,88,86.025,43.35658108102488,172.05,173.69119951433683
2,89,86.025,68.72323428353263,172.05,157.92723751429756
2,90,86.025,52.257526159351684,172.05,171.03917784546795
2,91,86.025,24.0478721927373,172.05,158.34372267921088
2,92,86.025,36.630075482281526,172.05,156.7976439544207
2,93,86.025,56.18725293417096,172.05,162.581853308763
2,94,86.025,71.94089447919106,172.05,163.11912128476988
2,95,86.025,37.67185080883035,172.05,171.23509914616758
2,96,86.025,46.17528975949719,172.05,172.09942059514023
2,97,86.025,30.18600916346078,172.05,161.16887726229493
2,98,86.025,36.88456430899985,172.05,170.94081955025936
2,99,86.025,25.260622935777143,172.05,171.2529255965688
3,0,82.66499999999999,31.463056862607864,165.32999999999998,144.7357206924373
3,1,82.66499999999999,38.419610471850696,165.32999999999998,166.73458606095957
3,2,82.66499999999999,23.207821966364516,165.32999999999998,148.64553324945703
3,3,82.66499999999999,37.136665769934424,165.32999999999998,148.80264381932255
3,4,82.66499999999999,25.30598871671254,165.32999999999998,147.30019401056785
3,5,82.66499999999999,22.026831848159212,165.32999999999998,167.00843469704597
3,6,82.66499999999999,78.8728871030464,165.32999999999998,149.84827149899922
3,7,82.66499999999999,40.08984641843246,165.32999999999998,166.95439182024552
3,8,82.66499999999999,62.094096137186625,165.32999999999998,140.8945343786303
3,9,82.66499999999999,37.25313004861751,165.32999999999998,141.38690822181147
3,10,82.66499999999999,47.01012015223489,165.32999999999998,147.9415510144499
3,11,82.66499999999999,70.0410205486456,165.32999999999998,151.9470397385029
3,12,82.66499999999999,68.47229191631749,165.32999999999998,166.6750742203434
3,13,82.66499999999999,52.220793443571544,165.32999999999998,144.1459705920444
3,14,82.66499999999999,41.75694813013332,165.32999999999998,142.9872928022631
3,15,82.66499999999999,40.017369306400184,165.32999999999998,166.9543977280388
3,16,82.66499999999999,73.91738902301074,165.32999999999998,146.33183441988888
3,17,82.66499999999999,27.058840166915797,165.32999999999998,145.40846796138638
3,18,82.66499999999999,43.5180342599067,165.32999999999998,167.00843428135602
3,19,82.66499999999999,22.732515422302527,165.32999999999998,146.78119662126946
3,20,82.66499999999999,58.79258841216066,165.32999999999998,155.06206469781316
3,21,82.66499999999999,77.50915605088505,165.32999999999998,160.1446160809548
3,22,82.66499999999999,54.82604007119949,165.32999999999998,148.26052802076265
3,23,82.66499999999999,42.327802654757676,165.32999999999998,167.00839975772038
3,24,82.66499999999999,39.269878484139205,165.32999999999998,161.99526864556694
3,25,82.66499999999999,62.97948010889437,165.32999999999998,166.7346549542375
3,26,82.66499999999999,29.219757907240254,165.32999999999998,147.21001658818787
3,27,82.66499999999999,64.07492813827012,165.32999999999998,166.87370985633083
3,28,82.66499999999999,30.15778292272441,165.32999999999998,166.73456974376066
3,29,82.66499999999999,37.23167969682211,165.32999999999998,166.6146846255792
3,30,82.66499999999999,79.33207468838745,165.32999999999998,162.13251234290976
3,31,82.66499999999999,40.37952649308434,165.32999999999998,148.4242324842668
3,32,82.66499999999999,78.66093846075734,165.32999999999998,145.62190183555893
3,33,82.66499999999999,74.89751030790974,165.32999999999998,166.73472522157084
3,34,82.66499999999999,31.73452940361543,165.32999999999998,167.00842408895866
3,35,82.66499999999999,22.392111898743863,165.32999999999998,144.35858521214766
3,36,82.66499999999999,42.98617893858216,165.32999999999998,161.39612136709243
3,37,82.66499999999999,62.34929940515814,165.32999999999998,146.23675417009667
3,38,82.66499999999999,78.01422495621723,165.32999999999998,167.0084216002101
3,39,82.66499999999999,42.001252526096955,165.32999999999998,144.61476846916534
3,40,82.66499999999999,42.65572658248661,165.32999999999998,166.49456981639352
3,41,82.66499999999999,28.681563978203744,165.32999999999998,147.15358535078408
3,42,82.66499999999999,66.22666580950475,165.32999999999998,149.07482342925752
3,43,82.66499999999999,48.7142237306158,165.32999999999998,166.7346125389642
3,44,82.66499999999999,49.51960747088151,165.32999999999998,143.987093179636
3,45,82.66499999999999,31.671019360431547,165.32999999999998,148.59939605981685
3,46,82.66499999999999,23.562738547497517,165.32999999999998,153.94683592605452
3,47,82.66499999999999,61.97418510361423,165.32999999999998,145.90797246577074
3,48,82.66499999999999,49.60750041685823,165.32999999999998,153.59714864730316
3,49,82.66499999999999,70.53130823700106,165.32999999999998,165.80381498540305
3,50,82.66499999999999,21.94353489882428,165.32999999999998,159.13717039502305
3,51,82.66499999999999,70.85193913138265,165.32999999999998,166.763398016995
3,52,82.66499999999999,71.26463060256067,165.32999999999998,146.13000606928813
3,53,82.66499999999999,37.10702149051664,165.32999999999998,142.2703662729865
3,54,82.66499999999999,40.33442983157696,165.32999999999998,164.9954849477804
3,55,82.66499999999999,64.36637497407915,165.32999999999998,149.27610936272788
3,56,82.66499999999999,65.10886937549651,165.32999999999998,166.73472462880585
3,57,82.66499999999999,68.54472432079454,165.32999999999998,144.7314814147918
3,58,82.66499999999999,25.3590233237943,165.32999999999998,145.42079267602455
3,59,82.66499999999999,47.97862326881911,165.32999999999998,156.021164423999
3,60,82.66499999999999,71.95494137529128,165.32999999999998,146.6915364332317
3,61,82.66499999999999,80.36651041405368,165.32999999999998,150.418604486238
3,62,82.66499999999999,64.22872846582248,165.32999999999998,147.24920689338998
3,63,82.66499999999999,69.36702691138329,165.32999999999998,166.95441953794042
3,64,82.66499999999999,27.08194215944483,165.32999999999998,149.00227326080093
3,65,82.66499999999999,79.80087663566297,165.32999999999998,167.0084145013574
3,66,82.66499999999999,40.030633964274834,165.32999999999998,166.7345989858791
3,67,82.66499999999999,31.079170084128734,165.32999999999998,166.98133831462675
3,68,82.66499999999999,60.98264517016704,165.32999999999998,142.17349894484684
3,69,82.66499999999999,20.65643981104116,165.32999999999998,166.7345821473945
3,70,82.66499999999999,45.88580148888386,165.32999999999998,151.69711201033633
3,71,82.66499999999999,62.57540077999217,165.32999999999998,148.11548467768839
3,72,82.66499999999999,20.532100878030253,165.32999999999998,157.52196640014705
3,73,82.66499999999999,39.95026242121092,165.32999999999998,150.15492874351483
3,74,82.66499999999999,28.923772289857038,165.32999999999998,164.18790784776735
3,75,82.66499999999999,27.521193268636026,165.32999999999998,144.76774307688999
3,76,82.66499999999999,77.33445519504866,165.32999999999998,145.2023038958276
3,77,82.66499999999999,24.781386299671173,165.32999999999998,166.68269755350477
3,78,82.66499999999999,49.09716549363215,165.32999999999998,146.4592165469463
3,79,82.66499999999999,40.7067603705085,165.32999999999998,146.79792463301044
3,80,82.66499999999999,76.94216969055313,165.32999999999998,149.47046752440835
3,81,82.66499999999999,55.660813144035814,165.32999999999998,166.50496859343272
3,82,82.66499999999999,61.559780817207766,165.32999999999998,167.00840100853222
3,83,82.66499999999999,48.35003132436968,165.32999999999998,150.6305673600319
3,84,82.66499999999999,60.71674011159291,165.32999999999998,147.21237857750037
3,85,82.66499999999999,24.16126234024769,165.32999999999998,153.65807691783934
3,86,82.66499999999999,52.15460685295897,165.32999999999998,165.1952095282016
3,87,82.66499999999999,73.05615168411927,165.32999999999998,166.981342266516
3,88,82.66499999999999,52.39556548351395,165.32999999999998,167.0083986219328
3,89,82.66499999999999,44.650955554948915,165.32999999999998,146.28639173331229
3,90,82.66499999999999,25.722632973000948,165.32999999999998,166.7344806143986
3,91,82.66499999999999,59.922936071036695,165.32999999999998,147.66674993289854
3,92,82.66499999999999,61.83390454434525,165.32999999999998,144.88300448008567
3,93,82.66499999999999,62.69468301533642,165.32999999999998,154.6839498417761
3,94,82.66499999999999,35.237061424535135,165.32999999999998,155.39624933435573
3,95,82.66499999999999,45.03487563509944,165.32999999999998,166.9813231246903
3,96,82.66499999999999,49.252461003201695,165.32999999999998,167.00840193816978
3,97,82.66499999999999,37.41728817258548,165.32999999999998,152.46376004316758
3,98,82.66499999999999,44.064344852820916,165.32999999999998,166.61589784506492
3,99,82.66499999999999,23.744643364018486,165.32999999999998,167.00840916595794
4,0,82.275,46.013222092311786,164.55,133.7189957421965
4,1,82.275,41.49850728907146,164.55,166.2205139938313
4,2,82.275,40.6574315189102,164.55,140.0451478903616
4,3,82.275,29.089066609579522,164.55,140.18989676436976
4,4,82.275,45.92629952038381,164.55,137.83718768413385
4,5,82.275,54.22636634648753,164.55,166.22052240180304
4,6,82.275,53.40290916396554,164.55,141.33052934028018
4,7,82.275,65.62893879060594,164.55,166.2205243137582
4,8,82.275,19.46277670575645,164.55,126.41030998002165
4,9,82.275,29.53402731593497,164.55,127.99715680478076
4,10,82.275,50.765240122649416,164.55,138.74514188276223
4,11,82.275,69.75977683049348,164.55,144.98261876772546
4,12,82.275,66.33091270250534,164.55,166.1380725230616
4,13,82.275,43.31889454351056,164.55,132.3296815628163
4,14,82.275,73.12985662301459,164.55,130.81367826919404
4,15,82.275,26.314745298597067,164.55,166.2205112269294
4,16,82.275,35.70921750850858,164.55,135.3609198140884
4,17,82.275,18.470267150268594,164.55,134.6307230510319
4,18,82.275,38.828483062107416,164.55,166.220519811044
4,19,82.275,31.284334552951755,164.55,137.01387669544764
4,20,82.275,32.775907695907975,164.55,149.8155381558571
4,21,82.275,71.6852703450299,164.55,157.4522593106725
4,22,82.275,37.55400369375374,164.55,138.99550199829028
4,23,82.275,18.68560069309536,164.55,166.22047747224178
4,24,82.275,54.32363343911201,164.55,160.07155445332586
4,25,82.275,70.43629648489627,164.55,166.22051840014356
4,26,82.275,46.379279857894424,164.55,137.72715445538657
4,27,82.275,55.726512305721506,164.55,166.22049565516755
4,28,82.275,72.50885038555963,164.55,166.22051950833827
4,29,82.275,42.07602958876638,164.55,166.05149525034653
4,30,82.275,60.79858002033517,164.55,160.21012650286767
4,31,82.275,22.310500453717832,164.55,139.4674945042622
4,32,82.275,52.424462975108455,164.55,134.15894182973597
4,33,82.275,39.70764661046278,164.55,166.2205364243429
4,34,82.275,67.92832223200799,164.55,166.2204910275131
4,35,82.275,35.53050726762934,164.55,133.18807740950663
4,36,82.275,33.38415199173148,164.55,159.23723210374047
4,37,82.275,38.47962278419021,164.55,135.59068101158994
4,38,82.275,20.13603542885698,164.55,166.22049353818647
4,39,82.275,37.640980629790654,164.55,133.29451461948042
4,40,82.275,29.496229204961367,164.55,165.89148790732838
4,41,82.275,63.49661726342913,164.55,137.77086596002218
4,42,82.275,24.006455292576984,164.55,140.12219875030024
4,43,82.275,20.15935553164683,164.55,166.22051601359826
4,44,82.275,46.393580453386825,164.55,132.21302170197546
4,45,82.275,51.902617310306944,164.55,139.9247180688371
4,46,82.275,45.028499713468804,164.55,148.33887603661427
4,47,82.275,26.16979307860593,164.55,135.06874261729172
4,48,82.275,47.88566179560838,164.55,147.6965405736339
4,49,82.275,62.918529174897856,164.55,165.0037727216539
4,50,82.275,65.44593855810633,164.55,156.15567673352115
4,51,82.275,67.63183194746301,164.55,166.22051204302815
4,52,82.275,61.94309816379269,164.55,135.38967569741084
4,53,82.275,70.58281683740367,164.55,129.89658673570855
4,54,82.275,36.43644949192462,164.55,163.98865115992507
4,55,82.275,28.117863179171657,164.55,140.55305984358228
4,56,82.275,58.346923474682946,164.55,166.22051754254403
4,57,82.275,52.40390841842482,164.55,133.04372059517902
4,58,82.275,19.43168056289675,164.55,134.7785798252916
4,59,82.275,67.09089873613675,164.55,151.4971415578772
4,60,82.275,58.72165020814128,164.55,136.29046960667782
4,61,82.275,39.28629673407505,164.55,142.0628530887591
4,62,82.275,54.02651931222107,164.55,137.37272399705455
4,63,82.275,43.09730165817162,164.55,166.22052477597146
4,64,82.275,28.063996704085504,164.55,140.5739003551177
4,65,82.275,42.49137943684026,164.55,166.22049781673118
4,66,82.275,41.21545768937452,164.55,166.22051621995203
4,67,82.275,19.424496633214595,164.55,166.22052209221258
4,68,82.275,18.484118419368087,164.55,128.61037393244175
4,69,82.275,59.922938229438564,164.55,166.22051238492114
4,70,82.275,60.96719403015368,164.55,144.7725656433413
4,71,82.275,56.53610204936359,164.55,138.76600355416008
4,72,82.275,28.71940535089087,164.55,153.72214687588666
4,73,82.275,55.94586429859535,164.55,142.42318344088966
4,74,82.275,20.17796762837353,164.55,162.9359505552411
4,75,82.275,67.14870218848537,164.55,134.04238360167219
4,76,82.275,19.887180404915078,164.55,133.23851512726804
4,77,82.275,51.135227723354156,164.55,166.1475872595682
4,78,82.275,20.409534100012973,164.55,136.15192268934607
4,79,82.275,52.5743747980647,164.55,137.00826937565907
4,80,82.275,19.677563082653563,164.55,140.55549133075937
4,81,82.275,55.36941401226537,164.55,165.90684237471376
4,82,82.275,50.34862478287496,164.55,166.22045529724835
4,83,82.275,44.7512064381507,164.55,142.9768522690187
4,84,82.275,34.7804852632862,164.55,137.19121843035197
4,85,82.275,43.8004651481493,164.55,147.93981580442076
4,86,82.275,63.82903942695729,164.55,164.21775827912185
4,87,82.275,38.962447060408834,164.55,166.22050671364224
4,88,82.275,26.93904024955753,164.55,166.22048228208953
4,89,82.275,56.164189144887146,164.55,136.03345158546003
4,90,82.275,51.700545228949984,164.55,166.22050788879537
4,91,82.275,48.62682613718692,164.55,138.08675264799712
4,92,82.275,45.95766082181198,164.55,133.43681225953907
4,93,82.275,29.599838469943176,164.55,149.18489580968406
4,94,82.275,60.4529311299617,164.55,150.56314843223032
4,95,82.275,54.55811830935201,164.55,166.22051371110317
4,96,82.275,66.6356564403109,164.55,166.2204531922049
4,97,82.275,52.572135906888,164.55,146.04813190524982
4,98,82.275,55.34573276940973,164.55,166.05234180833304
4,99,82.275,39.1099182437251,164.55,166.2204727218588
5,0,86.01,46.16052121004242,172.02,121.58660823125422
5,1,86.01,51.50391444761675,172.02,169.651115606803
5,2,86.01,57.905994606127486,172.02,131.38343717520215
5,3,86.01,88.81196453693468,177.62392907386936,132.3340207331421
5,4,86.01,43.89049636987211,172.02,127.83084313911726
5,5,86.01,34.292798051120386,172.02,170.11707056392692
5,6,86.01,31.34299779375996,172.02,132.77713412713547
5,7,86.01,74.16204374640907,172.02,170.0523241969181
5,8,86.01,29.98943756271777,172.02,110.22126181447342
5,9,86.01,28.451753416070677,172.02,112.79678103194072
5,10,86.01,88.78173183958907,177.56346367917814,129.85864586129668
5,11,86.01,82.34547342892932,172.02,138.3978023068863
5,12,86.01,75.03521529959663,172.02,169.52954352800066
5,13,86.01,38.74844266421601,172.02,119.25584306147388
5,14,86.01,34.66269857340338,172.02,115.51160176197564
5,15,86.01,67.50453809112503,172.02,170.04899067727385
5,16,86.01,26.098292334026862,172.02,123.85402596654964
5,17,86.01,53.719337379869714,172.02,123.47141401279285
5,18,86.01,83.51473245531598,172.02,170.1394373545732
5,19,86.01,63.92749411811712,172.02,127.05584378489026
5,20,86.01,45.699223107968635,172.02,145.53664079034772
5,21,86.01,78.88179974655,172.02,156.59216851327338
5,22,86.01,29.14347722955711,172.02,129.52573896855833
5,23,86.01,64.87310742480466,172.02,173.03924913683147
5,24,86.01,64.74957766420458,172.02,160.48796941299318
5,25,86.01,81.53851633316427,172.02,169.67039025382655
5,26,86.01,81.49751285790042,172.02,128.1665845901374
5,27,86.01,37.54571571997487,172.02,169.9383817870049
5,28,86.01,49.959069944587384,172.02,169.65045979073
5,29,86.01,45.507515684639905,172.02,169.43255537281118
5,30,86.01,77.95632635166236,172.02,160.73552215250703
5,31,86.01,55.58684739735331,172.02,130.6822590460021
5,32,86.01,69.98145532575411,172.02,122.05799427332337
5,33,86.01,29.549267004541502,172.02,169.64002685870503
5,34,86.01,44.85139971116803,172.02,170.1205551190824
5,35,86.01,73.69247556730728,172.02,121.45233069654051
5,36,86.01,22.54575993641767,172.02,159.19299544072075
5,37,86.01,42.91045894652272,172.02,124.41296831814688
5,38,86.01,31.232827255139846,172.02,170.1163914051862
5,39,86.01,72.33729500432781,172.02,121.41646848719436
5,40,86.01,26.19136724889086,172.02,169.21444846796356
5,41,86.01,31.669296883784103,172.02,127.31122827052437
5,42,86.01,56.394403244520596,172.02,131.51871599555446
5,43,86.01,66.68702221628818,172.02,169.65957899074354
5,44,86.01,39.66101690588597,172.02,119.07253392139718
5,45,86.01,74.94857088915478,172.02,131.18789528278455
5,46,86.01,84.80558856068949,172.02,143.65693929277668
5,47,86.01,75.48511847604593,172.02,124.28299256066096
5,48,86.01,28.34431345719558,172.02,142.3422630990861
5,49,86.01,69.8370032057369,172.02,167.83533541165997
5,50,86.01,45.01394304347646,172.02,154.58836779909763
5,51,86.01,66.41179005534171,172.02,169.71477710305405
5,52,86.01,56.856523632165754,172.02,123.62255459100402
5,53,86.01,68.57343280149465,172.02,114.88983849431385
5,54,86.01,35.27024845768246,172.02,166.27255985415775
5,55,86.01,74.02188233879566,172.02,132.3481911058369
5,56,86.01,74.4329409451265,172.02,169.6654411232155
5,57,86.01,82.10639200786004,172.02,120.78620582556654
5,58,86.01,87.72441212938423,175.44882425876847,124.48523075596725
5,59,86.01,54.99057876202881,172.02,147.79324442918355
5,60,86.01,53.169187687005234,172.02,125.0964130267402
5,61,86.01,54.44455640354812,172.02,134.12927930272156
5,62,86.01,40.945852343981365,172.02,126.85727803950006
5,63,86.01,62.80005645236444,172.02,170.04657295628272
5,64,86.01,77.10731548180094,172.02,132.5492425309485
5,65,86.01,22.834512366398556,172.02,173.64757829341283
5,66,86.01,38.63159413308904,172.02,169.64595297097193
5,67,86.01,62.35000265370037,172.02,170.08726851527663
5,68,86.01,63.642166071417584,172.02,114.19813039989543
5,69,86.01,53.77877869857514,172.02,169.65292280636618
5,70,86.01,55.820394376502456,172.02,138.01694042054916
5,71,86.01,72.43580118887617,172.02,129.20808257231752
5,72,86.01,77.26993708143611,172.02,151.35889696404107
5,73,86.01,43.51113496937857,172.02,134.58896408343747
5,74,86.01,58.763057443384,172.02,164.80163867790563
5,75,86.01,50.94919499172092,172.02,121.53000225823583
5,76,86.01,34.709886870920144,172.02,120.8262180927711
5,77,86.01,41.305933190081184,172.02,169.54357773306936
5,78,86.01,88.61669996439986,177.2333999287997,126.44830386335151
5,79,86.01,44.55120132632618,172.02,126.47004320813373
5,80,86.01,25.754838227159507,172.02,131.97638734494683
5,81,86.01,59.66250855996971,172.02,169.1808057933494
5,82,86.01,74.13504095017626,172.02,171.474811407802
5,83,86.01,40.38566425864206,172.02,135.48341283631459
5,84,86.01,27.049384904836447,172.02,126.81167025103663
5,85,86.01,53.813453038081015,172.02,142.87476512487208
5,86,86.01,80.40635400420173,172.02,166.73929913048514
5,87,86.01,71.64863715253901,172.02,170.09220938454808
5,88,86.01,45.95055339944936,172.02,173.64765724795058
5,89,86.01,81.84189221281088,172.02,125.31694878323516
5,90,86.01,72.90490705300148,172.02,169.66336352626053
5,91,86.01,43.85176234878004,172.02,128.09320983143186
5,92,86.01,82.75732617244513,172.02,121.63674906221303
5,93,86.01,51.364246731732905,172.02,144.66413239839383
5,94,86.01,46.76086446689901,172.02,146.45580041619914
5,95,86.01,43.60759936579896,172.02,170.08005545719857
5,96,86.01,82.98327411184603,172.02,171.42358832191726
5,97,86.01,72.67077384030839,172.02,140.17609006935183
5,98,86.01,74.39178656887873,172.02,169.46427283941213
5,99,86.01,65.0404351083056,172.02,170.1290877229591
6,0,93.255,83.30055077840952,186.51,89.57010604586503
6,1,93.255,26.832404833300675,186.51,166.77729199191808
6,2,93.255,59.42908804205493,186.51,106.0168464958049
6,3,93.255,87.22335754682035,186.51,105.16933553256634
6,4,93.255,97.59606199001432,195.19212398002864,99.88413103326731
6,5,93.255,66.75610108376995,186.51,167.56799331276764
6,6,93.255,79.7112758954058,186.51,108.02846633699737
6,7,93.255,100.25478365377141,200.50956730754282,167.36142667537274
6,8,93.255,69.52066755296076,186.51,69.16119423596919
6,9,93.255,72.31918624250636,186.51,74.28767277269274
6,10,93.255,59.88134170901441,186.51,100.27772943879891
6,11,93.255,49.07277541919916,186.51,115.41430269799677
6,12,93.255,80.42137881620359,186.51,166.41192170494116
6,13,93.255,62.35077439777548,186.51,85.498147343412
6,14,93.255,28.932860289194018,186.51,77.18602786588427
6,15,93.255,44.285209334284026,186.51,167.26917176366493
6,16,93.255,101.90848410467343,203.81696820934687,101.25544802200564
6,17,93.255,83.72075815449648,186.51,92.43121802188028
6,18,93.255,70.99425486723425,186.51,167.56805942579595
6,19,93.255,48.097197296627705,186.51,97.52047814882914
6,20,93.255,32.331853693453986,186.51,128.41747794155535
6,21,93.255,77.5822889090077,186.51,142.8511211494598
6,22,93.255,52.41209014137299,186.51,103.01825421495256
6,23,93.255,94.5069560008536,189.0139120017072,172.01999952546302
6,24,93.255,100.43096563101057,200.86193126202113,149.26130368168216
6,25,93.255,86.91276391343612,186.51,166.77924012347648
6,26,93.255,56.401644315927726,186.51,99.08050624782263
6,27,93.255,53.46594180962451,186.51,167.1500603711807
6,28,93.255,55.81661818131167,186.51,166.77827734792794
6,29,93.255,85.33935180693216,186.51,164.55000126331228
6,30,93.255,67.52222515404038,186.51,151.24533747499268
6,31,93.255,89.58159346106594,186.51,105.11895496679715
6,32,93.255,58.92592007020587,186.51,87.50007157179692
6,33,93.255,58.46952513749628,186.51,166.77724616820768
6,34,93.255,84.52146854171123,186.51,167.56847706758816
6,35,93.255,70.16544275492306,186.51,87.00119675638655
6,36,93.255,28.807851313068596,186.51,147.234373991324
6,37,93.255,54.92028586988387,186.51,93.8255432304714
6,38,93.255,46.67313772236557,186.51,167.56743776609488
6,39,93.255,31.605282229140418,186.51,86.79413531561383
6,40,93.255,28.69598074619571,186.51,164.55000007925494
6,41,93.255,63.00349204725862,186.51,99.8300231885457
6,42,93.255,36.82560503716339,186.51,105.73354549066467
6,43,93.255,46.360364616952104,186.51,166.77762598216793
6,44,93.255,40.97774176976701,186.51,84.78836812736564
6,45,93.255,61.094788066071835,186.51,104.28401798727573
6,46,93.255,98.88142675988536,197.76285351977072,124.86635720859285
6,47,93.255,55.6839514307446,186.51,92.22780339736093
6,48,93.255,37.30450869295007,186.51,123.81877100384679
6,49,93.255,70.41624366791822,186.51,161.18927517011963
6,50,93.255,31.07708610759342,186.51,141.33976610189538
6,51,93.255,27.31753616770693,186.51,166.8357398882735
6,52,93.255,77.56185732869005,186.51,91.97747273184453
6,53,93.255,73.09789011410685,186.51,72.71991112448481
6,54,93.255,73.06255049509761,186.51,159.20488096769282
6,55,93.255,54.00197671149279,186.51,107.2496069348402
6,56,93.255,50.027744290416265,186.51,166.77776111136495
6,57,93.255,90.22360705301845,186.51,89.6472313189879
6,58,93.255,69.74601093373971,186.51,90.09112197509384
6,59,93.255,53.07124210845072,186.51,130.7972772408962
6,60,93.255,78.55593380063063,186.51,94.46572118755053
6,61,93.255,80.6142521996459,186.51,109.8692902614114
6,62,93.255,78.5904995072732,186.51,97.73980834649375
6,63,93.255,78.50076945519886,186.51,167.3542076842846
6,64,93.255,92.56126978257512,186.51,107.30685236498827
6,65,93.255,67.13228473421452,186.51,172.0200003395592
6,66,93.255,70.06807579724243,186.51,166.77842714766936
6,67,93.255,87.42215245486902,186.51,167.38304314078215
6,68,93.255,73.96128949792707,186.51,73.56386096211486
6,69,93.255,60.48279828005437,186.51,166.77809485388508
6,70,93.255,38.56921546101462,186.51,115.45049763797594
6,71,93.255,65.82663014228353,186.51,101.22323985631417
6,72,93.255,78.40677535805342,186.51,135.26496958046832
6,73,93.255,75.0296704380806,186.51,111.42463672374411
6,74,93.255,87.7157193775415,186.51,155.63755490059592
6,75,93.255,89.25416856498208,186.51,88.91293014558615
6,76,93.255,53.44707796282637,186.51,87.71637077268947
6,77,93.255,81.0831307554967,186.51,166.303075876728
6,78,93.255,30.432491715014145,186.51,94.02583201021525
6,79,93.255,73.55640499478686,186.51,98.13901632196894
6,80,93.255,28.74495184459277,186.51,107.09588903006313
6,81,93.255,96.90217780480697,193.80435560961394,165.60588375533356
6,82,93.255,64.12885714303928,186.51,168.68686847009133
6,83,93.255,96.31406556504996,192.62813113009992,113.33973529325911
6,84,93.255,66.44705142603264,186.51,99.25665580859054
6,85,93.255,71.93349428420647,186.51,124.40096115015396
6,86,93.255,47.828955252296446,186.51,160.7339558606632
6,87,93.255,53.91872823156356,186.51,167.3822725542142
6,88,93.255,69.55966277615119,186.51,172.02000530863404
6,89,93.255,69.75456274601315,186.51,92.91779338671974
6,90,93.255,64.00790246590327,186.51,166.77807024831216
6,91,93.255,102.2827050640491,204.5654101280982,101.71680632263269
6,92,93.255,54.23767810564569,186.51,85.30900469576478
6,93,93.255,94.26025868836484,188.52051737672969,127.16676422633724
6,94,93.255,64.6337084780685,186.51,128.3521503596954
6,95,93.255,63.96946417139292,186.51,167.3823381784641
6,96,93.255,100.68982729396012,201.37965458792024,168.68686909240026
6,97,93.255,55.998740605972344,186.51,120.0610707936939
6,98,93.255,91.35894617992305,186.51,164.55000193504424
6,99,93.255,79.45417802400137,186.51,167.5686669444199
7,0,100.66499999999999,53.72588979642381,201.32999999999998,88.23776965970626
7,1,100.66499999999999,44.418624938231886,201.32999999999998,164.55000098133462
7,2,100.66499999999999,106.01684393773908,212.03368787547817,106.01684486877512
7,3,100.66499999999999,97.06902373505578,201.32999999999998,103.0764645986991
7,4,100.66499999999999,99.88412833907812,201.32999999999998,99.88413019848245
7,5,100.66499999999999,54.015978445719654,201.32999999999998,165.32999961121135
7,6,100.66499999999999,32.29156409072997,201.32999999999998,108.02846462126764
7,7,100.66499999999999,43.96105145147463,201.32999999999998,165.3299991201388
7,8,100.66499999999999,60.23601512598816,201.32999999999998,66.83660140067046
7,9,100.66499999999999,54.28853425880502,201.32999999999998,73.17163013457254
7,10,100.66499999999999,58.92339666555189,201.32999999999998,98.63871339854498
7,11,100.66499999999999,100.55737448035335,201.32999999999998,115.41430032683363
7,12,100.66499999999999,55.53903976746605,201.32999999999998,164.17620846590165
7,13,100.66499999999999,28.192760589027284,201.32999999999998,84.2331646732336
7,14,100.66499999999999,48.3387686335053,201.32999999999998,77.18602624805784
7,15,100.66499999999999,73.507523280017,201.32999999999998,165.32999943129033
7,16,100.66499999999999,89.26101664523752,201.32999999999998,88.44964350859797
7,17,100.66499999999999,76.92229871173446,201.32999999999998,92.43121646138093
7,18,100.66499999999999,86.13233189560442,201.32999999999998,165.32999812955552
7,19,100.66499999999999,93.97190116821065,201.32999999999998,97.52047517142319
7,20,100.66499999999999,99.00738939670896,201.32999999999998,126.54074048613863
7,21,100.66499999999999,90.93140014882117,201.32999999999998,142.85112002422758
7,22,100.66499999999999,77.80398982352493,201.32999999999998,103.01825293852704
7,23,100.66499999999999,71.1746817971972,201.32999999999998,172.0199976843798
7,24,100.66499999999999,88.97382783723553,201.32999999999998,149.26130161866337
7,25,100.66499999999999,109.67448576727637,219.34897153455273,164.55000843638575
7,26,100.66499999999999,69.78047903096812,201.32999999999998,97.10882035793352
7,27,100.66499999999999,89.19527496788933,201.32999999999998,164.5500013736949
7,28,100.66499999999999,36.6776543553829,201.32999999999998,164.54999901596807
7,29,100.66499999999999,42.29113346797984,201.32999999999998,164.54999876817584
7,30,100.66499999999999,71.4467319963581,201.32999999999998,148.23555486293094
7,31,100.66499999999999,109.36774089757847,218.73548179515694,108.37897135465391
7,32,100.66499999999999,82.0396652976282,201.32999999999998,87.50007033164353
7,33,100.66499999999999,40.47634829881666,201.32999999999998,164.549998871521
7,34,100.66499999999999,39.77656430754247,201.32999999999998,165.33000087389752
7,35,100.66499999999999,28.013576317947855,201.32999999999998,86.00414697012214
7,36,100.66499999999999,98.60211394090953,201.32999999999998,98.60211623818482
7,37,100.66499999999999,62.18185385357374,201.32999999999998,93.82554148835528
7,38,100.66499999999999,105.07475700013215,210.1495140002643,165.32999847295568
7,39,100.66499999999999,50.885131400172156,201.32999999999998,86.79413204036516
7,40,100.66499999999999,48.54327554266974,201.32999999999998,164.5499988675256
7,41,100.66499999999999,94.37957274797009,201.32999999999998,98.3570568045433
7,42,100.66499999999999,47.42603792739451,201.32999999999998,105.73354462611641
7,43,100.66499999999999,84.27992126839153,201.32999999999998,164.54999894722437
7,44,100.66499999999999,38.247927067661834,201.32999999999998,84.78836652813051
7,45,100.66499999999999,79.18487095448683,201.32999999999998,103.28986362605379
7,46,100.66499999999999,110.21671313578972,220.43342627157944,123.03412088986177
7,47,100.66499999999999,87.22849038968504,201.32999999999998,90.39246976080152
7,48,100.66499999999999,72.01242268264951,201.32999999999998,122.00474572865207
7,49,100.66499999999999,42.19735070577407,201.32999999999998,161.18927371805273
7,50,100.66499999999999,54.37671261436056,201.32999999999998,140.03285377953597
7,51,100.66499999999999,60.752384598756976,201.32999999999998,165.32999794277376
7,52,100.66499999999999,56.39999541951962,201.32999999999998,90.61552260059912
7,53,100.66499999999999,53.54008786996739,201.32999999999998,70.89460828407236
7,54,100.66499999999999,41.222575368152974,201.32999999999998,159.20488057368715
7,55,100.66499999999999,107.24960735977005,214.4992147195401,107.2496061162658
7,56,100.66499999999999,47.31686387751436,201.32999999999998,164.55000013660856
7,57,100.66499999999999,69.6361460908751,201.32999999999998,69.010163285164
7,58,100.66499999999999,36.60148349266204,201.32999999999998,88.29831114924073
7,59,100.66499999999999,33.38297629198822,201.32999999999998,130.0433316126969
7,60,100.66499999999999,90.51331034928472,201.32999999999998,94.46571962578119
7,61,100.66499999999999,32.59279794333978,201.32999999999998,109.86928648438345
7,62,100.66499999999999,71.83732083665382,201.32999999999998,97.73980340400318
7,63,100.66499999999999,40.50692208475334,201.32999999999998,165.32999918542473
7,64,100.66499999999999,56.97240515091074,201.32999999999998,105.71845656136587
7,65,100.66499999999999,86.5229374084829,201.32999999999998,172.01999921935754
7,66,100.66499999999999,97.56623340998047,201.32999999999998,164.5499988985945
7,67,100.66499999999999,73.51022164192614,201.32999999999998,165.3299988966127
7,68,100.66499999999999,30.47171586116008,201.32999999999998,71.3997978994937
7,69,100.66499999999999,40.41405908524643,201.32999999999998,164.54999917445255
7,70,100.66499999999999,92.43545185992505,201.32999999999998,115.45049461241238
7,71,100.66499999999999,74.566783435086,201.32999999999998,99.73015082615024
7,72,100.66499999999999,46.99806144592662,201.32999999999998,135.26496862281772
7,73,100.66499999999999,86.17799809152622,201.32999999999998,109.20728475361423
7,74,100.66499999999999,75.60625334473917,201.32999999999998,155.63755333434693
7,75,100.66499999999999,88.60622149647169,201.32999999999998,88.60622081034084
7,76,100.66499999999999,69.76194149471374,201.32999999999998,87.71636975975751
7,77,100.66499999999999,74.26747610771206,201.32999999999998,164.54999950651293
7,78,100.66499999999999,33.154347716165006,201.32999999999998,92.67628568986042
7,79,100.66499999999999,109.27109909965016,218.54219819930032,108.22631439243241
7,80,100.66499999999999,76.30264820456406,201.32999999999998,104.96467839561265
7,81,100.66499999999999,83.14345437610167,201.32999999999998,163.24179574123042
7,82,100.66499999999999,33.430273346397065,201.32999999999998,168.68686651476338
7,83,100.66499999999999,89.02757363155698,201.32999999999998,111.08427485719845
7,84,100.66499999999999,97.56560578991319,201.32999999999998,97.74683328021182
7,85,100.66499999999999,85.85831941333464,201.32999999999998,122.57864392389631
7,86,100.66499999999999,75.80454066321352,201.32999999999998,158.490360473817
7,87,100.66499999999999,29.487179019975283,201.32999999999998,165.32999964632563
7,88,100.66499999999999,30.154571475804012,201.32999999999998,172.01999968284986
7,89,100.66499999999999,81.5788008987979,201.32999999999998,91.54387757820702
7,90,100.66499999999999,75.72784453772486,201.32999999999998,164.54998016271756
7,91,100.66499999999999,79.28687046156575,201.32999999999998,98.61309808117308
7,92,100.66499999999999,75.54821591970351,201.32999999999998,83.61135687676693
7,93,100.66499999999999,53.468401880331776,201.32999999999998,124.636149945491
7,94,100.66499999999999,99.30028617484538,201.32999999999998,128.35214869033084
7,95,100.66499999999999,71.75507163130813,201.32999999999998,165.32999874263496
7,96,100.66499999999999,31.404573950171887,201.32999999999998,168.68686858667914
7,97,100.66499999999999,88.0631180404904,201.32999999999998,117.77395874127825
7,98,100.66499999999999,90.53453654536123,201.32999999999998,164.54999870165094
7,99,100.66499999999999,105.15160140733839,210.30320281467678,165.3300075278664
8,0,117.66,27.843186564200977,235.32,90.02935364125865
8,1,117.66,30.533619559508857,235.32,167.8910319313734
8,2,117.66,29.158312270295994,235.32,106.01684522705628
8,3,117.66,44.502396134493424,235.32,105.16933485373694
8,4,117.66,64.4222054194939,235.32,99.88413009676415
8,5,117.66,45.707000234041764,235.32,165.33000008500593
8,6,117.66,59.24340573756576,235.32,108.0284639927987
8,7,117.66,56.713897636373375,235.32,56.713898481429446
8,8,117.66,23.811727504044697,235.32,68.1936425769998
8,9,117.66,41.28989136915268,235.32,51.27326300182753
8,10,117.66,49.25896022019183,235.32,99.11265042902393
8,11,117.66,34.15484369860538,235.32,117.75767910202161
8,12,117.66,51.238790211900216,235.32,164.1762082944966
8,13,117.66,52.617129415840424,235.32,84.23316414708056
8,14,117.66,58.63994724648629,235.32,77.18602623207595
8,15,117.66,55.18732855095185,235.32,165.81164081960455
8,16,117.66,55.58166730583183,235.32,61.71935005621254
8,17,117.66,70.95315421052327,235.32,92.43121642882927
8,18,117.66,23.80694193992643,235.32,168.6868678559205
8,19,117.66,63.7489726356235,235.32,97.52047488252418
8,20,117.66,34.284083805712385,235.32,129.1100288751201
8,21,117.66,56.88684670535366,235.32,142.8511181306326
8,22,117.66,39.10509251210323,235.32,103.01825153970434
8,23,117.66,36.26185335536697,235.32,172.01999895104177
8,24,117.66,50.41362652951959,235.32,149.26130552753676
8,25,117.66,35.18785775478063,235.32,164.5500091518887
8,26,117.66,67.97727668562018,235.32,97.10881921408179
8,27,117.66,66.9943272608082,235.32,66.9943286091146
8,28,117.66,41.66718631332231,235.32,41.66718759517785
8,29,117.66,20.722496567040757,235.32,164.5499984375155
8,30,117.66,20.079946588655083,235.32,151.24533825040928
8,31,117.66,28.775815783590513,235.32,28.7758191890801
8,32,117.66,55.47458199276865,235.32,55.4745826366187
8,33,117.66,43.50321744470824,235.32,167.89091260392237
8,34,117.66,56.4677937458594,235.32,165.3299967296344
8,35,117.66,63.304087730515604,235.32,63.304088973709874
8,36,117.66,44.4298128693382,235.32,147.23436535750793
8,37,117.66,62.90746491213737,235.32,93.82554045904884
8,38,117.66,70.12246460782856,235.32,165.32999938284206
8,39,117.66,26.941049794180753,235.32,86.79413132669517
8,40,117.66,74.29887137338665,235.32,164.5499966362857
8,41,117.66,61.71615832764095,235.32,98.35705703684074
8,42,117.66,55.86554957212336,235.32,103.62945820518095
8,43,117.66,70.6464559858464,235.32,164.55000010544046
8,44,117.66,74.51789909730084,235.32,74.51790031398173
8,45,117.66,54.09259040985545,235.32,104.28401737788009
8,46,117.66,37.029313499587914,235.32,123.03412331712214
8,47,117.66,75.9752572701885,235.32,75.97525844417318
8,48,117.66,31.515465421070253,235.32,122.00474719417858
8,49,117.66,53.443178635831224,235.32,161.18927578841635
8,50,117.66,41.684605282474465,235.32,41.68460936061728
8,51,117.66,56.91284659781417,235.32,56.9128469365482
8,52,117.66,26.215509169536904,235.32,92.45538436311318
8,53,117.66,64.1986540248828,235.32,70.89460608787364
8,54,117.66,29.421041089506975,235.32,156.03670346150972
8,55,117.66,32.48513751899924,235.32,107.24961103669533
8,56,117.66,37.96468134953195,235.32,164.55000158119745
8,57,117.66,23.69606722600072,235.32,65.29449131446309
8,58,117.66,61.7289258598816,235.32,88.29830696515911
8,59,117.66,61.37820369136921,235.32,130.04333163030597
8,60,117.66,51.045752089606964,235.32,94.46572023225167
8,61,117.66,47.27031007890978,235.32,109.8692897557254
8,62,117.66,73.51964170629797,235.32,73.5196421140286
8,63,117.66,39.88242650183158,235.32,167.89103257756764
8,64,117.66,72.57659406768211,235.32,105.71845539235949
8,65,117.66,54.536362655615385,235.32,172.01999983788562
8,66,117.66,40.57247065494234,235.32,164.54999944639385
8,67,117.66,28.859610824256322,235.32,168.68686870617623
8,68,117.66,48.67450754379706,235.32,71.3997950381809
8,69,117.66,28.639442521704627,235.32,164.54999956568443
8,70,117.66,71.30456977034865,235.32,115.45049544556105
8,71,117.66,44.369754087164324,235.32,99.73015216041681
8,72,117.66,70.04888614718624,235.32,70.04888846858975
8,73,117.66,44.37118729869933,235.32,111.42463549642052
8,74,117.66,55.09645933744067,235.32,155.63755505462836
8,75,117.66,47.54906793000258,235.32,86.84295618490692
8,76,117.66,72.37002157673214,235.32,87.71636893337246
8,77,117.66,42.97817700780496,235.32,166.9496038290668
8,78,117.66,52.05250080866354,235.32,92.676289464083
8,79,117.66,26.944392802004145,235.32,91.34559848209265
8,80,117.66,46.07923646691943,235.32,104.9646766447825
8,81,117.66,49.53479065332965,235.32,166.5562638081602
8,82,117.66,52.99587018388392,235.32,168.68686697832072
8,83,117.66,66.80093954765486,235.32,113.33973657432239
8,84,117.66,67.69900975526714,235.32,67.69901218086251
8,85,117.66,42.76132613384065,235.32,122.57864442371303
8,86,117.66,74.93559318623535,235.32,158.49035886392187
8,87,117.66,73.18090589235953,235.32,165.32999908526048
8,88,117.66,35.490725363759026,235.32,172.01999795939
8,89,117.66,31.120764508053796,235.32,91.54387813452479
8,90,117.66,74.9169680628649,235.32,164.5499817119533
8,91,117.66,76.13047113912951,235.32,76.13047469402166
8,92,117.66,29.132813526926068,235.32,83.61135829950098
8,93,117.66,71.32061468948456,235.32,127.1667517819672
8,94,117.66,59.69384703322806,235.32,128.35214979722343
8,95,117.66,76.16873002123386,235.32,76.1687311877938
8,96,117.66,67.06052650742284,235.32,168.68686896748096
8,97,117.66,45.081638502987964,235.32,120.16524866713559
8,98,117.66,52.685239411131654,235.32,164.54999957229393
8,99,117.66,26.262238177837798,235.32,168.68687759802913
9,0,127.35000000000001,66.27722247658673,254.70000000000002,90.02935467422122
9,1,127.35000000000001,33.397771543429045,254.70000000000002,167.89103242306206
9,2,127.35000000000001,32.76742620192127,254.70000000000002,106.01685073000695
9,3,127.35000000000001,51.140702450523584,254.70000000000002,105.16933515986003
9,4,127.35000000000001,25.40615623274073,254.70000000000002,99.88413443880985
9,5,127.35000000000001,29.00330726059454,254.70000000000002,165.3300001644302
9,6,127.35000000000001,50.68887366720111,254.70000000000002,108.02846330696715
9,7,127.35000000000001,46.6571601788571,254.70000000000002,168.68686653015868
9,8,127.35000000000001,62.951914846847046,254.70000000000002,66.8365996651935
9,9,127.35000000000001,51.816593590185725,254.70000000000002,73.17162938850485
9,10,127.35000000000001,33.584629868255554,254.70000000000002,99.47449682025179
9,11,127.35000000000001,65.18106221061565,254.70000000000002,115.41430029908739
9,12,127.35000000000001,24.842659206695792,254.70000000000002,181.91269458576951
9,13,127.35000000000001,36.17068541063004,254.70000000000002,84.23316371504464
9,14,127.35000000000001,42.276648243560054,254.70000000000002,77.18602675586598
9,15,127.35000000000001,49.9518189340458,254.70000000000002,165.32999977322297
9,16,127.35000000000001,17.853190518615733,254.70000000000002,61.719352227774685
9,17,127.35000000000001,59.66867477300637,254.70000000000002,92.43121691441476
9,18,127.35000000000001,67.21473809504667,254.70000000000002,165.32999875606893
9,19,127.35000000000001,38.92527199848188,254.70000000000002,97.52047547699941
9,20,127.35000000000001,23.046036550750927,254.70000000000002,129.11003593883353
9,21,127.35000000000001,29.391718966801854,254.70000000000002,145.75157817278307
9,22,127.35000000000001,66.16757504877828,254.70000000000002,66.16757844751932
9,23,127.35000000000001,45.454902109213634,254.70000000000002,172.02000011288754
9,24,127.35000000000001,58.942984734588116,254.70000000000002,149.26130594715775
9,25,127.35000000000001,38.768819827502085,254.70000000000002,164.5500097872823
9,26,127.35000000000001,45.46592767342967,254.70000000000002,99.08052303008202
9,27,127.35000000000001,29.733133423014834,254.70000000000002,167.8910344222275
9,28,127.35000000000001,45.94974730888923,254.70000000000002,167.8910301033769
9,29,127.35000000000001,59.834084389166804,254.70000000000002,180.33354719164194
9,30,127.35000000000001,47.54929480589362,254.70000000000002,47.5492964537749
9,31,127.35000000000001,25.15654238424996,254.70000000000002,105.58878007880175
9,32,127.35000000000001,54.14058375144721,254.70000000000002,87.50007057684905
9,33,127.35000000000001,25.617872252485494,254.70000000000002,164.54988130229535
9,34,127.35000000000001,20.03987868500681,254.70000000000002,168.68686995052883
9,35,127.35000000000001,20.76351393846207,254.70000000000002,86.00414777345988
9,36,127.35000000000001,36.60691150348925,254.70000000000002,163.14057117813888
9,37,127.35000000000001,17.473724282217752,254.70000000000002,101.89297707263847
9,38,127.35000000000001,18.421010374035735,254.70000000000002,168.68687054818503
9,39,127.35000000000001,26.736010844003513,254.70000000000002,86.79413261477804
9,40,127.35000000000001,66.65292489601147,254.70000000000002,164.55000012176788
9,41,127.35000000000001,58.787385738189656,254.70000000000002,100.35410054265093
9,42,127.35000000000001,48.36182400871879,254.70000000000002,105.73354481938672
9,43,127.35000000000001,46.945605499645175,254.70000000000002,167.89103184640842
9,44,127.35000000000001,32.673614632570896,254.70000000000002,84.78836613966526
9,45,127.35000000000001,22.654559137865675,254.70000000000002,106.40140944269668
9,46,127.35000000000001,59.02647122268012,254.70000000000002,123.03412091087739
9,47,127.35000000000001,63.051119846341265,254.70000000000002,63.051121589409256
9,48,127.35000000000001,59.483624242408006,254.70000000000002,122.00474423203018
9,49,127.35000000000001,27.68692708498608,254.70000000000002,161.18927421290354
9,50,127.35000000000001,23.763705532614,254.70000000000002,141.5551760229134
9,51,127.35000000000001,62.84502447050032,254.70000000000002,164.55000241140561
9,52,127.35000000000001,26.23276826025491,254.70000000000002,92.45538613856978
9,53,127.35000000000001,63.17128743063279,254.70000000000002,70.89460896452835
9,54,127.35000000000001,64.62542001956534,254.70000000000002,159.20488151292625
9,55,127.35000000000001,59.06511004940347,254.70000000000002,107.24960953360478
9,56,127.35000000000001,58.536710617061956,254.70000000000002,167.8910334978298
9,57,127.35000000000001,20.79831269064504,254.70000000000002,65.29449070373778
9,58,127.35000000000001,33.726673928333014,254.70000000000002,90.09112456230943
9,59,127.35000000000001,48.268274356944524,254.70000000000002,132.68373908847423
9,60,127.35000000000001,48.81470548013655,254.70000000000002,94.46571891707654
9,61,127.35000000000001,46.36143724485597,254.70000000000002,119.31622196892772
9,62,127.35000000000001,44.39143398112482,254.70000000000002,97.73980841185933
9,63,127.35000000000001,33.62029231233003,254.70000000000002,183.19113157941422
9,64,127.35000000000001,34.647256144925336,254.70000000000002,107.86497006009172
9,65,127.35000000000001,20.751995702507056,254.70000000000002,246.50001629060378
9,66,127.35000000000001,63.435971575121336,254.70000000000002,164.54999850867333
9,67,127.35000000000001,59.18171792204547,254.70000000000002,165.32999870373467
9,68,127.35000000000001,19.07569621586324,254.70000000000002,72.84950124565925
9,69,127.35000000000001,62.809950723773696,254.70000000000002,167.89103015353732
9,70,127.35000000000001,56.27679068565555,254.70000000000002,115.4504960300623
9,71,127.35000000000001,67.21397137193621,254.70000000000002,99.7301511616577
9,72,127.35000000000001,57.450365415132225,254.70000000000002,138.01139616188564
9,73,127.35000000000001,32.088356035709786,254.70000000000002,111.42463568404084
9,74,127.35000000000001,45.88469827438947,254.70000000000002,155.63755384329073
9,75,127.35000000000001,64.76061261718988,254.70000000000002,86.84295727085446
9,76,127.35000000000001,50.46487388959763,254.70000000000002,87.71636534370214
9,77,127.35000000000001,44.087102756461185,254.70000000000002,164.54999901347435
9,78,127.35000000000001,31.707060107581412,254.70000000000002,92.67628560496206
9,79,127.35000000000001,25.288194991862362,254.70000000000002,93.20028854049451
9,80,127.35000000000001,40.32388560211324,254.70000000000002,118.66580143283687
9,81,127.35000000000001,35.79484091781199,254.70000000000002,166.55626592973599
9,82,127.35000000000001,25.887571332244594,254.70000000000002,172.11189581589522
9,83,127.35000000000001,62.56692180108337,254.70000000000002,62.56692346267707
9,84,127.35000000000001,29.90321268829172,254.70000000000002,99.73149030800232
9,85,127.35000000000001,41.55486121977983,254.70000000000002,122.5786469646199
9,86,127.35000000000001,39.99156146200999,254.70000000000002,161.70835851647482
9,87,127.35000000000001,62.77769747407697,254.70000000000002,168.6868699325664
9,88,127.35000000000001,26.283750492871683,254.70000000000002,175.51270272077133
9,89,127.35000000000001,36.23946008651663,254.70000000000002,91.54387897086767
9,90,127.35000000000001,21.873625438572944,254.70000000000002,167.89101589812515
9,91,127.35000000000001,51.92166684124195,254.70000000000002,98.61309768214417
9,92,127.35000000000001,30.352861974514845,254.70000000000002,85.30900352360776
9,93,127.35000000000001,51.649241472805,254.70000000000002,127.16676219924965
9,94,127.35000000000001,64.66623428475377,254.70000000000002,128.35214912866658
9,95,127.35000000000001,22.37658490882303,254.70000000000002,168.686869587132
9,96,127.35000000000001,19.661109828589133,254.70000000000002,168.6868690628921
9,97,127.35000000000001,46.661489030029536,254.70000000000002,95.317545406097
9,98,127.35000000000001,20.51408445214709,254.70000000000002,167.8910325877019
9,99,127.35000000000001,20.11148845336049,254.70000000000002,186.9106583429003
10,0,132.405,32.22527863351806,264.81,90.02935512066199
10,1,132.405,58.75665865698267,264.81,164.55000013012642
10,2,132.405,36.187785107291695,264.81,108.16941892255227
10,3,132.405,61.46910966448748,264.81,103.07646363590254
10,4,132.405,21.599313165446954,264.81,101.9121843694526
10,5,132.405,62.22080191505499,264.81,165.32999813376
10,6,132.405,53.13169881756112,264.81,108.02846529361175
10,7,132.405,23.035587601448725,264.81,168.6868679583368
10,8,132.405,52.591676492234235,264.81,66.83660080262376
10,9,132.405,62.04572579883802,264.81,81.07659629100222
10,10,132.405,59.16468780229705,264.81,99.47449869319327
10,11,132.405,45.807532788393694,264.81,115.41429919035211
10,12,132.405,30.869003673800783,264.81,167.50965127142376
10,13,132.405,39.6639066142232,264.81,85.94343822562878
10,14,132.405,63.12772787273564,264.81,75.65002408293881
10,15,132.405,38.902574620470055,264.81,165.32999951102957
10,16,132.405,39.70358815613435,264.81,61.71934936740148
10,17,132.405,25.44885614100057,264.81,100.37876107462638
10,18,132.405,30.733992527765707,264.81,168.68686802246845
10,19,132.405,56.825091085204654,264.81,97.52047578162423
10,20,132.405,19.28979310891177,264.81,140.21134391996188
10,21,132.405,37.43149126747783,264.81,145.75157726485966
10,22,132.405,60.96212991284491,264.81,103.01825214727971
10,23,132.405,56.72054250371182,264.81,172.02000342030757
10,24,132.405,35.84311104899261,264.81,152.29190144870063
10,25,132.405,33.62331501155019,264.81,167.89103195383063
10,26,132.405,47.872225281476055,264.81,99.08052412235926
10,27,132.405,46.72675118159688,264.81,167.89103405989601
10,28,132.405,62.19815067676957,264.81,175.63304230149916
10,29,132.405,43.59303141087804,264.81,164.54999785780865
10,30,132.405,27.16095855588647,264.81,164.2499213201984
10,31,132.405,35.454620427389465,264.81,105.58877979739725
10,32,132.405,50.684849425177354,264.81,87.50007129821438
10,33,132.405,41.5437544611795,264.81,167.8909111028948
10,34,132.405,28.5408300598576,264.81,183.19113549517925
10,35,132.405,56.13620524273567,264.81,87.1259217781982
10,36,132.405,49.08954845763593,264.81,147.23436463189165
10,37,132.405,51.52880648535354,264.81,93.8255412157986
10,38,132.405,22.41834236727545,264.81,168.68686986334265
10,39,132.405,49.053555350884515,264.81,85.06693081655162
10,40,132.405,48.049550546051094,264.81,178.69856048054004
10,41,132.405,23.34566885372266,264.81,108.98289108442596
10,42,132.405,50.49691318038634,264.81,105.733544506149
10,43,132.405,26.585976341710992,264.81,182.32686934583015
10,44,132.405,25.563481617990856,264.81,86.50991614543854
10,45,132.405,63.10045111370242,264.81,103.28986141833063
10,46,132.405,33.91246591202578,264.81,136.32589613093987
10,47,132.405,31.13041881870714,264.81,94.10040314991369
10,48,132.405,40.70840380431056,264.81,124.48193621234071
10,49,132.405,51.18366200074232,264.81,175.04887030012327
10,50,132.405,38.743543807170916,264.81,142.8760890515356
10,51,132.405,23.455341584798173,264.81,183.1911330648929
10,52,132.405,54.678475900440915,264.81,90.6155213268455
10,53,132.405,58.091939808144936,264.81,70.8946082710873
10,54,132.405,25.704280835313018,264.81,176.404299458284
10,55,132.405,63.02269286175135,264.81,105.11534044795087
10,56,132.405,18.863492884314226,264.81,182.32686899107335
10,57,132.405,63.99512471923461,264.81,63.995129470544065
10,58,132.405,59.14528234140583,264.81,90.09111885590035
10,59,132.405,26.402343901005352,264.81,132.68373980944338
10,60,132.405,35.75550436404146,264.81,96.38375702357872
10,61,132.405,55.783677303961305,264.81,109.86928934803835
10,62,132.405,60.09372745483724,264.81,97.7398070867499
10,63,132.405,18.475462691313513,264.81,183.1911278416567
10,64,132.405,37.90175957555191,264.81,107.86496768725095
10,65,132.405,30.85280987379273,264.81,246.50001748228246
10,66,132.405,33.48475232400786,264.81,186.02884363623474
10,67,132.405,25.123174551857474,264.81,168.68686872020368
10,68,132.405,51.47044047174823,264.81,72.84950333580007
10,69,132.405,17.08294250511894,264.81,186.02884381224695
10,70,132.405,40.00088976106191,264.81,115.45049517798145
10,71,132.405,42.102064393300004,264.81,99.7301517066843
10,72,132.405,51.797454670847166,264.81,135.26496932358208
10,73,132.405,44.80572764489869,264.81,123.46220008772988
10,74,132.405,44.687943711442976,264.81,158.79762763949924
10,75,132.405,48.96073605447936,264.81,88.60622208403302
10,76,132.405,43.23343520039296,264.81,87.71636979171896
10,77,132.405,25.83538117209395,264.81,167.8910362669694
10,78,132.405,19.17863700453039,264.81,102.6883999133199
10,79,132.405,44.889434451774484,264.81,93.20028715425927
10,80,132.405,44.34705309218026,264.81,107.09588854687462
10,81,132.405,32.43912364064613,264.81,166.55626887426078
10,82,132.405,25.350283933361005,264.81,186.9106578417405
10,83,132.405,17.55904997746389,264.81,113.33973708898752
10,84,132.405,19.00113945669545,264.81,99.73149071189798
10,85,132.405,17.93569389665611,264.81,125.06749897586485
10,86,132.405,30.480739138798228,264.81,161.70835767419433
10,87,132.405,56.68513273672028,264.81,165.32999838630784
10,88,132.405,41.076097072726824,264.81,190.60387777506438
10,89,132.405,42.960891062185176,264.81,101.4336592611188
10,90,132.405,31.01668205921257,264.81,182.32684643357499
10,91,132.405,50.42346676555753,264.81,98.61309857303485
10,92,132.405,50.339248164524584,264.81,85.30901012609434
10,93,132.405,19.41826607047498,264.81,138.1009959654114
10,94,132.405,42.43877465543605,264.81,128.3521496101217
10,95,132.405,30.3347095240767,264.81,183.19113012882028
10,96,132.405,44.06068394040724,264.81,168.68686945953496
10,97,132.405,32.5881031148253,264.81,120.16524896165689
10,98,132.405,57.86405208972319,264.81,164.54999880626536
10,99,132.405,46.32723858976746,264.81,183.19114263010007
11,0,138.435,75.63164173998874,276.87,88.23777015964166
11,1,138.435,31.419618290958937,276.87,167.89103303857112
11,2,138.435,89.45994512221166,276.87,103.90711349773574
11,3,138.435,83.96847533450847,276.87,105.16933422599399
11,4,138.435,56.195065932069646,276.87,101.91218472352955
11,5,138.435,32.948283776183956,276.87,168.6868698681521
11,6,138.435,37.70162344089187,276.87,119.69912923451619
11,7,138.435,29.483262579868494,276.87,186.91065736016427
11,8,138.435,38.1306475629335,276.87,68.19365627520439
11,9,138.435,50.84138375919891,276.87,74.6573107687366
11,10,138.435,31.018301802812488,276.87,111.51410498272139
11,11,138.435,76.66379041228689,276.87,127.88288211448014
11,12,138.435,89.96679167448303,276.87,167.50965380159266
11,13,138.435,47.83634434789956,276.87,84.23316351923754
11,14,138.435,60.81172463976142,276.87,60.81172567409043
11,15,138.435,35.87343674919472,276.87,201.53156472290598
11,16,138.435,49.28724563638109,276.87,61.719351983663486
11,17,138.435,74.19042912731715,276.87,92.43121630451846
11,18,138.435,65.99411641483691,276.87,183.19113533876782
11,19,138.435,38.723407132505145,276.87,108.05592930503052
11,20,138.435,86.5341469416526,276.87,126.54074311511081
11,21,138.435,46.280353004739176,276.87,158.2837899473605
11,22,138.435,77.13481069948949,276.87,111.876106940936
11,23,138.435,53.85544764759852,276.87,273.50999844260133
11,24,138.435,48.03402248796061,276.87,152.29191391600247
11,25,138.435,63.41318270317684,276.87,182.32687866946603
11,26,138.435,55.0192583830554,276.87,99.08052346160757
11,27,138.435,30.055945453735205,276.87,276.8699980996864
11,28,138.435,58.20130771892638,276.87,182.3268699442249
11,29,138.435,76.10790117504413,276.87,167.89103133642325
11,30,138.435,63.47135792793194,276.87,151.24534000954174
11,31,138.435,74.994827767596,276.87,103.48756153039183
11,32,138.435,41.90298259969882,276.87,96.95298736857747
11,33,138.435,60.44162644315795,276.87,167.89091224690185
11,34,138.435,35.71038614671215,276.87,183.19113419843728
11,35,138.435,81.89707815882282,276.87,95.29544882788848
11,36,138.435,33.70726537105162,276.87,150.22381981158907
11,37,138.435,41.52003144506638,276.87,103.96181836998836
11,38,138.435,55.23083532308195,276.87,186.91065822100367
11,39,138.435,34.23949622426327,276.87,96.17078656092349
11,40,138.435,54.85803390554184,276.87,164.54999910991498
11,41,138.435,79.27660422732052,276.87,108.98288951583079
11,42,138.435,42.963503925310704,276.87,119.53503141720527
11,43,138.435,30.6048683340411,276.87,276.8699983606628
11,44,138.435,47.82797903812929,276.87,93.94832833028309
11,45,138.435,32.95548511498131,276.87,116.77237647141459
11,46,138.435,75.51398131461868,276.87,125.53221460151201
11,47,138.435,80.58133569618673,276.87,94.10040199860373
11,48,138.435,58.15781027482155,276.87,135.18531304730635
11,49,138.435,88.1365614092048,276.87,161.18927206189403
11,50,138.435,31.552118372211932,276.87,156.84783791828505
11,51,138.435,62.30179628044234,276.87,182.3268724443802
11,52,138.435,48.43707063119096,276.87,92.45538682703508
11,53,138.435,69.1121222747668,276.87,70.89460832177745
11,54,138.435,87.01920094353292,276.87,159.20488109698468
11,55,138.435,49.95856279419899,276.87,107.24961074853063
11,56,138.435,59.070458716555756,276.87,167.89103194759292
11,57,138.435,51.235533258371554,276.87,65.29449090763663
11,58,138.435,29.180320352123452,276.87,99.82396196314556
11,59,138.435,47.31771490452873,276.87,130.84908568258223
11,60,138.435,85.85281931749522,276.87,94.46571973432891
11,61,138.435,71.1147729129661,276.87,109.86928707010586
11,62,138.435,28.598840534449224,276.87,110.49785538926801
11,63,138.435,84.2895244872986,276.87,183.19113173417333
11,64,138.435,75.95516231199562,276.87,107.8649685867412
11,65,138.435,60.20324493729496,276.87,246.500018830853
11,66,138.435,90.32924889163206,276.87,182.32686680037875
11,67,138.435,80.10285625347582,276.87,167.8910348934344
11,68,138.435,31.604700340871336,276.87,79.11334886186091
11,69,138.435,37.24178664036923,276.87,186.02884350675302
11,70,138.435,88.17387788724156,276.87,127.92298692614452
11,71,138.435,24.18024498562114,276.87,112.74800509294174
11,72,138.435,60.50683002863883,276.87,138.01139865211132
11,73,138.435,43.93444775328034,276.87,111.42463693975826
11,74,138.435,64.35314301725347,276.87,172.45157988010524
11,75,138.435,72.24228408076911,276.87,88.60622203317087
11,76,138.435,45.34683498736541,276.87,97.19265227972889
11,77,138.435,41.13845337815904,276.87,167.8910364764976
11,78,138.435,68.90128227244571,276.87,94.5579912096509
11,79,138.435,42.81184344076942,276.87,93.20028752713677
11,80,138.435,53.41734766997516,276.87,118.66580304260705
11,81,138.435,76.41401862033602,276.87,166.556266045339
11,82,138.435,40.833792452953006,276.87,172.11189776640362
11,83,138.435,30.40603031293303,276.87,125.58419665221211
11,84,138.435,63.000768409334405,276.87,99.73148983303982
11,85,138.435,37.99386671205044,276.87,135.8212116028531
11,86,138.435,69.40349441291256,276.87,175.6125876823098
11,87,138.435,55.73993510270961,276.87,213.85274690303478
11,88,138.435,69.67399927073743,276.87,190.60387626663905
11,89,138.435,27.859289239287943,276.87,101.43365866584114
11,90,138.435,60.10297091510982,276.87,167.8910163860985
11,91,138.435,77.34463268686011,276.87,109.26659036298514
11,92,138.435,73.12765660277275,276.87,92.6441631178646
11,93,138.435,46.07965687397566,276.87,138.10099771187998
11,94,138.435,66.88111676104296,276.87,142.21844511554377
11,95,138.435,79.39332596635371,276.87,168.68686906829623
11,96,138.435,47.86967893350761,276.87,168.68687139571762
11,97,138.435,27.886803790557405,276.87,130.4974592365009
11,98,138.435,42.213574158970886,276.87,167.89103556975874
11,99,138.435,41.3483371089751,276.87,168.686871279775
12,0,152.55,99.75551647964883,305.1,99.75551755993683
12,1,152.55,101.26987537570706,305.1,101.26987825178063
12,2,152.55,87.26471326911746,305.1,117.47018429390812
12,3,152.55,86.40407163727274,305.1,116.53112152152599
12,4,152.55,50.299715284387155,305.1,305.09999825277384
12,5,152.55,73.81607639813825,305.1,274.97999810869845
12,6,152.55,90.32442902883983,305.1,119.6991294561643
12,7,152.55,98.52814683026567,305.1,165.3299948220129
12,8,152.55,41.33140818662582,305.1,68.1372011699963
12,9,152.55,31.68863393259202,305.1,81.07659637806461
12,10,152.55,100.64147723910197,305.1,100.64148086847835
12,11,152.55,42.703502301695984,305.1,127.88288156445624
12,12,152.55,95.64202558120594,305.1,305.09999747825424
12,13,152.55,95.2281844048093,305.1,95.22818526404079
12,14,152.55,108.20161812347794,305.1,108.20161907832477
12,15,152.55,66.45476404088839,305.1,305.0999944057376
12,16,152.55,68.38709074184513,305.1,68.3870914812529
12,17,152.55,64.60446317915496,305.1,305.0999914673454
12,18,152.55,63.960621178622034,305.1,186.9106588226797
12,19,152.55,110.24990217912057,305.1,110.24990241786041
12,20,152.55,80.96565861587221,305.1,143.05820329203536
12,21,152.55,104.20661350000667,305.1,142.85111884479167
12,22,152.55,116.46530926009628,305.1,116.4653096957112
12,23,152.55,72.01637483275495,305.1,268.0671514924594
12,24,152.55,97.0661337586334,305.1,149.26130645433935
12,25,152.55,49.77713438563158,305.1,182.3268800559602
12,26,152.55,86.1711668132894,305.1,109.78450771911928
12,27,152.55,95.72312701434586,305.1,305.09999138198907
12,28,152.55,107.176459916581,305.1,107.17646339173945
12,29,152.55,33.354394892019755,305.1,305.0999960923665
12,30,152.55,56.57418958745679,305.1,56.574196824647785
12,31,152.55,87.66262646093007,305.1,87.66263643868525
12,32,152.55,91.88047866248428,305.1,91.88047978614351
12,33,152.55,108.40408610545754,305.1,167.89091557558737
12,34,152.55,64.53558615130552,305.1,186.91065848632016
12,35,152.55,90.68363616260014,305.1,95.29545257556993
12,36,152.55,64.52653102167902,305.1,163.14057045600327
12,37,152.55,106.07266487798306,305.1,106.07266706857419
12,38,152.55,67.67373227164545,305.1,168.68686821423987
12,39,152.55,113.9174875258007,305.1,112.78401791729775
12,40,152.55,103.1348407963031,305.1,182.32686642590616
12,41,152.55,111.19568398106284,305.1,111.19568441976728
12,42,152.55,40.222323290216785,305.1,40.22232885910234
12,43,152.55,45.135055257059484,305.1,186.0288524650987
12,44,152.55,109.85911279190782,305.1,109.85911353946938
12,45,152.55,50.703852792832784,305.1,115.55015509495838
12,46,152.55,61.333871549625556,305.1,136.32589483491648
12,47,152.55,49.72619210102635,305.1,102.19146928049547
12,48,152.55,82.64227736905985,305.1,135.18530642915084
12,49,152.55,46.26237054358261,305.1,161.18927165999506
12,50,152.55,87.22788496040812,305.1,87.22788935455485
12,51,152.55,31.637337083792264,305.1,167.89103431030486
12,52,152.55,114.73140085245748,305.1,114.73140600610026
12,53,152.55,31.08805190686406,305.1,80.14853888673584
12,54,152.55,66.07513603337337,305.1,305.09999011079583
12,55,152.55,42.44678038142095,305.1,107.24961259225707
12,56,152.55,36.76982320685095,305.1,186.02884483989988
12,57,152.55,43.35065546156691,305.1,72.34846714008525
12,58,152.55,33.889575417240195,305.1,99.82395480504353
12,59,152.55,115.23151679529902,305.1,115.23152239461376
12,60,152.55,94.46571704991473,305.1,94.4657179701455
12,61,152.55,109.86927908621894,305.1,109.86928617203591
12,62,152.55,90.99122416390738,305.1,97.73980215088986
12,63,152.55,83.67312854541102,305.1,168.68687878142143
12,64,152.55,78.21199098593293,305.1,107.86497088502276
12,65,152.55,73.76728386712657,305.1,251.50496882684757
12,66,152.55,97.69501502291001,305.1,167.89104246806562
12,67,152.55,72.15997800986896,305.1,168.68686844469187
12,68,152.55,68.12927267721648,305.1,79.11333929969369
12,69,152.55,64.78248786768062,305.1,182.32686892839618
12,70,152.55,38.17139913671811,305.1,115.45049626157092
12,71,152.55,89.17833576314968,305.1,99.73014526843576
12,72,152.55,50.32616839515319,305.1,152.92121416564066
12,73,152.55,107.05354533969857,305.1,111.42463591721823
12,74,152.55,87.1077656777392,305.1,155.6375535680014
12,75,152.55,58.71009077990368,305.1,98.17863781061374
12,76,152.55,99.16605201719227,305.1,99.16605424278073
12,77,152.55,38.02167451009949,305.1,305.0999973749968
12,78,152.55,86.25527227052304,305.1,104.77339737862611
12,79,152.55,37.95845960435985,305.1,305.09999502278157
12,80,152.55,106.34144381698957,305.1,106.34144784749078
12,81,152.55,39.441436586049115,305.1,184.54988238062145
12,82,152.55,36.379506811672556,305.1,186.91066744657786
12,83,152.55,85.61795730870794,305.1,123.08506771114835
12,84,152.55,75.35473381660348,305.1,223.95037865123717
12,85,152.55,39.264945952282886,305.1,125.06749848805023
12,86,152.55,53.75682803161042,305.1,175.61258583936953
12,87,152.55,52.74760012029777,305.1,193.00209742072485
12,88,152.55,116.79662323852034,305.1,190.6038760911421
12,89,152.55,73.58367150686524,305.1,91.54387543274464
12,90,152.55,89.12598952168798,305.1,89.12599250449806
12,91,152.55,104.91947587396902,305.1,104.91947997070265
12,92,152.55,67.03404006402239,305.1,85.30900924002421
12,93,152.55,89.06404422091013,305.1,124.63614130544023
12,94,152.55,30.72899353635756,305.1,145.10605984335083
12,95,152.55,53.0659502909426,305.1,305.09999452652136
12,96,152.55,59.462190599209194,305.1,172.11189860657566
12,97,152.55,61.86333478771007,305.1,305.0999989965954
12,98,152.55,66.32646128657862,305.1,182.32686908353844
12,99,152.55,50.4167181960066,305.1,168.68687652115278
13,0,129.165,162.79860743319966,325.5972148663993,161.17872872805313
13,1,129.165,195.4487824850026,390.8975649700052,193.50402875201505
13,2,129.165,365.665143893031,731.330287786062,362.0267398083867
13,3,129.165,105.1693347936989,258.33,104.12288607208156
13,4,129.165,298.94926299445467,597.8985259889093,295.9747379038122
13,5,129.165,325.5991587637198,651.1983175274396,322.35948226610867
13,6,129.165,319.32665082390594,638.6533016478119,316.1493555697291
13,7,129.165,337.88727551738583,675.7745510347717,334.5253114097552
13,8,129.165,192.13387136552933,384.26774273105866,190.2221003503544
13,9,129.165,196.0295210677011,392.0590421354022,194.0790340352167
13,10,129.165,101.1250394933936,258.33,100.11886133802761
13,11,129.165,117.75768052799263,258.33,116.58594838918488
13,12,129.165,167.50965103750843,335.01930207501687,165.8428983467551
13,13,129.165,292.06874452252964,584.1374890450593,289.1626389805297
13,14,129.165,146.14553440563162,292.29106881126324,144.6913722942188
13,15,129.165,201.53156431048538,403.06312862097076,199.5263223941893
13,16,129.165,152.74952231490067,305.49904462980135,151.2296073062576
13,17,129.165,234.3032142453902,468.6064284907804,231.97190533946528
13,18,129.165,314.2969686598347,628.5939373196694,311.16969247475697
13,19,129.165,280.0299481143387,560.0598962286774,277.24368074010476
13,20,129.165,262.6687295835725,525.337459167145,260.05524033613415
13,21,129.165,178.96023444422644,357.9204688884529,177.17955648321026
13,22,129.165,110.42503428359304,258.33,109.32630387289495
13,23,129.165,362.47829443152585,724.9565888630517,358.87164126282516
13,24,129.165,287.89459616441513,575.7891923288303,285.0300162847369
13,25,129.165,350.24068770992096,700.4813754198419,346.7558217063957
13,26,129.165,203.50887138981244,407.0177427796249,201.4839479808849
13,27,129.165,306.26171049857635,612.5234209971527,303.2144215971218
13,28,129.165,253.76962383971508,507.53924767943016,251.24462674292025
13,29,129.165,143.33799043238398,286.67598086476795,141.91176286606748
13,30,129.165,273.00548936726733,546.0109787345347,270.289075926503
13,31,129.165,137.088632093486,274.177264186972,135.72459253461992
13,32,129.165,111.10432817395076,258.33,109.99881900254931
13,33,129.165,243.70004573250483,487.40009146500967,241.27520711205545
13,34,129.165,229.6439329269573,459.2878658539146,227.35895668901017
13,35,129.165,352.45587595585124,704.9117519117025,348.9489969714956
13,36,129.165,285.5946762763045,571.189352552609,282.75304727201217
13,37,129.165,136.02256593791304,272.0451318758261,134.66911480861924
13,38,129.165,280.71845664692546,561.4369132938509,277.9253533305089
13,39,129.165,159.09252717597934,318.1850543519587,157.5094982758801
13,40,129.165,126.07813498696376,258.33,124.82364498394539
13,41,129.165,320.0651424113446,640.1302848226892,316.8806476257312
13,42,129.165,275.4235477599709,550.8470955199418,272.6831479887038
13,43,129.165,242.34013217529346,484.6802643505869,239.92884046611516
13,44,129.165,268.38843118294744,536.7768623658949,265.7179867533743
13,45,129.165,201.78284779984259,403.56569559968517,199.77510707066818
13,46,129.165,139.09386522718228,278.18773045436456,137.70985641175483
13,47,129.165,92.22780296893258,258.33,91.31013135662663
13,48,129.165,319.89194709065384,639.7838941813077,316.7090376162364
13,49,129.165,260.2685916457899,520.5371832915798,257.6789308932999
13,50,129.165,285.2054051722788,570.4108103445576,282.3676171348295
13,51,129.165,352.9795505811405,705.959101162281,349.4674002942553
13,52,129.165,102.44363904522353,258.33,101.42431989928173
13,53,129.165,201.20786577766617,402.41573155533234,199.2058178079069
13,54,129.165,179.9860215620924,359.9720431241848,178.19514599378087
13,55,129.165,265.2703529236285,530.540705847257,262.630925482885
13,56,129.165,234.9699568851499,469.9399137702998,232.63201622721746
13,57,129.165,267.8594662425876,535.7189324851752,265.19429778195666
13,58,129.165,309.18229851943875,618.3645970388775,306.1059665236707
13,59,129.165,337.81178337681143,675.6235667536229,334.45047906695106
13,60,129.165,201.4805430199748,402.9610860399496,199.47581763883375
13,61,129.165,320.1498659106546,640.2997318213093,316.96441314519774
13,62,129.165,250.66473896343453,501.32947792686906,248.17065160055293
13,63,129.165,305.6756369268997,611.3512738537994,302.6341615897685
13,64,129.165,93.51068634609146,258.33,92.58026506369916
13,65,129.165,226.98323412000408,453.96646824000817,224.7247325691434
13,66,129.165,208.73031999657917,417.46063999315834,206.6534302880195
13,67,129.165,252.17397044130135,504.3479408826027,249.66484707184645
13,68,129.165,196.44345535876204,392.8869107175241,194.4888396461057
13,69,129.165,121.02334741467018,258.33,119.81915606781415
13,70,129.165,296.4154653734049,592.8309307468098,293.4661485689205
13,71,129.165,145.03783469458023,290.07566938916045,143.59468202505457
13,72,129.165,152.92121474223694,305.8424294844739,151.39963881450447
13,73,129.165,123.46219871295239,258.33,122.2336901881313
13,74,129.165,206.75031308764204,413.5006261752841,204.69312730970609
13,75,129.165,92.34573471009723,258.33,91.42688456174788
13,76,129.165,152.3064022827879,304.6128045655758,150.79088768491985
13,77,129.165,213.29378055084544,426.5875611016909,211.17142593176501
13,78,129.165,94.55799082796597,258.33,93.61712356964077
13,79,129.165,270.28501393986465,540.5700278797293,267.59570866516225
13,80,129.165,138.50856652592515,277.0171330518503,137.13040027058753
13,81,129.165,166.5562656942746,333.1125313885492,164.8990092723854
13,82,129.165,270.23766590027026,540.4753318005405,267.5488260865973
13,83,129.165,267.72590314599984,535.4518062919997,265.0620619600396
13,84,129.165,176.62534722319356,353.2506944463871,174.86792636315755
13,85,129.165,285.79992027926653,571.5998405585331,282.9562806782196
13,86,129.165,179.17823530319023,358.35647060638047,177.3953893078539
13,87,129.165,218.19482642387416,436.3896528477483,216.0238146050934
13,88,129.165,366.8282003120578,733.6564006241156,363.1782457099337
13,89,129.165,165.75834605900894,331.5166921180179,164.10902103644887
13,90,129.165,214.39646483857214,428.7929296771443,212.26325023594376
13,91,129.165,172.4195148768461,344.8390297536922,170.70393770454183
13,92,129.165,224.241142612306,448.482285224612,222.0099227797291
13,93,129.165,143.76594155949334,287.5318831189867,142.33546208902527
13,94,129.165,222.0969742945405,444.193948589081,219.8870792330513
13,95,129.165,357.3014036204912,714.6028072409824,353.7462708817047
13,96,129.165,231.69846890199287,463.39693780398574,229.39307949082806
13,97,129.165,120.1652482676817,258.33,118.96953873599041
13,98,129.165,170.16109811081404,340.3221962216281,168.46795088306925
13,99,129.165,348.43194689954976,696.8638937990995,344.96505203582484
14,0,131.79,79.77176299546589,263.58,88.23776775265829
14,1,131.79,94.1664180332648,263.58,167.89102921385438
14,2,131.79,163.71537752765693,327.43075505531385,163.7153773646856
14,3,131.79,139.7821870834422,279.5643741668844,139.78218780879962
14,4,131.79,81.58413038290415,263.58,81.58413133326005
14,5,131.79,62.12496230153828,263.58,103.29162707269562
14,6,131.79,57.50395657348972,263.58,57.50395925964792
14,7,131.79,87.99794503107628,263.58,87.99794558312158
14,8,131.79,169.71164025873665,339.4232805174733,169.71164042169292
14,9,131.79,49.65170056802316,263.58,74.65731402292543
14,10,131.79,174.55661180620322,349.11322361240644,174.5566122477128
14,11,131.79,141.82383656783242,283.64767313566483,141.823837298721
14,12,131.79,106.3293822172274,263.58,181.9126947435931
14,13,131.79,102.81186853245407,263.58,102.01570964912618
14,14,131.79,110.62558200200769,263.58,110.62558286610738
14,15,131.79,174.5283257763073,349.0566515526146,181.88223704387661
14,16,131.79,53.699139758025076,263.58,67.02618644752356
14,17,131.79,92.43120363110559,263.58,92.43121249751768
14,18,131.79,95.59819279974795,263.58,186.91066079020993
14,19,131.79,169.52930392191627,339.05860784383253,169.52930435081404
14,20,131.79,129.11002738200892,263.58,129.11002845556828
14,21,131.79,158.28378650749337,316.56757301498675,158.28378822018988
14,22,131.79,137.33129826202818,274.66259652405637,137.3312986105552
14,23,131.79,89.74086786131326,263.58,89.74086944409635
14,24,131.79,168.74450047686196,337.4890009537239,168.744500927647
14,25,131.79,80.90736288345497,263.58,167.89103610601853
14,26,131.79,98.919400443498,263.58,98.91940370401356
14,27,131.79,87.07142245939569,263.58,253.20829401465005
14,28,131.79,127.55545272298096,263.58,167.8910343980226
14,29,131.79,144.4707170841081,288.9414341682162,144.4707184011461
14,30,131.79,151.24533746122245,302.4906749224449,151.24533787571443
14,31,131.79,114.46670700047483,263.58,114.46670784717764
14,32,131.79,157.9479067052395,315.895813410479,157.94790766489538
14,33,131.79,89.43002065106413,263.58,89.4300226216058
14,34,131.79,69.49374503257316,263.58,69.49374987897255
14,35,131.79,84.18139224549317,263.58,84.1813945195939
14,36,131.79,150.22381993817703,300.44763987635406,150.2238208484693
14,37,131.79,71.23418148267122,263.58,72.1745141261642
14,38,131.79,147.26038882791505,294.5207776558301,168.68686916042205
14,39,131.79,87.90226558962878,263.58,87.90226771336516
14,40,131.79,124.0448664954965,263.58,124.04487248617681
14,41,131.79,49.42282950982973,263.58,49.42282977709353
14,42,131.79,119.53502959108125,263.58,119.53503017704676
14,43,131.79,62.83343223162071,263.58,62.833443551582846
14,44,131.79,57.54126524612533,263.58,57.54126598972523
14,45,131.79,114.44859735463801,263.58,114.44859838992718
14,46,131.79,142.03518254739657,284.07036509479315,142.03518270057103
14,47,131.79,140.73994757996542,281.47989515993083,140.73994851622072
14,48,131.79,124.48192236898275,263.58,124.48192625436265
14,49,131.79,164.46206896149448,328.92413792298896,164.46206928230222
14,50,131.79,156.8478360689975,313.695672137995,156.84783638947894
14,51,131.79,95.55078696369563,263.58,165.3299992306123
14,52,131.79,151.61215305217868,303.22430610435737,151.6121529592803
14,53,131.79,77.94818726497644,263.58,77.94818841886836
14,54,131.79,121.68408130011754,263.58,121.68409308188177
14,55,131.79,80.89450316516026,263.58,80.89450554544409
14,56,131.79,159.81764207386587,319.63528414773174,159.81764699990887
14,57,131.79,47.170362120986105,263.58,47.17037008972387
14,58,131.79,61.516805411407354,263.58,90.09112187408242
14,59,131.79,132.683738678484,265.367477356968,132.68373928673907
14,60,131.79,152.58675814510772,305.17351629021545,152.58676283857747
14,61,131.79,161.35787796914917,322.71575593829834,161.35787911264345
14,62,131.79,158.18086198813367,316.36172397626734,158.18086240059216
14,63,131.79,83.05716570201247,263.58,83.05717297469674
14,64,131.79,119.51797188079524,263.58,119.51797224931975
14,65,131.79,98.3347069816961,263.58,226.98323438321114
14,66,131.79,143.41784166596213,286.83568333192426,164.54999671740165
14,67,131.79,56.39562771487785,263.58,223.05802622557067
14,68,131.79,78.5056116988294,263.58,78.50561287592936
14,69,131.79,180.85889871064785,361.7177974212957,180.85890153819935
14,70,131.79,127.92298520833428,263.58,127.92298645185254
14,71,131.79,115.05500446864902,263.58,115.05500651954368
14,72,131.79,161.7138345471206,323.4276690942412,160.10475719353036
14,73,131.79,143.99835074036125,287.9967014807225,143.9983508960446
14,74,131.79,158.79762752116758,317.59525504233517,158.79762760341842
14,75,131.79,122.45121477063266,263.58,122.45121476606245
14,76,131.79,88.3938012450974,263.58,89.49737251505098
14,77,131.79,146.7045725358801,293.4091450717602,146.7045729018657
14,78,131.79,70.18039693236935,263.58,92.67628405601275
14,79,131.79,102.64104789895354,263.58,102.64104750073766
14,80,131.79,116.30434568696072,263.58,116.30434821962277
14,81,131.79,123.7169622370048,263.58,123.71696505875815
14,82,131.79,174.6011771278509,349.2023542557018,174.60117914593303
14,83,131.79,125.58419301430926,263.58,125.58419317864806
14,84,131.79,110.01031214262296,263.58,110.0103123198245
14,85,131.79,138.57893826221192,277.15787652442384,138.57893834300245
14,86,131.79,122.98333525273044,263.58,161.70835654512805
14,87,131.79,133.050525185599,266.101050371198,213.8527463829832
14,88,131.79,132.87861798564344,265.7572359712869,132.87862462506195
14,89,131.79,101.43366178203138,263.58,101.43366155126354
14,90,131.79,150.29383166100624,300.5876633220125,150.2938334801701
14,91,131.79,48.88399803305167,263.58,48.8840035162211
14,92,131.79,58.6800544486971,263.58,85.30900384631693
14,93,131.79,149.72522398444693,299.45044796889385,149.72522580152787
14,94,131.79,145.1060591593505,290.212118318701,145.10605930748397
14,95,131.79,161.8001531176656,323.6003062353312,165.32999724771648
14,96,131.79,183.10421632694508,366.20843265389016,183.10421656902722
14,97,131.79,51.42340662885852,263.58,130.49745717606808
14,98,131.79,96.71015388396583,263.58,161.2754574237395
14,99,131.79,120.09575763974271,263.58,165.33000540200655
15,0,136.755,8.439558423018758,273.51,88.23775319378832
15,1,136.755,8.52507375285735,273.51,186.02885512319332
15,2,136.755,4.36498967765352,273.51,4.364990511329628
15,3,136.755,4.024806953437059,273.51,116.531114209888
15,4,136.755,9.973737722934425,273.51,9.973742752868075
15,5,136.755,5.009549444172084,273.51,273.5099948562813
15,6,136.755,9.65641664333448,273.51,273.5099980032531
15,7,136.755,3.1118496898257924,273.51,273.509999543182
15,8,136.755,2.741263759268006,273.51,2.741274490470934
15,9,136.755,6.085886936581995,273.51,73.1716249086397
15,10,136.755,3.957425882078734,273.51,100.64148455935194
15,11,136.755,9.264093714187991,273.51,273.5099948252447
15,12,136.755,7.188193176697608,273.51,273.50999535060214
15,13,136.755,5.904995249528421,273.51,5.905001052341201
15,14,136.755,2.654101250319585,273.51,2.654117251571019
15,15,136.755,7.902018129768788,273.51,7.9020228125606105
15,16,136.755,5.884097235642808,273.51,5.8841059901610056
15,17,136.755,9.370077016499161,273.51,102.41686042160813
15,18,136.755,3.3466628836188566,273.51,3.3466805837698734
15,19,136.755,8.459245398066113,273.51,8.45927488704684
15,20,136.755,6.978977513646027,273.51,126.5407424248983
15,21,136.755,5.728265620032617,273.51,273.50999652869723
15,22,136.755,8.12563472894642,273.51,273.50999196159916
15,23,136.755,6.861331449248475,273.51,273.50999700988615
15,24,136.755,9.829624489885084,273.51,9.829630806347085
15,25,136.755,6.569130039189317,273.51,273.509999558798
15,26,136.755,8.429070927695884,273.51,8.429076689578995
15,27,136.755,9.029538953683998,273.51,9.029549739874186
15,28,136.755,2.916634426423154,273.51,2.9166551499681086
15,29,136.755,4.061609740948226,273.51,273.509983452812
15,30,136.755,4.878640546677472,273.51,4.878650924565734
15,31,136.755,3.131465058812032,273.51,273.50999769647774
15,32,136.755,3.167363093211105,273.51,3.1673665637317328
15,33,136.755,9.393947805880266,273.51,164.54998868820522
15,34,136.755,3.2742600609733783,273.51,165.32999948717136
15,35,136.755,4.898333115403481,273.51,87.75038136962475
15,36,136.755,9.558776489942801,273.51,273.50999570422545
15,37,136.755,6.177374099902973,273.51,6.177402765944396
15,38,136.755,6.30733854544783,273.51,273.5099953671151
15,39,136.755,7.02191427793562,273.51,7.021918860608622
15,40,136.755,7.470136141261144,273.51,273.5099881203416
15,41,136.755,6.188683872905941,273.51,6.1886946556115285
15,42,136.755,3.0870042172880083,273.51,3.087033298346947
15,43,136.755,9.695686230206919,273.51,9.69571229344267
15,44,136.755,3.2296251587163183,273.51,3.2296263239067353
15,45,136.755,5.618048682494512,273.51,5.618054910726188
15,46,136.755,3.568239635178791,273.51,273.50999852217376
15,47,136.755,6.916539623478893,273.51,92.22780350285745
15,48,136.755,7.675552037720504,273.51,7.675574064394583
15,49,136.755,6.026119377480289,273.51,273.50999820000726
15,50,136.755,6.19425698086778,273.51,6.194258228300882
15,51,136.755,4.385991067058525,273.51,273.50999536546453
15,52,136.755,6.957398404107276,273.51,78.24126488006192
15,53,136.755,7.02143440409631,273.51,273.51000048890495
15,54,136.755,6.695790705131721,273.51,6.6957978491667705
15,55,136.755,6.8863803029627695,273.51,107.24961114547784
15,56,136.755,4.378770743507446,273.51,273.50999599829964
15,57,136.755,3.2968061195034175,273.51,65.29449143272899
15,58,136.755,10.248024441208512,273.51,10.248036481559005
15,59,136.755,10.19774469534629,273.51,147.01799993631604
15,60,136.755,3.1368395071878785,273.51,104.67117996418938
15,61,136.755,3.4254122514573964,273.51,108.59815040330831
15,62,136.755,10.085610616484564,273.51,97.73980169365882
15,63,136.755,10.317697873985422,273.51,273.50998601842457
15,64,136.755,9.03307741950619,273.51,273.5099944568732
15,65,136.755,4.434178359223983,273.51,273.5099943965498
15,66,136.755,3.4583997755618996,273.51,182.3268548331347
15,67,136.755,5.079555241762854,273.51,273.5099992124492
15,68,136.755,7.130513394813328,273.51,7.130516546910673
15,69,136.755,6.107818099190262,273.51,186.02884444693953
15,70,136.755,7.741524836374772,273.51,130.52035822181583
15,71,136.755,4.652078326095332,273.51,99.73014658501097
15,72,136.755,8.650625295079314,273.51,120.61585211215325
15,73,136.755,4.4213570821720145,273.51,273.5099959310952
15,74,136.755,6.11839747863309,273.51,273.50999796550366
15,75,136.755,9.185877874035823,273.51,273.50998668373273
15,76,136.755,8.806692934702653,273.51,87.71636192314645
15,77,136.755,8.064426854069652,273.51,184.98570482394675
15,78,136.755,8.053879735285586,273.51,8.053891505898255
15,79,136.755,5.963492220718819,273.51,5.963495742735025
15,80,136.755,3.380864780510362,273.51,118.66579135654389
15,81,136.755,5.155319218676799,273.51,5.155325843374804
15,82,136.755,9.609081536904597,273.51,186.91066834446295
15,83,136.755,9.818343323152783,273.51,9.818351047698691
15,84,136.755,8.780762815568426,273.51,8.780765711164419
15,85,136.755,10.260505406628612,273.51,122.57863580798237
15,86,136.755,9.975417099862746,273.51,161.70836472036854
15,87,136.755,10.307369155344363,273.51,218.1948340295761
15,88,136.755,3.290019382743364,273.51,273.5099915160269
15,89,136.755,6.0697926271804175,273.51,103.49318017220128
15,90,136.755,7.555654123496134,273.51,164.54996584156885
15,91,136.755,6.366626109693452,273.51,273.5099908004174
15,92,136.755,7.225877493667099,273.51,273.50999872344477
15,93,136.755,7.237043112747769,273.51,127.1667631035177
15,94,136.755,8.60040081893013,273.51,142.21844213124004
15,95,136.755,9.895364052509896,273.51,9.895367875046896
15,96,136.755,7.357748394017356,273.51,198.84813167518598
15,97,136.755,4.657082361306593,273.51,273.5099937563368
15,98,136.755,6.723129409179073,273.51,273.5099975921979
15,99,136.755,7.2913645890130985,273.51,273.50999498021014
16,0,144.75,28.43104510927093,289.5,289.49999977996947
16,1,144.75,33.88936818700875,289.5,167.8910379161093
16,2,144.75,10.859545964701766,289.5,115.13252693551944
16,3,144.75,26.33048825605869,289.5,105.16933803059108
16,4,144.75,36.79292481318884,289.5,74.14772739851914
16,5,144.75,33.09696542314182,289.5,289.49999441163453
16,6,144.75,22.512532801217453,289.5,108.0284548542411
16,7,144.75,29.424296717954732,289.5,186.91067591446367
16,8,144.75,23.5644841218001,289.5,68.19366246985624
16,9,144.75,20.104027712829094,289.5,20.104035412025574
16,10,144.75,29.495862636096504,289.5,289.49999656203545
16,11,144.75,10.495287990586045,289.5,73.78129410014594
16,12,144.75,19.459824252962896,289.5,78.58895910800811
16,13,144.75,27.134604746609764,289.5,84.23315804572854
16,14,144.75,31.725384448599158,289.5,31.725395523481755
16,15,144.75,28.019013391240115,289.5,289.49999973293774
16,16,144.75,31.615165040675603,289.5,31.61517383446145
16,17,144.75,22.462979526183865,289.5,289.50001568733666
16,18,144.75,31.485556075124034,289.5,31.485564756562905
16,19,144.75,27.571294862149248,289.5,27.57130097359432
16,20,144.75,20.261804232855706,289.5,289.4999970283839
16,21,144.75,28.895567281680755,289.5,28.895569137486948
16,22,144.75,41.34393836288891,289.5,41.34394224837042
16,23,144.75,22.95169802661858,289.5,41.31893361945879
16,24,144.75,33.28653703208672,289.5,289.4999871079517
16,25,144.75,26.724540819158797,289.5,186.0288535627941
16,26,144.75,34.56790477682346,289.5,109.78451308643862
16,27,144.75,24.54332860557315,289.5,282.49158366261685
16,28,144.75,10.619087507924029,289.5,186.02884544544312
16,29,144.75,28.107016531071267,289.5,182.3268672509317
16,30,144.75,20.43832650027788,289.5,289.499990867575
16,31,144.75,33.344798044678704,289.5,33.344804207671686
16,32,144.75,31.316242447924644,289.5,85.75881415632357
16,33,144.75,13.45686024179768,289.5,289.49999218270983
16,34,144.75,23.494229588940822,289.5,289.4999992867788
16,35,144.75,35.53898041127881,289.5,289.4999959737314
16,36,144.75,37.531983894307935,289.5,37.53198949216224
16,37,144.75,17.429320933892498,289.5,17.42934058095824
16,38,144.75,14.13481015925042,289.5,183.19113350225686
16,39,144.75,36.6265542490298,289.5,94.2569805621897
16,40,144.75,35.40653697462692,289.5,289.499998249398
16,41,144.75,10.67557212473649,289.5,10.675586143704557
16,42,144.75,30.150601922455987,289.5,105.7335576358767
16,43,144.75,17.3882986380353,289.5,88.54512770604254
16,44,144.75,26.544559290212327,289.5,84.78836499035613
16,45,144.75,16.810001190384746,289.5,61.84107610397448
16,46,144.75,30.74096885053887,289.5,30.740972124093968
16,47,144.75,23.637761247042846,289.5,90.39245778832313
16,48,144.75,19.8703755633169,289.5,289.49999863241345
16,49,144.75,14.71181991866274,289.5,14.711826888904886
16,50,144.75,11.023763518905993,289.5,156.8478419577381
16,51,144.75,26.959383236596217,289.5,165.32999888135487
16,52,144.75,32.82395345141669,289.5,32.82397071614392
16,53,144.75,31.745570693193635,289.5,72.33406815366625
16,54,144.75,25.617186206013347,289.5,73.20101888663554
16,55,144.75,17.39592134245431,289.5,118.83613648827209
16,56,144.75,19.329760476172368,289.5,19.329763527788398
16,57,144.75,29.07723435521462,289.5,63.99512997332617
16,58,144.75,26.197280915953723,289.5,90.09111842452327
16,59,144.75,37.48001798901076,289.5,144.09232302143897
16,60,144.75,38.11038464126286,289.5,106.79642948520221
16,61,144.75,41.66547279533168,289.5,289.4999985246638
16,62,144.75,30.988932679396818,289.5,289.49998653207996
16,63,144.75,28.260200052943976,289.5,28.26020964857588
16,64,144.75,25.570784925913223,289.5,105.71845418983973
16,65,144.75,33.327077997424496,289.5,33.32708941607543
16,66,144.75,33.02660904322761,289.5,164.5499967210467
16,67,144.75,28.352834674138272,289.5,289.49999820370834
16,68,144.75,27.645033299208375,289.5,27.64503808957683
16,69,144.75,25.93091120099563,289.5,186.02884710574523
16,70,144.75,11.665581548202692,289.5,127.92298278176844
16,71,144.75,24.784591554702303,289.5,289.49999354781266
16,72,144.75,21.16169451571897,289.5,21.161699219593377
16,73,144.75,18.109966693924132,289.5,18.109972008483492
16,74,144.75,16.00361147114557,289.5,172.45157976632163
16,75,144.75,17.254614398185414,289.5,17.254623875420478
16,76,144.75,28.6764051251894,289.5,289.4999953658305
16,77,144.75,41.374372928765084,289.5,184.9857134974349
16,78,144.75,18.68772091975247,289.5,289.49999938561496
16,79,144.75,38.47758589234259,289.5,38.47759078477193
16,80,144.75,11.702584313416232,289.5,289.4999978556446
16,81,144.75,31.21259895486684,289.5,289.49999556491025
16,82,144.75,11.477584764227597,289.5,289.499996246928
16,83,144.75,13.839539603993927,289.5,113.33972771928084
16,84,144.75,17.02563779262996,289.5,108.30673626455784
16,85,144.75,21.477612681270568,289.5,125.06750851209301
16,86,144.75,14.621336160954787,289.5,289.4999985778158
16,87,144.75,41.356252430340064,289.5,213.85274866566854
16,88,144.75,40.040478736282196,289.5,289.4999959140377
16,89,144.75,30.23433193526109,289.5,30.23434366926907
16,90,144.75,29.799939869064367,289.5,186.02880623649386
16,91,144.75,14.163424361525163,289.5,96.65069278134446
16,92,144.75,21.175010755024495,289.5,92.64416307102209
16,93,144.75,13.550314422975616,289.5,127.16676858159146
16,94,144.75,28.641480682254628,289.5,88.15586037122628
16,95,144.75,17.80018263058204,289.5,289.4999945246473
16,96,144.75,36.141291463233344,289.5,194.89104556007504
16,97,144.75,11.94845888023723,289.5,120.1652632859586
16,98,144.75,15.673810356599976,289.5,15.673818338127155
16,99,144.75,29.70900148826844,289.5,186.91066994534077
17,0,152.16,61.84673399771863,304.32,61.8467346048892
17,1,152.16,43.62680152596046,304.32,304.31999807935637
17,2,152.16,82.90359260129716,304.32,82.9035949025501
17,3,152.16,28.714763152802092,304.32,116.53111786776098
17,4,152.16,51.72691175920256,304.32,72.6721878631836
17,5,152.16,38.23088408100765,304.32,304.31999812930025
17,6,152.16,32.37183621847918,304.32,122.12951956249955
17,7,152.16,35.15798457142337,304.32,183.1911341685153
17,8,152.16,75.56083556610562,304.32,75.56083650923586
17,9,152.16,82.72277809261877,304.32,82.72277908869667
17,10,152.16,81.97570077385271,304.32,100.6414815892646
17,11,152.16,35.26965733050549,304.32,73.78130464375883
17,12,152.16,85.34629445201672,304.32,85.34629795571401
17,13,152.16,54.29533778596745,304.32,85.94344524637816
17,14,152.16,87.26118071823716,304.32,87.26118465068258
17,15,152.16,81.24272397456949,304.32,201.53156753777202
17,16,152.16,59.33918236206194,304.32,59.339183042239554
17,17,152.16,82.87741444031244,304.32,82.87741670897583
17,18,152.16,69.76386808241283,304.32,304.3199993137513
17,19,152.16,61.11939638530429,304.32,71.36471705329961
17,20,152.16,63.58211388408481,304.32,143.05820234185887
17,21,152.16,38.80495465139942,304.32,72.07283149423469
17,22,152.16,84.41625458151722,304.32,84.41626040911032
17,23,152.16,32.69036715952934,304.32,268.0671466774769
17,24,152.16,30.278948734332545,304.32,85.7652843281793
17,25,152.16,87.57285577034939,304.32,87.57285585835288
17,26,152.16,75.15784312094273,304.32,304.3199976173498
17,27,152.16,53.327945923353695,304.32,280.56320802937717
17,28,152.16,24.00200068320098,304.32,186.02884616340017
17,29,152.16,26.791988470920806,304.32,182.32686780761028
17,30,152.16,32.654746530390256,304.32,304.3199982622047
17,31,152.16,63.03403745666084,304.32,105.58877965113713
17,32,152.16,84.78077985631526,304.32,87.50007335620845
17,33,152.16,27.33538751458357,304.32,304.31999585926593
17,34,152.16,28.614777643101498,304.32,183.19113180891247
17,35,152.16,78.67791525232785,304.32,87.75037810838802
17,36,152.16,59.10246334638207,304.32,147.23436360639494
17,37,152.16,33.57669805682859,304.32,73.63996239970785
17,38,152.16,58.959306857514065,304.32,183.1911306943077
17,39,152.16,74.63452165925935,304.32,74.63452139333732
17,40,152.16,30.451800660030546,304.32,304.3199990381109
17,41,152.16,41.9111292680408,304.32,54.137401039926324
17,42,152.16,71.22370597373464,304.32,105.73355251994631
17,43,152.16,47.02273400409182,304.32,88.54513731318418
17,44,152.16,80.77295073670821,304.32,92.07875370176063
17,45,152.16,49.303102365879695,304.32,49.303103684741046
17,46,152.16,41.94936067513641,304.32,96.45370082074972
17,47,152.16,77.60184511963726,304.32,304.31999750882534
17,48,152.16,50.88060534615892,304.32,124.4819423322818
17,49,152.16,65.44514786853497,304.32,164.46206837001094
17,50,152.16,57.463817434281495,304.32,158.3114542486366
17,51,152.16,45.09238934390614,304.32,304.3199975439065
17,52,152.16,37.659916517919925,304.32,86.69393032012749
17,53,152.16,72.33405698028987,304.32,72.33405792520736
17,54,152.16,62.09781365462037,304.32,67.40529386811427
17,55,152.16,87.56386719000888,304.32,116.47128730695786
17,56,152.16,57.27945295474667,304.32,164.5499947593008
17,57,152.16,23.99505672065415,304.32,63.99512812954323
17,58,152.16,23.57092669881637,304.32,97.83745607370851
17,59,152.16,32.1392793275225,304.32,304.31999995702205
17,60,152.16,56.80476274620722,304.32,94.46573628155826
17,61,152.16,33.3061542437751,304.32,304.31999948836153
17,62,152.16,65.41564357259973,304.32,97.73980038530871
17,63,152.16,83.15085415715498,304.32,168.68686657004187
17,64,152.16,89.67782041012826,304.32,119.51797884135011
17,65,152.16,27.23919375224263,304.32,304.31998869075596
17,66,152.16,89.93879967993153,304.32,182.32686737853697
17,67,152.16,66.29935483633695,304.32,304.31999367658847
17,68,152.16,80.71966793136802,304.32,80.71966799752363
17,69,152.16,72.05369316828363,304.32,88.41119907462223
17,70,152.16,59.69840010194688,304.32,115.45049319408784
17,71,152.16,89.07604574290464,304.32,101.75507664865249
17,72,152.16,27.89035218875593,304.32,118.74375346060133
17,73,152.16,79.36468683550655,304.32,304.31999324286164
17,74,152.16,29.123723041891694,304.32,29.12373381027494
17,75,152.16,37.367976471027696,304.32,37.36797978279034
17,76,152.16,66.0256275518221,304.32,66.02563291753253
17,77,152.16,50.01447361857641,304.32,170.33935894319495
17,78,152.16,74.00651636847056,304.32,304.3199970643473
17,79,152.16,42.362245108241105,304.32,103.26901506325137
17,80,152.16,41.4782571661664,304.32,118.66579749325594
17,81,152.16,53.63144641414867,304.32,280.56320815418593
17,82,152.16,49.205708415589605,304.32,101.14658534383638
17,83,152.16,59.5128515127697,304.32,247.52542889997798
17,84,152.16,36.96929261115672,304.32,108.30673833148059
17,85,152.16,66.98100371295541,304.32,138.57893591597795
17,86,152.16,82.28504247798135,304.32,82.28504327803722
17,87,152.16,89.48740285313046,304.32,196.92083281680183
17,88,152.16,53.01121598929135,304.32,190.6038738205189
17,89,152.16,58.19763844796041,304.32,101.43365837679721
17,90,152.16,60.241480452544536,304.32,186.02881103126774
17,91,152.16,85.61351386483543,304.32,109.26659021940395
17,92,152.16,83.61133966476578,304.32,83.61134817397374
17,93,152.16,23.386054655968483,304.32,127.16676977783588
17,94,152.16,89.94578239712683,304.32,89.94578312687558
17,95,152.16,58.482323831529825,304.32,183.191132432897
17,96,152.16,60.81863091541546,304.32,198.8481408482431
17,97,152.16,36.66461137855364,304.32,304.3199958962411
17,98,152.16,83.63881532886509,304.32,304.3199979083032
17,99,152.16,38.46696454677106,304.32,183.19113492870994
18,0,155.20499999999998,54.073203073070346,310.40999999999997,310.4099991381317
18,1,155.20499999999998,82.34197345120681,310.40999999999997,186.02884634949046
18,2,155.20499999999998,44.76517011437169,310.40999999999997,117.47019565532202
18,3,155.20499999999998,97.3752102284757,310.40999999999997,310.4099983293963
18,4,155.20499999999998,42.727497831319035,310.40999999999997,42.727506772292465
18,5,155.20499999999998,56.58537465452192,310.40999999999997,280.5632157718416
18,6,155.20499999999998,88.6403990758545,310.40999999999997,108.02846123559107
18,7,155.20499999999998,49.614496183375806,310.40999999999997,168.68686883895683
18,8,155.20499999999998,40.266102762673384,310.40999999999997,68.19363957304759
18,9,155.20499999999998,60.0700193775526,310.40999999999997,310.40999515904844
18,10,155.20499999999998,99.47449383332031,310.40999999999997,99.47449698743648
18,11,155.20499999999998,85.01582306419077,310.40999999999997,310.40999586476875
18,12,155.20499999999998,76.31254352904163,310.40999999999997,76.31254979171858
18,13,155.20499999999998,76.02159216373873,310.40999999999997,95.22818580246748
18,14,155.20499999999998,82.89050765715106,310.40999999999997,82.89051154786401
18,15,155.20499999999998,88.61232394207168,310.40999999999997,310.40999779606403
18,16,155.20499999999998,79.19947398433548,310.40999999999997,310.4099964415485
18,17,155.20499999999998,73.9033515067618,310.40999999999997,73.90335488295231
18,18,155.20499999999998,91.60191905441665,310.40999999999997,310.409999431353
18,19,155.20499999999998,83.5584374319198,310.40999999999997,113.48249082434643
18,20,155.20499999999998,78.63472668362148,310.40999999999997,87.60163581532099
18,21,155.20499999999998,35.526111035502254,310.40999999999997,35.526122753384385
18,22,155.20499999999998,96.54922521279579,310.40999999999997,96.5492285280986
18,23,155.20499999999998,66.80772642116118,310.40999999999997,273.5100045641703
18,24,155.20499999999998,38.830327733971565,310.40999999999997,38.83033192936829
18,25,155.20499999999998,92.49960909601621,310.40999999999997,97.62094249987445
18,26,155.20499999999998,67.62669353757333,310.40999999999997,99.0805282655138
18,27,155.20499999999998,65.89399746301403,310.40999999999997,254.9486592890179
18,28,155.20499999999998,47.15349148785893,310.40999999999997,310.40999964130384
18,29,155.20499999999998,40.309467170297964,310.40999999999997,182.32686547743157
18,30,155.20499999999998,46.70461690258919,310.40999999999997,170.98751321579314
18,31,155.20499999999998,56.36158698259512,310.40999999999997,116.9958908995182
18,32,155.20499999999998,56.229842422522694,310.40999999999997,310.4099956556493
18,33,155.20499999999998,100.77333826487404,310.40999999999997,310.4099985495226
18,34,155.20499999999998,98.18676108349062,310.40999999999997,186.9106610748488
18,35,155.20499999999998,69.80767580646933,310.40999999999997,69.80768214316943
18,36,155.20499999999998,29.112450542278477,310.40999999999997,163.14056737243658
18,37,155.20499999999998,102.8417947228717,310.40999999999997,102.84180335340159
18,38,155.20499999999998,71.63004718869539,310.40999999999997,165.33000773140424
18,39,155.20499999999998,65.17965053339874,310.40999999999997,96.17078708316325
18,40,155.20499999999998,93.35397423514362,310.40999999999997,279.0633624440212
18,41,155.20499999999998,31.010089018219738,310.40999999999997,48.85900146884839
18,42,155.20499999999998,81.71155362483694,310.40999999999997,117.1562817236258
18,43,155.20499999999998,91.61266969549231,310.40999999999997,98.11095090454386
18,44,155.20499999999998,38.92019295581392,310.40999999999997,92.07875320632131
18,45,155.20499999999998,65.75512504409176,310.40999999999997,68.52196631757346
18,46,155.20499999999998,96.4537050676957,310.40999999999997,96.45370565955159
18,47,155.20499999999998,27.902700056398867,310.40999999999997,310.40999150020053
18,48,155.20499999999998,33.93303781320072,310.40999999999997,135.18531062865677
18,49,155.20499999999998,93.50017253533659,310.40999999999997,182.22944058829663
18,50,155.20499999999998,86.59255504131973,310.40999999999997,140.0328463461993
18,51,155.20499999999998,100.24921857563481,310.40999999999997,186.0288483211259
18,52,155.20499999999998,35.60890969993883,310.40999999999997,79.829888480848
18,53,155.20499999999998,53.47813622979161,310.40999999999997,53.478139823948865
18,54,155.20499999999998,52.40483932761776,310.40999999999997,66.06391412878095
18,55,155.20499999999998,40.669942969564524,310.40999999999997,310.40999919483454
18,56,155.20499999999998,73.03289915394042,310.40999999999997,178.69855553369348
18,57,155.20499999999998,33.72120632431726,310.40999999999997,72.34846870770528
18,58,155.20499999999998,62.56119452436269,310.40999999999997,99.82395304567945
18,59,155.20499999999998,46.347826238004934,310.40999999999997,144.09233339330615
18,60,155.20499999999998,79.00820340488794,310.40999999999997,92.58586509358715
18,61,155.20499999999998,67.55841563129994,310.40999999999997,67.55842075040647
18,62,155.20499999999998,47.69504690362379,310.40999999999997,99.72432643215632
18,63,155.20499999999998,52.075223803929845,310.40999999999997,183.19113118128118
18,64,155.20499999999998,66.05101957114529,310.40999999999997,107.86497271653903
18,65,155.20499999999998,93.94600237464269,310.40999999999997,310.4099987941885
18,66,155.20499999999998,78.68018146583262,310.40999999999997,186.0288409081752
18,67,155.20499999999998,91.01836767657025,310.40999999999997,279.06336191794543
18,68,155.20499999999998,32.096415423799925,310.40999999999997,32.09642232696453
18,69,155.20499999999998,36.67676229592542,310.40999999999997,36.676766353412845
18,70,155.20499999999998,64.96466291683238,310.40999999999997,310.40999432782013
18,71,155.20499999999998,70.33042375226046,310.40999999999997,99.73015035613125
18,72,155.20499999999998,49.711232747394384,310.40999999999997,107.16623375729795
18,73,155.20499999999998,87.75215497500895,310.40999999999997,87.75216786289334
18,74,155.20499999999998,31.858993551965995,310.40999999999997,31.85899502164668
18,75,155.20499999999998,68.93792021109884,310.40999999999997,92.11091313039819
18,76,155.20499999999998,93.88366294865013,310.40999999999997,99.16605357742961
18,77,155.20499999999998,79.78350474390375,310.40999999999997,182.32686881202991
18,78,155.20499999999998,53.23916084744403,310.40999999999997,102.68840488142077
18,79,155.20499999999998,101.21395539854271,310.40999999999997,101.21395625408532
18,80,155.20499999999998,28.123741435759968,310.40999999999997,97.87651394335364
18,81,155.20499999999998,53.725280362355875,310.40999999999997,310.4099963462156
18,82,155.20499999999998,70.05830884670526,310.40999999999997,103.20027647307263
18,83,155.20499999999998,78.76655284361995,310.40999999999997,111.08426117826879
18,84,155.20499999999998,27.96397050180023,310.40999999999997,27.96397188499763
18,85,155.20499999999998,72.42852917039679,310.40999999999997,135.82120897913737
18,86,155.20499999999998,95.12792544748751,310.40999999999997,104.55816847469659
18,87,155.20499999999998,53.582955148135774,310.40999999999997,213.8527486901255
18,88,155.20499999999998,78.90728359519659,310.40999999999997,188.16740836314347
18,89,155.20499999999998,43.60348795747075,310.40999999999997,91.54388150889021
18,90,155.20499999999998,34.605741059595154,310.40999999999997,186.02882636092556
18,91,155.20499999999998,73.35379053605932,310.40999999999997,111.48514631307722
18,92,155.20499999999998,42.207129115355045,310.40999999999997,85.30900876566191
18,93,155.20499999999998,45.55565203807764,310.40999999999997,140.90501583790672
18,94,155.20499999999998,93.92160565599023,310.40999999999997,97.67962389230182
18,95,155.20499999999998,91.54407248614542,310.40999999999997,310.40999431999404
18,96,155.20499999999998,97.6906299368075,310.40999999999997,194.89105860275737
18,97,155.20499999999998,98.31176391151415,310.40999999999997,120.16524824181096
18,98,155.20499999999998,31.781625891110437,310.40999999999997,310.40999396782973
18,99,155.20499999999998,84.81446296687893,310.40999999999997,183.1911329527957
19,0,141.435,75.78577713491293,282.87,97.77038108022816
19,1,141.435,74.47705895525988,282.87,186.02884486632655
19,2,141.435,29.429554339152794,282.87,117.47019032433752
19,3,141.435,36.53173575131575,282.87,105.1693357176972
19,4,141.435,27.644089015751707,282.87,78.92078201729707
19,5,141.435,99.32472711247513,282.87,248.16945164994428
19,6,141.435,75.0283798575102,282.87,110.22188317229558
19,7,141.435,52.04806725947912,282.87,183.19113123472653
19,8,141.435,52.78715389132234,282.87,75.56082435952143
19,9,141.435,98.13244231236015,282.87,98.13244328270773
19,10,141.435,31.08018490908145,282.87,111.51410536495523
19,11,141.435,57.59601687686905,282.87,83.41203767493155
19,12,141.435,31.28878586803024,282.87,82.87415983895289
19,13,141.435,73.74044675084748,282.87,93.33314234211952
19,14,141.435,39.92733711476434,282.87,78.75321858286287
19,15,141.435,70.7517957670638,282.87,178.26277983960793
19,16,141.435,40.63505830031834,282.87,53.55361329333467
19,17,141.435,34.042993492302045,282.87,81.88736977260653
19,18,141.435,98.10672355311499,282.87,183.1911338385029
19,19,141.435,32.85301559009757,282.87,64.40665734115
19,20,141.435,39.95334959206216,282.87,87.60163258819931
19,21,141.435,76.2924233308252,282.87,81.48055519565234
19,22,141.435,85.46988863944429,282.87,96.54922726817163
19,23,141.435,44.3356582180906,282.87,268.06714964014157
19,24,141.435,95.03078398524464,282.87,95.03078478287641
19,25,141.435,46.695251468625635,282.87,106.01471135338609
19,26,141.435,52.2630111271352,282.87,109.78451353840195
19,27,141.435,35.72354090752859,282.87,280.5632087194475
19,28,141.435,28.65830155283536,282.87,167.89103685102987
19,29,141.435,34.50080325950935,282.87,182.3268682109545
19,30,141.435,79.37101874935323,282.87,154.3162338484112
19,31,141.435,82.12156088931451,282.87,116.99587700495383
19,32,141.435,25.530367897327828,282.87,95.02362226877446
19,33,141.435,48.920299448658426,282.87,280.5632085049519
19,34,141.435,64.09028041225822,282.87,183.19113548284557
19,35,141.435,70.9111624427044,282.87,94.61730177743806
19,36,141.435,50.84139415599837,282.87,150.22381928006314
19,37,141.435,58.938877872600415,282.87,81.5955252068245
19,38,141.435,93.16513437719487,282.87,186.9106575875947
19,39,141.435,44.61049408023364,282.87,86.79413562060817
19,40,141.435,43.87854172876177,282.87,279.06336216830016
19,41,141.435,51.47906318368183,282.87,51.47906610619967
19,42,141.435,96.62659216334278,282.87,114.82487157844035
19,43,141.435,90.37545198784305,282.87,98.11095107092474
19,44,141.435,86.33203395676682,282.87,93.94832812594588
19,45,141.435,69.91324427858153,282.87,69.91324405806105
19,46,141.435,45.33582841677981,282.87,87.04946835314125
19,47,141.435,64.90401632482681,282.87,100.15786050466313
19,48,141.435,98.97830752201826,282.87,135.1853150087512
19,49,141.435,56.328768707979876,282.87,178.60306353583172
19,50,141.435,68.375910957093,282.87,282.8699981005362
19,51,141.435,92.60280776094683,282.87,182.32686949261094
19,52,141.435,79.82988454798979,282.87,79.82988864584733
19,53,141.435,39.97766259992659,282.87,78.5535812193714
19,54,141.435,73.20102057542663,282.87,73.20102116886879
19,55,141.435,77.57143452851537,282.87,116.47128854691911
19,56,141.435,98.26026831142201,282.87,282.86999902776137
19,57,141.435,40.086544107002595,282.87,70.90873031778808
19,58,141.435,38.70851456412908,282.87,99.82395820331944
19,59,141.435,78.76888296008867,282.87,132.68373931730747
19,60,141.435,86.00943681833326,282.87,104.67117701235544
19,61,141.435,58.16557400231956,282.87,120.33036851278298
19,62,141.435,64.87143887267872,282.87,108.29895253613235
19,63,141.435,39.22866146338302,282.87,186.91065607755704
19,64,141.435,30.29818982298832,282.87,119.51797194118585
19,65,141.435,75.47991295720982,282.87,251.50496815486397
19,66,141.435,36.27803031861136,282.87,182.32686581275323
19,67,141.435,41.60408154842309,282.87,273.50998545814156
19,68,141.435,36.57806313619973,282.87,282.86999762058736
19,69,141.435,94.32555265433919,282.87,94.3255565436915
19,70,141.435,87.77776809110108,282.87,118.69735360352516
19,71,141.435,69.58366921770664,282.87,110.50432348840233
19,72,141.435,57.54107461109108,282.87,107.16624136994379
19,73,141.435,83.39327986280965,282.87,114.7587387190941
19,74,141.435,66.51596098001183,282.87,67.33204861813465
19,75,141.435,51.72276843928097,282.87,92.11091038606124
19,76,141.435,62.54976792786841,282.87,89.49737065051976
19,77,141.435,28.779599384028163,282.87,181.3044922424006
19,78,141.435,41.80388516856482,282.87,282.86999587405495
19,79,141.435,39.62588029867275,282.87,282.8699959267212
19,80,141.435,42.15923469964934,282.87,97.8765113233551
19,81,141.435,46.597037974663294,282.87,282.8699962241673
19,82,141.435,83.86259663360809,282.87,101.14658884695491
19,83,141.435,50.06214750935685,282.87,125.58419827341216
19,84,141.435,83.9797796265851,282.87,108.30673921365295
19,85,141.435,47.03934786976693,282.87,138.5789343927347
19,86,141.435,79.01920859851099,282.87,94.36375085167154
19,87,141.435,98.27765586887672,282.87,282.8699996023883
19,88,141.435,38.38724307385364,282.87,190.60387929084308
19,89,141.435,81.37463316073682,282.87,101.4336577110077
19,90,141.435,75.78037573712217,282.87,182.32685241116434
19,91,141.435,93.15774214896844,282.87,109.26659045883007
19,92,141.435,68.52656368300526,282.87,94.52521434175759
19,93,141.435,76.64365190007902,282.87,140.9050075485933
19,94,141.435,30.153571048295845,282.87,89.94579326913062
19,95,141.435,79.13156394109053,282.87,168.68687183904365
19,96,141.435,66.04868107388052,282.87,198.84813528446617
19,97,141.435,41.26023823271259,282.87,130.49746088391143
19,98,141.435,80.78101157904797,282.87,182.3268732615196
19,99,141.435,50.87966760985464,282.87,186.91065638183855
20,0,137.49,112.93999526502637,274.98,112.93999399407556
20,1,137.49,77.21444823598605,274.98,186.02884458920988
20,2,137.49,87.4557748820095,274.98,117.47018859893518
20,3,137.49,49.58916035746633,274.98,116.53111858519394
20,4,137.49,80.5231958582973,274.98,80.52319851132597
20,5,137.49,50.52792151869243,274.98,274.9799994910142
20,6,137.49,119.48509389222154,274.98,122.12950747038245
20,7,137.49,42.83581228786267,274.98,183.1911351476195
20,8,137.49,54.27027200519835,274.98,75.56082284605911
20,9,137.49,81.16999625519729,274.98,82.72277896885024
20,10,137.49,102.5990398871015,274.98,110.22105388860079
20,11,137.49,83.41203815827524,274.98,83.41203899912269
20,12,137.49,75.36463869026109,274.98,84.55684270866115
20,13,137.49,80.34937293059741,274.98,95.22818422883603
20,14,137.49,83.95155219333932,274.98,85.5246859762833
20,15,137.49,105.08381696727605,274.98,197.52108518868795
20,16,137.49,53.41330178755177,274.98,59.33918358083072
20,17,137.49,75.22678510004928,274.98,81.88737379998184
20,18,137.49,71.61905253121702,274.98,183.19113547286315
20,19,137.49,54.89395035469224,274.98,71.36471335789295
20,20,137.49,92.28223385647506,274.98,97.06552068051666
20,21,137.49,114.10140451712732,274.98,114.10140511897171
20,22,137.49,64.95213107078297,274.98,96.54922648045238
20,23,137.49,64.69821115485972,274.98,268.0671505899338
20,24,137.49,97.88043229963054,274.98,97.88043311292324
20,25,137.49,61.8649384585705,274.98,108.1672385226728
20,26,137.49,116.51376026507124,274.98,116.51376019847837
20,27,137.49,94.73824889014598,274.98,274.9800001248418
20,28,137.49,48.51651228484466,274.98,186.02884380165932
20,29,137.49,88.6382713894938,274.98,182.32686962611942
20,30,137.49,45.62495448162655,274.98,167.5848620299804
20,31,137.49,67.99020503619525,274.98,114.66765955166187
20,32,137.49,35.58152715656446,274.98,95.02362016211686
20,33,137.49,67.71541835095191,274.98,277.7718886275926
20,34,137.49,42.13996514192856,274.98,183.19113716259054
20,35,137.49,105.27583841915134,274.98,105.27583863545995
20,36,137.49,92.1459721753298,274.98,166.45298232363484
20,37,137.49,58.42479665552401,274.98,81.59552480722677
20,38,137.49,35.293991278887596,274.98,186.91065800337998
20,39,137.49,78.0709224578029,274.98,96.17078716588985
20,40,137.49,100.08060001878758,274.98,273.5100004363085
20,41,137.49,40.575187760360514,274.98,54.13739602965562
20,42,137.49,57.02589695042472,274.98,117.15628065873562
20,43,137.49,95.2155331442791,274.98,98.1109528521697
20,44,137.49,41.3422511306781,274.98,93.9483255292687
20,45,137.49,99.00788892170311,274.98,99.00788939868416
20,46,137.49,77.37172356983885,274.98,96.45370125400115
20,47,137.49,64.93448296110081,274.98,102.19147155939878
20,48,137.49,106.54087735948795,274.98,135.1853139235497
20,49,137.49,55.368356617138986,274.98,182.22943782643338
20,50,137.49,62.6431860632906,274.98,155.16105578313804
20,51,137.49,54.66756383216611,274.98,186.02884533888505
20,52,137.49,89.93197637412098,274.98,89.93197669120096
20,53,137.49,32.652213758584196,274.98,80.14853823854432
20,54,137.49,73.96541074938378,274.98,73.9654114726699
20,55,137.49,88.43054646256287,274.98,118.83612964816234
20,56,137.49,96.09609975800831,274.98,182.32686485824806
20,57,137.49,90.1049803025427,274.98,90.10498061621719
20,58,137.49,65.76486606348402,274.98,99.82395683503745
20,59,137.49,55.01293961164236,274.98,144.0923348147206
20,60,137.49,116.72885100152008,274.98,116.72885081981717
20,61,137.49,93.52774823856385,274.98,120.33036874846937
20,62,137.49,92.24673843534117,274.98,110.49785242746492
20,63,137.49,76.14721693371735,274.98,186.9106575448201
20,64,137.49,76.90277330622891,274.98,117.13956530887599
20,65,137.49,89.0883351085232,274.98,251.50496825823603
20,66,137.49,38.689813806486235,274.98,186.02884345092775
20,67,137.49,86.03905456958735,274.98,273.5100010516487
20,68,137.49,37.167979643255414,274.98,80.71966002523195
20,69,137.49,49.92996662037793,274.98,97.96255350327617
20,70,137.49,52.64282138644348,274.98,130.5203448324641
20,71,137.49,83.3973112192365,274.98,112.74800990376626
20,72,137.49,50.41638047430248,274.98,118.74375446626146
20,73,137.49,117.08880547651309,274.98,115.92413428777601
20,74,137.49,91.30017124981829,274.98,116.757360056512
20,75,137.49,83.58726758956082,274.98,92.11091117898371
20,76,137.49,38.434237465903166,274.98,99.16605149083995
20,77,137.49,60.708528146836045,274.98,186.02884363242646
20,78,137.49,84.72082406139431,274.98,102.68840974195048
20,79,137.49,100.4875899719936,274.98,103.269015506132
20,80,137.49,108.45042903643734,274.98,108.45042942682738
20,81,137.49,38.70560818748183,274.98,274.9800000330218
20,82,137.49,34.731045679592015,274.98,112.07377957490235
20,83,137.49,44.68445808321349,274.98,123.08506901742491
20,84,137.49,84.0937984997343,274.98,108.30673950439471
20,85,137.49,75.4359963739411,274.98,138.57893352083713
20,86,137.49,104.55817297342998,274.98,104.55817318603269
20,87,137.49,94.294837982948,274.98,213.85275173263793
20,88,137.49,54.322712206576654,274.98,194.47390855441003
20,89,137.49,62.54047219567513,274.98,101.43365987594947
20,90,137.49,107.74725193813745,274.98,186.0288063966033
20,91,137.49,116.28200805244096,274.98,116.28200942236293
20,92,137.49,44.65910154878212,274.98,94.52521189838399
20,93,137.49,55.58025909353604,274.98,140.9049984989397
20,94,137.49,54.14891556222888,274.98,99.06800222783357
20,95,137.49,77.92813303553706,274.98,183.1911364625065
20,96,137.49,99.59847211789734,274.98,198.8481354136506
20,97,137.49,102.59841058169071,274.98,130.4974617694267
20,98,137.49,44.491473594141645,274.98,186.02884667435276
20,99,137.49,42.40343296980257,274.98,186.9106564191095
21,0,131.805,42.86749285226804,263.61,98.73400082345157
21,1,131.805,42.68989630692459,263.61,186.02884373154612
21,2,131.805,83.48191356423797,263.61,117.4701873680246
21,3,131.805,93.4790105119263,263.61,116.53111787049484
21,4,131.805,128.2293792721291,263.61,126.95350511483332
21,5,131.805,49.846934113897625,263.61,266.2770919423982
21,6,131.805,37.16664322511534,263.61,122.12949755037236
21,7,131.805,85.79183383620787,263.61,182.3268694463401
21,8,131.805,42.039405858608646,263.61,75.56082226725842
21,9,131.805,50.50236282965045,263.61,81.86993083014796
21,10,131.805,38.712796218678065,263.61,110.22107866926024
21,11,131.805,35.38609227542152,263.61,83.41203799451455
21,12,131.805,48.51361271334021,263.61,84.55684197504726
21,13,131.805,131.4047532430483,263.61,130.09728495635633
21,14,131.805,116.16030056383481,263.61,115.00450953948216
21,15,131.805,58.0764638819785,263.61,193.59041501464412
21,16,131.805,33.79267306397249,263.61,59.33917602924373
21,17,131.805,52.35571609260932,263.61,81.88737165099126
21,18,131.805,38.58644393058393,263.61,184.72372076372457
21,19,131.805,70.12864104925258,263.61,70.12863656668176
21,20,131.805,51.646717968899644,263.61,97.06551967431972
21,21,131.805,81.48055682966522,263.61,81.48055687774783
21,22,131.805,54.53924931578084,263.61,96.54921991995883
21,23,131.805,87.7789865528626,263.61,265.8896849793603
21,24,131.805,55.70316053177012,263.61,95.03078322105729
21,25,131.805,50.00407763589545,263.61,97.62094189104504
21,26,131.805,109.78451386425436,263.61,109.78448980885021
21,27,131.805,84.10697239672967,263.61,266.27566525636803
21,28,131.805,98.35051372408128,263.61,184.14846950399365
21,29,131.805,36.66417628731538,263.61,118.99716133459168
21,30,131.805,52.69615559906677,263.61,167.5848596740954
21,31,131.805,66.05101267683173,263.61,115.82181983790916
21,32,131.805,47.406339085137496,263.61,87.5000672734159
21,33,131.805,124.6139952500975,263.61,263.6100423704866
21,34,131.805,86.5689695712108,263.61,183.1913177132864
21,35,131.805,96.53841241880534,263.61,96.02052198923042
21,36,131.805,93.5587178435718,263.61,163.14056689698583
21,37,131.805,54.89128139822928,263.61,81.5955245575574
21,38,131.805,103.17509986500495,263.61,185.6124138115311
21,39,131.805,103.7859034686039,263.61,102.75323187877447
21,40,131.805,80.9753560352135,263.61,263.609999959737
21,41,131.805,34.95163920450594,263.61,54.137396484503306
21,42,131.805,60.957809646931246,263.61,117.15627998306634
21,43,131.805,121.02057763488362,263.61,121.0205772395017
21,44,131.805,93.94832957953567,263.61,93.01354337874535
21,45,131.805,54.39709752103537,263.61,63.096703537956834
21,46,131.805,75.37904664374189,263.61,94.53427432338152
21,47,131.805,67.32484910257743,263.61,102.1914718224582
21,48,131.805,93.08900974285868,263.61,136.51782284643696
21,49,131.805,99.53986091689009,263.61,178.60307259468144
21,50,131.805,65.92738256175407,263.61,155.16108313213826
21,51,131.805,100.44938413617723,263.61,100.44938473657396
21,52,131.805,82.72299613364108,263.61,82.72299720079286
21,53,131.805,120.53181222382983,263.61,119.33252553388229
21,54,131.805,37.24210105908304,263.61,73.96541063003933
21,55,131.805,99.6269447409098,263.61,103.02927101816346
21,56,131.805,58.876650583297526,263.61,182.3268596986891
21,57,131.805,45.27262130234429,263.61,70.908730402121
21,58,131.805,99.82395748731649,263.61,99.82395550321422
21,59,131.805,99.20217960841255,263.61,100.03589556546308
21,60,131.805,86.4311971015494,263.61,104.6711759585067
21,61,131.805,87.89673054163092,263.61,120.33036827425761
21,62,131.805,110.49786096749611,263.61,109.39839460290526
21,63,131.805,48.16925184364832,263.61,184.82893880219044
21,64,131.805,123.92005618429634,263.61,122.68705036155679
21,65,131.805,84.13724850959674,263.61,84.1372493495729
21,66,131.805,44.29804412349301,263.61,186.02883644260538
21,67,131.805,103.03830571257345,263.61,263.6099981501426
21,68,131.805,70.37682313537194,263.61,80.7196587561692
21,69,131.805,63.05618173211439,263.61,97.96255317305858
21,70,131.805,66.87735304694459,263.61,127.92298866884234
21,71,131.805,41.9390464680957,263.61,110.50434352316265
21,72,131.805,89.41488561878222,263.61,118.74375223911586
21,73,131.805,102.37306239359862,263.61,115.89482846934776
21,74,131.805,132.85655702357326,265.7131140471465,131.53464644855575
21,75,131.805,93.98113672284867,263.61,93.0460161936859
21,76,131.805,56.463137136792184,263.61,97.19265482613872
21,77,131.805,75.95583382573543,263.61,184.9857105409322
21,78,131.805,35.35447632854856,263.61,102.68841000065045
21,79,131.805,98.27750933224429,263.61,103.2690151179554
21,80,131.805,105.95267263217113,263.61,108.45042519844179
21,81,131.805,54.95065090485127,263.61,266.2762839023523
21,82,131.805,112.07377823266594,263.61,112.07377823782912
21,83,131.805,68.87220874980675,263.61,124.30459054975927
21,84,131.805,110.50580458959901,263.61,109.40626782603853
21,85,131.805,96.64084898573694,263.61,138.5789328565239
21,86,131.805,80.19373427588822,263.61,104.55816832605755
21,87,131.805,118.92700751161182,263.61,213.85282392474306
21,88,131.805,37.73659082771999,263.61,192.50903502870355
21,89,131.805,104.46496694187728,263.61,104.46496442912967
21,90,131.805,92.56189009568784,263.61,184.15345792868644
21,91,131.805,90.15899030116421,263.61,109.26658925703472
21,92,131.805,88.3185548103482,263.61,94.52520892588669
21,93,131.805,109.1688779499333,263.61,111.51394459302833
21,94,131.805,66.53970111210039,263.61,99.66291478271843
21,95,131.805,105.06496370243896,263.61,184.91880889988903
21,96,131.805,132.0884109183139,264.1768218366278,198.84813485071928
21,97,131.805,44.51357407391503,263.61,132.8829298759028
21,98,131.805,60.058203594800155,263.61,64.15821562095584
21,99,131.805,76.95948931622955,263.61,185.0172102330684
22,0,124.47,61.80349421188189,248.94,93.04337303797239
22,1,124.47,104.17635730279626,248.94,171.23150600057747
22,2,124.47,62.30286166217192,248.94,106.74494888659495
22,3,124.47,127.70506989891108,255.41013979782215,126.4344179267342
22,4,124.47,125.8322503698421,251.6645007396842,124.58022976453289
22,5,124.47,74.44456487782074,248.94,232.59467420804944
22,6,124.47,122.12950926906062,248.94,120.91432275704312
22,7,124.47,92.75810726682725,248.94,169.9714610418875
22,8,124.47,128.53768535312688,257.07537070625375,127.25874627169861
22,9,124.47,46.16126580529908,248.94,73.69431916684451
22,10,124.47,120.69646135948219,248.94,119.49554152956506
22,11,124.47,38.07821573945982,248.94,76.97422165608714
22,12,124.47,37.32605083619399,248.94,75.92965077629289
22,13,124.47,67.46969456531353,248.94,89.21309334043224
22,14,124.47,131.62155598653464,263.2431119730693,130.31193333289383
22,15,124.47,51.47073541069222,248.94,181.04554640710086
22,16,124.47,42.48381900532688,248.94,55.6855328906048
22,17,124.47,40.57540896943501,248.94,75.79674279024522
22,18,124.47,124.37969383960731,248.94,171.42531067456414
22,19,124.47,71.3647138279119,248.94,70.68382479606882
22,20,124.47,97.06551897315023,248.94,96.42331300116615
22,21,124.47,125.90356291644439,251.80712583288877,124.65083352592585
22,22,124.47,67.55483048057395,248.94,87.64004796361674
22,23,124.47,42.06119173426961,248.94,231.72240647554992
22,24,124.47,57.78042567137546,248.94,86.27104479152018
22,25,124.47,108.16724963061485,248.94,107.11903067139741
22,26,124.47,101.19159587895173,248.94,104.18498930454511
22,27,124.47,95.22626842600734,248.94,232.94270690904662
22,28,124.47,54.488430227522954,248.94,169.62999784855444
22,29,124.47,131.8528048229376,263.7056096458752,131.2980587520796
22,30,124.47,52.15337654834577,248.94,153.2634602662951
22,31,124.47,116.99587661587186,248.94,115.83176922172962
22,32,124.47,56.17602256776676,248.94,92.0081617556898
22,33,124.47,60.04676149685568,248.94,232.682044721729
22,34,124.47,96.50259306723348,248.94,170.54616153566874
22,35,124.47,97.23033957567773,248.94,96.26289884667413
22,36,124.47,62.96611165536412,248.94,150.29019174068102
22,37,124.47,81.0207860202298,248.94,80.54652864620057
22,38,124.47,47.96654993237433,248.94,170.4819824306981
22,39,124.47,96.17078662087192,248.94,95.31855866238939
22,40,124.47,59.727418870722104,248.94,232.47777092061006
22,41,124.47,85.64591897060198,248.94,84.79373898845212
22,42,124.47,104.50103544618646,248.94,110.29182826246529
22,43,124.47,98.1109526434837,248.94,97.35153775844728
22,44,124.47,69.27715785898441,248.94,86.45524140694107
22,45,124.47,50.916821642263564,248.94,66.3383703939482
22,46,124.47,56.29020939908253,248.94,88.8187709040012
22,47,124.47,107.89692622483733,248.94,106.82333965958502
22,48,124.47,120.88094591695625,248.94,128.84624572293973
22,49,124.47,58.30773059066998,248.94,165.28635124845403
22,50,124.47,37.96763955102457,248.94,143.17150097395702
22,51,124.47,91.59449590803393,248.94,104.26421772581106
22,52,124.47,111.30796969405147,248.94,110.20046085832548
22,53,124.47,37.872589535589974,248.94,71.62779158470617
22,54,124.47,86.07993544643705,248.94,85.22343682774279
22,55,124.47,114.1598558248952,248.94,113.56493762293165
22,56,124.47,35.419578667017966,248.94,167.90676793691316
22,57,124.47,57.683550459371986,248.94,65.49298838528532
22,58,124.47,37.95261038743442,248.94,95.05864311390923
22,59,124.47,76.45991615657267,248.94,102.72101708231385
22,60,124.47,42.43571211241458,248.94,95.18004265074146
22,61,124.47,120.33036814195744,248.94,119.53078956375937
22,62,124.47,43.51226230314877,248.94,99.21218207475137
22,63,124.47,100.47309772091162,248.94,170.71651342352897
22,64,124.47,121.96995840394567,248.94,120.756360399488
22,65,124.47,65.0098972532384,248.94,88.54201786275428
22,66,124.47,103.97973382464873,248.94,170.25986940485882
22,67,124.47,87.48169670177602,248.94,232.4632820270275
22,68,124.47,108.9595704349088,248.94,107.87542695682608
22,69,124.47,111.33787981923075,248.94,110.23007621011043
22,70,124.47,74.51590423241468,248.94,118.08112010300673
22,71,124.47,112.74800200908317,248.94,111.6261630270172
22,72,124.47,118.74375430109235,248.94,117.8215396251249
22,73,124.47,33.63876296335088,248.94,105.44340006856541
22,74,124.47,74.60614435158855,248.94,74.07050520332227
22,75,124.47,83.79541166178429,248.94,87.3731398601127
22,76,124.47,36.72840984364616,248.94,89.63990339438908
22,77,124.47,81.27673248407399,248.94,169.9693265685009
22,78,124.47,80.8774567279876,248.94,95.20505551144247
22,79,124.47,42.7131015403981,248.94,93.10990768192829
22,80,124.47,76.22109469146001,248.94,100.61568590867445
22,81,124.47,50.510255272414724,248.94,232.71269488685186
22,82,124.47,107.24167362635546,248.94,108.40396518063133
22,83,124.47,86.19299804732087,248.94,114.1152330831295
22,84,124.47,103.91893740851555,248.94,105.36024488676874
22,85,124.47,52.85388394870876,248.94,125.3952098162794
22,86,124.47,44.026580480176975,248.94,95.40480558570809
22,87,124.47,86.00997841960289,248.94,198.86933867151265
22,88,124.47,76.29018005074778,248.94,177.73321182859414
22,89,124.47,92.98725114660667,248.94,96.96202417639864
22,90,124.47,53.27388615415229,248.94,169.60458867068306
22,91,124.47,77.92015415776375,248.94,101.93016368534806
22,92,124.47,72.60718680367361,248.94,87.14493789822143
22,93,124.47,123.56115522877114,248.94,122.96472694293847
22,94,124.47,45.26717392660722,248.94,89.09808084299866
22,95,124.47,62.5948968666445,248.94,170.5313529089768
22,96,124.47,77.63893161000807,248.94,182.37675198825946
22,97,124.47,96.03674461148475,248.94,121.59982262496372
22,98,124.47,71.08943486098968,248.94,70.71707613925658
22,99,124.47,35.71162962899218,248.94,170.4819264910801
23,0,118.02000000000001,93.86805159488729,236.04000000000002,94.70188064477011
23,1,118.02000000000001,98.80541529061715,236.04000000000002,169.25443936848546
23,2,118.02000000000001,83.29377783548348,236.04000000000002,103.71085556020122
23,3,118.02000000000001,62.39033653861934,236.04000000000002,107.35634303137284
23,4,118.02000000000001,63.227511505426165,236.04000000000002,74.41419440975342
23,5,118.02000000000001,36.50792547418092,236.04000000000002,228.95507772526025
23,6,118.02000000000001,41.07013216084862,236.04000000000002,111.0834654156493
23,7,118.02000000000001,39.08721665949678,236.04000000000002,167.74204070493423
23,8,118.02000000000001,98.8022540262061,236.04000000000002,97.81916994371807
23,9,118.02000000000001,42.49633035282206,236.04000000000002,69.17367512110393
23,10,118.02000000000001,78.11243984959758,236.04000000000002,102.40577870106051
23,11,118.02000000000001,72.50748738125803,236.04000000000002,76.158844609435
23,12,118.02000000000001,44.49609518036187,236.04000000000002,71.58679043480691
23,13,118.02000000000001,90.37578221214997,236.04000000000002,90.91835205893246
23,14,118.02000000000001,84.31165846334585,236.04000000000002,84.63544728552351
23,15,118.02000000000001,100.03088936324741,236.04000000000002,179.74341562866712
23,16,118.02000000000001,56.27207928651423,236.04000000000002,56.63237614007609
23,17,118.02000000000001,70.89981914946853,236.04000000000002,74.79061962867358
23,18,118.02000000000001,78.56883288644374,236.04000000000002,168.9800212870149
23,19,118.02000000000001,37.479399282612995,236.04000000000002,62.53131105101394
23,20,118.02000000000001,27.068026992994934,236.04000000000002,87.33828786308216
23,21,118.02000000000001,50.52545507736326,236.04000000000002,73.72860701337194
23,22,118.02000000000001,60.165968196186604,236.04000000000002,83.41913596650632
23,23,118.02000000000001,47.72328724006154,236.04000000000002,228.57892730384077
23,24,118.02000000000001,35.958393335837286,236.04000000000002,81.54213847241864
23,25,118.02000000000001,75.90570473456137,236.04000000000002,98.57748342084544
23,26,118.02000000000001,62.340449597453414,236.04000000000002,97.54287216934175
23,27,118.02000000000001,66.53893780591287,236.04000000000002,229.13902266659093
23,28,118.02000000000001,44.462658237061234,236.04000000000002,167.63953099868937
23,29,118.02000000000001,32.48589062373294,236.04000000000002,121.98609051673554
23,30,118.02000000000001,33.798768696328736,236.04000000000002,150.65655491418704
23,31,118.02000000000001,44.27343803936854,236.04000000000002,106.13788131625441
23,32,118.02000000000001,96.95298242456732,236.04000000000002,95.9883008468307
23,33,118.02000000000001,49.025154775121514,236.04000000000002,229.04959352632713
23,34,118.02000000000001,66.86609763695147,236.04000000000002,168.41099937634868
23,35,118.02000000000001,45.82597878088935,236.04000000000002,86.94106236908856
23,36,118.02000000000001,89.15501021756022,236.04000000000002,147.9006936448115
23,37,118.02000000000001,81.59552523223786,236.04000000000002,80.82140626223374
23,38,118.02000000000001,91.4303525481815,236.04000000000002,168.7880609398061
23,39,118.02000000000001,40.19047540399068,236.04000000000002,86.20421915761005
23,40,118.02000000000001,71.85445582199257,236.04000000000002,228.99404748060766
23,41,118.02000000000001,54.137396334408685,236.04000000000002,53.69581265933028
23,42,118.02000000000001,88.35205915307203,236.04000000000002,105.52888646627497
23,43,118.02000000000001,79.28513442161294,236.04000000000002,90.3275522624609
23,44,118.02000000000001,80.54858996923915,236.04000000000002,85.0975271407017
23,45,118.02000000000001,77.86986034938727,236.04000000000002,77.09504792566855
23,46,118.02000000000001,85.14506925044438,236.04000000000002,88.48401853386501
23,47,118.02000000000001,42.301692563848675,236.04000000000002,93.05059590546088
23,48,118.02000000000001,83.7988387385586,236.04000000000002,123.58405293814873
23,49,118.02000000000001,31.32386287882085,236.04000000000002,163.0795293272473
23,50,118.02000000000001,38.37299673037615,236.04000000000002,140.2887698196582
23,51,118.02000000000001,67.48596943070271,236.04000000000002,99.56060945724192
23,52,118.02000000000001,28.837401912482314,236.04000000000002,79.37737440383472
23,53,118.02000000000001,37.32696782691429,236.04000000000002,67.03112452591422
23,54,118.02000000000001,35.39389343403481,236.04000000000002,66.2282460829739
23,55,118.02000000000001,58.47856034541664,236.04000000000002,104.63454226034253
23,56,118.02000000000001,45.164814279663226,236.04000000000002,165.92165763167526
23,57,118.02000000000001,46.19471840569567,236.04000000000002,60.860992967744075
23,58,118.02000000000001,99.77069535887543,236.04000000000002,98.96556815419592
23,59,118.02000000000001,83.18013036041039,236.04000000000002,99.58656526626845
23,60,118.02000000000001,67.35830587877258,236.04000000000002,91.62834526244498
23,61,118.02000000000001,34.498102288440975,236.04000000000002,110.0966543875606
23,62,118.02000000000001,54.04638618052542,236.04000000000002,95.22553051354421
23,63,118.02000000000001,33.49955009883208,236.04000000000002,168.424135288943
23,64,118.02000000000001,65.68016854409426,236.04000000000002,109.17499151931125
23,65,118.02000000000001,88.7550352619214,236.04000000000002,89.77561529431694
23,66,118.02000000000001,75.88977400507375,236.04000000000002,168.08121158336704
23,67,118.02000000000001,73.59879469362558,236.04000000000002,228.9296141156871
23,68,118.02000000000001,80.10428960266498,236.04000000000002,79.5165611454967
23,69,118.02000000000001,97.96255298064231,236.04000000000002,97.2563851379819
23,70,118.02000000000001,69.09113844729347,236.04000000000002,114.46388129228883
23,71,118.02000000000001,41.694598597798745,236.04000000000002,101.99689124042546
23,72,118.02000000000001,35.36425318532316,236.04000000000002,108.2686423121491
23,73,118.02000000000001,71.50183585246222,236.04000000000002,102.04854572215076
23,74,118.02000000000001,49.62854251179794,236.04000000000002,66.55455436361564
23,75,118.02000000000001,54.95813589528245,236.04000000000002,81.25244203755774
23,76,118.02000000000001,79.48934375271367,236.04000000000002,87.71124410815946
23,77,118.02000000000001,52.35856410538491,236.04000000000002,167.87377369257376
23,78,118.02000000000001,48.33701681797387,236.04000000000002,90.20021137175198
23,79,118.02000000000001,41.41408382986029,236.04000000000002,88.79411513433877
23,80,118.02000000000001,93.56339461764513,236.04000000000002,99.37091872213148
23,81,118.02000000000001,47.166128810225864,236.04000000000002,229.076816636411
23,82,118.02000000000001,53.597228876588815,236.04000000000002,100.68990529420185
23,83,118.02000000000001,44.57900537561513,236.04000000000002,109.77989789004951
23,84,118.02000000000001,53.69685066016909,236.04000000000002,97.82991130250052
23,85,118.02000000000001,45.99657353167021,236.04000000000002,121.90374181208195
23,86,118.02000000000001,85.41642809432008,236.04000000000002,93.65468847574233
23,87,118.02000000000001,54.913756452178525,236.04000000000002,197.83016093654288
23,88,118.02000000000001,94.33178416232687,236.04000000000002,176.16947133883244
23,89,118.02000000000001,68.86214773189765,236.04000000000002,91.19842658412634
23,90,118.02000000000001,36.64177282330368,236.04000000000002,167.59348952964237
23,91,118.02000000000001,95.80647667009696,236.04000000000002,100.95721213716551
23,92,118.02000000000001,79.75704357688717,236.04000000000002,85.2806708775762
23,93,118.02000000000001,77.293844101197,236.04000000000002,114.28637545908111
23,94,118.02000000000001,39.47501465788553,236.04000000000002,84.64604583618721
23,95,118.02000000000001,84.4385866642287,236.04000000000002,168.72637194049105
23,96,118.02000000000001,46.98756944764178,236.04000000000002,180.7496181155527
23,97,118.02000000000001,26.443602865817127,236.04000000000002,117.1819729690414
23,98,118.02000000000001,28.38891019949409,236.04000000000002,62.556082094058205
23,99,118.02000000000001,88.71728504065585,236.04000000000002,168.80864695062093
