t,s,P_DA,P_RT,P_PN,P_IN
0,0,105.16499999999999,84.37984439637154,210.32999999999998,203.29473797809698
0,1,105.16499999999999,45.78316538959766,210.32999999999998,201.59363980797303
0,2,105.16499999999999,79.45059374908152,210.32999999999998,201.53124486621928
0,3,105.16499999999999,25.807484693407684,210.32999999999998,201.11255882720732
0,4,105.16499999999999,30.34649030696598,210.32999999999998,203.07727629948187
0,5,105.16499999999999,63.88634123185633,210.32999999999998,202.7390639201047
0,6,105.16499999999999,59.39725033918093,210.32999999999998,201.09270126787516
0,7,105.16499999999999,51.75816153058772,210.32999999999998,203.10645743358324
0,8,105.16499999999999,46.01906438967148,210.32999999999998,201.14895939997376
0,9,105.16499999999999,65.77649336995661,210.32999999999998,203.17823037916884
0,10,105.16499999999999,53.088620161529654,210.32999999999998,201.07302589634176
0,11,105.16499999999999,73.57748475032786,210.32999999999998,203.21078438789334
0,12,105.16499999999999,58.58655059520016,210.32999999999998,202.16040888506512
0,13,105.16499999999999,62.77199672762443,210.32999999999998,203.1745608195591
0,14,105.16499999999999,67.34791727131135,210.32999999999998,202.60823605001613
0,15,105.16499999999999,91.07990388303092,210.32999999999998,202.76183133407955
0,16,105.16499999999999,79.35625420522433,210.32999999999998,203.82031381481656
0,17,105.16499999999999,51.372353682718284,210.32999999999998,203.09485188365747
0,18,105.16499999999999,83.2380407027682,210.32999999999998,201.20362091350535
0,19,105.16499999999999,79.6247156357229,210.32999999999998,203.227727147321
0,20,105.16499999999999,26.686787769521892,210.32999999999998,202.74302039330453
0,21,105.16499999999999,72.3907883218069,210.32999999999998,201.41377938702226
0,22,105.16499999999999,78.13908916139897,210.32999999999998,203.23205569589743
0,23,105.16499999999999,73.61358051338367,210.32999999999998,201.26248887606852
0,24,105.16499999999999,71.73667343598639,210.32999999999998,201.06250710514132
0,25,105.16499999999999,60.16243220129155,210.32999999999998,203.1612380681101
0,26,105.16499999999999,31.52786219313854,210.32999999999998,200.96304666589822
0,27,105.16499999999999,88.83813682766308,210.32999999999998,201.98928882616553
0,28,105.16499999999999,50.688018905590354,210.32999999999998,201.08910780839972
0,29,105.16499999999999,37.86753112396408,210.32999999999998,201.38785660257926
0,30,105.16499999999999,72.29710499438325,210.32999999999998,201.04104095901144
0,31,105.16499999999999,91.35400337869265,210.32999999999998,203.43614660430524
0,32,105.16499999999999,40.52809744398768,210.32999999999998,202.2061230785707
0,33,105.16499999999999,69.13395093074593,210.32999999999998,201.89231969540003
0,34,105.16499999999999,64.15842321717663,210.32999999999998,202.53248145049318
0,35,105.16499999999999,72.3009791867858,210.32999999999998,201.00151619074623
0,36,105.16499999999999,87.44135734607046,210.32999999999998,203.3124380948493
0,37,105.16499999999999,47.147753632184234,210.32999999999998,203.16974052866152
0,38,105.16499999999999,40.39184769144163,210.32999999999998,202.08836168037317
0,39,105.16499999999999,50.63408283955298,210.32999999999998,201.1854340433803
0,40,105.16499999999999,74.30888688192934,210.32999999999998,203.2148009179887
0,41,105.16499999999999,72.7646800584375,210.32999999999998,203.25567968435735
0,42,105.16499999999999,50.884243158483265,210.32999999999998,201.91669050370785
0,43,105.16499999999999,91.021795362547,210.32999999999998,201.49451352058452
0,44,105.16499999999999,53.939019274096665,210.32999999999998,203.18727242268807
0,45,105.16499999999999,48.66157995730512,210.32999999999998,201.45687657685733
0,46,105.16499999999999,71.77086427197649,210.32999999999998,203.20601681737404
0,47,105.16499999999999,28.612494791539593,210.32999999999998,201.06941938489217
0,48,105.16499999999999,50.35197174565756,210.32999999999998,201.89948701930214
0,49,105.16499999999999,75.9859124528795,210.32999999999998,201.185021732711
0,50,105.16499999999999,75.56408098674738,210.32999999999998,203.249163659649
0,51,105.16499999999999,42.471784478316415,210.32999999999998,201.20132484506516
0,52,105.16499999999999,35.98139761531216,210.32999999999998,200.88964717282684
0,53,105.16499999999999,55.36703523389508,210.32999999999998,202.7591854935368
0,54,105.16499999999999,45.97765151842408,210.32999999999998,201.65065109041774
0,55,105.16499999999999,73.49855025274674,210.32999999999998,202.2202536854877
0,56,105.16499999999999,35.95145817477717,210.32999999999998,201.25518736865362
0,57,105.16499999999999,45.722902419987356,210.32999999999998,201.03105318010978
0,58,105.16499999999999,81.03327804052464,210.32999999999998,201.20308569763577
0,59,105.16499999999999,65.26070160126045,210.32999999999998,202.51541646631117
0,60,105.16499999999999,83.85712481262277,210.32999999999998,201.63047740657709
0,61,105.16499999999999,90.13912410926646,210.32999999999998,201.51044738300925
0,62,105.16499999999999,80.52956802397313,210.32999999999998,202.53918598642824
0,63,105.16499999999999,35.381503123151404,210.32999999999998,203.08935328363594
0,64,105.16499999999999,65.49373999518258,210.32999999999998,201.04322994073894
0,65,105.16499999999999,55.701329594142656,210.32999999999998,201.33750614435445
0,66,105.16499999999999,50.74997641464358,210.32999999999998,202.4351910852907
0,67,105.16499999999999,73.99048032900716,210.32999999999998,203.42114027362865
0,68,105.16499999999999,79.77430840702168,210.32999999999998,201.77919655246845
0,69,105.16499999999999,69.95424673817527,210.32999999999998,203.180646244093
0,70,105.16499999999999,32.52205438561216,210.32999999999998,200.86490846985362
0,71,105.16499999999999,71.30268172676384,210.32999999999998,200.98995072801387
0,72,105.16499999999999,26.98701028718123,210.32999999999998,201.15402963446093
0,73,105.16499999999999,36.196324748210834,210.32999999999998,200.7847846016435
0,74,105.16499999999999,86.57733881567225,210.32999999999998,203.4493464140593
0,75,105.16499999999999,50.81506131756451,210.32999999999998,203.18019456405213
0,76,105.16499999999999,33.14275581280097,210.32999999999998,201.08243267463678
0,77,105.16499999999999,69.88937535814729,210.32999999999998,201.21240639230442
0,78,105.16499999999999,34.188544197616814,210.32999999999998,201.39848081986028
0,79,105.16499999999999,67.5454247657852,210.32999999999998,201.71210871254505
0,80,105.16499999999999,40.252845623891666,210.32999999999998,201.11814395207702
0,81,105.16499999999999,25.785386689059315,210.32999999999998,202.93419786825092
0,82,105.16499999999999,88.91213335165126,210.32999999999998,201.16364854311666
0,83,105.16499999999999,27.49508057614817,210.32999999999998,200.9549300571272
0,84,105.16499999999999,58.23585655307533,210.32999999999998,201.03245516497893
0,85,105.16499999999999,46.42429499586513,210.32999999999998,201.19923573270611
0,86,105.16499999999999,68.35637412633454,210.32999999999998,200.93319874731432
0,87,105.16499999999999,81.04696635834028,210.32999999999998,203.35553600853996
0,88,105.16499999999999,64.49290578703818,210.32999999999998,202.84778373869844
0,89,105.16499999999999,63.34694779866163,210.32999999999998,203.17090564788901
0,90,105.16499999999999,30.991719168681865,210.32999999999998,200.86613031478876
0,91,105.16499999999999,71.82741112946793,210.32999999999998,203.20777734487484
0,92,105.16499999999999,37.01231170685859,210.32999999999998,201.19566249869024
0,93,105.16499999999999,56.68254949494892,210.32999999999998,202.76311912486324
0,94,105.16499999999999,25.45735015582231,210.32999999999998,202.55669711173758
0,95,105.16499999999999,44.64248106760058,210.32999999999998,202.17897368941834
0,96,105.16499999999999,82.32712660201432,210.32999999999998,200.9618286320751
0,97,105.16499999999999,61.368733466455616,210.32999999999998,203.16883668716943
0,98,105.16499999999999,60.559558530232984,210.32999999999998,202.89920449089922
0,99,105.16499999999999,48.24980969127305,210.32999999999998,201.0202767695422
1,0,92.625,65.72905199737373,185.25,180.63754030414364
1,1,92.625,34.50218002799574,185.25,175.2478198674562
1,2,92.625,25.97447002872616,185.25,174.35605956090524
1,3,92.625,50.71137065451326,185.25,173.75954229498478
1,4,92.625,33.99221926811302,185.25,180.4771055255829
1,5,92.625,62.722876602836344,185.25,179.0958291392345
1,6,92.625,29.016084924466956,185.25,173.08144253553405
1,7,92.625,63.188147390037834,185.25,180.4232088035421
1,8,92.625,53.270114080675725,185.25,173.6204569162044
1,9,92.625,21.226009401208483,185.25,180.46660593612796
1,10,92.625,50.626148666474776,185.25,173.19538889499705
1,11,92.625,56.67353388178089,185.25,180.50613616362224
1,12,92.625,71.96733429486393,185.25,177.2080210923938
1,13,92.625,63.3437246947001,185.25,180.525181641648
1,14,92.625,61.33050336349892,185.25,178.60587574749894
1,15,92.625,46.991685308470466,185.25,178.70644538921107
1,16,92.625,21.281673049251104,185.25,182.31898041885253
1,17,92.625,65.09019358600646,185.25,180.39268275931008
1,18,92.625,19.634400147743087,185.25,172.9217391245592
1,19,92.625,49.99041642567086,185.25,180.47359786084024
1,20,92.625,50.938619802647885,185.25,179.4611691181145
1,21,92.625,25.253509399414558,185.25,174.0603015948572
1,22,92.625,22.41595391954834,185.25,180.48581332081292
1,23,92.625,51.38723666923388,185.25,173.5117544160626
1,24,92.625,46.337178472599646,185.25,172.74107808673648
1,25,92.625,35.92099116890532,185.25,180.48391817253304
1,26,92.625,21.11547057144672,185.25,173.0232676959677
1,27,92.625,54.73567886710906,185.25,175.95939423840105
1,28,92.625,25.89962040822825,185.25,173.22387157152704
1,29,92.625,19.520206622850893,185.25,174.55696139020705
1,30,92.625,34.52006987234343,185.25,172.59957296316978
1,31,92.625,35.92797684122576,185.25,180.97300801194035
1,32,92.625,29.06765485752611,185.25,177.5052770423851
1,33,92.625,22.653730638769673,185.25,175.95511142214707
1,34,92.625,62.960500639738875,185.25,178.39552986232573
1,35,92.625,41.54189922757305,185.25,172.4627388170575
1,36,92.625,32.774161239692376,185.25,180.61694063545391
1,37,92.625,48.503846331396204,185.25,180.64564266459377
1,38,92.625,33.29314184190101,185.25,177.10120107172415
1,39,92.625,67.07317182735878,185.25,173.74214877725328
1,40,92.625,46.225034199439676,185.25,180.4999626073548
1,41,92.625,54.12766234906225,185.25,180.65720250193294
1,42,92.625,73.92987964326193,185.25,176.46124619546399
1,43,92.625,38.93869262463938,185.25,173.91971382761642
1,44,92.625,31.57618919644522,185.25,180.625474027175
1,45,92.625,74.24912246434646,185.25,174.82733928753206
1,46,92.625,52.08613779141343,185.25,180.50897356205937
1,47,92.625,74.41705884048052,185.25,173.66690192640965
1,48,92.625,73.6805188182168,185.25,176.40640882284785
1,49,92.625,58.76546175216927,185.25,173.1749394693912
1,50,92.625,19.9604770404658,185.25,180.5743428749071
1,51,92.625,53.543675404919846,185.25,173.87675847412254
1,52,92.625,32.98605325001188,185.25,172.70470572366855
1,53,92.625,26.188232226564573,185.25,179.2198170957296
1,54,92.625,39.590250841629434,185.25,175.46719023389494
1,55,92.625,30.18677719541518,185.25,177.0923745444156
1,56,92.625,62.238830766024385,185.25,174.20684288462536
1,57,92.625,71.72900761236957,185.25,173.2581674422154
1,58,92.625,20.35754782112623,185.25,172.9854143905905
1,59,92.625,33.35414110023025,185.25,178.27412701182496
1,60,92.625,33.9276520055504,185.25,174.65163571382786
1,61,92.625,26.91779453780196,185.25,173.97974893836795
1,62,92.625,72.70904642822538,185.25,178.18210798718408
1,63,92.625,32.87585971476677,185.25,180.47668520731955
1,64,92.625,39.02010540730818,185.25,172.78503315745337
1,65,92.625,21.632905547666155,185.25,174.09109997857172
1,66,92.625,32.33931129256002,185.25,178.184314383153
1,67,92.625,68.82273372436651,185.25,181.19583489245775
1,68,92.625,73.44096850521444,185.25,175.44808764490986
1,69,92.625,55.98823057458985,185.25,180.45538626099105
1,70,92.625,35.66288342444516,185.25,172.66811011401265
1,71,92.625,22.22126821954359,185.25,172.3804877705211
1,72,92.625,67.7821362356009,185.25,173.96947658440274
1,73,92.625,27.642896282439644,185.25,172.272983500411
1,74,92.625,34.11723199920003,185.25,181.07594351252462
1,75,92.625,49.88648638506074,185.25,180.6472291652609
1,76,92.625,33.13988098281769,185.25,173.49303288886512
1,77,92.625,66.6640027740878,185.25,173.46679273921652
1,78,92.625,47.28391226470157,185.25,174.71249167432063
1,79,92.625,46.29213981744668,185.25,175.35999916128884
1,80,92.625,70.09227314016788,185.25,173.66608984898326
1,81,92.625,70.6587280258518,185.25,180.10181130194545
1,82,92.625,32.53720936624526,185.25,172.6154542660584
1,83,92.625,19.92545236475755,185.25,173.04471650921457
1,84,92.625,56.7953139893007,185.25,172.9633217869611
1,85,92.625,34.17468915585233,185.25,173.74605185685695
1,86,92.625,19.67303475165178,185.25,172.21508483767718
1,87,92.625,24.36006517061541,185.25,180.8572663665879
1,88,92.625,42.56557398900406,185.25,179.42111668034812
1,89,92.625,25.68528718070214,185.25,180.47298556995594
1,90,92.625,30.582654110957574,185.25,172.6793539982719
1,91,92.625,61.026330253297935,185.25,180.52379589584075
1,92,92.625,44.65094243686587,185.25,173.90498042611873
1,93,92.625,25.28697122408325,185.25,179.21557326791228
1,94,92.625,31.048656293232415,185.25,178.8386186298408
1,95,92.625,71.50616010854324,185.25,177.45006207028558
1,96,92.625,19.310194613049863,185.25,171.94711594583353
1,97,92.625,55.18713935633519,185.25,180.51292086283414
1,98,92.625,55.34506519998411,185.25,179.65412454346443
1,99,92.625,57.35904288546033,185.25,173.10353099416974
2,0,86.025,49.3825317290249,172.05,171.19785111303256
2,1,86.025,60.563502947818385,172.05,161.9328893190371
2,2,86.025,62.5853699732571,172.05,160.17674445350337
2,3,86.025,53.10325306345012,172.05,158.6799207629194
2,4,86.025,27.79184925299487,172.05,171.03207036510247
2,5,86.025,57.407352122637626,172.05,168.77314109128875
2,6,86.025,33.484464824150216,172.05,157.36642123602164
2,7,86.025,63.64884994277194,172.05,170.9008262871769
2,8,86.025,48.94984897241063,172.05,158.30975449089507
2,9,86.025,22.678962550846464,172.05,171.03057551933216
2,10,86.025,67.41290142740958,172.05,157.5156961327
2,11,86.025,43.11426969055177,172.05,171.02219799781702
2,12,86.025,69.14397005998947,172.05,165.4110497741944
2,13,86.025,20.25312419319334,172.05,171.03157933551404
2,14,86.025,23.881028676305768,172.05,167.92658785366658
2,15,86.025,59.00270915612398,172.05,168.17610259120147
2,16,86.025,20.32275929165897,172.05,173.69117201754182
2,17,86.025,42.524121936495625,172.05,170.84421655054186
2,18,86.025,62.27323153727997,172.05,157.2148510447693
2,19,86.025,40.770628445061604,172.05,170.9910480454306
2,20,86.025,28.350938669718513,172.05,169.4151519534914
2,21,86.025,63.75363203316659,172.05,159.58780130973628
2,22,86.025,23.86972438471512,172.05,171.05566729007205
2,23,86.025,33.66360441756698,172.05,158.00992371739443
2,24,86.025,29.814268351425564,172.05,156.36971897081696
2,25,86.025,43.21240296002139,172.05,171.03608899319724
2,26,86.025,35.37410131781718,172.05,157.35536834856157
2,27,86.025,67.31223758190565,172.05,163.1541812302758
2,28,86.025,60.623053405862635,172.05,157.83329810159316
2,29,86.025,56.295493921245544,172.05,160.6470174239021
2,30,86.025,25.63902246589427,172.05,156.20103104775234
2,31,86.025,51.20658962974412,172.05,171.8809872146263
2,32,86.025,64.19163090517887,172.05,166.21358475823072
2,33,86.025,68.10726123787627,172.05,163.39347567049447
2,34,86.025,53.93657852076832,172.05,167.58235943848223
2,35,86.025,32.09032326318261,172.05,155.82429795438804
2,36,86.025,33.05578610151993,172.05,171.23428967538902
2,37,86.025,52.48825997628064,172.05,171.25886866895613
2,38,86.025,57.30620749902289,172.05,165.45754622500317
2,39,86.025,34.615439579038906,172.05,158.2938532826369
2,40,86.025,54.78999042566943,172.05,171.0398193561039
2,41,86.025,45.500135026475064,172.05,171.2574280243383
2,42,86.025,62.99379466654586,172.05,163.95576947196548
2,43,86.025,55.07905559001145,172.05,159.0968570236029
2,44,86.025,67.36679703841007,172.05,171.26273384858786
2,45,86.025,24.557422103098684,172.05,160.50539603197024
2,46,86.025,63.55439501167234,172.05,171.0426763070843
2,47,86.025,69.43469757572659,172.05,158.16601388498145
2,48,86.025,49.13696818250529,172.05,163.81663578365243
2,49,86.025,18.283902626592802,172.05,157.09606831538622
2,50,86.025,19.874961862448437,172.05,171.1933699891606
2,51,86.025,40.40591705021651,172.05,158.83011121690797
2,52,86.025,42.8878780247757,172.05,156.56321320726818
2,53,86.025,43.93755347399493,172.05,169.09551195943658
2,54,86.025,54.977352386836465,172.05,162.30958960428765
2,55,86.025,58.95784147478597,172.05,165.44163695259928
2,56,86.025,62.527807878770304,172.05,159.50981347260281
2,57,86.025,36.82167065126478,172.05,157.13074220599344
2,58,86.025,51.376100661595174,172.05,157.2892849881219
2,59,86.025,39.344100425607856,172.05,167.4925602618965
2,60,86.025,57.35711015325287,172.05,160.68806444779412
2,61,86.025,48.58715401279769,172.05,159.31389652558843
2,62,86.025,50.28324484563907,172.05,167.13168843630606
2,63,86.025,39.06612778616067,172.05,171.03463414722512
2,64,86.025,52.43312541456362,172.05,156.6755368924838
2,65,86.025,65.0745941216702,172.05,159.70516335219858
2,66,86.025,53.36679872096946,172.05,167.36152008085395
2,67,86.025,25.026300136006185,172.05,172.13431380458843
2,68,86.025,22.86699584520608,172.05,161.79793201978396
2,69,86.025,54.76310676724564,172.05,170.9572382814201
2,70,86.025,37.32471027658916,172.05,156.42976729635774
2,71,86.025,35.11057733107379,172.05,155.89735313611104
2,72,86.025,66.28065943711368,172.05,158.93697724455484
2,73,86.025,64.86454066073235,172.05,155.80598107543048
2,74,86.025,61.708506598910866,172.05,171.94654513803073
2,75,86.025,37.41839300367765,172.05,171.25514917770582
2,76,86.025,52.77558019530672,172.05,158.31029261242332
2,77,86.025,50.502883084210374,172.05,157.73083646121032
2,78,86.025,30.820547088392114,172.05,160.6513308517507
2,79,86.025,50.00789744614521,172.05,162.0079328005223
2,80,86.025,72.07515866706997,172.05,158.25997056548366
2,81,86.025,20.902304216510977,172.05,170.35669692174523
2,82,86.025,30.927715400447727,172.05,156.2506884440569
2,83,86.025,35.99153439178427,172.05,157.41859280459389
2,84,86.025,61.452345892051234,172.05,156.86462246121647
2,85,86.025,42.09699806864857,172.05,158.78234145673397
2,86,86.025,21.45756782359314,172.05,155.51381054339006
2,87,86.025,35.301849364196364,172.05,171.71764525890643
2,88,86.025,63.05520778291715,172.05,169.37637618543343
2,89,86.025,58.066928545645375,172.05,171.04021940326388
2,90,86.025,33.16605081940774,172.05,156.50065389401487
2,91,86.025,57.53343242288782,172.05,171.04108611953853
2,92,86.025,35.37968452796953,172.05,158.99144979584162
2,93,86.025,26.32372038304364,172.05,169.07425933913768
2,94,86.025,71.41807490149772,172.05,168.4918021468635
2,95,86.025,32.233926041383846,172.05,165.80953877518155
2,96,86.025,51.033538280908736,172.05,155.02978222008835
2,97,86.025,67.77224866124091,172.05,171.04458966940095
2,98,86.025,52.89526494417025,172.05,169.707104701302
2,99,86.025,41.18139472469174,172.05,157.07577437254977
3,0,82.66499999999999,44.39329012106012,165.32999999999998,166.9275323127553
3,1,82.66499999999999,23.227573747337853,165.32999999999998,153.49287252404483
3,2,82.66499999999999,25.19277897177658,165.32999999999998,150.42680291790768
3,3,82.66499999999999,47.642167894342315,165.32999999999998,147.9498537369782
3,4,82.66499999999999,76.3022466058203,165.32999999999998,166.7346992464551
3,5,82.66499999999999,34.43682821932934,165.32999999999998,163.84844527113825
3,6,82.66499999999999,73.05363593019021,165.32999999999998,146.0492409066597
3,7,82.66499999999999,69.24766317080842,165.32999999999998,166.5544793822481
3,8,82.66499999999999,30.83848433314197,165.32999999999998,147.2556765777876
3,9,82.66499999999999,39.23790801210102,165.32999999999998,166.73447062881098
3,10,82.66499999999999,46.28808237045303,165.32999999999998,145.56285203995333
3,11,82.66499999999999,72.47115099982604,165.32999999999998,166.71600851261732
3,12,82.66499999999999,58.79142041685634,165.32999999999998,159.07770139594032
3,13,82.66499999999999,70.37593064823788,165.32999999999998,166.73459578576131
3,14,82.66499999999999,50.46003103801176,165.32999999999998,162.7661652847743
3,15,82.66499999999999,55.65005846894238,165.32999999999998,163.0514999719091
3,16,82.66499999999999,47.83855138116682,165.32999999999998,167.00844764407447
3,17,82.66499999999999,35.9500614289981,165.32999999999998,166.49428559797462
3,18,82.66499999999999,57.8301285560948,165.32999999999998,145.22669639659722
3,19,82.66499999999999,55.222063161414674,165.32999999999998,166.67610193334576
3,20,82.66499999999999,72.96576994652668,165.32999999999998,164.73413508977865
3,21,82.66499999999999,76.43941264112952,165.32999999999998,149.6267449094061
3,22,82.66499999999999,55.14517654668763,165.32999999999998,166.76331635676434
3,23,82.66499999999999,62.43298188140674,165.32999999999998,147.05201616281408
3,24,82.66499999999999,44.08828869854845,165.32999999999998,144.04509975474292
3,25,82.66499999999999,61.36093585423069,165.32999999999998,166.73467797573667
3,26,82.66499999999999,80.91401895707745,165.32999999999998,146.11854558946223
3,27,82.66499999999999,77.39987271657583,165.32999999999998,155.61465631059795
3,28,82.66499999999999,28.838219294940956,165.32999999999998,146.24732977350362
3,29,82.66499999999999,77.26534093653892,165.32999999999998,151.57915571727906
3,30,82.66499999999999,22.60477167670896,165.32999999999998,143.70955805056568
3,31,82.66499999999999,21.786063310741675,165.32999999999998,167.00842094996227
3,32,82.66499999999999,31.059965261423145,165.32999999999998,160.28121748741253
3,33,82.66499999999999,38.792513738452385,165.32999999999998,155.8968385985255
3,34,82.66499999999999,80.09580550858969,165.32999999999998,162.28656109816265
3,35,82.66499999999999,77.58698846696007,165.32999999999998,143.33279914558858
3,36,82.66499999999999,66.67895466205246,165.32999999999998,166.9813287627996
3,37,82.66499999999999,58.118981703067554,165.32999999999998,167.00841757024216
3,38,82.66499999999999,79.13181517493992,165.32999999999998,159.2720235399485
3,39,82.66499999999999,55.07614627601778,165.32999999999998,147.4716507378912
3,40,82.66499999999999,33.212378808453,165.32999999999998,166.73461900995184
3,41,82.66499999999999,28.365251418645176,165.32999999999998,167.00841773482472
3,42,82.66499999999999,66.66703561306309,165.32999999999998,156.87849694871386
3,43,82.66499999999999,52.29921808078745,165.32999999999998,148.68769606822966
3,44,82.66499999999999,69.9262843989602,165.32999999999998,167.00840647053107
3,45,82.66499999999999,68.49561377542007,165.32999999999998,151.46020697037218
3,46,82.66499999999999,60.980312654000926,165.32999999999998,166.73455173238904
3,47,82.66499999999999,67.45693104239753,165.32999999999998,146.8121083502059
3,48,82.66499999999999,62.072164287062904,165.32999999999998,156.72509319501503
3,49,82.66499999999999,46.31041498599327,165.32999999999998,145.4501775364764
3,50,82.66499999999999,70.7010871486564,165.32999999999998,166.93216425172915
3,51,82.66499999999999,75.91155817614525,165.32999999999998,148.54558901832849
3,52,82.66499999999999,67.49847216887862,165.32999999999998,144.4425221599773
3,53,82.66499999999999,25.47249280431539,165.32999999999998,164.30049618476858
3,54,82.66499999999999,77.96483967491642,165.32999999999998,154.36172907120158
3,55,82.66499999999999,49.24916413996829,165.32999999999998,159.17453664371544
3,56,82.66499999999999,74.06425188143054,165.32999999999998,149.44152549602322
3,57,82.66499999999999,25.418149260936453,165.32999999999998,145.20141223943511
3,58,82.66499999999999,77.26921523734173,165.32999999999998,145.7291963852992
3,59,82.66499999999999,39.38857741835857,165.32999999999998,162.16258461595254
3,60,82.66499999999999,45.842340115248824,165.32999999999998,151.44272240382443
3,61,82.66499999999999,61.90163058470389,165.32999999999998,149.21989789337255
3,62,82.66499999999999,25.774176011630843,165.32999999999998,161.6127112903331
3,63,82.66499999999999,32.89611689316979,165.32999999999998,166.73458701384754
3,64,82.66499999999999,55.68350304782803,165.32999999999998,144.37684426093963
3,65,82.66499999999999,43.66625136370904,165.32999999999998,149.62897610530976
3,66,82.66499999999999,26.721245763747273,165.32999999999998,161.94627913236275
3,67,82.66499999999999,20.868500412364487,165.32999999999998,167.00841603004716
3,68,82.66499999999999,74.71140728537802,165.32999999999998,153.65537792789596
3,69,82.66499999999999,60.84956506621583,165.32999999999998,166.62815332487776
3,70,82.66499999999999,39.94002638547201,165.32999999999998,144.07833340793715
3,71,82.66499999999999,74.09929008997096,165.32999999999998,143.42142223303125
3,72,82.66499999999999,79.03086444735014,165.32999999999998,148.39711808515622
3,73,82.66499999999999,25.210676715681156,165.32999999999998,142.36426734699083
3,74,82.66499999999999,36.08427319416266,165.32999999999998,167.00844829273083
3,75,82.66499999999999,52.442217780423206,165.32999999999998,167.00842861254614
3,76,82.66499999999999,76.20069608093132,165.32999999999998,147.5223722223221
3,77,82.66499999999999,34.417803342830894,165.32999999999998,146.15537012444284
3,78,82.66499999999999,77.0941288004159,165.32999999999998,151.76992928852903
3,79,82.66499999999999,75.01451104238005,165.32999999999998,153.875063847681
3,80,82.66499999999999,40.807437778662646,165.32999999999998,146.77327630147425
3,81,82.66499999999999,33.94255212450661,165.32999999999998,165.8935142832991
3,82,82.66499999999999,31.397670074398157,165.32999999999998,143.77001115857104
3,83,82.66499999999999,23.59648387965555,165.32999999999998,145.84415166606087
3,84,82.66499999999999,78.35377695243851,165.32999999999998,144.73557629180365
3,85,82.66499999999999,29.17698500963455,165.32999999999998,148.21031350644935
3,86,82.66499999999999,78.45667628915044,165.32999999999998,142.96026785312864
3,87,82.66499999999999,40.86343157885193,165.32999999999998,167.00843964043756
3,88,82.66499999999999,23.859881314675174,165.32999999999998,164.6201185506104
3,89,82.66499999999999,70.03789745616157,165.32999999999998,166.73469171861487
3,90,82.66499999999999,69.0760273558417,165.32999999999998,144.47661590805745
3,91,82.66499999999999,48.41050204510854,165.32999999999998,166.73459481642652
3,92,82.66499999999999,67.18934030775411,165.32999999999998,148.8214501540412
3,93,82.66499999999999,65.75916396355122,165.32999999999998,164.2757068373273
3,94,82.66499999999999,47.64287685642016,165.32999999999998,163.46954989226168
3,95,82.66499999999999,37.4752989301068,165.32999999999998,159.77325888539724
3,96,82.66499999999999,28.914326271566086,165.32999999999998,141.21678838516132
3,97,82.66499999999999,75.55872940940047,165.32999999999998,166.73468898189773
3,98,82.66499999999999,25.0626856324424,165.32999999999998,165.06276808680883
3,99,82.66499999999999,64.35189821933182,165.32999999999998,145.3054789915524
4,0,82.275,22.711493953801693,164.55,166.22050173482154
4,1,82.275,55.43872739352478,164.55,147.70228565794315
4,2,82.275,21.750643754446234,164.55,142.7678154106431
4,3,82.275,24.566560990507533,164.55,138.59469739483887
4,4,82.275,44.685027981931796,164.55,166.22050173196658
4,5,82.275,22.89249046945702,164.55,162.49992390636706
4,6,82.275,20.18462747200075,164.55,134.9700420432835
4,7,82.275,53.762333600698554,164.55,165.96951767378212
4,8,82.275,67.88364477783533,164.55,137.95458110586364
4,9,82.275,45.12098413832406,164.55,166.22051276429372
4,10,82.275,64.70560727301469,164.55,134.91149773793128
4,11,82.275,57.59551565540134,164.55,166.19375563927466
4,12,82.275,69.97543481868377,164.55,155.9780719817116
4,13,82.275,72.25897972037555,164.55,166.22051628303916
4,14,82.275,50.918785332963814,164.55,161.0873190173629
4,15,82.275,70.69628482786555,164.55,161.4709747970939
4,16,82.275,57.39425870180682,164.55,166.2205364302036
4,17,82.275,44.09549516665696,164.55,165.8913740098711
4,18,82.275,68.98056743643357,164.55,134.23350348171874
4,19,82.275,50.445686131036,164.55,166.13577513291105
4,20,82.275,31.636450363631987,164.55,163.63908166858099
4,21,82.275,39.94165471900779,164.55,140.87741509109895
4,22,82.275,41.74385833584612,164.55,166.2205097967872
4,23,82.275,27.484491566556354,164.55,136.92202450816492
4,24,82.275,19.800413780720493,164.55,132.2821083346814
4,25,82.275,21.326145426265843,164.55,166.22051421093968
4,26,82.275,55.903498802152384,164.55,135.0331480204556
4,27,82.275,32.44740165404018,164.55,150.50425498160592
4,28,82.275,26.821101858072613,164.55,136.05775307465484
4,29,82.275,29.336845684227285,164.55,144.05953123086658
4,30,82.275,63.6348802930754,164.55,132.38243002496273
4,31,82.275,67.695064685899,164.55,166.22050310413667
4,32,82.275,43.52331993361077,164.55,157.71117298876595
4,33,82.275,59.35572944204521,164.55,151.30883736985618
4,34,82.275,50.193514701663766,164.55,160.4047000520953
4,35,82.275,45.41288170477991,164.55,130.25299409785399
4,36,82.275,54.026585953621016,164.55,166.22047716349252
4,37,82.275,70.8196981495439,164.55,166.22047960947614
4,38,82.275,62.75959312199682,164.55,156.16292379597778
4,39,82.275,41.09807300675052,164.55,137.79852634331743
4,40,82.275,32.31115998997187,164.55,166.2205151773074
4,41,82.275,18.563980660291588,164.55,166.22048236970716
4,42,82.275,34.514151039607775,164.55,152.56251516768688
4,43,82.275,72.5268572667477,164.55,140.02469905162243
4,44,82.275,41.841609951167534,164.55,166.22046991174707
4,45,82.275,48.26241338823592,164.55,144.10428747261255
4,46,82.275,21.937195650611677,164.55,166.22051329536546
4,47,82.275,26.277152928314038,164.55,136.25790754252463
4,48,82.275,72.88001780374515,164.55,152.5029351883466
4,49,82.275,48.02168455103514,164.55,134.72242622367915
4,50,82.275,30.63959874567633,164.55,166.22049933449844
4,51,82.275,53.890534531786656,164.55,139.2186468181819
4,52,82.275,58.582466248586094,164.55,132.63941780595493
4,53,82.275,46.274795886963936,164.55,163.10098147719341
4,54,82.275,36.58902519268146,164.55,148.55214133678845
4,55,82.275,58.325530910047256,164.55,156.12517429609738
4,56,82.275,25.613570885269766,164.55,140.54390169476457
4,57,82.275,58.23129095293937,164.55,134.629426872185
4,58,82.275,43.160124035589114,164.55,134.34287600644487
4,59,82.275,46.96291630628106,164.55,160.2953095272883
4,60,82.275,53.054388018945204,164.55,144.3429604383281
4,61,82.275,65.91756853679529,164.55,140.69563185357518
4,62,82.275,35.84026176218049,164.55,159.54478063281965
4,63,82.275,56.884259557901224,164.55,166.22051253838407
4,64,82.275,24.861230298536046,164.55,132.55322375815314
4,65,82.275,42.652818167562735,164.55,141.41627876918403
4,66,82.275,58.0480710899723,164.55,160.02462833457585
4,67,82.275,67.59343518859505,164.55,166.22049995865035
4,68,82.275,49.20565311028973,164.55,147.52982530597606
4,69,82.275,53.41782961769275,164.55,166.0686303996003
4,70,82.275,47.82902536114317,164.55,132.56839157725375
4,71,82.275,37.52461455113357,164.55,130.51982979066702
4,72,82.275,65.1536329624239,164.55,138.8827734998989
4,73,82.275,50.150552984332045,164.55,129.87567629158767
4,74,82.275,32.83826021571072,164.55,166.22053672734617
4,75,82.275,62.464998242915044,164.55,166.22050579033166
4,76,82.275,64.53155595983434,164.55,137.57854591156246
4,77,82.275,43.44406818878799,164.55,135.92013136275415
4,78,82.275,55.972439576999605,164.55,144.51653044747982
4,79,82.275,23.572688305424375,164.55,147.78006116387442
4,80,82.275,58.346066868086744,164.55,136.86609716265858
4,81,82.275,37.01154906935351,164.55,165.10735089586277
4,82,82.275,19.664628358970205,164.55,132.03755374088806
4,83,82.275,57.38153740123731,164.55,135.74028532735457
4,84,82.275,48.713614819381185,164.55,132.5444852876985
4,85,82.275,64.18660639306222,164.55,139.48866933257364
4,86,82.275,24.7855237178707,164.55,129.49486465290244
4,87,82.275,73.30065317733892,164.55,166.22052526002784
4,88,82.275,36.793088802284075,164.55,163.48732353812832
4,89,82.275,25.82046547473595,164.55,166.220507974095
4,90,82.275,20.760484224410497,164.55,132.4286684452207
4,91,82.275,36.148451502750056,164.55,166.2205191613035
4,92,82.275,30.016811865893054,164.55,139.76585971877046
4,93,82.275,50.154208616133744,164.55,163.039285915825
4,94,82.275,71.37659339820445,164.55,162.03415251652075
4,95,82.275,30.398595026371122,164.55,156.96282584839383
4,96,82.275,36.605340348699414,164.55,127.88045914826083
4,97,82.275,33.12381761289999,164.55,166.22051307679598
4,98,82.275,33.397115507198045,164.55,164.05473529946286
4,99,82.275,56.38573033621583,164.55,134.12661861240144
5,0,86.01,81.87770762713622,172.02,170.0151410232631
5,1,86.01,61.25245803205587,172.02,142.44872677282967
5,2,86.01,48.99811487538945,172.02,135.4950879664858
5,3,86.01,50.67192882904243,172.02,129.28410253578264
5,4,86.01,59.165391841387574,172.02,169.65529977740403
5,5,86.01,42.642616372845474,172.02,164.1121872381943
5,6,86.01,39.45340883225188,172.02,123.66640373117099
5,7,86.01,82.99204705987654,172.02,169.36076600662568
5,8,86.01,56.396337317715656,172.02,127.64603339826044
5,9,86.01,30.234222264564316,172.02,169.6421982405443
5,10,86.01,60.34023051404979,172.02,122.91713366237778
5,11,86.01,38.93745650032637,172.02,169.60904302430706
5,12,86.01,22.61147406347427,172.02,154.22855761855237
5,13,86.01,60.44148452914579,172.02,169.65510538394838
5,14,86.01,46.16257573958841,172.02,161.98709663971073
5,15,86.01,67.86319128723501,172.02,162.59823558786465
5,16,86.01,63.237931262330285,172.02,173.6478468949892
5,17,86.01,33.847637886399255,172.02,169.2165290907878
5,18,86.01,42.36831286728818,172.02,121.42653698447658
5,19,86.01,70.03847527549145,172.02,169.56466171880066
5,20,86.01,51.00129315155303,172.02,165.78555224030887
5,21,86.01,31.244613639860265,172.02,132.25347952977856
5,22,86.01,33.863570451678754,172.02,169.70028764523417
5,23,86.01,70.69311356079265,172.02,126.92410653211246
5,24,86.01,63.9360248147379,172.02,120.0439625683087
5,25,86.01,59.32688132420487,172.02,169.65543098597996
5,26,86.01,25.975131635513545,172.02,122.91477198619825
5,27,86.01,48.1840119019395,172.02,146.50889264116847
5,28,86.01,52.00581576412242,172.02,125.52604077693404
5,29,86.01,61.25887375764655,172.02,137.27807929765362
5,30,86.01,68.71794355190131,172.02,119.35241849996798
5,31,86.01,70.17306579208734,172.02,171.131882683303
5,32,86.01,61.76911943422443,172.02,157.00410920168585
5,33,86.01,40.323132699568895,172.02,147.52402601132516
5,34,86.01,49.50759202593734,172.02,160.9472169257606
5,35,86.01,74.02826979485947,172.02,116.2717441952976
5,36,86.01,53.33050677665906,172.02,170.08363458825312
5,37,86.01,49.215395289377305,172.02,170.1221993208037
5,38,86.01,79.29463176318079,172.02,154.7434435480664
5,39,86.01,88.6780153118401,177.3560306236802,128.56977790445035
5,40,86.01,50.299778908716696,172.02,169.65218496742844
5,41,86.01,64.58630528217843,172.02,170.12842868805706
5,42,86.01,83.08394747962744,172.02,149.68664873132073
5,43,86.01,32.56285871599697,172.02,130.45046627230388
5,44,86.01,41.689562510349056,172.02,170.11934311510518
5,45,86.01,65.45852889145236,172.02,137.23743375562628
5,46,86.01,34.15827312671834,172.02,169.64343598343962
5,47,86.01,40.94934490824597,172.02,125.49240921345661
5,48,86.01,84.74662533765512,172.02,149.38134806458527
5,49,86.01,43.271666252200646,172.02,123.02776040362964
5,50,86.01,28.66363650916354,172.02,169.99733700574967
5,51,86.01,55.583608229793754,172.02,129.71128968179883
5,52,86.01,27.325919885671624,172.02,119.1274746022593
5,53,86.01,39.00514628907474,172.02,164.96960909863452
5,54,86.01,86.0128813855323,172.0257627710646,143.9678198542107
5,55,86.01,78.42667771838475,172.02,154.71540194945445
5,56,86.01,32.17970225948322,172.02,131.91652878859833
5,57,86.01,38.6860660991782,172.02,122.63773307225851
5,58,86.01,25.90675682832176,172.02,122.13465438423468
5,59,86.01,35.59130101667316,172.02,160.76655517567008
5,60,86.01,76.25677666636085,172.02,137.68680478092875
5,61,86.01,83.32441410086753,172.02,132.1356514179652
5,62,86.01,63.9706509549129,172.02,159.75359299561026
5,63,86.01,27.95617665103843,172.02,169.64173906155239
5,64,86.01,55.71488636310349,172.02,120.13440773153812
5,65,86.01,66.80785846109956,172.02,133.41040926250054
5,66,86.01,29.36485133433622,172.02,160.33511796105762
5,67,86.01,61.11652566824523,172.02,171.47188758629147
5,68,86.01,72.69296007623926,172.02,142.27264086427394
5,69,86.01,47.9928215146817,172.02,169.46577390440564
5,70,86.01,77.36491896755396,172.02,120.25476550462845
5,71,86.01,33.58430783239607,172.02,116.33229024790177
5,72,86.01,39.867736956958694,172.02,128.72385359155624
5,73,86.01,75.98551255864608,172.02,115.98909795290959
5,74,86.01,67.94722463301517,172.02,171.16117069694235
5,75,86.01,74.45280307021666,172.02,170.13312907162143
5,76,86.01,34.176577996758866,172.02,126.7467699913648
5,77,86.01,85.89514016410534,172.02,125.61179487723679
5,78,86.01,34.06365469525587,172.02,137.53762487983178
5,79,86.01,68.77511230384638,172.02,142.77144660284088
5,80,86.01,42.84753158601253,172.02,125.99382702390297
5,81,86.01,56.23972824515934,172.02,168.0065740563681
5,82,86.01,83.29747898026575,172.02,120.22876200080678
5,83,86.01,74.169449083818,172.02,124.86298323128145
5,84,86.01,72.2522043057751,172.02,119.63027984049974
5,85,86.01,29.650326188897644,172.02,129.95136222935918
5,86,86.01,83.2129865657188,172.02,115.97384469798688
5,87,86.01,82.53534375843545,172.02,170.90977086836205
5,88,86.01,87.94495370681022,175.88990741362045,166.66664296822867
5,89,86.01,29.79553533800588,172.02,169.64275728383237
5,90,86.01,47.8049421802874,172.02,119.85555332253
5,91,86.01,40.606129177055436,172.02,169.64629002726878
5,92,86.01,78.90611611375148,172.02,131.23219764780896
5,93,86.01,82.27264145879474,172.02,165.01140968257567
5,94,86.01,55.97497777608911,172.02,163.37518001269774
5,95,86.01,37.022822151165144,172.02,155.87369227504908
5,96,86.01,25.472331204665842,172.02,112.44279865520555
5,97,86.01,81.05920552446565,172.02,169.6695668701209
5,98,86.01,85.56177743154412,172.02,166.49936440485885
5,99,86.01,72.62901256659116,172.02,122.10824538564944
6,0,93.255,90.27422880795058,186.51,167.17943387682809
6,1,93.255,50.26006964173231,186.51,122.84987862607038
6,2,93.255,36.062654849818784,186.51,113.13519676202168
6,3,93.255,33.865375385362434,186.51,102.35691585947504
6,4,93.255,78.41686197312856,186.51,166.7779952995151
6,5,93.255,37.06770898027916,186.51,154.91112935522855
6,6,93.255,98.00060351697222,196.00120703394444,97.3861849695278
6,7,93.255,45.10476695384247,186.51,164.55000016339204
6,8,93.255,84.35234687530843,186.51,98.90765641776832
6,9,93.255,73.66418388657404,186.51,166.77736652105557
6,10,93.255,52.90296599602657,186.51,90.1648081304382
6,11,93.255,75.23887263466875,186.51,166.48524478703038
6,12,93.255,27.39980750274963,186.51,141.29320543791752
6,13,93.255,85.63097623717371,186.51,166.77905799942735
6,14,93.255,39.41537822772461,186.51,151.18147740596817
6,15,93.255,73.7705446993428,186.51,153.75031993942412
6,16,93.255,35.17468243068132,186.51,172.02000082881204
6,17,93.255,70.49360615911279,186.51,164.5499995090454
6,18,93.255,83.22836301229806,186.51,88.32213217533541
6,19,93.255,88.1368161843284,186.51,164.5500021264592
6,20,93.255,36.62961271869027,186.51,158.0506659538783
6,21,93.255,63.19608197235768,186.51,107.04937580861211
6,22,93.255,58.06309837572334,186.51,166.85845108857316
6,23,93.255,57.13110481524528,186.51,97.94884594148007
6,24,93.255,90.79535553332887,186.51,90.2207802797894
6,25,93.255,40.643318210394206,186.51,166.77750136609023
6,26,93.255,85.40159890230747,186.51,91.18731648981317
6,27,93.255,83.39520511066625,186.51,129.8443460104504
6,28,93.255,58.95203588093985,186.51,96.50620827306344
6,29,93.255,36.69102763646101,186.51,114.37188379551885
6,30,93.255,80.95268773742546,186.51,82.87949121383366
6,31,93.255,94.25739012382454,188.51478024764907,168.68686916630654
6,32,93.255,39.71892714495479,186.51,143.9175186031568
6,33,93.255,35.17116566316435,186.51,130.54580066661333
6,34,93.255,42.428761748499504,186.51,150.23034068002693
6,35,93.255,60.59361327794759,186.51,74.72203242949446
6,36,93.255,61.91941896087002,186.51,167.3814502951742
6,37,93.255,85.04403583916618,186.51,167.56883415294837
6,38,93.255,38.81158332319377,186.51,141.66807181880532
6,39,93.255,96.16940367507772,192.33880735015543,97.25104503258942
6,40,93.255,66.69476960839592,186.51,166.77727961745572
6,41,93.255,47.795158167418315,186.51,167.56643726458975
6,42,93.255,27.77638626608896,186.51,132.95471962614374
6,43,93.255,71.70418919423402,186.51,104.13375581664097
6,44,93.255,41.74899351472483,186.51,167.5669309128499
6,45,93.255,60.4418028674627,186.51,114.45660923162606
6,46,93.255,100.94462006188566,201.88924012377132,166.78705008484698
6,47,93.255,41.790140998352854,186.51,95.84332337597735
6,48,93.255,58.27441629025545,186.51,132.4923318643588
6,49,93.255,91.81538786874694,186.51,92.23518273347376
6,50,93.255,28.123896241163642,186.51,167.2429966445258
6,51,93.255,78.34790260405398,186.51,102.5527739508859
6,52,93.255,62.320302137282155,186.51,85.326370156021
6,53,93.255,52.741156917140124,186.51,156.99919858385155
6,54,93.255,65.00088289088055,186.51,123.89839674945998
6,55,93.255,59.70744982890656,186.51,141.66266574789174
6,56,93.255,69.49329635359713,186.51,107.50566074658188
6,57,93.255,34.43338411640854,186.51,90.93660757406877
6,58,93.255,53.69446864423768,186.51,90.11346170251726
6,59,93.255,98.53329945676532,197.06659891353064,150.00081252618773
6,60,93.255,65.3052537991421,186.51,114.40028122109258
6,61,93.255,76.03810031694829,186.51,105.51901009558087
6,62,93.255,62.71166744662878,186.51,149.3537547085688
6,63,93.255,101.50124474203068,203.00248948406136,166.78718028602003
6,64,93.255,35.08019262272732,186.51,86.29705654553163
6,65,93.255,53.34683022163827,186.51,109.05436878654217
6,66,93.255,79.05927484577239,186.51,149.00887479971067
6,67,93.255,87.26689179475589,186.51,168.6868677275852
6,68,93.255,57.02298882264661,186.51,121.87886154431705
6,69,93.255,83.78319561241946,186.51,164.54999965226946
6,70,93.255,55.070852510407576,186.51,83.8004501847186
6,71,93.255,33.61404134813,186.51,80.14475807797893
6,72,93.255,27.32486432788576,186.51,101.5595415290326
6,73,93.255,37.052743444538734,186.51,74.04867997532463
6,74,93.255,102.99568766040748,205.99137532081497,169.3218478231946
6,75,93.255,40.98056607990957,186.51,167.5670553350875
6,76,93.255,26.62521279980455,186.51,97.58143758348454
6,77,93.255,70.34146886438975,186.51,92.56064914778734
6,78,93.255,63.621635451119936,186.51,115.04297781659983
6,79,93.255,49.23890191064784,186.51,123.93509018701636
6,80,93.255,98.59122842616586,197.1824568523317,98.0313647628007
6,81,93.255,80.74408754311959,186.51,163.20205859108407
6,82,93.255,58.31100489164488,186.51,82.3898104625285
6,83,93.255,27.847983760119035,186.51,93.3708085514365
6,84,93.255,79.88031762665729,186.51,82.41217856381465
6,85,93.255,78.49297041905147,186.51,104.31061042254095
6,86,93.255,52.330554012114675,186.51,70.88085575556316
6,87,93.255,101.84506752696998,203.69013505393997,168.6868688815827
6,88,93.255,97.8556238181367,195.7112476362734,158.76899198332174
6,89,93.255,65.19996899969809,186.51,166.77644671545326
6,90,93.255,92.03677414216702,186.51,91.45309389167984
6,91,93.255,92.46106026293107,186.51,166.77933038065822
6,92,93.255,54.79998409763562,186.51,104.27338991570103
6,93,93.255,103.45790141151343,206.91580282302687,157.6704562787189
6,94,93.255,56.36954870848233,186.51,154.2900970985285
6,95,93.255,85.33583199187129,186.51,143.6902361803851
6,96,93.255,61.55741639582687,186.51,73.6578567274107
6,97,93.255,34.95130343753307,186.51,166.7772921834116
6,98,93.255,69.70739717133742,186.51,158.4497582560189
6,99,93.255,81.15635653517597,186.51,87.78384164292417
7,0,100.66499999999999,78.14692143524128,201.32999999999998,165.32999825452882
7,1,100.66499999999999,52.26439208471153,201.32999999999998,122.84987540238134
7,2,100.66499999999999,100.99017321106417,201.98034642212835,111.47296383883514
7,3,100.66499999999999,93.10654705634862,201.32999999999998,102.35691337976851
7,4,100.66499999999999,60.56906881697953,201.32999999999998,164.5500024379017
7,5,100.66499999999999,50.31529649638613,201.32999999999998,154.9111280399963
7,6,100.66499999999999,95.42024532586439,201.32999999999998,94.55228107038577
7,7,100.66499999999999,49.76391485290033,201.32999999999998,164.5499977756909
7,8,100.66499999999999,49.080576461298996,201.32999999999998,98.90765300415045
7,9,100.66499999999999,49.71559051740978,201.32999999999998,164.54999942453483
7,10,100.66499999999999,77.68293882248813,201.32999999999998,90.16480286733032
7,11,100.66499999999999,50.26263904930705,201.32999999999998,164.5499848846132
7,12,100.66499999999999,98.51584417734918,201.32999999999998,139.24625287416615
7,13,100.66499999999999,51.00623013841859,201.32999999999998,164.54999846802653
7,14,100.66499999999999,105.83687740912288,211.67375481824575,151.18147447630247
7,15,100.66499999999999,59.92306370349848,201.32999999999998,151.56025925372774
7,16,100.66499999999999,86.64509442425752,201.32999999999998,172.01999893050933
7,17,100.66499999999999,42.10994607238737,201.32999999999998,164.5499982763967
7,18,100.66499999999999,42.08653948309037,201.32999999999998,88.32213146346932
7,19,100.66499999999999,49.231596246594854,201.32999999999998,164.55000157330522
7,20,100.66499999999999,51.078987071720505,201.32999999999998,158.05066361666331
7,21,100.66499999999999,82.71656033581655,201.32999999999998,107.04937418303228
7,22,100.66499999999999,106.67865661373553,213.35731322747105,164.54999967523293
7,23,100.66499999999999,82.24545139832044,201.32999999999998,95.999664070795
7,24,100.66499999999999,79.08911728328542,201.32999999999998,78.37792342915546
7,25,100.66499999999999,108.26577983409969,216.53155966819938,164.54999920101122
7,26,100.66499999999999,53.31175358132652,201.32999999999998,91.18731624169106
7,27,100.66499999999999,93.3909386948745,201.32999999999998,127.26044091938805
7,28,100.66499999999999,78.78544725570845,201.32999999999998,95.10187693035458
7,29,100.66499999999999,79.09335903846389,201.32999999999998,114.37187934559113
7,30,100.66499999999999,60.02745780443078,201.32999999999998,81.63374770988838
7,31,100.66499999999999,108.36290470750605,216.7258094150121,165.32999990074572
7,32,100.66499999999999,53.68990809849254,201.32999999999998,143.9175101790198
7,33,100.66499999999999,49.62500518834625,201.32999999999998,130.54579902225612
7,34,100.66499999999999,78.7088469473533,201.32999999999998,150.23033872740623
7,35,100.66499999999999,33.743864684699616,201.32999999999998,73.64296021321483
7,36,100.66499999999999,60.38910490672585,201.32999999999998,165.32999958319536
7,37,100.66499999999999,77.62492251483754,201.32999999999998,165.32999984311914
7,38,100.66499999999999,75.13981520936242,201.32999999999998,139.6160240338081
7,39,100.66499999999999,101.27011225130953,202.54022450261905,100.35897777992162
7,40,100.66499999999999,101.77977497616219,203.55954995232437,164.5499960748474
7,41,100.66499999999999,31.86180385290827,201.32999999999998,165.3299999247458
7,42,100.66499999999999,87.02510695034968,201.32999999999998,132.9547169150452
7,43,100.66499999999999,104.13375253565519,208.26750507131038,104.13375339228834
7,44,100.66499999999999,52.13869318452293,201.32999999999998,165.3300004554665
7,45,100.66499999999999,36.810005633141174,201.32999999999998,114.45660734243586
7,46,100.66499999999999,98.07126750370239,201.32999999999998,164.5499986182218
7,47,100.66499999999999,71.65974374227244,201.32999999999998,95.84332132778826
7,48,100.66499999999999,93.84503703771671,201.32999999999998,132.4923262325768
7,49,100.66499999999999,64.55384374192472,201.32999999999998,90.83067573671556
7,50,100.66499999999999,102.66688132334319,205.33376264668638,165.32999826653122
7,51,100.66499999999999,102.55276784797803,205.10553569595606,102.55276992186005
7,52,100.66499999999999,63.91770047723597,201.32999999999998,84.06389260796053
7,53,100.66499999999999,97.72637220331274,201.32999999999998,153.87491310147527
7,54,100.66499999999999,94.32876848951638,201.32999999999998,123.89839076186495
7,55,100.66499999999999,76.79206305771271,201.32999999999998,139.61072375516957
7,56,100.66499999999999,54.48059403365524,201.32999999999998,105.92238095381201
7,57,100.66499999999999,47.794314961331104,201.32999999999998,90.93660609625522
7,58,100.66499999999999,88.60376360524077,201.32999999999998,90.11345742467631
7,59,100.66499999999999,90.12100302465186,201.32999999999998,150.00081143307494
7,60,100.66499999999999,29.21359058581576,201.32999999999998,114.40027833437362
7,61,100.66499999999999,89.8004418720285,201.32999999999998,103.96310621180649
7,62,100.66499999999999,44.573629578790964,201.32999999999998,147.20952668471747
7,63,100.66499999999999,51.67925625623591,201.32999999999998,164.5499857587184
7,64,100.66499999999999,92.41083651192642,201.32999999999998,91.56868999439476
7,65,100.66499999999999,78.78165337283858,201.32999999999998,107.44954131959994
7,66,100.66499999999999,102.63605408292561,205.27210816585122,149.0088731625747
7,67,100.66499999999999,103.37969334952929,206.75938669905858,165.32998390732934
7,68,100.66499999999999,40.237629771870196,201.32999999999998,121.87885883260347
7,69,100.66499999999999,54.183226095468456,201.32999999999998,164.54999909305027
7,70,100.66499999999999,83.8004504853579,201.32999999999998,83.8004500239433
7,71,100.66499999999999,89.18313126027394,201.32999999999998,88.33319345496454
7,72,100.66499999999999,54.66273520671001,201.32999999999998,100.06312885740289
7,73,100.66499999999999,49.57847351082497,201.32999999999998,72.95241737943694
7,74,100.66499999999999,94.69801741848059,201.32999999999998,166.68750888334594
7,75,100.66499999999999,27.559839087457842,201.32999999999998,165.3300002581448
7,76,100.66499999999999,99.56273329337597,201.32999999999998,98.68986397793911
7,77,100.66499999999999,60.70125031430588,201.32999999999998,92.01862213721137
7,78,100.66499999999999,68.82196625658008,201.32999999999998,115.04297550083496
7,79,100.66499999999999,104.99808257110035,209.9961651422007,121.46878068207458
7,80,100.66499999999999,72.08297690217667,201.32999999999998,94.41572943743348
7,81,100.66499999999999,66.46236335671198,201.32999999999998,160.95203266656623
7,82,100.66499999999999,85.33260660875652,201.32999999999998,84.56164348089312
7,83,100.66499999999999,61.31469693036462,201.32999999999998,91.99272924972786
7,84,100.66499999999999,76.17813869394703,201.32999999999998,81.15765208310647
7,85,100.66499999999999,88.50570549483862,201.32999999999998,102.77227637194915
7,86,100.66499999999999,38.691922721020696,201.32999999999998,70.88085358052231
7,87,100.66499999999999,84.60219927862458,201.32999999999998,165.33000088625317
7,88,100.66499999999999,53.55895769555721,201.32999999999998,156.53128568702692
7,89,100.66499999999999,50.227629078998056,201.32999999999998,164.54999993368605
7,90,100.66499999999999,65.97527427483679,201.32999999999998,75.24380158665997
7,91,100.66499999999999,43.95381179173525,201.32999999999998,164.54999969966704
7,92,100.66499999999999,104.2733872528831,208.5467745057662,104.27338821535399
7,93,100.66499999999999,103.78613565521478,207.57227131042956,155.44049739791882
7,94,100.66499999999999,80.45112444476081,201.32999999999998,154.29009063858558
7,95,100.66499999999999,57.3218132720353,201.32999999999998,141.88305754763522
7,96,100.66499999999999,67.38510651967987,201.32999999999998,72.68451172583464
7,97,100.66499999999999,70.42313242794721,201.32999999999998,164.5499993384557
7,98,100.66499999999999,32.862314924287624,201.32999999999998,158.4497561799252
7,99,100.66499999999999,43.1488514613707,201.32999999999998,86.036944345378
8,0,117.66,54.17740155734928,235.32,165.32999816843852
8,1,117.66,32.959899900832475,235.32,122.84987666421748
8,2,117.66,24.709741128537523,235.32,113.73631880848872
8,3,117.66,62.70549742756035,235.32,62.70549964233597
8,4,117.66,27.134220049826258,235.32,164.55000288609386
8,5,117.66,23.47339934237427,235.32,158.0564512192913
8,6,117.66,72.43949518196123,235.32,76.33694884396478
8,7,117.66,35.97187364125845,235.32,35.971875236854316
8,8,117.66,66.16772697571187,235.32,98.90765320949177
8,9,117.66,31.849166045999127,235.32,167.8910318903097
8,10,117.66,56.82209833864526,235.32,90.164804171806
8,11,117.66,56.690715065270304,235.32,164.54997766338798
8,12,117.66,67.91054438452595,235.32,139.24625305333365
8,13,117.66,24.424449791678896,235.32,167.89103206371422
8,14,117.66,49.56424113341522,235.32,151.18147527605709
8,15,117.66,59.72763776075398,235.32,59.727639616008254
8,16,117.66,35.06604369481565,235.32,172.01999980435843
8,17,117.66,51.34325486214695,235.32,164.54999880327736
8,18,117.66,25.822728730410674,235.32,88.32212849189418
8,19,117.66,42.598429325465645,235.32,164.5500018583898
8,20,117.66,54.61254769294184,235.32,54.61254909287858
8,21,117.66,52.041169163833736,235.32,107.0493761327864
8,22,117.66,28.29760779136929,235.32,167.89103154639565
8,23,117.66,29.69543771684707,235.32,97.94884709659426
8,24,117.66,43.24731443860399,235.32,73.2615906608124
8,25,117.66,21.69810543855578,235.32,167.8910317998357
8,26,117.66,72.48236722391442,235.32,91.18731405158454
8,27,117.66,22.228046077903418,235.32,129.8443467074587
8,28,117.66,64.87233650335818,235.32,95.1018736357842
8,29,117.66,75.00275647102376,235.32,75.00275708702384
8,30,117.66,61.652168042920664,235.32,61.65217079140734
8,31,117.66,34.0883258891732,235.32,168.68686950331386
8,32,117.66,62.23170485290189,235.32,62.231708104667675
8,33,117.66,44.96603500848141,235.32,130.54579967769914
8,34,117.66,38.031235727429895,235.32,150.23034128003565
8,35,117.66,69.04681663319234,235.32,72.17747982106741
8,36,117.66,65.2425916972534,235.32,65.24259504413847
8,37,117.66,35.325816763913934,235.32,165.3299997642256
8,38,117.66,34.89103014956748,235.32,142.45079429058586
8,39,117.66,44.572448338317606,235.32,44.57244925689437
8,40,117.66,25.670950600019797,235.32,167.8910299340321
8,41,117.66,40.52095391287416,235.32,165.32999979263775
8,42,117.66,47.335591907802,235.32,132.95471728807752
8,43,117.66,57.886791878490904,235.32,104.13375238785243
8,44,117.66,22.942917433652827,235.32,168.68686966146757
8,45,117.66,28.265207850789086,235.32,114.45660758704204
8,46,117.66,40.79531966381016,235.32,164.55000011311057
8,47,117.66,45.944444309980284,235.32,95.84332108911084
8,48,117.66,73.94684426875075,235.32,73.9468452802241
8,49,117.66,70.10529276160709,235.32,70.10529356713931
8,50,117.66,55.1255520569531,235.32,165.32999753796977
8,51,117.66,65.33684850617331,235.32,65.33684941933495
8,52,117.66,20.08109046785018,235.32,85.77072964599857
8,53,117.66,42.414671316955385,235.32,153.8749128185189
8,54,117.66,72.13028831171079,235.32,72.13028858054417
8,55,117.66,52.64071132039725,235.32,139.61072430587623
8,56,117.66,22.148068093775372,235.32,108.0730354640184
8,57,117.66,55.17556028241897,235.32,90.93660725356749
8,58,117.66,39.6676899140932,235.32,90.11345862889745
8,59,117.66,48.34494916931833,235.32,150.00081205675588
8,60,117.66,33.89275215268898,235.32,114.40027482895485
8,61,117.66,27.041171698010732,235.32,106.07397908610754
8,62,117.66,39.93283933702206,235.32,147.20952728970948
8,63,117.66,24.676861832967397,235.32,167.89101692802305
8,64,117.66,41.20211802226633,235.32,86.66257152338761
8,65,117.66,72.22118260188608,235.32,107.44954054894151
8,66,117.66,50.56743286213348,235.32,149.00887436447522
8,67,117.66,31.515435655054123,235.32,168.6868652099205
8,68,117.66,61.39611882721508,235.32,121.87885668369651
8,69,117.66,61.177022527660874,235.32,61.1770237888363
8,70,117.66,64.75113543241189,235.32,82.13281931071596
8,71,117.66,58.07083552085412,235.32,78.88605299387905
8,72,117.66,75.12189085811734,235.32,100.06312726459778
8,73,117.66,29.177962036208587,235.32,72.95241711547524
8,74,117.66,42.8599418477698,235.32,170.07194044616196
8,75,117.66,47.47063272415595,235.32,165.3299903938655
8,76,117.66,30.721064880939657,235.32,97.58143509140487
8,77,117.66,41.008343959341474,235.32,41.00834535997229
8,78,117.66,73.0251427588164,235.32,115.0429746808277
8,79,117.66,52.42024477339938,235.32,123.93508911399955
8,80,117.66,64.41399538232756,235.32,94.41573122500448
8,81,117.66,35.2593272788362,235.32,164.22001160013664
8,82,117.66,54.645420576683385,235.32,62.90240627996282
8,83,117.66,32.08727346439747,235.32,91.9927291673978
8,84,117.66,31.540816536492574,235.32,81.15765169325661
8,85,117.66,74.53089627745028,235.32,102.77227606765335
8,86,117.66,36.04674924911659,235.32,70.88085311704909
8,87,117.66,32.009642238163906,235.32,168.68686629500493
8,88,117.66,35.11201978747657,235.32,159.70950195290635
8,89,117.66,20.637209550635156,235.32,167.89103144339092
8,90,117.66,51.57540852043154,235.32,51.57541064394382
8,91,117.66,28.43094355463664,235.32,164.5500010701073
8,92,117.66,42.40650693516523,235.32,104.27339000563049
8,93,117.66,61.320856562575834,235.32,155.4404986529058
8,94,117.66,68.48743552584243,235.32,68.48743723369381
8,95,117.66,32.14254436717414,235.32,144.38711698599477
8,96,117.66,48.533694539964415,235.32,72.68451202393167
8,97,117.66,23.680038401684307,235.32,164.55000012352758
8,98,117.66,26.329137963094933,235.32,161.66692833233668
8,99,117.66,40.97169656584627,235.32,87.78384114383255
9,0,127.35000000000001,50.37041048918069,254.70000000000002,168.6868677988256
9,1,127.35000000000001,32.37462775195031,254.70000000000002,122.8498777950059
9,2,127.35000000000001,21.321440709259875,254.70000000000002,111.47296680500327
9,3,127.35000000000001,39.147839865675635,254.70000000000002,102.35691454353508
9,4,127.35000000000001,42.78281026460691,254.70000000000002,167.89103174727092
9,5,127.35000000000001,61.7800707706653,254.70000000000002,154.91112746523356
9,6,127.35000000000001,33.28144448443056,254.70000000000002,77.88689900181485
9,7,127.35000000000001,33.30476987263951,254.70000000000002,164.54999818482307
9,8,127.35000000000001,20.24946668321268,254.70000000000002,98.90765413655701
9,9,127.35000000000001,37.69129995033657,254.70000000000002,167.8910315018675
9,10,127.35000000000001,26.364047999823377,254.70000000000002,90.16480886555735
9,11,127.35000000000001,46.63249662911162,254.70000000000002,164.549998701482
9,12,127.35000000000001,40.038035186359245,254.70000000000002,139.24625454621867
9,13,127.35000000000001,27.873462920595525,254.70000000000002,167.89103192780163
9,14,127.35000000000001,17.847588180312357,254.70000000000002,164.18055955427474
9,15,127.35000000000001,67.53396644199607,254.70000000000002,151.5602562921002
9,16,127.35000000000001,66.7544283175098,254.70000000000002,175.51270363568202
9,17,127.35000000000001,23.144358193400624,254.70000000000002,178.69855982714606
9,18,127.35000000000001,61.674747043642874,254.70000000000002,88.32212761110118
9,19,127.35000000000001,67.37689158609017,254.70000000000002,164.55000034421005
9,20,127.35000000000001,29.77985057725239,254.70000000000002,158.05066841274632
9,21,127.35000000000001,59.73812608769963,254.70000000000002,107.04937431559533
9,22,127.35000000000001,43.60389836222675,254.70000000000002,167.89103194863705
9,23,127.35000000000001,43.7555166883216,254.70000000000002,97.94884733054141
9,24,127.35000000000001,21.49942648387167,254.70000000000002,73.30037216805403
9,25,127.35000000000001,40.13820715665121,254.70000000000002,167.89103260210405
9,26,127.35000000000001,67.51910775327721,254.70000000000002,91.18731542214664
9,27,127.35000000000001,23.763983462120972,254.70000000000002,129.84434889480744
9,28,127.35000000000001,60.68891753938814,254.70000000000002,60.6889197864393
9,29,127.35000000000001,61.95104128519581,254.70000000000002,114.37188298480802
9,30,127.35000000000001,21.355010128790564,254.70000000000002,83.29124371655257
9,31,127.35000000000001,53.5133307033913,254.70000000000002,168.6868691596568
9,32,127.35000000000001,17.553455159314137,254.70000000000002,143.91751102237964
9,33,127.35000000000001,35.66594863047146,254.70000000000002,130.54579993310736
9,34,127.35000000000001,61.52940593821435,254.70000000000002,147.24075631471166
9,35,127.35000000000001,62.08144290786463,254.70000000000002,73.64295754477247
9,36,127.35000000000001,66.62070695227733,254.70000000000002,165.32999904067788
9,37,127.35000000000001,40.30527330528097,254.70000000000002,165.3300005295403
9,38,127.35000000000001,31.348713664236705,254.70000000000002,139.61602423323117
9,39,127.35000000000001,42.91347040421129,254.70000000000002,105.61301690929315
9,40,127.35000000000001,39.08262313492273,254.70000000000002,164.5499972329539
9,41,127.35000000000001,50.863446585656504,254.70000000000002,168.6868689907223
9,42,127.35000000000001,64.72743951399403,254.70000000000002,132.53405100954956
9,43,127.35000000000001,39.86089876978036,254.70000000000002,104.13375389893898
9,44,127.35000000000001,61.86058210324265,254.70000000000002,61.86058258766439
9,45,127.35000000000001,58.40002611328494,254.70000000000002,116.78054097449788
9,46,127.35000000000001,26.72520352035609,254.70000000000002,182.32686725025903
9,47,127.35000000000001,50.673801543064066,254.70000000000002,95.84330507418144
9,48,127.35000000000001,60.16245378475143,254.70000000000002,132.4923270542723
9,49,127.35000000000001,50.257988004493825,254.70000000000002,92.6749068991422
9,50,127.35000000000001,59.44565938654338,254.70000000000002,146.21060073743612
9,51,127.35000000000001,40.37364781684162,254.70000000000002,102.55277210799834
9,52,127.35000000000001,41.17098076733714,254.70000000000002,41.170983125223735
9,53,127.35000000000001,55.73380372647353,254.70000000000002,156.99919816188793
9,54,127.35000000000001,47.97515723621439,254.70000000000002,123.89839211859575
9,55,127.35000000000001,61.19229855043115,254.70000000000002,139.61072313922728
9,56,127.35000000000001,39.32054737968752,254.70000000000002,108.07303397472678
9,57,127.35000000000001,59.793959364928135,254.70000000000002,90.9365769336406
9,58,127.35000000000001,49.411316567733614,254.70000000000002,91.94312798148704
9,59,127.35000000000001,32.46486149611617,254.70000000000002,150.0008117462092
9,60,127.35000000000001,53.51605646932017,254.70000000000002,114.40028120076684
9,61,127.35000000000001,60.463422034507985,254.70000000000002,106.07398031161748
9,62,127.35000000000001,31.76470023394099,254.70000000000002,150.19847101173542
9,63,127.35000000000001,25.786223294139827,254.70000000000002,186.02882804028496
9,64,127.35000000000001,47.140866793352984,254.70000000000002,84.93798599569396
9,65,127.35000000000001,66.5457778802818,254.70000000000002,107.44954078087532
9,66,127.35000000000001,38.84263266303425,254.70000000000002,152.0343581454083
9,67,127.35000000000001,21.139525169580615,254.70000000000002,168.68687112202397
9,68,127.35000000000001,25.918229992018706,254.70000000000002,135.0458283757093
9,69,127.35000000000001,54.76909758152822,254.70000000000002,182.3268674823979
9,70,127.35000000000001,20.76533600954621,254.70000000000002,83.80045049534475
9,71,127.35000000000001,37.756688320664615,254.70000000000002,78.88605331824033
9,72,127.35000000000001,39.544154470064655,254.70000000000002,100.0631277208028
9,73,127.35000000000001,63.40619953471711,254.70000000000002,72.9524164376444
9,74,127.35000000000001,19.808910205638576,254.70000000000002,170.07194109160434
9,75,127.35000000000001,18.61919759247581,254.70000000000002,168.68686041497514
9,76,127.35000000000001,63.13114433991998,254.70000000000002,97.5814343498335
9,77,127.35000000000001,40.98890654266728,254.70000000000002,92.56064758736511
9,78,127.35000000000001,24.14624103329741,254.70000000000002,117.37881478002403
9,79,127.35000000000001,56.567135664386726,254.70000000000002,56.56713787425931
9,80,127.35000000000001,32.963029376255776,254.70000000000002,96.33275370150518
9,81,127.35000000000001,49.45704337000689,254.70000000000002,160.95203170415226
9,82,127.35000000000001,46.436679942783286,254.70000000000002,82.00877673126054
9,83,127.35000000000001,26.337959566494458,254.70000000000002,93.86055607765175
9,84,127.35000000000001,60.70779270063998,254.70000000000002,60.707794134398895
9,85,127.35000000000001,38.64479813149911,254.70000000000002,102.77227609753523
9,86,127.35000000000001,55.19014737325785,254.70000000000002,70.8808535506814
9,87,127.35000000000001,64.25045905759634,254.70000000000002,168.6868720191358
9,88,127.35000000000001,33.146488875944414,254.70000000000002,156.53128591152458
9,89,127.35000000000001,58.669585778982835,254.70000000000002,164.55000751576765
9,90,127.35000000000001,48.218104785145634,254.70000000000002,75.24380095883544
9,91,127.35000000000001,29.95530208813516,254.70000000000002,167.89103155727852
9,92,127.35000000000001,52.6765939979728,254.70000000000002,104.27338893466187
9,93,127.35000000000001,23.587057012202447,254.70000000000002,172.2332392714647
9,94,127.35000000000001,37.813837558342065,254.70000000000002,154.29009211160866
9,95,127.35000000000001,21.899350602302203,254.70000000000002,141.88305672225528
9,96,127.35000000000001,24.720011764110165,254.70000000000002,74.01844324773216
9,97,127.35000000000001,32.483172063284975,254.70000000000002,167.89103146095167
9,98,127.35000000000001,54.34522196585471,254.70000000000002,158.44975586879846
9,99,127.35000000000001,23.87800512698726,254.70000000000002,87.78384292724944
10,0,132.405,64.21191395358385,264.81,165.3299981123593
10,1,132.405,35.87830465617147,264.81,136.12174578888852
10,2,132.405,30.05076615847971,264.81,123.51575233731712
10,3,132.405,28.368745002157997,264.81,113.41486284508282
10,4,132.405,33.41980392513399,264.81,182.32687330465947
10,5,132.405,31.195523519332124,264.81,168.230906646922
10,6,132.405,22.466408607511514,264.81,86.30127312331474
10,7,132.405,26.38155571338107,264.81,178.6985621378558
10,8,132.405,60.16018523052967,264.81,98.90765972903985
10,9,132.405,48.586290661552965,264.81,164.54999943767734
10,10,132.405,29.566302204260765,264.81,90.16480886701176
10,11,132.405,61.54500006092097,264.81,166.86750941070602
10,12,132.405,51.944160121738676,264.81,142.07351775564817
10,13,132.405,34.91912354924791,264.81,164.5500015926964
10,14,132.405,65.7940209464784,264.81,151.18147512344694
10,15,132.405,29.768379596116958,264.81,167.93380320802257
10,16,132.405,38.33468350209183,264.81,175.51270315385983
10,17,132.405,42.22986014700776,264.81,182.32686857280777
10,18,132.405,62.315754994296036,264.81,88.32213115171528
10,19,132.405,44.01848332294617,264.81,161.27545625308352
10,20,132.405,54.106840963397694,264.81,154.9054556706357
10,21,132.405,22.60400896395009,264.81,109.2229114134456
10,22,132.405,60.06506519730914,264.81,164.54999949954671
10,23,132.405,65.26802380791507,264.81,95.99966334047811
10,24,132.405,61.10320467896477,264.81,73.26159413227283
10,25,132.405,27.064278895313862,264.81,182.32686634949823
10,26,132.405,63.594926086366534,264.81,91.18731442747455
10,27,132.405,32.39926833446998,264.81,129.84434700638948
10,28,132.405,19.354652409770306,264.81,107.47144423059555
10,29,132.405,19.364725124822403,264.81,116.69409710811962
10,30,132.405,65.42322148614474,264.81,81.6337471515898
10,31,132.405,39.237843323031136,264.81,168.6868694139672
10,32,132.405,62.62262108791404,264.81,143.91750915859825
10,33,132.405,18.498450539045713,264.81,144.64908572757633
10,34,132.405,54.5829447736159,264.81,153.2806242516112
10,35,132.405,23.5240652484849,264.81,75.1382118837482
10,36,132.405,32.03848584900715,264.81,183.19113485641157
10,37,132.405,39.11848837583581,264.81,168.68686934354545
10,38,132.405,58.261430499835306,264.81,139.6160242465641
10,39,132.405,60.37502726623536,264.81,107.75738839006807
10,40,132.405,52.42365624120007,264.81,167.89103014431208
10,41,132.405,32.88952077192488,264.81,168.68686945329506
10,42,132.405,57.886467770517484,264.81,132.95471751333133
10,43,132.405,27.376819604724602,264.81,113.08752448423687
10,44,132.405,45.956445963311225,264.81,168.6868692330356
10,45,132.405,18.149282334325047,264.81,126.82172593019646
10,46,132.405,60.61584280485684,264.81,164.5499990700172
10,47,132.405,48.49711103044191,264.81,95.84332132912297
10,48,132.405,28.807309680919158,264.81,146.80590445320442
10,49,132.405,34.48779457282241,264.81,92.67490708804613
10,50,132.405,41.45986634416484,264.81,168.6868577250126
10,51,132.405,56.22876118211795,264.81,104.63501023867614
10,52,132.405,41.050200282149525,264.81,84.06389347860733
10,53,132.405,49.73301360439803,264.81,156.99919743798932
10,54,132.405,17.032018911477174,264.81,137.28353714026355
10,55,132.405,30.16357629239571,264.81,154.69332321688543
10,56,132.405,50.948766100362604,264.81,117.365518319492
10,57,132.405,66.47809778679532,264.81,66.47810295639557
10,58,132.405,44.170266729761025,264.81,91.94312647574466
10,59,132.405,27.998314511468536,264.81,153.04643745786018
10,60,132.405,49.89216124286947,264.81,114.40027722253066
10,61,132.405,62.20100971731355,264.81,103.96310518723497
10,62,132.405,55.5717026459876,264.81,150.1984766560327
10,63,132.405,23.24325650820726,264.81,167.89101952865389
10,64,132.405,34.13737579848897,264.81,86.71983438747468
10,65,132.405,34.9213544668226,264.81,109.63120527563326
10,66,132.405,63.41831485058133,264.81,149.0088730182121
10,67,132.405,35.942764996585616,264.81,168.68687068519685
10,68,132.405,42.33497152891982,264.81,121.87885751271568
10,69,132.405,34.90644560892747,264.81,167.89103406751457
10,70,132.405,65.7861402423658,264.81,82.13281881418573
10,71,132.405,26.28808782038547,264.81,87.40836895171442
10,72,132.405,24.103794846998174,264.81,102.09482011246467
10,73,132.405,33.89222093456646,264.81,74.43364752661293
10,74,132.405,19.998857763958995,264.81,188.44536537588587
10,75,132.405,53.790078375993374,264.81,168.68684709652885
10,76,132.405,20.315140532184277,264.81,99.56273333599871
10,77,132.405,57.09921248971693,264.81,92.56064853250135
10,78,132.405,64.4154484301845,264.81,115.04297673351932
10,79,132.405,42.720304424750694,264.81,123.93508945082385
10,80,132.405,58.986461952796304,264.81,94.41573159306432
10,81,132.405,48.76486674208209,264.81,160.9520322001951
10,82,132.405,31.461295070675007,264.81,90.86845032579612
10,83,132.405,56.517434863046326,264.81,91.99272914379247
10,84,132.405,64.91519578341406,264.81,81.15765190907395
10,85,132.405,61.17594915436345,264.81,102.77227506941058
10,86,132.405,33.038793000888475,264.81,70.88086704133426
10,87,132.405,41.27071066000404,264.81,168.68686854075742
10,88,132.405,18.622211824093974,264.81,176.79683385997006
10,89,132.405,51.6967940522584,264.81,167.89102994671373
10,90,132.405,29.69311588894816,264.81,76.77155355053587
10,91,132.405,37.059736097115135,264.81,167.89103204486668
10,92,132.405,34.299552135677445,264.81,104.27338901708856
10,93,132.405,21.472957914151007,264.81,158.59657061152114
10,94,132.405,21.932576300906273,264.81,167.55647996491294
10,95,132.405,52.72277955636559,264.81,144.7638636097716
10,96,132.405,41.56918797477042,264.81,74.16030295017838
10,97,132.405,49.377894254799976,264.81,167.89103145069305
10,98,132.405,46.445687227563354,264.81,161.66693036676
10,99,132.405,37.32547171329572,264.81,87.78384314360693
11,0,138.435,31.264599220475798,276.87,183.19113372046104
11,1,138.435,37.28367369061818,276.87,125.34422779546202
11,2,138.435,37.07717990491576,276.87,123.51575010770716
11,3,138.435,75.73225737617311,276.87,102.35691356101628
11,4,138.435,80.31575768406628,276.87,167.89103277961854
11,5,138.435,89.1236232606957,276.87,154.9111263966573
11,6,138.435,64.44186304643702,276.87,77.88690037042733
11,7,138.435,62.43574987773697,276.87,164.54999784467955
11,8,138.435,59.49410222536874,276.87,100.9158805118501
11,9,138.435,79.04694070549924,276.87,167.89103507524618
11,10,138.435,79.93287425342325,276.87,88.37052744730914
11,11,138.435,40.206330168583655,276.87,182.32685236908372
11,12,138.435,32.35445053365479,276.87,157.4221773572504
11,13,138.435,86.89306184893513,276.87,164.549996931566
11,14,138.435,68.7344935359358,276.87,154.2510723699217
11,15,138.435,79.36128691757423,276.87,154.63754399424388
11,16,138.435,76.5111192040578,276.87,198.60057063501978
11,17,138.435,60.760659275794374,276.87,167.8910317815126
11,18,138.435,23.437643447991878,276.87,90.1154288380931
11,19,138.435,44.525417947061655,276.87,186.0288386046888
11,20,138.435,31.4176817191687,276.87,175.12539001798217
11,21,138.435,58.347295339718755,276.87,109.22291160356772
11,22,138.435,62.54230116881139,276.87,167.89103186693018
11,23,138.435,36.08261938166309,276.87,108.53057729530849
11,24,138.435,57.972101757498756,276.87,73.2615920549188
11,25,138.435,74.93476623590469,276.87,182.3268662809833
11,26,138.435,27.461851155778756,276.87,93.03878967187704
11,27,138.435,46.05966838899951,276.87,141.00880214430381
11,28,138.435,44.79270581295643,276.87,96.99298164817813
11,29,138.435,66.45546400346764,276.87,126.72784721565569
11,30,138.435,72.78231747971971,276.87,83.29124452516932
11,31,138.435,49.223458205099625,276.87,168.68687021769372
11,32,138.435,83.79208967320592,276.87,159.46536919605228
11,33,138.435,77.70474398630155,276.87,130.54579888731598
11,34,138.435,29.809567287517357,276.87,166.46020877834252
11,35,138.435,26.611975693867844,276.87,81.59884665916367
11,36,138.435,49.74726581911192,276.87,168.68687029703494
11,37,138.435,23.82332729553148,276.87,203.97509013360806
11,38,138.435,66.01470832482305,276.87,154.69919385974066
11,39,138.435,67.05524179034714,276.87,107.75738962279364
11,40,138.435,76.77452976790447,276.87,167.8910307440719
11,41,138.435,62.842423698706924,276.87,165.32999960664523
11,42,138.435,51.58013244203681,276.87,144.3866132557343
11,43,138.435,46.98284435214938,276.87,106.2480931238556
11,44,138.435,42.33280005872525,276.87,183.19113701654874
11,45,138.435,24.793047613944516,276.87,126.82172556198967
11,46,138.435,29.89259013699938,276.87,182.32686587496914
11,47,138.435,58.47566157986799,276.87,95.84332206461232
11,48,138.435,36.456688608213526,276.87,146.8058839391416
11,49,138.435,41.49131894182092,276.87,92.6749075678073
11,50,138.435,27.793833216255905,276.87,201.87636235024985
11,51,138.435,61.221322959048045,276.87,102.55277252382548
11,52,138.435,58.318204804309154,276.87,93.14558723638268
11,53,138.435,83.11195787858148,276.87,111.91496064315307
11,54,138.435,46.965199463797084,276.87,137.28353740342916
11,55,138.435,65.19005698224896,276.87,142.4453886204251
11,56,138.435,56.07399601063212,276.87,108.07303527396644
11,57,138.435,44.18826440660792,276.87,100.76078713341883
11,58,138.435,86.62778242340998,276.87,99.84870612791042
11,59,138.435,54.949748756286986,276.87,166.20588645943664
11,60,138.435,40.689012117421846,276.87,116.7230652910871
11,61,138.435,78.87236109107498,276.87,106.07397956198625
11,62,138.435,28.550608297711758,276.87,166.42489989166117
11,63,138.435,35.685320428869936,276.87,182.3268539493695
11,64,138.435,84.99410718955875,276.87,84.99410777725338
11,65,138.435,34.98135780106986,276.87,109.63120254344429
11,66,138.435,50.76684278991476,276.87,165.10678568575958
11,67,138.435,81.33724277506552,276.87,186.91065442995463
11,68,138.435,81.92873354873268,276.87,135.0458241696032
11,69,138.435,48.11333248288424,276.87,167.89103265896216
11,70,138.435,61.99362058373519,276.87,83.80044970172712
11,71,138.435,85.55518770574216,276.87,85.55518816630678
11,72,138.435,68.71933710749433,276.87,100.06312845270612
11,73,138.435,57.32221128267717,276.87,74.43364702734311
11,74,138.435,63.5843525191551,276.87,184.6953006604504
11,75,138.435,23.70544595801371,276.87,276.86999607676626
11,76,138.435,26.51428957252977,276.87,99.56273715205049
11,77,138.435,62.80777078832781,276.87,102.56027311786036
11,78,138.435,65.5989808943904,276.87,127.47144106870391
11,79,138.435,63.66808618789345,276.87,123.93509006551973
11,80,138.435,43.326098421086094,276.87,104.61577033698592
11,81,138.435,60.170877518765174,276.87,164.2200121115359
11,82,138.435,56.90960273201048,276.87,82.38981666376324
11,83,138.435,41.460471875489496,276.87,93.86055479298533
11,84,138.435,87.06930252801534,276.87,87.06930523785762
11,85,138.435,29.037233969408828,276.87,113.87509867520053
11,86,138.435,89.8660875088653,276.87,89.86608762596097
11,87,138.435,24.517881189748127,276.87,276.8699979139827
11,88,138.435,39.840637379646125,276.87,173.44186478868448
11,89,138.435,37.23767211786411,276.87,186.0288414135476
11,90,138.435,30.995467307589884,276.87,85.06543654209743
11,91,138.435,44.27710714905509,276.87,182.32686741557836
11,92,138.435,45.14847863712022,276.87,106.39056171064757
11,93,138.435,26.894972634332653,276.87,172.23323903192366
11,94,138.435,67.30617120642752,276.87,157.42280597871596
11,95,138.435,22.830397718708465,276.87,157.21114489308835
11,96,138.435,68.16644136586645,276.87,74.01844365749218
11,97,138.435,87.69488790965039,276.87,167.89103612452132
11,98,138.435,84.0593725653776,276.87,175.56759521242563
11,99,138.435,87.7838389042176,276.87,87.78384275733913
12,0,152.55,65.483512661388,305.1,186.91065947463062
12,1,152.55,73.37966121701557,305.1,161.48449840090194
12,2,152.55,95.95368422787816,305.1,95.95368727002057
12,3,152.55,58.38931794885474,305.1,305.09999490713676
12,4,152.55,88.19812660686567,305.1,186.02884838005738
12,5,152.55,82.61683324492643,305.1,154.9111266639211
12,6,152.55,53.52167408656053,305.1,76.33694808418386
12,7,152.55,48.70404904006969,305.1,186.02884210293138
12,8,152.55,106.33051601003656,305.1,106.33051641183691
12,9,152.55,61.632708161664944,305.1,167.89103245421828
12,10,152.55,99.90560610138583,305.1,99.9056067869001
12,11,152.55,39.213733762104525,305.1,186.02882928462222
12,12,152.55,52.99221777964976,305.1,157.42217891239204
12,13,152.55,34.41603319770966,305.1,167.89104069854656
12,14,152.55,94.22869238046123,305.1,305.0999986867073
12,15,152.55,44.45422900747221,305.1,167.93380412088436
12,16,152.55,72.84479548274336,305.1,305.09999967276286
12,17,152.55,69.42204731119315,305.1,182.3268703187999
12,18,152.55,72.97292535291335,305.1,88.32213302736301
12,19,152.55,36.36079402299267,305.1,305.09999755489673
12,20,152.55,52.820310343436155,305.1,175.12538912126473
12,21,152.55,101.33890686476214,305.1,118.61426361228371
12,22,152.55,64.92722951085939,305.1,195.39826345456268
12,23,152.55,108.5305772253998,305.1,108.53057802126726
12,24,152.55,42.957891644444665,305.1,81.17627791354191
12,25,152.55,102.96586314900468,305.1,167.8910319480779
12,26,152.55,103.09007000323001,305.1,103.09007108612379
12,27,152.55,78.43937049975764,305.1,143.87185085876965
12,28,152.55,54.505481322478914,305.1,107.47144459002217
12,29,152.55,53.79137592031932,305.1,116.6940958991299
12,30,152.55,58.511883811027225,305.1,90.45290593001832
12,31,152.55,63.12340685878448,305.1,200.78187793002954
12,32,152.55,87.4133283038317,305.1,159.46537471642813
12,33,152.55,56.40938291016015,305.1,144.64908729070797
12,34,152.55,99.9020979490609,305.1,150.2303387691112
12,35,152.55,37.35147811245025,305.1,305.09999794662474
12,36,152.55,109.46385760090863,305.1,270.0638364236562
12,37,152.55,56.68004590247791,305.1,203.97508681081078
12,38,152.55,93.31968723371378,305.1,142.45079582532912
12,39,152.55,73.45855628115652,305.1,73.45856337823223
12,40,152.55,33.045957687039,305.1,186.0288433591666
12,41,152.55,54.82467924056557,305.1,244.35391592197564
12,42,152.55,85.42021917174924,305.1,132.9547176247031
12,43,152.55,114.27632418832873,305.1,114.27632663246068
12,44,152.55,101.08882677901697,305.1,186.91065785851248
12,45,152.55,116.7805419209658,305.1,116.78054296909241
12,46,152.55,66.46509103193304,305.1,66.46509715374359
12,47,152.55,83.0425103889563,305.1,106.19758331117586
12,48,152.55,56.13661534397886,305.1,146.80590219524862
12,49,152.55,51.384963031959614,305.1,102.68687854338097
12,50,152.55,30.581913994460326,305.1,305.09999685733845
12,51,152.55,47.71151133739606,305.1,113.63188040438112
12,52,152.55,70.17494406827375,305.1,84.0638928794873
12,53,152.55,46.95096831906589,305.1,305.0999938968276
12,54,152.55,111.28753838373466,305.1,123.89838915989455
12,55,152.55,45.82419421063715,305.1,154.69332204027998
12,56,152.55,108.07303323396404,305.1,108.07303705835236
12,57,152.55,113.38476230095034,305.1,113.38476370440098
12,58,152.55,101.52926039530733,305.1,101.52926087889038
12,59,152.55,77.88408631792142,305.1,166.20588410357192
12,60,152.55,76.18352404852159,305.1,116.72306602399374
12,61,152.55,64.96417332624925,305.1,115.19457831237123
12,62,152.55,61.40330453948888,305.1,147.20952454904116
12,63,152.55,91.78749718192782,305.1,164.5499836071948
12,64,152.55,96.02500879622,305.1,96.0250107713948
12,65,152.55,77.82330148708452,305.1,119.05766501123638
12,66,152.55,51.96135628868105,305.1,161.8211579504249
12,67,152.55,32.19783140590925,305.1,172.11190998573014
12,68,152.55,76.04364077754263,305.1,121.87885453692114
12,69,152.55,37.04441532315396,305.1,186.02884580237162
12,70,152.55,32.56400387073389,305.1,82.13282055574554
12,71,152.55,81.41173376027145,305.1,81.41173868738815
12,72,152.55,35.87046730637058,305.1,102.09481828275912
12,73,152.55,68.30943029308078,305.1,72.9524179022531
12,74,152.55,82.47499618104261,305.1,184.69529393877977
12,75,152.55,50.61426538830473,305.1,165.3299849859613
12,76,152.55,109.88181385689631,305.1,109.88181434528363
12,77,152.55,66.34611569732155,305.1,305.0999943356205
12,78,152.55,39.751330863638366,305.1,117.37882016888494
12,79,152.55,57.83507631654814,305.1,137.3241987390629
12,80,152.55,56.11547727620807,305.1,106.73989364783442
12,81,152.55,57.322303667336605,305.1,181.96123213017853
12,82,152.55,84.71669317058044,305.1,91.29065472586586
12,83,152.55,36.99619224129483,305.1,93.86056376242145
12,84,152.55,101.40002588590576,305.1,101.4000283870376
12,85,152.55,114.94479202035016,305.1,114.94479245171829
12,86,152.55,33.856654817342594,305.1,70.88086896854645
12,87,152.55,102.3129710772634,305.1,249.87517577610498
12,88,152.55,96.44492216286031,305.1,159.70950645463174
12,89,152.55,104.80210380532667,305.1,182.32687135323275
12,90,152.55,82.9701953858691,305.1,85.06543671560256
12,91,152.55,36.30274250045442,305.1,186.02884306443735
12,92,152.55,69.59908145283407,305.1,115.53838210841099
12,93,152.55,98.21881478267622,305.1,175.73027448905432
12,94,152.55,112.95420516305725,305.1,154.2900989543719
12,95,152.55,64.56018421708221,305.1,144.3871261160844
12,96,152.55,54.80329492273201,305.1,74.01845481308965
12,97,152.55,89.58257257027205,305.1,186.02884474626921
12,98,152.55,111.95377915611425,305.1,158.44975301700958
12,99,152.55,77.16150255262035,305.1,77.16151240926102
13,0,129.165,268.3971754826373,536.7943509652746,265.72664025125334
13,1,129.165,126.57559145847844,258.33,125.31614559288504
13,2,129.165,94.0821714701863,258.33,94.08216937913807
13,3,129.165,254.1830665567597,508.3661331135194,251.65392603678617
13,4,129.165,366.2741649624164,732.5483299248328,362.6297522501127
13,5,129.165,235.39372690610156,470.7874538122031,233.0515989737578
13,6,129.165,163.93431001080504,327.86862002161007,162.30317734113848
13,7,129.165,189.28564732259275,378.5712946451855,187.40228506618337
13,8,129.165,321.83343209182266,643.6668641836453,318.63117993389955
13,9,129.165,276.3038899700734,552.6077799401468,273.55454336529294
13,10,129.165,217.37617685299716,434.7523537059943,215.21333415380903
13,11,129.165,287.40139142440023,574.8027828488005,284.5417323972501
13,12,129.165,157.42217884542742,314.84435769085485,155.85584292178024
13,13,129.165,352.6134374639351,705.2268749278702,349.10481890698907
13,14,129.165,182.32611551427559,364.65223102855117,180.51199764778502
13,15,129.165,351.83703445845316,703.6740689169063,348.33623850345646
13,16,129.165,269.6086994618801,539.2173989237602,266.9260065188704
13,17,129.165,117.6673004362115,258.33,116.49649933416464
13,18,129.165,192.39128771666716,384.78257543333433,190.4770049377002
13,19,129.165,100.32926052645236,258.33,100.32926003859404
13,20,129.165,296.7522903093995,593.504580618799,293.7995926179062
13,21,129.165,109.2229117049401,258.33,108.13610197385135
13,22,129.165,361.0046554629917,722.0093109259834,357.412561543094
13,23,129.165,186.70334150893754,373.4066830178751,184.84565897382106
13,24,129.165,155.63908431399705,311.2781686279941,154.0905070879496
13,25,129.165,180.79393118769298,361.58786237538595,178.9950779629607
13,26,129.165,314.32787883273966,628.6557576654793,311.20033969570204
13,27,129.165,197.2642422646536,394.5284845293072,195.30156012236756
13,28,129.165,328.93807164733823,657.8761432946765,325.66513103402735
13,29,129.165,290.40320123644926,580.8064024728985,287.5136617440514
13,30,129.165,150.01090501741913,300.02181003483827,148.5183107066395
13,31,129.165,200.78187560905147,401.56375121810294,198.78415618350957
13,32,129.165,150.02458768781386,300.0491753756277,148.53182406072978
13,33,129.165,319.51492974315335,639.0298594863067,316.3356680541825
13,34,129.165,155.10138986643105,310.2027797328621,153.5581434194345
13,35,129.165,168.4027574837714,336.8055149675428,166.72716579534378
13,36,129.165,299.5084137525933,599.0168275051866,296.52824119347395
13,37,129.165,277.3965129783809,554.7930259567618,274.6363796577368
13,38,129.165,142.4507939877351,284.9015879754702,141.03342128636
13,39,129.165,346.41370238129355,692.8274047625871,342.96687911450545
13,40,129.165,260.03654207283483,520.0730841456697,257.4491886725043
13,41,129.165,249.3152939423849,498.6305878847698,246.83463072472858
13,42,129.165,153.90971640445426,307.8194328089085,152.37835860507423
13,43,129.165,148.52078490498502,297.04156980997004,147.04304215012132
13,44,129.165,277.63738846369966,555.2747769273993,274.8748398975892
13,45,129.165,204.2781645828479,408.5563291656958,202.2456150025804
13,46,129.165,243.57389000981348,487.14778001962696,241.15036259695634
13,47,129.165,130.89082919240101,261.78165838480203,129.5884928629167
13,48,129.165,188.56625366983016,377.1325073396603,186.69004433598343
13,49,129.165,246.52822801395573,493.05645602791145,244.07528898491998
13,50,129.165,294.42870732340964,588.8574146468193,291.4991100454721
13,51,129.165,282.4486121884058,564.8972243768116,279.6382696234468
13,52,129.165,121.13082381113838,258.33,119.9255815340611
13,53,129.165,244.87328563892817,489.74657127785633,242.43683648095592
13,54,129.165,274.0595383626576,548.1190767253152,271.3326111034438
13,55,129.165,324.1542265595711,648.3084531191422,320.92886623727026
13,56,129.165,193.2068284600749,386.4136569201498,191.28447476379847
13,57,129.165,314.49455497670937,628.9891099534187,311.3653577375219
13,58,129.165,91.94312664498914,258.33,91.02828052866786
13,59,129.165,250.04173069971023,500.08346139942046,247.5537594319602
13,60,129.165,134.50172389688217,269.00344779376434,133.16341246198553
13,61,129.165,106.07397924591494,258.33,105.01851625070005
13,62,129.165,229.0314539848127,458.0629079696254,226.75259555799698
13,63,129.165,172.2379129139755,344.475825827951,170.52415909861645
13,64,129.165,165.93739269519097,331.87478539038193,164.2863327728532
13,65,129.165,257.0973539027923,514.1947078055846,254.53914435537146
13,66,129.165,168.45912264989946,336.9182452997989,166.78301231428924
13,67,129.165,187.87665829516823,375.75331659033645,186.00729285425
13,68,129.165,188.1026218423647,376.2052436847294,186.23102781804315
13,69,129.165,242.95498040533366,485.9099608106673,240.5375659405249
13,70,129.165,350.3575650577314,700.7151301154628,346.8715059986119
13,71,129.165,117.9301821283137,258.33,116.75676089925527
13,72,129.165,178.19064342959607,356.38128685919213,176.4176776770006
13,73,129.165,282.32897339572946,564.6579467914589,279.5198207883793
13,74,129.165,170.0719387798387,340.1438775596774,168.379720606996
13,75,129.165,330.59713918784854,661.1942783756971,327.30769349759544
13,76,129.165,167.39651355749766,334.7930271149953,165.73100863591125
13,77,129.165,138.09662969212013,276.19325938424026,136.72258256762575
13,78,129.165,121.93938487270741,258.33,120.7260657530971
13,79,129.165,282.8094814966589,565.6189629933178,279.99541635903125
13,80,129.165,106.73989381653585,258.33,105.67782323383588
13,81,129.165,235.40621774498356,470.81243548996713,233.06392703956354
13,82,129.165,93.14420633576933,258.33,92.21739906196274
13,83,129.165,242.04778195099613,484.09556390199225,239.63937795346405
13,84,129.165,181.92028160827866,363.8405632165573,180.11020702996424
13,85,129.165,262.3122075418086,524.6244150836172,259.70217516271134
13,86,129.165,323.9492416204295,647.898483240859,320.72593912373725
13,87,129.165,322.73821617774377,645.4764323554875,319.52688330870456
13,88,129.165,159.70950495524795,319.4190099104959,158.1204188004345
13,89,129.165,175.92046677805646,351.84093355611293,174.17006553699926
13,90,129.165,134.13442493805763,268.26884987611527,132.79977347288207
13,91,129.165,363.97236601610376,727.9447320322075,360.35081593153797
13,92,129.165,123.55325478271978,258.33,122.3239228405586
13,93,129.165,105.90629615351487,258.33,104.85248685348594
13,94,129.165,357.30215920091,714.60431840182,353.7469912261375
13,95,129.165,112.01144729244292,258.33,110.89692760369623
13,96,129.165,165.0179361191922,330.0358722383844,163.37605057581055
13,97,129.165,105.79942724176203,258.33,105.79942630910742
13,98,129.165,346.3634007369728,692.7268014739456,342.9169260125224
13,99,129.165,235.02643476299272,470.05286952598544,232.68785499031864
14,0,131.79,173.5664727379864,347.1329454759728,173.56647476325185
14,1,131.79,136.12174690937226,272.2434938187445,136.12174786433812
14,2,131.79,126.02362259203105,263.58,126.0236231722639
14,3,131.79,102.3569128238719,263.58,102.35691472985837
14,4,131.79,82.41958698176225,263.58,82.41958893041601
14,5,131.79,155.83583042453822,311.67166084907643,155.83583205895525
14,6,131.79,77.88689779466458,263.58,77.88690043020658
14,7,131.79,55.66777642509817,263.58,55.667780213331255
14,8,131.79,124.25968513069972,263.58,124.25968645124628
14,9,131.79,71.54511732756299,263.58,71.54512008614455
14,10,131.79,83.7716783466871,263.58,88.37052509364511
14,11,131.79,169.68973576614147,339.37947153228293,169.6897374431754
14,12,131.79,144.4499944999079,288.8999889998158,144.44999529408943
14,13,131.79,60.11577654254981,263.58,167.8910373751162
14,14,131.79,170.91531494403046,341.8306298880609,170.91531448836378
14,15,131.79,171.34354095978887,342.68708191957774,171.3435418461327
14,16,131.79,175.67019995915328,351.34039991830656,175.67020074332947
14,17,131.79,119.72522581596175,263.58,119.72523517170106
14,18,131.79,97.98198518178913,263.58,97.9819882062755
14,19,131.79,162.25661681530218,324.51323363060436,162.25661985940164
14,20,131.79,175.12539045034165,350.2507809006833,175.12539106241695
14,21,131.79,157.65464956606183,315.30929913212367,157.6546499187574
14,22,131.79,176.34693357146153,352.69386714292307,176.10678046979714
14,23,131.79,57.96449887387174,263.58,57.96450205753436
14,24,131.79,48.26751711718975,263.58,73.26158947485092
14,25,131.79,139.7618126456506,279.5236252913012,139.76181455587826
14,26,131.79,74.33452184043448,263.58,74.3345229993949
14,27,131.79,141.0088002380407,282.0176004760814,141.0088007953344
14,28,131.79,95.10186958258956,263.58,95.10187153409736
14,29,131.79,129.3009348175003,263.58,129.3009366694984
14,30,131.79,83.29124369428823,263.58,83.29124502918837
14,31,131.79,72.49085985870155,263.58,181.20564323822344
14,32,131.79,77.45569058169707,263.58,159.46538322932358
14,33,131.79,144.64908428463508,289.29816856927016,144.64908472226847
14,34,131.79,153.2806232138983,306.5612464277966,153.2806236097769
14,35,131.79,52.33519109686578,263.58,52.3351922331199
14,36,131.79,131.4479316635727,263.58,246.8427761831856
14,37,131.79,184.08752078606432,368.17504157212863,184.08752194421064
14,38,131.79,173.5324607358744,347.0649214717488,173.53246144336916
14,39,131.79,56.16665503166203,263.58,99.22563674285392
14,40,131.79,128.0990465560835,263.58,128.09904879877521
14,41,131.79,170.24532504819257,340.49065009638514,170.2453267261306
14,42,131.79,147.31824644786602,294.63649289573203,147.31824703423695
14,43,131.79,129.3144445926757,263.58,129.314444959789
14,44,131.79,90.4739988661467,263.58,168.68687002607362
14,45,131.79,60.66110510755679,263.58,71.62871623085753
14,46,131.79,123.4393368239485,263.58,167.89103331229586
14,47,131.79,141.9187142004365,283.837428400873,141.91871486249482
14,48,131.79,132.49230753879084,264.9846150775817,132.4923092107184
14,49,131.79,88.00819724660391,263.58,100.643402670538
14,50,131.79,182.19341579980596,364.3868315996119,182.19341722923411
14,51,131.79,112.60960004291312,263.58,112.60960013871903
14,52,131.79,86.60718849073072,263.58,86.60718848161979
14,53,131.79,158.89988532351214,317.7997706470243,158.89988721917393
14,54,131.79,140.07094818240233,280.14189636480467,140.07094888988883
14,55,131.79,157.8342239787312,315.6684479574624,156.26371410912446
14,56,131.79,90.90944210790683,263.58,105.92237916303392
14,57,131.79,94.04650815260926,263.58,94.0465111660757
14,58,131.79,64.24132407106596,263.58,64.24132704072557
14,59,131.79,46.976144451000025,263.58,162.89838752563566
14,60,131.79,47.73543424352745,263.58,126.75930643520148
14,61,131.79,170.8935702278694,341.7871404557388,170.89356992589055
14,62,131.79,166.42489935450286,332.8497987090057,166.4248993705502
14,63,131.79,139.47641235257834,278.9528247051567,139.4764158701974
14,64,131.79,59.087456554047385,263.58,86.66258207992195
14,65,131.79,73.77877690261299,263.58,73.7787791221295
14,66,131.79,153.6803275992125,307.360655198425,165.10678472351856
14,67,131.79,46.847105974630125,263.58,168.6868665194863
14,68,131.79,137.78780391496008,275.57560782992016,137.78780523713442
14,69,131.79,48.47325845952912,263.58,88.95709061584847
14,70,131.79,139.96801573406466,279.93603146812933,139.96801614988192
14,71,131.79,82.11527749918105,263.58,82.11528193819404
14,72,131.79,157.73967285517364,315.4793457103473,157.7396728555243
14,73,131.79,126.4011724270883,263.58,126.40117563431485
14,74,131.79,87.8824442469222,263.58,184.69529818322343
14,75,131.79,141.86162721244716,283.7232544248943,141.8616273435421
14,76,131.79,58.81542646385043,263.58,58.815429968551335
14,77,131.79,53.40986881710173,263.58,53.40987099616032
14,78,131.79,103.98537762171173,263.58,103.98537802316939
14,79,131.79,134.59143513335908,269.18287026671817,134.59144512763677
14,80,131.79,142.99926168004114,285.9985233600823,142.99926206753207
14,81,131.79,181.9612303480197,363.9224606960394,181.9612302475174
14,82,131.79,73.98750202564668,263.58,73.98750466533059
14,83,131.79,91.99272522099614,263.58,91.99272807936107
14,84,131.79,91.75122650912905,263.58,91.75122668542932
14,85,131.79,59.27179502984792,263.58,113.87509592821348
14,86,131.79,70.88085136173945,263.58,70.88085237964718
14,87,131.79,68.96866943274132,263.58,68.96867706895587
14,88,131.79,49.39282086261848,263.58,156.53128112270952
14,89,131.79,167.83872271073528,335.67744542147057,167.89103170921433
14,90,131.79,74.70096610194203,263.58,74.70096874894998
14,91,131.79,98.24253299242919,263.58,111.65662346871135
14,92,131.79,171.49833146246317,342.99666292492634,171.49833097252395
14,93,131.79,175.7302717495549,351.4605434991098,175.73027228328246
14,94,131.79,174.4297002605799,348.8594005211598,174.4297008183264
14,95,131.79,156.80201190698142,313.60402381396284,156.8020124403464
14,96,131.79,133.9988470581166,267.9976941162332,133.9988483804047
14,97,131.79,169.1132635466458,338.2265270932916,169.11326405174637
14,98,131.79,179.13233031286495,358.2646606257299,179.1323306826986
14,99,131.79,170.55076448784445,341.1015289756889,170.55076490287496
15,0,136.755,5.7198223267093065,273.51,168.68689649966134
15,1,136.755,8.824140982901255,273.51,8.824146299135819
15,2,136.755,5.226841796829872,273.51,273.50999619666635
15,3,136.755,2.9770663932793604,273.51,2.9770914995184703
15,4,136.755,6.288704482440262,273.51,273.5099970753539
15,5,136.755,8.845696564724499,273.51,273.5099948624279
15,6,136.755,3.4453457682388975,273.51,3.4453502920870362
15,7,136.755,3.6806413096440997,273.51,273.50999749801736
15,8,136.755,9.30414351589165,273.51,9.304162069255884
15,9,136.755,8.340354739205338,273.51,8.340369849912653
15,10,136.755,5.118058938284958,273.51,273.50999857386273
15,11,136.755,7.321200286129994,273.51,7.3212011954396585
15,12,136.755,3.5196995107584286,273.51,3.5197168224187303
15,13,136.755,7.771392638945762,273.51,167.89104265453068
15,14,136.755,8.182661937783767,273.51,8.182666728030078
15,15,136.755,9.781079664723302,273.51,273.5099984544077
15,16,136.755,3.729769065099667,273.51,3.729786769983883
15,17,136.755,4.466192752213751,273.51,273.5099904359978
15,18,136.755,4.80368494118635,273.51,4.8037049462200745
15,19,136.755,8.364494337222451,273.51,273.50998962015314
15,20,136.755,8.405867398800247,273.51,273.50999365763107
15,21,136.755,8.153600822689508,273.51,118.61426673360185
15,22,136.755,2.9114726030028546,273.51,199.36564030271094
15,23,136.755,5.050338574389257,273.51,5.050345617375443
15,24,136.755,4.658468637498356,273.51,4.65848172649269
15,25,136.755,5.66372372448015,273.51,273.50999493344705
15,26,136.755,2.856509198225882,273.51,91.18731528937238
15,27,136.755,6.333065503281899,273.51,6.3330890032194445
15,28,136.755,4.362910626580553,273.51,4.362921356127254
15,29,136.755,9.881994355935168,273.51,9.882000445418694
15,30,136.755,2.940258842708263,273.51,83.29125664066264
15,31,136.755,10.212218175405074,273.51,273.5099983149835
15,32,136.755,6.045020280239917,273.51,6.045026234691476
15,33,136.755,7.542500954344869,273.51,114.31627315394373
15,34,136.755,9.659315721051637,273.51,273.5099991856265
15,35,136.755,7.61704412645956,273.51,7.617051557960098
15,36,136.755,4.896284599818118,273.51,273.5099986174715
15,37,136.755,10.159281537849905,273.51,273.50999553049576
15,38,136.755,7.287759996635989,273.51,273.5099945145339
15,39,136.755,8.139691964067245,273.51,99.2256654801225
15,40,136.755,8.942286725546609,273.51,164.54999645555793
15,41,136.755,7.212943063069906,273.51,273.50999960272844
15,42,136.755,6.400129761664102,273.51,273.50999707738134
15,43,136.755,9.495004395923413,273.51,94.42935014188618
15,44,136.755,4.012641676538344,273.51,273.509989957476
15,45,136.755,6.043134035038627,273.51,12.165256681025522
15,46,136.755,5.8882824887837035,273.51,273.509997817015
15,47,136.755,6.2437381482103,273.51,95.84331284973388
15,48,136.755,4.988508276478404,273.51,132.4923168442091
15,49,136.755,4.476963544656029,273.51,90.83067417444032
15,50,136.755,4.779053504169929,273.51,273.5099929478975
15,51,136.755,6.727212112197992,273.51,6.727217080970557
15,52,136.755,8.80341686916257,273.51,8.803422888131443
15,53,136.755,7.82686869384566,273.51,176.06635461293016
15,54,136.755,6.974633922128072,273.51,273.5099935020376
15,55,136.755,9.835504643494577,273.51,154.69331923968517
15,56,136.755,6.08809891636909,273.51,6.088119832408219
15,57,136.755,9.38369622165421,273.51,9.383713685641782
15,58,136.755,5.529284813881642,273.51,273.5099890760999
15,59,136.755,7.798587451644683,273.51,77.89854490886916
15,60,136.755,3.1889930874517503,273.51,129.33303196154012
15,61,136.755,7.512457219849494,273.51,106.07398502131147
15,62,136.755,7.634226573421195,273.51,147.20951632664998
15,63,136.755,8.03636158775265,273.51,182.32685223848378
15,64,136.755,10.17073939858255,273.51,94.11410629034454
15,65,136.755,9.267538638598403,273.51,107.44953436798804
15,66,136.755,3.475586476836141,273.51,273.50999886230636
15,67,136.755,10.160524090390197,273.51,273.50999908875104
15,68,136.755,6.643423939447907,273.51,6.643429253393247
15,69,136.755,9.009045419970388,273.51,9.00905321588585
15,70,136.755,6.569293755935747,273.51,83.80044841990346
15,71,136.755,9.899190112848384,273.51,9.899191361793543
15,72,136.755,9.280873787490437,273.51,9.280880728411978
15,73,136.755,10.29270511172157,273.51,72.95241241782887
15,74,136.755,7.348494133602708,273.51,184.69529035796631
15,75,136.755,4.453864066957923,273.51,273.50998992227073
15,76,136.755,10.220049512946428,273.51,10.220080281472207
15,77,136.755,5.409056845486582,273.51,5.40908413816673
15,78,136.755,2.856773374992385,273.51,273.5099991548203
15,79,136.755,6.811116287211289,273.51,273.50998465275154
15,80,136.755,6.923591739692484,273.51,90.88556574460907
15,81,136.755,4.787961619407995,273.51,4.787966329474164
15,82,136.755,4.735060063795311,273.51,82.38981785975119
15,83,136.755,6.078709377447384,273.51,6.078722524488635
15,84,136.755,6.542449227086131,273.51,273.5099850048366
15,85,136.755,3.46148948064324,273.51,273.50999533240025
15,86,136.755,10.19286596012026,273.51,10.192868268776788
15,87,136.755,5.673944585952191,273.51,273.50999919889944
15,88,136.755,5.660821686766961,273.51,156.53128371314864
15,89,136.755,8.222536026372255,273.51,182.3268629628634
15,90,136.755,5.137941595107873,273.51,5.137942791555536
15,91,136.755,5.021706135848401,273.51,5.021721587311806
15,92,136.755,6.829145470466997,273.51,6.829149581383421
15,93,136.755,4.868074374814803,273.51,172.23323720348748
15,94,136.755,7.486335171040554,273.51,273.5099965663733
15,95,136.755,6.703856153849594,273.51,273.50999379649755
15,96,136.755,9.371112990105651,273.51,74.01845752753916
15,97,136.755,8.589483338969762,273.51,273.50999070711055
15,98,136.755,4.813626652141856,273.51,273.5099928019424
15,99,136.755,4.710567236490456,273.51,86.03693887787867
16,0,144.75,33.77788119215879,289.5,183.19111518030735
16,1,144.75,33.28047736203517,289.5,33.280492917933884
16,2,144.75,13.098709496491631,289.5,13.098712085031186
16,3,144.75,26.51701093648194,289.5,289.4999982822214
16,4,144.75,35.82750949037376,289.5,35.82752442454112
16,5,144.75,37.195924378912956,289.5,171.646677473336
16,6,144.75,33.962549961166005,289.5,76.33693484540389
16,7,144.75,15.554535844783034,289.5,15.554547989267983
16,8,144.75,18.286099088949282,289.5,18.286103190345287
16,9,144.75,19.600867162126107,289.5,289.4999928671839
16,10,144.75,18.498533094126014,289.5,99.9055945637809
16,11,144.75,16.140954204481783,289.5,186.02882901165353
16,12,144.75,39.4969430166284,289.5,157.4221786667349
16,13,144.75,11.626802522684915,289.5,292.1050389825241
16,14,144.75,36.37031966326044,289.5,36.37032337203882
16,15,144.75,13.404617076275883,289.5,13.40462254080485
16,16,144.75,37.94170749923851,289.5,198.6005756082301
16,17,144.75,34.354436627999966,289.5,182.32686473239065
16,18,144.75,28.6684905214755,289.5,28.6684980506164
16,19,144.75,32.57906936545928,289.5,171.29989940634476
16,20,144.75,24.788373140585506,289.5,24.78838514565853
16,21,144.75,19.827305855022985,289.5,289.4999876739694
16,22,144.75,33.20000573884099,289.5,195.39825502701908
16,23,144.75,17.70916003544585,289.5,17.70917486396037
16,24,144.75,28.278661239856728,289.5,28.2786633121654
16,25,144.75,38.83777330844554,289.5,289.4999934898356
16,26,144.75,39.115821109160514,289.5,101.0385738723901
16,27,144.75,14.259727136964763,289.5,84.25748496900299
16,28,144.75,22.31300344039811,289.5,282.95232217522044
16,29,144.75,16.295428111649546,289.5,289.49999682825427
16,30,144.75,39.53801124799228,289.5,39.538012669114906
16,31,144.75,25.001356509178464,289.5,200.7818803450146
16,32,144.75,40.33345787078799,289.5,159.46538113826824
16,33,144.75,18.80612534630233,289.5,116.63736417347967
16,34,144.75,23.148928753427306,289.5,289.49999149645686
16,35,144.75,31.063142751918548,289.5,73.64295712087954
16,36,144.75,22.244679266392254,289.5,289.4999926806716
16,37,144.75,41.65675037966062,289.5,184.08752166495367
16,38,144.75,18.192233259108537,289.5,289.4999931069797
16,39,144.75,25.806872782179656,289.5,25.80687799669589
16,40,144.75,28.1499809338037,289.5,164.55000715183982
16,41,144.75,22.63756313299457,289.5,273.51000549040117
16,42,144.75,14.098517829220638,289.5,289.4999987141715
16,43,144.75,13.378558120640434,289.5,94.42936238347535
16,44,144.75,26.904120504310836,289.5,26.90412509503303
16,45,144.75,10.598746402789384,289.5,77.78758204475191
16,46,144.75,10.441342382143317,289.5,189.47821897155356
16,47,144.75,35.0570911320198,289.5,106.19757985794426
16,48,144.75,26.464796627054632,289.5,132.49231778006342
16,49,144.75,37.42829653378663,289.5,37.42830656167968
16,50,144.75,21.247463486503616,289.5,289.49999675420474
16,51,144.75,38.93105961312892,289.5,38.931061875477965
16,52,144.75,38.96201877502857,289.5,93.14558699135065
16,53,144.75,28.916095681722535,289.5,289.4999941776145
16,54,144.75,23.131573938253915,289.5,123.89839573435357
16,55,144.75,25.32720205375524,289.5,154.69330689394263
16,56,144.75,19.588663579686454,289.5,289.4999953971908
16,57,144.75,33.917257269584226,289.5,33.91726328756325
16,58,144.75,30.642150321742186,289.5,289.4999938993641
16,59,144.75,29.94194991417763,289.5,29.941958410249136
16,60,144.75,22.30986683580829,289.5,126.75929445916371
16,61,144.75,36.1168644343008,289.5,289.49999526282164
16,62,144.75,26.65758515616639,289.5,289.4999930855849
16,63,144.75,21.247035971584634,289.5,289.49999351526736
16,64,144.75,13.862893939354159,289.5,84.93798424790907
16,65,144.75,14.85289794560226,289.5,289.49999714993874
16,66,144.75,24.7911849027067,289.5,24.791202608117352
16,67,144.75,36.709363328906996,289.5,289.4999981648983
16,68,144.75,25.61470004313137,289.5,25.61471274503265
16,69,144.75,13.345795804719309,289.5,289.49999431422395
16,70,144.75,28.571169496408395,289.5,83.80045839657086
16,71,144.75,33.98242307470906,289.5,33.98242473318277
16,72,144.75,35.40548756418619,289.5,100.0631292283869
16,73,144.75,33.163908251557075,289.5,72.95241700196637
16,74,144.75,34.63159403921249,289.5,170.07193929604995
16,75,144.75,14.643309052730082,289.5,289.4999980488362
16,76,144.75,19.615305998312298,289.5,19.615312144650826
16,77,144.75,38.45200015173408,289.5,92.56063087634692
16,78,144.75,33.77561899797158,289.5,289.49999257830774
16,79,144.75,22.558887885245515,289.5,121.46877907140608
16,80,144.75,28.252748643662198,289.5,100.70422860908191
16,81,144.75,29.617150067844353,289.5,29.617156100836723
16,82,144.75,36.95526070245178,289.5,82.38981687583694
16,83,144.75,29.019521474026973,289.5,101.93100084841589
16,84,144.75,31.940300475775345,289.5,31.940304335597915
16,85,144.75,37.09304471714876,289.5,102.77226892744096
16,86,144.75,39.824519873810324,289.5,69.47030811566603
16,87,144.75,36.82955447459641,289.5,280.56321219876946
16,88,144.75,19.787360417638137,289.5,289.49999136907155
16,89,144.75,13.600121938305017,289.5,167.8910284188235
16,90,144.75,25.34844373390677,289.5,75.24378986352257
16,91,144.75,36.477825471702204,289.5,113.92370948542418
16,92,144.75,27.54611212735949,289.5,92.92460055053009
16,93,144.75,37.86116718808749,289.5,37.86118126130103
16,94,144.75,18.322852323819514,289.5,90.26160028486404
16,95,144.75,18.35529847772842,289.5,289.49999285348713
16,96,144.75,13.36046136894185,289.5,13.360464334703694
16,97,144.75,20.241651821746558,289.5,182.32686770703071
16,98,144.75,10.461772352612005,289.5,10.46178067085206
16,99,144.75,24.62773128927647,289.5,87.78384767681389
17,0,152.16,66.44763790765553,304.32,168.6868688158047
17,1,152.16,56.280339866869895,304.32,133.41291816497827
17,2,152.16,64.41951566985645,304.32,113.73631970253628
17,3,152.16,67.06533659096037,304.32,67.06534533128608
17,4,152.16,71.34253525620375,304.32,182.32686915793607
17,5,152.16,41.50524815367658,304.32,172.67128444596779
17,6,152.16,28.4511699114604,304.32,304.3199995351308
17,7,152.16,36.88808423794612,304.32,186.02885407518886
17,8,152.16,34.513420567842935,304.32,109.59297260175515
17,9,152.16,27.10128851629039,304.32,182.3268682321447
17,10,152.16,88.47811103066482,304.32,90.16481025149326
17,11,152.16,35.175124053281756,304.32,167.8910112362645
17,12,152.16,23.304134659049215,304.32,304.31999790662354
17,13,152.16,77.93431571656761,304.32,182.32686987313355
17,14,152.16,55.36629858421789,304.32,55.36629889854188
17,15,152.16,24.445806326569553,304.32,82.29946152095403
17,16,152.16,77.99860833290457,304.32,194.64841725646696
17,17,152.16,81.47748497405222,304.32,304.31999823713784
17,18,152.16,70.18802809800356,304.32,97.86386163614907
17,19,152.16,46.8535801946483,304.32,304.31999717823277
17,20,152.16,66.42180448231043,304.32,66.42180737392451
17,21,152.16,56.75715246284203,304.32,74.34817172471293
17,22,152.16,87.05440832150582,304.32,199.36564090535933
17,23,152.16,58.798946150871416,304.32,58.798951832438426
17,24,152.16,82.34565000005277,304.32,304.31999442416793
17,25,152.16,53.098719286486634,304.32,167.89103734808245
17,26,152.16,45.7939556893189,304.32,304.31999943293835
17,27,152.16,41.20717418299831,304.32,91.50221183612955
17,28,152.16,24.415456525779042,304.32,107.47144508282504
17,29,152.16,37.7340665814671,304.32,37.734076486156795
17,30,152.16,88.782094961334,304.32,92.28946656186575
17,31,152.16,39.10172630313868,304.32,196.78631785938754
17,32,152.16,55.305449075133595,304.32,304.3199965853736
17,33,152.16,29.360763621582777,304.32,116.63736684975237
17,34,152.16,44.39867407718902,304.32,44.39868082428368
17,35,152.16,77.2158191830361,304.32,81.59884654922548
17,36,152.16,59.88410705085072,304.32,270.0638344604175
17,37,152.16,82.77438695672333,304.32,199.91599796150135
17,38,152.16,78.55119044536102,304.32,140.25049113836624
17,39,152.16,68.68017480141269,304.32,97.25104426834677
17,40,152.16,82.8873518894104,304.32,182.32686537522542
17,41,152.16,90.05472820608557,304.32,273.50999878043797
17,42,152.16,38.35798939074785,304.32,113.67793161380658
17,43,152.16,51.3870912297706,304.32,94.42935983905836
17,44,152.16,51.66795381933583,304.32,186.91066085629654
17,45,152.16,45.09380472963689,304.32,77.78758901347366
17,46,152.16,84.45081768631101,304.32,186.0288488454243
17,47,152.16,81.39138553957972,304.32,106.19758568332504
17,48,152.16,45.21634636143313,304.32,146.80590175919076
17,49,152.16,66.57974687463407,304.32,100.64340346502532
17,50,152.16,76.73449777015962,304.32,76.73450053183718
17,51,152.16,80.36707145153161,304.32,115.93907523389062
17,52,152.16,87.19565545620935,304.32,87.19565642262019
17,53,152.16,89.49219872858419,304.32,89.49219993614447
17,54,152.16,44.53071860910492,304.32,126.41403721108011
17,55,152.16,71.31150270576236,304.32,71.31150391792917
17,56,152.16,35.710803577005784,304.32,117.36551936906838
17,57,152.16,75.67663448040425,304.32,100.76077318054726
17,58,152.16,58.34301667522401,304.32,59.292748112875756
17,59,152.16,87.21483718824582,304.32,87.21484106383816
17,60,152.16,76.58539839078216,304.32,76.58540569442361
17,61,152.16,53.04986729419208,304.32,117.53349670654
17,62,152.16,74.78748233563715,304.32,147.20952217619393
17,63,152.16,56.75348027054081,304.32,186.0288307899296
17,64,152.16,63.56813691233251,304.32,86.66257394670582
17,65,152.16,72.6653637611331,304.32,107.44954148005621
17,66,152.16,65.77672136624804,304.32,123.61449869758611
17,67,152.16,84.22523681000132,304.32,186.14657122336519
17,68,152.16,32.732242592525694,304.32,137.78780516193174
17,69,152.16,39.88362510558031,304.32,88.9570905075936
17,70,152.16,27.968450725160455,304.32,85.5019410589445
17,71,152.16,63.979829112357244,304.32,63.97983216296764
17,72,152.16,83.79835400964419,304.32,304.3199981920467
17,73,152.16,63.58967029768834,304.32,74.43365428116809
17,74,152.16,84.99667451387151,304.32,304.3199951004417
17,75,152.16,24.973554667982015,304.32,183.19112065799018
17,76,152.16,47.175386210139365,304.32,65.16944810479234
17,77,152.16,60.0501894974031,304.32,304.31999881775494
17,78,152.16,76.2852146677872,304.32,130.0596305511287
17,79,152.16,90.6040937469859,304.32,134.59145275223833
17,80,152.16,23.720590063069682,304.32,92.730918499885
17,81,152.16,42.09838044625851,304.32,304.31999897232885
17,82,152.16,77.50048437545354,304.32,89.47396842105337
17,83,152.16,39.127409397698585,304.32,101.93100114973113
17,84,152.16,58.0272407556539,304.32,70.0791010016188
17,85,152.16,25.615242470939283,304.32,104.85896883617983
17,86,152.16,56.54418763611987,304.32,304.3199987882268
17,87,152.16,47.79374874269548,304.32,276.8699993426081
17,88,152.16,38.639674976590946,304.32,304.319995344751
17,89,152.16,79.79671954195409,304.32,186.0288444995617
17,90,152.16,27.781962390707598,304.32,304.3199959318635
17,91,152.16,64.18177070808308,304.32,113.92370317386136
17,92,152.16,62.41236238397956,304.32,304.3199958626975
17,93,152.16,34.906198184183836,304.32,172.23323610375726
17,94,152.16,50.01732045740606,304.32,90.26159915622335
17,95,152.16,43.38048535071823,304.32,141.51381041973866
17,96,152.16,76.54290524391777,304.32,76.54291871787972
17,97,152.16,59.454581155123996,304.32,167.89103306391365
17,98,152.16,86.99452535499398,304.32,86.9945313245813
17,99,152.16,80.82566627595408,304.32,87.78384013091066
18,0,155.20499999999998,76.70726655936642,310.40999999999997,310.4099956218209
18,1,155.20499999999998,61.96433835485792,310.40999999999997,310.40999679335414
18,2,155.20499999999998,49.46913651194749,310.40999999999997,252.1840233233958
18,3,155.20499999999998,56.36972181166836,310.40999999999997,113.41486265517756
18,4,155.20499999999998,54.302220737656235,310.40999999999997,310.40999906081356
18,5,155.20499999999998,97.65107913679132,310.40999999999997,97.65107963130876
18,6,155.20499999999998,96.90859067990023,310.40999999999997,96.90859390246996
18,7,155.20499999999998,71.69542177857488,310.40999999999997,310.409997661454
18,8,155.20499999999998,91.79092944635086,310.40999999999997,109.59296765531714
18,9,155.20499999999998,101.2298483906026,310.40999999999997,310.4099941140119
18,10,155.20499999999998,95.31096113663435,310.40999999999997,95.31096324008261
18,11,155.20499999999998,33.058201779948355,310.40999999999997,182.32685247162672
18,12,155.20499999999998,81.27264732169337,310.40999999999997,81.2726527627731
18,13,155.20499999999998,46.32805641361113,310.40999999999997,182.32686897241024
18,14,155.20499999999998,31.974138720610696,310.40999999999997,48.973715867322284
18,15,155.20499999999998,34.59009369111871,310.40999999999997,80.66169643589046
18,16,155.20499999999998,74.67644537024277,310.40999999999997,310.40999679572343
18,17,155.20499999999998,60.82788673139348,310.40999999999997,60.8278888162843
18,18,155.20499999999998,71.57837650190535,310.40999999999997,310.4099969962577
18,19,155.20499999999998,47.45075269014876,310.40999999999997,310.40999899943836
18,20,155.20499999999998,64.0348267560439,310.40999999999997,96.13356203924572
18,21,155.20499999999998,75.85774092477806,310.40999999999997,75.85774356242673
18,22,155.20499999999998,95.03461143852523,310.40999999999997,310.40999821220095
18,23,155.20499999999998,67.47404066298523,310.40999999999997,67.47404358636379
18,24,155.20499999999998,82.54922157560277,310.40999999999997,82.54922408034189
18,25,155.20499999999998,55.39640156400878,310.40999999999997,310.409998810346
18,26,155.20499999999998,66.15888883430284,310.40999999999997,91.18731386444014
18,27,155.20499999999998,56.0054738121138,310.40999999999997,82.58074431149373
18,28,155.20499999999998,71.38394162095184,310.40999999999997,95.06281509520944
18,29,155.20499999999998,29.32664687338477,310.40999999999997,124.20596094332717
18,30,155.20499999999998,54.94734988390075,310.40999999999997,90.45290257035936
18,31,155.20499999999998,86.08525873745684,310.40999999999997,310.40999877181366
18,32,155.20499999999998,75.81358397691608,310.40999999999997,162.70317244587346
18,33,155.20499999999998,86.07956588714181,310.40999999999997,86.07957387479088
18,34,155.20499999999998,54.59296852257423,310.40999999999997,166.46020767780524
18,35,155.20499999999998,69.9467638878615,310.40999999999997,81.59883844501084
18,36,155.20499999999998,66.19863442991955,310.40999999999997,243.73261138158173
18,37,155.20499999999998,34.811553277999685,310.40999999999997,184.08753144126237
18,38,155.20499999999998,94.77535495534497,310.40999999999997,154.69918965650874
18,39,155.20499999999998,69.27414792970804,310.40999999999997,106.7668736239584
18,40,155.20499999999998,71.50049749874395,310.40999999999997,310.40999771545586
18,41,155.20499999999998,34.26674566623067,310.40999999999997,268.0671458677449
18,42,155.20499999999998,83.71951998343862,310.40999999999997,83.71952343449584
18,43,155.20499999999998,78.04880215448476,310.40999999999997,94.42934881810568
18,44,155.20499999999998,52.642275865674,310.40999999999997,186.91066035194214
18,45,155.20499999999998,71.62871141891716,310.40999999999997,71.62871419884465
18,46,155.20499999999998,62.42758909151284,310.40999999999997,167.60109912664484
18,47,155.20499999999998,81.5522553114168,310.40999999999997,97.78933600594266
18,48,155.20499999999998,36.76335718501745,310.40999999999997,149.78664497673546
18,49,155.20499999999998,29.36660336659308,310.40999999999997,102.68687902468767
18,50,155.20499999999998,56.007975171729186,310.40999999999997,182.19341525988207
18,51,155.20499999999998,87.47385531962306,310.40999999999997,102.55277393529548
18,52,155.20499999999998,41.72026977718264,310.40999999999997,85.77073538069361
18,53,155.20499999999998,28.228217388746668,310.40999999999997,310.40999850664855
18,54,155.20499999999998,76.25170792863035,310.40999999999997,137.2835371358205
18,55,155.20499999999998,54.92713196908856,310.40999999999997,154.69332075994618
18,56,155.20499999999998,29.86434694461581,310.40999999999997,108.07303890374607
18,57,155.20499999999998,78.70088513068391,310.40999999999997,102.80664609209758
18,58,155.20499999999998,59.09050444649462,310.40999999999997,59.09050755661988
18,59,155.20499999999998,41.34578977117419,310.40999999999997,78.71139278148843
18,60,155.20499999999998,45.73099536574289,310.40999999999997,114.40027324403184
18,61,155.20499999999998,86.98300937459454,310.40999999999997,86.9830139474984
18,62,155.20499999999998,26.60514460728769,310.40999999999997,150.19847368915921
18,63,155.20499999999998,27.455554220604046,310.40999999999997,167.8910248239865
18,64,155.20499999999998,40.580090210295474,310.40999999999997,94.11410720548668
18,65,155.20499999999998,77.15544741392085,310.40999999999997,121.4750224386969
18,66,155.20499999999998,102.52233839070036,310.40999999999997,123.6145044703481
18,67,155.20499999999998,47.37924133788688,310.40999999999997,310.40999591507307
18,68,155.20499999999998,76.17704375360931,310.40999999999997,135.04582425130656
18,69,155.20499999999998,65.47628682430557,310.40999999999997,98.56741835894519
18,70,155.20499999999998,98.1513821916182,310.40999999999997,98.15139354330672
18,71,155.20499999999998,57.208971861422725,310.40999999999997,57.20897286529721
18,72,155.20499999999998,44.08297987392814,310.40999999999997,100.06312774057847
18,73,155.20499999999998,49.093451039941336,310.40999999999997,80.83369784097367
18,74,155.20499999999998,97.29336657682684,310.40999999999997,310.4099976623245
18,75,155.20499999999998,82.2231788986342,310.40999999999997,186.91064478492228
18,76,155.20499999999998,56.352872954207534,310.40999999999997,56.35287596923004
18,77,155.20499999999998,61.080972639773435,310.40999999999997,61.08097685656142
18,78,155.20499999999998,79.72908265272419,310.40999999999997,79.72908692694287
18,79,155.20499999999998,53.73971752676042,310.40999999999997,134.59144379196889
18,80,155.20499999999998,79.32954918002771,310.40999999999997,90.8855578439555
18,81,155.20499999999998,30.513112364480094,310.40999999999997,160.95203874190213
18,82,155.20499999999998,53.574899863180136,310.40999999999997,90.86844848134939
18,83,155.20499999999998,93.17151368882868,310.40999999999997,310.4099980071704
18,84,155.20499999999998,37.05996968534507,310.40999999999997,71.50198274486908
18,85,155.20499999999998,83.730909194676,310.40999999999997,116.18722152871518
18,86,155.20499999999998,73.01961878816914,310.40999999999997,73.01962496781834
18,87,155.20499999999998,31.261707983492222,310.40999999999997,248.16944762389164
18,88,155.20499999999998,86.58319937609797,310.40999999999997,176.96344135372257
18,89,155.20499999999998,97.05972684144527,310.40999999999997,167.89104612798957
18,90,155.20499999999998,39.73654070501633,310.40999999999997,76.77156893815945
18,91,155.20499999999998,54.86820627320783,310.40999999999997,113.9237007601369
18,92,155.20499999999998,87.06138474921484,310.40999999999997,87.06138559977916
18,93,155.20499999999998,101.30489130263435,310.40999999999997,101.30489892975088
18,94,155.20499999999998,72.60868791296411,310.40999999999997,72.60869211702708
18,95,155.20499999999998,97.23898035063476,310.40999999999997,159.9857289739943
18,96,155.20499999999998,74.1602999591343,310.40999999999997,74.16030750783597
18,97,155.20499999999998,42.49248856159598,310.40999999999997,310.4099994566095
18,98,155.20499999999998,26.77483539310379,310.40999999999997,310.4099946431068
18,99,155.20499999999998,98.742393197927,310.40999999999997,310.4099977738129
19,0,141.435,30.027085923886013,282.87,186.9106581845867
19,1,141.435,80.69394528490902,282.87,133.41292303481967
19,2,141.435,94.53976167093923,282.87,123.86482850325899
19,3,141.435,95.03863769923785,282.87,102.35691362550916
19,4,141.435,73.1312433141191,282.87,186.02884746191734
19,5,141.435,73.85986508950529,282.87,96.51494639469092
19,6,141.435,26.31435902050402,282.87,84.5838773850406
19,7,141.435,96.83228055160149,282.87,167.89103159249925
19,8,141.435,38.278560807866455,282.87,109.59296694350571
19,9,141.435,70.23116479744762,282.87,186.0288416375653
19,10,141.435,84.48071560497682,282.87,101.9340931826558
19,11,141.435,78.84484806650961,282.87,186.02882756308125
19,12,141.435,42.06159008770485,282.87,117.66882047705171
19,13,141.435,69.31890210437088,282.87,167.89103209591255
19,14,141.435,50.93582329212983,282.87,50.9358256369391
19,15,141.435,96.66550468991674,282.87,96.66550466302975
19,16,141.435,89.80995867118494,282.87,282.86999868162883
19,17,141.435,28.403215073621126,282.87,62.062944371587925
19,18,141.435,85.96874548099352,282.87,97.86385788574466
19,19,141.435,100.21547628809718,282.87,186.02884196294008
19,20,141.435,31.417330924752502,282.87,98.08546858791343
19,21,141.435,73.13353161893706,282.87,74.34817211645769
19,22,141.435,64.51256491025163,282.87,179.92747825097717
19,23,141.435,68.82036244782046,282.87,68.82036332199299
19,24,141.435,87.97934919503615,282.87,87.97934975017651
19,25,141.435,97.7301314370143,282.87,167.89103223789587
19,26,141.435,77.80691657479719,282.87,101.03857271358731
19,27,141.435,47.860556844673965,282.87,84.25747373685427
19,28,141.435,75.10671767553077,282.87,107.5156020163192
19,29,141.435,34.32988154662856,282.87,126.72784650647144
19,30,141.435,25.752524288244103,282.87,92.28946947381075
19,31,141.435,93.38940612307834,282.87,181.2056454784638
19,32,141.435,76.83186872050103,282.87,159.46538371012323
19,33,141.435,59.40658975892272,282.87,282.8699981344411
19,34,141.435,65.82623429916303,282.87,166.4602086466549
19,35,141.435,26.704130578872842,282.87,83.25563051700709
19,36,141.435,61.90463329024162,282.87,268.06714524015723
19,37,141.435,83.11515252553701,282.87,203.9750925012557
19,38,141.435,47.25964054935611,282.87,157.84021601694477
19,39,141.435,71.797121287581,282.87,107.75738910284853
19,40,141.435,58.665596760167794,282.87,182.32686580887167
19,41,141.435,41.84349816939544,282.87,268.0671446644895
19,42,141.435,41.66805544890662,282.87,125.95891514732782
19,43,141.435,55.1055627140455,282.87,104.6308581218145
19,44,141.435,100.14125001994113,282.87,183.19113307001842
19,45,141.435,31.619347031925297,282.87,77.78758957849664
19,46,141.435,27.23273993354282,282.87,182.32686461989402
19,47,141.435,63.24406443212409,282.87,108.35382528357542
19,48,141.435,87.93766279059321,282.87,146.8059055571839
19,49,141.435,100.64340235914624,282.87,100.64340646824293
19,50,141.435,47.39086803104638,282.87,282.86999380647376
19,51,141.435,78.68309603705487,282.87,111.37060787264701
19,52,141.435,53.26692232467659,282.87,282.869999079159
19,53,141.435,44.13602228952297,282.87,173.96033213234082
19,54,141.435,89.88059248204351,282.87,126.41403193612524
19,55,141.435,45.83165592881526,282.87,154.69332108738877
19,56,141.435,37.434958963994625,282.87,117.36551997403701
19,57,141.435,80.86929317145685,282.87,98.75564462705742
19,58,141.435,63.5667369939998,282.87,63.56673804707557
19,59,141.435,82.63513094572261,282.87,82.63513259233181
19,60,141.435,52.48249838045825,282.87,282.8699978966311
19,61,141.435,89.71732164558176,282.87,115.19457408662588
19,62,141.435,71.91151105907839,282.87,282.86999772742365
19,63,141.435,92.07594341199804,282.87,186.0288277919522
19,64,141.435,67.8590594255305,282.87,86.66258387091345
19,65,141.435,29.929390996177155,282.87,109.63120313028323
19,66,141.435,68.85384046215363,282.87,113.82725500837245
19,67,141.435,73.99462205586322,282.87,206.25658110811776
19,68,141.435,97.28227037959446,282.87,135.04582814848368
19,69,141.435,42.39657591762194,282.87,90.76329207739647
19,70,141.435,63.90037685149177,282.87,92.8536840392322
19,71,141.435,29.74303048396611,282.87,62.127993008046815
19,72,141.435,81.71141133183139,282.87,113.12445068595778
19,73,141.435,79.86732896700467,282.87,80.83370258406197
19,74,141.435,76.5937524299761,282.87,188.44536679751428
19,75,141.435,52.906989115508495,282.87,165.3300008869043
19,76,141.435,89.80557168416955,282.87,89.80557238876987
19,77,141.435,48.601175658662505,282.87,104.0298897778553
19,78,141.435,48.21505168125291,282.87,127.4714426579324
19,79,141.435,71.18431859419312,282.87,123.93510183271113
19,80,141.435,29.603427029314407,282.87,100.70423359371037
19,81,141.435,60.277793842710366,282.87,282.8699955256922
19,82,141.435,42.59775606662243,282.87,82.38981595072842
19,83,141.435,73.098153636465,282.87,101.93099997497804
19,84,141.435,60.763767759175046,282.87,77.64996355622006
19,85,141.435,85.88623911992755,282.87,113.87509614262446
19,86,141.435,75.64857166273069,282.87,75.64857368196063
19,87,141.435,84.77601527890374,282.87,280.56320756872356
19,88,141.435,51.85303233260933,282.87,173.44186298545958
19,89,141.435,64.19061604721081,282.87,182.32686614081726
19,90,141.435,83.37262841131624,282.87,83.3726295061887
19,91,141.435,68.85310914394499,282.87,126.2312594301936
19,92,141.435,76.03338653652132,282.87,102.96353626698962
19,93,141.435,65.33466540785635,282.87,234.45886757990024
19,94,141.435,92.70822055048859,282.87,98.02259294819078
19,95,141.435,79.1860555819727,282.87,156.80201027193843
19,96,141.435,82.01490735207223,282.87,82.01490907087023
19,97,141.435,87.66508605819884,282.87,167.8910332193521
19,98,141.435,34.3451320917448,282.87,120.37562893431218
19,99,141.435,70.79656714281455,282.87,97.26741227969796
20,0,137.49,48.45695863880276,274.98,186.9106575319804
20,1,137.49,111.12089192523783,274.98,133.41292311159904
20,2,137.49,79.07464672824207,274.98,126.0236213272181
20,3,137.49,37.227267288477044,274.98,113.41486043604856
20,4,137.49,108.8915902705794,274.98,182.32687487391686
20,5,137.49,41.65975659776978,274.98,108.20064278992673
20,6,137.49,73.37905325195794,274.98,86.30127244145179
20,7,137.49,59.52067247184573,274.98,182.32686917563709
20,8,137.49,106.29856289864547,274.98,109.59296985760791
20,9,137.49,94.26820971391192,274.98,182.32687154194116
20,10,137.49,75.72114664012742,274.98,99.90560411441712
20,11,137.49,51.592240197417446,274.98,186.0288216039232
20,12,137.49,60.35497237744231,274.98,127.7863831391254
20,13,137.49,44.80762422951025,274.98,186.02884480067118
20,14,137.49,32.262309018634106,274.98,55.36629878114938
20,15,137.49,76.64348982632633,274.98,91.19053589890159
20,16,137.49,64.5777213334759,274.98,198.60057140510193
20,17,137.49,50.221274347437145,274.98,67.3993231285973
20,18,137.49,99.85088868990951,274.98,99.85088910234123
20,19,137.49,121.42368982178414,274.98,186.0288432065108
20,20,137.49,87.83380000531803,274.98,108.68195536928428
20,21,137.49,78.45963773502386,274.98,82.38024603812826
20,22,137.49,67.86261626676394,274.98,195.39826462300303
20,23,137.49,104.80946665889668,274.98,104.80946724696774
20,24,137.49,70.80131236033691,274.98,81.17628345877151
20,25,137.49,105.76994041260086,274.98,182.3268692824424
20,26,137.49,63.6741002775758,274.98,101.03857773104201
20,27,137.49,43.982070130000594,274.98,93.36007819567607
20,28,137.49,74.2276392679759,274.98,105.37603908893753
20,29,137.49,55.56293055808073,274.98,126.72784759947334
20,30,137.49,113.49467840558573,274.98,113.49467867326868
20,31,137.49,119.5754999883449,274.98,196.78632018608687
20,32,137.49,62.262774411265006,274.98,162.7031807671872
20,33,137.49,102.00522297467006,274.98,129.23807005218174
20,34,137.49,93.34494546345134,274.98,169.8400268220249
20,35,137.49,83.25563574733441,274.98,83.25563548209884
20,36,137.49,49.21049031843896,274.98,270.06383870290557
20,37,137.49,81.92157029901298,274.98,203.97510441311883
20,38,137.49,34.02043725267987,274.98,157.84021558961572
20,39,137.49,35.7834966054636,274.98,109.94530280086838
20,40,137.49,56.805087514630884,274.98,182.3268669581818
20,41,137.49,39.854157221714715,274.98,268.067146707695
20,42,137.49,66.75162677153234,274.98,125.958914548517
20,43,137.49,81.24826237826205,274.98,104.63085896090465
20,44,137.49,53.960772230992504,274.98,186.91065710994138
20,45,137.49,36.5739373859154,274.98,77.7875903485555
20,46,137.49,104.5031314442147,274.98,185.70758980151376
20,47,137.49,45.40146533678192,274.98,108.35382644604232
20,48,137.49,107.38759390892379,274.98,149.7866447402577
20,49,137.49,62.64217270508636,274.98,102.6868775043287
20,50,137.49,100.1727131610654,274.98,201.87636409157093
20,51,137.49,85.49051371869999,274.98,115.93906996534635
20,52,137.49,61.96153550319885,274.98,95.03682192929614
20,53,137.49,33.669326795990656,274.98,176.06635573192023
20,54,137.49,88.28799590956193,274.98,137.2835370299876
20,55,137.49,45.08252472070858,274.98,154.69332203282312
20,56,137.49,115.34617457730516,274.98,119.74851305229528
20,57,137.49,102.8066299199075,274.98,101.78375541304842
20,58,137.49,109.30673624057334,274.98,109.30673626472888
20,59,137.49,51.123460188094654,274.98,87.2148463585922
20,60,137.49,77.57315864371418,274.98,126.75930744603197
20,61,137.49,44.81252268873461,274.98,115.19457356817284
20,62,137.49,102.03388689954414,274.98,166.42490050033578
20,63,137.49,47.24625958410695,274.98,182.32685559537853
20,64,137.49,96.46323342194708,274.98,96.46323343197531
20,65,137.49,46.58400730624902,274.98,121.47501692477276
20,66,137.49,70.55686874865314,274.98,123.6145049962672
20,67,137.49,89.37999319269544,274.98,206.25658147491106
20,68,137.49,58.48966765974375,274.98,135.0458258036774
20,69,137.49,65.84166904353815,274.98,100.56873877053212
20,70,137.49,51.66465514101342,274.98,92.85368511627932
20,71,137.49,105.81065408820307,274.98,105.8106238789939
20,72,137.49,73.27011381914343,274.98,113.12445024279943
20,73,137.49,99.80039533457014,274.98,99.80039613355392
20,74,137.49,110.16933895182403,274.98,187.21690605975297
20,75,137.49,64.31880362336602,274.98,183.19113461350605
20,76,137.49,73.27042218865623,274.98,72.5413967476438
20,77,137.49,121.65682892630323,274.98,121.65682953016683
20,78,137.49,101.90358548355499,274.98,130.05962925066873
20,79,137.49,43.97678522973219,274.98,137.3241971758821
20,80,137.49,76.7884078446085,274.98,102.74893725098049
20,81,137.49,42.44072939664121,274.98,178.34020237540406
20,82,137.49,93.50361766678122,274.98,93.50361777443614
20,83,137.49,100.1866783844517,274.98,101.93100398172561
20,84,137.49,74.30385981699274,274.98,77.6499642648376
20,85,137.49,116.18721986588947,274.98,116.18721989778544
20,86,137.49,55.79728844081758,274.98,78.53834086262086
20,87,137.49,109.28791405374118,274.98,274.9799998584003
20,88,137.49,59.853584007467,274.98,174.06577706121033
20,89,137.49,78.4092239639813,274.98,186.02884232979096
20,90,137.49,54.618302818944976,274.98,84.45175008124454
20,91,137.49,38.07180495725882,274.98,131.9023053307919
20,92,137.49,58.040564641303995,274.98,102.9635331774771
20,93,137.49,78.46428100143459,274.98,274.9799993501252
20,94,137.49,97.43357747775097,274.98,100.0128476411756
20,95,137.49,56.654775320327516,274.98,159.9857313339742
20,96,137.49,71.52048784803198,274.98,80.38281349862866
20,97,137.49,43.927972566665595,274.98,182.3268689223412
20,98,137.49,37.568665296028136,274.98,122.81974190204326
20,99,137.49,47.914582474548986,274.98,97.26741462770062
21,0,131.805,116.3872719686083,263.61,186.91028614292847
21,1,131.805,64.73762963196965,263.61,133.41291493447537
21,2,131.805,126.42916799964524,263.61,125.17119254141846
21,3,131.805,85.3734144453821,263.61,113.41486008570469
21,4,131.805,127.45276257006915,263.61,182.32687059939724
21,5,131.805,34.701849358673634,263.61,108.2006329304922
21,6,131.805,73.76452961434407,263.61,86.30127125566995
21,7,131.805,38.65547808195508,263.61,182.32686803355492
21,8,131.805,111.81814908299245,263.61,110.70555975560099
21,9,131.805,104.3468962229862,263.61,186.02884142035214
21,10,131.805,84.35871794965237,263.61,97.91748911517317
21,11,131.805,84.39578575131792,263.61,184.14482316131347
21,12,131.805,127.20269682513702,263.61,127.20269807517326
21,13,131.805,45.63195439069753,263.61,184.14351872878768
21,14,131.805,108.3172732000335,263.61,107.2395145754762
21,15,131.805,73.22874657516685,263.61,91.19053545765516
21,16,131.805,110.47081864160715,263.61,194.64841988557646
21,17,131.805,49.94109056822897,263.61,67.39932143573313
21,18,131.805,52.820120241279625,263.61,97.86385735407839
21,19,131.805,132.28544327507078,264.57088655014155,186.02884144273415
21,20,131.805,121.00003681451612,263.61,121.00003654241105
21,21,131.805,77.76905820100004,263.61,82.38024129119103
21,22,131.805,62.12035350788337,263.61,195.39826482259605
21,23,131.805,51.89476835680577,263.61,68.82036248693356
21,24,131.805,65.17917680485425,263.61,81.90341446519336
21,25,131.805,84.54042176925363,263.61,182.32687429906943
21,26,131.805,37.89723149114644,263.61,101.0385777226291
21,27,131.805,43.583139406913546,263.61,93.36007707502966
21,28,131.805,100.2889249901694,263.61,107.47144292626443
21,29,131.805,48.97003403078067,263.61,126.72784750037769
21,30,131.805,73.08498631565135,263.61,91.33777885320097
21,31,131.805,58.644600226870644,263.61,198.7504705994523
21,32,131.805,61.30510897844862,263.61,159.46539159429554
21,33,131.805,129.23806981347508,263.61,127.9521451760419
21,34,131.805,65.22476169355043,263.61,79.65668239293272
21,35,131.805,41.40587491487585,263.61,80.73109231009053
21,36,131.805,73.30351364597055,263.61,266.27226835658195
21,37,131.805,101.48099735833149,263.61,203.97509058538344
21,38,131.805,67.36619501727431,263.61,157.8401897054009
21,39,131.805,107.75738907135965,263.61,107.75738834085622
21,40,131.805,39.780533201994984,263.61,182.3268659421868
21,41,131.805,119.27860949809595,263.61,263.61003558533434
21,42,131.805,66.91130977818656,263.61,125.95891404062323
21,43,131.805,104.63085778046384,263.61,104.63085530218348
21,44,131.805,80.06253926554044,263.61,183.19113345041083
21,45,131.805,53.80036004598974,263.61,77.78758906136025
21,46,131.805,56.03277153751886,263.61,185.7075897306351
21,47,131.805,37.35313669306193,263.61,107.26422355191205
21,48,131.805,119.34291040712816,263.61,146.8059032646476
21,49,131.805,84.3117092794852,263.61,100.64359369967939
21,50,131.805,103.84142805393395,263.61,201.87636298540195
21,51,131.805,124.12042286807092,263.61,122.88542976106127
21,52,131.805,122.64449861694234,263.61,121.42418465936073
21,53,131.805,59.427357960742434,263.61,176.06635175450543
21,54,131.805,62.25224044101403,263.61,134.55159195016884
21,55,131.805,39.63940859726857,263.61,154.6933226307517
21,56,131.805,38.79777843235727,263.61,119.74851353188782
21,57,131.805,93.07119608119407,263.61,100.76078119052102
21,58,131.805,43.41140561655992,263.61,67.03227775723873
21,59,131.805,101.87729642112456,263.61,100.86361547943727
21,60,131.805,98.12968139521783,263.61,128.03488850965562
21,61,131.805,98.50268689381643,263.61,112.9021988476387
21,62,131.805,92.93615572917484,263.61,164.73441971921898
21,63,131.805,122.29998597531039,263.61,122.29998655282253
21,64,131.805,51.50520841474073,263.61,94.90194029856639
21,65,131.805,121.47501574379977,263.61,120.2663541671309
21,66,131.805,79.69728823679026,263.61,124.85679413831967
21,67,131.805,66.28278915814592,263.61,206.25658035978955
21,68,131.805,38.415650659526094,263.61,135.04582562943247
21,69,131.805,57.78534910881998,263.61,90.76328695603047
21,70,131.805,90.57723711734539,263.61,92.85368440743233
21,71,131.805,47.63861587464743,263.61,63.389433372035086
21,72,131.805,109.68786213507633,263.61,110.87326312037975
21,73,131.805,78.57540420917961,263.61,80.83370380365352
21,74,131.805,37.58028817926639,263.61,187.61357414389533
21,75,131.805,52.35353105702999,263.61,54.20402123197328
21,76,131.805,81.96713815749982,263.61,81.1515686076856
21,77,131.805,104.64266525539989,263.61,103.60151754769042
21,78,131.805,130.0596297797649,263.61,128.765536511373
21,79,131.805,92.44256518565706,263.61,135.30854566311538
21,80,131.805,57.394165633006494,263.61,102.74893625178633
21,81,131.805,51.7374809780951,263.61,87.18832288502475
21,82,131.805,96.5866874292026,263.61,95.62564863977596
21,83,131.805,108.50599319598787,263.61,107.42636183836083
21,84,131.805,37.554154256225154,263.61,77.64996388933773
21,85,131.805,91.95693876814123,263.61,114.99741049634835
21,86,131.805,76.49759483096913,263.61,78.53833672232844
21,87,131.805,83.00476126064325,263.61,266.27426071028435
21,88,131.805,53.88185924839044,263.61,175.16870360517018
21,89,131.805,130.30702640667909,263.61,182.32698026756754
21,90,131.805,122.51257024733735,263.61,122.08888820904413
21,91,131.805,108.05550986835647,263.61,126.23124603644106
21,92,131.805,102.963530425058,263.61,102.96352844575252
21,93,131.805,90.3983280937759,263.61,173.9313803835258
21,94,131.805,100.01284808441488,263.61,99.01771275707344
21,95,131.805,49.63875998294398,263.61,157.2111558583179
21,96,131.805,85.8849330880382,263.61,85.03045292774652
21,97,131.805,104.03105938230746,263.61,160.3231883383086
21,98,131.805,122.81974111119503,263.61,122.81974084448439
21,99,131.805,44.59152573341307,263.61,97.26741351756381
22,0,124.47,42.626180829105564,248.94,170.3639598887896
22,1,124.47,91.8060774926733,248.94,123.27670772716645
22,2,124.47,36.14297891727907,248.94,113.18538261247477
22,3,124.47,111.18575356588005,248.94,111.03596789206563
22,4,124.47,87.75337888540989,248.94,168.98632927849275
22,5,124.47,105.19576342335039,248.94,105.36764550295021
22,6,124.47,68.4426423793164,248.94,78.46644325302879
22,7,124.47,96.80676237715322,248.94,168.18363405910566
22,8,124.47,60.632980481209614,248.94,99.56678952258294
22,9,124.47,67.80138118132828,248.94,169.30644733487142
22,10,124.47,71.27652929832497,248.94,91.3843041602051
22,11,124.47,108.93062251045143,248.94,169.79534009963615
22,12,124.47,130.38096158526946,260.7619231705389,129.08367267274323
22,13,124.47,76.90415329850295,248.94,169.3825987331108
22,14,124.47,123.06965063389684,248.94,121.84511009435268
22,15,124.47,41.44206100351398,248.94,87.10895220673225
22,16,124.47,50.26888610942475,248.94,180.98013893188303
22,17,124.47,44.779787988222935,248.94,63.0505531897593
22,18,124.47,79.69046738334926,248.94,90.11058677583179
22,19,124.47,42.378412794267206,248.94,171.12048056819322
22,20,124.47,108.68195554958938,248.94,107.6005737030203
22,21,124.47,77.12900433832966,248.94,78.90227789261455
22,22,124.47,75.79905249337065,248.94,181.10601706528803
22,23,124.47,109.86757535713262,248.94,108.77439599626528
22,24,124.47,82.82448602978371,248.94,82.00038576057791
22,25,124.47,70.30425914885495,248.94,168.69287530375456
22,26,124.47,104.5013727350639,248.94,103.46158728932396
22,27,124.47,93.36007843854624,248.94,92.43114522445201
22,28,124.47,107.4714434311809,248.94,106.40904192718324
22,29,124.47,68.95888590611459,248.94,115.37280997873505
22,30,124.47,72.57779120117613,248.94,84.34155555979824
22,31,124.47,124.31999251578821,248.94,183.70494682204927
22,32,124.47,35.63531658111207,248.94,147.07766301678245
22,33,124.47,66.74054066280821,248.94,116.51290072776972
22,34,124.47,63.53145500811521,248.94,84.8920916365786
22,35,124.47,121.0836175988212,248.94,119.87883829699402
22,36,124.47,49.591824671909954,248.94,231.6658464210513
22,37,124.47,113.12455681367165,248.94,186.58737301828643
22,38,124.47,85.72893375881641,248.94,143.93288826650397
22,39,124.47,91.48994153265001,248.94,101.37487637659754
22,40,124.47,99.21823199365438,248.94,168.87026576132567
22,41,124.47,115.35635481258801,248.94,231.8105637539596
22,42,124.47,125.9589131673364,251.9178263346728,124.91168264502078
22,43,124.47,63.93272153106147,248.94,95.0171078665878
22,44,124.47,33.75183257586191,248.94,169.56010446019084
22,45,124.47,69.04603094662365,248.94,73.41298659155665
22,46,124.47,40.03138687148982,248.94,169.93249192264713
22,47,124.47,108.35382659312127,248.94,107.27570182153359
22,48,124.47,69.66778319968067,248.94,134.6774271923964
22,49,124.47,95.06910515601275,248.94,97.33946732991267
22,50,124.47,125.71500299712905,251.4300059942581,186.65099524947
22,51,124.47,127.43428261284421,254.86856522568843,126.16631516506618
22,52,124.47,95.0368202840915,248.94,94.09120891197385
22,53,124.47,93.02094320635301,248.94,161.47931396457503
22,54,124.47,112.21395775048093,248.94,126.68254936758805
22,55,124.47,116.72502985251054,248.94,143.62960839620166
22,56,124.47,124.24183691019637,248.94,123.00563659022072
22,57,124.47,90.25634404047533,248.94,95.06456395383974
22,58,124.47,67.03227847937676,248.94,66.39608690803247
22,59,124.47,95.01511595529709,248.94,94.06971748724567
22,60,124.47,129.33303509161541,258.66607018323083,128.04617517233243
22,61,124.47,59.294070213943904,248.94,103.65765833776999
22,62,124.47,91.23130568384879,248.94,151.3650282357626
22,63,124.47,63.59265153961005,248.94,125.13926573526855
22,64,124.47,46.30030021812738,248.94,86.55494821424288
22,65,124.47,129.1495598191507,258.2991196383014,127.86452920929412
22,66,124.47,126.12437909041586,252.24875818083171,124.86944073980439
22,67,124.47,97.57046432637435,248.94,189.37559787499245
22,68,124.47,81.09990712754691,248.94,123.70229717385641
22,69,124.47,89.01797342921151,248.94,96.3631569428151
22,70,124.47,127.00430538621592,254.00861077243184,125.74061208439706
22,71,124.47,57.970358716993395,248.94,60.98861955712446
22,72,124.47,113.12444909697433,248.94,111.99886617029786
22,73,124.47,91.50308701872238,248.94,90.59264115665835
22,74,124.47,75.73280628226226,248.94,172.328792557527
22,75,124.47,60.05985614641373,248.94,59.80552444541223
22,76,124.47,52.30225190075588,248.94,60.34219364328261
22,77,124.47,113.49020118978181,248.94,112.36097573142226
22,78,124.47,43.0765007461723,248.94,116.90890758802945
22,79,124.47,79.02430085283486,248.94,124.16206180315817
22,80,124.47,102.74893693990495,248.94,101.72658350580954
22,81,124.47,96.60755893088556,248.94,96.19849830232526
22,82,124.47,83.14621199407598,248.94,86.62935904796159
22,83,124.47,81.08949985624324,248.94,94.78622835017686
22,84,124.47,59.66635958734318,248.94,74.27930221762624
22,85,124.47,49.9563236693826,248.94,105.06970989472887
22,86,124.47,85.29381292858746,248.94,84.44514152773182
22,87,124.47,40.371439557438656,248.94,232.06628062805893
22,88,124.47,121.06117772166104,248.94,161.98119622709564
22,89,124.47,54.74790406233699,248.94,168.90308433145776
22,90,124.47,47.905932882574504,248.94,76.0038765097818
22,91,124.47,126.23124680624781,252.46249361249562,125.04488007925423
22,92,124.47,72.5035201972941,248.94,96.309301640903
22,93,124.47,51.485851138776304,248.94,159.71533087007467
22,94,124.47,76.68196943092833,248.94,92.89701906822926
22,95,124.47,103.04531685541494,248.94,145.98405241905797
22,96,124.47,55.35585365579688,248.94,74.38681730880415
22,97,124.47,42.923532767374034,248.94,158.0599686666619
22,98,124.47,79.4711796720024,248.94,113.17283852789386
22,99,124.47,112.0579904665437,248.94,110.94302014096162
23,0,118.02000000000001,89.92753830979643,236.04000000000002,167.86038653663488
23,1,118.02000000000001,70.11088912356034,236.04000000000002,118.81392396261859
23,2,118.02000000000001,45.6744856538686,236.04000000000002,108.73892907342633
23,3,118.02000000000001,60.201287103136565,236.04000000000002,101.92093320567335
23,4,118.02000000000001,50.97056898079687,236.04000000000002,165.9524632215219
23,5,118.02000000000001,25.312712812196224,236.04000000000002,95.98860763012527
23,6,118.02000000000001,41.67121334083218,236.04000000000002,72.62723714237754
23,7,118.02000000000001,71.73241819374789,236.04000000000002,165.15546608389207
23,8,118.02000000000001,53.00902811864712,236.04000000000002,94.7981740670041
23,9,118.02000000000001,54.87171764684097,236.04000000000002,166.43268622366756
23,10,118.02000000000001,81.23735624117442,236.04000000000002,88.87548551332708
23,11,118.02000000000001,41.24697832146845,236.04000000000002,166.5219623786778
23,12,118.02000000000001,73.32353164782872,236.04000000000002,118.77290890102488
23,13,118.02000000000001,64.23256895392085,236.04000000000002,166.5056208883617
23,14,118.02000000000001,47.220851265892804,236.04000000000002,50.97871606347133
23,15,118.02000000000001,93.04207363683618,236.04000000000002,92.1163096293294
23,16,118.02000000000001,65.96367355640224,236.04000000000002,178.62260291611528
23,17,118.02000000000001,62.29261547605656,236.04000000000002,63.394860831676304
23,18,118.02000000000001,40.848600183949976,236.04000000000002,84.05961266850028
23,19,118.02000000000001,83.11253393733995,236.04000000000002,168.58456681605722
23,20,118.02000000000001,53.104591929128,236.04000000000002,97.04624950963237
23,21,118.02000000000001,64.79718027809206,236.04000000000002,73.63304862379061
23,22,118.02000000000001,39.51952737090861,236.04000000000002,178.53366067279842
23,23,118.02000000000001,87.4786852631704,236.04000000000002,86.60827856318922
23,24,118.02000000000001,78.34184765878366,236.04000000000002,79.26675331067997
23,25,118.02000000000001,37.82474693887923,236.04000000000002,165.71604473012914
23,26,118.02000000000001,81.28325528749033,236.04000000000002,93.93691720803966
23,27,118.02000000000001,78.90038387248703,236.04000000000002,85.87395498196452
23,28,118.02000000000001,39.23376909118391,236.04000000000002,96.20576556674895
23,29,118.02000000000001,54.493011128062044,236.04000000000002,110.85122201872315
23,30,118.02000000000001,68.90130498099268,236.04000000000002,80.35664060826416
23,31,118.02000000000001,91.45660814101288,236.04000000000002,181.00188945803723
23,32,118.02000000000001,73.87784265940012,236.04000000000002,143.80027204130758
23,33,118.02000000000001,41.3952135827293,236.04000000000002,111.88018732024175
23,34,118.02000000000001,88.26225108463939,236.04000000000002,87.77689394177118
23,35,118.02000000000001,48.1691097636863,236.04000000000002,74.29288668893788
23,36,118.02000000000001,80.15830073597857,236.04000000000002,227.60174015669782
23,37,118.02000000000001,61.504704577424064,236.04000000000002,183.98103140815758
23,38,118.02000000000001,48.5886237773688,236.04000000000002,140.02984420661426
23,39,118.02000000000001,97.20479515534164,236.04000000000002,100.39349010959309
23,40,118.02000000000001,72.81197075151404,236.04000000000002,165.84722329889172
23,41,118.02000000000001,34.45550245218858,236.04000000000002,227.3881176801205
23,42,118.02000000000001,84.55041803762153,236.04000000000002,115.35450161068117
23,43,118.02000000000001,62.73771863704827,236.04000000000002,90.48513371672091
23,44,118.02000000000001,31.465631882521517,236.04000000000002,166.74373245448743
23,45,118.02000000000001,55.29317090126004,236.04000000000002,68.1277738708604
23,46,118.02000000000001,77.32204927125869,236.04000000000002,167.32588959557202
23,47,118.02000000000001,75.13455735692675,236.04000000000002,98.13115630343331
23,48,118.02000000000001,51.52067420012024,236.04000000000002,130.6611554348357
23,49,118.02000000000001,69.08201406554625,236.04000000000002,90.45972559831273
23,50,118.02000000000001,44.926339630308895,236.04000000000002,183.77876362553783
23,51,118.02000000000001,37.24820792942886,236.04000000000002,103.85885782983837
23,52,118.02000000000001,87.16260326231838,236.04000000000002,89.74828013002507
23,53,118.02000000000001,54.800401845970384,236.04000000000002,158.1506938825837
23,54,118.02000000000001,52.097613255897166,236.04000000000002,121.10377172397422
23,55,118.02000000000001,77.38753467125306,236.04000000000002,139.2948644569483
23,56,118.02000000000001,93.61157250313727,236.04000000000002,110.13227740781775
23,57,118.02000000000001,42.986085794116136,236.04000000000002,88.08888176970811
23,58,118.02000000000001,40.39929847429056,236.04000000000002,58.341462477091135
23,59,118.02000000000001,28.191699345819085,236.04000000000002,78.62840044933995
23,60,118.02000000000001,61.7056278149043,236.04000000000002,117.57758095937301
23,61,118.02000000000001,37.9495565710312,236.04000000000002,98.7235860328441
23,62,118.02000000000001,30.094789189462936,236.04000000000002,147.56708167550178
23,63,118.02000000000001,94.74067616269309,236.04000000000002,121.8814575812535
23,64,118.02000000000001,73.68278427988963,236.04000000000002,83.68786135669288
23,65,118.02000000000001,39.33793547362334,236.04000000000002,110.18044287751785
23,66,118.02000000000001,91.07997776991405,236.04000000000002,115.45285203874049
23,67,118.02000000000001,46.54293100246787,236.04000000000002,186.9629461617907
23,68,118.02000000000001,63.58958487979602,236.04000000000002,119.3676674944937
23,69,118.02000000000001,100.56873840146491,236.04000000000002,99.5680841104571
23,70,118.02000000000001,86.6747755679264,236.04000000000002,89.23087424054866
23,71,118.02000000000001,62.69387158025766,236.04000000000002,62.321361032644354
23,72,118.02000000000001,67.77091256268908,236.04000000000002,102.23004005916454
23,73,118.02000000000001,82.47495669015865,236.04000000000002,81.65433145043956
23,74,118.02000000000001,86.115149712265,236.04000000000002,169.7003235425258
23,75,118.02000000000001,35.22888797783207,236.04000000000002,52.31347156345622
23,76,118.02000000000001,51.744874148597695,236.04000000000002,57.28093834108523
23,77,118.02000000000001,95.09118559075061,236.04000000000002,98.50448677088211
23,78,118.02000000000001,37.16567974296287,236.04000000000002,112.43388346064745
23,79,118.02000000000001,51.10484747328454,236.04000000000002,119.70248543098505
23,80,118.02000000000001,86.63507595779626,236.04000000000002,94.7352703651278
23,81,118.02000000000001,49.32137347877149,236.04000000000002,87.0795956303805
23,82,118.02000000000001,78.92973992033913,236.04000000000002,83.51904871011445
23,83,118.02000000000001,47.44566285199459,236.04000000000002,89.09366599791039
23,84,118.02000000000001,77.6499631599846,236.04000000000002,77.03618860496404
23,85,118.02000000000001,86.74800194424365,236.04000000000002,102.06104614809112
23,86,118.02000000000001,54.82005850143139,236.04000000000002,70.52422530143546
23,87,118.02000000000001,99.3663064373708,236.04000000000002,227.91839006709802
23,88,118.02000000000001,73.06622175983793,236.04000000000002,158.32181272659432
23,89,118.02000000000001,47.48885206844235,236.04000000000002,166.04676152778916
23,90,118.02000000000001,51.132951249096664,236.04000000000002,71.41868238295204
23,91,118.02000000000001,97.5015861527413,236.04000000000002,116.14800365755511
23,92,118.02000000000001,95.03386835282387,236.04000000000002,96.89829015739039
23,93,118.02000000000001,83.58798746216057,236.04000000000002,156.81708899695613
23,94,118.02000000000001,90.36304849401805,236.04000000000002,92.75353051553579
23,95,118.02000000000001,98.37499627017584,236.04000000000002,142.50125204688382
23,96,118.02000000000001,63.35772606878527,236.04000000000002,71.32332646389573
23,97,118.02000000000001,42.16871777923725,236.04000000000002,154.8683608452626
23,98,118.02000000000001,97.5619763926021,236.04000000000002,110.48761700494092
23,99,118.02000000000001,33.545944203602666,236.04000000000002,87.57094219506389
