t,s,P_DA,P_RT,P_PN,P_IN
0,0,105.16499999999999,89.48379150950517,210.32999999999998,201.41146291689384
0,1,105.16499999999999,60.5956464096624,210.32999999999998,203.10037382960903
0,2,105.16499999999999,89.87290432402047,210.32999999999998,201.71610930054712
0,3,105.16499999999999,72.12783154993558,210.32999999999998,201.96394751475353
0,4,105.16499999999999,70.95198721067874,210.32999999999998,201.76107628546274
0,5,105.16499999999999,37.808236128635215,210.32999999999998,201.56662866368725
0,6,105.16499999999999,90.11995476533606,210.32999999999998,201.27005553913455
0,7,105.16499999999999,23.366885503304896,210.32999999999998,200.92527741909106
0,8,105.16499999999999,40.346998892298494,210.32999999999998,200.87550651329016
0,9,105.16499999999999,52.85809903004834,210.32999999999998,200.95198077788376
0,10,105.16499999999999,76.57096994166382,210.32999999999998,201.44504729976563
0,11,105.16499999999999,36.54174580896087,210.32999999999998,201.67830039610507
0,12,105.16499999999999,82.324568665249,210.32999999999998,201.594548666926
0,13,105.16499999999999,90.61034192253146,210.32999999999998,201.67715253527527
0,14,105.16499999999999,34.21286946567282,210.32999999999998,200.95240672128844
0,15,105.16499999999999,64.04336755653914,210.32999999999998,202.07429324638403
0,16,105.16499999999999,23.55652731847867,210.32999999999998,202.00926434959743
0,17,105.16499999999999,49.53984850750763,210.32999999999998,203.07218032085723
0,18,105.16499999999999,25.97700445421726,210.32999999999998,201.4207602520605
0,19,105.16499999999999,88.76971269858024,210.32999999999998,203.52221365882284
0,20,105.16499999999999,52.95135050299265,210.32999999999998,203.19183847716022
0,21,105.16499999999999,88.24151622454653,210.32999999999998,203.32992460532228
0,22,105.16499999999999,77.04737687274418,210.32999999999998,201.49729208967426
0,23,105.16499999999999,82.55138546458497,210.32999999999998,201.41690205183997
0,24,105.16499999999999,34.854439083478255,210.32999999999998,201.22017988811453
0,25,105.16499999999999,28.09570050452934,210.32999999999998,200.89266943393164
0,26,105.16499999999999,64.27794074091507,210.32999999999998,201.18731013759086
0,27,105.16499999999999,34.49706922217535,210.32999999999998,201.074598719003
0,28,105.16499999999999,73.40531517638044,210.32999999999998,202.62126067728053
0,29,105.16499999999999,51.044998151205434,210.32999999999998,203.08540863597403
0,30,105.16499999999999,59.26591527106083,210.32999999999998,201.5313263005159
0,31,105.16499999999999,87.45663754950043,210.32999999999998,203.20384375597484
0,32,105.16499999999999,58.838391598906945,210.32999999999998,201.4708446490994
0,33,105.16499999999999,30.383423231563224,210.32999999999998,201.84311544642517
0,34,105.16499999999999,33.82621241435657,210.32999999999998,201.0662609659329
0,35,105.16499999999999,60.45598075245184,210.32999999999998,203.20658915013294
0,36,105.16499999999999,59.024738244638115,210.32999999999998,203.19121028359638
0,37,105.16499999999999,66.81495946709111,210.32999999999998,201.46768673457652
0,38,105.16499999999999,50.56684660696424,210.32999999999998,203.7374143713869
0,39,105.16499999999999,67.65414252826119,210.32999999999998,201.0646588130628
0,40,105.16499999999999,50.250613830450405,210.32999999999998,200.9444309865923
0,41,105.16499999999999,65.87260524514446,210.32999999999998,201.55494092028485
0,42,105.16499999999999,75.74671343840153,210.32999999999998,201.27741233222318
0,43,105.16499999999999,35.254147095067324,210.32999999999998,201.26872158061158
0,44,105.16499999999999,48.78319812839942,210.32999999999998,202.37769423756293
0,45,105.16499999999999,57.51969572901259,210.32999999999998,200.9572387744852
0,46,105.16499999999999,70.19077920678494,210.32999999999998,201.55053626763876
0,47,105.16499999999999,40.39498227205304,210.32999999999998,200.99382024538534
0,48,105.16499999999999,61.112347622927516,210.32999999999998,203.11092153411866
0,49,105.16499999999999,65.94243337920102,210.32999999999998,201.33344649322171
0,50,105.16499999999999,84.56158439537198,210.32999999999998,202.27429918123553
0,51,105.16499999999999,47.90772815147798,210.32999999999998,202.29599549841
0,52,105.16499999999999,66.81130052597582,210.32999999999998,203.15904161329777
0,53,105.16499999999999,36.1124349214461,210.32999999999998,203.09831851630597
0,54,105.16499999999999,57.19358780055895,210.32999999999998,201.3955669838249
0,55,105.16499999999999,35.49303612188822,210.32999999999998,203.15674487406946
0,56,105.16499999999999,86.13618817061248,210.32999999999998,201.29494089688998
0,57,105.16499999999999,52.65375716592356,210.32999999999998,202.05426335294825
0,58,105.16499999999999,80.06710106768888,210.32999999999998,201.62602582135904
0,59,105.16499999999999,51.61839083458516,210.32999999999998,201.1550107890002
0,60,105.16499999999999,85.19236683682702,210.32999999999998,201.48742693606837
0,61,105.16499999999999,50.79598319259453,210.32999999999998,201.1132047008941
0,62,105.16499999999999,45.727748951637025,210.32999999999998,203.09521945761463
0,63,105.16499999999999,62.309575247750594,210.32999999999998,203.16009228471165
0,64,105.16499999999999,81.11690331967729,210.32999999999998,201.18658668719385
0,65,105.16499999999999,82.18839008635057,210.32999999999998,203.73530614536372
0,66,105.16499999999999,63.93011086707133,210.32999999999998,201.09662057488003
0,67,105.16499999999999,28.76409702150206,210.32999999999998,203.71519801158576
0,68,105.16499999999999,64.03873382372663,210.32999999999998,203.31496105640247
0,69,105.16499999999999,39.82891863491847,210.32999999999998,203.03518801865593
0,70,105.16499999999999,73.3511775374771,210.32999999999998,201.08170489447966
0,71,105.16499999999999,84.50310079161899,210.32999999999998,201.73612670223898
0,72,105.16499999999999,58.35929489009606,210.32999999999998,203.12274990202428
0,73,105.16499999999999,64.47205181585511,210.32999999999998,201.38912089947797
0,74,105.16499999999999,27.415760318762377,210.32999999999998,201.218764994714
0,75,105.16499999999999,60.103105557053766,210.32999999999998,203.14619119882133
0,76,105.16499999999999,31.828072802320737,210.32999999999998,200.8895893958821
0,77,105.16499999999999,65.22896519929623,210.32999999999998,202.27954964923578
0,78,105.16499999999999,47.96255666631904,210.32999999999998,202.30449737709978
0,79,105.16499999999999,75.7710095704518,210.32999999999998,201.41007713463503
0,80,105.16499999999999,26.278004310099593,210.32999999999998,201.24832161485392
0,81,105.16499999999999,30.495228511600455,210.32999999999998,201.3998205919421
0,82,105.16499999999999,70.00884307469353,210.32999999999998,203.46434698009097
0,83,105.16499999999999,58.35377088974417,210.32999999999998,201.20486560976207
0,84,105.16499999999999,62.275347026930405,210.32999999999998,203.22530612237384
0,85,105.16499999999999,80.99739633385482,210.32999999999998,201.4223023366845
0,86,105.16499999999999,56.501556856279144,210.32999999999998,203.7807125616213
0,87,105.16499999999999,78.68780602315262,210.32999999999998,203.80247799559476
0,88,105.16499999999999,58.05029444951554,210.32999999999998,201.13853176519316
0,89,105.16499999999999,86.70993934803154,210.32999999999998,201.17561679245654
0,90,105.16499999999999,68.83242932969931,210.32999999999998,201.45408961934774
0,91,105.16499999999999,33.172711218125706,210.32999999999998,200.72464738568462
0,92,105.16499999999999,48.024684308332105,210.32999999999998,203.1226080572406
0,93,105.16499999999999,82.51598850035386,210.32999999999998,203.24288403581238
0,94,105.16499999999999,47.04284201606263,210.32999999999998,203.61975759133432
0,95,105.16499999999999,35.9458597000279,210.32999999999998,202.00182855810894
0,96,105.16499999999999,55.46133474799928,210.32999999999998,203.0900419246027
0,97,105.16499999999999,49.96717889398305,210.32999999999998,201.42245842559285
0,98,105.16499999999999,65.52948347820666,210.32999999999998,201.12184689421798
0,99,105.16499999999999,52.99399104412195,210.32999999999998,201.49767544716912
1,0,92.625,33.629088001911875,185.25,173.59989792467516
1,1,92.625,42.20534887862732,185.25,180.28192815571555
1,2,92.625,42.57668431075312,185.25,174.82651101420186
1,3,92.625,69.93173923027535,185.25,176.26521064401211
1,4,92.625,74.30019273066023,185.25,175.55611750493628
1,5,92.625,54.151367355991376,185.25,175.29660385936134
1,6,92.625,23.57084183460577,185.25,172.97094153679578
1,7,92.625,60.34403542839096,185.25,173.10807739902975
1,8,92.625,57.270429407829276,185.25,172.6608064443657
1,9,92.625,65.60829862291918,185.25,172.78312629417582
1,10,92.625,38.52579898771771,185.25,174.1023950149949
1,11,92.625,22.195469922720807,185.25,175.64689340098047
1,12,92.625,53.48659997086683,185.25,174.5905963433593
1,13,92.625,25.881451254524727,185.25,174.61200240020588
1,14,92.625,61.8454216352184,185.25,173.07266799988162
1,15,92.625,63.8200710911815,185.25,176.78637244557564
1,16,92.625,41.9877351841158,185.25,177.0040174494648
1,17,92.625,72.27319908578038,185.25,180.3401377363944
1,18,92.625,28.69767675140928,185.25,174.83726995243674
1,19,92.625,72.20463111772116,185.25,181.3056382919188
1,20,92.625,45.20562226640287,185.25,180.64913458645054
1,21,92.625,62.04145672938478,185.25,180.6759465152194
1,22,92.625,61.46573852514957,185.25,174.37000006386768
1,23,92.625,74.39037824075781,185.25,173.9769611885788
1,24,92.625,73.94150833861165,185.25,174.13529249644213
1,25,92.625,21.132196769479332,185.25,172.78592577289132
1,26,92.625,19.767247730161742,185.25,173.3178232155683
1,27,92.625,49.60838272441466,185.25,173.48414213821158
1,28,92.625,20.780572647618946,185.25,178.49095742618292
1,29,92.625,56.07067196609974,185.25,180.34730907443236
1,30,92.625,49.133719628934706,185.25,174.82632954340784
1,31,92.625,56.58415865199832,185.25,180.27354146357766
1,32,92.625,43.83902512922208,185.25,174.5899503643407
1,33,92.625,34.28266626959301,185.25,176.3351896935761
1,34,92.625,72.60546521705992,185.25,173.56487342903512
1,35,92.625,60.076404268947336,185.25,180.63921464435822
1,36,92.625,19.22130198812146,185.25,180.57184225144937
1,37,92.625,24.484415166151308,185.25,174.3741958894894
1,38,92.625,54.611073206549776,185.25,182.34176305489777
1,39,92.625,35.163514907465164,185.25,172.7937787784002
1,40,92.625,41.93085575269985,185.25,172.6997294069483
1,41,92.625,63.0904981674068,185.25,174.84153782803708
1,42,92.625,38.90462576143834,185.25,173.459150092454
1,43,92.625,71.25520160820392,185.25,174.2959645309899
1,44,92.625,59.63401996631088,185.25,178.04751088532657
1,45,92.625,50.097103545685854,185.25,172.64239091081697
1,46,92.625,29.104280346327982,185.25,174.63525523434544
1,47,92.625,42.042322338832186,185.25,173.06014084884774
1,48,92.625,62.03512702488792,185.25,180.33506431205146
1,49,92.625,74.93290361611413,185.25,174.04988310745512
1,50,92.625,23.031437466450296,185.25,177.0457485603326
1,51,92.625,26.489117102404006,185.25,177.72307009960346
1,52,92.625,60.742771283589,185.25,180.42221900171788
1,53,92.625,66.04735451852866,185.25,180.52667963113296
1,54,92.625,23.887109934813687,185.25,174.27960006076438
1,55,92.625,65.80042732269736,185.25,180.7102647435321
1,56,92.625,63.384835025971284,185.25,173.33810355648444
1,57,92.625,57.81006705669956,185.25,176.86726579474404
1,58,92.625,38.09996160198701,185.25,174.72179239806113
1,59,92.625,44.02011178904307,185.25,173.50623540314476
1,60,92.625,39.594495359141256,185.25,174.04602158642913
1,61,92.625,66.42564330721822,185.25,173.44900063937996
1,62,92.625,37.443272103843995,185.25,180.40796887677354
1,63,92.625,37.118038641879245,185.25,180.44996371445134
1,64,92.625,71.79180540824215,185.25,173.0930360042722
1,65,92.625,70.92577543118053,185.25,182.0608733215216
1,66,92.625,73.68097409055912,185.25,173.17090464481979
1,67,92.625,64.56285456211518,185.25,182.41593766458027
1,68,92.625,23.78200820686627,185.25,180.92454670718027
1,69,92.625,24.008082662099202,185.25,180.2589516127215
1,70,92.625,50.38886237699369,185.25,172.77821150531852
1,71,92.625,67.31511279216834,185.25,175.13099141364202
1,72,92.625,68.90043832175014,185.25,180.40963782815095
1,73,92.625,54.902876925713194,185.25,174.20253294962492
1,74,92.625,72.9526836320052,185.25,174.2182618112237
1,75,92.625,27.458678141072976,185.25,180.42409224008657
1,76,92.625,31.402756707865205,185.25,172.74975039758732
1,77,92.625,37.67942506987014,185.25,177.44408599123582
1,78,92.625,33.39609241695043,185.25,177.75872678550974
1,79,92.625,36.53120054959451,185.25,173.97636324899133
1,80,92.625,25.566294182322235,185.25,174.1827963213871
1,81,92.625,40.104034522872766,185.25,174.7323606485149
1,82,92.625,20.548347553390492,185.25,181.32463161397797
1,83,92.625,49.296646712207384,185.25,173.59408295998958
1,84,92.625,72.38812200376753,185.25,180.6927708433941
1,85,92.625,44.053190425335735,185.25,173.91427489107133
1,86,92.625,54.18443899758,185.25,182.41574973972433
1,87,92.625,53.4860641823286,185.25,182.27998692950928
1,88,92.625,71.68362237289696,185.25,173.44089768640498
1,89,92.625,60.43007164377461,185.25,172.8245626300886
1,90,92.625,65.54028056172984,185.25,174.40593735311816
1,91,92.625,37.86924263478286,185.25,172.10476944876757
1,92,92.625,70.21711218840696,185.25,180.5090042986042
1,93,92.625,29.344472050220396,185.25,180.45234114953902
1,94,92.625,41.951261734499795,185.25,182.02983492658782
1,95,92.625,60.59604644752894,185.25,176.8934305384142
1,96,92.625,37.73382048869364,185.25,180.30089827933642
1,97,92.625,69.01001790496791,185.25,174.6461530402732
1,98,92.625,67.568189711373,185.25,173.2007331949544
1,99,92.625,28.207510181464023,185.25,174.75368428041517
2,0,86.025,30.56068696426079,172.05,158.38070672074537
2,1,86.025,20.900150190805256,172.05,170.70979356647098
2,2,86.025,64.58311146278582,172.05,160.9827369367788
2,3,86.025,36.43786041109965,172.05,163.53697562807793
2,4,86.025,39.36465458277659,172.05,162.04832658862833
2,5,86.025,32.707194430040076,172.05,161.77905153960427
2,6,86.025,24.735573888915408,172.05,157.100297612745
2,7,86.025,42.81538757351851,172.05,157.05688778564317
2,8,86.025,30.77583383525553,172.05,156.0458144297414
2,9,86.025,48.56984929536686,172.05,156.2193921916288
2,10,86.025,29.044738089761733,172.05,159.41481036269613
2,11,86.025,45.76527350488393,172.05,162.7582494388828
2,12,86.025,69.43773307359102,172.05,160.41977926525556
2,13,86.025,38.20453987666037,172.05,160.5943863231458
2,14,86.025,69.75701515519928,172.05,157.09402432531445
2,15,86.025,21.158635464231768,172.05,164.59711975525622
2,16,86.025,47.792497031619995,172.05,165.22060041680328
2,17,86.025,50.5551618109818,172.05,170.73887461103493
2,18,86.025,70.16520458216853,172.05,161.20768678811433
2,19,86.025,68.18401337302683,172.05,172.25795911594366
2,20,86.025,45.73920561836253,172.05,171.26090577581482
2,21,86.025,59.20677343520792,172.05,171.26273349082314
2,22,86.025,70.93192968026531,172.05,159.8635307025724
2,23,86.025,57.961444634335315,172.05,158.71677537678045
2,24,86.025,69.74276009022846,172.05,159.1940885801552
2,25,86.025,68.92673134489253,172.05,157.0161695773538
2,26,86.025,44.160514603658804,172.05,157.9931259088094
2,27,86.025,53.8110829739618,172.05,158.0911974422705
2,28,86.025,27.803226745559225,172.05,167.88271125367808
2,29,86.025,41.736391021858736,172.05,170.79652482182502
2,30,86.025,64.98420963632819,172.05,160.9543077689634
2,31,86.025,49.332612435469876,172.05,170.67499761621747
2,32,86.025,33.199570701172036,172.05,160.41376117789443
2,33,86.025,24.71180946969055,172.05,163.97350938311243
2,34,86.025,30.62078445744816,172.05,157.78611842443723
2,35,86.025,24.831180508348464,172.05,171.21459366699366
2,36,86.025,30.725089482209658,172.05,171.19369407072483
2,37,86.025,38.84093111729791,172.05,160.1472551682439
2,38,86.025,20.383489939543587,172.05,173.69121033178777
2,39,86.025,63.499001468490164,172.05,156.79942468292032
2,40,86.025,39.93696569210607,172.05,156.40510418648446
2,41,86.025,48.79824909181463,172.05,160.75555215466855
2,42,86.025,52.52380198522509,172.05,158.12160053772126
2,43,86.025,25.256447559653136,172.05,159.41356590025896
2,44,86.025,22.540266326130272,172.05,166.96718247434376
2,45,86.025,26.53993555471426,172.05,156.09534959391354
2,46,86.025,71.49101639390894,172.05,160.7708444682122
2,47,86.025,23.721760113502906,172.05,157.15019079725522
2,48,86.025,40.95798584649685,172.05,170.76132337524396
2,49,86.025,65.46846117635991,172.05,158.9308600762388
2,50,86.025,49.71421964579003,172.05,165.36252580170142
2,51,86.025,19.009272580914114,172.05,166.549810129047
2,52,86.025,66.20746176872406,172.05,170.90227801058074
2,53,86.025,38.87168543101867,172.05,171.03548664831249
2,54,86.025,27.146620529025196,172.05,159.93068319595923
2,55,86.025,36.32706219862256,172.05,171.31586775540148
2,56,86.025,50.24909082202269,172.05,157.47223309861175
2,57,86.025,20.104291697332624,172.05,164.8040903122304
2,58,86.025,52.91250240111046,172.05,160.7767278043009
2,59,86.025,51.11367788979022,172.05,158.18559398698613
2,60,86.025,30.45493044578943,172.05,159.2730075047767
2,61,86.025,41.14012354682203,172.05,157.66852521597357
2,62,86.025,28.543587023915894,172.05,170.92061291650444
2,63,86.025,19.214941377848543,172.05,170.97813847920756
2,64,86.025,49.69494426401519,172.05,156.75585224248968
2,65,86.025,42.187887291736516,172.05,173.30864080360857
2,66,86.025,63.680278410953896,172.05,156.99440569709031
2,67,86.025,28.843770553781592,172.05,173.78655110459047
2,68,86.025,41.93010851044426,172.05,171.78503758401794
2,69,86.025,54.220684996641026,172.05,170.7379323846273
2,70,86.025,21.761566918397747,172.05,156.3559712519154
2,71,86.025,37.31076121296345,172.05,161.2471772478581
2,72,86.025,55.227408165083375,172.05,170.85568869700063
2,73,86.025,31.33683857139146,172.05,159.45039935279152
2,74,86.025,37.77889670989864,172.05,159.25294211142926
2,75,86.025,49.33974380643102,172.05,170.96651540663794
2,76,86.025,40.241734851719244,172.05,156.66712771238394
2,77,86.025,65.56160158508366,172.05,166.05598362527363
2,78,86.025,64.64598121606265,172.05,166.63530394142413
2,79,86.025,63.242533425204954,172.05,159.2940956399932
2,80,86.025,41.15385260224774,172.05,159.78553895105944
2,81,86.025,28.360196234537383,172.05,160.75581983233212
2,82,86.025,52.671658535447044,172.05,172.35391630951648
2,83,86.025,41.25591391790887,172.05,158.25931267471805
2,84,86.025,45.462948813957766,172.05,171.26028869134
2,85,86.025,53.33200466258177,172.05,159.02870227792354
2,86,86.025,68.9834857913885,172.05,173.79665281038646
2,87,86.025,61.84868702290697,172.05,173.6034643713222
2,88,86.025,24.734964089493616,172.05,157.48290277198066
2,89,86.025,67.22382089360148,172.05,156.48061023622552
2,90,86.025,54.74148728483235,172.05,159.81206092510683
2,91,86.025,35.36515155722502,172.05,155.13694782036842
2,92,86.025,57.608893467062934,172.05,170.99847140939747
2,93,86.025,43.791928546280545,172.05,170.99690472299383
2,94,86.025,48.454955575726814,172.05,173.3087661755385
2,95,86.025,49.03965158554464,172.05,164.8842762373204
2,96,86.025,26.26671787891906,172.05,170.7595323818499
2,97,86.025,37.670800537566535,172.05,160.23232449133172
2,98,86.025,41.66657014445075,172.05,157.07819494411345
2,99,86.025,21.18676375611047,172.05,160.8683016978994
3,0,82.66499999999999,64.23472014734128,165.32999999999998,147.76488353944697
3,1,82.66499999999999,40.114612087445664,165.32999999999998,166.3330709432119
3,2,82.66499999999999,49.23258476462811,165.32999999999998,151.8591713693254
3,3,82.66499999999999,77.86629532264794,165.32999999999998,156.4008896105116
3,4,82.66499999999999,72.99949812281255,165.32999999999998,153.9589757651683
3,5,82.66499999999999,36.85090203243392,165.32999999999998,153.44957997385737
3,6,82.66499999999999,44.57897722999876,165.32999999999998,145.43687315230977
3,7,82.66499999999999,54.96785553415661,165.32999999999998,145.165231828968
3,8,82.66499999999999,27.516224363468456,165.32999999999998,143.33452338592423
3,9,82.66499999999999,68.63740279808695,165.32999999999998,143.63580828070909
3,10,82.66499999999999,39.929102024994634,165.32999999999998,149.45725309209047
3,11,82.66499999999999,27.282073076196276,165.32999999999998,154.99456026244889
3,12,82.66499999999999,63.23007986101323,165.32999999999998,150.8703465253304
3,13,82.66499999999999,51.54509557036755,165.32999999999998,151.47576032302294
3,14,82.66499999999999,21.90247673182973,165.32999999999998,144.57567428688301
3,15,82.66499999999999,54.45433848610716,165.32999999999998,158.02130627467506
3,16,82.66499999999999,66.69434551721389,165.32999999999998,158.9171562933552
3,17,82.66499999999999,22.142036473121816,165.32999999999998,166.36264704442502
3,18,82.66499999999999,60.21529361403179,165.32999999999998,152.26264167746587
3,19,82.66499999999999,35.456040180748204,165.32999999999998,167.00844169174968
3,20,82.66499999999999,46.70610208646573,165.32999999999998,167.0084101326214
3,21,82.66499999999999,24.64106428191388,165.32999999999998,167.00841465572037
3,22,82.66499999999999,52.59759731864371,165.32999999999998,149.78069995363464
3,23,82.66499999999999,77.30548295894302,165.32999999999998,148.06725465585316
3,24,82.66499999999999,38.77840277606198,165.32999999999998,148.51915321214318
3,25,82.66499999999999,24.116642578904933,165.32999999999998,144.54837781782888
3,26,82.66499999999999,71.79983589977235,165.32999999999998,147.025656793353
3,27,82.66499999999999,77.8380848473784,165.32999999999998,147.09109023714322
3,28,82.66499999999999,50.09656296791035,165.32999999999998,162.7036280212602
3,29,82.66499999999999,75.46306250774826,165.32999999999998,166.4357981257024
3,30,82.66499999999999,75.4710186172361,165.32999999999998,151.94718877873333
3,31,82.66499999999999,64.89019367748824,165.32999999999998,166.28899716953214
3,32,82.66499999999999,70.77293465946823,165.32999999999998,151.29792503341096
3,33,82.66499999999999,30.100177948314144,165.32999999999998,157.02786889902714
3,34,82.66499999999999,71.63654118164206,165.32999999999998,146.71273209774236
3,35,82.66499999999999,45.51300377875539,165.32999999999998,166.9543213347943
3,36,82.66499999999999,37.67677780709642,165.32999999999998,166.92754714173526
3,37,82.66499999999999,54.398351209689785,165.32999999999998,150.72600911280853
3,38,82.66499999999999,72.36295806719014,165.32999999999998,167.00847710180852
3,39,82.66499999999999,46.578026252668096,165.32999999999998,144.32972061400739
3,40,82.66499999999999,24.98144138721648,165.32999999999998,143.89870151057073
3,41,82.66499999999999,37.712705922151606,165.32999999999998,151.5804543658588
3,42,82.66499999999999,37.59315606742635,165.32999999999998,146.89613743089544
3,43,82.66499999999999,62.61339139242368,165.32999999999998,149.5475341245657
3,44,82.66499999999999,78.29215850125196,165.32999999999998,161.4946613841474
3,45,82.66499999999999,53.68647539890981,165.32999999999998,143.63442710653086
3,46,82.66499999999999,35.66693901994665,165.32999999999998,151.37679875779938
3,47,82.66499999999999,62.98276008776865,165.32999999999998,145.64847720809735
3,48,82.66499999999999,29.232593984986508,165.32999999999998,166.39552163077406
3,49,82.66499999999999,24.000681817305487,165.32999999999998,148.04264035094778
3,50,82.66499999999999,59.693919642517194,165.32999999999998,159.11011410412746
3,51,82.66499999999999,43.08900792771061,165.32999999999998,160.88754108380076
3,52,82.66499999999999,47.6498999246182,165.32999999999998,166.55366871035687
3,53,82.66499999999999,24.751358009916384,165.32999999999998,166.73449199615885
3,54,82.66499999999999,49.404856398288715,165.32999999999998,150.4200687171559
3,55,82.66499999999999,57.08923206035824,165.32999999999998,167.00833316934919
3,56,82.66499999999999,79.95996534639046,165.32999999999998,146.00719276513445
3,57,82.66499999999999,21.560327425598114,165.32999999999998,158.28868929986723
3,58,82.66499999999999,51.65681726745598,165.32999999999998,151.64992686656907
3,59,82.66499999999999,49.835043854619265,165.32999999999998,147.09315706409868
3,60,82.66499999999999,58.24362164987717,165.32999999999998,149.27572009485235
3,61,82.66499999999999,72.1004566771818,165.32999999999998,146.39980952243795
3,62,82.66499999999999,50.519632454716636,165.32999999999998,166.59206343631777
3,63,82.66499999999999,55.04970646754564,165.32999999999998,166.66403497309298
3,64,82.66499999999999,50.794397048784674,165.32999999999998,144.42929661306874
3,65,82.66499999999999,68.65305974376155,165.32999999999998,167.00841659153713
3,66,82.66499999999999,75.36739274199927,165.32999999999998,144.82657184264386
3,67,82.66499999999999,39.86280848464743,165.32999999999998,167.0084866241161
3,68,82.66499999999999,64.27509952647593,165.32999999999998,166.98141945177173
3,69,82.66499999999999,60.04322138389135,165.32999999999998,166.3636719276685
3,70,82.66499999999999,42.93924836295098,165.32999999999998,144.0801714370327
3,71,82.66499999999999,69.0817080597391,165.32999999999998,152.62749746844057
3,72,82.66499999999999,62.491993470102024,165.32999999999998,166.50038169397808
3,73,82.66499999999999,50.145329638014836,165.32999999999998,149.51559224589806
3,74,82.66499999999999,55.00968184942873,165.32999999999998,149.11407782817122
3,75,82.66499999999999,77.9198690833669,165.32999999999998,166.6411918955425
3,76,82.66499999999999,59.15688270639412,165.32999999999998,144.58678891450066
3,77,82.66499999999999,58.83609563601161,165.32999999999998,160.06997523946524
3,78,82.66499999999999,43.386010961670465,165.32999999999998,160.89692196453265
3,79,82.66499999999999,67.76965672671005,165.32999999999998,149.00922665544468
3,80,82.66499999999999,73.26782423494141,165.32999999999998,150.20739004050813
3,81,82.66499999999999,39.06250491655115,165.32999999999998,151.7766328382532
3,82,82.66499999999999,40.090730763402874,165.32999999999998,167.00846361669804
3,83,82.66499999999999,61.16379671232321,165.32999999999998,147.40489488344198
3,84,82.66499999999999,37.8085138549006,165.32999999999998,167.00841499340217
3,85,82.66499999999999,25.221182856248724,165.32999999999998,148.4601087790732
3,86,82.66499999999999,37.762582951892355,165.32999999999998,167.0084695716678
3,87,82.66499999999999,62.61503936648951,165.32999999999998,167.00850281104644
3,88,82.66499999999999,50.801140264444385,165.32999999999998,146.0691479578559
3,89,82.66499999999999,55.504385035223436,165.32999999999998,143.63348926786296
3,90,82.66499999999999,58.310242919364576,165.32999999999998,149.9452953483194
3,91,82.66499999999999,52.77234798638325,165.32999999999998,141.80658583743005
3,92,82.66499999999999,78.67121450216315,165.32999999999998,166.67639454078306
3,93,82.66499999999999,69.5172500269502,165.32999999999998,166.68169145831953
3,94,82.66499999999999,78.79751089798759,165.32999999999998,167.00848496492372
3,95,82.66499999999999,62.38813133408569,165.32999999999998,158.38521502210438
3,96,82.66499999999999,68.9734267474912,165.32999999999998,166.3962809639811
3,97,82.66499999999999,65.91498491726384,165.32999999999998,150.8881444184534
3,98,82.66499999999999,77.44333929622707,165.32999999999998,145.3875037749299
3,99,82.66499999999999,40.943951315513836,165.32999999999998,152.02373427585633
4,0,82.275,36.34556371253446,164.55,138.11085335379684
4,1,82.275,19.077736823747376,164.55,165.67838871173697
4,2,82.275,22.16587547409974,164.55,144.80839268790947
4,3,82.275,71.55825260346043,164.55,151.8833245498066
4,4,82.275,44.66204523668478,164.55,147.98782646965702
4,5,82.275,25.14033083385354,164.55,147.46605744248834
4,6,82.275,24.380358659243495,164.55,134.59445412077355
4,7,82.275,47.020030018102126,164.55,134.00547824281617
4,8,82.275,54.41901225869116,164.55,131.55920246598635
4,9,82.275,64.50982198488032,164.55,131.19891043293876
4,10,82.275,49.99535420723722,164.55,141.2669946379407
4,11,82.275,36.86945338150116,164.55,149.9260723964464
4,12,82.275,57.14350512411958,164.55,143.20182706792164
4,13,82.275,28.790336543061002,164.55,144.2554374568543
4,14,82.275,36.80806562241698,164.55,133.36522608396163
4,15,82.275,25.10129867343944,164.55,154.34924824675872
4,16,82.275,56.03183396717924,164.55,155.681673724236
4,17,82.275,48.23853141581333,164.55,165.72473053400677
4,18,82.275,42.7030250516772,164.55,145.4179596970808
4,19,82.275,31.14281842884553,164.55,166.22056847464805
4,20,82.275,65.03888139887003,164.55,166.2204647103625
4,21,82.275,40.326451406927625,164.55,166.2204583995956
4,22,82.275,68.82994580438181,164.55,141.65721846183635
4,23,82.275,33.437488875855706,164.55,138.1543417135101
4,24,82.275,53.63164002455804,164.55,139.67798335523253
4,25,82.275,59.17002456780745,164.55,133.51534365674266
4,26,82.275,27.77254936147448,164.55,136.63952177043103
4,27,82.275,28.479918701403918,164.55,136.52268931235704
4,28,82.275,60.671623021442,164.55,161.01063609704642
4,29,82.275,23.359840899193728,164.55,165.81531358986794
4,30,82.275,44.85121512174934,164.55,144.69836981512753
4,31,82.275,22.99557941651839,164.55,165.63064175922534
4,32,82.275,71.67290292383174,164.55,143.95605355896956
4,33,82.275,64.56960466190978,164.55,153.07325352412707
4,34,82.275,31.259306819611634,164.55,136.1167803398642
4,35,82.275,65.02378205383411,164.55,166.22031107934401
4,36,82.275,59.724816475161894,164.55,166.22049999671108
4,37,82.275,24.41143647733738,164.55,143.01715200235887
4,38,82.275,33.167220214565695,164.55,166.22059271428708
4,39,82.275,53.885424652628565,164.55,132.78140900423355
4,40,82.275,57.49380126051424,164.55,132.52815681419762
4,41,82.275,37.40642530026338,164.55,144.55047681557068
4,42,82.275,25.546256815639477,164.55,136.99901469381467
4,43,82.275,45.7640160168975,164.55,141.07735223544879
4,44,82.275,60.634908545982746,164.55,159.33549345659472
4,45,82.275,47.21454624504696,164.55,131.55615089612917
4,46,82.275,29.160900290464163,164.55,144.18361157123175
4,47,82.275,35.235999932208564,164.55,134.63633793534228
4,48,82.275,60.269347326475426,164.55,165.76564223187077
4,49,82.275,43.87592603693451,164.55,139.0011939727705
4,50,82.275,60.70405436209218,164.55,156.00484954411635
4,51,82.275,28.14497711190028,164.55,158.52810820847145
4,52,82.275,56.26611339526603,164.55,165.96893406887344
4,53,82.275,62.601477403544706,164.55,166.2206029118265
4,54,82.275,67.45750656360357,164.55,142.8204119072
4,55,82.275,34.903654811904126,164.55,166.220295559941
4,56,82.275,68.82196775542431,164.55,134.8793699611463
4,57,82.275,50.78210658021051,164.55,154.8945772389876
4,58,82.275,34.673789086905046,164.55,144.52170269681918
4,59,82.275,20.129585829963702,164.55,137.13467650005768
4,60,82.275,55.146723506495945,164.55,140.76831677234244
4,61,82.275,70.88007855103294,164.55,135.85405546717277
4,62,82.275,50.16414717714635,164.55,166.02212229297834
4,63,82.275,35.01164189826675,164.55,166.07984530429025
4,64,82.275,36.640666096595496,164.55,132.74615225140917
4,65,82.275,45.53205783907313,164.55,166.220553187579
4,66,82.275,72.789993555909,164.55,133.02172623208202
4,67,82.275,42.20970860029598,164.55,166.22059024142487
4,68,82.275,39.81483551336632,164.55,166.22050735894896
4,69,82.275,45.74555273146751,164.55,165.7247907945599
4,70,82.275,30.670345008859208,164.55,132.40837474524446
4,71,82.275,34.48471415672092,164.55,145.89199999089627
4,72,82.275,63.181715833609616,164.55,165.89856818783136
4,73,82.275,67.75663781686725,164.55,141.34829956216555
4,74,82.275,38.87647469520871,164.55,140.42676501964954
4,75,82.275,45.05828073434052,164.55,166.08630477615762
4,76,82.275,68.34412512074161,164.55,133.20278881829066
4,77,82.275,57.84030709475397,164.55,157.37394560238926
4,78,82.275,43.71340027835219,164.55,158.54738778384421
4,79,82.275,71.36177000963622,164.55,140.23319130781212
4,80,82.275,67.3467476364852,164.55,142.11809370842798
4,81,82.275,43.977387795855435,164.55,144.91506523044416
4,82,82.275,29.106752265153844,164.55,166.2205729233894
4,83,82.275,64.61699603161769,164.55,137.73550286964144
4,84,82.275,68.01898657296773,164.55,166.22044960017982
4,85,82.275,55.54929523487042,164.55,139.78683140349204
4,86,82.275,62.9223533682876,164.55,166.220584018434
4,87,82.275,19.46992627983205,164.55,166.22058223159792
4,88,82.275,52.712792061094625,164.55,135.64556597811912
4,89,82.275,63.012533682338606,164.55,131.4644757260003
4,90,82.275,34.21458784878579,164.55,141.68232899308714
4,91,82.275,27.00437088240709,164.55,128.3600728099421
4,92,82.275,67.62302879006394,164.55,166.13581936645033
4,93,82.275,61.64875294013136,164.55,166.14316575660794
4,94,82.275,38.21305459071219,164.55,166.2205942007719
4,95,82.275,50.33934099272698,164.55,154.89769905616208
4,96,82.275,31.01303700071287,164.55,165.76292751018278
4,97,82.275,36.726430670891126,164.55,143.14333298255482
4,98,82.275,56.35841665819858,164.55,133.81497499624157
4,99,82.275,60.47983021393424,164.55,145.38165920698992
5,0,86.01,80.96938240222563,172.02,128.75210750395527
5,1,86.01,66.23548151174329,172.02,168.8424833993561
5,2,86.01,75.61623723533002,172.02,138.5881002991042
5,3,86.01,34.90501318450161,172.02,148.19847061792544
5,4,86.01,70.25403419330813,172.02,142.931270479717
5,5,86.01,87.72763719455187,175.45527438910375,142.71644572421096
5,6,86.01,82.91591726869731,172.02,123.8515908703212
5,7,86.01,74.60566016867547,172.02,122.24299571011288
5,8,86.01,81.86259058862404,172.02,118.69394268191895
5,9,86.01,52.62993769984372,172.02,116.64920311735297
5,10,86.01,43.461017280359975,172.02,132.94187531500216
5,11,86.01,64.898092749145,172.02,145.8138209170904
5,12,86.01,61.33495437944082,172.02,135.70972824006114
5,13,86.01,24.94539765135418,172.02,137.45242273612118
5,14,86.01,40.26862367980908,172.02,121.10527208025408
5,15,86.01,61.265754323538886,172.02,152.16272271216755
5,16,86.01,26.583625233143543,172.02,153.86738588529153
5,17,86.01,26.44026786011312,172.02,168.95461487616225
5,18,86.01,47.375911562002635,172.02,139.0814260486248
5,19,86.01,30.340169643995072,172.02,171.61723786019905
5,20,86.01,49.935401815031305,172.02,170.12731844394818
5,21,86.01,67.30232085700275,172.02,170.1289686200669
5,22,86.01,53.77485122446596,172.02,133.11585625803366
5,23,86.01,23.49101482966502,172.02,128.11079692822196
5,24,86.01,84.23338022284685,172.02,130.8910179302548
5,25,86.01,39.00232773503071,172.02,120.78723286893545
5,26,86.01,22.74458509637405,172.02,125.99316054615555
5,27,86.01,51.793960568128966,172.02,125.90376084554697
5,28,86.01,79.03258379503691,172.02,161.9545167192368
5,29,86.01,84.57535797782982,172.02,169.13488661024644
5,30,86.01,31.142171917713775,172.02,137.87160267721524
5,31,86.01,26.863854552315807,172.02,168.79762918390276
5,32,86.01,77.97106769152946,172.02,136.77059316445965
5,33,86.01,78.60764524547703,172.02,150.25453867887845
5,34,86.01,83.32338791726421,172.02,125.82820516553204
5,35,86.01,75.01917703611221,172.02,170.05236444727356
5,36,86.01,78.08281730226388,172.02,170.0120845910551
5,37,86.01,76.83926492481841,172.02,136.0325292741669
5,38,86.01,24.90877470204698,172.02,173.6476466146458
5,39,86.01,34.00639100021333,172.02,119.63618223348777
5,40,86.01,25.160600673750512,172.02,119.24614235521906
5,41,86.01,22.311857196884738,172.02,137.82390280441646
5,42,86.01,87.44308990695883,174.88617981391766,127.54461316617649
5,43,86.01,88.96288043513685,177.9257608702737,133.3074227777687
5,44,86.01,59.335201778424306,172.02,159.34960082992166
5,45,86.01,32.12996274731228,172.02,117.92195852262768
5,46,86.01,31.3415093036503,172.02,137.3680822806728
5,47,86.01,83.09801285376204,172.02,123.65328108658179
5,48,86.01,83.51423906715013,172.02,169.04500576730027
5,49,86.01,61.286558161580025,172.02,129.74061049775383
5,50,86.01,70.4682685890471,172.02,154.4686936072201
5,51,86.01,62.277782452463654,172.02,158.23582189466129
5,52,86.01,69.84335165917764,172.02,169.3463072941418
5,53,86.01,87.55820245958523,175.11640491917046,170.82943846728932
5,54,86.01,51.27649000650802,172.02,134.98338661416358
5,55,86.01,27.405240933370475,172.02,170.20582847982396
5,56,86.01,27.45210224762764,172.02,122.12448928615427
5,57,86.01,65.91758587789734,172.02,152.89067902988535
5,58,86.01,26.182154269804062,172.02,137.7767345238359
5,59,86.01,29.461501554259776,172.02,126.98018149406822
5,60,86.01,81.19915840823141,172.02,132.424687842672
5,61,86.01,84.86685548872116,172.02,124.50171405642831
5,62,86.01,29.830395086314187,172.02,169.36399274280782
5,63,86.01,36.999218254788424,172.02,169.5018927646139
5,64,86.01,88.38237252700686,176.76474505401373,121.07861308075387
5,65,86.01,83.64166374401105,172.02,173.1704385425245
5,66,86.01,64.18575734141692,172.02,119.26066345388023
5,67,86.01,53.89033183309204,172.02,173.76636343997032
5,68,86.01,74.97714403926385,172.02,170.94974325310113
5,69,86.01,54.81192833254484,172.02,168.96833458264416
5,70,86.01,87.38119509967093,174.76239019934187,120.73888804519828
5,71,86.01,73.53590776995301,172.02,140.02849922919452
5,72,86.01,64.77704072011092,172.02,169.24381416504528
5,73,86.01,29.733042461370164,172.02,132.60837927085623
5,74,86.01,70.34056617939177,172.02,131.9814078144248
5,75,86.01,30.09276930132567,172.02,169.47896527542784
5,76,86.01,32.018218394256216,172.02,119.72659653280036
5,77,86.01,79.82473063208164,172.02,156.5354866253198
5,78,86.01,60.52625486394321,172.02,158.22844569198048
5,79,86.01,59.83240934580557,172.02,130.88269512419234
5,80,86.01,68.87419686313473,172.02,133.98447331464646
5,81,86.01,78.67991643198937,172.02,138.67419768637802
5,82,86.01,85.45198657235002,172.02,171.75126848615528
5,83,86.01,26.56513022108843,172.02,127.04778673198467
5,84,86.01,24.934700114161252,172.02,170.11615041488224
5,85,86.01,27.42871809955851,172.02,130.5249955286443
5,86,86.01,87.53649006377233,175.07298012754467,175.2832607845241
5,87,86.01,57.90398435759507,172.02,173.53129681251065
5,88,86.01,47.321793945505284,172.02,124.31404959274897
5,89,86.01,62.922112216955746,172.02,117.40426601209828
5,90,86.01,30.345959139521003,172.02,133.57951240217596
5,91,86.01,48.20459886511855,172.02,113.51138380965705
5,92,86.01,42.01524755485557,172.02,169.5499354919664
5,93,86.01,67.29880361538595,172.02,169.56930812230954
5,94,86.01,32.703185340602516,172.02,173.16935037654636
5,95,86.01,87.20608057537527,174.41216115075053,153.21198740084952
5,96,86.01,24.998476025043058,172.02,168.98849699104468
5,97,86.01,29.121707043782262,172.02,135.7121773780865
5,98,86.01,33.28316937743204,172.02,120.95557548368674
5,99,86.01,88.32572800614855,176.6514560122971,139.46201894445224
6,0,93.255,46.149859778672,186.51,98.96743990429411
6,1,93.255,79.58621598478203,186.51,164.88572959469997
6,2,93.255,78.89347054010416,186.51,117.1994234754822
6,3,93.255,55.52591494448273,186.51,132.35738181499926
6,4,93.255,49.24691591038821,186.51,122.95035775733271
6,5,93.255,84.13724277438976,186.51,121.66198293680681
6,6,93.255,32.39819884010215,186.51,90.05873697811043
6,7,93.255,27.71254497015902,186.51,88.01251149168728
6,8,93.255,57.64392232775281,186.51,78.96839343411956
6,9,93.255,51.21303554990412,186.51,78.09677120614401
6,10,93.255,31.518774962258316,186.51,108.95918207954709
6,11,93.255,32.73292456465814,186.51,128.6727545655183
6,12,93.255,65.05835693814,186.51,112.26956474735472
6,13,93.255,100.50177165640636,201.00354331281272,115.60928221767799
6,14,93.255,80.57458075470589,186.51,88.50621391331005
6,15,93.255,40.036088515344474,186.51,138.10773687012826
6,16,93.255,53.93409262561799,186.51,140.77163140407526
6,17,93.255,79.12675790021288,186.51,164.5499779843363
6,18,93.255,32.04086166945706,186.51,118.57081542969874
6,19,93.255,41.34170306439353,186.51,168.68686932754036
6,20,93.255,31.429643355043257,186.51,167.5674966286279
6,21,93.255,62.7363077053017,186.51,167.56821168742476
6,22,93.255,68.53786558431261,186.51,108.65888612084295
6,23,93.255,93.31736725877396,186.6347345175479,100.87875542847536
6,24,93.255,28.488624462217377,186.51,103.36986641845469
6,25,93.255,36.77623863471175,186.51,88.16124383683717
6,26,93.255,47.63103652891397,186.51,97.77732534936038
6,27,93.255,58.30097614129793,186.51,95.85364139876496
6,28,93.255,49.73468009053161,186.51,152.66889183178776
6,29,93.255,103.26501463092977,206.53002926185954,164.54999664828352
6,30,93.255,53.61731598643856,186.51,116.09562754146366
6,31,93.255,96.80453395796448,193.60906791592896,164.54999855579345
6,32,93.255,103.49611084344725,206.9922216868945,113.80780398651105
6,33,93.255,48.77356988380667,186.51,135.03459666008726
6,34,93.255,38.05818911658143,186.51,93.9614030580079
6,35,93.255,92.52932367030417,186.51,167.27050228363308
6,36,93.255,27.139295007862646,186.51,167.2401901624293
6,37,93.255,35.789331435108096,186.51,113.06378551292488
6,38,93.255,41.29317051321451,186.51,172.02000987554072
6,39,93.255,27.798845126769972,186.51,86.24460193925286
6,40,93.255,75.57718198530797,186.51,85.34437161461716
6,41,93.255,27.288326776157913,186.51,117.09170669067998
6,42,93.255,47.32946825079628,186.51,95.69610095422891
6,43,93.255,69.4399059189009,186.51,106.18218105683243
6,44,93.255,78.40750825769605,186.51,147.38354189469442
6,45,93.255,35.51062584684541,186.51,83.4627338753245
6,46,93.255,68.04626116172066,186.51,116.28201917686773
6,47,93.255,81.342409222638,186.51,88.76220704336151
6,48,93.255,29.599728164313,186.51,164.55000256589938
6,49,93.255,62.1323952066563,186.51,102.96766051307647
6,50,93.255,54.86861855855815,186.51,140.98730329679202
6,51,93.255,31.63185338940196,186.51,145.74742274958118
6,52,93.255,71.33386215600258,186.51,164.5500045351451
6,53,93.255,32.0271662147624,186.51,166.77805233915169
6,54,93.255,79.40634464070537,186.51,112.16805870747815
6,55,93.255,65.2496771235323,186.51,167.66076112082538
6,56,93.255,93.40673393653925,186.8134678730785,92.8306324256829
6,57,93.255,63.30157497941627,186.51,139.11971992707035
6,58,93.255,92.5044020880008,186.51,116.9136827685441
6,59,93.255,53.89995360114029,186.51,99.89772180090387
6,60,93.255,63.26375237132894,186.51,105.29188317821911
6,61,93.255,72.9652161665837,186.51,89.50710682437452
6,62,93.255,79.91633417054537,186.51,165.87005260288524
6,63,93.255,49.82363230242604,186.51,166.20747219646552
6,64,93.255,29.81519636706284,186.51,80.84020119463288
6,65,93.255,80.52541389127356,186.51,172.02000133895098
6,66,93.255,85.21464217944492,186.51,84.68638029837906
6,67,93.255,94.55018213649113,189.10036427298226,174.34523925893566
6,68,93.255,73.39436122971298,186.51,167.8910316303413
6,69,93.255,88.23690560581859,186.51,164.54999800347173
6,70,93.255,40.20881858834713,186.51,81.90921601708237
6,71,93.255,52.765170303202716,186.51,119.51704777790748
6,72,93.255,57.12062929494877,186.51,164.55022410247906
6,73,93.255,52.186519185355934,186.51,108.48688270545779
6,74,93.255,51.51590305721716,186.51,106.17638080466006
6,75,93.255,76.15561246187252,186.51,165.61078627243094
6,76,93.255,91.1012131758847,186.51,90.52535667362702
6,77,93.255,67.0189280584738,186.51,143.10235816051136
6,78,93.255,82.90196154914538,186.51,146.61110388298403
6,79,93.255,72.18457880576221,186.51,104.24932958660678
6,80,93.255,81.02520292735966,186.51,109.62540166060779
6,81,93.255,72.77491197742714,186.51,116.22965744930379
6,82,93.255,36.76138369381088,186.51,168.68687827436156
6,83,93.255,93.14417742527566,186.51,98.5236038108589
6,84,93.255,39.1156701067855,186.51,167.5677545081922
6,85,93.255,47.476310378743946,186.51,105.34790124293959
6,86,93.255,67.69458685313398,186.51,174.3680601141684
6,87,93.255,78.87677292580365,186.51,172.05000572206387
6,88,93.255,98.4264799429741,196.8529598859482,97.8150750334297
6,89,93.255,37.41903640263143,186.51,78.41203458866391
6,90,93.255,29.80010919779366,186.51,110.00190288265766
6,91,93.255,73.82404864830238,186.51,73.77822988426088
6,92,93.255,70.73805418114398,186.51,164.5500085331463
6,93,93.255,82.89278467771547,186.51,166.70838493812977
6,94,93.255,40.250904539208065,186.51,172.02000416709134
6,95,93.255,87.10706279538641,186.51,138.9067111872075
6,96,93.255,31.006186332875874,186.51,165.02635975771273
6,97,93.255,36.07848321904366,186.51,112.4369934296715
6,98,93.255,39.875033715249835,186.51,87.6307264065957
6,99,93.255,32.85814316658049,186.51,117.45231553269913
7,0,100.66499999999999,31.128841765029357,201.32999999999998,98.9674245831231
7,1,100.66499999999999,81.11505875624778,201.32999999999998,162.63469994723815
7,2,100.66499999999999,108.33961877278405,216.6792375455681,115.4764784994826
7,3,100.66499999999999,62.270811477396585,201.32999999999998,130.42666836285392
7,4,100.66499999999999,40.088942759032264,201.32999999999998,122.95034359141061
7,5,100.66499999999999,51.99390857119949,201.32999999999998,121.66194537748602
7,6,100.66499999999999,47.7616693352489,201.32999999999998,90.05872815847276
7,7,100.66499999999999,86.71254897941246,201.32999999999998,86.71255063265575
7,8,100.66499999999999,78.96839332626023,201.32999999999998,78.96839157535838
7,9,100.66499999999999,78.09676435038784,201.32999999999998,78.09676561904686
7,10,100.66499999999999,108.95917087688267,217.91834175376533,108.9591721346937
7,11,100.66499999999999,50.36686484800749,201.32999999999998,126.79253969540298
7,12,100.66499999999999,79.32118008058448,201.32999999999998,112.26955875251399
7,13,100.66499999999999,60.30155795234109,201.32999999999998,115.60927909575926
7,14,100.66499999999999,88.50620942310604,201.32999999999998,88.50620933034318
7,15,100.66499999999999,57.43448520193032,201.32999999999998,136.10077559709623
7,16,100.66499999999999,96.07248753134247,201.32999999999998,138.73026408816483
7,17,100.66499999999999,50.428515063230094,201.32999999999998,164.54996909864784
7,18,100.66499999999999,84.78843882799356,201.32999999999998,116.83137284537437
7,19,100.66499999999999,44.929505154303534,201.32999999999998,168.68685952319123
7,20,100.66499999999999,90.46087986352893,201.32999999999998,165.32999684279824
7,21,100.66499999999999,70.42810696240821,201.32999999999998,165.32999246013262
7,22,100.66499999999999,47.13796388598499,201.32999999999998,107.05698158772657
7,23,100.66499999999999,88.93962187120314,201.32999999999998,100.87874988139636
7,24,100.66499999999999,37.191694467563906,201.32999999999998,103.36984248228467
7,25,100.66499999999999,86.50406014926624,201.32999999999998,86.85888365264614
7,26,100.66499999999999,90.8212323313648,201.32999999999998,97.77731905219417
7,27,100.66499999999999,71.97737920390172,201.32999999999998,95.85360397602666
7,28,100.66499999999999,71.63806736412171,201.32999999999998,150.48811655299517
7,29,100.66499999999999,90.32188077285723,201.32999999999998,161.2754446791885
7,30,100.66499999999999,74.36475619592399,201.32999999999998,116.09561413039913
7,31,100.66499999999999,33.72671729232054,201.32999999999998,164.54999505003667
7,32,100.66499999999999,33.659201349183355,201.32999999999998,112.12434661140081
7,33,100.66499999999999,106.59191627787503,213.18383255575006,133.06748476580066
7,34,100.66499999999999,68.33652856960357,201.32999999999998,92.57450362887947
7,35,100.66499999999999,82.47287006102569,201.32999999999998,165.33000009475842
7,36,100.66499999999999,57.701273248649855,201.32999999999998,165.3299812555319
7,37,100.66499999999999,57.113149000530136,201.32999999999998,111.4028699844121
7,38,100.66499999999999,84.18582240236975,201.32999999999998,172.0199993140471
7,39,100.66499999999999,53.24967477005908,201.32999999999998,84.97057210205912
7,40,100.66499999999999,35.93220921296787,201.32999999999998,85.34434165454647
7,41,100.66499999999999,54.88983140801723,201.32999999999998,115.37337776250229
7,42,100.66499999999999,37.351283777027106,201.32999999999998,95.695970067974
7,43,100.66499999999999,108.24379549661448,216.48759099322896,107.28369951821908
7,44,100.66499999999999,97.75478445154242,201.32999999999998,147.38353363155574
7,45,100.66499999999999,80.18914260450089,201.32999999999998,81.80182031885266
7,46,100.66499999999999,33.539892225510165,201.32999999999998,114.57339336487094
7,47,100.66499999999999,63.78397467194005,201.32999999999998,88.76217480448403
7,48,100.66499999999999,101.48892434396315,202.9778486879263,164.54999495849268
7,49,100.66499999999999,78.47592112954783,201.32999999999998,100.91860038783787
7,50,100.66499999999999,60.02319504849046,201.32999999999998,140.98154378610408
7,51,100.66499999999999,58.38440685785433,201.32999999999998,145.7474007994254
7,52,100.66499999999999,42.113230865353316,201.32999999999998,164.54999842569876
7,53,100.66499999999999,27.80881441634195,201.32999999999998,164.5499974189326
7,54,100.66499999999999,72.08404860628802,201.32999999999998,109.93591165718024
7,55,100.66499999999999,82.69615577029238,201.32999999999998,165.32999923702513
7,56,100.66499999999999,44.66148565745874,201.32999999999998,85.45970183818154
7,57,100.66499999999999,76.00911742206841,201.32999999999998,137.09880581447538
7,58,100.66499999999999,61.292407058114456,201.32999999999998,115.19479783910396
7,59,100.66499999999999,37.07811687096524,201.32999999999998,99.8977078243635
7,60,100.66499999999999,71.57308971657092,201.32999999999998,105.29179187362996
7,61,100.66499999999999,96.13940837290194,201.32999999999998,95.2650277657813
7,62,100.66499999999999,77.39466826654383,201.32999999999998,77.39467277974789
7,63,100.66499999999999,60.314280401040456,201.32999999999998,163.61766457500363
7,64,100.66499999999999,29.494052010819782,201.32999999999998,80.8401781031514
7,65,100.66499999999999,48.71377548472512,201.32999999999998,172.01999962370235
7,66,100.66499999999999,77.54076163114786,201.32999999999998,76.85425324681306
7,67,100.66499999999999,84.33337330298048,201.32999999999998,172.01999802353748
7,68,100.66499999999999,54.70378122075694,201.32999999999998,167.8910280602314
7,69,100.66499999999999,44.24235254020439,201.32999999999998,164.54999287252627
7,70,100.66499999999999,91.20417704133195,201.32999999999998,90.33140320347461
7,71,100.66499999999999,35.07311498154125,201.32999999999998,117.76349662287895
7,72,100.66499999999999,61.95865626111702,201.32999999999998,164.54999532366566
7,73,100.66499999999999,78.46396425822267,201.32999999999998,106.88968221076405
7,74,100.66499999999999,69.47869530494482,201.32999999999998,105.15240747312137
7,75,100.66499999999999,32.079747943732315,201.32999999999998,164.54999956132673
7,76,100.66499999999999,44.745313720562976,201.32999999999998,76.3688698245649
7,77,100.66499999999999,41.90442700322492,201.32999999999998,143.10234947344122
7,78,100.66499999999999,69.85245078446093,201.32999999999998,146.61108428513182
7,79,100.66499999999999,44.560534815571096,201.32999999999998,104.24932289517186
7,80,100.66499999999999,89.51999911377376,201.32999999999998,107.97926464158587
7,81,100.66499999999999,34.61057081114641,201.32999999999998,116.22964414243128
7,82,100.66499999999999,60.19983849578898,201.32999999999998,168.68686765368605
7,83,100.66499999999999,100.52401918024019,201.32999999999998,99.65510954872627
7,84,100.66499999999999,106.21740616252836,212.43481232505673,165.3299942935363
7,85,100.66499999999999,53.334556159349496,201.32999999999998,103.79616222997502
7,86,100.66499999999999,44.53214357128116,201.32999999999998,172.04998891219375
7,87,100.66499999999999,29.257732897535167,201.32999999999998,172.04999908573174
7,88,100.66499999999999,85.36005353017322,201.32999999999998,87.12554412355914
7,89,100.66499999999999,33.55561073277188,201.32999999999998,78.41200803252684
7,90,100.66499999999999,110.00190071819786,220.00380143639572,110.00189716921489
7,91,100.66499999999999,52.36559231451222,201.32999999999998,73.12970078738353
7,92,100.66499999999999,107.14226735165911,214.28453470331823,164.54999811084892
7,93,100.66499999999999,87.38737533150268,201.32999999999998,164.5499972059273
7,94,100.66499999999999,61.65345304398152,201.32999999999998,172.0199984152061
7,95,100.66499999999999,54.139196384404926,201.32999999999998,136.8848916101571
7,96,100.66499999999999,83.02894599638091,201.32999999999998,164.5499913007636
7,97,100.66499999999999,104.48744359913559,208.97488719827118,112.43697094576565
7,98,100.66499999999999,49.63515553556343,201.32999999999998,87.6306892617496
7,99,100.66499999999999,80.88953451417429,201.32999999999998,115.72758046205487
8,0,117.66,43.91915291522515,235.32,43.91915634221464
8,1,117.66,21.29084731868513,235.32,162.63470068613765
8,2,117.66,22.007411418743654,235.32,117.82111770957142
8,3,117.66,21.686647820757525,235.32,133.07485464475434
8,4,117.66,21.727779326506802,235.32,125.44673261116723
8,5,117.66,36.65576053356349,235.32,121.66194498664393
8,6,117.66,64.7352590958077,235.32,64.7352624677017
8,7,117.66,73.11036949405865,235.32,73.11037194701447
8,8,117.66,42.60612726651117,235.32,42.60613232290738
8,9,117.66,63.462604734962596,235.32,78.09676362112877
8,10,117.66,69.87604079403125,235.32,106.79090042742851
8,11,117.66,33.76469821429802,235.32,129.36693426206563
8,12,117.66,55.00145536726224,235.32,55.00145653442509
8,13,117.66,73.67997376099228,235.32,115.60927781513777
8,14,117.66,52.04115979641732,235.32,88.5062092065925
8,15,117.66,60.45326420259379,235.32,136.10076978597888
8,16,117.66,25.851584021520843,235.32,141.547054122413
8,17,117.66,42.38497681779249,235.32,161.2754595430405
8,18,117.66,39.51678761236785,235.32,119.20350591056987
8,19,117.66,63.76869388078607,235.32,168.68685767858304
8,20,117.66,26.942614822449407,235.32,168.6868688431109
8,21,117.66,62.971623309704086,235.32,165.3299921340799
8,22,117.66,50.472084994480625,235.32,109.23063971843668
8,23,117.66,55.737756768188255,235.32,100.87875100919806
8,24,117.66,72.42699533252765,235.32,72.42699898709151
8,25,117.66,62.98475853998898,235.32,86.85888057516105
8,26,117.66,49.80150031466323,235.32,97.77731826441631
8,27,117.66,34.72929714739233,235.32,97.7998168220633
8,28,117.66,41.42708494085044,235.32,150.488117851014
8,29,117.66,32.37692506424051,235.32,164.54999064006506
8,30,117.66,33.92118519104512,235.32,116.0956130202391
8,31,117.66,56.20549289393866,235.32,164.54999715284205
8,32,117.66,40.845681585942856,235.32,112.1243443052613
8,33,117.66,74.70406898103761,235.32,133.06748471938755
8,34,117.66,31.972862527097515,235.32,92.57450605855111
8,35,117.66,59.65108413620921,235.32,59.65108721680401
8,36,117.66,34.55854959587102,235.32,167.89102886841107
8,37,117.66,69.29404361423832,235.32,111.40287514834772
8,38,117.66,48.36873794523244,235.32,172.01998766251424
8,39,117.66,69.9076669738439,235.32,69.90768075270222
8,40,117.66,69.9596978831471,235.32,69.95969871320827
8,41,117.66,75.98831402239072,235.32,75.98831480715053
8,42,117.66,62.829013595715296,235.32,95.69597144522871
8,43,117.66,55.041109846371434,235.32,106.08973979466371
8,44,117.66,46.77811244051504,235.32,147.38353497660495
8,45,117.66,69.19800821240378,235.32,69.19801120963791
8,46,117.66,47.02168933195143,235.32,116.89969232009712
8,47,117.66,73.17916830920572,235.32,88.76217587195781
8,48,117.66,61.90988452604656,235.32,144.05290865852137
8,49,117.66,51.30555294869738,235.32,100.91861207738462
8,50,117.66,34.29063781970704,235.32,140.98160068953806
8,51,117.66,37.925781567814134,235.32,145.74739699024866
8,52,117.66,27.971693268089385,235.32,161.27545853012535
8,53,117.66,63.0452554150337,235.32,164.54999654002077
8,54,117.66,57.30251444711513,235.32,112.16805291123275
8,55,117.66,61.6318376612838,235.32,61.631839982194094
8,56,117.66,45.8312357376675,235.32,83.75905572057393
8,57,117.66,73.81838742475499,235.32,137.09880478651996
8,58,117.66,28.276518870284985,235.32,117.53370343664902
8,59,117.66,37.218764664463194,235.32,99.89772033498043
8,60,117.66,45.128762813929455,235.32,105.2917947846552
8,61,117.66,21.46706056152687,235.32,89.50710063442905
8,62,117.66,60.32891224876821,235.32,164.54999808177243
8,63,117.66,35.233709962460786,235.32,166.9381848550656
8,64,117.66,32.33601597194608,235.32,80.84017882005054
8,65,117.66,54.706240210629915,235.32,168.59679996804346
8,66,117.66,67.95024748409104,235.32,67.9502490756331
8,67,117.66,20.838471150628994,235.32,175.51269934769581
8,68,117.66,48.99123033047959,235.32,48.991230956804
8,69,117.66,44.43724687268315,235.32,164.54999609335394
8,70,117.66,75.39888851458637,235.32,75.39888893973176
8,71,117.66,39.63302042226058,235.32,120.15454310767912
8,72,117.66,24.8236816352323,235.32,164.5502756058854
8,73,117.66,74.85819493486886,235.32,106.88967953855735
8,74,117.66,45.44232958944708,235.32,105.15240755559189
8,75,117.66,46.74057244028995,235.32,164.54999958285313
8,76,117.66,49.249010370009934,235.32,77.91945953787686
8,77,117.66,33.602454726362694,235.32,144.09441144574194
8,78,117.66,56.225491355400806,235.32,56.22549278110153
8,79,117.66,60.207889660296146,235.32,104.2492583156811
8,80,117.66,53.818531497194876,235.32,107.97926936832366
8,81,117.66,52.737480419024735,235.32,52.73748673759042
8,82,117.66,43.19763768809282,235.32,168.68686818416163
8,83,117.66,56.38581173809225,235.32,98.52353832050639
8,84,117.66,23.147687302424277,235.32,168.68686610240349
8,85,117.66,39.976040830432126,235.32,103.79615803435243
8,86,117.66,20.281963926679364,235.32,175.5433027971178
8,87,117.66,51.94509957132276,235.32,172.04999767742783
8,88,117.66,73.0386635563267,235.32,87.12554154773048
8,89,117.66,72.42367105280427,235.32,78.41198974016818
8,90,117.66,59.921938130138734,235.32,59.92193877699923
8,91,117.66,49.466551697902,235.32,73.12970175992551
8,92,117.66,63.69416660306772,235.32,164.5499941174118
8,93,117.66,32.44527305521615,235.32,164.54999573696355
8,94,117.66,35.66194523797272,235.32,172.0200021380033
8,95,117.66,38.65844964067524,235.32,136.88489230360528
8,96,117.66,44.743387193806136,235.32,164.54999061391803
8,97,117.66,69.63111647790869,235.32,112.43697144335323
8,98,117.66,64.73793998435941,235.32,87.63068742724727
8,99,117.66,48.54148783689601,235.32,118.07729763445474
9,0,127.35000000000001,43.429318590936305,254.70000000000002,43.42932312938485
9,1,127.35000000000001,26.027145286807745,254.70000000000002,165.93684524890352
9,2,127.35000000000001,35.83703646330752,254.70000000000002,127.95177602243551
9,3,127.35000000000001,51.94362436480513,254.70000000000002,133.07484651055233
9,4,127.35000000000001,61.97479758641422,254.70000000000002,122.95034092983934
9,5,127.35000000000001,47.95239118830096,254.70000000000002,121.66194576247416
9,6,127.35000000000001,53.283106908906696,254.70000000000002,91.88725074820894
9,7,127.35000000000001,57.346274980754394,254.70000000000002,88.47316643945575
9,8,127.35000000000001,50.938175611727594,254.70000000000002,78.96839760462629
9,9,127.35000000000001,59.46117804998293,254.70000000000002,78.09676389428341
9,10,127.35000000000001,51.77496777767611,254.70000000000002,108.95917402773998
9,11,127.35000000000001,61.35195336492279,254.70000000000002,126.79252959554321
9,12,127.35000000000001,61.61781626708563,254.70000000000002,110.03539616625693
9,13,127.35000000000001,63.78534975990923,254.70000000000002,115.60927820384042
9,14,127.35000000000001,55.26585381413613,254.70000000000002,88.50620839107289
9,15,127.35000000000001,17.528657326591357,254.70000000000002,138.86417148384464
9,16,127.35000000000001,45.21090866663544,254.70000000000002,141.54705458435853
9,17,127.35000000000001,21.81268466746136,254.70000000000002,182.326836151121
9,18,127.35000000000001,60.84015118604642,254.70000000000002,119.2035229309405
9,19,127.35000000000001,40.78608022647081,254.70000000000002,172.11188657820736
9,20,127.35000000000001,17.67425326329162,254.70000000000002,186.91065116122167
9,21,127.35000000000001,35.04953286391764,254.70000000000002,168.68686120463633
9,22,127.35000000000001,58.384719725069736,254.70000000000002,107.05698099299074
9,23,127.35000000000001,58.10946993717537,254.70000000000002,100.87875526034888
9,24,127.35000000000001,64.15752173440906,254.70000000000002,64.15752409750569
9,25,127.35000000000001,48.880762511276835,254.70000000000002,86.85888408472314
9,26,127.35000000000001,53.599101606868224,254.70000000000002,97.7773214808357
9,27,127.35000000000001,22.02427538730342,254.70000000000002,95.85363120215708
9,28,127.35000000000001,32.521766539869965,254.70000000000002,153.54363295425551
9,29,127.35000000000001,22.637250875369293,254.70000000000002,164.54999548641362
9,30,127.35000000000001,47.45280465432648,254.70000000000002,116.09560888228685
9,31,127.35000000000001,40.02335833534057,254.70000000000002,164.55000302342376
9,32,127.35000000000001,26.88685277636995,254.70000000000002,114.40092353706042
9,33,127.35000000000001,52.78240514924838,254.70000000000002,135.76929664750227
9,34,127.35000000000001,59.35833567557308,254.70000000000002,92.57450544029172
9,35,127.35000000000001,25.48750303485909,254.70000000000002,168.68687070011325
9,36,127.35000000000001,60.871003226757615,254.70000000000002,165.32998225128662
9,37,127.35000000000001,31.989683742708944,254.70000000000002,111.40287777046458
9,38,127.35000000000001,58.68995234510521,254.70000000000002,187.93557281133292
9,39,127.35000000000001,48.8482841552839,254.70000000000002,84.97057204382077
9,40,127.35000000000001,43.30830082557159,254.70000000000002,85.34434257726747
9,41,127.35000000000001,39.42877219291114,254.70000000000002,117.71591964740028
9,42,127.35000000000001,61.401496149000494,254.70000000000002,95.69596960769745
9,43,127.35000000000001,47.098112854721755,254.70000000000002,106.18217897150603
9,44,127.35000000000001,57.484873298960636,254.70000000000002,147.3835340277301
9,45,127.35000000000001,66.10877825405309,254.70000000000002,83.46272569603845
9,46,127.35000000000001,25.90497565393547,254.70000000000002,114.57341752639935
9,47,127.35000000000001,29.85814557672056,254.70000000000002,90.56440796329974
9,48,127.35000000000001,49.476179823174725,254.70000000000002,164.54999533582006
9,49,127.35000000000001,26.23622145892692,254.70000000000002,102.9676685476337
9,50,127.35000000000001,24.55660023444706,254.70000000000002,139.65508769036208
9,51,127.35000000000001,65.16983595081824,254.70000000000002,145.7473959446812
9,52,127.35000000000001,62.3827638111447,254.70000000000002,164.5500044283966
9,53,127.35000000000001,61.884773758476214,254.70000000000002,164.54998585301982
9,54,127.35000000000001,29.9697925312369,254.70000000000002,121.81265247457476
9,55,127.35000000000001,43.769693507237754,254.70000000000002,186.91064338885067
9,56,127.35000000000001,41.84561343944916,254.70000000000002,85.45970584546124
9,57,127.35000000000001,18.84346894641141,254.70000000000002,139.8824689323455
9,58,127.35000000000001,18.726525410396242,254.70000000000002,115.19479891290834
9,59,127.35000000000001,24.977731649097425,254.70000000000002,99.89772167744171
9,60,127.35000000000001,37.39196999813014,254.70000000000002,116.66680002581624
9,61,127.35000000000001,25.711930462467365,254.70000000000002,91.32445861523054
9,62,127.35000000000001,19.27007456957713,254.70000000000002,180.60322461752853
9,63,127.35000000000001,38.53601421982666,254.70000000000002,166.9397628179249
9,64,127.35000000000001,56.2368941905134,254.70000000000002,56.2368952955882
9,65,127.35000000000001,18.633232661538774,254.70000000000002,172.02000224187822
9,66,127.35000000000001,48.100277596322464,254.70000000000002,75.99769793912701
9,67,127.35000000000001,34.6014021354097,254.70000000000002,175.5126992739826
9,68,127.35000000000001,66.53955551546531,254.70000000000002,167.8910279512666
9,69,127.35000000000001,54.710971416772225,254.70000000000002,164.54999737540675
9,70,127.35000000000001,62.17807396435438,254.70000000000002,75.99183213984611
9,71,127.35000000000001,56.74336324989465,254.70000000000002,117.76349470843573
9,72,127.35000000000001,49.640014687778105,254.70000000000002,167.8910212165464
9,73,127.35000000000001,20.24786908406932,254.70000000000002,109.05997640286454
9,74,127.35000000000001,38.6710608863328,254.70000000000002,107.28742598704268
9,75,127.35000000000001,20.041877922034768,254.70000000000002,165.73332359517084
9,76,127.35000000000001,65.07517248017969,254.70000000000002,77.9194621713753
9,77,127.35000000000001,48.011738341859484,254.70000000000002,144.09441027026668
9,78,127.35000000000001,26.23814415066353,254.70000000000002,147.58750851746464
9,79,127.35000000000001,30.169890281410343,254.70000000000002,113.21303184555143
9,80,127.35000000000001,34.443702763953986,254.70000000000002,110.17168273590524
9,81,127.35000000000001,49.80963910369111,254.70000000000002,118.589569572259
9,82,127.35000000000001,31.457481989608507,254.70000000000002,172.1119101628042
9,83,127.35000000000001,65.10569540072635,254.70000000000002,98.52359619725753
9,84,127.35000000000001,31.186934226429685,254.70000000000002,168.68686593200036
9,85,127.35000000000001,61.00183005173887,254.70000000000002,105.90360125752356
9,86,127.35000000000001,44.86263986510216,254.70000000000002,175.54329964695376
9,87,127.35000000000001,22.96902711944587,254.70000000000002,194.5078266640045
9,88,127.35000000000001,34.79115321813803,254.70000000000002,88.89454437000892
9,89,127.35000000000001,32.606356266678034,254.70000000000002,78.41200839181748
9,90,127.35000000000001,67.52891019454317,254.70000000000002,110.00188913803728
9,91,127.35000000000001,38.33817629098084,254.70000000000002,73.12969998750735
9,92,127.35000000000001,49.2108605456443,254.70000000000002,164.5500037063652
9,93,127.35000000000001,34.74389078226013,254.70000000000002,164.54999824936633
9,94,127.35000000000001,59.95595556441346,254.70000000000002,172.0200008417685
9,95,127.35000000000001,41.952045983935015,254.70000000000002,139.66416092051043
9,96,127.35000000000001,43.49609739633955,254.70000000000002,165.42495117787473
9,97,127.35000000000001,61.295445183542235,254.70000000000002,112.43697069568444
9,98,127.35000000000001,27.95701453457132,254.70000000000002,89.40994341865004
9,99,127.35000000000001,38.36484448315014,254.70000000000002,115.72758201461627
10,0,132.405,50.81600919570062,264.81,98.96742445918707
10,1,132.405,47.61095014473902,264.81,165.93682785119782
10,2,132.405,50.48401404949279,264.81,117.8211319371826
10,3,132.405,64.8765327743402,264.81,130.42667113176503
10,4,132.405,29.681399414142042,264.81,136.2330806991594
10,5,132.405,31.01146930113724,264.81,134.80547566223248
10,6,132.405,58.93218690431783,264.81,90.05873578099552
10,7,132.405,40.26942926091515,264.81,88.4731657162332
10,8,132.405,16.981510056739396,264.81,80.57176847705563
10,9,132.405,61.48986983417141,264.81,78.0967655217848
10,10,132.405,61.12967415928477,264.81,106.79088618235062
10,11,132.405,35.869624585508795,264.81,126.79254230455636
10,12,132.405,36.05263172485178,264.81,112.2695615205634
10,13,132.405,64.96969727622985,264.81,115.6092816373518
10,14,132.405,33.453435591972976,264.81,88.50621108291166
10,15,132.405,22.848597236458783,264.81,150.80418164774844
10,16,132.405,50.414220476874746,264.81,141.54705248032474
10,17,132.405,29.745231184202193,264.81,178.69856927772508
10,18,132.405,25.19986970072622,264.81,119.20352354384514
10,19,132.405,50.62482892029675,264.81,172.11188790511787
10,20,132.405,20.449089319182583,264.81,183.1911375173772
10,21,132.405,66.28469428149435,264.81,168.68687048780257
10,22,132.405,28.358734663259753,264.81,118.62268900984125
10,23,132.405,34.90361062554906,264.81,109.55265859130856
10,24,132.405,63.46687949484457,264.81,101.37575346140943
10,25,132.405,47.726029219689174,264.81,88.62246854751363
10,26,132.405,17.154225517688143,264.81,108.34052329444688
10,27,132.405,62.91247035470174,264.81,97.79982191689692
10,28,132.405,33.106186273848834,264.81,170.13144785480722
10,29,132.405,23.69347229823394,264.81,182.3268593353985
10,30,132.405,29.447381454453414,264.81,131.24966527980774
10,31,132.405,44.691078384344436,264.81,178.69856150688125
10,32,132.405,54.76204483551526,264.81,112.12434915807985
10,33,132.405,43.80914691016561,264.81,147.4431993769852
10,34,132.405,40.88198835109527,264.81,94.45414307795512
10,35,132.405,54.48028814283132,264.81,165.33000184070403
10,36,132.405,63.24487043333211,264.81,165.32998063172755
10,37,132.405,41.18562926392186,264.81,123.43808547739152
10,38,132.405,21.483028996241995,264.81,203.2428976353068
10,39,132.405,23.64760672660532,264.81,86.69581351024723
10,40,132.405,63.34682869515284,264.81,85.3443418901495
10,41,132.405,63.58933421904862,264.81,115.37337025549444
10,42,132.405,53.25016598134773,264.81,95.69610904909747
10,43,132.405,47.08451573889639,264.81,106.18218197706393
10,44,132.405,60.4644540371643,264.81,147.3835341191947
10,45,132.405,55.98989546787731,264.81,83.46272873872145
10,46,132.405,52.92199279658527,264.81,116.89969054677782
10,47,132.405,44.15354700334614,264.81,90.56440438240962
10,48,132.405,52.8730387446158,264.81,164.5499937173521
10,49,132.405,34.49602492897717,264.81,111.82115534698367
10,50,132.405,59.51410279341586,264.81,140.98984908772408
10,51,132.405,56.866584716161114,264.81,145.74739768314979
10,52,132.405,44.035825613609276,264.81,164.54999805827825
10,53,132.405,19.749007839973643,264.81,167.89103368632107
10,54,132.405,36.93635700992595,264.81,112.16805856402496
10,55,132.405,40.19773872800825,264.81,168.68686716027165
10,56,132.405,25.43358845217513,264.81,94.6921924280752
10,57,132.405,46.4653612666718,264.81,151.9100354600904
10,58,132.405,18.377647679312027,264.81,130.23125262214955
10,59,132.405,31.050322173181428,264.81,99.89772127596318
10,60,132.405,24.15115124678867,264.81,116.66680688859854
10,61,132.405,44.25588566867447,264.81,99.17684244955343
10,62,132.405,23.461463911615333,264.81,173.1565295074876
10,63,132.405,25.78337236194772,264.81,184.97480315552798
10,64,132.405,64.44875990180235,264.81,80.8401837336681
10,65,132.405,29.653776821640736,264.81,193.88140853750215
10,66,132.405,42.776586919086874,264.81,75.99771136925936
10,67,132.405,28.337276581928126,264.81,194.4739057287256
10,68,132.405,17.898570242653133,264.81,263.7838118365113
10,69,132.405,52.49929605722887,264.81,164.54999499297588
10,70,132.405,34.95380426844047,264.81,77.534773559546
10,71,132.405,40.26546228494143,264.81,117.76349771707464
10,72,132.405,17.405427702530147,264.81,182.3268469064516
10,73,132.405,25.944173288570816,264.81,118.43732777858187
10,74,132.405,44.47527066260266,264.81,107.28742423017532
10,75,132.405,50.542530930446034,264.81,164.55000021840692
10,76,132.405,48.91364940428663,264.81,84.6192409362652
10,77,132.405,64.07113359259519,264.81,143.1023457012867
10,78,132.405,34.796474727738975,264.81,147.587504168878
10,79,132.405,59.79411626194274,264.81,102.17477744669577
10,80,132.405,54.23338857824131,264.81,109.1753624359703
10,81,132.405,51.59308667535926,264.81,116.2296498268234
10,82,132.405,58.88014124661935,264.81,172.11189150672078
10,83,132.405,61.24417033528985,264.81,98.5235970627911
10,84,132.405,51.54206353065479,264.81,165.32999750866645
10,85,132.405,19.795706422000585,264.81,117.3447527527094
10,86,132.405,26.168355151923517,264.81,193.10564693413062
10,87,132.405,44.853086435454976,264.81,175.54331341231682
10,88,132.405,44.43617699097654,264.81,87.12554469603721
10,89,132.405,65.16273536646939,264.81,78.41198911619703
10,90,132.405,44.97124862799528,264.81,110.00190709217519
10,91,132.405,57.21707339947439,264.81,73.12970173258879
10,92,132.405,48.24396458973198,264.81,164.55000350022215
10,93,132.405,21.218622864617576,264.81,182.3268686968905
10,94,132.405,34.62897068245973,264.81,175.5127023545052
10,95,132.405,40.4075755349135,264.81,139.66421112935566
10,96,132.405,24.044450991514584,264.81,167.89102780907476
10,97,132.405,39.97824193669576,264.81,114.71990194539372
10,98,132.405,46.06806874970397,264.81,87.63072883938052
10,99,132.405,56.556162799729265,264.81,118.07731969564531
11,0,138.435,67.42000679347215,276.87,109.65919528587698
11,1,138.435,80.49024335733613,276.87,180.20463500076445
11,2,138.435,81.11992569629305,276.87,117.82111672936585
11,3,138.435,27.0411388285695,276.87,144.51708747054377
11,4,138.435,85.69463391292514,276.87,136.23306751071308
11,5,138.435,51.756883609221426,276.87,134.80547745940876
11,6,138.435,65.2951322212058,276.87,99.78802732116431
11,7,138.435,41.980665070033815,276.87,88.47316732330358
11,8,138.435,42.55443470171569,276.87,78.9683971158841
11,9,138.435,56.17378032159203,276.87,86.53381177191676
11,10,138.435,86.8482734896134,276.87,118.32786503688908
11,11,138.435,52.13017380804193,276.87,140.4903345813256
11,12,138.435,88.06405703780268,276.87,112.2695570068762
11,13,138.435,86.48923227011382,276.87,128.09892146835324
11,14,138.435,75.75057702040463,276.87,88.50620883370458
11,15,138.435,51.158287391154914,276.87,150.80417745252927
11,16,138.435,49.04887745261099,276.87,153.71773544305108
11,17,138.435,75.68461871948271,276.87,182.32682672773916
11,18,138.435,50.04736497770876,276.87,129.4530443051075
11,19,138.435,27.30772770876274,276.87,186.91065655542587
11,20,138.435,81.65951999811486,276.87,183.19113411236407
11,21,138.435,43.66336620497745,276.87,186.91065127294374
11,22,138.435,68.16155025293027,276.87,109.23067405853561
11,23,138.435,75.0725970197455,276.87,100.87876178191057
11,24,138.435,69.8333154856183,276.87,112.3277110982722
11,25,138.435,88.62246617823779,276.87,88.62246445058223
11,26,138.435,57.284736515638635,276.87,108.34052393994347
11,27,138.435,86.30268347652775,276.87,95.853627399266
11,28,138.435,25.79792194416626,276.87,170.1314509771526
11,29,138.435,53.74422918253224,276.87,182.32685788741333
11,30,138.435,59.18844187286115,276.87,126.07791411616766
11,31,138.435,62.826526417823025,276.87,182.32686876309646
11,32,138.435,38.05219499010092,276.87,124.23750103834708
11,33,138.435,77.72860614352584,276.87,147.44319626457667
11,34,138.435,83.54221095026884,276.87,102.5756279293272
11,35,138.435,87.1061253407105,276.87,167.89111835804252
11,36,138.435,47.65062598499282,276.87,186.91063787965862
11,37,138.435,90.17456340389339,276.87,113.66475133308312
11,38,138.435,48.7782150179065,276.87,203.24289196400161
11,39,138.435,40.065379428967844,276.87,94.15021822969457
11,40,138.435,70.98301831023895,276.87,94.56436675223026
11,41,138.435,24.766564314694303,276.87,130.43315212241762
11,42,138.435,36.330502996298975,276.87,108.18724363431964
11,43,138.435,31.617254687565705,276.87,117.65338628170781
11,44,138.435,44.52412805911096,276.87,166.6216274242854
11,45,138.435,83.46272924376102,276.87,83.46273079867461
11,46,138.435,31.700662563582554,276.87,126.95115564052304
11,47,138.435,88.91902877860741,276.87,98.3514423925605
11,48,138.435,74.05544086713233,276.87,182.3268707377828
11,49,138.435,78.54856362253597,276.87,102.96765663443452
11,50,138.435,54.888764105453355,276.87,157.88438530151356
11,51,138.435,86.2437531917379,276.87,145.74740324129937
11,52,138.435,63.72405884756801,276.87,182.3268619352879
11,53,138.435,84.04056729014432,276.87,167.89102408929887
11,54,138.435,45.05361665178488,276.87,124.2859309827198
11,55,138.435,87.94099453138259,276.87,168.68685374531685
11,56,138.435,89.2774049722864,276.87,89.27740603472604
11,57,138.435,50.129858705530985,276.87,151.91003067205938
11,58,138.435,33.74232167420889,276.87,130.23122048067833
11,59,138.435,88.89377607889462,276.87,99.89772476483238
11,60,138.435,39.048926001974955,276.87,107.42965398472015
11,61,138.435,77.02875085156555,276.87,99.17684031419802
11,62,138.435,86.6977279807146,276.87,166.30386219633385
11,63,138.435,24.277358035814526,276.87,186.02884930177834
11,64,138.435,72.03895338603161,276.87,82.48155919804267
11,65,138.435,26.965619651690474,276.87,193.88141112062166
11,66,138.435,58.270112075612374,276.87,75.99774192332069
11,67,138.435,80.83546586131524,276.87,190.60388204914383
11,68,138.435,28.15162879220952,276.87,263.78381157018424
11,69,138.435,37.070925313074696,276.87,182.32687418615305
11,70,138.435,75.99183495584202,276.87,75.99183850675414
11,71,138.435,70.50245378332563,276.87,120.15457623844586
11,72,138.435,74.40293152106831,276.87,167.89101950889216
11,73,138.435,57.725257475714095,276.87,120.84207672754721
11,74,138.435,41.2652594571348,276.87,118.87803276390805
11,75,138.435,45.88878231876444,276.87,182.32686078124212
11,76,138.435,71.46363454796965,276.87,76.36887063085456
11,77,138.435,89.83685877743225,276.87,143.10234800325549
11,78,138.435,43.678132990144555,276.87,162.4499612736401
11,79,138.435,38.438516216753804,276.87,115.51171255352455
11,80,138.435,44.54974923647652,276.87,119.64460999166874
11,81,138.435,27.609654678941787,276.87,131.4011886917142
11,82,138.435,34.59343553141603,276.87,186.91065780713126
11,83,138.435,78.78287108698571,276.87,99.37531304910094
11,84,138.435,30.295527982462936,276.87,276.8699969273589
11,85,138.435,33.34190780563735,276.87,106.22144097726967
11,86,138.435,79.75607533171684,276.87,190.63710702578103
11,87,138.435,38.910858203234625,276.87,202.43901638426132
11,88,138.435,86.89588185530164,276.87,88.8945456186375
11,89,138.435,42.81354898567329,276.87,86.88311435465583
11,90,138.435,35.01992090282335,276.87,121.88575604459284
11,91,138.435,50.13072937219699,276.87,81.0301410910638
11,92,138.435,23.119120803825876,276.87,186.0288500683972
11,93,138.435,51.41761394297669,276.87,182.3268693903266
11,94,138.435,59.8019376308603,276.87,194.47390405346394
11,95,138.435,89.12195871336512,276.87,136.88489184831906
11,96,138.435,71.57681915274377,276.87,165.42495342003673
11,97,138.435,48.89148923373608,276.87,114.71990090398165
11,98,138.435,47.88662828673985,276.87,97.09771266770898
11,99,138.435,50.963281512963455,276.87,118.07731506442593
12,0,152.55,49.53179197030259,305.1,111.8857223101456
12,1,152.55,44.30484906101743,305.1,180.20466313777695
12,2,152.55,44.796585778749275,305.1,44.7965964979138
12,3,152.55,98.59894222928642,305.1,98.59895197211499
12,4,152.55,116.40504571146934,305.1,116.40504773049526
12,5,152.55,74.1726194573326,305.1,74.17262323025173
12,6,152.55,54.20529036933618,305.1,66.91404719315331
12,7,152.55,81.20479680920711,305.1,96.08038534170373
12,8,152.55,43.76615387153425,305.1,78.96838949259107
12,9,152.55,78.85148229025309,305.1,305.0999962108519
12,10,152.55,57.04732172060805,305.1,108.9591754149243
12,11,152.55,96.332456228969,305.1,129.3669420011251
12,12,152.55,114.54908339554196,305.1,114.54908508232997
12,13,152.55,115.60928792899867,305.1,115.60929043737842
12,14,152.55,34.84173367911222,305.1,96.11629168516926
12,15,152.55,46.85829865534893,305.1,150.80417459845756
12,16,152.55,50.68683102063804,305.1,153.7177507163359
12,17,152.55,113.67427329049399,305.1,164.5500069098712
12,18,152.55,94.84965698895478,305.1,116.83137757923765
12,19,152.55,43.635288311302084,305.1,186.9106605675273
12,20,152.55,31.596871745127586,305.1,186.9106554527644
12,21,152.55,59.41708229295303,305.1,168.68686394314878
12,22,152.55,51.69558586910349,305.1,118.62269391668694
12,23,152.55,102.92699740616665,305.1,102.92700011958122
12,24,152.55,112.32770850830951,305.1,112.32770962680124
12,25,152.55,52.28092463907771,305.1,96.24253517931524
12,26,152.55,99.76259850666492,305.1,99.76259881494097
12,27,152.55,56.862947687402745,305.1,305.0999945310967
12,28,152.55,66.60055445152139,305.1,150.48810910587164
12,29,152.55,29.297200642767017,305.1,305.0999991106055
12,30,152.55,85.60907550431767,305.1,126.07791742200199
12,31,152.55,34.72415075494971,305.1,167.89093971158783
12,32,152.55,72.46959971512983,305.1,124.23749931153263
12,33,152.55,42.79495097572472,305.1,133.0674843545754
12,34,152.55,104.65833038181614,305.1,104.65832367583485
12,35,152.55,46.427376528567656,305.1,305.09999768414013
12,36,152.55,69.64908742140796,305.1,186.91058973185778
12,37,152.55,77.18231886482528,305.1,113.66475805823042
12,38,152.55,62.266201677311656,305.1,199.19835812652167
12,39,152.55,41.102336281538776,305.1,305.0999821766499
12,40,152.55,47.292400834159274,305.1,87.07717974525153
12,41,152.55,75.56030005305074,305.1,115.3733792244978
12,42,152.55,36.7387656016923,305.1,97.63898628117414
12,43,152.55,106.18217936303812,305.1,106.18217900308635
12,44,152.55,101.30132527187223,305.1,150.37602045613897
12,45,152.55,37.534228051506936,305.1,83.4627416903763
12,46,152.55,36.196191620624035,305.1,116.89969773789319
12,47,152.55,70.92957746657385,305.1,90.56441408380259
12,48,152.55,32.366571114645915,305.1,167.89103739563848
12,49,152.55,116.4081027265975,305.1,116.40810208438153
12,50,152.55,37.956373219875445,305.1,140.9898495103547
12,51,152.55,75.59314966477851,305.1,164.77192200828736
12,52,152.55,73.63523443584774,305.1,305.09999599388215
12,53,152.55,79.64044597818199,305.1,182.32686775589704
12,54,152.55,63.294166056304334,305.1,305.09999405292837
12,55,152.55,76.13114473457811,305.1,186.91065459104155
12,56,152.55,65.59236970660868,305.1,65.59237317992266
12,57,152.55,36.8537192096966,305.1,305.099998988818
12,58,152.55,39.51980214562808,305.1,127.6396549475582
12,59,152.55,110.6899933162824,305.1,110.68999452597323
12,60,152.55,65.0828623039287,305.1,105.29188383753765
12,61,152.55,89.50709141543751,305.1,89.5070967370551
12,62,152.55,103.67080275710812,305.1,164.54994971960846
12,63,152.55,39.47456582911899,305.1,166.93819846975074
12,64,152.55,41.04599038874199,305.1,82.48156462683733
12,65,152.55,86.4083105110036,305.1,305.09999246567816
12,66,152.55,55.277772645183994,305.1,74.48538399758797
12,67,152.55,71.91391803843744,305.1,194.47390884629425
12,68,152.55,67.36128401475978,305.1,237.9080241611026
12,69,152.55,58.804630106393965,305.1,182.61680942179265
12,70,152.55,95.27161408900089,305.1,95.27161585343372
12,71,152.55,95.01224544568463,305.1,120.15457377075214
12,72,152.55,44.44814415615233,305.1,182.3271766061784
12,73,152.55,68.76696998205567,305.1,109.05997857961513
12,74,152.55,107.28742150961759,305.1,107.28742286477714
12,75,152.55,112.22816993664695,305.1,167.89102866410985
12,76,152.55,63.645993329658495,305.1,77.91946406647095
12,77,152.55,102.94237746741571,305.1,158.5621599164257
12,78,152.55,59.59551805713419,305.1,305.0999982715723
12,79,152.55,41.59231970494792,305.1,305.09999360999745
12,80,152.55,93.93674388063415,305.1,93.93674979554353
12,81,152.55,69.9657040180966,305.1,116.22971688483004
12,82,152.55,32.27752819021136,305.1,186.91065693785913
12,83,152.55,71.23658001525102,305.1,98.52353535793222
12,84,152.55,51.221572437597516,305.1,183.19112890473835
12,85,152.55,66.77510902052147,305.1,103.79615247529085
12,86,152.55,58.44874523850861,305.1,194.50781733330643
12,87,152.55,91.97306978760777,305.1,198.41047873831442
12,88,152.55,39.00968082422247,305.1,88.89454862955895
12,89,152.55,77.10035063879536,305.1,78.41201161514752
12,90,152.55,62.25007817081444,305.1,121.88575339145132
12,91,152.55,69.17811586876142,305.1,73.12969974270733
12,92,152.55,86.27769065750142,305.1,305.099997962158
12,93,152.55,73.58642171943569,305.1,182.32686570940012
12,94,152.55,77.37136192050481,305.1,194.47391404737385
12,95,152.55,91.60032986799432,305.1,151.67295582641495
12,96,152.55,62.05011365384568,305.1,305.09999779274165
12,97,152.55,93.34854339242754,305.1,93.34855299088208
12,98,152.55,89.40994484213367,305.1,89.40994501252692
12,99,152.55,57.14031844038508,305.1,57.1403264307294
13,0,129.165,267.96686109346876,535.9337221869375,265.30080355911485
13,1,129.165,217.75980200488513,435.51960400977026,215.59311653587122
13,2,129.165,190.8904685705353,381.7809371410706,188.99109641154473
13,3,129.165,277.42903964495406,554.8580792899081,274.6686399691489
13,4,129.165,138.99915580160402,277.99831160320804,137.61578465776577
13,5,129.165,137.5425761829649,275.0851523659298,136.1734678227793
13,6,129.165,178.5308737324961,357.0617474649922,176.75442526392413
13,7,129.165,332.62335230175194,665.2467046035039,329.31379085184903
13,8,129.165,151.72588236384289,303.45176472768577,150.2160026151713
13,9,129.165,228.13701775808036,456.2740355161607,225.86708240445915
13,10,129.165,350.73462551508806,701.4692510301761,347.244971232015
13,11,129.165,102.91334592513229,258.33,101.88927379056065
13,12,129.165,258.1430575798926,516.2861151597853,255.57455819264015
13,13,129.165,281.7363584239507,563.4727168479014,278.9329239095274
13,14,129.165,150.77214162092042,301.54428324184084,149.27172938305807
13,15,129.165,359.7215654781531,719.4431309563062,356.14246106992266
13,16,129.165,156.8388381592278,313.6776763184556,155.27804592395722
13,17,129.165,233.13816076397495,466.2763215279499,230.81838751838174
13,18,129.165,244.48995480803868,488.97990961607735,242.05739524360493
13,19,129.165,230.51342053790935,461.0268410758187,228.21930127217658
13,20,129.165,315.24904897616176,630.4980979523235,312.1124243876223
13,21,129.165,258.0972284561485,516.194456912297,255.52899805067727
13,22,129.165,223.76444999544614,447.5288999908923,221.53789510756957
13,23,129.165,187.61821467112398,375.23642934224796,185.75091142781582
13,24,129.165,328.93119842139504,657.8623968427901,325.65840221246924
13,25,129.165,208.33043064708352,416.66086129416703,206.25740284712754
13,26,129.165,110.71989125804488,258.33,109.61818781041298
13,27,129.165,136.92109122291055,273.8421824458211,135.55843731554754
13,28,129.165,288.79759829509464,577.5951965901893,285.9241645931295
13,29,129.165,161.12838941076296,322.2567788215259,159.52473414978775
13,30,129.165,238.22446144640423,476.44892289280847,235.85410971318933
13,31,129.165,331.8135367261533,663.6270734523066,328.51223778441397
13,32,129.165,114.40092397723707,258.33,113.26212216546914
13,33,129.165,135.76929496992352,271.53858993984704,134.41780227216879
13,34,129.165,357.43873533035367,714.8774706607073,353.88242228549916
13,35,129.165,346.25435396616086,692.5087079323217,342.8094393355546
13,36,129.165,350.7896235778561,701.5792471557122,347.29944673897097
13,37,129.165,182.11432521087966,364.2286504217593,180.30189244066838
13,38,129.165,183.42671406254843,366.85342812509685,181.60142222434027
13,39,129.165,200.11685781249636,400.2337156249927,198.1256297276984
13,40,129.165,340.6049042364712,681.2098084729424,337.21606091877874
13,41,129.165,130.89236583882632,261.78473167765264,129.58977778399898
13,42,129.165,234.97765580167155,469.9553116033431,232.63952078147577
13,43,129.165,164.5571740011638,329.1143480023276,162.91980821638776
13,44,129.165,166.6216256042741,333.2432512085482,164.9631298492803
13,45,129.165,112.05515470267513,258.33,110.9398382194839
13,46,129.165,200.5359898025771,401.0719796051542,198.54029859845895
13,47,129.165,107.67283584121691,258.33,106.60141557095888
13,48,129.165,218.51643180307036,437.0328636061407,216.342176715999
13,49,129.165,286.94026360082887,573.8805272016577,284.0852799420086
13,50,129.165,171.46797419493168,342.93594838986337,169.7611972100378
13,51,129.165,185.86791035935954,371.7358207187191,184.0184834729431
13,52,129.165,113.54057493229281,258.33,112.41069839867785
13,53,129.165,353.56161740051925,707.1232348010385,350.04433151856745
13,54,129.165,112.16805622235906,258.33,111.05133991424071
13,55,129.165,303.92561189472246,607.8512237894449,300.90175318105435
13,56,129.165,274.02810982282404,548.0562196456481,271.3015843204237
13,57,129.165,139.8824653642502,279.7649307285004,138.4904794064709
13,58,129.165,120.64735235293628,258.33,119.44673988476939
13,59,129.165,162.07586794837005,324.1517358967401,160.46272413535246
13,60,129.165,154.17781437608113,308.35562875216226,152.6436098922501
13,61,129.165,215.8468278663137,431.6936557326274,213.69900666576473
13,62,129.165,184.27020796483473,368.54041592966945,182.4363643437999
13,63,129.165,137.37302850278036,274.7460570055607,136.00600949193807
13,64,129.165,272.8586392206027,545.7172784412054,270.1436077238196
13,65,129.165,108.33228388030797,258.33,108.332281514809
13,66,129.165,160.57713279917985,321.1542655983597,158.97924654267982
13,67,129.165,304.3633027496572,608.7266054993144,301.33491286199023
13,68,129.165,335.0937350596247,670.1874701192494,331.75985202716663
13,69,129.165,310.75545060016026,621.5109012003205,307.6629352716334
13,70,129.165,294.3939536730338,588.7879073460676,291.46501560800505
13,71,129.165,133.13525951483842,266.27051902967685,131.8104709168264
13,72,129.165,323.11760600893103,646.2352120178621,319.90269919160954
13,73,129.165,107.92292707228607,258.33,106.84898100081573
13,74,129.165,181.08935912557308,362.17871825114617,179.2874862521973
13,75,129.165,255.10123923766105,510.2024784753221,252.56283741944813
13,76,129.165,320.90648017057276,641.8129603411455,317.7136878439249
13,77,129.165,323.0127234982939,646.0254469965878,319.79889579820735
13,78,129.165,150.3433669944701,300.6867339889402,148.84740804967788
13,79,129.165,104.24933159152688,258.33,103.21189956150243
13,80,129.165,159.00582711209162,318.01165422418325,157.42370784896286
13,81,129.165,240.07099676865,480.1419935373,237.68220888868154
13,82,129.165,347.81595356394183,695.6319071278837,344.3551510744814
13,83,129.165,306.89232187460294,613.7846437492059,303.8386307070473
13,84,129.165,204.60594771404368,409.21189542808736,202.56997612538945
13,85,129.165,337.0296964980457,674.0593929960914,333.67642831395307
13,86,129.165,179.1071242416237,358.2142484832474,177.32488972842836
13,87,129.165,202.4390159000317,404.8780318000634,200.4244344450449
13,88,129.165,348.82374437902627,697.6474887580525,345.353032282271
13,89,129.165,105.98154400643126,258.33,104.92686419681642
13,90,129.165,150.99985618567442,301.99971237134883,149.49736961748118
13,91,129.165,335.39448662233525,670.7889732446705,332.05757387346574
13,92,129.165,262.3669371944715,524.733874388943,259.7564253636509
13,93,129.165,199.36929739216149,398.73859478432297,197.38561074871114
13,94,129.165,263.7119829972264,527.4239659944528,261.08783832120594
13,95,129.165,154.7525317961051,309.5050635922102,153.21248865489605
13,96,129.165,204.08186888282594,408.1637377656519,202.05128962954424
13,97,129.165,129.3118500195246,258.6237000390492,128.02504017764718
13,98,129.165,172.3632842654208,344.7265685308416,170.6479991300155
13,99,129.165,338.348273046915,676.69654609383,334.98185095759675
14,0,131.79,111.88566515654145,263.58,111.88566495553619
14,1,131.79,180.2046494476591,360.4092988953182,180.20465024018523
14,2,131.79,130.5497141651098,263.58,130.549713366371
14,3,131.79,147.4513725804381,294.9027451608762,147.45136907650158
14,4,131.79,74.75890767104211,263.58,263.57999823069684
14,5,131.79,173.24204464774388,346.48408929548776,173.2420440815876
14,6,131.79,67.15024028399868,263.58,67.15024114840226
14,7,131.79,146.21484428775804,292.4296885755161,146.2148439325057
14,8,131.79,143.72889853410007,287.45779706820014,143.72889934908878
14,9,131.79,56.28073163096166,263.58,56.31823056309799
14,10,131.79,127.75731414276774,263.58,127.75731515947581
14,11,131.79,129.3669304943785,263.58,129.36692944936777
14,12,131.79,162.80373146114076,325.6074629222815,162.80373089614372
14,13,131.79,122.96772089292284,263.58,122.96772277357582
14,14,131.79,170.38697850177994,340.7739570035599,170.38697808578982
14,15,131.79,153.86611877937372,307.73223755874744,152.33509412263416
14,16,131.79,51.83797149163354,263.58,51.8379729881237
14,17,131.79,139.16911211278017,278.33822422556034,139.16911304250414
14,18,131.79,120.58469502575745,263.58,120.584697341955
14,19,131.79,116.11323364469557,263.58,116.11323755925622
14,20,131.79,161.8639380401947,323.7278760803894,161.8639420101267
14,21,131.79,105.97517098377591,263.58,105.97517823140201
14,22,131.79,121.03117844211168,263.58,121.03118021477923
14,23,131.79,170.0647166476228,340.1294332952456,170.06471784391118
14,24,131.79,91.5602862574792,263.58,91.56028803303137
14,25,131.79,166.15168740804916,332.3033748160983,166.15168603103083
14,26,131.79,46.203150503782,263.58,46.20315262992281
14,27,131.79,75.05800464834192,263.58,95.85359664767388
14,28,131.79,153.5436343694128,307.0872687388256,153.54363339313247
14,29,131.79,120.19443802617366,263.58,120.19444004064286
14,30,131.79,116.09561927193809,263.58,116.09561840172546
14,31,131.79,150.48991435123673,300.97982870247347,150.48991278385165
14,32,131.79,69.28242294694563,263.58,112.12434050408837
14,33,131.79,111.08373729111803,263.58,111.08374573388753
14,34,131.79,86.1875259333932,263.58,102.57562685648945
14,35,131.79,162.20582106646864,324.4116421329373,162.20582265227742
14,36,131.79,73.79890603327632,263.58,183.19111460553597
14,37,131.79,46.49603923587318,263.58,46.49604385184141
14,38,131.79,133.26916750407688,266.53833500815375,133.26917186953813
14,39,131.79,60.37827521269968,263.58,84.97056570858807
14,40,131.79,72.82567914372096,263.58,72.82568296753279
14,41,131.79,115.37337452688722,263.58,115.37337694996339
14,42,131.79,95.69595763115767,263.58,95.69596116047953
14,43,131.79,129.4256576414759,263.58,129.42565913277383
14,44,131.79,153.3325429412744,306.6650858825488,153.33254338219163
14,45,131.79,180.8317104336612,361.6634208673224,180.8317069148654
14,46,131.79,129.52874818466745,263.58,129.52874490920328
14,47,131.79,90.56440055554333,263.58,90.56440250348817
14,48,131.79,83.56083520403268,263.58,83.56083954472882
14,49,131.79,109.60888347637731,263.58,109.6088847770169
14,50,131.79,143.84409923003136,287.6881984600627,143.844100966513
14,51,131.79,148.7066605280011,297.4133210560022,148.70665938607976
14,52,131.79,84.65682191940684,263.58,84.65682711344722
14,53,131.79,54.25955293330436,263.58,167.89101602878728
14,54,131.79,172.68990165235869,345.37980330471737,170.97216066439904
14,55,131.79,126.79286648422679,263.58,126.79286693441318
14,56,131.79,66.10994212381443,263.58,66.10994190189167
14,57,131.79,108.2482135382006,263.58,108.2482192524539
14,58,131.79,53.04144650149444,263.58,53.04145298277385
14,59,131.79,100.36856395609512,263.58,100.36854263168469
14,60,131.79,105.29179369498934,263.58,105.29179502932134
14,61,131.79,84.56982310925208,263.58,84.569834007156
14,62,131.79,118.20799515528343,263.58,166.30386550583017
14,63,131.79,64.06891540649617,263.58,166.93820195026757
14,64,131.79,48.63863265516192,263.58,80.84017357717212
14,65,131.79,178.53073665751361,357.06147331502723,178.53073707030276
14,66,131.79,132.32434345292606,264.6486869058521,131.00769239102965
14,67,131.79,158.92436077442622,317.84872154885244,190.6038812635452
14,68,131.79,116.55405127941974,263.58,237.908021943756
14,69,131.79,124.57477496222204,263.58,124.57477717972867
14,70,131.79,60.35963612853248,263.58,60.35963718415987
14,71,131.79,122.0441166039611,263.58,122.04412096419479
14,72,131.79,136.1360682926054,272.2721365852108,136.13606945911314
14,73,131.79,167.71801036163535,335.4360207232707,167.7180100546978
14,74,131.79,103.6424873505787,263.58,104.15961422777545
14,75,131.79,86.769391453028,263.58,164.54999545850754
14,76,131.79,78.73111713336297,263.58,78.73111667415698
14,77,131.79,161.78161173180646,323.5632234636129,160.17162814227908
14,78,131.79,144.6505063049047,289.3010126098094,144.65051595579328
14,79,131.79,174.0330193814569,348.0660387629138,173.77190223146235
14,80,131.79,107.0027693783104,263.58,107.00277410787322
14,81,131.79,126.22353337257458,263.58,126.2235370142978
14,82,131.79,72.40831048988836,263.58,168.68686642553635
14,83,131.79,109.289869946,263.58,109.28987041296072
14,84,131.79,134.89907393229322,269.79814786458644,168.6868613956206
14,85,131.79,105.90364133757167,263.58,105.90364169684199
14,86,131.79,142.9053407255153,285.8106814510306,175.5433075439248
14,87,131.79,158.21981050273217,316.43962100546435,158.21981284962084
14,88,131.79,153.2999122019558,306.5998244039116,153.29991111026936
14,89,131.79,178.30616857472202,356.61233714944404,178.3061672158418
14,90,131.79,51.48225812018784,263.58,99.71097767497872
14,91,131.79,74.61453119162186,263.58,74.61453288345963
14,92,131.79,144.9907378662571,289.9814757325142,164.54999371101556
14,93,131.79,52.926230457962355,263.58,164.54998631976153
14,94,131.79,106.72214332348103,263.58,106.72214537908076
14,95,131.79,131.70339601720403,263.58,131.70340040355427
14,96,131.79,179.64875003201146,359.2975000640229,179.648751817161
14,97,131.79,166.81973460719027,333.63946921438054,166.8197345394245
14,98,131.79,136.862418732483,273.724837464966,136.8624187023167
14,99,131.79,140.34635011375997,280.69270022751994,140.34634881046256
15,0,136.755,9.413479576297577,273.51,9.413479400121
15,1,136.755,3.6330284406303814,273.51,165.93682736359744
15,2,136.755,7.260794698699063,273.51,7.260816633820075
15,3,136.755,3.4612737675277985,273.51,144.51707872724901
15,4,136.755,6.764649617534467,273.51,6.7646699334082125
15,5,136.755,3.048959496660446,273.51,273.50999296073854
15,6,136.755,7.494778509458814,273.51,99.78807102722025
15,7,136.755,9.382526291111638,273.51,86.71254646685324
15,8,136.755,7.651567160727391,273.51,7.651575282356616
15,9,136.755,8.373203204689233,273.51,8.373213568752996
15,10,136.755,6.796943138415329,273.51,106.79088616827028
15,11,136.755,5.59060620125209,273.51,273.5099962670571
15,12,136.755,6.188120510242798,273.51,273.5099890598766
15,13,136.755,6.346541200450284,273.51,128.09893019836963
15,14,136.755,3.472692177822279,273.51,3.472700401418469
15,15,136.755,4.5874100631751356,273.51,4.587417119942757
15,16,136.755,6.902180878607594,273.51,156.8388470507784
15,17,136.755,7.330923478582607,273.51,273.50999883532967
15,18,136.755,6.7727776289274315,273.51,119.20353423451692
15,19,136.755,9.63455576200975,273.51,190.60053205597805
15,20,136.755,4.894842196067983,273.51,4.894843876793303
15,21,136.755,8.802774859973693,273.51,186.91065661097446
15,22,136.755,5.537048453826636,273.51,5.537058763280202
15,23,136.755,8.954791711322654,273.51,74.52119870801698
15,24,136.755,9.956933397276412,273.51,114.53721660793153
15,25,136.755,5.047683806201759,273.51,5.047688654210872
15,26,136.755,6.8101594520037265,273.51,273.509998493716
15,27,136.755,6.38876937098572,273.51,95.8536096339454
15,28,136.755,3.576530418525868,273.51,3.5765356797003385
15,29,136.755,2.5934484971644336,273.51,85.40165206239917
15,30,136.755,3.366271119172291,273.51,273.50999257455703
15,31,136.755,8.45606392480004,273.51,83.35799645845697
15,32,136.755,2.9816787339565294,273.51,2.9816927733605465
15,33,136.755,4.013942536025201,273.51,150.4368946050707
15,34,136.755,4.848481909368483,273.51,4.848510261248893
15,35,136.755,4.107834283099208,273.51,273.50999440724553
15,36,136.755,10.028602288284413,273.51,183.19110686969324
15,37,136.755,6.367616475556957,273.51,125.94432931751662
15,38,136.755,5.8473029298871495,273.51,273.50998310763896
15,39,136.755,4.39561000889261,273.51,4.395617762941625
15,40,136.755,6.7555351170466595,273.51,85.3443358744837
15,41,136.755,8.019616947743723,273.51,273.5099921737044
15,42,136.755,2.74486639975344,273.51,273.50999881901646
15,43,136.755,6.983178316419013,273.51,6.983181312612255
15,44,136.755,9.005754292636201,273.51,273.50998899068884
15,45,136.755,3.6228182230264885,273.51,92.47948890282525
15,46,136.755,7.45781848388253,273.51,116.8997008455175
15,47,136.755,7.49134313985751,273.51,7.49134422730627
15,48,136.755,3.8680953431200673,273.51,273.5099981604328
15,49,136.755,4.895260565676129,273.51,111.82117007873916
15,50,136.755,4.064127935473602,273.51,139.65508807099138
15,51,136.755,8.824173799253849,273.51,151.7260180794521
15,52,136.755,8.08279335114075,273.51,273.5099950794004
15,53,136.755,7.889382298647811,273.51,7.8893915024475705
15,54,136.755,5.390748155689613,273.51,5.390754592268851
15,55,136.755,6.096764149152267,273.51,186.91064906207723
15,56,136.755,6.300508878069527,273.51,111.8765914120534
15,57,136.755,4.050974636540734,273.51,151.91003290359347
15,58,136.755,7.151034693004325,273.51,127.63964444019653
15,59,136.755,3.8931110957641444,273.51,3.8931410941808804
15,60,136.755,7.188740445671061,273.51,119.03561543343034
15,61,136.755,10.234479196330295,273.51,93.70617864600057
15,62,136.755,3.139716804469174,273.51,273.5099964647955
15,63,136.755,5.739255130614674,273.51,5.739257240024545
15,64,136.755,5.1364993712278695,273.51,82.4815626294631
15,65,136.755,6.874395817733444,273.51,273.5099987072293
15,66,136.755,7.4312810740914506,273.51,84.20800533788201
15,67,136.755,6.647527262448925,273.51,175.51270748868058
15,68,136.755,6.486697139928978,273.51,268.9623666378133
15,69,136.755,9.015968819067641,273.51,273.50999834884857
15,70,136.755,9.417463398852705,273.51,9.417472918469192
15,71,136.755,4.300290163519131,273.51,133.13527141842644
15,72,136.755,8.398819417717522,273.51,136.13606774179564
15,73,136.755,6.305278406286425,273.51,118.4373193445325
15,74,136.755,4.068335527217838,273.51,4.068338371629919
15,75,136.755,3.366453322212569,273.51,273.5099982517385
15,76,136.755,5.353511563679773,273.51,77.9194665162709
15,77,136.755,3.096473395912989,273.51,273.5099931114607
15,78,136.755,7.563375741009479,273.51,163.5318693141861
15,79,136.755,4.224115273595341,273.51,273.50999733141634
15,80,136.755,7.26473582099167,273.51,273.50999608012347
15,81,136.755,4.9187827650751395,273.51,273.5099862802607
15,82,136.755,4.268669786119787,273.51,273.5099975730826
15,83,136.755,7.398650841504425,273.51,109.16735434728402
15,84,136.755,4.467176238052406,273.51,168.68687727234186
15,85,136.755,9.53205875351544,273.51,273.50999806385636
15,86,136.755,4.4588181094543025,273.51,172.04998676659142
15,87,136.755,3.0210156920882034,273.51,273.5099962393711
15,88,136.755,4.349793235214201,273.51,88.89454797474869
15,89,136.755,5.597025505729792,273.51,5.597047447537765
15,90,136.755,5.690714555357236,273.51,5.690722424778456
15,91,136.755,5.598809018947757,273.51,5.59882590522796
15,92,136.755,6.497886714921559,273.51,167.89103760228167
15,93,136.755,4.572196379063227,273.51,273.5099872178806
15,94,136.755,7.346047679503515,273.51,194.4739204377865
15,95,136.755,6.038812046278873,273.51,273.50998711283563
15,96,136.755,9.056739292420525,273.51,9.056743756855873
15,97,136.755,7.278239406589174,273.51,127.1134623405616
15,98,136.755,8.17903267407769,273.51,70.74278573785635
15,99,136.755,5.69812226466447,273.51,128.2300016364339
16,0,144.75,41.25307686966041,289.5,100.97686696145493
16,1,144.75,38.169335581975325,289.5,180.20466466632584
16,2,144.75,36.663152092584696,289.5,115.4765282146351
16,3,144.75,21.20953232034917,289.5,144.5170813253085
16,4,144.75,38.130869759028236,289.5,122.95032428723356
16,5,144.75,31.941409705463784,289.5,31.941418826819934
16,6,144.75,20.467330213790728,289.5,20.467341686091324
16,7,144.75,19.18950003608103,289.5,86.71254424631954
16,8,144.75,12.609989419347867,289.5,12.610002321367716
16,9,144.75,34.54099812101888,289.5,34.54100871060879
16,10,144.75,31.230437006016306,289.5,289.4999965548481
16,11,144.75,36.82435317255323,289.5,289.49999090368294
16,12,144.75,11.329700743808838,289.5,289.49998683922536
16,13,144.75,15.954773211824019,289.5,115.6092609573774
16,14,144.75,35.28594539844805,289.5,35.285958129421104
16,15,144.75,16.722935567617917,289.5,114.74054780875085
16,16,144.75,11.917364414725641,289.5,11.917368643946656
16,17,144.75,34.6548291116013,289.5,34.654834766932375
16,18,144.75,11.922779939836476,289.5,116.83137181772658
16,19,144.75,28.303962168914868,289.5,190.7057184900875
16,20,144.75,41.01118963719603,289.5,118.54421169570159
16,21,144.75,16.27777116514398,289.5,165.32999146237418
16,22,144.75,24.964002864597106,289.5,289.499991927619
16,23,144.75,27.029003311506155,289.5,74.52119324294787
16,24,144.75,12.284415876165504,289.5,289.4999952206885
16,25,144.75,18.372935905699183,289.5,86.85887882349034
16,26,144.75,37.724867823492815,289.5,37.72488170992826
16,27,144.75,39.45602584779063,289.5,39.4560274366985
16,28,144.75,11.409387286414642,289.5,150.48811169039053
16,29,144.75,32.517716315741275,289.5,85.40165365875461
16,30,144.75,38.093302651149656,289.5,38.09330733112051
16,31,144.75,21.992909311865475,289.5,21.992916270113582
16,32,144.75,31.617251659217896,289.5,289.4999970109104
16,33,144.75,27.22512199991278,289.5,289.50000068316945
16,34,144.75,34.88216467497885,289.5,289.49999650613
16,35,144.75,36.194332545973715,289.5,168.68687640717152
16,36,144.75,32.845462449051865,289.5,51.31909889312665
16,37,144.75,23.406847531990024,289.5,23.406857476793803
16,38,144.75,19.119439433895796,289.5,289.49999290852685
16,39,144.75,14.063362325180169,289.5,14.063378345588351
16,40,144.75,11.279859176697109,289.5,96.484407089615
16,41,144.75,38.60577579181043,289.5,117.71592623338898
16,42,144.75,38.080179908434076,289.5,106.03429339334207
16,43,144.75,19.535631445346333,289.5,19.535638679982448
16,44,144.75,24.49420850926207,289.5,147.3835328246903
16,45,144.75,11.821841857208506,289.5,83.4627445755337
16,46,144.75,19.53782369940612,289.5,126.95112796698655
16,47,144.75,24.142141288739683,289.5,98.35143467607172
16,48,144.75,30.65567867195345,289.5,161.2754445750749
16,49,144.75,24.538218517282512,289.5,102.96765046710942
16,50,144.75,31.918681337155437,289.5,98.87542985074565
16,51,144.75,12.32639552852316,289.5,161.49296385807418
16,52,144.75,39.408386904954895,289.5,279.6177216103415
16,53,144.75,40.32571626495166,289.5,289.49999301172295
16,54,144.75,25.332421348002903,289.5,105.01937640197647
16,55,144.75,28.465693064930807,289.5,289.49999747686945
16,56,144.75,34.27471874598399,289.5,85.4597043438336
16,57,144.75,30.854084239469415,289.5,289.4999894399946
16,58,144.75,31.853168486175555,289.5,117.53370512859611
16,59,144.75,22.504454832731742,289.5,51.940720869664304
16,60,144.75,18.939520061211105,289.5,114.34523331425974
16,61,144.75,31.444864386020473,289.5,84.56984570950141
16,62,144.75,41.376688675486164,289.5,289.49999520961205
16,63,144.75,14.004084092978735,289.5,184.9730737157029
16,64,144.75,15.314317160088839,289.5,289.4999935850406
16,65,144.75,26.72288766670624,289.5,241.930599094431
16,66,144.75,26.478697002940972,289.5,74.48537119572374
16,67,144.75,26.613754367235305,289.5,194.47391356237208
16,68,144.75,12.127678484781814,289.5,263.60998430895523
16,69,144.75,26.490947667683333,289.5,26.490951267926167
16,70,144.75,16.093480398644477,289.5,289.4999975263546
16,71,144.75,30.003913902356253,289.5,289.4999897119051
16,72,144.75,15.015842987734128,289.5,133.42695896388847
16,73,144.75,23.691658116006018,289.5,106.88966702210456
16,74,144.75,38.59650703705617,289.5,38.59651150979407
16,75,144.75,18.3475649010262,289.5,289.49998771494194
16,76,144.75,38.20754906722016,289.5,38.207561602617965
16,77,144.75,31.538817013526536,289.5,31.538824853711912
16,78,144.75,36.518579723530266,289.5,149.58788550686438
16,79,144.75,20.038012116184028,289.5,20.038016578968072
16,80,144.75,40.66897874595027,289.5,289.4999963544464
16,81,144.75,29.925521163482866,289.5,29.9255275543892
16,82,144.75,26.32342524243673,289.5,26.323436319900377
16,83,144.75,34.934567582753324,289.5,34.934569366427354
16,84,144.75,32.46141948793341,289.5,289.4999896822548
16,85,144.75,17.101157566042758,289.5,17.10116717427714
16,86,144.75,27.063555748983763,289.5,289.49999645517073
16,87,144.75,14.149377013612513,289.5,289.4999987213831
16,88,144.75,20.882262909122378,289.5,88.89454894937282
16,89,144.75,25.935002308085657,289.5,289.49999477682866
16,90,144.75,21.96364356606686,289.5,289.49999959941294
16,91,144.75,19.7163641085547,289.5,19.71636949450035
16,92,144.75,30.3728442648249,289.5,182.3268723245718
16,93,144.75,10.737045451324242,289.5,164.54999504158883
16,94,144.75,37.62197352209507,289.5,175.51270399797403
16,95,144.75,30.424767406319628,289.5,289.49999244335237
16,96,144.75,30.086949182871336,289.5,289.49999405807097
16,97,144.75,26.183274802690793,289.5,26.183284434728982
16,98,144.75,19.621734264751,289.5,70.74278471613272
16,99,144.75,29.47841883668455,289.5,29.478427221776986
17,0,152.16,36.50902903067485,304.32,109.6591374970459
17,1,152.16,69.55555310197268,304.32,162.63470002749182
17,2,152.16,46.94333512986548,304.32,127.95178691097797
17,3,152.16,29.86987556263357,304.32,29.869887726917998
17,4,152.16,80.52159153546927,304.32,122.95033832846873
17,5,152.16,89.33870515214608,304.32,89.33870485270545
17,6,152.16,83.29062371335877,304.32,99.78806269911459
17,7,152.16,37.835560702532916,304.32,88.47316924375524
17,8,152.16,74.50908582268772,304.32,77.39691845129431
17,9,152.16,68.93350465763756,304.32,68.93350437001054
17,10,152.16,78.22409985550146,304.32,108.9591763980509
17,11,152.16,26.94951881068019,304.32,273.5099791236912
17,12,152.16,61.94109980481753,304.32,78.95724265960108
17,13,152.16,25.757323769524618,304.32,304.31999332449647
17,14,152.16,44.59758362617017,304.32,100.05900037164801
17,15,152.16,69.6921342806442,304.32,177.67503591453408
17,16,152.16,70.28727892183102,304.32,153.7177294791904
17,17,152.16,75.30703729009132,304.32,114.75833216542262
17,18,152.16,78.52755886227716,304.32,129.45304583025498
17,19,152.16,50.380589323286124,304.32,304.3199871658264
17,20,152.16,81.43025592351488,304.32,109.15841405439338
17,21,152.16,71.12598987357248,304.32,304.31999641186917
17,22,152.16,55.777427189077436,304.32,55.77743056585581
17,23,152.16,74.52118010256861,304.32,74.52118449359173
17,24,152.16,47.97736763319868,304.32,105.46867741844794
17,25,152.16,34.83117097608656,304.32,88.62248650303923
17,26,152.16,70.09184744883397,304.32,85.08269775467079
17,27,152.16,42.37696984077451,304.32,108.36544600648135
17,28,152.16,32.70077183434983,304.32,166.7458301194143
17,29,152.16,36.565313663213296,304.32,96.54921704758608
17,30,152.16,76.3352829123018,304.32,76.33528587256085
17,31,152.16,45.44630178171877,304.32,85.0504990036847
17,32,152.16,25.1957630742949,304.32,126.76002864260991
17,33,152.16,41.37568867700755,304.32,135.76931235701736
17,34,152.16,83.42878754801079,304.32,92.57449543417906
17,35,152.16,67.14893087453038,304.32,304.3199922597444
17,36,152.16,22.830628224354932,304.32,22.830631060164187
17,37,152.16,80.01453872436949,304.32,113.66475850869008
17,38,152.16,28.740726987687815,304.32,304.31999862580625
17,39,152.16,65.3625254175496,304.32,96.06184409176282
17,40,152.16,83.58052562169574,304.32,85.34437554073014
17,41,152.16,32.773619201375915,304.32,127.83753882384737
17,42,152.16,24.214681248562183,304.32,106.0343151568577
17,43,152.16,90.1622815150128,304.32,105.98300077626723
17,44,152.16,71.9607796232012,304.32,166.62162652811134
17,45,152.16,44.96740288015656,304.32,83.46273308890791
17,46,152.16,84.04176128681344,304.32,126.95112429988629
17,47,152.16,44.84529894050621,304.32,304.3199981975512
17,48,152.16,50.49774994914164,304.32,182.32686866628808
17,49,152.16,33.626152487659716,304.32,304.3199987919382
17,50,152.16,35.005799032916876,304.32,156.22144158005463
17,51,152.16,42.43924924744307,304.32,164.77191532678333
17,52,152.16,78.74634852552761,304.32,304.31999630678627
17,53,152.16,71.00723670871015,304.32,186.02884809337098
17,54,152.16,67.91920473115883,304.32,116.36497812700892
17,55,152.16,55.247881830616045,304.32,190.70570384770326
17,56,152.16,87.19488068433773,304.32,87.19488652937298
17,57,152.16,76.48490192600387,304.32,139.8824732438492
17,58,152.16,39.140461965852836,304.32,127.6396554294315
17,59,152.16,56.24445986045974,304.32,58.7205863720354
17,60,152.16,37.25432343501917,304.32,105.29179465608449
17,61,152.16,64.2259153365471,304.32,64.22592803391683
17,62,152.16,74.06387178230543,304.32,184.27021114888208
17,63,152.16,29.602156228602418,304.32,181.2921029020665
17,64,152.16,66.57942367116677,304.32,80.84018735956585
17,65,152.16,77.34048516325092,304.32,304.3199970346116
17,66,152.16,73.93025250323126,304.32,304.3199997144685
17,67,152.16,46.70657631943709,304.32,46.70658132761702
17,68,152.16,78.74599722495513,304.32,304.31999557106417
17,69,152.16,60.8811873653116,304.32,60.88119761867914
17,70,152.16,56.829597549025905,304.32,61.055373733123055
17,71,152.16,79.043691205044,304.32,117.76349567538864
17,72,152.16,22.8933148931968,304.32,304.319994732852
17,73,152.16,81.29107370210193,304.32,106.88967279298342
17,74,152.16,74.83842026814966,304.32,115.41231311177957
17,75,152.16,37.46646323139802,304.32,182.32685852611817
17,76,152.16,31.140063496493905,304.32,86.33736315038925
17,77,152.16,86.50513273251586,304.32,143.10235923629654
17,78,152.16,29.482521730447786,304.32,159.21720845904113
17,79,152.16,76.96295130291529,304.32,304.3199958597883
17,80,152.16,28.862725514982483,304.32,122.07389363805925
17,81,152.16,60.9579408224195,304.32,128.78631186354795
17,82,152.16,45.40366510573529,304.32,304.3199923782454
17,83,152.16,35.20688838245561,304.32,109.16741479346439
17,84,152.16,26.495412135829074,304.32,165.329992784039
17,85,152.16,69.90815850639876,304.32,304.3199922319279
17,86,152.16,77.43679538161966,304.32,194.50781554255107
17,87,152.16,74.22190278559522,304.32,182.70120906783492
17,88,152.16,33.421145996009734,304.32,98.49811660265543
17,89,152.16,66.162260443929,304.32,78.41200668446854
17,90,152.16,48.101143005910245,304.32,110.48308017917398
17,91,152.16,43.86412553336844,304.32,84.40964364151239
17,92,152.16,67.9798695797674,304.32,167.89103564148996
17,93,152.16,39.800472831571064,304.32,304.3199978381615
17,94,152.16,43.367944434041924,304.32,304.3199973238474
17,95,152.16,62.86132258731055,304.32,304.31999547923823
17,96,152.16,44.84429618208317,304.32,162.13299063821898
17,97,152.16,26.782809086838725,304.32,124.58390454096408
17,98,152.16,47.33899898559413,304.32,70.74278247071526
17,99,152.16,31.386456271425967,304.32,118.07732294305389
18,0,155.20499999999998,50.616927429839016,310.40999999999997,98.96737314611637
18,1,155.20499999999998,37.863046649510785,310.40999999999997,162.63469218696048
18,2,155.20499999999998,102.1499761624112,310.40999999999997,310.4099983413521
18,3,155.20499999999998,59.87575512630594,310.40999999999997,147.45138292627536
18,4,155.20499999999998,82.92331756862941,310.40999999999997,310.4099977683468
18,5,155.20499999999998,42.1474372488158,310.40999999999997,87.56086881751753
18,6,155.20499999999998,52.096503079767636,310.40999999999997,310.4100003917597
18,7,155.20499999999998,36.57890389856593,310.40999999999997,98.03120708928923
18,8,155.20499999999998,96.51926545879346,310.40999999999997,96.51926700483607
18,9,155.20499999999998,30.435978230262187,310.40999999999997,30.43598269626213
18,10,155.20499999999998,35.206368573104584,310.40999999999997,120.73039548385289
18,11,155.20499999999998,57.19749717445074,310.40999999999997,273.50998812848997
18,12,155.20499999999998,36.459063802703206,310.40999999999997,36.45907163205994
18,13,155.20499999999998,81.60618103649308,310.40999999999997,115.60926749812353
18,14,155.20499999999998,78.21881655803173,310.40999999999997,88.5062199026494
18,15,155.20499999999998,56.49787274694016,310.40999999999997,112.45720661784189
18,16,155.20499999999998,78.82887411283807,310.40999999999997,310.40999753077426
18,17,155.20499999999998,102.43054923207119,310.40999999999997,102.43055484962692
18,18,155.20499999999998,39.54643679798005,310.40999999999997,132.08147852386662
18,19,155.20499999999998,34.11848399389921,310.40999999999997,172.1118966920717
18,20,155.20499999999998,34.798838344731536,310.40999999999997,106.9861556075677
18,21,155.20499999999998,44.527605804186315,310.40999999999997,310.4099948114963
18,22,155.20499999999998,63.76422561005218,310.40999999999997,63.76422831512233
18,23,155.20499999999998,54.803120022334454,310.40999999999997,82.57195854235158
18,24,155.20499999999998,59.01442742366905,310.40999999999997,114.60842220916439
18,25,155.20499999999998,85.42699816093517,310.40999999999997,86.85887963989487
18,26,155.20499999999998,94.27445788304732,310.40999999999997,94.27445891777279
18,27,155.20499999999998,50.350783906737234,310.40999999999997,106.20896823547874
18,28,155.20499999999998,83.9556775945308,310.40999999999997,170.13144664118713
18,29,155.20499999999998,78.56180447902881,310.40999999999997,78.56180865069719
18,30,155.20499999999998,51.36607839136269,310.40999999999997,74.81620413799577
18,31,155.20499999999998,96.15221748795688,310.40999999999997,96.15221803232416
18,32,155.20499999999998,83.39459383307027,310.40999999999997,310.409997777728
18,33,155.20499999999998,39.32918466827684,310.40999999999997,150.4369031759524
18,34,155.20499999999998,88.42758883770443,310.40999999999997,102.57562614614307
18,35,155.20499999999998,89.44590518371493,310.40999999999997,172.11190003562092
18,36,155.20499999999998,45.470150349348174,310.40999999999997,51.319107647100495
18,37,155.20499999999998,38.525812583305076,310.40999999999997,125.94432491431759
18,38,155.20499999999998,59.26785370927057,310.40999999999997,310.4099962558412
18,39,155.20499999999998,84.97056190418748,310.40999999999997,84.97056481162905
18,40,155.20499999999998,64.38052594738318,310.40999999999997,96.48440670986564
18,41,155.20499999999998,100.10073965520631,310.40999999999997,310.4099958674094
18,42,155.20499999999998,69.9655472007791,310.40999999999997,95.69592782277377
18,43,155.20499999999998,47.87592460847766,310.40999999999997,105.98299468773043
18,44,155.20499999999998,98.50389835039594,310.40999999999997,147.38353750891645
18,45,155.20499999999998,26.257749454618764,310.40999999999997,310.4099969829074
18,46,155.20499999999998,77.60134164406097,310.40999999999997,116.89969152106212
18,47,155.20499999999998,55.98661717334959,310.40999999999997,55.986622313799415
18,48,155.20499999999998,36.09719542976844,310.40999999999997,310.4099993135974
18,49,155.20499999999998,47.29365713461534,310.40999999999997,63.97098549619565
18,50,155.20499999999998,102.9140240178858,310.40999999999997,156.21229719329816
18,51,155.20499999999998,27.5046731335691,310.40999999999997,310.4099968172392
18,52,155.20499999999998,82.16369654809743,310.40999999999997,310.40999519060034
18,53,155.20499999999998,103.33459773604986,310.40999999999997,310.40999567132593
18,54,155.20499999999998,51.66558670002341,310.40999999999997,105.01938334919583
18,55,155.20499999999998,28.62814615596538,310.40999999999997,183.19113178852191
18,56,155.20499999999998,41.43297169979194,310.40999999999997,85.45971277215044
18,57,155.20499999999998,37.516515685629756,310.40999999999997,310.40998807795717
18,58,155.20499999999998,94.14428597729025,310.40999999999997,130.23125336721964
18,59,155.20499999999998,33.004722593888346,310.40999999999997,33.00472510455674
18,60,155.20499999999998,68.07607172847035,310.40999999999997,116.666910311238
18,61,155.20499999999998,94.07175915880448,310.40999999999997,94.0717615652924
18,62,155.20499999999998,67.51637575112876,310.40999999999997,182.32686249844613
18,63,155.20499999999998,98.5924901691712,310.40999999999997,310.4099979470974
18,64,155.20499999999998,40.5715600454066,310.40999999999997,82.48156095109209
18,65,155.20499999999998,85.5546430321168,310.40999999999997,310.409997957435
18,66,155.20499999999998,55.353145121680754,310.40999999999997,74.48535730061144
18,67,155.20499999999998,79.73928689419186,310.40999999999997,194.47391595771094
18,68,155.20499999999998,57.65907323910928,310.40999999999997,263.60999065996003
18,69,155.20499999999998,55.76932511725372,310.40999999999997,103.08718704001734
18,70,155.20499999999998,55.96926682571142,310.40999999999997,55.96927056867702
18,71,155.20499999999998,36.78202270106277,310.40999999999997,310.40999237387035
18,72,155.20499999999998,56.62654044835914,310.40999999999997,56.626544292660896
18,73,155.20499999999998,75.08692968967674,310.40999999999997,310.4099974153346
18,74,155.20499999999998,42.0108438696348,310.40999999999997,115.41230781922786
18,75,155.20499999999998,80.14366828493748,310.40999999999997,167.89102173015746
18,76,155.20499999999998,73.5035970638338,310.40999999999997,73.50360843634527
18,77,155.20499999999998,86.58975303689527,310.40999999999997,158.56215495408665
18,78,155.20499999999998,98.3004757476823,310.40999999999997,160.27757693555205
18,79,155.20499999999998,100.21170491050512,310.40999999999997,100.21171036450956
18,80,155.20499999999998,61.8308976096451,310.40999999999997,107.97926779035068
18,81,155.20499999999998,81.26748494257194,310.40999999999997,81.26749540075764
18,82,155.20499999999998,85.64482706075138,310.40999999999997,186.91065717405456
18,83,155.20499999999998,83.77980606646275,310.40999999999997,109.16735205847642
18,84,155.20499999999998,55.112946699123384,310.40999999999997,186.91065239472078
18,85,155.20499999999998,29.21472651988916,310.40999999999997,29.21472779998513
18,86,155.20499999999998,33.40351284326599,310.40999999999997,190.63709932028632
18,87,155.20499999999998,36.68708234360685,310.40999999999997,206.54935529102266
18,88,155.20499999999998,87.12553136617906,310.40999999999997,87.12554203534134
18,89,155.20499999999998,32.16332421611684,310.40999999999997,80.00409269635523
18,90,155.20499999999998,41.78372920528624,310.40999999999997,99.71098277826329
18,91,155.20499999999998,46.07827739268329,310.40999999999997,76.17969920960341
18,92,155.20499999999998,43.237498593638335,310.40999999999997,310.4099990799212
18,93,155.20499999999998,53.20195461262472,310.40999999999997,153.74494998909816
18,94,155.20499999999998,28.177899526424053,310.40999999999997,28.177901616469335
18,95,155.20499999999998,91.48133627978396,310.40999999999997,116.4787281483479
18,96,155.20499999999998,58.46321220447767,310.40999999999997,181.08375815754044
18,97,155.20499999999998,97.10240606317868,310.40999999999997,124.58390024976154
18,98,155.20499999999998,63.90584529628385,310.40999999999997,79.97686307266318
18,99,155.20499999999998,33.555490935245764,310.40999999999997,310.4099988971144
19,0,141.435,32.87475620947279,282.87,109.65919584800557
19,1,141.435,82.47648586449509,282.87,180.20465038494856
19,2,141.435,29.09528121727018,282.87,127.95178936007463
19,3,141.435,25.50787293737316,282.87,144.51708281153438
19,4,141.435,31.378765570693854,282.87,136.2330677411298
19,5,141.435,37.86752090963623,282.87,89.33870819006209
19,6,141.435,99.78806272803806,282.87,99.78806461008278
19,7,141.435,81.85522511897463,282.87,98.03120436302385
19,8,141.435,54.844127331973304,282.87,89.27626139853288
19,9,141.435,91.09229666242035,282.87,91.09229546706234
19,10,141.435,75.45643883113054,282.87,123.18171663442037
19,11,141.435,63.711499298167375,282.87,273.5099941641649
19,12,141.435,62.24867253424977,282.87,87.48726217557174
19,13,141.435,28.584920012717813,282.87,125.54975927325064
19,14,141.435,38.945199321517826,282.87,100.05899573188361
19,15,141.435,67.60590446319911,282.87,114.7405405708984
19,16,141.435,89.60875768141676,282.87,153.7177508657259
19,17,141.435,46.21419267195255,282.87,112.47463882306641
19,18,141.435,94.01401986069614,282.87,129.45304346019367
19,19,141.435,38.81887907882406,282.87,186.91065767236995
19,20,141.435,55.52765519940981,282.87,120.95114944938727
19,21,141.435,79.58984860969866,282.87,183.19112758400834
19,22,141.435,41.468338773062335,282.87,282.86999614276954
19,23,141.435,91.02228181274627,282.87,91.02228209018574
19,24,141.435,40.69083594968625,282.87,114.60841761392282
19,25,141.435,54.43339497605108,282.87,282.869996792048
19,26,141.435,51.51011446580363,282.87,85.08269951858487
19,27,141.435,65.12254136017296,282.87,106.2089783935041
19,28,141.435,73.5611250624072,282.87,166.74585212834444
19,29,141.435,96.074671583304,282.87,96.0747240527939
19,30,141.435,37.185771342324244,282.87,82.8988476819778
19,31,141.435,89.10024270746305,282.87,94.23878622081838
19,32,141.435,53.35055213770847,282.87,114.40092564878044
19,33,141.435,54.952981473066004,282.87,147.44320372703402
19,34,141.435,98.65893752417992,282.87,98.65893934973154
19,35,141.435,68.57694710999857,282.87,186.91065518414783
19,36,141.435,33.46364041741029,282.87,55.73169147339298
19,37,141.435,66.97719987610475,282.87,203.57893023736912
19,38,141.435,28.99500699550194,282.87,274.9799986444902
19,39,141.435,96.93700679889241,282.87,282.8699972808823
19,40,141.435,40.851283837840356,282.87,96.48440641520938
19,41,141.435,97.94310550738305,282.87,117.71592412132512
19,42,141.435,71.48216939394719,282.87,108.18724223171556
19,43,141.435,66.25750680820428,282.87,105.98299764376095
19,44,141.435,37.77133518418053,282.87,166.62163142920022
19,45,141.435,51.42976056584811,282.87,83.46274073349706
19,46,141.435,99.20782067127666,282.87,126.9511265101066
19,47,141.435,37.886211003601396,282.87,98.3514495807411
19,48,141.435,79.713543840073,282.87,182.3268673422312
19,49,141.435,59.20575165366832,282.87,63.97098479393538
19,50,141.435,47.629049623122654,282.87,154.74248925024844
19,51,141.435,37.91087591181691,282.87,164.77192320808817
19,52,141.435,92.07599213549847,282.87,282.8699993860471
19,53,141.435,97.60900696787267,282.87,182.32687422324634
19,54,141.435,31.852317157789244,282.87,114.04929326414712
19,55,141.435,44.46193285518303,282.87,186.91065618943216
19,56,141.435,43.90317953556703,282.87,96.61483410887126
19,57,141.435,88.98779079582701,282.87,111.62650024868637
19,58,141.435,65.96583841271408,282.87,127.63964512937595
19,59,141.435,37.5155239054831,282.87,58.72058124029468
19,60,141.435,77.54429015636248,282.87,116.6668154297908
19,61,141.435,63.262929290691815,282.87,93.70618002345168
19,62,141.435,73.1738569251056,282.87,164.55466870810545
19,63,141.435,69.87629583625846,282.87,184.97307218415443
19,64,141.435,99.34680205414628,282.87,99.34680269969424
19,65,141.435,67.23288342066552,282.87,282.869998045583
19,66,141.435,63.58215697702395,282.87,82.53224410109587
19,67,141.435,99.00061559019136,282.87,190.60388354148796
19,68,141.435,69.36042064652767,282.87,263.78381075971
19,69,141.435,45.868248867569896,282.87,93.03618738715846
19,70,141.435,82.13936022032338,282.87,82.13936087424625
19,71,141.435,65.61509186488614,282.87,120.15457422794404
19,72,141.435,91.54599394877413,282.87,130.8421118456546
19,73,141.435,31.8690692215289,282.87,109.05996631053077
19,74,141.435,99.68170299356309,282.87,115.41231305510632
19,75,141.435,93.08946918541639,282.87,182.32685064005483
19,76,141.435,51.94134084185134,282.87,86.33735462797088
19,77,141.435,87.2894978786571,282.87,158.5621593355761
19,78,141.435,98.9091375307345,282.87,162.44995519219827
19,79,141.435,92.98718677683948,282.87,115.5117115863545
19,80,141.435,37.32533179886523,282.87,119.64461834153232
19,81,141.435,71.71342381881422,282.87,131.40119853664012
19,82,141.435,59.23780745091459,282.87,190.70569926116156
19,83,141.435,89.45559408902562,282.87,111.38396938251095
19,84,141.435,56.80196004886761,282.87,186.91065069886614
19,85,141.435,59.30660461268378,282.87,110.94527901589197
19,86,141.435,35.67193572948907,282.87,190.6371027807387
19,87,141.435,91.61566185869582,282.87,202.43901338686757
19,88,141.435,81.26890636442738,282.87,98.49811116310761
19,89,141.435,86.88311206549768,282.87,86.88311294367765
19,90,141.435,70.74159576731508,282.87,101.73551977960884
19,91,141.435,60.16800425436388,282.87,86.12350438548759
19,92,141.435,80.63154281835817,282.87,186.02884820198366
19,93,141.435,56.67153073099654,282.87,282.8699982936536
19,94,141.435,73.41669416425978,282.87,194.47391458214912
19,95,141.435,31.964234347667862,282.87,118.84372080464153
19,96,141.435,33.76001696545232,282.87,163.51561064417638
19,97,141.435,100.15807867748326,282.87,114.71989939636164
19,98,141.435,74.66854673816778,282.87,78.38536596369785
19,99,141.435,60.033644772748914,282.87,128.23000419715888
20,0,137.49,85.2802875002523,274.98,111.88566536969249
20,1,137.49,110.42073955979886,274.98,180.20465033709624
20,2,137.49,92.34052108629989,274.98,130.54971303249874
20,3,137.49,116.96877639476605,274.98,147.45134854062334
20,4,137.49,48.02766071842394,274.98,138.99915676870157
20,5,137.49,80.24833180978295,274.98,98.99025295517309
20,6,137.49,102.01223917568869,274.98,100.99717727121893
20,7,137.49,84.42063807868348,274.98,98.03120802663476
20,8,137.49,53.038967113632445,274.98,87.49960479861946
20,9,137.49,63.66949756523901,274.98,63.669492991816846
20,10,137.49,63.75924184090142,274.98,120.73038484703514
20,11,137.49,58.183327079782636,274.98,274.97999965323686
20,12,137.49,90.03169844962065,274.98,90.03163504104431
20,13,137.49,107.8522385369535,274.98,128.09892394518857
20,14,137.49,88.93011736183739,274.98,98.06782346010837
20,15,137.49,64.04049353098483,274.98,127.13632977633473
20,16,137.49,93.21715067595008,274.98,156.8388288672542
20,17,137.49,32.837608651930374,274.98,112.47478006994358
20,18,137.49,110.83742311744447,274.98,132.0812994819822
20,19,137.49,55.858400397718185,274.98,186.91065750959004
20,20,137.49,120.96353671930824,274.98,119.7594565946662
20,21,137.49,49.085552962357006,274.98,183.19113427556408
20,22,137.49,44.49463080931192,274.98,69.24690970356312
20,23,137.49,65.50904183607106,274.98,82.57196019168698
20,24,137.49,116.86279388886462,274.98,116.86277175410247
20,25,137.49,118.36827580279932,274.98,118.36826788253371
20,26,137.49,34.586878398193065,274.98,94.27445822179388
20,27,137.49,89.45769325292237,274.98,106.2089740361551
20,28,137.49,83.13415855887459,274.98,166.74583306421832
20,29,137.49,120.81752165157684,274.98,120.8175199060551
20,30,137.49,86.57254009869551,274.98,86.57253061722598
20,31,137.49,47.58720511312081,274.98,92.36343806739667
20,32,137.49,101.2026092868354,274.98,126.76001148467894
20,33,137.49,117.49168464366848,274.98,150.4368887488827
20,34,137.49,106.05696238470124,274.98,106.05690094932841
20,35,137.49,48.00892604176635,274.98,186.91065289013486
20,36,137.49,32.405218153182,274.98,56.86326752255829
20,37,137.49,96.29081990012979,274.98,125.94432372296163
20,38,137.49,92.72575509851731,274.98,274.979998928468
20,39,137.49,107.90963174029932,274.98,107.90962417018504
20,40,137.49,92.24718816412957,274.98,94.56437027211201
20,41,137.49,84.77209837126328,274.98,203.90644043266565
20,42,137.49,118.98533049196368,274.98,118.98532742058472
20,43,137.49,99.5081633904937,274.98,105.98299703089246
20,44,137.49,40.3631893224219,274.98,166.62162521450875
20,45,137.49,58.51306997790288,274.98,92.47948158162436
20,46,137.49,94.71080755056347,274.98,129.52874576624725
20,47,137.49,56.798811089652546,274.98,98.35144893821823
20,48,137.49,120.88970674503277,274.98,182.32686868816506
20,49,137.49,36.86326649751938,274.98,69.47142756923095
20,50,137.49,120.53418167044853,274.98,156.21541053523399
20,51,137.49,94.36282864155373,274.98,161.49296898742435
20,52,137.49,95.55154470579117,274.98,274.97999993246555
20,53,137.49,48.44201215849154,274.98,186.0288401327083
20,54,137.49,64.24621702515847,274.98,114.04934060311123
20,55,137.49,95.62868268373202,274.98,186.9106569069503
20,56,137.49,64.01892253693121,274.98,92.80782330570038
20,57,137.49,93.44114086554741,274.98,123.68587058480898
20,58,137.49,76.94516331197684,274.98,127.63965309413692
20,59,137.49,116.31141853830665,274.98,115.88221929874689
20,60,137.49,75.05784536479729,274.98,116.66680663233619
20,61,137.49,51.035122595202445,274.98,93.70618602904266
20,62,137.49,72.9016404198986,274.98,182.32687135487615
20,63,137.49,101.38669546119023,274.98,184.97307313234114
20,64,137.49,91.39228754470764,274.98,90.48009924084248
20,65,137.49,56.13593102587185,274.98,268.06717976191317
20,66,137.49,55.70581699134057,274.98,84.20799895852555
20,67,137.49,93.3008892049654,274.98,194.4739058666659
20,68,137.49,46.89097427277607,274.98,263.6100006377852
20,69,137.49,78.67262352703042,274.98,102.34198531810408
20,70,137.49,119.69697454392588,274.98,119.69694645079727
20,71,137.49,51.006407460482514,274.98,130.48586814613824
20,72,137.49,116.63030343427324,274.98,130.84210869642754
20,73,137.49,120.84207440763058,274.98,120.8420740244149
20,74,137.49,107.71617088775574,274.98,115.41231420416409
20,75,137.49,118.86004992924526,274.98,182.32686366204473
20,76,137.49,86.33736089031133,274.98,86.33731329441005
20,77,137.49,54.782110027321075,274.98,158.56215618816688
20,78,137.49,96.21570821483328,274.98,162.44995889707917
20,79,137.49,85.62615604065124,274.98,115.5117176225389
20,80,137.49,65.34125457663036,274.98,119.64462395082573
20,81,137.49,113.97140843227122,274.98,128.78631142340004
20,82,137.49,58.8404948027517,274.98,186.91065956231063
20,83,137.49,97.81853613024278,274.98,109.16743023943334
20,84,137.49,35.03652606043174,274.98,183.1911394912892
20,85,137.49,41.39304997413796,274.98,111.59747649701532
20,86,137.49,86.85190642702919,274.98,194.5078051752346
20,87,137.49,34.02162222127442,274.98,202.43901543030356
20,88,137.49,60.46743353002031,274.98,98.49811192769606
20,89,137.49,36.313088103651275,274.98,86.88311251864478
20,90,137.49,104.19301288603025,274.98,110.48308470781356
20,91,137.49,118.17889215981394,274.98,118.17889013300848
20,92,137.49,98.96487087136126,274.98,164.72505535568203
20,93,137.49,55.27540022313161,274.98,182.3268678590391
20,94,137.49,88.0688454930432,274.98,194.4739054084424
20,95,137.49,91.69798069608136,274.98,129.06230381790647
20,96,137.49,92.78764463266877,274.98,181.08376200105883
20,97,137.49,32.994141460342725,274.98,127.1134583858275
20,98,137.49,82.988823238827,274.98,82.16341234602088
20,99,137.49,89.27637626118398,274.98,128.23000322650185
21,0,131.805,60.130104045050174,263.61,110.75554660298698
21,1,131.805,97.76168136234433,263.61,97.76168203352017
21,2,131.805,54.29368194257119,263.61,127.95177361509
21,3,131.805,86.7333577840256,263.61,147.4513342606841
21,4,131.805,90.34112941696138,263.61,136.23306255699273
21,5,131.805,119.21912035002408,263.61,118.03296996580863
21,6,131.805,37.24873301768286,263.61,99.78806331122387
21,7,131.805,70.55265635627202,263.61,70.5526572785244
21,8,131.805,76.53108804599522,263.61,87.49960003631051
21,9,131.805,39.3447586120204,263.61,62.40247021223359
21,10,131.805,118.04050005587378,263.61,120.73038692240607
21,11,131.805,51.23627851003164,263.61,263.6099381215178
21,12,131.805,72.98048969409399,263.61,88.3591227698713
21,13,131.805,53.62516367787923,263.61,128.0989219102945
21,14,131.805,74.64103964213943,263.61,98.06782311526705
21,15,131.805,89.67313101330978,263.61,114.74053793900613
21,16,131.805,53.69961597868935,263.61,156.8388250211543
21,17,131.805,72.4528820641267,263.61,113.85790562345693
21,18,131.805,132.08146493050833,264.16292986101666,130.76726805146467
21,19,131.805,108.39455335399359,263.61,186.91065501939954
21,20,131.805,120.95114525428623,263.61,119.74800444456848
21,21,131.805,102.14596734170357,263.61,185.001765326873
21,22,131.805,47.28872087206002,263.61,70.65286925048024
21,23,131.805,48.259145532995696,263.61,82.57194504899594
21,24,131.805,46.210617870095454,263.61,66.92273447856229
21,25,131.805,63.47539327824676,263.61,97.20302857261485
21,26,131.805,121.41972675273009,263.61,120.21169587289093
21,27,131.805,71.63538490508425,263.61,106.20896352190827
21,28,131.805,68.48447232755919,263.61,168.38942762987196
21,29,131.805,44.0383112277812,263.61,94.62795023723338
21,30,131.805,51.057379561376585,263.61,76.33528749161094
21,31,131.805,126.41187796067963,263.61,125.1541744337867
21,32,131.805,121.78835052002599,263.61,124.23796333782813
21,33,131.805,41.17538947339641,263.61,147.44359383393171
21,34,131.805,63.26644150363553,263.61,102.57562167835125
21,35,131.805,103.1058754570297,263.61,186.91065218196385
21,36,131.805,33.525327194960184,263.61,56.86325816009715
21,37,131.805,67.57406383913357,263.61,123.43807600203962
21,38,131.805,127.54823104330791,263.61,264.47376030815786
21,39,131.805,47.0484117219195,263.61,95.08962224708448
21,40,131.805,96.48440537756504,263.61,95.52436009737488
21,41,131.805,57.90840029541462,263.61,129.0858006888801
21,42,131.805,97.63693961833776,263.61,107.06206646338336
21,43,131.805,108.134880936392,263.61,107.05894741857054
21,44,131.805,79.18366430605904,263.61,166.62158945129997
21,45,131.805,92.30464131539047,263.61,92.3046410731217
21,46,131.805,106.88419443543705,263.61,128.18718307930484
21,47,131.805,46.479415854419265,263.61,98.35144946022399
21,48,131.805,80.5217813732028,263.61,182.3268634509517
21,49,131.805,70.88196965659753,263.61,70.88194650719193
21,50,131.805,89.42589086681413,263.61,156.214375187203
21,51,131.805,93.36363425541018,263.61,164.77190395146275
21,52,131.805,93.62345826011614,263.61,266.04687059448594
21,53,131.805,78.19764878609922,263.61,184.12795918171753
21,54,131.805,88.14986085467167,263.61,116.36495341100056
21,55,131.805,110.54397716308753,263.61,186.91064805953147
21,56,131.805,51.41555928622848,263.61,94.69219036884259
21,57,131.805,123.68587307729474,263.61,123.68586698475374
21,58,131.805,115.75486757989998,263.61,127.63968889102127
21,59,131.805,58.720587128180746,263.61,58.72058474348235
21,60,131.805,85.67761337239517,263.61,91.62914602353298
21,61,131.805,112.67358448707743,263.61,111.55255688198187
21,62,131.805,105.83126152872012,263.61,182.3320283849006
21,63,131.805,50.840164505819956,263.61,183.6511950828467
21,64,131.805,129.621394600618,263.61,128.33176223974436
21,65,131.805,119.50918649406621,263.61,266.08320568960545
21,66,131.805,57.077953756625405,263.61,83.31723864023708
21,67,131.805,90.84353530724758,263.61,90.84353811637904
21,68,131.805,131.23238518607766,263.61,263.7562535251737
21,69,131.805,37.316682049827584,263.61,103.08716966555829
21,70,131.805,69.02498495425995,263.61,68.33809298752503
21,71,131.805,63.697914845409905,263.61,111.39948951496686
21,72,131.805,57.46562459739927,263.61,130.842110958656
21,73,131.805,99.6635102091308,263.61,120.84205477845944
21,74,131.805,117.75564750265347,263.61,116.58401538289924
21,75,131.805,49.289027164598316,263.61,182.40519138056723
21,76,131.805,62.19295648571694,263.61,85.46143430498323
21,77,131.805,62.663069523625104,263.61,158.56215395945873
21,78,131.805,69.76933437271246,263.61,95.49024827422468
21,79,131.805,45.543548119053085,263.61,115.511711404677
21,80,131.805,98.4969292286747,263.61,110.17168653356877
21,81,131.805,74.63100231032014,263.61,128.4953856979995
21,82,131.805,116.48273105787976,263.61,186.9106540190763
21,83,131.805,98.54515147505529,263.61,109.16742014705929
21,84,131.805,129.22779911811816,263.61,170.15298179415524
21,85,131.805,48.208114572840806,263.61,111.5974753906621
21,86,131.805,63.03184773170776,263.61,192.52328961628226
21,87,131.805,62.89020982014797,263.61,202.43898805820996
21,88,131.805,67.13670558687134,263.61,96.53797019425994
21,89,131.805,62.74540123141116,263.61,86.8831112441282
21,90,131.805,112.72633869147747,263.61,111.60472866437634
21,91,131.805,99.26374630103432,263.61,98.2761171030531
21,92,131.805,38.64688461072011,263.61,182.45070407796436
21,93,131.805,42.62652014949314,263.61,182.3268486460303
21,94,131.805,102.72942528649922,263.61,194.4738827024619
21,95,131.805,108.19103231082109,263.61,130.35588301577795
21,96,131.805,128.54365480662108,263.61,179.99798360635725
21,97,131.805,116.03382381331248,263.61,125.83000881585266
21,98,131.805,79.97685991137004,263.61,79.18102332806504
21,99,131.805,68.57442937046993,263.61,129.5152300937432
22,0,124.47,121.06049255806967,248.94,119.85595740156066
22,1,124.47,101.40173862042042,248.94,104.35555160105787
22,2,124.47,121.87668519890582,248.94,124.26084005395386
22,3,124.47,55.359953644527785,248.94,133.40288362695708
22,4,124.47,110.42104653703854,248.94,126.43299008010655
22,5,124.47,132.15008093181945,264.3001618636389,130.8351869933857
22,6,124.47,40.343794985516,248.94,89.76230540630175
22,7,124.47,58.679230280973584,248.94,71.16795820977497
22,8,124.47,49.34846590878215,248.94,79.61882674977171
22,9,124.47,102.3468427289364,248.94,101.32851671604988
22,10,124.47,100.66710299061958,248.94,112.14998108631966
22,11,124.47,42.78025465777835,248.94,231.85027140463689
22,12,124.47,89.26360423092183,248.94,88.37543046050257
22,13,124.47,131.16675869672392,262.33351739344783,129.86167124885299
22,14,124.47,107.00265477014132,248.94,105.93803605506717
22,15,124.47,127.13633383759009,254.27266767518017,125.87133604961251
22,16,124.47,60.29383880420806,248.94,142.3362009786402
22,17,124.47,114.75833133583903,248.94,113.67742844683966
22,18,124.47,115.51993846937029,248.94,123.03899696962355
22,19,124.47,43.758182408881424,248.94,173.15009087295516
22,20,124.47,118.33292892279027,248.94,118.0967299384393
22,21,124.47,89.99885867817285,248.94,170.36844209451772
22,22,124.47,62.65649179861445,248.94,66.07700572302514
22,23,124.47,46.00357818744129,248.94,74.21117873871785
22,24,124.47,74.15259815886067,248.94,73.83876542254562
22,25,124.47,113.87245065840845,248.94,112.73940276031196
22,26,124.47,53.093592685419026,248.94,85.5426114345113
22,27,124.47,105.01535370700128,248.94,104.81745631992409
22,28,124.47,56.65156603511389,248.94,154.58356368395397
22,29,124.47,68.47128740769467,248.94,86.70527256254466
22,30,124.47,97.14149058094984,248.94,96.17495526930722
22,31,124.47,64.9996560449539,248.94,86.18049981935212
22,32,124.47,39.47026414952823,248.94,114.45890074801608
22,33,124.47,74.90200571774157,248.94,136.1019848123899
22,34,124.47,39.94104513654756,248.94,93.46737424661833
22,35,124.47,38.62537776087923,248.94,170.96475323910914
22,36,124.47,56.863272665536854,248.94,56.455361959759344
22,37,124.47,125.94432189168289,251.88864378336578,124.6911749677263
22,38,124.47,90.94895595438267,248.94,232.3141041154751
22,39,124.47,121.8601324516322,248.94,120.64762860102829
22,40,124.47,93.5276293615043,248.94,93.40608421024554
22,41,124.47,128.86443661032826,257.7288732206565,128.1150326396825
22,42,124.47,60.06321356702201,248.94,96.9213430211479
22,43,124.47,94.9712413768434,248.94,100.5594643706098
22,44,124.47,75.0372005064941,248.94,151.6898419278658
22,45,124.47,56.58886871166878,248.94,87.68115349523026
22,46,124.47,88.65353749993102,248.94,117.48387352646444
22,47,124.47,131.86049820273905,263.7209964054781,130.54848857840156
22,48,124.47,105.45268448157078,248.94,167.7214764683872
22,49,124.47,47.5516161895803,248.94,63.57293840264082
22,50,124.47,64.5249170998926,248.94,142.926792342717
22,51,124.47,127.69320024167024,255.38640048334048,152.2421500167502
22,52,124.47,123.77602178584927,248.94,232.85039045945356
22,53,124.47,126.64513867535237,253.29027735070474,170.35028782457823
22,54,124.47,116.3649346300307,248.94,115.33350529426482
22,55,124.47,78.64008972943658,248.94,172.57956900226702
22,56,124.47,51.138064659357376,248.94,90.6627641663501
22,57,124.47,75.71507012107566,248.94,113.20187720140524
22,58,124.47,130.2312457091502,260.4624914183004,128.93548558321788
22,59,124.47,37.43429012485014,248.94,56.44783515280907
22,60,124.47,101.52813885315334,248.94,100.9875525331459
22,61,124.47,60.943921890978764,248.94,88.77864733143178
22,62,124.47,114.7821257542485,248.94,168.17797589646557
22,63,124.47,47.132203228454735,248.94,168.70167847653252
22,64,124.47,78.75626569094442,248.94,84.7737025242554
22,65,124.47,130.55273232895476,261.1054646579095,236.30140060826105
22,66,124.47,75.41917354923343,248.94,79.55614315746907
22,67,124.47,40.40518126633833,248.94,91.80439451150619
22,68,124.47,52.77883703382199,248.94,230.91340582301356
22,69,124.47,103.08718804059237,248.94,102.10293462518278
22,70,124.47,48.816926071691135,248.94,61.309841000856025
22,71,124.47,123.43432913687579,248.94,122.85634555095064
22,72,124.47,130.8421083599953,261.6842167199906,130.05886320791348
22,73,124.47,94.627989703567,248.94,110.3316050093031
22,74,124.47,74.56597298954419,248.94,105.98446391633361
22,75,124.47,50.99846474721946,248.94,168.47903230352057
22,76,124.47,87.53736617688163,248.94,86.6663851329021
22,77,124.47,130.36468750587105,260.7293750117421,147.64927258902185
22,78,124.47,105.80636481323388,248.94,105.25725447256558
22,79,124.47,67.31158124513296,248.94,104.60051054065475
22,80,124.47,122.07388924526683,248.94,120.85925516484181
22,81,124.47,44.80903386242585,248.94,117.27634319577544
22,82,124.47,113.26025591795725,248.94,173.3176295120161
22,83,124.47,59.41146292016754,248.94,101.3846528241102
22,84,124.47,38.262904330388444,248.94,163.1313047773908
22,85,124.47,111.59747554873898,248.94,110.84207090502578
22,86,124.47,86.14310793328836,248.94,177.40885404555195
22,87,124.47,128.78698175586806,257.5739635117361,186.30606454591017
22,88,124.47,51.968294403145855,248.94,88.72093041729467
22,89,124.47,34.135439281840746,248.94,83.44617921082164
22,90,124.47,88.82852274429202,248.94,102.55962905851352
22,91,124.47,86.12351118560777,248.94,85.26655266755034
22,92,124.47,100.51838140381585,248.94,168.70524740543848
22,93,124.47,114.79342348795484,248.94,169.35097502143165
22,94,124.47,104.85316508737125,248.94,178.24296479967617
22,95,124.47,131.6827903632526,263.3655807265052,130.37256152935365
22,96,124.47,102.26076823234101,248.94,166.1975185107948
22,97,124.47,127.11346081117628,254.22692162235256,125.84870504305835
22,98,124.47,42.8470103558347,248.94,73.88608380074028
22,99,124.47,130.83358701956502,261.66717403913003,129.531792900557
23,0,118.02000000000001,73.0777429844916,236.04000000000002,101.76336050530908
23,1,118.02000000000001,46.010402314131476,236.04000000000002,96.65917845451688
23,2,118.02000000000001,55.603779928337495,236.04000000000002,116.16363158723742
23,3,118.02000000000001,60.55845678168462,236.04000000000002,129.53645183940463
23,4,118.02000000000001,27.883983331648015,236.04000000000002,120.83564054671814
23,5,118.02000000000001,72.85288419572838,236.04000000000002,90.3968929237201
23,6,118.02000000000001,30.59193983245639,236.04000000000002,84.6129042840695
23,7,118.02000000000001,33.095604522743564,236.04000000000002,65.3954362156322
23,8,118.02000000000001,72.17862544650612,236.04000000000002,77.70597640767669
23,9,118.02000000000001,46.367969459761866,236.04000000000002,56.85677239883067
23,10,118.02000000000001,90.27255514438838,236.04000000000002,107.78138014784999
23,11,118.02000000000001,68.32373484216733,236.04000000000002,227.68166463106593
23,12,118.02000000000001,39.857233848490274,236.04000000000002,78.79914551317833
23,13,118.02000000000001,35.818246809385634,236.04000000000002,117.84482863105248
23,14,118.02000000000001,91.06475077140503,236.04000000000002,93.87244807502071
23,15,118.02000000000001,72.17135505922826,236.04000000000002,115.68788434508683
23,16,118.02000000000001,83.27359257797356,236.04000000000002,138.95395695660324
23,17,118.02000000000001,100.57324386347302,236.04000000000002,107.1268368863814
23,18,118.02000000000001,32.655344096658325,236.04000000000002,116.29878007637548
23,19,118.02000000000001,93.2137043943772,236.04000000000002,170.75300962345202
23,20,118.02000000000001,81.2263693859076,236.04000000000002,109.31331321914122
23,21,118.02000000000001,65.21550061062315,236.04000000000002,167.44801980663456
23,22,118.02000000000001,39.67888272844869,236.04000000000002,59.783017608625656
23,23,118.02000000000001,35.49903057953029,236.04000000000002,68.93670589670087
23,24,118.02000000000001,40.184350509462746,236.04000000000002,65.4631005136875
23,25,118.02000000000001,44.94040906883889,236.04000000000002,88.185801405449
23,26,118.02000000000001,34.95601665640248,236.04000000000002,80.25674497205979
23,27,118.02000000000001,93.74285026866501,236.04000000000002,99.47083281334875
23,28,118.02000000000001,81.93266767650626,236.04000000000002,151.50970306348916
23,29,118.02000000000001,27.85670088993411,236.04000000000002,80.92255642187585
23,30,118.02000000000001,50.63919638318767,236.04000000000002,75.63460214942052
23,31,118.02000000000001,52.825266795679994,236.04000000000002,81.15712985837965
23,32,118.02000000000001,90.15652979426334,236.04000000000002,111.30746460822255
23,33,118.02000000000001,41.43599118936537,236.04000000000002,132.01408775460456
23,34,118.02000000000001,62.8262523410953,236.04000000000002,89.20665584441551
23,35,118.02000000000001,83.46059771690457,236.04000000000002,168.4395818222762
23,36,118.02000000000001,70.17594398961788,236.04000000000002,69.47770415286561
23,37,118.02000000000001,48.61331237072244,236.04000000000002,114.14655858854641
23,38,118.02000000000001,82.12289637938923,236.04000000000002,227.88755463207661
23,39,118.02000000000001,42.689967231670366,236.04000000000002,86.26880000487265
23,40,118.02000000000001,30.231240923257758,236.04000000000002,84.20024966549053
23,41,118.02000000000001,75.63576905429572,236.04000000000002,118.38972341870233
23,42,118.02000000000001,34.795153972284346,236.04000000000002,91.77256334802473
23,43,118.02000000000001,43.992058496925104,236.04000000000002,93.66407891455734
23,44,118.02000000000001,97.72788118753492,236.04000000000002,148.65820441063883
23,45,118.02000000000001,91.28174805615541,236.04000000000002,90.77422927874456
23,46,118.02000000000001,40.59750227133309,236.04000000000002,112.48802819801523
23,47,118.02000000000001,82.69569018123596,236.04000000000002,92.34312853986026
23,48,118.02000000000001,32.668191547634436,236.04000000000002,164.41679377774813
23,49,118.02000000000001,48.28888664496884,236.04000000000002,59.46079674056413
23,50,118.02000000000001,85.83430490755507,236.04000000000002,139.577389533972
23,51,118.02000000000001,43.68828627503257,236.04000000000002,147.62210544691655
23,52,118.02000000000001,30.630298925625823,236.04000000000002,227.98091034096052
23,53,118.02000000000001,26.013061998660415,236.04000000000002,166.70950569061498
23,54,118.02000000000001,56.089746457758636,236.04000000000002,105.26312547590439
23,55,118.02000000000001,87.73890419506183,236.04000000000002,169.96195617740094
23,56,118.02000000000001,99.39962532305425,236.04000000000002,98.41061893187575
23,57,118.02000000000001,75.0912310558157,236.04000000000002,109.00760962678828
23,58,118.02000000000001,92.33367756188807,236.04000000000002,119.32973781483042
23,59,118.02000000000001,68.01728692415895,236.04000000000002,67.34050439090538
23,60,118.02000000000001,46.94635811546222,236.04000000000002,91.57086104373354
23,61,118.02000000000001,88.9143747124667,236.04000000000002,89.96262949896807
23,62,118.02000000000001,66.85845494075917,236.04000000000002,164.90525992931214
23,63,118.02000000000001,94.5447724668998,236.04000000000002,166.1820533112803
23,64,118.02000000000001,55.964475212015664,236.04000000000002,78.82169388482524
23,65,118.02000000000001,39.46076647133381,236.04000000000002,228.24256648455412
23,66,118.02000000000001,77.27379835664529,236.04000000000002,78.75606929905227
23,67,118.02000000000001,38.841368463407946,236.04000000000002,86.82811584422905
23,68,118.02000000000001,83.57095690125352,236.04000000000002,227.13438186223192
23,69,118.02000000000001,79.17257073903572,236.04000000000002,93.84470626895155
23,70,118.02000000000001,30.79181378066552,236.04000000000002,55.76719586043984
23,71,118.02000000000001,49.62866229153447,236.04000000000002,112.98658077760733
23,72,118.02000000000001,68.74723211605807,236.04000000000002,120.21865973324186
23,73,118.02000000000001,26.390152381838966,236.04000000000002,104.51653295800591
23,74,118.02000000000001,77.96981936402337,236.04000000000002,101.94903401441424
23,75,118.02000000000001,33.934251124680046,236.04000000000002,165.58884117686227
23,76,118.02000000000001,36.6185126718112,236.04000000000002,76.08255742031021
23,77,118.02000000000001,29.909918031746844,236.04000000000002,142.38644092073363
23,78,118.02000000000001,50.36092942674006,236.04000000000002,95.80883823371178
23,79,118.02000000000001,69.6911509159794,236.04000000000002,100.29260201311546
23,80,118.02000000000001,81.69321799215729,236.04000000000002,111.02947746442216
23,81,118.02000000000001,81.47669934222506,236.04000000000002,113.61342233230305
23,82,118.02000000000001,31.764232736172232,236.04000000000002,170.1223275650472
23,83,118.02000000000001,94.49963917342863,236.04000000000002,100.2084427803517
23,84,118.02000000000001,63.288550199796575,236.04000000000002,160.23455315694173
23,85,118.02000000000001,62.914641599635196,236.04000000000002,101.30940409419777
23,86,118.02000000000001,94.39404696889952,236.04000000000002,174.9427874195915
23,87,118.02000000000001,30.20429749133998,236.04000000000002,183.26560727907685
23,88,118.02000000000001,73.85695611403054,236.04000000000002,85.54327700942213
23,89,118.02000000000001,91.53966252690577,236.04000000000002,90.62886245947524
23,90,118.02000000000001,65.57441785313762,236.04000000000002,97.3202349523279
23,91,118.02000000000001,42.38282575693367,236.04000000000002,75.56726871222858
23,92,118.02000000000001,97.98117335252452,236.04000000000002,165.89441145358302
23,93,118.02000000000001,66.83077985617628,236.04000000000002,166.12574464411168
23,94,118.02000000000001,38.17934976661435,236.04000000000002,175.35831799091818
23,95,118.02000000000001,51.55537212390107,236.04000000000002,119.73349303920662
23,96,118.02000000000001,68.58487287528841,236.04000000000002,163.03365340710482
23,97,118.02000000000001,36.06066405203574,236.04000000000002,115.15793838472621
23,98,118.02000000000001,73.2561977821514,236.04000000000002,74.5116395455367
23,99,118.02000000000001,32.56944802551509,236.04000000000002,118.74009947853146
