seed,i,t,var,value
6,0,0,x_ind,0.0
6,0,1,x_ind,0.0
6,0,2,x_ind,0.0
6,0,3,x_ind,0.0
6,0,4,x_ind,0.0
6,0,5,x_ind,0.0
6,0,6,x_ind,0.0
6,0,7,x_ind,35.21064401747246
6,0,8,x_ind,193.04868211415098
6,0,9,x_ind,202.55116877176184
6,0,10,x_ind,331.69709924995556
6,0,11,x_ind,255.9354065093692
6,0,12,x_ind,252.1312994086069
6,0,13,x_ind,0.0
6,0,14,x_ind,29.16959040659918
6,0,15,x_ind,104.64124416385383
6,0,16,x_ind,137.36211065292116
6,0,17,x_ind,162.88359743334325
6,0,18,x_ind,154.65232393088095
6,0,19,x_ind,52.34078783957818
6,0,20,x_ind,36.9437749338318
6,0,21,x_ind,0.6955156398373784
6,0,22,x_ind,0.0
6,0,23,x_ind,0.0
6,1,0,x_ind,0.0
6,1,1,x_ind,0.0
6,1,2,x_ind,0.0
6,1,3,x_ind,0.0
6,1,4,x_ind,0.0
6,1,5,x_ind,0.0
6,1,6,x_ind,0.0
6,1,7,x_ind,13.051058352515833
6,1,8,x_ind,105.37105610184591
6,1,9,x_ind,140.5830951052929
6,1,10,x_ind,169.09976648054732
6,1,11,x_ind,188.59948409728298
6,1,12,x_ind,176.38628520414835
6,1,13,x_ind,0.0
6,1,14,x_ind,187.39507342425503
6,1,15,x_ind,386.4019730239201
6,1,16,x_ind,160.76916706602034
6,1,17,x_ind,177.50054247864313
6,1,18,x_ind,201.50372550301935
6,1,19,x_ind,96.9029112442184
6,1,20,x_ind,54.192171574034056
6,1,21,x_ind,24.315440284208872
6,1,22,x_ind,0.0
6,1,23,x_ind,0.0
6,2,0,x_ind,0.0
6,2,1,x_ind,0.0
6,2,2,x_ind,0.0
6,2,3,x_ind,0.0
6,2,4,x_ind,0.0
6,2,5,x_ind,0.0
6,2,6,x_ind,0.0
6,2,7,x_ind,0.0
6,2,8,x_ind,0.0
6,2,9,x_ind,214.56735365189064
6,2,10,x_ind,221.74421213132698
6,2,11,x_ind,157.66407854318476
6,2,12,x_ind,235.23610352825267
6,2,13,x_ind,0.0
6,2,14,x_ind,109.4199672008021
6,2,15,x_ind,508.5690925090948
6,2,16,x_ind,671.8376548011898
6,2,17,x_ind,529.7396184558393
6,2,18,x_ind,787.0986553079915
6,2,19,x_ind,392.25510963399444
6,2,20,x_ind,121.36922323607429
6,2,21,x_ind,129.35556369190635
6,2,22,x_ind,26.953060015816558
6,2,23,x_ind,1.5551227184460013
6,3,0,x_ind,0.0
6,3,1,x_ind,0.0
6,3,2,x_ind,0.0
6,3,3,x_ind,0.0
6,3,4,x_ind,0.0
6,3,5,x_ind,0.0
6,3,6,x_ind,0.0
6,3,7,x_ind,0.0
6,3,8,x_ind,24.722809593673382
6,3,9,x_ind,18.66899217296164
6,3,10,x_ind,94.41098733699008
6,3,11,x_ind,285.61368578406666
6,3,12,x_ind,681.7086869066062
6,3,13,x_ind,0.0
6,3,14,x_ind,265.8478152450886
6,3,15,x_ind,1299.1794220839856
6,3,16,x_ind,1321.3565610530757
6,3,17,x_ind,792.762857452215
6,3,18,x_ind,693.6734706302187
6,3,19,x_ind,292.13526134331505
6,3,20,x_ind,260.5743415764596
6,3,21,x_ind,142.3649000942148
6,3,22,x_ind,7.653809937528394
6,3,23,x_ind,0.0
6,4,0,x_ind,0.0
6,4,1,x_ind,0.0
6,4,2,x_ind,0.0
6,4,3,x_ind,0.0
6,4,4,x_ind,0.0
6,4,5,x_ind,0.0
6,4,6,x_ind,0.0
6,4,7,x_ind,0.0
6,4,8,x_ind,40.17967094509544
6,4,9,x_ind,62.619286897396336
6,4,10,x_ind,44.398994380279085
6,4,11,x_ind,66.92110186758899
6,4,12,x_ind,51.066380801775345
6,4,13,x_ind,0.0
6,4,14,x_ind,94.72243743187707
6,4,15,x_ind,373.24658093555814
6,4,16,x_ind,555.4326805892013
6,4,17,x_ind,158.60856513876337
6,4,18,x_ind,53.60334898504679
6,4,19,x_ind,123.93034133680077
6,4,20,x_ind,32.59521029878032
6,4,21,x_ind,15.057842503401735
6,4,22,x_ind,0.0
6,4,23,x_ind,0.0
6,5,0,x_ind,0.0
6,5,1,x_ind,0.0
6,5,2,x_ind,0.0
6,5,3,x_ind,0.0
6,5,4,x_ind,0.0
6,5,5,x_ind,0.0
6,5,6,x_ind,0.0
6,5,7,x_ind,0.0
6,5,8,x_ind,170.11956339553882
6,5,9,x_ind,62.83236819466357
6,5,10,x_ind,124.01518895418538
6,5,11,x_ind,174.99349713280438
6,5,12,x_ind,420.7052780900517
6,5,13,x_ind,0.0
6,5,14,x_ind,326.12745995884075
6,5,15,x_ind,2072.4987034020673
6,5,16,x_ind,1268.4480798566242
6,5,17,x_ind,397.9586918956607
6,5,18,x_ind,527.5921667374022
6,5,19,x_ind,311.6997951170969
6,5,20,x_ind,161.40372020424334
6,5,21,x_ind,84.07667592912887
6,5,22,x_ind,0.0
6,5,23,x_ind,0.0
6,6,0,x_ind,0.0
6,6,1,x_ind,0.0
6,6,2,x_ind,0.0
6,6,3,x_ind,0.0
6,6,4,x_ind,0.0
6,6,5,x_ind,0.0
6,6,6,x_ind,0.0
6,6,7,x_ind,0.0
6,6,8,x_ind,196.58945799266093
6,6,9,x_ind,287.8815944038485
6,6,10,x_ind,220.20064050794417
6,6,11,x_ind,190.6236343220648
6,6,12,x_ind,155.73724095664028
6,6,13,x_ind,0.0
6,6,14,x_ind,134.90066561508178
6,6,15,x_ind,303.720356468104
6,6,16,x_ind,254.76995105315254
6,6,17,x_ind,383.90937917560393
6,6,18,x_ind,660.3066934938464
6,6,19,x_ind,170.65429979342474
6,6,20,x_ind,75.54090385997495
6,6,21,x_ind,36.08686825721706
6,6,22,x_ind,0.0
6,6,23,x_ind,0.0
6,7,0,x_ind,0.0
6,7,1,x_ind,0.0
6,7,2,x_ind,0.0
6,7,3,x_ind,0.0
6,7,4,x_ind,0.0
6,7,5,x_ind,0.0
6,7,6,x_ind,0.0
6,7,7,x_ind,0.0
6,7,8,x_ind,24.011418523438973
6,7,9,x_ind,23.49707653317175
6,7,10,x_ind,54.96135491382159
6,7,11,x_ind,104.6983117971791
6,7,12,x_ind,259.7901190187329
6,7,13,x_ind,0.0
6,7,14,x_ind,101.7773722144572
6,7,15,x_ind,325.5532491235688
6,7,16,x_ind,508.39709506953625
6,7,17,x_ind,296.813460736874
6,7,18,x_ind,267.70628303636664
6,7,19,x_ind,104.52598932482907
6,7,20,x_ind,89.04036355139363
6,7,21,x_ind,48.08016882644683
6,7,22,x_ind,0.0
6,7,23,x_ind,0.0
6,8,0,x_ind,0.0
6,8,1,x_ind,0.0
6,8,2,x_ind,0.0
6,8,3,x_ind,0.0
6,8,4,x_ind,0.0
6,8,5,x_ind,0.0
6,8,6,x_ind,0.0
6,8,7,x_ind,12.313690088257285
6,8,8,x_ind,64.83352566155625
6,8,9,x_ind,79.33295939353127
6,8,10,x_ind,80.29265226174662
6,8,11,x_ind,92.03546684325893
6,8,12,x_ind,168.74071868477313
6,8,13,x_ind,0.0
6,8,14,x_ind,180.04791150867783
6,8,15,x_ind,817.4495265881642
6,8,16,x_ind,778.5015842751538
6,8,17,x_ind,326.7888664890867
6,8,18,x_ind,191.5641880689865
6,8,19,x_ind,166.68493620433603
6,8,20,x_ind,110.24305801282563
6,8,21,x_ind,62.308177385951616
6,8,22,x_ind,0.0
6,8,23,x_ind,0.0
6,9,0,x_ind,0.0
6,9,1,x_ind,0.0
6,9,2,x_ind,0.0
6,9,3,x_ind,0.0
6,9,4,x_ind,0.0
6,9,5,x_ind,0.0
6,9,6,x_ind,0.0
6,9,7,x_ind,0.0
6,9,8,x_ind,73.09417443864555
6,9,9,x_ind,75.51136859971903
6,9,10,x_ind,76.59884982760425
6,9,11,x_ind,103.88725225653862
6,9,12,x_ind,94.84937076240574
6,9,13,x_ind,0.0
6,9,14,x_ind,119.03613235915878
6,9,15,x_ind,463.44964670965163
6,9,16,x_ind,300.86557510754864
6,9,17,x_ind,281.76799798599353
6,9,18,x_ind,153.79412219951894
6,9,19,x_ind,52.600272553781686
6,9,20,x_ind,61.87597254493965
6,9,21,x_ind,0.0
6,9,22,x_ind,0.0
6,9,23,x_ind,0.0
6,0,SUM,x_ind,1949.2632450721626
6,1,SUM,x_ind,2082.0717499399525
6,2,SUM,x_ind,4107.36481542581
6,3,SUM,x_ind,6180.673601210399
6,4,SUM,x_ind,1672.3824421115646
6,5,SUM,x_ind,6102.471188868309
6,6,SUM,x_ind,3070.921685899564
6,7,SUM,x_ind,2208.852262669817
6,8,SUM,x_ind,3131.137261466306
6,9,SUM,x_ind,1857.3307353455061
6,0,0,yp_ind,0.0
6,0,1,yp_ind,0.0
6,0,2,yp_ind,0.0
6,0,3,yp_ind,0.0
6,0,4,yp_ind,0.0
6,0,5,yp_ind,0.0
6,0,6,yp_ind,4.602666905748141
6,0,7,yp_ind,57.439513177825404
6,0,8,yp_ind,69.12569247852196
6,0,9,yp_ind,51.82156912008386
6,0,10,yp_ind,104.67546206592031
6,0,11,yp_ind,96.91332598748238
6,0,12,yp_ind,96.44391837043305
6,0,13,yp_ind,280.5651359214721
6,0,14,yp_ind,119.51506301804052
6,0,15,yp_ind,1.647135727085446
6,0,16,yp_ind,6.5195582600471536
6,0,17,yp_ind,27.42880805885323
6,0,18,yp_ind,25.888262386967845
6,0,19,yp_ind,1.449277965344426
6,0,20,yp_ind,3.466744517063309
6,0,21,yp_ind,8.170799852753222
6,0,22,yp_ind,9.091914111294987
6,0,23,yp_ind,1.0398840491914225
6,1,0,yp_ind,0.0
6,1,1,yp_ind,0.0
6,1,2,yp_ind,0.0
6,1,3,yp_ind,0.0
6,1,4,yp_ind,0.0
6,1,5,yp_ind,0.0
6,1,6,yp_ind,0.7175729185640732
6,1,7,yp_ind,25.56846948224602
6,1,8,yp_ind,11.087415445839742
6,1,9,yp_ind,28.090388444865862
6,1,10,yp_ind,21.702428619298416
6,1,11,yp_ind,34.11622004931825
6,1,12,yp_ind,44.89398072922144
6,1,13,yp_ind,471.6488151637515
6,1,14,yp_ind,357.0141719666072
6,1,15,yp_ind,97.9936606552386
6,1,16,yp_ind,15.181438985692335
6,1,17,yp_ind,30.284405680495233
6,1,18,yp_ind,51.45802398478392
6,1,19,yp_ind,18.048087826511217
6,1,20,yp_ind,3.513193369395042
6,1,21,yp_ind,6.528502610951785
6,1,22,yp_ind,13.862981096446822
6,1,23,yp_ind,3.3692582408807987
6,2,0,yp_ind,0.0
6,2,1,yp_ind,0.0
6,2,2,yp_ind,0.0
6,2,3,yp_ind,0.0
6,2,4,yp_ind,0.0
6,2,5,yp_ind,0.0
6,2,6,yp_ind,0.0
6,2,7,yp_ind,0.0
6,2,8,yp_ind,1.845281655503487
6,2,9,yp_ind,27.92681736071163
6,2,10,yp_ind,18.274391190351515
6,2,11,yp_ind,9.415825058797454
6,2,12,yp_ind,41.23241739411128
6,2,13,yp_ind,443.9573996425893
6,2,14,yp_ind,187.48466961402758
6,2,15,yp_ind,64.96483485315723
6,2,16,yp_ind,125.82733337490386
6,2,17,yp_ind,94.70159071736477
6,2,18,yp_ind,229.7773066300842
6,2,19,yp_ind,75.03725864366582
6,2,20,yp_ind,9.999174448235305
6,2,21,yp_ind,19.666742710506423
6,2,22,yp_ind,20.288536902668394
6,2,23,yp_ind,9.272445901189679
6,3,0,yp_ind,0.0
6,3,1,yp_ind,0.0
6,3,2,yp_ind,0.0
6,3,3,yp_ind,0.0
6,3,4,yp_ind,0.0
6,3,5,yp_ind,0.0
6,3,6,yp_ind,0.21507322859217992
6,3,7,yp_ind,8.940859088998696
6,3,8,yp_ind,5.402717784355138
6,3,9,yp_ind,0.0
6,3,10,yp_ind,0.6968623834988839
6,3,11,yp_ind,24.17676604808865
6,3,12,yp_ind,213.4426007889671
6,3,13,yp_ind,722.7491961066127
6,3,14,yp_ind,315.9840088672478
6,3,15,yp_ind,126.9036554883344
6,3,16,yp_ind,236.47198316932156
6,3,17,yp_ind,206.6338105226718
6,3,18,yp_ind,150.65934791667735
6,3,19,yp_ind,30.54755537380152
6,3,20,yp_ind,30.873597628356357
6,3,21,yp_ind,1.3541759169469914
6,3,22,yp_ind,31.3809134212528
6,3,23,yp_ind,15.856095306001237
6,4,0,yp_ind,0.0
6,4,1,yp_ind,0.0
6,4,2,yp_ind,0.0
6,4,3,yp_ind,0.0
6,4,4,yp_ind,0.0
6,4,5,yp_ind,0.0
6,4,6,yp_ind,0.0
6,4,7,yp_ind,9.663697842023812
6,4,8,yp_ind,4.82323842472998
6,4,9,yp_ind,7.615452508221531
6,4,10,yp_ind,2.997024280522041
6,4,11,yp_ind,12.668167730613575
6,4,12,yp_ind,5.115085453789431
6,4,13,yp_ind,99.85538486609417
6,4,14,yp_ind,132.66863902364676
6,4,15,yp_ind,108.8181346024023
6,4,16,yp_ind,159.29219708408417
6,4,17,yp_ind,43.14231313416597
6,4,18,yp_ind,5.749601377338312
6,4,19,yp_ind,29.82154971761328
6,4,20,yp_ind,3.112246417503863
6,4,21,yp_ind,2.6820127947688523
6,4,22,yp_ind,7.172886091827673
6,4,23,yp_ind,2.8124041347884856
6,5,0,yp_ind,0.0
6,5,1,yp_ind,0.0
6,5,2,yp_ind,0.0
6,5,3,yp_ind,0.0
6,5,4,yp_ind,0.0
6,5,5,yp_ind,0.0
6,5,6,yp_ind,0.6368127331628115
6,5,7,yp_ind,7.8391237294457
6,5,8,yp_ind,31.629816201391872
6,5,9,yp_ind,0.5244694805801005
6,5,10,yp_ind,0.29530521673015797
6,5,11,yp_ind,2.5488327621320397
6,5,12,yp_ind,83.57238029314247
6,5,13,yp_ind,985.0219494248763
6,5,14,yp_ind,549.4968152227207
6,5,15,yp_ind,369.3034837076429
6,5,16,yp_ind,178.64340844938255
6,5,17,yp_ind,44.064144437411926
6,5,18,yp_ind,133.72095723291682
6,5,19,yp_ind,32.85058663503349
6,5,20,yp_ind,9.524222065358174
6,5,21,yp_ind,12.87338502489693
6,5,22,yp_ind,32.41123274251906
6,5,23,yp_ind,8.56972737843007
6,6,0,yp_ind,0.0
6,6,1,yp_ind,0.0
6,6,2,yp_ind,0.0
6,6,3,yp_ind,0.0
6,6,4,yp_ind,0.0
6,6,5,yp_ind,0.0
6,6,6,yp_ind,0.5811734202942165
6,6,7,yp_ind,23.42129710105723
6,6,8,yp_ind,31.21444672974915
6,6,9,yp_ind,43.07623658683809
6,6,10,yp_ind,30.034762798521516
6,6,11,yp_ind,40.366625467856494
6,6,12,yp_ind,29.016617582943276
6,6,13,yp_ind,306.09309490284943
6,6,14,yp_ind,142.45721608794645
6,6,15,yp_ind,26.716207743928063
6,6,16,yp_ind,38.854059793733406
6,6,17,yp_ind,66.68757321203243
6,6,18,yp_ind,190.4154961429947
6,6,19,yp_ind,24.73805722257007
6,6,20,yp_ind,2.345795128288051
6,6,21,yp_ind,7.9336827511774155
6,6,22,yp_ind,19.332155210299735
6,6,23,yp_ind,8.444786256254226
6,7,0,yp_ind,0.0
6,7,1,yp_ind,0.0
6,7,2,yp_ind,0.0
6,7,3,yp_ind,0.0
6,7,4,yp_ind,0.0
6,7,5,yp_ind,0.0
6,7,6,yp_ind,0.21381839303472192
6,7,7,yp_ind,3.030585143934345
6,7,8,yp_ind,2.1043101553365324
6,7,9,yp_ind,0.4409567584903384
6,7,10,yp_ind,0.3529732008749681
6,7,11,yp_ind,16.41889564542436
6,7,12,yp_ind,98.101457586348
6,7,13,yp_ind,292.0918818648949
6,7,14,yp_ind,126.817592231326
6,7,15,yp_ind,45.03001560739722
6,7,16,yp_ind,137.5389080005584
6,7,17,yp_ind,88.59860658065976
6,7,18,yp_ind,73.47262483503107
6,7,19,yp_ind,17.46033289171937
6,7,20,yp_ind,15.389425076415142
6,7,21,yp_ind,0.8610912424999632
6,7,22,yp_ind,14.273698717101766
6,7,23,yp_ind,7.332252059639137
6,8,0,yp_ind,0.0
6,8,1,yp_ind,0.0
6,8,2,yp_ind,0.0
6,8,3,yp_ind,0.0
6,8,4,yp_ind,0.0
6,8,5,yp_ind,0.0
6,8,6,yp_ind,0.0
6,8,7,yp_ind,30.17442399794514
6,8,8,yp_ind,4.496849471291541
6,8,9,yp_ind,2.5234991809750396
6,8,10,yp_ind,0.7373601798943917
6,8,11,yp_ind,0.7598903822259405
6,8,12,yp_ind,33.659135712544696
6,8,13,yp_ind,346.27676891997055
6,8,14,yp_ind,298.65379253616464
6,8,15,yp_ind,164.9972370510073
6,8,16,yp_ind,195.20890143984036
6,8,17,yp_ind,100.24233567803722
6,8,18,yp_ind,23.17526103340041
6,8,19,yp_ind,24.766731229456177
6,8,20,yp_ind,15.883975686703623
6,8,21,yp_ind,2.303656488365926
6,8,22,yp_ind,17.48231943910409
6,8,23,yp_ind,8.214808070468449
6,9,0,yp_ind,0.0
6,9,1,yp_ind,0.0
6,9,2,yp_ind,0.0
6,9,3,yp_ind,0.0
6,9,4,yp_ind,0.0
6,9,5,yp_ind,0.0
6,9,6,yp_ind,0.0
6,9,7,yp_ind,2.1187961203111887
6,9,8,yp_ind,16.764119942751787
6,9,9,yp_ind,9.29451418161766
6,9,10,yp_ind,4.127196622433874
6,9,11,yp_ind,15.892005022836958
6,9,12,yp_ind,13.527066796048093
6,9,13,yp_ind,204.94932698548837
6,9,14,yp_ind,184.28684936079554
6,9,15,yp_ind,72.31099672591017
6,9,16,yp_ind,85.51881688629238
6,9,17,yp_ind,57.83623564732043
6,9,18,yp_ind,20.978415100313512
6,9,19,yp_ind,1.7312577881008098
6,9,20,yp_ind,5.529072368024791
6,9,21,yp_ind,8.907791704297265
6,9,22,yp_ind,12.044070175245823
6,9,23,yp_ind,3.474125532889182
6,0,SUM,yp_ind,965.8047319741288
6,1,SUM,yp_ind,1235.0790152701084
6,2,SUM,yp_ind,1379.6720260978682
6,3,SUM,yp_ind,2122.289219039725
6,4,SUM,yp_ind,638.0100354841342
6,5,SUM,yp_ind,2483.5266527377744
6,6,SUM,yp_ind,1031.729284139334
6,7,SUM,yp_ind,939.529425990686
6,8,SUM,yp_ind,1269.5569464973955
6,9,SUM,yp_ind,719.2906569606778
6,0,0,ym_ind,0.0
6,0,1,ym_ind,0.0
6,0,2,ym_ind,0.1682596070408107
6,0,3,ym_ind,5.2048224804393275
6,0,4,ym_ind,9.786367215417375
6,0,5,ym_ind,2.6694700361865977
6,0,6,ym_ind,0.0
6,0,7,ym_ind,0.0
6,0,8,ym_ind,9.069259932143103
6,0,9,ym_ind,14.21657880442159
6,0,10,ym_ind,29.023793576974366
6,0,11,ym_ind,20.677608570024404
6,0,12,ym_ind,16.205952500843274
6,0,13,ym_ind,0.0
6,0,14,ym_ind,0.0
6,0,15,ym_ind,3.867270662873251
6,0,16,ym_ind,8.370207584319358
6,0,17,ym_ind,10.386014868928264
6,0,18,ym_ind,9.751193647981161
6,0,19,ym_ind,0.013890786647409841
6,0,20,ym_ind,1.024706482793468
6,0,21,ym_ind,0.017994796208428598
6,0,22,ym_ind,0.0
6,0,23,ym_ind,0.0
6,1,0,ym_ind,0.0
6,1,1,ym_ind,0.0
6,1,2,ym_ind,0.5846147616303466
6,1,3,ym_ind,10.295910185407187
6,1,4,ym_ind,19.787124832101384
6,1,5,ym_ind,3.8828308077336793
6,1,6,ym_ind,0.0
6,1,7,ym_ind,0.0
6,1,8,ym_ind,3.960200939853284
6,1,9,ym_ind,7.4292378974553275
6,1,10,ym_ind,12.695846225299208
6,1,11,ym_ind,9.418800365730906
6,1,12,ym_ind,10.861182581887153
6,1,13,ym_ind,0.0
6,1,14,ym_ind,1.2896625773262935
6,1,15,ym_ind,55.88129239535594
6,1,16,ym_ind,12.960815241645651
6,1,17,ym_ind,12.847429010335745
6,1,18,ym_ind,15.33670895664493
6,1,19,ym_ind,2.4254937960083804
6,1,20,ym_ind,0.654817246550316
6,1,21,ym_ind,1.4990270215348769
6,1,22,ym_ind,0.0
6,1,23,ym_ind,0.0
6,2,0,ym_ind,0.0
6,2,1,ym_ind,0.0
6,2,2,ym_ind,1.8235232461737576
6,2,3,ym_ind,24.25992537493991
6,2,4,ym_ind,44.072761819480576
6,2,5,ym_ind,8.544189564116088
6,2,6,ym_ind,0.0
6,2,7,ym_ind,0.0
6,2,8,ym_ind,0.0
6,2,9,ym_ind,5.172915524870391
6,2,10,ym_ind,6.2825697992091944
6,2,11,ym_ind,1.3961882896703657
6,2,12,ym_ind,8.909934523375652
6,2,13,ym_ind,0.0
6,2,14,ym_ind,0.0
6,2,15,ym_ind,54.090087644376624
6,2,16,ym_ind,83.87501115358523
6,2,17,ym_ind,38.419975331438216
6,2,18,ym_ind,91.0289307251743
6,2,19,ym_ind,26.631065961946277
6,2,20,ym_ind,1.0994534124857362
6,2,21,ym_ind,2.9371526022689833
6,2,22,ym_ind,2.3420232747089624
6,2,23,ym_ind,0.15866980088215502
6,3,0,ym_ind,0.0
6,3,1,ym_ind,0.0
6,3,2,ym_ind,0.0
6,3,3,ym_ind,19.119038666675316
6,3,4,ym_ind,44.8029252179763
6,3,5,ym_ind,2.7253511946653943
6,3,6,ym_ind,0.0
6,3,7,ym_ind,0.0
6,3,8,ym_ind,0.0
6,3,9,ym_ind,0.0
6,3,10,ym_ind,0.0
6,3,11,ym_ind,5.577631205188766
6,3,12,ym_ind,47.70978606765097
6,3,13,ym_ind,0.0
6,3,14,ym_ind,2.6482899595838294
6,3,15,ym_ind,226.63413221255072
6,3,16,ym_ind,174.58630653990747
6,3,17,ym_ind,77.94218692135055
6,3,18,ym_ind,65.58133263635365
6,3,19,ym_ind,7.289969225620078
6,3,20,ym_ind,7.567166620177764
6,3,21,ym_ind,5.073656619221788
6,3,22,ym_ind,0.4982760817256925
6,3,23,ym_ind,0.0
6,4,0,ym_ind,0.0
6,4,1,ym_ind,0.0
6,4,2,ym_ind,0.0
6,4,3,ym_ind,3.971482665792796
6,4,4,ym_ind,9.743354459162491
6,4,5,ym_ind,0.8126769693806289
6,4,6,ym_ind,0.0
6,4,7,ym_ind,0.0
6,4,8,ym_ind,0.20139904440866133
6,4,9,ym_ind,2.2738657259850767
6,4,10,ym_ind,0.5399313905678813
6,4,11,ym_ind,3.3591229797269615
6,4,12,ym_ind,0.949639708658203
6,4,13,ym_ind,0.0
6,4,14,ym_ind,1.2061352404174839
6,4,15,ym_ind,51.221879159796465
6,4,16,ym_ind,80.39138660986674
6,4,17,ym_ind,12.650811289885883
6,4,18,ym_ind,1.9659941705829393
6,4,19,ym_ind,8.312900851645841
6,4,20,ym_ind,0.7144891582165142
6,4,21,ym_ind,0.9852923294061811
6,4,22,ym_ind,0.0
6,4,23,ym_ind,0.0
6,5,0,ym_ind,0.0
6,5,1,ym_ind,0.0
6,5,2,ym_ind,0.8721541063233655
6,5,3,ym_ind,24.035704767832904
6,5,4,ym_ind,52.80262928210409
6,5,5,ym_ind,5.4547240486007285
6,5,6,ym_ind,0.0
6,5,7,ym_ind,0.0
6,5,8,ym_ind,0.0
6,5,9,ym_ind,0.0
6,5,10,ym_ind,0.0
6,5,11,ym_ind,0.0
6,5,12,ym_ind,23.853891478164044
6,5,13,ym_ind,0.0
6,5,14,ym_ind,0.0
6,5,15,ym_ind,411.2796035440977
6,5,16,ym_ind,139.77419467638393
6,5,17,ym_ind,21.502023184584168
6,5,18,ym_ind,39.162777239705136
6,5,19,ym_ind,12.110151926355048
6,5,20,ym_ind,0.8562011748490359
6,5,21,ym_ind,4.017046365477152
6,5,22,ym_ind,0.0
6,5,23,ym_ind,0.0
6,6,0,ym_ind,0.0
6,6,1,ym_ind,0.0
6,6,2,ym_ind,0.12066643989152288
6,6,3,ym_ind,13.958076015445188
6,6,4,ym_ind,28.760261453542604
6,6,5,ym_ind,3.388329628137053
6,6,6,ym_ind,0.0
6,6,7,ym_ind,0.0
6,6,8,ym_ind,8.04642646393319
6,6,9,ym_ind,17.001185697105026
6,6,10,ym_ind,12.326827109985272
6,6,11,ym_ind,8.053189163049671
6,6,12,ym_ind,4.20590556711743
6,6,13,ym_ind,0.0
6,6,14,ym_ind,0.16474864118660734
6,6,15,ym_ind,30.210726327784208
6,6,16,ym_ind,24.219082012251974
6,6,17,ym_ind,37.0556864429318
6,6,18,ym_ind,80.36948407929022
6,6,19,ym_ind,7.365322172013475
6,6,20,ym_ind,0.30409526216484994
6,6,21,ym_ind,1.420289311261094
6,6,22,ym_ind,0.0
6,6,23,ym_ind,0.0
6,7,0,ym_ind,0.0
6,7,1,ym_ind,0.0
6,7,2,ym_ind,0.45077861173922157
6,7,3,ym_ind,9.168994864830038
6,7,4,ym_ind,16.289078896159584
6,7,5,ym_ind,1.6949127667527462
6,7,6,ym_ind,0.0
6,7,7,ym_ind,0.0
6,7,8,ym_ind,0.0
6,7,9,ym_ind,0.12348824370046843
6,7,10,ym_ind,0.5397283155270504
6,7,11,ym_ind,2.350677098288791
6,7,12,ym_ind,18.570872392680048
6,7,13,ym_ind,0.0
6,7,14,ym_ind,0.23818165286677517
6,7,15,ym_ind,34.27576968401392
6,7,16,ym_ind,64.24757078173266
6,7,17,ym_ind,24.41508348652129
6,7,18,ym_ind,23.95846239370493
6,7,19,ym_ind,3.7997317000947146
6,7,20,ym_ind,2.7095456964395748
6,7,21,ym_ind,3.1784665593389825
6,7,22,ym_ind,0.0
6,7,23,ym_ind,0.0
6,8,0,ym_ind,0.0
6,8,1,ym_ind,0.0
6,8,2,ym_ind,0.5425526884507115
6,8,3,ym_ind,8.425713048400413
6,8,4,ym_ind,20.2347580776978
6,8,5,ym_ind,2.4486004413061733
6,8,6,ym_ind,0.0
6,8,7,ym_ind,0.0
6,8,8,ym_ind,0.5943990847388021
6,8,9,ym_ind,0.32561524753883175
6,8,10,ym_ind,0.0
6,8,11,ym_ind,0.4529662643883836
6,8,12,ym_ind,5.160082003944111
6,8,13,ym_ind,0.0
6,8,14,ym_ind,0.7281545295417778
6,8,15,ym_ind,114.0054846690614
6,8,16,ym_ind,94.77567116567397
6,8,17,ym_ind,31.14772633891638
6,8,18,ym_ind,10.18553753427267
6,8,19,ym_ind,4.940256645046894
6,8,20,ym_ind,1.315705119178507
6,8,21,ym_ind,3.075101333032968
6,8,22,ym_ind,0.0
6,8,23,ym_ind,0.0
6,9,0,ym_ind,0.0
6,9,1,ym_ind,0.0
6,9,2,ym_ind,1.9272381801965361
6,9,3,ym_ind,12.40828356920177
6,9,4,ym_ind,22.47451290950172
6,9,5,ym_ind,5.202726334336877
6,9,6,ym_ind,0.0
6,9,7,ym_ind,0.0
6,9,8,ym_ind,0.3447338740467752
6,9,9,ym_ind,0.7637735898069002
6,9,10,ym_ind,1.0263197558012804
6,9,11,ym_ind,2.512676910213906
6,9,12,ym_ind,2.103384713841936
6,9,13,ym_ind,0.0
6,9,14,ym_ind,0.41091829298951604
6,9,15,ym_ind,69.03798628723543
6,9,16,ym_ind,37.748274237112724
6,9,17,ym_ind,22.08321233947045
6,9,18,ym_ind,9.906801166307853
6,9,19,ym_ind,0.03853772932842281
6,9,20,ym_ind,1.3836913509210484
6,9,21,ym_ind,0.0
6,9,22,ym_ind,0.0
6,9,23,ym_ind,0.0
6,0,SUM,ym_ind,140.4533915532422
6,1,SUM,ym_ind,181.81099484250063
6,2,SUM,ym_ind,401.0443780487024
6,3,SUM,ym_ind,687.7560491686484
6,4,SUM,ym_ind,179.30036175350074
6,5,SUM,ym_ind,735.7211017944774
6,6,SUM,ym_ind,276.9703017870912
6,7,SUM,ym_ind,206.01134314439082
6,8,SUM,ym_ind,298.3583241911898
6,9,SUM,ym_ind,189.37307124031315
6,0,0,x_re,8.937344701807323e-11
6,0,1,x_re,1.0312239818189025e-10
6,0,2,x_re,1.1116659716426488e-10
6,0,3,x_re,1.181174027757775e-10
6,0,4,x_re,1.2701563671972006e-10
6,0,5,x_re,1.4288609653525633e-10
6,0,6,x_re,2.457785292727375e-10
6,0,7,x_re,3.29590380400621e-10
6,0,8,x_re,187.30480059284858
6,0,9,x_re,229.9318653626174
6,0,10,x_re,404.40121299314194
6,0,11,x_re,337.2892521331333
6,0,12,x_re,338.88438844632424
6,0,13,x_re,0.0
6,0,14,x_re,131.712809295712
6,0,15,x_re,133.52943800717844
6,0,16,x_re,156.0845045337656
6,0,17,x_re,208.09033068983788
6,0,18,x_re,188.89560517115862
6,0,19,x_re,37.68635604023814
6,0,20,x_re,49.430003456410205
6,0,21,x_re,0.8049114613863594
6,0,22,x_re,1.9531254075187954e-08
6,0,23,x_re,1.4669177940200416e-07
6,1,0,x_re,8.937341719998585e-11
6,1,1,x_re,1.0312219933096332e-10
6,1,2,x_re,1.111681402591715e-10
6,1,3,x_re,1.1809007369969669e-10
6,1,4,x_re,1.2698692826646124e-10
6,1,5,x_re,1.428798677039284e-10
6,1,6,x_re,2.432120514260173e-10
6,1,7,x_re,3.217690433893323e-10
6,1,8,x_re,103.39020725206102
6,1,9,x_re,140.70687947470722
6,1,10,x_re,195.23786796821196
6,1,11,x_re,214.68782849016299
6,1,12,x_re,203.97279656410848
6,1,13,x_re,0.0
6,1,14,x_re,432.0265960010251
6,1,15,x_re,453.6356694568251
6,1,16,x_re,194.10093533904055
6,1,17,x_re,216.8553624453275
6,1,18,x_re,252.34246943883042
6,1,19,x_re,134.9753985022995
6,1,20,x_re,59.19369978174171
6,1,21,x_re,4.112574243913492
6,1,22,x_re,1.9743536138517127e-08
6,1,23,x_re,1.5040155154645813e-07
6,2,0,x_re,8.937328719812073e-11
6,2,1,x_re,1.0312058616793541e-10
6,2,2,x_re,1.1115317884545396e-10
6,2,3,x_re,1.180583517514513e-10
6,2,4,x_re,1.2694388614943874e-10
6,2,5,x_re,1.428423658709323e-10
6,2,6,x_re,2.360390278205635e-10
6,2,7,x_re,3.032038788037933e-10
6,2,8,x_re,2.3327126386643672e-08
6,2,9,x_re,185.02252104781752
6,2,10,x_re,231.65426251769853
6,2,11,x_re,177.18628361201124
6,2,12,x_re,292.5569914897359
6,2,13,x_re,0.0
6,2,14,x_re,221.71624599926076
6,2,15,x_re,625.6731539206846
6,2,16,x_re,736.1413327330301
6,2,17,x_re,595.7122177726263
6,2,18,x_re,826.9182413281038
6,2,19,x_re,435.605501250592
6,2,20,x_re,121.36922078784002
6,2,21,x_re,145.260660573256
6,2,22,x_re,2.0006458723761957e-08
6,2,23,x_re,1.5132513662117334e-07
6,3,0,x_re,8.937331325570295e-11
6,3,1,x_re,1.0312087266011783e-10
6,3,2,x_re,1.1115551223171603e-10
6,3,3,x_re,1.180638256149327e-10
6,3,4,x_re,1.2695217835543588e-10
6,3,5,x_re,1.4285180224375492e-10
6,3,6,x_re,2.4164684463820795e-10
6,3,7,x_re,3.0529924678592117e-10
6,3,8,x_re,15.123174371879209
6,3,9,x_re,6.679836024059151
6,3,10,x_re,85.8210421622481
6,3,11,x_re,289.96996062289855
6,3,12,x_re,817.3765978975177
6,3,13,x_re,0.0
6,3,14,x_re,497.16740681306356
6,3,15,x_re,1418.8214544820569
6,3,16,x_re,1221.8177101596311
6,3,17,x_re,806.6256458999584
6,3,18,x_re,796.9829320233653
6,3,19,x_re,352.77009439644485
6,3,20,x_re,346.5222711435073
6,3,21,x_re,15.178056543243706
6,3,22,x_re,1.9978156752420034e-08
6,3,23,x_re,1.5120235538411724e-07
6,4,0,x_re,8.937334573984102e-11
6,4,1,x_re,1.0312128373860062e-10
6,4,2,x_re,1.1115897929590914e-10
6,4,3,x_re,1.180828768675032e-10
6,4,4,x_re,1.2697713471813194e-10
6,4,5,x_re,1.428601830824417e-10
6,4,6,x_re,2.365034835785941e-10
6,4,7,x_re,3.1939260212726687e-10
6,4,8,x_re,35.86303072702417
6,4,9,x_re,64.97218544102986
6,4,10,x_re,43.42288507754839
6,4,11,x_re,81.31959419309398
6,4,12,x_re,64.13387601278804
6,4,13,x_re,0.0
6,4,14,x_re,186.81130088309416
6,4,15,x_re,349.92022677207865
6,4,16,x_re,680.8510321076055
6,4,17,x_re,194.8025917380402
6,4,18,x_re,59.64721099750101
6,4,19,x_re,161.77791403484193
6,4,20,x_re,38.515570648065804
6,4,21,x_re,9.417300993295343e-06
6,4,22,x_re,2.0071558558551823e-08
6,4,23,x_re,1.4653274996826853e-07
6,5,0,x_re,8.937334221219225e-11
6,5,1,x_re,1.0312119143144458e-10
6,5,2,x_re,1.1115728265892452e-10
6,5,3,x_re,1.1807709802382785e-10
6,5,4,x_re,1.269725310088432e-10
6,5,5,x_re,1.4285627821253077e-10
6,5,6,x_re,2.41770968088002e-10
6,5,7,x_re,3.052836488649783e-10
6,5,8,x_re,124.44337026945851
6,5,9,x_re,52.15603963926707
6,5,10,x_re,106.52426258220349
6,5,11,x_re,205.82890858410732
6,5,12,x_re,556.0960911665286
6,5,13,x_re,0.0
6,5,14,x_re,601.8415256125486
6,5,15,x_re,1472.9316248565149
6,5,16,x_re,1329.9015446849514
6,5,17,x_re,463.3815586840498
6,5,18,x_re,633.3682613673238
6,5,19,x_re,368.47456767995
6,5,20,x_re,175.85675428766393
6,5,21,x_re,2.7209266645175614
6,5,22,x_re,2.0065230643733455e-08
6,5,23,x_re,1.4842601222545166e-07
6,6,0,x_re,8.937338255939425e-11
6,6,1,x_re,1.0312172336275144e-10
6,6,2,x_re,1.1116261223558028e-10
6,6,3,x_re,1.180857577724492e-10
6,6,4,x_re,1.2697874760641e-10
6,6,5,x_re,1.428713470499462e-10
6,6,6,x_re,2.4339442861428776e-10
6,6,7,x_re,3.173755432887893e-10
6,6,8,x_re,214.02230752784732
6,6,9,x_re,311.9880543868132
6,6,10,x_re,225.5443585348154
6,6,11,x_re,242.41079898455536
6,6,12,x_re,192.09120940429784
6,6,13,x_re,0.0
6,6,14,x_re,195.57555979325633
6,6,15,x_re,347.6184728365992
6,6,16,x_re,328.88281911118986
6,6,17,x_re,454.03199740444626
6,6,18,x_re,757.4004598483084
6,6,19,x_re,224.68920193317842
6,6,20,x_re,78.41762280287841
6,6,21,x_re,3.72018409588345
6,6,22,x_re,2.001927148644892e-08
6,6,23,x_re,1.4626070341765855e-07
6,7,0,x_re,8.937327214882601e-11
6,7,1,x_re,1.0312010072909754e-10
6,7,2,x_re,1.111425915751586e-10
6,7,3,x_re,1.1807702965984356e-10
6,7,4,x_re,1.2697263529687937e-10
6,7,5,x_re,1.4283112728089386e-10
6,7,6,x_re,2.4259651192442513e-10
6,7,7,x_re,3.06582140217441e-10
6,7,8,x_re,17.610733429282654
6,7,9,x_re,18.63024418501408
6,7,10,x_re,47.523116823362436
6,7,11,x_re,121.11627724437659
6,7,12,x_re,325.19087121116013
6,7,13,x_re,0.0
6,7,14,x_re,177.93243089221116
6,7,15,x_re,412.5354666586201
6,7,16,x_re,569.539903574323
6,7,17,x_re,353.17803511862974
6,7,18,x_re,347.84347389415115
6,7,19,x_re,135.03089184634803
6,7,20,x_re,116.44652255527025
6,7,21,x_re,6.43599480008242
6,7,22,x_re,1.9726980113828455e-08
6,7,23,x_re,1.5067530112198566e-07
6,8,0,x_re,8.937335164171642e-11
6,8,1,x_re,1.0312144982526971e-10
6,8,2,x_re,1.1116260439967963e-10
6,8,3,x_re,1.1806236859948302e-10
6,8,4,x_re,1.2694971352677226e-10
6,8,5,x_re,1.4286254068290773e-10
6,8,6,x_re,2.365033508819629e-10
6,8,7,x_re,3.2269473113045256e-10
6,8,8,x_re,53.41818979799774
6,8,9,x_re,69.40109932044419
6,8,10,x_re,80.3190775995973
6,8,11,x_re,100.46585668091551
6,8,12,x_re,226.57429219566677
6,8,13,x_re,0.0
6,8,14,x_re,365.88956864323205
6,8,15,x_re,884.3371609577838
6,8,16,x_re,788.004618172412
6,8,17,x_re,458.5021027177148
6,8,18,x_re,225.9971062966199
6,8,19,x_re,223.3889816058542
6,8,20,x_re,143.85480342572254
6,8,21,x_re,6.94287392384919
6,8,22,x_re,2.008720570075423e-08
6,8,23,x_re,1.5089036414865293e-07
6,9,0,x_re,8.937329192044318e-11
6,9,1,x_re,1.031206194958731e-10
6,9,2,x_re,1.1115281876223601e-10
6,9,3,x_re,1.1805919762905077e-10
6,9,4,x_re,1.2694512639641675e-10
6,9,5,x_re,1.428422360604961e-10
6,9,6,x_re,2.3615352552586337e-10
6,9,7,x_re,3.046142045117712e-10
6,9,8,x_re,66.2510893369727
6,9,9,x_re,70.50383157510865
6,9,10,x_re,77.34751325318005
6,9,11,x_re,123.38269438200227
6,9,12,x_re,123.99631163415503
6,9,13,x_re,0.0
6,9,14,x_re,236.4813767117782
6,9,15,x_re,506.3168762176452
6,9,16,x_re,395.03661461406665
6,9,17,x_re,357.09176836391595
6,9,18,x_re,185.88996954777105
6,9,19,x_re,34.53111147121506
6,9,20,x_re,70.54249136902483
6,9,21,x_re,3.733585624224207e-05
6,9,22,x_re,1.9823936647707558e-08
6,9,23,x_re,1.5014329667352117e-07
6,0,SUM,x_re,2404.0454783512428
6,1,SUM,x_re,2605.238285129657
6,2,SUM,x_re,4594.816633228546
6,3,SUM,x_re,6670.856182712292
6,4,SUM,x_re,1962.0374282178645
6,5,SUM,x_re,6093.525436248815
6,6,SUM,x_re,3576.393046831602
6,7,SUM,x_re,2649.013962404475
6,8,SUM,x_re,3627.0957315100386
6,9,SUM,x_re,2247.3716859838914
6,0,0,yp_re,6.208879148624614e-09
6,0,1,yp_re,6.70240174595849e-09
6,0,2,yp_re,7.58151770338315e-09
6,0,3,yp_re,8.880708399329102e-09
6,0,4,yp_re,8.670053461796754e-09
6,0,5,yp_re,1.0816947520829232e-08
6,0,6,yp_re,1.7877800433221234
6,0,7,yp_re,16.01393362332081
6,0,8,yp_re,14.06108021956518
6,0,9,yp_re,1.3941494871344826
6,0,10,yp_re,0.2478982010113012
6,0,11,yp_re,9.36360672309495
6,0,12,yp_re,20.859916294059964
6,0,13,yp_re,278.51842327057994
6,0,14,yp_re,27.62322286740177
6,0,15,yp_re,2.3919225298668258e-06
6,0,16,yp_re,0.013457585077743169
6,0,17,yp_re,0.47076447225363216
6,0,18,yp_re,0.33427185478489585
6,0,19,yp_re,0.7136374700262418
6,0,20,yp_re,0.49700219289414804
6,0,21,yp_re,7.279094497752601
6,0,22,yp_re,8.238135179918347
6,0,23,yp_re,1.7107101206536364
6,1,0,yp_re,6.208877258354006e-09
6,1,1,yp_re,6.702405958881196e-09
6,1,2,yp_re,7.58150981821068e-09
6,1,3,yp_re,8.87969676868405e-09
6,1,4,yp_re,8.669038088551688e-09
6,1,5,yp_re,1.0816794993117934e-08
6,1,6,yp_re,0.1986526314985589
6,1,7,yp_re,6.8064115125029945
6,1,8,yp_re,0.4106575201935826
6,1,9,yp_re,1.1324410356776284
6,1,10,yp_re,1.9825763263812268e-08
6,1,11,yp_re,0.8915827782067441
6,1,12,yp_re,7.709913561293565
6,1,13,yp_re,469.8169501846632
6,1,14,yp_re,101.03361582668876
6,1,15,yp_re,1.2225128727693988
6,1,16,yp_re,0.018872446152572456
6,1,17,yp_re,1.1261634337162167
6,1,18,yp_re,2.6787895344898502
6,1,19,yp_re,0.4539700381715639
6,1,20,yp_re,0.879632150344972
6,1,21,yp_re,5.846888128678237
6,1,22,yp_re,9.547621272935396
6,1,23,yp_re,1.4681287418369706
6,2,0,yp_re,6.208870252632055e-09
6,2,1,yp_re,6.702338620927429e-09
6,2,2,yp_re,7.580864807739292e-09
6,2,3,yp_re,8.878212385761987e-09
6,2,4,yp_re,8.6674836058442e-09
6,2,5,yp_re,1.0815328637289752e-08
6,2,6,yp_re,7.196995069166219e-08
6,2,7,yp_re,1.551190017052187e-07
6,2,8,yp_re,1.4329250899773623e-07
6,2,9,yp_re,2.140474848718848
6,2,10,yp_re,0.0017060547542092927
6,2,11,yp_re,1.1111729783523092
6,2,12,yp_re,7.860983691483191
6,2,13,yp_re,448.2270956026364
6,2,14,yp_re,80.8816019645402
6,2,15,yp_re,1.995632371268587
6,2,16,yp_re,14.499757227931559
6,2,17,yp_re,6.808869724828396
6,2,18,yp_re,55.70152048883057
6,2,19,yp_re,6.2848559241121515
6,2,20,yp_re,2.483320070520094
6,2,21,yp_re,8.386462637994265
6,2,22,yp_re,16.586875665941207
6,2,23,yp_re,3.790802769942222
6,3,0,yp_re,6.208872354881939e-09
6,3,1,yp_re,6.702336310774236e-09
6,3,2,yp_re,7.581067395229661e-09
6,3,3,yp_re,8.878458145802424e-09
6,3,4,yp_re,8.667793364004892e-09
6,3,5,yp_re,1.0815853099212076e-08
6,3,6,yp_re,0.17108751161611493
6,3,7,yp_re,4.679651955091896
6,3,8,yp_re,0.07138637695098497
6,3,9,yp_re,5.2749901066781385e-08
6,3,10,yp_re,1.9730928133908352e-08
6,3,11,yp_re,0.019201208860561335
6,3,12,yp_re,27.563570530058687
6,3,13,yp_re,728.8165821667665
6,3,14,yp_re,102.37366689755899
6,3,15,yp_re,18.32064566953501
6,3,16,yp_re,52.52918206683822
6,3,17,yp_re,34.02040257325095
6,3,18,yp_re,24.17994022210893
6,3,19,yp_re,4.8489435588839465
6,3,20,yp_re,10.078808738686204
6,3,21,yp_re,20.58065630212311
6,3,22,yp_re,29.09693396157314
6,3,23,yp_re,4.827228787061402
6,4,0,yp_re,6.208873872457991e-09
6,4,1,yp_re,6.702354667258578e-09
6,4,2,yp_re,7.581208939114978e-09
6,4,3,yp_re,8.87925747387874e-09
6,4,4,yp_re,8.668656825219247e-09
6,4,5,yp_re,1.0815859837966653e-08
6,4,6,yp_re,7.200887608940459e-08
6,4,7,yp_re,2.470123642376068
6,4,8,yp_re,0.1698648785357426
6,4,9,yp_re,0.13527328215886775
6,4,10,yp_re,1.995310545681255e-08
6,4,11,yp_re,0.1781925763771389
6,4,12,yp_re,0.192359597839698
6,4,13,yp_re,102.41778161063004
6,4,14,yp_re,31.688011588694664
6,4,15,yp_re,11.96649053341225
6,4,16,yp_re,5.097417268064915
6,4,17,yp_re,0.05611453031572117
6,4,18,yp_re,0.017210246743361194
6,4,19,yp_re,1.993861394598953
6,4,20,yp_re,0.7140303206586346
6,4,21,yp_re,3.399822889371589
6,4,22,yp_re,4.894831580323569
6,4,23,yp_re,0.93024828184937
6,5,0,yp_re,6.208872563279115e-09
6,5,1,yp_re,6.702365663248722e-09
6,5,2,yp_re,7.581019775340642e-09
6,5,3,yp_re,8.878941703964563e-09
6,5,4,yp_re,8.668417457545724e-09
6,5,5,yp_re,1.0815779949921712e-08
6,5,6,yp_re,0.3784282643118446
6,5,7,yp_re,4.923173053015974
6,5,8,yp_re,8.193136001091709
6,5,9,yp_re,0.004597457299584742
6,5,10,yp_re,1.9758379382351595e-08
6,5,11,yp_re,2.3663855863827656
6,5,12,yp_re,13.327535626782215
6,5,13,yp_re,999.4018792530737
6,5,14,yp_re,274.1672106877057
6,5,15,yp_re,260.34863650172264
6,5,16,yp_re,38.51874964479184
6,5,17,yp_re,4.84925512569234
6,5,18,yp_re,17.935714949149805
6,5,19,yp_re,5.391350868118756
6,5,20,yp_re,3.797229602390076
6,5,21,yp_re,19.48835119487243
6,5,22,yp_re,21.969265415265784
6,5,23,yp_re,5.063207247038544
6,6,0,yp_re,6.208875339567344e-09
6,6,1,yp_re,6.702371275023489e-09
6,6,2,yp_re,7.581293127005628e-09
6,6,3,yp_re,8.879538364372458e-09
6,6,4,yp_re,8.668771213656062e-09
6,6,5,yp_re,1.0816291794385021e-08
6,6,6,yp_re,0.18370841927171733
6,6,7,yp_re,7.582288425096924
6,6,8,yp_re,3.48026191593874
6,6,9,yp_re,1.347122683679233
6,6,10,yp_re,0.003740473137334879
6,6,11,yp_re,1.8162100600291256
6,6,12,yp_re,2.51891784701545
6,6,13,yp_re,318.666874072411
6,6,14,yp_re,56.875568601345755
6,6,15,yp_re,1.1151131330071886
6,6,16,yp_re,0.2578054472083715
6,6,17,yp_re,2.167553750645629
6,6,18,yp_re,23.989621973502278
6,6,19,yp_re,0.5951643510616517
6,6,20,yp_re,0.328786397377289
6,6,21,yp_re,9.068049751821741
6,6,22,yp_re,12.637762911742946
6,6,23,yp_re,2.1087570257790236
6,7,0,yp_re,6.208868068908825e-09
6,7,1,yp_re,6.7023130914545286e-09
6,7,2,yp_re,7.58049401770107e-09
6,7,3,yp_re,8.879083079507404e-09
6,7,4,yp_re,8.668602945004166e-09
6,7,5,yp_re,1.0815190419206603e-08
6,7,6,yp_re,0.07568609038915625
6,7,7,yp_re,1.6586591950475735
6,7,8,yp_re,0.05005139809597556
6,7,9,yp_re,5.278917936296726e-08
6,7,10,yp_re,1.9795324911214464e-08
6,7,11,yp_re,0.6906447436551582
6,7,12,yp_re,5.89800614557134
6,7,13,yp_re,293.0595938058429
6,7,14,yp_re,33.67281136419335
6,7,15,yp_re,0.05798840430333603
6,7,16,yp_re,13.007213660833852
6,7,17,yp_re,4.075541119273174
6,7,18,yp_re,1.3838930526665738
6,7,19,yp_re,1.454945813287996
6,7,20,yp_re,3.5555375144658985
6,7,21,yp_re,6.542842497723999
6,7,22,yp_re,9.086490024207675
6,7,23,yp_re,1.8045505319136297
6,8,0,yp_re,6.208874425123019e-09
6,8,1,yp_re,6.7023703802318715e-09
6,8,2,yp_re,7.581256387988566e-09
6,8,3,yp_re,8.87847623477308e-09
6,8,4,yp_re,8.667675541187421e-09
6,8,5,yp_re,1.0816074186124248e-08
6,8,6,yp_re,7.238704313868894e-08
6,8,7,yp_re,8.439732068957195
6,8,8,yp_re,0.09725111251511921
6,8,9,yp_re,0.006123789271491277
6,8,10,yp_re,1.9793387041238714e-08
6,8,11,yp_re,0.35274167337960916
6,8,12,yp_re,5.169083302221095
6,8,13,yp_re,350.4771869274875
6,8,14,yp_re,108.47947471207031
6,8,15,yp_re,20.07371721677261
6,8,16,yp_re,39.549586208038846
6,8,17,yp_re,1.3073588224429304
6,8,18,yp_re,0.13730520165830754
6,8,19,yp_re,1.7607865120451485
6,8,20,yp_re,4.9992249691537385
6,8,21,yp_re,8.286653257138273
6,8,22,yp_re,12.144150744642651
6,8,23,yp_re,2.6430232409721164
6,9,0,yp_re,6.208871041073419e-09
6,9,1,yp_re,6.702343201971757e-09
6,9,2,yp_re,7.580930105479919e-09
6,9,3,yp_re,8.878244072767092e-09
6,9,4,yp_re,8.667531240943875e-09
6,9,5,yp_re,1.0815116750863027e-08
6,9,6,yp_re,7.248564119081255e-08
6,9,7,yp_re,1.5707429947676508
6,9,8,yp_re,0.7498797263859973
6,9,9,yp_re,0.008926373393285185
6,9,10,yp_re,1.9869551267441717e-08
6,9,11,yp_re,0.002560834642266222
6,9,12,yp_re,0.8621730758933591
6,9,13,yp_re,206.35976602523
6,9,14,yp_re,57.7185759899466
6,9,15,yp_re,0.92968954889399
6,9,16,yp_re,3.239589393497068
6,9,17,yp_re,0.7613405071596514
6,9,18,yp_re,0.245535573488869
6,9,19,yp_re,0.667919398994802
6,9,20,yp_re,1.6813599463809283
6,9,21,yp_re,7.249862277554526
6,9,22,yp_re,9.874223367914752
6,9,23,yp_re,1.910251281514861
6,0,SUM,yp_re,389.12708654363485
6,1,SUM,yp_re,611.2428037385043
6,2,SUM,yp_re,656.7611324410888
6,3,SUM,yp_re,1062.1778886482998
6,4,SUM,yp_re,166.32163436276878
6,5,SUM,yp_re,1680.1241065473196
6,6,SUM,yp_re,444.7433072889286
6,7,SUM,yp_re,376.0744554829106
6,8,SUM,yp_re,563.923399899802
6,9,SUM,yp_re,293.83239645686683
6,0,0,ym_re,8.648538885136286e-08
6,0,1,ym_re,9.429720640524237e-08
6,0,2,ym_re,1.0393319782295776e-06
6,0,3,ym_re,2.94561515654844
6,0,4,ym_re,7.647262698128305
6,0,5,ym_re,0.006900189884185703
6,0,6,ym_re,2.065702558550366e-08
6,0,7,ym_re,1.3779688210804095e-08
6,0,8,ym_re,8.38555244407401e-09
6,0,9,ym_re,7.414722931990729e-09
6,0,10,ym_re,7.028176503974177e-09
6,0,11,ym_re,1.2268944058119684
6,0,12,ym_re,2.0006798813026405
6,0,13,ym_re,4.277846725257158e-09
6,0,14,ym_re,6.082871623012212e-09
6,0,15,ym_re,0.3603429942364062
6,0,16,ym_re,0.8232048920108569
6,0,17,ym_re,1.1626220314944102
6,0,18,ym_re,0.529635893553781
6,0,19,ym_re,1.8747020326684278e-08
6,0,20,ym_re,1.6558971672268706e-08
6,0,21,ym_re,0.007294884246366594
6,0,22,ym_re,8.543220788139504e-09
6,0,23,ym_re,1.0259517302020902e-08
6,1,0,ym_re,8.648565091839715e-08
6,1,1,ym_re,9.429510426688659e-08
6,1,2,ym_re,1.037586926760153e-06
6,1,3,ym_re,2.646856602229118
6,1,4,ym_re,8.191083532324924
6,1,5,ym_re,0.01571299773527857
6,1,6,ym_re,2.0805702638744368e-08
6,1,7,ym_re,1.4019324908361632e-08
6,1,8,ym_re,8.356944218825104e-09
6,1,9,ym_re,7.416990744159537e-09
6,1,10,ym_re,7.016293650456916e-09
6,1,11,ym_re,1.0302195374037902e-08
6,1,12,ym_re,0.18844936074716706
6,1,13,ym_re,4.2778467716640475e-09
6,1,14,ym_re,6.196842201934473e-09
6,1,15,ym_re,9.27098571759223
6,1,16,ym_re,1.1241326686168835
6,1,17,ym_re,0.8643150618382375
6,1,18,ym_re,1.7403464990559967
6,1,19,ym_re,0.01832171252460353
6,1,20,ym_re,0.004769852410981653
6,1,21,ym_re,0.062232373466965765
6,1,22,ym_re,8.542838284217601e-09
6,1,23,ym_re,1.0261544453952255e-08
6,2,0,ym_re,8.64870889047413e-08
6,2,1,ym_re,9.432112697943368e-08
6,2,2,ym_re,1.040299754641851e-06
6,2,3,ym_re,9.199349566629953
6,2,4,ym_re,21.574994651072785
6,2,5,ym_re,0.07088047516148896
6,2,6,ym_re,2.1716269316528305e-08
6,2,7,ym_re,1.4543330700848927e-08
6,2,8,ym_re,8.375339444964052e-09
6,2,9,ym_re,7.4168468009302625e-09
6,2,10,ym_re,7.020783237561009e-09
6,2,11,ym_re,9.686125033171178e-09
6,2,12,ym_re,0.8571755513693528
6,2,13,ym_re,4.27854500910442e-09
6,2,14,ym_re,6.194159518502335e-09
6,2,15,ym_re,14.465484129064015
6,2,16,ym_re,16.660278837155722
6,2,17,ym_re,5.503106091198307
6,2,18,ym_re,29.30163189351055
6,2,19,ym_re,1.9951088765854201
6,2,20,ym_re,1.3507650253106647e-08
6,2,21,ym_re,2.108375503601168
6,2,22,ym_re,8.543010153512632e-09
6,2,23,ym_re,1.0262887982521394e-08
6,3,0,ym_re,8.64868295434704e-08
6,3,1,ym_re,9.431887802601358e-08
6,3,2,ym_re,1.0404263096415462e-06
6,3,3,ym_re,11.866038292268792
6,3,4,ym_re,26.35773005642644
6,3,5,ym_re,0.9542136893910722
6,3,6,ym_re,2.1057174456268062e-08
6,3,7,ym_re,1.4517726593334316e-08
6,3,8,ym_re,8.333097610137453e-09
6,3,9,ym_re,7.39471652272236e-09
6,3,10,ym_re,7.015580899029729e-09
6,3,11,ym_re,0.008418382349924114
6,3,12,ym_re,5.373660703747629
6,3,13,ym_re,4.277846765934651e-09
6,3,14,ym_re,6.077177236135539e-09
6,3,15,ym_re,72.94341557006904
6,3,16,ym_re,49.32405929535311
6,3,17,ym_re,23.38726915280492
6,3,18,ym_re,28.312321675849326
6,3,19,ym_re,0.8114808303445413
6,3,20,ym_re,1.1975778178693763
6,3,21,ym_re,0.30489399871490463
6,3,22,ym_re,8.542880648956037e-09
6,3,23,ym_re,1.0262840070601067e-08
6,4,0,ym_re,8.648646013322825e-08
6,4,1,ym_re,9.431218154271375e-08
6,4,2,ym_re,1.0392648880816619e-06
6,4,3,ym_re,1.5462669505005173
6,4,4,ym_re,4.537468155855347
6,4,5,ym_re,0.05075213123563217
6,4,6,ym_re,2.1652539520032543e-08
6,4,7,ym_re,1.4043356289317846e-08
6,4,8,ym_re,8.351100339457629e-09
6,4,9,ym_re,7.40122052468581e-09
6,4,10,ym_re,7.018876717393083e-09
6,4,11,ym_re,0.002516966895263934
6,4,12,ym_re,0.020342294328929166
6,4,13,ym_re,4.277846733913773e-09
6,4,14,ym_re,6.1918829266251225e-09
6,4,15,ym_re,7.18046813337157
6,4,16,ym_re,12.67066488222557
6,4,17,ym_re,1.4446707865554054
6,4,18,ym_re,0.03454816445146726
6,4,19,ym_re,0.41808601621431846
6,4,20,ym_re,1.2543156696934827e-08
6,4,21,ym_re,2.266584121334131e-07
6,4,22,ym_re,8.542649543137762e-09
6,4,23,ym_re,1.0258961236233947e-08
6,5,0,ym_re,8.648651536260664e-08
6,5,1,ym_re,9.431328972408121e-08
6,5,2,ym_re,1.0401762655828554e-06
6,5,3,ym_re,12.824610937245764
6,5,4,ym_re,26.4372648136827
6,5,5,ym_re,0.29174210315929705
6,5,6,ym_re,2.096336676524357e-08
6,5,7,ym_re,1.4496226638202335e-08
6,5,8,ym_re,8.360451198878613e-09
6,5,9,ym_re,7.393852224872633e-09
6,5,10,ym_re,7.018529346317156e-09
6,5,11,ym_re,0.002289309775905133
6,5,12,ym_re,6.157795182439196
6,5,13,ym_re,4.277846761099379e-09
6,5,14,ym_re,6.081541649610617e-09
6,5,15,ym_re,94.44832777434756
6,5,16,ym_re,33.21022580705638
6,5,17,ym_re,2.9219600940643407
6,5,18,ym_re,12.063567551982274
6,5,19,ym_re,2.2589356609324427
6,5,20,ym_re,0.015321952682064719
6,5,21,ym_re,0.05358385019335504
6,5,22,ym_re,8.5427252350196e-09
6,5,23,ym_re,1.0260454651098278e-08
6,6,0,ym_re,8.648601638496783e-08
6,6,1,ym_re,9.429559260272972e-08
6,6,2,ym_re,1.6986949548721782e-07
6,6,3,ym_re,5.537328588181202
6,6,4,ym_re,13.71782154740599
6,6,5,ym_re,1.0174738477436786e-07
6,6,6,ym_re,2.078491725720552e-08
6,6,7,ym_re,1.4105433341639953e-08
6,6,8,ym_re,8.343968250549151e-09
6,6,9,ym_re,7.419810863947332e-09
6,6,10,ym_re,7.030921374064185e-09
6,6,11,ym_re,0.05641143583035986
6,6,12,ym_re,0.10060179640105994
6,6,13,ym_re,4.279242575706754e-09
6,6,14,ym_re,6.199535964214266e-09
6,6,15,ym_re,2.121893627407072
6,6,16,ym_re,2.6396494705903275
6,6,17,ym_re,4.282954243514879
6,6,18,ym_re,28.115555326362077
6,6,19,ym_re,0.407544684383174
6,6,20,ym_re,1.267599746761407e-08
6,6,21,ym_re,0.05355300479589546
6,6,22,ym_re,8.542687824216466e-09
6,6,23,ym_re,1.0258865161053173e-08
6,7,0,ym_re,8.648739118125845e-08
6,7,1,ym_re,9.433718829864219e-08
6,7,2,ym_re,1.0434200576850382e-06
6,7,3,ym_re,3.97079374046552
6,7,4,ym_re,8.995223122393996
6,7,5,ym_re,0.04075764780198918
6,7,6,ym_re,2.1018186495708463e-08
6,7,7,ym_re,1.4473893511043503e-08
6,7,8,ym_re,8.349768458477005e-09
6,7,9,ym_re,7.4010008547398945e-09
6,7,10,ym_re,7.023071760177572e-09
6,7,11,ym_re,1.2757441499684599e-08
6,7,12,ym_re,1.6872402149568557
6,7,13,ym_re,4.277846769217722e-09
6,7,14,ym_re,6.1941787010810264e-09
6,7,15,ym_re,6.771006660056668
6,7,16,ym_re,5.5769327314522625
6,7,17,ym_re,3.35277085536123
6,7,18,ym_re,3.712435850214919
6,7,19,ym_re,0.2192371824802969
6,7,20,ym_re,0.041225460319543474
6,7,21,ym_re,0.05849955110365894
6,7,22,ym_re,8.542668664766162e-09
6,7,23,ym_re,1.0261164848702688e-08
6,8,0,ym_re,8.648635165647875e-08
6,8,1,ym_re,9.430586575920385e-08
6,8,2,ym_re,1.0379031243101394e-06
6,8,3,ym_re,4.852271036193714
6,8,4,ym_re,14.251662890155398
6,8,5,ym_re,0.01568530361504499
6,8,6,ym_re,2.166746013226843e-08
6,8,7,ym_re,1.3992595569425866e-08
6,8,8,ym_re,8.340602637689261e-09
6,8,9,ym_re,7.4065197172848485e-09
6,8,10,ym_re,7.01534583738293e-09
6,8,11,ym_re,9.675226737378767e-09
6,8,12,ym_re,0.9349103476012914
6,8,13,ym_re,4.277846772460037e-09
6,8,14,ym_re,6.199226831554192e-09
6,8,15,ym_re,37.817396048758496
6,8,16,ym_re,15.623986662410994
6,8,17,ym_re,9.766000472170907
6,8,18,ym_re,0.6137381121803831
6,8,19,ym_re,0.108723723550314
6,8,20,ym_re,0.044448609469139734
6,8,21,ym_re,0.2122716459689495
6,8,22,ym_re,8.542764954833892e-09
6,8,23,ym_re,1.0262387296359438e-08
6,9,0,ym_re,8.648703492768777e-08
6,9,1,ym_re,9.432057055293043e-08
6,9,2,ym_re,1.039964847146396e-06
6,9,3,ym_re,3.873799401828445
6,9,4,ym_re,10.660857652785777
6,9,5,ym_re,0.026824104586813075
6,9,6,ym_re,2.1693983833894497e-08
6,9,7,ym_re,1.4525270900764672e-08
6,9,8,ym_re,8.353566761473883e-09
6,9,9,ym_re,7.407443242339108e-09
6,9,10,ym_re,7.0189922208385415e-09
6,9,11,ym_re,9.685296887062769e-09
6,9,12,ym_re,0.02587853234314308
6,9,13,ym_re,4.277846762624878e-09
6,9,14,ym_re,6.0805228752591934e-09
6,9,15,ym_re,14.053653786113035
6,9,16,ym_re,5.77631050836496
6,9,17,ym_re,2.4285744765208035
6,9,18,ym_re,0.17431062755242555
6,9,19,ym_re,1.8567639906425325e-08
6,9,20,ym_re,1.243024805143227e-08
6,9,21,ym_re,7.701798060066127e-07
6,9,22,ym_re,8.542682749151772e-09
6,9,23,ym_re,1.026124060238859e-08
6,0,SUM,ym_re,16.710454369066547
6,1,SUM,ym_re,24.127207694106595
6,2,SUM,ym_re,101.73638690800168
6,3,SUM,ym_re,220.84108077390013
6,4,SUM,ym_re,27.905786028637554
6,5,SUM,ym_re,190.68562634593235
6,6,SUM,ym_re,57.03331427691191
6,7,SUM,ym_re,34.426124341150796
6,8,SUM,ym_re,84.24109616814997
6,9,SUM,ym_re,37.020211209892395
6,0,0,dp_re,4.3542364198267383e-07
6,0,1,dp_re,4.986135831427307e-07
6,0,2,dp_re,5.39592037422611e-07
6,0,3,dp_re,5.759122850837175e-07
6,0,4,dp_re,6.0146138370042e-07
6,0,5,dp_re,6.175018471729502e-07
6,0,6,dp_re,5.873343885928375
6,0,7,dp_re,65.22245538455765
6,0,8,dp_re,59.88726496016674
6,0,9,dp_re,42.4610074487887
6,0,10,dp_re,75.37947840667024
6,0,11,dp_re,58.50851523875478
6,0,12,dp_re,42.649436351200684
6,0,13,dp_re,0.026962963232371115
6,0,14,dp_re,18.160543800746037
6,0,15,dp_re,9.417976490740344
6,0,16,dp_re,14.82586703726476
6,0,17,dp_re,24.918943841840925
6,0,18,dp_re,28.061814616222264
6,0,19,dp_re,7.476675216257479
6,0,20,dp_re,1.308292813126745
6,0,21,dp_re,0.4958207604218783
6,0,22,dp_re,7.783889619740969e-07
6,0,23,dp_re,8.431411088432443e-07
6,1,0,dp_re,4.3541655939785744e-07
6,1,1,dp_re,4.985653201749544e-07
6,1,2,dp_re,5.398906239232405e-07
6,1,3,dp_re,5.694874789724214e-07
6,1,4,dp_re,5.944402901562475e-07
6,1,5,dp_re,6.163615196803362e-07
6,1,6,dp_re,0.7186147296915207
6,1,7,dp_re,24.54615672751996
6,1,8,dp_re,13.199028383923505
6,1,9,dp_re,31.60805631041067
6,1,10,dp_re,22.001695575479015
6,1,11,dp_re,34.11761503834151
6,1,12,dp_re,39.30780931443179
6,1,13,dp_re,0.029647098211977637
6,1,14,dp_re,61.486252356737104
6,1,15,dp_re,84.57348093467573
6,1,16,dp_re,19.128847147592577
6,1,17,dp_re,24.426593853664066
6,1,18,dp_re,39.90711486953173
6,1,19,dp_re,18.8657610326026
6,1,20,dp_re,4.2169677078543355
6,1,21,dp_re,0.5330918973771361
6,1,22,dp_re,7.827485088060939e-07
6,1,23,dp_re,8.5007923767271e-07
6,2,0,dp_re,4.3538597139976766e-07
6,2,1,dp_re,4.982050445267164e-07
6,2,2,dp_re,5.368315312009957e-07
6,2,3,dp_re,5.622870699759863e-07
6,2,4,dp_re,5.855756984233245e-07
6,2,5,dp_re,6.112668098832691e-07
6,2,6,dp_re,4.3233720208999125e-07
6,2,7,dp_re,3.8635096735953455e-07
6,2,8,dp_re,3.712207951024545
6,2,9,dp_re,40.94108966017308
6,2,10,dp_re,30.812528534554975
6,2,11,dp_re,25.19788110986603
6,2,12,dp_re,37.83113278620413
6,2,13,dp_re,0.013130561514555687
6,2,14,dp_re,34.21339397614028
6,2,15,dp_re,53.07354286292349
6,2,16,dp_re,111.18863113289113
6,2,17,dp_re,81.03488295454689
6,2,18,dp_re,163.43492000079164
6,2,19,dp_re,78.15331998640187
6,2,20,dp_re,9.028413472076648
6,2,21,dp_re,3.8308568109578807
6,2,22,dp_re,8.132109303025628e-07
6,2,23,dp_re,8.541138601138228e-07
6,3,0,dp_re,4.35392103424359e-07
6,3,1,dp_re,4.982688074805781e-07
6,3,2,dp_re,5.371331998144508e-07
6,3,3,dp_re,5.634146661901838e-07
6,3,4,dp_re,5.871017189755333e-07
6,3,5,dp_re,6.124850942400859e-07
6,3,6,dp_re,0.14927835568499123
6,3,7,dp_re,0.1829217526979586
6,3,8,dp_re,6.16153800432433
6,3,9,dp_re,16.120205726682315
6,3,10,dp_re,21.867044397567888
6,3,11,dp_re,53.04368721016497
6,3,12,dp_re,141.4116892294114
6,3,13,dp_re,0.029829413063259605
6,3,14,dp_re,46.425739353381005
6,3,15,dp_re,94.86599838887733
6,3,16,dp_re,266.185378409553
6,3,17,dp_re,188.00264239283658
6,3,18,dp_re,112.20518439608482
6,3,19,dp_re,39.23467468447209
6,3,20,dp_re,25.50600245346248
6,3,21,dp_re,2.665432121915854
6,3,22,dp_re,7.851588268488327e-07
6,3,23,dp_re,8.490075990548455e-07
6,4,0,dp_re,4.353997998037954e-07
6,4,1,dp_re,4.983607097903648e-07
6,4,2,dp_re,5.378878869917338e-07
6,4,3,dp_re,5.67639853066261e-07
6,4,4,dp_re,5.923172002863512e-07
6,4,5,dp_re,6.134836899781743e-07
6,4,6,dp_re,4.422708133242387e-07
6,4,7,dp_re,6.662132118247988
6,4,8,dp_re,7.406032639185521
6,4,9,dp_re,10.226149055218759
6,4,10,dp_re,8.695352267124598
6,4,11,dp_re,12.679475370820846
6,4,12,dp_re,7.80800722310378
6,4,13,dp_re,0.027233430090015612
6,4,14,dp_re,31.82895421389791
6,4,15,dp_re,116.59192585665556
6,4,16,dp_re,97.76447458380483
6,4,17,dp_re,33.59693620347539
6,4,18,dp_re,7.459855876924823
6,4,19,dp_re,20.277342304908746
6,4,20,dp_re,2.9694845773633283
6,4,21,dp_re,0.4560986265690821
6,4,22,dp_re,7.870853948410036e-07
6,4,23,dp_re,8.431475948994468e-07
6,5,0,dp_re,4.3539892590007337e-07
6,5,1,dp_re,4.983420584668843e-07
6,5,2,dp_re,5.377334360587327e-07
6,5,3,dp_re,5.66332110861692e-07
6,5,4,dp_re,5.91189082925677e-07
6,5,5,dp_re,6.133490402924976e-07
6,5,6,dp_re,0.6067061802510298
6,5,7,dp_re,0.5703179179460374
6,5,8,dp_re,40.328279052404156
6,5,9,dp_re,12.802146045602491
6,5,10,dp_re,26.440664216015147
6,5,11,dp_re,19.976948983662492
6,5,12,dp_re,59.65707662397563
6,5,13,dp_re,0.029781073796576452
6,5,14,dp_re,60.06821571250036
6,5,15,dp_re,474.4048165270903
6,5,16,dp_re,164.88432404601338
6,5,17,dp_re,48.904449313906774
6,5,18,dp_re,85.77748818143728
6,5,19,dp_re,40.71703259002741
6,5,20,dp_re,8.932203822191807
6,5,21,dp_re,0.9652233258233542
6,5,22,dp_re,7.878097120871437e-07
6,5,23,dp_re,8.478442000397875e-07
6,6,0,dp_re,4.3540843691073115e-07
6,6,1,dp_re,4.984666655972028e-07
6,6,2,dp_re,5.403729142977251e-07
6,6,3,dp_re,5.682959036159147e-07
6,6,4,dp_re,5.926228409977168e-07
6,6,5,dp_re,6.177319699852348e-07
6,6,6,dp_re,1.0801506671973526
6,6,7,dp_re,16.003781388853458
6,6,8,dp_re,21.728457147940162
6,6,9,dp_re,34.253925478676415
6,6,10,dp_re,38.18209693899912
6,6,11,dp_re,34.03344536936779
6,6,12,dp_re,28.900152110502496
6,6,13,dp_re,0.016707388256456606
6,6,14,dp_re,37.43087270778897
6,6,15,dp_re,30.543617180441007
6,6,16,dp_re,35.60267913580563
6,6,17,dp_re,54.47806462587036
6,6,18,dp_re,129.39737882561315
6,6,19,dp_re,25.02281769743683
6,6,20,dp_re,3.7788450143117647
6,6,21,dp_re,0.6463800605271168
6,6,22,dp_re,7.851543663537363e-07
6,6,23,dp_re,8.424791932032138e-07
6,7,0,dp_re,4.3538262234992324e-07
6,7,1,dp_re,4.981034313937385e-07
6,7,2,dp_re,5.348881259044139e-07
6,7,3,dp_re,5.664405005085955e-07
6,7,4,dp_re,5.914809969280359e-07
6,7,5,dp_re,6.106182536627171e-07
6,7,6,dp_re,0.16514253160881306
6,7,7,dp_re,0.13555755086276366
6,7,8,dp_re,6.423245987672366
6,7,9,dp_re,6.685477745703948
6,7,10,dp_re,9.434431749329569
6,7,11,dp_re,19.736071197347954
6,7,12,dp_re,72.12140570340165
6,7,13,dp_re,0.028998969237903797
6,7,14,dp_re,38.7969343953346
6,7,15,dp_re,28.714958989786897
6,7,16,dp_re,112.16261837809198
6,7,17,dp_re,72.80451673100715
6,7,18,dp_re,49.89190448723194
6,7,19,dp_re,17.095706498378462
6,7,20,dp_re,11.003996021202713
6,7,21,dp_re,0.4818794221245915
6,7,22,dp_re,7.837422697710658e-07
6,7,23,dp_re,8.514085103717046e-07
6,8,0,dp_re,4.3540109964654254e-07
6,8,1,dp_re,4.983961018528686e-07
6,8,2,dp_re,5.386657530322993e-07
6,8,3,dp_re,5.631284319429902e-07
6,8,4,dp_re,5.866637115829172e-07
6,8,5,dp_re,6.137858677474034e-07
6,8,6,dp_re,4.476074414012503e-07
6,8,7,dp_re,30.24588656202239
6,8,8,dp_re,10.5650276114023
6,8,9,dp_re,12.851503607850093
6,8,10,dp_re,17.94587227800347
6,8,11,dp_re,11.922554512505833
6,8,12,dp_re,27.11606826008621
6,8,13,dp_re,0.0296144184192711
6,8,14,dp_re,50.818125591019495
6,8,15,dp_re,133.99049082339872
6,8,16,dp_re,173.806929436564
6,8,17,dp_re,54.17235640429583
6,8,18,dp_re,24.337707100217028
6,8,19,dp_re,26.279619733368037
6,8,20,dp_re,10.482622215029757
6,8,21,dp_re,0.8139982829413812
6,8,22,dp_re,7.88455859742049e-07
6,8,23,dp_re,8.514559793222759e-07
6,9,0,dp_re,4.353871243807036e-07
6,9,1,dp_re,4.982136849316857e-07
6,9,2,dp_re,5.368874524912377e-07
6,9,3,dp_re,5.624661278340325e-07
6,9,4,dp_re,5.858118870405603e-07
6,9,5,dp_re,6.114745277586133e-07
6,9,6,dp_re,4.348533874772501e-07
6,9,7,dp_re,0.1623089945264422
6,9,8,dp_re,20.939879185542708
6,9,9,dp_re,14.229216550766425
6,9,10,dp_re,14.26665115394644
6,9,11,dp_re,20.476082545470856
6,9,12,dp_re,16.291946080301656
6,9,13,dp_re,0.029135639385039176
6,9,14,dp_re,43.12185340258953
6,9,15,dp_re,69.32533795465226
6,9,16,dp_re,58.52219801943364
6,9,17,dp_re,42.726821250164214
6,9,18,dp_re,21.517904066703732
6,9,19,dp_re,6.517222222362361
6,9,20,dp_re,5.1905064200119355
6,9,21,dp_re,0.884663962535858
6,9,22,dp_re,7.830354104377952e-07
6,9,23,dp_re,8.500273969659485e-07
6,0,SUM,dp_re,454.67440410595486
6,1,SUM,dp_re,418.66673786503475
6,2,SUM,dp_re,672.4659375156323
6,3,SUM,dp_re,1014.0572511581422
6,4,SUM,dp_re,364.4494596649841
6,5,SUM,dp_re,1045.0656784906428
6,6,SUM,dp_re,491.09937661812035
6,7,SUM,dp_re,445.68285123038805
6,8,SUM,dp_re,585.378382160684
6,9,SUM,dp_re,334.2017327465501
6,0,0,dm_re,4.3534087134441134e-07
6,0,1,dm_re,4.980817199071278e-07
6,0,2,dm_re,5.358722091183085e-07
6,0,3,dm_re,5.593796971622057e-07
6,0,4,dm_re,5.83863734840171e-07
6,0,5,dm_re,6.095947438098299e-07
6,0,6,dm_re,0.10841418352532323
6,0,7,dm_re,0.08056476122221462
6,0,8,dm_re,21.755046901901114
6,0,9,dm_re,39.8127322670316
6,0,10,dm_re,71.87546489137921
6,0,11,dm_re,57.5855009398209
6,0,12,dm_re,55.788587308479755
6,0,13,dm_re,4.5955208310037626e-07
6,0,14,dm_re,35.76590715666257
6,0,15,dm_re,46.85545340885265
6,0,16,dm_re,36.862554251513636
6,0,17,dm_re,40.41431413930148
6,0,18,dm_re,39.46167146317393
6,0,19,dm_re,7.3146949814891595
6,0,20,dm_re,4.064643678087773
6,0,21,dm_re,0.06719323814553746
6,0,22,dm_re,7.946178510582707e-07
6,0,23,dm_re,8.506649361421759e-07
6,1,0,dm_re,4.353478000024043e-07
6,1,1,dm_re,4.98127730061778e-07
6,1,2,dm_re,5.355188918294343e-07
6,1,3,dm_re,5.643098599280805e-07
6,1,4,dm_re,5.879658506906571e-07
6,1,5,dm_re,6.105403759288305e-07
6,1,6,dm_re,0.5456637866267714
6,1,7,dm_re,1.8841891097796803
6,1,8,dm_re,21.261620703901247
6,1,9,dm_re,24.6711243784198
6,1,10,dm_re,38.64926767093977
6,1,11,dm_re,29.31718693165974
6,1,12,dm_re,31.2815960706961
6,1,13,dm_re,4.5955254036396176e-07
6,1,14,dm_re,52.34731689010147
6,1,15,dm_re,105.37992912508813
6,1,16,dm_re,51.685061956362944
6,1,17,dm_re,39.578101935822865
6,1,18,dm_re,50.693109096566985
6,1,19,dm_re,23.7432665746009
6,1,20,dm_re,2.2917702954254504
6,1,21,dm_re,0.39228946418235955
6,1,22,dm_re,7.897128695563261e-07
6,1,23,dm_re,8.435942995559396e-07
6,2,0,dm_re,4.3537778257109457e-07
6,2,1,dm_re,4.984837641669435e-07
6,2,2,dm_re,5.389572931553811e-07
6,2,3,dm_re,5.701250385660998e-07
6,2,4,dm_re,5.950895516047605e-07
6,2,5,dm_re,6.160299282937715e-07
6,2,6,dm_re,1.801613918891946
6,2,7,dm_re,41.818526922867
6,2,8,dm_re,22.937700012384276
6,2,9,dm_re,24.136215703617765
6,2,10,dm_re,33.52744801647422
6,2,11,dm_re,25.958903668817392
6,2,12,dm_re,44.348455148782584
6,2,13,dm_re,0.16503564634992915
6,2,14,dm_re,42.07532725388151
6,2,15,dm_re,145.34184873502693
6,2,16,dm_re,131.9569158910136
6,2,17,dm_re,74.00353766318187
6,2,18,dm_re,87.84349786185845
6,2,19,dm_re,43.77507058477122
6,2,20,dm_re,6.334721057314445
6,2,21,dm_re,6.8933590850497
6,2,22,dm_re,7.872624774971887e-07
6,2,23,dm_re,8.448365635481706e-07
6,3,0,dm_re,4.3537175029183505e-07
6,3,1,dm_re,4.984175175262964e-07
6,3,2,dm_re,5.381686877647852e-07
6,3,3,dm_re,5.689878479021649e-07
6,3,4,dm_re,5.93546581460044e-07
6,3,5,dm_re,6.141893310321368e-07
6,3,6,dm_re,0.7932260888572273
6,3,7,dm_re,28.21176205825976
6,3,8,dm_re,15.865034228395887
6,3,9,dm_re,15.380943910053563
6,3,10,dm_re,14.751352787427063
6,3,11,dm_re,31.855013790716917
6,3,12,dm_re,88.86176499861291
6,3,13,dm_re,4.5955199322658675e-07
6,3,14,dm_re,73.9958540186597
6,3,15,dm_re,265.61800022129415
6,3,16,dm_re,118.56463190128872
6,3,17,dm_re,72.58352110760198
6,3,18,dm_re,109.84464812653908
6,3,19,dm_re,36.57132960752876
6,3,20,dm_re,29.342074159296466
6,3,21,dm_re,1.8806101781511813
6,3,22,dm_re,7.86221471812717e-07
6,3,23,dm_re,8.447612695264109e-07
6,4,0,dm_re,4.353642212505469e-07
6,4,1,dm_re,4.983275380362675e-07
6,4,2,dm_re,5.374513605899717e-07
6,4,3,dm_re,5.654672283635476e-07
6,4,4,dm_re,5.896184407353192e-07
6,4,5,dm_re,6.13271768177653e-07
6,4,6,dm_re,0.3812886414051168
6,4,7,dm_re,2.1962730670110293
6,4,8,dm_re,7.069122764446523
6,4,9,dm_re,13.612204585993394
6,4,10,dm_re,8.121352246836212
6,4,11,dm_re,14.666343067849644
6,4,12,dm_re,12.27242188705244
6,4,13,dm_re,4.5955211631504285e-07
6,4,14,dm_re,22.84312680384707
6,4,15,dm_re,41.37952351009337
6,4,16,dm_re,134.8665550780526
6,4,17,dm_re,33.64023232032993
6,4,18,dm_re,13.286716382274925
6,4,19,dm_re,26.388790974805673
6,4,20,dm_re,2.838152615067139
6,4,21,dm_re,2.3601361489865676e-06
6,4,22,dm_re,7.837342518940779e-07
6,4,23,dm_re,8.510085604269797e-07
6,5,0,dm_re,4.35365089505319e-07
6,5,1,dm_re,4.983497889959255e-07
6,5,2,dm_re,5.380872963995684e-07
6,5,3,dm_re,5.664723712280894e-07
6,5,4,dm_re,5.901799156160338e-07
6,5,5,dm_re,6.140304778361635e-07
6,5,6,dm_re,0.8105602944013296
6,5,7,dm_re,32.36500236326679
6,5,8,dm_re,22.35641242422652
6,5,9,dm_re,18.230478056718763
6,5,10,dm_re,19.855813889932623
6,5,11,dm_re,34.47721474458688
6,5,12,dm_re,90.9548390153644
6,5,13,dm_re,4.5955180149036546e-07
6,5,14,dm_re,62.82839841107137
6,5,15,dm_re,85.17522073647342
6,5,16,dm_re,176.39121117675097
6,5,17,dm_re,72.88496559704502
6,5,18,dm_re,98.94190694716697
6,5,19,dm_re,42.21557026290517
6,5,20,dm_re,8.003783403030942
6,5,21,dm_re,0.21594603025193115
6,5,22,dm_re,7.832528312130048e-07
6,5,23,dm_re,8.454211244257285e-07
6,6,0,dm_re,4.353558461107844e-07
6,6,1,dm_re,4.982417085898071e-07
6,6,2,dm_re,5.378757254371623e-07
6,6,3,dm_re,5.648823459063661e-07
6,6,4,dm_re,5.892316201288151e-07
6,6,5,dm_re,6.132130162734109e-07
6,6,6,dm_re,0.8577494902436587
6,6,7,dm_re,7.2360954095600825
6,6,8,dm_re,41.10806805888191
6,6,9,dm_re,49.42242931395209
6,6,10,dm_re,35.321676356573995
6,6,11,dm_re,40.23832387873003
6,6,12,dm_re,30.498684087184078
6,6,13,dm_re,0.1352118738702087
6,6,14,dm_re,18.51299818123072
6,6,15,dm_re,81.9217357110332
6,6,16,dm_re,89.35899754667032
6,6,17,dm_re,81.69343419178657
6,6,18,dm_re,103.78268778582859
6,6,19,dm_re,38.29179425710305
6,6,20,dm_re,6.071087072413191
6,6,21,dm_re,0.3009740674324696
6,6,22,dm_re,7.85865818349726e-07
6,6,23,dm_re,8.525921962832373e-07
6,7,0,dm_re,4.3538109576319937e-07
6,7,1,dm_re,4.985878076215127e-07
6,7,2,dm_re,5.416581308794526e-07
6,7,3,dm_re,5.665399737034473e-07
6,7,4,dm_re,5.90273437205803e-07
6,7,5,dm_re,6.179464347271291e-07
6,7,6,dm_re,0.4074664784926484
6,7,7,dm_re,10.987873016513447
6,7,8,dm_re,8.74040071435005
6,7,9,dm_re,5.916964127024458
6,7,10,dm_re,10.21444290838288
6,7,11,dm_re,19.024448783769504
6,7,12,dm_re,51.22676441734475
6,7,13,dm_re,4.595525539235958e-07
6,7,14,dm_re,25.202478043938115
6,7,15,dm_re,97.84297050267564
6,7,16,dm_re,106.1948588721794
6,7,17,dm_re,53.403834824873144
6,7,18,dm_re,71.91357826227922
6,7,19,dm_re,20.53132718731982
6,7,20,dm_re,10.82281237051044
6,7,21,dm_re,0.5928151103794695
6,7,22,dm_re,7.90029047557227e-07
6,7,23,dm_re,8.423249934903106e-07
6,8,0,dm_re,4.353629375664743e-07
6,8,1,dm_re,4.982927624953924e-07
6,8,2,dm_re,5.366674934791538e-07
6,8,3,dm_re,5.6931317492981e-07
6,8,4,dm_re,5.94045438773916e-07
6,8,5,dm_re,6.129197717951753e-07
6,8,6,dm_re,1.1164067744367008
6,8,7,dm_re,3.910607996598577
6,8,8,dm_re,15.328707441551783
6,8,9,dm_re,16.72313159013477
6,8,10,dm_re,16.476490896950185
6,8,11,dm_re,17.28526325126758
6,8,12,dm_re,43.259336410398745
6,8,13,dm_re,4.59552758566565e-07
6,8,14,dm_re,54.597207133514765
6,8,15,dm_re,129.8492527547102
6,8,16,dm_re,107.53252734781427
6,8,17,dm_re,91.95478631202248
6,8,18,dm_re,48.081911395700246
6,8,19,dm_re,32.869533930911274
6,8,20,dm_re,8.082593361087278
6,8,21,dm_re,1.344939262523373
6,8,22,dm_re,7.826496166128189e-07
6,8,23,dm_re,8.422653686308184e-07
6,9,0,dm_re,4.353766700764626e-07
6,9,1,dm_re,4.98477289422823e-07
6,9,2,dm_re,5.392753805289651e-07
6,9,3,dm_re,5.699491650025936e-07
6,9,4,dm_re,5.948584478404963e-07
6,9,5,dm_re,6.164021685502358e-07
6,9,6,dm_re,0.9070912240517269
6,9,7,dm_re,15.002187842149786
6,9,8,dm_re,13.81478878830497
6,9,9,dm_re,14.471399693019748
6,9,10,dm_re,16.31947360903256
6,9,11,dm_re,19.306675299072364
6,9,12,dm_re,24.579156844318653
6,9,13,dm_re,4.595524850662472e-07
6,9,14,dm_re,34.468454960135205
6,9,15,dm_re,96.22956898433091
6,9,16,dm_re,100.65512473199938
6,9,17,dm_re,64.57552857663026
6,9,18,dm_re,38.129760723982756
6,9,19,dm_re,7.431127354669193
6,9,20,dm_re,4.533846289109206
6,9,21,dm_re,7.4150032198479665e-06
6,9,22,dm_re,7.883747512422315e-07
6,9,23,dm_re,8.436319478149804e-07
6,0,SUM,dm_re,457.8127488975547
6,1,SUM,dm_re,473.72149931484444
6,2,SUM,dm_re,732.9181820564452
6,3,SUM,dm_re,904.1197725218998
6,4,SUM,dm_re,333.5621116389967
6,5,SUM,dm_re,765.7073286839038
6,6,SUM,dm_re,624.7519521597525
6,7,SUM,dm_re,493.0230409623265
6,8,SUM,dm_re,588.4127011906915
6,9,SUM,dm_re,450.4241976817083
6,0,0,x_hol,1.0124678428891456e-10
6,0,1,x_hol,1.168221957456428e-10
6,0,2,x_hol,1.2593502974915884e-10
6,0,3,x_hol,1.33809309950696e-10
6,0,4,x_hol,1.4388966694935822e-10
6,0,5,x_hol,1.618684151541737e-10
6,0,6,x_hol,2.784299485567265e-10
6,0,7,x_hol,3.7337580478686563e-10
6,0,8,x_hol,187.42343692471817
6,0,9,x_hol,229.93186580681635
6,0,10,x_hol,404.3204566783258
6,0,11,x_hol,337.2994634488912
6,0,12,x_hol,338.88438750982306
6,0,13,x_hol,0.0
6,0,14,x_hol,131.71280931454902
6,0,15,x_hol,133.52943647895273
6,0,16,x_hol,156.08450462172155
6,0,17,x_hol,208.1553854478885
6,0,18,x_hol,188.89560472460457
6,0,19,x_hol,37.68635597332601
6,0,20,x_hol,49.43000260669619
6,0,21,x_hol,0.8049117954876376
6,0,22,x_hol,2.2118672546925232e-08
6,0,23,x_hol,1.6458772179891378e-07
6,1,0,x_hol,1.0124675046128101e-10
6,1,1,x_hol,1.1682196969095563e-10
6,1,2,x_hol,1.2593676583594924e-10
6,1,3,x_hol,1.3377832533706849e-10
6,1,4,x_hol,1.4385711086235407e-10
6,1,5,x_hol,1.6186134763317337e-10
6,1,6,x_hol,2.7552233205391566e-10
6,1,7,x_hol,3.6451521696585664e-10
6,1,8,x_hol,103.39021063355725
6,1,9,x_hol,140.70687952421315
6,1,10,x_hol,195.21281220904163
6,1,11,x_hol,214.68782846597622
6,1,12,x_hol,203.97279621483486
6,1,13,x_hol,0.0
6,1,14,x_hol,432.0265960279288
6,1,15,x_hol,453.64256466686504
6,1,16,x_hol,194.10093527351486
6,1,17,x_hol,216.8811359932921
6,1,18,x_hol,252.34246933787813
6,1,19,x_hol,134.97539874745098
6,1,20,x_hol,59.193699542033414
6,1,21,x_hol,4.1125741971209155
6,1,22,x_hol,2.2361952510603928e-08
6,1,23,x_hol,1.687890379363742e-07
6,2,0,x_hol,1.0124657801942214e-10
6,2,1,x_hol,1.1682016574317202e-10
6,2,2,x_hol,1.2591975351568538e-10
6,2,3,x_hol,1.3374241770632993e-10
6,2,4,x_hol,1.438083740858013e-10
6,2,5,x_hol,1.6181884916191274e-10
6,2,6,x_hol,2.6739580508477283e-10
6,2,7,x_hol,3.4348367437301376e-10
6,2,8,x_hol,2.6414326791237182e-08
6,2,9,x_hol,185.0225213394103
6,2,10,x_hol,231.65426265089692
6,2,11,x_hol,177.18628371831562
6,2,12,x_hol,292.35925433934074
6,2,13,x_hol,0.0
6,2,14,x_hol,221.71625052264574
6,2,15,x_hol,625.6731538989861
6,2,16,x_hol,736.1654244340218
6,2,17,x_hol,595.7122178089903
6,2,18,x_hol,826.9182412361037
6,2,19,x_hol,435.61929857572335
6,2,20,x_hol,121.36922048661711
6,2,21,x_hol,145.26066290217778
6,2,22,x_hol,2.2659864713107918e-08
6,2,23,x_hol,1.6633527817684787e-07
6,3,0,x_hol,1.0124659580670057e-10
6,3,1,x_hol,1.168204869087908e-10
6,3,2,x_hol,1.2592243196403201e-10
6,3,3,x_hol,1.3374863296462374e-10
6,3,4,x_hol,1.4381776762780544e-10
6,3,5,x_hol,1.6182954399799367e-10
6,3,6,x_hol,2.737493798319596e-10
6,3,7,x_hol,3.458585030687044e-10
6,3,8,x_hol,15.123174578186179
6,3,9,x_hol,6.787373129575981
6,3,10,x_hol,85.85780360155415
6,3,11,x_hol,289.96996129277
6,3,12,x_hol,817.376595136635
6,3,13,x_hol,0.0
6,3,14,x_hol,497.1674066791702
6,3,15,x_hol,1418.8214542802366
6,3,16,x_hol,1221.8177101447895
6,3,17,x_hol,806.492749562753
6,3,18,x_hol,796.9561868341617
6,3,19,x_hol,352.77009521559035
6,3,20,x_hol,346.39502468305966
6,3,21,x_hol,15.865387666955774
6,3,22,x_hol,2.261421372101112e-08
6,3,23,x_hol,1.5871243230594081e-07
6,4,0,x_hol,1.0124660599180436e-10
6,4,1,x_hol,1.1682093522626196e-10
6,4,2,x_hol,1.259264219536411e-10
6,4,3,x_hol,1.337701717660612e-10
6,4,4,x_hol,1.4384601274566038e-10
6,4,5,x_hol,1.6183909841836427e-10
6,4,6,x_hol,2.6792159867966525e-10
6,4,7,x_hol,3.6182313542012473e-10
6,4,8,x_hol,35.86303079757223
6,4,9,x_hol,64.97218549078369
6,4,10,x_hol,43.422885165958284
6,4,11,x_hol,81.31959501156861
6,4,12,x_hol,64.13387590997762
6,4,13,x_hol,0.0
6,4,14,x_hol,186.811300812869
6,4,15,x_hol,349.9202269766643
6,4,16,x_hol,680.8510320749402
6,4,17,x_hol,194.80259280420412
6,4,18,x_hol,59.6472183168125
6,4,19,x_hol,161.7779061749579
6,4,20,x_hol,38.51557076169835
6,4,21,x_hol,1.0661807030665535e-05
6,4,22,x_hol,2.273429947365829e-08
6,4,23,x_hol,1.6639257298025295e-07
6,5,0,x_hol,1.0124662834057067e-10
6,5,1,x_hol,1.1682084487477861e-10
6,5,2,x_hol,1.259244059135395e-10
6,5,3,x_hol,1.3376367407763085e-10
6,5,4,x_hol,1.438408391887817e-10
6,5,5,x_hol,1.6183460323970782e-10
6,5,6,x_hol,2.7388991252271396e-10
6,5,7,x_hol,3.4584003187914626e-10
6,5,8,x_hol,124.44337122293918
6,5,9,x_hol,52.15603945768726
6,5,10,x_hol,106.52426280079888
6,5,11,x_hol,205.82890680638772
6,5,12,x_hol,556.0960903176529
6,5,13,x_hol,0.0
6,5,14,x_hol,601.8415251124529
6,5,15,x_hol,1473.0101617812634
6,5,16,x_hol,1329.9015450918785
6,5,17,x_hol,463.38155930966184
6,5,18,x_hol,633.360224269902
6,5,19,x_hol,368.47456714110183
6,5,20,x_hol,175.85675438270303
6,5,21,x_hol,2.720926158515587
6,5,22,x_hol,2.2712621879196292e-08
6,5,23,x_hol,1.5582316053609848e-07
6,6,0,x_hol,1.0124670161336841e-10
6,6,1,x_hol,1.1682145510442732e-10
6,6,2,x_hol,1.2593054975351746e-10
6,6,3,x_hol,1.3377343847796797e-10
6,6,4,x_hol,1.4384783322992362e-10
6,6,5,x_hol,1.6185168732147414e-10
6,6,6,x_hol,2.757286648987939e-10
6,6,7,x_hol,3.5953789659284945e-10
6,6,8,x_hol,214.02230779269786
6,6,9,x_hol,311.89072022669757
6,6,10,x_hol,225.5443587411923
6,6,11,x_hol,242.41079928326585
6,6,12,x_hol,192.09120903297068
6,6,13,x_hol,0.0
6,6,14,x_hol,195.5755598378959
6,6,15,x_hol,347.61847261963925
6,6,16,x_hol,328.88281875493857
6,6,17,x_hol,454.0319953548754
6,6,18,x_hol,757.4004598684297
6,6,19,x_hol,224.69626267867832
6,6,20,x_hol,78.4176228589566
6,6,21,x_hol,3.7201843447287617
6,6,22,x_hol,2.2673391275803572e-08
6,6,23,x_hol,1.6351761586100412e-07
6,7,0,x_hol,1.0124658635734246e-10
6,7,1,x_hol,1.16819594313266e-10
6,7,2,x_hol,1.2590782971500056e-10
6,7,3,x_hol,1.3376354739298278e-10
6,7,4,x_hol,1.4384090522633741e-10
6,7,5,x_hol,1.6180614013534133e-10
6,7,6,x_hol,2.7482528650856507e-10
6,7,7,x_hol,3.4731155280041e-10
6,7,8,x_hol,17.61198032596304
6,7,9,x_hol,18.630244896468856
6,7,10,x_hol,47.523118232591465
6,7,11,x_hol,121.13206424106001
6,7,12,x_hol,325.2695254106957
6,7,13,x_hol,0.0
6,7,14,x_hol,177.87533534655364
6,7,15,x_hol,412.5354667967885
6,7,16,x_hol,569.5399037682683
6,7,17,x_hol,353.1780351280099
6,7,18,x_hol,347.84347385822815
6,7,19,x_hol,135.03089180190588
6,7,20,x_hol,116.47921912700079
6,7,21,x_hol,6.438460757804328
6,7,22,x_hol,2.2343201846556668e-08
6,7,23,x_hol,1.691003296008656e-07
6,8,0,x_hol,1.012466664098151e-10
6,8,1,x_hol,1.1682114280829796e-10
6,8,2,x_hol,1.2593049794022781e-10
6,8,3,x_hol,1.337469642927836e-10
6,8,4,x_hol,1.4381496008459368e-10
6,8,5,x_hol,1.61841734219033e-10
6,8,6,x_hol,2.6792239806925476e-10
6,8,7,x_hol,3.65564066594677e-10
6,8,8,x_hol,53.418189432108896
6,8,9,x_hol,69.40109802482266
6,8,10,x_hol,80.319077566777
6,8,11,x_hol,100.46585650704769
6,8,12,x_hol,226.57429215773158
6,8,13,x_hol,0.0
6,8,14,x_hol,365.86212598682476
6,8,15,x_hol,884.3371610280807
6,8,16,x_hol,788.0046182527678
6,8,17,x_hol,458.502102447971
6,8,18,x_hol,225.9971063309834
6,8,19,x_hol,223.35772092774894
6,8,20,x_hol,143.46713681733732
6,8,21,x_hol,8.997011959077005
6,8,22,x_hol,2.2750530657119563e-08
6,8,23,x_hol,1.6872044479300475e-07
6,9,0,x_hol,1.0124660876142821e-10
6,9,1,x_hol,1.168201821422008e-10
6,9,2,x_hol,1.2591941877806506e-10
6,9,3,x_hol,1.3374336457935888e-10
6,9,4,x_hol,1.4380976951533893e-10
6,9,5,x_hol,1.618187178203297e-10
6,9,6,x_hol,2.6752519754137063e-10
6,9,7,x_hol,3.450816012022076e-10
6,9,8,x_hol,66.25108995747186
6,9,9,x_hol,70.5038187278817
6,9,10,x_hol,77.34749965135123
6,9,11,x_hol,123.37538344657742
6,9,12,x_hol,123.99631170179636
6,9,13,x_hol,0.0
6,9,14,x_hol,236.3711937506056
6,9,15,x_hol,506.3168751829492
6,9,16,x_hol,395.0366137074265
6,9,17,x_hol,357.0917685530849
6,9,18,x_hol,185.88996952707035
6,9,19,x_hol,34.53111200683167
6,9,20,x_hol,70.54249152958862
6,9,21,x_hol,4.219356901125385e-05
6,9,22,x_hol,2.2453113748941746e-08
6,9,23,x_hol,1.685059317910993e-07
6,0,SUM,x_hol,2404.1586215199422
6,1,SUM,x_hol,2605.245901026282
6,2,SUM,x_hol,4594.656792130033
6,3,SUM,x_hol,6671.400922988168
6,4,SUM,x_hol,1962.037431150354
6,5,SUM,x_hol,6093.5959340328845
6,6,SUM,x_hol,3576.3027715825765
6,7,SUM,x_hol,2649.087719884188
6,8,SUM,x_hol,3628.7034976321665
6,9,SUM,x_hol,2247.2541701285595
6,0,0,yp_hol,7.033732248395869e-09
6,0,1,yp_hol,7.592814914417122e-09
6,0,2,yp_hol,8.588720719060968e-09
6,0,3,yp_hol,1.0060509912905114e-08
6,0,4,yp_hol,9.821868903830046e-09
6,0,5,yp_hol,1.2253962759909085e-08
6,0,6,yp_hol,1.7877800433670936
6,0,7,yp_hol,16.00872245778072
6,0,8,yp_hol,14.064687395058117
6,0,9,yp_hol,1.4002046051517538
6,0,10,yp_hol,0.2522026146361925
6,0,11,yp_hol,9.357733758818311
6,0,12,yp_hol,20.857110522604277
6,0,13,yp_hol,278.5033268310042
6,0,14,yp_hol,27.61551038251914
6,0,15,yp_hol,2.7093250477465147e-06
6,0,16,yp_hol,0.01505942180914923
6,0,17,yp_hol,0.47586098633938734
6,0,18,yp_hol,0.34875462345902264
6,0,19,yp_hol,0.7182218393029074
6,0,20,yp_hol,0.5150145987102479
6,0,21,yp_hol,7.283648084392937
6,0,22,yp_hol,8.318247561977618
6,0,23,yp_hol,1.7128629552936032
6,1,0,yp_hol,7.033730102195262e-09
6,1,1,yp_hol,7.59281965440405e-09
6,1,2,yp_hol,8.588711715360684e-09
6,1,3,yp_hol,1.0059362453180734e-08
6,1,4,yp_hol,9.820717432082435e-09
6,1,5,yp_hol,1.2253789440732584e-08
6,1,6,yp_hol,0.1986526307317259
6,1,7,yp_hol,6.818872071448619
6,1,8,yp_hol,0.4245999570400436
6,1,9,yp_hol,1.1366562833079115
6,1,10,yp_hol,2.2459466805376673e-08
6,1,11,yp_hol,0.8895059943895701
6,1,12,yp_hol,7.70771354554192
6,1,13,yp_hol,469.804506169899
6,1,14,yp_hol,100.9852080942839
6,1,15,yp_hol,1.2392134486785258
6,1,16,yp_hol,0.021356389782215796
6,1,17,yp_hol,1.135523741810076
6,1,18,yp_hol,2.6975957778073734
6,1,19,yp_hol,0.4579384079363003
6,1,20,yp_hol,0.8871826849213983
6,1,21,yp_hol,5.865230630602774
6,1,22,yp_hol,9.54584724890401
6,1,23,yp_hol,1.4774950464869887
6,2,0,yp_hol,7.033720979421779e-09
6,2,1,yp_hol,7.592744433870606e-09
6,2,2,yp_hol,8.587978320777172e-09
6,2,3,yp_hol,1.0057682561955315e-08
6,2,4,yp_hol,9.818957322374435e-09
6,2,5,yp_hol,1.2252128423622514e-08
6,2,6,yp_hol,8.149596389801303e-08
6,2,7,yp_hol,1.7572263368755905e-07
6,2,8,yp_hol,1.6232673639899073e-07
6,2,9,yp_hol,2.1445279223504077
6,2,10,yp_hol,0.0019643361692944696
6,2,11,yp_hol,1.1061766190959161
6,2,12,yp_hol,7.883072496081186
6,2,13,yp_hol,448.21166173292244
6,2,14,yp_hol,80.88375170697408
6,2,15,yp_hol,1.9989904002254266
6,2,16,yp_hol,14.50845847213356
6,2,17,yp_hol,6.802292879684527
6,2,18,yp_hol,55.70695813356546
6,2,19,yp_hol,6.284093364305977
6,2,20,yp_hol,2.479397386532904
6,2,21,yp_hol,8.404833078967913
6,2,22,yp_hol,16.628615843418597
6,2,23,yp_hol,3.787753316346886
6,3,0,yp_hol,7.0337228233629286e-09
6,3,1,yp_hol,7.592741749446365e-09
6,3,2,yp_hol,8.588209427809512e-09
6,3,3,yp_hol,1.0057961857003209e-08
6,3,4,yp_hol,9.81930829782199e-09
6,3,5,yp_hol,1.2252722735650194e-08
6,3,6,yp_hol,0.17108751079082674
6,3,7,yp_hol,4.674192121790476
6,3,8,yp_hol,0.08369605414456396
6,3,9,yp_hol,5.975667401797357e-08
6,3,10,yp_hol,2.235203655203174e-08
6,3,11,yp_hol,0.020096402505438853
6,3,12,yp_hol,27.55604113720673
6,3,13,yp_hol,728.8131464363005
6,3,14,yp_hol,102.30468182555863
6,3,15,yp_hol,18.323556698255928
6,3,16,yp_hol,52.54186052422395
6,3,17,yp_hol,34.042602318458776
6,3,18,yp_hol,24.20128572320216
6,3,19,yp_hol,4.849864535356961
6,3,20,yp_hol,10.06361548157784
6,3,21,yp_hol,20.573812048404804
6,3,22,yp_hol,29.128822064251132
6,3,23,yp_hol,4.837912365459342
6,4,0,yp_hol,7.03372314708466e-09
6,4,1,yp_hol,7.59276162347931e-09
6,4,2,yp_hol,8.5883719799358e-09
6,4,3,yp_hol,1.0058865506024536e-08
6,4,4,yp_hol,9.820285872535653e-09
6,4,5,yp_hol,1.2252731921771969e-08
6,4,6,yp_hol,8.153902384217671e-08
6,4,7,yp_hol,2.4775084338098945
6,4,8,yp_hol,0.18290620805089222
6,4,9,yp_hol,0.1404797216314427
6,4,10,yp_hol,2.2603779567840314e-08
6,4,11,yp_hol,0.18492093687076278
6,4,12,yp_hol,0.20999883636180772
6,4,13,yp_hol,102.39514176696936
6,4,14,yp_hol,31.69855323440431
6,4,15,yp_hol,11.97435568740648
6,4,16,yp_hol,5.1022001626627915
6,4,17,yp_hol,0.0646353311965198
6,4,18,yp_hol,0.01950325799350087
6,4,19,yp_hol,1.9921200364947316
6,4,20,yp_hol,0.7232519505102297
6,4,21,yp_hol,3.414870576566824
6,4,22,yp_hol,4.922750064861134
6,4,23,yp_hol,0.928140627872562
6,5,0,yp_hol,7.033723048051385e-09
6,5,1,yp_hol,7.59277481918592e-09
6,5,2,yp_hol,8.588154357922902e-09
6,5,3,yp_hol,1.0058509656615186e-08
6,5,4,yp_hol,9.820015741414643e-09
6,5,5,yp_hol,1.225263957044772e-08
6,5,6,yp_hol,0.3784282635683147
6,5,7,yp_hol,4.913614190517436
6,5,8,yp_hol,8.22315340076851
6,5,9,yp_hol,0.005265883809879606
6,5,10,yp_hol,2.2383134406647064e-08
6,5,11,yp_hol,2.3600105798663322
6,5,12,yp_hol,13.34509356590565
6,5,13,yp_hol,999.4282766887574
6,5,14,yp_hol,274.12000030831337
6,5,15,yp_hol,260.3210696284584
6,5,16,yp_hol,38.54344760135927
6,5,17,yp_hol,4.857880096833974
6,5,18,yp_hol,17.953089997641452
6,5,19,yp_hol,5.391101541529022
6,5,20,yp_hol,3.796526281108174
6,5,21,yp_hol,19.46894633578776
6,5,22,yp_hol,22.032117793061925
6,5,23,yp_hol,5.061228714222767
6,6,0,yp_hol,7.033727496298983e-09
6,6,1,yp_hol,7.592781417136008e-09
6,6,2,yp_hol,8.588467734600807e-09
6,6,3,yp_hol,1.0059183235745766e-08
6,6,4,yp_hol,9.820414730569963e-09
6,6,5,yp_hol,1.2253219452699167e-08
6,6,6,yp_hol,0.18370841855606262
6,6,7,yp_hol,7.580305807428423
6,6,8,yp_hol,3.494211433811565
6,6,9,yp_hol,1.3597132505924583
6,6,10,yp_hol,0.0041200295675304175
6,6,11,yp_hol,1.8165239009980525
6,6,12,yp_hol,2.531854022126185
6,6,13,yp_hol,318.64440667392654
6,6,14,yp_hol,56.87975558601773
6,6,15,yp_hol,1.1161215032297924
6,6,16,yp_hol,0.26351995037477377
6,6,17,yp_hol,2.1810273044333788
6,6,18,yp_hol,24.000429105573513
6,6,19,yp_hol,0.6048772814076184
6,6,20,yp_hol,0.3391248558036455
6,6,21,yp_hol,9.075247499099738
6,6,22,yp_hol,12.682516844528559
6,6,23,yp_hol,2.1200592762772947
6,7,0,yp_hol,7.033719710570789e-09
6,7,1,yp_hol,7.592714505878391e-09
6,7,2,yp_hol,8.587560530499561e-09
6,7,3,yp_hol,1.0058667421875143e-08
6,7,4,yp_hol,9.820224033493052e-09
6,7,5,yp_hol,1.2251971861373493e-08
6,7,6,yp_hol,0.07568609035354429
6,7,7,yp_hol,1.651610983168179
6,7,8,yp_hol,0.056595710661542425
6,7,9,yp_hol,5.980138550460075e-08
6,7,10,yp_hol,2.2424938616821814e-08
6,7,11,yp_hol,0.6896293853915075
6,7,12,yp_hol,5.916631945922825
6,7,13,yp_hol,293.0541661984834
6,7,14,yp_hol,33.70849087210902
6,7,15,yp_hol,0.06684852432095545
6,7,16,yp_hol,13.012898152492005
6,7,17,yp_hol,4.0784630716169765
6,7,18,yp_hol,1.3970685295200502
6,7,19,yp_hol,1.462139665351325
6,7,20,yp_hol,3.539459909533859
6,7,21,yp_hol,6.535927182753567
6,7,22,yp_hol,9.103367923967374
6,7,23,yp_hol,1.7884861668333432
6,8,0,yp_hol,7.033726446235229e-09
6,8,1,yp_hol,7.592780317990065e-09
6,8,2,yp_hol,8.588424309284348e-09
6,8,3,yp_hol,1.0057981097563748e-08
6,8,4,yp_hol,9.819174236505812e-09
6,8,5,yp_hol,1.2252973934512007e-08
6,8,6,yp_hol,8.196811253950512e-08
6,8,7,yp_hol,8.413190709065416
6,8,8,yp_hol,0.10659574181755897
6,8,9,yp_hol,0.006903402848879839
6,8,10,yp_hol,2.2422789881416202e-08
6,8,11,yp_hol,0.3501380903297552
6,8,12,yp_hol,5.129710156347467
6,8,13,yp_hol,350.46284579674153
6,8,14,yp_hol,108.39554413879775
6,8,15,yp_hol,20.08692232733207
6,8,16,yp_hol,39.564043072073
6,8,17,yp_hol,1.3187598968485965
6,8,18,yp_hol,0.15515999609674794
6,8,19,yp_hol,1.7393810638863019
6,8,20,yp_hol,5.024811942058434
6,8,21,yp_hol,7.989736974405101
6,8,22,yp_hol,12.162794037538433
6,8,23,yp_hol,2.6415808486634735
6,9,0,yp_hol,7.033723071498111e-09
6,9,1,yp_hol,7.592748619358926e-09
6,9,2,yp_hol,8.588055097800902e-09
6,9,3,yp_hol,1.0057717839301851e-08
6,9,4,yp_hol,9.819010901110907e-09
6,9,5,yp_hol,1.2251888748964814e-08
6,9,6,yp_hol,8.20795012926259e-08
6,9,7,yp_hol,1.5731601820316299
6,9,8,yp_hol,0.7767084623548384
6,9,9,yp_hol,0.010107373463107172
6,9,10,yp_hol,2.250907097607072e-08
6,9,11,yp_hol,0.0028978442455212345
6,9,12,yp_hol,0.8647545728933318
6,9,13,yp_hol,206.36812432261004
6,9,14,yp_hol,57.74171100616061
6,9,15,yp_hol,0.9415120880733053
6,9,16,yp_hol,3.2547436614663834
6,9,17,yp_hol,0.7704155575399735
6,9,18,yp_hol,0.25516238167153216
6,9,19,yp_hol,0.6693700828738878
6,9,20,yp_hol,1.685015471698492
6,9,21,yp_hol,7.239445816674728
6,9,22,yp_hol,9.852586807980378
6,9,23,yp_hol,1.9185847928888589
6,0,SUM,yp_hol,389.23495144690133
6,1,SUM,yp_hol,611.293098201381
6,2,SUM,yp_hol,656.8325481636631
6,3,SUM,yp_hol,1062.1862733849414
6,4,SUM,yp_hol,166.43133699315277
6,5,SUM,yp_hol,1680.1992509492386
6,6,SUM,yp_hol,444.8775227991007
6,7,SUM,yp_hol,376.1374704500506
6,8,SUM,yp_hol,563.5481183545866
6,9,SUM,yp_hol,293.92430058455835
6,0,0,ym_hol,9.797384803630001e-08
6,0,1,ym_hol,1.0682449160145177e-07
6,0,2,ym_hol,1.1774582632925095e-06
6,0,3,ym_hol,2.9550589127509523
6,0,4,ym_hol,7.711233105880271
6,0,5,ym_hol,0.0075451349987229535
6,0,6,ym_hol,2.340121529639876e-08
6,0,7,ym_hol,1.5610302220817518e-08
6,0,8,ym_hol,9.499575883677283e-09
6,0,9,ym_hol,8.399767647743948e-09
6,0,10,ym_hol,7.961866776858649e-09
6,0,11,ym_hol,1.2326802190486557
6,0,12,ym_hol,2.00351328210163
6,0,13,ym_hol,4.8461571153982265e-09
6,0,14,ym_hol,6.8909798168444434e-09
6,0,15,ym_hol,0.37605509564150885
6,0,16,ym_hol,0.8333777617625009
6,0,17,ym_hol,1.1766217660280196
6,0,18,ym_hol,0.536878261022426
6,0,19,ym_hol,2.123738697696106e-08
6,0,20,ym_hol,1.8758604641200903e-08
6,0,21,ym_hol,0.0072897439955540945
6,0,22,ym_hol,9.678192768969664e-09
6,0,23,ym_hol,1.1623139479891819e-08
6,1,0,ym_hol,9.797414559563636e-08
6,1,1,ym_hol,1.0682212284868771e-07
6,1,2,ym_hol,1.175231228856343e-06
6,1,3,ym_hol,2.693029131698509
6,1,4,ym_hol,8.262050787329263
6,1,5,ym_hol,0.018917181978690318
6,1,6,ym_hol,2.3569692186504637e-08
6,1,7,ym_hol,1.5881782027247574e-08
6,1,8,ym_hol,9.467168202765709e-09
6,1,9,ym_hol,8.402335489469257e-09
6,1,10,ym_hol,7.94840483476339e-09
6,1,11,ym_hol,1.1670747622925846e-08
6,1,12,ym_hol,0.19968782810623373
6,1,13,ym_hol,4.846157093699106e-09
6,1,14,ym_hol,7.020093231946619e-09
6,1,15,ym_hol,9.277210825697143
6,1,16,ym_hol,1.1357685626577076
6,1,17,ym_hol,0.8679467098210732
6,1,18,ym_hol,1.752012277769005
6,1,19,ym_hol,0.02118126229302378
6,1,20,ym_hol,0.004836623771586845
6,1,21,ym_hol,0.062232373861971224
6,1,22,ym_hol,9.677757144583279e-09
6,1,23,ym_hol,1.1625444210368041e-08
6,2,0,ym_hol,9.797599993496825e-08
6,2,1,ym_hol,1.0685141264540396e-07
6,2,2,ym_hol,1.178264416683558e-06
6,2,3,ym_hol,9.195858105596166
6,2,4,ym_hol,21.558225171294502
6,2,5,ym_hol,0.08238815030146354
6,2,6,ym_hol,2.460126067338479e-08
6,2,7,ym_hol,1.647540064408117e-08
6,2,8,ym_hol,9.488009563108349e-09
6,2,9,ym_hol,8.402172925293403e-09
6,2,10,ym_hol,7.953487284062494e-09
6,2,11,ym_hol,1.0972906425517645e-08
6,2,12,ym_hol,0.8585687466948971
6,2,13,ym_hol,4.84694807754248e-09
6,2,14,ym_hol,7.017051986243752e-09
6,2,15,ym_hol,14.469748757309016
6,2,16,ym_hol,16.66712795877049
6,2,17,ym_hol,5.511253374355635
6,2,18,ym_hol,29.300218712411812
6,2,19,ym_hol,2.006388181542093
6,2,20,ym_hol,1.5301893593688228e-08
6,2,21,ym_hol,2.108319220120048
6,2,22,ym_hol,9.677975610914133e-09
6,2,23,ym_hol,1.1628849491417665e-08
6,3,0,ym_hol,9.797580988688587e-08
6,3,1,ym_hol,1.0684884929222271e-07
6,3,2,ym_hol,1.178702296009498e-06
6,3,3,ym_hol,11.885062546695664
6,3,4,ym_hol,26.452316517711253
6,3,5,ym_hol,0.9320965170846257
6,3,6,ym_hol,2.3854540235529783e-08
6,3,7,ym_hol,1.6446370832766625e-08
6,3,8,ym_hol,9.440155917462066e-09
6,3,9,ym_hol,8.37710020102432e-09
6,3,10,ym_hol,7.947595556308262e-09
6,3,11,ym_hol,0.009623421609564184
6,3,12,ym_hol,5.374205251777085
6,3,13,ym_hol,4.8461570910367326e-09
6,3,14,ym_hol,6.884528676872363e-09
6,3,15,ym_hol,72.94520401908426
6,3,16,ym_hol,49.32881369894461
6,3,17,ym_hol,23.372704086601015
6,3,18,ym_hol,28.306593497512104
6,3,19,ym_hol,0.813136145786852
6,3,20,ym_hol,1.192733745493028
6,3,21,ym_hol,0.32587893217553116
6,3,22,ym_hol,9.677935162837864e-09
6,3,23,ym_hol,1.1632738391812429e-08
6,4,0,ym_hol,9.79756553116187e-08
6,4,1,ym_hol,1.0684143086290271e-07
6,4,2,ym_hol,1.177398594442806e-06
6,4,3,ym_hol,1.5529284370888208
6,4,4,ym_hol,4.6590570143413945
6,4,5,ym_hol,0.05115703895581789
6,4,6,ym_hol,2.4529116233342696e-08
6,4,7,ym_hol,1.590899921510918e-08
6,4,8,ym_hol,9.460550032516177e-09
6,4,9,ym_hol,8.384471587016064e-09
6,4,10,ym_hol,7.951331731269779e-09
6,4,11,ym_hol,0.002861920421703263
6,4,12,ym_hol,0.02294927904998977
6,4,13,ym_hol,4.846157120510856e-09
6,4,14,ym_hol,7.0144720786304654e-09
6,4,15,ym_hol,7.188943958451299
6,4,16,ym_hol,12.694230664643861
6,4,17,ym_hol,1.4585989390972591
6,4,18,ym_hol,0.04032034177409651
6,4,19,ym_hol,0.42075890946185474
6,4,20,ym_hol,1.4209692437737726e-08
6,4,21,ym_hol,2.5716928097867743e-07
6,4,22,ym_hol,9.67753999831014e-09
6,4,23,ym_hol,1.1621549114325862e-08
6,5,0,ym_hol,9.797545699163885e-08
6,5,1,ym_hol,1.0684256999273818e-07
6,5,2,ym_hol,1.1782887618159873e-06
6,5,3,ym_hol,12.84444644078542
6,5,4,ym_hol,26.513354017017736
6,5,5,ym_hol,0.3021517066995022
6,5,6,ym_hol,2.3748292501736872e-08
6,5,7,ym_hol,1.6422029894261e-08
6,5,8,ym_hol,9.471141242113331e-09
6,5,9,ym_hol,8.376125416599417e-09
6,5,10,ym_hol,7.950937189079713e-09
6,5,11,ym_hol,0.0025847016029647936
6,5,12,ym_hol,6.161395467330085
6,5,13,ym_hol,4.846157090252977e-09
6,5,14,ym_hol,6.889473032213292e-09
6,5,15,ym_hol,94.46279780797614
6,5,16,ym_hol,33.21612551220269
6,5,17,ym_hol,2.9397149691761193
6,5,18,ym_hol,12.068177026528467
6,5,19,ym_hol,2.2662126794576536
6,5,20,ym_hol,0.01853932684567304
6,5,21,ym_hol,0.05351699577270681
6,5,22,ym_hol,9.677757254597111e-09
6,5,23,ym_hol,1.163007270753299e-08
6,6,0,ym_hol,9.797463949950232e-08
6,6,1,ym_hol,1.0682241568009026e-07
6,6,2,ym_hol,1.9243124699004793e-07
6,6,3,ym_hol,5.511550394265877
6,6,4,ym_hol,13.767848241188998
6,6,5,ym_hol,1.1526539776289786e-07
6,6,6,ym_hol,2.354615901219357e-08
6,6,7,ym_hol,1.5979337792857532e-08
6,6,8,ym_hol,9.452469031052565e-09
6,6,9,ym_hol,8.405530441909304e-09
6,6,10,ym_hol,7.964975440466643e-09
6,6,11,ym_hol,0.06304214807670327
6,6,12,ym_hol,0.10650140968009378
6,6,13,ym_hol,4.8477382242812854e-09
6,6,14,ym_hol,7.023142452617661e-09
6,6,15,ym_hol,2.140016871445959
6,6,16,ym_hol,2.6472195372737373
6,6,17,ym_hol,4.292702338319134
6,6,18,ym_hol,28.1203097928552
6,6,19,ym_hol,0.4091664533256145
6,6,20,ym_hol,1.435975178358036e-08
6,6,21,ym_hol,0.05348623245431622
6,6,22,ym_hol,9.677593249019277e-09
6,6,23,ym_hol,1.1622762248305355e-08
6,7,0,ym_hol,9.797611437517001e-08
6,7,1,ym_hol,1.0686975740135964e-07
6,7,2,ym_hol,1.1819682622352517e-06
6,7,3,ym_hol,3.99444632067871
6,7,4,ym_hol,9.074833338885975
6,7,5,ym_hol,0.04751347998544509
6,7,6,ym_hol,2.381034609675647e-08
6,7,7,ym_hol,1.6396708445980255e-08
6,7,8,ym_hol,9.459036897048298e-09
6,7,9,ym_hol,8.384216164032781e-09
6,7,10,ym_hol,7.95607831531582e-09
6,7,11,ym_hol,1.4451861236412085e-08
6,7,12,ym_hol,1.6862244131931987
6,7,13,ym_hol,4.84615709761256e-09
6,7,14,ym_hol,7.01707587274263e-09
6,7,15,ym_hol,6.7740117401286595
6,7,16,ym_hol,5.582520155543341
6,7,17,ym_hol,3.3527101140208813
6,7,18,ym_hol,3.7196468408505647
6,7,19,ym_hol,0.22355691382146173
6,7,20,ym_hol,0.04735774980982929
6,7,21,ym_hol,0.05854986936845126
6,7,22,ym_hol,9.67756533528259e-09
6,7,23,ym_hol,1.162501474296211e-08
6,8,0,ym_hol,9.797502151870344e-08
6,8,1,ym_hol,1.0683409988246975e-07
6,8,2,ym_hol,1.1756703175624648e-06
6,8,3,ym_hol,4.854262468308827
6,8,4,ym_hol,14.331119577369428
6,8,5,ym_hol,0.018991531330289222
6,8,6,ym_hol,2.454587260421307e-08
6,8,7,ym_hol,1.585149427542005e-08
6,8,8,ym_hol,9.448656872715963e-09
6,8,9,ym_hol,8.39047333663226e-09
6,8,10,ym_hol,7.94733097290305e-09
6,8,11,ym_hol,1.0960575521218842e-08
6,8,12,ym_hol,0.9366656849376679
6,8,13,ym_hol,4.846157095850319e-09
6,8,14,ym_hol,7.022794006778136e-09
6,8,15,ym_hol,37.828086523256204
6,8,16,ym_hol,15.62963527204102
6,8,17,ym_hol,9.780139355585613
6,8,18,ym_hol,0.6243059717191198
6,8,19,ym_hol,0.11316329783208942
6,8,20,ym_hol,0.048206789352548574
6,8,21,ym_hol,0.275091063810059
6,8,22,ym_hol,9.677679977052678e-09
6,8,23,ym_hol,1.1626737197719962e-08
6,9,0,ym_hol,9.79757109283639e-08
6,9,1,ym_hol,1.0685094011265184e-07
6,9,2,ym_hol,1.177961931623257e-06
6,9,3,ym_hol,3.8946085259873864
6,9,4,ym_hol,10.716364443483226
6,9,5,ym_hol,0.03235995607436748
6,9,6,ym_hol,2.4576055687115875e-08
6,9,7,ym_hol,1.6454926964172535e-08
6,9,8,ym_hol,9.463341239853615e-09
6,9,9,ym_hol,8.391521013261225e-09
6,9,10,ym_hol,7.951461778506969e-09
6,9,11,ym_hol,1.0971967772135755e-08
6,9,12,ym_hol,0.029899322626918252
6,9,13,ym_hol,4.846157103449531e-09
6,9,14,ym_hol,6.888318999642954e-09
6,9,15,ym_hol,14.080341632737731
6,9,16,ym_hol,5.794955036125491
6,9,17,ym_hol,2.431789922267305
6,9,18,ym_hol,0.1916503502904927
6,9,19,ym_hol,2.1034433225256356e-08
6,9,20,ym_hol,1.4081587412840377e-08
6,9,21,ym_hol,8.704069739168524e-07
6,9,22,ym_hol,9.677580908637785e-09
6,9,23,ym_hol,1.1625107192230552e-08
6,0,SUM,ym_hol,16.840254803394032
6,1,SUM,ym_hol,24.29487505512128
6,2,SUM,ym_hol,101.75809788785392
6,3,SUM,ym_hol,220.93836986310964
6,4,SUM,ym_hol,28.091808256274938
6,5,SUM,ym_hol,190.84901813351394
6,6,SUM,ym_hol,57.11184404425879
6,7,SUM,ym_hol,34.56137243672471
6,8,SUM,ym_hol,84.43966902634007
6,9,SUM,ym_hol,37.171971588750935
6,0,0,dp_hol,4.932533578794458e-07
6,0,1,dp_hol,5.648426214584381e-07
6,0,2,dp_hol,6.11258293407137e-07
6,0,3,dp_hol,6.524240532119643e-07
6,0,4,dp_hol,6.813712840813369e-07
6,0,5,dp_hol,6.995390844976459e-07
6,0,6,dp_hol,5.7746952320626725
6,0,7,dp_hol,65.25376991577593
6,0,8,dp_hol,59.86034804524843
6,0,9,dp_hol,42.47184772094596
6,0,10,dp_hol,75.44960912914611
6,0,11,dp_hol,58.561059832393354
6,0,12,dp_hol,42.69140428669418
6,0,13,dp_hol,0.03074651945115843
6,0,14,dp_hol,18.15297198111628
6,0,15,dp_hol,9.412509453502038
6,0,16,dp_hol,14.82853097827779
6,0,17,dp_hol,24.897514625914383
6,0,18,dp_hol,28.063996457073685
6,0,19,dp_hol,7.455384452445619
6,0,20,dp_hol,1.278248308669913
6,0,21,dp_hol,0.5417698617642024
6,0,22,dp_hol,8.816320742568526e-07
6,0,23,dp_hol,9.543297128652506e-07
6,1,0,dp_hol,4.932453234462331e-07
6,1,1,dp_hol,5.647877645615272e-07
6,1,2,dp_hol,6.115938647988662e-07
6,1,3,dp_hol,6.451386214688549e-07
6,1,4,dp_hol,6.7340695285451e-07
6,1,5,dp_hol,6.982457427146655e-07
6,1,6,dp_hol,0.6929699183517545
6,1,7,dp_hol,24.54590229444937
6,1,8,dp_hol,13.215744029171951
6,1,9,dp_hol,31.661282445415768
6,1,10,dp_hol,22.05957078044924
6,1,11,dp_hol,34.15577149081993
6,1,12,dp_hol,39.29910536830982
6,1,13,dp_hol,0.03416549389365089
6,1,14,dp_hol,61.53339074853614
6,1,15,dp_hol,84.55470300424105
6,1,16,dp_hol,19.135631631502825
6,1,17,dp_hol,24.4174190706463
6,1,18,dp_hol,39.89785198241182
6,1,19,dp_hol,18.87355028540441
6,1,20,dp_hol,4.184259576504003
6,1,21,dp_hol,0.5851141837408631
6,1,22,dp_hol,8.866221300631121e-07
6,1,23,dp_hol,9.62214610155302e-07
6,2,0,dp_hol,4.932047347413047e-07
6,2,1,dp_hol,5.643851244435471e-07
6,2,2,dp_hol,6.0811547402864e-07
6,2,3,dp_hol,6.369864590993032e-07
6,2,4,dp_hol,6.633679510714849e-07
6,2,5,dp_hol,6.924724429855408e-07
6,2,6,dp_hol,4.897650180242676e-07
6,2,7,dp_hol,4.376577371639762e-07
6,2,8,dp_hol,3.7509220507811927
6,2,9,dp_hol,40.971060004515586
6,2,10,dp_hol,30.829974840370255
6,2,11,dp_hol,25.232381334053198
6,2,12,dp_hol,37.907051761613936
6,2,13,dp_hol,0.01519066231699316
6,2,14,dp_hol,34.262465719956815
6,2,15,dp_hol,53.07829457553462
6,2,16,dp_hol,111.1820996587002
6,2,17,dp_hol,81.01851324658054
6,2,18,dp_hol,163.44042957345349
6,2,19,dp_hol,78.11630042841712
6,2,20,dp_hol,9.116235361338621
6,2,21,dp_hol,3.8534223203736455
6,2,22,dp_hol,9.208477423374579e-07
6,2,23,dp_hol,9.662246828879983e-07
6,3,0,dp_hol,4.932089053180098e-07
6,3,1,dp_hol,5.644565147523695e-07
6,3,2,dp_hol,6.084645509985821e-07
6,3,3,dp_hol,6.382669890508441e-07
6,3,4,dp_hol,6.650962551857652e-07
6,3,5,dp_hol,6.938528974964746e-07
6,3,6,dp_hol,0.1441715845824872
6,3,7,dp_hol,0.18418373653111464
6,3,8,dp_hol,6.185723633431455
6,3,9,dp_hol,16.14896462377005
6,3,10,dp_hol,21.85728812156779
6,3,11,dp_hol,53.083342031629044
6,3,12,dp_hol,141.377835240138
6,3,13,dp_hol,0.034264685566115526
6,3,14,dp_hol,46.463478694329304
6,3,15,dp_hol,94.8653942894696
6,3,16,dp_hol,266.13230199235113
6,3,17,dp_hol,188.00274535131032
6,3,18,dp_hol,112.21682876415018
6,3,19,dp_hol,39.092608232851155
6,3,20,dp_hol,25.568812294937505
6,3,21,dp_hol,2.691785567500675
6,3,22,dp_hol,8.8923855612675e-07
6,3,23,dp_hol,9.59070230477075e-07
6,4,0,dp_hol,4.932112461209911e-07
6,4,1,dp_hol,5.645566778585856e-07
6,4,2,dp_hol,6.093328785554387e-07
6,4,3,dp_hol,6.43047955892462e-07
6,4,4,dp_hol,6.71004965723132e-07
6,4,5,dp_hol,6.94992274550543e-07
6,4,6,dp_hol,5.010085633592274e-07
6,4,7,dp_hol,6.6725740211396065
6,4,8,dp_hol,7.407623898345422
6,4,9,dp_hol,10.27383197878146
6,4,10,dp_hol,8.666303392157953
6,4,11,dp_hol,12.65827020976439
6,4,12,dp_hol,7.7917297613924426
6,4,13,dp_hol,0.031142877286591104
6,4,14,dp_hol,31.844410993009873
6,4,15,dp_hol,116.57786591644249
6,4,16,dp_hol,97.76150951267111
6,4,17,dp_hol,33.59640747143927
6,4,18,dp_hol,7.457264724335804
6,4,19,dp_hol,20.26197054659025
6,4,20,dp_hol,2.9790315191218197
6,4,21,dp_hol,0.4886504207337805
6,4,22,dp_hol,8.915409291357789e-07
6,4,23,dp_hol,9.54685781031085e-07
6,5,0,dp_hol,4.932165698588252e-07
6,5,1,dp_hol,5.645387850410857e-07
6,5,2,dp_hol,6.091377062002729e-07
6,5,3,dp_hol,6.415742017279633e-07
6,5,4,dp_hol,6.697314827868955e-07
6,5,5,dp_hol,6.948295647182029e-07
6,5,6,dp_hol,0.579040176899617
6,5,7,dp_hol,0.584855120697001
6,5,8,dp_hol,40.33851491768287
6,5,9,dp_hol,12.864506660689507
6,5,10,dp_hol,26.482027324223587
6,5,11,dp_hol,19.982787650147017
6,5,12,dp_hol,59.67739109950309
6,5,13,dp_hol,0.03428944316792668
6,5,14,dp_hol,60.13346955120935
6,5,15,dp_hol,474.3807770443806
6,5,16,dp_hol,164.85055025547265
6,5,17,dp_hol,48.90497780370589
6,5,18,dp_hol,85.80803956012367
6,5,19,dp_hol,40.755404227374996
6,5,20,dp_hol,8.951460210997457
6,5,21,dp_hol,1.018981703954935
6,5,22,dp_hol,8.922358615043734e-07
6,5,23,dp_hol,9.57697537637505e-07
6,6,0,dp_hol,4.93233857640651e-07
6,6,1,dp_hol,5.646816738097775e-07
6,6,2,dp_hol,6.121485043450589e-07
6,6,3,dp_hol,6.437881556476885e-07
6,6,4,dp_hol,6.713444246102516e-07
6,6,5,dp_hol,6.997943918482085e-07
6,6,6,dp_hol,1.02580241684041
6,6,7,dp_hol,16.020410839172335
6,6,8,dp_hol,21.739802072132857
6,6,9,dp_hol,34.31684288357613
6,6,10,dp_hol,38.16716339214448
6,6,11,dp_hol,34.06344134469959
6,6,12,dp_hol,28.88959631558414
6,6,13,dp_hol,0.01895624648444744
6,6,14,dp_hol,37.429447267146536
6,6,15,dp_hol,30.554468079405975
6,6,16,dp_hol,35.613765813578304
6,6,17,dp_hol,54.46898152079248
6,6,18,dp_hol,129.39632655686125
6,6,19,dp_hol,25.02586934236133
6,6,20,dp_hol,3.7175678917024517
6,6,21,dp_hol,0.703616811503753
6,6,22,dp_hol,8.893407270432388e-07
6,6,23,dp_hol,9.534965686073729e-07
6,7,0,dp_hol,4.932069322833759e-07
6,7,1,dp_hol,5.642650055902883e-07
6,7,2,dp_hol,6.059286930272182e-07
6,7,3,dp_hol,6.416858671523404e-07
6,7,4,dp_hol,6.70050238960524e-07
6,7,5,dp_hol,6.917405594469513e-07
6,7,6,dp_hol,0.153453469317288
6,7,7,dp_hol,0.14711210815838507
6,7,8,dp_hol,6.444160240804573
6,7,9,dp_hol,6.675098477129024
6,7,10,dp_hol,9.452805639838552
6,7,11,dp_hol,19.758846501042342
6,7,12,dp_hol,72.10240362628943
6,7,13,dp_hol,0.033617199824440766
6,7,14,dp_hol,38.85294936742258
6,7,15,dp_hol,28.720411579047592
6,7,16,dp_hol,112.15390527644762
6,7,17,dp_hol,72.77693251021896
6,7,18,dp_hol,49.885073541105406
6,7,19,dp_hol,17.089037378829747
6,7,20,dp_hol,11.027636943204339
6,7,21,dp_hol,0.5243205973569769
6,7,22,dp_hol,8.877457415503278e-07
6,7,23,dp_hol,9.63719105781236e-07
6,8,0,dp_hol,4.932255046109582e-07
6,8,1,dp_hol,5.646012223639202e-07
6,8,2,dp_hol,6.102073842632367e-07
6,8,3,dp_hol,6.379396686778995e-07
6,8,4,dp_hol,6.645987367112665e-07
6,8,5,dp_hol,6.953303287543998e-07
6,8,6,dp_hol,5.07082446373023e-07
6,8,7,dp_hol,30.26302443387469
6,8,8,dp_hol,10.596191752691873
6,8,9,dp_hol,12.87529012866184
6,8,10,dp_hol,17.960542554931045
6,8,11,dp_hol,11.874698367988447
6,8,12,dp_hol,27.068806046333663
6,8,13,dp_hol,0.03405001365704332
6,8,14,dp_hol,50.89064502085904
6,8,15,dp_hol,133.97333532666576
6,8,16,dp_hol,173.71070615803467
6,8,17,dp_hol,54.11892671869543
6,8,18,dp_hol,24.313054085480903
6,8,19,dp_hol,26.16940324079915
6,8,20,dp_hol,10.466551340349202
6,8,21,dp_hol,0.8045657265408624
6,8,22,dp_hol,8.930789171275573e-07
6,8,23,dp_hol,9.636816784379842e-07
6,9,0,dp_hol,4.932120330017235e-07
6,9,1,dp_hol,5.643899260387529e-07
6,9,2,dp_hol,6.081936294205673e-07
6,9,3,dp_hol,6.371882715539333e-07
6,9,4,dp_hol,6.63634787695488e-07
6,9,5,dp_hol,6.927088220428156e-07
6,9,6,dp_hol,4.926082357207257e-07
6,9,7,dp_hol,0.15295407826922552
6,9,8,dp_hol,20.927041902610593
6,9,9,dp_hol,14.271384008293188
6,9,10,dp_hol,14.300337332473651
6,9,11,dp_hol,20.497691001349207
6,9,12,dp_hol,16.306481944203433
6,9,13,dp_hol,0.03382866706046284
6,9,14,dp_hol,43.15033172858931
6,9,15,dp_hol,69.31295072686285
6,9,16,dp_hol,58.51264148131642
6,9,17,dp_hol,42.73346170199583
6,9,18,dp_hol,21.525225075893072
6,9,19,dp_hol,6.555893197697504
6,9,20,dp_hol,5.137549030797145
6,9,21,dp_hol,0.9251093993395065
6,9,22,dp_hol,8.869465987458163e-07
6,9,23,dp_hol,9.621577024758681e-07
6,0,SUM,dp_hol,454.7244123391322
6,1,SUM,dp_hol,418.84643783910394
6,2,SUM,dp_hol,672.7743480110336
6,3,SUM,dp_hol,1014.0497343557709
6,4,SUM,dp_hol,364.46859326659353
6,5,SUM,dp_hol,1045.347078273192
6,6,SUM,dp_hol,491.15206432181475
6,7,SUM,dp_hol,445.79776997437943
6,8,SUM,dp_hol,585.1197969453095
6,9,SUM,dp_hol,334.3428872777914
6,0,0,dm_hol,4.931907708108828e-07
6,0,1,dm_hol,5.64261758933875e-07
6,0,2,dm_hol,6.070772025182895e-07
6,0,3,dm_hol,6.336899302202502e-07
6,0,4,dm_hol,6.614248464514592e-07
6,0,5,dm_hol,6.905702267684895e-07
6,0,6,dm_hol,0.11961523884204917
6,0,7,dm_hol,0.08274741670491469
6,0,8,dm_hol,21.806947421727877
6,0,9,dm_hol,39.803008157935736
6,0,10,dm_hol,71.83804710581086
6,0,11,dm_hol,57.61181702360301
6,0,12,dm_hol,55.79146508577349
6,0,13,dm_hol,5.206021169282528e-07
6,0,14,dm_hol,35.79145211750965
6,0,15,dm_hol,46.852047316853586
6,0,16,dm_hol,36.85114578474125
6,0,17,dm_hol,40.48644260233749
6,0,18,dm_hol,39.46036115422127
6,0,19,dm_hol,7.321650696740558
6,0,20,dm_hol,4.081827892265138
6,0,21,dm_hol,0.06689971214882794
6,0,22,dm_hol,9.003917214422746e-07
6,0,23,dm_hol,9.644732424056273e-07
6,1,0,dm_hol,4.931986310950159e-07
6,1,1,dm_hol,5.643140422040839e-07
6,1,2,dm_hol,6.066794698044437e-07
6,1,3,dm_hol,6.39278799498253e-07
6,1,4,dm_hol,6.660757696001566e-07
6,1,5,dm_hol,6.916426620866259e-07
6,1,6,dm_hol,0.5849538286499676
6,1,7,dm_hol,1.8717918405947338
6,1,8,dm_hol,21.280554209369
6,1,9,dm_hol,24.677551808205653
6,1,10,dm_hol,38.6791446344227
6,1,11,dm_hol,29.338879910085797
6,1,12,dm_hol,31.27228536618207
6,1,13,dm_hol,5.206018661855325e-07
6,1,14,dm_hol,52.364722372939404
6,1,15,dm_hol,105.37575703468187
6,1,16,dm_hol,51.65522728492588
6,1,17,dm_hol,39.57970001076826
6,1,18,dm_hol,50.68675048518023
6,1,19,dm_hol,23.770164425206485
6,1,20,dm_hol,2.2808541387110086
6,1,21,dm_hol,0.382269597874402
6,1,22,dm_hol,8.947901346542558e-07
6,1,23,dm_hol,9.564445676137406e-07
6,2,0,dm_hol,4.932384281376816e-07
6,2,1,dm_hol,5.647119076628489e-07
6,2,2,dm_hol,6.105886805293928e-07
6,2,3,dm_hol,6.458610063931422e-07
6,2,4,dm_hol,6.741416778265201e-07
6,2,5,dm_hol,6.978631407329382e-07
6,2,6,dm_hol,1.901123798305685
6,2,7,dm_hol,41.98871009414103
6,2,8,dm_hol,22.93800638734803
6,2,9,dm_hol,24.167406718906545
6,2,10,dm_hol,33.55758251952696
6,2,11,dm_hol,25.963552144033155
6,2,12,dm_hol,44.28242265711066
6,2,13,dm_hol,0.16503570794773414
6,2,14,dm_hol,42.07381682076493
6,2,15,dm_hol,145.30329426723796
6,2,16,dm_hol,131.92695654153223
6,2,17,dm_hol,74.02279752616175
6,2,18,dm_hol,87.84884709027399
6,2,19,dm_hol,43.801310566018834
6,2,20,dm_hol,6.342283546226226
6,2,21,dm_hol,6.862685362331913
6,2,22,dm_hol,8.918739229303992e-07
6,2,23,dm_hol,9.583646760272075e-07
6,3,0,dm_hol,4.932343156099503e-07
6,3,1,dm_hol,5.646376623695711e-07
6,3,2,dm_hol,6.096866906753121e-07
6,3,3,dm_hol,6.445694509628886e-07
6,3,4,dm_hol,6.723937087656397e-07
6,3,5,dm_hol,6.957782960130294e-07
6,3,6,dm_hol,0.871284049842777
6,3,7,dm_hol,28.292012360813015
6,3,8,dm_hol,15.907837178386048
6,3,9,dm_hol,15.430774318915205
6,3,10,dm_hol,14.789421489738466
6,3,11,dm_hol,31.8925968048561
6,3,12,dm_hol,88.86798690214584
6,3,13,dm_hol,5.206018365690177e-07
6,3,14,dm_hol,74.02068714173816
6,3,15,dm_hol,265.6244881203399
6,3,16,dm_hol,118.5583019454993
6,3,17,dm_hol,72.55752506146084
6,3,18,dm_hol,109.86602724870122
6,3,19,dm_hol,36.607742771236744
6,3,20,dm_hol,29.333583977269903
6,3,21,dm_hol,1.996588474076767
6,3,22,dm_hol,8.909450594799616e-07
6,3,23,dm_hol,9.596631034426776e-07
6,4,0,dm_hol,4.932320241406896e-07
6,4,1,dm_hol,5.645398731475307e-07
6,4,2,dm_hol,6.088610619356533e-07
6,4,3,dm_hol,6.405898997598929e-07
6,4,4,dm_hol,6.679489180949106e-07
6,4,5,dm_hol,6.94729701408732e-07
6,4,6,dm_hol,0.4522932633664224
6,4,7,dm_hol,2.1589207643561785
6,4,8,dm_hol,7.073118667881285
6,4,9,dm_hol,13.602225546548203
6,4,10,dm_hol,8.082215801843498
6,4,11,dm_hol,14.675838795852435
6,4,12,dm_hol,12.256980101052086
6,4,13,dm_hol,5.206022258326141e-07
6,4,14,dm_hol,22.845804692316463
6,4,15,dm_hol,41.40826810250137
6,4,16,dm_hol,134.8489945536339
6,4,17,dm_hol,33.620760251370065
6,4,18,dm_hol,13.246145680777916
6,4,19,dm_hol,26.393902961708562
6,4,20,dm_hol,2.8494068009476523
6,4,21,dm_hol,2.6717119357020865e-06
6,4,22,dm_hol,8.879948032169626e-07
6,4,23,dm_hol,9.64524525110247e-07
6,5,0,dm_hol,4.932268310660388e-07
6,5,1,dm_hol,5.645616203241343e-07
6,5,2,dm_hol,6.09602279498568e-07
6,5,3,dm_hol,6.41719479427148e-07
6,5,4,dm_hol,6.685783496185187e-07
6,5,5,dm_hol,6.955995906873513e-07
6,5,6,dm_hol,0.8939838379028862
6,5,7,dm_hol,32.43315742927365
6,5,8,dm_hol,22.38911120511696
6,5,9,dm_hol,18.25975958211076
6,5,10,dm_hol,19.904012611417144
6,5,11,dm_hol,34.50043245927167
6,5,12,dm_hol,91.01481384636273
6,5,13,dm_hol,5.206018275372488e-07
6,5,14,dm_hol,62.83936770078425
6,5,15,dm_hol,85.15774061067147
6,5,16,dm_hol,176.3463639568919
6,5,17,dm_hol,72.90016159989302
6,5,18,dm_hol,98.92203149605893
6,5,19,dm_hol,42.20255666385504
6,5,20,dm_hol,8.026942879335161
6,5,21,dm_hol,0.2098753317373521
6,5,22,dm_hol,8.875847158590689e-07
6,5,23,dm_hol,9.60456942094016e-07
6,6,0,dm_hol,4.932099720647337e-07
6,6,1,dm_hol,5.644375232591961e-07
6,6,2,dm_hol,6.093366793658199e-07
6,6,3,dm_hol,6.399267814035439e-07
6,6,4,dm_hol,6.675110262045181e-07
6,6,5,dm_hol,6.946695463643944e-07
6,6,6,dm_hol,0.9113251644302639
6,6,7,dm_hol,7.2057089111948756
6,6,8,dm_hol,41.11348606686982
6,6,9,dm_hol,49.38658553326806
6,6,10,dm_hol,35.33739882010048
6,6,11,dm_hol,40.2520134198677
6,6,12,dm_hol,30.487060159220718
6,6,13,dm_hol,0.13521193594709457
6,6,14,dm_hol,18.52695837418572
6,6,15,dm_hol,81.91702931483064
6,6,16,dm_hol,89.34414188659875
6,6,17,dm_hol,81.6728420284651
6,6,18,dm_hol,103.77219668194343
6,6,19,dm_hol,38.337507852589866
6,6,20,dm_hol,6.083544750865091
6,6,21,dm_hol,0.29327485335175785
6,6,22,dm_hol,8.904369655381054e-07
6,6,23,dm_hol,9.667381728107579e-07
6,7,0,dm_hol,4.932363036058359e-07
6,7,1,dm_hol,5.648348541788496e-07
6,7,2,dm_hol,6.136335179805518e-07
6,7,3,dm_hol,6.418051536893832e-07
6,7,4,dm_hol,6.686918032141564e-07
6,7,5,dm_hol,7.00031859563231e-07
6,7,6,dm_hol,0.44930797040373605
6,7,7,dm_hol,10.976215566022544
6,7,8,dm_hol,8.737303294524178
6,7,9,dm_hol,5.942348407201115
6,7,10,dm_hol,10.246565841940814
6,7,11,dm_hol,19.011571578778252
6,7,12,dm_hol,51.27625421319146
6,7,13,dm_hol,5.206019194730059e-07
6,7,14,dm_hol,25.19928991416967
6,7,15,dm_hol,97.83920273553628
6,7,16,dm_hol,106.17096948960712
6,7,17,dm_hol,53.40719160566296
6,7,18,dm_hol,71.92429721260235
6,7,19,dm_hol,20.52678960540475
6,7,20,dm_hol,10.874254641609298
6,7,21,dm_hol,0.5741117016706065
6,7,22,dm_hol,8.95150011589923e-07
6,7,23,dm_hol,9.550025220446672e-07
6,8,0,dm_hol,4.932180470874907e-07
6,8,1,dm_hol,5.644959065973415e-07
6,8,2,dm_hol,6.079798180888668e-07
6,8,3,dm_hol,6.449422216809843e-07
6,8,4,dm_hol,6.729617371399014e-07
6,8,5,dm_hol,6.943361437326609e-07
6,8,6,dm_hol,1.1901740329228934
6,8,7,dm_hol,3.921547864104619
6,8,8,dm_hol,15.374394091364133
6,8,9,dm_hol,16.74313481263246
6,8,10,dm_hol,16.475933253538486
6,8,11,dm_hol,17.303382494819793
6,8,12,dm_hol,43.28714495969476
6,8,13,dm_hol,5.206018899137007e-07
6,8,14,dm_hol,54.608127680100644
6,8,15,dm_hol,129.84778987366747
6,8,16,dm_hol,107.52381886268805
6,8,17,dm_hol,92.04915414493503
6,8,18,dm_hol,48.162288787647924
6,8,19,dm_hol,32.99085472742238
6,8,20,dm_hol,8.034701478348252
6,8,21,dm_hol,1.7516205267869105
6,8,22,dm_hol,8.867959920463423e-07
6,8,23,dm_hol,9.55023465630415e-07
6,9,0,dm_hol,4.932312875679982e-07
6,9,1,dm_hol,5.647095965778829e-07
6,9,2,dm_hol,6.109330427288576e-07
6,9,3,dm_hol,6.456640260190827e-07
6,9,4,dm_hol,6.738815183316889e-07
6,9,5,dm_hol,6.982811073898635e-07
6,9,6,dm_hol,0.9960736223491585
6,9,7,dm_hol,14.893974759966367
6,9,8,dm_hol,13.84531394094305
6,9,9,dm_hol,14.517314054234165
6,9,10,dm_hol,16.31530042860009
6,9,11,dm_hol,19.318205148449916
6,9,12,dm_hol,24.57539216890624
6,9,13,dm_hol,5.206019941612253e-07
6,9,14,dm_hol,34.44333425766702
6,9,15,dm_hol,96.10509262236916
6,9,16,dm_hol,100.65572258653083
6,9,17,dm_hol,64.63930519538809
6,9,18,dm_hol,38.11514460432234
6,9,19,dm_hol,7.442941160058647
6,9,20,dm_hol,4.519952421809908
6,9,21,dm_hol,8.380772430926377e-06
6,9,22,dm_hol,8.932658214556939e-07
6,9,23,dm_hol,9.564862555341592e-07
6,0,SUM,dm_hol,457.9654807628975
6,1,SUM,dm_hol,473.8006129808234
6,2,SUM,dm_hol,733.1458372845111
6,3,SUM,dm_hol,904.6168638965304
6,4,SUM,dm_hol,333.514884698891
6,5,SUM,dm_hol,766.0003172526146
6,6,SUM,dm_hol,624.776291279996
6,7,SUM,dm_hol,493.155679831313
6,8,SUM,dm_hol,589.264073631029
6,9,SUM,dm_hol,450.38308140942206
