seed,i,t,var,value
7,0,0,x_ind,0.0
7,0,1,x_ind,0.0
7,0,2,x_ind,0.0
7,0,3,x_ind,0.0
7,0,4,x_ind,0.0
7,0,5,x_ind,0.0
7,0,6,x_ind,0.0
7,0,7,x_ind,41.37541716600673
7,0,8,x_ind,211.45773200173738
7,0,9,x_ind,198.30960818643206
7,0,10,x_ind,328.72269701423266
7,0,11,x_ind,237.06113192771014
7,0,12,x_ind,225.93930509583072
7,0,13,x_ind,0.0
7,0,14,x_ind,27.953860147203972
7,0,15,x_ind,95.2710459492955
7,0,16,x_ind,131.3303674604025
7,0,17,x_ind,145.36192225806067
7,0,18,x_ind,161.01767730898476
7,0,19,x_ind,52.78031522185844
7,0,20,x_ind,48.68944076118562
7,0,21,x_ind,0.6957066272891363
7,0,22,x_ind,0.0
7,0,23,x_ind,0.0
7,1,0,x_ind,0.0
7,1,1,x_ind,0.0
7,1,2,x_ind,0.0
7,1,3,x_ind,0.0
7,1,4,x_ind,0.0
7,1,5,x_ind,0.0
7,1,6,x_ind,0.0
7,1,7,x_ind,13.425539409460397
7,1,8,x_ind,108.29811371594712
7,1,9,x_ind,149.37196552314396
7,1,10,x_ind,154.03749849446075
7,1,11,x_ind,183.972655153609
7,1,12,x_ind,179.1458919260267
7,1,13,x_ind,0.0
7,1,14,x_ind,182.0343624308275
7,1,15,x_ind,460.8054262919455
7,1,16,x_ind,157.46238754327445
7,1,17,x_ind,176.16413044176713
7,1,18,x_ind,224.0952590090277
7,1,19,x_ind,109.04092338555184
7,1,20,x_ind,54.16505194174445
7,1,21,x_ind,31.024890269883798
7,1,22,x_ind,0.0
7,1,23,x_ind,0.0
7,2,0,x_ind,0.0
7,2,1,x_ind,0.0
7,2,2,x_ind,0.0
7,2,3,x_ind,0.0
7,2,4,x_ind,0.0
7,2,5,x_ind,0.0
7,2,6,x_ind,0.0
7,2,7,x_ind,0.0
7,2,8,x_ind,0.0
7,2,9,x_ind,236.25913479079244
7,2,10,x_ind,179.47360876823743
7,2,11,x_ind,178.6543436508766
7,2,12,x_ind,245.6697118019708
7,2,13,x_ind,0.0
7,2,14,x_ind,150.5088341398052
7,2,15,x_ind,549.5500694350113
7,2,16,x_ind,740.6673629143072
7,2,17,x_ind,459.7797636402488
7,2,18,x_ind,727.7204344624317
7,2,19,x_ind,345.4699512050363
7,2,20,x_ind,117.79779870406026
7,2,21,x_ind,127.8282755437143
7,2,22,x_ind,35.426740921216165
7,2,23,x_ind,0.0
7,3,0,x_ind,0.0
7,3,1,x_ind,0.0
7,3,2,x_ind,0.0
7,3,3,x_ind,0.0
7,3,4,x_ind,0.0
7,3,5,x_ind,0.0
7,3,6,x_ind,0.0
7,3,7,x_ind,0.0
7,3,8,x_ind,17.113550280446884
7,3,9,x_ind,19.412676240107825
7,3,10,x_ind,103.0843638554116
7,3,11,x_ind,268.907753457942
7,3,12,x_ind,636.4531151634909
7,3,13,x_ind,0.0
7,3,14,x_ind,246.29534603904344
7,3,15,x_ind,1291.8023679276112
7,3,16,x_ind,1151.144507711874
7,3,17,x_ind,794.6968904347639
7,3,18,x_ind,608.5560568951686
7,3,19,x_ind,318.19068921827164
7,3,20,x_ind,248.78553910380296
7,3,21,x_ind,135.47292523551437
7,3,22,x_ind,0.0
7,3,23,x_ind,0.0
7,4,0,x_ind,0.0
7,4,1,x_ind,0.0
7,4,2,x_ind,0.0
7,4,3,x_ind,0.0
7,4,4,x_ind,0.0
7,4,5,x_ind,0.0
7,4,6,x_ind,0.0
7,4,7,x_ind,0.10878284057476263
7,4,8,x_ind,42.05230925356797
7,4,9,x_ind,64.48589040466126
7,4,10,x_ind,42.71378633961581
7,4,11,x_ind,55.5642415773356
7,4,12,x_ind,47.48260596966811
7,4,13,x_ind,0.0
7,4,14,x_ind,93.97664692943093
7,4,15,x_ind,537.8917460310165
7,4,16,x_ind,539.4276340913615
7,4,17,x_ind,162.77758929120785
7,4,18,x_ind,47.79695099974448
7,4,19,x_ind,124.79315900027653
7,4,20,x_ind,28.98526396745915
7,4,21,x_ind,15.661466332214886
7,4,22,x_ind,0.0
7,4,23,x_ind,0.0
7,5,0,x_ind,0.0
7,5,1,x_ind,0.0
7,5,2,x_ind,0.0
7,5,3,x_ind,0.0
7,5,4,x_ind,0.0
7,5,5,x_ind,0.0
7,5,6,x_ind,0.0
7,5,7,x_ind,0.0
7,5,8,x_ind,194.83801807154538
7,5,9,x_ind,69.6207205480209
7,5,10,x_ind,136.4470140887113
7,5,11,x_ind,172.89754043390428
7,5,12,x_ind,423.7885390749827
7,5,13,x_ind,0.0
7,5,14,x_ind,384.62694296434864
7,5,15,x_ind,2020.4150411489336
7,5,16,x_ind,1103.9669415932258
7,5,17,x_ind,397.2751814509423
7,5,18,x_ind,496.409381908927
7,5,19,x_ind,298.429745478526
7,5,20,x_ind,161.32678821477015
7,5,21,x_ind,43.33907041973614
7,5,22,x_ind,0.0
7,5,23,x_ind,0.0
7,6,0,x_ind,0.0
7,6,1,x_ind,0.0
7,6,2,x_ind,0.0
7,6,3,x_ind,0.0
7,6,4,x_ind,0.0
7,6,5,x_ind,0.0
7,6,6,x_ind,0.0
7,6,7,x_ind,0.0
7,6,8,x_ind,176.58842239577763
7,6,9,x_ind,272.29052716258093
7,6,10,x_ind,211.79230715585453
7,6,11,x_ind,183.55989292376347
7,6,12,x_ind,157.73997186672946
7,6,13,x_ind,0.0
7,6,14,x_ind,136.78750542979466
7,6,15,x_ind,280.7128766149715
7,6,16,x_ind,294.13359594963674
7,6,17,x_ind,404.58680196197054
7,6,18,x_ind,620.2596659182548
7,6,19,x_ind,174.38586021455183
7,6,20,x_ind,76.53115711415658
7,6,21,x_ind,56.85529394808106
7,6,22,x_ind,0.0
7,6,23,x_ind,0.0
7,7,0,x_ind,0.0
7,7,1,x_ind,0.0
7,7,2,x_ind,0.0
7,7,3,x_ind,0.0
7,7,4,x_ind,0.0
7,7,5,x_ind,0.0
7,7,6,x_ind,0.0
7,7,7,x_ind,0.0
7,7,8,x_ind,28.08936272535395
7,7,9,x_ind,21.957140418302522
7,7,10,x_ind,54.709971885848425
7,7,11,x_ind,112.98483038055622
7,7,12,x_ind,260.82521453295834
7,7,13,x_ind,0.0
7,7,14,x_ind,108.26504491949404
7,7,15,x_ind,308.1351842340431
7,7,16,x_ind,590.7600253782646
7,7,17,x_ind,303.9982540236865
7,7,18,x_ind,253.00982223530846
7,7,19,x_ind,115.65346609143832
7,7,20,x_ind,88.10731163780781
7,7,21,x_ind,47.96635209682743
7,7,22,x_ind,0.0
7,7,23,x_ind,0.0
7,8,0,x_ind,0.0
7,8,1,x_ind,0.0
7,8,2,x_ind,0.0
7,8,3,x_ind,0.0
7,8,4,x_ind,0.0
7,8,5,x_ind,0.0
7,8,6,x_ind,0.0
7,8,7,x_ind,6.931968159154936
7,8,8,x_ind,66.88515628875264
7,8,9,x_ind,70.63470587002672
7,8,10,x_ind,83.37771090809402
7,8,11,x_ind,93.0040183514527
7,8,12,x_ind,170.2449753591628
7,8,13,x_ind,0.0
7,8,14,x_ind,189.433460913398
7,8,15,x_ind,870.0441595540633
7,8,16,x_ind,816.2368398509111
7,8,17,x_ind,339.9624750420134
7,8,18,x_ind,192.9158135051264
7,8,19,x_ind,190.6225018915567
7,8,20,x_ind,105.99235684213679
7,8,21,x_ind,61.652426680250535
7,8,22,x_ind,0.0
7,8,23,x_ind,0.0
7,9,0,x_ind,0.0
7,9,1,x_ind,0.0
7,9,2,x_ind,0.0
7,9,3,x_ind,0.0
7,9,4,x_ind,0.0
7,9,5,x_ind,0.0
7,9,6,x_ind,0.0
7,9,7,x_ind,0.0
7,9,8,x_ind,72.84997554803245
7,9,9,x_ind,78.23600123262406
7,9,10,x_ind,76.54711158397083
7,9,11,x_ind,114.31801633227316
7,9,12,x_ind,97.0932136910486
7,9,13,x_ind,0.0
7,9,14,x_ind,142.6418114763465
7,9,15,x_ind,441.8526004521022
7,9,16,x_ind,367.8458366705346
7,9,17,x_ind,280.36807973063105
7,9,18,x_ind,136.79085086651673
7,9,19,x_ind,52.384894095096456
7,9,20,x_ind,57.59359808619747
7,9,21,x_ind,4.247593754644281
7,9,22,x_ind,0.0
7,9,23,x_ind,0.0
7,0,SUM,x_ind,1905.9662271262305
7,1,SUM,x_ind,2183.0440955366703
7,2,SUM,x_ind,4094.806029977709
7,3,SUM,x_ind,5839.91578156345
7,4,SUM,x_ind,1803.7180730281352
7,5,SUM,x_ind,5903.380925396574
7,6,SUM,x_ind,3046.2238786561234
7,7,SUM,x_ind,2294.4619805598895
7,8,SUM,x_ind,3257.9385692161004
7,9,SUM,x_ind,1922.7695835200184
7,0,0,yp_ind,0.0
7,0,1,yp_ind,0.0
7,0,2,yp_ind,0.0
7,0,3,yp_ind,0.0
7,0,4,yp_ind,0.0
7,0,5,yp_ind,0.0
7,0,6,yp_ind,4.265617129094525
7,0,7,yp_ind,51.32805184075069
7,0,8,yp_ind,65.70488770964647
7,0,9,yp_ind,47.91124233294003
7,0,10,yp_ind,94.67934657878642
7,0,11,yp_ind,104.67338515003873
7,0,12,yp_ind,117.15055965715842
7,0,13,yp_ind,286.4523412463965
7,0,14,yp_ind,115.16502523321006
7,0,15,yp_ind,2.3456851385055484
7,0,16,yp_ind,8.796132320618854
7,0,17,yp_ind,18.912094304311402
7,0,18,yp_ind,30.19933991725678
7,0,19,yp_ind,1.0950683830835823
7,0,20,yp_ind,1.687237598887676
7,0,21,yp_ind,7.229643962293717
7,0,22,yp_ind,6.986866914859556
7,0,23,yp_ind,0.5163574951012476
7,1,0,yp_ind,0.0
7,1,1,yp_ind,0.0
7,1,2,yp_ind,0.0
7,1,3,yp_ind,0.0
7,1,4,yp_ind,0.0
7,1,5,yp_ind,0.0
7,1,6,yp_ind,0.5439091832312333
7,1,7,yp_ind,25.326159722759776
7,1,8,yp_ind,12.84528689206262
7,1,9,yp_ind,22.5749321207128
7,1,10,yp_ind,21.883842631815554
7,1,11,yp_ind,46.406061527222434
7,1,12,yp_ind,47.05496573389083
7,1,13,yp_ind,476.5104533833547
7,1,14,yp_ind,342.0324905762441
7,1,15,yp_ind,74.89578877497627
7,1,16,yp_ind,14.54574857233502
7,1,17,yp_ind,30.295030494991515
7,1,18,yp_ind,57.90469705224322
7,1,19,yp_ind,8.015027246531814
7,1,20,yp_ind,2.382908984035317
7,1,21,yp_ind,4.660300296322711
7,1,22,yp_ind,9.887753929713352
7,1,23,yp_ind,5.3360327343922
7,2,0,yp_ind,0.0
7,2,1,yp_ind,0.0
7,2,2,yp_ind,0.0
7,2,3,yp_ind,0.0
7,2,4,yp_ind,0.0
7,2,5,yp_ind,0.0
7,2,6,yp_ind,0.0
7,2,7,yp_ind,0.0
7,2,8,yp_ind,0.14418909136128508
7,2,9,yp_ind,27.902094433934117
7,2,10,yp_ind,23.33971270739221
7,2,11,yp_ind,13.513327103307219
7,2,12,yp_ind,43.21502934828215
7,2,13,yp_ind,418.2878357815809
7,2,14,yp_ind,178.95546804313094
7,2,15,yp_ind,51.91043230724461
7,2,16,yp_ind,129.0212279279395
7,2,17,yp_ind,126.7561278391133
7,2,18,yp_ind,288.396796101057
7,2,19,yp_ind,88.99451961193108
7,2,20,yp_ind,11.668168246499011
7,2,21,yp_ind,19.837146403855268
7,2,22,yp_ind,14.223273266308963
7,2,23,yp_ind,9.022738089654803
7,3,0,yp_ind,0.0
7,3,1,yp_ind,0.0
7,3,2,yp_ind,0.0
7,3,3,yp_ind,0.0
7,3,4,yp_ind,0.0
7,3,5,yp_ind,0.0
7,3,6,yp_ind,0.10555907237908645
7,3,7,yp_ind,6.440773341642967
7,3,8,yp_ind,6.244882038784628
7,3,9,yp_ind,0.5729078064157758
7,3,10,yp_ind,0.7304313455226574
7,3,11,yp_ind,25.50571567588083
7,3,12,yp_ind,269.3907876293819
7,3,13,yp_ind,738.4206901701713
7,3,14,yp_ind,303.374323200329
7,3,15,yp_ind,143.59858600052738
7,3,16,yp_ind,279.59195539833445
7,3,17,yp_ind,187.02482272516383
7,3,18,yp_ind,172.28613106047914
7,3,19,yp_ind,33.44030426313461
7,3,20,yp_ind,42.24465400487911
7,3,21,yp_ind,2.7082518415770465
7,3,22,yp_ind,35.941269419436246
7,3,23,yp_ind,21.01027652828143
7,4,0,yp_ind,0.0
7,4,1,yp_ind,0.0
7,4,2,yp_ind,0.0
7,4,3,yp_ind,0.0
7,4,4,yp_ind,0.0
7,4,5,yp_ind,0.0
7,4,6,yp_ind,0.0
7,4,7,yp_ind,10.554033766064777
7,4,8,yp_ind,5.5845613575208155
7,4,9,yp_ind,8.549205184275461
7,4,10,yp_ind,3.8018291558558737
7,4,11,yp_ind,14.817304338992388
7,4,12,yp_ind,6.774606050912772
7,4,13,yp_ind,96.09472302428213
7,4,14,yp_ind,127.60102472715644
7,4,15,yp_ind,65.47893973566705
7,4,16,yp_ind,154.93726325643004
7,4,17,yp_ind,35.14061767626417
7,4,18,yp_ind,8.549360336359133
7,4,19,yp_ind,27.746765571421165
7,4,20,yp_ind,5.756259227467981
7,4,21,yp_ind,2.2316238232499903
7,4,22,yp_ind,7.176738990303351
7,4,23,yp_ind,2.400801871983953
7,5,0,yp_ind,0.0
7,5,1,yp_ind,0.0
7,5,2,yp_ind,0.0
7,5,3,yp_ind,0.0
7,5,4,yp_ind,0.0
7,5,5,yp_ind,0.0
7,5,6,yp_ind,0.875440715176321
7,5,7,yp_ind,6.233336935367419
7,5,8,yp_ind,22.118802370529973
7,5,9,yp_ind,1.6393239019390733
7,5,10,yp_ind,0.043429792006709114
7,5,11,yp_ind,5.161568281136568
7,5,12,yp_ind,64.65857869937898
7,5,13,yp_ind,988.568392438975
7,5,14,yp_ind,542.5487297783552
7,5,15,yp_ind,366.41190117741775
7,5,16,yp_ind,292.8208682185394
7,5,17,yp_ind,36.701326803681354
7,5,18,yp_ind,120.57218728569383
7,5,19,yp_ind,38.479791303987106
7,5,20,yp_ind,13.993271437505086
7,5,21,yp_ind,23.00360726540756
7,5,22,yp_ind,38.311723528828246
7,5,23,yp_ind,10.334600376537132
7,6,0,yp_ind,0.0
7,6,1,yp_ind,0.0
7,6,2,yp_ind,0.0
7,6,3,yp_ind,0.0
7,6,4,yp_ind,0.0
7,6,5,yp_ind,0.0
7,6,6,yp_ind,0.6966190489311201
7,6,7,yp_ind,22.041766012132356
7,6,8,yp_ind,26.834124432101117
7,6,9,yp_ind,45.84131324871262
7,6,10,yp_ind,29.891836604241817
7,6,11,yp_ind,34.65177308790368
7,6,12,yp_ind,27.923695249467777
7,6,13,yp_ind,304.6720878795003
7,6,14,yp_ind,127.27329545215277
7,6,15,yp_ind,43.94573906819082
7,6,16,yp_ind,32.26413514918085
7,6,17,yp_ind,69.94601997473023
7,6,18,yp_ind,213.66063313561574
7,6,19,yp_ind,14.934703478594711
7,6,20,yp_ind,3.8963132322069636
7,6,21,yp_ind,3.9747758643057973
7,6,22,yp_ind,15.352050629163442
7,6,23,yp_ind,6.6358226519695265
7,7,0,yp_ind,0.0
7,7,1,yp_ind,0.0
7,7,2,yp_ind,0.0
7,7,3,yp_ind,0.0
7,7,4,yp_ind,0.0
7,7,5,yp_ind,0.0
7,7,6,yp_ind,0.1260993794281574
7,7,7,yp_ind,3.2163132388054594
7,7,8,yp_ind,2.164971970115917
7,7,9,yp_ind,0.11586670116419268
7,7,10,yp_ind,0.1061020426478661
7,7,11,yp_ind,11.36152590889501
7,7,12,yp_ind,96.22029282255073
7,7,13,yp_ind,301.41977013367557
7,7,14,yp_ind,135.2500386696086
7,7,15,yp_ind,59.262872280939135
7,7,16,yp_ind,142.87283870141312
7,7,17,yp_ind,78.20842235019808
7,7,18,yp_ind,84.31742926130254
7,7,19,yp_ind,7.323333726362314
7,7,20,yp_ind,14.85783097208634
7,7,21,yp_ind,0.8906698530137825
7,7,22,yp_ind,14.982150684421688
7,7,23,yp_ind,3.6776145435439775
7,8,0,yp_ind,0.0
7,8,1,yp_ind,0.0
7,8,2,yp_ind,0.0
7,8,3,yp_ind,0.0
7,8,4,yp_ind,0.0
7,8,5,yp_ind,0.0
7,8,6,yp_ind,0.0
7,8,7,yp_ind,30.46316625918096
7,8,8,yp_ind,5.320118136804243
7,8,9,yp_ind,2.007373475890949
7,8,10,yp_ind,2.066290753072431
7,8,11,yp_ind,1.590008602778592
7,8,12,yp_ind,27.683947736811565
7,8,13,yp_ind,357.09529481562595
7,8,14,yp_ind,299.7931679517691
7,8,15,yp_ind,170.53824859935992
7,8,16,yp_ind,146.3533183470618
7,8,17,yp_ind,67.08189119993668
7,8,18,yp_ind,28.701645794250368
7,8,19,yp_ind,24.491837944471317
7,8,20,yp_ind,19.343096999456442
7,8,21,yp_ind,2.1889673572272197
7,8,22,yp_ind,18.642513294057704
7,8,23,yp_ind,6.10402631002766
7,9,0,yp_ind,0.0
7,9,1,yp_ind,0.0
7,9,2,yp_ind,0.0
7,9,3,yp_ind,0.0
7,9,4,yp_ind,0.0
7,9,5,yp_ind,0.0
7,9,6,yp_ind,0.0
7,9,7,yp_ind,2.0007867485315187
7,9,8,yp_ind,15.367378043221443
7,9,9,yp_ind,6.720197782682574
7,9,10,yp_ind,3.450268883799682
7,9,11,yp_ind,13.201951101220732
7,9,12,yp_ind,9.121183662383777
7,9,13,yp_ind,207.18994191078792
7,9,14,yp_ind,190.66938828219895
7,9,15,yp_ind,77.8095339167506
7,9,16,yp_ind,55.55267003989282
7,9,17,yp_ind,61.046166140175465
7,9,18,yp_ind,26.510532306924052
7,9,19,yp_ind,0.4522544959589066
7,9,20,yp_ind,6.8397579183074155
7,9,21,yp_ind,8.453540587753876
7,9,22,yp_ind,7.977482886948092
7,9,23,yp_ind,3.8602124828600717
7,0,SUM,yp_ind,965.0988829129402
7,1,SUM,yp_ind,1203.1013898568353
7,2,SUM,yp_ind,1445.1880863025924
7,3,SUM,yp_ind,2268.632321522321
7,4,SUM,yp_ind,583.1956580942076
7,5,SUM,yp_ind,2572.4768803104625
7,6,SUM,yp_ind,1024.4367041991015
7,7,SUM,yp_ind,956.3741432401724
7,8,SUM,yp_ind,1209.464913577783
7,9,SUM,yp_ind,696.2232471903978
7,0,0,ym_ind,0.0
7,0,1,ym_ind,0.0
7,0,2,ym_ind,0.5618438483604584
7,0,3,ym_ind,5.217799913352751
7,0,4,ym_ind,13.636514637618664
7,0,5,ym_ind,2.4186595908349866
7,0,6,ym_ind,0.0
7,0,7,ym_ind,0.036965213295372244
7,0,8,ym_ind,12.405752417812147
7,0,9,ym_ind,11.769162075854092
7,0,10,ym_ind,28.837724216402822
7,0,11,ym_ind,18.301787571891555
7,0,12,ym_ind,13.765812373809265
7,0,13,ym_ind,0.0
7,0,14,ym_ind,0.0
7,0,15,ym_ind,2.838298342701209
7,0,16,ym_ind,6.693404237125808
7,0,17,ym_ind,6.784696255378597
7,0,18,ym_ind,7.465695606538441
7,0,19,ym_ind,0.025145878560774087
7,0,20,ym_ind,0.6752652907758325
7,0,21,ym_ind,0.013297797088809267
7,0,22,ym_ind,0.0
7,0,23,ym_ind,0.0
7,1,0,ym_ind,0.0
7,1,1,ym_ind,0.0
7,1,2,ym_ind,0.23476936719597102
7,1,3,ym_ind,8.558184827837632
7,1,4,ym_ind,17.9459849204885
7,1,5,ym_ind,2.162940263566587
7,1,6,ym_ind,0.0
7,1,7,ym_ind,0.0
7,1,8,ym_ind,3.9273484444654994
7,1,9,ym_ind,9.414686574415459
7,1,10,ym_ind,5.690344251814463
7,1,11,ym_ind,12.951035660638453
7,1,12,ym_ind,10.938336915741942
7,1,13,ym_ind,0.0
7,1,14,ym_ind,0.8866015870502427
7,1,15,ym_ind,73.22200700595937
7,1,16,ym_ind,11.811782656180718
7,1,17,ym_ind,10.524608807149647
7,1,18,ym_ind,20.524292331802172
7,1,19,ym_ind,3.340922471473307
7,1,20,ym_ind,0.44826925462999084
7,1,21,ym_ind,1.305895234871259
7,1,22,ym_ind,0.0
7,1,23,ym_ind,0.0
7,2,0,ym_ind,0.0
7,2,1,ym_ind,0.0
7,2,2,ym_ind,1.9267802342300921
7,2,3,ym_ind,24.426698443608576
7,2,4,ym_ind,39.91471952638079
7,2,5,ym_ind,15.837130783401102
7,2,6,ym_ind,0.0
7,2,7,ym_ind,0.0
7,2,8,ym_ind,0.0
7,2,9,ym_ind,8.281190336175786
7,2,10,ym_ind,4.321257881530795
7,2,11,ym_ind,2.2034387966236126
7,2,12,ym_ind,12.961388664060042
7,2,13,ym_ind,0.0
7,2,14,ym_ind,0.0
7,2,15,ym_ind,62.16267216807765
7,2,16,ym_ind,96.38494276021589
7,2,17,ym_ind,37.05212424751612
7,2,18,ym_ind,65.9370733431535
7,2,19,ym_ind,22.51235306587236
7,2,20,ym_ind,2.690896024211651
7,2,21,ym_ind,2.0905470677577616
7,2,22,ym_ind,1.24719993275789
7,2,23,ym_ind,0.0
7,3,0,ym_ind,0.0
7,3,1,ym_ind,0.0
7,3,2,ym_ind,0.0
7,3,3,ym_ind,20.256115324816957
7,3,4,ym_ind,47.68986027295089
7,3,5,ym_ind,3.288555896396872
7,3,6,ym_ind,0.0
7,3,7,ym_ind,0.0
7,3,8,ym_ind,0.0
7,3,9,ym_ind,0.0
7,3,10,ym_ind,0.0
7,3,11,ym_ind,8.159851719817922
7,3,12,ym_ind,44.49982244128378
7,3,13,ym_ind,0.0
7,3,14,ym_ind,0.5636362044484102
7,3,15,ym_ind,237.02717992034778
7,3,16,ym_ind,171.96273126469907
7,3,17,ym_ind,67.56329528524508
7,3,18,ym_ind,41.89106084146279
7,3,19,ym_ind,11.49681719898664
7,3,20,ym_ind,3.604859398347991
7,3,21,ym_ind,8.169064024036336
7,3,22,ym_ind,0.0
7,3,23,ym_ind,0.0
7,4,0,ym_ind,0.0
7,4,1,ym_ind,0.0
7,4,2,ym_ind,0.8976519855278741
7,4,3,ym_ind,5.566636122593182
7,4,4,ym_ind,9.844793218274464
7,4,5,ym_ind,2.4279958987052734
7,4,6,ym_ind,0.0
7,4,7,ym_ind,0.0
7,4,8,ym_ind,0.6008403496354903
7,4,9,ym_ind,3.4276003850783714
7,4,10,ym_ind,0.8010093790587308
7,4,11,ym_ind,1.6014497265458079
7,4,12,ym_ind,1.2794826791587917
7,4,13,ym_ind,0.0
7,4,14,ym_ind,0.6186854375656687
7,4,15,ym_ind,81.70247063444687
7,4,16,ym_ind,88.28252441099346
7,4,17,ym_ind,17.31426827024082
7,4,18,ym_ind,1.3275191502045356
7,4,19,ym_ind,10.889068725177149
7,4,20,ym_ind,0.04823634319986704
7,4,21,ym_ind,0.6078168225198604
7,4,22,ym_ind,0.0
7,4,23,ym_ind,0.0
7,5,0,ym_ind,0.0
7,5,1,ym_ind,0.0
7,5,2,ym_ind,0.8511877363740034
7,5,3,ym_ind,13.017618972978191
7,5,4,ym_ind,48.305204107231745
7,5,5,ym_ind,4.78468899521531
7,5,6,ym_ind,0.0
7,5,7,ym_ind,0.0
7,5,8,ym_ind,0.0
7,5,9,ym_ind,0.0
7,5,10,ym_ind,0.0
7,5,11,ym_ind,0.0
7,5,12,ym_ind,19.57637948722865
7,5,13,ym_ind,0.0
7,5,14,ym_ind,2.3266437073555752
7,5,15,ym_ind,410.2857844118046
7,5,16,ym_ind,146.4887449005973
7,5,17,ym_ind,22.651911691364912
7,5,18,ym_ind,32.46147497482266
7,5,19,ym_ind,9.547378370670192
7,5,20,ym_ind,2.0358912277172565
7,5,21,ym_ind,2.049154285188807
7,5,22,ym_ind,0.0
7,5,23,ym_ind,0.0
7,6,0,ym_ind,0.0
7,6,1,ym_ind,0.0
7,6,2,ym_ind,0.4893497444916971
7,6,3,ym_ind,15.056153479582658
7,6,4,ym_ind,28.338710171701585
7,6,5,ym_ind,5.474000806282504
7,6,6,ym_ind,0.0
7,6,7,ym_ind,0.0
7,6,8,ym_ind,4.93131195562907
7,6,9,ym_ind,18.704673280029873
7,6,10,ym_ind,9.549152341849101
7,6,11,ym_ind,6.472405369541738
7,6,12,ym_ind,4.435535147605212
7,6,13,ym_ind,0.0
7,6,14,ym_ind,0.6041956044133732
7,6,15,ym_ind,28.850592209043757
7,6,16,ym_ind,29.157337012250554
7,6,17,ym_ind,44.78627295903658
7,6,18,ym_ind,60.46176030525874
7,6,19,ym_ind,6.9139332262714905
7,6,20,ym_ind,0.14184170889367037
7,6,21,ym_ind,2.4828584885436857
7,6,22,ym_ind,0.0
7,6,23,ym_ind,0.0
7,7,0,ym_ind,0.0
7,7,1,ym_ind,0.0
7,7,2,ym_ind,0.4272535554498516
7,7,3,ym_ind,6.288576679046639
7,7,4,ym_ind,14.634991370025183
7,7,5,ym_ind,1.7643467308238412
7,7,6,ym_ind,0.0
7,7,7,ym_ind,0.0
7,7,8,ym_ind,0.0
7,7,9,ym_ind,0.0
7,7,10,ym_ind,0.0
7,7,11,ym_ind,4.372674420925951
7,7,12,ym_ind,22.02226557590973
7,7,13,ym_ind,0.0
7,7,14,ym_ind,0.3674783852594413
7,7,15,ym_ind,33.38064854213338
7,7,16,ym_ind,91.90306969207312
7,7,17,ym_ind,32.086228585477706
7,7,18,ym_ind,19.46602121877723
7,7,19,ym_ind,4.737929566405682
7,7,20,ym_ind,2.029255617730842
7,7,21,ym_ind,3.6431629869178166
7,7,22,ym_ind,0.0
7,7,23,ym_ind,0.0
7,8,0,ym_ind,0.0
7,8,1,ym_ind,0.0
7,8,2,ym_ind,0.9881110665466838
7,8,3,ym_ind,11.2398642874549
7,8,4,ym_ind,22.323408085452424
7,8,5,ym_ind,2.653812158816452
7,8,6,ym_ind,0.0
7,8,7,ym_ind,0.0
7,8,8,ym_ind,0.0
7,8,9,ym_ind,0.0
7,8,10,ym_ind,0.0
7,8,11,ym_ind,0.620559194197439
7,8,12,ym_ind,5.813054658728473
7,8,13,ym_ind,0.0
7,8,14,ym_ind,0.8193424649813401
7,8,15,ym_ind,130.47682176620907
7,8,16,ym_ind,114.41540884533718
7,8,17,ym_ind,33.27731292399043
7,8,18,ym_ind,10.631260668488988
7,8,19,ym_ind,10.696100830503724
7,8,20,ym_ind,2.0408001324924347
7,8,21,ym_ind,3.2705216625586484
7,8,22,ym_ind,0.0
7,8,23,ym_ind,0.0
7,9,0,ym_ind,0.0
7,9,1,ym_ind,0.0
7,9,2,ym_ind,1.995670996664182
7,9,3,ym_ind,11.207014363497917
7,9,4,ym_ind,23.62601020471444
7,9,5,ym_ind,4.265749293752956
7,9,6,ym_ind,0.0
7,9,7,ym_ind,0.0
7,9,8,ym_ind,0.19299553316958432
7,9,9,ym_ind,1.2695445800731178
7,9,10,ym_ind,0.6915524495514234
7,9,11,ym_ind,3.5854981229709604
7,9,12,ym_ind,1.4986762332795749
7,9,13,ym_ind,0.0
7,9,14,ym_ind,0.1955571674370967
7,9,15,ym_ind,60.03576386635207
7,9,16,ym_ind,51.612790641530665
7,9,17,ym_ind,29.817474878514105
7,9,18,ym_ind,6.321534830413783
7,9,19,ym_ind,0.02106366961803966
7,9,20,ym_ind,0.30675378916700796
7,9,21,ym_ind,0.2600302267918139
7,9,22,ym_ind,0.0
7,9,23,ym_ind,0.0
7,0,SUM,ym_ind,131.44782526740158
7,1,SUM,ym_ind,193.8880105752812
7,2,SUM,ym_ind,399.9504132755736
7,3,SUM,ym_ind,666.1728497928405
7,4,SUM,ym_ind,227.2380495389262
7,5,SUM,ym_ind,714.3820628685492
7,6,SUM,ym_ind,266.8500838104253
7,7,SUM,ym_ind,237.12390292695642
7,8,SUM,ym_ind,349.2663787457582
7,9,SUM,ym_ind,196.90368084749875
7,0,0,x_re,1.0912707502678158e-09
7,0,1,x_re,1.260695964116992e-09
7,0,2,x_re,1.3626385777436772e-09
7,0,3,x_re,1.4555222211791678e-09
7,0,4,x_re,1.5751118361019563e-09
7,0,5,x_re,1.787780627382057e-09
7,0,6,x_re,3.2002619197621564e-09
7,0,7,x_re,4.301408881154577e-09
7,0,8,x_re,214.784793259377
7,0,9,x_re,234.74861879786891
7,0,10,x_re,387.05149864185313
7,0,11,x_re,310.88165243321737
7,0,12,x_re,350.33754776768984
7,0,13,x_re,0.0
7,0,14,x_re,141.1325273494659
7,0,15,x_re,119.14499113933778
7,0,16,x_re,193.5922980548789
7,0,17,x_re,179.27037325664068
7,0,18,x_re,204.3041497092469
7,0,19,x_re,38.8068829764611
7,0,20,x_re,38.129377426003515
7,0,21,x_re,0.8358838985841218
7,0,22,x_re,5.004369662493532e-07
7,0,23,x_re,1.748921710768247e-06
7,1,0,x_re,1.091270173604136e-09
7,1,1,x_re,1.2606901773642433e-09
7,1,2,x_re,1.3626141194632382e-09
7,1,3,x_re,1.454998021993408e-09
7,1,4,x_re,1.5742748610714625e-09
7,1,5,x_re,1.7875995703656662e-09
7,1,6,x_re,3.1604460908916043e-09
7,1,7,x_re,4.233108158854749e-09
7,1,8,x_re,107.8869446604398
7,1,9,x_re,138.81149264575353
7,1,10,x_re,166.95812813694445
7,1,11,x_re,224.0240430049252
7,1,12,x_re,255.9202728172031
7,1,13,x_re,0.0
7,1,14,x_re,359.3041368754271
7,1,15,x_re,517.200079153071
7,1,16,x_re,183.19383720492775
7,1,17,x_re,198.55066953408058
7,1,18,x_re,297.46191171141373
7,1,19,x_re,143.5966364664929
7,1,20,x_re,54.16505385642261
7,1,21,x_re,3.973263761435472
7,1,22,x_re,4.932554518003073e-07
7,1,23,x_re,1.7383715152896953e-06
7,2,0,x_re,1.0912661659072038e-09
7,2,1,x_re,1.2606306548273512e-09
7,2,2,x_re,1.3618716373854883e-09
7,2,3,x_re,1.454609735350812e-09
7,2,4,x_re,1.5739010287655299e-09
7,2,5,x_re,1.785986498948721e-09
7,2,6,x_re,3.0583387904698996e-09
7,2,7,x_re,3.9614469394954176e-09
7,2,8,x_re,2.2221445764196778e-07
7,2,9,x_re,225.60930996702024
7,2,10,x_re,179.47311798984202
7,2,11,x_re,197.42066254250923
7,2,12,x_re,337.34726599853104
7,2,13,x_re,0.0
7,2,14,x_re,280.82459203697925
7,2,15,x_re,592.4164724847792
7,2,16,x_re,803.0786503798328
7,2,17,x_re,478.2884127968666
7,2,18,x_re,821.7838849937738
7,2,19,x_re,428.50335994885546
7,2,20,x_re,123.10780394802103
7,2,21,x_re,147.43945769250837
7,2,22,x_re,5.126314589340555e-07
7,2,23,x_re,1.7872984969448545e-06
7,3,0,x_re,1.0912666219188424e-09
7,3,1,x_re,1.2606357444178512e-09
7,3,2,x_re,1.3619083509271183e-09
7,3,3,x_re,1.454785269060461e-09
7,3,4,x_re,1.574087522563465e-09
7,3,5,x_re,1.786124680847274e-09
7,3,6,x_re,3.1388739480655545e-09
7,3,7,x_re,3.997998458877037e-09
7,3,8,x_re,7.906439201470365e-06
7,3,9,x_re,27.64390079342357
7,3,10,x_re,122.6494826858677
7,3,11,x_re,316.99318418497046
7,3,12,x_re,736.9529522145494
7,3,13,x_re,0.0
7,3,14,x_re,363.00510073959
7,3,15,x_re,1177.8899002449189
7,3,16,x_re,1034.4513163796773
7,3,17,x_re,829.2730959806177
7,3,18,x_re,714.1036787258982
7,3,19,x_re,352.19372426282064
7,3,20,x_re,327.0074506629943
7,3,21,x_re,8.950017866149917
7,3,22,x_re,5.135616131234587e-07
7,3,23,x_re,1.7434177150807043e-06
7,4,0,x_re,1.0912678019172649e-09
7,4,1,x_re,1.2606548075314355e-09
7,4,2,x_re,1.3621730425258394e-09
7,4,3,x_re,1.4549231251120205e-09
7,4,4,x_re,1.5743261477820476e-09
7,4,5,x_re,1.7866776359637932e-09
7,4,6,x_re,3.065606104413433e-09
7,4,7,x_re,4.200190974769444e-09
7,4,8,x_re,42.364126099275154
7,4,9,x_re,70.73913945027276
7,4,10,x_re,41.87593404120973
7,4,11,x_re,65.42270336536752
7,4,12,x_re,58.573156809335764
7,4,13,x_re,0.0
7,4,14,x_re,152.6571530658266
7,4,15,x_re,597.3321775124894
7,4,16,x_re,653.4715703524006
7,4,17,x_re,196.20894402819806
7,4,18,x_re,65.81686738797369
7,4,19,x_re,155.69912639257424
7,4,20,x_re,37.0093142104704
7,4,21,x_re,0.0001465111515056608
7,4,22,x_re,5.106314354057829e-07
7,4,23,x_re,1.7263984515932444e-06
7,5,0,x_re,1.0912687912195788e-09
7,5,1,x_re,1.2606696481441194e-09
7,5,2,x_re,1.3623628059982044e-09
7,5,3,x_re,1.4549274002924345e-09
7,5,4,x_re,1.5741754348413952e-09
7,5,5,x_re,1.7870929697790436e-09
7,5,6,x_re,3.1439893522509196e-09
7,5,7,x_re,4.008954039187736e-09
7,5,8,x_re,181.96718731063362
7,5,9,x_re,79.44381373094616
7,5,10,x_re,129.24541221315047
7,5,11,x_re,175.87606626888655
7,5,12,x_re,530.9376336792202
7,5,13,x_re,0.0
7,5,14,x_re,672.8129522064542
7,5,15,x_re,1589.1991766019476
7,5,16,x_re,1240.040858258179
7,5,17,x_re,446.60059083579523
7,5,18,x_re,563.2114516063806
7,5,19,x_re,355.60102566134583
7,5,20,x_re,174.22219584774726
7,5,21,x_re,2.740197921204558
7,5,22,x_re,4.900155679588689e-07
7,5,23,x_re,1.7387027863605278e-06
7,6,0,x_re,1.0912690215781108e-09
7,6,1,x_re,1.2606718858719555e-09
7,6,2,x_re,1.3623666892467864e-09
7,6,3,x_re,1.4550242588776242e-09
7,6,4,x_re,1.5743855033198306e-09
7,6,5,x_re,1.7871046774221703e-09
7,6,6,x_re,3.1577513089041317e-09
7,6,7,x_re,4.161722956839644e-09
7,6,8,x_re,168.42926519483447
7,6,9,x_re,274.09308225521704
7,6,10,x_re,219.03186481737714
7,6,11,x_re,222.88467547764748
7,6,12,x_re,184.90892871427445
7,6,13,x_re,0.0
7,6,14,x_re,212.6848932728404
7,6,15,x_re,404.31655687078427
7,6,16,x_re,385.4626014506539
7,6,17,x_re,457.11878640749023
7,6,18,x_re,736.9210358766211
7,6,19,x_re,226.66097881998485
7,6,20,x_re,81.87660205491017
7,6,21,x_re,3.645781781944847
7,6,22,x_re,5.227139791467804e-07
7,6,23,x_re,1.7490695313257096e-06
7,7,0,x_re,1.091267311753726e-09
7,7,1,x_re,1.2606476735871437e-09
7,7,2,x_re,1.3620892321112268e-09
7,7,3,x_re,1.4548053801005227e-09
7,7,4,x_re,1.5741335450585162e-09
7,7,5,x_re,1.7865298570265233e-09
7,7,6,x_re,3.138289056315173e-09
7,7,7,x_re,3.997057424347338e-09
7,7,8,x_re,19.08980272081545
7,7,9,x_re,19.178905863437464
7,7,10,x_re,56.27274760556108
7,7,11,x_re,139.64604123359229
7,7,12,x_re,334.3037186926496
7,7,13,x_re,0.0
7,7,14,x_re,190.0489121146288
7,7,15,x_re,346.1253984727602
7,7,16,x_re,693.5406606962493
7,7,17,x_re,395.8749827517799
7,7,18,x_re,337.23397014998534
7,7,19,x_re,132.70249774800826
7,7,20,x_re,112.79757709646631
7,7,21,x_re,7.265367583579684
7,7,22,x_re,5.227975948285443e-07
7,7,23,x_re,1.7429668903196974e-06
7,8,0,x_re,1.0912703973492962e-09
7,8,1,x_re,1.2606958606749965e-09
7,8,2,x_re,1.3627307947550845e-09
7,8,3,x_re,1.4548296698549123e-09
7,8,4,x_re,1.57408852390557e-09
7,8,5,x_re,1.7878050695220307e-09
7,8,6,x_re,3.0684931327065223e-09
7,8,7,x_re,4.206067720874815e-09
7,8,8,x_re,51.117161026848166
7,8,9,x_re,63.93752730941154
7,8,10,x_re,81.02276393150684
7,8,11,x_re,113.31583215893977
7,8,12,x_re,233.71790625727618
7,8,13,x_re,0.0
7,8,14,x_re,363.63758767416675
7,8,15,x_re,962.9571550301797
7,8,16,x_re,891.6716648603647
7,8,17,x_re,427.6815604001651
7,8,18,x_re,249.0016523436323
7,8,19,x_re,231.12408680828418
7,8,20,x_re,139.48398352912173
7,8,21,x_re,3.971668503729062
7,8,22,x_re,5.102459698355504e-07
7,8,23,x_re,1.7301897906695715e-06
7,9,0,x_re,1.0912677095637578e-09
7,9,1,x_re,1.260655807969675e-09
7,9,2,x_re,1.3622293438649676e-09
7,9,3,x_re,1.454686780760818e-09
7,9,4,x_re,1.573903809548997e-09
7,9,5,x_re,1.7867774200517207e-09
7,9,6,x_re,3.0625518447154405e-09
7,9,7,x_re,4.001743436430022e-09
7,9,8,x_re,67.62799507119153
7,9,9,x_re,73.80255351433992
7,9,10,x_re,76.12690620837525
7,9,11,x_re,146.94129191508443
7,9,12,x_re,124.61453794907429
7,9,13,x_re,0.0
7,9,14,x_re,252.17954110617006
7,9,15,x_re,536.3244717877628
7,9,16,x_re,413.74712743540704
7,9,17,x_re,333.62194369231474
7,9,18,x_re,170.11343055436626
7,9,19,x_re,32.601200577871545
7,9,20,x_re,61.171767569727024
7,9,21,x_re,0.00013282049700150193
7,9,22,x_re,4.898090277741293e-07
7,9,23,x_re,1.7395742295717395e-06
7,0,SUM,x_re,2413.0205969760186
7,1,SUM,x_re,2651.0464720760892
7,2,SUM,x_re,4615.292993317212
7,3,SUM,x_re,6011.113814920563
7,4,SUM,x_re,2137.170361479371
7,5,SUM,x_re,6141.898564386293
7,6,SUM,x_re,3578.0350552822138
7,7,SUM,x_re,2784.0805850109427
7,8,SUM,x_re,3812.640552089868
7,9,SUM,x_re,2288.872902447159
7,0,0,yp_re,7.531513492623574e-08
7,0,1,yp_re,8.236911442133894e-08
7,0,2,yp_re,9.17037525646318e-08
7,0,3,yp_re,1.0675888346221337e-07
7,0,4,yp_re,1.0895102930088657e-07
7,0,5,yp_re,1.323213333962953e-07
7,0,6,yp_re,3.198631971339327
7,0,7,yp_re,23.562976593970706
7,0,8,yp_re,9.704891435902608
7,0,9,yp_re,0.8586586296589656
7,0,10,yp_re,2.0315262129979373e-07
7,0,11,yp_re,7.302471688819001
7,0,12,yp_re,11.210878667809425
7,0,13,yp_re,286.029009822843
7,0,14,yp_re,25.602047475586968
7,0,15,yp_re,2.2212789527609015e-05
7,0,16,yp_re,5.2110188297217315e-06
7,0,17,yp_re,1.3241446285512481
7,0,18,yp_re,4.369877394998581
7,0,19,yp_re,0.5909041324528514
7,0,20,yp_re,2.5339300520941457
7,0,21,yp_re,6.046673515761536
7,0,22,yp_re,6.497854617453759
7,0,23,yp_re,3.2268469131519657
7,1,0,yp_re,7.531509073709116e-08
7,1,1,yp_re,8.236860412422337e-08
7,1,2,yp_re,9.169650980722536e-08
7,1,3,yp_re,1.0673362168955339e-07
7,1,4,yp_re,1.089255075229055e-07
7,1,5,yp_re,1.3231757618145998e-07
7,1,6,yp_re,0.5098914440892015
7,1,7,yp_re,10.664655807228483
7,1,8,yp_re,0.6146664324044643
7,1,9,yp_re,0.3262501309886509
7,1,10,yp_re,1.8619297797934092e-07
7,1,11,yp_re,0.9523633206699647
7,1,12,yp_re,1.3641733974545425
7,1,13,yp_re,478.2085464158529
7,1,14,yp_re,132.1634878183629
7,1,15,yp_re,1.6918787527545718
7,1,16,yp_re,0.05967488112050189
7,1,17,yp_re,1.717776518525663
7,1,18,yp_re,3.540156263162933
7,1,19,yp_re,1.0908406785930078
7,1,20,yp_re,2.0451748562339027
7,1,21,yp_re,6.0131948570916185
7,1,22,yp_re,6.472377419486045
7,1,23,yp_re,3.6421941586156987
7,2,0,yp_re,7.531492405996252e-08
7,2,1,yp_re,8.236609300664882e-08
7,2,2,yp_re,9.166602469201908e-08
7,2,3,yp_re,1.0671809603656199e-07
7,2,4,yp_re,1.0890812894170358e-07
7,2,5,yp_re,1.3227251180603894e-07
7,2,6,yp_re,1.3284334406427644e-06
7,2,7,yp_re,2.7320198371437636e-06
7,2,8,yp_re,1.191482818413167e-06
7,2,9,yp_re,0.5566274859196227
7,2,10,yp_re,2.001596524086221e-07
7,2,11,yp_re,0.036830697522300955
7,2,12,yp_re,4.002203662434398
7,2,13,yp_re,424.6786664326352
7,2,14,yp_re,62.01873856620354
7,2,15,yp_re,0.13344303924617257
7,2,16,yp_re,5.74976456207761
7,2,17,yp_re,16.541014580951728
7,2,18,yp_re,86.96892448023863
7,2,19,yp_re,8.315592435644755
7,2,20,yp_re,7.4284945259421304
7,2,21,yp_re,8.735180649201737
7,2,22,yp_re,13.192503835564503
7,2,23,yp_re,6.9345697302365625
7,3,0,yp_re,7.531494398196747e-08
7,3,1,yp_re,8.236630431238471e-08
7,3,2,yp_re,9.166738881925626e-08
7,3,3,yp_re,1.067273604084098e-07
7,3,4,yp_re,1.0891332884400281e-07
7,3,5,yp_re,1.3227751679596957e-07
7,3,6,yp_re,0.1276007942564139
7,3,7,yp_re,5.120495499372044
7,3,8,yp_re,0.5201288200366132
7,3,9,yp_re,3.399764847766069e-07
7,3,10,yp_re,1.9935417011880832e-07
7,3,11,yp_re,2.264879745622501
7,3,12,yp_re,37.07061124039581
7,3,13,yp_re,745.3807651627834
7,3,14,yp_re,149.9299704735578
7,3,15,yp_re,27.74563727258641
7,3,16,yp_re,55.15115600743606
7,3,17,yp_re,37.084143437282584
7,3,18,yp_re,42.99240026940895
7,3,19,yp_re,10.722797349226134
7,3,20,yp_re,11.602176543438542
7,3,21,yp_re,20.026366148487607
7,3,22,yp_re,23.514483550677014
7,3,23,yp_re,10.585840887620568
7,4,0,yp_re,7.531498857730742e-08
7,4,1,yp_re,8.236729990715886e-08
7,4,2,yp_re,9.167873540826029e-08
7,4,3,yp_re,1.067313407109291e-07
7,4,4,yp_re,1.0892501375874965e-07
7,4,5,yp_re,1.322910861866259e-07
7,4,6,yp_re,1.3418819802512883e-06
7,4,7,yp_re,3.0424405626183177
7,4,8,yp_re,0.29275963229789026
7,4,9,yp_re,0.055413679084212214
7,4,10,yp_re,1.868832493987332e-07
7,4,11,yp_re,5.636001096376095e-07
7,4,12,yp_re,0.32056242118122297
7,4,13,yp_re,96.54130049454639
7,4,14,yp_re,39.40328475517905
7,4,15,yp_re,2.4018868693576536
7,4,16,yp_re,2.913030982584564
7,4,17,yp_re,0.4349951404990739
7,4,18,yp_re,0.5391750859705564
7,4,19,yp_re,1.7791500154887978
7,4,20,yp_re,1.3148041982159377
7,4,21,yp_re,2.8675847574867364
7,4,22,yp_re,3.574341526851443
7,4,23,yp_re,1.6947381856876758
7,5,0,yp_re,7.53150444059072e-08
7,5,1,yp_re,8.236817787365781e-08
7,5,2,yp_re,9.168877509110915e-08
7,5,3,yp_re,1.0673093445765644e-07
7,5,4,yp_re,1.089189947434231e-07
7,5,5,yp_re,1.3230324092747436e-07
7,5,6,yp_re,0.8116192502386221
7,5,7,yp_re,7.40708180287967
7,5,8,yp_re,1.882730057026624
7,5,9,yp_re,3.4037311976405644e-07
7,5,10,yp_re,1.8656507722249358e-07
7,5,11,yp_re,0.8869786016609227
7,5,12,yp_re,8.038946117679814
7,5,13,yp_re,999.4937451370023
7,5,14,yp_re,280.3939751043359
7,5,15,yp_re,169.26668615280883
7,5,16,yp_re,59.472562812109864
7,5,17,yp_re,1.2600604320228745
7,5,18,yp_re,32.813592738966065
7,5,19,yp_re,3.239632623234144
7,5,20,yp_re,5.080849119764816
7,5,21,yp_re,17.624448584327986
7,5,22,yp_re,19.55223200505193
7,5,23,yp_re,9.62152645567
7,6,0,yp_re,7.53150625201981e-08
7,6,1,yp_re,8.236786180513101e-08
7,6,2,yp_re,9.16880929911361e-08
7,6,3,yp_re,1.0673847652946508e-07
7,6,4,yp_re,1.089281917790346e-07
7,6,5,yp_re,1.3230639671702723e-07
7,6,6,yp_re,0.46449091610398346
7,6,7,yp_re,9.250441544261282
7,6,8,yp_re,1.7458338605194053
7,6,9,yp_re,1.4562829600933744
7,6,10,yp_re,1.874202336367616e-07
7,6,11,yp_re,0.2689841624230256
7,6,12,yp_re,2.798320018732377
7,6,13,yp_re,306.56481390126436
7,6,14,yp_re,39.0781732962229
7,6,15,yp_re,0.17551968796233172
7,6,16,yp_re,0.03794903309362524
7,6,17,yp_re,5.048135432207593
7,6,18,yp_re,43.836649851491345
7,6,19,yp_re,0.6141657512861538
7,6,20,yp_re,1.603137144759402
7,6,21,yp_re,8.390044190621474
7,6,22,yp_re,10.90759407995203
7,6,23,yp_re,4.971127090590058
7,7,0,yp_re,7.531496911144782e-08
7,7,1,yp_re,8.236696785778051e-08
7,7,2,yp_re,9.167610192668962e-08
7,7,3,yp_re,1.0672679281044951e-07
7,7,4,yp_re,1.0891871167915666e-07
7,7,5,yp_re,1.322856565019947e-07
7,7,6,yp_re,0.1559711719845201
7,7,7,yp_re,1.9063575841794103
7,7,8,yp_re,0.1663193678406526
7,7,9,yp_re,3.415027903629666e-07
7,7,10,yp_re,1.8527893028693102e-07
7,7,11,yp_re,0.7763950008726636
7,7,12,yp_re,4.471175989137641
7,7,13,yp_re,304.9299143757358
7,7,14,yp_re,43.566526561690374
7,7,15,yp_re,1.1576816014563314
7,7,16,yp_re,3.518161089926694
7,7,17,yp_re,1.1610193224178007
7,7,18,yp_re,7.562743488956911
7,7,19,yp_re,0.3952041769724513
7,7,20,yp_re,4.091775119338816
7,7,21,yp_re,5.947950924519534
7,7,22,yp_re,7.657802338691869
7,7,23,yp_re,3.5063912459244575
7,8,0,yp_re,7.531511848224639e-08
7,8,1,yp_re,8.236911532439338e-08
7,8,2,yp_re,9.170410024042958e-08
7,8,3,yp_re,1.0672824816473081e-07
7,8,4,yp_re,1.089149900223311e-07
7,8,5,yp_re,1.3232247381177158e-07
7,8,6,yp_re,1.340351988838204e-06
7,8,7,yp_re,7.944090505338506
7,8,8,yp_re,0.3776809753461332
7,8,9,yp_re,0.021460923989584203
7,8,10,yp_re,1.8548857904080752e-07
7,8,11,yp_re,0.333243804767814
7,8,12,yp_re,0.6448577934889964
7,8,13,yp_re,358.66814676155076
7,8,14,yp_re,107.84197649524718
7,8,15,yp_re,12.2779157110388
7,8,16,yp_re,8.718741447546726
7,8,17,yp_re,3.0086981406869757
7,8,18,yp_re,1.396413840819829
7,8,19,yp_re,0.6238974033546547
7,8,20,yp_re,8.667978547297666
7,8,21,yp_re,8.537952646390448
7,8,22,yp_re,10.127820824749719
7,8,23,yp_re,3.399232545952587
7,9,0,yp_re,7.531500502758143e-08
7,9,1,yp_re,8.236751527839305e-08
7,9,2,yp_re,9.168467733983973e-08
7,9,3,yp_re,1.0672279071498632e-07
7,9,4,yp_re,1.0890827292606907e-07
7,9,5,yp_re,1.3229184872847177e-07
7,9,6,yp_re,1.3331430924689323e-06
7,9,7,yp_re,1.9343632821758336
7,9,8,yp_re,1.2758846262619237
7,9,9,yp_re,0.03838801634083753
7,9,10,yp_re,1.8616872681932456e-07
7,9,11,yp_re,0.06595851317588082
7,9,12,yp_re,0.3397179090034157
7,9,13,yp_re,210.14975836041754
7,9,14,yp_re,74.30421957246921
7,9,15,yp_re,0.310336396720316
7,9,16,yp_re,0.800337898411202
7,9,17,yp_re,4.939587442461779
7,9,18,yp_re,2.5315634850191717
7,9,19,yp_re,0.38187502370363063
7,9,20,yp_re,3.628321955605008
7,9,21,yp_re,5.957710329116879
7,9,22,yp_re,6.374123658238788
7,9,23,yp_re,3.4275602785097177
7,0,SUM,yp_re,392.0598257647744
7,1,SUM,yp_re,651.0773039361849
7,2,SUM,yp_re,645.2925607331605
7,3,SUM,yp_re,1179.8394543387858
7,4,SUM,yp_re,157.17547099672333
7,5,SUM,yp_re,1616.8466681190437
7,6,SUM,yp_re,437.2116637063491
7,7,SUM,yp_re,390.97139048371685
7,8,SUM,yp_re,532.590110490761
7,9,SUM,yp_re,316.45970886423305
7,0,0,ym_re,1.0532902238049536e-06
7,0,1,ym_re,1.1608505936280127e-06
7,0,2,ym_re,2.364945970203377e-05
7,0,3,ym_re,4.57849396760619
7,0,4,ym_re,10.7135247786142
7,0,5,ym_re,0.5644443681998008
7,0,6,ym_re,2.61698008971601e-07
7,0,7,ym_re,1.715140881522507e-07
7,0,8,ym_re,1.0157989120464437e-07
7,0,9,ym_re,9.085979567052967e-08
7,0,10,ym_re,1.8254809465389135
7,0,11,ym_re,0.24563957435079078
7,0,12,ym_re,3.9688860788178335
7,0,13,ym_re,5.1172404533975724e-08
7,0,14,ym_re,0.01918416680505825
7,0,15,ym_re,0.8561743751827572
7,0,16,ym_re,1.7151458452301793
7,0,17,ym_re,1.1332308890411251
7,0,18,ym_re,1.4200578117315485
7,0,19,ym_re,0.09429377711573311
7,0,20,ym_re,0.3292703386584328
7,0,21,ym_re,0.013010225090932139
7,0,22,ym_re,1.2611252813981117e-07
7,0,23,ym_re,1.557586234578349e-07
7,1,0,ym_re,1.0532960188544838e-06
7,1,1,ym_re,1.160873219068951e-06
7,1,2,ym_re,1.56710960939968e-05
7,1,3,ym_re,4.443732718783866
7,1,4,ym_re,11.815874445614634
7,1,5,ym_re,0.2909917575017444
7,1,6,ym_re,2.6316784818546334e-07
7,1,7,ym_re,1.7331870457721002e-07
7,1,8,ym_re,1.0121514089065225e-07
7,1,9,ym_re,9.081741730634178e-08
7,1,10,ym_re,1.327958536386712e-07
7,1,11,ym_re,0.126612711126446
7,1,12,ym_re,1.2525468164710456
7,1,13,ym_re,5.117240419200047e-08
7,1,14,ym_re,0.019769174498733548
7,1,15,ym_re,18.490895050678567
7,1,16,ym_re,0.5392692315501951
7,1,17,ym_re,0.7748178957743649
7,1,18,ym_re,1.6554668543778106
7,1,19,ym_re,0.43456044389170445
7,1,20,ym_re,0.23584190568768065
7,1,21,ym_re,0.06728062806645495
7,1,22,ym_re,1.2609174215114748e-07
7,1,23,ym_re,1.5571874561810508e-07
7,2,0,ym_re,1.0533443537271219e-06
7,2,1,ym_re,1.1623523734225945e-06
7,2,2,ym_re,4.765921201762995e-05
7,2,3,ym_re,12.599052050952691
7,2,4,ym_re,25.937056962473257
7,2,5,ym_re,2.079790554447897
7,2,6,ym_re,2.7918440260324154e-07
7,2,7,ym_re,1.8137776664784632e-07
7,2,8,ym_re,1.0177073359857136e-07
7,2,9,ym_re,9.083827787888108e-08
7,2,10,ym_re,0.38434078697367047
7,2,11,ym_re,1.4158171075176557e-07
7,2,12,ym_re,2.991980010722553
7,2,13,ym_re,5.117240433918523e-08
7,2,14,ym_re,0.025692052384355676
7,2,15,ym_re,17.05697267376099
7,2,16,ym_re,25.507251946341047
7,2,17,ym_re,5.508871503220818
7,2,18,ym_re,19.0999241752374
7,2,19,ym_re,3.7896568482569495
7,2,20,ym_re,1.022881216958879
7,2,21,ym_re,4.770096075175367
7,2,22,ym_re,1.2611732312737596e-07
7,2,23,ym_re,1.5581325896764375e-07
7,3,0,ym_re,1.053339582451235e-06
7,3,1,ym_re,1.1622835408911332e-06
7,3,2,ym_re,4.76511402354873e-05
7,3,3,ym_re,17.933076202988456
7,3,4,ym_re,39.27165248773866
7,3,5,ym_re,1.896424302228032
7,3,6,ym_re,2.707196500281506e-07
7,3,7,ym_re,1.8091341397416088e-07
7,3,8,ym_re,1.01353240856146e-07
7,3,9,ym_re,9.066440557777276e-08
7,3,10,ym_re,0.21779257263662202
7,3,11,ym_re,0.008056395913491441
7,3,12,ym_re,15.800932141358793
7,3,13,ym_re,5.117240416323949e-08
7,3,14,ym_re,1.2286247505486792e-07
7,3,15,ym_re,59.276269875128655
7,3,16,ym_re,34.17706302947538
7,3,17,ym_re,18.929873956139275
7,3,18,ym_re,10.43009737715292
7,3,19,ym_re,3.64254726960974
7,3,20,ym_re,0.7726946402473959
7,3,21,ym_re,0.19221957471049708
7,3,22,ym_re,1.2612330070612772e-07
7,3,23,ym_re,1.5575371844525165e-07
7,4,0,ym_re,1.0533251406351858e-06
7,4,1,ym_re,1.161812195228858e-06
7,4,2,ym_re,3.697434213727348e-05
7,4,3,ym_re,2.964267445520972
7,4,4,ym_re,6.248228896736692
7,4,5,ym_re,0.22788490830154193
7,4,6,ym_re,2.776194219747382e-07
7,4,7,ym_re,1.744863440675044e-07
7,4,8,ym_re,1.0125675855725065e-07
7,4,9,ym_re,9.081384933102575e-08
7,4,10,ym_re,0.06763751818665821
7,4,11,ym_re,1.2174640757403042e-07
7,4,12,ym_re,0.12672129024591577
7,4,13,ym_re,5.117240459816342e-08
7,4,14,ym_re,0.0348794221932663
7,4,15,ym_re,19.589020052244496
7,4,16,ym_re,11.637514957588683
7,4,17,ym_re,1.1218087692608614
7,4,18,ym_re,0.18080149898650416
7,4,19,ym_re,0.21352490751021946
7,4,20,ym_re,0.10411787296341517
7,4,21,ym_re,6.931638302483603e-06
7,4,22,ym_re,1.261080911166089e-07
7,4,23,ym_re,1.5570813220906418e-07
7,5,0,ym_re,1.0533129483157623e-06
7,5,1,ym_re,1.1614200230873474e-06
7,5,2,ym_re,3.431659619555609e-05
7,5,3,ym_re,16.517046925773993
7,5,4,ym_re,36.11818013916043
7,5,5,ym_re,2.7858759496776786
7,5,6,ym_re,2.6681222879735936e-07
7,5,7,ym_re,1.7969047676167804e-07
7,5,8,ym_re,1.0116319353312047e-07
7,5,9,ym_re,9.069479368214549e-08
7,5,10,ym_re,0.027251811673631686
7,5,11,ym_re,1.2165717316607683e-07
7,5,12,ym_re,5.529649576396635
7,5,13,ym_re,5.1172404148728106e-08
7,5,14,ym_re,0.9163430582478127
7,5,15,ym_re,114.44055082147378
7,5,16,ym_re,45.656595959686456
7,5,17,ym_re,5.485227976997156
7,5,18,ym_re,4.914344474942001
7,5,19,ym_re,4.224699126156546
7,5,20,ym_re,0.4526164947483406
7,5,21,ym_re,0.054083829604035606
7,5,22,ym_re,1.260980859949447e-07
7,5,23,ym_re,1.5573022853883745e-07
7,6,0,ym_re,1.0533101520883726e-06
7,6,1,ym_re,1.1613598835646896e-06
7,6,2,ym_re,3.42946066723976e-05
7,6,3,ym_re,8.104049835462627
7,6,4,ym_re,17.430906990851806
7,6,5,ym_re,1.0805571212504412
7,6,6,ym_re,2.6599070586893614e-07
7,6,7,ym_re,1.7560660750539306e-07
7,6,8,ym_re,1.0143194913158517e-07
7,6,9,ym_re,9.098067687322109e-08
7,6,10,ym_re,1.2460420416607759e-07
7,6,11,ym_re,0.027370527731167753
7,6,12,ym_re,0.3103333689800128
7,6,13,ym_re,5.117240423988203e-08
7,6,14,ym_re,1.1269376433847293e-07
7,6,15,ym_re,4.189801328194807
7,6,16,ym_re,8.516953754952866
7,6,17,ym_re,8.735880148638882
7,6,18,ym_re,17.84785197576767
7,6,19,ym_re,0.7749385974011509
7,6,20,ym_re,0.4155212285195441
7,6,21,ym_re,0.09890519111080975
7,6,22,ym_re,1.261026191548519e-07
7,6,23,ym_re,1.5572897577811392e-07
7,7,0,ym_re,1.0533310260840918e-06
7,7,1,ym_re,1.1619604658324404e-06
7,7,2,ym_re,3.700736046514606e-05
7,7,3,ym_re,5.984081349721313
7,7,4,ym_re,12.280705756771532
7,7,5,ym_re,0.640380673602104
7,7,6,ym_re,2.689651927040702e-07
7,7,7,ym_re,1.8057613486236784e-07
7,7,8,ym_re,1.0133408083648393e-07
7,7,9,ym_re,9.076102735732979e-08
7,7,10,ym_re,1.2439352907215178e-07
7,7,11,ym_re,1.2732278581232074e-07
7,7,12,ym_re,3.3164330084900855
7,7,13,ym_re,5.11724043416165e-08
7,7,14,ym_re,1.5750889312561935e-07
7,7,15,ym_re,6.2848131154345666
7,7,16,ym_re,16.068314068221728
7,7,17,ym_re,10.800824111694086
7,7,18,ym_re,3.495679876940807
7,7,19,ym_re,0.17353106168778573
7,7,20,ym_re,0.2595565763530074
7,7,21,ym_re,0.1861192285942241
7,7,22,ym_re,1.261186729913886e-07
7,7,23,ym_re,1.5573950010944574e-07
7,8,0,ym_re,1.0532923112197613e-06
7,8,1,ym_re,1.160655694090014e-06
7,8,2,ym_re,1.3006970218484506e-05
7,8,3,ym_re,8.654627421203955
7,8,4,ym_re,18.45439785937451
7,8,5,ym_re,0.43651158479226254
7,8,6,ym_re,2.7603814899552664e-07
7,8,7,ym_re,1.74151023713733e-07
7,8,8,ym_re,1.0125499507164167e-07
7,8,9,ym_re,9.075306370595271e-08
7,8,10,ym_re,0.08210339170355793
7,8,11,ym_re,1.2127050470603632e-07
7,8,12,ym_re,0.8477526124479912
7,8,13,ym_re,5.11724042215948e-08
7,8,14,ym_re,0.03486377729587284
7,8,15,ym_re,40.69010394626
7,8,16,ym_re,25.183855420989527
7,8,17,ym_re,4.711540738998874
7,8,18,ym_re,0.7165264119481892
7,8,19,ym_re,2.9692571881146055
7,8,20,ym_re,0.6745607134549041
7,8,21,ym_re,0.2113382446941755
7,8,22,ym_re,1.2609698128181589e-07
7,8,23,ym_re,1.5570088839463968e-07
7,9,0,ym_re,1.053325135780075e-06
7,9,1,ym_re,1.1616792776502891e-06
7,9,2,ym_re,3.431694136171483e-05
7,9,3,ym_re,5.6190355724176175
7,9,4,ym_re,13.30852553479695
7,9,5,ym_re,0.5846748522341195
7,9,6,ym_re,2.7824043587058065e-07
7,9,7,ym_re,1.8030397065285892e-07
7,9,8,ym_re,1.0129131571691001e-07
7,9,9,ym_re,9.085436888640341e-08
7,9,10,ym_re,0.017035589868951304
7,9,11,ym_re,1.1846454387689198e-07
7,9,12,ym_re,0.21075559351367562
7,9,13,ym_re,5.117240458192383e-08
7,9,14,ym_re,1.2187699734905046e-07
7,9,15,ym_re,12.550139705655672
7,9,16,ym_re,5.98277580165696
7,9,17,ym_re,4.9310252167461535
7,9,18,ym_re,0.6835940554513827
7,9,19,ym_re,0.03855172415498951
7,9,20,ym_re,0.28110917516234024
7,9,21,ym_re,6.3710449698044895e-06
7,9,22,ym_re,1.2609482784722713e-07
7,9,23,ym_re,1.5572422522336144e-07
7,0,SUM,ym_re,27.476863965279353
7,1,SUM,ym_re,40.147678613586436
7,2,SUM,ym_re,120.7736178596705
7,3,SUM,ym_re,202.54875079165387
7,4,SUM,ym_re,42.516454759768415
7,5,SUM,ym_re,237.12250376888628
7,6,SUM,ym_re,67.5331077824504
7,7,SUM,ym_re,59.490479434055416
7,8,SUM,ym_re,103.66745562863466
7,9,SUM,ym_re,44.20726694867265
7,0,0,dp_re,5.315803188229229e-06
7,0,1,dp_re,6.094614670409692e-06
7,0,2,dp_re,6.670817146940886e-06
7,0,3,dp_re,7.095213108215244e-06
7,0,4,dp_re,7.468001087812666e-06
7,0,5,dp_re,7.718235315393105e-06
7,0,6,dp_re,4.51153349415544
7,0,7,dp_re,57.76950977622273
7,0,8,dp_re,57.456612168402096
7,0,9,dp_re,34.529277508728114
7,0,10,dp_re,71.33296666896348
7,0,11,dp_re,73.54418816766247
7,0,12,dp_re,54.694827135669584
7,0,13,dp_re,5.626696881826537e-06
7,0,14,dp_re,15.840890597679376
7,0,15,dp_re,9.37802653572136
7,0,16,dp_re,11.038423432470603
7,0,17,dp_re,23.66636831579888
7,0,18,dp_re,24.55804263545828
7,0,19,dp_re,6.6234048157716465
7,0,20,dp_re,3.5786338797193196
7,0,21,dp_re,1.5900844343711549
7,0,22,dp_re,9.874548854253669e-06
7,0,23,dp_re,1.045019652935427e-05
7,1,0,dp_re,5.31566732846071e-06
7,1,1,dp_re,6.093331729923846e-06
7,1,2,dp_re,6.673317486030588e-06
7,1,3,dp_re,6.967678447859623e-06
7,1,4,dp_re,7.277233915088276e-06
7,1,5,dp_re,7.702483816227026e-06
7,1,6,dp_re,0.3715381792696051
7,1,7,dp_re,23.19389016861749
7,1,8,dp_re,15.319815895141137
7,1,9,dp_re,32.74665675089046
7,1,10,dp_re,26.042121543337192
7,1,11,dp_re,39.48130748067652
7,1,12,dp_re,24.9736683012599
7,1,13,dp_re,5.626705325143167e-06
7,1,14,dp_re,67.83738961158058
7,1,15,dp_re,64.71253838482036
7,1,16,dp_re,24.7790545457024
7,1,17,dp_re,31.0072955233366
7,1,18,dp_re,33.036510605666436
7,1,19,dp_re,11.155771010149701
7,1,20,dp_re,3.4088203891503968
7,1,21,dp_re,1.3485066336222282
7,1,22,dp_re,9.794338621512913e-06
7,1,23,dp_re,1.0447458154028572e-05
7,2,0,dp_re,5.314729426274258e-06
7,2,1,dp_re,6.080164449091238e-06
7,2,2,dp_re,6.499304632647123e-06
7,2,3,dp_re,6.886575471238971e-06
7,2,4,dp_re,7.20367684209731e-06
7,2,5,dp_re,7.471475395529789e-06
7,2,6,dp_re,5.346764618360181e-06
7,2,7,dp_re,4.795846677258713e-06
7,2,8,dp_re,5.441015169061071
7,2,9,dp_re,37.108076241594446
7,2,10,dp_re,36.53487975418515
7,2,11,dp_re,31.461690397872736
7,2,12,dp_re,34.93773747960671
7,2,13,dp_re,5.626701787366819e-06
7,2,14,dp_re,29.528695755201948
7,2,15,dp_re,62.523084782522034
7,2,16,dp_re,129.94252367668784
7,2,17,dp_re,120.17252160859725
7,2,18,dp_re,161.69327490586141
7,2,19,dp_re,67.34617818840039
7,2,20,dp_re,10.268499545540942
7,2,21,dp_re,3.0507354301272858
7,2,22,dp_re,1.0486155979942703e-05
7,2,23,dp_re,1.0623491249058606e-05
7,3,0,dp_re,5.314836837192041e-06
7,3,1,dp_re,6.081312933548961e-06
7,3,2,dp_re,6.50729547709462e-06
7,3,3,dp_re,6.923523817289898e-06
7,3,4,dp_re,7.241601206948209e-06
7,3,5,dp_re,7.492273426479678e-06
7,3,6,dp_re,0.08667754729279809
7,3,7,dp_re,1.1269013377967645
7,3,8,dp_re,15.373510839845292
7,3,9,dp_re,17.925052258818333
7,3,10,dp_re,20.394425036345563
7,3,11,dp_re,38.074716302622576
7,3,12,dp_re,188.42326600600424
7,3,13,dp_re,5.626705635221737e-06
7,3,14,dp_re,55.380058407072255
7,3,15,dp_re,212.89866057584143
7,3,16,dp_re,334.2621604315623
7,3,17,dp_re,165.73502523802475
7,3,18,dp_re,101.48152194701055
7,3,19,dp_re,42.153110005063084
7,3,20,dp_re,28.172687336621475
7,3,21,dp_re,5.457230572900931
7,3,22,dp_re,9.958413112359695e-06
7,3,23,dp_re,1.0451097202529292e-05
7,4,0,dp_re,5.315112343873444e-06
7,4,1,dp_re,6.085449525930224e-06
7,4,2,dp_re,6.558153589375118e-06
7,4,3,dp_re,6.949337056458204e-06
7,4,4,dp_re,7.27777139641641e-06
7,4,5,dp_re,7.552553797258808e-06
7,4,6,dp_re,5.513900186889236e-06
7,4,7,dp_re,7.057122221467875
7,4,8,dp_re,6.961237980813371
7,4,9,dp_re,9.815765254997808
7,4,10,dp_re,8.927560562491323
7,4,11,dp_re,17.30159666765722
7,4,12,dp_re,8.863071756170523
7,4,13,dp_re,5.626699363734649e-06
7,4,14,dp_re,43.6542815449006
7,4,15,dp_re,43.816400756100585
7,4,16,dp_re,109.0577879399229
7,4,17,dp_re,27.012342916379048
7,4,18,dp_re,7.474138060110427
7,4,19,dp_re,21.598756194359343
7,4,20,dp_re,3.107320169767171
7,4,21,dp_re,1.0538910303158278
7,4,22,dp_re,9.92564799485139e-06
7,4,23,dp_re,1.0439786165492001e-05
7,5,0,dp_re,5.315343745755843e-06
7,5,1,dp_re,6.0887323443982015e-06
7,5,2,dp_re,6.602112315635071e-06
7,5,3,dp_re,6.958426225322709e-06
7,5,4,dp_re,7.261397786313851e-06
7,5,5,dp_re,7.612277600027796e-06
7,5,6,dp_re,0.2876368008240475
7,5,7,dp_re,0.5955691910211303
7,5,8,dp_re,28.224875830752616
7,5,9,dp_re,14.844495246206263
7,5,10,dp_re,18.200439353460375
7,5,11,dp_re,27.492045628141256
7,5,12,dp_re,43.307723097418545
7,5,13,dp_re,5.626705840608136e-06
7,5,14,dp_re,61.41248140529421
7,5,15,dp_re,459.6328144886236
7,5,16,dp_re,214.19362436153966
7,5,17,dp_re,50.60370436296982
7,5,18,dp_re,93.04390469408672
7,5,19,dp_re,50.80097004570227
7,5,20,dp_re,7.830327282384653
7,5,21,dp_re,2.248844515947563
7,5,22,dp_re,9.794738179233471e-06
7,5,23,dp_re,1.044534453248451e-05
7,6,0,dp_re,5.3153980450645096e-06
7,6,1,dp_re,6.089313318666116e-06
7,6,2,dp_re,6.616979762632555e-06
7,6,3,dp_re,6.974007862045461e-06
7,6,4,dp_re,7.298629503896005e-06
7,6,5,dp_re,7.635169695228835e-06
7,6,6,dp_re,0.37296020809628366
7,6,7,dp_re,13.688775574800266
7,6,8,dp_re,31.732092806908277
7,6,9,dp_re,49.482132572586
7,6,10,dp_re,39.10199328999072
7,6,11,dp_re,36.70646904691932
7,6,12,dp_re,35.03063558550423
7,6,13,dp_re,5.626704486989425e-06
7,6,14,dp_re,35.5129783004828
7,6,15,dp_re,24.965695868275485
7,6,16,dp_re,28.889416411406202
7,6,17,dp_re,61.206833665066334
7,6,18,dp_re,127.49653330157473
7,6,19,dp_re,19.213555039113146
7,6,20,dp_re,2.1382530919448515
7,6,21,dp_re,1.6090626811704252
7,6,22,dp_re,9.952240932620153e-06
7,6,23,dp_re,1.044610134437606e-05
7,7,0,dp_re,5.3149977417302975e-06
7,7,1,dp_re,6.083878351196754e-06
7,7,2,dp_re,6.5404120993965165e-06
7,7,3,dp_re,6.924225773628298e-06
7,7,4,dp_re,7.244066896198079e-06
7,7,5,dp_re,7.536038155311951e-06
7,7,6,dp_re,0.037350455482988903
7,7,7,dp_re,0.11263911846297013
7,7,8,dp_re,8.981173760811071
7,7,9,dp_re,7.383918903952832
7,7,10,dp_re,8.887948229778877
7,7,11,dp_re,15.619113215363893
7,7,12,dp_re,64.48866930251116
7,7,13,dp_re,5.62670338818546e-06
7,7,14,dp_re,29.31057505584538
7,7,15,dp_re,54.75976238077423
7,7,16,dp_re,109.19149583707792
7,7,17,dp_re,49.25464934509475
7,7,18,dp_re,43.49154944008201
7,7,19,dp_re,14.458567748617863
7,7,20,dp_re,8.504758437566336
7,7,21,dp_re,1.5958735492734906
7,7,22,dp_re,9.98312496404782e-06
7,7,23,dp_re,1.0451135151088365e-05
7,8,0,dp_re,5.315718623070754e-06
7,8,1,dp_re,6.094533508338299e-06
7,8,2,dp_re,6.696344319158459e-06
7,8,3,dp_re,6.930067776463711e-06
7,8,4,dp_re,7.237019450900162e-06
7,8,5,dp_re,7.725018453389229e-06
7,8,6,dp_re,5.551901747805816e-06
7,8,7,dp_re,26.178064767656092
7,8,8,dp_re,13.405505568395604
7,8,9,dp_re,13.286488852618383
7,8,10,dp_re,14.746055015718584
7,8,11,dp_re,12.413003133750527
7,8,12,dp_re,24.611489189776112
7,8,13,dp_re,5.626704789684044e-06
7,8,14,dp_re,55.47294005533567
7,8,15,dp_re,136.40362358873287
7,8,16,dp_re,128.90793503798037
7,8,17,dp_re,48.62409141993348
7,8,18,dp_re,23.10594016825861
7,8,19,dp_re,27.294621643319875
7,8,20,dp_re,9.662795340549904
7,8,21,dp_re,2.0660252487868203
7,8,22,dp_re,9.895597276816641e-06
7,8,23,dp_re,1.0426203130156494e-05
7,9,0,dp_re,5.3150897992714725e-06
7,9,1,dp_re,6.085638587489953e-06
7,9,2,dp_re,6.5718790996559984e-06
7,9,3,dp_re,6.901917595935933e-06
7,9,4,dp_re,7.204290210570831e-06
7,9,5,dp_re,7.568245286881032e-06
7,9,6,dp_re,5.436161545770998e-06
7,9,7,dp_re,0.16865677540809063
7,9,8,dp_re,17.760231760731617
7,9,9,dp_re,13.219513969804852
7,9,10,dp_re,11.583945907860935
7,9,11,dp_re,15.784890058930522
7,9,12,dp_re,15.08411262543218
7,9,13,dp_re,5.626697952307316e-06
7,9,14,dp_re,42.554994704855964
7,9,15,dp_re,53.472409885801795
7,9,16,dp_re,56.16661635877354
7,9,17,dp_re,44.76085390446964
7,9,18,dp_re,24.731387743208835
7,9,19,dp_re,8.038699107007695
7,9,20,dp_re,5.44914337238116
7,9,21,dp_re,1.1228446201043143
7,9,22,dp_re,9.784972331970713e-06
7,9,23,dp_re,1.0445245276055365e-05
7,0,SUM,dp_re,450.1128558809213
7,1,SUM,dp_re,399.41495092143583
7,2,SUM,dp_re,730.0089892701457
7,3,SUM,dp_re,1226.945069439882
7,4,SUM,dp_re,315.70134429986547
7,5,SUM,dp_re,1072.7195220094513
7,6,SUM,dp_re,507.14745339838396
7,7,SUM,dp_re,416.0781104852782
7,8,SUM,dp_re,536.1786505299219
7,9,SUM,dp_re,309.8983717349088
7,0,0,dm_re,5.31467613260871e-06
7,0,1,dm_re,6.081135283344318e-06
7,0,2,dm_re,6.520866785361391e-06
7,0,3,dm_re,6.845941577857506e-06
7,0,4,dm_re,7.143248983231136e-06
7,0,5,dm_re,7.491092808052686e-06
7,0,6,dm_re,0.1674441460207204
7,0,7,dm_re,0.5769699259162135
7,0,8,dm_re,29.79307098158347
7,0,9,dm_re,41.896656512082544
7,0,10,dm_re,62.44398327518947
7,0,11,dm_re,52.7881920507853
7,0,12,dm_re,70.59129595027821
7,0,13,dm_re,5.627002000791288e-06
7,0,14,dm_re,45.809260705392134
7,0,15,dm_re,35.512795436840435
7,0,16,dm_re,63.02970739492494
7,0,17,dm_re,33.98963158456871
7,0,18,dm_re,38.841555829291536
7,0,19,dm_re,9.618292710068424
7,0,20,dm_re,3.4082398379481136
7,0,21,dm_re,0.10310096964427555
7,0,22,dm_re,1.003230764228866e-05
7,0,23,dm_re,1.0461624580267837e-05
7,1,0,dm_re,5.314809614717957e-06
7,1,1,dm_re,6.082469890560633e-06
7,1,2,dm_re,6.5325561065842695e-06
7,1,3,dm_re,6.9346007800790844e-06
7,1,4,dm_re,7.2662170259158334e-06
7,1,5,dm_re,7.525055880659604e-06
7,1,6,dm_re,0.9743793976577869
7,1,7,dm_re,1.7191635069886693
7,1,8,dm_re,20.015781691121866
7,1,9,dm_re,22.76335145650774
7,1,10,dm_re,27.663011050887903
7,1,11,dm_re,34.29789999994784
7,1,12,dm_re,52.356638995297935
7,1,13,dm_re,5.626993685611645e-06
7,1,14,dm_re,39.909877384494585
7,1,15,dm_re,105.6728170166325
7,1,16,dm_re,43.20476547998632
7,1,17,dm_re,31.994818345794016
7,1,18,dm_re,60.76980790657977
7,1,19,dm_re,22.611783503781044
7,1,20,dm_re,3.0055801446031865
7,1,21,dm_re,0.3801547224704908
7,1,22,dm_re,9.999323816361194e-06
7,1,23,dm_re,1.0463842925417662e-05
7,2,0,dm_re,5.315728083408786e-06
7,2,1,dm_re,6.095254250082951e-06
7,2,2,dm_re,6.689499655942126e-06
7,2,3,dm_re,7.007712326666597e-06
7,2,4,dm_re,7.325541212033106e-06
7,2,5,dm_re,7.737358516855369e-06
7,2,6,dm_re,5.0630009177728
7,2,7,dm_re,42.107950780704115
7,2,8,dm_re,21.610840518861615
7,2,9,dm_re,31.860413171131107
7,2,10,dm_re,28.428966487804484
7,2,11,dm_re,27.884443231474982
7,2,12,dm_re,68.60159749402447
7,2,13,dm_re,5.626997166736878e-06
7,2,14,dm_re,48.23698521949238
7,2,15,dm_re,103.78618183184054
7,2,16,dm_re,124.38005361670601
7,2,17,dm_re,55.68953890544288
7,2,18,dm_re,94.67825072863978
7,2,19,dm_re,60.26593962365945
7,2,20,dm_re,7.343592419429075
7,2,21,dm_re,7.343641148019706
7,2,22,dm_re,9.881038943195916e-06
7,2,23,dm_re,1.0376946014989122e-05
7,3,0,dm_re,5.315622844928482e-06
7,3,1,dm_re,6.094132153154479e-06
7,3,2,dm_re,6.681797555643023e-06
7,3,3,dm_re,6.974160662259341e-06
7,3,4,dm_re,7.2964792194796125e-06
7,3,5,dm_re,7.717242118079897e-06
7,3,6,dm_re,3.142111742574441
7,3,7,dm_re,23.903562724449827
7,3,8,dm_re,14.704911549468033
7,3,9,dm_re,16.539220388917816
7,3,10,dm_re,27.324017192357243
7,3,11,dm_re,47.6717808299195
7,3,12,dm_re,69.24581519583852
7,3,13,dm_re,5.626993381629435e-06
7,3,14,dm_re,43.65482522526697
7,3,15,dm_re,161.29257102853452
7,3,16,dm_re,112.66203310160276
7,3,17,dm_re,84.94929920349193
7,3,18,dm_re,101.71227968763554
7,3,19,dm_re,31.699392063428903
7,3,20,dm_re,22.424292577267284
7,3,21,dm_re,0.8912841047540391
7,3,22,dm_re,9.844204102680773e-06
7,3,23,dm_re,1.0460554657229181e-05
7,4,0,dm_re,5.315352333687428e-06
7,4,1,dm_re,6.089976214856632e-06
7,4,2,dm_re,6.613360354699255e-06
7,4,3,dm_re,6.94584696801683e-06
7,4,4,dm_re,7.250133683340409e-06
7,4,5,dm_re,7.626388546850389e-06
7,4,6,dm_re,1.1949882175621551
7,4,7,dm_re,1.462354382438808
7,4,8,dm_re,8.873419314566107
7,4,9,dm_re,14.521503922195286
7,4,10,dm_re,8.901931357963209
7,4,11,dm_re,10.630411721780476
7,4,12,dm_re,11.397845868732368
7,4,13,dm_re,5.626999533609773e-06
7,4,14,dm_re,16.89331562812687
7,4,15,dm_re,103.27619987521699
7,4,16,dm_re,143.82386825642638
7,4,17,dm_re,39.325457660382995
7,4,18,dm_re,17.611402500258254
7,4,19,dm_re,26.840150828311444
7,4,20,dm_re,2.855006045557995
7,4,21,dm_re,4.485153517298077e-05
7,4,22,dm_re,9.868851362809879e-06
7,4,23,dm_re,1.0477230791325986e-05
7,5,0,dm_re,5.31512584692032e-06
7,5,1,dm_re,6.086799557808895e-06
7,5,2,dm_re,6.573405495515215e-06
7,5,3,dm_re,6.950174319074098e-06
7,5,4,dm_re,7.284108674772604e-06
7,5,5,dm_re,7.5715208621699384e-06
7,5,6,dm_re,3.440498153110907
7,5,7,dm_re,29.675567159494904
7,5,8,dm_re,39.59518683654904
7,5,9,dm_re,21.829134934015592
7,5,10,dm_re,21.202638464513555
7,5,11,dm_re,27.08035942107798
7,5,12,dm_re,67.39018816860215
7,5,13,dm_re,5.626993180275714e-06
7,5,14,dm_re,86.2939393522981
7,5,15,dm_re,134.08140155681377
7,5,16,dm_re,196.01784252446384
7,5,17,dm_re,76.09448598783493
7,5,18,dm_re,78.37205594020564
7,5,19,dm_re,37.02789181679046
7,5,20,dm_re,7.53858207636344
7,5,21,dm_re,0.2395839086503141
7,5,22,dm_re,1.0014839015522029e-05
7,5,23,dm_re,1.0466031355635976e-05
7,6,0,dm_re,5.3150733798377175e-06
7,6,1,dm_re,6.086393923851642e-06
7,6,2,dm_re,6.589920640746235e-06
7,6,3,dm_re,6.929942204636705e-06
7,6,4,dm_re,7.248875839080447e-06
7,6,5,dm_re,7.599855161660717e-06
7,6,6,dm_re,2.156126987157047
7,6,7,dm_re,6.769097728952219
7,6,8,dm_re,31.48663748621655
7,6,9,dm_re,41.512207054533384
7,6,10,dm_re,31.242754087048574
7,6,11,dm_re,31.074368272624206
7,6,12,dm_re,28.768551736028016
7,6,13,dm_re,5.626994507397311e-06
7,6,14,dm_re,31.08436340452282
7,6,15,dm_re,134.01393964579682
7,6,16,dm_re,98.3306256511285
7,6,17,dm_re,74.46682500704566
7,6,18,dm_re,95.73501131030218
7,6,19,dm_re,32.43828613361572
7,6,20,dm_re,8.192038985452683
7,6,21,dm_re,0.4494027319348877
7,6,22,dm_re,9.905733500084242e-06
7,6,23,dm_re,1.0465392240854247e-05
7,7,0,dm_re,5.315464680383388e-06
7,7,1,dm_re,6.091519361557604e-06
7,7,2,dm_re,6.630721559630849e-06
7,7,3,dm_re,6.967338125377554e-06
7,7,4,dm_re,7.283338910478404e-06
7,7,5,dm_re,7.642074277347584e-06
7,7,6,dm_re,1.8086512327618736
7,7,7,dm_re,10.496707326465804
7,7,8,dm_re,8.125641099958289
7,7,9,dm_re,6.6319142647796765
7,7,10,dm_re,12.512260261286228
7,7,11,dm_re,24.071268084323886
7,7,12,dm_re,56.2759241597302
7,7,13,dm_re,5.626995587967779e-06
7,7,14,dm_re,25.852219500568484
7,7,15,dm_re,65.76471502417589
7,7,16,dm_re,140.20521999244235
7,7,17,dm_re,76.30781408753354
7,7,18,dm_re,61.47624564578167
7,7,19,dm_re,17.47035424613115
7,7,20,dm_re,10.056536111025968
7,7,21,dm_re,0.939642311841752
7,7,22,dm_re,9.859299844911842e-06
7,7,23,dm_re,1.0460405919409969e-05
7,8,0,dm_re,5.314759131390962e-06
7,8,1,dm_re,6.081254797861309e-06
7,8,2,dm_re,6.50518117564407e-06
7,8,3,dm_re,6.964004164280819e-06
7,8,4,dm_re,7.2922982463430105e-06
7,8,5,dm_re,7.497331011379002e-06
7,8,6,dm_re,2.7130056681603243
7,8,7,dm_re,5.177247999900221
7,8,8,dm_re,11.743719083258643
7,8,9,dm_re,13.095349703543416
7,8,10,dm_re,18.28579550829711
7,8,11,dm_re,21.022751841915497
7,8,12,dm_re,45.36560794306879
7,8,13,dm_re,5.626994210595295e-06
7,8,14,dm_re,46.86446412387572
7,8,15,dm_re,162.72824216257766
7,8,16,dm_re,145.07726251333528
7,8,17,dm_re,90.57939483435398
7,8,18,dm_re,51.85279469588428
7,8,19,dm_re,30.671537864002953
7,8,20,dm_re,12.346338907657339
7,8,21,dm_re,0.9531849532043938
7,8,22,dm_re,9.90258147885806e-06
7,8,23,dm_re,1.0496809193387929e-05
7,9,0,dm_re,5.315374487733656e-06
7,9,1,dm_re,6.08979640379632e-06
7,9,2,dm_re,6.599929529685042e-06
7,9,3,dm_re,6.992701789159687e-06
7,9,4,dm_re,7.3249383600388544e-06
7,9,5,dm_re,7.610649671906888e-06
7,9,6,dm_re,2.468372995340331
7,9,7,dm_re,13.453994098158702
7,9,8,dm_re,15.424799698009652
7,9,9,dm_re,13.583293474297115
7,9,10,dm_re,15.990374579527646
7,9,11,dm_re,26.16017605319533
7,9,12,dm_re,24.26174361464638
7,9,13,dm_re,5.627000952246827e-06
7,9,14,dm_re,33.78692494070468
7,9,15,dm_re,119.62399667653433
7,9,16,dm_re,83.03741290355843
7,9,17,dm_re,60.6542670455179
7,9,18,dm_re,31.65120412235488
7,9,19,dm_re,6.040773083530561
7,9,20,dm_re,2.25419369258583
7,9,21,dm_re,0.002983968242465495
7,9,22,dm_re,1.0016182815039738e-05
7,9,23,dm_re,1.0465541220372047e-05
7,0,SUM,dm_re,488.57026282843026
7,1,SUM,dm_re,467.3398963486214
7,2,SUM,dm_re,727.2814621510795
7,3,SUM,dm_re,761.817462626694
7,4,SUM,dm_re,407.60796624519435
7,5,SUM,dm_re,825.8794221897829
7,6,SUM,dm_re,647.7203019905407
7,7,SUM,dm_re,517.9951792259651
7,8,SUM,dm_re,658.476763484249
7,9,SUM,dm_re,448.3945769883195
7,0,0,x_hol,9.723374382563296e-11
7,0,1,x_hol,1.1232985061428567e-10
7,0,2,x_hol,1.2141306733188354e-10
7,0,3,x_hol,1.2968916869950932e-10
7,0,4,x_hol,1.4034481329846807e-10
7,0,5,x_hol,1.592939273437173e-10
7,0,6,x_hol,2.8514797082243104e-10
7,0,7,x_hol,3.832614583038597e-10
7,0,8,x_hol,214.01060776922887
7,0,9,x_hol,234.7486755637054
7,0,10,x_hol,385.6872885102604
7,0,11,x_hol,310.8816382559714
7,0,12,x_hol,347.895343411273
7,0,13,x_hol,0.0
7,0,14,x_hol,143.99926758934004
7,0,15,x_hol,119.14498417734062
7,0,16,x_hol,193.59231110012843
7,0,17,x_hol,179.27036853548117
7,0,18,x_hol,204.30413286511092
7,0,19,x_hol,38.80693966801129
7,0,20,x_hol,38.1591524236473
7,0,21,x_hol,0.8358687263094648
7,0,22,x_hol,4.44378267837921e-08
7,0,23,x_hol,1.558667074056155e-07
7,1,0,x_hol,9.723369240390937e-11
7,1,1,x_hol,1.123293348887098e-10
7,1,2,x_hol,1.214108798325181e-10
7,1,3,x_hol,1.2964244676786502e-10
7,1,4,x_hol,1.4027018078066062e-10
7,1,5,x_hol,1.5927776187985468e-10
7,1,6,x_hol,2.8160045380076895e-10
7,1,7,x_hol,3.7717583122196375e-10
7,1,8,x_hol,107.88691980938243
7,1,9,x_hol,138.81150925356164
7,1,10,x_hol,166.95812798217756
7,1,11,x_hol,224.02404943986718
7,1,12,x_hol,257.1067494241216
7,1,13,x_hol,0.0
7,1,14,x_hol,359.30415022347063
7,1,15,x_hol,517.2000711066411
7,1,16,x_hol,183.1938368471163
7,1,17,x_hol,198.55066604720787
7,1,18,x_hol,297.4617574920164
7,1,19,x_hol,143.5966675539802
7,1,20,x_hol,54.16505212141916
7,1,21,x_hol,3.9732625551068956
7,1,22,x_hol,4.379686229790838e-08
7,1,23,x_hol,1.5492291041828404e-07
7,2,0,x_hol,9.723338770982531e-11
7,2,1,x_hol,1.1232402078309014e-10
7,2,2,x_hol,1.2134471649173463e-10
7,2,3,x_hol,1.296078136949428e-10
7,2,4,x_hol,1.4023683360172036e-10
7,2,5,x_hol,1.5913407193623861e-10
7,2,6,x_hol,2.7250094008978584e-10
7,2,7,x_hol,3.529704739788791e-10
7,2,8,x_hol,1.979986819596948e-08
7,2,9,x_hol,225.59872558995733
7,2,10,x_hol,179.47356344536982
7,2,11,x_hol,197.4206604292523
7,2,12,x_hol,336.402061771291
7,2,13,x_hol,0.0
7,2,14,x_hol,280.31493080475343
7,2,15,x_hol,592.4164784372296
7,2,16,x_hol,803.0786194434805
7,2,17,x_hol,478.2884152580816
7,2,18,x_hol,821.7838679990563
7,2,19,x_hol,428.0905219883222
7,2,20,x_hol,123.10780324692305
7,2,21,x_hol,146.53529913380765
7,2,22,x_hol,4.55099824046465e-08
7,2,23,x_hol,1.5839455606197972e-07
7,3,0,x_hol,9.723346271032701e-11
7,3,1,x_hol,1.1232448682592143e-10
7,3,2,x_hol,1.2134799829584605e-10
7,3,3,x_hol,1.2962343452302947e-10
7,3,4,x_hol,1.402534433442325e-10
7,3,5,x_hol,1.5914639851093136e-10
7,3,6,x_hol,2.7967874655970876e-10
7,3,7,x_hol,3.5622722916703376e-10
7,3,8,x_hol,7.044899119119218e-07
7,3,9,x_hol,28.941271476152952
7,3,10,x_hol,122.42450968100204
7,3,11,x_hol,316.9933752011679
7,3,12,x_hol,736.9529537651149
7,3,13,x_hol,0.0
7,3,14,x_hol,363.0051020571558
7,3,15,x_hol,1177.889940576969
7,3,16,x_hol,1033.0709587464085
7,3,17,x_hol,829.2730613876165
7,3,18,x_hol,714.1036818608476
7,3,19,x_hol,352.19372183877573
7,3,20,x_hol,327.00744714823344
7,3,21,x_hol,8.949322584623411
7,3,22,x_hol,4.556900054649894e-08
7,3,23,x_hol,1.5377563449292398e-07
7,4,0,x_hol,9.723351746532343e-11
7,4,1,x_hol,1.1232620526788127e-10
7,4,2,x_hol,1.2137160271864216e-10
7,4,3,x_hol,1.2963575110569206e-10
7,4,4,x_hol,1.402747295350714e-10
7,4,5,x_hol,1.5919567820452155e-10
7,4,6,x_hol,2.7314832835042654e-10
7,4,7,x_hol,3.742427912594025e-10
7,4,8,x_hol,42.544552532945175
7,4,9,x_hol,70.7391424951848
7,4,10,x_hol,41.875941698656426
7,4,11,x_hol,65.38428191690336
7,4,12,x_hol,58.57314808861648
7,4,13,x_hol,0.0
7,4,14,x_hol,152.6571478434546
7,4,15,x_hol,597.3321114530296
7,4,16,x_hol,653.4716162221432
7,4,17,x_hol,196.20893953173052
7,4,18,x_hol,65.81708034483474
7,4,19,x_hol,155.6991136094103
7,4,20,x_hol,37.009308061789724
7,4,21,x_hol,1.3046641032582183e-05
7,4,22,x_hol,4.534552198293119e-08
7,4,23,x_hol,1.5407145076621438e-07
7,5,0,x_hol,9.723365585048557e-11
7,5,1,x_hol,1.1232750596609952e-10
7,5,2,x_hol,1.2138849409030217e-10
7,5,3,x_hol,1.2963610834935335e-10
7,5,4,x_hol,1.402612827932105e-10
7,5,5,x_hol,1.5923269183038897e-10
7,5,6,x_hol,2.801340644637009e-10
7,5,7,x_hol,3.572034248722106e-10
7,5,8,x_hol,181.96720491036606
7,5,9,x_hol,79.87576761677315
7,5,10,x_hol,129.24529204823114
7,5,11,x_hol,175.87605462575803
7,5,12,x_hol,530.9376329575022
7,5,13,x_hol,0.0
7,5,14,x_hol,672.8142200477153
7,5,15,x_hol,1589.199170863816
7,5,16,x_hol,1240.0408516843634
7,5,17,x_hol,446.22571088579133
7,5,18,x_hol,563.2115026106814
7,5,19,x_hol,355.601041177177
7,5,20,x_hol,174.2222220830381
7,5,21,x_hol,2.740304551697031
7,5,22,x_hol,4.3486112146592835e-08
7,5,23,x_hol,1.5336446655280363e-07
7,6,0,x_hol,9.72336180919147e-11
7,6,1,x_hol,1.123276897850049e-10
7,6,2,x_hol,1.2138881346091312e-10
7,6,3,x_hol,1.296447705755524e-10
7,6,4,x_hol,1.402800265524695e-10
7,6,5,x_hol,1.592336584604176e-10
7,6,6,x_hol,2.813604145505589e-10
7,6,7,x_hol,3.7081561421879266e-10
7,6,8,x_hol,168.4291630024369
7,6,9,x_hol,273.49298874601493
7,6,10,x_hol,219.031850382941
7,6,11,x_hol,224.80336857413369
7,6,12,x_hol,184.90893080577382
7,6,13,x_hol,0.0
7,6,14,x_hol,212.6848111775157
7,6,15,x_hol,404.31655861387645
7,6,16,x_hol,385.46261026179036
7,6,17,x_hol,457.11929314984644
7,6,18,x_hol,739.8530532531308
7,6,19,x_hol,226.6609669285209
7,6,20,x_hol,81.91919142126666
7,6,21,x_hol,3.60280704610436
7,6,22,x_hol,4.640521517905357e-08
7,6,23,x_hol,1.5549389794221195e-07
7,7,0,x_hol,9.723343763597087e-11
7,7,1,x_hol,1.1232554986967687e-10
7,7,2,x_hol,1.213641275399911e-10
7,7,3,x_hol,1.2962527764064283e-10
7,7,4,x_hol,1.4025758883060113e-10
7,7,5,x_hol,1.591824783717624e-10
7,7,6,x_hol,2.796269110430505e-10
7,7,7,x_hol,3.5614324915538663e-10
7,7,8,x_hol,19.08983529531273
7,7,9,x_hol,19.178373800951746
7,7,10,x_hol,56.27274282985934
7,7,11,x_hol,139.64603143004828
7,7,12,x_hol,334.3037078998381
7,7,13,x_hol,0.0
7,7,14,x_hol,190.04890326420227
7,7,15,x_hol,346.12571527057355
7,7,16,x_hol,693.5406492427657
7,7,17,x_hol,395.87502176607023
7,7,18,x_hol,337.23402548883314
7,7,19,x_hol,132.702782754359
7,7,20,x_hol,112.79734017199694
7,7,21,x_hol,7.265435894696907
7,7,22,x_hol,4.640824271272347e-08
7,7,23,x_hol,1.5533097901870842e-07
7,8,0,x_hol,9.723374071466382e-11
7,8,1,x_hol,1.123298265092488e-10
7,8,2,x_hol,1.2142126420017963e-10
7,8,3,x_hol,1.2962742874100916e-10
7,8,4,x_hol,1.4025356602790288e-10
7,8,5,x_hol,1.5929608586891497e-10
7,8,6,x_hol,2.734055862444284e-10
7,8,7,x_hol,3.747666195935229e-10
7,8,8,x_hol,51.11715197835526
7,8,9,x_hol,64.21024721639745
7,8,10,x_hol,81.0227669629304
7,8,11,x_hol,113.31585832528673
7,8,12,x_hol,233.71791098501967
7,8,13,x_hol,0.0
7,8,14,x_hol,363.63739817126924
7,8,15,x_hol,962.860939038778
7,8,16,x_hol,891.671673414978
7,8,17,x_hol,427.68155696412754
7,8,18,x_hol,249.0016537475224
7,8,19,x_hol,231.12410640331785
7,8,20,x_hol,139.7388843435794
7,8,21,x_hol,3.7167683012801795
7,8,22,x_hol,4.529025733246367e-08
7,8,23,x_hol,1.5381301467809527e-07
7,9,0,x_hol,9.723347308033514e-11
7,9,1,x_hol,1.1232627463529495e-10
7,9,2,x_hol,1.2137661371045912e-10
7,9,3,x_hol,1.29614709088918e-10
7,9,4,x_hol,1.4023711357367571e-10
7,9,5,x_hol,1.5920454582535873e-10
7,9,6,x_hol,2.72875951406942e-10
7,9,7,x_hol,3.565615743352405e-10
7,9,8,x_hol,67.62799253321826
7,9,9,x_hol,73.80252893034178
7,9,10,x_hol,76.12678520336216
7,9,11,x_hol,146.94138654086555
7,9,12,x_hol,124.61456653128289
7,9,13,x_hol,0.0
7,9,14,x_hol,252.1795430835311
7,9,15,x_hol,536.3245285519947
7,9,16,x_hol,413.7471673139541
7,9,17,x_hol,333.6219069751687
7,9,18,x_hol,171.50641628989493
7,9,19,x_hol,32.60120361444464
7,9,20,x_hol,61.17160379033654
7,9,21,x_hol,1.1828062098918289e-05
7,9,22,x_hol,4.3492233999407e-08
7,9,23,x_hol,1.5503024514854107e-07
7,0,SUM,x_hol,2411.3365787975417
7,1,SUM,x_hol,2652.232820056208
7,2,SUM,x_hol,4612.510947772615
7,3,SUM,x_hol,6010.805347229298
7,4,SUM,x_hol,2137.3123970461643
7,5,SUM,x_hol,6141.956976261158
7,6,SUM,x_hol,3582.2855935666635
7,7,SUM,x_hol,2784.0805653126426
7,8,SUM,x_hol,3812.816916053354
7,9,SUM,x_hol,2290.265641386369
7,0,0,yp_hol,6.710684173618307e-09
7,0,1,yp_hol,7.339207512292061e-09
7,0,2,yp_hol,8.17093629267958e-09
7,0,3,yp_hol,9.512372390572713e-09
7,0,4,yp_hol,9.707696438856226e-09
7,0,5,yp_hol,1.17900245213476e-08
7,0,6,yp_hol,3.159523139945175
7,0,7,yp_hol,23.530610799561938
7,0,8,yp_hol,9.862916936622058
7,0,9,yp_hol,0.8196579312722434
7,0,10,yp_hol,1.8101161666816443e-08
7,0,11,yp_hol,7.530316166687327
7,0,12,yp_hol,11.04868408594985
7,0,13,yp_hol,286.171422562519
7,0,14,yp_hol,25.027267735285932
7,0,15,yp_hol,1.979147432066053e-06
7,0,16,yp_hol,4.6430771301047316e-07
7,0,17,yp_hol,1.048192839602571
7,0,18,yp_hol,3.886797071989304
7,0,19,yp_hol,0.3328794599923097
7,0,20,yp_hol,3.061795579412761
7,0,21,yp_hol,5.523797943400976
7,0,22,yp_hol,6.267852554884571
7,0,23,yp_hol,3.245641121163726
7,1,0,yp_hol,6.710680237064886e-09
7,1,1,yp_hol,7.339162059888629e-09
7,1,2,yp_hol,8.170290636057863e-09
7,1,3,yp_hol,9.510120625857571e-09
7,1,4,yp_hol,9.705420490970122e-09
7,1,5,yp_hol,1.1789688940538585e-08
7,1,6,yp_hol,0.5098927671095498
7,1,7,yp_hol,10.749192042366431
7,1,8,yp_hol,0.29699480187532445
7,1,9,yp_hol,0.2773182413800898
7,1,10,yp_hol,1.659002832149769e-08
7,1,11,yp_hol,0.7858957590307253
7,1,12,yp_hol,1.3344533065651163
7,1,13,yp_hol,478.6386804588588
7,1,14,yp_hol,134.03236261967396
7,1,15,yp_hol,1.435758247386069
7,1,16,yp_hol,0.0066225956313051585
7,1,17,yp_hol,1.4627851450244962
7,1,18,yp_hol,3.1084331550882394
7,1,19,yp_hol,0.9462837529091748
7,1,20,yp_hol,2.401873564424607
7,1,21,yp_hol,5.6854499724934575
7,1,22,yp_hol,6.193204121089732
7,1,23,yp_hol,3.5584905658494774
7,2,0,yp_hol,6.710667916130992e-09
7,2,1,yp_hol,7.338937888535301e-09
7,2,2,yp_hol,8.16757373946899e-09
7,2,3,yp_hol,9.508734844928557e-09
7,2,4,yp_hol,9.703869513435645e-09
7,2,5,yp_hol,1.178567486660845e-08
7,2,6,yp_hol,1.1832356294898447e-07
7,2,7,yp_hol,2.434525216694755e-07
7,2,8,yp_hol,1.0616244339406155e-07
7,2,9,yp_hol,0.4966257069106127
7,2,10,yp_hol,1.7834351995531364e-08
7,2,11,yp_hol,0.004840804623329434
7,2,12,yp_hol,3.974984019876242
7,2,13,yp_hol,423.68389804858947
7,2,14,yp_hol,63.11385185999515
7,2,15,yp_hol,0.013279038846217657
7,2,16,yp_hol,5.1021764555549405
7,2,17,yp_hol,16.54573329440838
7,2,18,yp_hol,87.50333997275064
7,2,19,yp_hol,8.50308890418956
7,2,20,yp_hol,8.345310908108337
7,2,21,yp_hol,8.584774303940153
7,2,22,yp_hol,12.158069021503566
7,2,23,yp_hol,6.472620768626331
7,3,0,yp_hol,6.71067134549093e-09
7,3,1,yp_hol,7.33895726512384e-09
7,3,2,yp_hol,8.167695590911993e-09
7,3,3,yp_hol,9.509559126873034e-09
7,3,4,yp_hol,9.704332027793517e-09
7,3,5,yp_hol,1.1786122126601996e-08
7,3,6,yp_hol,0.12523124650874723
7,3,7,yp_hol,5.174388424884256
7,3,8,yp_hol,0.24281135393890493
7,3,9,yp_hol,3.029232199532928e-08
7,3,10,yp_hol,1.7762759291118286e-08
7,3,11,yp_hol,2.0811307426972476
7,3,12,yp_hol,37.46083282159835
7,3,13,yp_hol,744.4586311938764
7,3,14,yp_hol,151.8005078610284
7,3,15,yp_hol,27.52843410153415
7,3,16,yp_hol,55.17704290672005
7,3,17,yp_hol,37.36446466626708
7,3,18,yp_hol,43.505600433254585
7,3,19,yp_hol,10.840311243149698
7,3,20,yp_hol,12.257908540209604
7,3,21,yp_hol,19.856145329242445
7,3,22,yp_hol,23.406268333610832
7,3,23,yp_hol,10.099803102119143
7,4,0,yp_hol,6.710672880716834e-09
7,4,1,yp_hol,7.339046755112496e-09
7,4,2,yp_hol,8.168708141709222e-09
7,4,3,yp_hol,9.509916858730345e-09
7,4,4,yp_hol,9.705376814139654e-09
7,4,5,yp_hol,1.178733043730921e-08
7,4,6,yp_hol,1.195185873995331e-07
7,4,7,yp_hol,3.07265061937748
7,4,8,yp_hol,0.08545292927524463
7,4,9,yp_hol,0.009197124972351513
7,4,10,yp_hol,1.6651296312921562e-08
7,4,11,yp_hol,5.0216993018281817e-08
7,4,12,yp_hol,0.08338437103554183
7,4,13,yp_hol,96.53965195492945
7,4,14,yp_hol,39.39093756633547
7,4,15,yp_hol,2.0419506981766546
7,4,16,yp_hol,2.6390611562847255
7,4,17,yp_hol,0.3608635359977189
7,4,18,yp_hol,0.336012996988979
7,4,19,yp_hol,1.6788028750460966
7,4,20,yp_hol,1.534461915594003
7,4,21,yp_hol,2.7417370449195846
7,4,22,yp_hol,3.323668764284235
7,4,23,yp_hol,1.8080739539172028
7,5,0,yp_hol,6.710680287450558e-09
7,5,1,yp_hol,7.339124116257876e-09
7,5,2,yp_hol,8.169601341734696e-09
7,5,3,yp_hol,9.509878026288896e-09
7,5,4,yp_hol,9.704837052841048e-09
7,5,5,yp_hol,1.1788414520533519e-08
7,5,6,yp_hol,0.8037931326948531
7,5,7,yp_hol,7.9201540755754225
7,5,8,yp_hol,1.525632713211824
7,5,9,yp_hol,3.032746052320817e-08
7,5,10,yp_hol,1.662318883118775e-08
7,5,11,yp_hol,0.9588828921834159
7,5,12,yp_hol,8.054350005431928
7,5,13,yp_hol,998.8737459177916
7,5,14,yp_hol,282.7173356475262
7,5,15,yp_hol,169.0747004581881
7,5,16,yp_hol,59.38410425716435
7,5,17,yp_hol,0.8740165637771988
7,5,18,yp_hol,33.309089617582565
7,5,19,yp_hol,3.184823875159687
7,5,20,yp_hol,5.693826400085419
7,5,21,yp_hol,16.606944894682233
7,5,22,yp_hol,19.015784881320283
7,5,23,yp_hol,9.15389812950531
7,6,0,yp_hol,6.7106790911419395e-09
7,6,1,yp_hol,7.339095278556927e-09
7,6,2,yp_hol,8.169539702068686e-09
7,6,3,yp_hol,9.510552232916797e-09
7,6,4,yp_hol,9.705658480870254e-09
7,6,5,yp_hol,1.1788692430621254e-08
7,6,6,yp_hol,0.45512199123908914
7,6,7,yp_hol,9.574354376588241
7,6,8,yp_hol,1.5493185870743034
7,6,9,yp_hol,1.383797270399753
7,6,10,yp_hol,1.6699380198929785e-08
7,6,11,yp_hol,0.15219433120565382
7,6,12,yp_hol,2.4061411964893114
7,6,13,yp_hol,306.30253570930273
7,6,14,yp_hol,39.90042412111389
7,6,15,yp_hol,0.026596198831222453
7,6,16,yp_hol,0.00381530834264458
7,6,17,yp_hol,5.005559177542888
7,6,18,yp_hol,43.59556959203315
7,6,19,yp_hol,0.6757495472696005
7,6,20,yp_hol,1.7750722065011735
7,6,21,yp_hol,8.488284542371009
7,6,22,yp_hol,10.472510825115299
7,6,23,yp_hol,4.77042467463094
7,7,0,yp_hol,6.710669409015557e-09
7,7,1,yp_hol,7.339016341028194e-09
7,7,2,yp_hol,8.168472886592035e-09
7,7,3,yp_hol,9.509511868703761e-09
7,7,4,yp_hol,9.704815170851137e-09
7,7,5,yp_hol,1.178684571468646e-08
7,7,6,yp_hol,0.15059427859984306
7,7,7,yp_hol,2.016418332261972
7,7,8,yp_hol,0.038027836828341044
7,7,9,yp_hol,3.0438846239432665e-08
7,7,10,yp_hol,1.650858826500443e-08
7,7,11,yp_hol,0.792135672571824
7,7,12,yp_hol,4.520175154923831
7,7,13,yp_hol,304.68592220475153
7,7,14,yp_hol,45.01693285336294
7,7,15,yp_hol,0.7738465190135945
7,7,16,yp_hol,3.030099396646479
7,7,17,yp_hol,1.0020478717544647
7,7,18,yp_hol,7.615338276813629
7,7,19,yp_hol,0.353124056952964
7,7,20,yp_hol,4.475923698048119
7,7,21,yp_hol,5.7705654838960205
7,7,22,yp_hol,7.350299262648541
7,7,23,yp_hol,3.360887691186991
7,8,0,yp_hol,6.710684078611052e-09
7,8,1,yp_hol,7.3392069728591885e-09
7,8,2,yp_hol,8.170966292960271e-09
7,8,3,yp_hol,9.509640616803443e-09
7,8,4,yp_hol,9.704482181683386e-09
7,8,5,yp_hol,1.1790125615393312e-08
7,8,6,yp_hol,1.1938297653131134e-07
7,8,7,yp_hol,8.026395300830607
7,8,8,yp_hol,0.17093589339629844
7,8,9,yp_hol,0.0028390793309716208
7,8,10,yp_hol,1.6527268801531137e-08
7,8,11,yp_hol,0.28436433542530426
7,8,12,yp_hol,0.518576844042232
7,8,13,yp_hol,358.50609043972986
7,8,14,yp_hol,109.15172637249589
7,8,15,yp_hol,12.147019023786381
7,8,16,yp_hol,8.348276167870791
7,8,17,yp_hol,2.9384172748623887
7,8,18,yp_hol,1.2848651539102625
7,8,19,yp_hol,0.2971881464034934
7,8,20,yp_hol,9.317635606341451
7,8,21,yp_hol,8.159089499169724
7,8,22,yp_hol,9.368027053826928
7,8,23,yp_hol,3.057519538057907
7,9,0,yp_hol,6.710672608085406e-09
7,9,1,yp_hol,7.339065093032908e-09
7,9,2,yp_hol,8.169237035479899e-09
7,9,3,yp_hol,9.509155520004601e-09
7,9,4,yp_hol,9.70388442320603e-09
7,9,5,yp_hol,1.1787397938209958e-08
7,9,6,yp_hol,1.1874125082122713e-07
7,9,7,yp_hol,2.00493042579084
7,9,8,yp_hol,1.0131946026772718
7,9,9,yp_hol,0.004133238411012877
7,9,10,yp_hol,1.658785943084509e-08
7,9,11,yp_hol,0.09671866086845976
7,9,12,yp_hol,0.12424367400459245
7,9,13,yp_hol,210.25550329298818
7,9,14,yp_hol,75.69384565310486
7,9,15,yp_hol,0.052133235147012125
7,9,16,yp_hol,0.48024910322324865
7,9,17,yp_hol,4.831351687516913
7,9,18,yp_hol,2.191432357802772
7,9,19,yp_hol,0.12808896661329164
7,9,20,yp_hol,4.215511975611191
7,9,21,yp_hol,5.6057979160148514
7,9,22,yp_hol,6.0222610090994495
7,9,23,yp_hol,3.096350677610662
7,0,SUM,yp_hol,390.51735844307694
7,1,SUM,yp_hol,651.4236911865719
7,2,SUM,yp_hol,644.5025936469112
7,3,SUM,yp_hol,1181.3795124019123
7,4,SUM,yp_hol,155.64590774674267
7,5,SUM,yp_hol,1617.1510835620534
7,6,SUM,yp_hol,436.53746972597446
7,7,SUM,yp_hol,390.9523386904278
7,8,SUM,yp_hol,531.5789659186158
7,9,SUM,yp_hol,315.81574666503315
7,0,0,ym_hol,9.385008164731935e-08
7,0,1,ym_hol,1.0343321284909562e-07
7,0,2,ym_hol,2.1076997225232756e-06
7,0,3,ym_hol,4.396165789445122
7,0,4,ym_hol,10.377909993129373
7,0,5,ym_hol,0.6881937251639484
7,0,6,ym_hol,2.331763958267887e-08
7,0,7,ym_hol,1.528215404050602e-08
7,0,8,ym_hol,9.050912987268481e-09
7,0,9,ym_hol,8.095736894319215e-09
7,0,10,ym_hol,1.834259218357304
7,0,11,ym_hol,0.13637610687541596
7,0,12,ym_hol,3.360321173279542
7,0,13,ym_hol,4.5595345785736925e-09
7,0,14,ym_hol,0.0019527009710556896
7,0,15,ym_hol,0.5793567233475378
7,0,16,ym_hol,1.6776037824145893
7,0,17,ym_hol,0.9864071979489133
7,0,18,ym_hol,1.235374590137293
7,0,19,ym_hol,0.09346173003635867
7,0,20,ym_hol,0.4680571664177367
7,0,21,ym_hol,0.013046237521140779
7,0,22,ym_hol,1.1237533037323917e-08
7,0,23,ym_hol,1.3878194802639199e-08
7,1,0,ym_hol,9.385059843579464e-08
7,1,1,ym_hol,1.0343522592301206e-07
7,1,2,ym_hol,1.3965721896511523e-06
7,1,3,ym_hol,4.343703217083177
7,1,4,ym_hol,10.361461138556114
7,1,5,ym_hol,0.28707082042088766
7,1,6,ym_hol,2.3448612884840457e-08
7,1,7,ym_hol,1.544294760818331e-08
7,1,8,ym_hol,9.018412290442478e-09
7,1,9,ym_hol,8.091962074076027e-09
7,1,10,ym_hol,1.1831949798331799e-08
7,1,11,ym_hol,0.019603408608094938
7,1,12,ym_hol,1.156507283780775
7,1,13,ym_hol,4.559534576274945e-09
7,1,14,ym_hol,0.0019035070806211279
7,1,15,ym_hol,18.483983041606372
7,1,16,ym_hol,0.23954156127448364
7,1,17,ym_hol,0.5581295761121935
7,1,18,ym_hol,1.4089929475042395
7,1,19,ym_hol,0.41512457558447674
7,1,20,ym_hol,0.3347718261885928
7,1,21,ym_hol,0.06781154480538505
7,1,22,ym_hol,1.1235729140363054e-08
7,1,23,ym_hol,1.387466776225903e-08
7,2,0,ym_hol,9.385441351040955e-08
7,2,1,ym_hol,1.0356698432439574e-07
7,2,2,ym_hol,4.246882811247448e-06
7,2,3,ym_hol,12.154631503348787
7,2,4,ym_hol,24.534414142525716
7,2,5,ym_hol,2.9461075876728393
7,2,6,ym_hol,2.487587414049854e-08
7,2,7,ym_hol,1.6161018234959433e-08
7,2,8,ym_hol,9.067915988421065e-09
7,2,9,ym_hol,8.093820323587497e-09
7,2,10,ym_hol,0.23228151407819592
7,2,11,ym_hol,1.2615133578824759e-08
7,2,12,ym_hol,2.6717394049954724
7,2,13,ym_hol,4.55953457727472e-09
7,2,14,ym_hol,0.0023904772220452505
7,2,15,ym_hol,16.95332563635273
7,2,16,ym_hol,25.49151650589366
7,2,17,ym_hol,5.134184070866211
7,2,18,ym_hol,19.06448454946623
7,2,19,ym_hol,3.911388189481117
7,2,20,ym_hol,1.2412569460621152
7,2,21,ym_hol,4.924579337446579
7,2,22,ym_hol,1.123808877191613e-08
7,2,23,ym_hol,1.3883997165847406e-08
7,3,0,ym_hol,9.385366981700807e-08
7,3,1,ym_hol,1.0356067991277316e-07
7,3,2,ym_hol,4.246891785121686e-06
7,3,3,ym_hol,18.468672947422437
7,3,4,ym_hol,37.18940735171366
7,3,5,ym_hol,2.4113668425614936
7,3,6,ym_hol,2.4121464939280983e-08
7,3,7,ym_hol,1.6119645086677044e-08
7,3,8,ym_hol,9.030717960714009e-09
7,3,9,ym_hol,8.078327223326155e-09
7,3,10,ym_hol,0.10649964702100084
7,3,11,ym_hol,0.0024002830540772067
7,3,12,ym_hol,15.655498940806773
7,3,13,ym_hol,4.559534576088308e-09
7,3,14,ym_hol,1.0947682392849293e-08
7,3,15,ym_hol,59.39026075215915
7,3,16,ym_hol,34.037025906568495
7,3,17,ym_hol,18.702158529761306
7,3,18,ym_hol,10.155077227590224
7,3,19,ym_hol,3.730677860768338
7,3,20,ym_hol,1.0185722714714864
7,3,21,ym_hol,0.24192106732422314
7,3,22,ym_hol,1.1238638925212528e-08
7,3,23,ym_hol,1.3879407015969516e-08
7,4,0,ym_hol,9.385285614269642e-08
7,4,1,ym_hol,1.0351874697489622e-07
7,4,2,ym_hol,3.297109457257395e-06
7,4,3,ym_hol,2.6217900689191267
7,4,4,ym_hol,5.76116117780633
7,4,5,ym_hol,0.20784205024406524
7,4,6,ym_hol,2.4736367646435913e-08
7,4,7,ym_hol,1.5546985307854494e-08
7,4,8,ym_hol,9.02212161951768e-09
7,4,9,ym_hol,8.091643796164624e-09
7,4,10,ym_hol,0.009076721548455369
7,4,11,ym_hol,1.0847777531654057e-08
7,4,12,ym_hol,0.025112762666013665
7,4,13,ym_hol,4.559534579047775e-09
7,4,14,ym_hol,0.003603821885684892
7,4,15,ym_hol,19.64726427889551
7,4,16,ym_hol,11.679116431559814
7,4,17,ym_hol,0.9822484336055898
7,4,18,ym_hol,0.026709207425395586
7,4,19,ym_hol,0.16861327381781827
7,4,20,ym_hol,0.1458075752197535
7,4,21,ym_hol,6.205912324675948e-07
7,4,22,ym_hol,1.1237142893718482e-08
7,4,23,ym_hol,1.3873507897054484e-08
7,5,0,ym_hol,9.385129842175744e-08
7,5,1,ym_hol,1.0348378013399423e-07
7,5,2,ym_hol,3.0579063380529462e-06
7,5,3,ym_hol,16.717381068412784
7,5,4,ym_hol,34.19102811124462
7,5,5,ym_hol,3.477053170762531
7,5,6,ym_hol,2.37733426365284e-08
7,5,7,ym_hol,1.6010682285039462e-08
7,5,8,ym_hol,9.013784634737789e-09
7,5,9,ym_hol,8.081035448382009e-09
7,5,10,ym_hol,0.003321277104789266
7,5,11,ym_hol,1.0839829018818104e-08
7,5,12,ym_hol,5.356227116663713
7,5,13,ym_hol,4.5595345759892246e-09
7,5,14,ym_hol,0.766923793168193
7,5,15,ym_hol,114.84283873391695
7,5,16,ym_hol,45.813498048873264
7,5,17,ym_hol,5.477650371453913
7,5,18,ym_hol,4.593765399412124
7,5,19,ym_hol,4.531943023834105
7,5,20,ym_hol,0.5230271233414371
7,5,21,ym_hol,0.0540966017974394
7,5,22,ym_hol,1.1236364179406865e-08
7,5,23,ym_hol,1.3877307086989343e-08
7,6,0,ym_hol,9.385159402615465e-08
7,6,1,ym_hol,1.0347865976251166e-07
7,6,2,ym_hol,3.056246149449507e-06
7,6,3,ym_hol,7.659511738780183
7,6,4,ym_hol,15.848103271389546
7,6,5,ym_hol,1.0811655488934544
7,6,6,ym_hol,2.3700117948513968e-08
7,6,7,ym_hol,1.564679163640026e-08
7,6,8,ym_hol,9.037730635055878e-09
7,6,9,ym_hol,8.106508411343313e-09
7,6,10,ym_hol,1.1102403236171442e-08
7,6,11,ym_hol,0.0032866941269565487
7,6,12,ym_hol,0.17119067235026364
7,6,13,ym_hol,4.559534576600086e-09
7,6,14,ym_hol,1.0041145965854461e-08
7,6,15,ym_hol,3.7358648879210126
7,6,16,ym_hol,8.537226292517362
7,6,17,ym_hol,8.613772076262444
7,6,18,ym_hol,18.10730863501968
7,6,19,ym_hol,0.810892804095634
7,6,20,ym_hol,0.4973966655237482
7,6,21,ym_hol,0.09675543836407854
7,6,22,ym_hol,1.1236683654211101e-08
7,6,23,ym_hol,1.3875954361379333e-08
7,7,0,ym_hol,9.385371501866204e-08
7,7,1,ym_hol,1.0353205671542225e-07
7,7,2,ym_hol,3.298795914622307e-06
7,7,3,ym_hol,5.838883400833448
7,7,4,ym_hol,11.175853109287035
7,7,5,ym_hol,0.5643990190216513
7,7,6,ym_hol,2.39651209222814e-08
7,7,7,ym_hol,1.6089595055804923e-08
7,7,8,ym_hol,9.029011230674457e-09
7,7,9,ym_hol,8.086937656948578e-09
7,7,10,ym_hol,1.1083638054510412e-08
7,7,11,ym_hol,1.1345298810538085e-08
7,7,12,ym_hol,2.844288435972467
7,7,13,ym_hol,4.559534577280366e-09
7,7,14,ym_hol,1.4026286078257345e-08
7,7,15,ym_hol,6.154365839719934
7,7,16,ym_hol,16.09376903717192
7,7,17,ym_hol,10.899887608837217
7,7,18,ym_hol,3.1611832394883366
7,7,19,ym_hol,0.03847867706532799
7,7,20,ym_hol,0.30500024825688427
7,7,21,ym_hol,0.2213604285315771
7,7,22,ym_hol,1.12381371847789e-08
7,7,23,ym_hol,1.3876502739654423e-08
7,8,0,ym_hol,9.385000408560222e-08
7,8,1,ym_hol,1.03415918878821e-07
7,8,2,ym_hol,1.1590342417341549e-06
7,8,3,ym_hol,8.383949274803449
7,8,4,ym_hol,17.130025172527198
7,8,5,ym_hol,0.46299216084367223
7,8,6,ym_hol,2.4595561212170904e-08
7,8,7,ym_hol,1.5517099617785374e-08
7,8,8,ym_hol,9.021963919852123e-09
7,8,9,ym_hol,8.086227706362025e-09
7,8,10,ym_hol,0.01161836793012923
7,8,11,ym_hol,1.0805371958022787e-08
7,8,12,ym_hol,0.5764928055893185
7,8,13,ym_hol,4.55953457647566e-09
7,8,14,ym_hol,0.0037113984788109543
7,8,15,ym_hol,40.56109873704191
7,8,16,ym_hol,25.129872605068435
7,8,17,ym_hol,4.260296648070311
7,8,18,ym_hol,0.43717344525609114
7,8,19,ym_hol,3.0867850287514558
7,8,20,ym_hol,0.76900887643933
7,8,21,ym_hol,0.20366511138030785
7,8,22,ym_hol,1.1236228702828158e-08
7,8,23,ym_hol,1.3873467621889037e-08
7,9,0,ym_hol,9.385319026573963e-08
7,9,1,ym_hol,1.0350700871749099e-07
7,9,2,ym_hol,3.0600269769502587e-06
7,9,3,ym_hol,5.261086987759101
7,9,4,ym_hol,12.904092692957425
7,9,5,ym_hol,0.6108554882315271
7,9,6,ym_hol,2.4791817948699783e-08
7,9,7,ym_hol,1.6065338977810785e-08
7,9,8,ym_hol,9.025199558171239e-09
7,9,9,ym_hol,8.095256519155198e-09
7,9,10,ym_hol,0.0024758525117443125
7,9,11,ym_hol,1.055536243458217e-08
7,9,12,ym_hol,0.03553829937198963
7,9,13,ym_hol,4.559534578866166e-09
7,9,14,ym_hol,1.0859237515691743e-08
7,9,15,ym_hol,12.255807056859869
7,9,16,ym_hol,5.7165510446211565
7,9,17,ym_hol,4.826069060918046
7,9,18,ym_hol,0.4940880368062178
7,9,19,ym_hol,0.04137744230243441
7,9,20,ym_hol,0.5042920270526421
7,9,21,ym_hol,5.70301338707831e-07
7,9,22,ym_hol,1.1235994611041058e-08
7,9,23,ym_hol,1.3875140009082041e-08
7,0,SUM,ym_hol,25.848488525450055
7,1,SUM,ym_hol,37.67860613996724
7,2,SUM,ym_hol,119.26230441021129
7,3,SUM,ym_hol,201.1095441705042
7,4,SUM,ym_hol,41.27835001658093
7,5,SUM,ym_hol,236.34875719261916
7,6,SUM,ym_hol,65.16247808612763
7,7,SUM,ym_hol,57.29747266366755
7,8,SUM,ym_hol,101.01669108617605
7,9,SUM,ym_hol,42.65223792614355
7,0,0,dp_hol,4.7363493982206327e-07
7,0,1,dp_hol,5.430471839111911e-07
7,0,2,dp_hol,5.943824572378081e-07
7,0,3,dp_hol,6.322126211419304e-07
7,0,4,dp_hol,6.654467282500088e-07
7,0,5,dp_hol,6.877265143511803e-07
7,0,6,dp_hol,5.947343433099036
7,0,7,dp_hol,56.90166965291573
7,0,8,dp_hol,57.30347482211272
7,0,9,dp_hol,33.93657104263863
7,0,10,dp_hol,71.67567262507264
7,0,11,dp_hol,73.21765334860244
7,0,12,dp_hol,55.77461091704127
7,0,13,dp_hol,5.013564174491793e-07
7,0,14,dp_hol,14.517723985614591
7,0,15,dp_hol,9.597559864071993
7,0,16,dp_hol,11.147821674397273
7,0,17,dp_hol,24.118563452096932
7,0,18,dp_hol,24.574273573847773
7,0,19,dp_hol,7.494407974172117
7,0,20,dp_hol,3.1745662076457872
7,0,21,dp_hol,0.6776248001658837
7,0,22,dp_hol,8.793269380996022e-07
7,0,23,dp_hol,9.310668567026187e-07
7,1,0,dp_hol,4.736228259904654e-07
7,1,1,dp_hol,5.429328323762069e-07
7,1,2,dp_hol,5.946027218858215e-07
7,1,3,dp_hol,6.208410817777807e-07
7,1,4,dp_hol,6.484224684242906e-07
7,1,5,dp_hol,6.863169833766372e-07
7,1,6,dp_hol,0.7654723692337465
7,1,7,dp_hol,22.88380063374885
7,1,8,dp_hol,14.683791590775531
7,1,9,dp_hol,31.781687427380692
7,1,10,dp_hol,25.67772791444908
7,1,11,dp_hol,39.03770160056342
7,1,12,dp_hol,24.228593533001963
7,1,13,dp_hol,5.013564743177293e-07
7,1,14,dp_hol,65.75261708140184
7,1,15,dp_hol,65.06388246142491
7,1,16,dp_hol,25.1177367238904
7,1,17,dp_hol,31.650592076482905
7,1,18,dp_hol,33.54320870974399
7,1,19,dp_hol,11.250123752689442
7,1,20,dp_hol,3.0711150715290114
7,1,21,dp_hol,0.616796388632635
7,1,22,dp_hol,8.721819187892069e-07
7,1,23,dp_hol,9.308246509055065e-07
7,2,0,dp_hol,4.735516778663869e-07
7,2,1,dp_hol,5.417569546739757e-07
7,2,2,dp_hol,5.790972675681701e-07
7,2,3,dp_hol,6.136038128869206e-07
7,2,4,dp_hol,6.418571369640379e-07
7,2,5,dp_hol,6.657407649440868e-07
7,2,6,dp_hol,4.7638539715888324e-07
7,2,7,dp_hol,4.2731748079688045e-07
7,2,8,dp_hol,5.173422091056311
7,2,9,dp_hol,35.90501723626152
7,2,10,dp_hol,35.56984333564601
7,2,11,dp_hol,29.982811437739887
7,2,12,dp_hol,35.0063493196183
7,2,13,dp_hol,5.013564504247109e-07
7,2,14,dp_hol,27.781567352144876
7,2,15,dp_hol,62.53833740176457
7,2,16,dp_hol,130.07211324510436
7,2,17,dp_hol,120.47311873651253
7,2,18,dp_hol,160.5236013036779
7,2,19,dp_hol,67.01176669178523
7,2,20,dp_hol,9.6046190007892
7,2,21,dp_hol,3.342935694937252
7,2,22,dp_hol,9.338439166865942e-07
7,2,23,dp_hol,9.463836601094628e-07
7,3,0,dp_hol,4.7356939909728434e-07
7,3,1,dp_hol,5.418621423690224e-07
7,3,2,dp_hol,5.798113061887166e-07
7,3,3,dp_hol,6.168917807025494e-07
7,3,4,dp_hol,6.452355107187198e-07
7,3,5,dp_hol,6.675967264097662e-07
7,3,6,dp_hol,0.13002594272180767
7,3,7,dp_hol,1.4274256823575968
7,3,8,dp_hol,14.760662554800456
7,3,9,dp_hol,16.941917698467304
7,3,10,dp_hol,19.90496656947631
7,3,11,dp_hol,37.03785049844752
7,3,12,dp_hol,187.42518107289968
7,3,13,dp_hol,5.013564763182308e-07
7,3,14,dp_hol,53.29623909470608
7,3,15,dp_hol,212.88733591334844
7,3,16,dp_hol,334.478400697926
7,3,17,dp_hol,165.61573577223749
7,3,18,dp_hol,100.380958760417
7,3,19,dp_hol,42.18367764277748
7,3,20,dp_hol,26.757259872067877
7,3,21,dp_hol,3.787667227142795
7,3,22,dp_hol,8.86751748392172e-07
7,3,23,dp_hol,9.308519480207107e-07
7,4,0,dp_hol,4.735820072478722e-07
7,4,1,dp_hol,5.422357345155804e-07
7,4,2,dp_hol,5.843486524908645e-07
7,4,3,dp_hol,6.19203570493991e-07
7,4,4,dp_hol,6.484676785828087e-07
7,4,5,dp_hol,6.729688893360658e-07
7,4,6,dp_hol,4.912671197683604e-07
7,4,7,dp_hol,6.989512341374047
7,4,8,dp_hol,6.967255868904994
7,4,9,dp_hol,9.489118747791046
7,4,10,dp_hol,8.795107856468626
7,4,11,dp_hol,17.275447335254768
7,4,12,dp_hol,9.419411885025163
7,4,13,dp_hol,5.013564332249094e-07
7,4,14,dp_hol,43.43641670587512
7,4,15,dp_hol,44.24885538384606
7,4,16,dp_hol,109.34915347563239
7,4,17,dp_hol,27.435800217841514
7,4,18,dp_hol,7.982535698071497
7,4,19,dp_hol,21.580867865953163
7,4,20,dp_hol,2.7819433443699073
7,4,21,dp_hol,0.43342362413944435
7,4,22,dp_hol,8.839147769503814e-07
7,4,23,dp_hol,9.301833592533937e-07
7,5,0,dp_hol,4.736145326065611e-07
7,5,1,dp_hol,5.425228383917152e-07
7,5,2,dp_hol,5.882604466185745e-07
7,5,3,dp_hol,6.200034454592765e-07
7,5,4,dp_hol,6.469998113422863e-07
7,5,5,dp_hol,6.782920617788242e-07
7,5,6,dp_hol,0.40324853932439564
7,5,7,dp_hol,0.5322234214849548
7,5,8,dp_hol,28.46897839494072
7,5,9,dp_hol,13.48764031693099
7,5,10,dp_hol,17.196947125109272
7,5,11,dp_hol,26.76648624492538
7,5,12,dp_hol,42.60444339453343
7,5,13,dp_hol,5.013564776933882e-07
7,5,14,dp_hol,57.79322509237399
7,5,15,dp_hol,460.13954000953754
7,5,16,dp_hol,214.08600414796675
7,5,17,dp_hol,50.558875244112706
7,5,18,dp_hol,92.7654023188318
7,5,19,dp_hol,49.88349537926833
7,5,20,dp_hol,6.603562936546529
7,5,21,dp_hol,0.910508376177002
7,5,22,dp_hol,8.721530923755904e-07
7,5,23,dp_hol,9.303390456765427e-07
7,6,0,dp_hol,4.736055515274837e-07
7,6,1,dp_hol,5.42571112527414e-07
7,6,2,dp_hol,5.89579135137472e-07
7,6,3,dp_hol,6.214007670269961e-07
7,6,4,dp_hol,6.503247690318507e-07
7,6,5,dp_hol,6.803194453201212e-07
7,6,6,dp_hol,0.5107357065650127
7,6,7,dp_hol,13.469392563827075
7,6,8,dp_hol,31.43984634834356
7,6,9,dp_hol,48.832244220083204
7,6,10,dp_hol,38.76294935117305
7,6,11,dp_hol,34.69507053026148
7,6,12,dp_hol,34.982386173490255
7,6,13,dp_hol,5.013564686567176e-07
7,6,14,dp_hol,34.31051355219174
7,6,15,dp_hol,24.988317335831965
7,6,16,dp_hol,28.918765236579056
7,6,17,dp_hol,61.66328748127203
7,6,18,dp_hol,125.80588297512345
7,6,19,dp_hol,18.98266691300599
7,6,20,dp_hol,2.138204520602776
7,6,21,dp_hol,0.4661715016350987
7,6,22,dp_hol,8.862410477619141e-07
7,6,23,dp_hol,9.306346114891102e-07
7,7,0,dp_hol,4.735632206993949e-07
7,7,1,dp_hol,5.420909980636656e-07
7,7,2,dp_hol,5.827661322126552e-07
7,7,3,dp_hol,6.169685681646521e-07
7,7,4,dp_hol,6.454670987436522e-07
7,7,5,dp_hol,6.714928961120777e-07
7,7,6,dp_hol,0.027149866204842225
7,7,7,dp_hol,0.038352254771645604
7,7,8,dp_hol,8.824580135380767
7,7,9,dp_hol,7.00455630485055
7,7,10,dp_hol,9.071493510718977
7,7,11,dp_hol,15.465018446612266
7,7,12,dp_hol,63.99094226010523
7,7,13,dp_hol,5.013564613053006e-07
7,7,14,dp_hol,27.936557807891198
7,7,15,dp_hol,55.234757418662014
7,7,16,dp_hol,109.70185388237307
7,7,17,dp_hol,49.297642128710415
7,7,18,dp_hol,43.1750281612947
7,7,19,dp_hol,14.703749630535219
7,7,20,dp_hol,7.60528437217487
7,7,21,dp_hol,1.0289980266485617
7,7,22,dp_hol,8.890075725192382e-07
7,7,23,dp_hol,9.311525723317874e-07
7,8,0,dp_hol,4.7363412381370364e-07
7,8,1,dp_hol,5.430363484830955e-07
7,8,2,dp_hol,5.966519130776359e-07
7,8,3,dp_hol,6.174845795286951e-07
7,8,4,dp_hol,6.448347858909011e-07
7,8,5,dp_hol,6.883274054445206e-07
7,8,6,dp_hol,4.94658584950742e-07
7,8,7,dp_hol,25.685127957238347
7,8,8,dp_hol,13.18833957466091
7,8,9,dp_hol,12.39803246153573
7,8,10,dp_hol,13.946837229027608
7,8,11,dp_hol,12.551568666254095
7,8,12,dp_hol,24.846071829127972
7,8,13,dp_hol,5.013564706636522e-07
7,8,14,dp_hol,53.52568936884954
7,8,15,dp_hol,136.83791169429438
7,8,16,dp_hol,129.06537854826516
7,8,17,dp_hol,48.9673029944527
7,8,18,dp_hol,23.04907416298975
7,8,19,dp_hol,28.193125407236604
7,8,20,dp_hol,7.818923376539531
7,8,21,dp_hol,1.1807272514850031
7,8,22,dp_hol,8.811899353581137e-07
7,8,23,dp_hol,9.288626458825334e-07
7,9,0,dp_hol,4.7357142198260824e-07
7,9,1,dp_hol,5.422478271238934e-07
7,9,2,dp_hol,5.855698610909101e-07
7,9,3,dp_hol,6.149796593405793e-07
7,9,4,dp_hol,6.419201837930963e-07
7,9,5,dp_hol,6.743631816346229e-07
7,9,6,dp_hol,4.843377966972587e-07
7,9,7,dp_hol,0.05892642408490163
7,9,8,dp_hol,17.39267231174435
7,9,9,dp_hol,12.440122329020165
7,9,10,dp_hol,11.695583492833016
7,9,11,dp_hol,15.709737519395278
7,9,12,dp_hol,15.403536235810432
7,9,13,dp_hol,5.013564249676378e-07
7,9,14,dp_hol,40.67151927140691
7,9,15,dp_hol,53.818387683392785
7,9,16,dp_hol,56.67571832615902
7,9,17,dp_hol,44.83119994491505
7,9,18,dp_hol,24.29615796291021
7,9,19,dp_hol,8.861486449883843
7,9,20,dp_hol,4.869077381546005
7,9,21,dp_hol,0.22708194679165025
7,9,22,dp_hol,8.713441414209772e-07
7,9,23,dp_hol,9.30627717728233e-07
7,0,SUM,dp_hol,450.0595432816955
7,1,SUM,dp_hol,395.1248532060504
7,2,SUM,dp_hol,722.9855096479324
7,3,SUM,dp_hol,1217.0153108437207
7,4,SUM,dp_hol,316.184856698076
7,5,SUM,dp_hol,1062.2005867956054
7,6,SUM,dp_hol,499.96644028601867
7,7,SUM,dp_hol,413.1059700607998
7,8,SUM,dp_hol,531.2541168919942
7,9,SUM,dp_hol,306.9512136002119
7,0,0,dm_hol,4.735557942209156e-07
7,0,1,dm_hol,5.418297421462474e-07
7,0,2,dm_hol,5.810134355054967e-07
7,0,3,dm_hol,6.099725974584562e-07
7,0,4,dm_hol,6.364613299786761e-07
7,0,5,dm_hol,6.674453974621392e-07
7,0,6,dm_hol,0.03578919760696035
7,0,7,dm_hol,0.7159018369848034
7,0,8,dm_hol,28.92157110954159
7,0,9,dm_hol,41.55187457854228
7,0,10,dm_hol,61.19416707242267
7,0,11,dm_hol,52.30688135831889
7,0,12,dm_hol,69.6486605344852
7,0,13,dm_hol,5.0136429966671e-07
7,0,14,dm_hol,47.252555833514506
7,0,15,dm_hol,35.79346687700692
7,0,16,dm_hol,63.28182272722871
7,0,17,dm_hol,34.2919960405831
7,0,18,dm_hol,38.96329616498098
7,0,19,dm_hol,9.728650880475419
7,0,20,dm_hol,3.03879943641163
7,0,21,dm_hol,0.10298959637568236
7,0,22,dm_hol,8.945074421132081e-07
7,0,23,dm_hol,9.322080637071894e-07
7,1,0,dm_hol,4.735676978188753e-07
7,1,1,dm_hol,5.41948672167637e-07
7,1,2,dm_hol,5.820563554693471e-07
7,1,3,dm_hol,6.178725878105574e-07
7,1,4,dm_hol,6.47421697524322e-07
7,1,5,dm_hol,6.704747995583357e-07
7,1,6,dm_hol,0.3326214069787731
7,1,7,dm_hol,1.5890083814506284
7,1,8,dm_hol,20.299482782619126
7,1,9,dm_hol,22.6481107436841
7,1,10,dm_hol,27.596092172013186
7,1,11,dm_hol,34.256344191936535
7,1,12,dm_hol,52.57995019914101
7,1,13,dm_hol,5.013642439462052e-07
7,1,14,dm_hol,39.70283855583964
7,1,15,dm_hol,105.61901233385608
7,1,16,dm_hol,43.31269767541085
7,1,17,dm_hol,32.3983476624934
7,1,18,dm_hol,61.16007755154923
7,1,19,dm_hol,22.374318951849567
7,1,20,dm_hol,2.60018554685839
7,1,21,dm_hol,0.43055628145829394
7,1,22,dm_hol,8.91566728619742e-07
7,1,23,dm_hol,9.32404580659208e-07
7,2,0,dm_hol,4.7363736341941076e-07
7,2,1,dm_hol,5.430903920662117e-07
7,2,2,dm_hol,5.960439572651319e-07
7,2,3,dm_hol,6.243957434288759e-07
7,2,4,dm_hol,6.527161574880843e-07
7,2,5,dm_hol,6.893875906147345e-07
7,2,6,dm_hol,1.8673399006404408
7,2,7,dm_hol,37.53442668347654
7,2,8,dm_hol,21.526337797405077
7,2,9,dm_hol,31.338004162387
7,2,10,dm_hol,28.22020939427325
7,2,11,dm_hol,27.968552936471042
7,2,12,dm_hol,68.69661133249845
7,2,13,dm_hol,5.013642673535781e-07
7,2,14,dm_hol,47.91318575801192
7,2,15,dm_hol,103.7596166871731
7,2,16,dm_hol,124.73108822125135
7,2,17,dm_hol,55.589466908591156
7,2,18,dm_hol,94.37615982323585
7,2,19,dm_hol,59.2962788473114
7,2,20,dm_hol,6.3627180304559365
7,2,21,dm_hol,8.36468286575025
7,2,22,dm_hol,8.808741035322776e-07
7,2,23,dm_hol,9.247826435433049e-07
7,3,0,dm_hol,4.736199958606888e-07
7,3,1,dm_hol,5.42987604359511e-07
7,3,2,dm_hol,5.953559181638816e-07
7,3,3,dm_hol,6.214119032809752e-07
7,3,4,dm_hol,6.501301986460468e-07
7,3,5,dm_hol,6.87593329427321e-07
7,3,6,dm_hol,0.9359298602144279
7,3,7,dm_hol,21.945844907295378
7,3,8,dm_hol,14.48933651067137
7,3,9,dm_hol,16.134059944612552
7,3,10,dm_hol,26.12942225685086
7,3,11,dm_hol,47.49781478703597
7,3,12,dm_hol,69.09746958863263
7,3,13,dm_hol,5.013642419863565e-07
7,3,14,dm_hol,43.835683061163415
7,3,15,dm_hol,161.18892574911897
7,3,16,dm_hol,111.67425332329907
7,3,17,dm_hol,85.20188149333897
7,3,18,dm_hol,101.98474558778325
7,3,19,dm_hol,30.949842761394144
7,3,20,dm_hol,21.990900459981596
7,3,21,dm_hol,0.9415538567540352
7,3,22,dm_hol,8.777859875957823e-07
7,3,23,dm_hol,9.32402810326244e-07
7,4,0,dm_hol,4.7360759854998494e-07
7,4,1,dm_hol,5.426123861418338e-07
7,4,2,dm_hol,5.89251218181299e-07
7,4,3,dm_hol,6.188777954234745e-07
7,4,4,dm_hol,6.459908272036056e-07
7,4,5,dm_hol,6.794956272862158e-07
7,4,6,dm_hol,0.33946476430533506
7,4,7,dm_hol,1.5058234720167796
7,4,8,dm_hol,8.888097978282087
7,4,9,dm_hol,14.842911014183583
7,4,10,dm_hol,9.243643910490624
7,4,11,dm_hol,10.83797447311647
7,4,12,dm_hol,11.363972259975995
7,4,13,dm_hol,5.01364284205403e-07
7,4,14,dm_hol,16.836390156643834
7,4,15,dm_hol,103.11105342344027
7,4,16,dm_hol,143.68035394936965
7,4,17,dm_hol,39.41862194350771
7,4,18,dm_hol,18.308529327744917
7,4,19,dm_hol,26.69832366333234
7,4,20,dm_hol,2.746800942717583
7,4,21,dm_hol,3.991386615272429e-06
7,4,22,dm_hol,8.798814169578913e-07
7,4,23,dm_hol,9.335557955308919e-07
7,5,0,dm_hol,4.7357574837272194e-07
7,5,1,dm_hol,5.423346333796656e-07
7,5,2,dm_hol,5.856973900395576e-07
7,5,3,dm_hol,6.192726221859566e-07
7,5,4,dm_hol,6.490263490906966e-07
7,5,5,dm_hol,6.746077989582255e-07
7,5,6,dm_hol,1.2768805694972811
7,5,7,dm_hol,27.218481320498448
7,5,8,dm_hol,38.397799801532294
7,5,9,dm_hol,21.358624048016612
7,5,10,dm_hol,20.804056398714543
7,5,11,dm_hol,27.078962872376923
7,5,12,dm_hol,67.14740493862469
7,5,13,dm_hol,5.013642406391467e-07
7,5,14,dm_hol,86.38962627093706
7,5,15,dm_hol,133.21092585882087
7,5,16,dm_hol,195.62448454502982
7,5,17,dm_hol,75.75863700772666
7,5,18,dm_hol,78.7908287022623
7,5,19,dm_hol,35.99341820592434
7,5,20,dm_hol,6.349812685512807
7,5,21,dm_hol,0.2656246898172955
7,5,22,dm_hol,8.930347533960337e-07
7,5,23,dm_hol,9.328909474641283e-07
7,6,0,dm_hol,4.735846157174203e-07
7,6,1,dm_hol,5.423019164062018e-07
7,6,2,dm_hol,5.871730871378382e-07
7,6,3,dm_hol,6.174617509260439e-07
7,6,4,dm_hol,6.458804029964075e-07
7,6,5,dm_hol,6.771412316737422e-07
7,6,6,dm_hol,1.0226752400733057
7,6,7,dm_hol,6.98183374145838
7,6,8,dm_hol,31.395033432030278
7,6,9,dm_hol,41.232227905442166
7,6,10,dm_hol,30.77814652690602
7,6,11,dm_hol,31.251698786655048
7,6,12,dm_hol,28.87714654226443
7,6,13,dm_hol,5.013642494929077e-07
7,6,14,dm_hol,31.15836788511365
7,6,15,dm_hol,134.47678630460024
7,6,16,dm_hol,98.51270275842413
7,6,17,dm_hol,74.70907838276975
7,6,18,dm_hol,96.3026719706345
7,6,19,dm_hol,31.87846860995244
7,6,20,dm_hol,7.345255720253217
7,6,21,dm_hol,0.5051832772802446
7,6,22,dm_hol,8.832048400806203e-07
7,6,23,dm_hol,9.326096311571335e-07
7,7,0,dm_hol,4.7362601562687864e-07
7,7,1,dm_hol,5.427545334715398e-07
7,7,2,dm_hol,5.908007234054765e-07
7,7,3,dm_hol,6.207907183900537e-07
7,7,4,dm_hol,6.489480834667207e-07
7,7,5,dm_hol,6.808987686893135e-07
7,7,6,dm_hol,0.332706544324908
7,7,7,dm_hol,10.606220982880718
7,7,8,dm_hol,7.562481424757352
7,7,9,dm_hol,6.91516575826003
7,7,10,dm_hol,13.138615631740073
7,7,11,dm_hol,23.907408699821012
7,7,12,dm_hol,56.57936784090438
7,7,13,dm_hol,5.013642566925138e-07
7,7,14,dm_hol,26.122798242214788
7,7,15,dm_hol,66.05353084815418
7,7,16,dm_hol,140.00599327613864
7,7,17,dm_hol,76.20422034978228
7,7,18,dm_hol,61.71928106507027
7,7,19,dm_hol,17.01298386126651
7,7,20,dm_hol,9.822397750622194
7,7,21,dm_hol,1.0435080743095493
7,7,22,dm_hol,8.790783618858351e-07
7,7,23,dm_hol,9.320985957542598e-07
7,8,0,dm_hol,4.735566053957526e-07
7,8,1,dm_hol,5.418438781377994e-07
7,8,2,dm_hol,5.796206684580544e-07
7,8,3,dm_hol,6.204971866277713e-07
7,8,4,dm_hol,6.497491787737205e-07
7,8,5,dm_hol,6.680035962303126e-07
7,8,6,dm_hol,1.06655043862096
7,8,7,dm_hol,5.429085098699717
7,8,8,dm_hol,11.502556467370798
7,8,9,dm_hol,12.798270986704633
7,8,10,dm_hol,18.6664468231725
7,8,11,dm_hol,20.96449976990612
7,8,12,dm_hol,45.495311140173065
7,8,13,dm_hol,5.013642475266378e-07
7,8,14,dm_hol,46.36207066370416
7,8,15,dm_hol,162.4133489862063
7,8,16,dm_hol,144.86637586198017
7,8,17,dm_hol,90.52472996493435
7,8,18,dm_hol,52.20695329535975
7,8,19,dm_hol,29.671971853556244
7,8,20,dm_hol,12.072915708140238
7,8,21,dm_hol,1.0174012925119102
7,8,22,dm_hol,8.829552111672523e-07
7,8,23,dm_hol,9.354086267208479e-07
7,9,0,dm_hol,4.7361797852729516e-07
7,9,1,dm_hol,5.426010095156497e-07
7,9,2,dm_hol,5.88056360319285e-07
7,9,3,dm_hol,6.230500189406617e-07
7,9,4,dm_hol,6.526542580173659e-07
7,9,5,dm_hol,6.780970262843631e-07
7,9,6,dm_hol,0.5740198962422718
7,9,7,dm_hol,14.45980468386044
7,9,8,dm_hol,15.220326322775447
7,9,9,dm_hol,13.397658629192094
7,9,10,dm_hol,16.526328771967066
7,9,11,dm_hol,25.669207752418956
7,9,12,dm_hol,24.195632233549404
7,9,13,dm_hol,5.013642923018439e-07
7,9,14,dm_hol,33.44855261439094
7,9,15,dm_hol,119.72821809252324
7,9,16,dm_hol,82.92317394955113
7,9,17,dm_hol,60.51513801721926
7,9,18,dm_hol,32.28358018061524
7,9,19,dm_hol,6.541109795753811
7,9,20,dm_hol,2.0947699648575355
7,9,21,dm_hol,0.0004309193985274572
7,9,22,dm_hol,8.930439302866751e-07
7,9,23,dm_hol,9.325549892826089e-07
7,0,SUM,dm_hol,486.8284290828375
7,1,SUM,dm_hol,466.8996502958162
7,2,SUM,dm_hol,717.544685235225
7,3,SUM,dm_hol,753.9976700307986
7,4,SUM,dm_hol,407.8219711351507
7,5,SUM,dm_hol,815.6655737870965
7,6,SUM,dm_hol,646.4272829445795
7,7,SUM,dm_hol,517.026686220607
7,8,SUM,dm_hol,655.0584942040401
7,9,SUM,dm_hol,447.57795770935525
