seed,i,t,var,value
8,0,0,x_ind,0.0
8,0,1,x_ind,0.0
8,0,2,x_ind,0.0
8,0,3,x_ind,0.0
8,0,4,x_ind,0.0
8,0,5,x_ind,0.0
8,0,6,x_ind,0.0
8,0,7,x_ind,37.28923510253784
8,0,8,x_ind,238.17054568637482
8,0,9,x_ind,180.96562983267987
8,0,10,x_ind,334.15690410213614
8,0,11,x_ind,276.17957420442633
8,0,12,x_ind,245.5700719849269
8,0,13,x_ind,0.0
8,0,14,x_ind,34.20140245582523
8,0,15,x_ind,102.8575054872451
8,0,16,x_ind,124.93164223994114
8,0,17,x_ind,145.71010943511575
8,0,18,x_ind,153.44046530825216
8,0,19,x_ind,53.699258936492434
8,0,20,x_ind,48.791381830479345
8,0,21,x_ind,0.7238102504225636
8,0,22,x_ind,0.0
8,0,23,x_ind,0.0
8,1,0,x_ind,0.0
8,1,1,x_ind,0.0
8,1,2,x_ind,0.0
8,1,3,x_ind,0.0
8,1,4,x_ind,0.0
8,1,5,x_ind,0.0
8,1,6,x_ind,0.0
8,1,7,x_ind,18.682560477858743
8,1,8,x_ind,102.07981512084935
8,1,9,x_ind,146.93270883114698
8,1,10,x_ind,167.95638367986254
8,1,11,x_ind,165.3177425758832
8,1,12,x_ind,153.32017309919013
8,1,13,x_ind,0.0
8,1,14,x_ind,182.01853374191236
8,1,15,x_ind,431.00310495710016
8,1,16,x_ind,151.7711289007569
8,1,17,x_ind,159.50937114667096
8,1,18,x_ind,235.53878823949458
8,1,19,x_ind,113.54127586370649
8,1,20,x_ind,54.09570529584332
8,1,21,x_ind,35.32018783697389
8,1,22,x_ind,0.0
8,1,23,x_ind,0.0
8,2,0,x_ind,0.0
8,2,1,x_ind,0.0
8,2,2,x_ind,0.0
8,2,3,x_ind,0.0
8,2,4,x_ind,0.0
8,2,5,x_ind,0.0
8,2,6,x_ind,0.0
8,2,7,x_ind,0.0
8,2,8,x_ind,0.0
8,2,9,x_ind,198.39266666016968
8,2,10,x_ind,228.65860839775974
8,2,11,x_ind,152.3609937214878
8,2,12,x_ind,224.13250746791203
8,2,13,x_ind,0.0
8,2,14,x_ind,101.82673810637863
8,2,15,x_ind,542.5397824166289
8,2,16,x_ind,710.8864422754501
8,2,17,x_ind,458.27589876367455
8,2,18,x_ind,790.5528318097557
8,2,19,x_ind,425.3353250753355
8,2,20,x_ind,113.7273260541237
8,2,21,x_ind,125.38570521381422
8,2,22,x_ind,10.01416795579785
8,2,23,x_ind,8.526165627455873
8,3,0,x_ind,0.0
8,3,1,x_ind,0.0
8,3,2,x_ind,0.0
8,3,3,x_ind,0.0
8,3,4,x_ind,0.0
8,3,5,x_ind,0.0
8,3,6,x_ind,0.0
8,3,7,x_ind,0.0
8,3,8,x_ind,16.68475784106281
8,3,9,x_ind,10.395696732487092
8,3,10,x_ind,97.49872395134014
8,3,11,x_ind,274.8181160598839
8,3,12,x_ind,744.7859497339223
8,3,13,x_ind,0.0
8,3,14,x_ind,235.51389665512528
8,3,15,x_ind,1242.821069974698
8,3,16,x_ind,1177.599498323518
8,3,17,x_ind,906.4277679941133
8,3,18,x_ind,593.5139507161808
8,3,19,x_ind,288.9034064355699
8,3,20,x_ind,227.2088662034467
8,3,21,x_ind,142.33952467568167
8,3,22,x_ind,0.0
8,3,23,x_ind,0.0
8,4,0,x_ind,0.0
8,4,1,x_ind,0.0
8,4,2,x_ind,0.0
8,4,3,x_ind,0.0
8,4,4,x_ind,0.0
8,4,5,x_ind,0.0
8,4,6,x_ind,0.0
8,4,7,x_ind,6.531293577824873
8,4,8,x_ind,36.35820929379077
8,4,9,x_ind,56.93918535034241
8,4,10,x_ind,46.36176523117324
8,4,11,x_ind,74.78325075362453
8,4,12,x_ind,54.493973256745264
8,4,13,x_ind,0.0
8,4,14,x_ind,79.27413102935715
8,4,15,x_ind,496.52383412244177
8,4,16,x_ind,564.5938311891543
8,4,17,x_ind,164.27237746469166
8,4,18,x_ind,51.89794427246152
8,4,19,x_ind,108.29580250762872
8,4,20,x_ind,31.435508464335314
8,4,21,x_ind,15.21517786157663
8,4,22,x_ind,0.0
8,4,23,x_ind,0.0
8,5,0,x_ind,0.0
8,5,1,x_ind,0.0
8,5,2,x_ind,0.0
8,5,3,x_ind,0.0
8,5,4,x_ind,0.0
8,5,5,x_ind,0.0
8,5,6,x_ind,0.0
8,5,7,x_ind,0.0
8,5,8,x_ind,187.25308376200613
8,5,9,x_ind,69.30052794285679
8,5,10,x_ind,124.33066455619037
8,5,11,x_ind,159.30694655577113
8,5,12,x_ind,368.72965651257033
8,5,13,x_ind,0.0
8,5,14,x_ind,437.60235950248716
8,5,15,x_ind,1960.3782313206157
8,5,16,x_ind,1154.534361899161
8,5,17,x_ind,383.02027064943667
8,5,18,x_ind,506.1344781745547
8,5,19,x_ind,304.38756563102453
8,5,20,x_ind,158.88885377454707
8,5,21,x_ind,67.10989638090665
8,5,22,x_ind,0.0
8,5,23,x_ind,0.0
8,6,0,x_ind,0.0
8,6,1,x_ind,0.0
8,6,2,x_ind,0.0
8,6,3,x_ind,0.0
8,6,4,x_ind,0.0
8,6,5,x_ind,0.0
8,6,6,x_ind,0.0
8,6,7,x_ind,7.865345436506798
8,6,8,x_ind,179.74671334028463
8,6,9,x_ind,256.8537114810781
8,6,10,x_ind,221.15383835982618
8,6,11,x_ind,208.32259653198133
8,6,12,x_ind,177.19747576534934
8,6,13,x_ind,0.0
8,6,14,x_ind,121.37435724858685
8,6,15,x_ind,277.50299903978635
8,6,16,x_ind,279.20803863052873
8,6,17,x_ind,342.12174765041294
8,6,18,x_ind,603.0037264343739
8,6,19,x_ind,175.39682677004905
8,6,20,x_ind,76.05285402128939
8,6,21,x_ind,49.12721560467005
8,6,22,x_ind,0.0
8,6,23,x_ind,0.0
8,7,0,x_ind,0.0
8,7,1,x_ind,0.0
8,7,2,x_ind,0.0
8,7,3,x_ind,0.0
8,7,4,x_ind,0.0
8,7,5,x_ind,0.0
8,7,6,x_ind,0.0
8,7,7,x_ind,0.0
8,7,8,x_ind,24.662676033873346
8,7,9,x_ind,21.74314497774247
8,7,10,x_ind,52.265725230523515
8,7,11,x_ind,118.57471292264978
8,7,12,x_ind,301.8913921712244
8,7,13,x_ind,0.0
8,7,14,x_ind,103.28580872142786
8,7,15,x_ind,315.2845593723126
8,7,16,x_ind,534.0598351934256
8,7,17,x_ind,297.30004005838475
8,7,18,x_ind,246.06499265524002
8,7,19,x_ind,103.60083269515759
8,7,20,x_ind,78.9432060568273
8,7,21,x_ind,48.10374911471015
8,7,22,x_ind,0.0
8,7,23,x_ind,0.0
8,8,0,x_ind,0.0
8,8,1,x_ind,0.0
8,8,2,x_ind,0.0
8,8,3,x_ind,0.0
8,8,4,x_ind,0.0
8,8,5,x_ind,0.0
8,8,6,x_ind,0.0
8,8,7,x_ind,6.446543099580164
8,8,8,x_ind,61.30100719835343
8,8,9,x_ind,77.91526571565038
8,8,10,x_ind,91.19027947650257
8,8,11,x_ind,97.40649941075296
8,8,12,x_ind,156.94800372754807
8,8,13,x_ind,0.0
8,8,14,x_ind,182.97715357837188
8,8,15,x_ind,932.591043344661
8,8,16,x_ind,767.4684498724655
8,8,17,x_ind,348.3291064005462
8,8,18,x_ind,181.45085968151997
8,8,19,x_ind,158.8496280509771
8,8,20,x_ind,116.62911908120287
8,8,21,x_ind,64.04926606851137
8,8,22,x_ind,0.0
8,8,23,x_ind,0.0
8,9,0,x_ind,0.0
8,9,1,x_ind,0.0
8,9,2,x_ind,0.0
8,9,3,x_ind,0.0
8,9,4,x_ind,0.0
8,9,5,x_ind,0.0
8,9,6,x_ind,0.0
8,9,7,x_ind,0.0
8,9,8,x_ind,76.80334710660267
8,9,9,x_ind,79.29964862667005
8,9,10,x_ind,77.78937089492187
8,9,11,x_ind,108.79241072786108
8,9,12,x_ind,97.97487103147716
8,9,13,x_ind,0.0
8,9,14,x_ind,152.78822889309856
8,9,15,x_ind,428.7946286117224
8,9,16,x_ind,394.77087495642377
8,9,17,x_ind,266.7227119160287
8,9,18,x_ind,135.0423362263779
8,9,19,x_ind,52.341570778775335
8,9,20,x_ind,56.61469803806449
8,9,21,x_ind,1.9613231270580884
8,9,22,x_ind,0.0
8,9,23,x_ind,0.0
8,0,SUM,x_ind,1976.6875368568556
8,1,SUM,x_ind,2117.0874797672495
8,2,SUM,x_ind,4090.6151595457445
8,3,SUM,x_ind,5958.51122529703
8,4,SUM,x_ind,1786.9762843751482
8,5,SUM,x_ind,5880.976896662129
8,6,SUM,x_ind,2974.9274463147235
8,7,SUM,x_ind,2245.7806752034994
8,8,SUM,x_ind,3243.5522247066438
8,9,SUM,x_ind,1929.6960209350818
8,0,0,yp_ind,0.0
8,0,1,yp_ind,0.0
8,0,2,yp_ind,0.0
8,0,3,yp_ind,0.0
8,0,4,yp_ind,0.0
8,0,5,yp_ind,0.0
8,0,6,yp_ind,5.479386652323112
8,0,7,yp_ind,50.78299328052456
8,0,8,yp_ind,64.46595191073527
8,0,9,yp_ind,61.81556915373416
8,0,10,yp_ind,84.85714665959422
8,0,11,yp_ind,83.50052628282509
8,0,12,yp_ind,113.10776740827833
8,0,13,yp_ind,289.2839367293055
8,0,14,yp_ind,113.35614291757433
8,0,15,yp_ind,2.099127734030211
8,0,16,yp_ind,6.746111665747134
8,0,17,yp_ind,32.5013397132931
8,0,18,yp_ind,32.24908882560251
8,0,19,yp_ind,1.0261342901580361
8,0,20,yp_ind,1.0549860311066908
8,0,21,yp_ind,7.1791085654118705
8,0,22,yp_ind,6.850051564649055
8,0,23,yp_ind,1.5941523171862297
8,1,0,yp_ind,0.0
8,1,1,yp_ind,0.0
8,1,2,yp_ind,0.0
8,1,3,yp_ind,0.0
8,1,4,yp_ind,0.0
8,1,5,yp_ind,0.0
8,1,6,yp_ind,1.042577444348739
8,1,7,yp_ind,23.034529336055517
8,1,8,yp_ind,14.06837885957113
8,1,9,yp_ind,27.062768683381368
8,1,10,yp_ind,27.328778485832736
8,1,11,yp_ind,43.928768575127805
8,1,12,yp_ind,56.53331771612868
8,1,13,yp_ind,487.9399944914537
8,1,14,yp_ind,298.7470572885052
8,1,15,yp_ind,84.50946742549618
8,1,16,yp_ind,15.785908232251114
8,1,17,yp_ind,27.06336076597842
8,1,18,yp_ind,53.75935913005442
8,1,19,yp_ind,5.368193181389298
8,1,20,yp_ind,2.245889894167082
8,1,21,yp_ind,3.334152487323176
8,1,22,yp_ind,10.163677690141323
8,1,23,yp_ind,2.0657397716588717
8,2,0,yp_ind,0.0
8,2,1,yp_ind,0.0
8,2,2,yp_ind,0.0
8,2,3,yp_ind,0.0
8,2,4,yp_ind,0.0
8,2,5,yp_ind,0.0
8,2,6,yp_ind,0.0
8,2,7,yp_ind,0.0
8,2,8,yp_ind,0.6942221838324499
8,2,9,yp_ind,34.400998193414225
8,2,10,yp_ind,16.75087777317948
8,2,11,yp_ind,12.166485285812914
8,2,12,yp_ind,34.46057169559579
8,2,13,yp_ind,422.3138317097774
8,2,14,yp_ind,198.4611236856612
8,2,15,yp_ind,49.29338023830067
8,2,16,yp_ind,117.45344676532287
8,2,17,yp_ind,128.2301607555628
8,2,18,yp_ind,242.6257642298794
8,2,19,yp_ind,74.04065994855888
8,2,20,yp_ind,10.499218451923712
8,2,21,yp_ind,26.36564143128372
8,2,22,yp_ind,25.00292607831248
8,2,23,yp_ind,7.246511397215588
8,3,0,yp_ind,0.0
8,3,1,yp_ind,0.0
8,3,2,yp_ind,0.0
8,3,3,yp_ind,0.0
8,3,4,yp_ind,0.0
8,3,5,yp_ind,0.0
8,3,6,yp_ind,0.2565231954943921
8,3,7,yp_ind,7.674286046881841
8,3,8,yp_ind,5.921506825691292
8,3,9,yp_ind,1.1156781346787783
8,3,10,yp_ind,1.368026186049156
8,3,11,yp_ind,23.642834858595528
8,3,12,yp_ind,235.30928489189236
8,3,13,yp_ind,741.5979170457867
8,3,14,yp_ind,317.80972537279706
8,3,15,yp_ind,151.0433313050575
8,3,16,yp_ind,229.71068415609946
8,3,17,yp_ind,177.37815522020227
8,3,18,yp_ind,169.24768183968575
8,3,19,yp_ind,27.77438691535281
8,3,20,yp_ind,48.452727082201676
8,3,21,yp_ind,0.7875255695653303
8,3,22,yp_ind,39.924070588595626
8,3,23,yp_ind,12.974235804234425
8,4,0,yp_ind,0.0
8,4,1,yp_ind,0.0
8,4,2,yp_ind,0.0
8,4,3,yp_ind,0.0
8,4,4,yp_ind,0.0
8,4,5,yp_ind,0.0
8,4,6,yp_ind,0.0
8,4,7,yp_ind,7.549959239666558
8,4,8,yp_ind,6.902632868503402
8,4,9,yp_ind,8.500634843536206
8,4,10,yp_ind,3.588208738677336
8,4,11,yp_ind,7.721331266199916
8,4,12,yp_ind,5.457080484962068
8,4,13,yp_ind,99.38456705538155
8,4,14,yp_ind,161.1283117975664
8,4,15,yp_ind,79.05971967175125
8,4,16,yp_ind,134.24709540775174
8,4,17,yp_ind,31.487795200366914
8,4,18,yp_ind,5.818240509006918
8,4,19,yp_ind,35.24252729094579
8,4,20,yp_ind,3.964554121241838
8,4,21,yp_ind,2.1940566465364846
8,4,22,yp_ind,6.212692432451307
8,4,23,yp_ind,2.5395844066032804
8,5,0,yp_ind,0.0
8,5,1,yp_ind,0.0
8,5,2,yp_ind,0.0
8,5,3,yp_ind,0.0
8,5,4,yp_ind,0.0
8,5,5,yp_ind,0.0
8,5,6,yp_ind,0.7053664476017623
8,5,7,yp_ind,7.750022357280796
8,5,8,yp_ind,21.183619015976127
8,5,9,yp_ind,3.5143992781021267
8,5,10,yp_ind,1.4009973232678044
8,5,11,yp_ind,4.084647505948505
8,5,12,yp_ind,78.91105117805704
8,5,13,yp_ind,1034.87689720062
8,5,14,yp_ind,564.8505301091385
8,5,15,yp_ind,348.34260829214946
8,5,16,yp_ind,275.0063430773506
8,5,17,yp_ind,49.60206118474184
8,5,18,yp_ind,119.64239736456375
8,5,19,yp_ind,32.34195886507498
8,5,20,yp_ind,9.703820020086845
8,5,21,yp_ind,17.484278601172267
8,5,22,yp_ind,38.35758603652049
8,5,23,yp_ind,11.039833798542473
8,6,0,yp_ind,0.0
8,6,1,yp_ind,0.0
8,6,2,yp_ind,0.0
8,6,3,yp_ind,0.0
8,6,4,yp_ind,0.0
8,6,5,yp_ind,0.0
8,6,6,yp_ind,1.0086230751908785
8,6,7,yp_ind,25.689103735865636
8,6,8,yp_ind,28.709093478664013
8,6,9,yp_ind,55.419234573946056
8,6,10,yp_ind,38.56462645076577
8,6,11,yp_ind,32.9509365162828
8,6,12,yp_ind,20.232065628035976
8,6,13,yp_ind,284.4311979618944
8,6,14,yp_ind,152.2080596848875
8,6,15,yp_ind,37.19026496928366
8,6,16,yp_ind,37.04091092741173
8,6,17,yp_ind,93.33704061046281
8,6,18,yp_ind,221.49083734843055
8,6,19,yp_ind,18.662414296365156
8,6,20,yp_ind,2.626003691929098
8,6,21,yp_ind,5.242369621244279
8,6,22,yp_ind,15.735713455806167
8,6,23,yp_ind,5.134042628058763
8,7,0,yp_ind,0.0
8,7,1,yp_ind,0.0
8,7,2,yp_ind,0.0
8,7,3,yp_ind,0.0
8,7,4,yp_ind,0.0
8,7,5,yp_ind,0.0
8,7,6,yp_ind,0.1557630756530147
8,7,7,yp_ind,2.7807410031857263
8,7,8,yp_ind,2.750524928244064
8,7,9,yp_ind,0.0906021838873364
8,7,10,yp_ind,0.6630274414909494
8,7,11,yp_ind,8.818270091680677
8,7,12,yp_ind,102.33250409215856
8,7,13,yp_ind,297.2846053702979
8,7,14,yp_ind,153.5492107761987
8,7,15,yp_ind,51.18546167655205
8,7,16,yp_ind,136.25519154531509
8,7,17,yp_ind,73.85112616416835
8,7,18,yp_ind,85.03011366112773
8,7,19,yp_ind,10.430204490722252
8,7,20,yp_ind,13.787972573815825
8,7,21,yp_ind,0.9148387218123224
8,7,22,yp_ind,13.07076010804628
8,7,23,yp_ind,5.126390608550454
8,8,0,yp_ind,0.0
8,8,1,yp_ind,0.0
8,8,2,yp_ind,0.0
8,8,3,yp_ind,0.0
8,8,4,yp_ind,0.0
8,8,5,yp_ind,0.0
8,8,6,yp_ind,0.0
8,8,7,yp_ind,29.73649808141893
8,8,8,yp_ind,4.842472949018682
8,8,9,yp_ind,1.4004831404702152
8,8,10,yp_ind,0.4572299308981597
8,8,11,yp_ind,1.3266261259745078
8,8,12,yp_ind,33.83738563605828
8,8,13,yp_ind,331.828288571334
8,8,14,yp_ind,289.9322663296217
8,8,15,yp_ind,154.19558655125374
8,8,16,yp_ind,161.21632914650775
8,8,17,yp_ind,68.40124285877147
8,8,18,yp_ind,26.470066929236864
8,8,19,yp_ind,22.907738421012738
8,8,20,yp_ind,13.749955678214357
8,8,21,yp_ind,1.4922938042423828
8,8,22,yp_ind,18.000108288060776
8,8,23,yp_ind,5.704511065901833
8,9,0,yp_ind,0.0
8,9,1,yp_ind,0.0
8,9,2,yp_ind,0.0
8,9,3,yp_ind,0.0
8,9,4,yp_ind,0.0
8,9,5,yp_ind,0.0
8,9,6,yp_ind,0.0
8,9,7,yp_ind,1.5808006955935483
8,9,8,yp_ind,11.748559026131325
8,9,9,yp_ind,7.274424985375394
8,9,10,yp_ind,3.238532698741009
8,9,11,yp_ind,13.01069057543052
8,9,12,yp_ind,9.74063534318955
8,9,13,yp_ind,202.20568145432003
8,9,14,yp_ind,177.1301311181435
8,9,15,yp_ind,76.26553192587133
8,9,16,yp_ind,53.432033746055765
8,9,17,yp_ind,65.8814644267993
8,9,18,yp_ind,30.183696006234424
8,9,19,yp_ind,1.0873557094632675
8,9,20,yp_ind,5.291490697974529
8,9,21,yp_ind,7.380352396618573
8,9,22,yp_ind,10.980355868668306
8,9,23,yp_ind,3.3942603579527053
8,0,SUM,yp_ind,957.9495217020794
8,1,SUM,yp_ind,1183.9819194588647
8,2,SUM,yp_ind,1400.0058198236336
8,3,SUM,yp_ind,2191.9885810388623
8,4,SUM,yp_ind,600.998991981149
8,5,SUM,yp_ind,2618.7984176561954
8,6,SUM,yp_ind,1075.6725386545252
8,7,SUM,yp_ind,958.0773085129074
8,8,SUM,yp_ind,1165.4990835079964
8,9,SUM,yp_ind,679.8259970325631
8,0,0,ym_ind,0.0
8,0,1,ym_ind,0.0
8,0,2,ym_ind,0.0
8,0,3,ym_ind,5.528848197524
8,0,4,ym_ind,12.531892298603767
8,0,5,ym_ind,0.8035355708102973
8,0,6,ym_ind,0.0
8,0,7,ym_ind,0.0
8,0,8,ym_ind,14.381095095464858
8,0,9,ym_ind,11.06368853180975
8,0,10,ym_ind,32.810780170510164
8,0,11,ym_ind,18.405872862929538
8,0,12,ym_ind,15.67098442997707
8,0,13,ym_ind,0.0
8,0,14,ym_ind,0.03860629464162755
8,0,15,ym_ind,6.605286579608057
8,0,16,ym_ind,6.569870569251565
8,0,17,ym_ind,7.892435128025806
8,0,18,ym_ind,8.586841142925321
8,0,19,ym_ind,0.2754478211496107
8,0,20,ym_ind,1.776467900299275
8,0,21,ym_ind,0.026646439536844407
8,0,22,ym_ind,0.0
8,0,23,ym_ind,0.0
8,1,0,ym_ind,0.0
8,1,1,ym_ind,0.0
8,1,2,ym_ind,0.5241633145863888
8,1,3,ym_ind,10.63308317611812
8,1,4,ym_ind,19.37950683771493
8,1,5,ym_ind,2.8157641134189295
8,1,6,ym_ind,0.0
8,1,7,ym_ind,0.0
8,1,8,ym_ind,2.062321460439094
8,1,9,ym_ind,6.994893519314003
8,1,10,ym_ind,10.140490045808656
8,1,11,ym_ind,11.7304266457424
8,1,12,ym_ind,8.232056695396167
8,1,13,ym_ind,0.0
8,1,14,ym_ind,1.025238245558999
8,1,15,ym_ind,58.10497480986299
8,1,16,ym_ind,10.760329671446087
8,1,17,ym_ind,12.211152147203604
8,1,18,ym_ind,20.54617231170226
8,1,19,ym_ind,4.494238235059761
8,1,20,ym_ind,0.4737673795404629
8,1,21,ym_ind,1.294128698113591
8,1,22,ym_ind,0.0
8,1,23,ym_ind,0.0
8,2,0,ym_ind,0.0
8,2,1,ym_ind,0.0
8,2,2,ym_ind,1.9832375328932954
8,2,3,ym_ind,23.09111573901295
8,2,4,ym_ind,48.1378660317769
8,2,5,ym_ind,6.710841459036134
8,2,6,ym_ind,0.0
8,2,7,ym_ind,0.0
8,2,8,ym_ind,0.0
8,2,9,ym_ind,4.008065558243513
8,2,10,ym_ind,6.733136391016615
8,2,11,ym_ind,0.6115690517528585
8,2,12,ym_ind,6.255437462775308
8,2,13,ym_ind,0.0
8,2,14,ym_ind,0.26159298174039025
8,2,15,ym_ind,61.95014754719819
8,2,16,ym_ind,77.01379008366608
8,2,17,ym_ind,34.294242569550576
8,2,18,ym_ind,72.65785655096292
8,2,19,ym_ind,31.06211586588766
8,2,20,ym_ind,0.46182318638563813
8,2,21,ym_ind,4.07291395119562
8,2,22,ym_ind,0.7341974210748959
8,2,23,ym_ind,0.7269202498052194
8,3,0,ym_ind,0.0
8,3,1,ym_ind,0.0
8,3,2,ym_ind,0.0
8,3,3,ym_ind,13.321326021843202
8,3,4,ym_ind,40.68128166595693
8,3,5,ym_ind,0.6074409061939212
8,3,6,ym_ind,0.0
8,3,7,ym_ind,0.0
8,3,8,ym_ind,0.0
8,3,9,ym_ind,0.0
8,3,10,ym_ind,0.0
8,3,11,ym_ind,6.001845581769237
8,3,12,ym_ind,57.075356816323655
8,3,13,ym_ind,0.0
8,3,14,ym_ind,0.33786098479411647
8,3,15,ym_ind,180.71479991569268
8,3,16,ym_ind,164.79219559973484
8,3,17,ym_ind,102.68412612302812
8,3,18,ym_ind,39.27967756100146
8,3,19,ym_ind,7.503333561596078
8,3,20,ym_ind,3.011175137541125
8,3,21,ym_ind,8.100105737291116
8,3,22,ym_ind,0.0
8,3,23,ym_ind,0.0
8,4,0,ym_ind,0.0
8,4,1,ym_ind,0.0
8,4,2,ym_ind,0.11473030392564054
8,4,3,ym_ind,5.1499737528641605
8,4,4,ym_ind,9.639440172099084
8,4,5,ym_ind,2.0325688308466217
8,4,6,ym_ind,0.0
8,4,7,ym_ind,0.0
8,4,8,ym_ind,0.4895106928282732
8,4,9,ym_ind,2.057759184189946
8,4,10,ym_ind,1.539683662433983
8,4,11,ym_ind,3.18980238010432
8,4,12,ym_ind,1.5050128427823442
8,4,13,ym_ind,0.0
8,4,14,ym_ind,0.4996540990220183
8,4,15,ym_ind,90.77123607873322
8,4,16,ym_ind,71.20560475507178
8,4,17,ym_ind,18.00566356430519
8,4,18,ym_ind,1.8055580611982571
8,4,19,ym_ind,7.965280889398509
8,4,20,ym_ind,0.2417751434229477
8,4,21,ym_ind,0.8360495564333655
8,4,22,ym_ind,0.0
8,4,23,ym_ind,0.0
8,5,0,ym_ind,0.0
8,5,1,ym_ind,0.0
8,5,2,ym_ind,3.3767843425938575
8,5,3,ym_ind,28.013774448469544
8,5,4,ym_ind,48.57877259797784
8,5,5,ym_ind,9.763911742068057
8,5,6,ym_ind,0.0
8,5,7,ym_ind,0.0
8,5,8,ym_ind,0.03722778615487756
8,5,9,ym_ind,0.03554362704643508
8,5,10,ym_ind,0.6277133332496699
8,5,11,ym_ind,0.0
8,5,12,ym_ind,15.128550951500644
8,5,13,ym_ind,0.0
8,5,14,ym_ind,2.5198629918887354
8,5,15,ym_ind,367.6484483796066
8,5,16,ym_ind,154.72570271865337
8,5,17,ym_ind,17.47583328158508
8,5,18,ym_ind,39.737030926815464
8,5,19,ym_ind,9.277078508073584
8,5,20,ym_ind,3.3134832172309463
8,5,21,ym_ind,4.924487556253866
8,5,22,ym_ind,0.0
8,5,23,ym_ind,0.0
8,6,0,ym_ind,0.0
8,6,1,ym_ind,0.0
8,6,2,ym_ind,0.8014747929234133
8,6,3,ym_ind,14.945862999574329
8,6,4,ym_ind,29.726747645184236
8,6,5,ym_ind,3.778882320488385
8,6,6,ym_ind,0.0
8,6,7,ym_ind,0.0
8,6,8,ym_ind,5.336017480362177
8,6,9,ym_ind,20.694154466929863
8,6,10,ym_ind,10.987947922936257
8,6,11,ym_ind,10.571391558958249
8,6,12,ym_ind,6.123011375314752
8,6,13,ym_ind,0.0
8,6,14,ym_ind,0.14114386616680483
8,6,15,ym_ind,22.507032080340586
8,6,16,ym_ind,26.117350041316794
8,6,17,ym_ind,24.35200983892758
8,6,18,ym_ind,67.1203804395056
8,6,19,ym_ind,7.4394336738461915
8,6,20,ym_ind,0.5824804299291695
8,6,21,ym_ind,2.3181780698973324
8,6,22,ym_ind,0.0
8,6,23,ym_ind,0.0
8,7,0,ym_ind,0.0
8,7,1,ym_ind,0.0
8,7,2,ym_ind,0.5339009125617363
8,7,3,ym_ind,7.12322129522411
8,7,4,ym_ind,15.117662862953566
8,7,5,ym_ind,2.580229861870292
8,7,6,ym_ind,0.0
8,7,7,ym_ind,0.0
8,7,8,ym_ind,0.0
8,7,9,ym_ind,0.029613882906236243
8,7,10,ym_ind,0.1370618020823262
8,7,11,ym_ind,2.789149400563224
8,7,12,ym_ind,25.95114747717348
8,7,13,ym_ind,0.0
8,7,14,ym_ind,0.8515612588145532
8,7,15,ym_ind,39.19995458972972
8,7,16,ym_ind,72.42316758480685
8,7,17,ym_ind,27.327152546410016
8,7,18,ym_ind,19.02437099565308
8,7,19,ym_ind,3.2270102158079963
8,7,20,ym_ind,1.472713623304536
8,7,21,ym_ind,1.952039237330462
8,7,22,ym_ind,0.0
8,7,23,ym_ind,0.0
8,8,0,ym_ind,0.0
8,8,1,ym_ind,0.0
8,8,2,ym_ind,0.38060345063861895
8,8,3,ym_ind,10.237458539701043
8,8,4,ym_ind,25.764001448824175
8,8,5,ym_ind,3.2263020616825493
8,8,6,ym_ind,0.0
8,8,7,ym_ind,0.0
8,8,8,ym_ind,0.0
8,8,9,ym_ind,0.09281952496629003
8,8,10,ym_ind,0.0
8,8,11,ym_ind,0.3854940100217172
8,8,12,ym_ind,3.6910540141775794
8,8,13,ym_ind,0.0
8,8,14,ym_ind,2.900926978304023
8,8,15,ym_ind,156.59066081996494
8,8,16,ym_ind,102.01385366918574
8,8,17,ym_ind,27.69641008645257
8,8,18,ym_ind,7.785121066969725
8,8,19,ym_ind,5.188457172780912
8,8,20,ym_ind,1.454618131401534
8,8,21,ym_ind,4.444099637270415
8,8,22,ym_ind,0.0
8,8,23,ym_ind,0.0
8,9,0,ym_ind,0.0
8,9,1,ym_ind,0.0
8,9,2,ym_ind,0.9361901142715767
8,9,3,ym_ind,12.864801289948115
8,9,4,ym_ind,23.212023078546753
8,9,5,ym_ind,4.998130711729405
8,9,6,ym_ind,0.0
8,9,7,ym_ind,0.0
8,9,8,ym_ind,0.1711114408781792
8,9,9,ym_ind,0.5347174731100235
8,9,10,ym_ind,0.5080661441562749
8,9,11,ym_ind,3.119438212858597
8,9,12,ym_ind,3.006037909478839
8,9,13,ym_ind,0.0
8,9,14,ym_ind,1.232359190756866
8,9,15,ym_ind,53.58629949803841
8,9,16,ym_ind,45.27792519962145
8,9,17,ym_ind,26.841275082300598
8,9,18,ym_ind,7.345628520331024
8,9,19,ym_ind,0.042065443407461996
8,9,20,ym_ind,1.429048637398516
8,9,21,ym_ind,0.16009167448693712
8,9,22,ym_ind,0.0
8,9,23,ym_ind,0.0
8,0,SUM,ym_ind,142.96829903306755
8,1,SUM,ym_ind,181.42270730702643
8,2,SUM,ym_ind,380.76686963397475
8,3,SUM,ym_ind,624.1105256127664
8,4,SUM,ym_ind,217.04930396965966
8,5,SUM,ym_ind,705.1842064091686
8,6,SUM,ym_ind,253.54349900260172
8,7,SUM,ym_ind,219.73995754719218
8,8,SUM,ym_ind,351.8518806123418
8,9,SUM,ym_ind,185.265209621319
8,0,0,x_re,2.2070740735823733e-10
8,0,1,x_re,2.547996955226247e-10
8,0,2,x_re,2.752433244222466e-10
8,0,3,x_re,2.933811261165389e-10
8,0,4,x_re,3.1674740680163276e-10
8,0,5,x_re,3.5815634105779124e-10
8,0,6,x_re,6.276925060328995e-10
8,0,7,x_re,8.694836133211494e-10
8,0,8,x_re,273.5623444847409
8,0,9,x_re,230.15891052884155
8,0,10,x_re,361.88338043176674
8,0,11,x_re,354.30331500950575
8,0,12,x_re,334.0510127396182
8,0,13,x_re,0.0
8,0,14,x_re,137.76888210943483
8,0,15,x_re,143.03953328419428
8,0,16,x_re,174.17430563015222
8,0,17,x_re,183.72533324327483
8,0,18,x_re,221.12819941202488
8,0,19,x_re,32.65268317828799
8,0,20,x_re,47.41362968076161
8,0,21,x_re,0.7007616222316173
8,0,22,x_re,4.702416516765692e-08
8,0,23,x_re,4.0308372579588655e-07
8,1,0,x_re,2.2070731998154496e-10
8,1,1,x_re,2.5479875592331123e-10
8,1,2,x_re,2.7523707519900675e-10
8,1,3,x_re,2.9335208901619985e-10
8,1,4,x_re,3.167013089979691e-10
8,1,5,x_re,3.581334105394531e-10
8,1,6,x_re,6.231107695845366e-10
8,1,7,x_re,8.546734906675182e-10
8,1,8,x_re,89.44157610735701
8,1,9,x_re,155.53229529433406
8,1,10,x_re,185.2715138559856
8,1,11,x_re,190.4943183537899
8,1,12,x_re,182.45060481248362
8,1,13,x_re,0.0
8,1,14,x_re,383.481465136823
8,1,15,x_re,455.7692621460884
8,1,16,x_re,202.78234853954123
8,1,17,x_re,180.45507179646043
8,1,18,x_re,315.91481826254324
8,1,19,x_re,136.4815168675291
8,1,20,x_re,57.14709808509291
8,1,21,x_re,4.0165618933703575
8,1,22,x_re,4.9041349984159764e-08
8,1,23,x_re,3.9694275706684964e-07
8,2,0,x_re,2.2070662299210787e-10
8,2,1,x_re,2.547889057155372e-10
8,2,2,x_re,2.7512380903022905e-10
8,2,3,x_re,2.9325951939640006e-10
8,2,4,x_re,3.1660713455312825e-10
8,2,5,x_re,3.578854225595695e-10
8,2,6,x_re,6.013891730827755e-10
8,2,7,x_re,7.980678650962239e-10
8,2,8,x_re,3.332851524479882e-08
8,2,9,x_re,203.90000660872946
8,2,10,x_re,228.72316553732088
8,2,11,x_re,187.82333711202486
8,2,12,x_re,289.11421167296197
8,2,13,x_re,0.0
8,2,14,x_re,216.79371524341585
8,2,15,x_re,646.2276642583233
8,2,16,x_re,736.3804907377017
8,2,17,x_re,517.8445151300324
8,2,18,x_re,870.6073828184152
8,2,19,x_re,490.503200823839
8,2,20,x_re,118.70468348049805
8,2,21,x_re,141.4599832200848
8,2,22,x_re,4.990371977525681e-08
8,2,23,x_re,3.935720003456176e-07
8,3,0,x_re,2.207069365340815e-10
8,3,1,x_re,2.5479346310495515e-10
8,3,2,x_re,2.751785963411062e-10
8,3,3,x_re,2.9329501489666605e-10
8,3,4,x_re,3.1664772375548215e-10
8,3,5,x_re,3.5800911328202013e-10
8,3,6,x_re,6.180127799070328e-10
8,3,7,x_re,8.041242947765605e-10
8,3,8,x_re,1.419829532899088e-07
8,3,9,x_re,41.02884240168461
8,3,10,x_re,108.41062664100694
8,3,11,x_re,331.0675849350416
8,3,12,x_re,862.8545822542465
8,3,13,x_re,0.0
8,3,14,x_re,444.6676946155255
8,3,15,x_re,1193.3974956956358
8,3,16,x_re,1212.3447800920326
8,3,17,x_re,966.2694448258087
8,3,18,x_re,628.7500922970321
8,3,19,x_re,323.08794277394253
8,3,20,x_re,315.73796409103176
8,3,21,x_re,13.233783959641281
8,3,22,x_re,4.7963487565858015e-08
8,3,23,x_re,4.179524367300969e-07
8,4,0,x_re,2.2070673064637508e-10
8,4,1,x_re,2.5479035349664394e-10
8,4,2,x_re,2.7513851881857316e-10
8,4,3,x_re,2.9327913504916014e-10
8,4,4,x_re,3.16622117229861e-10
8,4,5,x_re,3.579159154913013e-10
8,4,6,x_re,6.024896208148832e-10
8,4,7,x_re,8.500421252955312e-10
8,4,8,x_re,30.797517728574526
8,4,9,x_re,64.80324050790057
8,4,10,x_re,52.565272201578
8,4,11,x_re,83.14958273963265
8,4,12,x_re,66.72331131789149
8,4,13,x_re,0.0
8,4,14,x_re,215.19339971563426
8,4,15,x_re,549.4040087234305
8,4,16,x_re,633.1812071062388
8,4,17,x_re,185.04841139919745
8,4,18,x_re,65.03398793855884
8,4,19,x_re,141.42393051824456
8,4,20,x_re,36.199890054034086
8,4,21,x_re,0.09584892257396971
8,4,22,x_re,4.761067166350693e-08
8,4,23,x_re,4.1332435474477904e-07
8,5,0,x_re,2.2070692869801937e-10
8,5,1,x_re,2.547933197706773e-10
8,5,2,x_re,2.7517683021163273e-10
8,5,3,x_re,2.9328457399173177e-10
8,5,4,x_re,3.166283794534371e-10
8,5,5,x_re,3.580052435904539e-10
8,5,6,x_re,6.186089466136702e-10
8,5,7,x_re,8.060577025183353e-10
8,5,8,x_re,98.76767854285252
8,5,9,x_re,65.81689214404628
8,5,10,x_re,115.97138617315485
8,5,11,x_re,186.64987002841497
8,5,12,x_re,457.2755578357645
8,5,13,x_re,0.0
8,5,14,x_re,776.8921239103817
8,5,15,x_re,1602.477329639547
8,5,16,x_re,1154.5343682879316
8,5,17,x_re,454.0925675934983
8,5,18,x_re,616.2572118253863
8,5,19,x_re,343.2384881079362
8,5,20,x_re,175.884434579166
8,5,21,x_re,2.9407930707834007
8,5,22,x_re,4.883515543454901e-08
8,5,23,x_re,4.0658968909849487e-07
8,6,0,x_re,2.207071213467787e-10
8,6,1,x_re,2.5479594710091067e-10
8,6,2,x_re,2.7520461016435283e-10
8,6,3,x_re,2.933353487945357e-10
8,6,4,x_re,3.1669660459396896e-10
8,6,5,x_re,3.580640802279969e-10
8,6,6,x_re,6.218713786029803e-10
8,6,7,x_re,8.515516017070359e-10
8,6,8,x_re,164.04919862612667
8,6,9,x_re,273.6841859804777
8,6,10,x_re,249.85473602750645
8,6,11,x_re,245.55745594785952
8,6,12,x_re,222.88823720813704
8,6,13,x_re,0.0
8,6,14,x_re,200.1976221287225
8,6,15,x_re,358.490338922095
8,6,16,x_re,388.0293353206686
8,6,17,x_re,411.41596063637303
8,6,18,x_re,794.835365652411
8,6,19,x_re,220.4656685420746
8,6,20,x_re,76.32919483057717
8,6,21,x_re,3.756741229179977
8,6,22,x_re,4.8066766836281433e-08
8,6,23,x_re,4.1165130110218057e-07
8,7,0,x_re,2.207068101587439e-10
8,7,1,x_re,2.5479161351863565e-10
8,7,2,x_re,2.751567487993083e-10
8,7,3,x_re,2.9327581520013197e-10
8,7,4,x_re,3.166310314372703e-10
8,7,5,x_re,3.5796833803911956e-10
8,7,6,x_re,6.174703094792263e-10
8,7,7,x_re,8.033971529457381e-10
8,7,8,x_re,18.22694139449085
8,7,9,x_re,19.451383567032185
8,7,10,x_re,53.963640746369485
8,7,11,x_re,133.82644650050182
8,7,12,x_re,366.85181379391844
8,7,13,x_re,0.0
8,7,14,x_re,179.99265608623847
8,7,15,x_re,324.1617815210045
8,7,16,x_re,640.4180955265465
8,7,17,x_re,371.68400219539626
8,7,18,x_re,358.59202974629494
8,7,19,x_re,124.49065026100816
8,7,20,x_re,110.51962555856166
8,7,21,x_re,6.2441026836390625
8,7,22,x_re,4.679106687102622e-08
8,7,23,x_re,4.0347909634415146e-07
8,8,0,x_re,2.2070676669921576e-10
8,8,1,x_re,2.5479073253278325e-10
8,8,2,x_re,2.751409833555033e-10
8,8,3,x_re,2.9327953973090854e-10
8,8,4,x_re,3.166198700066359e-10
8,8,5,x_re,3.579217148079203e-10
8,8,6,x_re,6.024948306470712e-10
8,8,7,x_re,8.424297184187267e-10
8,8,8,x_re,43.066217722361515
8,8,9,x_re,66.51142428039829
8,8,10,x_re,85.87810913998672
8,8,11,x_re,112.20914322724693
8,8,12,x_re,204.39625367134042
8,8,13,x_re,0.0
8,8,14,x_re,316.2345931384881
8,8,15,x_re,951.3082389333274
8,8,16,x_re,827.9467501989964
8,8,17,x_re,406.20459917622964
8,8,18,x_re,238.3218135402621
8,8,19,x_re,191.99532822773585
8,8,20,x_re,141.1075561677858
8,8,21,x_re,16.263265493688408
8,8,22,x_re,4.8190424560531874e-08
8,8,23,x_re,4.071423403355847e-07
8,9,0,x_re,2.207066481485172e-10
8,9,1,x_re,2.5478913882801256e-10
8,9,2,x_re,2.7512348125928665e-10
8,9,3,x_re,2.932897273084621e-10
8,9,4,x_re,3.1663865122997325e-10
8,9,5,x_re,3.578902962710207e-10
8,9,6,x_re,6.018241184439592e-10
8,9,7,x_re,8.016520113324693e-10
8,9,8,x_re,71.17244379828287
8,9,9,x_re,79.53762661558305
8,9,10,x_re,75.48413637148195
8,9,11,x_re,125.89253395728531
8,9,12,x_re,128.6255575581318
8,9,13,x_re,0.0
8,9,14,x_re,266.29970334505833
8,9,15,x_re,478.775664032734
8,9,16,x_re,458.6971004509374
8,9,17,x_re,350.1545865977759
8,9,18,x_re,195.43368855172366
8,9,19,x_re,32.51572292808711
8,9,20,x_re,62.566766999167974
8,9,21,x_re,2.1332570371891802e-05
8,9,22,x_re,4.78706157382894e-08
8,9,23,x_re,4.052393521941374e-07
8,0,SUM,x_re,2494.5622918081594
8,1,SUM,x_re,2539.2384516005795
8,2,SUM,x_re,4648.0823571232695
8,3,SUM,x_re,6440.850835193669
8,4,SUM,x_re,2123.6196093375956
8,5,SUM,x_re,6050.798702197431
8,6,SUM,x_re,3609.554041515119
8,7,SUM,x_re,2708.4231700344117
8,8,SUM,x_re,3601.4432933763437
8,9,SUM,x_re,2325.155552995052
8,0,0,yp_re,1.5179000940112044e-08
8,0,1,yp_re,1.6844459155917156e-08
8,0,2,yp_re,1.8524867194666944e-08
8,0,3,yp_re,2.093630242609649e-08
8,0,4,yp_re,2.1315432173060304e-08
8,0,5,yp_re,2.7179500200569685e-08
8,0,6,yp_re,2.6782200459973207
8,0,7,yp_re,12.63684545636503
8,0,8,yp_re,6.632283948592074
8,0,9,yp_re,0.8955929242435238
8,0,10,yp_re,0.5533207712553717
8,0,11,yp_re,7.36919969170861e-08
8,0,12,yp_re,22.74567079487756
8,0,13,yp_re,288.5129552564647
8,0,14,yp_re,21.89172078776637
8,0,15,yp_re,6.4700596020766615e-06
8,0,16,yp_re,0.005177702893445379
8,0,17,yp_re,3.420400401711606
8,0,18,yp_re,0.7781626246270605
8,0,19,yp_re,0.21627479386589193
8,0,20,yp_re,0.6159356980361749
8,0,21,yp_re,6.58809451005896
8,0,22,yp_re,7.877490833622328
8,0,23,yp_re,1.2935924637332403
8,1,0,yp_re,1.5179002220218515e-08
8,1,1,yp_re,1.6844439949339035e-08
8,1,2,yp_re,1.8524531162620117e-08
8,1,3,yp_re,2.093529364137226e-08
8,1,4,yp_re,2.1313740763346368e-08
8,1,5,yp_re,2.717889865966565e-08
8,1,6,yp_re,0.4946232626663324
8,1,7,yp_re,3.4772477085374827
8,1,8,yp_re,0.8696434156172256
8,1,9,yp_re,0.40714813350066875
8,1,10,yp_re,0.004453855990759803
8,1,11,yp_re,0.9736224888824608
8,1,12,yp_re,8.775742036634744
8,1,13,yp_re,492.85925386678633
8,1,14,yp_re,80.90264780769705
8,1,15,yp_re,9.45483785556475
8,1,16,yp_re,0.021369606597384596
8,1,17,yp_re,1.6421827802692675
8,1,18,yp_re,0.9045148311355511
8,1,19,yp_re,0.8068240408740394
8,1,20,yp_re,0.9642592467430863
8,1,21,yp_re,5.7191108290135135
8,1,22,yp_re,7.635161501459916
8,1,23,yp_re,1.4419784484046116
8,2,0,yp_re,1.5178971969581658e-08
8,2,1,yp_re,1.6844070936583597e-08
8,2,2,yp_re,1.852020100993185e-08
8,2,3,yp_re,2.0931345746361677e-08
8,2,4,yp_re,2.1310484312670254e-08
8,2,5,yp_re,2.7170756746437313e-08
8,2,6,yp_re,2.356527141555566e-07
8,2,7,yp_re,3.047197658457658e-07
8,2,8,yp_re,3.1808703759777334e-07
8,2,9,yp_re,0.3301405665068021
8,2,10,yp_re,0.006335181500597344
8,2,11,yp_re,7.245337178511103e-08
8,2,12,yp_re,5.756727520338793
8,2,13,yp_re,424.4735410649284
8,2,14,yp_re,70.23535728376429
8,2,15,yp_re,1.8494892382244847
8,2,16,yp_re,11.769797634631232
8,2,17,yp_re,28.35934561982042
8,2,18,yp_re,49.51010749508035
8,2,19,yp_re,5.705051332591088
8,2,20,yp_re,3.202306387274817
8,2,21,yp_re,7.59935362836756
8,2,22,yp_re,16.87837747470448
8,2,23,yp_re,3.0902715012959563
8,3,0,yp_re,1.5178984043902358e-08
8,3,1,yp_re,1.6844220053873002e-08
8,3,2,yp_re,1.8522513728424757e-08
8,3,3,yp_re,2.0932813377787365e-08
8,3,4,yp_re,2.1311964622021385e-08
8,3,5,yp_re,2.7175274291710658e-08
8,3,6,yp_re,0.16574063260702984
8,3,7,yp_re,3.4362303223903066
8,3,8,yp_re,0.1867784603519174
8,3,9,yp_re,1.0843458069463065e-07
8,3,10,yp_re,5.067889846576671e-08
8,3,11,yp_re,0.30423552649509494
8,3,12,yp_re,65.49067549207983
8,3,13,yp_re,736.8687548012459
8,3,14,yp_re,107.21999348827252
8,3,15,yp_re,43.17786928827234
8,3,16,yp_re,40.91733650459108
8,3,17,yp_re,39.47552650082012
8,3,18,yp_re,26.208385652468877
8,3,19,yp_re,2.663865083249095
8,3,20,yp_re,6.777073212385931
8,3,21,yp_re,19.950327134487477
8,3,22,yp_re,24.99635112547487
8,3,23,yp_re,5.426786951475944
8,4,0,yp_re,1.517897519080671e-08
8,4,1,yp_re,1.684412137048707e-08
8,4,2,yp_re,1.8520821858387325e-08
8,4,3,yp_re,2.0932318256513728e-08
8,4,4,yp_re,2.1310990921932853e-08
8,4,5,yp_re,2.717210640516251e-08
8,4,6,yp_re,2.362205319890291e-07
8,4,7,yp_re,1.9031953570089624
8,4,8,yp_re,0.3222979664599648
8,4,9,yp_re,1.1002007143988874e-07
8,4,10,yp_re,5.125736812474964e-08
8,4,11,yp_re,0.011768889040043523
8,4,12,yp_re,0.24876876059716047
8,4,13,yp_re,101.54674315006541
8,4,14,yp_re,34.62847439955521
8,4,15,yp_re,4.285313371228795
8,4,16,yp_re,8.281704615804069
8,4,17,yp_re,2.2660165324381016
8,4,18,yp_re,0.006026009412502095
8,4,19,yp_re,0.0555948433735899
8,4,20,yp_re,0.9838028659139555
8,4,21,yp_re,3.2602177323502035
8,4,22,yp_re,4.117032050555413
8,4,23,yp_re,0.7597406191261545
8,5,0,yp_re,1.5178983646124353e-08
8,5,1,yp_re,1.684424539191919e-08
8,5,2,yp_re,1.8522207046100673e-08
8,5,3,yp_re,2.0932659251771855e-08
8,5,4,yp_re,2.1311349778444014e-08
8,5,5,yp_re,2.7174876053378687e-08
8,5,6,yp_re,0.6682622050528131
8,5,7,yp_re,3.168643621092262
8,5,8,yp_re,8.09569502146707
8,5,9,yp_re,1.0851248980533685e-07
8,5,10,yp_re,5.076857988046603e-08
8,5,11,yp_re,6.648996639930217e-08
8,5,12,yp_re,16.929745782933715
8,5,13,yp_re,1038.1001239400866
8,5,14,yp_re,261.6096282433717
8,5,15,yp_re,201.05738025864997
8,5,16,yp_re,40.730516142872126
8,5,17,yp_re,6.74046820317514
8,5,18,yp_re,6.082212799207016
8,5,19,yp_re,3.9365687861487415
8,5,20,yp_re,3.0914160585122286
8,5,21,yp_re,18.183700066124015
8,5,22,yp_re,25.66099439957887
8,5,23,yp_re,4.240047875510631
8,6,0,yp_re,1.5178989199307755e-08
8,6,1,yp_re,1.684432568363277e-08
8,6,2,yp_re,1.8523327415186158e-08
8,6,3,yp_re,2.0934731874485377e-08
8,6,4,yp_re,2.131357707500833e-08
8,6,5,yp_re,2.7177324591173394e-08
8,6,6,yp_re,0.5365486594470236
8,6,7,yp_re,3.738155219239279
8,6,8,yp_re,4.521475788683057
8,6,9,yp_re,1.1145984839583207
8,6,10,yp_re,5.113144397481267e-08
8,6,11,yp_re,0.46633687693256426
8,6,12,yp_re,2.8362236595862305
8,6,13,yp_re,290.0339732689624
8,6,14,yp_re,61.88954735632114
8,6,15,yp_re,0.03324687416156568
8,6,16,yp_re,0.017008887596115713
8,6,17,yp_re,16.372570249313195
8,6,18,yp_re,12.851433097130531
8,6,19,yp_re,1.7753986413972604
8,6,20,yp_re,0.7593106072857603
8,6,21,yp_re,9.056014364518854
8,6,22,yp_re,12.548814120721827
8,6,23,yp_re,2.408573914032595
8,7,0,yp_re,1.51789787483746e-08
8,7,1,yp_re,1.684415235526786e-08
8,7,2,yp_re,1.8521631230265457e-08
8,7,3,yp_re,2.093217808803549e-08
8,7,4,yp_re,2.1311432900270583e-08
8,7,5,yp_re,2.7173470939555546e-08
8,7,6,yp_re,0.11323007696450425
8,7,7,yp_re,1.2287419205427421
8,7,8,yp_re,0.12489576934537767
8,7,9,yp_re,0.005065083153923302
8,7,10,yp_re,5.0780617033651425e-08
8,7,11,yp_re,0.011927079122347719
8,7,12,yp_re,14.197545601198808
8,7,13,yp_re,299.4429119350449
8,7,14,yp_re,59.691987047129224
8,7,15,yp_re,3.0110859447615392
8,7,16,yp_re,5.066595821585048
8,7,17,yp_re,6.604938869604498
8,7,18,yp_re,0.8686746219514121
8,7,19,yp_re,0.2929601876897857
8,7,20,yp_re,1.325384833874555
8,7,21,yp_re,5.22601057339551
8,7,22,yp_re,8.177243697196632
8,7,23,yp_re,1.4105971194298759
8,8,0,yp_re,1.5178976711872666e-08
8,8,1,yp_re,1.6844173724918815e-08
8,8,2,yp_re,1.8520693758664745e-08
8,8,3,yp_re,2.0932217458433208e-08
8,8,4,yp_re,2.1310993312469176e-08
8,8,5,yp_re,2.7172156047345294e-08
8,8,6,yp_re,2.3606243264616326e-07
8,8,7,yp_re,5.876957361790636
8,8,8,yp_re,0.3112689845870301
8,8,9,yp_re,0.02480337139795431
8,8,10,yp_re,5.090696890161529e-08
8,8,11,yp_re,6.706257227963937e-08
8,8,12,yp_re,3.8233207466320405
8,8,13,yp_re,337.3229738789373
8,8,14,yp_re,136.3886029923564
8,8,15,yp_re,22.38757650830958
8,8,16,yp_re,16.069852247242807
8,8,17,yp_re,12.25872329402839
8,8,18,yp_re,0.0713958691182071
8,8,19,yp_re,2.3647565358566585
8,8,20,yp_re,2.9051882459064227
8,8,21,yp_re,7.098654920074234
8,8,22,yp_re,12.562012102503358
8,8,23,yp_re,1.577967835345837
8,9,0,yp_re,1.5178972357016917e-08
8,9,1,yp_re,1.684408167370798e-08
8,9,2,yp_re,1.8520235787923182e-08
8,9,3,yp_re,2.0932766631074424e-08
8,9,4,yp_re,2.1311376020145596e-08
8,9,5,yp_re,2.7170677111050306e-08
8,9,6,yp_re,2.32868601018393e-07
8,9,7,yp_re,0.8964722060503489
8,9,8,yp_re,0.7064506566241154
8,9,9,yp_re,0.04260978293036542
8,9,10,yp_re,5.071979749140417e-08
8,9,11,yp_re,0.012445326164423834
8,9,12,yp_re,1.3587508214200223
8,9,13,yp_re,205.36183690171683
8,9,14,yp_re,53.913110893627184
8,9,15,yp_re,4.787059521802322
8,9,16,yp_re,0.09529241782051036
8,9,17,yp_re,6.793981093885558
8,9,18,yp_re,0.4616623847637003
8,9,19,yp_re,0.21056844313036296
8,9,20,yp_re,1.0350576161793574
8,9,21,yp_re,5.974913145455658
8,9,22,yp_re,8.52910624153405
8,9,23,yp_re,1.5219395373196598
8,0,SUM,yp_re,377.34174567784186
8,1,SUM,yp_re,617.3546218363512
8,2,SUM,yp_re,628.766202979898
8,3,SUM,yp_re,1123.2659304557476
8,4,SUM,yp_re,162.67669768038684
8,5,SUM,yp_re,1638.295403749518
8,6,SUM,yp_re,420.95923024039143
8,7,SUM,yp_re,406.79979635273315
8,8,SUM,yp_re,561.044055368078
8,9,SUM,yp_re,291.70125739397093
8,0,0,ym_re,2.132356873123266e-07
8,0,1,ym_re,2.3450996542926082e-07
8,0,2,ym_re,2.604091257969044e-06
8,0,3,ym_re,3.3976647915681304
8,0,4,ym_re,11.335045849661276
8,0,5,ym_re,0.05154070858969488
8,0,6,ym_re,5.2761059438792297e-08
8,0,7,ym_re,3.4328260334858374e-08
8,0,8,ym_re,2.0615846146111696e-08
8,0,9,ym_re,2.070837604618143e-08
8,0,10,ym_re,1.8480445051548864e-08
8,0,11,ym_re,1.7201696310030732
8,0,12,ym_re,0.6223232114433866
8,0,13,ym_re,1.0273021440737721e-08
8,0,14,ym_re,1.7482601112152258e-08
8,0,15,ym_re,0.612540065954607
8,0,16,ym_re,0.5314112908861972
8,0,17,ym_re,1.2091270975972563
8,0,18,ym_re,1.0144868349357912
8,0,19,ym_re,5.216618154316602e-08
8,0,20,ym_re,0.9120927576253228
8,0,21,ym_re,0.014328753981214809
8,0,22,ym_re,2.446575276737776e-08
8,0,23,ym_re,3.394202711271188e-08
8,1,0,ym_re,2.1323653197941095e-07
8,1,1,ym_re,2.3452207416057208e-07
8,1,2,ym_re,2.604519675765852e-06
8,1,3,ym_re,4.464230170528593
8,1,4,ym_re,11.695753216676549
8,1,5,ym_re,0.10905855767487793
8,1,6,ym_re,5.3077483530084684e-08
8,1,7,ym_re,3.4643680972735204e-08
8,1,8,ym_re,2.061291627263051e-08
8,1,9,ym_re,1.9741120297900174e-08
8,1,10,ym_re,1.8462638401707617e-08
8,1,11,ym_re,0.11643749218615533
8,1,12,ym_re,0.18340539193420194
8,1,13,ym_re,1.0273021432719684e-08
8,1,14,ym_re,1.6702170710210055e-08
8,1,15,ym_re,5.784293349126029
8,1,16,ym_re,2.6294490431060917
8,1,17,ym_re,0.5902492852397545
8,1,18,ym_re,5.607254076949022
8,1,19,ym_re,0.35581441455178575
8,1,20,ym_re,0.6106569993837954
8,1,21,ym_re,0.07608044859901295
8,1,22,ym_re,2.4465949186232418e-08
8,1,23,ym_re,3.393134790917098e-08
8,2,0,ym_re,2.1324476378526446e-07
8,2,1,ym_re,2.347494196838053e-07
8,2,2,ym_re,6.918531906720119e-06
8,2,3,ym_re,10.918112082540086
8,2,4,ym_re,26.452179770096333
8,2,5,ym_re,1.4916292789105143
8,2,6,ym_re,5.603259843936373e-08
8,2,7,ym_re,3.625891845055032e-08
8,2,8,ym_re,2.074723935741703e-08
8,2,9,ym_re,1.9707248802676815e-08
8,2,10,ym_re,1.8205406756194143e-08
8,2,11,ym_re,3.406754185333417e-08
8,2,12,ym_re,0.8161315671805567
8,2,13,ym_re,1.0273021433610534e-08
8,2,14,ym_re,1.6823498498826267e-08
8,2,15,ym_re,17.444912579381757
8,2,16,ym_re,18.680240085829045
8,2,17,ym_re,7.239179717429852
8,2,18,ym_re,19.634136971856073
8,2,19,ym_re,3.882556850646265
8,2,20,ym_re,0.4499807164105668
8,2,21,ym_re,3.3681309015561403
8,2,22,ym_re,2.4463950388288146e-08
8,2,23,ym_re,3.392079402717274e-08
8,3,0,ym_re,2.1324108769885903e-07
8,3,1,ym_re,2.3464531368829243e-07
8,3,2,ym_re,4.762750683464772e-06
8,3,3,ym_re,14.812111650690628
8,3,4,ym_re,39.58808231722598
8,3,5,ym_re,1.749957197461758
8,3,6,ym_re,5.387208436686053e-08
8,3,7,ym_re,3.6040443846951125e-08
8,3,8,ym_re,2.061633612259706e-08
8,3,9,ym_re,1.9669130200844933e-08
8,3,10,ym_re,1.8400045109262205e-08
8,3,11,ym_re,0.04593760436384941
8,3,12,ym_re,11.803068677484339
8,3,13,ym_re,1.027302143257161e-08
8,3,14,ym_re,1.671534954867534e-08
8,3,15,ym_re,56.63695900018863
8,3,16,ym_re,66.10524233654309
8,3,17,ym_re,37.74835381782514
8,3,18,ym_re,8.156871437968446
8,3,19,ym_re,0.832471126783951
8,3,20,ym_re,0.855904645063957
8,3,21,ym_re,0.45041526784449604
8,3,22,ym_re,2.4466425761500965e-08
8,3,23,ym_re,3.397485400685074e-08
8,4,0,ym_re,2.1324352754164385e-07
8,4,1,ym_re,2.347206633953049e-07
8,4,2,ym_re,6.910298720928463e-06
8,4,3,ym_re,2.6759524806866812
8,4,4,ym_re,6.215566046915621
8,4,5,ym_re,0.038847858068469424
8,4,6,ym_re,5.5988599203553234e-08
8,4,7,ym_re,3.485158111957502e-08
8,4,8,ym_re,2.0607584726152413e-08
8,4,9,ym_re,2.0685510731561945e-08
8,4,10,ym_re,1.819724177791835e-08
8,4,11,ym_re,0.016483673133481105
8,4,12,ym_re,0.012112550195154656
8,4,13,ym_re,1.0273021437313903e-08
8,4,14,ym_re,1.677890167572828e-08
8,4,15,ym_re,20.477043637557298
8,4,16,ym_re,20.246233405009242
8,4,17,ym_re,1.5881710320328362
8,4,18,ym_re,0.12486725581948009
8,4,19,ym_re,0.3087136094407736
8,4,20,ym_re,0.31043580867811515
8,4,21,ym_re,0.004675704456737412
8,4,22,ym_re,2.4465613869209098e-08
8,4,23,ym_re,3.396354397685539e-08
8,5,0,ym_re,2.1324119001606453e-07
8,5,1,ym_re,2.346483170855457e-07
8,5,2,ym_re,4.762898613534917e-06
8,5,3,ym_re,16.917551798279593
8,5,4,ym_re,38.52464379171059
8,5,5,ym_re,0.8181390305102444
8,5,6,ym_re,5.378180817846948e-08
8,5,7,ym_re,3.605313883008887e-08
8,5,8,ym_re,2.062348788658652e-08
8,5,9,ym_re,2.0672112348495782e-08
8,5,10,ym_re,1.8429243271296908e-08
8,5,11,ym_re,0.011776577972424929
8,5,12,ym_re,1.076469485182316
8,5,13,ym_re,1.0273021432204868e-08
8,5,14,ym_re,1.7518874809077016e-08
8,5,15,ym_re,122.84267833485968
8,5,16,ym_re,50.88977746240143
8,5,17,ym_re,4.979013704353655
8,5,18,ym_re,12.74322741896397
8,5,19,ym_re,0.47460270731575493
8,5,20,ym_re,0.9068851483525258
8,5,21,ym_re,0.09473092434392401
8,5,22,ym_re,2.446612063777036e-08
8,5,23,ym_re,3.3951842224172134e-08
8,6,0,ym_re,2.132389855359792e-07
8,6,1,ym_re,2.345976241913671e-07
8,6,2,ym_re,4.757703477490157e-06
8,6,3,ym_re,6.379258929775646
8,6,4,ym_re,17.87079135313244
8,6,5,ym_re,0.4521631021754441
8,6,6,ym_re,5.3449393062678037e-08
8,6,7,ym_re,3.481310219425436e-08
8,6,8,ym_re,2.061951190138505e-08
8,6,9,ym_re,2.0710662352403486e-08
8,6,10,ym_re,1.821085072007911e-08
8,6,11,ym_re,0.29489157189863735
8,6,12,ym_re,0.005900659631331368
8,6,13,ym_re,1.0273021434185334e-08
8,6,14,ym_re,1.681550289157523e-08
8,6,15,ym_re,5.064243480860797
8,6,16,ym_re,6.678295348092644
8,6,17,ym_re,7.508246745870351
8,6,18,ym_re,29.709924865448112
8,6,19,ym_re,0.06334929368485025
8,6,20,ym_re,1.054294353026544
8,6,21,ym_re,0.12895043619793162
8,6,22,ym_re,2.4466135943393323e-08
8,6,23,ym_re,3.396141442938408e-08
8,7,0,ym_re,2.1324260725535386e-07
8,7,1,ym_re,2.3468478557461524e-07
8,7,2,ym_re,4.7671437063471586e-06
8,7,3,ym_re,4.383481137997333
8,7,4,ym_re,11.663807993640432
8,7,5,ym_re,0.0852254711283666
8,7,6,ym_re,5.398438724061883e-08
8,7,7,ym_re,3.612535117260602e-08
8,7,8,ym_re,2.0563747376235535e-08
8,7,9,ym_re,1.9679138993211238e-08
8,7,10,ym_re,1.8177327518735728e-08
8,7,11,ym_re,3.041643629647459e-08
8,7,12,ym_re,2.084162265100443
8,7,13,ym_re,1.027302143725362e-08
8,7,14,ym_re,1.7433661701468304e-08
8,7,15,ym_re,3.987455068826128
8,7,16,ym_re,15.801461853433757
8,7,17,ym_re,7.524849004250055
8,7,18,ym_re,5.109018318965204
8,7,19,ym_re,0.14150180836646176
8,7,20,ym_re,0.44695283235808014
8,7,21,ym_re,0.12479171471102936
8,7,22,ym_re,2.4465247760990295e-08
8,7,23,ym_re,3.394067801679933e-08
8,8,0,ym_re,2.1324315124081236e-07
8,8,1,ym_re,2.347156831892152e-07
8,8,2,ym_re,6.915224460413718e-06
8,8,3,ym_re,6.875575702091693
8,8,4,ym_re,17.542553565500295
8,8,5,ym_re,0.2841791840595873
8,8,6,ym_re,5.5931068393706765e-08
8,8,7,ym_re,3.512321654913184e-08
8,8,8,ym_re,2.0580318260805698e-08
8,8,9,ym_re,1.9707076553476302e-08
8,8,10,ym_re,1.817070552677899e-08
8,8,11,ym_re,2.6544430110968265e-08
8,8,12,ym_re,0.3893490839859991
8,8,13,ym_re,1.0273021433415095e-08
8,8,14,ym_re,1.6838038335664576e-08
8,8,15,ym_re,37.075954784336794
8,8,16,ym_re,26.728649115150606
8,8,17,ym_re,6.87223671766921
8,8,18,ym_re,1.431465252802047
8,8,19,ym_re,0.06840419370823014
8,8,20,ym_re,1.0328877083253212
8,8,21,ym_re,0.7759051988276352
8,8,22,ym_re,2.44652874430157e-08
8,8,23,ym_re,3.395032373995684e-08
8,9,0,ym_re,2.1324450977070667e-07
8,9,1,ym_re,2.3474747628687845e-07
8,9,2,ym_re,6.919531266669219e-06
8,9,3,ym_re,5.3152960090785335
8,9,4,ym_re,12.963861261476534
8,9,5,ym_re,0.45239204562530505
8,9,6,ym_re,5.5989666434673347e-08
8,9,7,ym_re,3.619702751324725e-08
8,9,8,ym_re,2.061423130159687e-08
8,9,9,ym_re,1.9685391195887903e-08
8,9,10,ym_re,1.842742788281744e-08
8,9,11,ym_re,0.0057727693976628025
8,9,12,ym_re,0.002798948724106558
8,9,13,ym_re,1.0273021434938321e-08
8,9,14,ym_re,1.675293072507219e-08
8,9,15,ym_re,6.075031970737071
8,9,16,ym_re,11.570614516906346
8,9,17,ym_re,2.690753319773257
8,9,18,ym_re,1.149346973533747
8,9,19,ym_re,5.097353889222414e-08
8,9,20,ym_re,0.6650106301690296
8,9,21,ym_re,9.988674304141863e-07
8,9,22,ym_re,2.4465577327078655e-08
8,9,23,ym_re,3.394628130809008e-08
8,0,SUM,ym_re,21.42073433030643
8,1,SUM,ym_re,32.22268573014448
8,2,SUM,ym_re,110.37719815886351
8,3,SUM,ym_re,238.78538052410903
8,4,SUM,ym_re,52.0191106560684
8,5,SUM,ym_re,250.2795018308039
8,6,SUM,ym_re,75.21031557865442
8,7,SUM,ym_re,51.35271294890739
8,8,SUM,ym_re,99.0771681312242
8,9,SUM,ym_re,40.89088709913737
8,0,0,dp_re,1.075202610988043e-06
8,0,1,dp_re,1.232359738812866e-06
8,0,2,dp_re,1.3488027232749555e-06
8,0,3,dp_re,1.4204584690425035e-06
8,0,4,dp_re,1.485035422877794e-06
8,0,5,dp_re,1.5528659894025354e-06
8,0,6,dp_re,6.326940097767314
8,0,7,dp_re,63.17648299807794
8,0,8,dp_re,39.896476707097044
8,0,9,dp_re,43.28976297433879
8,0,10,dp_re,76.80853992534684
8,0,11,dp_re,60.22168894798221
8,0,12,dp_re,51.56339206673024
8,0,13,dp_re,1.1343871074126391e-06
8,0,14,dp_re,14.804161022891071
8,0,15,dp_re,8.109491298842352
8,0,16,dp_re,11.356670634496124
8,0,17,dp_re,31.389435721325132
8,0,18,dp_re,21.01241306678492
8,0,19,dp_re,5.809772286401625
8,0,20,dp_re,1.6427799856799852
8,0,21,dp_re,0.6125436842558921
8,0,22,dp_re,1.944789082479145e-06
8,0,23,dp_re,2.111706796455847e-06
8,1,0,dp_re,1.075181964590007e-06
8,1,1,dp_re,1.2321464299612392e-06
8,1,2,dp_re,1.3474040748901854e-06
8,1,3,dp_re,1.4133726122138962e-06
8,1,4,dp_re,1.4744300507371903e-06
8,1,5,dp_re,1.5493861453784918e-06
8,1,6,dp_re,0.8759857064143413
8,1,7,dp_re,28.983370525954808
8,1,8,dp_re,21.801270343325623
8,1,9,dp_re,30.156789507016118
8,1,10,dp_re,28.55284096780222
8,1,11,dp_re,45.26023673923185
8,1,12,dp_re,48.69856903373259
8,1,13,dp_re,1.134387352373686e-06
8,1,14,dp_re,62.425784700876164
8,1,15,dp_re,81.43435019257855
8,1,16,dp_re,14.98699551280906
8,1,17,dp_re,35.68735217428858
8,1,18,dp_re,27.257847489822453
8,1,19,dp_re,14.181357174312225
8,1,20,dp_re,3.148277602013488
8,1,21,dp_re,0.6272272207657715
8,1,22,dp_re,2.0215209024583357e-06
8,1,23,dp_re,2.1213657853212428e-06
8,2,0,dp_re,1.0750186260541037e-06
8,2,1,dp_re,1.2299544761752783e-06
8,2,2,dp_re,1.3198985003312285e-06
8,2,3,dp_re,1.393960575550031e-06
8,2,4,dp_re,1.4564903440059782e-06
8,2,5,dp_re,1.511620128158059e-06
8,2,6,dp_re,1.074273225883795e-06
8,2,7,dp_re,9.523442503208871e-07
8,2,8,dp_re,1.7417726547766015
8,2,9,dp_re,39.85543908234197
8,2,10,dp_re,31.019438307345364
8,2,11,dp_re,25.42287494994827
8,2,12,dp_re,29.6536793660524
8,2,13,dp_re,1.134387327680032e-06
8,2,14,dp_re,41.6525286331731
8,2,15,dp_re,44.45477558362976
8,2,16,dp_re,119.45174640696689
8,2,17,dp_re,95.15737452479394
8,2,18,dp_re,166.6295167147344
8,2,19,dp_re,61.815881777176486
8,2,20,dp_re,8.701792713130903
8,2,21,dp_re,4.52749462847162
8,2,22,dp_re,2.0382815422321863e-06
8,2,23,dp_re,2.119191115994934e-06
8,3,0,dp_re,1.0750920866877615e-06
8,3,1,dp_re,1.2309601869329671e-06
8,3,2,dp_re,1.3315049831986087e-06
8,3,3,dp_re,1.401903520486948e-06
8,3,4,dp_re,1.4654917209419322e-06
8,3,5,dp_re,1.5281303869585405e-06
8,3,6,dp_re,0.1492860509440599
8,3,7,dp_re,0.12529625691457769
8,3,8,dp_re,8.506801090490638
8,3,9,dp_re,14.418933050464961
8,3,10,dp_re,21.35165696624914
8,3,11,dp_re,32.85376532093673
8,3,12,dp_re,124.68835276708128
8,3,13,dp_re,1.1343873485537083e-06
8,3,14,dp_re,57.71225342361097
8,3,15,dp_re,174.9791415577153
8,3,16,dp_re,213.57959165202817
8,3,17,dp_re,138.19836877499975
8,3,18,dp_re,153.86931028321536
8,3,19,dp_re,41.15937392811549
8,3,20,dp_re,27.641913330331068
8,3,21,dp_re,3.6709515646339876
8,3,22,dp_re,1.9720619694553862e-06
8,3,23,dp_re,2.1339172048026693e-06
8,4,0,dp_re,1.0750438811611462e-06
8,4,1,dp_re,1.2302774275629924e-06
8,4,2,dp_re,1.3232801094435296e-06
8,4,3,dp_re,1.397670132418637e-06
8,4,4,dp_re,1.458824686751987e-06
8,4,5,dp_re,1.5159865594746227e-06
8,4,6,dp_re,1.1212964244429465e-06
8,4,7,dp_re,8.609928875527881
8,4,8,dp_re,9.413057911575283
8,4,9,dp_re,8.946567779738194
8,4,10,dp_re,7.635123531402745
8,4,11,dp_re,11.853883535217522
8,4,12,dp_re,7.858208119645725
8,4,13,dp_re,1.1343872861795453e-06
8,4,14,dp_re,25.494380361988554
8,4,15,dp_re,60.34705661486312
8,4,16,dp_re,103.29571504460104
8,4,17,dp_re,28.444783031390713
8,4,18,dp_re,7.445611267831526
8,4,19,dp_re,27.696294579664382
8,4,20,dp_re,3.6319123259058133
8,4,21,dp_re,0.8203622836683028
8,4,22,dp_re,1.952715198489472e-06
8,4,23,dp_re,2.1189056415309907e-06
8,5,0,dp_re,1.0750902600526695e-06
8,5,1,dp_re,1.2309286086637674e-06
8,5,2,dp_re,1.331168872495859e-06
8,5,3,dp_re,1.3985130367783137e-06
8,5,4,dp_re,1.4598574618163495e-06
8,5,5,dp_re,1.5277156711559991e-06
8,5,6,dp_re,0.8404399339796889
8,5,7,dp_re,0.6560151969056441
8,5,8,dp_re,47.67460760159278
8,5,9,dp_re,16.851228245605306
8,5,10,dp_re,26.76097009029098
8,5,11,dp_re,20.572731201320483
8,5,12,dp_re,67.77870497158229
8,5,13,dp_re,1.1343873589457974e-06
8,5,14,dp_re,56.23610861625042
8,5,15,dp_re,365.7883059122703
8,5,16,dp_re,274.01963082072587
8,5,17,dp_re,49.81588499661722
8,5,18,dp_re,95.60385777176747
8,5,19,dp_re,48.52909874644397
8,5,20,dp_re,8.16105969673711
8,5,21,dp_re,2.2427233803303115
8,5,22,dp_re,1.9952709462277935e-06
8,5,23,dp_re,2.127474362500058e-06
8,6,0,dp_re,1.0751354447239725e-06
8,6,1,dp_re,1.231512170902074e-06
8,6,2,dp_re,1.3371158700610527e-06
8,6,3,dp_re,1.4106678762130477e-06
8,6,4,dp_re,1.4751308202291314e-06
8,6,5,dp_re,1.5354218787781525e-06
8,6,6,dp_re,0.9796807237339938
8,6,7,dp_re,23.424617049125047
8,6,8,dp_re,32.50344176537963
8,6,9,dp_re,54.19932188631599
8,6,10,dp_re,35.017161620006384
8,6,11,dp_re,33.470779516750156
8,6,12,dp_re,23.459846838121415
8,6,13,dp_re,1.134387313955432e-06
8,6,14,dp_re,34.18329200778556
8,6,15,dp_re,35.09263068747711
8,6,16,dp_re,23.56484486948004
8,6,17,dp_re,64.33640378771238
8,6,18,dp_re,126.42805354348337
8,6,19,dp_re,25.124757939727257
8,6,20,dp_re,3.94277611475491
8,6,21,dp_re,1.2413767930806325
8,6,22,dp_re,1.974586891848022e-06
8,6,23,dp_re,2.1177314056035817e-06
8,7,0,dp_re,1.0750625204929989e-06
8,7,1,dp_re,1.23055167517575e-06
8,7,2,dp_re,1.3268531170501349e-06
8,7,3,dp_re,1.396804421830802e-06
8,7,4,dp_re,1.4603400084981338e-06
8,7,5,dp_re,1.5229196263766466e-06
8,7,6,dp_re,0.08985220747655465
8,7,7,dp_re,0.047053449460379045
8,7,8,dp_re,6.049743196552454
8,7,9,dp_re,8.014777143948457
8,7,10,dp_re,9.608566251353956
8,7,11,dp_re,19.34087519357095
8,7,12,dp_re,63.612581692166856
8,7,13,dp_re,1.1343872902165333e-06
8,7,14,dp_re,36.672586132163815
8,7,15,dp_re,59.65112681085266
8,7,16,dp_re,100.57367645345401
8,7,17,dp_re,47.712991647914606
8,7,18,dp_re,45.24095131487029
8,7,19,dp_re,17.96987146338048
8,7,20,dp_re,11.19598120434096
8,7,21,dp_re,0.9383305438185574
8,7,22,dp_re,1.9348319651950974e-06
8,7,23,dp_re,2.1145587991996285e-06
8,8,0,dp_re,1.075052373217905e-06
8,8,1,dp_re,1.2303630981172438e-06
8,8,2,dp_re,1.3238589097469747e-06
8,8,3,dp_re,1.3976397332394846e-06
8,8,4,dp_re,1.4581823007820395e-06
8,8,5,dp_re,1.5167641088404475e-06
8,8,6,dp_re,1.1191957353044343e-06
8,8,7,dp_re,24.84050819027215
8,8,8,dp_re,13.392388436173915
8,8,9,dp_re,15.145144438025351
8,8,10,dp_re,14.748386602710632
8,8,11,dp_re,14.915053043172177
8,8,12,dp_re,28.362300790517487
8,8,13,dp_re,1.1343873378942716e-06
8,8,14,dp_re,55.116306319661874
8,8,15,dp_re,144.15742483316612
8,8,16,dp_re,140.68215462573258
8,8,17,dp_re,48.26211449375916
8,8,18,dp_re,27.593565994327964
8,8,19,dp_re,26.935208815619884
8,8,20,dp_re,9.757880622225544
8,8,21,dp_re,1.0180589118669443
8,8,22,dp_re,1.974080809590258e-06
8,8,23,dp_re,2.125802720592033e-06
8,9,0,dp_re,1.0750245698102602e-06
8,9,1,dp_re,1.230009321636511e-06
8,9,2,dp_re,1.3200807565651306e-06
8,9,3,dp_re,1.3997276156487934e-06
8,9,4,dp_re,1.4620792481384527e-06
8,9,5,dp_re,1.5126200315983458e-06
8,9,6,dp_re,1.088953490046839e-06
8,9,7,dp_re,0.25679261424646105
8,9,8,dp_re,14.560600542888631
8,9,9,dp_re,11.98167837662051
8,9,10,dp_re,14.047657626173384
8,9,11,dp_re,20.22397176824143
8,9,12,dp_re,15.727162229781992
8,9,13,dp_re,1.1343873148032797e-06
8,9,14,dp_re,41.486077876243684
8,9,15,dp_re,67.2221215900471
8,9,16,dp_re,44.297659888266
8,9,17,dp_re,38.926629263305834
8,9,18,dp_re,20.01441984003678
8,9,19,dp_re,6.840818087774403
8,9,20,dp_re,6.633580170695231
8,9,21,dp_re,0.8805631278020453
8,9,22,dp_re,1.9653787916409305e-06
8,9,23,dp_re,2.124517672612385e-06
8,0,SUM,dp_re,436.0205647236254
8,1,SUM,dp_re,444.0782682601391
8,2,SUM,dp_re,670.0843306479618
8,3,SUM,dp_re,1012.9050092911809
8,4,SUM,dp_re,311.49289959140816
8,5,SUM,dp_re,1081.5313804628263
8,6,SUM,dp_re,516.9689984346235
8,7,SUM,dp_re,426.7189779016344
8,8,SUM,dp_re,564.9265104725589
8,9,SUM,dp_re,303.0997473149023
8,0,0,dm_re,1.0749228191145868e-06
8,0,1,dm_re,1.2294575069771207e-06
8,0,2,dm_re,1.3168313403929606e-06
8,0,3,dm_re,1.3888311135233531e-06
8,0,4,dm_re,1.4509208808112971e-06
8,0,5,dm_re,1.5072265337056997e-06
8,0,6,dm_re,0.14425793603964254
8,0,7,dm_re,0.37122782176989433
8,0,8,dm_re,45.483727697482294
8,0,9,dm_re,46.40149814583706
8,0,10,dm_re,54.37429203196275
8,0,11,dm_re,56.820017485386686
8,0,12,dm_re,51.96454211175942
8,0,13,dm_re,1.1344035789859194e-06
8,0,14,dm_re,32.35944202178979
8,0,15,dm_re,52.95816574639518
8,0,16,dm_re,56.41273246014317
8,0,17,dm_re,32.3655160133601
8,0,18,dm_re,54.86733812945534
8,0,19,dm_re,6.705026104786998
8,0,20,dm_re,4.741938525646052
8,0,21,dm_re,0.0635656562249075
8,0,22,dm_re,2.0044387527167883e-06
8,0,23,dm_re,2.1357863819928857e-06
8,1,0,dm_re,1.074943031364011e-06
8,1,1,dm_re,1.229664637967846e-06
8,1,2,dm_re,1.318115618260032e-06
8,1,3,dm_re,1.3938016532968845e-06
8,1,4,dm_re,1.4576589053040261e-06
8,1,5,dm_re,1.510370481173599e-06
8,1,6,dm_re,0.5095722518865299
8,1,7,dm_re,2.4570599729759706
8,1,8,dm_re,15.119350273882725
8,1,9,dm_re,25.98648949508724
8,1,10,dm_re,33.058194103830914
8,1,11,dm_re,29.286595107371312
8,1,12,dm_re,25.736689582422077
8,1,13,dm_re,1.1344033388822417e-06
8,1,14,dm_re,49.79666544103102
8,1,15,dm_re,87.48926357931745
8,1,16,dm_re,55.75319287421855
8,1,17,dm_re,36.8361403151536
8,1,18,dm_re,59.5254395781805
8,1,19,dm_re,20.39921971656643
8,1,20,dm_re,3.9577119197201127
8,1,21,dm_re,0.2940323005267744
8,1,22,dm_re,1.944460186797627e-06
8,1,23,dm_re,2.1192383818277945e-06
8,2,0,dm_re,1.0751029618290533e-06
8,2,1,dm_re,1.2317885966627888e-06
8,2,2,dm_re,1.3413511144124996e-06
8,2,3,dm_re,1.411627937222821e-06
8,2,4,dm_re,1.4736595901175624e-06
8,2,5,dm_re,1.54235490062459e-06
8,2,6,dm_re,3.033679266982472
8,2,7,dm_re,45.456257096292084
8,2,8,dm_re,26.811390791183143
8,2,9,dm_re,37.299811314199694
8,2,10,dm_re,30.990575430877193
8,2,11,dm_re,29.957687484489597
8,2,12,dm_re,47.109999971467225
8,2,13,dm_re,1.1344033630841046e-06
8,2,14,dm_re,33.017035462172025
8,2,15,dm_re,145.9688880645422
8,2,16,dm_re,96.21006428679686
8,2,17,dm_re,66.50833859771656
8,2,18,dm_re,92.36395140011017
8,2,19,dm_re,57.58042451387229
8,2,20,dm_re,6.019463018754269
8,2,21,dm_re,7.076151425956884
8,2,22,dm_re,1.9676356946839953e-06
8,2,23,dm_re,2.1312808096766285e-06
8,3,0,dm_re,1.0750309556787434e-06
8,3,1,dm_re,1.2307978353777574e-06
8,3,2,dm_re,1.3287884038428895e-06
8,3,3,dm_re,1.4049199482713907e-06
8,3,4,dm_re,1.467102502093662e-06
8,3,5,dm_re,1.5240751187983568e-06
8,3,6,dm_re,1.8430573250210218
8,3,7,dm_re,33.52119214175875
8,3,8,dm_re,23.872441328934894
8,3,9,dm_re,19.663602741616383
8,3,10,dm_re,25.389444501453898
8,3,11,dm_re,42.82487674754396
8,3,12,dm_re,91.45771575135296
8,3,13,dm_re,1.1344033426256212e-06
8,3,14,dm_re,55.72710320359339
8,3,15,dm_re,136.40201292372177
8,3,16,dm_re,157.22103864816347
8,3,17,dm_re,92.05714037711785
8,3,18,dm_re,59.03151540153985
8,3,19,dm_re,36.72908411739744
8,3,20,dm_re,26.576794898483453
8,3,21,dm_re,1.5916511102601816
8,3,22,dm_re,1.973179979835056e-06
8,3,23,dm_re,2.105471652199549e-06
8,4,0,dm_re,1.0750782349492875e-06
8,4,1,dm_re,1.2314757004680852e-06
8,4,2,dm_re,1.338495679635653e-06
8,4,3,dm_re,1.4075034133472533e-06
8,4,4,dm_re,1.470687651958213e-06
8,4,5,dm_re,1.5386569894215464e-06
8,4,6,dm_re,0.5926985116846977
8,4,7,dm_re,1.6343932412814888
8,4,8,dm_re,7.036531976226123
8,4,9,dm_re,13.674588159899633
8,4,10,dm_re,12.16511874360466
8,4,11,dm_re,11.726354216769176
8,4,12,dm_re,10.944471922701187
8,4,13,dm_re,1.1344034037619555e-06
8,4,14,dm_re,36.29561117432451
8,4,15,dm_re,109.48622251863281
8,4,16,dm_re,95.35959927603594
8,4,17,dm_re,31.955103805549903
8,4,18,dm_re,16.534529685089396
8,4,19,dm_re,25.46266918110254
8,4,20,dm_re,2.1705385605775103
8,4,21,dm_re,0.02006170517695474
8,4,22,dm_re,1.992639567843302e-06
8,4,23,dm_re,2.120420107950396e-06
8,5,0,dm_re,1.0750327412279899e-06
8,5,1,dm_re,1.2308285306445432e-06
8,5,2,dm_re,1.3291965925812832e-06
8,5,3,dm_re,1.406057792082155e-06
8,5,4,dm_re,1.4692097790170947e-06
8,5,5,dm_re,1.524491285883618e-06
8,5,6,dm_re,2.272256544154099
8,5,7,dm_re,29.370936669436528
8,5,8,dm_re,14.5500739671641
8,5,9,dm_re,15.686100781150655
8,5,10,dm_re,21.564119240273026
8,5,11,dm_re,26.791167926603272
8,5,12,dm_re,66.59460481289749
8,5,13,dm_re,1.1344033324405055e-06
8,5,14,dm_re,84.37028574377722
8,5,15,dm_re,112.75711065137233
8,5,16,dm_re,133.4307356782445
8,5,17,dm_re,68.93810130494127
8,5,18,dm_re,95.01993083267091
8,5,19,dm_re,35.838689929177015
8,5,20,dm_re,9.215305577517945
8,5,21,dm_re,0.3312280323144972
8,5,22,dm_re,1.953851868577733e-06
8,5,23,dm_re,2.1115803541685756e-06
8,6,0,dm_re,1.0749884713344667e-06
8,6,1,dm_re,1.2302576283801714e-06
8,6,2,dm_re,1.3233341770933954e-06
8,6,3,dm_re,1.397504092830381e-06
8,6,4,dm_re,1.4592056508594141e-06
8,6,5,dm_re,1.5170588650513154e-06
8,6,6,dm_re,1.4524821443520803
8,6,7,dm_re,3.847552858834592
8,6,8,dm_re,24.113656432093848
8,6,9,dm_re,51.26231857742257
8,6,10,dm_re,41.72097216480699
8,6,11,dm_re,34.9816900721856
8,6,12,dm_re,43.39207353437122
8,6,13,dm_re,1.134403376537107e-06
8,6,14,dm_re,32.440523205342785
8,6,15,dm_re,96.85081449813782
8,6,16,dm_re,111.75228995598914
8,6,17,dm_re,56.45894380119834
8,6,18,dm_re,131.16355284655785
8,6,19,dm_re,36.57918312392901
8,6,20,dm_re,6.481391868171047
8,6,21,dm_re,0.43093094927223885
8,6,22,dm_re,1.9669817172391763e-06
8,6,23,dm_re,2.1282256904625025e-06
8,7,0,dm_re,1.0750599263080716e-06
8,7,1,dm_re,1.2311979502241731e-06
8,7,2,dm_re,1.3334255504295282e-06
8,7,3,dm_re,1.4077466043092288e-06
8,7,4,dm_re,1.468758949705306e-06
8,7,5,dm_re,1.5292046102831683e-06
8,7,6,dm_re,0.8629173826228629
8,7,7,dm_re,11.679331161864193
8,7,8,dm_re,10.16618033063741
8,7,9,dm_re,6.405134762472761
8,7,10,dm_re,13.499791863883113
8,7,11,dm_re,19.20121526260575
8,7,12,dm_re,54.422636842663934
8,7,13,dm_re,1.1344033998060902e-06
8,7,14,dm_re,26.014132258089834
8,7,15,dm_re,54.95991116515884
8,7,16,dm_re,127.5853951116888
8,7,17,dm_re,62.67929722736372
8,7,18,dm_re,83.34278506319144
8,7,19,dm_re,21.953483495762796
8,7,20,dm_re,12.723668704384902
8,7,21,dm_re,0.5591718030915053
8,7,22,dm_re,2.0134364569798483e-06
8,7,23,dm_re,2.12597424037767e-06
8,8,0,dm_re,1.0750699105127347e-06
8,8,1,dm_re,1.2313918128821445e-06
8,8,2,dm_re,1.3380191020752246e-06
8,8,3,dm_re,1.4072167944223992e-06
8,8,4,dm_re,1.4707187418641441e-06
8,8,5,dm_re,1.5379380041701403e-06
8,8,6,dm_re,1.2497663197680418
8,8,7,dm_re,4.93494012075455
8,8,8,dm_re,14.434193803097017
8,8,9,dm_re,12.72263658645188
8,8,10,dm_re,16.704732064090695
8,8,11,dm_re,15.59040499642676
8,8,12,dm_re,38.26073192786198
8,8,13,dm_re,1.1344033530741091e-06
8,8,14,dm_re,40.16016799285801
8,8,15,dm_re,149.85487258414477
8,8,16,dm_re,126.38757967988906
8,8,17,dm_re,57.035787283094315
8,8,18,dm_re,49.39027228815607
8,8,19,dm_re,28.535918676631745
8,8,20,dm_re,9.226989919612029
8,8,21,dm_re,4.0638979040366
8,8,22,dm_re,1.972322304956062e-06
8,8,23,dm_re,2.1132210036756714e-06
8,9,0,dm_re,1.075097158654656e-06
8,9,1,dm_re,1.2317386683965102e-06
8,9,2,dm_re,1.34173263163364e-06
8,9,3,dm_re,1.4052276911505547e-06
8,9,4,dm_re,1.46777669903598e-06
8,9,5,dm_re,1.5420285930115807e-06
8,9,6,dm_re,1.2908297537063804
8,9,7,dm_re,17.948591556729145
8,9,8,dm_re,13.898486370715105
8,9,9,dm_re,13.58601667554049
8,9,10,dm_re,15.975503014368963
8,9,11,dm_re,16.454181071805092
8,9,12,dm_re,30.230692857752107
8,9,13,dm_re,1.1344033757067636e-06
8,9,14,dm_re,31.205057184722865
8,9,15,dm_re,94.90151173803036
8,9,16,dm_re,86.53959394823286
8,9,17,dm_re,73.51346221254182
8,9,18,dm_re,49.78245734366725
8,9,19,dm_re,6.467949556049399
8,9,20,dm_re,3.4365152696829995
8,9,21,dm_re,6.217228356333105e-06
8,9,22,dm_re,1.982089399862551e-06
8,9,23,dm_re,2.1137991493100236e-06
8,0,SUM,dm_re,496.0333011308582
8,1,SUM,dm_re,446.2056296948274
8,2,SUM,dm_re,725.4037314346176
8,3,SUM,dm_re,803.9086844617291
8,4,SUM,dm_re,375.0585059880173
8,5,SUM,dm_re,716.7306609263471
8,6,SUM,dm_re,672.9283892646248
8,7,SUM,dm_re,506.05506575468956
8,8,SUM,dm_re,568.5529054271746
8,9,SUM,dm_re,455.23086806466654
8,0,0,x_hol,7.785160910627364e-11
8,0,1,x_hol,8.987724713155311e-11
8,0,2,x_hol,9.708846727129333e-11
8,0,3,x_hol,1.0348638181100605e-10
8,0,4,x_hol,1.1172853387729811e-10
8,0,5,x_hol,1.2633493455497252e-10
8,0,6,x_hol,2.2141053897042157e-10
8,0,7,x_hol,3.066987724221306e-10
8,0,8,x_hol,273.56234722233813
8,0,9,x_hol,230.15891400373187
8,0,10,x_hol,361.88337681185106
8,0,11,x_hol,354.30333306673225
8,0,12,x_hol,334.05100893168685
8,0,13,x_hol,0.0
8,0,14,x_hol,137.76888003821898
8,0,15,x_hol,143.03953396564648
8,0,16,x_hol,174.174310470141
8,0,17,x_hol,183.7253261106001
8,0,18,x_hol,221.12820039744426
8,0,19,x_hol,32.65268083945079
8,0,20,x_hol,47.41363209639522
8,0,21,x_hol,0.7007688417810367
8,0,22,x_hol,1.6585271379521165e-08
8,0,23,x_hol,1.4171993405441043e-07
8,1,0,x_hol,7.785157830714241e-11
8,1,1,x_hol,8.987691609660971e-11
8,1,2,x_hol,9.708626633427297e-11
8,1,3,x_hol,1.0347613772446121e-10
8,1,4,x_hol,1.1171227039269784e-10
8,1,5,x_hol,1.2632684539994265e-10
8,1,6,x_hol,2.1979419523388676e-10
8,1,7,x_hol,3.014747906042928e-10
8,1,8,x_hol,89.21442875697726
8,1,9,x_hol,155.5322926024873
8,1,10,x_hol,185.27151375145345
8,1,11,x_hol,190.6255605730667
8,1,12,x_hol,182.45060379338256
8,1,13,x_hol,0.0
8,1,14,x_hol,383.4672755667068
8,1,15,x_hol,455.2763586340388
8,1,16,x_hol,202.78235020248502
8,1,17,x_hol,180.45506884593857
8,1,18,x_hol,316.42562042899976
8,1,19,x_hol,136.48151538851724
8,1,20,x_hol,57.14710619699776
8,1,21,x_hol,4.016559528376318
8,1,22,x_hol,1.7296470274512955e-08
8,1,23,x_hol,1.3955024345495692e-07
8,2,0,x_hol,7.785135816789765e-11
8,2,1,x_hol,8.987343182213493e-11
8,2,2,x_hol,9.704632355878291e-11
8,2,3,x_hol,1.0344346789783561e-10
8,2,4,x_hol,1.1167902635694504e-10
8,2,5,x_hol,1.2623943431994715e-10
8,2,6,x_hol,2.1213199770279313e-10
8,2,7,x_hol,2.815093333822328e-10
8,2,8,x_hol,1.1756255597324211e-08
8,2,9,x_hol,203.90001301838825
8,2,10,x_hol,228.7231669794995
8,2,11,x_hol,187.82331390336276
8,2,12,x_hol,289.1142113910805
8,2,13,x_hol,0.0
8,2,14,x_hol,216.7937168992702
8,2,15,x_hol,646.2276639502725
8,2,16,x_hol,736.5512680461719
8,2,17,x_hol,517.4079737451556
8,2,18,x_hol,870.7341561736209
8,2,19,x_hol,490.5546335691022
8,2,20,x_hol,118.70467991823588
8,2,21,x_hol,141.35965494563834
8,2,22,x_hol,1.760105112859074e-08
8,2,23,x_hol,1.378951483805415e-07
8,3,0,x_hol,7.785145697144476e-11
8,3,1,x_hol,8.987504304075442e-11
8,3,2,x_hol,9.706563030910414e-11
8,3,3,x_hol,1.0345599699791561e-10
8,3,4,x_hol,1.1169335660995143e-10
8,3,5,x_hol,1.2628301940116015e-10
8,3,6,x_hol,2.179956782668295e-10
8,3,7,x_hol,2.8364438262806885e-10
8,3,8,x_hol,5.0088324412228035e-08
8,3,9,x_hol,41.02884167359618
8,3,10,x_hol,108.34402928436714
8,3,11,x_hol,331.0675890501945
8,3,12,x_hol,863.3890782903011
8,3,13,x_hol,0.0
8,3,14,x_hol,444.66769717957555
8,3,15,x_hol,1193.3974960430196
8,3,16,x_hol,1212.3447810420535
8,3,17,x_hol,966.2694444810247
8,3,18,x_hol,628.7500930219649
8,3,19,x_hol,323.0879348734369
8,3,20,x_hol,315.6718386183783
8,3,21,x_hol,10.543873868723049
8,3,22,x_hol,1.6915841653790533e-08
8,3,23,x_hol,1.459191522774054e-07
8,4,0,x_hol,7.78513886629545e-11
8,4,1,x_hol,8.987396534719975e-11
8,4,2,x_hol,9.705149968039379e-11
8,4,3,x_hol,1.0345041159927407e-10
8,4,4,x_hol,1.1168434200597542e-10
8,4,5,x_hol,1.2625016393650874e-10
8,4,6,x_hol,2.1252009978370482e-10
8,4,7,x_hol,2.998410669021603e-10
8,4,8,x_hol,30.705626858567964
8,4,9,x_hol,64.80323932256435
8,4,10,x_hol,52.56532341223652
8,4,11,x_hol,83.18584878654765
8,4,12,x_hol,66.72329760493193
8,4,13,x_hol,0.0
8,4,14,x_hol,215.1934016981592
8,4,15,x_hol,549.4040584834412
8,4,16,x_hol,632.8489480789066
8,4,17,x_hol,185.0483271432576
8,4,18,x_hol,65.03398609421194
8,4,19,x_hol,141.42393369721106
8,4,20,x_hol,36.19988418634758
8,4,21,x_hol,0.06313944032889213
8,4,22,x_hol,1.6792977863495575e-08
8,4,23,x_hol,1.455127059560854e-07
8,5,0,x_hol,7.785145418755025e-11
8,5,1,x_hol,8.987499220515981e-11
8,5,2,x_hol,9.706500274294645e-11
8,5,3,x_hol,1.0345230659604969e-10
8,5,4,x_hol,1.1168651865031947e-10
8,5,5,x_hol,1.2628163640605393e-10
8,5,6,x_hol,2.1820626855385e-10
8,5,7,x_hol,2.8432635494507597e-10
8,5,8,x_hol,98.76767801516091
8,5,9,x_hol,65.81689532632232
8,5,10,x_hol,115.9713839737093
8,5,11,x_hol,186.49689717441257
8,5,12,x_hol,457.27559932653173
8,5,13,x_hol,0.0
8,5,14,x_hol,776.8921198126345
8,5,15,x_hol,1602.477329451576
8,5,16,x_hol,1154.534364153855
8,5,17,x_hol,454.092579426407
8,5,18,x_hol,616.2572133871956
8,5,19,x_hol,343.2384880415412
8,5,20,x_hol,175.88445185455086
8,5,21,x_hol,2.94079257167006
8,5,22,x_hol,1.722319692442792e-08
8,5,23,x_hol,1.4195364908533065e-07
8,6,0,x_hol,7.785153083518617e-11
8,6,1,x_hol,8.98759117210711e-11
8,6,2,x_hol,9.70748060056834e-11
8,6,3,x_hol,1.0347022895589995e-10
8,6,4,x_hol,1.1171060854448815e-10
8,6,5,x_hol,1.263023981631698e-10
8,6,6,x_hol,2.1935709626158233e-10
8,6,7,x_hol,3.003733998767668e-10
8,6,8,x_hol,164.04919580795504
8,6,9,x_hol,273.71038278299795
8,6,10,x_hol,249.8547407901966
8,6,11,x_hol,245.5574580313117
8,6,12,x_hol,222.88823823509705
8,6,13,x_hol,0.0
8,6,14,x_hol,200.19762091795857
8,6,15,x_hol,358.4903398810759
8,6,16,x_hol,388.0293669842177
8,6,17,x_hol,411.4159575051006
8,6,18,x_hol,794.8353649677305
8,6,19,x_hol,220.4656677377336
8,6,20,x_hol,76.32421981714523
8,6,21,x_hol,3.7567390125100104
8,6,22,x_hol,1.6952877960957628e-08
8,6,23,x_hol,1.444677531020624e-07
8,7,0,x_hol,7.785139853970624e-11
8,7,1,x_hol,8.987439789105406e-11
8,7,2,x_hol,9.705794041432286e-11
8,7,3,x_hol,1.0344923886431991e-10
8,7,4,x_hol,1.116874830370712e-10
8,7,5,x_hol,1.2626864456034172e-10
8,7,6,x_hol,2.1780440944582747e-10
8,7,7,x_hol,2.833882068013475e-10
8,7,8,x_hol,18.22693843224912
8,7,9,x_hol,19.45160875621191
8,7,10,x_hol,53.96364051150472
8,7,11,x_hol,133.82644641275317
8,7,12,x_hol,366.8518103927818
8,7,13,x_hol,0.0
8,7,14,x_hol,179.99265599476163
8,7,15,x_hol,324.16175499600865
8,7,16,x_hol,640.4180944140479
8,7,17,x_hol,371.68400565612166
8,7,18,x_hol,358.59202886698694
8,7,19,x_hol,124.49064762132967
8,7,20,x_hol,110.51963541270283
8,7,21,x_hol,6.244102698618314
8,7,22,x_hol,1.650337469662239e-08
8,7,23,x_hol,1.4185037857751539e-07
8,8,0,x_hol,7.78514057335409e-11
8,8,1,x_hol,8.987407266216176e-11
8,8,2,x_hol,9.705236283456258e-11
8,8,3,x_hol,1.034505350316583e-10
8,8,4,x_hol,1.1168352515363049e-10
8,8,5,x_hol,1.2625218266803707e-10
8,8,6,x_hol,2.1252196482937642e-10
8,8,7,x_hol,2.971559272850943e-10
8,8,8,x_hol,43.06622273068385
8,8,9,x_hol,66.43088732569835
8,8,10,x_hol,85.87770338303112
8,8,11,x_hol,112.28973639937175
8,8,12,x_hol,204.39624992141995
8,8,13,x_hol,0.0
8,8,14,x_hol,316.23459279734334
8,8,15,x_hol,951.3082381311144
8,8,16,x_hol,827.9467428194129
8,8,17,x_hol,406.2046004380872
8,8,18,x_hol,238.32179495575238
8,8,19,x_hol,191.99532692939067
8,8,20,x_hol,141.10755181440308
8,8,21,x_hol,16.26325237710023
8,8,22,x_hol,1.6996426359963534e-08
8,8,23,x_hol,1.4288205426770183e-07
8,9,0,x_hol,7.785134137490604e-11
8,9,1,x_hol,8.987352481640797e-11
8,9,2,x_hol,9.70462007300262e-11
8,9,3,x_hol,1.0345413844824269e-10
8,9,4,x_hol,1.1169016376095094e-10
8,9,5,x_hol,1.262410978978553e-10
8,9,6,x_hol,2.1228530609959528e-10
8,9,7,x_hol,2.82772245496309e-10
8,9,8,x_hol,71.03090467487858
8,9,9,x_hol,79.53762863008556
8,9,10,x_hol,75.48413322010082
8,9,11,x_hol,125.89253435038171
8,9,12,x_hol,128.62555309025817
8,9,13,x_hol,0.0
8,9,14,x_hol,266.2997031193153
8,9,15,x_hol,478.7756431421668
8,9,16,x_hol,458.697099916396
8,9,17,x_hol,350.1545875428628
8,9,18,x_hol,195.43368942913895
8,9,19,x_hol,32.51572120814695
8,9,20,x_hol,62.566762441987066
8,9,21,x_hol,7.516871935778251e-06
8,9,22,x_hol,1.6884133238887802e-08
8,9,23,x_hol,1.4247316510192355e-07
8,0,SUM,x_hol,2494.562312955458
8,1,SUM,x_hol,2539.146254427402
8,2,SUM,x_hol,4647.894452708151
8,3,SUM,x_hol,6438.562697640666
8,4,SUM,x_hol,2123.1990149701364
8,5,SUM,x_hol,6050.645792675852
8,6,SUM,x_hol,3609.575292633577
8,7,SUM,x_hol,2708.4233703255395
8,8,SUM,x_hol,3601.442900183804
8,9,SUM,x_hol,2325.013968443049
8,0,0,yp_hol,5.354191252279011e-09
8,0,1,yp_hol,5.941661305625768e-09
8,0,2,yp_hol,6.534403269958759e-09
8,0,3,yp_hol,7.385007793972846e-09
8,0,4,yp_hol,7.51874037932308e-09
8,0,5,yp_hol,9.587210599718793e-09
8,0,6,yp_hol,2.70027102694425
8,0,7,yp_hol,12.676516021120033
8,0,8,yp_hol,6.561931009077549
8,0,9,yp_hol,0.8634070889600225
8,0,10,yp_hol,0.545151300242411
8,0,11,yp_hol,2.5993854241968485e-08
8,0,12,yp_hol,22.713901537612973
8,0,13,yp_hol,288.51747892495837
8,0,14,yp_hol,22.047882056556222
8,0,15,yp_hol,2.282238031165073e-06
8,0,16,yp_hol,0.0020359707757334725
8,0,17,yp_hol,3.3672857499054607
8,0,18,yp_hol,0.7613273472608992
8,0,19,yp_hol,0.19290679281539044
8,0,20,yp_hol,0.6046944260392079
8,0,21,yp_hol,6.597864120030929
8,0,22,yp_hol,7.8550939453067485
8,0,23,yp_hol,1.2892368654986646
8,1,0,yp_hol,5.3541917041434596e-09
8,1,1,yp_hol,5.941654546966113e-09
8,1,2,yp_hol,6.5342848900540455e-09
8,1,3,yp_hol,7.384651922374898e-09
8,1,4,yp_hol,7.518143660051601e-09
8,1,5,yp_hol,9.586998424623196e-09
8,1,6,yp_hol,0.4946235078566057
8,1,7,yp_hol,3.473991181991439
8,1,8,yp_hol,0.8127838788631254
8,1,9,yp_hol,0.3404358641373858
8,1,10,yp_hol,0.0016543802751026646
8,1,11,yp_hol,0.9774684996033219
8,1,12,yp_hol,8.762947564388218
8,1,13,yp_hol,492.9019842962706
8,1,14,yp_hol,81.26730864326538
8,1,15,yp_hol,9.452640266984751
8,1,16,yp_hol,0.008127360896494218
8,1,17,yp_hol,1.608180818942202
8,1,18,yp_hol,0.8638261497018374
8,1,19,yp_hol,0.8279505888728917
8,1,20,yp_hol,0.9461314753467661
8,1,21,yp_hol,5.76627671811031
8,1,22,yp_hol,7.522331364499789
8,1,23,yp_hol,1.421816838842872
8,2,0,yp_hol,5.354182269366294e-09
8,2,1,yp_hol,5.941523927642864e-09
8,2,2,yp_hol,6.5327576502216945e-09
8,2,3,yp_hol,7.383258122202152e-09
8,2,4,yp_hol,7.516993953733505e-09
8,2,5,yp_hol,9.584129410582287e-09
8,2,6,yp_hol,8.312252800152457e-08
8,2,7,yp_hol,1.074767277737621e-07
8,2,8,yp_hol,1.1219984976671394e-07
8,2,9,yp_hol,0.3052524662310406
8,2,10,yp_hol,0.002223333776365409
8,2,11,yp_hol,2.555692252617663e-08
8,2,12,yp_hol,5.654744101005544
8,2,13,yp_hol,424.2372065326118
8,2,14,yp_hol,70.60744751082895
8,2,15,yp_hol,1.8306647235530702
8,2,16,yp_hol,11.652294223940295
8,2,17,yp_hol,28.540417778748953
8,2,18,yp_hol,49.47175959730277
8,2,19,yp_hol,5.717297099918214
8,2,20,yp_hol,3.2929226679291306
8,2,21,yp_hol,7.46123387291926
8,2,22,yp_hol,16.793705286366254
8,2,23,yp_hol,3.099141936823703
8,3,0,yp_hol,5.354185973833435e-09
8,3,1,yp_hol,5.9415767273654485e-09
8,3,2,yp_hol,6.5335728852535265e-09
8,3,3,yp_hol,7.383776314301506e-09
8,3,4,yp_hol,7.517516480684814e-09
8,3,5,yp_hol,9.585720674351584e-09
8,3,6,yp_hol,0.16574088111611926
8,3,7,yp_hol,3.478384417913591
8,3,8,yp_hol,0.13434599504389408
8,3,9,yp_hol,3.8248751468374495e-08
8,3,10,yp_hol,1.7876292156758556e-08
8,3,11,yp_hol,0.2981538134857632
8,3,12,yp_hol,65.297569646392
8,3,13,yp_hol,736.9267909309114
8,3,14,yp_hol,107.57172769145421
8,3,15,yp_hol,43.12077909998845
8,3,16,yp_hol,40.85670823339418
8,3,17,yp_hol,39.45758288886244
8,3,18,yp_hol,26.104473846687092
8,3,19,yp_hol,2.6833497046070964
8,3,20,yp_hol,6.954117481115701
8,3,21,yp_hol,20.53238774438166
8,3,22,yp_hol,24.91359974729338
8,3,23,yp_hol,5.4826666144308716
8,4,0,yp_hol,5.354183041374373e-09
8,4,1,yp_hol,5.9415427528806095e-09
8,4,2,yp_hol,6.532976454223805e-09
8,4,3,yp_hol,7.383602627647094e-09
8,4,4,yp_hol,7.517174040475093e-09
8,4,5,yp_hol,9.584603496954419e-09
8,4,6,yp_hol,8.332074067452327e-08
8,4,7,yp_hol,1.9143011715908245
8,4,8,yp_hol,0.27673700152537445
8,4,9,yp_hol,3.880802584247013e-08
8,4,10,yp_hol,1.808033881755336e-08
8,4,11,yp_hol,0.008543028224729864
8,4,12,yp_hol,0.2172392819458974
8,4,13,yp_hol,101.58067049469382
8,4,14,yp_hol,34.89003758829926
8,4,15,yp_hol,4.248725485215507
8,4,16,yp_hol,8.241255214777345
8,4,17,yp_hol,2.2435730624006065
8,4,18,yp_hol,0.002209874277263568
8,4,19,yp_hol,0.033973351116659646
8,4,20,yp_hol,0.9915210219494377
8,4,21,yp_hol,3.2776610326422086
8,4,22,yp_hol,4.087059723909514
8,4,23,yp_hol,0.7480726075958646
8,5,0,yp_hol,5.3541858336812436e-09
8,5,1,yp_hol,5.941585652411942e-09
8,5,2,yp_hol,6.533464493055557e-09
8,5,3,yp_hol,7.383721496235702e-09
8,5,4,yp_hol,7.517299218878809e-09
8,5,5,yp_hol,9.585579908167886e-09
8,5,6,yp_hol,0.6682624443238501
8,5,7,yp_hol,3.1472142821863285
8,5,8,yp_hol,8.072985620520758
8,5,9,yp_hol,3.827625080350087e-08
8,5,10,yp_hol,1.790793500024742e-08
8,5,11,yp_hol,2.3453446577783046e-08
8,5,12,yp_hol,16.75251558292037
8,5,13,yp_hol,1038.0971494226133
8,5,14,yp_hol,262.23875843458154
8,5,15,yp_hol,201.07423029032864
8,5,16,yp_hol,40.6732778526179
8,5,17,yp_hol,6.698524379631603
8,5,18,yp_hol,6.075006434570992
8,5,19,yp_hol,3.941730384074865
8,5,20,yp_hol,3.1622400225362237
8,5,21,yp_hol,18.179724857077666
8,5,22,yp_hol,25.47312112468688
8,5,23,yp_hol,4.265138050870359
8,6,0,yp_hol,5.354188199882971e-09
8,6,1,yp_hol,5.94161364055698e-09
8,6,2,yp_hol,6.533859848661705e-09
8,6,3,yp_hol,7.384453403177752e-09
8,6,4,yp_hol,7.518085694417322e-09
8,6,5,yp_hol,9.586443492865254e-09
8,6,6,yp_hol,0.5365489046013038
8,6,7,yp_hol,3.7097742626869668
8,6,8,yp_hol,4.490047437564378
8,6,9,yp_hol,1.0848530843133484
8,6,10,yp_hol,1.8035935820334422e-08
8,6,11,yp_hol,0.46501216271878454
8,6,12,yp_hol,2.793617357021349
8,6,13,yp_hol,290.0268954142438
8,6,14,yp_hol,62.30036018946174
8,6,15,yp_hol,0.012486670669748496
8,6,16,yp_hol,0.007082676928036827
8,6,17,yp_hol,16.43704998022847
8,6,18,yp_hol,12.821570352159462
8,6,19,yp_hol,1.7870109441312116
8,6,20,yp_hol,0.7483905473769366
8,6,21,yp_hol,9.045224101363209
8,6,22,yp_hol,12.518028039083259
8,6,23,yp_hol,2.375235695621586
8,7,0,yp_hol,5.35418342761408e-09
8,7,1,yp_hol,5.941553137001843e-09
8,7,2,yp_hol,6.533262337999102e-09
8,7,3,yp_hol,7.383553117931475e-09
8,7,4,yp_hol,7.517329664705427e-09
8,7,5,yp_hol,9.585084589141607e-09
8,7,6,yp_hol,0.11323023850119669
8,7,7,yp_hol,1.2229472292147703
8,7,8,yp_hol,0.1087013622418211
8,7,9,yp_hol,0.0035337108922883563
8,7,10,yp_hol,1.7912188416777998e-08
8,7,11,yp_hol,0.008556752918676531
8,7,12,yp_hol,14.17473083288906
8,7,13,yp_hol,299.47643008517406
8,7,14,yp_hol,60.05093481863544
8,7,15,yp_hol,2.932139506417855
8,7,16,yp_hol,4.991126466663257
8,7,17,yp_hol,6.582247744898046
8,7,18,yp_hol,0.8191220280278863
8,7,19,yp_hol,0.26640907951409987
8,7,20,yp_hol,1.3450280551603058
8,7,21,yp_hol,5.205157846792827
8,7,22,yp_hol,8.127884723522067
8,7,23,yp_hol,1.3970857362137432
8,8,0,yp_hol,5.354183793909117e-09
8,8,1,yp_hol,5.941560038984825e-09
8,8,2,yp_hol,6.532930895587381e-09
8,8,3,yp_hol,7.383565939161367e-09
8,8,4,yp_hol,7.51717382467734e-09
8,8,5,yp_hol,9.584620421313277e-09
8,8,6,yp_hol,8.326521253745707e-08
8,8,7,yp_hol,5.876471959990379
8,8,8,yp_hol,0.2724889969977714
8,8,9,yp_hol,0.013157344410311005
8,8,10,yp_hol,1.7956753209481717e-08
8,8,11,yp_hol,2.3655415527681004e-08
8,8,12,yp_hol,3.8131407964706536
8,8,13,yp_hol,337.44684456603284
8,8,14,yp_hol,136.98664516039736
8,8,15,yp_hol,22.291674185649814
8,8,16,yp_hol,16.007763956804308
8,8,17,yp_hol,12.300808644442572
8,8,18,yp_hol,0.04096533431706395
8,8,19,yp_hol,2.3830671028007697
8,8,20,yp_hol,2.9683474145576327
8,8,21,yp_hol,7.135357995724678
8,8,22,yp_hol,12.488777626019964
8,8,23,yp_hol,1.5115645261569537
8,9,0,yp_hol,5.354181172152323e-09
8,9,1,yp_hol,5.941528195314114e-09
8,9,2,yp_hol,6.5327698199028174e-09
8,9,3,yp_hol,7.383760205126552e-09
8,9,4,yp_hol,7.517309371758585e-09
8,9,5,yp_hol,9.584098733954909e-09
8,9,6,yp_hol,8.21386488648268e-08
8,9,7,yp_hol,0.9060254932606384
8,9,8,yp_hol,0.6697805384843624
8,9,9,yp_hol,0.021048247508338308
8,9,10,yp_hol,1.789071761397081e-08
8,9,11,yp_hol,0.008797889412933255
8,9,12,yp_hol,1.353808723018864
8,9,13,yp_hol,205.41518033408474
8,9,14,yp_hol,54.222558040110755
8,9,15,yp_hol,4.724216137833715
8,9,16,yp_hol,0.0526008311974135
8,9,17,yp_hol,6.838190815984725
8,9,18,yp_hol,0.42486270048850444
8,9,19,yp_hol,0.2162703924063875
8,9,20,yp_hol,0.9908913858790879
8,9,21,yp_hol,5.9388414098117845
8,9,22,yp_hol,8.553090177778575
8,9,23,yp_hol,1.510575646628933
8,0,SUM,yp_hol,377.29698653365796
8,1,SUM,yp_hol,617.450479441169
8,2,SUM,yp_hol,628.6663115026244
8,3,SUM,yp_hol,1123.9783788355194
8,4,SUM,yp_hol,162.76158012268752
8,5,SUM,yp_hol,1638.5198793054947
8,6,SUM,yp_hol,421.1591878805281
8,7,SUM,yp_hol,406.8252662779045
8,8,SUM,yp_hol,561.5370757779644
8,9,SUM,yp_hol,291.84673890623276
8,0,0,ym_hol,7.521612994386657e-08
8,0,1,ym_hol,8.272021009621506e-08
8,0,2,ym_hol,9.181094064097235e-07
8,0,3,ym_hol,3.304714852770674
8,0,4,ym_hol,11.272075786634632
8,0,5,ym_hol,0.04217474311355287
8,0,6,ym_hol,1.861068662210672e-08
8,0,7,ym_hol,1.2108828281092128e-08
8,0,8,ym_hol,7.271959820134418e-09
8,0,9,ym_hol,7.304596913410911e-09
8,0,10,ym_hol,6.5187298182906874e-09
8,0,11,ym_hol,1.7200119657129098
8,0,12,ym_hol,0.5437796809591791
8,0,13,ym_hol,3.6236722491132467e-09
8,0,14,ym_hol,6.166752485411489e-09
8,0,15,ym_hol,0.5375636589247246
8,0,16,ym_hol,0.45028252001346464
8,0,17,ym_hol,1.1831630783342506
8,0,18,ym_hol,0.9930153929111043
8,0,19,ym_hol,1.8400991664998517e-08
8,0,20,ym_hol,0.968180969313518
8,0,21,ym_hol,0.014324445535774485
8,0,22,ym_hol,8.63000341066964e-09
8,0,23,ym_hol,1.1972891695896378e-08
8,1,0,ym_hol,7.521642764641068e-08
8,1,1,ym_hol,8.272447533389599e-08
8,1,2,ym_hol,9.185041489126911e-07
8,1,3,ym_hol,4.359547279270881
8,1,4,ym_hol,11.587904132717037
8,1,5,ym_hol,0.11480898343757344
8,1,6,ym_hol,1.8722323675847858e-08
8,1,7,ym_hol,1.2220086118945906e-08
8,1,8,ym_hol,7.270925765583486e-09
8,1,9,ym_hol,6.963412575076723e-09
8,1,10,ym_hol,6.512449352374272e-09
8,1,11,ym_hol,0.09556593239435449
8,1,12,ym_hol,0.1385114187746411
8,1,13,ym_hol,3.6236722214700696e-09
8,1,14,ym_hol,5.89146830168728e-09
8,1,15,ym_hol,5.65582369924402
8,1,16,ym_hol,2.569490009562269
8,1,17,ym_hol,0.5388102331674007
8,1,18,ym_hol,5.649670323944378
8,1,19,ym_hol,0.35393710176079407
8,1,20,ym_hol,0.6327917207425846
8,1,21,ym_hol,0.07483216569785359
8,1,22,ym_hol,8.630075243255355e-09
8,1,23,ym_hol,1.1969132588399108e-08
8,2,0,ym_hol,7.521908928655601e-08
8,2,1,ym_hol,8.280475804274042e-08
8,2,2,ym_hol,2.439903991608989e-06
8,2,3,ym_hol,10.65790529346196
8,2,4,ym_hol,26.343792202678223
8,2,5,ym_hol,1.481942971387457
8,2,6,ym_hol,1.9764656820238583e-08
8,2,7,ym_hol,1.2789817745619514e-08
8,2,8,ym_hol,7.31830556910396e-09
8,2,9,ym_hol,6.951463425872094e-09
8,2,10,ym_hol,6.421716070409585e-09
8,2,11,ym_hol,1.2016813785252173e-08
8,2,12,ym_hol,0.7921506651272857
8,2,13,ym_hol,3.6236722245258183e-09
8,2,14,ym_hol,5.934265064796681e-09
8,2,15,ym_hol,17.421075778696146
8,2,16,ym_hol,18.667007674067907
8,2,17,ym_hol,7.1907391283218915
8,2,18,ym_hol,19.667448604494748
8,2,19,ym_hol,3.862503125049678
8,2,20,ym_hol,0.4518941613979585
8,2,21,ym_hol,3.3638693457916786
8,2,22,ym_hol,8.629377397716912e-09
8,2,23,ym_hol,1.1966133222537114e-08
8,3,0,ym_hol,7.521790266069287e-08
8,3,1,ym_hol,8.276802269021575e-08
8,3,2,ym_hol,1.679875500216906e-06
8,3,3,ym_hol,14.519879467059788
8,3,4,ym_hol,39.45981010993747
8,3,5,ym_hol,1.8045181248226865
8,3,6,ym_hol,1.900259982409805e-08
8,3,7,ym_hol,1.2712757740107912e-08
8,3,8,ym_hol,7.272130835056855e-09
8,3,9,ym_hol,6.938019941131747e-09
8,3,10,ym_hol,6.490370030397265e-09
8,3,11,ym_hol,0.027445184546158602
8,3,12,ym_hol,11.784698380084015
8,3,13,ym_hol,3.6236722208745174e-09
8,3,14,ym_hol,5.896117035519136e-09
8,3,15,ym_hol,56.67801412288718
8,3,16,ym_hol,66.16933900737698
8,3,17,ym_hol,37.75435413583893
8,3,18,ym_hol,8.1351647373558
8,3,19,ym_hol,0.8057699852163626
8,3,20,ym_hol,0.8525381733009489
8,3,21,ym_hol,0.2921655667096501
8,3,22,ym_hol,8.630252710293682e-09
8,3,23,ym_hol,1.198574576408136e-08
8,4,0,ym_hol,7.521871737624752e-08
8,4,1,ym_hol,8.279441460231291e-08
8,4,2,ym_hol,2.4231997538279326e-06
8,4,3,ym_hol,2.631512405690606
8,4,4,ym_hol,6.130621159563348
8,4,5,ym_hol,0.02784454718420525
8,4,6,ym_hol,1.9749119381094505e-08
8,4,7,ym_hol,1.229343214882377e-08
8,4,8,ym_hol,7.269045521618624e-09
8,4,9,ym_hol,7.29651942229219e-09
8,4,10,ym_hol,6.418833949182273e-09
8,4,11,ym_hol,0.007090895858261889
8,4,12,ym_hol,0.007553326131745069
8,4,13,ym_hol,3.6236722379064884e-09
8,4,14,ym_hol,5.918518779423134e-09
8,4,15,ym_hol,20.4843633309183
8,4,16,ym_hol,20.242420769666403
8,4,17,ym_hol,1.5836358323887598
8,4,18,ym_hol,0.09106905073372548
8,4,19,ym_hol,0.271247383318307
8,4,20,ym_hol,0.2989970317204379
8,4,21,ym_hol,0.003043555588185038
8,4,22,ym_hol,8.62994879112973e-09
8,4,23,ym_hol,1.1980475622613665e-08
8,5,0,ym_hol,7.521793899638127e-08
8,5,1,ym_hol,8.276908883833839e-08
8,5,2,ym_hol,1.6798889308566708e-06
8,5,3,ym_hol,16.818648193454894
8,5,4,ym_hol,38.10521698190062
8,5,5,ym_hol,0.8460891980888379
8,5,6,ym_hol,1.8970784271920197e-08
8,5,7,ym_hol,1.2717249438826668e-08
8,5,8,ym_hol,7.274652766842704e-09
8,5,9,ym_hol,7.291806150387212e-09
8,5,10,ym_hol,6.500669609896377e-09
8,5,11,ym_hol,0.0045094392907871934
8,5,12,ym_hol,1.0613093956428037
8,5,13,ym_hol,3.623672219539269e-09
8,5,14,ym_hol,6.1795478339683244e-09
8,5,15,ym_hol,122.92314006939036
8,5,16,ym_hol,50.92184310024166
8,5,17,ym_hol,4.978495301439375
8,5,18,ym_hol,12.724619330402117
8,5,19,ym_hol,0.46957466248894436
8,5,20,ym_hol,0.9110453800992225
8,5,21,ym_hol,0.09505213072313128
8,5,22,ym_hol,8.630146651039754e-09
8,5,23,ym_hol,1.1977665457144253e-08
8,6,0,ym_hol,7.521708521011636e-08
8,6,1,ym_hol,8.275126484468937e-08
8,6,2,ym_hol,1.6779554211617558e-06
8,6,3,ym_hol,6.266084551984107
8,6,4,ym_hol,17.71940815995192
8,6,5,ym_hol,0.4695042498769482
8,6,6,ym_hol,1.8853491971344797e-08
8,6,7,ym_hol,1.2279851376424268e-08
8,6,8,ym_hol,7.2732539173331726e-09
8,6,9,ym_hol,7.30540319614121e-09
8,6,10,ym_hol,6.423634909451864e-09
8,6,11,ym_hol,0.27893519330664057
8,6,12,ym_hol,0.00227593703698797
8,6,13,ym_hol,3.6236722264924345e-09
8,6,14,ym_hol,5.931444467424562e-09
8,6,15,ym_hol,4.9894463374125
8,6,16,ym_hol,6.660465133869239
8,6,17,ym_hol,7.529055862930014
8,6,18,ym_hol,29.742872785118806
8,6,19,ym_hol,0.033719323986152745
8,6,20,ym_hol,1.0643110460068812
8,6,21,ym_hol,0.12713991462286064
8,6,22,ym_hol,8.63014241601842e-09
8,6,23,ym_hol,1.1980035554581156e-08
8,7,0,ym_hol,7.521856983387644e-08
8,7,1,ym_hol,8.278184311700597e-08
8,7,2,ym_hol,1.6807068948162269e-06
8,7,3,ym_hol,4.2366079221694335
8,7,4,ym_hol,11.424059163516285
8,7,5,ym_hol,0.07046576490059572
8,7,6,ym_hol,1.904221016237297e-08
8,7,7,ym_hol,1.2742698875847987e-08
8,7,8,ym_hol,7.253581563820351e-09
8,7,9,ym_hol,6.941549718309706e-09
8,7,10,ym_hol,6.411809973138289e-09
8,7,11,ym_hol,1.07290163402251e-08
8,7,12,ym_hol,2.0467768477233004
8,7,13,ym_hol,3.6236722373724072e-09
8,7,14,ym_hol,6.149489252829194e-09
8,7,15,ym_hol,3.9255090156210333
8,7,16,ym_hol,15.794176687258828
8,7,17,ym_hol,7.531122849369013
8,7,18,ym_hol,5.1006754541147385
8,7,19,ym_hol,0.11330408683409092
8,7,20,ym_hol,0.4517721215807226
8,7,21,ym_hol,0.12406449321579516
8,7,22,ym_hol,8.62982725886378e-09
8,7,23,ym_hol,1.197241541535203e-08
8,8,0,ym_hol,7.521855463156362e-08
8,8,1,ym_hol,8.279289917108746e-08
8,8,2,ym_hol,2.438056818064141e-06
8,8,3,ym_hol,6.746370314601705
8,8,4,ym_hol,17.30194093041046
8,8,5,ym_hol,0.2938569775681779
8,8,6,ym_hol,1.972883716262779e-08
8,8,7,ym_hol,1.238923467918855e-08
8,8,8,ym_hol,7.259432259961858e-09
8,8,9,ym_hol,6.9514044140080145e-09
8,8,10,ym_hol,6.40947475012676e-09
8,8,11,ym_hol,9.363199148966429e-09
8,8,12,ym_hol,0.36339893627848247
8,8,13,ym_hol,3.623672223777105e-09
8,8,14,ym_hol,5.9393931850669645e-09
8,8,15,ym_hol,37.090143527833966
8,8,16,ym_hol,26.757988887696186
8,8,17,ym_hol,6.871453035245396
8,8,18,ym_hol,1.3912085255548885
8,8,19,ym_hol,0.03670433917726676
8,8,20,ym_hol,1.0492779823269887
8,8,21,ym_hol,0.7785690589722827
8,8,22,ym_hol,8.629847510050706e-09
8,8,23,ym_hol,1.1976151847781421e-08
8,9,0,ym_hol,7.521924110505193e-08
8,9,1,ym_hol,8.280395517680612e-08
8,9,2,ym_hol,2.439700737649213e-06
8,9,3,ym_hol,5.201798217774419
8,9,4,ym_hol,12.780494170786172
8,9,5,ym_hol,0.45873743358207414
8,9,6,ym_hol,1.9749518504395342e-08
8,9,7,ym_hol,1.2768003728638576e-08
8,9,8,ym_hol,7.271391169182389e-09
8,9,9,ym_hol,6.943755405377963e-09
8,9,10,ym_hol,6.500029313187762e-09
8,9,11,ym_hol,0.0041379175645995915
8,9,12,ym_hol,0.0009706275249465062
8,9,13,ym_hol,3.6236722293319457e-09
8,9,14,ym_hol,5.909372964670955e-09
8,9,15,ym_hol,6.062138367094003
8,9,16,ym_hol,11.587655100964728
8,9,17,ym_hol,2.6359614319917792
8,9,18,ym_hol,1.1114460380095479
8,9,19,ym_hol,1.798024970111884e-08
8,9,20,ym_hol,0.7176577988954567
8,9,21,ym_hol,3.521144789291196e-07
8,9,22,ym_hol,8.629943441456832e-09
8,9,23,ym_hol,1.1974381833235028e-08
8,0,SUM,ym_hol,21.029288270878645
8,1,SUM,ym_hol,31.771694158962383
8,2,SUM,ym_hol,109.90033164381899
8,3,SUM,ym_hol,238.28369891554905
8,4,SUM,ym_hol,51.77940195315473
8,5,SUM,ym_hol,249.8595451042049
8,6,SUM,ym_hol,74.88322041432775
8,7,SUM,ym_hol,50.818536338507414
8,8,SUM,ym_hol,98.68091520400472
8,9,SUM,ym_hol,40.561000155376455
8,0,0,dp_hol,3.792505522711536e-07
8,0,1,dp_hol,4.3469115159378913e-07
8,0,2,dp_hol,4.757588917135564e-07
8,0,3,dp_hol,5.010440389879371e-07
8,0,4,dp_hol,5.238262777084514e-07
8,0,5,dp_hol,5.477482924191993e-07
8,0,6,dp_hol,6.563090415901983
8,0,7,dp_hol,63.06615472750474
8,0,8,dp_hol,39.9004456445967
8,0,9,dp_hol,43.14209804427483
8,0,10,dp_hol,76.78221667653784
8,0,11,dp_hol,60.125886328260094
8,0,12,dp_hol,51.62293286389377
8,0,13,dp_hol,4.001416530566557e-07
8,0,14,dp_hol,14.573217971293673
8,0,15,dp_hol,8.116099868361815
8,0,16,dp_hol,11.349906365196048
8,0,17,dp_hol,31.39185083112022
8,0,18,dp_hol,20.906809667555404
8,0,19,dp_hol,5.829247603676988
8,0,20,dp_hol,1.6474419439685724
8,0,21,dp_hol,0.42260657991163564
8,0,22,dp_hol,6.859395330325528e-07
8,0,23,dp_hol,7.447197546161585e-07
8,1,0,dp_hol,3.7924327519178337e-07
8,1,1,dp_hol,4.346160015124503e-07
8,1,2,dp_hol,4.752666247590469e-07
8,1,3,dp_hol,4.985443242823646e-07
8,1,4,dp_hol,5.200844809022334e-07
8,1,5,dp_hol,5.465210130449532e-07
8,1,6,dp_hol,0.9155109595855193
8,1,7,dp_hol,28.973469418308078
8,1,8,dp_hol,21.858608238925964
8,1,9,dp_hol,30.288255168360912
8,1,10,dp_hol,28.46376611152612
8,1,11,dp_hol,45.06325845148362
8,1,12,dp_hol,48.69125251152792
8,1,13,dp_hol,4.00142483828042e-07
8,1,14,dp_hol,62.01138740643646
8,1,15,dp_hol,81.57478629553981
8,1,16,dp_hol,15.02529282305092
8,1,17,dp_hol,35.80065579492919
8,1,18,dp_hol,27.056735249073085
8,1,19,dp_hol,14.192306830655298
8,1,20,dp_hol,3.1981161646900715
8,1,21,dp_hol,0.40743928104883476
8,1,22,dp_hol,7.129968859343197e-07
8,1,23,dp_hol,7.481235790106279e-07
8,2,0,dp_hol,3.7919175837696674e-07
8,2,1,dp_hol,4.338405868537348e-07
8,2,2,dp_hol,4.655668429870007e-07
8,2,3,dp_hol,4.916928889301794e-07
8,2,4,dp_hol,5.137510720303758e-07
8,2,5,dp_hol,5.332088784034518e-07
8,2,6,dp_hol,3.789451247494931e-07
8,2,7,dp_hol,3.35958237054905e-07
8,2,8,dp_hol,1.650379090343629
8,2,9,dp_hol,39.57082428551901
8,2,10,dp_hol,30.73358751270289
8,2,11,dp_hol,25.22911881907447
8,2,12,dp_hol,29.487912591584337
8,2,13,dp_hol,4.0014239823393647e-07
8,2,14,dp_hol,41.12078882774292
8,2,15,dp_hol,44.46522507183586
8,2,16,dp_hol,119.53245584125162
8,2,17,dp_hol,95.19316554750418
8,2,18,dp_hol,166.53384198910047
8,2,19,dp_hol,61.66396722906582
8,2,20,dp_hol,8.533852494436958
8,2,21,dp_hol,4.577748190011131
8,2,22,dp_hol,7.189463801594674e-07
8,2,23,dp_hol,7.473070826718621e-07
8,3,0,dp_hol,3.792148729145345e-07
8,3,1,dp_hol,4.341961908989859e-07
8,3,2,dp_hol,4.6965725049435936e-07
8,3,3,dp_hol,4.944961246701392e-07
8,3,4,dp_hol,5.169281920235918e-07
8,3,5,dp_hol,5.390271228157254e-07
8,3,6,dp_hol,0.15785672145734647
8,3,7,dp_hol,0.08402291916196578
8,3,8,dp_hol,8.291505165133824
8,3,9,dp_hol,14.30995595379468
8,3,10,dp_hol,21.241220857127733
8,3,11,dp_hol,32.611087046879476
8,3,12,dp_hol,124.36616972873591
8,3,13,dp_hol,4.0014247127535553e-07
8,3,14,dp_hol,57.30979397425247
8,3,15,dp_hol,175.00957743434677
8,3,16,dp_hol,213.6171388586682
8,3,17,dp_hol,138.09119695113483
8,3,18,dp_hol,154.07910964423326
8,3,19,dp_hol,41.27186006157905
8,3,20,dp_hol,27.529671439414013
8,3,21,dp_hol,3.406420496712506
8,3,22,dp_hol,6.955689053330728e-07
8,3,23,dp_hol,7.524647155938038e-07
8,4,0,dp_hol,3.791988862433952e-07
8,4,1,dp_hol,4.339598603925743e-07
8,4,2,dp_hol,4.667580488081225e-07
8,4,3,dp_hol,4.930076197625966e-07
8,4,4,dp_hol,5.145812504172756e-07
8,4,5,dp_hol,5.347462059480256e-07
8,4,6,dp_hol,3.9553076546711397e-07
8,4,7,dp_hol,8.600840238502197
8,4,8,dp_hol,9.512303786489207
8,4,9,dp_hol,9.004008649537303
8,4,10,dp_hol,7.645126954887692
8,4,11,dp_hol,11.785320272472065
8,4,12,dp_hol,7.902125364443907
8,4,13,dp_hol,4.001422481597323e-07
8,4,14,dp_hol,25.18823000892235
8,4,15,dp_hol,60.36844179672834
8,4,16,dp_hol,103.4674078576818
8,4,17,dp_hol,28.508286649482947
8,4,18,dp_hol,7.463055571342063
8,4,19,dp_hol,27.71867393914507
8,4,20,dp_hol,3.62277275276313
8,4,21,dp_hol,0.5980996228590036
8,4,22,dp_hol,6.887626304798568e-07
8,4,23,dp_hol,7.473380915732022e-07
8,5,0,dp_hol,3.792142239758302e-07
8,5,1,dp_hol,4.3418498918245617e-07
8,5,2,dp_hol,4.6953748194332733e-07
8,5,3,dp_hol,4.932988158107819e-07
8,5,4,dp_hol,5.149383150345978e-07
8,5,5,dp_hol,5.388786293751643e-07
8,5,6,dp_hol,0.8788707577766468
8,5,7,dp_hol,0.6314271664509117
8,5,8,dp_hol,47.57879013498969
8,5,9,dp_hol,16.511246122460108
8,5,10,dp_hol,26.590250523749614
8,5,11,dp_hol,20.483613455542994
8,5,12,dp_hol,67.63975046224678
8,5,13,dp_hol,4.001425089685208e-07
8,5,14,dp_hol,55.56545176290382
8,5,15,dp_hol,365.6696619267592
8,5,16,dp_hol,274.0217127528154
8,5,17,dp_hol,49.80594887937755
8,5,18,dp_hol,95.45174562061472
8,5,19,dp_hol,48.40382222785456
8,5,20,dp_hol,8.09467180433903
8,5,21,dp_hol,1.7575568772441463
8,5,22,dp_hol,7.037550269253178e-07
8,5,23,dp_hol,7.501846287588163e-07
8,6,0,dp_hol,3.7923222904899135e-07
8,6,1,dp_hol,4.3438912655973956e-07
8,6,2,dp_hol,4.7163600216044356e-07
8,6,3,dp_hol,4.975892213169905e-07
8,6,4,dp_hol,5.203313267415236e-07
8,6,5,dp_hol,5.41597414950107e-07
8,6,6,dp_hol,1.039532718883163
8,6,7,dp_hol,23.424966131566144
8,6,8,dp_hol,32.36348118200672
8,6,9,dp_hol,54.15501029822538
8,6,10,dp_hol,34.84989996871845
8,6,11,dp_hol,33.283470560911695
8,6,12,dp_hol,23.438707636943974
8,6,13,dp_hol,4.001423532024293e-07
8,6,14,dp_hol,33.78969016584973
8,6,15,dp_hol,35.098569990787574
8,6,16,dp_hol,23.587211683654118
8,6,17,dp_hol,64.22184403480223
8,6,18,dp_hol,126.4796103910674
8,6,19,dp_hol,25.147159610926632
8,6,20,dp_hol,4.008849269515139
8,6,21,dp_hol,0.9017847298399989
8,6,22,dp_hol,6.964665662479725e-07
8,6,23,dp_hol,7.468214860903593e-07
8,7,0,dp_hol,3.792011614580122e-07
8,7,1,dp_hol,4.3405376577522186e-07
8,7,2,dp_hol,4.680202331143843e-07
8,7,3,dp_hol,4.92701222220188e-07
8,7,4,dp_hol,5.151143233211308e-07
8,7,5,dp_hol,5.371900997438468e-07
8,7,6,dp_hol,0.09176779542097854
8,7,7,dp_hol,0.03018087303373401
8,7,8,dp_hol,6.040657551965868
8,7,9,dp_hol,7.997325208845834
8,7,10,dp_hol,9.574061480965913
8,7,11,dp_hol,19.35438765655728
8,7,12,dp_hol,63.602772591611746
8,7,13,dp_hol,4.0014226718880465e-07
8,7,14,dp_hol,36.26682316052214
8,7,15,dp_hol,59.76600958970629
8,7,16,dp_hol,100.63798925442917
8,7,17,dp_hol,47.73981770473927
8,7,18,dp_hol,45.23093813239077
8,7,19,dp_hol,17.953357638088583
8,7,20,dp_hol,11.133322912338151
8,7,21,dp_hol,0.6804198333758056
8,7,22,dp_hol,6.824493147949343e-07
8,7,23,dp_hol,7.457256798280527e-07
8,8,0,dp_hol,3.7920292710297563e-07
8,8,1,dp_hol,4.339838995284455e-07
8,8,2,dp_hol,4.6696026214272785e-07
8,8,3,dp_hol,4.929919554140868e-07
8,8,4,dp_hol,5.143492747287427e-07
8,8,5,dp_hol,5.350171069555112e-07
8,8,6,dp_hol,3.9479100835121147e-07
8,8,7,dp_hol,24.816610771278807
8,8,8,dp_hol,13.331504258757827
8,8,9,dp_hol,15.091472693578917
8,8,10,dp_hol,14.7479712107104
8,8,11,dp_hol,14.869291613994628
8,8,12,dp_hol,28.257673757152315
8,8,13,dp_hol,4.001424343747231e-07
8,8,14,dp_hol,54.49311025222359
8,8,15,dp_hol,144.27967970642794
8,8,16,dp_hol,140.70606190831663
8,8,17,dp_hol,48.24696770644196
8,8,18,dp_hol,27.612232834648236
8,8,19,dp_hol,26.989895674277328
8,8,20,dp_hol,9.378105759962498
8,8,21,dp_hol,0.8537742304357403
8,8,22,dp_hol,6.96287653266016e-07
8,8,23,dp_hol,7.496661641971128e-07
8,9,0,dp_hol,3.791877716929776e-07
8,9,1,dp_hol,4.3386243012030056e-07
8,9,2,dp_hol,4.656306513270052e-07
8,9,3,dp_hol,4.937309746934559e-07
8,9,4,dp_hol,5.157269643109433e-07
8,9,5,dp_hol,5.33555272966123e-07
8,9,6,dp_hol,3.8412082142745e-07
8,9,7,dp_hol,0.27905807165780167
8,9,8,dp_hol,14.598316548091939
8,9,9,dp_hol,11.921349264648898
8,9,10,dp_hol,14.014245085406934
8,9,11,dp_hol,20.25187052455053
8,9,12,dp_hol,15.710631431779028
8,9,13,dp_hol,4.001423507440885e-07
8,9,14,dp_hol,41.13365395194191
8,9,15,dp_hol,67.27304757013906
8,9,16,dp_hol,44.39421450634909
8,9,17,dp_hol,38.87247688947955
8,9,18,dp_hol,20.128188711254033
8,9,19,dp_hol,6.8800896500002855
8,9,20,dp_hol,6.5415602268339805
8,9,21,dp_hol,0.658318964170025
8,9,22,dp_hol,6.932233880415488e-07
8,9,23,dp_hol,7.492359468995561e-07
8,0,SUM,dp_hol,435.4400102251745
8,1,SUM,dp_hol,443.5208454206805
8,2,SUM,dp_hol,668.2928728887246
8,3,SUM,dp_hol,1011.376591934328
8,4,SUM,dp_hol,311.38469851928267
8,5,SUM,dp_hol,1079.0845251592598
8,6,SUM,dp_hol,515.7897930619041
8,7,SUM,dp_hol,426.0998360385896
8,8,SUM,dp_hol,563.6743574415996
8,9,SUM,dp_hol,302.65702644471963
8,0,0,dm_hol,3.791776795942596e-07
8,0,1,dm_hol,4.3368234894460653e-07
8,0,2,dm_hol,4.6450593904153263e-07
8,0,3,dm_hol,4.898955874276992e-07
8,0,4,dm_hol,5.1179443097753e-07
8,0,5,dm_hol,5.316555381889127e-07
8,0,6,dm_hol,0.10978685970621496
8,0,7,dm_hol,0.35721145192583525
8,0,8,dm_hol,45.38469009492025
8,0,9,dm_hol,46.37123539872748
8,0,10,dm_hol,54.2843670041827
8,0,11,dm_hol,56.7892964946313
8,0,12,dm_hol,52.0678612063543
8,0,13,dm_hol,4.001442140157866e-07
8,0,14,dm_hol,32.29671764786598
8,0,15,dm_hol,53.00829857126729
8,0,16,dm_hol,56.476574535605906
8,0,17,dm_hol,32.335382472630606
8,0,18,dm_hol,54.88372435810815
8,0,19,dm_hol,6.706201182722409
8,0,20,dm_hol,4.634854924221535
8,0,21,dm_hol,0.06413705748893217
8,0,22,dm_hol,7.070705466169491e-07
8,0,23,dm_hol,7.535291681581128e-07
8,1,0,dm_hol,3.7918480470951084e-07
8,1,1,dm_hol,4.337553280541626e-07
8,1,2,dm_hol,4.6495844981891647e-07
8,1,3,dm_hol,4.916492176118677e-07
8,1,4,dm_hol,5.141715734273239e-07
8,1,5,dm_hol,5.327647114707301e-07
8,1,6,dm_hol,0.33608838951491654
8,1,7,dm_hol,2.4262093329382868
8,1,8,dm_hol,14.956328131669554
8,1,9,dm_hol,25.92537529450599
8,1,10,dm_hol,33.07232689733125
8,1,11,dm_hol,29.29025630409849
8,1,12,dm_hol,25.80906043241802
8,1,13,dm_hol,4.0014337689766217e-07
8,1,14,dm_hol,49.88094383956677
8,1,15,dm_hol,87.3727574954732
8,1,16,dm_hol,55.86816373733603
8,1,17,dm_hol,36.92970486218964
8,1,18,dm_hol,59.68189930105644
8,1,19,dm_hol,20.380348664958866
8,1,20,dm_hol,3.8134975819788806
8,1,21,dm_hol,0.320330903322943
8,1,22,dm_hol,6.85938201336425e-07
8,1,23,dm_hol,7.476917511871197e-07
8,2,0,dm_hol,3.7923524749641506e-07
8,2,1,dm_hol,4.3450679593118574e-07
8,2,2,dm_hol,4.7315277491623536e-07
8,2,3,dm_hol,4.979414209730189e-07
8,2,4,dm_hol,5.198207140612095e-07
8,2,5,dm_hol,5.440390179460371e-07
8,2,6,dm_hol,2.2412727969120168
8,2,7,dm_hol,44.646988918289
8,2,8,dm_hol,26.95505842453934
8,2,9,dm_hol,37.2120286930374
8,2,10,dm_hol,31.0440881370148
8,2,11,dm_hol,29.745759134188905
8,2,12,dm_hol,47.17040307559663
8,2,13,dm_hol,4.0014346043200294e-07
8,2,14,dm_hol,33.03439907175673
8,2,15,dm_hol,146.0601846847662
8,2,16,dm_hol,96.27857173964101
8,2,17,dm_hol,66.45907074163479
8,2,18,dm_hol,92.26928949801238
8,2,19,dm_hol,57.51873360809141
8,2,20,dm_hol,5.844925457310137
8,2,21,dm_hol,7.191838397816632
8,2,22,dm_hol,6.941042531961208e-07
8,2,23,dm_hol,7.519769947748977e-07
8,3,0,dm_hol,3.792125883002284e-07
8,3,1,dm_hol,4.3415644612900104e-07
8,3,2,dm_hol,4.6872568097699617e-07
8,3,3,dm_hol,4.955736966343311e-07
8,3,4,dm_hol,5.175057432224358e-07
8,3,5,dm_hol,5.375970227645515e-07
8,3,6,dm_hol,1.1654242586549168
8,3,7,dm_hol,32.95021787228397
8,3,8,dm_hol,23.89965468776613
8,3,9,dm_hol,19.489634111040846
8,3,10,dm_hol,25.13991863508785
8,3,11,dm_hol,42.684451141494264
8,3,12,dm_hol,91.59115285581956
8,3,13,dm_hol,4.001433892444257e-07
8,3,14,dm_hol,55.686657198231
8,3,15,dm_hol,136.3047977821077
8,3,16,dm_hol,157.1133028441681
8,3,17,dm_hol,91.89756874162191
8,3,18,dm_hol,58.96967540974976
8,3,19,dm_hol,36.5973391013284
8,3,20,dm_hol,26.482711494502983
8,3,21,dm_hol,1.0921334746700984
8,3,22,dm_hol,6.960625164533818e-07
8,3,23,dm_hol,7.429237067986742e-07
8,4,0,dm_hol,3.79228269880457e-07
8,4,1,dm_hol,4.3439115770771575e-07
8,4,2,dm_hol,4.7214775996100417e-07
8,4,3,dm_hol,4.964805125176523e-07
8,4,4,dm_hol,5.187656541505932e-07
8,4,5,dm_hol,5.427383446501503e-07
8,4,6,dm_hol,0.45922398353141936
8,4,7,dm_hol,1.638466758555968
8,4,8,dm_hol,7.066725545085493
8,4,9,dm_hol,13.690823612024733
8,4,10,dm_hol,12.125498195548682
8,4,11,dm_hol,11.779757608643594
8,4,12,dm_hol,10.982600479187754
8,4,13,dm_hol,4.0014360889916586e-07
8,4,14,dm_hol,36.3026454290221
8,4,15,dm_hol,109.46928525237801
8,4,16,dm_hol,95.2010426510671
8,4,17,dm_hol,31.9632314245226
8,4,18,dm_hol,16.489786437693105
8,4,19,dm_hol,25.485035000603634
8,4,20,dm_hol,2.154418428934441
8,4,21,dm_hol,0.0134546478176349
8,4,22,dm_hol,7.029083874643505e-07
8,4,23,dm_hol,7.480452590516269e-07
8,5,0,dm_hol,3.792132226781887e-07
8,5,1,dm_hol,4.341673307942928e-07
8,5,2,dm_hol,4.688705784715678e-07
8,5,3,dm_hol,4.959765895164838e-07
8,5,4,dm_hol,5.182514938942127e-07
8,5,5,dm_hol,5.377460953296236e-07
8,5,6,dm_hol,1.7331645874895474
8,5,7,dm_hol,29.058931416836387
8,5,8,dm_hol,14.358183261607339
8,5,9,dm_hol,15.596625001089723
8,5,10,dm_hol,21.389405232401973
8,5,11,dm_hol,26.660054187008985
8,5,12,dm_hol,66.51556669255952
8,5,13,dm_hol,4.001433530954724e-07
8,5,14,dm_hol,84.28966862476449
8,5,15,dm_hol,112.67070904095306
8,5,16,dm_hol,133.31663280829753
8,5,17,dm_hol,68.80450160438053
8,5,18,dm_hol,94.9377747953772
8,5,19,dm_hol,35.79423270933597
8,5,20,dm_hol,9.140546169874163
8,5,21,dm_hol,0.3455812164840176
8,5,22,dm_hol,6.892428616902342e-07
8,5,23,dm_hol,7.450810900103472e-07
8,6,0,dm_hol,3.791955799174517e-07
8,6,1,dm_hol,4.3396760590994246e-07
8,6,2,dm_hol,4.6680158919439683e-07
8,6,3,dm_hol,4.929566450849853e-07
8,6,4,dm_hol,5.147183271943348e-07
8,6,5,dm_hol,5.3512321869684e-07
8,6,6,dm_hol,1.1609527111442992
8,6,7,dm_hol,3.85526004408767
8,6,8,dm_hol,24.08534699233072
8,6,9,dm_hol,51.27458917701042
8,6,10,dm_hol,41.57031213570423
8,6,11,dm_hol,34.958445018264825
8,6,12,dm_hol,43.429849011316804
8,6,13,dm_hol,4.001435038626945e-07
8,6,14,dm_hol,32.491102958290874
8,6,15,dm_hol,96.88076247580615
8,6,16,dm_hol,111.74824141507096
8,6,17,dm_hol,56.38505868775542
8,6,18,dm_hol,131.03315871871894
8,6,19,dm_hol,36.554319625830196
8,6,20,dm_hol,6.3782461201782406
8,6,21,dm_hol,0.4463203540563005
8,6,22,dm_hol,6.938660309123577e-07
8,6,23,dm_hol,7.508850013647055e-07
8,7,0,dm_hol,3.792260258966786e-07
8,7,1,dm_hol,4.3429595560981037e-07
8,7,2,dm_hol,4.7035749042753595e-07
8,7,3,dm_hol,4.96566945410257e-07
8,7,4,dm_hol,5.180863485338763e-07
8,7,5,dm_hol,5.394054192219748e-07
8,7,6,dm_hol,0.6489986999886922
8,7,7,dm_hol,11.767464095532358
8,7,8,dm_hol,10.142834960521245
8,7,9,dm_hol,6.360448298176294
8,7,10,dm_hol,13.448781414538944
8,7,11,dm_hol,19.231354347552248
8,7,12,dm_hol,54.421177080111974
8,7,13,dm_hol,4.001435931857883e-07
8,7,14,dm_hol,26.035681656424522
8,7,15,dm_hol,55.05130591686167
8,7,16,dm_hol,127.57404561317868
8,7,17,dm_hol,62.56915902461298
8,7,18,dm_hol,83.36922456779908
8,7,19,dm_hol,21.95949088283901
8,7,20,dm_hol,12.730007538160088
8,7,21,dm_hol,0.600661077125266
8,7,22,dm_hol,7.10252250956758e-07
8,7,23,dm_hol,7.500657008378863e-07
8,8,0,dm_hol,3.792243089875343e-07
8,8,1,dm_hol,4.3436763369230505e-07
8,8,2,dm_hol,4.7198171464488323e-07
8,8,3,dm_hol,4.963841395425208e-07
8,8,4,dm_hol,5.187819209277967e-07
8,8,5,dm_hol,5.42488349198228e-07
8,8,6,dm_hol,0.9068029902332426
8,8,7,dm_hol,4.954878990626608
8,8,8,dm_hol,14.489367362521675
8,8,9,dm_hol,12.587191554162194
8,8,10,dm_hol,16.56318001835453
8,8,11,dm_hol,15.541578037629716
8,8,12,dm_hol,38.35539307956623
8,8,13,dm_hol,4.00143424650976e-07
8,8,14,dm_hol,40.204515133774194
8,8,15,dm_hol,149.87055822224806
8,8,16,dm_hol,126.3231398411845
8,8,17,dm_hol,56.98181400627992
8,8,18,dm_hol,49.43910221816276
8,8,19,dm_hol,28.59489208401686
8,8,20,dm_hol,9.09369848362055
8,8,21,dm_hol,4.189709484080341
8,8,22,dm_hol,6.957522446927884e-07
8,8,23,dm_hol,7.455909373603413e-07
8,9,0,dm_hol,3.7923916425397323e-07
8,9,1,dm_hol,4.344867321829975e-07
8,9,2,dm_hol,4.7328899650683734e-07
8,9,3,dm_hol,4.956800555996829e-07
8,9,4,dm_hol,5.177412512642445e-07
8,9,5,dm_hol,5.43931544401756e-07
8,9,6,dm_hol,0.8849156390709833
8,9,7,dm_hol,18.25110178813009
8,9,8,dm_hol,13.78780220448087
8,9,9,dm_hol,13.48359459728606
8,9,10,dm_hol,16.004468728318017
8,9,11,dm_hol,16.376352464432877
8,9,12,dm_hol,30.37686510268186
8,9,13,dm_hol,4.0014350748662074e-07
8,9,14,dm_hol,31.229815919533724
8,9,15,dm_hol,94.93243980215112
8,9,16,dm_hol,86.43967664533855
8,9,17,dm_hol,73.5467193867247
8,9,18,dm_hol,49.86863253921272
8,9,19,dm_hol,6.459787576327225
8,9,20,dm_hol,3.4154585735005503
8,9,21,dm_hol,2.1913078073089406e-06
8,9,22,dm_hol,6.991930495215448e-07
8,9,23,dm_hol,7.457714940744134e-07
8,0,SUM,dm_hol,495.7703439318143
8,1,SUM,dm_hol,446.06329581861667
8,2,SUM,dm_hol,723.672617073528
8,3,SUM,dm_hol,801.0646442804282
8,4,SUM,dm_hol,374.82200014946517
8,5,SUM,dm_hol,714.6115820171531
8,6,SUM,dm_hol,672.2519701132236
8,7,SUM,dm_hol,505.91063987182275
8,8,SUM,dm_hol,568.095826191176
8,9,SUM,dm_hol,455.05763784797296
