seed,i,t,var,value
4,0,0,x_ind,0.0
4,0,1,x_ind,0.0
4,0,2,x_ind,0.0
4,0,3,x_ind,0.0
4,0,4,x_ind,0.0
4,0,5,x_ind,0.0
4,0,6,x_ind,0.0
4,0,7,x_ind,39.064536189884635
4,0,8,x_ind,228.16306550303784
4,0,9,x_ind,209.26000489754568
4,0,10,x_ind,365.81023257848005
4,0,11,x_ind,281.50970898848135
4,0,12,x_ind,237.88532752473415
4,0,13,x_ind,0.0
4,0,14,x_ind,39.97831056029377
4,0,15,x_ind,93.04049852689353
4,0,16,x_ind,134.06285243395453
4,0,17,x_ind,141.70368183388436
4,0,18,x_ind,134.68795043578476
4,0,19,x_ind,53.20705103705413
4,0,20,x_ind,43.452365037094914
4,0,21,x_ind,0.7587758108460222
4,0,22,x_ind,0.0
4,0,23,x_ind,0.0
4,1,0,x_ind,0.0
4,1,1,x_ind,0.0
4,1,2,x_ind,0.0
4,1,3,x_ind,0.0
4,1,4,x_ind,0.0
4,1,5,x_ind,0.0
4,1,6,x_ind,0.0
4,1,7,x_ind,11.69994455758126
4,1,8,x_ind,104.01383499519427
4,1,9,x_ind,122.21651576995868
4,1,10,x_ind,159.72773828982466
4,1,11,x_ind,178.97196555718529
4,1,12,x_ind,187.7157741016679
4,1,13,x_ind,0.0
4,1,14,x_ind,177.6023294222829
4,1,15,x_ind,463.0525270233339
4,1,16,x_ind,147.94538766041808
4,1,17,x_ind,184.85517370652772
4,1,18,x_ind,199.85457441208789
4,1,19,x_ind,97.49170862179832
4,1,20,x_ind,54.18752970829684
4,1,21,x_ind,23.58266610099378
4,1,22,x_ind,0.0
4,1,23,x_ind,0.0
4,2,0,x_ind,0.0
4,2,1,x_ind,0.0
4,2,2,x_ind,0.0
4,2,3,x_ind,0.0
4,2,4,x_ind,0.0
4,2,5,x_ind,0.0
4,2,6,x_ind,0.0
4,2,7,x_ind,0.0
4,2,8,x_ind,0.0
4,2,9,x_ind,237.11776319036898
4,2,10,x_ind,186.67861023631343
4,2,11,x_ind,154.75536268200622
4,2,12,x_ind,227.525631824894
4,2,13,x_ind,0.0
4,2,14,x_ind,139.22064271663587
4,2,15,x_ind,492.16763370956295
4,2,16,x_ind,835.5381954604441
4,2,17,x_ind,540.7399553989961
4,2,18,x_ind,772.6922893832584
4,2,19,x_ind,351.2995061839332
4,2,20,x_ind,121.87249181266793
4,2,21,x_ind,129.52082682617737
4,2,22,x_ind,8.687850224449505
4,2,23,x_ind,12.047736668409012
4,3,0,x_ind,0.0
4,3,1,x_ind,0.0
4,3,2,x_ind,0.0
4,3,3,x_ind,0.0
4,3,4,x_ind,0.0
4,3,5,x_ind,0.0
4,3,6,x_ind,0.0
4,3,7,x_ind,0.0
4,3,8,x_ind,8.073944801736582
4,3,9,x_ind,9.11454559749534
4,3,10,x_ind,93.76244622455455
4,3,11,x_ind,273.5093746692733
4,3,12,x_ind,750.5899201452602
4,3,13,x_ind,0.0
4,3,14,x_ind,244.29043510250034
4,3,15,x_ind,1083.6419658493064
4,3,16,x_ind,1373.0252137967375
4,3,17,x_ind,763.5974970907624
4,3,18,x_ind,666.236396286854
4,3,19,x_ind,278.9186433208846
4,3,20,x_ind,242.43771026693446
4,3,21,x_ind,142.3429050400487
4,3,22,x_ind,0.0
4,3,23,x_ind,0.0
4,4,0,x_ind,0.0
4,4,1,x_ind,0.0
4,4,2,x_ind,0.0
4,4,3,x_ind,0.0
4,4,4,x_ind,0.0
4,4,5,x_ind,0.0
4,4,6,x_ind,0.0
4,4,7,x_ind,4.713377919322287
4,4,8,x_ind,42.50015025890358
4,4,9,x_ind,67.75946036563454
4,4,10,x_ind,46.60003891357267
4,4,11,x_ind,66.96986720263159
4,4,12,x_ind,47.96032457695531
4,4,13,x_ind,0.0
4,4,14,x_ind,90.88048023461648
4,4,15,x_ind,452.28644751947246
4,4,16,x_ind,544.0075343884206
4,4,17,x_ind,148.48282736436005
4,4,18,x_ind,51.18492655323936
4,4,19,x_ind,104.09977207858309
4,4,20,x_ind,31.797287862576518
4,4,21,x_ind,19.36340129979589
4,4,22,x_ind,0.0
4,4,23,x_ind,0.0
4,5,0,x_ind,0.0
4,5,1,x_ind,0.0
4,5,2,x_ind,0.0
4,5,3,x_ind,0.0
4,5,4,x_ind,0.0
4,5,5,x_ind,0.0
4,5,6,x_ind,0.0
4,5,7,x_ind,0.0
4,5,8,x_ind,171.508429484577
4,5,9,x_ind,79.65044264200732
4,5,10,x_ind,116.96664343214188
4,5,11,x_ind,176.073175622168
4,5,12,x_ind,448.8269306711567
4,5,13,x_ind,0.0
4,5,14,x_ind,402.5399852279775
4,5,15,x_ind,1831.810236721411
4,5,16,x_ind,1337.0839706067438
4,5,17,x_ind,365.8539811309011
4,5,18,x_ind,573.6163929775597
4,5,19,x_ind,305.09636380821456
4,5,20,x_ind,161.9570246681086
4,5,21,x_ind,57.40164878183444
4,5,22,x_ind,0.0
4,5,23,x_ind,0.0
4,6,0,x_ind,0.0
4,6,1,x_ind,0.0
4,6,2,x_ind,0.0
4,6,3,x_ind,0.0
4,6,4,x_ind,0.0
4,6,5,x_ind,0.0
4,6,6,x_ind,0.0
4,6,7,x_ind,11.205027528173348
4,6,8,x_ind,160.17865547073586
4,6,9,x_ind,262.20593954228207
4,6,10,x_ind,203.7157223053624
4,6,11,x_ind,227.9099995574621
4,6,12,x_ind,161.85360529027815
4,6,13,x_ind,0.0
4,6,14,x_ind,100.34373242679463
4,6,15,x_ind,279.80271586783493
4,6,16,x_ind,262.70024693673275
4,6,17,x_ind,353.7348233629099
4,6,18,x_ind,681.0929961000953
4,6,19,x_ind,165.19083582204283
4,6,20,x_ind,75.72584751366416
4,6,21,x_ind,16.925672360521496
4,6,22,x_ind,0.0
4,6,23,x_ind,0.0
4,7,0,x_ind,0.0
4,7,1,x_ind,0.0
4,7,2,x_ind,0.0
4,7,3,x_ind,0.0
4,7,4,x_ind,0.0
4,7,5,x_ind,0.0
4,7,6,x_ind,0.0
4,7,7,x_ind,0.0
4,7,8,x_ind,28.819468307051718
4,7,9,x_ind,20.610418149783726
4,7,10,x_ind,55.13639699676227
4,7,11,x_ind,115.9621465484414
4,7,12,x_ind,244.9929410590452
4,7,13,x_ind,0.0
4,7,14,x_ind,92.36939843440868
4,7,15,x_ind,350.7735177273736
4,7,16,x_ind,536.363964550609
4,7,17,x_ind,321.4347639395457
4,7,18,x_ind,243.59903714227792
4,7,19,x_ind,109.9605847931732
4,7,20,x_ind,85.63726850329881
4,7,21,x_ind,48.121339029924656
4,7,22,x_ind,0.0
4,7,23,x_ind,0.0
4,8,0,x_ind,0.0
4,8,1,x_ind,0.0
4,8,2,x_ind,0.0
4,8,3,x_ind,0.0
4,8,4,x_ind,0.0
4,8,5,x_ind,0.0
4,8,6,x_ind,0.0
4,8,7,x_ind,22.771451746289134
4,8,8,x_ind,58.06600539793948
4,8,9,x_ind,73.4237696670639
4,8,10,x_ind,85.83204760807665
4,8,11,x_ind,87.48998220767206
4,8,12,x_ind,159.86861261731127
4,8,13,x_ind,0.0
4,8,14,x_ind,194.76014949682457
4,8,15,x_ind,823.8799776147755
4,8,16,x_ind,857.8045443865781
4,8,17,x_ind,410.6854709348296
4,8,18,x_ind,176.68052109269374
4,8,19,x_ind,171.14066325076013
4,8,20,x_ind,109.94394625337193
4,8,21,x_ind,58.95093615665266
4,8,22,x_ind,0.0
4,8,23,x_ind,0.0
4,9,0,x_ind,0.0
4,9,1,x_ind,0.0
4,9,2,x_ind,0.0
4,9,3,x_ind,0.0
4,9,4,x_ind,0.0
4,9,5,x_ind,0.0
4,9,6,x_ind,0.0
4,9,7,x_ind,0.0
4,9,8,x_ind,76.90336047415275
4,9,9,x_ind,77.77717151884262
4,9,10,x_ind,72.8255049797814
4,9,11,x_ind,105.85375413555747
4,9,12,x_ind,101.93853844730936
4,9,13,x_ind,0.0
4,9,14,x_ind,137.95639485307495
4,9,15,x_ind,512.4568320526637
4,9,16,x_ind,345.52872121597284
4,9,17,x_ind,257.6662136481281
4,9,18,x_ind,144.83558447425713
4,9,19,x_ind,52.95854987505906
4,9,20,x_ind,58.72473005135099
4,9,21,x_ind,0.0
4,9,22,x_ind,0.0
4,9,23,x_ind,0.0
4,0,SUM,x_ind,2002.5843613579698
4,1,SUM,x_ind,2112.9176699271516
4,2,SUM,x_ind,4209.864496318117
4,3,SUM,x_ind,5929.5409981923485
4,4,SUM,x_ind,1718.6058965380844
4,5,SUM,x_ind,6028.385225774801
4,6,SUM,x_ind,2962.5858200848897
4,7,SUM,x_ind,2253.781245181696
4,8,SUM,x_ind,3291.298078430839
4,9,SUM,x_ind,1945.4253557261504
4,0,0,yp_ind,0.0
4,0,1,yp_ind,0.0
4,0,2,yp_ind,0.0
4,0,3,yp_ind,0.0
4,0,4,yp_ind,0.0
4,0,5,yp_ind,0.0
4,0,6,yp_ind,4.001598151773402
4,0,7,yp_ind,44.52604995117304
4,0,8,yp_ind,65.29433617079015
4,0,9,yp_ind,49.59850898087184
4,0,10,yp_ind,84.7528122621756
4,0,11,yp_ind,108.44374220827598
4,0,12,yp_ind,89.44880842918614
4,0,13,yp_ind,282.9763205484114
4,0,14,yp_ind,107.4707593490311
4,0,15,yp_ind,1.6371866483160449
4,0,16,yp_ind,7.658819070383668
4,0,17,yp_ind,29.11577102736737
4,0,18,yp_ind,36.51853538057873
4,0,19,yp_ind,2.139665676435622
4,0,20,yp_ind,1.8386403697458003
4,0,21,yp_ind,6.8389076214808195
4,0,22,yp_ind,10.816121774673443
4,0,23,yp_ind,1.8614109120553486
4,1,0,yp_ind,0.0
4,1,1,yp_ind,0.0
4,1,2,yp_ind,0.0
4,1,3,yp_ind,0.0
4,1,4,yp_ind,0.0
4,1,5,yp_ind,0.0
4,1,6,yp_ind,0.6148411121483762
4,1,7,yp_ind,24.649431758534227
4,1,8,yp_ind,13.916072610491794
4,1,9,yp_ind,28.33161699726111
4,1,10,yp_ind,25.733917596156175
4,1,11,yp_ind,45.20969994232988
4,1,12,yp_ind,42.83619545223955
4,1,13,yp_ind,542.5536433826976
4,1,14,yp_ind,283.9818417488695
4,1,15,yp_ind,63.949604397615715
4,1,16,yp_ind,14.98134198622921
4,1,17,yp_ind,16.859461989371916
4,1,18,yp_ind,59.11692424946733
4,1,19,yp_ind,17.916925874832614
4,1,20,yp_ind,5.665999251038882
4,1,21,yp_ind,6.262867480086457
4,1,22,yp_ind,16.0828264944648
4,1,23,yp_ind,3.3670081196246118
4,2,0,yp_ind,0.0
4,2,1,yp_ind,0.0
4,2,2,yp_ind,0.0
4,2,3,yp_ind,0.0
4,2,4,yp_ind,0.0
4,2,5,yp_ind,0.0
4,2,6,yp_ind,0.0
4,2,7,yp_ind,0.0
4,2,8,yp_ind,0.36874951769822145
4,2,9,yp_ind,27.814510929661484
4,2,10,yp_ind,22.432075904272708
4,2,11,yp_ind,19.98213743370762
4,2,12,yp_ind,41.52068573489409
4,2,13,yp_ind,459.87618761289434
4,2,14,yp_ind,166.47810365231507
4,2,15,yp_ind,59.11657381972191
4,2,16,yp_ind,108.8615503647958
4,2,17,yp_ind,101.25540637514034
4,2,18,yp_ind,251.32979741754298
4,2,19,yp_ind,101.08212036419201
4,2,20,yp_ind,14.673541836760535
4,2,21,yp_ind,19.923412427375325
4,2,22,yp_ind,26.495322376688705
4,2,23,yp_ind,11.53990721302663
4,3,0,yp_ind,0.0
4,3,1,yp_ind,0.0
4,3,2,yp_ind,0.0
4,3,3,yp_ind,0.0
4,3,4,yp_ind,0.0
4,3,5,yp_ind,0.0
4,3,6,yp_ind,0.1650736584914805
4,3,7,yp_ind,8.151264454440046
4,3,8,yp_ind,2.800737142069878
4,3,9,yp_ind,0.02014317654025656
4,3,10,yp_ind,0.0
4,3,11,yp_ind,26.215364489543017
4,3,12,yp_ind,213.83092018427374
4,3,13,yp_ind,685.1361374640189
4,3,14,yp_ind,315.15964823885605
4,3,15,yp_ind,210.78217509077643
4,3,16,yp_ind,182.36735119630768
4,3,17,yp_ind,219.47456386834438
4,3,18,yp_ind,158.56638669119758
4,3,19,yp_ind,41.502898922451905
4,3,20,yp_ind,47.012340998644206
4,3,21,yp_ind,1.1653284082798456
4,3,22,yp_ind,45.144292846539166
4,3,23,yp_ind,12.562570696706123
4,4,0,yp_ind,0.0
4,4,1,yp_ind,0.0
4,4,2,yp_ind,0.0
4,4,3,yp_ind,0.0
4,4,4,yp_ind,0.0
4,4,5,yp_ind,0.0
4,4,6,yp_ind,0.0
4,4,7,yp_ind,7.65577566463131
4,4,8,yp_ind,4.385081233357832
4,4,9,yp_ind,6.004434210609808
4,4,10,yp_ind,2.4056568462592605
4,4,11,yp_ind,9.168209710385982
4,4,12,yp_ind,7.538390794894742
4,4,13,yp_ind,102.47461952128342
4,4,14,yp_ind,138.04716692065946
4,4,15,yp_ind,88.82981017892739
4,4,16,yp_ind,151.04288920495298
4,4,17,yp_ind,38.717248016597466
4,4,18,yp_ind,6.830336950323042
4,4,19,yp_ind,33.3970427175214
4,4,20,yp_ind,4.66979479979426
4,4,21,yp_ind,1.1202566490551098
4,4,22,yp_ind,7.403461651038458
4,4,23,yp_ind,2.3943708718821433
4,5,0,yp_ind,0.0
4,5,1,yp_ind,0.0
4,5,2,yp_ind,0.0
4,5,3,yp_ind,0.0
4,5,4,yp_ind,0.0
4,5,5,yp_ind,0.0
4,5,6,yp_ind,0.5683966804131484
4,5,7,yp_ind,4.777554547687228
4,5,8,yp_ind,24.83050686845762
4,5,9,yp_ind,0.8244528381957393
4,5,10,yp_ind,1.36434402134811
4,5,11,yp_ind,4.846529886333134
4,5,12,yp_ind,72.09283309668167
4,5,13,yp_ind,1064.5243251375725
4,5,14,yp_ind,534.5330200956068
4,5,15,yp_ind,378.18255242184745
4,5,16,yp_ind,174.4506142904949
4,5,17,yp_ind,36.35840344095064
4,5,18,yp_ind,84.93870439966584
4,5,19,yp_ind,40.57102555511766
4,5,20,yp_ind,14.480185122031253
4,5,21,yp_ind,20.264963507548952
4,5,22,yp_ind,40.3546728184327
4,5,23,yp_ind,8.667824456749582
4,6,0,yp_ind,0.0
4,6,1,yp_ind,0.0
4,6,2,yp_ind,0.0
4,6,3,yp_ind,0.0
4,6,4,yp_ind,0.0
4,6,5,yp_ind,0.0
4,6,6,yp_ind,0.5092846905521305
4,6,7,yp_ind,21.0145523161608
4,6,8,yp_ind,41.665497149316245
4,6,9,yp_ind,45.81518988834127
4,6,10,yp_ind,41.60213593596141
4,6,11,yp_ind,34.47920656513914
4,6,12,yp_ind,24.702510650250577
4,6,13,yp_ind,299.9105690299913
4,6,14,yp_ind,162.92993480105793
4,6,15,yp_ind,29.315659773870575
4,6,16,yp_ind,31.43655148609102
4,6,17,yp_ind,88.37099360594729
4,6,18,yp_ind,228.00063858027855
4,6,19,yp_ind,27.5531308062901
4,6,20,yp_ind,3.238415521640546
4,6,21,yp_ind,15.34413044130255
4,6,22,yp_ind,23.63216090365359
4,6,23,yp_ind,5.787918060062295
4,7,0,yp_ind,0.0
4,7,1,yp_ind,0.0
4,7,2,yp_ind,0.0
4,7,3,yp_ind,0.0
4,7,4,yp_ind,0.0
4,7,5,yp_ind,0.0
4,7,6,yp_ind,0.11613174098023443
4,7,7,yp_ind,1.6334338332086702
4,7,8,yp_ind,1.6735076491361225
4,7,9,yp_ind,0.19134812461598494
4,7,10,yp_ind,0.16502002252757778
4,7,11,yp_ind,12.054290955474432
4,7,12,yp_ind,109.56724834269576
4,7,13,yp_ind,295.56030901878586
4,7,14,yp_ind,155.93781004740185
4,7,15,yp_ind,38.624615758887266
4,7,16,yp_ind,158.991115842149
4,7,17,yp_ind,80.7205744585015
4,7,18,yp_ind,72.23773943844535
4,7,19,yp_ind,10.65944008968054
4,7,20,yp_ind,14.87929028468524
4,7,21,yp_ind,0.7817541373489206
4,7,22,yp_ind,14.396472028975268
4,7,23,yp_ind,4.275147290856014
4,8,0,yp_ind,0.0
4,8,1,yp_ind,0.0
4,8,2,yp_ind,0.0
4,8,3,yp_ind,0.0
4,8,4,yp_ind,0.0
4,8,5,yp_ind,0.0
4,8,6,yp_ind,0.0
4,8,7,yp_ind,23.918413323516006
4,8,8,yp_ind,6.373151250916164
4,8,9,yp_ind,1.4331540149525461
4,8,10,yp_ind,0.9277264750808607
4,8,11,yp_ind,6.031352197823469
4,8,12,yp_ind,26.320316822217933
4,8,13,yp_ind,330.2024976402699
4,8,14,yp_ind,307.3516982743545
4,8,15,yp_ind,159.0195529595591
4,8,16,yp_ind,195.2382122870419
4,8,17,yp_ind,71.75657040574163
4,8,18,yp_ind,21.63591961239979
4,8,19,yp_ind,30.05931810632339
4,8,20,yp_ind,18.94008029974402
4,8,21,yp_ind,3.360103514570726
4,8,22,yp_ind,23.538186369574415
4,8,23,yp_ind,8.317236690248265
4,9,0,yp_ind,0.0
4,9,1,yp_ind,0.0
4,9,2,yp_ind,0.0
4,9,3,yp_ind,0.0
4,9,4,yp_ind,0.0
4,9,5,yp_ind,0.0
4,9,6,yp_ind,0.0
4,9,7,yp_ind,1.6965870864127854
4,9,8,yp_ind,14.456763086957414
4,9,9,yp_ind,5.243729002066073
4,9,10,yp_ind,3.903033554686931
4,9,11,yp_ind,14.816003717301761
4,9,12,yp_ind,13.35446899813683
4,9,13,yp_ind,184.76708174302948
4,9,14,yp_ind,189.87835234403983
4,9,15,yp_ind,53.29343228099444
4,9,16,yp_ind,67.42857785498545
4,9,17,yp_ind,67.38366728240035
4,9,18,yp_ind,22.756655011164654
4,9,19,yp_ind,1.7472632278142215
4,9,20,yp_ind,7.535396010174351
4,9,21,yp_ind,8.754314765289724
4,9,22,yp_ind,10.996562900152371
4,9,23,yp_ind,3.847207399017594
4,0,SUM,yp_ind,934.9379945327255
4,1,SUM,yp_ind,1212.0302204434597
4,2,SUM,yp_ind,1432.7500829806877
4,3,SUM,yp_ind,2170.0571975274806
4,4,SUM,yp_ind,612.084545942174
4,5,SUM,yp_ind,2506.6309091851354
4,6,SUM,yp_ind,1125.3084802059072
4,7,SUM,yp_ind,972.4652490643556
4,8,SUM,yp_ind,1234.4234902443345
4,9,SUM,yp_ind,671.8590962646242
4,0,0,ym_ind,0.0
4,0,1,ym_ind,0.0
4,0,2,ym_ind,0.03928160488916756
4,0,3,ym_ind,6.900385390254017
4,0,4,ym_ind,12.607925535414772
4,0,5,ym_ind,1.8316570124206484
4,0,6,ym_ind,0.0
4,0,7,ym_ind,0.0
4,0,8,ym_ind,13.45124171940643
4,0,9,ym_ind,15.99259232049523
4,0,10,ym_ind,41.720602735084555
4,0,11,ym_ind,20.039728636905817
4,0,12,ym_ind,15.793217820337134
4,0,13,ym_ind,0.0
4,0,14,ym_ind,0.07246443079655332
4,0,15,ym_ind,2.425142085896974
4,0,16,ym_ind,8.36964132199467
4,0,17,ym_ind,7.252466601299313
4,0,18,ym_ind,5.645313315036093
4,0,19,ym_ind,0.019921430603990774
4,0,20,ym_ind,0.16199560180536784
4,0,21,ym_ind,0.022715100145730784
4,0,22,ym_ind,0.0
4,0,23,ym_ind,0.0
4,1,0,ym_ind,0.0
4,1,1,ym_ind,0.0
4,1,2,ym_ind,0.08733940915302607
4,1,3,ym_ind,8.959833917825636
4,1,4,ym_ind,17.874140344250762
4,1,5,ym_ind,2.16160458836453
4,1,6,ym_ind,0.0
4,1,7,ym_ind,0.0
4,1,8,ym_ind,1.6207707242115246
4,1,9,ym_ind,4.619718519719063
4,1,10,ym_ind,11.070558522800468
4,1,11,ym_ind,11.569232533636571
4,1,12,ym_ind,12.036782515662336
4,1,13,ym_ind,0.0
4,1,14,ym_ind,1.0478122600022934
4,1,15,ym_ind,63.83163364456614
4,1,16,ym_ind,9.445931716042578
4,1,17,ym_ind,17.93322836385976
4,1,18,ym_ind,15.683149162567185
4,1,19,ym_ind,2.6637511509036056
4,1,20,ym_ind,0.3682721819402889
4,1,21,ym_ind,1.847900566820857
4,1,22,ym_ind,0.0
4,1,23,ym_ind,0.0
4,2,0,ym_ind,0.0
4,2,1,ym_ind,0.0
4,2,2,ym_ind,1.9179660766276754
4,2,3,ym_ind,30.89856260636695
4,2,4,ym_ind,45.277296540941755
4,2,5,ym_ind,10.97858007520245
4,2,6,ym_ind,0.0
4,2,7,ym_ind,0.0
4,2,8,ym_ind,0.0
4,2,9,ym_ind,8.482852265516248
4,2,10,ym_ind,2.758849473379186
4,2,11,ym_ind,0.7107424497142192
4,2,12,ym_ind,6.307463774036506
4,2,13,ym_ind,0.0
4,2,14,ym_ind,0.6736336735896661
4,2,15,ym_ind,53.19200412112802
4,2,16,ym_ind,111.2720050614538
4,2,17,ym_ind,44.81323630613013
4,2,18,ym_ind,79.41005971705462
4,2,19,ym_ind,24.12469195053046
4,2,20,ym_ind,0.678369196110941
4,2,21,ym_ind,3.0035225058131783
4,2,22,ym_ind,0.531854926504408
4,2,23,ym_ind,0.7375412714055105
4,3,0,ym_ind,0.0
4,3,1,ym_ind,0.0
4,3,2,ym_ind,0.5605918062239718
4,3,3,ym_ind,14.959292077201635
4,3,4,ym_ind,39.40232115676295
4,3,5,ym_ind,2.484353211902745
4,3,6,ym_ind,0.0
4,3,7,ym_ind,0.0
4,3,8,ym_ind,0.0
4,3,9,ym_ind,0.0
4,3,10,ym_ind,0.0
4,3,11,ym_ind,4.851380556496231
4,3,12,ym_ind,67.67311839270708
4,3,13,ym_ind,0.0
4,3,14,ym_ind,0.6454846389249486
4,3,15,ym_ind,159.23810453878377
4,3,16,ym_ind,206.38241892874626
4,3,17,ym_ind,77.47482445412244
4,3,18,ym_ind,53.649672571061956
4,3,19,ym_ind,7.733879702318195
4,3,20,ym_ind,4.662008410585184
4,3,21,ym_ind,6.8718557926528
4,3,22,ym_ind,0.0
4,3,23,ym_ind,0.0
4,4,0,ym_ind,0.0
4,4,1,ym_ind,0.0
4,4,2,ym_ind,0.17058414610059472
4,4,3,ym_ind,5.269592787006915
4,4,4,ym_ind,8.607715405792096
4,4,5,ym_ind,1.396119218460157
4,4,6,ym_ind,0.0
4,4,7,ym_ind,0.0
4,4,8,ym_ind,0.20659414529854545
4,4,9,ym_ind,3.040983108937973
4,4,10,ym_ind,0.8462566312075702
4,4,11,ym_ind,3.1300697584323713
4,4,12,ym_ind,1.0719901757192145
4,4,13,ym_ind,0.0
4,4,14,ym_ind,0.5310570329719028
4,4,15,ym_ind,79.72429616577523
4,4,16,ym_ind,98.48069519538066
4,4,17,ym_ind,14.384015294058706
4,4,18,ym_ind,2.214197373078311
4,4,19,ym_ind,7.174358708096929
4,4,20,ym_ind,0.5266178507578825
4,4,21,ym_ind,1.6304143513294376
4,4,22,ym_ind,0.0
4,4,23,ym_ind,0.0
4,5,0,ym_ind,0.0
4,5,1,ym_ind,0.0
4,5,2,ym_ind,0.5432362402761239
4,5,3,ym_ind,22.269588424837448
4,5,4,ym_ind,47.40543038847502
4,5,5,ym_ind,6.4401796622387835
4,5,6,ym_ind,0.0
4,5,7,ym_ind,0.0
4,5,8,ym_ind,0.0
4,5,9,ym_ind,0.0
4,5,10,ym_ind,0.0
4,5,11,ym_ind,0.0
4,5,12,ym_ind,28.272885210177233
4,5,13,ym_ind,0.0
4,5,14,ym_ind,1.9931997405142845
4,5,15,ym_ind,276.65364969802084
4,5,16,ym_ind,171.7587142492788
4,5,17,ym_ind,18.716331345225953
4,5,18,ym_ind,49.027262907601646
4,5,19,ym_ind,11.044094100679207
4,5,20,ym_ind,1.2105253509115095
4,5,21,ym_ind,2.23313951492558
4,5,22,ym_ind,0.0
4,5,23,ym_ind,0.0
4,6,0,ym_ind,0.0
4,6,1,ym_ind,0.0
4,6,2,ym_ind,0.9508593905843804
4,6,3,ym_ind,15.55697804420498
4,6,4,ym_ind,29.83556607239364
4,6,5,ym_ind,5.870474550627084
4,6,6,ym_ind,0.0
4,6,7,ym_ind,0.0
4,6,8,ym_ind,4.08424243320061
4,6,9,ym_ind,18.131382781210036
4,6,10,ym_ind,7.029166101759386
4,6,11,ym_ind,12.84478162080897
4,6,12,ym_ind,6.227835360248398
4,6,13,ym_ind,0.0
4,6,14,ym_ind,0.5204848682843658
4,6,15,ym_ind,23.99679202360198
4,6,16,ym_ind,21.99176773236287
4,6,17,ym_ind,33.57527735796729
4,6,18,ym_ind,81.88399593630693
4,6,19,ym_ind,6.173249132811972
4,6,20,ym_ind,1.2990375322153795
4,6,21,ym_ind,1.0450969281503868
4,6,22,ym_ind,0.0
4,6,23,ym_ind,0.0
4,7,0,ym_ind,0.0
4,7,1,ym_ind,0.0
4,7,2,ym_ind,0.5498126499376905
4,7,3,ym_ind,6.867120543278507
4,7,4,ym_ind,13.83552576045947
4,7,5,ym_ind,1.7322381080098297
4,7,6,ym_ind,0.0
4,7,7,ym_ind,0.0
4,7,8,ym_ind,0.0
4,7,9,ym_ind,0.08870228283866656
4,7,10,ym_ind,0.15211029185539604
4,7,11,ym_ind,4.376434047312834
4,7,12,ym_ind,16.97325038805073
4,7,13,ym_ind,0.0
4,7,14,ym_ind,0.5728821713461412
4,7,15,ym_ind,43.89931257311177
4,7,16,ym_ind,78.43586546632429
4,7,17,ym_ind,34.215821174302754
4,7,18,ym_ind,19.708707309387524
4,7,19,ym_ind,4.651674412346143
4,7,20,ym_ind,1.9303005899820134
4,7,21,ym_ind,2.2446740224927977
4,7,22,ym_ind,0.0
4,7,23,ym_ind,0.0
4,8,0,ym_ind,0.0
4,8,1,ym_ind,0.0
4,8,2,ym_ind,0.0
4,8,3,ym_ind,12.439062939056297
4,8,4,ym_ind,22.711981165633368
4,8,5,ym_ind,2.9286156232476643
4,8,6,ym_ind,0.0
4,8,7,ym_ind,0.0
4,8,8,ym_ind,0.0
4,8,9,ym_ind,0.0
4,8,10,ym_ind,0.23899215564212867
4,8,11,ym_ind,0.0
4,8,12,ym_ind,3.902794231268869
4,8,13,ym_ind,0.0
4,8,14,ym_ind,0.5337781850824466
4,8,15,ym_ind,120.51658063219325
4,8,16,ym_ind,124.10255300047393
4,8,17,ym_ind,49.48446727142744
4,8,18,ym_ind,8.110963043803123
4,8,19,ym_ind,7.628117534037001
4,8,20,ym_ind,1.3016746978316331
4,8,21,ym_ind,3.014479788301685
4,8,22,ym_ind,0.0
4,8,23,ym_ind,0.0
4,9,0,ym_ind,0.0
4,9,1,ym_ind,0.0
4,9,2,ym_ind,0.7671675409451627
4,9,3,ym_ind,11.58007875459528
4,9,4,ym_ind,21.39308459347166
4,9,5,ym_ind,3.7082147875635765
4,9,6,ym_ind,0.0
4,9,7,ym_ind,0.0
4,9,8,ym_ind,0.3147847169702191
4,9,9,ym_ind,0.24587600074511706
4,9,10,ym_ind,0.18596266506387885
4,9,11,ym_ind,3.22982381692177
4,9,12,ym_ind,2.286249021100356
4,9,13,ym_ind,0.0
4,9,14,ym_ind,0.23829154355642299
4,9,15,ym_ind,85.13707297444704
4,9,16,ym_ind,30.93212499204562
4,9,17,ym_ind,18.252126949159425
4,9,18,ym_ind,9.134535540435621
4,9,19,ym_ind,0.506848396094144
4,9,20,ym_ind,0.22867966024138933
4,9,21,ym_ind,0.0
4,9,22,ym_ind,0.0
4,9,23,ym_ind,0.0
4,0,SUM,ym_ind,152.34629266278648
4,1,SUM,ym_ind,182.82166012232665
4,2,SUM,ym_ind,425.76923199150565
4,3,SUM,ym_ind,646.5893062384902
4,4,SUM,ym_ind,228.4055573484045
4,5,SUM,ym_ind,637.5682368331625
4,6,SUM,ym_ind,271.01698786673865
4,7,SUM,ym_ind,230.2344317910365
4,8,SUM,ym_ind,356.9140602679988
4,9,SUM,ym_ind,188.1409219533567
4,0,0,x_re,1.7631772564219288e-09
4,0,1,x_re,2.038296192778746e-09
4,0,2,x_re,2.2055734664626426e-09
4,0,3,x_re,2.356314254640912e-09
4,0,4,x_re,2.5501384999873516e-09
4,0,5,x_re,2.8949225728569204e-09
4,0,6,x_re,5.209507761242779e-09
4,0,7,x_re,7.355301187780156e-09
4,0,8,x_re,223.3650373949724
4,0,9,x_re,238.10118768351595
4,0,10,x_re,409.53832940624415
4,0,11,x_re,366.178052938565
4,0,12,x_re,312.8205971903997
4,0,13,x_re,0.0
4,0,14,x_re,123.16827111580852
4,0,15,x_re,118.07164980316072
4,0,16,x_re,181.08787661110742
4,0,17,x_re,195.55536572117225
4,0,18,x_re,200.8079578802456
4,0,19,x_re,39.233124691477514
4,0,20,x_re,38.63802911283907
4,0,21,x_re,6.414781186336269
4,0,22,x_re,3.9429090105764663e-07
4,0,23,x_re,2.5548893965303336e-06
4,1,0,x_re,1.763172768246815e-09
4,1,1,x_re,2.0382281902870717e-09
4,1,2,x_re,2.204698687877271e-09
4,1,3,x_re,2.3562878978866103e-09
4,1,4,x_re,2.550368482293611e-09
4,1,5,x_re,2.8931083993148377e-09
4,1,6,x_re,5.150296892766091e-09
4,1,7,x_re,7.232497050474793e-09
4,1,8,x_re,85.64216050617371
4,1,9,x_re,129.84107531639452
4,1,10,x_re,192.34476854695183
4,1,11,x_re,236.98104262512663
4,1,12,x_re,230.74134075777525
4,1,13,x_re,0.0
4,1,14,x_re,323.95699317727974
4,1,15,x_re,485.9187211983984
4,1,16,x_re,170.85456160618392
4,1,17,x_re,216.8183521793308
4,1,18,x_re,280.99295846774993
4,1,19,x_re,127.2852306864961
4,1,20,x_re,53.82910328911493
4,1,21,x_re,4.0563423067902304
4,1,22,x_re,3.864025914152648e-07
4,1,23,x_re,2.581071330918026e-06
4,2,0,x_re,1.7631678832903916e-09
4,2,1,x_re,2.038162799180236e-09
4,2,2,x_re,2.204005560851002e-09
4,2,3,x_re,2.3547933866267065e-09
4,2,4,x_re,2.5479184021823443e-09
4,2,5,x_re,2.8913341441908357e-09
4,2,6,x_re,4.9698460223993625e-09
4,2,7,x_re,6.716630228577199e-09
4,2,8,x_re,2.559501639100348e-07
4,2,9,x_re,251.29990387565783
4,2,10,x_re,194.98470141402055
4,2,11,x_re,200.4136828384611
4,2,12,x_re,263.9113374149781
4,2,13,x_re,0.0
4,2,14,x_re,228.44705772672157
4,2,15,x_re,515.5244447661128
4,2,16,x_re,888.6132150257329
4,2,17,x_re,583.1205240093333
4,2,18,x_re,776.3545310554899
4,2,19,x_re,469.41950139377053
4,2,20,x_re,123.97156156559285
4,2,21,x_re,136.52791078800874
4,2,22,x_re,4.048712212818598e-07
4,2,23,x_re,2.5735959007231054e-06
4,3,0,x_re,1.7631687219352088e-09
4,3,1,x_re,2.038172522114078e-09
4,3,2,x_re,2.2040869401640167e-09
4,3,3,x_re,2.35504300168487e-09
4,3,4,x_re,2.5483360036311805e-09
4,3,5,x_re,2.8916127374149203e-09
4,3,6,x_re,5.0883320845255995e-09
4,3,7,x_re,6.770523854891971e-09
4,3,8,x_re,5.83426536245303e-07
4,3,9,x_re,31.319861704468398
4,3,10,x_re,98.4445754170842
4,3,11,x_re,352.0360307967569
4,3,12,x_re,816.1004432338309
4,3,13,x_re,0.0
4,3,14,x_re,427.8546267100735
4,3,15,x_re,1208.0082062760155
4,3,16,x_re,1349.3783666202794
4,3,17,x_re,829.8372975139074
4,3,18,x_re,771.3505292338969
4,3,19,x_re,348.85682172843605
4,3,20,x_re,323.7195419844494
4,3,21,x_re,9.105352685923577
4,3,22,x_re,3.8982092386097473e-07
4,3,23,x_re,2.573180118385498e-06
4,4,0,x_re,1.7631737078546616e-09
4,4,1,x_re,2.0382481866652678e-09
4,4,2,x_re,2.2050497461878458e-09
4,4,3,x_re,2.355623584756576e-09
4,4,4,x_re,2.5492829648094684e-09
4,4,5,x_re,2.8936259675310893e-09
4,4,6,x_re,4.991657364303539e-09
4,4,7,x_re,7.168296068002652e-09
4,4,8,x_re,38.95424153739698
4,4,9,x_re,66.08716789261322
4,4,10,x_re,44.73831056046225
4,4,11,x_re,82.94588958080435
4,4,12,x_re,56.68343266948162
4,4,13,x_re,0.0
4,4,14,x_re,182.27545794581062
4,4,15,x_re,545.7242760819058
4,4,16,x_re,545.7081531667789
4,4,17,x_re,186.26351970450102
4,4,18,x_re,73.65312713482558
4,4,19,x_re,141.42237938804502
4,4,20,x_re,33.076303779677424
4,4,21,x_re,0.0002801015919483495
4,4,22,x_re,3.8418269631908015e-07
4,4,23,x_re,2.567609546638844e-06
4,5,0,x_re,1.7631715646765296e-09
4,5,1,x_re,2.038213834151974e-09
4,5,2,x_re,2.204581385684011e-09
4,5,3,x_re,2.3556798010181152e-09
4,5,4,x_re,2.5493753246470903e-09
4,5,5,x_re,2.8927274316769554e-09
4,5,6,x_re,5.1067385373104985e-09
4,5,7,x_re,6.807652892412008e-09
4,5,8,x_re,141.4911469888395
4,5,9,x_re,82.25428828563108
4,5,10,x_re,134.3697896427285
4,5,11,x_re,203.79054516553245
4,5,12,x_re,515.4728887849153
4,5,13,x_re,0.0
4,5,14,x_re,703.3642766774689
4,5,15,x_re,1610.7897917599028
4,5,16,x_re,1220.1166108023815
4,5,17,x_re,438.8362802671142
4,5,18,x_re,647.8029686290691
4,5,19,x_re,367.2523582207087
4,5,20,x_re,146.5175110989329
4,5,21,x_re,2.877899031223489
4,5,22,x_re,4.02503126665233e-07
4,5,23,x_re,2.595963424523315e-06
4,6,0,x_re,1.7631757927320466e-09
4,6,1,x_re,2.0382753967749468e-09
4,6,2,x_re,2.205321310010225e-09
4,6,3,x_re,2.35605032504759e-09
4,6,4,x_re,2.5498463751283477e-09
4,6,5,x_re,2.8943322984394433e-09
4,6,6,x_re,5.1666878720976005e-09
4,6,7,x_re,7.224516541253512e-09
4,6,8,x_re,149.83362480993785
4,6,9,x_re,263.97782376307026
4,6,10,x_re,236.76731782943156
4,6,11,x_re,272.20489339449745
4,6,12,x_re,200.99980137577893
4,6,13,x_re,0.0
4,6,14,x_re,190.35153657637355
4,6,15,x_re,319.90662544228735
4,6,16,x_re,329.60878482241634
4,6,17,x_re,430.3009577059103
4,6,18,x_re,868.3837501905041
4,6,19,x_re,232.60714098790078
4,6,20,x_re,51.71768959997128
4,6,21,x_re,3.89295875608291
4,6,22,x_re,3.978091413480323e-07
4,6,23,x_re,2.545308614980884e-06
4,7,0,x_re,1.7631713227979964e-09
4,7,1,x_re,2.038209921927795e-09
4,7,2,x_re,2.204522371870835e-09
4,7,3,x_re,2.3559784681379118e-09
4,7,4,x_re,2.549723102215158e-09
4,7,5,x_re,2.8926767796472527e-09
4,7,6,x_re,5.120211350429092e-09
4,7,7,x_re,6.827614197722958e-09
4,7,8,x_re,18.01395404482838
4,7,9,x_re,28.952532336044293
4,7,10,x_re,57.643728345024385
4,7,11,x_re,138.46273227528366
4,7,12,x_re,334.07340316898205
4,7,13,x_re,0.0
4,7,14,x_re,180.6210139468629
4,7,15,x_re,395.78318940755435
4,7,16,x_re,656.8955967018794
4,7,17,x_re,382.4351570174217
4,7,18,x_re,297.3872282555505
4,7,19,x_re,138.24346969661795
4,7,20,x_re,114.19212962402294
4,7,21,x_re,7.180036900571939
4,7,22,x_re,3.9184094454897796e-07
4,7,23,x_re,2.5793616374530537e-06
4,8,0,x_re,1.7631734996477663e-09
4,8,1,x_re,2.0382411731477327e-09
4,8,2,x_re,2.2048749278835748e-09
4,8,3,x_re,2.3557905903380957e-09
4,8,4,x_re,2.549564189490823e-09
4,8,5,x_re,2.893241007660232e-09
4,8,6,x_re,4.9933171288155445e-09
4,8,7,x_re,7.203277181992441e-09
4,8,8,x_re,43.83579039588407
4,8,9,x_re,72.03032041450746
4,8,10,x_re,90.64965705060905
4,8,11,x_re,117.66557129030808
4,8,12,x_re,181.92059831584277
4,8,13,x_re,0.0
4,8,14,x_re,336.61378406067104
4,8,15,x_re,827.2583694795466
4,8,16,x_re,849.7284115201647
4,8,17,x_re,511.38498415920475
4,8,18,x_re,230.8054963293034
4,8,19,x_re,211.90914785371442
4,8,20,x_re,129.77999554967056
4,8,21,x_re,6.237042879599055
4,8,22,x_re,3.9199028217371886e-07
4,8,23,x_re,2.550916533601672e-06
4,9,0,x_re,1.7631694915290568e-09
4,9,1,x_re,2.0381839137693925e-09
4,9,2,x_re,2.204220149978377e-09
4,9,3,x_re,2.355176309326853e-09
4,9,4,x_re,2.5484066540526164e-09
4,9,5,x_re,2.8918514756838577e-09
4,9,6,x_re,4.982171444452725e-09
4,9,7,x_re,6.8098100106402435e-09
4,9,8,x_re,71.79844225437468
4,9,9,x_re,74.66112566249629
4,9,10,x_re,76.77467748489273
4,9,11,x_re,125.14955536066755
4,9,12,x_re,139.7707804044952
4,9,13,x_re,0.0
4,9,14,x_re,222.25810532737802
4,9,15,x_re,562.9502493885283
4,9,16,x_re,403.8725339932525
4,9,17,x_re,321.9321280813879
4,9,18,x_re,178.30996627156054
4,9,19,x_re,35.47192271683774
4,9,20,x_re,62.15361988732408
4,9,21,x_re,0.00016193739409820515
4,9,22,x_re,3.932026060840201e-07
4,9,23,x_re,2.56926705297176e-06
4,0,SUM,x_re,2452.980263711398
4,1,SUM,x_re,2539.262653657428
4,2,SUM,x_re,4632.588375133783
4,3,SUM,x_re,6566.011657477209
4,4,SUM,x_re,1997.532542521652
4,5,SUM,x_re,6214.936358378633
4,6,SUM,x_re,3550.5529082234784
4,7,SUM,x_re,2749.8841747175993
4,8,SUM,x_re,3609.819172267934
4,9,SUM,x_re,2275.103271758652
4,0,0,yp_re,1.2199939631876088e-07
4,0,1,yp_re,1.378221163623812e-07
4,0,2,yp_re,1.468740472131155e-07
4,0,3,yp_re,1.745968267160449e-07
4,0,4,yp_re,1.7524342900064785e-07
4,0,5,yp_re,2.2151215989884807e-07
4,0,6,yp_re,1.7236715597190722
4,0,7,yp_re,14.881107506170288
4,0,8,yp_re,9.733014953385243
4,0,9,yp_re,0.5224163206734969
4,0,10,yp_re,2.756344199031343e-07
4,0,11,yp_re,5.811231704050681
4,0,12,yp_re,23.154323193066272
4,0,13,yp_re,284.28784069425956
4,0,14,yp_re,32.17487084491904
4,0,15,yp_re,4.1251840029374764e-05
4,0,16,yp_re,9.314275680700128e-06
4,0,17,yp_re,1.1649890993578351
4,0,18,yp_re,1.993749155752317
4,0,19,yp_re,1.0119103037289265
4,0,20,yp_re,2.9441952238201416
4,0,21,yp_re,4.5380490627613135
4,0,22,yp_re,7.306169921098941
4,0,23,yp_re,1.8810007698203848
4,1,0,yp_re,1.219991666543174e-07
4,1,1,yp_re,1.3781916079449525e-07
4,1,2,yp_re,1.4683824963780203e-07
4,1,3,yp_re,1.7459761777242904e-07
4,1,4,yp_re,1.7524593215797627e-07
4,1,5,yp_re,2.2147517882677938e-07
4,1,6,yp_re,0.33781513614883835
4,1,7,yp_re,3.5264010640735823
4,1,8,yp_re,1.3927198061949468
4,1,9,yp_re,0.1629342779542591
4,1,10,yp_re,2.729986451974109e-07
4,1,11,yp_re,1.2505706968764376
4,1,12,yp_re,3.177892836337995
4,1,13,yp_re,543.5561621276162
4,1,14,yp_re,117.96988244701664
4,1,15,yp_re,2.552707577675443
4,1,16,yp_re,0.15868593015869614
4,1,17,yp_re,0.14033419388178808
4,1,18,yp_re,1.5224994699163867
4,1,19,yp_re,1.3271361218862348
4,1,20,yp_re,2.8714300588015345
4,1,21,yp_re,5.665496731934314
4,1,22,yp_re,7.741719875655296
4,1,23,yp_re,1.8810010454594073
4,2,0,yp_re,1.2199891781035988e-07
4,2,1,yp_re,1.3781603869366514e-07
4,2,2,yp_re,1.46811788111224e-07
4,2,3,yp_re,1.7453017269753743e-07
4,2,4,yp_re,1.751669414087385e-07
4,2,5,yp_re,2.214083038750597e-07
4,2,6,yp_re,1.3646349603207436e-06
4,2,7,yp_re,2.7501690835990536e-06
4,2,8,yp_re,2.8135127505030284e-06
4,2,9,yp_re,0.28501806527969564
4,2,10,yp_re,2.6930000655965116e-07
4,2,11,yp_re,0.6674168891058686
4,2,12,yp_re,7.122864921143198
4,2,13,yp_re,470.2113428235186
4,2,14,yp_re,59.98221590696903
4,2,15,yp_re,4.324265039797184
4,2,16,yp_re,6.135278739547656
4,2,17,yp_re,9.669176946063896
4,2,18,yp_re,43.176373913344925
4,2,19,yp_re,7.944307443478238
4,2,20,yp_re,5.99359367192508
4,2,21,yp_re,8.248049588843616
4,2,22,yp_re,15.871002138678469
4,2,23,yp_re,3.7620010682429306
4,3,0,yp_re,1.2199895273706757e-07
4,3,1,yp_re,1.3781648863216921e-07
4,3,2,yp_re,1.46814675847443e-07
4,3,3,yp_re,1.7454489802245914e-07
4,3,4,yp_re,1.7517787965929097e-07
4,3,5,yp_re,2.2142106335200214e-07
4,3,6,yp_re,0.14291147651231634
4,3,7,yp_re,3.7525481430963032
4,3,8,yp_re,0.11428800207834776
4,3,9,yp_re,7.54265156855191e-07
4,3,10,yp_re,2.685079685261285e-07
4,3,11,yp_re,0.21888448105800198
4,3,12,yp_re,27.46756588304987
4,3,13,yp_re,676.3020542876757
4,3,14,yp_re,130.69497322278895
4,3,15,yp_re,25.471736306380425
4,3,16,yp_re,19.775628026136825
4,3,17,yp_re,23.716445253937568
4,3,18,yp_re,24.479219292011624
4,3,19,yp_re,4.069410746849289
4,3,20,yp_re,22.039300280827216
4,3,21,yp_re,14.139333927494565
4,3,22,yp_re,21.994661177464263
4,3,23,yp_re,5.643001047356884
4,4,0,yp_re,1.2199922474549484e-07
4,4,1,yp_re,1.3781976029062476e-07
4,4,2,yp_re,1.4685376718292315e-07
4,4,3,yp_re,1.7456843562578693e-07
4,4,4,yp_re,1.7521222272615428e-07
4,4,5,yp_re,2.2148021752058408e-07
4,4,6,yp_re,1.368562502379655e-06
4,4,7,yp_re,1.3059347100589196
4,4,8,yp_re,0.25468672814507193
4,4,9,yp_re,0.1313431133211502
4,4,10,yp_re,2.717048440851131e-07
4,4,11,yp_re,0.14578044541336596
4,4,12,yp_re,0.8683795098421397
4,4,13,yp_re,103.29302815156223
4,4,14,yp_re,41.505300503186874
4,4,15,yp_re,3.194576821649937
4,4,16,yp_re,14.457960096543326
4,4,17,yp_re,1.004741352718944
4,4,18,yp_re,0.18355451325886343
4,4,19,yp_re,0.8795377097908224
4,4,20,yp_re,2.518686944920154
4,4,21,yp_re,2.726637833111202
4,4,22,yp_re,3.9002540699646278
4,4,23,yp_re,0.9405010886015438
4,5,0,yp_re,1.2199910317871803e-07
4,5,1,yp_re,1.3781843789465136e-07
4,5,2,yp_re,1.4683272139571968e-07
4,5,3,yp_re,1.7456908897925183e-07
4,5,4,yp_re,1.7521201533701506e-07
4,5,5,yp_re,2.2146394538962239e-07
4,5,6,yp_re,0.4162652491242846
4,5,7,yp_re,2.2252897946950787
4,5,8,yp_re,7.343265538927542
4,5,9,yp_re,7.53846673514265e-07
4,5,10,yp_re,2.698400581793975e-07
4,5,11,yp_re,0.582063986316979
4,5,12,yp_re,15.208611720466568
4,5,13,yp_re,1069.4468029496866
4,5,14,yp_re,253.86577830502782
4,5,15,yp_re,157.09015589258368
4,5,16,yp_re,45.10373376124885
4,5,17,yp_re,1.5830349859822133
4,5,18,yp_re,6.15050166720505
4,5,19,yp_re,5.907597117576748
4,5,20,yp_re,12.268277236190801
4,5,21,yp_re,13.987754046656232
4,5,22,yp_re,23.656706305825864
4,5,23,yp_re,5.643001024835602
4,6,0,yp_re,1.2199934369736356e-07
4,6,1,yp_re,1.3782113286279483e-07
4,6,2,yp_re,1.468681405287891e-07
4,6,3,yp_re,1.7458829724354515e-07
4,6,4,yp_re,1.752295755936318e-07
4,6,5,yp_re,2.2149937862742958e-07
4,6,6,yp_re,0.32081785852720585
4,6,7,yp_re,4.511440415443846
4,6,8,yp_re,5.683271058484269
4,6,9,yp_re,0.2814593102247873
4,6,10,yp_re,2.6984530189024465e-07
4,6,11,yp_re,0.38420330018774473
4,6,12,yp_re,2.8093693987944834
4,6,13,yp_re,305.98804614445623
4,6,14,yp_re,57.611910168630345
4,6,15,yp_re,0.7793396526447317
4,6,16,yp_re,0.2743652189681458
4,6,17,yp_re,0.7240822894164302
4,6,18,yp_re,26.35266139466198
4,6,19,yp_re,0.961183757225798
4,6,20,yp_re,5.471437486052171
4,6,21,yp_re,7.300530563298135
4,6,22,yp_re,11.221071942028379
4,6,23,yp_re,2.821500799981927
4,7,0,yp_re,1.2199906795037222e-07
4,7,1,yp_re,1.3781800857315795e-07
4,7,2,yp_re,1.4683167459645697e-07
4,7,3,yp_re,1.7458273456335204e-07
4,7,4,yp_re,1.752198207769485e-07
4,7,5,yp_re,2.2144455815406205e-07
4,7,6,yp_re,0.0678841004834321
4,7,7,yp_re,1.036263037387051
4,7,8,yp_re,0.33882934836107637
4,7,9,yp_re,7.553261840449419e-07
4,7,10,yp_re,2.688349513939692e-07
4,7,11,yp_re,0.23238210145649163
4,7,12,yp_re,12.358705368154542
4,7,13,yp_re,294.2454409208422
4,7,14,yp_re,53.35513547801558
4,7,15,yp_re,1.8802360465839802
4,7,16,yp_re,8.200297713565055
4,7,17,yp_re,3.826745946277437
4,7,18,yp_re,7.691932009643161
4,7,19,yp_re,0.21895437696308864
4,7,20,yp_re,5.565882351887191
4,7,21,yp_re,4.455006535720338
4,7,22,yp_re,8.040920497893918
4,7,23,yp_re,1.8810010460995803
4,8,0,yp_re,1.2199920971961995e-07
4,8,1,yp_re,1.3781925795673274e-07
4,8,2,yp_re,1.4684850611392432e-07
4,8,3,yp_re,1.745811356436926e-07
4,8,4,yp_re,1.7522097284035085e-07
4,8,5,yp_re,2.2146120957516665e-07
4,8,6,yp_re,1.3689335076804695e-06
4,8,7,yp_re,5.975440840737648
4,8,8,yp_re,0.7638208607011461
4,8,9,yp_re,0.11602593608966381
4,8,10,yp_re,2.682567387758365e-07
4,8,11,yp_re,0.4111932886187442
4,8,12,yp_re,2.279618430894246
4,8,13,yp_re,334.1368358738392
4,8,14,yp_re,146.10185919483126
4,8,15,yp_re,25.76310522044102
4,8,16,yp_re,23.684392530691948
4,8,17,yp_re,3.4811371093408376
4,8,18,yp_re,0.23440105438453623
4,8,19,yp_re,1.1481137683047093
4,8,20,yp_re,9.308925229147484
4,8,21,yp_re,7.661623277731541
4,8,22,yp_re,11.077496301884759
4,8,23,yp_re,2.8215007956781992
4,9,0,yp_re,1.2199899903550633e-07
4,9,1,yp_re,1.378168049938286e-07
4,9,2,yp_re,1.4681952536709525e-07
4,9,3,yp_re,1.7454923621767245e-07
4,9,4,yp_re,1.751787262885874e-07
4,9,5,yp_re,2.2142407614086655e-07
4,9,6,yp_re,1.3658546784721648e-06
4,9,7,yp_re,0.9095999700212372
4,9,8,yp_re,0.6106942107237768
4,9,9,yp_re,0.07803916233390182
4,9,10,yp_re,2.7173134008407517e-07
4,9,11,yp_re,0.07721940085063272
4,9,12,yp_re,1.3490154759721984
4,9,13,yp_re,185.52891403906165
4,9,14,yp_re,76.33051009774017
4,9,15,yp_re,3.4685049977710305
4,9,16,yp_re,1.240768636775577
4,9,17,yp_re,0.3218797309759642
4,9,18,yp_re,1.1109028156899534
4,9,19,yp_re,0.6363254477374518
4,9,20,yp_re,4.056282614933002
4,9,21,yp_re,5.078299003409416
4,9,22,yp_re,7.793372206817347
4,9,23,yp_re,1.881001067140766
4,0,SUM,yp_re,393.12859213238164
4,1,SUM,yp_re,695.2353906485619
4,2,SUM,yp_re,643.3929153312873
4,3,SUM,yp_re,1000.0219635552653
4,4,SUM,yp_re,177.31090621029014
4,5,SUM,yp_re,1620.478841583932
4,6,SUM,yp_re,433.49669200687777
4,7,SUM,yp_re,403.3956188813911
4,8,SUM,yp_re,574.9654923284374
4,9,SUM,yp_re,290.4713314933275
4,0,0,ym_re,1.6962305796861319e-06
4,0,1,ym_re,1.8457191423052717e-06
4,0,2,ym_re,0.027752098306321013
4,0,3,ym_re,5.290559585306386
4,0,4,ym_re,8.50364511516611
4,0,5,ym_re,0.025874105719080998
4,0,6,ym_re,4.0546293936810093e-07
4,0,7,ym_re,2.650495474226983e-07
4,0,8,ym_re,1.630371928689493e-07
4,0,9,ym_re,1.4634210802818666e-07
4,0,10,ym_re,3.0691922908334466e-07
4,0,11,ym_re,0.4386391100642061
4,0,12,ym_re,2.724254704972543
4,0,13,ym_re,8.439634568931772e-08
4,0,14,ym_re,1.5781682619152092e-07
4,0,15,ym_re,0.5828903683533961
4,0,16,ym_re,0.6528646864377647
4,0,17,ym_re,0.8296142968150112
4,0,18,ym_re,1.5889822538777159
4,0,19,ym_re,3.4332611445916383e-07
4,0,20,ym_re,0.036647470846307796
4,0,21,ym_re,0.19168570661796142
4,0,22,ym_re,1.753418227324469e-07
4,0,23,ym_re,2.263118364383858e-07
4,1,0,ym_re,1.6962866677963594e-06
4,1,1,ym_re,1.8476205476347803e-06
4,1,2,ym_re,0.08348355776309571
4,1,3,ym_re,5.556170393532884
4,1,4,ym_re,8.39147719047729
4,1,5,ym_re,0.6343763353388884
4,1,6,ym_re,4.154465096284611e-07
4,1,7,ym_re,2.6792143483010774e-07
4,1,8,ym_re,1.628676016287894e-07
4,1,9,ym_re,1.4588445634450238e-07
4,1,10,ym_re,1.6468347699974581e-07
4,1,11,ym_re,0.06731540056717933
4,1,12,ym_re,1.2028952652061
4,1,13,ym_re,8.439634541199797e-08
4,1,14,ym_re,0.6357182675708961
4,1,15,ym_re,10.13949894985222
4,1,16,ym_re,1.1572270040551598
4,1,17,ym_re,1.6410342747132152
4,1,18,ym_re,4.542755046428735
4,1,19,ym_re,0.29922664617576683
4,1,20,ym_re,0.1253026180805127
4,1,21,ym_re,0.04912968274989968
4,1,22,ym_re,1.7533947081776946e-07
4,1,23,ym_re,2.2631497448763693e-07
4,2,0,ym_re,1.696342721909183e-06
4,2,1,ym_re,1.848902619971549e-06
4,2,2,ym_re,0.22383872937764335
4,2,3,ym_re,12.446171460237661
4,2,4,ym_re,19.26482391742318
4,2,5,ym_re,2.720581674992741
4,2,6,ym_re,4.3634280573911366e-07
4,2,7,ym_re,2.8010815878455635e-07
4,2,8,ym_re,1.639830641010546e-07
4,2,9,ym_re,1.4621338526165002e-07
4,2,10,ym_re,2.8188715682723614e-07
4,2,11,ym_re,1.729463465249556e-07
4,2,12,ym_re,0.8630531373294464
4,2,13,ym_re,8.439634542764302e-08
4,2,14,ym_re,1.5311430379041996e-07
4,2,15,ym_re,6.5620793853439245
4,2,16,ym_re,20.737774744838525
4,2,17,ym_re,0.8812644909915099
4,2,18,ym_re,23.17843394161551
4,2,19,ym_re,3.877408031324356
4,2,20,ym_re,4.086292805651321e-07
4,2,21,ym_re,2.771995316442982
4,2,22,ym_re,1.7532780532171614e-07
4,2,23,ym_re,2.2630304446029648e-07
4,3,0,ym_re,1.696333866690129e-06
4,3,1,ym_re,1.8487603460634389e-06
4,3,2,ym_re,0.16790436739688822
4,3,3,ym_re,17.230491022527136
4,3,4,ym_re,28.46240667818888
4,3,5,ym_re,3.584453324522833
4,3,6,ym_re,4.2554866378577554e-07
4,3,7,ym_re,2.797090161279921e-07
4,3,8,ym_re,1.6319069800575957e-07
4,3,9,ym_re,1.4585284003653227e-07
4,3,10,ym_re,1.6436008711287645e-07
4,3,11,ym_re,0.09932801986767544
4,3,12,ym_re,14.568090937842939
4,3,13,ym_re,8.441281081406038e-08
4,3,14,ym_re,0.8187008871553728
4,3,15,ym_re,52.89800740003553
4,3,16,ym_re,56.542624664262576
4,3,17,ym_re,23.305275855216564
4,3,18,ym_re,15.856049131543324
4,3,19,ym_re,1.8721435890922355
4,3,20,ym_re,2.4939632909108185
4,3,21,ym_re,0.10940359136428093
4,3,22,ym_re,1.7534434084055947e-07
4,3,23,ym_re,2.2632847859889615e-07
4,4,0,ym_re,1.6962727355939614e-06
4,4,1,ym_re,1.8469455671710762e-06
4,4,2,ym_re,0.07289303138333639
4,4,3,ym_re,2.848084176297943
4,4,4,ym_re,4.865538080574663
4,4,5,ym_re,0.35314595643466895
4,4,6,ym_re,4.311784788777163e-07
4,4,7,ym_re,2.6835451431272886e-07
4,4,8,ym_re,1.624883420541319e-07
4,4,9,ym_re,1.4605490805282752e-07
4,4,10,ym_re,2.8186274527750776e-07
4,4,11,ym_re,1.727048133184309e-07
4,4,12,ym_re,0.12644802227832286
4,4,13,ym_re,8.43963458885036e-08
4,4,14,ym_re,0.08777779201510873
4,4,15,ym_re,13.52442297562479
4,4,16,ym_re,10.742191577098104
4,4,17,ym_re,0.4569724972227731
4,4,18,ym_re,0.45699913097005535
4,4,19,ym_re,0.6250821786316659
4,4,20,ym_re,0.07450824763585409
4,4,21,ym_re,1.0427421558262912e-05
4,4,22,ym_re,1.753501402586084e-07
4,4,23,ym_re,2.2632928578080115e-07
4,5,0,ym_re,1.6962998754882472e-06
4,5,1,ym_re,1.847835928934348e-06
4,5,2,ym_re,0.041071300490705565
4,5,3,ym_re,15.945961842320978
4,5,4,ym_re,28.697198614397017
4,5,5,ym_re,1.454887453291928
4,5,6,ym_re,4.189805057576128e-07
4,5,7,ym_re,2.774181791253162e-07
4,5,8,ym_re,1.6268262031958995e-07
4,5,9,ym_re,1.4578893939437483e-07
4,5,10,ym_re,1.643169092834307e-07
4,5,11,ym_re,0.03327248198892361
4,5,12,ym_re,3.4326335127591436
4,5,13,ym_re,8.439634536286818e-08
4,5,14,ym_re,0.09285330773898375
4,5,15,ym_re,68.52365061307378
4,5,16,ym_re,28.244275261944562
4,5,17,ym_re,3.214614150310125
4,5,18,ym_re,13.859078810809882
4,5,19,ym_re,1.5161873635478755
4,5,20,ym_re,0.2005370904863857
4,5,21,ym_re,0.03508791474516559
4,5,22,ym_re,1.753365840967722e-07
4,5,23,ym_re,2.2635394382525673e-07
4,6,0,ym_re,1.6962480230796575e-06
4,6,1,ym_re,1.8462707094665607e-06
4,6,2,ym_re,0.041737046655051194
4,6,3,ym_re,8.482142467591121
4,6,4,ym_re,14.354256383883655
4,6,5,ym_re,0.795083100944811
4,6,6,ym_re,4.093239773906097e-07
4,6,7,ym_re,2.681545183003072e-07
4,6,8,ym_re,1.6254412240428988e-07
4,6,9,ym_re,1.4648202542464926e-07
4,6,10,ym_re,1.6868981946909012e-07
4,6,11,ym_re,0.05078763099205659
4,6,12,ym_re,0.4299661925503005
4,6,13,ym_re,8.439634551960992e-08
4,6,14,ym_re,1.5300834376276316e-07
4,6,15,ym_re,3.738596313864221
4,6,16,ym_re,2.3154585510150802
4,6,17,ym_re,4.730600261946625
4,6,18,ym_re,31.596636390793527
4,6,19,ym_re,0.726582753055072
4,6,20,ym_re,5.002516705236839e-07
4,6,21,ym_re,0.027966663457847776
4,6,22,ym_re,1.7533808516116053e-07
4,6,23,ym_re,2.2628923694597707e-07
4,7,0,ym_re,1.6963031514848138e-06
4,7,1,ym_re,1.8479297683191761e-06
4,7,2,ym_re,0.033716856263936924
4,7,3,ym_re,5.720454288495496
4,7,4,ym_re,9.906640582522437
4,7,5,ym_re,0.8651289909959669
4,7,6,ym_re,4.190956202648723e-07
4,7,7,ym_re,2.772518724798186e-07
4,7,8,ym_re,1.625431128998708e-07
4,7,9,ym_re,1.4595972779010554e-07
4,7,10,ym_re,1.6443382540656957e-07
4,7,11,ym_re,1.730749566383994e-07
4,7,12,ym_re,2.665242498843349
4,7,13,ym_re,8.439634550338744e-08
4,7,14,ym_re,0.18044239954433683
4,7,15,ym_re,4.170907644774686
4,7,16,ym_re,9.629149844533114
4,7,17,ym_re,5.363868578079892
4,7,18,ym_re,1.2987497263293641
4,7,19,ym_re,0.05695684592813682
4,7,20,ym_re,0.1741850433416651
4,7,21,ym_re,0.05144085535874761
4,7,22,ym_re,1.7533725199977023e-07
4,7,23,ym_re,2.263152672686425e-07
4,8,0,ym_re,1.696276310762621e-06
4,8,1,ym_re,1.8472474669148044e-06
4,8,2,ym_re,0.0318328166618051
4,8,3,ym_re,7.9592233388901175
4,8,4,ym_re,13.17477193044459
4,8,5,ym_re,0.6450295083257483
4,8,6,ym_re,4.317504577795415e-07
4,8,7,ym_re,2.6875708328715914e-07
4,8,8,ym_re,1.6237207655692358e-07
4,8,9,ym_re,1.461697034599307e-07
4,8,10,ym_re,1.6416823854713578e-07
4,8,11,ym_re,1.690374088170126e-07
4,8,12,ym_re,0.23314095551450367
4,8,13,ym_re,8.439634549356148e-08
4,8,14,ym_re,0.06106099011489391
4,8,15,ym_re,21.193727486334573
4,8,16,ym_re,21.131118039392433
4,8,17,ym_re,9.293650810514595
4,8,18,ym_re,1.4237932286779096
4,8,19,ym_re,0.3798053275918818
4,8,20,ym_re,0.2655287480886782
4,8,21,ym_re,0.12958337123810088
4,8,22,ym_re,1.7532891122930216e-07
4,8,23,ym_re,2.2625781202031648e-07
4,9,0,ym_re,1.6963245292976596e-06
4,9,1,ym_re,1.8485397925028992e-06
4,9,2,ym_re,0.13975529268146616
4,9,3,ym_re,5.964577207597139
4,9,4,ym_re,10.281765856660606
4,9,5,ym_re,1.1408878175743196
4,9,6,ym_re,4.3500497009820033e-07
4,9,7,ym_re,2.7833851052571315e-07
4,9,8,ym_re,1.6274002799769386e-07
4,9,9,ym_re,1.4600916481128454e-07
4,9,10,ym_re,1.6453531236808124e-07
4,9,11,ym_re,1.6940565257185527e-07
4,9,12,ym_re,0.08593292354134664
4,9,13,ym_re,8.441281110771678e-08
4,9,14,ym_re,0.025004223973900886
4,9,15,ym_re,11.619108590016634
4,9,16,ym_re,3.345180447141788
4,9,17,ym_re,1.715766118298445
4,9,18,ym_re,1.1385346107915972
4,9,19,ym_re,3.2766072973534176e-07
4,9,20,ym_re,4.137934730432167e-07
4,9,21,ym_re,5.855226442376716e-06
4,9,22,ym_re,1.7533785175209114e-07
4,9,23,ym_re,2.2630892195682856e-07
4,0,SUM,ym_re,20.89341531843649
4,1,SUM,ym_re,34.52561581927333
4,2,SUM,ym_re,93.52743090441452
4,3,SUM,ym_re,218.00884796976823
4,4,SUM,ym_re,34.234079585526715
4,5,SUM,ym_re,165.29131491731533
4,6,SUM,ym_re,67.28981959374624
4,7,SUM,ym_re,40.116889527652035
4,8,SUM,ym_re,75.92227192355165
4,9,SUM,ym_re,35.456525071915436
4,0,0,dp_re,8.58859100864322e-06
4,0,1,dp_re,9.8543677938657e-06
4,0,2,dp_re,1.0886680278942048e-05
4,0,3,dp_re,1.1391474836867654e-05
4,0,4,dp_re,1.1942150646753969e-05
4,0,5,dp_re,1.2565954131214798e-05
4,0,6,dp_re,5.120723273416728
4,0,7,dp_re,55.040802487135785
4,0,8,dp_re,58.983909791461926
4,0,9,dp_re,41.360643220441005
4,0,10,dp_re,71.18696750075104
4,0,11,dp_re,73.61671441194503
4,0,12,dp_re,41.64699503857409
4,0,13,dp_re,0.04251610140217274
4,0,14,dp_re,12.823190494977228
4,0,15,dp_re,10.927239895481796
4,0,16,dp_re,10.74684781567434
4,0,17,dp_re,25.131735405775668
4,0,18,dp_re,22.23741229559022
4,0,19,dp_re,7.609820536063896
4,0,20,dp_re,1.8906085459181927
4,0,21,dp_re,0.5532580938708007
4,0,22,dp_re,1.5540764350428223e-05
4,0,23,dp_re,1.6794176105967823e-05
4,1,0,dp_re,8.58754171724793e-06
4,1,1,dp_re,9.839224503179176e-06
4,1,2,dp_re,1.0647702955678941e-05
4,1,3,dp_re,1.137153587304706e-05
4,1,4,dp_re,1.1966721504754778e-05
4,1,5,dp_re,1.225376630128708e-05
4,1,6,dp_re,0.6348573841952453
4,1,7,dp_re,28.113335125818836
4,1,8,dp_re,20.248780576009203
4,1,9,dp_re,32.00644378086135
4,1,10,dp_re,20.736682534058
4,1,11,dp_re,32.97787828376327
4,1,12,dp_re,31.78765607852136
4,1,13,dp_re,0.06131275548171092
4,1,14,dp_re,50.045395541056735
4,1,15,dp_re,70.67185793501784
4,1,16,dp_re,22.26549734977826
4,1,17,dp_re,21.927100538909094
4,1,18,dp_re,32.416871802811535
4,1,19,dp_re,19.89988032787018
4,1,20,dp_re,3.1404591917062548
4,1,21,dp_re,0.6856869234177083
4,1,22,dp_re,1.549178572125998e-05
4,1,23,dp_re,1.6828455255697434e-05
4,2,0,dp_re,8.586396840241802e-06
4,2,1,dp_re,9.824744403472584e-06
4,2,2,dp_re,1.049947939362299e-05
4,2,3,dp_re,1.1072907248169333e-05
4,2,4,dp_re,1.1532311043118456e-05
4,2,5,dp_re,1.2020746871987135e-05
4,2,6,dp_re,8.339862673408953e-06
4,2,7,dp_re,7.602607126477298e-06
4,2,8,dp_re,2.2193158481992703
4,2,9,dp_re,28.660627938952622
4,2,10,dp_re,38.06056673709726
4,2,11,dp_re,29.059337034336185
4,2,12,dp_re,37.01313974755036
4,2,13,dp_re,0.05956800693182127
4,2,14,dp_re,40.739645345002714
4,2,15,dp_re,78.68323861939561
4,2,16,dp_re,106.34013253403126
4,2,17,dp_re,103.18718940707797
4,2,18,dp_re,217.2221876042556
4,2,19,dp_re,68.7796500933209
4,2,20,dp_re,5.995337971246653
4,2,21,dp_re,3.8377376194399164
4,2,22,dp_re,1.6336116302451604e-05
4,2,23,dp_re,1.682290231329179e-05
4,3,0,dp_re,8.586594182487116e-06
4,3,1,dp_re,9.826923560941757e-06
4,3,2,dp_re,1.0516611298689432e-05
4,3,3,dp_re,1.1124698117336032e-05
4,3,4,dp_re,1.161005110390002e-05
4,3,5,dp_re,1.2060896239020808e-05
4,3,6,dp_re,0.1145968874840399
4,3,7,dp_re,0.47379955294968457
4,3,8,dp_re,9.564629735889564
4,3,9,dp_re,15.470411213471195
4,3,10,dp_re,23.017472981913848
4,3,11,dp_re,36.97535636030173
4,3,12,dp_re,168.1815820032551
4,3,13,dp_re,9.054823073591711e-06
4,3,14,dp_re,38.94896941826935
4,3,15,dp_re,179.563367639315
4,3,16,dp_re,212.11657309746187
4,3,17,dp_re,192.47163766398185
4,3,18,dp_re,124.78597817416416
4,3,19,dp_re,42.547138705967654
4,3,20,dp_re,23.17102655637617
4,3,21,dp_re,2.065537811335338
4,3,22,dp_re,1.5464146335740193e-05
4,3,23,dp_re,1.6820119823466472e-05
4,4,0,dp_re,8.587758962865815e-06
4,4,1,dp_re,9.843546617335317e-06
4,4,2,dp_re,1.0726794621510695e-05
4,4,3,dp_re,1.1228248043085532e-05
4,4,4,dp_re,1.1753704960238906e-05
4,4,5,dp_re,1.2319999922258763e-05
4,4,6,dp_re,8.87047218366887e-06
4,4,7,dp_re,7.930279002918918
4,4,8,dp_re,6.984753883283328
4,4,9,dp_re,10.656955052955507
4,4,10,dp_re,8.800056096762047
4,4,11,dp_re,10.710975740757348
4,4,12,dp_re,9.866735213323272
4,4,13,dp_re,0.04664971306190625
4,4,14,dp_re,29.13566410074915
4,4,15,dp_re,55.966542261948305
4,4,16,dp_re,141.98211781696102
4,4,17,dp_re,28.121608146796806
4,4,18,dp_re,6.510999447272757
4,4,19,dp_re,25.566353077104903
4,4,20,dp_re,2.568325401785223
4,4,21,dp_re,0.7354352835996905
4,4,22,dp_re,1.5336020120722037e-05
4,4,23,dp_re,1.681148042085515e-05
4,5,0,dp_re,8.587259039393813e-06
4,5,1,dp_re,9.836014564244835e-06
4,5,2,dp_re,1.0622713356371518e-05
4,5,3,dp_re,1.124433337315135e-05
4,5,4,dp_re,1.1778971421851418e-05
4,5,5,dp_re,1.2203309677139334e-05
4,5,6,dp_re,0.5782559463910376
4,5,7,dp_re,0.33193320123365366
4,5,8,dp_re,30.834381385388323
4,5,9,dp_re,19.08752703760371
4,5,10,dp_re,22.136831386830842
4,5,11,dp_re,21.3217910828087
4,5,12,dp_re,71.15691482015858
4,5,13,dp_re,0.06181131253435118
4,5,14,dp_re,56.815688807244676
4,5,15,dp_re,371.8328021526931
4,5,16,dp_re,228.5949247709045
4,5,17,dp_re,50.95373059783144
4,5,18,dp_re,82.51808872359133
4,5,19,dp_re,49.35406098265631
4,5,20,dp_re,7.76117370912853
4,5,21,dp_re,2.154036472525344
4,5,22,dp_re,1.5822233818096753e-05
4,5,23,dp_re,1.6844922667940582e-05
4,6,0,dp_re,8.588248060853583e-06
4,6,1,dp_re,9.849709669282258e-06
4,6,2,dp_re,1.0810254071235731e-05
4,6,3,dp_re,1.1327433050514773e-05
4,6,4,dp_re,1.1879879508845116e-05
4,6,5,dp_re,1.2452602291586132e-05
4,6,6,dp_re,0.8460586285761343
4,6,7,dp_re,21.859858740895124
4,6,8,dp_re,39.148364761808445
4,6,9,dp_re,52.35186921696338
4,6,10,dp_re,39.74269854694248
4,6,11,dp_re,40.102866986882326
4,6,12,dp_re,22.04649596055046
4,6,13,dp_re,0.05208824970929319
4,6,14,dp_re,39.1074247835329
4,6,15,dp_re,37.55108574854406
4,6,16,dp_re,34.1431823590619
4,6,17,dp_re,77.32674004518098
4,6,18,dp_re,111.14846265447046
4,6,19,dp_re,17.31691731768435
4,6,20,dp_re,4.2264758170884305
4,6,21,dp_re,0.987287184041191
4,6,22,dp_re,1.5826142664483516e-05
4,6,23,dp_re,1.679660780874669e-05
4,7,0,dp_re,8.587202834677833e-06
4,7,1,dp_re,9.835165360652422e-06
4,7,2,dp_re,1.0611184549706292e-05
4,7,3,dp_re,1.1301206614798266e-05
4,7,4,dp_re,1.1834013156878285e-05
4,7,5,dp_re,1.2199410955153018e-05
4,7,6,dp_re,0.09206184585157741
4,7,7,dp_re,0.20129072129694875
4,7,8,dp_re,5.878896923467343
4,7,9,dp_re,5.84653309394231
4,7,10,dp_re,6.996791516652471
4,7,11,dp_re,21.15389736588095
4,7,12,dp_re,63.16156554919663
4,7,13,dp_re,0.05573862101708205
4,7,14,dp_re,33.744414853292874
4,7,15,dp_re,38.511871084109174
4,7,16,dp_re,108.7835954727649
4,7,17,dp_re,62.40410178811974
4,7,18,dp_re,52.59280317340338
4,7,19,dp_re,12.214761041625284
4,7,20,dp_re,9.391794572674117
4,7,21,dp_re,0.5732712277903632
4,7,22,dp_re,1.5599544412182572e-05
4,7,23,dp_re,1.6810306749757787e-05
4,8,0,dp_re,8.587711541470634e-06
4,8,1,dp_re,9.842094959711792e-06
4,8,2,dp_re,1.0691151874968087e-05
4,8,3,dp_re,1.1275734121639406e-05
4,8,4,dp_re,1.1834608443522349e-05
4,8,5,dp_re,1.227161170971361e-05
4,8,6,dp_re,8.903337931783403e-06
4,8,7,dp_re,30.195195244350447
4,8,8,dp_re,13.18340071585558
4,8,9,dp_re,11.154179226335282
4,8,10,dp_re,14.261447121432195
4,8,11,dp_re,14.742184167154596
4,8,12,dp_re,30.191777986816856
4,8,13,dp_re,0.05034089073502062
4,8,14,dp_re,55.6423109695256
4,8,15,dp_re,155.5442282128762
4,8,16,dp_re,192.44389193849005
4,8,17,dp_re,48.70760228241293
4,8,18,dp_re,22.177834844825412
4,8,19,dp_re,37.236281343524645
4,8,20,dp_re,9.082917280725674
4,8,21,dp_re,0.5535169485901927
4,8,22,dp_re,1.5696570827413065e-05
4,8,23,dp_re,1.6778303829712414e-05
4,9,0,dp_re,8.586773847286468e-06
4,9,1,dp_re,9.829419361222265e-06
4,9,2,dp_re,1.0543323265022573e-05
4,9,3,dp_re,1.1142022962711755e-05
4,9,4,dp_re,1.1603452197016418e-05
4,9,5,dp_re,1.2084441723170582e-05
4,9,6,dp_re,8.705377529477976e-06
4,9,7,dp_re,0.18878845340731235
4,9,8,dp_re,17.506217774974512
4,9,9,dp_re,12.619514628058276
4,9,10,dp_re,13.359705140077757
4,9,11,dp_re,21.81326743476676
4,9,12,dp_re,9.939868520760264
4,9,13,dp_re,9.05481941831122e-06
4,9,14,dp_re,51.503604847783315
4,9,15,dp_re,51.64990787051398
4,9,16,dp_re,53.31460383747813
4,9,17,dp_re,59.15739488454701
4,9,18,dp_re,22.10723590047418
4,9,19,dp_re,6.9566214726150735
4,9,20,dp_re,4.635309793106935
4,9,21,dp_re,0.6376046905118169
4,9,22,dp_re,1.5645656377086218e-05
4,9,23,dp_re,1.6817255950714916e-05
4,0,SUM,dp_re,438.919482472639
4,1,SUM,dp_re,387.6197931160104
4,2,SUM,dp_re,759.8577871449123
4,3,SUM,dp_re,1069.4681828670002
4,4,SUM,dp_re,345.583555717306
4,5,SUM,dp_re,1015.4940493292822
4,6,SUM,dp_re,537.957974532809
4,7,SUM,dp_re,421.60348562911975
4,8,SUM,dp_re,635.167215054776
4,9,SUM,dp_re,325.389759261618
4,0,0,dm_re,8.584810593050127e-06
4,0,1,dm_re,9.821195038160328e-06
4,0,2,dm_re,1.048732907397995e-05
4,0,3,dm_re,1.1131005766752404e-05
4,0,4,dm_re,1.1629075941898484e-05
4,0,5,dm_re,1.201773150985973e-05
4,0,6,dm_re,0.05380392946255244
4,0,7,dm_re,0.27597954094927746
4,0,8,dm_re,25.9985320908437
4,0,9,dm_re,41.51105077338704
4,0,10,dm_re,68.25533728507521
4,0,11,dm_re,55.38620493443018
4,0,12,dm_re,54.0216740759013
4,0,13,dm_re,9.058353285456611e-06
4,0,14,dm_re,29.663373912003443
4,0,15,dm_re,36.462068100256836
4,0,16,dm_re,60.44911189133175
4,0,17,dm_re,42.284277531033005
4,0,18,dm_re,53.5660391444951
4,0,19,dm_re,6.819856937653342
4,0,20,dm_re,4.576163779292415
4,0,21,dm_re,1.327675209942899
4,0,22,dm_re,1.580805513055745e-05
4,0,23,dm_re,1.6448115634803882e-05
4,1,0,dm_re,8.585835912824465e-06
4,1,1,dm_re,9.83554674510717e-06
4,1,2,dm_re,1.0646038261094696e-05
4,1,3,dm_re,1.1121806534142733e-05
4,1,4,dm_re,1.1580390148265078e-05
4,1,5,dm_re,1.2214038456215116e-05
4,1,6,dm_re,0.5064568119015072
4,1,7,dm_re,1.8721401227175556
4,1,8,dm_re,14.532521726333233
4,1,9,dm_re,25.658450729285306
4,1,10,dm_re,33.36518320076796
4,1,11,dm_re,41.32336148618723
4,1,12,dm_re,38.73852217179469
4,1,13,dm_re,9.058349174376435e-06
4,1,14,dm_re,39.49804640847332
4,1,15,dm_re,82.00980536272672
4,1,16,dm_re,42.1884976950356
4,1,17,dm_re,40.352299947630634
4,1,18,dm_re,62.6355008398492
4,1,19,dm_re,16.759310433574566
4,1,20,dm_re,3.7090722221882153
4,1,21,dm_re,0.3961361116148522
4,1,22,dm_re,1.5884915467353724e-05
4,1,23,dm_re,1.639811442158051e-05
4,2,0,dm_re,8.58695783705526e-06
4,2,1,dm_re,9.849770094762834e-06
4,2,2,dm_re,1.0795407249274665e-05
4,2,3,dm_re,1.1426465144729268e-05
4,2,4,dm_re,1.2031011488271445e-05
4,2,5,dm_re,1.244921802876616e-05
4,2,6,dm_re,2.4632637756719613
4,2,7,dm_re,48.168233572418565
4,2,8,dm_re,29.593300107659793
4,2,9,dm_re,39.66199228701892
4,2,10,dm_re,29.069756094137233
4,2,11,dm_re,31.083458889620857
4,2,12,dm_re,42.59174937097175
4,2,13,dm_re,9.058349395315623e-06
4,2,14,dm_re,34.96482628724454
4,2,15,dm_re,89.79305153561198
4,2,16,dm_re,152.04673977575533
4,2,17,dm_re,76.23776868672464
4,2,18,dm_re,64.26916241148902
4,2,19,dm_re,66.19094857104413
4,2,20,dm_re,8.59439777477817
4,2,21,dm_re,6.594810304866761
4,2,22,dm_re,1.5446800440264513e-05
4,2,23,dm_re,1.6404114899980746e-05
4,3,0,dm_re,8.586764451581484e-06
4,3,1,dm_re,9.847629959436511e-06
4,3,2,dm_re,1.0778073655823356e-05
4,3,3,dm_re,1.1377697595177615e-05
4,3,4,dm_re,1.1958648350147417e-05
4,3,5,dm_re,1.240915860950097e-05
4,3,6,dm_re,1.1765445558852607
4,3,7,dm_re,29.07348684934396
4,3,8,dm_re,27.582984492824277
4,3,9,dm_re,16.990506822758075
4,3,10,dm_re,15.329715320608281
4,3,11,dm_re,43.29110641544676
4,3,12,dm_re,90.46087017478854
4,3,13,dm_re,0.1780986358291231
4,3,14,dm_re,71.44027653555192
4,3,15,dm_re,205.67659153850033
4,3,16,dm_re,182.5588195457869
4,3,17,dm_re,94.32740749172561
4,3,18,dm_re,113.15434450642391
4,3,19,dm_re,44.19006347716013
4,3,20,dm_re,20.622515661822217
4,3,21,dm_re,0.7039108554754395
4,3,22,dm_re,1.5812885621046486e-05
4,3,23,dm_re,1.6404300674207985e-05
4,4,0,dm_re,8.585623175890431e-06
4,4,1,dm_re,9.8313334399817e-06
4,4,2,dm_re,1.0572619329839964e-05
4,4,3,dm_re,1.124766757019365e-05
4,4,4,dm_re,1.1761852726304522e-05
4,4,5,dm_re,1.215335392418948e-05
4,4,6,dm_re,0.6745704090956752
4,4,7,dm_re,1.2211116722358892
4,4,8,dm_re,7.088896594817912
4,4,9,dm_re,9.824202884820338
4,4,10,dm_re,7.135655968789866
4,4,11,dm_re,12.749240862208831
4,4,12,dm_re,11.985719053744795
4,4,13,dm_re,9.058355792243546e-06
4,4,14,dm_re,24.95172390869972
4,4,15,dm_re,127.03970132892294
4,4,16,dm_re,96.57356070241283
4,4,17,dm_re,36.199415684955696
4,4,18,dm_re,21.463430822671647
4,4,19,dm_re,25.093325871787133
4,4,20,dm_re,1.783850471389201
4,4,21,dm_re,7.027773724905437e-05
4,4,22,dm_re,1.5907847595928626e-05
4,4,23,dm_re,1.6413163955168476e-05
4,5,0,dm_re,8.58611284191739e-06
4,5,1,dm_re,9.838689479918942e-06
4,5,2,dm_re,1.0670647627761887e-05
4,5,3,dm_re,1.1241051166738387e-05
4,5,4,dm_re,1.1753903663784021e-05
4,5,5,dm_re,1.2263946872122826e-05
4,5,6,dm_re,1.094614276469437
4,5,7,dm_re,33.57008238065294
4,5,8,dm_re,30.69078822269975
4,5,9,dm_re,23.046539791823534
4,5,10,dm_re,22.941833471008017
4,5,11,dm_re,22.637011188955935
4,5,12,dm_re,83.74342248719903
4,5,13,dm_re,9.058348622698754e-06
4,5,14,dm_re,79.09351485008295
4,5,15,dm_re,130.30545750635062
4,5,16,dm_re,135.65102787957463
4,5,17,dm_re,75.03537174141563
4,5,18,dm_re,97.19018617188429
4,5,19,dm_re,36.63520887705863
4,5,20,dm_re,6.430936337450407
4,5,21,dm_re,0.2964198307191727
4,5,22,dm_re,1.5474816522282765e-05
4,5,23,dm_re,1.6386897515652522e-05
4,6,0,dm_re,8.585145811463315e-06
4,6,1,dm_re,9.82559816243915e-06
4,6,2,dm_re,1.0530406372626073e-05
4,6,3,dm_re,1.1173375577300844e-05
4,6,4,dm_re,1.167854988982609e-05
4,6,5,dm_re,1.207892105331211e-05
4,6,6,dm_re,0.44999948068393875
4,6,7,dm_re,2.836684933297371
4,6,8,dm_re,26.197771028022707
4,6,9,dm_re,40.26389881128444
4,6,10,dm_re,35.773794468393824
4,6,11,dm_re,39.24239256745997
4,6,12,dm_re,41.99803904647402
4,6,13,dm_re,9.058350531893182e-06
4,6,14,dm_re,34.422331480751794
4,6,15,dm_re,62.310581636919615
4,6,16,dm_re,93.57285813290264
4,6,17,dm_re,79.32449101547309
4,6,18,dm_re,137.45229006519173
4,6,19,dm_re,36.00057237158636
4,6,20,dm_re,4.844607241628459
4,6,21,dm_re,0.2634817624576555
4,6,22,dm_re,1.5491222367503935e-05
4,6,23,dm_re,1.6445740381390517e-05
4,7,0,dm_re,8.586168018379668e-06
4,7,1,dm_re,9.839540958208165e-06
4,7,2,dm_re,1.0684053433847555e-05
4,7,3,dm_re,1.1177671694370289e-05
4,7,4,dm_re,1.1680219384116374e-05
4,7,5,dm_re,1.226977889692953e-05
4,7,6,dm_re,0.7424369746501478
4,7,7,dm_re,11.955005833258259
4,7,8,dm_re,9.788971235739027
4,7,9,dm_re,9.591514526220772
4,7,10,dm_re,12.923519669507652
4,7,11,dm_re,20.58018012155487
4,7,12,dm_re,58.96304552403905
4,7,13,dm_re,9.058350260380685e-06
4,7,14,dm_re,28.932656936439344
4,7,15,dm_re,81.39455346849579
4,7,16,dm_re,150.80557452723758
4,7,17,dm_re,64.65729706345331
4,7,18,dm_re,54.82560712354015
4,7,19,dm_re,22.819523209064613
4,7,20,dm_re,10.552628488433468
4,7,21,dm_re,0.706424023818127
4,7,22,dm_re,1.5647635846555243e-05
4,7,23,dm_re,1.641371330985993e-05
4,8,0,dm_re,8.585670345418565e-06
4,8,1,dm_re,9.832854659932515e-06
4,8,2,dm_re,1.0614621722816866e-05
4,8,3,dm_re,1.122492635200655e-05
4,8,4,dm_re,1.1732298889938233e-05
4,8,5,dm_re,1.2209667268374094e-05
4,8,6,dm_re,1.038900604822894
4,8,7,dm_re,2.9103201061197734
4,8,8,dm_re,14.730583697440586
4,8,9,dm_re,12.496657627551055
4,8,10,dm_re,20.999531617969033
4,8,11,dm_re,18.95666313600814
4,8,12,dm_re,31.111198143856555
4,8,13,dm_re,9.058350014378397e-06
4,8,14,dm_re,39.27402222430434
4,8,15,dm_re,116.87214029623223
4,8,16,dm_re,122.67022585400422
4,8,17,dm_re,100.12629255442005
4,8,18,dm_re,52.98572145013416
4,8,19,dm_re,28.366331277355503
4,8,20,dm_re,6.605123836955074
4,8,21,dm_re,1.4972169833467441
4,8,22,dm_re,1.5646177718238677e-05
4,8,23,dm_re,1.6462263319038495e-05
4,9,0,dm_re,8.586588192529898e-06
4,9,1,dm_re,9.845151059726419e-06
4,9,2,dm_re,1.0748823456078613e-05
4,9,3,dm_re,1.1341051552354876e-05
4,9,4,dm_re,1.1922472007792195e-05
4,9,5,dm_re,1.2380607990180059e-05
4,9,6,dm_re,1.047160344531802
4,9,7,dm_re,13.56325563529881
4,9,8,dm_re,18.1510054793177
4,9,9,dm_re,9.722840937235599
4,9,10,dm_re,13.425874097069272
4,9,11,dm_re,17.569352927388557
4,9,12,dm_re,30.967210177138963
4,9,13,dm_re,0.16507247860510488
4,9,14,dm_re,23.599734942020458
4,9,15,dm_re,118.74771193746903
4,9,16,dm_re,74.18472678407223
4,9,17,dm_re,60.60238883746137
4,9,18,dm_re,36.33061404080803
4,9,19,dm_re,4.683654526252118
4,9,20,dm_re,3.157348427815045
4,9,21,dm_re,4.66814920466631e-05
4,9,22,dm_re,1.5566932297934037e-05
4,9,23,dm_re,1.6407947383879768e-05
4,0,SUM,dm_re,480.65125412173006
4,1,SUM,dm_re,443.54541059511575
4,2,SUM,dm_re,721.3235654931082
4,3,SUM,dm_re,956.7573400550896
4,4,SUM,dm_re,383.78458204610723
4,5,SUM,dm_re,778.3625202877593
4,6,SUM,dm_re,634.9538989098378
4,7,SUM,dm_re,539.239044082584
4,8,SUM,dm_re,570.6410347773506
4,9,SUM,dm_re,425.91809505355013
4,0,0,x_hol,1.1299670266075811e-09
4,0,1,x_hol,1.306286751587084e-09
4,0,2,x_hol,1.413499643086889e-09
4,0,3,x_hol,1.510111436212533e-09
4,0,4,x_hol,1.6343151038073332e-09
4,0,5,x_hol,1.8552256746124043e-09
4,0,6,x_hol,3.338542238850032e-09
4,0,7,x_hol,4.713721324791468e-09
4,0,8,x_hol,223.21309672234082
4,0,9,x_hol,238.0442555717662
4,0,10,x_hol,409.0143375756807
4,0,11,x_hol,365.9281632700076
4,0,12,x_hol,312.82059029057007
4,0,13,x_hol,0.0
4,0,14,x_hol,123.16827813194148
4,0,15,x_hol,118.07164388239703
4,0,16,x_hol,181.0878679956151
4,0,17,x_hol,195.55536531404064
4,0,18,x_hol,200.80795760071356
4,0,19,x_hol,39.233140964138435
4,0,20,x_hol,40.01075410543749
4,0,21,x_hol,5.879822304988389
4,0,22,x_hol,2.5316269058112034e-07
4,0,23,x_hol,1.676470420094625e-06
4,1,0,x_hol,1.1299641530028434e-09
4,1,1,x_hol,1.3062431722581035e-09
4,1,2,x_hol,1.4129391617574927e-09
4,1,3,x_hol,1.5100943924609932e-09
4,1,4,x_hol,1.6344621678217819e-09
4,1,5,x_hol,1.8540632495371396e-09
4,1,6,x_hol,3.300579161690399e-09
4,1,7,x_hol,4.635003646117602e-09
4,1,8,x_hol,85.64215018478387
4,1,9,x_hol,129.84106902205312
4,1,10,x_hol,192.4570433758698
4,1,11,x_hol,236.98101217257033
4,1,12,x_hol,230.74134416150525
4,1,13,x_hol,0.0
4,1,14,x_hol,323.95699608639046
4,1,15,x_hol,485.4707022003659
4,1,16,x_hol,170.85456301882127
4,1,17,x_hol,216.8183526455922
4,1,18,x_hol,281.08262930248554
4,1,19,x_hol,127.37484614835608
4,1,20,x_hol,53.73943959316558
4,1,21,x_hol,4.056381236771584
4,1,22,x_hol,2.480262489376892e-07
4,1,23,x_hol,1.6937883597456283e-06
4,2,0,x_hol,1.1299626699559948e-09
4,2,1,x_hol,1.3061998832968549e-09
4,2,2,x_hol,1.4124934759742757e-09
4,2,3,x_hol,1.509134990250929e-09
4,2,4,x_hol,1.63289081990465e-09
4,2,5,x_hol,1.8529260118896734e-09
4,2,6,x_hol,3.184931423779367e-09
4,2,7,x_hol,4.304443042499502e-09
4,2,8,x_hol,1.6405666075108623e-07
4,2,9,x_hol,251.29989048978038
4,2,10,x_hol,194.98469699103177
4,2,11,x_hol,200.4136824138487
4,2,12,x_hol,263.91133641773416
4,2,13,x_hol,0.0
4,2,14,x_hol,228.44701803718027
4,2,15,x_hol,515.5244346750845
4,2,16,x_hol,888.6132259516049
4,2,17,x_hol,583.1205279686694
4,2,18,x_hol,776.3545389862568
4,2,19,x_hol,469.41951036360916
4,2,20,x_hol,123.95991924007878
4,2,21,x_hol,135.9968276510068
4,2,22,x_hol,2.599093254589013e-07
4,2,23,x_hol,1.6885276111476843e-06
4,3,0,x_hol,1.1299650167093915e-09
4,3,1,x_hol,1.3062065540151712e-09
4,3,2,x_hol,1.4125455100826783e-09
4,3,3,x_hol,1.509293970109661e-09
4,3,4,x_hol,1.6331576182411567e-09
4,3,5,x_hol,1.8531056412994071e-09
4,3,6,x_hol,3.260847834501248e-09
4,3,7,x_hol,4.338975167059253e-09
4,3,8,x_hol,3.7411623428622965e-07
4,3,9,x_hol,30.971243823159522
4,3,10,x_hol,98.44457174431595
4,3,11,x_hol,352.0360325170423
4,3,12,x_hol,816.1130967288191
4,3,13,x_hol,0.0
4,3,14,x_hol,428.60474139300834
4,3,15,x_hol,1208.0082082883382
4,3,16,x_hol,1349.3783693573928
4,3,17,x_hol,829.8372922661853
4,3,18,x_hol,771.3505279804568
4,3,19,x_hol,348.85692319127844
4,3,20,x_hol,323.83880181918806
4,3,21,x_hol,8.986203676893059
4,3,22,x_hol,2.5025369309887565e-07
4,3,23,x_hol,1.6879657031798994e-06
4,4,0,x_hol,1.1299667688299163e-09
4,4,1,x_hol,1.3062576054101749e-09
4,4,2,x_hol,1.4131650675344665e-09
4,4,3,x_hol,1.5096695399133128e-09
4,4,4,x_hol,1.6337670683331796e-09
4,4,5,x_hol,1.8543950233031471e-09
4,4,6,x_hol,3.19889735482717e-09
4,4,7,x_hol,4.593948537401809e-09
4,4,8,x_hol,38.95425237900664
4,4,9,x_hol,66.08715534010416
4,4,10,x_hol,44.73827823038789
4,4,11,x_hol,82.94586582062288
4,4,12,x_hol,56.683425194618586
4,4,13,x_hol,0.0
4,4,14,x_hol,182.27547289084734
4,4,15,x_hol,545.7243022767674
4,4,16,x_hol,545.7082481694872
4,4,17,x_hol,186.1607993739962
4,4,18,x_hol,73.65328321163251
4,4,19,x_hol,141.42240603125754
4,4,20,x_hol,33.07630215461971
4,4,21,x_hol,0.0001790775049574461
4,4,22,x_hol,2.46653936128917e-07
4,4,23,x_hol,1.6850557148525775e-06
4,5,0,x_hol,1.1299668358188685e-09
4,5,1,x_hol,1.3062330021956236e-09
4,5,2,x_hol,1.4128622379091286e-09
4,5,3,x_hol,1.5097020366424634e-09
4,5,4,x_hol,1.6338235757252159e-09
4,5,5,x_hol,1.8538196523624394e-09
4,5,6,x_hol,3.272669506263676e-09
4,5,7,x_hol,4.362732808443086e-09
4,5,8,x_hol,141.80163661943612
4,5,9,x_hol,82.25429293713918
4,5,10,x_hol,134.36977288458615
4,5,11,x_hol,203.79052479051046
4,5,12,x_hol,515.4728393601588
4,5,13,x_hol,0.0
4,5,14,x_hol,703.3642637987631
4,5,15,x_hol,1611.4497508301824
4,5,16,x_hol,1220.2063869057301
4,5,17,x_hol,438.8362072921553
4,5,18,x_hol,647.9480479603408
4,5,19,x_hol,367.25235894065736
4,5,20,x_hol,146.2455962392378
4,5,21,x_hol,2.878000172229385
4,5,22,x_hol,2.583876772703062e-07
4,5,23,x_hol,1.7033823042772568e-06
4,6,0,x_hol,1.1299662602093469e-09
4,6,1,x_hol,1.3062724985347174e-09
4,6,2,x_hol,1.4133369214127353e-09
4,6,3,x_hol,1.5099407976216484e-09
4,6,4,x_hol,1.6341261570914217e-09
4,6,5,x_hol,1.8548467484871082e-09
4,6,6,x_hol,3.311060751747423e-09
4,6,7,x_hol,4.62985579403325e-09
4,6,8,x_hol,149.88491865447511
4,6,9,x_hol,263.97783132424956
4,6,10,x_hol,236.767302508252
4,6,11,x_hol,272.49961440358163
4,6,12,x_hol,200.99983377924215
4,6,13,x_hol,0.0
4,6,14,x_hol,190.35142260195255
4,6,15,x_hol,319.9066692875716
4,6,16,x_hol,329.60879034181505
4,6,17,x_hol,430.3009518479553
4,6,18,x_hol,868.3837123043077
4,6,19,x_hol,232.60714118850083
4,6,20,x_hol,51.73697178765292
4,6,21,x_hol,3.8929581554036905
4,6,22,x_hol,2.5542699422865147e-07
4,6,23,x_hol,1.6699165953169708e-06
4,7,0,x_hol,1.1299632261551131e-09
4,7,1,x_hol,1.306231426560221e-09
4,7,2,x_hol,1.4128259229444503e-09
4,7,3,x_hol,1.5098957634565368e-09
4,7,4,x_hol,1.6340482951627572e-09
4,7,5,x_hol,1.8537855976712427e-09
4,7,6,x_hol,3.281225479670323e-09
4,7,7,x_hol,4.37555915587338e-09
4,7,8,x_hol,18.013957364713683
4,7,9,x_hol,28.99896327749884
4,7,10,x_hol,57.643600604178054
4,7,11,x_hol,138.46273227886428
4,7,12,x_hol,334.07338608852194
4,7,13,x_hol,0.0
4,7,14,x_hol,180.62135013691474
4,7,15,x_hol,395.7831973619577
4,7,16,x_hol,656.6363875163858
4,7,17,x_hol,382.4351526433375
4,7,18,x_hol,296.9693026316171
4,7,19,x_hol,138.2434759072954
4,7,20,x_hol,114.1367922025405
4,7,21,x_hol,7.180026036756282
4,7,22,x_hol,2.516015258632933e-07
4,7,23,x_hol,1.6926929253096426e-06
4,8,0,x_hol,1.129964791424602e-09
4,8,1,x_hol,1.3062505848353062e-09
4,8,2,x_hol,1.4130511052516946e-09
4,8,3,x_hol,1.5097749586528506e-09
4,8,4,x_hol,1.6339462509863802e-09
4,8,5,x_hol,1.8541480915142147e-09
4,8,6,x_hol,3.199960831527024e-09
4,8,7,x_hol,4.61631608220647e-09
4,8,8,x_hol,43.835769090645506
4,8,9,x_hol,72.03031221915077
4,8,10,x_hol,90.64966602700683
4,8,11,x_hol,117.66470144173252
4,8,12,x_hol,181.9205918268072
4,8,13,x_hol,0.0
4,8,14,x_hol,336.6137896743791
4,8,15,x_hol,827.082686715022
4,8,16,x_hol,849.7283946424973
4,8,17,x_hol,511.3849864293177
4,8,18,x_hol,230.8055997926223
4,8,19,x_hol,211.90910355685438
4,8,20,x_hol,129.77989824069303
4,8,21,x_hol,6.237964598585905
4,8,22,x_hol,2.5163785096147894e-07
4,8,23,x_hol,1.6737170223616685e-06
4,9,0,x_hol,1.129962054912796e-09
4,9,1,x_hol,1.3062147611200196e-09
4,9,2,x_hol,1.4126322800823243e-09
4,9,3,x_hol,1.5093819888665256e-09
4,9,4,x_hol,1.633205024307565e-09
4,9,5,x_hol,1.8532568071728087e-09
4,9,6,x_hol,3.192821676490108e-09
4,9,7,x_hol,4.364128381681641e-09
4,9,8,x_hol,71.79842887326699
4,9,9,x_hol,74.66119746368196
4,9,10,x_hol,76.7200755151457
4,9,11,x_hol,125.14953160889438
4,9,12,x_hol,139.8932672279634
4,9,13,x_hol,0.0
4,9,14,x_hol,222.25791195139155
4,9,15,x_hol,562.9502535370165
4,9,16,x_hol,403.8724938023447
4,9,17,x_hol,321.9321429399213
4,9,18,x_hol,178.30996384997184
4,9,19,x_hol,35.47190879079312
4,9,20,x_hol,62.153633506964354
4,9,21,x_hol,0.00010352131111565344
4,9,22,x_hol,2.524641618944426e-07
4,9,23,x_hol,1.6858695965643768e-06
4,0,SUM,x_hol,2452.8352756761724
4,1,SUM,x_hol,2539.016531107329
4,2,SUM,x_hol,4632.045611314712
4,3,SUM,x_hol,6566.426015114857
4,4,SUM,x_hol,1997.429972099203
4,5,SUM,x_hol,6215.869680709379
4,6,SUM,x_hol,3550.918120127093
4,7,SUM,x_hol,2749.1983260113802
4,8,SUM,x_hol,3609.6434661973335
4,9,SUM,x_hol,2275.1709145434024
4,0,0,yp_hol,7.818545762736665e-08
4,0,1,yp_hol,8.832592221119222e-08
4,0,2,yp_hol,9.412752030319355e-08
4,0,3,yp_hol,1.118949855572308e-07
4,0,4,yp_hol,1.1230865004258263e-07
4,0,5,yp_hol,1.4195631098060977e-07
4,0,6,yp_hol,1.723671624015786
4,0,7,yp_hol,14.972213456453412
4,0,8,yp_hol,9.76679629471374
4,0,9,yp_hol,0.5423933814224704
4,0,10,yp_hol,1.7664250904246978e-07
4,0,11,yp_hol,5.885368703195682
4,0,12,yp_hol,23.278303680347054
4,0,13,yp_hol,284.3244538350304
4,0,14,yp_hol,32.050599802370314
4,0,15,yp_hol,2.643738153520191e-05
4,0,16,yp_hol,5.968939978427859e-06
4,0,17,yp_hol,1.1605036394140076
4,0,18,yp_hol,1.9288376867838855
4,0,19,yp_hol,0.9748983128789245
4,0,20,yp_hol,2.757306156099478
4,0,21,yp_hol,4.59050242936919
4,0,22,yp_hol,7.192510016563082
4,0,23,yp_hol,1.881000491878654
4,1,0,yp_hol,7.818531057784399e-08
4,1,1,yp_hol,8.832402788347668e-08
4,1,2,yp_hol,9.4104584506398e-08
4,1,3,yp_hol,1.1189548421383636e-07
4,1,4,yp_hol,1.1231024154260558e-07
4,1,5,yp_hol,1.419326094353539e-07
4,1,6,yp_hol,0.33781672287594056
4,1,7,yp_hol,3.480765574470074
4,1,8,yp_hol,1.2326917841069474
4,1,9,yp_hol,0.13449872220299466
4,1,10,yp_hol,1.7495351135457145e-07
4,1,11,yp_hol,1.225749343254811
4,1,12,yp_hol,3.029917109344794
4,1,13,yp_hol,543.5524441022072
4,1,14,yp_hol,118.31541485240137
4,1,15,yp_hol,2.467659024904239
4,1,16,yp_hol,0.10561911619847414
4,1,17,yp_hol,0.12341392889747396
4,1,18,yp_hol,1.4039357849242333
4,1,19,yp_hol,1.25467326781565
4,1,20,yp_hol,2.92465584099582
4,1,21,yp_hol,5.615615647339168
4,1,22,yp_hol,7.631141993993066
4,1,23,yp_hol,1.8810006684626595
4,2,0,yp_hol,7.818523198277278e-08
4,2,1,yp_hol,8.832196463384296e-08
4,2,2,yp_hol,9.40875582353916e-08
4,2,3,yp_hol,1.118521608576813e-07
4,2,4,yp_hol,1.1225955264862574e-07
4,2,5,yp_hol,1.4188976105434692e-07
4,2,6,yp_hol,8.74756882077775e-07
4,2,7,yp_hol,1.7624752344194372e-06
4,2,8,yp_hol,1.8029129808220772e-06
4,2,9,yp_hol,0.27933059364800905
4,2,10,yp_hol,1.7258356720634572e-07
4,2,11,yp_hol,0.6445869915158368
4,2,12,yp_hol,7.0557474565962375
4,2,13,yp_hol,470.2193860259659
4,2,14,yp_hol,59.86385129191809
4,2,15,yp_hol,4.16854319769956
4,2,16,yp_hol,6.005686135248962
4,2,17,yp_hol,9.662319720156649
4,2,18,yp_hol,43.1403339147569
4,2,19,yp_hol,8.00006049001258
4,2,20,yp_hol,6.048363955868647
4,2,21,yp_hol,8.316652448441545
4,2,22,yp_hol,15.813274790754456
4,2,23,yp_hol,3.7620006829813586
4,3,0,yp_hol,7.818534086146636e-08
4,3,1,yp_hol,8.832227289588743e-08
4,3,2,yp_hol,9.408940083638354e-08
4,3,3,yp_hol,1.1186153774642421e-07
4,3,4,yp_hol,1.1226651566184953e-07
4,3,5,yp_hol,1.4189798803683958e-07
4,3,6,yp_hol,0.1429115458326983
4,3,7,yp_hol,3.7504067464852353
4,3,8,yp_hol,0.08811593257888825
4,3,9,yp_hol,4.833542509760622e-07
4,3,10,yp_hol,1.720765372470657e-07
4,3,11,yp_hol,0.18683962030233286
4,3,12,yp_hol,27.40405649378025
4,3,13,yp_hol,676.32564336678
4,3,14,yp_hol,130.9329582372669
4,3,15,yp_hol,25.39753020774829
4,3,16,yp_hol,19.76141138521745
4,3,17,yp_hol,23.700819795026465
4,3,18,yp_hol,24.554528261576152
4,3,19,yp_hol,4.026264230376057
4,3,20,yp_hol,22.08697952015425
4,3,21,yp_hol,13.932288793224364
4,3,22,yp_hol,21.867957226744664
4,3,23,yp_hol,5.643000669649048
4,4,0,yp_hol,7.818544504990948e-08
4,4,1,yp_hol,8.832448681853866e-08
4,4,2,yp_hol,9.411457340429248e-08
4,4,3,yp_hol,1.1187683712456117e-07
4,4,4,yp_hol,1.1228867287361698e-07
4,4,5,yp_hol,1.4193585399069853e-07
4,4,6,yp_hol,8.772722949496507e-07
4,4,7,yp_hol,1.2735304417227147
4,4,8,yp_hol,0.22322514115440725
4,4,9,yp_hol,0.11179826239933441
4,4,10,yp_hol,1.7412438625055682e-07
4,4,11,yp_hol,0.12358580043568486
4,4,12,yp_hol,0.8169692044084215
4,4,13,yp_hol,103.27945449256967
4,4,14,yp_hol,41.50726120292209
4,4,15,yp_hol,3.1283848930015425
4,4,16,yp_hol,14.260398440476193
4,4,17,yp_hol,0.9490609423728823
4,4,18,yp_hol,0.17012295396090582
4,4,19,yp_hol,0.8335256228989922
4,4,20,yp_hol,2.5419887201957803
4,4,21,yp_hol,2.7094105868914347
4,4,22,yp_hol,3.8569355751514642
4,4,23,yp_hol,0.940500695968198
4,5,0,yp_hol,7.818543713257186e-08
4,5,1,yp_hol,8.832352086069507e-08
4,5,2,yp_hol,9.410095908173372e-08
4,5,3,yp_hol,1.1187703837660872e-07
4,5,4,yp_hol,1.122883897899522e-07
4,5,5,yp_hol,1.4192546171606228e-07
4,5,6,yp_hol,0.4162653230774707
4,5,7,yp_hol,2.233759558633505
4,5,8,yp_hol,7.329244082982773
4,5,9,yp_hol,4.8308039442368e-07
4,5,10,yp_hol,1.7292964426987328e-07
4,5,11,yp_hol,0.5668998242643568
4,5,12,yp_hol,15.36432139170809
4,5,13,yp_hol,1069.3042993761233
4,5,14,yp_hol,254.33129026639364
4,5,15,yp_hol,157.0092376914289
4,5,16,yp_hol,45.10631216566735
4,5,17,yp_hol,1.5777087654240378
4,5,18,yp_hol,6.032291765356275
4,5,19,yp_hol,5.975270450738993
4,5,20,yp_hol,12.408167201616624
4,5,21,yp_hol,13.833406978111622
4,5,22,yp_hol,23.570268782762113
4,5,23,yp_hol,5.643000655211065
4,6,0,yp_hol,7.818543297647088e-08
4,6,1,yp_hol,8.83252496237645e-08
4,6,2,yp_hol,9.412368413047311e-08
4,6,3,yp_hol,1.1188942892488866e-07
4,6,4,yp_hol,1.1229969293901052e-07
4,6,5,yp_hol,1.4194810648731426e-07
4,6,6,yp_hol,0.3208179242404568
4,6,7,yp_hol,4.499184245806424
4,6,8,yp_hol,5.6479182621299096
4,6,9,yp_hol,0.2564704899396164
4,6,10,yp_hol,1.7293247595054874e-07
4,6,11,yp_hol,0.34527630392155045
4,6,12,yp_hol,2.7368826673277926
4,6,13,yp_hol,305.997806209852
4,6,14,yp_hol,57.63978289162673
4,6,15,yp_hol,0.676466177902916
4,6,16,yp_hol,0.19087329286562316
4,6,17,yp_hol,0.6480022896653039
4,6,18,yp_hol,26.36710361837775
4,6,19,yp_hol,0.9527097661730355
4,6,20,yp_hol,5.519607363394073
4,6,21,yp_hol,7.2736011923185355
4,6,22,yp_hol,11.079187105677642
4,6,23,yp_hol,2.8215005112347895
4,7,0,yp_hol,7.818524733472479e-08
4,7,1,yp_hol,8.832328796582085e-08
4,7,2,yp_hol,9.41003632676403e-08
4,7,3,yp_hol,1.1188593352718983e-07
4,7,4,yp_hol,1.1229350279752394e-07
4,7,5,yp_hol,1.4191295679283148e-07
4,7,6,yp_hol,0.0678841673616829
4,7,7,yp_hol,1.033249157395582
4,7,8,yp_hol,0.28919111101002104
4,7,9,yp_hol,4.84032026615921e-07
4,7,10,yp_hol,1.7228536551760686e-07
4,7,11,yp_hol,0.18553739034431427
4,7,12,yp_hol,12.256488387104746
4,7,13,yp_hol,294.1817821251124
4,7,14,yp_hol,53.34080259071532
4,7,15,yp_hol,1.7997416516903582
4,7,16,yp_hol,8.089088404444318
4,7,17,yp_hol,3.7958821142988013
4,7,18,yp_hol,7.55495257863324
4,7,19,yp_hol,0.20793705672431295
4,7,20,yp_hol,5.579055931516214
4,7,21,yp_hol,4.317518841591274
4,7,22,yp_hol,8.055346862543614
4,7,23,yp_hol,1.8810006687713088
4,8,0,yp_hol,7.818534717487719e-08
4,8,1,yp_hol,8.832404957013652e-08
4,8,2,yp_hol,9.411110965009198e-08
4,8,3,yp_hol,1.1188485803335953e-07
4,8,4,yp_hol,1.1229421430411156e-07
4,8,5,yp_hol,1.419236756656858e-07
4,8,6,yp_hol,8.77510439663222e-07
4,8,7,yp_hol,5.969645902617016
4,8,8,yp_hol,0.6877413947174422
4,8,9,yp_hol,0.09815792834433636
4,8,10,yp_hol,1.7191510034237136e-07
4,8,11,yp_hol,0.3890404394684657
4,8,12,yp_hol,2.237652568604373
4,8,13,yp_hol,334.15843190548685
4,8,14,yp_hol,146.86833949542816
4,8,15,yp_hol,25.683031935810778
4,8,16,yp_hol,23.55474445673329
4,8,17,yp_hol,3.4419649663247265
4,8,18,yp_hol,0.17630840590672978
4,8,19,yp_hol,1.1397623571563427
4,8,20,yp_hol,9.36690953696748
4,8,21,yp_hol,7.741126818181226
4,8,22,yp_hol,10.997368343456019
4,8,23,yp_hol,2.8215005084591605
4,9,0,yp_hol,7.818520326021488e-08
4,9,1,yp_hol,8.832251681625127e-08
4,9,2,yp_hol,9.409257929277412e-08
4,9,3,yp_hol,1.1186447882184903e-07
4,9,4,yp_hol,1.1226717939107926e-07
4,9,5,yp_hol,1.418998317038862e-07
4,9,6,yp_hol,8.755362994557064e-07
4,9,7,yp_hol,0.9284412110430581
4,9,8,yp_hol,0.5391653535302828
4,9,9,yp_hol,0.06223806784583527
4,9,10,yp_hol,1.7414048006811277e-07
4,9,11,yp_hol,0.06802031343632763
4,9,12,yp_hol,1.3289547794343335
4,9,13,yp_hol,185.5256622628251
4,9,14,yp_hol,76.4898022768578
4,9,15,yp_hol,3.416173393191237
4,9,16,yp_hol,1.1161985820512177
4,9,17,yp_hol,0.2611402440515556
4,9,18,yp_hol,0.9797460014507923
4,9,19,yp_hol,0.6069946152453854
4,9,20,yp_hol,4.096045924463645
4,9,21,yp_hol,4.929392404298179
4,9,22,yp_hol,7.6726959673603154
4,9,23,yp_hol,1.8810006822346477
4,0,SUM,yp_hol,393.0293927202989
4,1,SUM,yp_hol,694.7170142861007
4,2,SUM,yp_hol,642.9801429348896
4,3,SUM,yp_hol,999.801713314797
4,4,SUM,yp_hol,176.72615465465225
4,5,SUM,yp_hol,1620.7017455622113
4,6,SUM,yp_hol,432.97319111215825
4,7,SUM,yp_hol,402.6354603222762
4,8,SUM,yp_hol,575.3317286398113
4,9,SUM,yp_hol,289.9016737556283
4,0,0,ym_hol,1.0869286987299356e-06
4,0,1,ym_hol,1.1827299506399579e-06
4,0,2,ym_hol,0.024514668430424137
4,0,3,ym_hol,5.2764850231691405
4,0,4,ym_hol,8.46814826361054
4,0,5,ym_hol,0.026146143042008997
4,0,6,ym_hol,2.598450135452317e-07
4,0,7,ym_hol,1.698593546862038e-07
4,0,8,ym_hol,1.044842524827338e-07
4,0,9,ym_hol,9.378495642992739e-08
4,0,10,ym_hol,1.96844967277482e-07
4,0,11,ym_hol,0.4714863420140177
4,0,12,ym_hol,2.6880665125011944
4,0,13,ym_hol,5.4086409791145574e-08
4,0,14,ym_hol,1.0115041074078203e-07
4,0,15,ym_hol,0.4235602077321665
4,0,16,ym_hol,0.5496694311817978
4,0,17,ym_hol,0.6910742362866418
4,0,18,ym_hol,1.4679988237047457
4,0,19,ym_hol,2.2002223979323956e-07
4,0,20,ym_hol,0.03423278613056199
4,0,21,ym_hol,0.1731250734754284
4,0,22,ym_hol,1.1237461899932221e-07
4,0,23,ym_hol,1.4529876457798855e-07
4,1,0,ym_hol,1.0869646019865972e-06
4,1,1,ym_hol,1.1839481258412183e-06
4,1,2,ym_hol,0.07783726412418634
4,1,3,ym_hol,5.5120602878338545
4,1,4,ym_hol,8.334888372051156
4,1,5,ym_hol,0.6185003438445786
4,1,6,ym_hol,2.6624360626131966e-07
4,1,7,ym_hol,1.7170022971950345e-07
4,1,8,ym_hol,1.0437548157739768e-07
4,1,9,ym_hol,9.349166897543342e-08
4,1,10,ym_hol,1.0554229560762731e-07
4,1,11,ym_hol,0.04807349195532217
4,1,12,ym_hol,1.079219415697615
4,1,13,ym_hol,5.408640791862411e-08
4,1,14,ym_hol,0.6408791476892943
4,1,15,ym_hol,10.016075187550836
4,1,16,ym_hol,1.0487066361006476
4,1,17,ym_hol,1.496945537724655
4,1,18,ym_hol,4.480766368756965
4,1,19,ym_hol,0.2583813822600791
4,1,20,ym_hol,0.12436335949210779
4,1,21,ym_hol,0.04876682521657817
4,1,22,ym_hol,1.1237307387804e-07
4,1,23,ym_hol,1.452996117223602e-07
4,2,0,ym_hol,1.0869854554357912e-06
4,2,1,ym_hol,1.1847829169415967e-06
4,2,2,ym_hol,0.1999945306621976
4,2,3,ym_hol,12.385004352048796
4,2,4,ym_hol,19.036594631400305
4,2,5,ym_hol,2.804352723661924
4,2,6,ym_hol,2.796377233376934e-07
4,2,7,ym_hol,1.7950930764712933e-07
4,2,8,ym_hol,1.0509009919411127e-07
4,2,9,ym_hol,9.370249002462128e-08
4,2,10,ym_hol,1.8065683425191526e-07
4,2,11,ym_hol,1.1083505054728025e-07
4,2,12,ym_hol,0.7629099009882023
4,2,13,ym_hol,5.408640803840592e-08
4,2,14,ym_hol,9.812505532451027e-08
4,2,15,ym_hol,6.475470716839364
4,2,16,ym_hol,20.645219734425513
4,2,17,ym_hol,0.7689350328106369
4,2,18,ym_hol,23.15993614265757
4,2,19,ym_hol,3.910427186932149
4,2,20,ym_hol,2.6242451678287154e-07
4,2,21,ym_hol,2.7882602817927546
4,2,22,ym_hol,1.1236590490687184e-07
4,2,23,ym_hol,1.4529366458398809e-07
4,3,0,ym_hol,1.0869630140820097e-06
4,3,1,ym_hol,1.1846871379687015e-06
4,3,2,ym_hol,0.1391161485397113
4,3,3,ym_hol,17.17446523940694
4,3,4,ym_hol,28.23851628955332
4,3,5,ym_hol,3.623709528088506
4,3,6,ym_hol,2.727186202048428e-07
4,3,7,ym_hol,1.7925348745186025e-07
4,3,8,ym_hol,1.0458224826275152e-07
4,3,9,ym_hol,9.34713857315432e-08
4,3,10,ym_hol,1.0533462974749435e-07
4,3,11,ym_hol,0.07645992916950642
4,3,12,ym_hol,14.681823158199025
4,3,13,ym_hol,5.4096958420872485e-08
4,3,14,ym_hol,0.8365503942339284
4,3,15,ym_hol,53.06657022566389
4,3,16,ym_hol,56.61438312690881
4,3,17,ym_hol,23.4228976335703
4,3,18,ym_hol,15.822455299586931
4,3,19,ym_hol,1.8299082371483246
4,3,20,ym_hol,2.515104824994252
4,3,21,ym_hol,0.10479790512620549
4,3,22,ym_hol,1.123765254831812e-07
4,3,23,ym_hol,1.4531162269425518e-07
4,4,0,ym_hol,1.0869370277709674e-06
4,4,1,ym_hol,1.1835037896525727e-06
4,4,2,ym_hol,0.06861195028757731
4,4,3,ym_hol,2.835534827841854
4,4,4,ym_hol,4.82092224289932
4,4,5,ym_hol,0.342803391535901
4,4,6,ym_hol,2.7632955103296986e-07
4,4,7,ym_hol,1.7197652973937796e-07
4,4,8,ym_hol,1.0413240440599928e-07
4,4,9,ym_hol,9.360093366018615e-08
4,4,10,ym_hol,1.8064239129897227e-07
4,4,11,ym_hol,1.1068000409545366e-07
4,4,12,ym_hol,0.09775790704173447
4,4,13,ym_hol,5.408641133817804e-08
4,4,14,ym_hol,0.06625044762554336
4,4,15,ym_hol,13.415039342329285
4,4,16,ym_hol,10.619363479817746
4,4,17,ym_hol,0.34366293373390827
4,4,18,ym_hol,0.4105104893318753
4,4,19,ym_hol,0.5615858645939205
4,4,20,ym_hol,0.07366552122241707
4,4,21,ym_hol,6.650441972039442e-06
4,4,22,ym_hol,1.1237990735937171e-07
4,4,23,ym_hol,1.4530829683158355e-07
4,5,0,ym_hol,1.0869412672977825e-06
4,5,1,ym_hol,1.1840952966963146e-06
4,5,2,ym_hol,0.03083902367754582
4,5,3,ym_hol,15.873691467747198
4,5,4,ym_hol,28.62938855637029
4,5,5,ym_hol,1.4011550356411946
4,5,6,ym_hol,2.685075835873063e-07
4,5,7,ym_hol,1.7778602154021498e-07
4,5,8,ym_hol,1.0425691342305834e-07
4,5,9,ym_hol,9.343045848823587e-08
4,5,10,ym_hol,1.0530688151876677e-07
4,5,11,ym_hol,0.024724806321280157
4,5,12,ym_hol,3.395604707401942
4,5,13,ym_hol,5.4086407569648324e-08
4,5,14,ym_hol,0.07034256945090983
4,5,15,ym_hol,68.70682492675691
4,5,16,ym_hol,28.31154149212232
4,5,17,ym_hol,3.1141608925324844
4,5,18,ym_hol,13.862680729051542
4,5,19,ym_hol,1.5238452490887264
4,5,20,ym_hol,0.19105895272549053
4,5,21,ym_hol,0.034875256815184955
4,5,22,ym_hol,1.1237160540931102e-07
4,5,23,ym_hol,1.4532728935502569e-07
4,6,0,ym_hol,1.0869383884084076e-06
4,6,1,ym_hol,1.1830926523581812e-06
4,6,2,ym_hol,0.035267690209403096
4,6,3,ym_hol,8.437623076400648
4,6,4,ym_hol,14.314017539768349
4,6,5,ym_hol,0.7965634028964231
4,6,6,ym_hol,2.62324799287852e-07
4,6,7,ym_hol,1.7185048747914013e-07
4,6,8,ym_hol,1.041682902923555e-07
4,6,9,ym_hol,9.38745795123277e-08
4,6,10,ym_hol,1.0807446522368532e-07
4,6,11,ym_hol,0.03596257988910754
4,6,12,ym_hol,0.37945453338267976
4,6,13,ym_hol,5.408640876183858e-08
4,6,14,ym_hol,9.805715253875758e-08
4,6,15,ym_hol,3.458627495582027
4,6,16,ym_hol,2.18313396899584
4,6,17,ym_hol,4.683358117961508
4,6,18,ym_hol,31.740279986018024
4,6,19,ym_hol,0.7044713650273516
4,6,20,ym_hol,3.2109043585086843e-07
4,6,21,ym_hol,0.028041121078838493
4,6,22,ym_hol,1.1237236538787416e-07
4,6,23,ym_hol,1.452854641010686e-07
4,7,0,ym_hol,1.0869751692189296e-06
4,7,1,ym_hol,1.1841471924360825e-06
4,7,2,ym_hol,0.028039303991421956
4,7,3,ym_hol,5.601108748809054
4,7,4,ym_hol,9.78652701358859
4,7,5,ym_hol,0.8508536448254402
4,7,6,ym_hol,2.685887560409174e-07
4,7,7,ym_hol,1.7767930285386612e-07
4,7,8,ym_hol,1.0416763154043837e-07
4,7,9,ym_hol,9.353979616573373e-08
4,7,10,ym_hol,1.0538186788372032e-07
4,7,11,ym_hol,1.1091733387409835e-07
4,7,12,ym_hol,2.628703898957595
4,7,13,ym_hol,5.408640856687447e-08
4,7,14,ym_hol,0.15042621684178317
4,7,15,ym_hol,3.995490387905408
4,7,16,ym_hol,9.43861347543544
4,7,17,ym_hol,5.256342692500596
4,7,18,ym_hol,1.097664309920731
4,7,19,ym_hol,0.04180746214391922
4,7,20,ym_hol,0.15905153598778396
4,7,21,ym_hol,0.05094483276682972
4,7,22,ym_hol,1.1237169259384673e-07
4,7,23,ym_hol,1.452999802450232e-07
4,8,0,ym_hol,1.0869565020600755e-06
4,8,1,ym_hol,1.1837179845448658e-06
4,8,2,ym_hol,0.024859173881286556
4,8,3,ym_hol,7.8279626798559665
4,8,4,ym_hol,13.106481267135107
4,8,5,ym_hol,0.6839183652853348
4,8,6,ym_hol,2.7669700672268954e-07
4,8,7,ym_hol,1.7223508171029706e-07
4,8,8,ym_hol,1.0405815816621069e-07
4,8,9,ym_hol,9.367443079427668e-08
4,8,10,ym_hol,1.052117206295206e-07
4,8,11,ym_hol,1.0832957871155504e-07
4,8,12,ym_hol,0.17146059463503754
4,8,13,ym_hol,5.4086408464875435e-08
4,8,14,ym_hol,0.04615084670492418
4,8,15,ym_hol,21.05367163378042
4,8,16,ym_hol,20.96939398466158
4,8,17,ym_hol,9.300906608833069
4,8,18,ym_hol,1.2965564012998554
4,8,19,ym_hol,0.31250815804008897
4,8,20,ym_hol,0.2570879811235481
4,8,21,ym_hol,0.12906534305327633
4,8,22,ym_hol,1.1236643426523729e-07
4,8,23,ym_hol,1.4526446372536403e-07
4,9,0,ym_hol,1.0869888403903184e-06
4,9,1,ym_hol,1.184538185093965e-06
4,9,2,ym_hol,0.12585180642845853
4,9,3,ym_hol,5.901048179593362
4,9,4,ym_hol,10.154911074323156
4,9,5,ym_hol,1.1193446868691965
4,9,6,ym_hol,2.7878154946218196e-07
4,9,7,ym_hol,1.7837591563449697e-07
4,9,8,ym_hol,1.0429369867694664e-07
4,9,9,ym_hol,9.357166726295511e-08
4,9,10,ym_hol,1.0544690389403581e-07
4,9,11,ym_hol,1.0856571001513205e-07
4,9,12,ym_hol,0.06547035752309621
4,9,13,ym_hol,5.4096960945014726e-08
4,9,14,ym_hol,0.022430453510605904
4,9,15,ym_hol,11.55428609127051
4,9,16,ym_hol,3.2047860535359383
4,9,17,ym_hol,1.567486560446721
4,9,18,ym_hol,0.9950628207953242
4,9,19,ym_hol,2.0998507442998205e-07
4,9,20,ym_hol,2.657763428778731e-07
4,9,21,ym_hol,3.7338370209500764e-06
4,9,22,ym_hol,1.1237204315092256e-07
4,9,23,ym_hol,1.4529622652305916e-07
4,0,SUM,ym_hol,20.294511238688308
4,1,SUM,ym_hol,33.78546694432298
4,2,SUM,ym_hol,92.93710912771485
4,3,SUM,ym_hol,218.14676127898528
4,4,SUM,ym_hol,33.6557185682803
4,5,SUM,ym_hol,165.17073699781275
4,6,SUM,ym_hol,66.79680461842568
4,7,SUM,ym_hol,39.08557696682972
4,8,SUM,ym_hol,75.18002648088728
4,9,SUM,ym_hol,34.71068574622251
4,0,0,dp_hol,5.503415861908411e-06
4,0,1,dp_hol,6.314972285288164e-06
4,0,2,dp_hol,6.9760991389532755e-06
4,0,3,dp_hol,7.300132291586303e-06
4,0,4,dp_hol,7.653294936543554e-06
4,0,5,dp_hol,8.053380331509327e-06
4,0,6,dp_hol,5.315531352605458
4,0,7,dp_hol,54.897473442971325
4,0,8,dp_hol,58.98048783988642
4,0,9,dp_hol,41.21175198822942
4,0,10,dp_hol,71.32122243445602
4,0,11,dp_hol,73.54264483235666
4,0,12,dp_hol,41.44744815209504
4,0,13,dp_hol,0.03790837879675125
4,0,14,dp_hol,12.870672995634466
4,0,15,dp_hol,11.073016880738543
4,0,16,dp_hol,10.708143746316255
4,0,17,dp_hol,25.29739226766436
4,0,18,dp_hol,22.303415143115448
4,0,19,dp_hol,7.680207209571047
4,0,20,dp_hol,1.7383069701769238
4,0,21,dp_hol,0.47614825546045125
4,0,22,dp_hol,9.957973882019451e-06
4,0,23,dp_hol,1.0635233321249793e-05
4,1,0,dp_hol,5.502744262214774e-06
4,1,1,dp_hol,6.3052707392147485e-06
4,1,2,dp_hol,6.823046899565309e-06
4,1,3,dp_hol,7.287313074388477e-06
4,1,4,dp_hol,7.668960543229633e-06
4,1,5,dp_hol,7.853399197467555e-06
4,1,6,dp_hol,0.7045289509216092
4,1,7,dp_hol,28.11684659446842
4,1,8,dp_hol,20.370284013510584
4,1,9,dp_hol,31.887054700752998
4,1,10,dp_hol,20.709456834241212
4,1,11,dp_hol,32.97708312947148
4,1,12,dp_hol,32.00160730229437
4,1,13,dp_hol,0.045239137151663555
4,1,14,dp_hol,49.66085403154748
4,1,15,dp_hol,70.97182814202206
4,1,16,dp_hol,22.37439262376904
4,1,17,dp_hol,22.005800748124187
4,1,18,dp_hol,32.55273272715329
4,1,19,dp_hol,19.892157423841965
4,1,20,dp_hol,3.2018014410231057
4,1,21,dp_hol,0.6006851131175901
4,1,22,dp_hol,9.925344666230278e-06
4,1,23,dp_hol,1.0657685800729551e-05
4,2,0,dp_hol,5.502401439684258e-06
4,2,1,dp_hol,6.295670610216179e-06
4,2,2,dp_hol,6.7277318989490685e-06
4,2,3,dp_hol,7.095545514163456e-06
4,2,4,dp_hol,7.390278255782934e-06
4,2,5,dp_hol,7.70403005296862e-06
4,2,6,dp_hol,5.345144061056644e-06
4,2,7,dp_hol,4.872304182028837e-06
4,2,8,dp_hol,2.2275719848079536
4,2,9,dp_hol,28.523186497395002
4,2,10,dp_hol,37.941977197210896
4,2,11,dp_hol,29.030927278456655
4,2,12,dp_hol,37.14262143248371
4,2,13,dp_hol,0.0449061578737447
4,2,14,dp_hol,40.77051491395619
4,2,15,dp_hol,78.52479278176158
4,2,16,dp_hol,106.56665561157914
4,2,17,dp_hol,103.18316237201734
4,2,18,dp_hol,216.94831424989331
4,2,19,dp_hol,68.68567241830772
4,2,20,dp_hol,6.002727574038947
4,2,21,dp_hol,3.976659799367083
4,2,22,dp_hol,1.0459004098355062e-05
4,2,23,dp_hol,1.0653990726204052e-05
4,3,0,dp_hol,5.502956764031719e-06
4,3,1,dp_hol,6.297167880020085e-06
4,3,2,dp_hol,6.7386565058691266e-06
4,3,3,dp_hol,7.1284841702548845e-06
4,3,4,dp_hol,7.43989600256364e-06
4,3,5,dp_hol,7.729897227398904e-06
4,3,6,dp_hol,0.12363349854535327
4,3,7,dp_hol,0.5543751971156565
4,3,8,dp_hol,9.521079504826751
4,3,9,dp_hol,15.605005266156988
4,3,10,dp_hol,22.95394189756564
4,3,11,dp_hol,37.077548539362034
4,3,12,dp_hol,167.9227122800918
4,3,13,dp_hol,5.803521436532398e-06
4,3,14,dp_hol,38.363712309420706
4,3,15,dp_hol,179.18047303142893
4,3,16,dp_hol,212.04137902033176
4,3,17,dp_hol,191.93010984459008
4,3,18,dp_hol,124.66066258627248
4,3,19,dp_hol,42.38833748384095
4,3,20,dp_hol,23.034306491035906
4,3,21,dp_hol,1.9166249218030906
4,3,22,dp_hol,9.908861709733427e-06
4,3,23,dp_hol,1.0652029308521268e-05
4,4,0,dp_hol,5.503360844591948e-06
4,4,1,dp_hol,6.308419792450835e-06
4,4,2,dp_hol,6.873932032850306e-06
4,4,3,dp_hol,7.195679242711753e-06
4,4,4,dp_hol,7.532547661609679e-06
4,4,5,dp_hol,7.89584694442478e-06
4,4,6,dp_hol,5.684954678835532e-06
4,4,7,dp_hol,7.931449425103171
4,4,8,dp_hol,6.979765854893425
4,4,9,dp_hol,10.675215429406851
4,4,10,dp_hol,8.82401439643025
4,4,11,dp_hol,10.715822319109401
4,4,12,dp_hol,9.96670433384626
4,4,13,dp_hol,0.04050827536622117
4,4,14,dp_hol,29.15348531837376
4,4,15,dp_hol,56.06345739312359
4,4,16,dp_hol,142.17427441416254
4,4,17,dp_hol,28.2644984942395
4,4,18,dp_hol,6.535403761539283
4,4,19,dp_hol,25.604717030559883
4,4,20,dp_hol,2.5110957686753816
4,4,21,dp_hol,0.6344938284808346
4,4,22,dp_hol,9.826811804313246e-06
4,4,23,dp_hol,1.0647041646372428e-05
4,5,0,dp_hol,5.503382214427856e-06
4,5,1,dp_hol,6.30298660933225e-06
4,5,2,dp_hol,6.806607282502613e-06
4,5,3,dp_hol,7.205177008993489e-06
4,5,4,dp_hol,7.548192524530886e-06
4,5,5,dp_hol,7.821142680556318e-06
4,5,6,dp_hol,0.5944727285343623
4,5,7,dp_hol,0.31137294767955037
4,5,8,dp_hol,30.57355643513862
4,5,9,dp_hol,18.744968565344415
4,5,10,dp_hol,21.990250380697557
4,5,11,dp_hol,21.2448713417339
4,5,12,dp_hol,70.93143721774383
4,5,13,dp_hol,0.04527836301521693
4,5,14,dp_hol,56.151041835786216
4,5,15,dp_hol,371.4793384300341
4,5,16,dp_hol,228.38024534906828
4,5,17,dp_hol,51.07237047327478
4,5,18,dp_hol,82.61993157190376
4,5,19,dp_hol,49.10164609857667
4,5,20,dp_hol,7.8254155082921315
4,5,21,dp_hol,2.015152707225282
4,5,22,dp_hol,1.0137805884283132e-05
4,5,23,dp_hol,1.0668087089410211e-05
4,6,0,dp_hol,5.503236935213887e-06
4,6,1,dp_hol,6.311771155081574e-06
4,6,2,dp_hol,6.926872387560449e-06
4,6,3,dp_hol,7.258747877181806e-06
4,6,4,dp_hol,7.6130149999876e-06
4,6,5,dp_hol,7.980675648620537e-06
4,6,6,dp_hol,0.9303474261517857
4,6,7,dp_hol,21.821967721471264
4,6,8,dp_hol,39.10887041256417
4,6,9,dp_hol,52.20330580334127
4,6,10,dp_hol,39.76703484307881
4,6,11,dp_hol,39.94630302568914
4,6,12,dp_hol,22.133233367208614
4,6,13,dp_hol,0.042989793329709265
4,6,14,dp_hol,39.09334416281395
4,6,15,dp_hol,37.93245766903954
4,6,16,dp_hol,34.260865453234835
4,6,17,dp_hol,77.32854770024579
4,6,18,dp_hol,111.09110117203586
4,6,19,dp_hol,17.263541319530006
4,6,20,dp_hol,4.0816575255296
4,6,21,dp_hol,0.870736339440259
4,6,22,dp_hol,1.0141792740325061e-05
4,6,23,dp_hol,1.0636694798428616e-05
4,7,0,dp_hol,5.502527029884844e-06
4,7,1,dp_hol,6.302661244648942e-06
4,7,2,dp_hol,6.799599032400122e-06
4,7,3,dp_hol,7.242171086772188e-06
4,7,4,dp_hol,7.583857737312812e-06
4,7,5,dp_hol,7.818409424131166e-06
4,7,6,dp_hol,0.09167546389225313
4,7,7,dp_hol,0.1896667270238304
4,7,8,dp_hol,5.866917816193592
4,7,9,dp_hol,5.883432420280932
4,7,10,dp_hol,7.031146612385223
4,7,11,dp_hol,21.208673398729076
4,7,12,dp_hol,63.1456104219356
4,7,13,dp_hol,0.04410057584125229
4,7,14,dp_hol,33.762822733172335
4,7,15,dp_hol,38.681842700959145
4,7,16,dp_hol,108.85231613916483
4,7,17,dp_hol,62.39749234368434
4,7,18,dp_hol,53.00582321105092
4,7,19,dp_hol,12.182246525792477
4,7,20,dp_hol,9.310031694583781
4,7,21,dp_hol,0.4764941350479432
4,7,22,dp_hol,9.995844058529821e-06
4,7,23,dp_hol,1.0646113489729185e-05
4,8,0,dp_hol,5.5028933972017505e-06
4,8,1,dp_hol,6.306897533950885e-06
4,8,2,dp_hol,6.85062242609935e-06
4,8,3,dp_hol,7.225728294965977e-06
4,8,4,dp_hol,7.5841250305931826e-06
4,8,5,dp_hol,7.864770101185134e-06
4,8,6,dp_hol,5.706018265469846e-06
4,8,7,dp_hol,30.166258805775136
4,8,8,dp_hol,13.216499659786825
4,8,9,dp_hol,11.145834548736113
4,8,10,dp_hol,14.297071622666937
4,8,11,dp_hol,14.91804031070985
4,8,12,dp_hol,30.257067824238725
4,8,13,dp_hol,0.0422687008272924
4,8,14,dp_hol,54.99164496343335
4,8,15,dp_hol,155.66266036935096
4,8,16,dp_hol,192.57312670288582
4,8,17,dp_hol,48.6879183296683
4,8,18,dp_hol,22.327948796717973
4,8,19,dp_hol,37.150673736756495
4,8,20,dp_hol,9.031409228812624
4,8,21,dp_hol,0.43451896258554285
4,8,22,dp_hol,1.005701217481833e-05
4,8,23,dp_hol,1.0625023022884815e-05
4,9,0,dp_hol,5.502252739631804e-06
4,9,1,dp_hol,6.298980762633559e-06
4,9,2,dp_hol,6.7561416076401835e-06
4,9,3,dp_hol,7.140222281624538e-06
4,9,4,dp_hol,7.436168270660897e-06
4,9,5,dp_hol,7.744767076665056e-06
4,9,6,dp_hol,5.579203672519562e-06
4,9,7,dp_hol,0.18921167250841453
4,9,8,dp_hol,17.512903572832162
4,9,9,dp_hol,12.59407991538171
4,9,10,dp_hol,13.369996331755667
4,9,11,dp_hol,21.744337807556736
4,9,12,dp_hol,9.940021448231038
4,9,13,dp_hol,5.803490698173913e-06
4,9,14,dp_hol,51.37152246187838
4,9,15,dp_hol,51.809880501445335
4,9,16,dp_hol,53.42734616846491
4,9,17,dp_hol,59.27265670408069
4,9,18,dp_hol,22.27046722575244
4,9,19,dp_hol,7.033321519834002
4,9,20,dp_hol,4.599435457177674
4,9,21,dp_hol,0.539386990878018
4,9,22,dp_hol,1.0025196670963701e-05
4,9,23,dp_hol,1.065048511113905e-05
4,0,SUM,dp_hol,438.90183428457664
4,1,SUM,dp_hol,388.07241493717623
4,2,SUM,dp_hol,759.5697623152502
4,3,SUM,dp_hol,1067.273969073859
4,4,SUM,dp_hol,346.074973511905
4,5,SUM,dp_hol,1013.0814119474301
4,6,SUM,dp_hol,537.8763661075111
4,7,SUM,dp_hol,422.1303548109206
4,8,SUM,dp_hol,634.9030102860422
4,9,SUM,dp_hol,325.674640714686
4,0,0,dm_hol,5.502428667563842e-06
4,0,1,dm_hol,6.294437734652496e-06
4,0,2,dm_hol,6.72172658378834e-06
4,0,3,dm_hol,7.133838109544288e-06
4,0,4,dm_hol,7.452720891090167e-06
4,0,5,dm_hol,7.701206930322185e-06
4,0,6,dm_hol,0.042905142464406756
4,0,7,dm_hol,0.26105612542893514
4,0,8,dm_hol,25.840754962120112
4,0,9,dm_hol,41.41372815222076
4,0,10,dm_hol,67.8424793336718
4,0,11,dm_hol,55.171768319509326
4,0,12,dm_hol,54.02635182008875
4,0,13,dm_hol,5.804558238650451e-06
4,0,14,dm_hol,29.78285283572956
4,0,15,dm_hol,36.649363385315716
4,0,16,dm_hol,60.71231628281798
4,0,17,dm_hol,42.57106897436746
4,0,18,dm_hol,53.826764074785636
4,0,19,dm_hol,6.832878227690157
4,0,20,dm_hol,4.833494627806247
4,0,21,dm_hol,1.2139989909118125
4,0,22,dm_hol,1.0132634109496481e-05
4,0,23,dm_hol,1.0665860489168752e-05
4,1,0,dm_hol,5.503085334516652e-06
4,1,1,dm_hol,6.303637328700859e-06
4,1,2,dm_hol,6.823428866941067e-06
4,1,3,dm_hol,7.127967464407825e-06
4,1,4,dm_hol,7.421575191447386e-06
4,1,5,dm_hol,7.826993106920067e-06
4,1,6,dm_hol,0.44388757137402285
4,1,7,dm_hol,1.8818244443356258
4,1,8,dm_hol,14.53971328671873
4,1,9,dm_hol,25.601909527692325
4,1,10,dm_hol,33.392508806734334
4,1,11,dm_hol,41.25488546805897
4,1,12,dm_hol,38.865236505219954
4,1,13,dm_hol,5.804529840948355e-06
4,1,14,dm_hol,39.49767095880177
4,1,15,dm_hol,81.93936414208275
4,1,16,dm_hol,42.3850352169883
4,1,17,dm_hol,40.53057194866111
4,1,18,dm_hol,62.69101245594951
4,1,19,dm_hol,16.745107116952102
4,1,20,dm_hol,3.7797656318476283
4,1,21,dm_hol,0.4043984189854006
4,1,22,dm_hol,1.0182921471948895e-05
4,1,23,dm_hol,1.0633990155008108e-05
4,2,0,dm_hol,5.503421426129607e-06
4,2,1,dm_hol,6.313071710005191e-06
4,2,2,dm_hol,6.91954694772782e-06
4,2,3,dm_hol,7.323584573333973e-06
4,2,4,dm_hol,7.710589777070394e-06
4,2,5,dm_hol,7.977760606992727e-06
4,2,6,dm_hol,2.1097972590527814
4,2,7,dm_hol,47.3143697294079
4,2,8,dm_hol,29.74987877637039
4,2,9,dm_hol,39.45842358957932
4,2,10,dm_hol,28.91673455163483
4,2,11,dm_hol,31.069061231111924
4,2,12,dm_hol,42.725185326621116
4,2,13,dm_hol,5.80453151538685e-06
4,2,14,dm_hol,35.079255324611175
4,2,15,dm_hol,90.05528205776888
4,2,16,dm_hol,152.0814522844933
4,2,17,dm_hol,76.3615817011426
4,2,18,dm_hol,64.14083896927654
4,2,19,dm_hol,66.04983250693552
4,2,20,dm_hol,8.654201208839467
4,2,21,dm_hol,6.790767329965914
4,2,22,dm_hol,9.900789703717422e-06
4,2,23,dm_hol,1.063812906605519e-05
4,3,0,dm_hol,5.502877118623258e-06
4,3,1,dm_hol,6.311600033221194e-06
4,3,2,dm_hol,6.908468039238535e-06
4,3,3,dm_hol,7.292553106468214e-06
4,3,4,dm_hol,7.664368000071649e-06
4,3,5,dm_hol,7.951927232310319e-06
4,3,6,dm_hol,0.923191473757901
4,3,7,dm_hol,28.60414512302261
4,3,8,dm_hol,27.67781385353732
4,3,9,dm_hol,17.01446731394517
4,3,10,dm_hol,15.32372446662922
4,3,11,dm_hol,42.95711622702719
4,3,12,dm_hol,90.14867410640674
4,3,13,dm_hol,0.17809535501098084
4,3,14,dm_hol,71.42823887045283
4,3,15,dm_hol,205.4291713074951
4,3,16,dm_hol,182.3782062698134
4,3,17,dm_hol,94.01857336852383
4,3,18,dm_hol,112.94512790065598
4,3,19,dm_hol,44.15330751966861
4,3,20,dm_hol,20.66627587647556
4,3,21,dm_hol,0.689587085069816
4,3,22,dm_hol,1.0135973470707988e-05
4,3,23,dm_hol,1.0638344003470677e-05
4,4,0,dm_hol,5.502481130883107e-06
4,4,1,dm_hol,6.300564263618247e-06
4,4,2,dm_hol,6.7761385412583274e-06
4,4,3,dm_hol,7.20837918503274e-06
4,4,4,dm_hol,7.537654142362879e-06
4,4,5,dm_hol,7.788052733426079e-06
4,4,6,dm_hol,0.592418210048834
4,4,7,dm_hol,1.2090495654941193
4,4,8,dm_hol,7.119406120199156
4,4,9,dm_hol,9.869667314331299
4,4,10,dm_hol,7.128509032111029
4,4,11,dm_hol,12.739511439126757
4,4,12,dm_hol,12.007580249514733
4,4,13,dm_hol,5.804577820219359e-06
4,4,14,dm_hol,24.977313393008743
4,4,15,dm_hol,127.07297245421887
4,4,16,dm_hol,96.67107372042867
4,4,17,dm_hol,36.33006942157116
4,4,18,dm_hol,21.60946156645542
4,4,19,dm_hol,25.073363328485616
4,4,20,dm_hol,1.7637179511641512
4,4,21,dm_hol,4.496538387294847e-05
4,4,22,dm_hol,1.0196673197199102e-05
4,4,23,dm_hol,1.0643690245057676e-05
4,5,0,dm_hol,5.502460163196667e-06
4,5,1,dm_hol,6.305875354741701e-06
4,5,2,dm_hol,6.839644430988211e-06
4,5,3,dm_hol,7.205034883436768e-06
4,5,4,dm_hol,7.533267661806588e-06
4,5,5,dm_hol,7.858931624585334e-06
4,5,6,dm_hol,0.8755200520812688
4,5,7,dm_hol,33.39402069119255
4,5,8,dm_hol,30.66191268641705
4,5,9,dm_hol,22.93452348841151
4,5,10,dm_hol,22.691526508246668
4,5,11,dm_hol,22.65012995319293
4,5,12,dm_hol,83.57283454476133
4,5,13,dm_hol,5.804525848080194e-06
4,5,14,dm_hol,79.02146891576776
4,5,15,dm_hol,130.34185251198645
4,5,16,dm_hol,135.81281057325725
4,5,17,dm_hol,75.03141369295854
4,5,18,dm_hol,97.23209755248986
4,5,19,dm_hol,36.307964463895544
4,5,20,dm_hol,6.327242074213652
4,5,21,dm_hol,0.30021507594098507
4,5,22,dm_hol,9.919552964148767e-06
4,5,23,dm_hol,1.062685037761481e-05
4,6,0,dm_hol,5.502603558906915e-06
4,6,1,dm_hol,6.2974707955750645e-06
4,6,2,dm_hol,6.749597103622273e-06
4,6,3,dm_hol,7.1613222170620926e-06
4,6,4,dm_hol,7.484764216788352e-06
4,6,5,dm_hol,7.74050705173648e-06
4,6,6,dm_hol,0.37166456832666284
4,6,7,dm_hol,2.861060889953841
4,6,8,dm_hol,26.243777515093385
4,6,9,dm_hol,40.28763960489757
4,6,10,dm_hol,35.67895103787002
4,6,11,dm_hol,39.29463176777369
4,6,12,dm_hol,42.09927351115341
4,6,13,dm_hol,5.804540473216102e-06
4,6,14,dm_hol,34.46854457397719
4,6,15,dm_hol,62.7621845032088
4,6,16,dm_hol,93.71139701865587
4,6,17,dm_hol,79.18457766561032
4,6,18,dm_hol,137.05090556639317
4,6,19,dm_hol,35.9277302787254
4,6,20,dm_hol,4.972418920307558
4,6,21,dm_hol,0.2697022598821246
4,6,22,dm_hol,9.929737647772162e-06
4,6,23,dm_hol,1.0664467226821216e-05
4,7,0,dm_hol,5.503298343905121e-06
4,7,1,dm_hol,6.306205468770697e-06
4,7,2,dm_hol,6.847850635503403e-06
4,7,3,dm_hol,7.163821254326272e-06
4,7,4,dm_hol,7.485579265105633e-06
4,7,5,dm_hol,7.862841903110797e-06
4,7,6,dm_hol,0.6086956300856208
4,7,7,dm_hol,11.986364583670253
4,7,8,dm_hol,9.708091768997363
4,7,9,dm_hol,9.661943287859106
4,7,10,dm_hol,12.864347944741562
4,7,11,dm_hol,20.625250534059617
4,7,12,dm_hol,58.90696269066043
4,7,13,dm_hol,5.8045374812308664e-06
4,7,14,dm_hol,29.05554148584627
4,7,15,dm_hol,81.47117803211505
4,7,16,dm_hol,150.71834021968962
4,7,17,dm_hol,64.74956543181372
4,7,18,dm_hol,54.88321509336357
4,7,19,dm_hol,22.784942409255564
4,7,20,dm_hol,10.550528500420416
4,7,21,dm_hol,0.7301469551401232
4,7,22,dm_hol,1.0029492544652974e-05
4,7,23,dm_hol,1.0644137370044834e-05
4,8,0,dm_hol,5.502939644586697e-06
4,8,1,dm_hol,6.302118966913821e-06
4,8,2,dm_hol,6.80352062102528e-06
4,8,3,dm_hol,7.194234538824169e-06
4,8,4,dm_hol,7.519034849638415e-06
4,8,5,dm_hol,7.824206062441109e-06
4,8,6,dm_hol,0.886566226545996
4,8,7,dm_hol,2.925166368521242
4,8,8,dm_hol,14.750227862333109
4,8,9,dm_hol,12.541826545870949
4,8,10,dm_hol,21.005846257321092
4,8,11,dm_hol,19.09377601612929
4,8,12,dm_hol,31.376879244791436
4,8,13,dm_hol,5.804535714906597e-06
4,8,14,dm_hol,39.285863368412805
4,8,15,dm_hol,116.96189129295448
4,8,16,dm_hol,122.59170621565917
4,8,17,dm_hol,99.98432891139731
4,8,18,dm_hol,53.31358240423585
4,8,19,dm_hol,28.41380877813089
4,8,20,dm_hol,6.609167875361179
4,8,21,dm_hol,1.5420101029437898
4,8,22,dm_hol,1.0029721914235275e-05
4,8,23,dm_hol,1.0675199435062598e-05
4,9,0,dm_hol,5.503567147485317e-06
4,9,1,dm_hol,6.30980136559947e-06
4,9,2,dm_hol,6.889367769912885e-06
4,9,3,dm_hol,7.268450733746525e-06
4,9,4,dm_hol,7.6407259774442e-06
4,9,5,dm_hol,7.933873170070997e-06
4,9,6,dm_hol,0.905565602234004
4,9,7,dm_hol,13.741569885411515
4,9,8,dm_hol,18.066360264966782
4,9,9,dm_hol,9.689706329050196
4,9,10,dm_hol,13.36148462752627
4,9,11,dm_hol,17.550121111724962
4,9,12,dm_hol,31.159485760776057
4,9,13,dm_hol,0.16506919786317975
4,9,14,dm_hol,23.592865999408822
4,9,15,dm_hol,118.69648824196501
4,9,16,dm_hol,74.29640759746853
4,9,17,dm_hol,60.678198356492885
4,9,18,dm_hol,36.62279488794373
4,9,19,dm_hol,4.69358602949942
4,9,20,dm_hol,3.179375131070137
4,9,21,dm_hol,2.986288964741431e-05
4,9,22,dm_hol,9.97805733270229e-06
4,9,23,dm_hol,1.0640499666792544e-05
4,0,SUM,dm_hol,481.0218486643404
4,1,SUM,dm_hol,443.95295912853135
4,2,SUM,dm_hol,720.556729938237
4,3,SUM,dm_hol,954.5357785236032
4,4,SUM,dm_hol,384.1642264897537
4,5,SUM,dm_hol,777.1556003809567
4,6,SUM,dm_hol,635.1845270168394
4,7,SUM,dm_hol,539.3051822154825
4,8,SUM,dm_hol,571.2827151261204
4,9,SUM,dm_hol,426.3991710506343
