seed,i,t,var,value
9,0,0,x_ind,0.0
9,0,1,x_ind,0.0
9,0,2,x_ind,0.0
9,0,3,x_ind,0.0
9,0,4,x_ind,0.0
9,0,5,x_ind,0.0
9,0,6,x_ind,0.0
9,0,7,x_ind,52.80284488727324
9,0,8,x_ind,219.66621109474627
9,0,9,x_ind,216.60057122892744
9,0,10,x_ind,320.45503065321645
9,0,11,x_ind,291.6760913415633
9,0,12,x_ind,263.5689526300159
9,0,13,x_ind,0.0
9,0,14,x_ind,54.81038475233597
9,0,15,x_ind,96.89758851764391
9,0,16,x_ind,117.85843880235768
9,0,17,x_ind,136.10377462539995
9,0,18,x_ind,130.44280474832362
9,0,19,x_ind,52.39059256048977
9,0,20,x_ind,48.54578340568232
9,0,21,x_ind,0.658732544410499
9,0,22,x_ind,0.0
9,0,23,x_ind,0.0
9,1,0,x_ind,0.0
9,1,1,x_ind,0.0
9,1,2,x_ind,0.0
9,1,3,x_ind,0.0
9,1,4,x_ind,0.0
9,1,5,x_ind,0.0
9,1,6,x_ind,0.0
9,1,7,x_ind,14.658807459903024
9,1,8,x_ind,102.55872532631474
9,1,9,x_ind,152.04262826543507
9,1,10,x_ind,142.70387530898896
9,1,11,x_ind,165.14001036118833
9,1,12,x_ind,149.29454265384274
9,1,13,x_ind,0.0
9,1,14,x_ind,216.97225663149086
9,1,15,x_ind,481.2436549822382
9,1,16,x_ind,162.17898883264084
9,1,17,x_ind,193.83561862748158
9,1,18,x_ind,235.02226866975437
9,1,19,x_ind,103.5921228749823
9,1,20,x_ind,56.367617368631834
9,1,21,x_ind,23.750365149951197
9,1,22,x_ind,0.0
9,1,23,x_ind,0.0
9,2,0,x_ind,0.0
9,2,1,x_ind,0.0
9,2,2,x_ind,0.0
9,2,3,x_ind,0.0
9,2,4,x_ind,0.0
9,2,5,x_ind,0.0
9,2,6,x_ind,0.0
9,2,7,x_ind,0.0
9,2,8,x_ind,0.0
9,2,9,x_ind,244.66062362614966
9,2,10,x_ind,196.344857336475
9,2,11,x_ind,164.1593162272834
9,2,12,x_ind,206.8984306722029
9,2,13,x_ind,0.0
9,2,14,x_ind,163.94855813090984
9,2,15,x_ind,488.8245505800011
9,2,16,x_ind,718.3607190197802
9,2,17,x_ind,450.2977923377222
9,2,18,x_ind,736.3507254849924
9,2,19,x_ind,368.7685948497343
9,2,20,x_ind,117.50598320393476
9,2,21,x_ind,129.33861494052394
9,2,22,x_ind,21.139726283162243
9,2,23,x_ind,2.57097179896887
9,3,0,x_ind,0.0
9,3,1,x_ind,0.0
9,3,2,x_ind,0.0
9,3,3,x_ind,0.0
9,3,4,x_ind,0.0
9,3,5,x_ind,0.0
9,3,6,x_ind,0.0
9,3,7,x_ind,0.0
9,3,8,x_ind,2.6292841589269194
9,3,9,x_ind,38.583330629146296
9,3,10,x_ind,140.7704542899997
9,3,11,x_ind,271.6249664187657
9,3,12,x_ind,609.335987336609
9,3,13,x_ind,0.0
9,3,14,x_ind,269.96041694199374
9,3,15,x_ind,1169.1373347133697
9,3,16,x_ind,1366.0524475370612
9,3,17,x_ind,837.6248225775544
9,3,18,x_ind,802.2431497282145
9,3,19,x_ind,314.21705008513544
9,3,20,x_ind,245.07069923598726
9,3,21,x_ind,142.21210306043832
9,3,22,x_ind,1.9109604230121449
9,3,23,x_ind,0.0
9,4,0,x_ind,0.0
9,4,1,x_ind,0.0
9,4,2,x_ind,0.0
9,4,3,x_ind,0.0
9,4,4,x_ind,0.0
9,4,5,x_ind,0.0
9,4,6,x_ind,0.0
9,4,7,x_ind,4.702437624662338
9,4,8,x_ind,36.65746102681894
9,4,9,x_ind,56.529759709992796
9,4,10,x_ind,41.994511400569046
9,4,11,x_ind,66.62009022401504
9,4,12,x_ind,51.0466428644584
9,4,13,x_ind,0.0
9,4,14,x_ind,96.93422117045831
9,4,15,x_ind,447.3824961008392
9,4,16,x_ind,645.944480805989
9,4,17,x_ind,168.6187355486324
9,4,18,x_ind,54.649787967019535
9,4,19,x_ind,119.69927898164522
9,4,20,x_ind,31.41844023151265
9,4,21,x_ind,14.27197525635085
9,4,22,x_ind,0.0
9,4,23,x_ind,0.0
9,5,0,x_ind,0.0
9,5,1,x_ind,0.0
9,5,2,x_ind,0.0
9,5,3,x_ind,0.0
9,5,4,x_ind,0.0
9,5,5,x_ind,0.0
9,5,6,x_ind,0.0
9,5,7,x_ind,0.0
9,5,8,x_ind,181.21645951623657
9,5,9,x_ind,66.2111209063977
9,5,10,x_ind,134.42006431580927
9,5,11,x_ind,176.99185163445878
9,5,12,x_ind,428.8885771447872
9,5,13,x_ind,0.0
9,5,14,x_ind,342.14963589641445
9,5,15,x_ind,2052.6900794736907
9,5,16,x_ind,1178.2837592053543
9,5,17,x_ind,340.84082450106064
9,5,18,x_ind,575.4280657089788
9,5,19,x_ind,351.92620679563777
9,5,20,x_ind,162.8806997605393
9,5,21,x_ind,23.509521638360223
9,5,22,x_ind,0.0
9,5,23,x_ind,0.0
9,6,0,x_ind,0.0
9,6,1,x_ind,0.0
9,6,2,x_ind,0.0
9,6,3,x_ind,0.0
9,6,4,x_ind,0.0
9,6,5,x_ind,0.0
9,6,6,x_ind,0.0
9,6,7,x_ind,4.894474712113907
9,6,8,x_ind,165.65159107041205
9,6,9,x_ind,271.4289602127161
9,6,10,x_ind,217.2094604540292
9,6,11,x_ind,226.54488063285183
9,6,12,x_ind,167.8801553368849
9,6,13,x_ind,0.0
9,6,14,x_ind,117.97737475014863
9,6,15,x_ind,334.88349816008315
9,6,16,x_ind,279.46691360863457
9,6,17,x_ind,398.2456205160549
9,6,18,x_ind,615.5753476159988
9,6,19,x_ind,165.41512744058153
9,6,20,x_ind,76.3180306712827
9,6,21,x_ind,17.471546834316168
9,6,22,x_ind,0.0
9,6,23,x_ind,0.0
9,7,0,x_ind,0.0
9,7,1,x_ind,0.0
9,7,2,x_ind,0.0
9,7,3,x_ind,0.0
9,7,4,x_ind,0.0
9,7,5,x_ind,0.0
9,7,6,x_ind,0.0
9,7,7,x_ind,0.0
9,7,8,x_ind,28.270749429386637
9,7,9,x_ind,22.830464582125416
9,7,10,x_ind,55.078874974027684
9,7,11,x_ind,114.40881096066664
9,7,12,x_ind,286.6248684127527
9,7,13,x_ind,0.0
9,7,14,x_ind,127.9974472604098
9,7,15,x_ind,414.670569399573
9,7,16,x_ind,581.9992200917046
9,7,17,x_ind,322.79471332411214
9,7,18,x_ind,249.78706927544312
9,7,19,x_ind,99.96985595080513
9,7,20,x_ind,79.49299276811048
9,7,21,x_ind,48.22568274220788
9,7,22,x_ind,0.0
9,7,23,x_ind,0.0
9,8,0,x_ind,0.0
9,8,1,x_ind,0.0
9,8,2,x_ind,0.0
9,8,3,x_ind,0.0
9,8,4,x_ind,0.0
9,8,5,x_ind,0.0
9,8,6,x_ind,0.0
9,8,7,x_ind,9.919807168553792
9,8,8,x_ind,56.1514947012476
9,8,9,x_ind,73.16100219191425
9,8,10,x_ind,77.36400693004529
9,8,11,x_ind,91.09854059074274
9,8,12,x_ind,156.40372344489754
9,8,13,x_ind,0.0
9,8,14,x_ind,202.19037607049836
9,8,15,x_ind,936.9400181362087
9,8,16,x_ind,869.41307025207
9,8,17,x_ind,361.25269014989726
9,8,18,x_ind,200.6744193657001
9,8,19,x_ind,209.88877711557825
9,8,20,x_ind,107.59229768821668
9,8,21,x_ind,55.82531108955038
9,8,22,x_ind,0.0
9,8,23,x_ind,0.0
9,9,0,x_ind,0.0
9,9,1,x_ind,0.0
9,9,2,x_ind,0.0
9,9,3,x_ind,0.0
9,9,4,x_ind,0.0
9,9,5,x_ind,0.0
9,9,6,x_ind,0.0
9,9,7,x_ind,0.0
9,9,8,x_ind,74.58544317328236
9,9,9,x_ind,84.18795569839527
9,9,10,x_ind,71.76999178513832
9,9,11,x_ind,103.23250328761048
9,9,12,x_ind,86.54697776049647
9,9,13,x_ind,0.0
9,9,14,x_ind,141.02264067522052
9,9,15,x_ind,465.8708135732317
9,9,16,x_ind,388.2402469696833
9,9,17,x_ind,272.7608519689184
9,9,18,x_ind,169.429025307398
9,9,19,x_ind,53.12338438170328
9,9,20,x_ind,58.370467453630546
9,9,21,x_ind,0.0
9,9,22,x_ind,0.0
9,9,23,x_ind,0.0
9,0,SUM,x_ind,2002.4778017923861
9,1,SUM,x_ind,2199.3614825128443
9,2,SUM,x_ind,4009.1694644918407
9,3,SUM,x_ind,6211.373007136215
9,4,SUM,x_ind,1836.4703189129636
9,5,SUM,x_ind,6015.436866497726
9,6,SUM,x_ind,3058.9629820161085
9,7,SUM,x_ind,2432.151319171325
9,8,SUM,x_ind,3407.875534895121
9,9,SUM,x_ind,1969.1403020347088
9,0,0,yp_ind,0.0
9,0,1,yp_ind,0.0
9,0,2,yp_ind,0.0
9,0,3,yp_ind,0.0
9,0,4,yp_ind,0.0
9,0,5,yp_ind,0.0
9,0,6,yp_ind,5.842263878182004
9,0,7,yp_ind,35.87965299537737
9,0,8,yp_ind,69.98211238413516
9,0,9,yp_ind,41.40538358300721
9,0,10,yp_ind,105.7605607907766
9,0,11,yp_ind,89.08617817031285
9,0,12,yp_ind,100.68371926351203
9,0,13,yp_ind,290.2314142798489
9,0,14,yp_ind,89.27991439583394
9,0,15,yp_ind,2.5860084206570924
9,0,16,yp_ind,8.572167488857529
9,0,17,yp_ind,29.43243100572533
9,0,18,yp_ind,32.77860294964412
9,0,19,yp_ind,0.8148120086781031
9,0,20,yp_ind,1.0014558181523694
9,0,21,yp_ind,10.170787092229373
9,0,22,yp_ind,9.384130226044501
9,0,23,yp_ind,1.4188519329226927
9,1,0,yp_ind,0.0
9,1,1,yp_ind,0.0
9,1,2,yp_ind,0.0
9,1,3,yp_ind,0.0
9,1,4,yp_ind,0.0
9,1,5,yp_ind,0.0
9,1,6,yp_ind,0.4556849456766898
9,1,7,yp_ind,23.762315312230022
9,1,8,yp_ind,14.343126248111501
9,1,9,yp_ind,19.182984374016975
9,1,10,yp_ind,25.909149002807002
9,1,11,yp_ind,44.977381931397325
9,1,12,yp_ind,52.54366490021828
9,1,13,yp_ind,523.8286134307864
9,1,14,yp_ind,304.82764126955755
9,1,15,yp_ind,71.59286828944221
9,1,16,yp_ind,12.0763044138721
9,1,17,yp_ind,20.265073201991207
9,1,18,yp_ind,35.45062943234073
9,1,19,yp_ind,14.306983231527475
9,1,20,yp_ind,2.3535256978748804
9,1,21,yp_ind,7.67257615588207
9,1,22,yp_ind,11.259225189011824
9,1,23,yp_ind,3.394897794302992
9,2,0,yp_ind,0.0
9,2,1,yp_ind,0.0
9,2,2,yp_ind,0.0
9,2,3,yp_ind,0.0
9,2,4,yp_ind,0.0
9,2,5,yp_ind,0.0
9,2,6,yp_ind,0.0
9,2,7,yp_ind,0.0
9,2,8,yp_ind,1.1536552706190073
9,2,9,yp_ind,23.994772521036758
9,2,10,yp_ind,26.729853308033697
9,2,11,yp_ind,10.914458084517761
9,2,12,yp_ind,34.47151877266664
9,2,13,yp_ind,441.33867414858236
9,2,14,yp_ind,155.18893203888337
9,2,15,yp_ind,67.05817136171973
9,2,16,yp_ind,142.08728195655948
9,2,17,yp_ind,127.14306531581998
9,2,18,yp_ind,277.83714786648034
9,2,19,yp_ind,93.08183359952807
9,2,20,yp_ind,12.151263345476188
9,2,21,yp_ind,24.44489348852694
9,2,22,yp_ind,20.314404829675723
9,2,23,yp_ind,11.014160240903593
9,3,0,yp_ind,0.0
9,3,1,yp_ind,0.0
9,3,2,yp_ind,0.0
9,3,3,yp_ind,0.0
9,3,4,yp_ind,0.0
9,3,5,yp_ind,0.0
9,3,6,yp_ind,0.2213394189494845
9,3,7,yp_ind,7.204657427276825
9,3,8,yp_ind,5.517119541419367
9,3,9,yp_ind,0.0
9,3,10,yp_ind,1.0271495703513047
9,3,11,yp_ind,22.141687380164434
9,3,12,yp_ind,266.861994699303
9,3,13,yp_ind,698.1553624004213
9,3,14,yp_ind,261.5827588724437
9,3,15,yp_ind,188.35177955364375
9,3,16,yp_ind,173.79000647542134
9,3,17,yp_ind,159.8326662955752
9,3,18,yp_ind,121.95341165597216
9,3,19,yp_ind,25.516999753934098
9,3,20,yp_ind,48.948984044953825
9,3,21,yp_ind,1.2372268233851436
9,3,22,yp_ind,39.58968274593122
9,3,23,yp_ind,12.098685162996608
9,4,0,yp_ind,0.0
9,4,1,yp_ind,0.0
9,4,2,yp_ind,0.0
9,4,3,yp_ind,0.0
9,4,4,yp_ind,0.0
9,4,5,yp_ind,0.0
9,4,6,yp_ind,0.0
9,4,7,yp_ind,9.510312347203575
9,4,8,yp_ind,5.3520162106994915
9,4,9,yp_ind,9.770201465499447
9,4,10,yp_ind,3.7162872183059563
9,4,11,yp_ind,12.064411349948402
9,4,12,yp_ind,6.132619425163401
9,4,13,yp_ind,102.184837766362
9,4,14,yp_ind,124.9668809186993
9,4,15,yp_ind,81.65893869959388
9,4,16,yp_ind,126.79479789022909
9,4,17,yp_ind,37.36485812612199
9,4,18,yp_ind,3.487403917234839
9,4,19,yp_ind,30.543815683133815
9,4,20,yp_ind,4.044238110669457
9,4,21,yp_ind,2.756345292564088
9,4,22,yp_ind,6.235102099691798
9,4,23,yp_ind,2.0473449691386816
9,5,0,yp_ind,0.0
9,5,1,yp_ind,0.0
9,5,2,yp_ind,0.0
9,5,3,yp_ind,0.0
9,5,4,yp_ind,0.0
9,5,5,yp_ind,0.0
9,5,6,yp_ind,0.9346315862841732
9,5,7,yp_ind,4.360515425583452
9,5,8,yp_ind,29.360694676100334
9,5,9,yp_ind,1.0707985504614144
9,5,10,yp_ind,0.09132672742844894
9,5,11,yp_ind,0.5478615686260699
9,5,12,yp_ind,82.6813517543213
9,5,13,yp_ind,1142.1207800246502
9,5,14,yp_ind,593.089582854524
9,5,15,yp_ind,393.50548892293887
9,5,16,yp_ind,228.9960529748379
9,5,17,yp_ind,56.263858447160054
9,5,18,yp_ind,93.73279932831272
9,5,19,yp_ind,20.919336294852272
9,5,20,yp_ind,11.025800237681752
9,5,21,yp_ind,33.91782676019561
9,5,22,yp_ind,42.16886662198635
9,5,23,yp_ind,13.661351189790368
9,6,0,yp_ind,0.0
9,6,1,yp_ind,0.0
9,6,2,yp_ind,0.0
9,6,3,yp_ind,0.0
9,6,4,yp_ind,0.0
9,6,5,yp_ind,0.0
9,6,6,yp_ind,0.42296045130630733
9,6,7,yp_ind,25.315298041701
9,6,8,yp_ind,37.60963291950489
9,6,9,yp_ind,52.68569211256342
9,6,10,yp_ind,34.7076664085526
9,6,11,yp_ind,29.20726831207102
9,6,12,yp_ind,27.26288222198363
9,6,13,yp_ind,304.0045680003496
9,6,14,yp_ind,151.1766626476659
9,6,15,yp_ind,22.079593322835695
9,6,16,yp_ind,32.44552040056363
9,6,17,yp_ind,61.65995359863342
9,6,18,yp_ind,234.1039619736523
9,6,19,yp_ind,27.811672382091377
9,6,20,yp_ind,3.0037110581929256
9,6,21,yp_ind,18.75466850628053
9,6,22,yp_ind,19.22490790408319
9,6,23,yp_ind,4.622057372889923
9,7,0,yp_ind,0.0
9,7,1,yp_ind,0.0
9,7,2,yp_ind,0.0
9,7,3,yp_ind,0.0
9,7,4,yp_ind,0.0
9,7,5,yp_ind,0.0
9,7,6,yp_ind,0.09604154044892275
9,7,7,yp_ind,2.0985605325610175
9,7,8,yp_ind,2.7827900876642224
9,7,9,yp_ind,0.024932216894010196
9,7,10,yp_ind,0.09081867170007159
9,7,11,yp_ind,11.003962865252339
9,7,12,yp_ind,91.60664320675285
9,7,13,yp_ind,304.6153892329051
9,7,14,yp_ind,140.63819285520788
9,7,15,yp_ind,34.628382833439574
9,7,16,yp_ind,102.25399952167788
9,7,17,yp_ind,72.2985760171862
9,7,18,yp_ind,73.80089456730241
9,7,19,yp_ind,17.59464022991917
9,7,20,yp_ind,11.377528551117233
9,7,21,yp_ind,0.9136158463476898
9,7,22,yp_ind,15.727444079528885
9,7,23,yp_ind,3.8331731946443166
9,8,0,yp_ind,0.0
9,8,1,yp_ind,0.0
9,8,2,yp_ind,0.0
9,8,3,yp_ind,0.0
9,8,4,yp_ind,0.0
9,8,5,yp_ind,0.0
9,8,6,yp_ind,0.0
9,8,7,yp_ind,28.787360298755527
9,8,8,yp_ind,5.996280169170339
9,8,9,yp_ind,2.9515340462609543
9,8,10,yp_ind,1.9500336410449453
9,8,11,yp_ind,1.107330223239306
9,8,12,yp_ind,28.813653785988848
9,8,13,yp_ind,311.86529495231304
9,8,14,yp_ind,263.8420168200049
9,8,15,yp_ind,141.282530351914
9,8,16,yp_ind,144.13933108749015
9,8,17,yp_ind,58.816931984350234
9,8,18,yp_ind,22.195762046541713
9,8,19,yp_ind,20.87313214248587
9,8,20,yp_ind,16.97139413506846
9,8,21,yp_ind,4.6922897767607985
9,8,22,yp_ind,22.81267154815525
9,8,23,yp_ind,5.793353475501463
9,9,0,yp_ind,0.0
9,9,1,yp_ind,0.0
9,9,2,yp_ind,0.0
9,9,3,yp_ind,0.0
9,9,4,yp_ind,0.0
9,9,5,yp_ind,0.0
9,9,6,yp_ind,0.0
9,9,7,yp_ind,1.3765300233939812
9,9,8,yp_ind,13.751828076173664
9,9,9,yp_ind,6.898220071956891
9,9,10,yp_ind,3.7425417496607256
9,9,11,yp_ind,17.325227045009363
9,9,12,yp_ind,15.89698762734364
9,9,13,yp_ind,208.43517552127855
9,9,14,yp_ind,196.15037308300452
9,9,15,yp_ind,64.98163561449391
9,9,16,yp_ind,58.34320729702672
9,9,17,yp_ind,51.75348871188637
9,9,18,yp_ind,14.423231566777131
9,9,19,yp_ind,1.1861531875561206
9,9,20,yp_ind,5.252151071599658
9,9,21,yp_ind,11.694289229762221
9,9,22,yp_ind,9.374428522828941
9,9,23,yp_ind,2.8377975650194087
9,0,SUM,yp_ind,924.3104466838971
9,1,SUM,yp_ind,1188.2026448210472
9,2,SUM,yp_ind,1468.9240861490296
9,3,SUM,yp_ind,2034.0315118221426
9,4,SUM,yp_ind,568.6304114902592
9,5,SUM,yp_ind,2748.4489239457353
9,6,SUM,yp_ind,1086.0986776349214
9,7,SUM,yp_ind,885.3855860505497
9,8,SUM,yp_ind,1082.8909004850457
9,9,SUM,yp_ind,683.4232659647719
9,0,0,ym_ind,0.0
9,0,1,ym_ind,0.0
9,0,2,ym_ind,0.02257636989938675
9,0,3,ym_ind,5.231601157236379
9,0,4,ym_ind,10.222867166173593
9,0,5,ym_ind,2.4223665267685037
9,0,6,ym_ind,0.0
9,0,7,ym_ind,0.0
9,0,8,ym_ind,12.780772907664396
9,0,9,ym_ind,16.63950843424691
9,0,10,ym_ind,30.44393022337783
9,0,11,ym_ind,20.387537600652447
9,0,12,ym_ind,19.169545180740553
9,0,13,ym_ind,0.0
9,0,14,ym_ind,0.310718286918672
9,0,15,ym_ind,3.795296155254485
9,0,16,ym_ind,5.641958406907745
9,0,17,ym_ind,6.062213984051061
9,0,18,ym_ind,5.835358831799544
9,0,19,ym_ind,0.2912962023402503
9,0,20,ym_ind,1.454877344999669
9,0,21,ym_ind,0.017623381937248602
9,0,22,ym_ind,0.0
9,0,23,ym_ind,0.0
9,1,0,ym_ind,0.0
9,1,1,ym_ind,0.0
9,1,2,ym_ind,0.3244492109624745
9,1,3,ym_ind,7.685300009522202
9,1,4,ym_ind,17.866330703110304
9,1,5,ym_ind,2.0496197025077576
9,1,6,ym_ind,0.0
9,1,7,ym_ind,0.0
9,1,8,ym_ind,1.8861588453973022
9,1,9,ym_ind,8.056322609489905
9,1,10,ym_ind,7.3075160876823055
9,1,11,ym_ind,9.005133041883743
9,1,12,ym_ind,6.934949101041456
9,1,13,ym_ind,0.0
9,1,14,ym_ind,4.160501133814011
9,1,15,ym_ind,77.16420040258187
9,1,16,ym_ind,12.25024090899125
9,1,17,ym_ind,15.55774800585935
9,1,18,ym_ind,21.69170897802693
9,1,19,ym_ind,3.5021900932389984
9,1,20,ym_ind,0.743237875415002
9,1,21,ym_ind,1.336452250749528
9,1,22,ym_ind,0.0
9,1,23,ym_ind,0.0
9,2,0,ym_ind,0.0
9,2,1,ym_ind,0.0
9,2,2,ym_ind,2.3900630194845376
9,2,3,ym_ind,23.38010680163403
9,2,4,ym_ind,43.42662384910757
9,2,5,ym_ind,9.95760024634146
9,2,6,ym_ind,0.0
9,2,7,ym_ind,0.0
9,2,8,ym_ind,0.0
9,2,9,ym_ind,8.617682380310914
9,2,10,ym_ind,5.605693994467693
9,2,11,ym_ind,1.7769396360831502
9,2,12,ym_ind,2.9133769377509786
9,2,13,ym_ind,0.0
9,2,14,ym_ind,0.005147788608163717
9,2,15,ym_ind,54.23000494740902
9,2,16,ym_ind,96.6554434576231
9,2,17,ym_ind,43.84380762908105
9,2,18,ym_ind,75.56926548613929
9,2,19,ym_ind,26.11335096103377
9,2,20,ym_ind,1.4533797395867225
9,2,21,ym_ind,4.250958386354271
9,2,22,ym_ind,2.0062682345846645
9,2,23,ym_ind,0.2885490234532963
9,3,0,ym_ind,0.0
9,3,1,ym_ind,0.0
9,3,2,ym_ind,0.9729906356614947
9,3,3,ym_ind,17.546069807370237
9,3,4,ym_ind,41.99618711287998
9,3,5,ym_ind,2.7453277291489413
9,3,6,ym_ind,0.0
9,3,7,ym_ind,0.0
9,3,8,ym_ind,0.0
9,3,9,ym_ind,0.0
9,3,10,ym_ind,0.0
9,3,11,ym_ind,3.219720654760567
9,3,12,ym_ind,34.90568034504541
9,3,13,ym_ind,0.0
9,3,14,ym_ind,1.4277131916959616
9,3,15,ym_ind,171.7011473965939
9,3,16,ym_ind,206.71309985880274
9,3,17,ym_ind,72.85250012182335
9,3,18,ym_ind,88.88707427625782
9,3,19,ym_ind,14.161374270657015
9,3,20,ym_ind,4.576199830895503
9,3,21,ym_ind,9.42972708866916
9,3,22,ym_ind,0.19497606601491124
9,3,23,ym_ind,0.0
9,4,0,ym_ind,0.0
9,4,1,ym_ind,0.0
9,4,2,ym_ind,0.5290008001848397
9,4,3,ym_ind,4.3491832777934105
9,4,4,ym_ind,9.832612579941255
9,4,5,ym_ind,1.8452985937192645
9,4,6,ym_ind,0.0
9,4,7,ym_ind,0.0
9,4,8,ym_ind,0.34477170031988563
9,4,9,ym_ind,2.2041330062735387
9,4,10,ym_ind,1.4262813504966063
9,4,11,ym_ind,2.605732386854641
9,4,12,ym_ind,1.2065005686684993
9,4,13,ym_ind,0.0
9,4,14,ym_ind,1.2972285064522242
9,4,15,ym_ind,78.37427250992815
9,4,16,ym_ind,101.41289210523156
9,4,17,ym_ind,21.067763072346317
9,4,18,ym_ind,1.7297863083073008
9,4,19,ym_ind,8.89174335903272
9,4,20,ym_ind,0.3562032711898017
9,4,21,ym_ind,0.6673867543782016
9,4,22,ym_ind,0.0
9,4,23,ym_ind,0.0
9,5,0,ym_ind,0.0
9,5,1,ym_ind,0.0
9,5,2,ym_ind,1.4560141868731338
9,5,3,ym_ind,21.635149117529913
9,5,4,ym_ind,49.03450054833152
9,5,5,ym_ind,7.495679526934289
9,5,6,ym_ind,0.0
9,5,7,ym_ind,0.0
9,5,8,ym_ind,0.006212593297587117
9,5,9,ym_ind,0.03958169057735825
9,5,10,ym_ind,0.0
9,5,11,ym_ind,0.0
9,5,12,ym_ind,24.135458875040182
9,5,13,ym_ind,0.0
9,5,14,ym_ind,3.228300718516167
9,5,15,ym_ind,387.0300243140748
9,5,16,ym_ind,168.63686467844494
9,5,17,ym_ind,14.468715841028928
9,5,18,ym_ind,39.49112388913708
9,5,19,ym_ind,16.84017568728314
9,5,20,ym_ind,3.3613740584450587
9,5,21,ym_ind,1.3594365724753397
9,5,22,ym_ind,0.0
9,5,23,ym_ind,0.0
9,6,0,ym_ind,0.0
9,6,1,ym_ind,0.0
9,6,2,ym_ind,1.1581739218603915
9,6,3,ym_ind,12.286806022860866
9,6,4,ym_ind,23.941093618491262
9,6,5,ym_ind,5.784480775001377
9,6,6,ym_ind,0.0
9,6,7,ym_ind,0.0
9,6,8,ym_ind,4.613071520529698
9,6,9,ym_ind,16.681939661742753
9,6,10,ym_ind,11.743109702569505
9,6,11,ym_ind,7.552483286397217
9,6,12,ym_ind,5.0234206597690845
9,6,13,ym_ind,0.0
9,6,14,ym_ind,0.873241905047719
9,6,15,ym_ind,37.677154630488154
9,6,16,ym_ind,25.81921244278465
9,6,17,ym_ind,42.15641950025501
9,6,18,ym_ind,71.47188999872448
9,6,19,ym_ind,6.459774882652843
9,6,20,ym_ind,2.1785516223318377
9,6,21,ym_ind,1.0512533321362125
9,6,22,ym_ind,0.0
9,6,23,ym_ind,0.0
9,7,0,ym_ind,0.0
9,7,1,ym_ind,0.0
9,7,2,ym_ind,0.13553499269822972
9,7,3,ym_ind,7.6371733630124705
9,7,4,ym_ind,14.078287963701726
9,7,5,ym_ind,3.0624952051177656
9,7,6,ym_ind,0.0
9,7,7,ym_ind,0.0
9,7,8,ym_ind,0.0
9,7,9,ym_ind,0.053438924812491226
9,7,10,ym_ind,0.26902107131185843
9,7,11,ym_ind,3.8030693000897036
9,7,12,ym_ind,25.203267435593478
9,7,13,ym_ind,0.0
9,7,14,ym_ind,2.387824057456085
9,7,15,ym_ind,68.43661817960574
9,7,16,ym_ind,80.30002936364522
9,7,17,ym_ind,32.31009695491922
9,7,18,ym_ind,19.383891591911244
9,7,19,ym_ind,3.345992547213746
9,7,20,ym_ind,1.8056335642379628
9,7,21,ym_ind,3.290122965889164
9,7,22,ym_ind,0.0
9,7,23,ym_ind,0.0
9,8,0,ym_ind,0.0
9,8,1,ym_ind,0.0
9,8,2,ym_ind,1.1421035016114072
9,8,3,ym_ind,14.484307310151745
9,8,4,ym_ind,26.269041658481587
9,8,5,ym_ind,3.9788095534599166
9,8,6,ym_ind,0.0
9,8,7,ym_ind,0.0
9,8,8,ym_ind,0.23705831670918226
9,8,9,ym_ind,1.0316934254020156
9,8,10,ym_ind,1.476431804387758
9,8,11,ym_ind,0.5959116477188856
9,8,12,ym_ind,3.5785971410487907
9,8,13,ym_ind,0.0
9,8,14,ym_ind,1.946807911374488
9,8,15,ym_ind,134.74673640090398
9,8,16,ym_ind,127.22836706189078
9,8,17,ym_ind,34.52925549186148
9,8,18,ym_ind,9.294710011938074
9,8,19,ym_ind,14.65817898464904
9,8,20,ym_ind,0.7006046851433512
9,8,21,ym_ind,4.55119033745676
9,8,22,ym_ind,0.0
9,8,23,ym_ind,0.0
9,9,0,ym_ind,0.0
9,9,1,ym_ind,0.0
9,9,2,ym_ind,0.020353009890842825
9,9,3,ym_ind,11.956747900942789
9,9,4,ym_ind,23.856079833573084
9,9,5,ym_ind,3.652042111047203
9,9,6,ym_ind,0.0
9,9,7,ym_ind,0.0
9,9,8,ym_ind,0.15439694789752129
9,9,9,ym_ind,1.6664131875852097
9,9,10,ym_ind,0.2043354062129079
9,9,11,ym_ind,2.476313956524884
9,9,12,ym_ind,1.6974750100546578
9,9,13,ym_ind,0.0
9,9,14,ym_ind,0.6266407894957314
9,9,15,ym_ind,57.34234770875305
9,9,16,ym_ind,51.74749390124859
9,9,17,ym_ind,27.495223432327858
9,9,18,ym_ind,11.370927846718393
9,9,19,ym_ind,0.05354134422153956
9,9,20,ym_ind,0.6067398142692602
9,9,21,ym_ind,0.0
9,9,22,ym_ind,0.0
9,9,23,ym_ind,0.0
9,0,SUM,ym_ind,140.73004816096866
9,1,SUM,ym_ind,197.5220589602744
9,2,SUM,ym_ind,402.4842625190537
9,3,SUM,ym_ind,671.329788386277
9,4,SUM,ym_ind,238.1407901511182
9,5,SUM,ym_ind,738.2186122979895
9,6,SUM,ym_ind,276.47207748364303
9,7,SUM,ym_ind,265.5024974812161
9,8,SUM,ym_ind,380.44980524418924
9,9,SUM,ym_ind,194.92707220076352
9,0,0,x_re,8.966825492339465e-10
9,0,1,x_re,1.0354960938394878e-09
9,0,2,x_re,1.1188750410064826e-09
9,0,3,x_re,1.1908194177344732e-09
9,0,4,x_re,1.284758818583225e-09
9,0,5,x_re,1.4552727591677115e-09
9,0,6,x_re,2.546368761972718e-09
9,0,7,x_re,3.477596142955013e-09
9,0,8,x_re,245.60926019059977
9,0,9,x_re,242.30278431744347
9,0,10,x_re,380.6204094388834
9,0,11,x_re,388.79927207806276
9,0,12,x_re,352.5893427045616
9,0,13,x_re,0.0
9,0,14,x_re,126.6446462745136
9,0,15,x_re,134.25086119948003
9,0,16,x_re,154.5887745211416
9,0,17,x_re,172.426743858657
9,0,18,x_re,206.65956874127374
9,0,19,x_re,39.11456002069426
9,0,20,x_re,39.36765408176469
9,0,21,x_re,0.7804499328463801
9,0,22,x_re,1.8067568518857427e-07
9,0,23,x_re,1.8518902709725697e-06
9,1,0,x_re,8.966822895221273e-10
9,1,1,x_re,1.035493362797701e-09
9,1,2,x_re,1.1188573032133307e-09
9,1,3,x_re,1.190746392938003e-09
9,1,4,x_re,1.2847812641630174e-09
9,1,5,x_re,1.4552023218049653e-09
9,1,6,x_re,2.5238723476502394e-09
9,1,7,x_re,3.4078380807835272e-09
9,1,8,x_re,104.92321842853636
9,1,9,x_re,155.63048754065758
9,1,10,x_re,168.25438615331157
9,1,11,x_re,216.42587503779714
9,1,12,x_re,183.2924272673573
9,1,13,x_re,0.0
9,1,14,x_re,410.13228622178855
9,1,15,x_re,589.7641888697259
9,1,16,x_re,188.68549939579682
9,1,17,x_re,215.8807496647969
9,1,18,x_re,262.97906765513284
9,1,19,x_re,125.29077597405244
9,1,20,x_re,56.330920898189966
9,1,21,x_re,4.097408563695711
9,1,22,x_re,1.7980246861899605e-07
9,1,23,x_re,1.8524356358834154e-06
9,2,0,x_re,8.966807279075972e-10
9,2,1,x_re,1.0354729060497854e-09
9,2,2,x_re,1.1186461027257107e-09
9,2,3,x_re,1.1902821619116579e-09
9,2,4,x_re,1.2842409122863645e-09
9,2,5,x_re,1.4546607331057259e-09
9,2,6,x_re,2.4469775410663313e-09
9,2,7,x_re,3.188811879977202e-09
9,2,8,x_re,1.8548095838483626e-07
9,2,9,x_re,244.2426462027441
9,2,10,x_re,216.3434056718272
9,2,11,x_re,192.09753085872532
9,2,12,x_re,264.9403165741838
9,2,13,x_re,0.0
9,2,14,x_re,247.1993432555811
9,2,15,x_re,537.9853230891389
9,2,16,x_re,778.7438223171878
9,2,17,x_re,498.32216521602896
9,2,18,x_re,836.3658589222887
9,2,19,x_re,424.98483599860106
9,2,20,x_re,119.32113442449833
9,2,21,x_re,143.95997075998258
9,2,22,x_re,1.8444693851207673e-07
9,2,23,x_re,1.9517099660178845e-06
9,3,0,x_re,8.966812256981428e-10
9,3,1,x_re,1.0354787583382892e-09
9,3,2,x_re,1.1186944660046767e-09
9,3,3,x_re,1.1905324836886607e-09
9,3,4,x_re,1.284438645794304e-09
9,3,5,x_re,1.4548289319611197e-09
9,3,6,x_re,2.5103273499878437e-09
9,3,7,x_re,3.208558647043088e-09
9,3,8,x_re,1.1922457229196637e-06
9,3,9,x_re,39.6022436827668
9,3,10,x_re,105.57341459626676
9,3,11,x_re,311.3979329400992
9,3,12,x_re,782.5183518864137
9,3,13,x_re,0.0
9,3,14,x_re,390.20096966748997
9,3,15,x_re,1263.3194940271865
9,3,16,x_re,1253.2790899579993
9,3,17,x_re,885.9350040821107
9,3,18,x_re,842.2123946127163
9,3,19,x_re,365.94870913479156
9,3,20,x_re,346.276195805778
9,3,21,x_re,8.52639166506447
9,3,22,x_re,1.8055867285767464e-07
9,3,23,x_re,1.9376084597228623e-06
9,4,0,x_re,8.966810377422557e-10
9,4,1,x_re,1.0354766741021755e-09
9,4,2,x_re,1.1186783789458025e-09
9,4,3,x_re,1.1904533669157025e-09
9,4,4,x_re,1.284400561543463e-09
9,4,5,x_re,1.4547631748495504e-09
9,4,6,x_re,2.450189940708373e-09
9,4,7,x_re,3.399273010372485e-09
9,4,8,x_re,31.88724540651193
9,4,9,x_re,55.24243745286199
9,4,10,x_re,47.41326019403959
9,4,11,x_re,78.71274792619303
9,4,12,x_re,62.28789928469416
9,4,13,x_re,0.0
9,4,14,x_re,169.0187645096595
9,4,15,x_re,506.71858142128445
9,4,16,x_re,719.8757069949838
9,4,17,x_re,199.4220803506014
9,4,18,x_re,63.68435711803504
9,4,19,x_re,149.3319957205747
9,4,20,x_re,39.176741818337014
9,4,21,x_re,8.87045726461917e-05
9,4,22,x_re,1.8207722276452668e-07
9,4,23,x_re,1.85959216965853e-06
9,5,0,x_re,8.966805358831158e-10
9,5,1,x_re,1.0354688340109871e-09
9,5,2,x_re,1.1185688124063566e-09
9,5,3,x_re,1.190365316272873e-09
9,5,4,x_re,1.2843024360260272e-09
9,5,5,x_re,1.4545428410314155e-09
9,5,6,x_re,2.504836208212801e-09
9,5,7,x_re,3.2111199246883675e-09
9,5,8,x_re,146.67489853610869
9,5,9,x_re,73.91623948091033
9,5,10,x_re,147.63360120290463
9,5,11,x_re,210.31700046317357
9,5,12,x_re,547.3234380876399
9,5,13,x_re,0.0
9,5,14,x_re,615.5576177406455
9,5,15,x_re,1564.0525231947252
9,5,16,x_re,1000.5993972820495
9,5,17,x_re,387.3124309754442
9,5,18,x_re,665.5654661671745
9,5,19,x_re,381.4152202437986
9,5,20,x_re,165.9077985736473
9,5,21,x_re,10.738067402609103
9,5,22,x_re,1.8360867251083468e-07
9,5,23,x_re,1.8995573914753347e-06
9,6,0,x_re,8.966814215710714e-10
9,6,1,x_re,1.0354812253408313e-09
9,6,2,x_re,1.1187171921551462e-09
9,6,3,x_re,1.1906583627675034e-09
9,6,4,x_re,1.2845153526422802e-09
9,6,5,x_re,1.4548967053017943e-09
9,6,6,x_re,2.5229514829824446e-09
9,6,7,x_re,3.3847428694171067e-09
9,6,8,x_re,160.28843292260092
9,6,9,x_re,296.965832380543
9,6,10,x_re,233.14532143818982
9,6,11,x_re,260.2502857037492
9,6,12,x_re,205.23224090070192
9,6,13,x_re,0.0
9,6,14,x_re,198.51612989078296
9,6,15,x_re,414.7044497511226
9,6,16,x_re,350.05699620668787
9,6,17,x_re,453.0857854580789
9,6,18,x_re,731.655535774452
9,6,19,x_re,207.88337432743944
9,6,20,x_re,78.61594562629072
9,6,21,x_re,3.3625666666041214
9,6,22,x_re,1.8044942073700794e-07
9,6,23,x_re,1.8964329317866902e-06
9,7,0,x_re,8.966813599716871e-10
9,7,1,x_re,1.0354803266435292e-09
9,7,2,x_re,1.1187076693399102e-09
9,7,3,x_re,1.190598208667837e-09
9,7,4,x_re,1.2844750407520186e-09
9,7,5,x_re,1.4548739029505143e-09
9,7,6,x_re,2.5139320476131464e-09
9,7,7,x_re,3.2192081893953894e-09
9,7,8,x_re,21.589121776475015
9,7,9,x_re,21.494838997671533
9,7,10,x_re,54.11394767592747
9,7,11,x_re,139.63872869875925
9,7,12,x_re,352.33992954274294
9,7,13,x_re,0.0
9,7,14,x_re,215.31609823784186
9,7,15,x_re,473.6183230076414
9,7,16,x_re,664.9123937067905
9,7,17,x_re,370.0064898004153
9,7,18,x_re,325.1228251486498
9,7,19,x_re,138.77430118831495
9,7,20,x_re,105.29103219278018
9,7,21,x_re,7.410197091236629
9,7,22,x_re,1.7831152128349173e-07
9,7,23,x_re,1.8566593955040597e-06
9,8,0,x_re,8.966813444840389e-10
9,8,1,x_re,1.0354802865247945e-09
9,8,2,x_re,1.1187069874512055e-09
9,8,3,x_re,1.1905948476775531e-09
9,8,4,x_re,1.284535471011396e-09
9,8,5,x_re,1.4548470373132707e-09
9,8,6,x_re,2.4515691568049826e-09
9,8,7,x_re,3.3823654670388155e-09
9,8,8,x_re,42.19447059171189
9,8,9,x_re,66.34009662676266
9,8,10,x_re,84.80280369629703
9,8,11,x_re,105.9045782633587
9,8,12,x_re,192.5395272655706
9,8,13,x_re,0.0
9,8,14,x_re,314.5385351140086
9,8,15,x_re,1052.6781315687795
9,8,16,x_re,933.0299086144942
9,8,17,x_re,417.6842756897203
9,8,18,x_re,238.77820391772167
9,8,19,x_re,222.73286025787613
9,8,20,x_re,137.0736616746145
9,8,21,x_re,0.002696538340811227
9,8,22,x_re,1.820344797179367e-07
9,8,23,x_re,1.913631685213771e-06
9,9,0,x_re,8.966809763746892e-10
9,9,1,x_re,1.0354759487208175e-09
9,9,2,x_re,1.118672335185252e-09
9,9,3,x_re,1.1904223782964877e-09
9,9,4,x_re,1.2843974705634245e-09
9,9,5,x_re,1.4547421394777578e-09
9,9,6,x_re,2.4490555430249025e-09
9,9,7,x_re,3.2128758286731026e-09
9,9,8,x_re,76.43478630849262
9,9,9,x_re,79.68881008733572
9,9,10,x_re,76.61761413929928
9,9,11,x_re,128.2248674753811
9,9,12,x_re,113.64069111041984
9,9,13,x_re,0.0
9,9,14,x_re,278.7744096415288
9,9,15,x_re,533.7441088566122
9,9,16,x_re,441.65304670921836
9,9,17,x_re,265.37908371159284
9,9,18,x_re,188.33043695465264
9,9,19,x_re,41.8104718940898
9,9,20,x_re,64.74737082764696
9,9,21,x_re,0.00038014388088582543
9,9,22,x_re,1.855599447762222e-07
9,9,23,x_re,1.8700608969300512e-06
9,0,SUM,x_re,2483.754329405494
9,1,SUM,x_re,2681.6872937159906
9,2,SUM,x_re,4504.506355625042
9,3,SUM,x_re,6594.7901953817955
9,4,SUM,x_re,2122.771908956848
9,5,SUM,x_re,5917.013701446693
9,6,SUM,x_re,3593.7628991370148
9,7,SUM,x_re,2889.628229112932
9,8,SUM,x_re,3808.2997519277374
9,9,SUM,x_re,2289.0460799284147
9,0,0,yp_re,6.091078341079677e-08
9,0,1,yp_re,6.999278968817156e-08
9,0,2,yp_re,7.376609980287674e-08
9,0,3,yp_re,8.795751466604416e-08
9,0,4,yp_re,8.759937261547057e-08
9,0,5,yp_re,1.0564271713075766e-07
9,0,6,yp_re,3.467709586563679
9,0,7,yp_re,8.210744804773464
9,0,8,yp_re,7.817491404258322
9,0,9,yp_re,2.559390462339422
9,0,10,yp_re,1.47251298572145e-07
9,0,11,yp_re,3.8732324054056306
9,0,12,yp_re,22.820592241607045
9,0,13,yp_re,290.94518161664456
9,0,14,yp_re,26.385878097683452
9,0,15,yp_re,2.538097540726603e-05
9,0,16,yp_re,0.14297574801873272
9,0,17,yp_re,1.407663251138743
9,0,18,yp_re,1.9966770337652082
9,0,19,yp_re,1.2675228976867128
9,0,20,yp_re,1.806138015639281
9,0,21,yp_re,10.279365955292143
9,0,22,yp_re,9.175069204813676
9,0,23,yp_re,1.440572820838979
9,1,0,yp_re,6.091077480094334e-08
9,1,1,yp_re,6.999274561682241e-08
9,1,2,yp_re,7.376558659749374e-08
9,1,3,yp_re,8.795144655376838e-08
9,1,4,yp_re,8.760153936929551e-08
9,1,5,yp_re,1.0563820502214303e-07
9,1,6,yp_re,0.4676614985212932
9,1,7,yp_re,2.3984190044791536
9,1,8,yp_re,1.433560114848304
9,1,9,yp_re,0.5607234419710254
9,1,10,yp_re,1.4436778697063136e-07
9,1,11,yp_re,0.24191557284797008
9,1,12,yp_re,4.624490301499804
9,1,13,yp_re,527.3770935834159
9,1,14,yp_re,101.84619404123215
9,1,15,yp_re,1.5712420697717326
9,1,16,yp_re,0.15580570517782738
9,1,17,yp_re,0.600830910693021
9,1,18,yp_re,1.716299063321216
9,1,19,yp_re,1.3215655680529381
9,1,20,yp_re,2.086754121682503
9,1,21,yp_re,9.775923865512578
9,1,22,yp_re,10.152648921489167
9,1,23,yp_re,1.3760770756355258
9,2,0,yp_re,6.09107038026083e-08
9,2,1,yp_re,6.999178670117737e-08
9,2,2,yp_re,7.375681449430442e-08
9,2,3,yp_re,8.793331778781862e-08
9,2,4,yp_re,8.758185204138578e-08
9,2,5,yp_re,1.0562092167263049e-07
9,2,6,yp_re,9.677921453180533e-07
9,2,7,yp_re,1.0006734196206528e-06
9,2,8,yp_re,0.40088220733082885
9,2,9,yp_re,1.7588983529169389
9,2,10,yp_re,1.4548348118867792e-07
9,2,11,yp_re,0.15218813477907056
9,2,12,yp_re,5.359167151335324
9,2,13,yp_re,445.91803685527645
9,2,14,yp_re,64.27104894362196
9,2,15,yp_re,2.781924262989757
9,2,16,yp_re,14.23462801564622
9,2,17,yp_re,11.052465196795533
9,2,18,yp_re,59.201621911825335
9,2,19,yp_re,2.3157063404573117
9,2,20,yp_re,6.674387561982769
9,2,21,yp_re,13.010160209004338
9,2,22,yp_re,19.859286981172854
9,2,23,yp_re,3.1146581506321724
9,3,0,yp_re,6.091073051131368e-08
9,3,1,yp_re,6.999205642786214e-08
9,3,2,yp_re,7.375912737152223e-08
9,3,3,yp_re,8.79434470752886e-08
9,3,4,yp_re,8.758907188168767e-08
9,3,5,yp_re,1.0562710327459101e-07
9,3,6,yp_re,0.165361903175361
9,3,7,yp_re,3.0823020134736647
9,3,8,yp_re,0.9182993570246623
9,3,9,yp_re,4.131574553078318e-07
9,3,10,yp_re,1.42750793171177e-07
9,3,11,yp_re,1.050413550276334
9,3,12,yp_re,81.20548059878753
9,3,13,yp_re,699.6463311405194
9,3,14,yp_re,123.46858429336856
9,3,15,yp_re,25.50871581625216
9,3,16,yp_re,58.91455207569361
9,3,17,yp_re,20.837697190653785
9,3,18,yp_re,27.395088185127538
9,3,19,yp_re,3.480541720131782
9,3,20,yp_re,15.152245304923625
9,3,21,yp_re,32.661663502896644
9,3,22,yp_re,28.613381796685267
9,3,23,yp_re,4.334844576963163
9,4,0,yp_re,6.09107234509756e-08
9,4,1,yp_re,6.999197467167012e-08
9,4,2,yp_re,7.375879602702322e-08
9,4,3,yp_re,8.793970469474631e-08
9,4,4,yp_re,8.75880506857294e-08
9,4,5,yp_re,1.0562392721264468e-07
9,4,6,yp_re,9.861028460239009e-07
9,4,7,yp_re,1.0496393955495316
9,4,8,yp_re,0.7154871782697682
9,4,9,yp_re,0.44826053770218016
9,4,10,yp_re,1.4506655745059547e-07
9,4,11,yp_re,0.003732811504737683
9,4,12,yp_re,0.6642662630033871
9,4,13,yp_re,102.37594170484492
9,4,14,yp_re,32.97404582317728
9,4,15,yp_re,3.9195267027818463
9,4,16,yp_re,18.965405357158197
9,4,17,yp_re,0.8730561894368478
9,4,18,yp_re,0.19683713140498774
9,4,19,yp_re,1.2820480053707533
9,4,20,yp_re,0.8979327602163433
9,4,21,yp_re,5.329679627762698
9,4,22,yp_re,4.93492887219433
9,4,23,yp_re,0.8036360716495027
9,5,0,yp_re,6.09107020096173e-08
9,5,1,yp_re,6.999156176449007e-08
9,5,2,yp_re,7.375315513266875e-08
9,5,3,yp_re,8.793528003381882e-08
9,5,4,yp_re,8.758426472740343e-08
9,5,5,yp_re,1.0561828808101154e-07
9,5,6,yp_re,0.8858152521640902
9,5,7,yp_re,2.0559763515259712
9,5,8,yp_re,3.8419034246386716
9,5,9,yp_re,0.8938249615333462
9,5,10,yp_re,1.4258904670662886e-07
9,5,11,yp_re,0.039113351431968965
9,5,12,yp_re,8.48220719259285
9,5,13,yp_re,1140.3670325292615
9,5,14,yp_re,292.8479310458549
9,5,15,yp_re,177.85361303431455
9,5,16,yp_re,70.53568731827572
9,5,17,yp_re,9.64929429055312
9,5,18,yp_re,17.374376692827155
9,5,19,yp_re,9.72921115049973
9,5,20,yp_re,6.448299802778815
9,5,21,yp_re,28.434141150489516
9,5,22,yp_re,28.061436448201288
9,5,23,yp_re,5.698117994235552
9,6,0,yp_re,6.091073440283558e-08
9,6,1,yp_re,6.999215759299752e-08
9,6,2,yp_re,7.375966720566114e-08
9,6,3,yp_re,8.794806136061704e-08
9,6,4,yp_re,8.758931941059625e-08
9,6,5,yp_re,1.0562944873469769e-07
9,6,6,yp_re,0.37857489221918345
9,6,7,yp_re,3.700919212375057
9,6,8,yp_re,6.292287879018081
9,6,9,yp_re,0.8173558096129934
9,6,10,yp_re,1.4415903968375466e-07
9,6,11,yp_re,0.8158973677697616
9,6,12,yp_re,5.846343174675
9,6,13,yp_re,307.9583986566847
9,6,14,yp_re,57.402248072162685
9,6,15,yp_re,0.15253361372900165
9,6,16,yp_re,0.4581800222159551
9,6,17,yp_re,4.1479202226709315
9,6,18,yp_re,36.25122937401657
9,6,19,yp_re,1.4915756456110745
9,6,20,yp_re,1.4175792197750519
9,6,21,yp_re,14.994399495563236
9,6,22,yp_re,14.096904525869977
9,6,23,yp_re,2.4772951924333353
9,7,0,yp_re,6.091073796871243e-08
9,7,1,yp_re,6.999213876215931e-08
9,7,2,yp_re,7.375973242178558e-08
9,7,3,yp_re,8.794544376506037e-08
9,7,4,yp_re,8.759030184087687e-08
9,7,5,yp_re,1.0562846122710452e-07
9,7,6,yp_re,0.14027649779292437
9,7,7,yp_re,0.9378574552107019
9,7,8,yp_re,0.803051286638633
9,7,9,yp_re,0.009690314721077266
9,7,10,yp_re,1.4281190179538472e-07
9,7,11,yp_re,0.06668883874268766
9,7,12,yp_re,7.565357668996994
9,7,13,yp_re,307.56738713246324
9,7,14,yp_re,42.45631232812512
9,7,15,yp_re,0.11650160450648095
9,7,16,yp_re,10.113847853651095
9,7,17,yp_re,6.137755553740293
9,7,18,yp_re,3.817609117037658
9,7,19,yp_re,1.192604725820006
9,7,20,yp_re,2.966367240274707
9,7,21,yp_re,9.15543738075056
9,7,22,yp_re,9.16252147102778
9,7,23,yp_re,1.4047527941357414
9,8,0,yp_re,6.091073601512863e-08
9,8,1,yp_re,6.999212568979642e-08
9,8,2,yp_re,7.375976542133748e-08
9,8,3,yp_re,8.794628341481746e-08
9,8,4,yp_re,8.759455397692626e-08
9,8,5,yp_re,1.0562587943026716e-07
9,8,6,yp_re,9.674504119979461e-07
9,8,7,yp_re,4.1855295207832715
9,8,8,yp_re,1.572052804396185
9,8,9,yp_re,0.16202431039859103
9,8,10,yp_re,1.4303732462707548e-07
9,8,11,yp_re,0.14584969544794948
9,8,12,yp_re,4.2407334138929285
9,8,13,yp_re,312.43786991617935
9,8,14,yp_re,112.00902105884467
9,8,15,yp_re,4.937632642317663
9,8,16,yp_re,13.659260263662311
9,8,17,yp_re,2.343322611478888
9,8,18,yp_re,2.1896545384540347
9,8,19,yp_re,2.0541363231129526
9,8,20,yp_re,3.427413283200176
9,8,21,yp_re,15.293030494813635
9,8,22,yp_re,15.78438942251134
9,8,23,yp_re,2.2938596742024564
9,9,0,yp_re,6.091071865985433e-08
9,9,1,yp_re,6.999194093719549e-08
9,9,2,yp_re,7.375828992972842e-08
9,9,3,yp_re,8.793777231809374e-08
9,9,4,yp_re,8.758781871045633e-08
9,9,5,yp_re,1.0562282342300797e-07
9,9,6,yp_re,9.723664158907124e-07
9,9,7,yp_re,0.7784167390206737
9,9,8,yp_re,1.3215566020654024
9,9,9,yp_re,0.042715801699387344
9,9,10,yp_re,1.4265502045276041e-07
9,9,11,yp_re,0.3156258968747839
9,9,12,yp_re,3.943644144098903
9,9,13,yp_re,207.46804230541395
9,9,14,yp_re,57.750746348096
9,9,15,yp_re,0.5105286514377954
9,9,16,yp_re,3.189301158289049
9,9,17,yp_re,5.445680090414446
9,9,18,yp_re,0.5751375986159672
9,9,19,yp_re,0.6877990212753172
9,9,20,yp_re,2.1864270120473184
9,9,21,yp_re,10.1671521389714
9,9,22,yp_re,10.455525129912175
9,9,23,yp_re,1.9093103936716886
9,0,SUM,yp_re,393.596231560565
9,1,SUM,yp_re,667.7072054903803
9,2,SUM,yp_re,650.1050628755113
9,3,SUM,yp_re,1126.4355040676828
9,4,SUM,yp_re,175.4344260490099
9,5,SUM,yp_re,1803.197982619561
9,6,SUM,yp_re,458.69964300639106
9,7,SUM,yp_re,403.6140198922745
9,8,SUM,yp_re,496.7357815700135
9,9,SUM,yp_re,306.7476106327351
9,0,0,ym_re,8.634258438845097e-07
9,0,1,ym_re,9.358413930773507e-07
9,0,2,ym_re,1.6339042495866076e-06
9,0,3,ym_re,2.448388968202311
9,0,4,ym_re,10.284977631394458
9,0,5,ym_re,9.735769755831446e-07
9,0,6,ym_re,2.0533326633003645e-07
9,0,7,ym_re,1.3887353410233387e-07
9,0,8,ym_re,8.320688600192525e-08
9,0,9,ym_re,7.394949367913413e-08
9,0,10,ym_re,0.22897032244931764
9,0,11,ym_re,8.474488453404457e-08
9,0,12,ym_re,4.985090245157349
9,0,13,ym_re,4.206614720910915e-08
9,0,14,ym_re,0.019710742613743164
9,0,15,ym_re,1.5508293280364274
9,0,16,ym_re,0.2647326791600111
9,0,17,ym_re,1.3602105342606619
9,0,18,ym_re,1.0592322499614104
9,0,19,ym_re,2.246452784766915e-07
9,0,20,ym_re,0.7071867818953054
9,0,21,ym_re,0.01164809937971836
9,0,22,ym_re,1.0052818390760492e-07
9,0,23,ym_re,1.625057548368806e-07
9,1,0,ym_re,8.634284491883008e-07
9,1,1,ym_re,9.35876622470582e-07
9,1,2,ym_re,1.6352412380790793e-06
9,1,3,ym_re,3.738271352725951
9,1,4,ym_re,11.051654277717718
9,1,5,ym_re,9.74509285517324e-07
9,1,6,ym_re,2.0627919443833964e-07
9,1,7,ym_re,1.4072499373123786e-07
9,1,8,ym_re,8.295663785359732e-08
9,1,9,ym_re,7.386418855096468e-08
9,1,10,ym_re,8.676493550559058e-08
9,1,11,ym_re,1.0171494296907644e-07
9,1,12,ym_re,0.47813797712110806
9,1,13,ym_re,4.206614683429276e-08
9,1,14,ym_re,1.6464828129249105
9,1,15,ym_re,29.241018506760224
9,1,16,ym_re,1.9377893091747564
9,1,17,ym_re,1.9939175262811053
9,1,18,ym_re,0.5464268454999769
9,1,19,ym_re,0.2223355943092274
9,1,20,ym_re,0.8098327850936178
9,1,21,ym_re,0.13238393126054873
9,1,22,ym_re,1.0053579421732174e-07
9,1,23,ym_re,1.6255394365717236e-07
9,2,0,ym_re,8.634464190732855e-07
9,2,1,ym_re,9.363221482512973e-07
9,2,2,ym_re,1.0385184770229849e-05
9,2,3,ym_re,12.400361310645067
9,2,4,ym_re,27.482179897011278
9,2,5,ym_re,0.6497122132945534
9,2,6,ym_re,2.1591886905833234e-07
9,2,7,ym_re,1.4665420241437154e-07
9,2,8,ym_re,8.351897488934257e-08
9,2,9,ym_re,7.393686609262307e-08
9,2,10,ym_re,0.5876917367788165
9,2,11,ym_re,1.0325600155646786e-07
9,2,12,ym_re,0.7378295737065362
9,2,13,ym_re,4.2066146864369086e-08
9,2,14,ym_re,0.04255595175463459
9,2,15,ym_re,22.563378559182123
9,2,16,ym_re,19.80603393052975
9,2,17,ym_re,4.365295067931529
9,2,18,ym_re,22.04947054877113
9,2,19,ym_re,4.048640035310565
9,2,20,ym_re,1.2330688432139267
9,2,21,ym_re,4.410239981319567
9,2,22,ym_re,1.0053467177777549e-07
9,2,23,ym_re,1.6291308956802027e-07
9,3,0,ym_re,8.634410338397461e-07
9,3,1,ym_re,9.362348230952761e-07
9,3,2,ym_re,1.038225749221213e-05
9,3,3,ym_re,10.761977191236678
9,3,4,ym_re,35.37478750179366
9,3,5,ym_re,0.9747849931049557
9,3,6,ym_re,2.081698368664034e-07
9,3,7,ym_re,1.463048346233995e-07
9,3,8,ym_re,8.313441250840211e-08
9,3,9,ym_re,7.384733705328744e-08
9,3,10,ym_re,8.611059793765814e-08
9,3,11,ym_re,8.704418698657974e-08
9,3,12,ym_re,11.506393572680787
9,3,13,ym_re,4.2078027627398316e-08
9,3,14,ym_re,1.1229457322361076
9,3,15,ym_re,81.53098433803007
9,3,16,ym_re,51.49316930631496
9,3,17,ym_re,23.230407709477973
9,3,18,ym_re,30.474110513448398
9,3,19,ym_re,0.8923025267683444
9,3,20,ym_re,3.176838049283973
9,3,21,ym_re,0.16252897490262064
9,3,22,ym_re,1.0053248995910319e-07
9,3,23,ym_re,1.6283746498714917e-07
9,4,0,ym_re,8.634429654272117e-07
9,4,1,ym_re,9.362636928708197e-07
9,4,2,ym_re,1.0346503321177233e-05
9,4,3,ym_re,1.9747170170444386
9,4,4,ym_re,6.714172161102699
9,4,5,ym_re,0.02273315337853512
9,4,6,ym_re,2.155582564243466e-07
9,4,7,ym_re,1.4096242601333606e-07
9,4,8,ym_re,8.31011121834872e-08
9,4,9,ym_re,7.396729684364743e-08
9,4,10,ym_re,8.622663981142505e-08
9,4,11,ym_re,8.693917477105095e-08
9,4,12,ym_re,0.0948485535383709
9,4,13,ym_re,4.2066147446519584e-08
9,4,14,ym_re,0.020129311014665596
9,4,15,ym_re,17.8527440554726
9,4,16,ym_re,15.145210923163853
9,4,17,ym_re,1.9762590457875375
9,4,18,ym_re,0.1369282436256115
9,4,19,ym_re,0.08866434050218197
9,4,20,ym_re,0.3109023207719193
9,4,21,ym_re,5.2002950573344435e-06
9,4,22,ym_re,1.0053350704976012e-07
9,4,23,ym_re,1.6257330060745906e-07
9,5,0,ym_re,8.634489388359721e-07
9,5,1,ym_re,9.364162489193102e-07
9,5,2,ym_re,1.0398765130496671e-05
9,5,3,ym_re,19.419032325020794
9,5,4,ym_re,39.52592615980732
9,5,5,ym_re,0.2605367154332378
9,5,6,ym_re,2.0957793979040267e-07
9,5,7,ym_re,1.4625140672234217e-07
9,5,8,ym_re,8.313177853586034e-08
9,5,9,ym_re,7.387771612122656e-08
9,5,10,ym_re,1.4604348516635573e-07
9,5,11,ym_re,8.316992830723349e-08
9,5,12,ym_re,6.306136364503632
9,5,13,ym_re,4.206614676275472e-08
9,5,14,ym_re,2.6919896608770797
9,5,15,ym_re,122.95387232475508
9,5,16,ym_re,21.139402918647463
9,5,17,ym_re,4.149806770232373
9,5,18,ym_re,5.460153719090015
9,5,19,ym_re,4.088455529281182
9,5,20,ym_re,2.9837598769605482
9,5,21,ym_re,0.6482336622107963
9,5,22,ym_re,1.0053377092328683e-07
9,5,23,ym_re,1.6272739530840764e-07
9,6,0,ym_re,8.634388664000896e-07
9,6,1,ym_re,9.361901008567047e-07
9,6,2,ym_re,1.0361942950853455e-05
9,6,3,ym_re,4.54510721764407
9,6,4,ym_re,17.385297977693853
9,6,5,ym_re,0.037319237292999574
9,6,6,ym_re,2.0767292172221247e-07
9,6,7,ym_re,1.415183347424988e-07
9,6,8,ym_re,8.304576862039748e-08
9,6,9,ym_re,7.388340649890151e-08
9,6,10,ym_re,0.08260568952980493
9,6,11,ym_re,9.941710525094514e-08
9,6,12,ym_re,0.41059687538932577
9,6,13,ym_re,4.206614691648491e-08
9,6,14,ym_re,0.020785645810998885
9,6,15,ym_re,9.32513415536695
9,6,16,ym_re,5.967539946372674
9,6,17,ym_re,7.672688518717427
9,6,18,ym_re,28.699083667510564
9,6,19,ym_re,0.9724871893564401
9,6,20,ym_re,1.3532710111509048
9,6,21,ym_re,0.12048719246454866
9,6,22,ym_re,1.0053372628561515e-07
9,6,23,ym_re,1.6270329075797137e-07
9,7,0,ym_re,8.634395829980056e-07
9,7,1,ym_re,9.362115766098627e-07
9,7,2,ym_re,1.03745204386879e-05
9,7,3,ym_re,4.403773890597799
9,7,4,ym_re,13.41140162323587
9,7,5,ym_re,0.12913602326598933
9,7,6,ym_re,2.0772616977591545e-07
9,7,7,ym_re,1.4606809789625995e-07
9,7,8,ym_re,8.292573836740381e-08
9,7,9,ym_re,7.383999734742387e-08
9,7,10,ym_re,8.612068638554783e-08
9,7,11,ym_re,9.947352188475668e-08
9,7,12,ym_re,1.2510200657529589
9,7,13,ym_re,4.206614691561412e-08
9,7,14,ym_re,0.13714950000302095
9,7,15,ym_re,19.61278045041811
9,7,16,ym_re,17.590532023725032
9,7,17,ym_re,6.4383785546404555
9,7,18,ym_re,3.6568295705096743
9,7,19,ym_re,0.3884563709324677
9,7,20,ym_re,1.7536894780513845
9,7,21,ym_re,0.19903521049467737
9,7,22,ym_re,1.0052886649211682e-07
9,7,23,ym_re,1.6252321305280595e-07
9,8,0,ym_re,8.634396583083146e-07
9,8,1,ym_re,9.362108997260392e-07
9,8,2,ym_re,1.0365681340673452e-05
9,8,3,ym_re,6.042555191766329
9,8,4,ym_re,18.169435186360072
9,8,5,ym_re,0.0634473168780343
9,8,6,ym_re,2.152262170083819e-07
9,8,7,ym_re,1.419081137685872e-07
9,8,8,ym_re,8.30143130588184e-08
9,8,9,ym_re,7.384878269847945e-08
9,8,10,ym_re,8.61534880697537e-08
9,8,11,ym_re,1.0166055062646175e-07
9,8,12,ym_re,0.3959099527986594
9,8,13,ym_re,4.2066146925742664e-08
9,8,14,ym_re,0.04550883537193503
9,8,15,ym_re,63.79068929143038
9,8,16,ym_re,34.48752198628868
9,8,17,ym_re,5.185378324116032
9,8,18,ym_re,2.411188547309096
9,8,19,ym_re,1.2148905013954625
9,8,20,ym_re,1.9453183821898463
9,8,21,ym_re,0.00016569708131247273
9,8,22,ym_re,1.0053606585098664e-07
9,8,23,ym_re,1.6278062573515752e-07
9,9,0,ym_re,8.634436500216423e-07
9,9,1,ym_re,9.36275014887875e-07
9,9,2,ym_re,1.0373859274711606e-05
9,9,3,ym_re,4.723291840140274
9,9,4,ym_re,13.166651485147408
9,9,5,ym_re,0.08647529517815036
9,9,6,ym_re,2.1562267138903408e-07
9,9,7,ym_re,1.462739603169418e-07
9,9,8,ym_re,8.298147168790389e-08
9,9,9,ym_re,7.395679015016482e-08
9,9,10,ym_re,8.614469185491712e-08
9,9,11,ym_re,8.321592423566565e-08
9,9,12,ym_re,0.2553383457810235
9,9,13,ym_re,4.207716879181523e-08
9,9,14,ym_re,0.08114292035615277
9,9,15,ym_re,13.329532281316471
9,9,16,ym_re,7.423384038378599
9,9,17,ym_re,3.829760585225567
9,9,18,ym_re,0.6227378855146457
9,9,19,ym_re,0.028307749224491006
9,9,20,ym_re,0.3339169767220424
9,9,21,ym_re,2.303538022790307e-05
9,9,22,ym_re,1.0053204946190375e-07
9,9,23,ym_re,1.6260948041974762e-07
9,0,SUM,ym_re,22.920983105112605
9,1,SUM,ym_re,51.79825632538551
9,2,SUM,ym_re,120.37647076320164
9,3,SUM,ym_re,250.70124358127106
9,4,SUM,ym_re,44.33732746383531
9,5,SUM,ym_re,229.6273192728294
9,6,SUM,ym_re,76.59241739671319
9,7,SUM,ym_re,68.97219593707149
9,8,SUM,ym_re,133.75202238551205
9,9,SUM,ym_re,43.8805756053572
9,0,0,dp_re,4.36768683640651e-06
9,0,1,dp_re,5.004482795149461e-06
9,0,2,dp_re,5.445449303429593e-06
9,0,3,dp_re,5.766732702069901e-06
9,0,4,dp_re,6.028599417522553e-06
9,0,5,dp_re,6.262102584079871e-06
9,0,6,dp_re,3.9776922386808007
9,0,7,dp_re,64.90291706732886
9,0,8,dp_re,50.70068947898189
9,0,9,dp_re,33.83013177060896
9,0,10,dp_re,83.78780940094668
9,0,11,dp_re,51.103713125170295
9,0,12,dp_re,43.37469233006388
9,0,13,dp_re,0.029607194314894048
9,0,14,dp_re,15.053492212797398
9,0,15,dp_re,9.45630807948199
9,0,16,dp_re,12.927148431688558
9,0,17,dp_re,27.29542797796483
9,0,18,dp_re,19.600205171584843
9,0,19,dp_re,6.0043900680968365
9,0,20,dp_re,3.2273859931597575
9,0,21,dp_re,0.7886897134194875
9,0,22,dp_re,7.837847227745104e-06
9,0,23,dp_re,8.478551555584653e-06
9,1,0,dp_re,4.3676255183280575e-06
9,1,1,dp_re,5.003859336682511e-06
9,1,2,dp_re,5.441326617434911e-06
9,1,3,dp_re,5.744243022111339e-06
9,1,4,dp_re,6.017571111197302e-06
9,1,5,dp_re,6.2502818886943684e-06
9,1,6,dp_re,0.40865543704885643
9,1,7,dp_re,28.60688100886956
9,1,8,dp_re,12.4998328205965
9,1,9,dp_re,23.69045646371601
9,1,10,dp_re,25.7778428466344
9,1,11,dp_re,36.017176505191856
9,1,12,dp_re,47.8477401812596
9,1,13,dp_re,0.03148692839340386
9,1,14,dp_re,56.21146145011564
9,1,15,dp_re,46.146503592008955
9,1,16,dp_re,18.891560854073376
9,1,17,dp_re,26.598004114876066
9,1,18,dp_re,37.13573200028293
9,1,19,dp_re,15.526328276523236
9,1,20,dp_re,3.6544604238117855
9,1,21,dp_re,0.8839932941467464
9,1,22,dp_re,7.776151571437143e-06
9,1,23,dp_re,8.483155353115141e-06
9,2,0,dp_re,4.367259127170008e-06
9,2,1,dp_re,4.999267332036019e-06
9,2,2,dp_re,5.385625459926367e-06
9,2,3,dp_re,5.6419666365448404e-06
9,2,4,dp_re,5.900210873616416e-06
9,2,5,dp_re,6.161416730048361e-06
9,2,6,dp_re,4.388609807851623e-06
9,2,7,dp_re,3.853241405602709e-06
9,2,8,dp_re,3.500847271665711
9,2,9,dp_re,30.983661531550503
9,2,10,dp_re,32.192475428520055
9,2,11,dp_re,27.155538608909268
9,2,12,dp_re,37.70258981081877
9,2,13,dp_re,0.03197431466076884
9,2,14,dp_re,33.881542935365374
9,2,15,dp_re,78.22758037885676
9,2,16,dp_re,134.13991414837395
9,2,17,dp_re,103.75344079481924
9,2,18,dp_re,185.74455090315993
9,2,19,dp_re,81.83310703386286
9,2,20,dp_re,8.209130248059996
9,2,21,dp_re,2.507318472065149
9,2,22,dp_re,8.1356868842057e-06
9,2,23,dp_re,8.590020354843456e-06
9,3,0,dp_re,4.367376158485542e-06
9,3,1,dp_re,5.000580875326562e-06
9,3,2,dp_re,5.395967844086054e-06
9,3,3,dp_re,5.6918588257665425e-06
9,3,4,dp_re,5.934759706320047e-06
9,3,5,dp_re,6.185402475260116e-06
9,3,6,dp_re,0.1515292382560946
9,3,7,dp_re,0.19694222235515835
9,3,8,dp_re,9.64722894191467
9,3,9,dp_re,17.131656031236993
9,3,10,dp_re,25.35572637551745
9,3,11,dp_re,46.67724222446522
9,3,12,dp_re,119.19904155248321
9,3,13,dp_re,0.018058370884691366
9,3,14,dp_re,50.2897123449936
9,3,15,dp_re,160.2838664894137
9,3,16,dp_re,212.4766975099548
9,3,17,dp_re,135.77247485757823
9,3,18,dp_re,115.55043862049966
9,3,19,dp_re,37.18749501568776
9,3,20,dp_re,20.417484517585393
9,3,21,dp_re,1.7753486531919436
9,3,22,dp_re,7.878597940512882e-06
9,3,23,dp_re,8.564943327363593e-06
9,4,0,dp_re,4.367331853148063e-06
9,4,1,dp_re,5.000110017170696e-06
9,4,2,dp_re,5.392467589081317e-06
9,4,3,dp_re,5.67495543098838e-06
9,4,4,dp_re,5.926585937083775e-06
9,4,5,dp_re,6.17507088567025e-06
9,4,6,dp_re,4.483813141936312e-06
9,4,7,dp_re,9.275885542782028
9,4,8,dp_re,8.402011953103603
9,4,9,dp_re,14.622168086727488
9,4,10,dp_re,7.863709863244741
9,4,11,dp_re,15.617510446111291
9,4,12,dp_re,8.890730239424608
9,4,13,dp_re,0.03069761213577894
9,4,14,dp_re,36.37237285097072
9,4,15,dp_re,59.40728012366198
9,4,16,dp_re,80.62908598108136
9,4,17,dp_re,29.576935066495448
9,4,18,dp_re,7.169334672720277
9,4,19,dp_re,24.129534460938252
9,4,20,dp_re,3.0834634789356046
9,4,21,dp_re,0.5117053859388545
9,4,22,dp_re,7.857541887719942e-06
9,4,23,dp_re,8.49272721181681e-06
9,5,0,dp_re,4.3672147268589386e-06
9,5,1,dp_re,4.998418818695253e-06
9,5,2,dp_re,5.374137510801198e-06
9,5,3,dp_re,5.6605389809568065e-06
9,5,4,dp_re,5.911906246760325e-06
9,5,5,dp_re,6.15598794445637e-06
9,5,6,dp_re,0.34632522390381465
9,5,7,dp_re,0.12894032356642748
9,5,8,dp_re,39.86006446511438
9,5,9,dp_re,18.13139890520359
9,5,10,dp_re,22.438492858315225
9,5,11,dp_re,25.348409283393092
9,5,12,dp_re,54.16020425023434
9,5,13,dp_re,0.03125930266513051
9,5,14,dp_re,72.90832691019051
9,5,15,dp_re,521.1450165518512
9,5,16,dp_re,291.67272540573816
9,5,17,dp_re,58.89859299810999
9,5,18,dp_re,69.50198616882979
9,5,19,dp_re,43.756278882116206
9,5,20,dp_re,11.422877971569356
9,5,21,dp_re,1.4049238648820996
9,5,22,dp_re,7.900514853132106e-06
9,5,23,dp_re,8.52842457549932e-06
9,6,0,dp_re,4.367422190618785e-06
9,6,1,dp_re,5.001133892527465e-06
9,6,2,dp_re,5.401060765129766e-06
9,6,3,dp_re,5.724699431678198e-06
9,6,4,dp_re,5.962409902137314e-06
9,6,5,dp_re,6.195568694777455e-06
9,6,6,dp_re,0.7147744836865576
9,6,7,dp_re,22.277575274483482
9,6,8,dp_re,37.12469832142203
9,6,9,dp_re,46.520615840154115
9,6,10,dp_re,44.359143520806136
9,6,11,dp_re,35.16561942528063
9,6,12,dp_re,31.78978100616348
9,6,13,dp_re,0.03189442331635968
9,6,14,dp_re,33.89780942943165
9,6,15,dp_re,20.67997977679615
9,6,16,dp_re,32.945148692525855
9,6,17,dp_re,47.01464656562053
9,6,18,dp_re,149.3319265154357
9,6,19,dp_re,24.66782750467608
9,6,20,dp_re,2.5468828766953844
9,6,21,dp_re,0.9960395839262887
9,6,22,dp_re,7.80376022637923e-06
9,6,23,dp_re,8.532570311096562e-06
9,7,0,dp_re,4.367407724725884e-06
9,7,1,dp_re,5.000932694631944e-06
9,7,2,dp_re,5.398758346750244e-06
9,7,3,dp_re,5.7040530123090895e-06
9,7,4,dp_re,5.9408642463901004e-06
9,7,5,dp_re,6.191266643358762e-06
9,7,6,dp_re,0.0988741940012722
9,7,7,dp_re,0.28377873257973013
9,7,8,dp_re,5.511621032893994
9,7,9,dp_re,8.03329037117048
9,7,10,dp_re,10.822638505348511
9,7,11,dp_re,14.992575955535239
9,7,12,dp_re,67.08533781836427
9,7,13,dp_re,0.031773469449608856
9,7,14,dp_re,28.700398626285946
9,7,15,dp_re,27.624340719763733
9,7,16,dp_re,71.0034458417717
9,7,17,dp_re,54.72840748409996
9,7,18,dp_re,47.11045305114144
9,7,19,dp_re,14.043075645691204
9,7,20,dp_re,9.729942081742351
9,7,21,dp_re,1.0454767804881508
9,7,22,dp_re,7.766539912563385e-06
9,7,23,dp_re,8.48105072250939e-06
9,8,0,dp_re,4.367403962309014e-06
9,8,1,dp_re,5.000920475839087e-06
9,8,2,dp_re,5.39861191254998e-06
9,8,3,dp_re,5.704056760424435e-06
9,8,4,dp_re,5.954609529105514e-06
9,8,5,dp_re,6.18589340058034e-06
9,8,6,dp_re,4.513495449380541e-06
9,8,7,dp_re,27.53041227770367
9,8,8,dp_re,10.518357566552213
9,8,9,dp_re,11.920185269624765
9,8,10,dp_re,11.525742318437858
9,8,11,dp_re,15.43177284306312
9,8,12,dp_re,29.839254959211395
9,8,13,dp_re,0.03155553227580972
9,8,14,dp_re,61.45510894191839
9,8,15,dp_re,108.359087349942
9,8,16,dp_re,120.56290329457278
9,8,17,dp_re,51.43850978766879
9,8,18,dp_re,23.274588320413844
9,8,19,dp_re,32.46756152059886
9,8,20,dp_re,14.374468711813858
9,8,21,dp_re,1.4827119600398655
9,8,22,dp_re,7.914357303409994e-06
9,8,23,dp_re,8.549996402479038e-06
9,9,0,dp_re,4.367317440793623e-06
9,9,1,dp_re,4.9999468755091186e-06
9,9,2,dp_re,5.391144242872337e-06
9,9,3,dp_re,5.668145165992699e-06
9,9,4,dp_re,5.925943837923119e-06
9,9,5,dp_re,6.171950705147804e-06
9,9,6,dp_re,4.4600212197420064e-06
9,9,7,dp_re,0.1779134498831754
9,9,8,dp_re,14.397850356857175
9,9,9,dp_re,16.884316229300854
9,9,10,dp_re,11.706400431010398
9,9,11,dp_re,22.59475623798638
9,9,12,dp_re,19.475659009749087
9,9,13,dp_re,0.012890917614387931
9,9,14,dp_re,38.77615665471589
9,9,15,dp_re,52.255515968058134
9,9,16,dp_re,48.041313986078215
9,9,17,dp_re,62.53900609342224
9,9,18,dp_re,22.56705700562827
9,9,19,dp_re,5.767783332481985
9,9,20,dp_re,4.401712436643186
9,9,21,dp_re,0.9728624963303448
9,9,22,dp_re,7.983196033738294e-06
9,9,23,dp_re,8.508308226486513e-06
9,0,SUM,dp_re,426.0603494457424
9,1,SUM,dp_re,379.9281652817633
9,2,SUM,dp_re,759.8637293039928
9,3,SUM,dp_re,952.1309919855057
9,4,SUM,dp_re,305.58247913487594
9,5,SUM,dp_re,1231.155872262827
9,6,SUM,dp_re,530.0644122290458
9,7,SUM,dp_re,360.84547916120084
9,8,SUM,dp_re,520.2122742431825
9,9,SUM,dp_re,320.5712480817335
9,0,0,dm_re,4.366575003760953e-06
9,0,1,dm_re,4.99697929890044e-06
9,0,2,dm_re,5.370723056159556e-06
9,0,3,dm_re,5.652866779127699e-06
9,0,4,dm_re,5.918120572938303e-06
9,0,5,dm_re,6.144002132634638e-06
9,0,6,dm_re,0.17284275800652757
9,0,7,dm_re,0.32648865205221483
9,0,8,dm_re,37.22131775914636
9,0,9,dm_re,41.51384615808411
9,0,10,dm_re,66.7741988366324
9,0,11,dm_re,62.5997051870021
9,0,12,dm_re,55.82260363918237
9,0,13,dm_re,4.522531968641298e-06
9,0,14,dm_re,31.53953651043561
9,0,15,dm_re,46.31609144518488
9,0,16,dm_re,43.90674981511604
9,0,17,dm_re,38.394929937456716
9,0,18,dm_re,58.366554231672836
9,0,19,dm_re,10.01614762440076
9,0,20,dm_re,3.008383964993012
9,0,21,dm_re,0.06836942495171024
9,0,22,dm_re,7.87573655248641e-06
9,0,23,dm_re,8.512542695151434e-06
9,1,0,dm_re,4.36663500781514e-06
9,1,1,dm_re,4.997580867674041e-06
9,1,2,dm_re,5.374227163992981e-06
9,1,3,dm_re,5.661135416580527e-06
9,1,4,dm_re,5.904585297837784e-06
9,1,5,dm_re,6.154094889025124e-06
9,1,6,dm_re,0.5260508787361784
9,1,7,dm_re,1.706158881818415
9,1,8,dm_re,22.120070990924063
9,1,9,dm_re,26.189554184152115
9,1,10,dm_re,32.58941390343237
9,1,11,dm_re,36.91404809000324
9,1,12,dm_re,26.129768292550448
9,1,13,dm_re,4.5225250474502135e-06
9,1,14,dm_re,52.249372501700684
9,1,15,dm_re,132.54549288106085
9,1,16,dm_re,41.60110658862102
9,1,17,dm_re,40.37513528826017
9,1,18,dm_re,48.41407378111572
9,1,19,dm_re,22.06118754123241
9,1,20,dm_re,2.7586875857540956
9,1,21,dm_re,0.4280184128146334
9,1,22,dm_re,7.966579246545155e-06
9,1,23,dm_re,8.5069625854276e-06
9,2,0,dm_re,4.3669934466604765e-06
9,2,1,dm_re,5.001978803413965e-06
9,2,2,dm_re,5.412987229534225e-06
9,2,3,dm_re,5.748649318767918e-06
9,2,4,dm_re,5.990888399957139e-06
9,2,5,dm_re,6.2175031723403855e-06
9,2,6,dm_re,2.0826705081377512
9,2,7,dm_re,47.38069644105499
9,2,8,dm_re,19.680770027100742
9,2,9,dm_re,32.60257347872811
9,2,10,dm_re,34.02814865471629
9,2,11,dm_re,25.57156915726986
9,2,12,dm_re,44.91782670036957
9,2,13,dm_re,4.522525014971811e-06
9,2,14,dm_re,42.377689647020986
9,2,15,dm_re,87.135083178104
9,2,16,dm_re,133.51377574160176
9,2,17,dm_re,80.37891722751706
9,2,18,dm_re,103.63487410473682
9,2,19,dm_re,50.94345641614329
9,2,20,dm_re,6.879316797950008
9,2,21,dm_re,5.239198219034481
9,2,22,dm_re,7.79833636953978e-06
9,2,23,dm_re,8.42876454124258e-06
9,3,0,dm_re,4.366878768851922e-06
9,3,1,dm_re,5.000691006152377e-06
9,3,2,dm_re,5.402797474206096e-06
9,3,3,dm_re,5.698014223951985e-06
9,3,4,dm_re,5.952534895878114e-06
9,3,5,dm_re,6.193769758761528e-06
9,3,6,dm_re,1.651323097944748
9,3,7,dm_re,31.353869834284016
9,3,8,dm_re,15.822504683080165
9,3,9,dm_re,11.504745095812243
9,3,10,dm_re,17.75077968437066
9,3,11,dm_re,30.381790233996007
9,3,12,dm_re,95.58110308335249
9,3,13,dm_re,0.05321097392453426
9,3,14,dm_re,57.05571822161402
9,3,15,dm_re,175.27475964398124
9,3,16,dm_re,136.86310889616416
9,3,17,dm_re,83.46569279742924
9,3,18,dm_re,104.53189991937916
9,3,19,dm_re,46.21720021086161
9,3,20,dm_re,33.39754075166086
9,3,21,dm_re,0.9554245465815491
9,3,22,dm_re,7.913569094086661e-06
9,3,23,dm_re,8.450177869846881e-06
9,4,0,dm_re,4.366922174578237e-06
9,4,1,dm_re,5.001151409778214e-06
9,4,2,dm_re,5.406167496173593e-06
9,4,3,dm_re,5.7129716527029826e-06
9,4,4,dm_re,5.9589406678859745e-06
9,4,5,dm_re,6.203748634861006e-06
9,4,6,dm_re,0.8123378415199118
9,4,7,dm_re,1.3970293405719476
9,4,8,dm_re,8.225716774049713
9,4,9,dm_re,9.52464124736489
9,4,10,dm_re,10.358502539887116
9,4,11,dm_re,12.077001025383101
9,4,12,dm_re,11.63834631281094
9,4,13,dm_re,4.522531767569243e-06
9,4,14,dm_re,21.667741230109744
9,4,15,dm_re,100.97491562153606
9,4,16,dm_re,131.23896577308687
9,4,17,dm_re,40.14743299195499
9,4,18,dm_re,15.937841530227642
9,4,19,dm_re,25.699350122965722
9,4,20,dm_re,3.2422858585041237
9,4,21,dm_re,2.513087967753342e-05
9,4,22,dm_re,7.848894294138678e-06
9,4,23,dm_re,8.496460819094463e-06
9,5,0,dm_re,4.36703744036991e-06
9,5,1,dm_re,5.002892953561432e-06
9,5,2,dm_re,5.4383146280842436e-06
9,5,3,dm_re,5.733951222993919e-06
9,5,4,dm_re,5.979881848242163e-06
9,5,5,dm_re,6.246256316521954e-06
9,5,6,dm_re,1.9066747771756474
9,5,7,dm_re,37.12063890215241
9,5,8,dm_re,24.597040836049683
9,5,9,dm_re,17.431487376639303
9,5,10,dm_re,24.591263699005513
9,5,11,dm_re,32.701361180945014
9,5,12,dm_re,74.69162146685572
9,5,13,dm_re,4.522523866953155e-06
9,5,14,dm_re,67.48917266372474
9,5,15,dm_re,89.00397549387479
9,5,16,dm_re,98.63215499367249
9,5,17,dm_re,71.9335424418452
9,5,18,dm_re,102.50083260494812
9,5,19,dm_re,36.41948212046813
9,5,20,dm_re,5.732688122647362
9,5,21,dm_re,2.0132855280656394
9,5,22,dm_re,7.810766302540599e-06
9,5,23,dm_re,8.463064330025092e-06
9,6,0,dm_re,4.3668337329135126e-06
9,6,1,dm_re,5.0001575618510925e-06
9,6,2,dm_re,5.3983371958401355e-06
9,6,3,dm_re,5.680013783451957e-06
9,6,4,dm_re,5.950992870632264e-06
9,6,5,dm_re,6.1852604589165365e-06
9,6,6,dm_re,0.6388335623090531
9,6,7,dm_re,4.847105539132401
9,6,8,dm_re,28.005576161654115
9,6,9,dm_re,46.76165432804653
9,6,10,dm_re,42.20817222608575
9,6,11,dm_re,32.508832374872895
9,6,12,dm_re,38.289351349401414
9,6,13,dm_re,4.522526024549643e-06
9,6,14,dm_re,35.03169751929222
9,6,15,dm_re,102.36365937237443
9,6,16,dm_re,87.39368655350853
9,6,17,dm_re,79.22790009555811
9,6,18,dm_re,99.71226374530254
9,6,19,dm_re,31.365180810822817
9,6,20,dm_re,7.096067497813088
9,6,21,dm_re,0.29903405330209276
9,6,22,dm_re,7.971917176270113e-06
9,6,23,dm_re,8.45880772472332e-06
9,7,0,dm_re,4.3668478326264005e-06
9,7,1,dm_re,5.000345367017801e-06
9,7,2,dm_re,5.399985005162352e-06
9,7,3,dm_re,5.684134263947483e-06
9,7,4,dm_re,5.945958422525926e-06
9,7,5,dm_re,6.187812079869753e-06
9,7,6,dm_re,0.8573064103984157
9,7,7,dm_re,13.041087165075028
9,7,8,dm_re,8.282406398596976
9,7,9,dm_re,4.689707489632351
9,7,10,dm_re,12.219926934371397
9,7,11,dm_re,20.48202434846868
9,7,12,dm_re,58.79592011422966
9,7,13,dm_re,4.522525692885882e-06
9,7,14,dm_re,33.679846269136284
9,7,15,dm_re,99.49948435939974
9,7,16,dm_re,119.58084953505835
9,7,17,dm_re,61.547360608737236
9,7,18,dm_re,68.08615995107486
9,7,19,dm_re,24.503234861732025
9,7,20,dm_re,7.957510344859329
9,7,21,dm_re,0.5979613616677195
9,7,22,dm_re,8.004060265349833e-06
9,7,23,dm_re,8.510286645010293e-06
9,8,0,dm_re,4.366851526279881e-06
9,8,1,dm_re,5.000358151382556e-06
9,8,2,dm_re,5.400169164468446e-06
9,8,3,dm_re,5.6853201563997405e-06
9,8,4,dm_re,5.938549109727234e-06
9,8,5,dm_re,6.193232121538084e-06
9,8,6,dm_re,1.3931313824159408
9,8,7,dm_re,3.6810567235044176
9,8,8,dm_re,10.270909556114486
9,8,9,dm_re,15.371751325206635
9,8,10,dm_re,20.479983968206298
9,8,11,dm_re,17.066253067322396
9,8,12,dm_re,29.619233379068483
9,8,13,dm_re,4.522526276765381e-06
9,8,14,dm_re,34.70245277527426
9,8,15,dm_re,155.36757377054752
9,8,16,dm_re,140.96320231683706
9,8,17,dm_re,72.28240096914776
9,8,18,dm_re,42.453027681760204
9,8,19,dm_re,27.01420622416811
9,8,20,dm_re,8.82997828431014
9,8,21,dm_re,0.0005909333529014666
9,8,22,dm_re,7.849430727709844e-06
9,8,23,dm_re,8.443345668364426e-06
9,9,0,dm_re,4.366936290977842e-06
9,9,1,dm_re,5.001310562859784e-06
9,9,2,dm_re,5.407402310047053e-06
9,9,3,dm_re,5.718279380175452e-06
9,9,4,dm_re,5.959572334183208e-06
9,9,5,dm_re,6.206640143946743e-06
9,9,6,dm_re,1.3963048913137726
9,9,7,dm_re,15.338844970525704
9,9,8,dm_re,17.418840334866392
9,9,9,dm_re,15.548666144189756
9,9,10,dm_re,15.023661674447588
9,9,11,dm_re,19.980511772558646
9,9,12,dm_re,23.33660101112182
9,9,13,dm_re,0.07110395891293568
9,9,14,dm_re,40.88875794711761
9,9,15,dm_re,97.64868542650953
9,9,16,dm_re,89.66677726564305
9,9,17,dm_re,30.530853060509926
9,9,18,dm_re,34.125207923544465
9,9,19,dm_re,11.023459635984082
9,9,20,dm_re,2.8108254255790213
9,9,21,dm_re,8.872206014154739e-05
9,9,22,dm_re,7.757104928459419e-06
9,9,23,dm_re,8.484713216931337e-06
9,0,SUM,dm_re,496.0478193043957
9,1,SUM,dm_re,486.608193256502
9,2,SUM,dm_re,716.3666197881121
9,3,SUM,dm_re,841.8607206528698
9,4,SUM,dm_re,392.9421868586414
9,5,SUM,dm_re,686.7652757727586
9,6,SUM,dm_re,635.7490687243226
9,7,SUM,dm_re,533.8208397743937
9,8,SUM,dm_re,579.4958057570195
9,9,SUM,dm_re,414.8092390668436
9,0,0,x_hol,3.9087115659826736e-10
9,0,1,x_hol,4.5138256279616027e-10
9,0,2,x_hol,4.877309344600209e-10
9,0,3,x_hol,5.19094316846398e-10
9,0,4,x_hol,5.600409238069076e-10
9,0,5,x_hol,6.343595958365915e-10
9,0,6,x_hol,1.1099793394817011e-09
9,0,7,x_hol,1.5158950266061527e-09
9,0,8,x_hol,245.60929141883076
9,0,9,x_hol,241.91143591766033
9,0,10,x_hol,380.62042917424253
9,0,11,x_hol,388.9995253676288
9,0,12,x_hol,352.58932471637746
9,0,13,x_hol,0.0
9,0,14,x_hol,126.64464298380109
9,0,15,x_hol,134.2508625185164
9,0,16,x_hol,154.58876778477978
9,0,17,x_hol,172.42667718566548
9,0,18,x_hol,206.6595683639142
9,0,19,x_hol,39.11455845066577
9,0,20,x_hol,40.35390971782814
9,0,21,x_hol,0.7804617522984005
9,0,22,x_hol,7.89239023618137e-08
9,0,23,x_hol,7.921995554079694e-07
9,1,0,x_hol,3.9087104219758014e-10
9,1,1,x_hol,4.513813585859842e-10
9,1,2,x_hol,4.87723097472878e-10
9,1,3,x_hol,5.190620200557151e-10
9,1,4,x_hol,5.600500211224901e-10
9,1,5,x_hol,6.343285871236194e-10
9,1,6,x_hol,1.1001605906149577e-09
9,1,7,x_hol,1.4854908815166576e-09
9,1,8,x_hol,104.92321589170125
9,1,9,x_hol,155.63048566467307
9,1,10,x_hol,168.2544043850138
9,1,11,x_hol,216.4258646073231
9,1,12,x_hol,182.7341778019155
9,1,13,x_hol,0.0
9,1,14,x_hol,410.1322853901614
9,1,15,x_hol,589.7641810721115
9,1,16,x_hol,188.7599974673852
9,1,17,x_hol,216.13780982214433
9,1,18,x_hol,262.97906883729866
9,1,19,x_hol,125.2907776998747
9,1,20,x_hol,56.33098290813221
9,1,21,x_hol,4.097372414962779
9,1,22,x_hol,7.857525959507995e-08
9,1,23,x_hol,7.923922102724231e-07
9,2,0,x_hol,3.9087072090007173e-10
9,2,1,x_hol,4.513724233955613e-10
9,2,2,x_hol,4.876311394156335e-10
9,2,3,x_hol,5.188599880434538e-10
9,2,4,x_hol,5.598150406110897e-10
9,2,5,x_hol,6.340929021491999e-10
9,2,6,x_hol,1.0666400282070278e-09
9,2,7,x_hol,1.3900144459863158e-09
9,2,8,x_hol,8.093729564350018e-08
9,2,9,x_hol,243.58561668098343
9,2,10,x_hol,215.8584631524565
9,2,11,x_hol,192.0975400096924
9,2,12,x_hol,264.9403036918599
9,2,13,x_hol,0.0
9,2,14,x_hol,247.19935486514518
9,2,15,x_hol,538.1037183157067
9,2,16,x_hol,778.743769715101
9,2,17,x_hol,498.32217770420135
9,2,18,x_hol,836.3658499776499
9,2,19,x_hol,424.98484011308307
9,2,20,x_hol,119.32112907345562
9,2,21,x_hol,143.9595196615302
9,2,22,x_hol,8.0572964759748e-08
9,2,23,x_hol,8.34186268908492e-07
9,3,0,x_hol,3.908711730661314e-10
9,3,1,x_hol,4.5137503677878615e-10
9,3,2,x_hol,4.876521292559445e-10
9,3,3,x_hol,5.18968541639027e-10
9,3,4,x_hol,5.599004505594449e-10
9,3,5,x_hol,6.341658024990442e-10
9,3,6,x_hol,1.0942582333644286e-09
9,3,7,x_hol,1.3986216560898966e-09
9,3,8,x_hol,5.201530336156675e-07
9,3,9,x_hol,39.602247455855725
9,3,10,x_hol,105.57337816893987
9,3,11,x_hol,310.9925943839304
9,3,12,x_hol,782.5183771668924
9,3,13,x_hol,0.0
9,3,14,x_hol,389.8633927282752
9,3,15,x_hol,1263.3194988094153
9,3,16,x_hol,1252.7003416440648
9,3,17,x_hol,885.9350066770592
9,3,18,x_hol,843.8356985494141
9,3,19,x_hol,365.9487106189183
9,3,20,x_hol,346.27605596196446
9,3,21,x_hol,8.526389928366346
9,3,22,x_hol,7.885450813860171e-08
9,3,23,x_hol,8.274546499360277e-07
9,4,0,x_hol,3.9087057042020555e-10
9,4,1,x_hol,4.513742834592658e-10
9,4,2,x_hol,4.876451888358594e-10
9,4,3,x_hol,5.189344328025145e-10
9,4,4,x_hol,5.598841599680822e-10
9,4,5,x_hol,6.341372163444321e-10
9,4,6,x_hol,1.0680328837582669e-09
9,4,7,x_hol,1.4817560520070014e-09
9,4,8,x_hol,31.887262087181842
9,4,9,x_hol,55.24243500860931
9,4,10,x_hol,47.4132594736006
9,4,11,x_hol,78.71274870948233
9,4,12,x_hol,62.28790123527824
9,4,13,x_hol,0.0
9,4,14,x_hol,169.01876507592715
9,4,15,x_hol,506.7185685492231
9,4,16,x_hol,719.8757142626779
9,4,17,x_hol,199.42208380986222
9,4,18,x_hol,63.684359995015875
9,4,19,x_hol,149.33202414688807
9,4,20,x_hol,39.17674312506589
9,4,21,x_hol,3.8475745910047995e-05
9,4,22,x_hol,7.953428512306172e-08
9,4,23,x_hol,7.960187220056067e-07
9,5,0,x_hol,3.908708733186115e-10
9,5,1,x_hol,4.5137072558687124e-10
9,5,2,x_hol,4.875974782472202e-10
9,5,3,x_hol,5.188959950066221e-10
9,5,4,x_hol,5.598415898103604e-10
9,5,5,x_hol,6.340413661293307e-10
9,5,6,x_hol,1.0918636179653414e-09
9,5,7,x_hol,1.3997153981405453e-09
9,5,8,x_hol,147.433598768451
9,5,9,x_hol,73.9161774849001
9,5,10,x_hol,147.63358101281446
9,5,11,x_hol,210.31700732654355
9,5,12,x_hol,547.3234325723199
9,5,13,x_hol,0.0
9,5,14,x_hol,616.26858067088
9,5,15,x_hol,1564.0525198081937
9,5,16,x_hol,1000.5993925690613
9,5,17,x_hol,387.3124211705343
9,5,18,x_hol,665.56546565942
9,5,19,x_hol,380.3867822609841
9,5,20,x_hol,166.2192730985613
9,5,21,x_hol,6.173996693942416
9,5,22,x_hol,8.019008100726742e-08
9,5,23,x_hol,8.112147294906409e-07
9,6,0,x_hol,3.908708143926695e-10
9,6,1,x_hol,4.5137602827015306e-10
9,6,2,x_hol,4.876619923269426e-10
9,6,3,x_hol,5.190234712613296e-10
9,6,4,x_hol,5.59933815200472e-10
9,6,5,x_hol,6.341954249358768e-10
9,6,6,x_hol,1.0997554011485694e-09
9,6,7,x_hol,1.4754229318347065e-09
9,6,8,x_hol,160.31178747710263
9,6,9,x_hol,296.9658572507605
9,6,10,x_hol,232.40367978438667
9,6,11,x_hol,259.52645218750433
9,6,12,x_hol,205.23223832903872
9,6,13,x_hol,0.0
9,6,14,x_hol,198.43815879393586
9,6,15,x_hol,414.7044469067645
9,6,16,x_hol,350.0569955331644
9,6,17,x_hol,453.08578629759506
9,6,18,x_hol,730.5956086342923
9,6,19,x_hol,207.88337773795885
9,6,20,x_hol,78.61593684453831
9,6,21,x_hol,3.3522430080649257
9,6,22,x_hol,7.88111853163083e-08
9,6,23,x_hol,8.107510086735502e-07
9,7,0,x_hol,3.908706377306633e-10
9,7,1,x_hol,4.513756819407501e-10
9,7,2,x_hol,4.876578741925916e-10
9,7,3,x_hol,5.189974402532342e-10
9,7,4,x_hol,5.599165453055879e-10
9,7,5,x_hol,6.341853963482703e-10
9,7,6,x_hol,1.0958266650871611e-09
9,7,7,x_hol,1.403260724580535e-09
9,7,8,x_hol,21.65087236085807
9,7,9,x_hol,21.494840047709605
9,7,10,x_hol,53.735704900338476
9,7,11,x_hol,139.63873566263808
9,7,12,x_hol,352.33993899766796
9,7,13,x_hol,0.0
9,7,14,x_hol,215.31609280461743
9,7,15,x_hol,473.6183224517433
9,7,16,x_hol,664.912155514727
9,7,17,x_hol,370.0064895207666
9,7,18,x_hol,324.696806453811
9,7,19,x_hol,138.77429860558397
9,7,20,x_hol,105.29103842976521
9,7,21,x_hol,7.414031055146923
9,7,22,x_hol,7.78818699142766e-08
9,7,23,x_hol,7.941609918330527e-07
9,8,0,x_hol,3.908707809145664e-10
9,8,1,x_hol,4.513756219739693e-10
9,8,2,x_hol,4.876575618513631e-10
9,8,3,x_hol,5.189958591426987e-10
9,8,4,x_hol,5.599427653312962e-10
9,8,5,x_hol,6.341737987926378e-10
9,8,6,x_hol,1.0686387997364784e-09
9,8,7,x_hol,1.4743838076599187e-09
9,8,8,x_hol,42.194508190339086
9,8,9,x_hol,66.33986205945313
9,8,10,x_hol,84.80274833989242
9,8,11,x_hol,105.90456794123612
9,8,12,x_hol,192.5394963907941
9,8,13,x_hol,0.0
9,8,14,x_hol,314.5385295763689
9,8,15,x_hol,1052.678117483928
9,8,16,x_hol,934.3357036100709
9,8,17,x_hol,417.6842826651029
9,8,18,x_hol,238.77819931810504
9,8,19,x_hol,222.73287725440338
9,8,20,x_hol,137.07364865932868
9,8,21,x_hol,0.0010953492863099233
9,8,22,x_hol,7.950664565811922e-08
9,8,23,x_hol,8.181653001781376e-07
9,9,0,x_hol,3.9087047077985434e-10
9,9,1,x_hol,4.5137377619410137e-10
9,9,2,x_hol,4.876424907688378e-10
9,9,3,x_hol,5.18920797678331e-10
9,9,4,x_hol,5.598827071290047e-10
9,9,5,x_hol,6.341280245023764e-10
9,9,6,x_hol,1.0675405386159394e-09
9,9,7,x_hol,1.4005019782788954e-09
9,9,8,x_hol,76.43484355717177
9,9,9,x_hol,79.68880923930178
9,9,10,x_hol,76.61759115432619
9,9,11,x_hol,128.22487531341034
9,9,12,x_hol,113.64071588313347
9,9,13,x_hol,0.0
9,9,14,x_hol,278.774409313485
9,9,15,x_hol,533.7441070605635
9,9,16,x_hol,441.65304764874753
9,9,17,x_hol,265.37907831532107
9,9,18,x_hol,188.3304341320676
9,9,19,x_hol,41.810654379314535
9,9,20,x_hol,64.74723769606682
9,9,21,x_hol,0.00016356243768246134
9,9,22,x_hol,8.105269896670497e-08
9,9,23,x_hol,7.99889953896763e-07
9,0,SUM,x_hol,2484.549456229002
9,1,SUM,x_hol,2681.460624839294
9,2,SUM,x_hol,4503.482283962061
9,3,SUM,x_hol,6595.091693525094
9,4,SUM,x_hol,2122.771904835704
9,5,SUM,x_hol,5913.202229993545
9,6,SUM,x_hol,3591.1725696802873
9,7,SUM,x_hol,2888.8893276829585
9,8,SUM,x_hol,3809.6036377415667
9,9,SUM,x_hol,2289.0459681418006
9,0,0,yp_hol,2.6551397620323333e-08
9,0,1,yp_hol,3.0510381648103784e-08
9,0,2,yp_hol,3.215531550988509e-08
9,0,3,yp_hol,3.834174614201629e-08
9,0,4,yp_hol,3.8185411952888504e-08
9,0,5,yp_hol,4.6050285307736315e-08
9,0,6,yp_hol,3.4875655610299874
9,0,7,yp_hol,8.21074459010358
9,0,8,yp_hol,7.755814811733934
9,0,9,yp_hol,2.566078375130698
9,0,10,yp_hol,6.418633010638528e-08
9,0,11,yp_hol,3.860223469522308
9,0,12,yp_hol,23.006641767649988
9,0,13,yp_hol,290.8968296298329
9,0,14,yp_hol,27.13258194308591
9,0,15,yp_hol,1.1063340138529137e-05
9,0,16,yp_hol,0.08916245267721773
9,0,17,yp_hol,1.2383102419081002
9,0,18,yp_hol,1.851933306195549
9,0,19,yp_hol,1.2857494972487062
9,0,20,yp_hol,1.7847982933809758
9,0,21,yp_hol,10.201556797499315
9,0,22,yp_hol,8.946744027869226
9,0,23,yp_hol,1.3505126429932384
9,1,0,yp_hol,2.655139378341746e-08
9,1,1,yp_hol,3.0510361604940554e-08
9,1,2,yp_hol,3.215508548956202e-08
9,1,3,yp_hol,3.833908629404335e-08
9,1,4,yp_hol,3.8186331322772736e-08
9,1,5,yp_hol,4.604831355360322e-08
9,1,6,yp_hol,0.47560669546298695
9,1,7,yp_hol,2.3984188514234757
9,1,8,yp_hol,1.3031533395840709
9,1,9,yp_hol,0.5183403675826134
9,1,10,yp_hol,6.292958213224493e-08
9,1,11,yp_hol,0.21065474929332134
9,1,12,yp_hol,4.609245945727795
9,1,13,yp_hol,527.3326611144072
9,1,14,yp_hol,103.14482489420365
9,1,15,yp_hol,1.4655777958637726
9,1,16,yp_hol,0.08732342336501453
9,1,17,yp_hol,0.44513363562392294
9,1,18,yp_hol,1.5005652251183608
9,1,19,yp_hol,1.2755379576402333
9,1,20,yp_hol,2.156972657257844
9,1,21,yp_hol,9.757853265905972
9,1,22,yp_hol,10.050205845990673
9,1,23,yp_hol,1.2466667839326595
9,2,0,yp_hol,2.6551379779622127e-08
9,2,1,yp_hol,3.050994305523077e-08
9,2,2,yp_hol,3.215126730229696e-08
9,2,3,yp_hol,3.833119015253305e-08
9,2,4,yp_hol,3.817776828543671e-08
9,2,5,yp_hol,4.6040790642541453e-08
9,2,6,yp_hol,4.217991241174704e-07
9,2,7,yp_hol,4.361933042426387e-07
9,2,8,yp_hol,0.400881226024404
9,2,9,yp_hol,1.754391121640663
9,2,10,yp_hol,6.341719502473422e-08
9,2,11,yp_hol,0.11373788543083593
9,2,12,yp_hol,5.379378982591388
9,2,13,yp_hol,445.66296456957605
9,2,14,yp_hol,65.093764955981
9,2,15,yp_hol,2.5405220934253756
9,2,16,yp_hol,14.078491376741257
9,2,17,yp_hol,10.832600908465913
9,2,18,yp_hol,59.23894879341873
9,2,19,yp_hol,2.3259434167489736
9,2,20,yp_hol,6.856673331248644
9,2,21,yp_hol,12.895631462511368
9,2,22,yp_hol,19.807533008973497
9,2,23,yp_hol,2.9868229476997596
9,3,0,yp_hol,2.655140234708361e-08
9,3,1,yp_hol,3.0510063324508596e-08
9,3,2,yp_hol,3.215226990376837e-08
9,3,3,yp_hol,3.833558423315592e-08
9,3,4,yp_hol,3.8180886066668845e-08
9,3,5,yp_hol,4.604347683375199e-08
9,3,6,yp_hol,0.16520618084586464
9,3,7,yp_hol,3.0823019173889015
9,3,8,yp_hol,0.880465484436476
9,3,9,yp_hol,1.8010261980919893e-07
9,3,10,yp_hol,6.222593651348411e-08
9,3,11,yp_hol,0.8852901241338387
9,3,12,yp_hol,81.32327283194707
9,3,13,yp_hol,699.2915957438947
9,3,14,yp_hol,124.59464876505861
9,3,15,yp_hol,25.208368475115186
9,3,16,yp_hol,59.00371112413788
9,3,17,yp_hol,20.687339713330893
9,3,18,yp_hol,27.08627935270709
9,3,19,yp_hol,3.5214435048609967
9,3,20,yp_hol,15.410571981658627
9,3,21,yp_hol,32.66139137964288
9,3,22,yp_hol,28.3461293402777
9,3,23,yp_hol,4.273624158157786
9,4,0,yp_hol,2.6551374790570556e-08
9,4,1,yp_hol,3.051003463741598e-08
9,4,2,yp_hol,3.215213013657512e-08
9,4,3,yp_hol,3.833397750590933e-08
9,4,4,yp_hol,3.81804577813803e-08
9,4,5,yp_hol,4.6042091296186724e-08
9,4,6,yp_hol,4.297614153714925e-07
9,4,7,yp_hol,1.0496390468432844
9,4,8,yp_hol,0.6546058789008526
9,4,9,yp_hol,0.43540557600992613
9,4,10,yp_hol,6.323421808939115e-08
9,4,11,yp_hol,0.003490063707111781
9,4,12,yp_hol,0.4950123954027718
9,4,13,yp_hol,102.41322735762208
9,4,14,yp_hol,33.274456014976366
9,4,15,yp_hol,3.8308028639138634
9,4,16,yp_hol,18.92032977275703
9,4,17,yp_hol,0.7604540091092028
9,4,18,yp_hol,0.1686670291591628
9,4,19,yp_hol,1.2621073195884365
9,4,20,yp_hol,0.9234498467121215
9,4,21,yp_hol,5.379249648498845
9,4,22,yp_hol,4.932334384072885
9,4,23,yp_hol,0.7625877623432261
9,5,0,yp_hol,2.655138999440636e-08
9,5,1,yp_hol,3.0509848659334117e-08
9,5,2,yp_hol,3.214967398054464e-08
9,5,3,yp_hol,3.833203383194465e-08
9,5,4,yp_hol,3.8178809492571294e-08
9,5,5,yp_hol,4.603963733451983e-08
9,5,6,yp_hol,0.8921661812684263
9,5,7,yp_hol,2.055976254761027
9,5,8,yp_hol,3.666886689021804
9,5,9,yp_hol,0.9715286941540646
9,5,10,yp_hol,6.215539397836453e-08
9,5,11,yp_hol,0.024436824560827936
9,5,12,yp_hol,8.705779528733018
9,5,13,yp_hol,1140.4831459548177
9,5,14,yp_hol,293.5739708418339
9,5,15,yp_hol,177.74434269372105
9,5,16,yp_hol,70.49196479220487
9,5,17,yp_hol,9.556053698871121
9,5,18,yp_hol,17.283412170671475
9,5,19,yp_hol,10.064781516580567
9,5,20,yp_hol,6.7100352411843485
9,5,21,yp_hol,29.19820436199353
9,5,22,yp_hol,27.56767889368138
9,5,23,yp_hol,5.682360785073453
9,6,0,yp_hol,2.655138333951512e-08
9,6,1,yp_hol,3.0510103944857824e-08
9,6,2,yp_hol,3.2152505938684726e-08
9,6,3,yp_hol,3.8337601371375035e-08
9,6,4,yp_hol,3.8181006328190577e-08
9,6,5,yp_hol,4.604449982460153e-08
9,6,6,yp_hol,0.38985118438486127
9,6,7,yp_hol,3.70091906383649
9,6,8,yp_hol,6.281266002443026
9,6,9,yp_hol,0.7796566355301241
9,6,10,yp_hol,6.283842400677145e-08
9,6,11,yp_hol,0.7441180384611747
9,6,12,yp_hol,5.800085279498785
9,6,13,yp_hol,307.96468618253067
9,6,14,yp_hol,58.27034977961298
9,6,15,yp_hol,0.08369466072659376
9,6,16,yp_hol,0.33303007976517984
9,6,17,yp_hol,4.041050356017305
9,6,18,yp_hol,36.39687574196314
9,6,19,yp_hol,1.564878506802409
9,6,20,yp_hol,1.4699130557514735
9,6,21,yp_hol,14.882397854545566
9,6,22,yp_hol,13.848435218992465
9,6,23,yp_hol,2.3612696531122657
9,7,0,yp_hol,2.655137776063994e-08
9,7,1,yp_hol,3.0510097348755335e-08
9,7,2,yp_hol,3.215253384196017e-08
9,7,3,yp_hol,3.833647094229651e-08
9,7,4,yp_hol,3.818143399370551e-08
9,7,5,yp_hol,4.6044064702603274e-08
9,7,6,yp_hol,0.1428731500040553
9,7,7,yp_hol,0.937857320793521
9,7,8,yp_hol,0.7362689242019923
9,7,9,yp_hol,0.008680848325929658
9,7,10,yp_hol,6.225259083984738e-08
9,7,11,yp_hol,0.03804508561313952
9,7,12,yp_hol,7.363490923291969
9,7,13,yp_hol,307.58658302842787
9,7,14,yp_hol,42.92992291649716
9,7,15,yp_hol,0.06151583022351392
9,7,16,yp_hol,10.059810811320409
9,7,17,yp_hol,5.985794336139255
9,7,18,yp_hol,3.601686219783111
9,7,19,yp_hol,1.2119333467248417
9,7,20,yp_hol,3.0885743245025354
9,7,21,yp_hol,9.18398530584671
9,7,22,yp_hol,8.984615344777517
9,7,23,yp_hol,1.3021521027009597
9,8,0,yp_hol,2.655138400163775e-08
9,8,1,yp_hol,3.051008981166053e-08
9,8,2,yp_hol,3.2152547084270945e-08
9,8,3,yp_hol,3.833682928429977e-08
9,8,4,yp_hol,3.818328097658969e-08
9,8,5,yp_hol,4.604294486366967e-08
9,8,6,yp_hol,4.216411852723215e-07
9,8,7,yp_hol,4.185529208942019
9,8,8,yp_hol,1.4309485643209192
9,8,9,yp_hol,0.16808889554231318
9,8,10,yp_hol,6.234942468764536e-08
9,8,11,yp_hol,0.08982184268498374
9,8,12,yp_hol,4.1681978023593125
9,8,13,yp_hol,312.45867372843117
9,8,14,yp_hol,113.2830388331003
9,8,15,yp_hol,4.766360925734739
9,8,16,yp_hol,13.328613239130284
9,8,17,yp_hol,2.111692854026093
9,8,18,yp_hol,2.131857454700309
9,8,19,yp_hol,2.059674207894554
9,8,20,yp_hol,3.51865235019773
9,8,21,yp_hol,15.248612080636354
9,8,22,yp_hol,15.512630089969683
9,8,23,yp_hol,2.1756586932346385
9,9,0,yp_hol,2.655136935839034e-08
9,9,1,yp_hol,3.051001125033724e-08
9,9,2,yp_hol,3.215190592393995e-08
9,9,3,yp_hol,3.833312665639271e-08
9,9,4,yp_hol,3.8180350492921864e-08
9,9,5,yp_hol,4.6041609774432126e-08
9,9,6,yp_hol,4.237886619540094e-07
9,9,7,yp_hol,0.7784164728337138
9,9,8,yp_hol,1.2686633056521073
9,9,9,yp_hol,0.03226696826660567
9,9,10,yp_hol,6.218478237331609e-08
9,9,11,yp_hol,0.25601296162362014
9,9,12,yp_hol,3.9841406673892523
9,9,13,yp_hol,207.49625147769737
9,9,14,yp_hol,58.56363999898053
9,9,15,yp_hol,0.3742694355901014
9,9,16,yp_hol,3.0849876106358263
9,9,17,yp_hol,5.213795245912088
9,9,18,yp_hol,0.43253286706303806
9,9,19,yp_hol,0.6781465410862074
9,9,20,yp_hol,2.338784548968363
9,9,21,yp_hol,10.105055751040423
9,9,22,yp_hol,10.343868198709805
9,9,23,yp_hol,1.785704731725386
9,0,SUM,yp_hol,393.6652587471827
9,1,SUM,yp_hol,667.9787428231036
9,2,SUM,yp_hol,649.9682872136498
9,3,SUM,yp_hol,1126.4216405316968
9,4,SUM,yp_hol,175.26581967438284
9,5,SUM,yp_hol,1804.6727253970494
9,6,SUM,yp_hol,458.9124775685901
9,7,SUM,yp_hol,403.2237900932031
9,8,SUM,yp_hol,496.63805146667306
9,9,SUM,yp_hol,306.7365374809163
9,0,0,ym_hol,3.7632548526312095e-07
9,0,1,ym_hol,4.078919341515566e-07
9,0,2,ym_hol,7.121979721790452e-07
9,0,3,ym_hol,2.3350018140184816
9,0,4,ym_hol,9.839242379179357
9,0,5,ym_hol,4.2439715039138947e-07
9,0,6,ym_hol,8.950515348666864e-08
9,0,7,ym_hol,6.053597298646108e-08
9,0,8,ym_hol,3.6270343387585865e-08
9,0,9,ym_hol,3.2234916663578664e-08
9,0,10,ym_hol,0.17605976911831708
9,0,11,ym_hol,3.694063531434167e-08
9,0,12,ym_hol,4.9670688200818125
9,0,13,ym_hol,1.833673929063831e-08
9,0,14,ym_hol,0.011199652945817661
9,0,15,ym_hol,1.3996460266341666
9,0,16,ym_hol,0.1569150662668963
9,0,17,ym_hol,1.1981173870680204
9,0,18,ym_hol,1.0144784048239694
9,0,19,ym_hol,9.792353506516459e-08
9,0,20,ym_hol,0.725446188453106
9,0,21,ym_hol,0.011840455557301404
9,0,22,ym_hol,4.382076942336469e-08
9,0,23,ym_hol,7.09094212750941e-08
9,1,0,ym_hol,3.76326634392646e-07
9,1,1,ym_hol,4.0790750497933473e-07
9,1,2,ym_hol,7.127854599188337e-07
9,1,3,ym_hol,3.549848503399374
9,1,4,ym_hol,10.691269501390304
9,1,5,ym_hol,4.248067159204482e-07
9,1,6,ym_hol,8.99200295047732e-08
9,1,7,ym_hol,6.134296130457394e-08
9,1,8,ym_hol,3.616121182844172e-08
9,1,9,ym_hol,3.219774693236752e-08
9,1,10,ym_hol,3.776419569212145e-08
9,1,11,ym_hol,4.433804122752737e-08
9,1,12,ym_hol,0.3064281314101638
9,1,13,ym_hol,1.833673911055087e-08
9,1,14,ym_hol,1.648221065671038
9,1,15,ym_hol,29.282437744433064
9,1,16,ym_hol,1.8488064760808416
9,1,17,ym_hol,1.936340052010693
9,1,18,ym_hol,0.3484561495731385
9,1,19,ym_hol,0.14165453585477963
9,1,20,ym_hol,0.8098338767081595
9,1,21,ym_hol,0.1324532416406507
9,1,22,ym_hol,4.382402282136791e-08
9,1,23,ym_hol,7.093005942018679e-08
9,2,0,ym_hol,3.7633111863122215e-07
9,2,1,ym_hol,4.0810124460424214e-07
9,2,2,ym_hol,4.527888793017672e-06
9,2,3,ym_hol,12.62862002987112
9,2,4,ym_hol,26.869263375561186
9,2,5,ym_hol,0.7585428065387376
9,2,6,ym_hol,9.412185083669486e-08
9,2,7,ym_hol,6.392770745934419e-08
9,2,8,ym_hol,3.640600993657086e-08
9,2,9,ym_hol,3.2229439169735187e-08
9,2,10,ym_hol,0.6356390099611794
9,2,11,ym_hol,4.500983174117042e-08
9,2,12,ym_hol,0.6579629105263204
9,2,13,ym_hol,1.8336739122638605e-08
9,2,14,ym_hol,0.02402879732669789
9,2,15,ym_hol,22.768609796800273
9,2,16,ym_hol,19.85395141736016
9,2,17,ym_hol,4.155993339082887
9,2,18,ym_hol,22.0398310100269
9,2,19,ym_hol,3.975812884236922
9,2,20,ym_hol,1.233058100617441
9,2,21,ym_hol,4.410665595975744
9,2,22,ym_hol,4.3823615550780834e-08
9,2,23,ym_hol,7.108711961023483e-08
9,3,0,ym_hol,3.763266143344236e-07
9,3,1,ym_hol,4.080626392011425e-07
9,3,2,ym_hol,4.5263608375217415e-06
9,3,3,ym_hol,10.67228655214163
9,3,4,ym_hol,34.66780050672333
9,3,5,ym_hol,1.0952020109116822
9,3,6,ym_hol,9.074395332979998e-08
9,3,7,ym_hol,6.377540121926271e-08
9,3,8,ym_hol,3.6238674974392067e-08
9,3,9,ym_hol,3.219035659255107e-08
9,3,10,ym_hol,3.753598220693025e-08
9,3,11,ym_hol,3.794286615764994e-08
9,3,12,ym_hol,11.372325812109025
9,3,13,ym_hol,1.834191723007553e-08
9,3,14,ym_hol,1.0966840665486097
9,3,15,ym_hol,81.92165774805203
9,3,16,ym_hol,51.48620494350584
9,3,17,ym_hol,23.180312715484284
9,3,18,ym_hol,30.768986802061622
9,3,19,ym_hol,0.768317743413157
9,3,20,ym_hol,3.178302598240723
9,3,21,ym_hol,0.1628776747141664
9,3,22,ym_hol,4.3822669162169796e-08
9,3,23,ym_hol,7.105500113471804e-08
9,4,0,ym_hol,3.7633227864785367e-07
9,4,1,ym_hol,4.080743319121282e-07
9,4,2,ym_hol,4.504888550470678e-06
9,4,3,ym_hol,1.9637914176458273
9,4,4,ym_hol,6.608549916533736
9,4,5,ym_hol,0.02339860551670067
9,4,6,ym_hol,9.396578801401781e-08
9,4,7,ym_hol,6.144649907574238e-08
9,4,8,ym_hol,3.6224186175015986e-08
9,4,9,ym_hol,3.224264593756231e-08
9,4,10,ym_hol,3.758640276159682e-08
9,4,11,ym_hol,3.789711860139904e-08
9,4,12,ym_hol,0.05955238115763185
9,4,13,ym_hol,1.8336739396093997e-08
9,4,14,ym_hol,0.009568290519900534
9,4,15,ym_hol,17.895067672304446
9,4,16,ym_hol,15.103433163044077
9,4,17,ym_hol,1.8519952815163452
9,4,18,ym_hol,0.08916705964892457
9,4,19,ym_hol,0.05435103596405149
9,4,20,ym_hol,0.3109021790083558
9,4,21,ym_hol,2.275496156485282e-06
9,4,22,ym_hol,4.382295066420694e-08
9,4,23,ym_hol,7.093716133490187e-08
9,5,0,ym_hol,3.76330047571995e-07
9,5,1,ym_hol,4.0814142713644106e-07
9,5,2,ym_hol,4.532244026177936e-06
9,5,3,ym_hol,19.500698844513735
9,5,4,ym_hol,38.95788605070842
9,5,5,ym_hol,0.23329282169641238
9,5,6,ym_hol,9.135673420022278e-08
9,5,7,ym_hol,6.375283315166884e-08
9,5,8,ym_hol,3.6237492886663204e-08
9,5,9,ym_hol,3.220347232326078e-08
9,5,10,ym_hol,6.272028655246071e-08
9,5,11,ym_hol,3.625409936277997e-08
9,5,12,ym_hol,6.174128454337388
9,5,13,ym_hol,1.8336739077122946e-08
9,5,14,ym_hol,2.652332782470881
9,5,15,ym_hol,123.45410174561187
9,5,16,ym_hol,21.091878197342034
9,5,17,ym_hol,3.996362351647193
9,5,18,ym_hol,5.328456429974426
9,5,19,ym_hol,3.953748179179185
9,5,20,ym_hol,3.073193094328547
9,5,21,ym_hol,0.32271264096239816
9,5,22,ym_hol,4.3823236343341805e-08
9,5,23,ym_hol,7.100778685086253e-08
9,6,0,ym_hol,3.7632976088513255e-07
9,6,1,ym_hol,4.080442551138165e-07
9,6,2,ym_hol,4.515179835850212e-06
9,6,3,ym_hol,4.411941795456503
9,6,4,ym_hol,16.686087761762877
9,6,5,ym_hol,0.022568118480344103
9,6,6,ym_hol,9.052648539150845e-08
9,6,7,ym_hol,6.168878839913394e-08
9,6,8,ym_hol,3.620010308431699e-08
9,6,9,ym_hol,3.220607098416445e-08
9,6,10,ym_hol,0.046158426770802896
9,6,11,ym_hol,4.333640889239748e-08
9,6,12,ym_hol,0.3696298940673972
9,6,13,ym_hol,1.833673914903298e-08
9,6,14,ym_hol,0.009851779371637163
9,6,15,ym_hol,9.326824683586054
9,6,16,ym_hol,5.883110044460384
9,6,17,ym_hol,7.520062295991514
9,6,18,ym_hol,28.631342132266838
9,6,19,ym_hol,0.867415306078314
9,6,20,ym_hol,1.353270794369013
9,6,21,ym_hol,0.12006261454298334
9,6,22,ym_hol,4.3823179105623634e-08
9,6,23,ym_hol,7.099552268498514e-08
9,7,0,ym_hol,3.7633147784217293e-07
9,7,1,ym_hol,4.0805334036733055e-07
9,7,2,ym_hol,4.522382459637629e-06
9,7,3,ym_hol,4.419404728972182
9,7,4,ym_hol,13.100614842991984
9,7,5,ym_hol,0.14137214932236639
9,7,6,ym_hol,9.055073629209112e-08
9,7,7,ym_hol,6.367227988257032e-08
9,7,8,ym_hol,3.6147763811836016e-08
9,7,9,ym_hol,3.2187156635321045e-08
9,7,10,ym_hol,3.754038127191826e-08
9,7,11,ym_hol,4.3361060614265844e-08
9,7,12,ym_hol,1.1528474789664507
9,7,13,ym_hol,1.8336739146828685e-08
9,7,14,ym_hol,0.088440611870773
9,7,15,ym_hol,19.560008824542468
9,7,16,ym_hol,17.540866404571297
9,7,17,ym_hol,6.324586122842524
9,7,18,ym_hol,3.5490462664098485
9,7,19,ym_hol,0.27411447374327413
9,7,20,ym_hol,1.694371426967576
9,7,21,ym_hol,0.199693022949621
9,7,22,ym_hol,4.3821011779246435e-08
9,7,23,ym_hol,7.09165075835454e-08
9,8,0,ym_hol,3.763301050087798e-07
9,8,1,ym_hol,4.0805326267689566e-07
9,8,2,ym_hol,4.519003846348416e-06
9,8,3,ym_hol,6.051707239733047
9,8,4,ym_hol,17.802890528910442
9,8,5,ym_hol,0.06981295707403218
9,8,6,ym_hol,9.382089555579506e-08
9,8,7,ym_hol,6.185874858998833e-08
9,8,8,ym_hol,3.6186402798877615e-08
9,8,9,ym_hol,3.219104535846626e-08
9,8,10,ym_hol,3.7554603317883376e-08
9,8,11,ym_hol,4.4314188749369965e-08
9,8,12,ym_hol,0.32122987936426456
9,8,13,ym_hol,1.8336739192386594e-08
9,8,14,ym_hol,0.024339866720959256
9,8,15,ym_hol,64.19579147650636
9,8,16,ym_hol,34.61836907622648
9,8,17,ym_hol,5.02123372985203
9,8,18,ym_hol,2.3113622127954674
9,8,19,ym_hol,1.1529679296639896
9,8,20,ym_hol,1.8984034108005223
9,8,21,ym_hol,6.685295790790327e-05
9,8,22,ym_hol,4.382420065381062e-08
9,8,23,ym_hol,7.102916192209616e-08
9,9,0,ym_hol,3.7633324751938335e-07
9,9,1,ym_hol,4.0808095121738994e-07
9,9,2,ym_hol,4.521538267163083e-06
9,9,3,ym_hol,4.73730088047663
9,9,4,ym_hol,12.620137638532396
9,9,5,ym_hol,0.08429892801576973
9,9,6,ym_hol,9.399390302239344e-08
9,9,7,ym_hol,6.376196896159115e-08
9,9,8,ym_hol,3.6172028426999e-08
9,9,9,ym_hol,3.223810817193384e-08
9,9,10,ym_hol,3.7550829043978465e-08
9,9,11,ym_hol,3.627416246518912e-08
9,9,12,ym_hol,0.1949350233933148
9,9,13,ym_hol,1.8341543082945886e-08
9,9,14,ym_hol,0.038148670295124545
9,9,15,ym_hol,13.193091152025515
9,9,16,ym_hol,7.201494468731933
9,9,17,ym_hol,3.5727971470342106
9,9,18,ym_hol,0.5176111321971282
9,9,19,ym_hol,0.016663870505396736
9,9,20,ym_hol,0.3339141142163014
9,9,21,ym_hol,9.992163962652078e-06
9,9,22,ym_hol,4.382240464991144e-08
9,9,23,ym_hol,7.095409624201613e-08
9,0,SUM,ym_hol,21.83501837143728
9,1,SUM,ym_hol,50.695751634813526
9,2,SUM,ym_hol,120.01198479114905
9,3,SUM,ym_hol,250.37096491630302
9,4,SUM,ym_hol,43.96978500011081
9,5,SUM,ym_hol,228.7387973651807
9,6,SUM,ym_hol,75.2483313438718
9,7,SUM,ym_hol,68.04537209745128
9,8,SUM,ym_hol,133.4681809031087
9,9,SUM,ym_hol,42.51040875664919
9,0,0,dp_hol,1.9037333918876818e-06
9,0,1,dp_hol,2.1813477508993194e-06
9,0,2,dp_hol,2.3734217597266173e-06
9,0,3,dp_hol,2.513700578913174e-06
9,0,4,dp_hol,2.6279069312850072e-06
9,0,5,dp_hol,2.729617358862669e-06
9,0,6,dp_hol,4.492363085856047
9,0,7,dp_hol,64.70211399475224
9,0,8,dp_hol,50.447633132486814
9,0,9,dp_hol,33.734927760977364
9,0,10,dp_hol,83.4706626905509
9,0,11,dp_hol,50.845239085236614
9,0,12,dp_hol,43.228438902635475
9,0,13,dp_hol,0.013658246485165256
9,0,14,dp_hol,14.170615519670196
9,0,15,dp_hol,9.467717281517093
9,0,16,dp_hol,13.015532779565687
9,0,17,dp_hol,27.470629274363535
9,0,18,dp_hol,19.663892145742512
9,0,19,dp_hol,5.89745499878783
9,0,20,dp_hol,2.969470404759849
9,0,21,dp_hol,0.49615948231150603
9,0,22,dp_hol,3.415625539010776e-06
9,0,23,dp_hol,3.6858826044204817e-06
9,1,0,dp_hol,1.9037063891095962e-06
9,1,1,dp_hol,2.1810729657481836e-06
9,1,2,dp_hol,2.371603852125112e-06
9,1,3,dp_hol,2.503803949801968e-06
9,1,4,dp_hol,2.6229733075189372e-06
9,1,5,dp_hol,2.7244279816020417e-06
9,1,6,dp_hol,0.48042431116867496
9,1,7,dp_hol,28.539641346715275
9,1,8,dp_hol,12.569951654692455
9,1,9,dp_hol,23.571789975555756
9,1,10,dp_hol,25.448784200783066
9,1,11,dp_hol,35.627376594514686
9,1,12,dp_hol,48.02351791857415
9,1,13,dp_hol,0.01386780945848382
9,1,14,dp_hol,54.86925062810019
9,1,15,dp_hol,46.15887201278276
9,1,16,dp_hol,18.86791696745938
9,1,17,dp_hol,26.805372251709244
9,1,18,dp_hol,37.269571784566075
9,1,19,dp_hol,15.463624863297309
9,1,20,dp_hol,3.6449742581368283
9,1,21,dp_hol,0.5611994316054588
9,1,22,dp_hol,3.3894658975072162e-06
9,1,23,dp_hol,3.687892245950496e-06
9,2,0,dp_hol,1.9036318947060097e-06
9,2,1,dp_hol,2.179066880325785e-06
9,2,2,dp_hol,2.347354339214412e-06
9,2,3,dp_hol,2.459283638156655e-06
9,2,4,dp_hol,2.571917357405535e-06
9,2,5,dp_hol,2.68576269901157e-06
9,2,6,dp_hol,1.91324055679555e-06
9,2,7,dp_hol,1.679625364409584e-06
9,2,8,dp_hol,3.347836797944108
9,2,9,dp_hol,30.754012945376704
9,2,10,dp_hol,31.870251958618056
9,2,11,dp_hol,26.631153824870527
9,2,12,dp_hol,37.305641907055
9,2,13,dp_hol,0.01384194294135993
9,2,14,dp_hol,32.89212595390247
9,2,15,dp_hol,78.34582955369379
9,2,16,dp_hol,134.12863481249533
9,2,17,dp_hol,103.58488599552604
9,2,18,dp_hol,185.66707442401096
9,2,19,dp_hol,81.72134993083793
9,2,20,dp_hol,7.675573782610596
9,2,21,dp_hol,2.3927090576833803
9,2,22,dp_hol,3.5429646610643472e-06
9,2,23,dp_hol,3.7345857582101264e-06
9,3,0,dp_hol,1.9037386927319653e-06
9,3,1,dp_hol,2.1796539566765484e-06
9,3,2,dp_hol,2.3518406341043497e-06
9,3,3,dp_hol,2.4809186832494355e-06
9,3,4,dp_hol,2.5868382001110346e-06
9,3,5,dp_hol,2.696165429227923e-06
9,3,6,dp_hol,0.15828642014303335
9,3,7,dp_hol,0.1512814471325889
9,3,8,dp_hol,9.189746145721614
9,3,9,dp_hol,16.781855265287493
9,3,10,dp_hol,25.09116500693749
9,3,11,dp_hol,46.46418172843079
9,3,12,dp_hol,118.4447174057637
9,3,13,dp_hol,0.007898186495872771
9,3,14,dp_hol,49.02952686877311
9,3,15,dp_hol,160.6275912594326
9,3,16,dp_hol,212.42594339679232
9,3,17,dp_hol,135.97436336900947
9,3,18,dp_hol,115.00987540104978
9,3,19,dp_hol,36.96469168582152
9,3,20,dp_hol,20.124637182210474
9,3,21,dp_hol,1.1799482659508462
9,3,22,dp_hol,3.4331509230563607e-06
9,3,23,dp_hol,3.7235667131060067e-06
9,4,0,dp_hol,1.9035959241583248e-06
9,4,1,dp_hol,2.1794856838188465e-06
9,4,2,dp_hol,2.3503417068033392e-06
9,4,3,dp_hol,2.473647848881444e-06
9,4,4,dp_hol,2.5833510491919198e-06
9,4,5,dp_hol,2.6916687981813613e-06
9,4,6,dp_hol,1.954506062342615e-06
9,4,7,dp_hol,9.233780585951838
9,4,8,dp_hol,8.312482292987685
9,4,9,dp_hol,14.562922146443942
9,4,10,dp_hol,7.973587323158048
9,4,11,dp_hol,15.696163308136525
9,4,12,dp_hol,9.037851587917825
9,4,13,dp_hol,0.013772924204465875
9,4,14,dp_hol,35.98534746440826
9,4,15,dp_hol,59.47231227263188
9,4,16,dp_hol,80.61120029512921
9,4,17,dp_hol,29.711882560214313
9,4,18,dp_hol,7.273794244949252
9,4,19,dp_hol,24.155702995727953
9,4,20,dp_hol,3.1495121672516104
9,4,21,dp_hol,0.29818690483662486
9,4,22,dp_hol,3.4240697251804664e-06
9,4,23,dp_hol,3.692115930052429e-06
9,5,0,dp_hol,1.9036685479326818e-06
9,5,1,dp_hol,2.178714920828131e-06
9,5,2,dp_hol,2.342351133964642e-06
9,5,3,dp_hol,2.4673237416044496e-06
9,5,4,dp_hol,2.576959491117968e-06
9,5,5,dp_hol,2.683375683946044e-06
9,5,6,dp_hol,0.4015998809093981
9,5,7,dp_hol,0.07475073031040283
9,5,8,dp_hol,39.430234995874315
9,5,9,dp_hol,17.50532856209992
9,5,10,dp_hol,22.166781730810108
9,5,11,dp_hol,24.80572393564328
9,5,12,dp_hol,53.83042232859604
9,5,13,dp_hol,0.013886615736388037
9,5,14,dp_hol,71.07731297647712
9,5,15,dp_hol,521.2989177231176
9,5,16,dp_hol,291.6579122990159
9,5,17,dp_hol,58.85373025673136
9,5,18,dp_hol,69.43956836991046
9,5,19,dp_hol,43.69286756009963
9,5,20,dp_hol,11.83478296468986
9,5,21,dp_hol,1.0271972353690697
9,5,22,dp_hol,3.44260433854604e-06
9,5,23,dp_hol,3.70755030005753e-06
9,6,0,dp_hol,1.9036534426243238e-06
9,6,1,dp_hol,2.1798758099601808e-06
9,6,2,dp_hol,2.35405110942401e-06
9,6,3,dp_hol,2.495205188969499e-06
9,6,4,dp_hol,2.5987772587501767e-06
9,6,5,dp_hol,2.7005983421244814e-06
9,6,6,dp_hol,0.8407049518090258
9,6,7,dp_hol,22.28798700490684
9,6,8,dp_hol,36.98726290480575
9,6,9,dp_hol,46.121184502053985
9,6,10,dp_hol,44.43004620829775
9,6,11,dp_hol,35.209465559520666
9,6,12,dp_hol,31.75300680275945
9,6,13,dp_hol,0.013850169185904836
9,6,14,dp_hol,32.750244486817
9,6,15,dp_hol,20.8160829929489
9,6,16,dp_hol,33.09652784899931
9,6,17,dp_hol,47.087746707970794
9,6,18,dp_hol,149.6389273705117
9,6,19,dp_hol,24.49204521149124
9,6,20,dp_hol,2.64971017520379
9,6,21,dp_hol,0.6333991588524386
9,6,22,dp_hol,3.4005025967288557e-06
9,6,23,dp_hol,3.709465950875495e-06
9,7,0,dp_hol,1.9036116430713865e-06
9,7,1,dp_hol,2.1797989416394346e-06
9,7,2,dp_hol,2.353059433308472e-06
9,7,3,dp_hol,2.4862943370775572e-06
9,7,4,dp_hol,2.5895475545301578e-06
9,7,5,dp_hol,2.6987150190842527e-06
9,7,6,dp_hol,0.10712627112942143
9,7,7,dp_hol,0.26913477625705723
9,7,8,dp_hol,5.434035250787604
9,7,9,dp_hol,8.01809137885519
9,7,10,dp_hol,10.799164588604565
9,7,11,dp_hol,14.942324461024116
9,7,12,dp_hol,66.96997049948754
9,7,13,dp_hol,0.013831794750082883
9,7,14,dp_hol,28.1127881972743
9,7,15,dp_hol,27.557007509192978
9,7,16,dp_hol,71.19697140246492
9,7,17,dp_hol,54.92822037520435
9,7,18,dp_hol,47.69902713677432
9,7,19,dp_hol,14.077961130713357
9,7,20,dp_hol,9.534515627227398
9,7,21,dp_hol,0.7123735092003303
9,7,22,dp_hol,3.3844951728144148e-06
9,7,23,dp_hol,3.686964480502245e-06
9,8,0,dp_hol,1.9036455277500317e-06
9,8,1,dp_hol,2.179783484319707e-06
9,8,2,dp_hol,2.352989830610653e-06
9,8,3,dp_hol,2.4862707646961684e-06
9,8,4,dp_hol,2.595517156367374e-06
9,8,5,dp_hol,2.6963900399376063e-06
9,8,6,dp_hol,1.9675938221116265e-06
9,8,7,dp_hol,27.537724792724056
9,8,8,dp_hol,10.430620772260513
9,8,9,dp_hol,11.68959571229184
9,8,10,dp_hol,11.266661387985543
9,8,11,dp_hol,15.348756110009786
9,8,12,dp_hol,29.871594588510707
9,8,13,dp_hol,0.01383950149463442
9,8,14,dp_hol,60.08629189621519
9,8,15,dp_hol,108.55515562414024
9,8,16,dp_hol,120.20100113908407
9,8,17,dp_hol,51.79013152172791
9,8,18,dp_hol,23.372927857017814
9,8,19,dp_hol,32.42648383549685
9,8,20,dp_hol,14.247759477781166
9,8,21,dp_hol,0.9251655362842572
9,8,22,dp_hol,3.448740257769901e-06
9,8,23,dp_hol,3.717083583004053e-06
9,9,0,dp_hol,1.9035723571859124e-06
9,9,1,dp_hol,2.1793699113735534e-06
9,9,2,dp_hol,2.349746429195043e-06
9,9,3,dp_hol,2.470647775572441e-06
9,9,4,dp_hol,2.583046448448275e-06
9,9,5,dp_hol,2.6903056463844126e-06
9,9,6,dp_hol,1.944277668754822e-06
9,9,7,dp_hol,0.14670125788777497
9,9,8,dp_hol,14.438033184587765
9,9,9,dp_hol,16.739155590156823
9,9,10,dp_hol,11.429824547226783
9,9,11,dp_hol,22.601135606027455
9,9,12,dp_hol,19.563202507889212
9,9,13,dp_hol,0.005878373330512074
9,9,14,dp_hol,37.78452097483668
9,9,15,dp_hol,52.335024560682726
9,9,16,dp_hol,48.33769404102542
9,9,17,dp_hol,62.73363621037026
9,9,18,dp_hol,22.76616673610123
9,9,19,dp_hol,5.836895210055934
9,9,20,dp_hol,4.402191288386765
9,9,21,dp_hol,0.5680072606941831
9,9,22,dp_hol,3.4787655722195794e-06
9,9,23,dp_hol,3.698853158942018e-06
9,0,SUM,dp_hol,424.0865302169347
9,1,SUM,dp_hol,377.9161573940664
9,2,SUM,dp_hol,756.3309479049993
9,3,SUM,dp_hol,947.625730390826
9,4,SUM,dp_hol,305.48852232673215
9,5,SUM,dp_hol,1227.111039467939
9,6,SUM,dp_hol,528.8082133982642
9,7,SUM,dp_hol,360.3725651914341
9,8,SUM,dp_hol,517.7637331010391
9,9,SUM,dp_hol,319.6880906478445
9,0,0,dm_hol,1.9035767788963223e-06
9,0,1,dm_hol,2.1783479363033727e-06
9,0,2,dm_hol,2.341406263818052e-06
9,0,3,dm_hol,2.464140397865435e-06
9,0,4,dm_hol,2.579649402788479e-06
9,0,5,dm_hol,2.6782158534696046e-06
9,0,6,dm_hol,0.10684630971199044
9,0,7,dm_hol,0.3139215891962752
9,0,8,dm_hol,37.02439062705254
9,0,9,dm_hol,41.35863009497185
9,0,10,dm_hol,66.7599427921212
9,0,11,dm_hol,62.51731734616849
9,0,12,dm_hol,55.698970480261025
9,0,13,dm_hol,1.971269536452684e-06
9,0,14,dm_hol,31.498192721101823
9,0,15,dm_hol,46.563332135237395
9,0,16,dm_hol,44.09270767880656
9,0,17,dm_hol,38.43874908289041
9,0,18,dm_hol,58.47797823783676
9,0,19,dm_hol,10.130933982677952
9,0,20,dm_hol,2.962315315376361
9,0,21,dm_hol,0.06874163367724333
9,0,22,dm_hol,3.4342787988545527e-06
9,0,23,dm_hol,3.7204894041386105e-06
9,1,0,dm_hol,1.90360321252617e-06
9,1,1,dm_hol,2.1786131959889884e-06
9,1,2,dm_hol,2.3429569197513766e-06
9,1,3,dm_hol,2.4678562253390855e-06
9,1,4,dm_hol,2.5739145318472336e-06
9,1,5,dm_hol,2.6826555560937e-06
9,1,6,dm_hol,0.2780795767496979
9,1,7,dm_hol,1.6438922347197904
9,1,8,dm_hol,21.857891223773173
9,1,9,dm_hol,26.187583352772478
9,1,10,dm_hol,32.681911086724334
9,1,11,dm_hol,36.587870793264
9,1,12,dm_hol,26.0782453725418
9,1,13,dm_hol,1.971265792202462e-06
9,1,14,dm_hol,52.16116979197855
9,1,15,dm_hol,132.39930617619075
9,1,16,dm_hol,41.61401672557038
9,1,17,dm_hol,40.65765027633183
9,1,18,dm_hol,48.548343463897226
9,1,19,dm_hol,21.99033872772083
9,1,20,dm_hol,2.5338106465113843
9,1,21,dm_hol,0.4536620175507506
9,1,22,dm_hol,3.4735092270124022e-06
9,1,23,dm_hol,3.71805318475767e-06
9,2,0,dm_hol,1.9036759850562937e-06
9,2,1,dm_hol,2.1805355649097637e-06
9,2,2,dm_hol,2.359840132844365e-06
9,2,3,dm_hol,2.5059260818098364e-06
9,2,4,dm_hol,2.611398172796341e-06
9,2,5,dm_hol,2.710246947166366e-06
9,2,6,dm_hol,1.1760853247988485
9,2,7,dm_hol,45.348828896121546
9,2,8,dm_hol,19.731823889004833
9,2,9,dm_hol,32.424845654415
9,2,10,dm_hol,33.85180769438933
9,2,11,dm_hol,25.232764844779144
9,2,12,dm_hol,44.566714146964415
9,2,13,dm_hol,1.971265770168001e-06
9,2,14,dm_hol,42.498341953819434
9,2,15,dm_hol,86.8899494756487
9,2,16,dm_hol,133.3943444347274
9,2,17,dm_hol,80.24518692089362
9,2,18,dm_hol,103.60934237612463
9,2,19,dm_hol,50.92852974782665
9,2,20,dm_hol,6.623471430233818
9,2,21,dm_hol,5.259690213516313
9,2,22,dm_hol,3.4001543467632007e-06
9,2,23,dm_hol,3.6840375814942785e-06
9,3,0,dm_hol,1.9035713245466423e-06
9,3,1,dm_hol,2.179959795882372e-06
9,3,2,dm_hol,2.355417045226187e-06
9,3,3,dm_hol,2.4839923362955374e-06
9,3,4,dm_hol,2.5948709081003216e-06
9,3,5,dm_hol,2.69995228026241e-06
9,3,6,dm_hol,0.7855863087591511
9,3,7,dm_hol,30.3666900226194
9,3,8,dm_hol,15.461894549979968
9,3,9,dm_hol,11.186719568519997
9,3,10,dm_hol,17.10521037651595
9,3,11,dm_hol,30.176915516278854
9,3,12,dm_hol,95.40474440532644
9,3,13,dm_hol,0.05320840480563894
9,3,14,dm_hol,57.02155440754686
9,3,15,dm_hol,174.61747008043335
9,3,16,dm_hol,136.56281035792387
9,3,17,dm_hol,83.38341157743481
9,3,18,dm_hol,104.90028735945656
9,3,19,dm_hol,46.267347553602434
9,3,20,dm_hol,33.40386757075574
9,3,21,dm_hol,1.0382246792329148
9,3,22,dm_hol,3.451183345018277e-06
9,3,23,dm_hol,3.6934539472189248e-06
9,4,0,dm_hol,1.9037112403404263e-06
9,4,1,dm_hol,2.1801243472787298e-06
9,4,2,dm_hol,2.356861438839608e-06
9,4,3,dm_hol,2.490419097504768e-06
9,4,4,dm_hol,2.597588046966761e-06
9,4,5,dm_hol,2.7042966970322464e-06
9,4,6,dm_hol,0.5024677494563998
9,4,7,dm_hol,1.3978935747616208
9,4,8,dm_hol,8.255286763971021
9,4,9,dm_hol,9.455782934250262
9,4,10,dm_hol,10.329071599231757
9,4,11,dm_hol,12.088749892778289
9,4,12,dm_hol,11.756483813048915
9,4,13,dm_hol,1.9712689696134946e-06
9,4,14,dm_hol,21.736968539546346
9,4,15,dm_hol,101.00515302765768
9,4,16,dm_hol,131.2408821960725
9,4,17,dm_hol,40.313389978824354
9,4,18,dm_hol,16.029398629814324
9,4,19,dm_hol,25.7363193379205
9,4,20,dm_hol,3.182406380787041
9,4,21,dm_hol,1.0910696290627868e-05
9,4,22,dm_hol,3.4225768268057444e-06
9,4,23,dm_hol,3.713420503017413e-06
9,5,0,dm_hol,1.9036402744208806e-06
9,5,1,dm_hol,2.1809164929582224e-06
9,5,2,dm_hol,2.370872300410994e-06
9,5,3,dm_hol,2.4995681500431814e-06
9,5,4,dm_hol,2.606647978749576e-06
9,5,5,dm_hol,2.7227934096546605e-06
9,5,6,dm_hol,1.1667907428633921
9,5,7,dm_hol,36.36787121806913
9,5,8,dm_hol,24.38191979139131
9,5,9,dm_hol,17.27180943239696
9,5,10,dm_hol,24.206801245168332
9,5,11,dm_hol,32.54137612944917
9,5,12,dm_hol,74.35678073468858
9,5,13,dm_hol,1.971265230727779e-06
9,5,14,dm_hol,67.5260320470656
9,5,15,dm_hol,88.48209245754937
9,5,16,dm_hol,98.39275837477949
9,5,17,dm_hol,71.66485246843375
9,5,18,dm_hol,102.3783186319923
9,5,19,dm_hol,35.84116103435124
9,5,20,dm_hol,5.312189654217081
9,5,21,dm_hol,1.0013655507790127
9,5,22,dm_hol,3.406206826610464e-06
9,5,23,dm_hol,3.699047913852948e-06
9,6,0,dm_hol,1.9036548959604943e-06
9,6,1,dm_hol,2.179746004826852e-06
9,6,2,dm_hol,2.353477259908549e-06
9,6,3,dm_hol,2.47607909409928e-06
9,6,4,dm_hol,2.5941012124056212e-06
9,6,5,dm_hol,2.6962315505142405e-06
9,6,6,dm_hol,0.3039551017862192
9,6,7,dm_hol,4.81104874778981
9,6,8,dm_hol,28.06320404398336
9,6,9,dm_hol,46.2759008245516
9,6,10,dm_hol,41.67671400504128
9,6,11,dm_hol,32.103445389641614
9,6,12,dm_hol,38.344329079471066
9,6,13,dm_hol,1.9712662661541595e-06
9,6,14,dm_hol,35.023689432258216
9,6,15,dm_hol,102.36436525798933
9,6,16,dm_hol,87.40562681416993
9,6,17,dm_hol,79.13467672784839
9,6,18,dm_hol,99.22075839999893
9,6,19,dm_hol,31.038980944534227
9,6,20,dm_hol,7.2631607420697675
9,6,21,dm_hol,0.3149475126387671
9,6,22,dm_hol,3.476391416063459e-06
9,6,23,dm_hol,3.697078222931523e-06
9,7,0,dm_hol,1.9036958341032768e-06
9,7,1,dm_hol,2.179817303046221e-06
9,7,2,dm_hol,2.3541877130916617e-06
9,7,3,dm_hol,2.477880895060589e-06
9,7,4,dm_hol,2.591950117435382e-06
9,7,5,dm_hol,2.6973614951086794e-06
9,7,6,dm_hol,0.46738087184671334
9,7,7,dm_hol,13.220876604483106
9,7,8,dm_hol,8.089682540635083
9,7,9,dm_hol,4.761092607675943
9,7,10,dm_hol,11.997564278031877
9,7,11,dm_hol,20.405135928423352
9,7,12,dm_hol,58.74882981501455
9,7,13,dm_hol,1.9712660923214646e-06
9,7,14,dm_hol,33.74714015812569
9,7,15,dm_hol,99.45949358417681
9,7,16,dm_hol,119.6242091610068
9,7,17,dm_hol,61.68979731780931
9,7,18,dm_hol,67.87308518296639
9,7,19,dm_hol,24.62631075122707
9,7,20,dm_hol,7.692405763426057
9,7,21,dm_hol,0.657424669090183
9,7,22,dm_hol,3.4904342346309484e-06
9,7,23,dm_hol,3.7195040543453783e-06
9,8,0,dm_hol,1.9036626242763536e-06
9,8,1,dm_hol,2.179832849712724e-06
9,8,2,dm_hol,2.354274433758265e-06
9,8,3,dm_hol,2.4784265793432925e-06
9,8,4,dm_hol,2.5887464719791947e-06
9,8,5,dm_hol,2.69970777920783e-06
9,8,6,dm_hol,0.8944985580350121
9,8,7,dm_hol,3.8673144737643708
9,8,8,dm_hol,10.323197348937178
9,8,9,dm_hol,15.058957450263325
9,8,10,dm_hol,20.45491393336256
9,8,11,dm_hol,16.61390526741548
9,8,12,dm_hol,29.690226151676676
9,8,13,dm_hol,1.971267642888665e-06
9,8,14,dm_hol,34.67054398490554
9,8,15,dm_hol,155.0650292335562
9,8,16,dm_hol,141.27034580459164
9,8,17,dm_hol,72.45050210667664
9,8,18,dm_hol,42.53015169304033
9,8,19,dm_hol,27.042972558984125
9,8,20,dm_hol,8.544105515414183
9,8,21,dm_hol,0.0002403844462126941
9,8,22,dm_hol,3.4229710767823554e-06
9,8,23,dm_hol,3.690345077823159e-06
9,9,0,dm_hol,1.90373433989617e-06
9,9,1,dm_hol,2.1802375453276104e-06
9,9,2,dm_hol,2.357418602141259e-06
9,9,3,dm_hol,2.4927657481256547e-06
9,9,4,dm_hol,2.5978902236786855e-06
9,9,5,dm_hol,2.705561451703329e-06
9,9,6,dm_hol,0.7988221513690842
9,9,7,dm_hol,15.604780254738133
9,9,8,dm_hol,17.398546355426753
9,9,9,dm_hol,15.497541942199218
9,9,10,dm_hol,14.882992625024206
9,9,11,dm_hol,19.904039102967047
9,9,12,dm_hol,23.38304045019577
9,9,13,dm_hol,0.07110138912178697
9,9,14,dm_hol,40.874391928289754
9,9,15,dm_hol,97.78831932736175
9,9,16,dm_hol,89.94163343699176
9,9,17,dm_hol,30.962382065056836
9,9,18,dm_hol,34.23316149741428
9,9,19,dm_hol,11.126182701547105
9,9,20,dm_hol,2.7153943560842166
9,9,21,dm_hol,3.827968015397034e-05
9,9,22,dm_hol,3.3826631662494667e-06
9,9,23,dm_hol,3.7083621051462174e-06
9,0,SUM,dm_hol,496.0129932984623
9,1,SUM,dm_hol,485.67379477872487
9,2,SUM,dm_hol,711.7817503303443
9,3,SUM,dm_hol,837.7359641015929
9,4,SUM,dm_hol,393.0302886690845
9,5,SUM,dm_hol,680.8921428741533
9,6,SUM,dm_hol,633.3448263717985
9,7,SUM,dm_hol,533.0604526200366
9,8,SUM,dm_hol,578.476927754304
9,9,SUM,dm_hol,415.182389192101
