i,t,s,ep_hol
0,0,0,0.0
0,0,1,0.0
0,0,2,0.0
0,0,3,0.0
0,0,4,0.0
0,0,5,0.0
0,0,6,0.0
0,0,7,0.0
0,0,8,0.0
0,0,9,0.0
0,0,10,0.0
0,0,11,0.0
0,0,12,0.0
0,0,13,0.0
0,0,14,0.0
0,0,15,0.0
0,0,16,0.0
0,0,17,0.0
0,0,18,0.0
0,0,19,0.0
0,0,20,0.0
0,0,21,0.0
0,0,22,0.0
0,0,23,0.0
0,0,24,0.0
0,0,25,0.0
0,0,26,0.0
0,0,27,0.0
0,0,28,0.0
0,0,29,0.0
0,0,30,0.0
0,0,31,0.0
0,0,32,0.0
0,0,33,0.0
0,0,34,0.0
0,0,35,0.0
0,0,36,0.0
0,0,37,0.0
0,0,38,0.0
0,0,39,0.0
0,0,40,0.0
0,0,41,0.0
0,0,42,0.0
0,0,43,0.0
0,0,44,0.0
0,0,45,0.0
0,0,46,0.0
0,0,47,0.0
0,0,48,0.0
0,0,49,0.0
0,0,50,0.0
0,0,51,0.0
0,0,52,0.0
0,0,53,0.0
0,0,54,0.0
0,0,55,0.0
0,0,56,0.0
0,0,57,0.0
0,0,58,0.0
0,0,59,0.0
0,0,60,0.0
0,0,61,0.0
0,0,62,0.0
0,0,63,0.0
0,0,64,0.0
0,0,65,0.0
0,0,66,0.0
0,0,67,0.0
0,0,68,0.0
0,0,69,0.0
0,0,70,0.0
0,0,71,0.0
0,0,72,0.0
0,0,73,0.0
0,0,74,0.0
0,0,75,0.0
0,0,76,0.0
0,0,77,0.0
0,0,78,0.0
0,0,79,0.0
0,0,80,0.0
0,0,81,0.0
0,0,82,0.0
0,0,83,0.0
0,0,84,0.0
0,0,85,0.0
0,0,86,0.0
0,0,87,0.0
0,0,88,0.0
0,0,89,0.0
0,0,90,0.0
0,0,91,0.0
0,0,92,0.0
0,0,93,0.0
0,0,94,0.0
0,0,95,0.0
0,0,96,0.0
0,0,97,0.0
0,0,98,0.0
0,0,99,0.0
0,1,0,0.0
0,1,1,0.0
0,1,2,0.0
0,1,3,0.0
0,1,4,0.0
0,1,5,0.0
0,1,6,0.0
0,1,7,0.0
0,1,8,0.0
0,1,9,0.0
0,1,10,0.0
0,1,11,0.0
0,1,12,0.0
0,1,13,0.0
0,1,14,0.0
0,1,15,0.0
0,1,16,0.0
0,1,17,0.0
0,1,18,0.0
0,1,19,0.0
0,1,20,0.0
0,1,21,0.0
0,1,22,0.0
0,1,23,0.0
0,1,24,0.0
0,1,25,0.0
0,1,26,0.0
0,1,27,0.0
0,1,28,0.0
0,1,29,0.0
0,1,30,0.0
0,1,31,0.0
0,1,32,0.0
0,1,33,0.0
0,1,34,0.0
0,1,35,0.0
0,1,36,0.0
0,1,37,0.0
0,1,38,0.0
0,1,39,0.0
0,1,40,0.0
0,1,41,0.0
0,1,42,0.0
0,1,43,0.0
0,1,44,0.0
0,1,45,0.0
0,1,46,0.0
0,1,47,0.0
0,1,48,0.0
0,1,49,0.0
0,1,50,0.0
0,1,51,0.0
0,1,52,0.0
0,1,53,0.0
0,1,54,0.0
0,1,55,0.0
0,1,56,0.0
0,1,57,0.0
0,1,58,0.0
0,1,59,0.0
0,1,60,0.0
0,1,61,0.0
0,1,62,0.0
0,1,63,0.0
0,1,64,0.0
0,1,65,0.0
0,1,66,0.0
0,1,67,0.0
0,1,68,0.0
0,1,69,0.0
0,1,70,0.0
0,1,71,0.0
0,1,72,0.0
0,1,73,0.0
0,1,74,0.0
0,1,75,0.0
0,1,76,0.0
0,1,77,0.0
0,1,78,0.0
0,1,79,0.0
0,1,80,0.0
0,1,81,0.0
0,1,82,0.0
0,1,83,0.0
0,1,84,0.0
0,1,85,0.0
0,1,86,0.0
0,1,87,0.0
0,1,88,0.0
0,1,89,0.0
0,1,90,0.0
0,1,91,0.0
0,1,92,0.0
0,1,93,0.0
0,1,94,0.0
0,1,95,0.0
0,1,96,0.0
0,1,97,0.0
0,1,98,0.0
0,1,99,0.0
0,2,0,0.0
0,2,1,0.0
0,2,2,0.0
0,2,3,0.0
0,2,4,0.0
0,2,5,0.0
0,2,6,0.0
0,2,7,0.0
0,2,8,0.0
0,2,9,0.0
0,2,10,0.0
0,2,11,0.0
0,2,12,0.0
0,2,13,0.0
0,2,14,0.0
0,2,15,0.0
0,2,16,0.0
0,2,17,0.0
0,2,18,0.0
0,2,19,0.0
0,2,20,0.0
0,2,21,0.0
0,2,22,0.0
0,2,23,0.0
0,2,24,0.0
0,2,25,0.0
0,2,26,0.0
0,2,27,0.0
0,2,28,0.0
0,2,29,0.0
0,2,30,0.0
0,2,31,0.0
0,2,32,0.0
0,2,33,0.0
0,2,34,0.0
0,2,35,0.0
0,2,36,0.0
0,2,37,0.0
0,2,38,0.0
0,2,39,0.0
0,2,40,0.0
0,2,41,0.0
0,2,42,0.0
0,2,43,0.0
0,2,44,0.0
0,2,45,0.0
0,2,46,0.0
0,2,47,0.0
0,2,48,0.0
0,2,49,0.0
0,2,50,0.0
0,2,51,0.0
0,2,52,0.0
0,2,53,0.0
0,2,54,0.0
0,2,55,0.0
0,2,56,0.0
0,2,57,0.0
0,2,58,0.0
0,2,59,0.0
0,2,60,0.0
0,2,61,0.0
0,2,62,0.0
0,2,63,0.0
0,2,64,0.0
0,2,65,0.0
0,2,66,0.0
0,2,67,0.0
0,2,68,0.0
0,2,69,0.0
0,2,70,0.0
0,2,71,0.0
0,2,72,0.0
0,2,73,0.0
0,2,74,0.0
0,2,75,0.0
0,2,76,0.0
0,2,77,0.0
0,2,78,0.0
0,2,79,0.0
0,2,80,0.0
0,2,81,0.0
0,2,82,0.0
0,2,83,0.0
0,2,84,0.0
0,2,85,0.0
0,2,86,0.0
0,2,87,0.0
0,2,88,0.0
0,2,89,0.0
0,2,90,0.0
0,2,91,0.0
0,2,92,0.0
0,2,93,0.0
0,2,94,0.0
0,2,95,0.0
0,2,96,0.0
0,2,97,0.0
0,2,98,0.0
0,2,99,0.0
0,3,0,0.0
0,3,1,0.0
0,3,2,0.0
0,3,3,0.0
0,3,4,0.0
0,3,5,0.0
0,3,6,0.0
0,3,7,0.0
0,3,8,0.0
0,3,9,0.0
0,3,10,0.0
0,3,11,0.0
0,3,12,0.0
0,3,13,0.0
0,3,14,0.0
0,3,15,0.0
0,3,16,0.0
0,3,17,0.0
0,3,18,0.0
0,3,19,0.0
0,3,20,0.0
0,3,21,0.0
0,3,22,0.0
0,3,23,0.0
0,3,24,0.0
0,3,25,0.0
0,3,26,0.0
0,3,27,0.0
0,3,28,0.0
0,3,29,0.0
0,3,30,0.0
0,3,31,0.0
0,3,32,0.0
0,3,33,0.0
0,3,34,0.0
0,3,35,0.0
0,3,36,0.0
0,3,37,0.0
0,3,38,0.0
0,3,39,0.0
0,3,40,0.0
0,3,41,0.0
0,3,42,0.0
0,3,43,0.0
0,3,44,0.0
0,3,45,0.0
0,3,46,0.0
0,3,47,0.0
0,3,48,0.0
0,3,49,0.0
0,3,50,0.0
0,3,51,0.0
0,3,52,0.0
0,3,53,0.0
0,3,54,0.0
0,3,55,0.0
0,3,56,0.0
0,3,57,0.0
0,3,58,0.0
0,3,59,0.0
0,3,60,0.0
0,3,61,0.0
0,3,62,0.0
0,3,63,0.0
0,3,64,0.0
0,3,65,0.0
0,3,66,0.0
0,3,67,0.0
0,3,68,0.0
0,3,69,0.0
0,3,70,0.0
0,3,71,0.0
0,3,72,0.0
0,3,73,0.0
0,3,74,0.0
0,3,75,0.0
0,3,76,0.0
0,3,77,0.0
0,3,78,0.0
0,3,79,0.0
0,3,80,0.0
0,3,81,0.0
0,3,82,0.0
0,3,83,0.0
0,3,84,0.0
0,3,85,0.0
0,3,86,0.0
0,3,87,0.0
0,3,88,0.0
0,3,89,0.0
0,3,90,0.0
0,3,91,0.0
0,3,92,0.0
0,3,93,0.0
0,3,94,0.0
0,3,95,0.0
0,3,96,0.0
0,3,97,0.0
0,3,98,0.0
0,3,99,0.0
0,4,0,0.0
0,4,1,0.0
0,4,2,0.0
0,4,3,0.0
0,4,4,0.0
0,4,5,0.0
0,4,6,0.0
0,4,7,0.0
0,4,8,0.0
0,4,9,0.0
0,4,10,0.0
0,4,11,0.0
0,4,12,0.0
0,4,13,0.0
0,4,14,0.0
0,4,15,0.0
0,4,16,0.0
0,4,17,0.0
0,4,18,0.0
0,4,19,0.0
0,4,20,0.0
0,4,21,0.0
0,4,22,0.0
0,4,23,0.0
0,4,24,0.0
0,4,25,0.0
0,4,26,0.0
0,4,27,0.0
0,4,28,0.0
0,4,29,0.0
0,4,30,0.0
0,4,31,0.0
0,4,32,0.0
0,4,33,0.0
0,4,34,0.0
0,4,35,0.0
0,4,36,0.0
0,4,37,0.0
0,4,38,0.0
0,4,39,0.0
0,4,40,0.0
0,4,41,0.0
0,4,42,0.0
0,4,43,0.0
0,4,44,0.0
0,4,45,0.0
0,4,46,0.0
0,4,47,0.0
0,4,48,0.0
0,4,49,0.0
0,4,50,0.0
0,4,51,0.0
0,4,52,0.0
0,4,53,0.0
0,4,54,0.0
0,4,55,0.0
0,4,56,0.0
0,4,57,0.0
0,4,58,0.0
0,4,59,0.0
0,4,60,0.0
0,4,61,0.0
0,4,62,0.0
0,4,63,0.0
0,4,64,0.0
0,4,65,0.0
0,4,66,0.0
0,4,67,0.0
0,4,68,0.0
0,4,69,0.0
0,4,70,0.0
0,4,71,0.0
0,4,72,0.0
0,4,73,0.0
0,4,74,0.0
0,4,75,0.0
0,4,76,0.0
0,4,77,0.0
0,4,78,0.0
0,4,79,0.0
0,4,80,0.0
0,4,81,0.0
0,4,82,0.0
0,4,83,0.0
0,4,84,0.0
0,4,85,0.0
0,4,86,0.0
0,4,87,0.0
0,4,88,0.0
0,4,89,0.0
0,4,90,0.0
0,4,91,0.0
0,4,92,0.0
0,4,93,0.0
0,4,94,0.0
0,4,95,0.0
0,4,96,0.0
0,4,97,0.0
0,4,98,0.0
0,4,99,0.0
0,5,0,0.0
0,5,1,0.0
0,5,2,0.0
0,5,3,0.0
0,5,4,0.0
0,5,5,0.0
0,5,6,0.0
0,5,7,0.0
0,5,8,0.0
0,5,9,0.0
0,5,10,0.0
0,5,11,0.0
0,5,12,0.0
0,5,13,0.0
0,5,14,0.0
0,5,15,0.0
0,5,16,0.0
0,5,17,0.0
0,5,18,0.0
0,5,19,0.0
0,5,20,0.0
0,5,21,0.0
0,5,22,0.0
0,5,23,0.0
0,5,24,0.0
0,5,25,0.0
0,5,26,0.0
0,5,27,0.0
0,5,28,0.0
0,5,29,0.0
0,5,30,0.0
0,5,31,0.0
0,5,32,0.0
0,5,33,0.0
0,5,34,0.0
0,5,35,0.0
0,5,36,0.0
0,5,37,0.0
0,5,38,0.0
0,5,39,0.0
0,5,40,0.0
0,5,41,0.0
0,5,42,0.0
0,5,43,0.0
0,5,44,0.0
0,5,45,0.0
0,5,46,0.0
0,5,47,0.0
0,5,48,0.0
0,5,49,0.0
0,5,50,0.0
0,5,51,0.0
0,5,52,0.0
0,5,53,0.0
0,5,54,0.0
0,5,55,0.0
0,5,56,0.0
0,5,57,0.0
0,5,58,0.0
0,5,59,0.0
0,5,60,0.0
0,5,61,0.0
0,5,62,0.0
0,5,63,0.0
0,5,64,0.0
0,5,65,0.0
0,5,66,0.0
0,5,67,0.0
0,5,68,0.0
0,5,69,0.0
0,5,70,0.0
0,5,71,0.0
0,5,72,0.0
0,5,73,0.0
0,5,74,0.0
0,5,75,0.0
0,5,76,0.0
0,5,77,0.0
0,5,78,0.0
0,5,79,0.0
0,5,80,0.0
0,5,81,0.0
0,5,82,0.0
0,5,83,0.0
0,5,84,0.0
0,5,85,0.0
0,5,86,0.0
0,5,87,0.0
0,5,88,0.0
0,5,89,0.0
0,5,90,0.0
0,5,91,0.0
0,5,92,0.0
0,5,93,0.0
0,5,94,0.0
0,5,95,0.0
0,5,96,0.0
0,5,97,0.0
0,5,98,0.0
0,5,99,0.0
0,6,0,0.0
0,6,1,0.0
0,6,2,0.0
0,6,3,0.0
0,6,4,0.0
0,6,5,0.0
0,6,6,0.0
0,6,7,0.0
0,6,8,0.0
0,6,9,0.0
0,6,10,0.0
0,6,11,0.0
0,6,12,0.0
0,6,13,0.0
0,6,14,0.0
0,6,15,0.0
0,6,16,0.0
0,6,17,0.0
0,6,18,0.0
0,6,19,0.0
0,6,20,0.0
0,6,21,0.0
0,6,22,0.0
0,6,23,0.0
0,6,24,0.0
0,6,25,0.0
0,6,26,0.0
0,6,27,0.0
0,6,28,0.0
0,6,29,0.0
0,6,30,0.0
0,6,31,0.0
0,6,32,0.0
0,6,33,0.0
0,6,34,0.0
0,6,35,0.0
0,6,36,0.0
0,6,37,0.0
0,6,38,0.0
0,6,39,0.0
0,6,40,0.0
0,6,41,0.0
0,6,42,0.0
0,6,43,0.0
0,6,44,0.0
0,6,45,0.0
0,6,46,0.0
0,6,47,0.0
0,6,48,0.0
0,6,49,0.0
0,6,50,0.0
0,6,51,0.0
0,6,52,0.0
0,6,53,0.0
0,6,54,0.0
0,6,55,0.0
0,6,56,0.0
0,6,57,0.0
0,6,58,0.0
0,6,59,0.0
0,6,60,0.0
0,6,61,0.0
0,6,62,0.0
0,6,63,0.0
0,6,64,0.0
0,6,65,0.0
0,6,66,0.0
0,6,67,0.0
0,6,68,0.0
0,6,69,0.0
0,6,70,0.0
0,6,71,0.0
0,6,72,0.0
0,6,73,0.0
0,6,74,0.0
0,6,75,0.0
0,6,76,0.0
0,6,77,0.0
0,6,78,0.0
0,6,79,0.0
0,6,80,0.0
0,6,81,0.0
0,6,82,0.0
0,6,83,0.0
0,6,84,0.0
0,6,85,0.0
0,6,86,0.0
0,6,87,0.0
0,6,88,0.0
0,6,89,0.0
0,6,90,0.0
0,6,91,0.0
0,6,92,0.0
0,6,93,0.0
0,6,94,0.0
0,6,95,0.0
0,6,96,0.0
0,6,97,0.0
0,6,98,0.0
0,6,99,0.0
0,7,0,0.0
0,7,1,0.0
0,7,2,0.0
0,7,3,0.0
0,7,4,0.0
0,7,5,0.0
0,7,6,0.0
0,7,7,0.0
0,7,8,0.0
0,7,9,0.0
0,7,10,0.0
0,7,11,0.0
0,7,12,0.0
0,7,13,0.0
0,7,14,0.0
0,7,15,0.0
0,7,16,0.0
0,7,17,0.0
0,7,18,0.0
0,7,19,0.0
0,7,20,0.0
0,7,21,0.0
0,7,22,0.0
0,7,23,0.0
0,7,24,0.0
0,7,25,0.0
0,7,26,0.0
0,7,27,0.0
0,7,28,0.0
0,7,29,0.0
0,7,30,0.0
0,7,31,0.0
0,7,32,0.0
0,7,33,0.0
0,7,34,0.0
0,7,35,0.0
0,7,36,0.0
0,7,37,0.0
0,7,38,0.0
0,7,39,0.0
0,7,40,0.0
0,7,41,0.0
0,7,42,0.0
0,7,43,0.0
0,7,44,0.0
0,7,45,0.0
0,7,46,0.0
0,7,47,0.0
0,7,48,0.0
0,7,49,0.0
0,7,50,0.0
0,7,51,0.0
0,7,52,0.0
0,7,53,0.0
0,7,54,0.0
0,7,55,0.0
0,7,56,0.0
0,7,57,0.0
0,7,58,0.0
0,7,59,0.0
0,7,60,0.0
0,7,61,0.0
0,7,62,0.0
0,7,63,0.0
0,7,64,0.0
0,7,65,0.0
0,7,66,0.0
0,7,67,0.0
0,7,68,0.0
0,7,69,0.0
0,7,70,0.0
0,7,71,0.0
0,7,72,0.0
0,7,73,0.0
0,7,74,0.0
0,7,75,0.0
0,7,76,0.0
0,7,77,0.0
0,7,78,0.0
0,7,79,0.0
0,7,80,0.0
0,7,81,0.0
0,7,82,0.0
0,7,83,0.0
0,7,84,0.0
0,7,85,0.0
0,7,86,0.0
0,7,87,0.0
0,7,88,0.0
0,7,89,0.0
0,7,90,0.0
0,7,91,0.0
0,7,92,0.0
0,7,93,0.0
0,7,94,0.0
0,7,95,0.0
0,7,96,0.0
0,7,97,0.0
0,7,98,0.0
0,7,99,0.0
0,8,0,0.0
0,8,1,0.0
0,8,2,0.0
0,8,3,0.0
0,8,4,0.0
0,8,5,0.0
0,8,6,0.0
0,8,7,0.0
0,8,8,23.0
0,8,9,10.0
0,8,10,0.0
0,8,11,0.0
0,8,12,0.0
0,8,13,0.0
0,8,14,0.0
0,8,15,0.0
0,8,16,0.0
0,8,17,0.0
0,8,18,24.0
0,8,19,0.0
0,8,20,0.0
0,8,21,0.0
0,8,22,23.0
0,8,23,0.0
0,8,24,0.0
0,8,25,0.0
0,8,26,0.0
0,8,27,0.0
0,8,28,0.0
0,8,29,0.0
0,8,30,0.0
0,8,31,0.0
0,8,32,0.0
0,8,33,0.0
0,8,34,18.0
0,8,35,0.0
0,8,36,9.0
0,8,37,0.0
0,8,38,0.0
0,8,39,0.0
0,8,40,0.0
0,8,41,0.0
0,8,42,0.0
0,8,43,0.0
0,8,44,0.0
0,8,45,0.0
0,8,46,0.0
0,8,47,0.0
0,8,48,0.0
0,8,49,0.0
0,8,50,28.0
0,8,51,0.0
0,8,52,0.0
0,8,53,0.0
0,8,54,0.0
0,8,55,0.0
0,8,56,0.0
0,8,57,22.0
0,8,58,0.0
0,8,59,0.0
0,8,60,0.0
0,8,61,0.0
0,8,62,0.0
0,8,63,0.0
0,8,64,0.0
0,8,65,25.0
0,8,66,18.0
0,8,67,0.0
0,8,68,0.0
0,8,69,0.0
0,8,70,0.0
0,8,71,0.0
0,8,72,0.0
0,8,73,0.0
0,8,74,0.0
0,8,75,0.0
0,8,76,0.0
0,8,77,0.0
0,8,78,0.0
0,8,79,0.0
0,8,80,0.0
0,8,81,0.0
0,8,82,0.0
0,8,83,0.0
0,8,84,0.0
0,8,85,7.0
0,8,86,0.0
0,8,87,4.0
0,8,88,0.0
0,8,89,0.0
0,8,90,10.0
0,8,91,0.0
0,8,92,0.0
0,8,93,0.0
0,8,94,0.0
0,8,95,0.0
0,8,96,0.0
0,8,97,0.0
0,8,98,0.0
0,8,99,0.0
0,9,0,0.0
0,9,1,0.0
0,9,2,0.0
0,9,3,0.0
0,9,4,0.0
0,9,5,0.0
0,9,6,0.0
0,9,7,0.0
0,9,8,0.0
0,9,9,0.0
0,9,10,0.0
0,9,11,0.0
0,9,12,0.0
0,9,13,0.0
0,9,14,0.0
0,9,15,0.0
0,9,16,0.0
0,9,17,0.0
0,9,18,3.0
0,9,19,27.0
0,9,20,0.0
0,9,21,0.0
0,9,22,0.0
0,9,23,0.0
0,9,24,0.0
0,9,25,17.0
0,9,26,19.0
0,9,27,0.0
0,9,28,0.0
0,9,29,0.0
0,9,30,0.0
0,9,31,0.0
0,9,32,0.0
0,9,33,0.0
0,9,34,0.0
0,9,35,0.0
0,9,36,0.0
0,9,37,4.0
0,9,38,0.0
0,9,39,0.0
0,9,40,0.0
0,9,41,0.0
0,9,42,0.0
0,9,43,0.0
0,9,44,0.0
0,9,45,21.0
0,9,46,23.0
0,9,47,0.0
0,9,48,0.0
0,9,49,0.0
0,9,50,0.0
0,9,51,26.0
0,9,52,0.0
0,9,53,0.0
0,9,54,0.0
0,9,55,0.0
0,9,56,22.0
0,9,57,0.0
0,9,58,0.0
0,9,59,0.0
0,9,60,0.0
0,9,61,0.0
0,9,62,0.0
0,9,63,0.0
0,9,64,0.0
0,9,65,0.0
0,9,66,0.0
0,9,67,0.0
0,9,68,0.0
0,9,69,0.0
0,9,70,0.0
0,9,71,0.0
0,9,72,0.0
0,9,73,0.0
0,9,74,0.0
0,9,75,0.0
0,9,76,0.0
0,9,77,0.0
0,9,78,0.0
0,9,79,0.0
0,9,80,0.0
0,9,81,0.0
0,9,82,0.0
0,9,83,0.0
0,9,84,0.0
0,9,85,0.0
0,9,86,22.0
0,9,87,0.0
0,9,88,0.0
0,9,89,0.0
0,9,90,0.0
0,9,91,0.0
0,9,92,0.0
0,9,93,0.0
0,9,94,0.0
0,9,95,0.0
0,9,96,0.0
0,9,97,0.0
0,9,98,0.0
0,9,99,0.0
0,10,0,0.0
0,10,1,0.0
0,10,2,0.0
0,10,3,0.0
0,10,4,0.0
0,10,5,0.0
0,10,6,1.0
0,10,7,0.0
0,10,8,5.0
0,10,9,0.0
0,10,10,0.0
0,10,11,0.0
0,10,12,72.0
0,10,13,0.0
0,10,14,0.0
0,10,15,0.0
0,10,16,0.0
0,10,17,0.0
0,10,18,2.0
0,10,19,19.0
0,10,20,0.0
0,10,21,0.0
0,10,22,33.0
0,10,23,0.0
0,10,24,0.0
0,10,25,8.0
0,10,26,0.0
0,10,27,0.0
0,10,28,51.0
0,10,29,0.0
0,10,30,0.0
0,10,31,0.0
0,10,32,0.0
0,10,33,14.0
0,10,34,0.0
0,10,35,0.0
0,10,36,0.0
0,10,37,0.0
0,10,38,0.0
0,10,39,68.0
0,10,40,0.0
0,10,41,0.0
0,10,42,0.0
0,10,43,76.0
0,10,44,0.0
0,10,45,43.0
0,10,46,46.0
0,10,47,0.0
0,10,48,53.0
0,10,49,0.0
0,10,50,24.0
0,10,51,38.0
0,10,52,69.0
0,10,53,0.0
0,10,54,0.0
0,10,55,0.0
0,10,56,0.0
0,10,57,0.0
0,10,58,7.0
0,10,59,58.0
0,10,60,0.0
0,10,61,0.0
0,10,62,0.0
0,10,63,0.0
0,10,64,0.0
0,10,65,0.0
0,10,66,0.0
0,10,67,0.0
0,10,68,31.0
0,10,69,0.0
0,10,70,0.0
0,10,71,0.0
0,10,72,0.0
0,10,73,0.0
0,10,74,0.0
0,10,75,0.0
0,10,76,0.0
0,10,77,0.0
0,10,78,0.0
0,10,79,0.0
0,10,80,0.0
0,10,81,0.0
0,10,82,3.0
0,10,83,0.0
0,10,84,0.0
0,10,85,0.0
0,10,86,0.0
0,10,87,0.0
0,10,88,0.0
0,10,89,0.0
0,10,90,42.0
0,10,91,0.0
0,10,92,0.0
0,10,93,0.0
0,10,94,0.0
0,10,95,0.0
0,10,96,0.0
0,10,97,2.0
0,10,98,0.0
0,10,99,58.0
0,11,0,0.0
0,11,1,163.0
0,11,2,0.0
0,11,3,33.0
0,11,4,41.0
0,11,5,25.0
0,11,6,99.0
0,11,7,22.0
0,11,8,0.0
0,11,9,51.0
0,11,10,0.0
0,11,11,0.0
0,11,12,0.0
0,11,13,115.0
0,11,14,0.0
0,11,15,98.0
0,11,16,0.0
0,11,17,0.0
0,11,18,0.0
0,11,19,0.0
0,11,20,4.0
0,11,21,0.0
0,11,22,14.0
0,11,23,144.0
0,11,24,0.0
0,11,25,7.0
0,11,26,22.0
0,11,27,14.0
0,11,28,0.0
0,11,29,127.0
0,11,30,0.0
0,11,31,96.0
0,11,32,0.0
0,11,33,0.0
0,11,34,41.0
0,11,35,0.0
0,11,36,11.0
0,11,37,4.0
0,11,38,65.0
0,11,39,0.0
0,11,40,1.0
0,11,41,72.0
0,11,42,0.0
0,11,43,0.0
0,11,44,148.0
0,11,45,84.0
0,11,46,0.0
0,11,47,10.0
0,11,48,0.0
0,11,49,76.0
0,11,50,81.0
0,11,51,0.0
0,11,52,4.0
0,11,53,55.0
0,11,54,7.0
0,11,55,32.0
0,11,56,0.0
0,11,57,48.0
0,11,58,0.0
0,11,59,0.0
0,11,60,36.0
0,11,61,0.0
0,11,62,0.0
0,11,63,132.0
0,11,64,103.0
0,11,65,35.0
0,11,66,0.0
0,11,67,140.0
0,11,68,0.0
0,11,69,0.0
0,11,70,0.0
0,11,71,34.0
0,11,72,0.0
0,11,73,0.0
0,11,74,168.0
0,11,75,29.0
0,11,76,2.0
0,11,77,45.0
0,11,78,25.0
0,11,79,180.0
0,11,80,18.0
0,11,81,140.0
0,11,82,0.0
0,11,83,25.0
0,11,84,53.0
0,11,85,0.0
0,11,86,1.0
0,11,87,5.0
0,11,88,0.0
0,11,89,58.0
0,11,90,4.0
0,11,91,0.0
0,11,92,47.0
0,11,93,94.0
0,11,94,176.0
0,11,95,43.0
0,11,96,85.0
0,11,97,0.0
0,11,98,171.0
0,11,99,0.0
0,12,0,203.0
0,12,1,71.0
0,12,2,230.0
0,12,3,262.0
0,12,4,173.0
0,12,5,226.0
0,12,6,5.0
0,12,7,253.0
0,12,8,214.0
0,12,9,253.0
0,12,10,145.0
0,12,11,41.0
0,12,12,45.0
0,12,13,12.0
0,12,14,122.0
0,12,15,172.0
0,12,16,163.0
0,12,17,226.0
0,12,18,239.0
0,12,19,0.0
0,12,20,118.0
0,12,21,105.0
0,12,22,255.0
0,12,23,105.0
0,12,24,234.0
0,12,25,223.0
0,12,26,88.0
0,12,27,235.0
0,12,28,33.0
0,12,29,114.0
0,12,30,47.0
0,12,31,84.0
0,12,32,66.0
0,12,33,249.0
0,12,34,56.0
0,12,35,37.0
0,12,36,330.0
0,12,37,160.0
0,12,38,98.0
0,12,39,128.0
0,12,40,0.0
0,12,41,0.0
0,12,42,167.0
0,12,43,331.0
0,12,44,126.0
0,12,45,87.0
0,12,46,135.0
0,12,47,216.0
0,12,48,141.0
0,12,49,11.0
0,12,50,0.0
0,12,51,238.0
0,12,52,116.0
0,12,53,140.0
0,12,54,86.0
0,12,55,229.0
0,12,56,115.0
0,12,57,196.0
0,12,58,191.0
0,12,59,72.0
0,12,60,55.0
0,12,61,173.0
0,12,62,156.0
0,12,63,62.0
0,12,64,0.0
0,12,65,169.0
0,12,66,273.0
0,12,67,2.0
0,12,68,44.0
0,12,69,270.0
0,12,70,88.0
0,12,71,301.0
0,12,72,156.0
0,12,73,145.0
0,12,74,25.0
0,12,75,127.0
0,12,76,57.0
0,12,77,84.0
0,12,78,46.0
0,12,79,0.0
0,12,80,196.0
0,12,81,68.0
0,12,82,281.0
0,12,83,0.0
0,12,84,282.0
0,12,85,142.0
0,12,86,81.0
0,12,87,168.0
0,12,88,60.0
0,12,89,219.0
0,12,90,251.0
0,12,91,335.0
0,12,92,207.0
0,12,93,105.0
0,12,94,52.0
0,12,95,213.0
0,12,96,38.0
0,12,97,162.0
0,12,98,107.0
0,12,99,49.0
0,13,0,315.0
0,13,1,259.0
0,13,2,337.0
0,13,3,352.0
0,13,4,168.0
0,13,5,168.0
0,13,6,397.0
0,13,7,350.0
0,13,8,69.0
0,13,9,363.0
0,13,10,272.0
0,13,11,185.0
0,13,12,287.0
0,13,13,249.0
0,13,14,107.0
0,13,15,341.0
0,13,16,277.0
0,13,17,335.0
0,13,18,335.0
0,13,19,317.0
0,13,20,310.0
0,13,21,443.0
0,13,22,221.0
0,13,23,98.0
0,13,24,126.0
0,13,25,0.0
0,13,26,458.0
0,13,27,217.0
0,13,28,355.0
0,13,29,170.0
0,13,30,184.0
0,13,31,304.0
0,13,32,175.0
0,13,33,267.0
0,13,34,315.0
0,13,35,251.0
0,13,36,221.0
0,13,37,287.0
0,13,38,267.0
0,13,39,167.0
0,13,40,361.0
0,13,41,264.0
0,13,42,223.0
0,13,43,157.0
0,13,44,330.0
0,13,45,445.0
0,13,46,334.0
0,13,47,459.0
0,13,48,284.0
0,13,49,372.0
0,13,50,153.0
0,13,51,355.0
0,13,52,301.0
0,13,53,42.0
0,13,54,231.0
0,13,55,314.0
0,13,56,390.0
0,13,57,58.0
0,13,58,319.0
0,13,59,352.0
0,13,60,352.0
0,13,61,443.0
0,13,62,165.0
0,13,63,231.0
0,13,64,422.0
0,13,65,389.0
0,13,66,135.0
0,13,67,388.0
0,13,68,432.0
0,13,69,357.0
0,13,70,465.0
0,13,71,0.0
0,13,72,64.0
0,13,73,164.0
0,13,74,145.0
0,13,75,356.0
0,13,76,171.0
0,13,77,414.0
0,13,78,363.0
0,13,79,299.0
0,13,80,253.0
0,13,81,237.0
0,13,82,123.0
0,13,83,436.0
0,13,84,276.0
0,13,85,149.0
0,13,86,291.0
0,13,87,32.0
0,13,88,150.0
0,13,89,428.0
0,13,90,391.0
0,13,91,147.0
0,13,92,199.0
0,13,93,245.0
0,13,94,241.0
0,13,95,442.0
0,13,96,458.0
0,13,97,311.0
0,13,98,450.0
0,13,99,429.0
0,14,0,0.0
0,14,1,0.0
0,14,2,0.0
0,14,3,0.0
0,14,4,0.0
0,14,5,0.0
0,14,6,0.0
0,14,7,0.0
0,14,8,0.0
0,14,9,0.0
0,14,10,32.0
0,14,11,0.0
0,14,12,0.0
0,14,13,106.0
0,14,14,0.0
0,14,15,0.0
0,14,16,0.0
0,14,17,0.0
0,14,18,0.0
0,14,19,0.0
0,14,20,0.0
0,14,21,0.0
0,14,22,0.0
0,14,23,0.0
0,14,24,0.0
0,14,25,243.0
0,14,26,0.0
0,14,27,28.0
0,14,28,0.0
0,14,29,145.0
0,14,30,0.0
0,14,31,113.0
0,14,32,106.0
0,14,33,0.0
0,14,34,223.0
0,14,35,61.0
0,14,36,81.0
0,14,37,0.0
0,14,38,12.0
0,14,39,349.0
0,14,40,30.0
0,14,41,0.0
0,14,42,170.0
0,14,43,234.0
0,14,44,0.0
0,14,45,0.0
0,14,46,0.0
0,14,47,0.0
0,14,48,0.0
0,14,49,0.0
0,14,50,2.0
0,14,51,0.0
0,14,52,0.0
0,14,53,0.0
0,14,54,0.0
0,14,55,0.0
0,14,56,0.0
0,14,57,0.0
0,14,58,0.0
0,14,59,0.0
0,14,60,104.0
0,14,61,0.0
0,14,62,223.0
0,14,63,0.0
0,14,64,0.0
0,14,65,0.0
0,14,66,0.0
0,14,67,0.0
0,14,68,0.0
0,14,69,0.0
0,14,70,28.0
0,14,71,230.0
0,14,72,0.0
0,14,73,0.0
0,14,74,128.0
0,14,75,0.0
0,14,76,0.0
0,14,77,0.0
0,14,78,0.0
0,14,79,52.0
0,14,80,31.0
0,14,81,0.0
0,14,82,329.0
0,14,83,0.0
0,14,84,238.0
0,14,85,0.0
0,14,86,237.0
0,14,87,338.0
0,14,88,0.0
0,14,89,0.0
0,14,90,0.0
0,14,91,0.0
0,14,92,0.0
0,14,93,0.0
0,14,94,241.0
0,14,95,0.0
0,14,96,0.0
0,14,97,0.0
0,14,98,0.0
0,14,99,248.0
0,15,0,172.0
0,15,1,207.0
0,15,2,235.0
0,15,3,251.0
0,15,4,150.0
0,15,5,198.0
0,15,6,159.0
0,15,7,351.0
0,15,8,108.0
0,15,9,239.0
0,15,10,134.0
0,15,11,243.0
0,15,12,401.0
0,15,13,182.0
0,15,14,355.0
0,15,15,196.0
0,15,16,149.0
0,15,17,171.0
0,15,18,386.0
0,15,19,198.0
0,15,20,212.0
0,15,21,389.0
0,15,22,363.0
0,15,23,251.0
0,15,24,260.0
0,15,25,304.0
0,15,26,176.0
0,15,27,71.0
0,15,28,105.0
0,15,29,38.0
0,15,30,316.0
0,15,31,283.0
0,15,32,130.0
0,15,33,344.0
0,15,34,173.0
0,15,35,200.0
0,15,36,213.0
0,15,37,187.0
0,15,38,157.0
0,15,39,368.0
0,15,40,158.0
0,15,41,218.0
0,15,42,166.0
0,15,43,137.0
0,15,44,284.0
0,15,45,378.0
0,15,46,366.0
0,15,47,225.0
0,15,48,141.0
0,15,49,350.0
0,15,50,251.0
0,15,51,368.0
0,15,52,314.0
0,15,53,352.0
0,15,54,376.0
0,15,55,156.0
0,15,56,284.0
0,15,57,270.0
0,15,58,320.0
0,15,59,230.0
0,15,60,274.0
0,15,61,273.0
0,15,62,270.0
0,15,63,199.0
0,15,64,210.0
0,15,65,182.0
0,15,66,395.0
0,15,67,234.0
0,15,68,204.0
0,15,69,291.0
0,15,70,302.0
0,15,71,156.0
0,15,72,156.0
0,15,73,301.0
0,15,74,194.0
0,15,75,340.0
0,15,76,287.0
0,15,77,313.0
0,15,78,163.0
0,15,79,156.0
0,15,80,302.0
0,15,81,244.0
0,15,82,57.0
0,15,83,144.0
0,15,84,315.0
0,15,85,14.0
0,15,86,280.0
0,15,87,302.0
0,15,88,393.0
0,15,89,331.0
0,15,90,243.0
0,15,91,334.0
0,15,92,116.0
0,15,93,219.0
0,15,94,297.0
0,15,95,294.0
0,15,96,371.0
0,15,97,134.0
0,15,98,259.0
0,15,99,288.0
0,16,0,0.0
0,16,1,0.0
0,16,2,0.0
0,16,3,0.0
0,16,4,0.0
0,16,5,0.0
0,16,6,0.0
0,16,7,0.0
0,16,8,0.0
0,16,9,0.0
0,16,10,0.0
0,16,11,0.0
0,16,12,0.0
0,16,13,0.0
0,16,14,0.0
0,16,15,0.0
0,16,16,0.0
0,16,17,0.0
0,16,18,0.0
0,16,19,0.0
0,16,20,0.0
0,16,21,0.0
0,16,22,0.0
0,16,23,0.0
0,16,24,0.0
0,16,25,0.0
0,16,26,0.0
0,16,27,0.0
0,16,28,0.0
0,16,29,0.0
0,16,30,0.0
0,16,31,0.0
0,16,32,0.0
0,16,33,0.0
0,16,34,29.0
0,16,35,0.0
0,16,36,0.0
0,16,37,0.0
0,16,38,0.0
0,16,39,0.0
0,16,40,22.0
0,16,41,0.0
0,16,42,0.0
0,16,43,0.0
0,16,44,0.0
0,16,45,0.0
0,16,46,0.0
0,16,47,0.0
0,16,48,25.0
0,16,49,0.0
0,16,50,111.0
0,16,51,18.0
0,16,52,0.0
0,16,53,0.0
0,16,54,0.0
0,16,55,0.0
0,16,56,0.0
0,16,57,0.0
0,16,58,0.0
0,16,59,0.0
0,16,60,0.0
0,16,61,0.0
0,16,62,0.0
0,16,63,0.0
0,16,64,0.0
0,16,65,0.0
0,16,66,0.0
0,16,67,0.0
0,16,68,0.0
0,16,69,0.0
0,16,70,0.0
0,16,71,0.0
0,16,72,0.0
0,16,73,0.0
0,16,74,17.0
0,16,75,0.0
0,16,76,0.0
0,16,77,0.0
0,16,78,0.0
0,16,79,0.0
0,16,80,0.0
0,16,81,0.0
0,16,82,0.0
0,16,83,0.0
0,16,84,8.0
0,16,85,0.0
0,16,86,0.0
0,16,87,0.0
0,16,88,0.0
0,16,89,0.0
0,16,90,0.0
0,16,91,0.0
0,16,92,0.0
0,16,93,0.0
0,16,94,0.0
0,16,95,0.0
0,16,96,30.0
0,16,97,0.0
0,16,98,0.0
0,16,99,34.0
0,17,0,0.0
0,17,1,100.0
0,17,2,100.0
0,17,3,0.0
0,17,4,10.0
0,17,5,100.0
0,17,6,100.0
0,17,7,33.0
0,17,8,0.0
0,17,9,7.0
0,17,10,100.0
0,17,11,100.0
0,17,12,17.0
0,17,13,9.0
0,17,14,0.0
0,17,15,0.0
0,17,16,14.0
0,17,17,14.0
0,17,18,23.0
0,17,19,100.0
0,17,20,31.0
0,17,21,0.0
0,17,22,25.0
0,17,23,0.0
0,17,24,0.0
0,17,25,0.0
0,17,26,9.0
0,17,27,100.0
0,17,28,100.0
0,17,29,100.0
0,17,30,26.0
0,17,31,12.0
0,17,32,100.0
0,17,33,0.0
0,17,34,0.0
0,17,35,26.0
0,17,36,8.0
0,17,37,0.0
0,17,38,0.0
0,17,39,34.0
0,17,40,0.0
0,17,41,100.0
0,17,42,10.0
0,17,43,0.0
0,17,44,27.0
0,17,45,33.0
0,17,46,15.0
0,17,47,0.0
0,17,48,0.0
0,17,49,23.0
0,17,50,0.0
0,17,51,0.0
0,17,52,12.0
0,17,53,31.0
0,17,54,36.0
0,17,55,0.0
0,17,56,27.0
0,17,57,15.0
0,17,58,24.0
0,17,59,100.0
0,17,60,0.0
0,17,61,100.0
0,17,62,0.0
0,17,63,100.0
0,17,64,0.0
0,17,65,24.0
0,17,66,11.0
0,17,67,100.0
0,17,68,0.0
0,17,69,0.0
0,17,70,100.0
0,17,71,31.0
0,17,72,12.0
0,17,73,0.0
0,17,74,0.0
0,17,75,28.0
0,17,76,0.0
0,17,77,0.0
0,17,78,33.0
0,17,79,23.0
0,17,80,0.0
0,17,81,8.0
0,17,82,0.0
0,17,83,100.0
0,17,84,0.0
0,17,85,100.0
0,17,86,100.0
0,17,87,100.0
0,17,88,0.0
0,17,89,0.0
0,17,90,23.0
0,17,91,0.0
0,17,92,100.0
0,17,93,34.0
0,17,94,0.0
0,17,95,30.0
0,17,96,0.0
0,17,97,100.0
0,17,98,100.0
0,17,99,100.0
0,18,0,32.0
0,18,1,0.0
0,18,2,55.0
0,18,3,129.0
0,18,4,112.0
0,18,5,123.0
0,18,6,16.0
0,18,7,60.0
0,18,8,143.0
0,18,9,50.0
0,18,10,103.0
0,18,11,102.0
0,18,12,70.0
0,18,13,0.0
0,18,14,110.0
0,18,15,84.0
0,18,16,81.0
0,18,17,0.0
0,18,18,0.0
0,18,19,7.0
0,18,20,45.0
0,18,21,128.0
0,18,22,130.0
0,18,23,38.0
0,18,24,118.0
0,18,25,63.0
0,18,26,80.0
0,18,27,0.0
0,18,28,44.0
0,18,29,24.0
0,18,30,90.0
0,18,31,43.0
0,18,32,107.0
0,18,33,28.0
0,18,34,81.0
0,18,35,0.0
0,18,36,85.0
0,18,37,45.0
0,18,38,93.0
0,18,39,101.0
0,18,40,78.0
0,18,41,0.0
0,18,42,12.0
0,18,43,35.0
0,18,44,89.0
0,18,45,69.0
0,18,46,64.0
0,18,47,120.0
0,18,48,0.0
0,18,49,37.0
0,18,50,0.0
0,18,51,124.0
0,18,52,0.0
0,18,53,77.0
0,18,54,13.0
0,18,55,175.0
0,18,56,19.0
0,18,57,0.0
0,18,58,26.0
0,18,59,0.0
0,18,60,0.0
0,18,61,0.0
0,18,62,52.0
0,18,63,133.0
0,18,64,68.0
0,18,65,0.0
0,18,66,89.0
0,18,67,43.0
0,18,68,99.0
0,18,69,102.0
0,18,70,107.0
0,18,71,91.0
0,18,72,71.0
0,18,73,119.0
0,18,74,0.0
0,18,75,78.0
0,18,76,110.0
0,18,77,0.0
0,18,78,109.0
0,18,79,87.0
0,18,80,132.0
0,18,81,42.0
0,18,82,78.0
0,18,83,22.0
0,18,84,0.0
0,18,85,2.0
0,18,86,65.0
0,18,87,97.0
0,18,88,128.0
0,18,89,74.0
0,18,90,12.0
0,18,91,166.0
0,18,92,17.0
0,18,93,0.0
0,18,94,0.0
0,18,95,7.0
0,18,96,25.0
0,18,97,135.0
0,18,98,62.0
0,18,99,119.0
0,19,0,0.0
0,19,1,0.0
0,19,2,0.0
0,19,3,0.0
0,19,4,53.0
0,19,5,0.0
0,19,6,0.0
0,19,7,0.0
0,19,8,0.0
0,19,9,21.0
0,19,10,0.0
0,19,11,0.0
0,19,12,0.0
0,19,13,46.0
0,19,14,0.0
0,19,15,8.0
0,19,16,2.0
0,19,17,136.0
0,19,18,111.0
0,19,19,84.0
0,19,20,0.0
0,19,21,0.0
0,19,22,74.0
0,19,23,0.0
0,19,24,0.0
0,19,25,0.0
0,19,26,0.0
0,19,27,0.0
0,19,28,68.0
0,19,29,0.0
0,19,30,0.0
0,19,31,35.0
0,19,32,0.0
0,19,33,0.0
0,19,34,0.0
0,19,35,78.0
0,19,36,0.0
0,19,37,0.0
0,19,38,0.0
0,19,39,99.0
0,19,40,16.0
0,19,41,109.0
0,19,42,153.0
0,19,43,0.0
0,19,44,0.0
0,19,45,0.0
0,19,46,0.0
0,19,47,0.0
0,19,48,15.0
0,19,49,0.0
0,19,50,106.0
0,19,51,0.0
0,19,52,0.0
0,19,53,0.0
0,19,54,130.0
0,19,55,0.0
0,19,56,0.0
0,19,57,0.0
0,19,58,130.0
0,19,59,0.0
0,19,60,147.0
0,19,61,0.0
0,19,62,0.0
0,19,63,0.0
0,19,64,0.0
0,19,65,0.0
0,19,66,0.0
0,19,67,0.0
0,19,68,0.0
0,19,69,0.0
0,19,70,0.0
0,19,71,0.0
0,19,72,0.0
0,19,73,56.0
0,19,74,90.0
0,19,75,0.0
0,19,76,11.0
0,19,77,0.0
0,19,78,0.0
0,19,79,0.0
0,19,80,0.0
0,19,81,0.0
0,19,82,91.0
0,19,83,189.0
0,19,84,0.0
0,19,85,137.0
0,19,86,0.0
0,19,87,0.0
0,19,88,0.0
0,19,89,0.0
0,19,90,0.0
0,19,91,0.0
0,19,92,0.0
0,19,93,118.0
0,19,94,0.0
0,19,95,0.0
0,19,96,0.0
0,19,97,0.0
0,19,98,0.0
0,19,99,0.0
0,20,0,0.0
0,20,1,0.0
0,20,2,0.0
0,20,3,0.0
0,20,4,0.0
0,20,5,0.0
0,20,6,0.0
0,20,7,0.0
0,20,8,0.0
0,20,9,0.0
0,20,10,44.0
0,20,11,0.0
0,20,12,31.0
0,20,13,0.0
0,20,14,34.0
0,20,15,0.0
0,20,16,0.0
0,20,17,0.0
0,20,18,0.0
0,20,19,96.0
0,20,20,0.0
0,20,21,0.0
0,20,22,0.0
0,20,23,0.0
0,20,24,0.0
0,20,25,0.0
0,20,26,84.0
0,20,27,0.0
0,20,28,0.0
0,20,29,0.0
0,20,30,0.0
0,20,31,0.0
0,20,32,0.0
0,20,33,0.0
0,20,34,0.0
0,20,35,0.0
0,20,36,0.0
0,20,37,8.0
0,20,38,0.0
0,20,39,0.0
0,20,40,0.0
0,20,41,0.0
0,20,42,5.0
0,20,43,0.0
0,20,44,0.0
0,20,45,0.0
0,20,46,0.0
0,20,47,0.0
0,20,48,0.0
0,20,49,49.0
0,20,50,0.0
0,20,51,0.0
0,20,52,103.0
0,20,53,0.0
0,20,54,0.0
0,20,55,0.0
0,20,56,0.0
0,20,57,0.0
0,20,58,0.0
0,20,59,0.0
0,20,60,0.0
0,20,61,0.0
0,20,62,0.0
0,20,63,0.0
0,20,64,0.0
0,20,65,0.0
0,20,66,83.0
0,20,67,0.0
0,20,68,14.0
0,20,69,0.0
0,20,70,0.0
0,20,71,0.0
0,20,72,0.0
0,20,73,0.0
0,20,74,0.0
0,20,75,0.0
0,20,76,0.0
0,20,77,25.0
0,20,78,0.0
0,20,79,3.0
0,20,80,55.0
0,20,81,0.0
0,20,82,0.0
0,20,83,0.0
0,20,84,109.0
0,20,85,0.0
0,20,86,0.0
0,20,87,0.0
0,20,88,0.0
0,20,89,0.0
0,20,90,0.0
0,20,91,0.0
0,20,92,16.0
0,20,93,0.0
0,20,94,0.0
0,20,95,56.0
0,20,96,0.0
0,20,97,0.0
0,20,98,0.0
0,20,99,0.0
0,21,0,98.0
0,21,1,106.0
0,21,2,91.0
0,21,3,0.0
0,21,4,0.0
0,21,5,5.0
0,21,6,0.0
0,21,7,8.0
0,21,8,0.0
0,21,9,0.0
0,21,10,0.0
0,21,11,9.0
0,21,12,0.0
0,21,13,102.0
0,21,14,0.0
0,21,15,0.0
0,21,16,0.0
0,21,17,0.0
0,21,18,0.0
0,21,19,0.0
0,21,20,0.0
0,21,21,0.0
0,21,22,0.0
0,21,23,93.0
0,21,24,0.0
0,21,25,0.0
0,21,26,0.0
0,21,27,0.0
0,21,28,0.0
0,21,29,100.0
0,21,30,0.0
0,21,31,0.0
0,21,32,47.0
0,21,33,0.0
0,21,34,0.0
0,21,35,0.0
0,21,36,54.0
0,21,37,0.0
0,21,38,0.0
0,21,39,0.0
0,21,40,0.0
0,21,41,0.0
0,21,42,0.0
0,21,43,106.0
0,21,44,0.0
0,21,45,0.0
0,21,46,0.0
0,21,47,1.0
0,21,48,0.0
0,21,49,0.0
0,21,50,0.0
0,21,51,0.0
0,21,52,0.0
0,21,53,102.0
0,21,54,0.0
0,21,55,0.0
0,21,56,8.0
0,21,57,0.0
0,21,58,0.0
0,21,59,79.0
0,21,60,0.0
0,21,61,75.0
0,21,62,0.0
0,21,63,27.0
0,21,64,0.0
0,21,65,0.0
0,21,66,0.0
0,21,67,0.0
0,21,68,0.0
0,21,69,0.0
0,21,70,0.0
0,21,71,0.0
0,21,72,30.0
0,21,73,0.0
0,21,74,0.0
0,21,75,79.0
0,21,76,0.0
0,21,77,2.0
0,21,78,0.0
0,21,79,0.0
0,21,80,0.0
0,21,81,0.0
0,21,82,0.0
0,21,83,0.0
0,21,84,0.0
0,21,85,4.0
0,21,86,0.0
0,21,87,0.0
0,21,88,0.0
0,21,89,0.0
0,21,90,57.0
0,21,91,0.0
0,21,92,0.0
0,21,93,0.0
0,21,94,0.0
0,21,95,0.0
0,21,96,0.0
0,21,97,0.0
0,21,98,7.0
0,21,99,0.0
0,22,0,0.0
0,22,1,0.0
0,22,2,0.0
0,22,3,0.0
0,22,4,0.0
0,22,5,0.0
0,22,6,0.0
0,22,7,0.0
0,22,8,0.0
0,22,9,0.0
0,22,10,0.0
0,22,11,0.0
0,22,12,0.0
0,22,13,0.0
0,22,14,0.0
0,22,15,0.0
0,22,16,0.0
0,22,17,0.0
0,22,18,0.0
0,22,19,0.0
0,22,20,0.0
0,22,21,25.0
0,22,22,0.0
0,22,23,0.0
0,22,24,0.0
0,22,25,0.0
0,22,26,0.0
0,22,27,75.0
0,22,28,0.0
0,22,29,0.0
0,22,30,0.0
0,22,31,0.0
0,22,32,0.0
0,22,33,0.0
0,22,34,0.0
0,22,35,0.0
0,22,36,0.0
0,22,37,0.0
0,22,38,0.0
0,22,39,0.0
0,22,40,0.0
0,22,41,0.0
0,22,42,0.0
0,22,43,0.0
0,22,44,0.0
0,22,45,0.0
0,22,46,0.0
0,22,47,0.0
0,22,48,0.0
0,22,49,0.0
0,22,50,0.0
0,22,51,31.0
0,22,52,0.0
0,22,53,0.0
0,22,54,0.0
0,22,55,0.0
0,22,56,0.0
0,22,57,93.0
0,22,58,0.0
0,22,59,0.0
0,22,60,0.0
0,22,61,0.0
0,22,62,0.0
0,22,63,0.0
0,22,64,0.0
0,22,65,92.0
0,22,66,0.0
0,22,67,65.0
0,22,68,0.0
0,22,69,0.0
0,22,70,34.0
0,22,71,18.0
0,22,72,0.0
0,22,73,0.0
0,22,74,0.0
0,22,75,0.0
0,22,76,0.0
0,22,77,0.0
0,22,78,0.0
0,22,79,0.0
0,22,80,0.0
0,22,81,0.0
0,22,82,0.0
0,22,83,0.0
0,22,84,0.0
0,22,85,0.0
0,22,86,0.0
0,22,87,0.0
0,22,88,21.0
0,22,89,0.0
0,22,90,0.0
0,22,91,0.0
0,22,92,0.0
0,22,93,34.0
0,22,94,100.0
0,22,95,0.0
0,22,96,0.0
0,22,97,0.0
0,22,98,0.0
0,22,99,100.0
0,23,0,0.0
0,23,1,0.0
0,23,2,0.0
0,23,3,0.0
0,23,4,0.0
0,23,5,0.0
0,23,6,39.0
0,23,7,0.0
0,23,8,0.0
0,23,9,0.0
0,23,10,0.0
0,23,11,0.0
0,23,12,0.0
0,23,13,0.0
0,23,14,0.0
0,23,15,0.0
0,23,16,0.0
0,23,17,0.0
0,23,18,0.0
0,23,19,0.0
0,23,20,0.0
0,23,21,0.0
0,23,22,0.0
0,23,23,0.0
0,23,24,0.0
0,23,25,0.0
0,23,26,0.0
0,23,27,0.0
0,23,28,0.0
0,23,29,0.0
0,23,30,0.0
0,23,31,0.0
0,23,32,0.0
0,23,33,0.0
0,23,34,0.0
0,23,35,0.0
0,23,36,0.0
0,23,37,0.0
0,23,38,0.0
0,23,39,0.0
0,23,40,0.0
0,23,41,0.0
0,23,42,0.0
0,23,43,0.0
0,23,44,0.0
0,23,45,0.0
0,23,46,0.0
0,23,47,0.0
0,23,48,0.0
0,23,49,0.0
0,23,50,0.0
0,23,51,0.0
0,23,52,0.0
0,23,53,0.0
0,23,54,0.0
0,23,55,0.0
0,23,56,0.0
0,23,57,0.0
0,23,58,0.0
0,23,59,0.0
0,23,60,0.0
0,23,61,0.0
0,23,62,0.0
0,23,63,0.0
0,23,64,0.0
0,23,65,0.0
0,23,66,0.0
0,23,67,0.0
0,23,68,0.0
0,23,69,0.0
0,23,70,0.0
0,23,71,0.0
0,23,72,0.0
0,23,73,0.0
0,23,74,0.0
0,23,75,0.0
0,23,76,0.0
0,23,77,0.0
0,23,78,0.0
0,23,79,0.0
0,23,80,0.0
0,23,81,0.0
0,23,82,0.0
0,23,83,0.0
0,23,84,0.0
0,23,85,0.0
0,23,86,0.0
0,23,87,0.0
0,23,88,0.0
0,23,89,0.0
0,23,90,0.0
0,23,91,0.0
0,23,92,0.0
0,23,93,0.0
0,23,94,0.0
0,23,95,0.0
0,23,96,0.0
0,23,97,0.0
0,23,98,0.0
0,23,99,0.0
1,0,0,0.0
1,0,1,0.0
1,0,2,0.0
1,0,3,0.0
1,0,4,0.0
1,0,5,0.0
1,0,6,0.0
1,0,7,0.0
1,0,8,0.0
1,0,9,0.0
1,0,10,0.0
1,0,11,0.0
1,0,12,0.0
1,0,13,0.0
1,0,14,0.0
1,0,15,0.0
1,0,16,0.0
1,0,17,0.0
1,0,18,0.0
1,0,19,0.0
1,0,20,0.0
1,0,21,0.0
1,0,22,0.0
1,0,23,0.0
1,0,24,0.0
1,0,25,0.0
1,0,26,0.0
1,0,27,0.0
1,0,28,0.0
1,0,29,0.0
1,0,30,0.0
1,0,31,0.0
1,0,32,0.0
1,0,33,0.0
1,0,34,0.0
1,0,35,0.0
1,0,36,0.0
1,0,37,0.0
1,0,38,0.0
1,0,39,0.0
1,0,40,0.0
1,0,41,0.0
1,0,42,0.0
1,0,43,0.0
1,0,44,0.0
1,0,45,0.0
1,0,46,0.0
1,0,47,0.0
1,0,48,0.0
1,0,49,0.0
1,0,50,0.0
1,0,51,0.0
1,0,52,0.0
1,0,53,0.0
1,0,54,0.0
1,0,55,0.0
1,0,56,0.0
1,0,57,0.0
1,0,58,0.0
1,0,59,0.0
1,0,60,0.0
1,0,61,0.0
1,0,62,0.0
1,0,63,0.0
1,0,64,0.0
1,0,65,0.0
1,0,66,0.0
1,0,67,0.0
1,0,68,0.0
1,0,69,0.0
1,0,70,0.0
1,0,71,0.0
1,0,72,0.0
1,0,73,0.0
1,0,74,0.0
1,0,75,0.0
1,0,76,0.0
1,0,77,0.0
1,0,78,0.0
1,0,79,0.0
1,0,80,0.0
1,0,81,0.0
1,0,82,0.0
1,0,83,0.0
1,0,84,0.0
1,0,85,0.0
1,0,86,0.0
1,0,87,0.0
1,0,88,0.0
1,0,89,0.0
1,0,90,0.0
1,0,91,0.0
1,0,92,0.0
1,0,93,0.0
1,0,94,0.0
1,0,95,0.0
1,0,96,0.0
1,0,97,0.0
1,0,98,0.0
1,0,99,0.0
1,1,0,0.0
1,1,1,0.0
1,1,2,0.0
1,1,3,0.0
1,1,4,0.0
1,1,5,0.0
1,1,6,0.0
1,1,7,0.0
1,1,8,0.0
1,1,9,0.0
1,1,10,0.0
1,1,11,0.0
1,1,12,0.0
1,1,13,0.0
1,1,14,0.0
1,1,15,0.0
1,1,16,0.0
1,1,17,0.0
1,1,18,0.0
1,1,19,0.0
1,1,20,0.0
1,1,21,0.0
1,1,22,0.0
1,1,23,0.0
1,1,24,0.0
1,1,25,0.0
1,1,26,0.0
1,1,27,0.0
1,1,28,0.0
1,1,29,0.0
1,1,30,0.0
1,1,31,0.0
1,1,32,0.0
1,1,33,0.0
1,1,34,0.0
1,1,35,0.0
1,1,36,0.0
1,1,37,0.0
1,1,38,0.0
1,1,39,0.0
1,1,40,0.0
1,1,41,0.0
1,1,42,0.0
1,1,43,0.0
1,1,44,0.0
1,1,45,0.0
1,1,46,0.0
1,1,47,0.0
1,1,48,0.0
1,1,49,0.0
1,1,50,0.0
1,1,51,0.0
1,1,52,0.0
1,1,53,0.0
1,1,54,0.0
1,1,55,0.0
1,1,56,0.0
1,1,57,0.0
1,1,58,0.0
1,1,59,0.0
1,1,60,0.0
1,1,61,0.0
1,1,62,0.0
1,1,63,0.0
1,1,64,0.0
1,1,65,0.0
1,1,66,0.0
1,1,67,0.0
1,1,68,0.0
1,1,69,0.0
1,1,70,0.0
1,1,71,0.0
1,1,72,0.0
1,1,73,0.0
1,1,74,0.0
1,1,75,0.0
1,1,76,0.0
1,1,77,0.0
1,1,78,0.0
1,1,79,0.0
1,1,80,0.0
1,1,81,0.0
1,1,82,0.0
1,1,83,0.0
1,1,84,0.0
1,1,85,0.0
1,1,86,0.0
1,1,87,0.0
1,1,88,0.0
1,1,89,0.0
1,1,90,0.0
1,1,91,0.0
1,1,92,0.0
1,1,93,0.0
1,1,94,0.0
1,1,95,0.0
1,1,96,0.0
1,1,97,0.0
1,1,98,0.0
1,1,99,0.0
1,2,0,0.0
1,2,1,0.0
1,2,2,0.0
1,2,3,0.0
1,2,4,0.0
1,2,5,0.0
1,2,6,0.0
1,2,7,0.0
1,2,8,0.0
1,2,9,0.0
1,2,10,0.0
1,2,11,0.0
1,2,12,0.0
1,2,13,0.0
1,2,14,0.0
1,2,15,0.0
1,2,16,0.0
1,2,17,0.0
1,2,18,0.0
1,2,19,0.0
1,2,20,0.0
1,2,21,0.0
1,2,22,0.0
1,2,23,0.0
1,2,24,0.0
1,2,25,0.0
1,2,26,0.0
1,2,27,0.0
1,2,28,0.0
1,2,29,0.0
1,2,30,0.0
1,2,31,0.0
1,2,32,0.0
1,2,33,0.0
1,2,34,0.0
1,2,35,0.0
1,2,36,0.0
1,2,37,0.0
1,2,38,0.0
1,2,39,0.0
1,2,40,0.0
1,2,41,0.0
1,2,42,0.0
1,2,43,0.0
1,2,44,0.0
1,2,45,0.0
1,2,46,0.0
1,2,47,0.0
1,2,48,0.0
1,2,49,0.0
1,2,50,0.0
1,2,51,0.0
1,2,52,0.0
1,2,53,0.0
1,2,54,0.0
1,2,55,0.0
1,2,56,0.0
1,2,57,0.0
1,2,58,0.0
1,2,59,0.0
1,2,60,0.0
1,2,61,0.0
1,2,62,0.0
1,2,63,0.0
1,2,64,0.0
1,2,65,0.0
1,2,66,0.0
1,2,67,0.0
1,2,68,0.0
1,2,69,0.0
1,2,70,0.0
1,2,71,0.0
1,2,72,0.0
1,2,73,0.0
1,2,74,0.0
1,2,75,0.0
1,2,76,0.0
1,2,77,0.0
1,2,78,0.0
1,2,79,0.0
1,2,80,0.0
1,2,81,0.0
1,2,82,0.0
1,2,83,0.0
1,2,84,0.0
1,2,85,0.0
1,2,86,0.0
1,2,87,0.0
1,2,88,0.0
1,2,89,0.0
1,2,90,0.0
1,2,91,0.0
1,2,92,0.0
1,2,93,0.0
1,2,94,0.0
1,2,95,0.0
1,2,96,0.0
1,2,97,0.0
1,2,98,0.0
1,2,99,0.0
1,3,0,0.0
1,3,1,0.0
1,3,2,0.0
1,3,3,0.0
1,3,4,0.0
1,3,5,0.0
1,3,6,0.0
1,3,7,0.0
1,3,8,0.0
1,3,9,0.0
1,3,10,0.0
1,3,11,0.0
1,3,12,0.0
1,3,13,0.0
1,3,14,0.0
1,3,15,0.0
1,3,16,0.0
1,3,17,0.0
1,3,18,0.0
1,3,19,0.0
1,3,20,0.0
1,3,21,0.0
1,3,22,0.0
1,3,23,0.0
1,3,24,0.0
1,3,25,0.0
1,3,26,0.0
1,3,27,0.0
1,3,28,0.0
1,3,29,0.0
1,3,30,0.0
1,3,31,0.0
1,3,32,0.0
1,3,33,0.0
1,3,34,0.0
1,3,35,0.0
1,3,36,0.0
1,3,37,0.0
1,3,38,0.0
1,3,39,0.0
1,3,40,0.0
1,3,41,0.0
1,3,42,0.0
1,3,43,0.0
1,3,44,0.0
1,3,45,0.0
1,3,46,0.0
1,3,47,0.0
1,3,48,0.0
1,3,49,0.0
1,3,50,0.0
1,3,51,0.0
1,3,52,0.0
1,3,53,0.0
1,3,54,0.0
1,3,55,0.0
1,3,56,0.0
1,3,57,0.0
1,3,58,0.0
1,3,59,0.0
1,3,60,0.0
1,3,61,0.0
1,3,62,0.0
1,3,63,0.0
1,3,64,0.0
1,3,65,0.0
1,3,66,0.0
1,3,67,0.0
1,3,68,0.0
1,3,69,0.0
1,3,70,0.0
1,3,71,0.0
1,3,72,0.0
1,3,73,0.0
1,3,74,0.0
1,3,75,0.0
1,3,76,0.0
1,3,77,0.0
1,3,78,0.0
1,3,79,0.0
1,3,80,0.0
1,3,81,0.0
1,3,82,0.0
1,3,83,0.0
1,3,84,0.0
1,3,85,0.0
1,3,86,0.0
1,3,87,0.0
1,3,88,0.0
1,3,89,0.0
1,3,90,0.0
1,3,91,0.0
1,3,92,0.0
1,3,93,0.0
1,3,94,0.0
1,3,95,0.0
1,3,96,0.0
1,3,97,0.0
1,3,98,0.0
1,3,99,0.0
1,4,0,0.0
1,4,1,0.0
1,4,2,0.0
1,4,3,0.0
1,4,4,0.0
1,4,5,0.0
1,4,6,0.0
1,4,7,0.0
1,4,8,0.0
1,4,9,0.0
1,4,10,0.0
1,4,11,0.0
1,4,12,0.0
1,4,13,0.0
1,4,14,0.0
1,4,15,0.0
1,4,16,0.0
1,4,17,0.0
1,4,18,0.0
1,4,19,0.0
1,4,20,0.0
1,4,21,0.0
1,4,22,0.0
1,4,23,0.0
1,4,24,0.0
1,4,25,0.0
1,4,26,0.0
1,4,27,0.0
1,4,28,0.0
1,4,29,0.0
1,4,30,0.0
1,4,31,0.0
1,4,32,0.0
1,4,33,0.0
1,4,34,0.0
1,4,35,0.0
1,4,36,0.0
1,4,37,0.0
1,4,38,0.0
1,4,39,0.0
1,4,40,0.0
1,4,41,0.0
1,4,42,0.0
1,4,43,0.0
1,4,44,0.0
1,4,45,0.0
1,4,46,0.0
1,4,47,0.0
1,4,48,0.0
1,4,49,0.0
1,4,50,0.0
1,4,51,0.0
1,4,52,0.0
1,4,53,0.0
1,4,54,0.0
1,4,55,0.0
1,4,56,0.0
1,4,57,0.0
1,4,58,0.0
1,4,59,0.0
1,4,60,0.0
1,4,61,0.0
1,4,62,0.0
1,4,63,0.0
1,4,64,0.0
1,4,65,0.0
1,4,66,0.0
1,4,67,0.0
1,4,68,0.0
1,4,69,0.0
1,4,70,0.0
1,4,71,0.0
1,4,72,0.0
1,4,73,0.0
1,4,74,0.0
1,4,75,0.0
1,4,76,0.0
1,4,77,0.0
1,4,78,0.0
1,4,79,0.0
1,4,80,0.0
1,4,81,0.0
1,4,82,0.0
1,4,83,0.0
1,4,84,0.0
1,4,85,0.0
1,4,86,0.0
1,4,87,0.0
1,4,88,0.0
1,4,89,0.0
1,4,90,0.0
1,4,91,0.0
1,4,92,0.0
1,4,93,0.0
1,4,94,0.0
1,4,95,0.0
1,4,96,0.0
1,4,97,0.0
1,4,98,0.0
1,4,99,0.0
1,5,0,0.0
1,5,1,0.0
1,5,2,0.0
1,5,3,0.0
1,5,4,0.0
1,5,5,0.0
1,5,6,0.0
1,5,7,0.0
1,5,8,0.0
1,5,9,0.0
1,5,10,0.0
1,5,11,0.0
1,5,12,0.0
1,5,13,0.0
1,5,14,0.0
1,5,15,0.0
1,5,16,0.0
1,5,17,0.0
1,5,18,0.0
1,5,19,0.0
1,5,20,0.0
1,5,21,0.0
1,5,22,0.0
1,5,23,0.0
1,5,24,0.0
1,5,25,0.0
1,5,26,0.0
1,5,27,0.0
1,5,28,0.0
1,5,29,0.0
1,5,30,0.0
1,5,31,0.0
1,5,32,0.0
1,5,33,0.0
1,5,34,0.0
1,5,35,0.0
1,5,36,0.0
1,5,37,0.0
1,5,38,0.0
1,5,39,0.0
1,5,40,0.0
1,5,41,0.0
1,5,42,0.0
1,5,43,0.0
1,5,44,0.0
1,5,45,0.0
1,5,46,0.0
1,5,47,0.0
1,5,48,0.0
1,5,49,0.0
1,5,50,0.0
1,5,51,0.0
1,5,52,0.0
1,5,53,0.0
1,5,54,0.0
1,5,55,0.0
1,5,56,0.0
1,5,57,0.0
1,5,58,0.0
1,5,59,0.0
1,5,60,0.0
1,5,61,0.0
1,5,62,0.0
1,5,63,0.0
1,5,64,0.0
1,5,65,0.0
1,5,66,0.0
1,5,67,0.0
1,5,68,0.0
1,5,69,0.0
1,5,70,0.0
1,5,71,0.0
1,5,72,0.0
1,5,73,0.0
1,5,74,0.0
1,5,75,0.0
1,5,76,0.0
1,5,77,0.0
1,5,78,0.0
1,5,79,0.0
1,5,80,0.0
1,5,81,0.0
1,5,82,0.0
1,5,83,0.0
1,5,84,0.0
1,5,85,0.0
1,5,86,0.0
1,5,87,0.0
1,5,88,0.0
1,5,89,0.0
1,5,90,0.0
1,5,91,0.0
1,5,92,0.0
1,5,93,0.0
1,5,94,0.0
1,5,95,0.0
1,5,96,0.0
1,5,97,0.0
1,5,98,0.0
1,5,99,0.0
1,6,0,0.0
1,6,1,0.0
1,6,2,0.0
1,6,3,0.0
1,6,4,0.0
1,6,5,0.0
1,6,6,0.0
1,6,7,0.0
1,6,8,0.0
1,6,9,0.0
1,6,10,0.0
1,6,11,0.0
1,6,12,0.0
1,6,13,0.0
1,6,14,0.0
1,6,15,0.0
1,6,16,0.0
1,6,17,0.0
1,6,18,0.0
1,6,19,0.0
1,6,20,0.0
1,6,21,0.0
1,6,22,0.0
1,6,23,0.0
1,6,24,0.0
1,6,25,0.0
1,6,26,0.0
1,6,27,0.0
1,6,28,0.0
1,6,29,0.0
1,6,30,0.0
1,6,31,0.0
1,6,32,0.0
1,6,33,0.0
1,6,34,0.0
1,6,35,0.0
1,6,36,0.0
1,6,37,0.0
1,6,38,0.0
1,6,39,0.0
1,6,40,0.0
1,6,41,0.0
1,6,42,0.0
1,6,43,0.0
1,6,44,0.0
1,6,45,0.0
1,6,46,0.0
1,6,47,0.0
1,6,48,0.0
1,6,49,0.0
1,6,50,0.0
1,6,51,0.0
1,6,52,0.0
1,6,53,0.0
1,6,54,0.0
1,6,55,0.0
1,6,56,0.0
1,6,57,0.0
1,6,58,0.0
1,6,59,0.0
1,6,60,0.0
1,6,61,0.0
1,6,62,0.0
1,6,63,0.0
1,6,64,0.0
1,6,65,0.0
1,6,66,0.0
1,6,67,0.0
1,6,68,0.0
1,6,69,0.0
1,6,70,0.0
1,6,71,0.0
1,6,72,0.0
1,6,73,0.0
1,6,74,0.0
1,6,75,0.0
1,6,76,0.0
1,6,77,0.0
1,6,78,0.0
1,6,79,0.0
1,6,80,0.0
1,6,81,0.0
1,6,82,0.0
1,6,83,0.0
1,6,84,0.0
1,6,85,0.0
1,6,86,0.0
1,6,87,0.0
1,6,88,0.0
1,6,89,0.0
1,6,90,0.0
1,6,91,0.0
1,6,92,0.0
1,6,93,0.0
1,6,94,0.0
1,6,95,0.0
1,6,96,0.0
1,6,97,0.0
1,6,98,0.0
1,6,99,0.0
1,7,0,0.0
1,7,1,0.0
1,7,2,0.0
1,7,3,4.0
1,7,4,0.0
1,7,5,0.0
1,7,6,0.0
1,7,7,0.0
1,7,8,0.0
1,7,9,0.0
1,7,10,0.0
1,7,11,0.0
1,7,12,0.0
1,7,13,0.0
1,7,14,0.0
1,7,15,0.0
1,7,16,0.0
1,7,17,0.0
1,7,18,0.0
1,7,19,0.0
1,7,20,0.0
1,7,21,0.0
1,7,22,0.0
1,7,23,0.0
1,7,24,0.0
1,7,25,0.0
1,7,26,0.0
1,7,27,0.0
1,7,28,0.0
1,7,29,0.0
1,7,30,8.0
1,7,31,0.0
1,7,32,0.0
1,7,33,0.0
1,7,34,0.0
1,7,35,3.0
1,7,36,8.0
1,7,37,0.0
1,7,38,0.0
1,7,39,0.0
1,7,40,0.0
1,7,41,0.0
1,7,42,0.0
1,7,43,0.0
1,7,44,0.0
1,7,45,0.0
1,7,46,0.0
1,7,47,0.0
1,7,48,0.0
1,7,49,0.0
1,7,50,0.0
1,7,51,0.0
1,7,52,0.0
1,7,53,0.0
1,7,54,0.0
1,7,55,0.0
1,7,56,0.0
1,7,57,0.0
1,7,58,0.0
1,7,59,0.0
1,7,60,5.0
1,7,61,0.0
1,7,62,0.0
1,7,63,0.0
1,7,64,0.0
1,7,65,0.0
1,7,66,0.0
1,7,67,0.0
1,7,68,8.0
1,7,69,0.0
1,7,70,0.0
1,7,71,0.0
1,7,72,0.0
1,7,73,0.0
1,7,74,0.0
1,7,75,0.0
1,7,76,0.0
1,7,77,0.0
1,7,78,0.0
1,7,79,0.0
1,7,80,0.0
1,7,81,0.0
1,7,82,0.0
1,7,83,0.0
1,7,84,0.0
1,7,85,0.0
1,7,86,0.0
1,7,87,0.0
1,7,88,0.0
1,7,89,2.0
1,7,90,0.0
1,7,91,0.0
1,7,92,0.0
1,7,93,0.0
1,7,94,0.0
1,7,95,0.0
1,7,96,3.0
1,7,97,7.0
1,7,98,0.0
1,7,99,0.0
1,8,0,7.0
1,8,1,0.0
1,8,2,13.0
1,8,3,0.0
1,8,4,0.0
1,8,5,0.0
1,8,6,0.0
1,8,7,0.0
1,8,8,9.0
1,8,9,13.0
1,8,10,0.0
1,8,11,0.0
1,8,12,0.0
1,8,13,0.0
1,8,14,0.0
1,8,15,0.0
1,8,16,0.0
1,8,17,0.0
1,8,18,11.0
1,8,19,0.0
1,8,20,0.0
1,8,21,0.0
1,8,22,15.0
1,8,23,8.0
1,8,24,11.0
1,8,25,0.0
1,8,26,0.0
1,8,27,0.0
1,8,28,6.0
1,8,29,0.0
1,8,30,0.0
1,8,31,0.0
1,8,32,7.0
1,8,33,0.0
1,8,34,12.0
1,8,35,0.0
1,8,36,7.0
1,8,37,0.0
1,8,38,0.0
1,8,39,0.0
1,8,40,0.0
1,8,41,0.0
1,8,42,0.0
1,8,43,0.0
1,8,44,0.0
1,8,45,0.0
1,8,46,0.0
1,8,47,0.0
1,8,48,0.0
1,8,49,0.0
1,8,50,10.0
1,8,51,0.0
1,8,52,0.0
1,8,53,15.0
1,8,54,0.0
1,8,55,0.0
1,8,56,0.0
1,8,57,15.0
1,8,58,0.0
1,8,59,0.0
1,8,60,11.0
1,8,61,0.0
1,8,62,0.0
1,8,63,12.0
1,8,64,0.0
1,8,65,9.0
1,8,66,16.0
1,8,67,0.0
1,8,68,0.0
1,8,69,0.0
1,8,70,12.0
1,8,71,0.0
1,8,72,0.0
1,8,73,0.0
1,8,74,0.0
1,8,75,0.0
1,8,76,0.0
1,8,77,0.0
1,8,78,6.0
1,8,79,0.0
1,8,80,0.0
1,8,81,0.0
1,8,82,0.0
1,8,83,17.0
1,8,84,0.0
1,8,85,13.0
1,8,86,0.0
1,8,87,10.0
1,8,88,0.0
1,8,89,0.0
1,8,90,12.0
1,8,91,0.0
1,8,92,0.0
1,8,93,0.0
1,8,94,8.0
1,8,95,0.0
1,8,96,4.0
1,8,97,0.0
1,8,98,6.0
1,8,99,0.0
1,9,0,1.0
1,9,1,0.0
1,9,2,0.0
1,9,3,0.0
1,9,4,0.0
1,9,5,0.0
1,9,6,0.0
1,9,7,0.0
1,9,8,0.0
1,9,9,0.0
1,9,10,0.0
1,9,11,0.0
1,9,12,0.0
1,9,13,0.0
1,9,14,0.0
1,9,15,0.0
1,9,16,0.0
1,9,17,0.0
1,9,18,70.0
1,9,19,80.0
1,9,20,0.0
1,9,21,0.0
1,9,22,0.0
1,9,23,57.0
1,9,24,0.0
1,9,25,66.0
1,9,26,61.0
1,9,27,0.0
1,9,28,0.0
1,9,29,45.0
1,9,30,0.0
1,9,31,8.0
1,9,32,0.0
1,9,33,0.0
1,9,34,0.0
1,9,35,40.0
1,9,36,0.0
1,9,37,89.0
1,9,38,0.0
1,9,39,0.0
1,9,40,0.0
1,9,41,0.0
1,9,42,0.0
1,9,43,0.0
1,9,44,0.0
1,9,45,39.0
1,9,46,36.0
1,9,47,99.0
1,9,48,0.0
1,9,49,0.0
1,9,50,0.0
1,9,51,104.0
1,9,52,0.0
1,9,53,21.0
1,9,54,39.0
1,9,55,0.0
1,9,56,79.0
1,9,57,0.0
1,9,58,0.0
1,9,59,0.0
1,9,60,34.0
1,9,61,0.0
1,9,62,0.0
1,9,63,0.0
1,9,64,108.0
1,9,65,0.0
1,9,66,0.0
1,9,67,0.0
1,9,68,0.0
1,9,69,12.0
1,9,70,32.0
1,9,71,17.0
1,9,72,0.0
1,9,73,0.0
1,9,74,0.0
1,9,75,65.0
1,9,76,0.0
1,9,77,0.0
1,9,78,0.0
1,9,79,0.0
1,9,80,16.0
1,9,81,0.0
1,9,82,0.0
1,9,83,0.0
1,9,84,0.0
1,9,85,0.0
1,9,86,82.0
1,9,87,0.0
1,9,88,0.0
1,9,89,0.0
1,9,90,0.0
1,9,91,0.0
1,9,92,0.0
1,9,93,0.0
1,9,94,0.0
1,9,95,0.0
1,9,96,0.0
1,9,97,0.0
1,9,98,0.0
1,9,99,0.0
1,10,0,32.0
1,10,1,0.0
1,10,2,89.0
1,10,3,58.0
1,10,4,0.0
1,10,5,78.0
1,10,6,234.0
1,10,7,0.0
1,10,8,128.0
1,10,9,4.0
1,10,10,255.0
1,10,11,193.0
1,10,12,136.0
1,10,13,119.0
1,10,14,155.0
1,10,15,48.0
1,10,16,75.0
1,10,17,135.0
1,10,18,28.0
1,10,19,66.0
1,10,20,0.0
1,10,21,162.0
1,10,22,72.0
1,10,23,34.0
1,10,24,41.0
1,10,25,42.0
1,10,26,0.0
1,10,27,81.0
1,10,28,144.0
1,10,29,67.0
1,10,30,24.0
1,10,31,72.0
1,10,32,50.0
1,10,33,109.0
1,10,34,0.0
1,10,35,10.0
1,10,36,0.0
1,10,37,0.0
1,10,38,70.0
1,10,39,148.0
1,10,40,69.0
1,10,41,0.0
1,10,42,127.0
1,10,43,222.0
1,10,44,0.0
1,10,45,0.0
1,10,46,30.0
1,10,47,17.0
1,10,48,99.0
1,10,49,94.0
1,10,50,115.0
1,10,51,64.0
1,10,52,157.0
1,10,53,20.0
1,10,54,28.0
1,10,55,0.0
1,10,56,0.0
1,10,57,66.0
1,10,58,219.0
1,10,59,177.0
1,10,60,20.0
1,10,61,0.0
1,10,62,0.0
1,10,63,0.0
1,10,64,33.0
1,10,65,0.0
1,10,66,0.0
1,10,67,0.0
1,10,68,209.0
1,10,69,0.0
1,10,70,53.0
1,10,71,79.0
1,10,72,0.0
1,10,73,97.0
1,10,74,0.0
1,10,75,24.0
1,10,76,79.0
1,10,77,103.0
1,10,78,0.0
1,10,79,92.0
1,10,80,0.0
1,10,81,54.0
1,10,82,114.0
1,10,83,22.0
1,10,84,0.0
1,10,85,142.0
1,10,86,0.0
1,10,87,0.0
1,10,88,129.0
1,10,89,0.0
1,10,90,96.0
1,10,91,138.0
1,10,92,139.0
1,10,93,0.0
1,10,94,0.0
1,10,95,39.0
1,10,96,96.0
1,10,97,191.0
1,10,98,0.0
1,10,99,180.0
1,11,0,263.0
1,11,1,235.0
1,11,2,166.0
1,11,3,47.0
1,11,4,164.0
1,11,5,193.0
1,11,6,67.0
1,11,7,268.0
1,11,8,0.0
1,11,9,198.0
1,11,10,0.0
1,11,11,0.0
1,11,12,0.0
1,11,13,214.0
1,11,14,46.0
1,11,15,189.0
1,11,16,111.0
1,11,17,131.0
1,11,18,127.0
1,11,19,109.0
1,11,20,98.0
1,11,21,0.0
1,11,22,0.0
1,11,23,229.0
1,11,24,0.0
1,11,25,94.0
1,11,26,243.0
1,11,27,218.0
1,11,28,0.0
1,11,29,136.0
1,11,30,114.0
1,11,31,377.0
1,11,32,9.0
1,11,33,114.0
1,11,34,174.0
1,11,35,173.0
1,11,36,122.0
1,11,37,39.0
1,11,38,274.0
1,11,39,0.0
1,11,40,90.0
1,11,41,153.0
1,11,42,157.0
1,11,43,108.0
1,11,44,197.0
1,11,45,72.0
1,11,46,149.0
1,11,47,228.0
1,11,48,0.0
1,11,49,349.0
1,11,50,177.0
1,11,51,44.0
1,11,52,98.0
1,11,53,141.0
1,11,54,113.0
1,11,55,53.0
1,11,56,144.0
1,11,57,130.0
1,11,58,50.0
1,11,59,3.0
1,11,60,226.0
1,11,61,0.0
1,11,62,79.0
1,11,63,277.0
1,11,64,327.0
1,11,65,180.0
1,11,66,190.0
1,11,67,114.0
1,11,68,0.0
1,11,69,0.0
1,11,70,155.0
1,11,71,276.0
1,11,72,25.0
1,11,73,140.0
1,11,74,98.0
1,11,75,183.0
1,11,76,76.0
1,11,77,208.0
1,11,78,71.0
1,11,79,336.0
1,11,80,82.0
1,11,81,218.0
1,11,82,0.0
1,11,83,331.0
1,11,84,153.0
1,11,85,248.0
1,11,86,8.0
1,11,87,154.0
1,11,88,224.0
1,11,89,274.0
1,11,90,98.0
1,11,91,0.0
1,11,92,219.0
1,11,93,150.0
1,11,94,320.0
1,11,95,236.0
1,11,96,233.0
1,11,97,53.0
1,11,98,363.0
1,11,99,0.0
1,12,0,44.0
1,12,1,24.0
1,12,2,207.0
1,12,3,319.0
1,12,4,263.0
1,12,5,237.0
1,12,6,10.0
1,12,7,304.0
1,12,8,245.0
1,12,9,203.0
1,12,10,308.0
1,12,11,242.0
1,12,12,175.0
1,12,13,0.0
1,12,14,272.0
1,12,15,201.0
1,12,16,452.0
1,12,17,135.0
1,12,18,102.0
1,12,19,114.0
1,12,20,111.0
1,12,21,66.0
1,12,22,261.0
1,12,23,35.0
1,12,24,433.0
1,12,25,398.0
1,12,26,77.0
1,12,27,321.0
1,12,28,77.0
1,12,29,178.0
1,12,30,229.0
1,12,31,0.0
1,12,32,339.0
1,12,33,329.0
1,12,34,319.0
1,12,35,163.0
1,12,36,214.0
1,12,37,369.0
1,12,38,310.0
1,12,39,155.0
1,12,40,64.0
1,12,41,208.0
1,12,42,315.0
1,12,43,222.0
1,12,44,202.0
1,12,45,27.0
1,12,46,41.0
1,12,47,117.0
1,12,48,368.0
1,12,49,157.0
1,12,50,14.0
1,12,51,267.0
1,12,52,267.0
1,12,53,252.0
1,12,54,64.0
1,12,55,121.0
1,12,56,327.0
1,12,57,383.0
1,12,58,96.0
1,12,59,139.0
1,12,60,226.0
1,12,61,326.0
1,12,62,107.0
1,12,63,0.0
1,12,64,67.0
1,12,65,341.0
1,12,66,227.0
1,12,67,0.0
1,12,68,59.0
1,12,69,257.0
1,12,70,53.0
1,12,71,333.0
1,12,72,362.0
1,12,73,193.0
1,12,74,185.0
1,12,75,206.0
1,12,76,272.0
1,12,77,117.0
1,12,78,286.0
1,12,79,106.0
1,12,80,273.0
1,12,81,88.0
1,12,82,307.0
1,12,83,0.0
1,12,84,302.0
1,12,85,88.0
1,12,86,88.0
1,12,87,284.0
1,12,88,231.0
1,12,89,154.0
1,12,90,94.0
1,12,91,385.0
1,12,92,458.0
1,12,93,182.0
1,12,94,0.0
1,12,95,318.0
1,12,96,0.0
1,12,97,185.0
1,12,98,298.0
1,12,99,59.0
1,13,0,208.0
1,13,1,480.0
1,13,2,552.0
1,13,3,193.0
1,13,4,153.0
1,13,5,132.0
1,13,6,549.0
1,13,7,401.0
1,13,8,422.0
1,13,9,229.0
1,13,10,178.0
1,13,11,348.0
1,13,12,242.0
1,13,13,375.0
1,13,14,284.0
1,13,15,180.0
1,13,16,185.0
1,13,17,164.0
1,13,18,328.0
1,13,19,292.0
1,13,20,389.0
1,13,21,522.0
1,13,22,165.0
1,13,23,152.0
1,13,24,454.0
1,13,25,300.0
1,13,26,310.0
1,13,27,295.0
1,13,28,556.0
1,13,29,314.0
1,13,30,426.0
1,13,31,546.0
1,13,32,169.0
1,13,33,261.0
1,13,34,253.0
1,13,35,549.0
1,13,36,290.0
1,13,37,177.0
1,13,38,477.0
1,13,39,247.0
1,13,40,438.0
1,13,41,563.0
1,13,42,429.0
1,13,43,377.0
1,13,44,249.0
1,13,45,213.0
1,13,46,248.0
1,13,47,242.0
1,13,48,397.0
1,13,49,438.0
1,13,50,380.0
1,13,51,178.0
1,13,52,309.0
1,13,53,369.0
1,13,54,452.0
1,13,55,312.0
1,13,56,420.0
1,13,57,68.0
1,13,58,187.0
1,13,59,380.0
1,13,60,270.0
1,13,61,339.0
1,13,62,540.0
1,13,63,408.0
1,13,64,364.0
1,13,65,198.0
1,13,66,159.0
1,13,67,327.0
1,13,68,418.0
1,13,69,177.0
1,13,70,318.0
1,13,71,374.0
1,13,72,3.0
1,13,73,239.0
1,13,74,256.0
1,13,75,452.0
1,13,76,460.0
1,13,77,490.0
1,13,78,317.0
1,13,79,519.0
1,13,80,453.0
1,13,81,459.0
1,13,82,406.0
1,13,83,378.0
1,13,84,235.0
1,13,85,167.0
1,13,86,409.0
1,13,87,195.0
1,13,88,411.0
1,13,89,292.0
1,13,90,392.0
1,13,91,127.0
1,13,92,332.0
1,13,93,184.0
1,13,94,495.0
1,13,95,246.0
1,13,96,280.0
1,13,97,533.0
1,13,98,481.0
1,13,99,412.0
1,14,0,0.0
1,14,1,0.0
1,14,2,0.0
1,14,3,0.0
1,14,4,0.0
1,14,5,0.0
1,14,6,0.0
1,14,7,0.0
1,14,8,0.0
1,14,9,0.0
1,14,10,78.0
1,14,11,0.0
1,14,12,129.0
1,14,13,0.0
1,14,14,345.0
1,14,15,0.0
1,14,16,0.0
1,14,17,70.0
1,14,18,0.0
1,14,19,403.0
1,14,20,0.0
1,14,21,0.0
1,14,22,0.0
1,14,23,0.0
1,14,24,0.0
1,14,25,0.0
1,14,26,0.0
1,14,27,262.0
1,14,28,0.0
1,14,29,286.0
1,14,30,0.0
1,14,31,0.0
1,14,32,0.0
1,14,33,0.0
1,14,34,239.0
1,14,35,189.0
1,14,36,88.0
1,14,37,150.0
1,14,38,0.0
1,14,39,0.0
1,14,40,0.0
1,14,41,0.0
1,14,42,204.0
1,14,43,264.0
1,14,44,0.0
1,14,45,0.0
1,14,46,0.0
1,14,47,0.0
1,14,48,0.0
1,14,49,0.0
1,14,50,0.0
1,14,51,0.0
1,14,52,117.0
1,14,53,0.0
1,14,54,0.0
1,14,55,0.0
1,14,56,0.0
1,14,57,0.0
1,14,58,0.0
1,14,59,0.0
1,14,60,0.0
1,14,61,88.0
1,14,62,0.0
1,14,63,15.0
1,14,64,0.0
1,14,65,0.0
1,14,66,0.0
1,14,67,0.0
1,14,68,0.0
1,14,69,309.0
1,14,70,37.0
1,14,71,250.0
1,14,72,0.0
1,14,73,0.0
1,14,74,17.0
1,14,75,0.0
1,14,76,0.0
1,14,77,305.0
1,14,78,0.0
1,14,79,36.0
1,14,80,50.0
1,14,81,144.0
1,14,82,0.0
1,14,83,0.0
1,14,84,221.0
1,14,85,0.0
1,14,86,171.0
1,14,87,272.0
1,14,88,0.0
1,14,89,0.0
1,14,90,253.0
1,14,91,0.0
1,14,92,0.0
1,14,93,75.0
1,14,94,285.0
1,14,95,0.0
1,14,96,0.0
1,14,97,252.0
1,14,98,66.0
1,14,99,199.0
1,15,0,390.0
1,15,1,282.0
1,15,2,256.0
1,15,3,354.0
1,15,4,191.0
1,15,5,335.0
1,15,6,112.0
1,15,7,289.0
1,15,8,293.0
1,15,9,250.0
1,15,10,361.0
1,15,11,263.0
1,15,12,263.0
1,15,13,243.0
1,15,14,149.0
1,15,15,229.0
1,15,16,158.0
1,15,17,282.0
1,15,18,302.0
1,15,19,193.0
1,15,20,300.0
1,15,21,182.0
1,15,22,331.0
1,15,23,278.0
1,15,24,160.0
1,15,25,140.0
1,15,26,212.0
1,15,27,315.0
1,15,28,362.0
1,15,29,288.0
1,15,30,335.0
1,15,31,210.0
1,15,32,297.0
1,15,33,194.0
1,15,34,331.0
1,15,35,177.0
1,15,36,333.0
1,15,37,362.0
1,15,38,270.0
1,15,39,150.0
1,15,40,252.0
1,15,41,254.0
1,15,42,180.0
1,15,43,143.0
1,15,44,326.0
1,15,45,282.0
1,15,46,144.0
1,15,47,393.0
1,15,48,283.0
1,15,49,287.0
1,15,50,242.0
1,15,51,371.0
1,15,52,149.0
1,15,53,225.0
1,15,54,86.0
1,15,55,156.0
1,15,56,157.0
1,15,57,151.0
1,15,58,212.0
1,15,59,372.0
1,15,60,391.0
1,15,61,335.0
1,15,62,133.0
1,15,63,227.0
1,15,64,139.0
1,15,65,178.0
1,15,66,136.0
1,15,67,172.0
1,15,68,315.0
1,15,69,318.0
1,15,70,231.0
1,15,71,326.0
1,15,72,357.0
1,15,73,167.0
1,15,74,156.0
1,15,75,231.0
1,15,76,240.0
1,15,77,206.0
1,15,78,250.0
1,15,79,218.0
1,15,80,344.0
1,15,81,374.0
1,15,82,168.0
1,15,83,246.0
1,15,84,157.0
1,15,85,105.0
1,15,86,367.0
1,15,87,198.0
1,15,88,297.0
1,15,89,264.0
1,15,90,158.0
1,15,91,370.0
1,15,92,151.0
1,15,93,313.0
1,15,94,390.0
1,15,95,320.0
1,15,96,219.0
1,15,97,152.0
1,15,98,286.0
1,15,99,227.0
1,16,0,0.0
1,16,1,0.0
1,16,2,0.0
1,16,3,0.0
1,16,4,0.0
1,16,5,0.0
1,16,6,0.0
1,16,7,77.0
1,16,8,57.0
1,16,9,0.0
1,16,10,61.0
1,16,11,0.0
1,16,12,0.0
1,16,13,0.0
1,16,14,171.0
1,16,15,0.0
1,16,16,48.0
1,16,17,0.0
1,16,18,68.0
1,16,19,0.0
1,16,20,0.0
1,16,21,0.0
1,16,22,0.0
1,16,23,118.0
1,16,24,0.0
1,16,25,0.0
1,16,26,0.0
1,16,27,47.0
1,16,28,0.0
1,16,29,8.0
1,16,30,0.0
1,16,31,0.0
1,16,32,0.0
1,16,33,204.0
1,16,34,256.0
1,16,35,0.0
1,16,36,0.0
1,16,37,0.0
1,16,38,0.0
1,16,39,108.0
1,16,40,0.0
1,16,41,0.0
1,16,42,0.0
1,16,43,35.0
1,16,44,0.0
1,16,45,188.0
1,16,46,0.0
1,16,47,236.0
1,16,48,237.0
1,16,49,0.0
1,16,50,213.0
1,16,51,66.0
1,16,52,137.0
1,16,53,0.0
1,16,54,0.0
1,16,55,0.0
1,16,56,0.0
1,16,57,14.0
1,16,58,0.0
1,16,59,0.0
1,16,60,0.0
1,16,61,40.0
1,16,62,6.0
1,16,63,250.0
1,16,64,0.0
1,16,65,168.0
1,16,66,0.0
1,16,67,0.0
1,16,68,0.0
1,16,69,73.0
1,16,70,0.0
1,16,71,0.0
1,16,72,0.0
1,16,73,0.0
1,16,74,265.0
1,16,75,0.0
1,16,76,0.0
1,16,77,0.0
1,16,78,0.0
1,16,79,0.0
1,16,80,0.0
1,16,81,0.0
1,16,82,15.0
1,16,83,75.0
1,16,84,273.0
1,16,85,37.0
1,16,86,0.0
1,16,87,0.0
1,16,88,0.0
1,16,89,0.0
1,16,90,0.0
1,16,91,150.0
1,16,92,0.0
1,16,93,0.0
1,16,94,78.0
1,16,95,0.0
1,16,96,0.0
1,16,97,0.0
1,16,98,0.0
1,16,99,275.0
1,17,0,226.0
1,17,1,157.0
1,17,2,174.0
1,17,3,9.0
1,17,4,322.0
1,17,5,217.0
1,17,6,421.0
1,17,7,145.0
1,17,8,291.0
1,17,9,466.0
1,17,10,231.0
1,17,11,350.0
1,17,12,381.0
1,17,13,249.0
1,17,14,87.0
1,17,15,287.0
1,17,16,186.0
1,17,17,190.0
1,17,18,267.0
1,17,19,218.0
1,17,20,243.0
1,17,21,0.0
1,17,22,165.0
1,17,23,348.0
1,17,24,57.0
1,17,25,203.0
1,17,26,325.0
1,17,27,292.0
1,17,28,392.0
1,17,29,253.0
1,17,30,440.0
1,17,31,107.0
1,17,32,334.0
1,17,33,55.0
1,17,34,63.0
1,17,35,227.0
1,17,36,344.0
1,17,37,179.0
1,17,38,140.0
1,17,39,237.0
1,17,40,0.0
1,17,41,266.0
1,17,42,100.0
1,17,43,334.0
1,17,44,383.0
1,17,45,341.0
1,17,46,382.0
1,17,47,343.0
1,17,48,174.0
1,17,49,339.0
1,17,50,82.0
1,17,51,77.0
1,17,52,335.0
1,17,53,343.0
1,17,54,458.0
1,17,55,58.0
1,17,56,298.0
1,17,57,228.0
1,17,58,281.0
1,17,59,467.0
1,17,60,153.0
1,17,61,263.0
1,17,62,189.0
1,17,63,155.0
1,17,64,175.0
1,17,65,349.0
1,17,66,335.0
1,17,67,434.0
1,17,68,256.0
1,17,69,128.0
1,17,70,356.0
1,17,71,58.0
1,17,72,475.0
1,17,73,83.0
1,17,74,82.0
1,17,75,241.0
1,17,76,235.0
1,17,77,329.0
1,17,78,160.0
1,17,79,467.0
1,17,80,393.0
1,17,81,439.0
1,17,82,194.0
1,17,83,342.0
1,17,84,180.0
1,17,85,244.0
1,17,86,318.0
1,17,87,206.0
1,17,88,213.0
1,17,89,213.0
1,17,90,146.0
1,17,91,91.0
1,17,92,475.0
1,17,93,376.0
1,17,94,70.0
1,17,95,361.0
1,17,96,117.0
1,17,97,181.0
1,17,98,258.0
1,17,99,368.0
1,18,0,8.0
1,18,1,0.0
1,18,2,156.0
1,18,3,196.0
1,18,4,156.0
1,18,5,50.0
1,18,6,33.0
1,18,7,102.0
1,18,8,192.0
1,18,9,22.0
1,18,10,26.0
1,18,11,35.0
1,18,12,26.0
1,18,13,0.0
1,18,14,212.0
1,18,15,196.0
1,18,16,176.0
1,18,17,0.0
1,18,18,58.0
1,18,19,12.0
1,18,20,159.0
1,18,21,121.0
1,18,22,36.0
1,18,23,257.0
1,18,24,211.0
1,18,25,209.0
1,18,26,22.0
1,18,27,22.0
1,18,28,155.0
1,18,29,78.0
1,18,30,89.0
1,18,31,69.0
1,18,32,84.0
1,18,33,156.0
1,18,34,156.0
1,18,35,0.0
1,18,36,129.0
1,18,37,125.0
1,18,38,143.0
1,18,39,54.0
1,18,40,180.0
1,18,41,47.0
1,18,42,9.0
1,18,43,0.0
1,18,44,45.0
1,18,45,27.0
1,18,46,94.0
1,18,47,124.0
1,18,48,54.0
1,18,49,84.0
1,18,50,0.0
1,18,51,272.0
1,18,52,100.0
1,18,53,59.0
1,18,54,79.0
1,18,55,243.0
1,18,56,52.0
1,18,57,54.0
1,18,58,0.0
1,18,59,61.0
1,18,60,0.0
1,18,61,0.0
1,18,62,216.0
1,18,63,30.0
1,18,64,264.0
1,18,65,0.0
1,18,66,146.0
1,18,67,133.0
1,18,68,232.0
1,18,69,205.0
1,18,70,94.0
1,18,71,123.0
1,18,72,130.0
1,18,73,157.0
1,18,74,140.0
1,18,75,169.0
1,18,76,250.0
1,18,77,36.0
1,18,78,151.0
1,18,79,21.0
1,18,80,48.0
1,18,81,74.0
1,18,82,237.0
1,18,83,76.0
1,18,84,38.0
1,18,85,0.0
1,18,86,167.0
1,18,87,80.0
1,18,88,122.0
1,18,89,120.0
1,18,90,0.0
1,18,91,167.0
1,18,92,82.0
1,18,93,0.0
1,18,94,47.0
1,18,95,0.0
1,18,96,33.0
1,18,97,103.0
1,18,98,176.0
1,18,99,0.0
1,19,0,0.0
1,19,1,0.0
1,19,2,0.0
1,19,3,0.0
1,19,4,93.0
1,19,5,0.0
1,19,6,36.0
1,19,7,0.0
1,19,8,0.0
1,19,9,0.0
1,19,10,0.0
1,19,11,0.0
1,19,12,0.0
1,19,13,0.0
1,19,14,0.0
1,19,15,12.0
1,19,16,80.0
1,19,17,0.0
1,19,18,193.0
1,19,19,69.0
1,19,20,0.0
1,19,21,0.0
1,19,22,23.0
1,19,23,0.0
1,19,24,0.0
1,19,25,0.0
1,19,26,0.0
1,19,27,0.0
1,19,28,17.0
1,19,29,0.0
1,19,30,0.0
1,19,31,22.0
1,19,32,0.0
1,19,33,0.0
1,19,34,0.0
1,19,35,10.0
1,19,36,0.0
1,19,37,0.0
1,19,38,0.0
1,19,39,36.0
1,19,40,21.0
1,19,41,186.0
1,19,42,3.0
1,19,43,0.0
1,19,44,0.0
1,19,45,0.0
1,19,46,0.0
1,19,47,0.0
1,19,48,123.0
1,19,49,0.0
1,19,50,189.0
1,19,51,0.0
1,19,52,0.0
1,19,53,0.0
1,19,54,28.0
1,19,55,0.0
1,19,56,0.0
1,19,57,40.0
1,19,58,0.0
1,19,59,0.0
1,19,60,6.0
1,19,61,0.0
1,19,62,56.0
1,19,63,0.0
1,19,64,0.0
1,19,65,0.0
1,19,66,0.0
1,19,67,0.0
1,19,68,0.0
1,19,69,0.0
1,19,70,0.0
1,19,71,0.0
1,19,72,0.0
1,19,73,58.0
1,19,74,44.0
1,19,75,0.0
1,19,76,24.0
1,19,77,0.0
1,19,78,0.0
1,19,79,0.0
1,19,80,0.0
1,19,81,0.0
1,19,82,0.0
1,19,83,145.0
1,19,84,0.0
1,19,85,156.0
1,19,86,0.0
1,19,87,0.0
1,19,88,0.0
1,19,89,0.0
1,19,90,0.0
1,19,91,0.0
1,19,92,0.0
1,19,93,137.0
1,19,94,0.0
1,19,95,0.0
1,19,96,73.0
1,19,97,76.0
1,19,98,0.0
1,19,99,0.0
1,20,0,0.0
1,20,1,0.0
1,20,2,0.0
1,20,3,0.0
1,20,4,0.0
1,20,5,0.0
1,20,6,0.0
1,20,7,0.0
1,20,8,0.0
1,20,9,0.0
1,20,10,65.0
1,20,11,0.0
1,20,12,5.0
1,20,13,0.0
1,20,14,96.0
1,20,15,0.0
1,20,16,0.0
1,20,17,0.0
1,20,18,2.0
1,20,19,99.0
1,20,20,0.0
1,20,21,0.0
1,20,22,0.0
1,20,23,0.0
1,20,24,0.0
1,20,25,0.0
1,20,26,0.0
1,20,27,0.0
1,20,28,0.0
1,20,29,0.0
1,20,30,0.0
1,20,31,0.0
1,20,32,0.0
1,20,33,0.0
1,20,34,0.0
1,20,35,0.0
1,20,36,0.0
1,20,37,46.0
1,20,38,0.0
1,20,39,0.0
1,20,40,0.0
1,20,41,0.0
1,20,42,0.0
1,20,43,0.0
1,20,44,0.0
1,20,45,0.0
1,20,46,0.0
1,20,47,0.0
1,20,48,0.0
1,20,49,0.0
1,20,50,0.0
1,20,51,0.0
1,20,52,103.0
1,20,53,0.0
1,20,54,0.0
1,20,55,0.0
1,20,56,0.0
1,20,57,0.0
1,20,58,0.0
1,20,59,0.0
1,20,60,0.0
1,20,61,0.0
1,20,62,0.0
1,20,63,0.0
1,20,64,0.0
1,20,65,0.0
1,20,66,7.0
1,20,67,0.0
1,20,68,44.0
1,20,69,0.0
1,20,70,0.0
1,20,71,0.0
1,20,72,0.0
1,20,73,0.0
1,20,74,0.0
1,20,75,0.0
1,20,76,0.0
1,20,77,104.0
1,20,78,0.0
1,20,79,16.0
1,20,80,60.0
1,20,81,0.0
1,20,82,0.0
1,20,83,0.0
1,20,84,104.0
1,20,85,0.0
1,20,86,0.0
1,20,87,0.0
1,20,88,0.0
1,20,89,0.0
1,20,90,0.0
1,20,91,0.0
1,20,92,15.0
1,20,93,0.0
1,20,94,0.0
1,20,95,82.0
1,20,96,0.0
1,20,97,0.0
1,20,98,0.0
1,20,99,0.0
1,21,0,100.0
1,21,1,99.0
1,21,2,33.0
1,21,3,0.0
1,21,4,0.0
1,21,5,0.0
1,21,6,0.0
1,21,7,0.0
1,21,8,0.0
1,21,9,0.0
1,21,10,0.0
1,21,11,0.0
1,21,12,0.0
1,21,13,100.0
1,21,14,0.0
1,21,15,0.0
1,21,16,0.0
1,21,17,0.0
1,21,18,0.0
1,21,19,0.0
1,21,20,0.0
1,21,21,0.0
1,21,22,0.0
1,21,23,0.0
1,21,24,0.0
1,21,25,0.0
1,21,26,0.0
1,21,27,0.0
1,21,28,0.0
1,21,29,100.0
1,21,30,0.0
1,21,31,0.0
1,21,32,0.0
1,21,33,0.0
1,21,34,0.0
1,21,35,0.0
1,21,36,0.0
1,21,37,0.0
1,21,38,0.0
1,21,39,0.0
1,21,40,0.0
1,21,41,0.0
1,21,42,0.0
1,21,43,100.0
1,21,44,0.0
1,21,45,0.0
1,21,46,0.0
1,21,47,0.0
1,21,48,0.0
1,21,49,0.0
1,21,50,0.0
1,21,51,0.0
1,21,52,0.0
1,21,53,100.0
1,21,54,0.0
1,21,55,0.0
1,21,56,0.0
1,21,57,0.0
1,21,58,0.0
1,21,59,47.0
1,21,60,0.0
1,21,61,100.0
1,21,62,0.0
1,21,63,13.0
1,21,64,0.0
1,21,65,0.0
1,21,66,0.0
1,21,67,0.0
1,21,68,0.0
1,21,69,0.0
1,21,70,0.0
1,21,71,0.0
1,21,72,51.0
1,21,73,0.0
1,21,74,0.0
1,21,75,0.0
1,21,76,0.0
1,21,77,0.0
1,21,78,0.0
1,21,79,0.0
1,21,80,0.0
1,21,81,0.0
1,21,82,0.0
1,21,83,0.0
1,21,84,0.0
1,21,85,0.0
1,21,86,0.0
1,21,87,0.0
1,21,88,0.0
1,21,89,0.0
1,21,90,100.0
1,21,91,0.0
1,21,92,0.0
1,21,93,0.0
1,21,94,0.0
1,21,95,0.0
1,21,96,0.0
1,21,97,0.0
1,21,98,0.0
1,21,99,0.0
1,22,0,0.0
1,22,1,0.0
1,22,2,0.0
1,22,3,0.0
1,22,4,0.0
1,22,5,0.0
1,22,6,0.0
1,22,7,0.0
1,22,8,0.0
1,22,9,0.0
1,22,10,0.0
1,22,11,0.0
1,22,12,0.0
1,22,13,0.0
1,22,14,0.0
1,22,15,0.0
1,22,16,0.0
1,22,17,0.0
1,22,18,0.0
1,22,19,0.0
1,22,20,0.0
1,22,21,33.0
1,22,22,0.0
1,22,23,0.0
1,22,24,0.0
1,22,25,16.0
1,22,26,0.0
1,22,27,84.0
1,22,28,0.0
1,22,29,0.0
1,22,30,59.0
1,22,31,0.0
1,22,32,0.0
1,22,33,0.0
1,22,34,10.0
1,22,35,0.0
1,22,36,0.0
1,22,37,0.0
1,22,38,0.0
1,22,39,0.0
1,22,40,0.0
1,22,41,0.0
1,22,42,0.0
1,22,43,0.0
1,22,44,0.0
1,22,45,0.0
1,22,46,0.0
1,22,47,0.0
1,22,48,0.0
1,22,49,0.0
1,22,50,0.0
1,22,51,0.0
1,22,52,0.0
1,22,53,0.0
1,22,54,0.0
1,22,55,0.0
1,22,56,0.0
1,22,57,100.0
1,22,58,0.0
1,22,59,0.0
1,22,60,0.0
1,22,61,0.0
1,22,62,0.0
1,22,63,0.0
1,22,64,0.0
1,22,65,96.0
1,22,66,0.0
1,22,67,17.0
1,22,68,0.0
1,22,69,0.0
1,22,70,0.0
1,22,71,18.0
1,22,72,0.0
1,22,73,0.0
1,22,74,0.0
1,22,75,0.0
1,22,76,0.0
1,22,77,0.0
1,22,78,0.0
1,22,79,0.0
1,22,80,0.0
1,22,81,0.0
1,22,82,0.0
1,22,83,0.0
1,22,84,0.0
1,22,85,0.0
1,22,86,0.0
1,22,87,0.0
1,22,88,16.0
1,22,89,0.0
1,22,90,0.0
1,22,91,0.0
1,22,92,0.0
1,22,93,0.0
1,22,94,96.0
1,22,95,0.0
1,22,96,0.0
1,22,97,0.0
1,22,98,0.0
1,22,99,94.0
1,23,0,0.0
1,23,1,0.0
1,23,2,0.0
1,23,3,0.0
1,23,4,0.0
1,23,5,0.0
1,23,6,0.0
1,23,7,0.0
1,23,8,0.0
1,23,9,0.0
1,23,10,0.0
1,23,11,0.0
1,23,12,0.0
1,23,13,0.0
1,23,14,0.0
1,23,15,0.0
1,23,16,0.0
1,23,17,0.0
1,23,18,0.0
1,23,19,0.0
1,23,20,0.0
1,23,21,0.0
1,23,22,0.0
1,23,23,0.0
1,23,24,0.0
1,23,25,0.0
1,23,26,0.0
1,23,27,0.0
1,23,28,0.0
1,23,29,0.0
1,23,30,0.0
1,23,31,0.0
1,23,32,0.0
1,23,33,0.0
1,23,34,0.0
1,23,35,0.0
1,23,36,0.0
1,23,37,0.0
1,23,38,0.0
1,23,39,0.0
1,23,40,0.0
1,23,41,0.0
1,23,42,0.0
1,23,43,0.0
1,23,44,0.0
1,23,45,0.0
1,23,46,0.0
1,23,47,0.0
1,23,48,0.0
1,23,49,0.0
1,23,50,0.0
1,23,51,0.0
1,23,52,0.0
1,23,53,0.0
1,23,54,0.0
1,23,55,0.0
1,23,56,0.0
1,23,57,0.0
1,23,58,0.0
1,23,59,0.0
1,23,60,0.0
1,23,61,0.0
1,23,62,0.0
1,23,63,0.0
1,23,64,0.0
1,23,65,0.0
1,23,66,0.0
1,23,67,0.0
1,23,68,0.0
1,23,69,0.0
1,23,70,0.0
1,23,71,0.0
1,23,72,0.0
1,23,73,0.0
1,23,74,0.0
1,23,75,0.0
1,23,76,0.0
1,23,77,0.0
1,23,78,0.0
1,23,79,0.0
1,23,80,0.0
1,23,81,0.0
1,23,82,0.0
1,23,83,0.0
1,23,84,0.0
1,23,85,0.0
1,23,86,0.0
1,23,87,0.0
1,23,88,0.0
1,23,89,0.0
1,23,90,0.0
1,23,91,0.0
1,23,92,0.0
1,23,93,0.0
1,23,94,0.0
1,23,95,0.0
1,23,96,0.0
1,23,97,0.0
1,23,98,0.0
1,23,99,0.0
2,0,0,0.0
2,0,1,0.0
2,0,2,0.0
2,0,3,0.0
2,0,4,0.0
2,0,5,0.0
2,0,6,0.0
2,0,7,0.0
2,0,8,0.0
2,0,9,0.0
2,0,10,0.0
2,0,11,0.0
2,0,12,0.0
2,0,13,0.0
2,0,14,0.0
2,0,15,0.0
2,0,16,0.0
2,0,17,0.0
2,0,18,0.0
2,0,19,0.0
2,0,20,0.0
2,0,21,0.0
2,0,22,0.0
2,0,23,0.0
2,0,24,0.0
2,0,25,0.0
2,0,26,0.0
2,0,27,0.0
2,0,28,0.0
2,0,29,0.0
2,0,30,0.0
2,0,31,0.0
2,0,32,0.0
2,0,33,0.0
2,0,34,0.0
2,0,35,0.0
2,0,36,0.0
2,0,37,0.0
2,0,38,0.0
2,0,39,0.0
2,0,40,0.0
2,0,41,0.0
2,0,42,0.0
2,0,43,0.0
2,0,44,0.0
2,0,45,0.0
2,0,46,0.0
2,0,47,0.0
2,0,48,0.0
2,0,49,0.0
2,0,50,0.0
2,0,51,0.0
2,0,52,0.0
2,0,53,0.0
2,0,54,0.0
2,0,55,0.0
2,0,56,0.0
2,0,57,0.0
2,0,58,0.0
2,0,59,0.0
2,0,60,0.0
2,0,61,0.0
2,0,62,0.0
2,0,63,0.0
2,0,64,0.0
2,0,65,0.0
2,0,66,0.0
2,0,67,0.0
2,0,68,0.0
2,0,69,0.0
2,0,70,0.0
2,0,71,0.0
2,0,72,0.0
2,0,73,0.0
2,0,74,0.0
2,0,75,0.0
2,0,76,0.0
2,0,77,0.0
2,0,78,0.0
2,0,79,0.0
2,0,80,0.0
2,0,81,0.0
2,0,82,0.0
2,0,83,0.0
2,0,84,0.0
2,0,85,0.0
2,0,86,0.0
2,0,87,0.0
2,0,88,0.0
2,0,89,0.0
2,0,90,0.0
2,0,91,0.0
2,0,92,0.0
2,0,93,0.0
2,0,94,0.0
2,0,95,0.0
2,0,96,0.0
2,0,97,0.0
2,0,98,0.0
2,0,99,0.0
2,1,0,0.0
2,1,1,0.0
2,1,2,0.0
2,1,3,0.0
2,1,4,0.0
2,1,5,0.0
2,1,6,0.0
2,1,7,0.0
2,1,8,0.0
2,1,9,0.0
2,1,10,0.0
2,1,11,0.0
2,1,12,0.0
2,1,13,0.0
2,1,14,0.0
2,1,15,0.0
2,1,16,0.0
2,1,17,0.0
2,1,18,0.0
2,1,19,0.0
2,1,20,0.0
2,1,21,0.0
2,1,22,0.0
2,1,23,0.0
2,1,24,0.0
2,1,25,0.0
2,1,26,0.0
2,1,27,0.0
2,1,28,0.0
2,1,29,0.0
2,1,30,0.0
2,1,31,0.0
2,1,32,0.0
2,1,33,0.0
2,1,34,0.0
2,1,35,0.0
2,1,36,0.0
2,1,37,0.0
2,1,38,0.0
2,1,39,0.0
2,1,40,0.0
2,1,41,0.0
2,1,42,0.0
2,1,43,0.0
2,1,44,0.0
2,1,45,0.0
2,1,46,0.0
2,1,47,0.0
2,1,48,0.0
2,1,49,0.0
2,1,50,0.0
2,1,51,0.0
2,1,52,0.0
2,1,53,0.0
2,1,54,0.0
2,1,55,0.0
2,1,56,0.0
2,1,57,0.0
2,1,58,0.0
2,1,59,0.0
2,1,60,0.0
2,1,61,0.0
2,1,62,0.0
2,1,63,0.0
2,1,64,0.0
2,1,65,0.0
2,1,66,0.0
2,1,67,0.0
2,1,68,0.0
2,1,69,0.0
2,1,70,0.0
2,1,71,0.0
2,1,72,0.0
2,1,73,0.0
2,1,74,0.0
2,1,75,0.0
2,1,76,0.0
2,1,77,0.0
2,1,78,0.0
2,1,79,0.0
2,1,80,0.0
2,1,81,0.0
2,1,82,0.0
2,1,83,0.0
2,1,84,0.0
2,1,85,0.0
2,1,86,0.0
2,1,87,0.0
2,1,88,0.0
2,1,89,0.0
2,1,90,0.0
2,1,91,0.0
2,1,92,0.0
2,1,93,0.0
2,1,94,0.0
2,1,95,0.0
2,1,96,0.0
2,1,97,0.0
2,1,98,0.0
2,1,99,0.0
2,2,0,0.0
2,2,1,0.0
2,2,2,0.0
2,2,3,0.0
2,2,4,0.0
2,2,5,0.0
2,2,6,0.0
2,2,7,0.0
2,2,8,0.0
2,2,9,0.0
2,2,10,0.0
2,2,11,0.0
2,2,12,0.0
2,2,13,0.0
2,2,14,0.0
2,2,15,0.0
2,2,16,0.0
2,2,17,0.0
2,2,18,0.0
2,2,19,0.0
2,2,20,0.0
2,2,21,0.0
2,2,22,0.0
2,2,23,0.0
2,2,24,0.0
2,2,25,0.0
2,2,26,0.0
2,2,27,0.0
2,2,28,0.0
2,2,29,0.0
2,2,30,0.0
2,2,31,0.0
2,2,32,0.0
2,2,33,0.0
2,2,34,0.0
2,2,35,0.0
2,2,36,0.0
2,2,37,0.0
2,2,38,0.0
2,2,39,0.0
2,2,40,0.0
2,2,41,0.0
2,2,42,0.0
2,2,43,0.0
2,2,44,0.0
2,2,45,0.0
2,2,46,0.0
2,2,47,0.0
2,2,48,0.0
2,2,49,0.0
2,2,50,0.0
2,2,51,0.0
2,2,52,0.0
2,2,53,0.0
2,2,54,0.0
2,2,55,0.0
2,2,56,0.0
2,2,57,0.0
2,2,58,0.0
2,2,59,0.0
2,2,60,0.0
2,2,61,0.0
2,2,62,0.0
2,2,63,0.0
2,2,64,0.0
2,2,65,0.0
2,2,66,0.0
2,2,67,0.0
2,2,68,0.0
2,2,69,0.0
2,2,70,0.0
2,2,71,0.0
2,2,72,0.0
2,2,73,0.0
2,2,74,0.0
2,2,75,0.0
2,2,76,0.0
2,2,77,0.0
2,2,78,0.0
2,2,79,0.0
2,2,80,0.0
2,2,81,0.0
2,2,82,0.0
2,2,83,0.0
2,2,84,0.0
2,2,85,0.0
2,2,86,0.0
2,2,87,0.0
2,2,88,0.0
2,2,89,0.0
2,2,90,0.0
2,2,91,0.0
2,2,92,0.0
2,2,93,0.0
2,2,94,0.0
2,2,95,0.0
2,2,96,0.0
2,2,97,0.0
2,2,98,0.0
2,2,99,0.0
2,3,0,0.0
2,3,1,0.0
2,3,2,0.0
2,3,3,0.0
2,3,4,0.0
2,3,5,0.0
2,3,6,0.0
2,3,7,0.0
2,3,8,0.0
2,3,9,0.0
2,3,10,0.0
2,3,11,0.0
2,3,12,0.0
2,3,13,0.0
2,3,14,0.0
2,3,15,0.0
2,3,16,0.0
2,3,17,0.0
2,3,18,0.0
2,3,19,0.0
2,3,20,0.0
2,3,21,0.0
2,3,22,0.0
2,3,23,0.0
2,3,24,0.0
2,3,25,0.0
2,3,26,0.0
2,3,27,0.0
2,3,28,0.0
2,3,29,0.0
2,3,30,0.0
2,3,31,0.0
2,3,32,0.0
2,3,33,0.0
2,3,34,0.0
2,3,35,0.0
2,3,36,0.0
2,3,37,0.0
2,3,38,0.0
2,3,39,0.0
2,3,40,0.0
2,3,41,0.0
2,3,42,0.0
2,3,43,0.0
2,3,44,0.0
2,3,45,0.0
2,3,46,0.0
2,3,47,0.0
2,3,48,0.0
2,3,49,0.0
2,3,50,0.0
2,3,51,0.0
2,3,52,0.0
2,3,53,0.0
2,3,54,0.0
2,3,55,0.0
2,3,56,0.0
2,3,57,0.0
2,3,58,0.0
2,3,59,0.0
2,3,60,0.0
2,3,61,0.0
2,3,62,0.0
2,3,63,0.0
2,3,64,0.0
2,3,65,0.0
2,3,66,0.0
2,3,67,0.0
2,3,68,0.0
2,3,69,0.0
2,3,70,0.0
2,3,71,0.0
2,3,72,0.0
2,3,73,0.0
2,3,74,0.0
2,3,75,0.0
2,3,76,0.0
2,3,77,0.0
2,3,78,0.0
2,3,79,0.0
2,3,80,0.0
2,3,81,0.0
2,3,82,0.0
2,3,83,0.0
2,3,84,0.0
2,3,85,0.0
2,3,86,0.0
2,3,87,0.0
2,3,88,0.0
2,3,89,0.0
2,3,90,0.0
2,3,91,0.0
2,3,92,0.0
2,3,93,0.0
2,3,94,0.0
2,3,95,0.0
2,3,96,0.0
2,3,97,0.0
2,3,98,0.0
2,3,99,0.0
2,4,0,0.0
2,4,1,0.0
2,4,2,0.0
2,4,3,0.0
2,4,4,0.0
2,4,5,0.0
2,4,6,0.0
2,4,7,0.0
2,4,8,0.0
2,4,9,0.0
2,4,10,0.0
2,4,11,0.0
2,4,12,0.0
2,4,13,0.0
2,4,14,0.0
2,4,15,0.0
2,4,16,0.0
2,4,17,0.0
2,4,18,0.0
2,4,19,0.0
2,4,20,0.0
2,4,21,0.0
2,4,22,0.0
2,4,23,0.0
2,4,24,0.0
2,4,25,0.0
2,4,26,0.0
2,4,27,0.0
2,4,28,0.0
2,4,29,0.0
2,4,30,0.0
2,4,31,0.0
2,4,32,0.0
2,4,33,0.0
2,4,34,0.0
2,4,35,0.0
2,4,36,0.0
2,4,37,0.0
2,4,38,0.0
2,4,39,0.0
2,4,40,0.0
2,4,41,0.0
2,4,42,0.0
2,4,43,0.0
2,4,44,0.0
2,4,45,0.0
2,4,46,0.0
2,4,47,0.0
2,4,48,0.0
2,4,49,0.0
2,4,50,0.0
2,4,51,0.0
2,4,52,0.0
2,4,53,0.0
2,4,54,0.0
2,4,55,0.0
2,4,56,0.0
2,4,57,0.0
2,4,58,0.0
2,4,59,0.0
2,4,60,0.0
2,4,61,0.0
2,4,62,0.0
2,4,63,0.0
2,4,64,0.0
2,4,65,0.0
2,4,66,0.0
2,4,67,0.0
2,4,68,0.0
2,4,69,0.0
2,4,70,0.0
2,4,71,0.0
2,4,72,0.0
2,4,73,0.0
2,4,74,0.0
2,4,75,0.0
2,4,76,0.0
2,4,77,0.0
2,4,78,0.0
2,4,79,0.0
2,4,80,0.0
2,4,81,0.0
2,4,82,0.0
2,4,83,0.0
2,4,84,0.0
2,4,85,0.0
2,4,86,0.0
2,4,87,0.0
2,4,88,0.0
2,4,89,0.0
2,4,90,0.0
2,4,91,0.0
2,4,92,0.0
2,4,93,0.0
2,4,94,0.0
2,4,95,0.0
2,4,96,0.0
2,4,97,0.0
2,4,98,0.0
2,4,99,0.0
2,5,0,0.0
2,5,1,0.0
2,5,2,0.0
2,5,3,0.0
2,5,4,0.0
2,5,5,0.0
2,5,6,0.0
2,5,7,0.0
2,5,8,0.0
2,5,9,0.0
2,5,10,0.0
2,5,11,0.0
2,5,12,0.0
2,5,13,0.0
2,5,14,0.0
2,5,15,0.0
2,5,16,0.0
2,5,17,0.0
2,5,18,0.0
2,5,19,0.0
2,5,20,0.0
2,5,21,0.0
2,5,22,0.0
2,5,23,0.0
2,5,24,0.0
2,5,25,0.0
2,5,26,0.0
2,5,27,0.0
2,5,28,0.0
2,5,29,0.0
2,5,30,0.0
2,5,31,0.0
2,5,32,0.0
2,5,33,0.0
2,5,34,0.0
2,5,35,0.0
2,5,36,0.0
2,5,37,0.0
2,5,38,0.0
2,5,39,0.0
2,5,40,0.0
2,5,41,0.0
2,5,42,0.0
2,5,43,0.0
2,5,44,0.0
2,5,45,0.0
2,5,46,0.0
2,5,47,0.0
2,5,48,0.0
2,5,49,0.0
2,5,50,0.0
2,5,51,0.0
2,5,52,0.0
2,5,53,0.0
2,5,54,0.0
2,5,55,0.0
2,5,56,0.0
2,5,57,0.0
2,5,58,0.0
2,5,59,0.0
2,5,60,0.0
2,5,61,0.0
2,5,62,0.0
2,5,63,0.0
2,5,64,0.0
2,5,65,0.0
2,5,66,0.0
2,5,67,0.0
2,5,68,0.0
2,5,69,0.0
2,5,70,0.0
2,5,71,0.0
2,5,72,0.0
2,5,73,0.0
2,5,74,0.0
2,5,75,0.0
2,5,76,0.0
2,5,77,0.0
2,5,78,0.0
2,5,79,0.0
2,5,80,0.0
2,5,81,0.0
2,5,82,0.0
2,5,83,0.0
2,5,84,0.0
2,5,85,0.0
2,5,86,0.0
2,5,87,0.0
2,5,88,0.0
2,5,89,0.0
2,5,90,0.0
2,5,91,0.0
2,5,92,0.0
2,5,93,0.0
2,5,94,0.0
2,5,95,0.0
2,5,96,0.0
2,5,97,0.0
2,5,98,0.0
2,5,99,0.0
2,6,0,0.0
2,6,1,0.0
2,6,2,0.0
2,6,3,0.0
2,6,4,0.0
2,6,5,0.0
2,6,6,0.0
2,6,7,0.0
2,6,8,0.0
2,6,9,0.0
2,6,10,0.0
2,6,11,0.0
2,6,12,0.0
2,6,13,0.0
2,6,14,0.0
2,6,15,0.0
2,6,16,0.0
2,6,17,0.0
2,6,18,0.0
2,6,19,0.0
2,6,20,0.0
2,6,21,0.0
2,6,22,0.0
2,6,23,0.0
2,6,24,0.0
2,6,25,0.0
2,6,26,0.0
2,6,27,0.0
2,6,28,0.0
2,6,29,0.0
2,6,30,0.0
2,6,31,0.0
2,6,32,0.0
2,6,33,0.0
2,6,34,0.0
2,6,35,0.0
2,6,36,0.0
2,6,37,0.0
2,6,38,0.0
2,6,39,0.0
2,6,40,0.0
2,6,41,0.0
2,6,42,0.0
2,6,43,0.0
2,6,44,0.0
2,6,45,0.0
2,6,46,0.0
2,6,47,0.0
2,6,48,0.0
2,6,49,0.0
2,6,50,0.0
2,6,51,0.0
2,6,52,0.0
2,6,53,0.0
2,6,54,0.0
2,6,55,0.0
2,6,56,0.0
2,6,57,0.0
2,6,58,0.0
2,6,59,0.0
2,6,60,0.0
2,6,61,0.0
2,6,62,0.0
2,6,63,0.0
2,6,64,0.0
2,6,65,0.0
2,6,66,0.0
2,6,67,0.0
2,6,68,0.0
2,6,69,0.0
2,6,70,0.0
2,6,71,0.0
2,6,72,0.0
2,6,73,0.0
2,6,74,0.0
2,6,75,0.0
2,6,76,0.0
2,6,77,0.0
2,6,78,0.0
2,6,79,0.0
2,6,80,0.0
2,6,81,0.0
2,6,82,0.0
2,6,83,0.0
2,6,84,0.0
2,6,85,0.0
2,6,86,0.0
2,6,87,0.0
2,6,88,0.0
2,6,89,0.0
2,6,90,0.0
2,6,91,0.0
2,6,92,0.0
2,6,93,0.0
2,6,94,0.0
2,6,95,0.0
2,6,96,0.0
2,6,97,0.0
2,6,98,0.0
2,6,99,0.0
2,7,0,0.0
2,7,1,9.0
2,7,2,0.0
2,7,3,9.0
2,7,4,0.0
2,7,5,0.0
2,7,6,0.0
2,7,7,0.0
2,7,8,0.0
2,7,9,0.0
2,7,10,0.0
2,7,11,0.0
2,7,12,0.0
2,7,13,0.0
2,7,14,0.0
2,7,15,0.0
2,7,16,0.0
2,7,17,0.0
2,7,18,0.0
2,7,19,0.0
2,7,20,0.0
2,7,21,0.0
2,7,22,0.0
2,7,23,0.0
2,7,24,0.0
2,7,25,0.0
2,7,26,0.0
2,7,27,0.0
2,7,28,0.0
2,7,29,0.0
2,7,30,10.0
2,7,31,0.0
2,7,32,0.0
2,7,33,0.0
2,7,34,0.0
2,7,35,7.0
2,7,36,4.0
2,7,37,0.0
2,7,38,0.0
2,7,39,0.0
2,7,40,0.0
2,7,41,0.0
2,7,42,0.0
2,7,43,0.0
2,7,44,0.0
2,7,45,0.0
2,7,46,0.0
2,7,47,0.0
2,7,48,0.0
2,7,49,0.0
2,7,50,0.0
2,7,51,0.0
2,7,52,0.0
2,7,53,0.0
2,7,54,0.0
2,7,55,0.0
2,7,56,0.0
2,7,57,0.0
2,7,58,0.0
2,7,59,0.0
2,7,60,11.0
2,7,61,0.0
2,7,62,0.0
2,7,63,0.0
2,7,64,0.0
2,7,65,0.0
2,7,66,0.0
2,7,67,0.0
2,7,68,3.0
2,7,69,0.0
2,7,70,0.0
2,7,71,0.0
2,7,72,0.0
2,7,73,0.0
2,7,74,0.0
2,7,75,0.0
2,7,76,0.0
2,7,77,0.0
2,7,78,0.0
2,7,79,0.0
2,7,80,0.0
2,7,81,0.0
2,7,82,0.0
2,7,83,0.0
2,7,84,0.0
2,7,85,0.0
2,7,86,0.0
2,7,87,0.0
2,7,88,0.0
2,7,89,17.0
2,7,90,0.0
2,7,91,0.0
2,7,92,0.0
2,7,93,0.0
2,7,94,0.0
2,7,95,0.0
2,7,96,2.0
2,7,97,0.0
2,7,98,0.0
2,7,99,0.0
2,8,0,0.0
2,8,1,0.0
2,8,2,14.0
2,8,3,0.0
2,8,4,0.0
2,8,5,0.0
2,8,6,0.0
2,8,7,0.0
2,8,8,15.0
2,8,9,8.0
2,8,10,0.0
2,8,11,0.0
2,8,12,0.0
2,8,13,0.0
2,8,14,0.0
2,8,15,0.0
2,8,16,0.0
2,8,17,0.0
2,8,18,12.0
2,8,19,0.0
2,8,20,9.0
2,8,21,0.0
2,8,22,7.0
2,8,23,12.0
2,8,24,17.0
2,8,25,0.0
2,8,26,0.0
2,8,27,0.0
2,8,28,0.0
2,8,29,0.0
2,8,30,0.0
2,8,31,0.0
2,8,32,11.0
2,8,33,0.0
2,8,34,12.0
2,8,35,0.0
2,8,36,0.0
2,8,37,0.0
2,8,38,0.0
2,8,39,0.0
2,8,40,0.0
2,8,41,0.0
2,8,42,0.0
2,8,43,0.0
2,8,44,0.0
2,8,45,0.0
2,8,46,0.0
2,8,47,0.0
2,8,48,0.0
2,8,49,0.0
2,8,50,11.0
2,8,51,0.0
2,8,52,0.0
2,8,53,3.0
2,8,54,0.0
2,8,55,0.0
2,8,56,0.0
2,8,57,3.0
2,8,58,0.0
2,8,59,0.0
2,8,60,0.0
2,8,61,9.0
2,8,62,0.0
2,8,63,0.0
2,8,64,0.0
2,8,65,17.0
2,8,66,9.0
2,8,67,0.0
2,8,68,0.0
2,8,69,0.0
2,8,70,5.0
2,8,71,0.0
2,8,72,0.0
2,8,73,0.0
2,8,74,0.0
2,8,75,0.0
2,8,76,0.0
2,8,77,0.0
2,8,78,0.0
2,8,79,0.0
2,8,80,0.0
2,8,81,0.0
2,8,82,0.0
2,8,83,11.0
2,8,84,0.0
2,8,85,9.0
2,8,86,0.0
2,8,87,5.0
2,8,88,0.0
2,8,89,0.0
2,8,90,12.0
2,8,91,0.0
2,8,92,0.0
2,8,93,0.0
2,8,94,0.0
2,8,95,0.0
2,8,96,0.0
2,8,97,0.0
2,8,98,17.0
2,8,99,0.0
2,9,0,0.0
2,9,1,0.0
2,9,2,0.0
2,9,3,0.0
2,9,4,53.0
2,9,5,0.0
2,9,6,0.0
2,9,7,0.0
2,9,8,0.0
2,9,9,0.0
2,9,10,0.0
2,9,11,0.0
2,9,12,0.0
2,9,13,0.0
2,9,14,0.0
2,9,15,0.0
2,9,16,0.0
2,9,17,0.0
2,9,18,0.0
2,9,19,41.0
2,9,20,0.0
2,9,21,0.0
2,9,22,0.0
2,9,23,42.0
2,9,24,0.0
2,9,25,59.0
2,9,26,25.0
2,9,27,0.0
2,9,28,0.0
2,9,29,0.0
2,9,30,0.0
2,9,31,0.0
2,9,32,0.0
2,9,33,0.0
2,9,34,0.0
2,9,35,0.0
2,9,36,0.0
2,9,37,50.0
2,9,38,0.0
2,9,39,0.0
2,9,40,0.0
2,9,41,0.0
2,9,42,0.0
2,9,43,0.0
2,9,44,0.0
2,9,45,17.0
2,9,46,49.0
2,9,47,36.0
2,9,48,0.0
2,9,49,0.0
2,9,50,0.0
2,9,51,9.0
2,9,52,0.0
2,9,53,31.0
2,9,54,51.0
2,9,55,0.0
2,9,56,20.0
2,9,57,0.0
2,9,58,0.0
2,9,59,0.0
2,9,60,33.0
2,9,61,0.0
2,9,62,0.0
2,9,63,0.0
2,9,64,24.0
2,9,65,0.0
2,9,66,28.0
2,9,67,0.0
2,9,68,0.0
2,9,69,47.0
2,9,70,0.0
2,9,71,41.0
2,9,72,0.0
2,9,73,0.0
2,9,74,0.0
2,9,75,0.0
2,9,76,0.0
2,9,77,0.0
2,9,78,0.0
2,9,79,0.0
2,9,80,0.0
2,9,81,0.0
2,9,82,0.0
2,9,83,40.0
2,9,84,0.0
2,9,85,0.0
2,9,86,54.0
2,9,87,0.0
2,9,88,0.0
2,9,89,0.0
2,9,90,36.0
2,9,91,0.0
2,9,92,0.0
2,9,93,2.0
2,9,94,0.0
2,9,95,0.0
2,9,96,0.0
2,9,97,0.0
2,9,98,0.0
2,9,99,0.0
2,10,0,0.0
2,10,1,22.0
2,10,2,0.0
2,10,3,108.0
2,10,4,0.0
2,10,5,0.0
2,10,6,120.0
2,10,7,0.0
2,10,8,19.0
2,10,9,29.0
2,10,10,161.0
2,10,11,173.0
2,10,12,0.0
2,10,13,0.0
2,10,14,189.0
2,10,15,0.0
2,10,16,151.0
2,10,17,121.0
2,10,18,119.0
2,10,19,90.0
2,10,20,0.0
2,10,21,130.0
2,10,22,44.0
2,10,23,0.0
2,10,24,68.0
2,10,25,84.0
2,10,26,0.0
2,10,27,79.0
2,10,28,123.0
2,10,29,0.0
2,10,30,54.0
2,10,31,0.0
2,10,32,101.0
2,10,33,77.0
2,10,34,0.0
2,10,35,16.0
2,10,36,0.0
2,10,37,0.0
2,10,38,24.0
2,10,39,206.0
2,10,40,111.0
2,10,41,0.0
2,10,42,94.0
2,10,43,106.0
2,10,44,0.0
2,10,45,133.0
2,10,46,0.0
2,10,47,0.0
2,10,48,53.0
2,10,49,0.0
2,10,50,153.0
2,10,51,54.0
2,10,52,55.0
2,10,53,25.0
2,10,54,4.0
2,10,55,0.0
2,10,56,0.0
2,10,57,11.0
2,10,58,163.0
2,10,59,146.0
2,10,60,0.0
2,10,61,0.0
2,10,62,113.0
2,10,63,0.0
2,10,64,39.0
2,10,65,0.0
2,10,66,0.0
2,10,67,27.0
2,10,68,88.0
2,10,69,0.0
2,10,70,1.0
2,10,71,33.0
2,10,72,0.0
2,10,73,118.0
2,10,74,0.0
2,10,75,0.0
2,10,76,0.0
2,10,77,94.0
2,10,78,0.0
2,10,79,85.0
2,10,80,0.0
2,10,81,42.0
2,10,82,118.0
2,10,83,0.0
2,10,84,0.0
2,10,85,0.0
2,10,86,0.0
2,10,87,0.0
2,10,88,70.0
2,10,89,0.0
2,10,90,149.0
2,10,91,161.0
2,10,92,2.0
2,10,93,0.0
2,10,94,0.0
2,10,95,26.0
2,10,96,98.0
2,10,97,0.0
2,10,98,0.0
2,10,99,66.0
2,11,0,105.0
2,11,1,125.0
2,11,2,95.0
2,11,3,61.0
2,11,4,154.0
2,11,5,136.0
2,11,6,139.0
2,11,7,114.0
2,11,8,0.0
2,11,9,166.0
2,11,10,77.0
2,11,11,0.0
2,11,12,25.0
2,11,13,192.0
2,11,14,50.0
2,11,15,226.0
2,11,16,64.0
2,11,17,67.0
2,11,18,20.0
2,11,19,77.0
2,11,20,58.0
2,11,21,0.0
2,11,22,33.0
2,11,23,140.0
2,11,24,48.0
2,11,25,6.0
2,11,26,19.0
2,11,27,102.0
2,11,28,0.0
2,11,29,112.0
2,11,30,183.0
2,11,31,261.0
2,11,32,0.0
2,11,33,0.0
2,11,34,28.0
2,11,35,162.0
2,11,36,146.0
2,11,37,20.0
2,11,38,43.0
2,11,39,83.0
2,11,40,175.0
2,11,41,141.0
2,11,42,0.0
2,11,43,64.0
2,11,44,124.0
2,11,45,85.0
2,11,46,0.0
2,11,47,125.0
2,11,48,0.0
2,11,49,183.0
2,11,50,1.0
2,11,51,0.0
2,11,52,0.0
2,11,53,204.0
2,11,54,136.0
2,11,55,91.0
2,11,56,178.0
2,11,57,155.0
2,11,58,18.0
2,11,59,21.0
2,11,60,78.0
2,11,61,52.0
2,11,62,155.0
2,11,63,66.0
2,11,64,207.0
2,11,65,177.0
2,11,66,172.0
2,11,67,161.0
2,11,68,52.0
2,11,69,113.0
2,11,70,114.0
2,11,71,138.0
2,11,72,128.0
2,11,73,35.0
2,11,74,150.0
2,11,75,44.0
2,11,76,145.0
2,11,77,70.0
2,11,78,55.0
2,11,79,243.0
2,11,80,131.0
2,11,81,272.0
2,11,82,6.0
2,11,83,285.0
2,11,84,0.0
2,11,85,141.0
2,11,86,83.0
2,11,87,111.0
2,11,88,189.0
2,11,89,179.0
2,11,90,45.0
2,11,91,40.0
2,11,92,193.0
2,11,93,146.0
2,11,94,124.0
2,11,95,26.0
2,11,96,277.0
2,11,97,0.0
2,11,98,289.0
2,11,99,22.0
2,12,0,200.0
2,12,1,165.0
2,12,2,264.0
2,12,3,232.0
2,12,4,289.0
2,12,5,266.0
2,12,6,141.0
2,12,7,46.0
2,12,8,293.0
2,12,9,142.0
2,12,10,252.0
2,12,11,208.0
2,12,12,99.0
2,12,13,0.0
2,12,14,271.0
2,12,15,283.0
2,12,16,122.0
2,12,17,287.0
2,12,18,165.0
2,12,19,81.0
2,12,20,40.0
2,12,21,172.0
2,12,22,141.0
2,12,23,83.0
2,12,24,312.0
2,12,25,304.0
2,12,26,123.0
2,12,27,61.0
2,12,28,196.0
2,12,29,0.0
2,12,30,197.0
2,12,31,146.0
2,12,32,47.0
2,12,33,123.0
2,12,34,190.0
2,12,35,195.0
2,12,36,183.0
2,12,37,192.0
2,12,38,175.0
2,12,39,359.0
2,12,40,110.0
2,12,41,25.0
2,12,42,190.0
2,12,43,288.0
2,12,44,0.0
2,12,45,0.0
2,12,46,236.0
2,12,47,90.0
2,12,48,129.0
2,12,49,149.0
2,12,50,0.0
2,12,51,280.0
2,12,52,166.0
2,12,53,204.0
2,12,54,219.0
2,12,55,383.0
2,12,56,174.0
2,12,57,311.0
2,12,58,207.0
2,12,59,193.0
2,12,60,237.0
2,12,61,220.0
2,12,62,155.0
2,12,63,0.0
2,12,64,165.0
2,12,65,175.0
2,12,66,212.0
2,12,67,0.0
2,12,68,352.0
2,12,69,36.0
2,12,70,57.0
2,12,71,147.0
2,12,72,194.0
2,12,73,159.0
2,12,74,51.0
2,12,75,101.0
2,12,76,174.0
2,12,77,90.0
2,12,78,126.0
2,12,79,0.0
2,12,80,202.0
2,12,81,0.0
2,12,82,220.0
2,12,83,68.0
2,12,84,260.0
2,12,85,126.0
2,12,86,197.0
2,12,87,174.0
2,12,88,217.0
2,12,89,269.0
2,12,90,285.0
2,12,91,357.0
2,12,92,199.0
2,12,93,0.0
2,12,94,181.0
2,12,95,175.0
2,12,96,70.0
2,12,97,61.0
2,12,98,166.0
2,12,99,277.0
2,13,0,305.0
2,13,1,322.0
2,13,2,238.0
2,13,3,286.0
2,13,4,266.0
2,13,5,262.0
2,13,6,193.0
2,13,7,153.0
2,13,8,35.0
2,13,9,195.0
2,13,10,159.0
2,13,11,337.0
2,13,12,365.0
2,13,13,281.0
2,13,14,200.0
2,13,15,163.0
2,13,16,378.0
2,13,17,301.0
2,13,18,303.0
2,13,19,267.0
2,13,20,238.0
2,13,21,89.0
2,13,22,135.0
2,13,23,320.0
2,13,24,173.0
2,13,25,61.0
2,13,26,161.0
2,13,27,219.0
2,13,28,185.0
2,13,29,337.0
2,13,30,178.0
2,13,31,262.0
2,13,32,254.0
2,13,33,106.0
2,13,34,325.0
2,13,35,303.0
2,13,36,126.0
2,13,37,264.0
2,13,38,109.0
2,13,39,0.0
2,13,40,296.0
2,13,41,172.0
2,13,42,97.0
2,13,43,223.0
2,13,44,153.0
2,13,45,332.0
2,13,46,260.0
2,13,47,269.0
2,13,48,221.0
2,13,49,234.0
2,13,50,155.0
2,13,51,211.0
2,13,52,189.0
2,13,53,173.0
2,13,54,311.0
2,13,55,201.0
2,13,56,140.0
2,13,57,0.0
2,13,58,269.0
2,13,59,139.0
2,13,60,334.0
2,13,61,195.0
2,13,62,177.0
2,13,63,384.0
2,13,64,282.0
2,13,65,394.0
2,13,66,0.0
2,13,67,355.0
2,13,68,55.0
2,13,69,390.0
2,13,70,232.0
2,13,71,115.0
2,13,72,128.0
2,13,73,328.0
2,13,74,323.0
2,13,75,137.0
2,13,76,145.0
2,13,77,298.0
2,13,78,348.0
2,13,79,352.0
2,13,80,136.0
2,13,81,98.0
2,13,82,54.0
2,13,83,350.0
2,13,84,164.0
2,13,85,333.0
2,13,86,193.0
2,13,87,116.0
2,13,88,255.0
2,13,89,371.0
2,13,90,212.0
2,13,91,64.0
2,13,92,87.0
2,13,93,319.0
2,13,94,153.0
2,13,95,281.0
2,13,96,336.0
2,13,97,164.0
2,13,98,348.0
2,13,99,279.0
2,14,0,0.0
2,14,1,0.0
2,14,2,0.0
2,14,3,0.0
2,14,4,97.0
2,14,5,0.0
2,14,6,0.0
2,14,7,0.0
2,14,8,0.0
2,14,9,48.0
2,14,10,0.0
2,14,11,0.0
2,14,12,0.0
2,14,13,106.0
2,14,14,95.0
2,14,15,98.0
2,14,16,0.0
2,14,17,0.0
2,14,18,0.0
2,14,19,0.0
2,14,20,0.0
2,14,21,0.0
2,14,22,0.0
2,14,23,0.0
2,14,24,0.0
2,14,25,0.0
2,14,26,0.0
2,14,27,0.0
2,14,28,0.0
2,14,29,0.0
2,14,30,0.0
2,14,31,0.0
2,14,32,4.0
2,14,33,0.0
2,14,34,95.0
2,14,35,0.0
2,14,36,0.0
2,14,37,0.0
2,14,38,0.0
2,14,39,0.0
2,14,40,0.0
2,14,41,0.0
2,14,42,0.0
2,14,43,123.0
2,14,44,0.0
2,14,45,0.0
2,14,46,0.0
2,14,47,0.0
2,14,48,0.0
2,14,49,0.0
2,14,50,0.0
2,14,51,0.0
2,14,52,27.0
2,14,53,0.0
2,14,54,0.0
2,14,55,0.0
2,14,56,0.0
2,14,57,0.0
2,14,58,0.0
2,14,59,0.0
2,14,60,0.0
2,14,61,0.0
2,14,62,0.0
2,14,63,5.0
2,14,64,0.0
2,14,65,0.0
2,14,66,0.0
2,14,67,0.0
2,14,68,0.0
2,14,69,35.0
2,14,70,0.0
2,14,71,137.0
2,14,72,0.0
2,14,73,0.0
2,14,74,119.0
2,14,75,0.0
2,14,76,0.0
2,14,77,0.0
2,14,78,0.0
2,14,79,62.0
2,14,80,0.0
2,14,81,118.0
2,14,82,0.0
2,14,83,0.0
2,14,84,0.0
2,14,85,0.0
2,14,86,0.0
2,14,87,0.0
2,14,88,0.0
2,14,89,0.0
2,14,90,0.0
2,14,91,0.0
2,14,92,0.0
2,14,93,67.0
2,14,94,0.0
2,14,95,0.0
2,14,96,0.0
2,14,97,0.0
2,14,98,0.0
2,14,99,0.0
2,15,0,156.0
2,15,1,90.0
2,15,2,89.0
2,15,3,122.0
2,15,4,149.0
2,15,5,116.0
2,15,6,17.0
2,15,7,113.0
2,15,8,121.0
2,15,9,202.0
2,15,10,117.0
2,15,11,151.0
2,15,12,127.0
2,15,13,146.0
2,15,14,202.0
2,15,15,174.0
2,15,16,157.0
2,15,17,151.0
2,15,18,198.0
2,15,19,28.0
2,15,20,187.0
2,15,21,192.0
2,15,22,141.0
2,15,23,202.0
2,15,24,155.0
2,15,25,129.0
2,15,26,169.0
2,15,27,54.0
2,15,28,101.0
2,15,29,48.0
2,15,30,180.0
2,15,31,137.0
2,15,32,178.0
2,15,33,167.0
2,15,34,144.0
2,15,35,177.0
2,15,36,116.0
2,15,37,165.0
2,15,38,169.0
2,15,39,140.0
2,15,40,146.0
2,15,41,140.0
2,15,42,171.0
2,15,43,173.0
2,15,44,122.0
2,15,45,135.0
2,15,46,181.0
2,15,47,179.0
2,15,48,103.0
2,15,49,116.0
2,15,50,17.0
2,15,51,120.0
2,15,52,195.0
2,15,53,125.0
2,15,54,175.0
2,15,55,167.0
2,15,56,182.0
2,15,57,168.0
2,15,58,129.0
2,15,59,182.0
2,15,60,169.0
2,15,61,152.0
2,15,62,182.0
2,15,63,42.0
2,15,64,119.0
2,15,65,120.0
2,15,66,143.0
2,15,67,75.0
2,15,68,184.0
2,15,69,170.0
2,15,70,121.0
2,15,71,181.0
2,15,72,200.0
2,15,73,191.0
2,15,74,177.0
2,15,75,187.0
2,15,76,126.0
2,15,77,118.0
2,15,78,155.0
2,15,79,207.0
2,15,80,135.0
2,15,81,166.0
2,15,82,20.0
2,15,83,166.0
2,15,84,155.0
2,15,85,35.0
2,15,86,90.0
2,15,87,164.0
2,15,88,200.0
2,15,89,187.0
2,15,90,206.0
2,15,91,155.0
2,15,92,123.0
2,15,93,151.0
2,15,94,188.0
2,15,95,132.0
2,15,96,129.0
2,15,97,174.0
2,15,98,125.0
2,15,99,51.0
2,16,0,0.0
2,16,1,0.0
2,16,2,0.0
2,16,3,0.0
2,16,4,0.0
2,16,5,0.0
2,16,6,0.0
2,16,7,0.0
2,16,8,0.0
2,16,9,0.0
2,16,10,0.0
2,16,11,0.0
2,16,12,0.0
2,16,13,0.0
2,16,14,62.0
2,16,15,0.0
2,16,16,0.0
2,16,17,0.0
2,16,18,0.0
2,16,19,0.0
2,16,20,56.0
2,16,21,0.0
2,16,22,0.0
2,16,23,33.0
2,16,24,0.0
2,16,25,0.0
2,16,26,0.0
2,16,27,0.0
2,16,28,0.0
2,16,29,0.0
2,16,30,0.0
2,16,31,0.0
2,16,32,0.0
2,16,33,0.0
2,16,34,114.0
2,16,35,0.0
2,16,36,0.0
2,16,37,0.0
2,16,38,139.0
2,16,39,47.0
2,16,40,0.0
2,16,41,0.0
2,16,42,0.0
2,16,43,0.0
2,16,44,0.0
2,16,45,35.0
2,16,46,0.0
2,16,47,0.0
2,16,48,0.0
2,16,49,0.0
2,16,50,0.0
2,16,51,99.0
2,16,52,35.0
2,16,53,0.0
2,16,54,0.0
2,16,55,0.0
2,16,56,0.0
2,16,57,10.0
2,16,58,0.0
2,16,59,0.0
2,16,60,65.0
2,16,61,0.0
2,16,62,0.0
2,16,63,65.0
2,16,64,0.0
2,16,65,0.0
2,16,66,0.0
2,16,67,0.0
2,16,68,0.0
2,16,69,0.0
2,16,70,0.0
2,16,71,0.0
2,16,72,0.0
2,16,73,0.0
2,16,74,0.0
2,16,75,0.0
2,16,76,0.0
2,16,77,0.0
2,16,78,0.0
2,16,79,0.0
2,16,80,0.0
2,16,81,22.0
2,16,82,0.0
2,16,83,24.0
2,16,84,0.0
2,16,85,0.0
2,16,86,0.0
2,16,87,0.0
2,16,88,0.0
2,16,89,16.0
2,16,90,0.0
2,16,91,66.0
2,16,92,0.0
2,16,93,21.0
2,16,94,0.0
2,16,95,0.0
2,16,96,91.0
2,16,97,0.0
2,16,98,0.0
2,16,99,106.0
2,17,0,179.0
2,17,1,231.0
2,17,2,119.0
2,17,3,0.0
2,17,4,121.0
2,17,5,229.0
2,17,6,185.0
2,17,7,204.0
2,17,8,0.0
2,17,9,172.0
2,17,10,204.0
2,17,11,130.0
2,17,12,107.0
2,17,13,36.0
2,17,14,0.0
2,17,15,3.0
2,17,16,128.0
2,17,17,202.0
2,17,18,101.0
2,17,19,183.0
2,17,20,221.0
2,17,21,29.0
2,17,22,184.0
2,17,23,123.0
2,17,24,0.0
2,17,25,50.0
2,17,26,233.0
2,17,27,121.0
2,17,28,173.0
2,17,29,147.0
2,17,30,129.0
2,17,31,147.0
2,17,32,143.0
2,17,33,28.0
2,17,34,0.0
2,17,35,207.0
2,17,36,225.0
2,17,37,202.0
2,17,38,138.0
2,17,39,203.0
2,17,40,0.0
2,17,41,192.0
2,17,42,178.0
2,17,43,62.0
2,17,44,91.0
2,17,45,212.0
2,17,46,159.0
2,17,47,52.0
2,17,48,16.0
2,17,49,201.0
2,17,50,79.0
2,17,51,0.0
2,17,52,165.0
2,17,53,130.0
2,17,54,157.0
2,17,55,61.0
2,17,56,123.0
2,17,57,125.0
2,17,58,49.0
2,17,59,224.0
2,17,60,17.0
2,17,61,206.0
2,17,62,46.0
2,17,63,240.0
2,17,64,20.0
2,17,65,167.0
2,17,66,128.0
2,17,67,132.0
2,17,68,57.0
2,17,69,0.0
2,17,70,156.0
2,17,71,140.0
2,17,72,158.0
2,17,73,0.0
2,17,74,22.0
2,17,75,173.0
2,17,76,21.0
2,17,77,42.0
2,17,78,114.0
2,17,79,91.0
2,17,80,121.0
2,17,81,119.0
2,17,82,55.0
2,17,83,119.0
2,17,84,37.0
2,17,85,148.0
2,17,86,244.0
2,17,87,170.0
2,17,88,125.0
2,17,89,48.0
2,17,90,156.0
2,17,91,0.0
2,17,92,132.0
2,17,93,117.0
2,17,94,120.0
2,17,95,68.0
2,17,96,27.0
2,17,97,166.0
2,17,98,171.0
2,17,99,183.0
2,18,0,0.0
2,18,1,0.0
2,18,2,57.0
2,18,3,197.0
2,18,4,20.0
2,18,5,46.0
2,18,6,47.0
2,18,7,80.0
2,18,8,193.0
2,18,9,81.0
2,18,10,23.0
2,18,11,70.0
2,18,12,61.0
2,18,13,0.0
2,18,14,113.0
2,18,15,140.0
2,18,16,17.0
2,18,17,0.0
2,18,18,0.0
2,18,19,0.0
2,18,20,71.0
2,18,21,172.0
2,18,22,36.0
2,18,23,158.0
2,18,24,82.0
2,18,25,119.0
2,18,26,88.0
2,18,27,0.0
2,18,28,24.0
2,18,29,5.0
2,18,30,17.0
2,18,31,77.0
2,18,32,48.0
2,18,33,129.0
2,18,34,87.0
2,18,35,0.0
2,18,36,94.0
2,18,37,38.0
2,18,38,45.0
2,18,39,51.0
2,18,40,187.0
2,18,41,0.0
2,18,42,0.0
2,18,43,0.0
2,18,44,86.0
2,18,45,58.0
2,18,46,65.0
2,18,47,32.0
2,18,48,75.0
2,18,49,19.0
2,18,50,0.0
2,18,51,82.0
2,18,52,0.0
2,18,53,36.0
2,18,54,0.0
2,18,55,164.0
2,18,56,89.0
2,18,57,0.0
2,18,58,0.0
2,18,59,0.0
2,18,60,0.0
2,18,61,0.0
2,18,62,154.0
2,18,63,20.0
2,18,64,178.0
2,18,65,2.0
2,18,66,58.0
2,18,67,22.0
2,18,68,122.0
2,18,69,103.0
2,18,70,60.0
2,18,71,72.0
2,18,72,15.0
2,18,73,68.0
2,18,74,107.0
2,18,75,40.0
2,18,76,158.0
2,18,77,0.0
2,18,78,81.0
2,18,79,23.0
2,18,80,23.0
2,18,81,100.0
2,18,82,143.0
2,18,83,0.0
2,18,84,0.0
2,18,85,0.0
2,18,86,21.0
2,18,87,97.0
2,18,88,92.0
2,18,89,153.0
2,18,90,0.0
2,18,91,164.0
2,18,92,48.0
2,18,93,0.0
2,18,94,0.0
2,18,95,0.0
2,18,96,96.0
2,18,97,17.0
2,18,98,47.0
2,18,99,0.0
2,19,0,0.0
2,19,1,0.0
2,19,2,0.0
2,19,3,0.0
2,19,4,32.0
2,19,5,0.0
2,19,6,19.0
2,19,7,0.0
2,19,8,0.0
2,19,9,27.0
2,19,10,0.0
2,19,11,0.0
2,19,12,0.0
2,19,13,0.0
2,19,14,0.0
2,19,15,0.0
2,19,16,27.0
2,19,17,63.0
2,19,18,111.0
2,19,19,0.0
2,19,20,16.0
2,19,21,0.0
2,19,22,0.0
2,19,23,0.0
2,19,24,0.0
2,19,25,0.0
2,19,26,0.0
2,19,27,0.0
2,19,28,0.0
2,19,29,0.0
2,19,30,0.0
2,19,31,9.0
2,19,32,0.0
2,19,33,0.0
2,19,34,0.0
2,19,35,94.0
2,19,36,0.0
2,19,37,0.0
2,19,38,0.0
2,19,39,0.0
2,19,40,0.0
2,19,41,89.0
2,19,42,59.0
2,19,43,0.0
2,19,44,0.0
2,19,45,0.0
2,19,46,0.0
2,19,47,0.0
2,19,48,110.0
2,19,49,0.0
2,19,50,104.0
2,19,51,0.0
2,19,52,0.0
2,19,53,0.0
2,19,54,39.0
2,19,55,0.0
2,19,56,0.0
2,19,57,0.0
2,19,58,107.0
2,19,59,0.0
2,19,60,107.0
2,19,61,0.0
2,19,62,26.0
2,19,63,0.0
2,19,64,6.0
2,19,65,0.0
2,19,66,0.0
2,19,67,0.0
2,19,68,0.0
2,19,69,0.0
2,19,70,0.0
2,19,71,0.0
2,19,72,0.0
2,19,73,28.0
2,19,74,130.0
2,19,75,0.0
2,19,76,0.0
2,19,77,0.0
2,19,78,0.0
2,19,79,0.0
2,19,80,0.0
2,19,81,0.0
2,19,82,0.0
2,19,83,96.0
2,19,84,0.0
2,19,85,0.0
2,19,86,0.0
2,19,87,0.0
2,19,88,0.0
2,19,89,0.0
2,19,90,0.0
2,19,91,0.0
2,19,92,0.0
2,19,93,75.0
2,19,94,0.0
2,19,95,0.0
2,19,96,0.0
2,19,97,5.0
2,19,98,0.0
2,19,99,0.0
2,20,0,0.0
2,20,1,0.0
2,20,2,0.0
2,20,3,0.0
2,20,4,0.0
2,20,5,0.0
2,20,6,0.0
2,20,7,0.0
2,20,8,0.0
2,20,9,0.0
2,20,10,0.0
2,20,11,0.0
2,20,12,0.0
2,20,13,0.0
2,20,14,0.0
2,20,15,0.0
2,20,16,0.0
2,20,17,0.0
2,20,18,0.0
2,20,19,45.0
2,20,20,0.0
2,20,21,0.0
2,20,22,0.0
2,20,23,0.0
2,20,24,0.0
2,20,25,0.0
2,20,26,0.0
2,20,27,0.0
2,20,28,0.0
2,20,29,0.0
2,20,30,0.0
2,20,31,0.0
2,20,32,0.0
2,20,33,0.0
2,20,34,0.0
2,20,35,0.0
2,20,36,0.0
2,20,37,0.0
2,20,38,0.0
2,20,39,0.0
2,20,40,0.0
2,20,41,0.0
2,20,42,0.0
2,20,43,0.0
2,20,44,0.0
2,20,45,0.0
2,20,46,0.0
2,20,47,0.0
2,20,48,0.0
2,20,49,0.0
2,20,50,0.0
2,20,51,0.0
2,20,52,74.0
2,20,53,0.0
2,20,54,0.0
2,20,55,0.0
2,20,56,0.0
2,20,57,0.0
2,20,58,0.0
2,20,59,0.0
2,20,60,0.0
2,20,61,0.0
2,20,62,0.0
2,20,63,0.0
2,20,64,0.0
2,20,65,0.0
2,20,66,0.0
2,20,67,0.0
2,20,68,0.0
2,20,69,0.0
2,20,70,0.0
2,20,71,0.0
2,20,72,0.0
2,20,73,0.0
2,20,74,0.0
2,20,75,0.0
2,20,76,0.0
2,20,77,73.0
2,20,78,0.0
2,20,79,0.0
2,20,80,0.0
2,20,81,0.0
2,20,82,0.0
2,20,83,0.0
2,20,84,59.0
2,20,85,0.0
2,20,86,0.0
2,20,87,0.0
2,20,88,0.0
2,20,89,0.0
2,20,90,0.0
2,20,91,0.0
2,20,92,0.0
2,20,93,0.0
2,20,94,0.0
2,20,95,39.0
2,20,96,0.0
2,20,97,0.0
2,20,98,0.0
2,20,99,0.0
2,21,0,90.0
2,21,1,100.0
2,21,2,0.0
2,21,3,0.0
2,21,4,0.0
2,21,5,0.0
2,21,6,0.0
2,21,7,0.0
2,21,8,0.0
2,21,9,0.0
2,21,10,0.0
2,21,11,0.0
2,21,12,0.0
2,21,13,84.0
2,21,14,0.0
2,21,15,0.0
2,21,16,0.0
2,21,17,0.0
2,21,18,0.0
2,21,19,0.0
2,21,20,0.0
2,21,21,0.0
2,21,22,0.0
2,21,23,0.0
2,21,24,0.0
2,21,25,0.0
2,21,26,0.0
2,21,27,0.0
2,21,28,0.0
2,21,29,100.0
2,21,30,0.0
2,21,31,0.0
2,21,32,0.0
2,21,33,0.0
2,21,34,0.0
2,21,35,0.0
2,21,36,0.0
2,21,37,0.0
2,21,38,0.0
2,21,39,0.0
2,21,40,0.0
2,21,41,0.0
2,21,42,0.0
2,21,43,78.0
2,21,44,0.0
2,21,45,0.0
2,21,46,0.0
2,21,47,0.0
2,21,48,0.0
2,21,49,0.0
2,21,50,0.0
2,21,51,0.0
2,21,52,0.0
2,21,53,100.0
2,21,54,0.0
2,21,55,0.0
2,21,56,0.0
2,21,57,0.0
2,21,58,0.0
2,21,59,0.0
2,21,60,0.0
2,21,61,42.0
2,21,62,0.0
2,21,63,8.0
2,21,64,0.0
2,21,65,0.0
2,21,66,0.0
2,21,67,0.0
2,21,68,0.0
2,21,69,0.0
2,21,70,0.0
2,21,71,0.0
2,21,72,0.0
2,21,73,0.0
2,21,74,0.0
2,21,75,19.0
2,21,76,0.0
2,21,77,0.0
2,21,78,0.0
2,21,79,0.0
2,21,80,0.0
2,21,81,28.0
2,21,82,0.0
2,21,83,0.0
2,21,84,0.0
2,21,85,0.0
2,21,86,0.0
2,21,87,0.0
2,21,88,0.0
2,21,89,0.0
2,21,90,87.0
2,21,91,35.0
2,21,92,0.0
2,21,93,0.0
2,21,94,0.0
2,21,95,0.0
2,21,96,0.0
2,21,97,0.0
2,21,98,0.0
2,21,99,0.0
2,22,0,0.0
2,22,1,0.0
2,22,2,0.0
2,22,3,0.0
2,22,4,0.0
2,22,5,0.0
2,22,6,0.0
2,22,7,0.0
2,22,8,0.0
2,22,9,0.0
2,22,10,0.0
2,22,11,0.0
2,22,12,0.0
2,22,13,0.0
2,22,14,0.0
2,22,15,0.0
2,22,16,0.0
2,22,17,0.0
2,22,18,0.0
2,22,19,0.0
2,22,20,0.0
2,22,21,10.0
2,22,22,0.0
2,22,23,0.0
2,22,24,0.0
2,22,25,0.0
2,22,26,0.0
2,22,27,0.0
2,22,28,0.0
2,22,29,0.0
2,22,30,0.0
2,22,31,0.0
2,22,32,0.0
2,22,33,0.0
2,22,34,0.0
2,22,35,0.0
2,22,36,0.0
2,22,37,0.0
2,22,38,0.0
2,22,39,0.0
2,22,40,0.0
2,22,41,0.0
2,22,42,0.0
2,22,43,0.0
2,22,44,0.0
2,22,45,0.0
2,22,46,0.0
2,22,47,0.0
2,22,48,0.0
2,22,49,0.0
2,22,50,0.0
2,22,51,0.0
2,22,52,0.0
2,22,53,0.0
2,22,54,0.0
2,22,55,0.0
2,22,56,0.0
2,22,57,100.0
2,22,58,0.0
2,22,59,0.0
2,22,60,0.0
2,22,61,0.0
2,22,62,0.0
2,22,63,0.0
2,22,64,0.0
2,22,65,100.0
2,22,66,0.0
2,22,67,0.0
2,22,68,0.0
2,22,69,0.0
2,22,70,4.0
2,22,71,0.0
2,22,72,0.0
2,22,73,0.0
2,22,74,0.0
2,22,75,0.0
2,22,76,0.0
2,22,77,0.0
2,22,78,0.0
2,22,79,0.0
2,22,80,0.0
2,22,81,0.0
2,22,82,0.0
2,22,83,0.0
2,22,84,0.0
2,22,85,0.0
2,22,86,0.0
2,22,87,0.0
2,22,88,0.0
2,22,89,0.0
2,22,90,0.0
2,22,91,0.0
2,22,92,0.0
2,22,93,0.0
2,22,94,91.0
2,22,95,0.0
2,22,96,0.0
2,22,97,0.0
2,22,98,0.0
2,22,99,100.0
2,23,0,0.0
2,23,1,0.0
2,23,2,0.0
2,23,3,0.0
2,23,4,0.0
2,23,5,0.0
2,23,6,0.0
2,23,7,0.0
2,23,8,0.0
2,23,9,0.0
2,23,10,0.0
2,23,11,0.0
2,23,12,0.0
2,23,13,0.0
2,23,14,0.0
2,23,15,0.0
2,23,16,0.0
2,23,17,0.0
2,23,18,0.0
2,23,19,0.0
2,23,20,0.0
2,23,21,0.0
2,23,22,0.0
2,23,23,0.0
2,23,24,0.0
2,23,25,0.0
2,23,26,0.0
2,23,27,0.0
2,23,28,0.0
2,23,29,0.0
2,23,30,0.0
2,23,31,0.0
2,23,32,0.0
2,23,33,0.0
2,23,34,0.0
2,23,35,0.0
2,23,36,0.0
2,23,37,0.0
2,23,38,0.0
2,23,39,0.0
2,23,40,0.0
2,23,41,0.0
2,23,42,0.0
2,23,43,0.0
2,23,44,0.0
2,23,45,0.0
2,23,46,0.0
2,23,47,0.0
2,23,48,0.0
2,23,49,0.0
2,23,50,0.0
2,23,51,0.0
2,23,52,0.0
2,23,53,0.0
2,23,54,0.0
2,23,55,0.0
2,23,56,0.0
2,23,57,0.0
2,23,58,0.0
2,23,59,0.0
2,23,60,0.0
2,23,61,0.0
2,23,62,0.0
2,23,63,0.0
2,23,64,0.0
2,23,65,0.0
2,23,66,0.0
2,23,67,0.0
2,23,68,0.0
2,23,69,0.0
2,23,70,0.0
2,23,71,0.0
2,23,72,0.0
2,23,73,0.0
2,23,74,0.0
2,23,75,0.0
2,23,76,0.0
2,23,77,0.0
2,23,78,0.0
2,23,79,0.0
2,23,80,0.0
2,23,81,0.0
2,23,82,0.0
2,23,83,0.0
2,23,84,0.0
2,23,85,0.0
2,23,86,0.0
2,23,87,0.0
2,23,88,0.0
2,23,89,0.0
2,23,90,0.0
2,23,91,0.0
2,23,92,0.0
2,23,93,0.0
2,23,94,0.0
2,23,95,0.0
2,23,96,0.0
2,23,97,0.0
2,23,98,0.0
2,23,99,0.0
3,0,0,0.0
3,0,1,0.0
3,0,2,0.0
3,0,3,0.0
3,0,4,0.0
3,0,5,0.0
3,0,6,0.0
3,0,7,0.0
3,0,8,0.0
3,0,9,0.0
3,0,10,0.0
3,0,11,0.0
3,0,12,0.0
3,0,13,0.0
3,0,14,0.0
3,0,15,0.0
3,0,16,0.0
3,0,17,0.0
3,0,18,0.0
3,0,19,0.0
3,0,20,0.0
3,0,21,0.0
3,0,22,0.0
3,0,23,0.0
3,0,24,0.0
3,0,25,0.0
3,0,26,0.0
3,0,27,0.0
3,0,28,0.0
3,0,29,0.0
3,0,30,0.0
3,0,31,0.0
3,0,32,0.0
3,0,33,0.0
3,0,34,0.0
3,0,35,0.0
3,0,36,0.0
3,0,37,0.0
3,0,38,0.0
3,0,39,0.0
3,0,40,0.0
3,0,41,0.0
3,0,42,0.0
3,0,43,0.0
3,0,44,0.0
3,0,45,0.0
3,0,46,0.0
3,0,47,0.0
3,0,48,0.0
3,0,49,0.0
3,0,50,0.0
3,0,51,0.0
3,0,52,0.0
3,0,53,0.0
3,0,54,0.0
3,0,55,0.0
3,0,56,0.0
3,0,57,0.0
3,0,58,0.0
3,0,59,0.0
3,0,60,0.0
3,0,61,0.0
3,0,62,0.0
3,0,63,0.0
3,0,64,0.0
3,0,65,0.0
3,0,66,0.0
3,0,67,0.0
3,0,68,0.0
3,0,69,0.0
3,0,70,0.0
3,0,71,0.0
3,0,72,0.0
3,0,73,0.0
3,0,74,0.0
3,0,75,0.0
3,0,76,0.0
3,0,77,0.0
3,0,78,0.0
3,0,79,0.0
3,0,80,0.0
3,0,81,0.0
3,0,82,0.0
3,0,83,0.0
3,0,84,0.0
3,0,85,0.0
3,0,86,0.0
3,0,87,0.0
3,0,88,0.0
3,0,89,0.0
3,0,90,0.0
3,0,91,0.0
3,0,92,0.0
3,0,93,0.0
3,0,94,0.0
3,0,95,0.0
3,0,96,0.0
3,0,97,0.0
3,0,98,0.0
3,0,99,0.0
3,1,0,0.0
3,1,1,0.0
3,1,2,0.0
3,1,3,0.0
3,1,4,0.0
3,1,5,0.0
3,1,6,0.0
3,1,7,0.0
3,1,8,0.0
3,1,9,0.0
3,1,10,0.0
3,1,11,0.0
3,1,12,0.0
3,1,13,0.0
3,1,14,0.0
3,1,15,0.0
3,1,16,0.0
3,1,17,0.0
3,1,18,0.0
3,1,19,0.0
3,1,20,0.0
3,1,21,0.0
3,1,22,0.0
3,1,23,0.0
3,1,24,0.0
3,1,25,0.0
3,1,26,0.0
3,1,27,0.0
3,1,28,0.0
3,1,29,0.0
3,1,30,0.0
3,1,31,0.0
3,1,32,0.0
3,1,33,0.0
3,1,34,0.0
3,1,35,0.0
3,1,36,0.0
3,1,37,0.0
3,1,38,0.0
3,1,39,0.0
3,1,40,0.0
3,1,41,0.0
3,1,42,0.0
3,1,43,0.0
3,1,44,0.0
3,1,45,0.0
3,1,46,0.0
3,1,47,0.0
3,1,48,0.0
3,1,49,0.0
3,1,50,0.0
3,1,51,0.0
3,1,52,0.0
3,1,53,0.0
3,1,54,0.0
3,1,55,0.0
3,1,56,0.0
3,1,57,0.0
3,1,58,0.0
3,1,59,0.0
3,1,60,0.0
3,1,61,0.0
3,1,62,0.0
3,1,63,0.0
3,1,64,0.0
3,1,65,0.0
3,1,66,0.0
3,1,67,0.0
3,1,68,0.0
3,1,69,0.0
3,1,70,0.0
3,1,71,0.0
3,1,72,0.0
3,1,73,0.0
3,1,74,0.0
3,1,75,0.0
3,1,76,0.0
3,1,77,0.0
3,1,78,0.0
3,1,79,0.0
3,1,80,0.0
3,1,81,0.0
3,1,82,0.0
3,1,83,0.0
3,1,84,0.0
3,1,85,0.0
3,1,86,0.0
3,1,87,0.0
3,1,88,0.0
3,1,89,0.0
3,1,90,0.0
3,1,91,0.0
3,1,92,0.0
3,1,93,0.0
3,1,94,0.0
3,1,95,0.0
3,1,96,0.0
3,1,97,0.0
3,1,98,0.0
3,1,99,0.0
3,2,0,0.0
3,2,1,0.0
3,2,2,0.0
3,2,3,0.0
3,2,4,0.0
3,2,5,0.0
3,2,6,0.0
3,2,7,0.0
3,2,8,0.0
3,2,9,0.0
3,2,10,0.0
3,2,11,0.0
3,2,12,0.0
3,2,13,0.0
3,2,14,0.0
3,2,15,0.0
3,2,16,0.0
3,2,17,0.0
3,2,18,0.0
3,2,19,0.0
3,2,20,0.0
3,2,21,0.0
3,2,22,0.0
3,2,23,0.0
3,2,24,0.0
3,2,25,0.0
3,2,26,0.0
3,2,27,0.0
3,2,28,0.0
3,2,29,0.0
3,2,30,0.0
3,2,31,0.0
3,2,32,0.0
3,2,33,0.0
3,2,34,0.0
3,2,35,0.0
3,2,36,0.0
3,2,37,0.0
3,2,38,0.0
3,2,39,0.0
3,2,40,0.0
3,2,41,0.0
3,2,42,0.0
3,2,43,0.0
3,2,44,0.0
3,2,45,0.0
3,2,46,0.0
3,2,47,0.0
3,2,48,0.0
3,2,49,0.0
3,2,50,0.0
3,2,51,0.0
3,2,52,0.0
3,2,53,0.0
3,2,54,0.0
3,2,55,0.0
3,2,56,0.0
3,2,57,0.0
3,2,58,0.0
3,2,59,0.0
3,2,60,0.0
3,2,61,0.0
3,2,62,0.0
3,2,63,0.0
3,2,64,0.0
3,2,65,0.0
3,2,66,0.0
3,2,67,0.0
3,2,68,0.0
3,2,69,0.0
3,2,70,0.0
3,2,71,0.0
3,2,72,0.0
3,2,73,0.0
3,2,74,0.0
3,2,75,0.0
3,2,76,0.0
3,2,77,0.0
3,2,78,0.0
3,2,79,0.0
3,2,80,0.0
3,2,81,0.0
3,2,82,0.0
3,2,83,0.0
3,2,84,0.0
3,2,85,0.0
3,2,86,0.0
3,2,87,0.0
3,2,88,0.0
3,2,89,0.0
3,2,90,0.0
3,2,91,0.0
3,2,92,0.0
3,2,93,0.0
3,2,94,0.0
3,2,95,0.0
3,2,96,0.0
3,2,97,0.0
3,2,98,0.0
3,2,99,0.0
3,3,0,0.0
3,3,1,0.0
3,3,2,0.0
3,3,3,0.0
3,3,4,0.0
3,3,5,0.0
3,3,6,0.0
3,3,7,0.0
3,3,8,0.0
3,3,9,0.0
3,3,10,0.0
3,3,11,0.0
3,3,12,0.0
3,3,13,0.0
3,3,14,0.0
3,3,15,0.0
3,3,16,0.0
3,3,17,0.0
3,3,18,0.0
3,3,19,0.0
3,3,20,0.0
3,3,21,0.0
3,3,22,0.0
3,3,23,0.0
3,3,24,0.0
3,3,25,0.0
3,3,26,0.0
3,3,27,0.0
3,3,28,0.0
3,3,29,0.0
3,3,30,0.0
3,3,31,0.0
3,3,32,0.0
3,3,33,0.0
3,3,34,0.0
3,3,35,0.0
3,3,36,0.0
3,3,37,0.0
3,3,38,0.0
3,3,39,0.0
3,3,40,0.0
3,3,41,0.0
3,3,42,0.0
3,3,43,0.0
3,3,44,0.0
3,3,45,0.0
3,3,46,0.0
3,3,47,0.0
3,3,48,0.0
3,3,49,0.0
3,3,50,0.0
3,3,51,0.0
3,3,52,0.0
3,3,53,0.0
3,3,54,0.0
3,3,55,0.0
3,3,56,0.0
3,3,57,0.0
3,3,58,0.0
3,3,59,0.0
3,3,60,0.0
3,3,61,0.0
3,3,62,0.0
3,3,63,0.0
3,3,64,0.0
3,3,65,0.0
3,3,66,0.0
3,3,67,0.0
3,3,68,0.0
3,3,69,0.0
3,3,70,0.0
3,3,71,0.0
3,3,72,0.0
3,3,73,0.0
3,3,74,0.0
3,3,75,0.0
3,3,76,0.0
3,3,77,0.0
3,3,78,0.0
3,3,79,0.0
3,3,80,0.0
3,3,81,0.0
3,3,82,0.0
3,3,83,0.0
3,3,84,0.0
3,3,85,0.0
3,3,86,0.0
3,3,87,0.0
3,3,88,0.0
3,3,89,0.0
3,3,90,0.0
3,3,91,0.0
3,3,92,0.0
3,3,93,0.0
3,3,94,0.0
3,3,95,0.0
3,3,96,0.0
3,3,97,0.0
3,3,98,0.0
3,3,99,0.0
3,4,0,0.0
3,4,1,0.0
3,4,2,0.0
3,4,3,0.0
3,4,4,0.0
3,4,5,0.0
3,4,6,0.0
3,4,7,0.0
3,4,8,0.0
3,4,9,0.0
3,4,10,0.0
3,4,11,0.0
3,4,12,0.0
3,4,13,0.0
3,4,14,0.0
3,4,15,0.0
3,4,16,0.0
3,4,17,0.0
3,4,18,0.0
3,4,19,0.0
3,4,20,0.0
3,4,21,0.0
3,4,22,0.0
3,4,23,0.0
3,4,24,0.0
3,4,25,0.0
3,4,26,0.0
3,4,27,0.0
3,4,28,0.0
3,4,29,0.0
3,4,30,0.0
3,4,31,0.0
3,4,32,0.0
3,4,33,0.0
3,4,34,0.0
3,4,35,0.0
3,4,36,0.0
3,4,37,0.0
3,4,38,0.0
3,4,39,0.0
3,4,40,0.0
3,4,41,0.0
3,4,42,0.0
3,4,43,0.0
3,4,44,0.0
3,4,45,0.0
3,4,46,0.0
3,4,47,0.0
3,4,48,0.0
3,4,49,0.0
3,4,50,0.0
3,4,51,0.0
3,4,52,0.0
3,4,53,0.0
3,4,54,0.0
3,4,55,0.0
3,4,56,0.0
3,4,57,0.0
3,4,58,0.0
3,4,59,0.0
3,4,60,0.0
3,4,61,0.0
3,4,62,0.0
3,4,63,0.0
3,4,64,0.0
3,4,65,0.0
3,4,66,0.0
3,4,67,0.0
3,4,68,0.0
3,4,69,0.0
3,4,70,0.0
3,4,71,0.0
3,4,72,0.0
3,4,73,0.0
3,4,74,0.0
3,4,75,0.0
3,4,76,0.0
3,4,77,0.0
3,4,78,0.0
3,4,79,0.0
3,4,80,0.0
3,4,81,0.0
3,4,82,0.0
3,4,83,0.0
3,4,84,0.0
3,4,85,0.0
3,4,86,0.0
3,4,87,0.0
3,4,88,0.0
3,4,89,0.0
3,4,90,0.0
3,4,91,0.0
3,4,92,0.0
3,4,93,0.0
3,4,94,0.0
3,4,95,0.0
3,4,96,0.0
3,4,97,0.0
3,4,98,0.0
3,4,99,0.0
3,5,0,0.0
3,5,1,0.0
3,5,2,0.0
3,5,3,0.0
3,5,4,0.0
3,5,5,0.0
3,5,6,0.0
3,5,7,0.0
3,5,8,0.0
3,5,9,0.0
3,5,10,0.0
3,5,11,0.0
3,5,12,0.0
3,5,13,0.0
3,5,14,0.0
3,5,15,0.0
3,5,16,0.0
3,5,17,0.0
3,5,18,0.0
3,5,19,0.0
3,5,20,0.0
3,5,21,0.0
3,5,22,0.0
3,5,23,0.0
3,5,24,0.0
3,5,25,0.0
3,5,26,0.0
3,5,27,0.0
3,5,28,0.0
3,5,29,0.0
3,5,30,0.0
3,5,31,0.0
3,5,32,0.0
3,5,33,0.0
3,5,34,0.0
3,5,35,0.0
3,5,36,0.0
3,5,37,0.0
3,5,38,0.0
3,5,39,0.0
3,5,40,0.0
3,5,41,0.0
3,5,42,0.0
3,5,43,0.0
3,5,44,0.0
3,5,45,0.0
3,5,46,0.0
3,5,47,0.0
3,5,48,0.0
3,5,49,0.0
3,5,50,0.0
3,5,51,0.0
3,5,52,0.0
3,5,53,0.0
3,5,54,0.0
3,5,55,0.0
3,5,56,0.0
3,5,57,0.0
3,5,58,0.0
3,5,59,0.0
3,5,60,0.0
3,5,61,0.0
3,5,62,0.0
3,5,63,0.0
3,5,64,0.0
3,5,65,0.0
3,5,66,0.0
3,5,67,0.0
3,5,68,0.0
3,5,69,0.0
3,5,70,0.0
3,5,71,0.0
3,5,72,0.0
3,5,73,0.0
3,5,74,0.0
3,5,75,0.0
3,5,76,0.0
3,5,77,0.0
3,5,78,0.0
3,5,79,0.0
3,5,80,0.0
3,5,81,0.0
3,5,82,0.0
3,5,83,0.0
3,5,84,0.0
3,5,85,0.0
3,5,86,0.0
3,5,87,0.0
3,5,88,0.0
3,5,89,0.0
3,5,90,0.0
3,5,91,0.0
3,5,92,0.0
3,5,93,0.0
3,5,94,0.0
3,5,95,0.0
3,5,96,0.0
3,5,97,0.0
3,5,98,0.0
3,5,99,0.0
3,6,0,0.0
3,6,1,0.0
3,6,2,0.0
3,6,3,0.0
3,6,4,0.0
3,6,5,0.0
3,6,6,0.0
3,6,7,0.0
3,6,8,0.0
3,6,9,0.0
3,6,10,0.0
3,6,11,0.0
3,6,12,0.0
3,6,13,0.0
3,6,14,0.0
3,6,15,0.0
3,6,16,0.0
3,6,17,0.0
3,6,18,0.0
3,6,19,0.0
3,6,20,0.0
3,6,21,0.0
3,6,22,0.0
3,6,23,0.0
3,6,24,0.0
3,6,25,0.0
3,6,26,0.0
3,6,27,0.0
3,6,28,0.0
3,6,29,0.0
3,6,30,0.0
3,6,31,0.0
3,6,32,0.0
3,6,33,0.0
3,6,34,0.0
3,6,35,0.0
3,6,36,0.0
3,6,37,0.0
3,6,38,0.0
3,6,39,0.0
3,6,40,0.0
3,6,41,0.0
3,6,42,0.0
3,6,43,0.0
3,6,44,0.0
3,6,45,0.0
3,6,46,0.0
3,6,47,0.0
3,6,48,0.0
3,6,49,0.0
3,6,50,0.0
3,6,51,0.0
3,6,52,0.0
3,6,53,0.0
3,6,54,0.0
3,6,55,0.0
3,6,56,0.0
3,6,57,0.0
3,6,58,0.0
3,6,59,0.0
3,6,60,0.0
3,6,61,0.0
3,6,62,0.0
3,6,63,0.0
3,6,64,0.0
3,6,65,0.0
3,6,66,0.0
3,6,67,0.0
3,6,68,0.0
3,6,69,0.0
3,6,70,0.0
3,6,71,0.0
3,6,72,0.0
3,6,73,0.0
3,6,74,0.0
3,6,75,0.0
3,6,76,0.0
3,6,77,0.0
3,6,78,0.0
3,6,79,0.0
3,6,80,0.0
3,6,81,0.0
3,6,82,0.0
3,6,83,0.0
3,6,84,0.0
3,6,85,0.0
3,6,86,0.0
3,6,87,0.0
3,6,88,0.0
3,6,89,0.0
3,6,90,0.0
3,6,91,0.0
3,6,92,0.0
3,6,93,0.0
3,6,94,0.0
3,6,95,0.0
3,6,96,0.0
3,6,97,0.0
3,6,98,0.0
3,6,99,0.0
3,7,0,0.0
3,7,1,0.0
3,7,2,0.0
3,7,3,0.0
3,7,4,0.0
3,7,5,0.0
3,7,6,0.0
3,7,7,0.0
3,7,8,0.0
3,7,9,0.0
3,7,10,0.0
3,7,11,0.0
3,7,12,0.0
3,7,13,0.0
3,7,14,0.0
3,7,15,0.0
3,7,16,0.0
3,7,17,0.0
3,7,18,0.0
3,7,19,0.0
3,7,20,0.0
3,7,21,0.0
3,7,22,0.0
3,7,23,0.0
3,7,24,0.0
3,7,25,0.0
3,7,26,0.0
3,7,27,0.0
3,7,28,0.0
3,7,29,0.0
3,7,30,0.0
3,7,31,0.0
3,7,32,0.0
3,7,33,0.0
3,7,34,0.0
3,7,35,1.0
3,7,36,0.0
3,7,37,0.0
3,7,38,0.0
3,7,39,0.0
3,7,40,0.0
3,7,41,0.0
3,7,42,0.0
3,7,43,0.0
3,7,44,0.0
3,7,45,0.0
3,7,46,0.0
3,7,47,0.0
3,7,48,0.0
3,7,49,0.0
3,7,50,0.0
3,7,51,0.0
3,7,52,0.0
3,7,53,0.0
3,7,54,0.0
3,7,55,0.0
3,7,56,0.0
3,7,57,0.0
3,7,58,0.0
3,7,59,0.0
3,7,60,0.0
3,7,61,0.0
3,7,62,0.0
3,7,63,0.0
3,7,64,0.0
3,7,65,0.0
3,7,66,0.0
3,7,67,0.0
3,7,68,0.0
3,7,69,0.0
3,7,70,0.0
3,7,71,0.0
3,7,72,0.0
3,7,73,0.0
3,7,74,0.0
3,7,75,0.0
3,7,76,0.0
3,7,77,0.0
3,7,78,0.0
3,7,79,0.0
3,7,80,0.0
3,7,81,0.0
3,7,82,0.0
3,7,83,0.0
3,7,84,0.0
3,7,85,0.0
3,7,86,0.0
3,7,87,0.0
3,7,88,0.0
3,7,89,0.0
3,7,90,0.0
3,7,91,0.0
3,7,92,0.0
3,7,93,0.0
3,7,94,0.0
3,7,95,0.0
3,7,96,0.0
3,7,97,0.0
3,7,98,0.0
3,7,99,0.0
3,8,0,0.0
3,8,1,0.0
3,8,2,0.0
3,8,3,0.0
3,8,4,0.0
3,8,5,0.0
3,8,6,0.0
3,8,7,0.0
3,8,8,0.0
3,8,9,0.0
3,8,10,0.0
3,8,11,0.0
3,8,12,0.0
3,8,13,0.0
3,8,14,0.0
3,8,15,0.0
3,8,16,0.0
3,8,17,0.0
3,8,18,0.0
3,8,19,0.0
3,8,20,0.0
3,8,21,0.0
3,8,22,0.0
3,8,23,0.0
3,8,24,0.0
3,8,25,0.0
3,8,26,0.0
3,8,27,0.0
3,8,28,0.0
3,8,29,0.0
3,8,30,0.0
3,8,31,0.0
3,8,32,0.0
3,8,33,0.0
3,8,34,0.0
3,8,35,0.0
3,8,36,0.0
3,8,37,0.0
3,8,38,0.0
3,8,39,0.0
3,8,40,0.0
3,8,41,0.0
3,8,42,0.0
3,8,43,0.0
3,8,44,0.0
3,8,45,0.0
3,8,46,0.0
3,8,47,0.0
3,8,48,0.0
3,8,49,0.0
3,8,50,0.0
3,8,51,0.0
3,8,52,0.0
3,8,53,0.0
3,8,54,0.0
3,8,55,0.0
3,8,56,0.0
3,8,57,0.0
3,8,58,0.0
3,8,59,0.0
3,8,60,0.0
3,8,61,0.0
3,8,62,0.0
3,8,63,0.0
3,8,64,0.0
3,8,65,4.0
3,8,66,0.0
3,8,67,0.0
3,8,68,0.0
3,8,69,0.0
3,8,70,4.0
3,8,71,0.0
3,8,72,0.0
3,8,73,0.0
3,8,74,0.0
3,8,75,0.0
3,8,76,0.0
3,8,77,0.0
3,8,78,0.0
3,8,79,0.0
3,8,80,0.0
3,8,81,0.0
3,8,82,0.0
3,8,83,0.0
3,8,84,0.0
3,8,85,0.0
3,8,86,0.0
3,8,87,0.0
3,8,88,0.0
3,8,89,0.0
3,8,90,0.0
3,8,91,0.0
3,8,92,0.0
3,8,93,0.0
3,8,94,0.0
3,8,95,0.0
3,8,96,0.0
3,8,97,0.0
3,8,98,0.0
3,8,99,0.0
3,9,0,0.0
3,9,1,0.0
3,9,2,0.0
3,9,3,0.0
3,9,4,0.0
3,9,5,0.0
3,9,6,0.0
3,9,7,0.0
3,9,8,0.0
3,9,9,0.0
3,9,10,0.0
3,9,11,0.0
3,9,12,0.0
3,9,13,0.0
3,9,14,0.0
3,9,15,0.0
3,9,16,0.0
3,9,17,0.0
3,9,18,0.0
3,9,19,42.0
3,9,20,0.0
3,9,21,0.0
3,9,22,0.0
3,9,23,0.0
3,9,24,0.0
3,9,25,0.0
3,9,26,20.0
3,9,27,0.0
3,9,28,0.0
3,9,29,0.0
3,9,30,0.0
3,9,31,0.0
3,9,32,0.0
3,9,33,0.0
3,9,34,0.0
3,9,35,0.0
3,9,36,0.0
3,9,37,24.0
3,9,38,0.0
3,9,39,0.0
3,9,40,0.0
3,9,41,0.0
3,9,42,0.0
3,9,43,0.0
3,9,44,0.0
3,9,45,4.0
3,9,46,0.0
3,9,47,1.0
3,9,48,0.0
3,9,49,0.0
3,9,50,0.0
3,9,51,0.0
3,9,52,0.0
3,9,53,0.0
3,9,54,0.0
3,9,55,0.0
3,9,56,32.0
3,9,57,0.0
3,9,58,0.0
3,9,59,0.0
3,9,60,0.0
3,9,61,0.0
3,9,62,0.0
3,9,63,0.0
3,9,64,0.0
3,9,65,0.0
3,9,66,0.0
3,9,67,0.0
3,9,68,0.0
3,9,69,0.0
3,9,70,0.0
3,9,71,0.0
3,9,72,0.0
3,9,73,0.0
3,9,74,0.0
3,9,75,0.0
3,9,76,0.0
3,9,77,0.0
3,9,78,0.0
3,9,79,0.0
3,9,80,0.0
3,9,81,0.0
3,9,82,0.0
3,9,83,0.0
3,9,84,0.0
3,9,85,0.0
3,9,86,12.0
3,9,87,0.0
3,9,88,0.0
3,9,89,0.0
3,9,90,0.0
3,9,91,0.0
3,9,92,0.0
3,9,93,0.0
3,9,94,0.0
3,9,95,0.0
3,9,96,0.0
3,9,97,0.0
3,9,98,0.0
3,9,99,0.0
3,10,0,0.0
3,10,1,0.0
3,10,2,0.0
3,10,3,0.0
3,10,4,0.0
3,10,5,0.0
3,10,6,48.0
3,10,7,0.0
3,10,8,0.0
3,10,9,0.0
3,10,10,0.0
3,10,11,0.0
3,10,12,0.0
3,10,13,0.0
3,10,14,0.0
3,10,15,0.0
3,10,16,0.0
3,10,17,1.0
3,10,18,0.0
3,10,19,10.0
3,10,20,0.0
3,10,21,19.0
3,10,22,0.0
3,10,23,0.0
3,10,24,0.0
3,10,25,0.0
3,10,26,0.0
3,10,27,0.0
3,10,28,0.0
3,10,29,0.0
3,10,30,0.0
3,10,31,0.0
3,10,32,0.0
3,10,33,0.0
3,10,34,0.0
3,10,35,0.0
3,10,36,0.0
3,10,37,0.0
3,10,38,0.0
3,10,39,0.0
3,10,40,0.0
3,10,41,0.0
3,10,42,0.0
3,10,43,0.0
3,10,44,0.0
3,10,45,0.0
3,10,46,0.0
3,10,47,0.0
3,10,48,0.0
3,10,49,0.0
3,10,50,0.0
3,10,51,0.0
3,10,52,0.0
3,10,53,0.0
3,10,54,0.0
3,10,55,0.0
3,10,56,0.0
3,10,57,0.0
3,10,58,0.0
3,10,59,0.0
3,10,60,0.0
3,10,61,0.0
3,10,62,0.0
3,10,63,0.0
3,10,64,0.0
3,10,65,0.0
3,10,66,0.0
3,10,67,0.0
3,10,68,0.0
3,10,69,0.0
3,10,70,0.0
3,10,71,0.0
3,10,72,0.0
3,10,73,0.0
3,10,74,0.0
3,10,75,0.0
3,10,76,0.0
3,10,77,0.0
3,10,78,0.0
3,10,79,0.0
3,10,80,0.0
3,10,81,0.0
3,10,82,0.0
3,10,83,0.0
3,10,84,0.0
3,10,85,0.0
3,10,86,0.0
3,10,87,0.0
3,10,88,0.0
3,10,89,0.0
3,10,90,0.0
3,10,91,0.0
3,10,92,0.0
3,10,93,0.0
3,10,94,0.0
3,10,95,0.0
3,10,96,0.0
3,10,97,0.0
3,10,98,0.0
3,10,99,20.0
3,11,0,0.0
3,11,1,18.0
3,11,2,0.0
3,11,3,0.0
3,11,4,0.0
3,11,5,0.0
3,11,6,30.0
3,11,7,0.0
3,11,8,0.0
3,11,9,0.0
3,11,10,0.0
3,11,11,0.0
3,11,12,0.0
3,11,13,21.0
3,11,14,0.0
3,11,15,72.0
3,11,16,0.0
3,11,17,0.0
3,11,18,0.0
3,11,19,0.0
3,11,20,0.0
3,11,21,0.0
3,11,22,0.0
3,11,23,6.0
3,11,24,0.0
3,11,25,0.0
3,11,26,0.0
3,11,27,0.0
3,11,28,0.0
3,11,29,5.0
3,11,30,0.0
3,11,31,0.0
3,11,32,0.0
3,11,33,0.0
3,11,34,0.0
3,11,35,1.0
3,11,36,0.0
3,11,37,0.0
3,11,38,0.0
3,11,39,0.0
3,11,40,0.0
3,11,41,0.0
3,11,42,0.0
3,11,43,0.0
3,11,44,1.0
3,11,45,0.0
3,11,46,0.0
3,11,47,0.0
3,11,48,0.0
3,11,49,0.0
3,11,50,0.0
3,11,51,0.0
3,11,52,0.0
3,11,53,44.0
3,11,54,6.0
3,11,55,2.0
3,11,56,0.0
3,11,57,0.0
3,11,58,0.0
3,11,59,0.0
3,11,60,0.0
3,11,61,0.0
3,11,62,0.0
3,11,63,40.0
3,11,64,53.0
3,11,65,8.0
3,11,66,0.0
3,11,67,1.0
3,11,68,0.0
3,11,69,0.0
3,11,70,0.0
3,11,71,0.0
3,11,72,0.0
3,11,73,21.0
3,11,74,16.0
3,11,75,0.0
3,11,76,26.0
3,11,77,0.0
3,11,78,0.0
3,11,79,27.0
3,11,80,24.0
3,11,81,83.0
3,11,82,0.0
3,11,83,45.0
3,11,84,9.0
3,11,85,0.0
3,11,86,0.0
3,11,87,0.0
3,11,88,18.0
3,11,89,0.0
3,11,90,0.0
3,11,91,0.0
3,11,92,0.0
3,11,93,10.0
3,11,94,86.0
3,11,95,0.0
3,11,96,17.0
3,11,97,0.0
3,11,98,78.0
3,11,99,0.0
3,12,0,21.0
3,12,1,0.0
3,12,2,43.0
3,12,3,99.0
3,12,4,25.0
3,12,5,120.0
3,12,6,0.0
3,12,7,0.0
3,12,8,89.0
3,12,9,16.0
3,12,10,26.0
3,12,11,53.0
3,12,12,0.0
3,12,13,0.0
3,12,14,119.0
3,12,15,0.0
3,12,16,55.0
3,12,17,23.0
3,12,18,23.0
3,12,19,0.0
3,12,20,0.0
3,12,21,55.0
3,12,22,56.0
3,12,23,0.0
3,12,24,24.0
3,12,25,43.0
3,12,26,0.0
3,12,27,32.0
3,12,28,0.0
3,12,29,0.0
3,12,30,0.0
3,12,31,0.0
3,12,32,0.0
3,12,33,54.0
3,12,34,50.0
3,12,35,17.0
3,12,36,16.0
3,12,37,0.0
3,12,38,0.0
3,12,39,141.0
3,12,40,0.0
3,12,41,0.0
3,12,42,80.0
3,12,43,11.0
3,12,44,0.0
3,12,45,0.0
3,12,46,0.0
3,12,47,54.0
3,12,48,18.0
3,12,49,0.0
3,12,50,0.0
3,12,51,41.0
3,12,52,21.0
3,12,53,0.0
3,12,54,9.0
3,12,55,41.0
3,12,56,9.0
3,12,57,72.0
3,12,58,0.0
3,12,59,34.0
3,12,60,0.0
3,12,61,29.0
3,12,62,0.0
3,12,63,0.0
3,12,64,0.0
3,12,65,9.0
3,12,66,103.0
3,12,67,0.0
3,12,68,0.0
3,12,69,0.0
3,12,70,13.0
3,12,71,13.0
3,12,72,141.0
3,12,73,50.0
3,12,74,0.0
3,12,75,33.0
3,12,76,7.0
3,12,77,27.0
3,12,78,47.0
3,12,79,0.0
3,12,80,16.0
3,12,81,0.0
3,12,82,105.0
3,12,83,0.0
3,12,84,118.0
3,12,85,0.0
3,12,86,11.0
3,12,87,86.0
3,12,88,28.0
3,12,89,8.0
3,12,90,20.0
3,12,91,67.0
3,12,92,139.0
3,12,93,0.0
3,12,94,0.0
3,12,95,0.0
3,12,96,0.0
3,12,97,28.0
3,12,98,0.0
3,12,99,0.0
3,13,0,29.0
3,13,1,115.0
3,13,2,124.0
3,13,3,0.0
3,13,4,0.0
3,13,5,0.0
3,13,6,0.0
3,13,7,82.0
3,13,8,31.0
3,13,9,122.0
3,13,10,76.0
3,13,11,85.0
3,13,12,51.0
3,13,13,118.0
3,13,14,15.0
3,13,15,0.0
3,13,16,79.0
3,13,17,59.0
3,13,18,80.0
3,13,19,97.0
3,13,20,66.0
3,13,21,28.0
3,13,22,0.0
3,13,23,17.0
3,13,24,0.0
3,13,25,0.0
3,13,26,67.0
3,13,27,165.0
3,13,28,28.0
3,13,29,231.0
3,13,30,108.0
3,13,31,17.0
3,13,32,157.0
3,13,33,82.0
3,13,34,193.0
3,13,35,26.0
3,13,36,0.0
3,13,37,125.0
3,13,38,63.0
3,13,39,10.0
3,13,40,106.0
3,13,41,86.0
3,13,42,0.0
3,13,43,0.0
3,13,44,66.0
3,13,45,206.0
3,13,46,5.0
3,13,47,36.0
3,13,48,119.0
3,13,49,36.0
3,13,50,153.0
3,13,51,23.0
3,13,52,60.0
3,13,53,0.0
3,13,54,133.0
3,13,55,151.0
3,13,56,73.0
3,13,57,0.0
3,13,58,41.0
3,13,59,72.0
3,13,60,88.0
3,13,61,225.0
3,13,62,10.0
3,13,63,59.0
3,13,64,48.0
3,13,65,104.0
3,13,66,11.0
3,13,67,79.0
3,13,68,107.0
3,13,69,7.0
3,13,70,56.0
3,13,71,0.0
3,13,72,30.0
3,13,73,71.0
3,13,74,109.0
3,13,75,50.0
3,13,76,31.0
3,13,77,106.0
3,13,78,211.0
3,13,79,15.0
3,13,80,57.0
3,13,81,56.0
3,13,82,80.0
3,13,83,17.0
3,13,84,0.0
3,13,85,163.0
3,13,86,104.0
3,13,87,30.0
3,13,88,229.0
3,13,89,67.0
3,13,90,122.0
3,13,91,0.0
3,13,92,0.0
3,13,93,81.0
3,13,94,21.0
3,13,95,108.0
3,13,96,96.0
3,13,97,78.0
3,13,98,58.0
3,13,99,0.0
3,14,0,0.0
3,14,1,0.0
3,14,2,0.0
3,14,3,0.0
3,14,4,0.0
3,14,5,0.0
3,14,6,0.0
3,14,7,0.0
3,14,8,0.0
3,14,9,0.0
3,14,10,0.0
3,14,11,0.0
3,14,12,0.0
3,14,13,0.0
3,14,14,0.0
3,14,15,0.0
3,14,16,0.0
3,14,17,0.0
3,14,18,0.0
3,14,19,0.0
3,14,20,0.0
3,14,21,0.0
3,14,22,0.0
3,14,23,0.0
3,14,24,0.0
3,14,25,0.0
3,14,26,0.0
3,14,27,0.0
3,14,28,0.0
3,14,29,0.0
3,14,30,0.0
3,14,31,0.0
3,14,32,0.0
3,14,33,0.0
3,14,34,0.0
3,14,35,0.0
3,14,36,0.0
3,14,37,0.0
3,14,38,0.0
3,14,39,0.0
3,14,40,0.0
3,14,41,0.0
3,14,42,0.0
3,14,43,0.0
3,14,44,0.0
3,14,45,0.0
3,14,46,0.0
3,14,47,0.0
3,14,48,0.0
3,14,49,0.0
3,14,50,0.0
3,14,51,0.0
3,14,52,0.0
3,14,53,0.0
3,14,54,0.0
3,14,55,0.0
3,14,56,0.0
3,14,57,0.0
3,14,58,0.0
3,14,59,0.0
3,14,60,0.0
3,14,61,0.0
3,14,62,0.0
3,14,63,0.0
3,14,64,0.0
3,14,65,0.0
3,14,66,0.0
3,14,67,0.0
3,14,68,0.0
3,14,69,0.0
3,14,70,0.0
3,14,71,0.0
3,14,72,0.0
3,14,73,0.0
3,14,74,0.0
3,14,75,0.0
3,14,76,0.0
3,14,77,0.0
3,14,78,0.0
3,14,79,0.0
3,14,80,0.0
3,14,81,0.0
3,14,82,0.0
3,14,83,0.0
3,14,84,0.0
3,14,85,0.0
3,14,86,0.0
3,14,87,0.0
3,14,88,0.0
3,14,89,0.0
3,14,90,0.0
3,14,91,0.0
3,14,92,0.0
3,14,93,0.0
3,14,94,0.0
3,14,95,0.0
3,14,96,0.0
3,14,97,0.0
3,14,98,0.0
3,14,99,0.0
3,15,0,102.0
3,15,1,44.0
3,15,2,0.0
3,15,3,104.0
3,15,4,101.0
3,15,5,31.0
3,15,6,0.0
3,15,7,103.0
3,15,8,84.0
3,15,9,101.0
3,15,10,23.0
3,15,11,65.0
3,15,12,102.0
3,15,13,102.0
3,15,14,103.0
3,15,15,102.0
3,15,16,104.0
3,15,17,102.0
3,15,18,103.0
3,15,19,0.0
3,15,20,104.0
3,15,21,103.0
3,15,22,102.0
3,15,23,103.0
3,15,24,104.0
3,15,25,102.0
3,15,26,101.0
3,15,27,0.0
3,15,28,0.0
3,15,29,0.0
3,15,30,103.0
3,15,31,102.0
3,15,32,0.0
3,15,33,102.0
3,15,34,4.0
3,15,35,101.0
3,15,36,103.0
3,15,37,103.0
3,15,38,101.0
3,15,39,101.0
3,15,40,102.0
3,15,41,4.0
3,15,42,102.0
3,15,43,101.0
3,15,44,101.0
3,15,45,7.0
3,15,46,103.0
3,15,47,102.0
3,15,48,17.0
3,15,49,101.0
3,15,50,0.0
3,15,51,104.0
3,15,52,103.0
3,15,53,101.0
3,15,54,2.0
3,15,55,0.0
3,15,56,102.0
3,15,57,104.0
3,15,58,101.0
3,15,59,13.0
3,15,60,103.0
3,15,61,0.0
3,15,62,102.0
3,15,63,0.0
3,15,64,102.0
3,15,65,101.0
3,15,66,101.0
3,15,67,1.0
3,15,68,103.0
3,15,69,101.0
3,15,70,72.0
3,15,71,102.0
3,15,72,103.0
3,15,73,103.0
3,15,74,39.0
3,15,75,101.0
3,15,76,101.0
3,15,77,102.0
3,15,78,2.0
3,15,79,101.0
3,15,80,101.0
3,15,81,103.0
3,15,82,1.0
3,15,83,26.0
3,15,84,102.0
3,15,85,0.0
3,15,86,64.0
3,15,87,20.0
3,15,88,2.0
3,15,89,4.0
3,15,90,104.0
3,15,91,102.0
3,15,92,6.0
3,15,93,102.0
3,15,94,104.0
3,15,95,103.0
3,15,96,102.0
3,15,97,34.0
3,15,98,39.0
3,15,99,0.0
3,16,0,0.0
3,16,1,0.0
3,16,2,0.0
3,16,3,17.0
3,16,4,0.0
3,16,5,0.0
3,16,6,0.0
3,16,7,0.0
3,16,8,0.0
3,16,9,0.0
3,16,10,0.0
3,16,11,0.0
3,16,12,0.0
3,16,13,0.0
3,16,14,0.0
3,16,15,0.0
3,16,16,0.0
3,16,17,0.0
3,16,18,0.0
3,16,19,0.0
3,16,20,0.0
3,16,21,0.0
3,16,22,0.0
3,16,23,0.0
3,16,24,0.0
3,16,25,0.0
3,16,26,0.0
3,16,27,0.0
3,16,28,0.0
3,16,29,0.0
3,16,30,0.0
3,16,31,0.0
3,16,32,0.0
3,16,33,34.0
3,16,34,64.0
3,16,35,0.0
3,16,36,0.0
3,16,37,0.0
3,16,38,0.0
3,16,39,0.0
3,16,40,0.0
3,16,41,0.0
3,16,42,0.0
3,16,43,0.0
3,16,44,0.0
3,16,45,0.0
3,16,46,0.0
3,16,47,57.0
3,16,48,0.0
3,16,49,0.0
3,16,50,34.0
3,16,51,28.0
3,16,52,0.0
3,16,53,0.0
3,16,54,0.0
3,16,55,0.0
3,16,56,0.0
3,16,57,0.0
3,16,58,0.0
3,16,59,0.0
3,16,60,0.0
3,16,61,0.0
3,16,62,0.0
3,16,63,0.0
3,16,64,0.0
3,16,65,0.0
3,16,66,0.0
3,16,67,0.0
3,16,68,0.0
3,16,69,0.0
3,16,70,0.0
3,16,71,0.0
3,16,72,0.0
3,16,73,0.0
3,16,74,0.0
3,16,75,0.0
3,16,76,0.0
3,16,77,0.0
3,16,78,0.0
3,16,79,0.0
3,16,80,0.0
3,16,81,0.0
3,16,82,0.0
3,16,83,0.0
3,16,84,26.0
3,16,85,0.0
3,16,86,0.0
3,16,87,0.0
3,16,88,0.0
3,16,89,0.0
3,16,90,0.0
3,16,91,0.0
3,16,92,0.0
3,16,93,0.0
3,16,94,0.0
3,16,95,0.0
3,16,96,51.0
3,16,97,0.0
3,16,98,0.0
3,16,99,48.0
3,17,0,43.0
3,17,1,105.0
3,17,2,102.0
3,17,3,0.0
3,17,4,39.0
3,17,5,109.0
3,17,6,111.0
3,17,7,18.0
3,17,8,0.0
3,17,9,40.0
3,17,10,111.0
3,17,11,117.0
3,17,12,58.0
3,17,13,66.0
3,17,14,0.0
3,17,15,0.0
3,17,16,48.0
3,17,17,36.0
3,17,18,67.0
3,17,19,117.0
3,17,20,31.0
3,17,21,0.0
3,17,22,73.0
3,17,23,0.0
3,17,24,0.0
3,17,25,0.0
3,17,26,24.0
3,17,27,105.0
3,17,28,112.0
3,17,29,35.0
3,17,30,67.0
3,17,31,60.0
3,17,32,42.0
3,17,33,0.0
3,17,34,0.0
3,17,35,7.0
3,17,36,37.0
3,17,37,7.0
3,17,38,12.0
3,17,39,33.0
3,17,40,0.0
3,17,41,103.0
3,17,42,29.0
3,17,43,5.0
3,17,44,35.0
3,17,45,44.0
3,17,46,76.0
3,17,47,16.0
3,17,48,0.0
3,17,49,72.0
3,17,50,0.0
3,17,51,0.0
3,17,52,25.0
3,17,53,54.0
3,17,54,9.0
3,17,55,0.0
3,17,56,25.0
3,17,57,14.0
3,17,58,25.0
3,17,59,106.0
3,17,60,9.0
3,17,61,73.0
3,17,62,0.0
3,17,63,106.0
3,17,64,0.0
3,17,65,74.0
3,17,66,56.0
3,17,67,118.0
3,17,68,0.0
3,17,69,0.0
3,17,70,104.0
3,17,71,40.0
3,17,72,59.0
3,17,73,0.0
3,17,74,0.0
3,17,75,55.0
3,17,76,0.0
3,17,77,13.0
3,17,78,49.0
3,17,79,70.0
3,17,80,77.0
3,17,81,73.0
3,17,82,0.0
3,17,83,105.0
3,17,84,6.0
3,17,85,70.0
3,17,86,115.0
3,17,87,117.0
3,17,88,6.0
3,17,89,0.0
3,17,90,34.0
3,17,91,0.0
3,17,92,108.0
3,17,93,56.0
3,17,94,4.0
3,17,95,42.0
3,17,96,11.0
3,17,97,111.0
3,17,98,117.0
3,17,99,110.0
3,18,0,0.0
3,18,1,0.0
3,18,2,6.0
3,18,3,19.0
3,18,4,23.0
3,18,5,21.0
3,18,6,5.0
3,18,7,17.0
3,18,8,116.0
3,18,9,15.0
3,18,10,4.0
3,18,11,0.0
3,18,12,26.0
3,18,13,0.0
3,18,14,82.0
3,18,15,31.0
3,18,16,21.0
3,18,17,0.0
3,18,18,0.0
3,18,19,0.0
3,18,20,14.0
3,18,21,23.0
3,18,22,17.0
3,18,23,83.0
3,18,24,57.0
3,18,25,80.0
3,18,26,7.0
3,18,27,0.0
3,18,28,16.0
3,18,29,0.0
3,18,30,9.0
3,18,31,16.0
3,18,32,27.0
3,18,33,21.0
3,18,34,26.0
3,18,35,0.0
3,18,36,24.0
3,18,37,10.0
3,18,38,5.0
3,18,39,21.0
3,18,40,38.0
3,18,41,0.0
3,18,42,0.0
3,18,43,0.0
3,18,44,8.0
3,18,45,17.0
3,18,46,15.0
3,18,47,17.0
3,18,48,0.0
3,18,49,20.0
3,18,50,0.0
3,18,51,21.0
3,18,52,0.0
3,18,53,0.0
3,18,54,0.0
3,18,55,89.0
3,18,56,12.0
3,18,57,0.0
3,18,58,0.0
3,18,59,0.0
3,18,60,0.0
3,18,61,0.0
3,18,62,79.0
3,18,63,16.0
3,18,64,60.0
3,18,65,0.0
3,18,66,25.0
3,18,67,20.0
3,18,68,43.0
3,18,69,50.0
3,18,70,21.0
3,18,71,22.0
3,18,72,5.0
3,18,73,74.0
3,18,74,0.0
3,18,75,11.0
3,18,76,42.0
3,18,77,0.0
3,18,78,11.0
3,18,79,5.0
3,18,80,11.0
3,18,81,19.0
3,18,82,50.0
3,18,83,0.0
3,18,84,0.0
3,18,85,0.0
3,18,86,24.0
3,18,87,27.0
3,18,88,18.0
3,18,89,87.0
3,18,90,0.0
3,18,91,98.0
3,18,92,26.0
3,18,93,0.0
3,18,94,0.0
3,18,95,0.0
3,18,96,13.0
3,18,97,24.0
3,18,98,6.0
3,18,99,0.0
3,19,0,0.0
3,19,1,0.0
3,19,2,0.0
3,19,3,0.0
3,19,4,5.0
3,19,5,0.0
3,19,6,2.0
3,19,7,0.0
3,19,8,0.0
3,19,9,4.0
3,19,10,0.0
3,19,11,0.0
3,19,12,0.0
3,19,13,0.0
3,19,14,0.0
3,19,15,3.0
3,19,16,0.0
3,19,17,32.0
3,19,18,0.0
3,19,19,0.0
3,19,20,0.0
3,19,21,0.0
3,19,22,0.0
3,19,23,0.0
3,19,24,0.0
3,19,25,0.0
3,19,26,0.0
3,19,27,0.0
3,19,28,0.0
3,19,29,0.0
3,19,30,0.0
3,19,31,4.0
3,19,32,0.0
3,19,33,0.0
3,19,34,0.0
3,19,35,0.0
3,19,36,0.0
3,19,37,0.0
3,19,38,0.0
3,19,39,6.0
3,19,40,5.0
3,19,41,18.0
3,19,42,13.0
3,19,43,0.0
3,19,44,0.0
3,19,45,0.0
3,19,46,0.0
3,19,47,0.0
3,19,48,31.0
3,19,49,0.0
3,19,50,38.0
3,19,51,0.0
3,19,52,0.0
3,19,53,0.0
3,19,54,5.0
3,19,55,0.0
3,19,56,0.0
3,19,57,0.0
3,19,58,12.0
3,19,59,0.0
3,19,60,0.0
3,19,61,0.0
3,19,62,0.0
3,19,63,0.0
3,19,64,0.0
3,19,65,0.0
3,19,66,0.0
3,19,67,0.0
3,19,68,0.0
3,19,69,0.0
3,19,70,0.0
3,19,71,0.0
3,19,72,0.0
3,19,73,0.0
3,19,74,12.0
3,19,75,0.0
3,19,76,6.0
3,19,77,0.0
3,19,78,0.0
3,19,79,0.0
3,19,80,0.0
3,19,81,0.0
3,19,82,1.0
3,19,83,15.0
3,19,84,0.0
3,19,85,0.0
3,19,86,0.0
3,19,87,0.0
3,19,88,0.0
3,19,89,0.0
3,19,90,0.0
3,19,91,0.0
3,19,92,0.0
3,19,93,0.0
3,19,94,0.0
3,19,95,0.0
3,19,96,0.0
3,19,97,4.0
3,19,98,0.0
3,19,99,0.0
3,20,0,0.0
3,20,1,0.0
3,20,2,0.0
3,20,3,0.0
3,20,4,0.0
3,20,5,0.0
3,20,6,0.0
3,20,7,0.0
3,20,8,0.0
3,20,9,0.0
3,20,10,0.0
3,20,11,0.0
3,20,12,0.0
3,20,13,0.0
3,20,14,0.0
3,20,15,0.0
3,20,16,0.0
3,20,17,0.0
3,20,18,0.0
3,20,19,0.0
3,20,20,0.0
3,20,21,0.0
3,20,22,0.0
3,20,23,0.0
3,20,24,0.0
3,20,25,0.0
3,20,26,0.0
3,20,27,0.0
3,20,28,0.0
3,20,29,0.0
3,20,30,0.0
3,20,31,0.0
3,20,32,0.0
3,20,33,0.0
3,20,34,0.0
3,20,35,0.0
3,20,36,0.0
3,20,37,0.0
3,20,38,0.0
3,20,39,0.0
3,20,40,0.0
3,20,41,0.0
3,20,42,0.0
3,20,43,0.0
3,20,44,0.0
3,20,45,0.0
3,20,46,0.0
3,20,47,0.0
3,20,48,0.0
3,20,49,0.0
3,20,50,0.0
3,20,51,0.0
3,20,52,0.0
3,20,53,0.0
3,20,54,0.0
3,20,55,0.0
3,20,56,0.0
3,20,57,0.0
3,20,58,0.0
3,20,59,0.0
3,20,60,0.0
3,20,61,0.0
3,20,62,0.0
3,20,63,0.0
3,20,64,0.0
3,20,65,0.0
3,20,66,0.0
3,20,67,0.0
3,20,68,0.0
3,20,69,0.0
3,20,70,0.0
3,20,71,0.0
3,20,72,0.0
3,20,73,0.0
3,20,74,0.0
3,20,75,0.0
3,20,76,0.0
3,20,77,0.0
3,20,78,0.0
3,20,79,0.0
3,20,80,0.0
3,20,81,0.0
3,20,82,0.0
3,20,83,0.0
3,20,84,0.0
3,20,85,0.0
3,20,86,0.0
3,20,87,0.0
3,20,88,0.0
3,20,89,0.0
3,20,90,0.0
3,20,91,0.0
3,20,92,0.0
3,20,93,0.0
3,20,94,0.0
3,20,95,0.0
3,20,96,0.0
3,20,97,0.0
3,20,98,0.0
3,20,99,0.0
3,21,0,9.0
3,21,1,22.0
3,21,2,5.0
3,21,3,0.0
3,21,4,0.0
3,21,5,0.0
3,21,6,0.0
3,21,7,0.0
3,21,8,0.0
3,21,9,0.0
3,21,10,0.0
3,21,11,0.0
3,21,12,0.0
3,21,13,33.0
3,21,14,0.0
3,21,15,0.0
3,21,16,0.0
3,21,17,0.0
3,21,18,0.0
3,21,19,0.0
3,21,20,0.0
3,21,21,0.0
3,21,22,0.0
3,21,23,0.0
3,21,24,0.0
3,21,25,0.0
3,21,26,0.0
3,21,27,0.0
3,21,28,0.0
3,21,29,0.0
3,21,30,0.0
3,21,31,0.0
3,21,32,0.0
3,21,33,0.0
3,21,34,0.0
3,21,35,0.0
3,21,36,0.0
3,21,37,0.0
3,21,38,0.0
3,21,39,0.0
3,21,40,0.0
3,21,41,0.0
3,21,42,0.0
3,21,43,21.0
3,21,44,0.0
3,21,45,0.0
3,21,46,0.0
3,21,47,0.0
3,21,48,0.0
3,21,49,0.0
3,21,50,0.0
3,21,51,0.0
3,21,52,0.0
3,21,53,9.0
3,21,54,0.0
3,21,55,0.0
3,21,56,0.0
3,21,57,0.0
3,21,58,0.0
3,21,59,0.0
3,21,60,0.0
3,21,61,0.0
3,21,62,0.0
3,21,63,0.0
3,21,64,0.0
3,21,65,0.0
3,21,66,0.0
3,21,67,0.0
3,21,68,0.0
3,21,69,0.0
3,21,70,0.0
3,21,71,0.0
3,21,72,0.0
3,21,73,0.0
3,21,74,0.0
3,21,75,0.0
3,21,76,0.0
3,21,77,0.0
3,21,78,0.0
3,21,79,0.0
3,21,80,0.0
3,21,81,0.0
3,21,82,0.0
3,21,83,0.0
3,21,84,0.0
3,21,85,0.0
3,21,86,0.0
3,21,87,0.0
3,21,88,0.0
3,21,89,0.0
3,21,90,12.0
3,21,91,0.0
3,21,92,0.0
3,21,93,0.0
3,21,94,0.0
3,21,95,0.0
3,21,96,0.0
3,21,97,0.0
3,21,98,0.0
3,21,99,0.0
3,22,0,0.0
3,22,1,0.0
3,22,2,0.0
3,22,3,0.0
3,22,4,0.0
3,22,5,0.0
3,22,6,0.0
3,22,7,0.0
3,22,8,0.0
3,22,9,0.0
3,22,10,0.0
3,22,11,0.0
3,22,12,0.0
3,22,13,0.0
3,22,14,0.0
3,22,15,0.0
3,22,16,0.0
3,22,17,0.0
3,22,18,0.0
3,22,19,0.0
3,22,20,0.0
3,22,21,0.0
3,22,22,0.0
3,22,23,0.0
3,22,24,0.0
3,22,25,0.0
3,22,26,0.0
3,22,27,0.0
3,22,28,0.0
3,22,29,0.0
3,22,30,0.0
3,22,31,0.0
3,22,32,0.0
3,22,33,0.0
3,22,34,0.0
3,22,35,0.0
3,22,36,0.0
3,22,37,0.0
3,22,38,0.0
3,22,39,0.0
3,22,40,0.0
3,22,41,0.0
3,22,42,0.0
3,22,43,0.0
3,22,44,0.0
3,22,45,0.0
3,22,46,0.0
3,22,47,0.0
3,22,48,0.0
3,22,49,0.0
3,22,50,0.0
3,22,51,0.0
3,22,52,0.0
3,22,53,0.0
3,22,54,0.0
3,22,55,0.0
3,22,56,0.0
3,22,57,9.0
3,22,58,0.0
3,22,59,0.0
3,22,60,0.0
3,22,61,0.0
3,22,62,0.0
3,22,63,0.0
3,22,64,0.0
3,22,65,13.0
3,22,66,0.0
3,22,67,0.0
3,22,68,0.0
3,22,69,0.0
3,22,70,0.0
3,22,71,0.0
3,22,72,0.0
3,22,73,0.0
3,22,74,0.0
3,22,75,0.0
3,22,76,0.0
3,22,77,0.0
3,22,78,0.0
3,22,79,0.0
3,22,80,0.0
3,22,81,0.0
3,22,82,0.0
3,22,83,0.0
3,22,84,0.0
3,22,85,0.0
3,22,86,0.0
3,22,87,0.0
3,22,88,0.0
3,22,89,0.0
3,22,90,0.0
3,22,91,0.0
3,22,92,0.0
3,22,93,0.0
3,22,94,13.0
3,22,95,0.0
3,22,96,0.0
3,22,97,0.0
3,22,98,0.0
3,22,99,0.0
3,23,0,0.0
3,23,1,0.0
3,23,2,0.0
3,23,3,0.0
3,23,4,0.0
3,23,5,0.0
3,23,6,0.0
3,23,7,0.0
3,23,8,0.0
3,23,9,0.0
3,23,10,0.0
3,23,11,0.0
3,23,12,0.0
3,23,13,0.0
3,23,14,0.0
3,23,15,0.0
3,23,16,0.0
3,23,17,0.0
3,23,18,0.0
3,23,19,0.0
3,23,20,0.0
3,23,21,0.0
3,23,22,0.0
3,23,23,0.0
3,23,24,0.0
3,23,25,0.0
3,23,26,0.0
3,23,27,0.0
3,23,28,0.0
3,23,29,0.0
3,23,30,0.0
3,23,31,0.0
3,23,32,0.0
3,23,33,0.0
3,23,34,0.0
3,23,35,0.0
3,23,36,0.0
3,23,37,0.0
3,23,38,0.0
3,23,39,0.0
3,23,40,0.0
3,23,41,0.0
3,23,42,0.0
3,23,43,0.0
3,23,44,0.0
3,23,45,0.0
3,23,46,0.0
3,23,47,0.0
3,23,48,0.0
3,23,49,0.0
3,23,50,0.0
3,23,51,0.0
3,23,52,0.0
3,23,53,0.0
3,23,54,0.0
3,23,55,0.0
3,23,56,0.0
3,23,57,0.0
3,23,58,0.0
3,23,59,0.0
3,23,60,0.0
3,23,61,0.0
3,23,62,0.0
3,23,63,0.0
3,23,64,0.0
3,23,65,0.0
3,23,66,0.0
3,23,67,0.0
3,23,68,0.0
3,23,69,0.0
3,23,70,0.0
3,23,71,0.0
3,23,72,0.0
3,23,73,0.0
3,23,74,0.0
3,23,75,0.0
3,23,76,0.0
3,23,77,0.0
3,23,78,0.0
3,23,79,0.0
3,23,80,0.0
3,23,81,0.0
3,23,82,0.0
3,23,83,0.0
3,23,84,0.0
3,23,85,0.0
3,23,86,0.0
3,23,87,0.0
3,23,88,0.0
3,23,89,0.0
3,23,90,0.0
3,23,91,0.0
3,23,92,0.0
3,23,93,0.0
3,23,94,0.0
3,23,95,0.0
3,23,96,0.0
3,23,97,0.0
3,23,98,0.0
3,23,99,0.0
4,0,0,0.0
4,0,1,0.0
4,0,2,0.0
4,0,3,0.0
4,0,4,0.0
4,0,5,0.0
4,0,6,0.0
4,0,7,0.0
4,0,8,0.0
4,0,9,0.0
4,0,10,0.0
4,0,11,0.0
4,0,12,0.0
4,0,13,0.0
4,0,14,0.0
4,0,15,0.0
4,0,16,0.0
4,0,17,0.0
4,0,18,0.0
4,0,19,0.0
4,0,20,0.0
4,0,21,0.0
4,0,22,0.0
4,0,23,0.0
4,0,24,0.0
4,0,25,0.0
4,0,26,0.0
4,0,27,0.0
4,0,28,0.0
4,0,29,0.0
4,0,30,0.0
4,0,31,0.0
4,0,32,0.0
4,0,33,0.0
4,0,34,0.0
4,0,35,0.0
4,0,36,0.0
4,0,37,0.0
4,0,38,0.0
4,0,39,0.0
4,0,40,0.0
4,0,41,0.0
4,0,42,0.0
4,0,43,0.0
4,0,44,0.0
4,0,45,0.0
4,0,46,0.0
4,0,47,0.0
4,0,48,0.0
4,0,49,0.0
4,0,50,0.0
4,0,51,0.0
4,0,52,0.0
4,0,53,0.0
4,0,54,0.0
4,0,55,0.0
4,0,56,0.0
4,0,57,0.0
4,0,58,0.0
4,0,59,0.0
4,0,60,0.0
4,0,61,0.0
4,0,62,0.0
4,0,63,0.0
4,0,64,0.0
4,0,65,0.0
4,0,66,0.0
4,0,67,0.0
4,0,68,0.0
4,0,69,0.0
4,0,70,0.0
4,0,71,0.0
4,0,72,0.0
4,0,73,0.0
4,0,74,0.0
4,0,75,0.0
4,0,76,0.0
4,0,77,0.0
4,0,78,0.0
4,0,79,0.0
4,0,80,0.0
4,0,81,0.0
4,0,82,0.0
4,0,83,0.0
4,0,84,0.0
4,0,85,0.0
4,0,86,0.0
4,0,87,0.0
4,0,88,0.0
4,0,89,0.0
4,0,90,0.0
4,0,91,0.0
4,0,92,0.0
4,0,93,0.0
4,0,94,0.0
4,0,95,0.0
4,0,96,0.0
4,0,97,0.0
4,0,98,0.0
4,0,99,0.0
4,1,0,0.0
4,1,1,0.0
4,1,2,0.0
4,1,3,0.0
4,1,4,0.0
4,1,5,0.0
4,1,6,0.0
4,1,7,0.0
4,1,8,0.0
4,1,9,0.0
4,1,10,0.0
4,1,11,0.0
4,1,12,0.0
4,1,13,0.0
4,1,14,0.0
4,1,15,0.0
4,1,16,0.0
4,1,17,0.0
4,1,18,0.0
4,1,19,0.0
4,1,20,0.0
4,1,21,0.0
4,1,22,0.0
4,1,23,0.0
4,1,24,0.0
4,1,25,0.0
4,1,26,0.0
4,1,27,0.0
4,1,28,0.0
4,1,29,0.0
4,1,30,0.0
4,1,31,0.0
4,1,32,0.0
4,1,33,0.0
4,1,34,0.0
4,1,35,0.0
4,1,36,0.0
4,1,37,0.0
4,1,38,0.0
4,1,39,0.0
4,1,40,0.0
4,1,41,0.0
4,1,42,0.0
4,1,43,0.0
4,1,44,0.0
4,1,45,0.0
4,1,46,0.0
4,1,47,0.0
4,1,48,0.0
4,1,49,0.0
4,1,50,0.0
4,1,51,0.0
4,1,52,0.0
4,1,53,0.0
4,1,54,0.0
4,1,55,0.0
4,1,56,0.0
4,1,57,0.0
4,1,58,0.0
4,1,59,0.0
4,1,60,0.0
4,1,61,0.0
4,1,62,0.0
4,1,63,0.0
4,1,64,0.0
4,1,65,0.0
4,1,66,0.0
4,1,67,0.0
4,1,68,0.0
4,1,69,0.0
4,1,70,0.0
4,1,71,0.0
4,1,72,0.0
4,1,73,0.0
4,1,74,0.0
4,1,75,0.0
4,1,76,0.0
4,1,77,0.0
4,1,78,0.0
4,1,79,0.0
4,1,80,0.0
4,1,81,0.0
4,1,82,0.0
4,1,83,0.0
4,1,84,0.0
4,1,85,0.0
4,1,86,0.0
4,1,87,0.0
4,1,88,0.0
4,1,89,0.0
4,1,90,0.0
4,1,91,0.0
4,1,92,0.0
4,1,93,0.0
4,1,94,0.0
4,1,95,0.0
4,1,96,0.0
4,1,97,0.0
4,1,98,0.0
4,1,99,0.0
4,2,0,0.0
4,2,1,0.0
4,2,2,0.0
4,2,3,0.0
4,2,4,0.0
4,2,5,0.0
4,2,6,0.0
4,2,7,0.0
4,2,8,0.0
4,2,9,0.0
4,2,10,0.0
4,2,11,0.0
4,2,12,0.0
4,2,13,0.0
4,2,14,0.0
4,2,15,0.0
4,2,16,0.0
4,2,17,0.0
4,2,18,0.0
4,2,19,0.0
4,2,20,0.0
4,2,21,0.0
4,2,22,0.0
4,2,23,0.0
4,2,24,0.0
4,2,25,0.0
4,2,26,0.0
4,2,27,0.0
4,2,28,0.0
4,2,29,0.0
4,2,30,0.0
4,2,31,0.0
4,2,32,0.0
4,2,33,0.0
4,2,34,0.0
4,2,35,0.0
4,2,36,0.0
4,2,37,0.0
4,2,38,0.0
4,2,39,0.0
4,2,40,0.0
4,2,41,0.0
4,2,42,0.0
4,2,43,0.0
4,2,44,0.0
4,2,45,0.0
4,2,46,0.0
4,2,47,0.0
4,2,48,0.0
4,2,49,0.0
4,2,50,0.0
4,2,51,0.0
4,2,52,0.0
4,2,53,0.0
4,2,54,0.0
4,2,55,0.0
4,2,56,0.0
4,2,57,0.0
4,2,58,0.0
4,2,59,0.0
4,2,60,0.0
4,2,61,0.0
4,2,62,0.0
4,2,63,0.0
4,2,64,0.0
4,2,65,0.0
4,2,66,0.0
4,2,67,0.0
4,2,68,0.0
4,2,69,0.0
4,2,70,0.0
4,2,71,0.0
4,2,72,0.0
4,2,73,0.0
4,2,74,0.0
4,2,75,0.0
4,2,76,0.0
4,2,77,0.0
4,2,78,0.0
4,2,79,0.0
4,2,80,0.0
4,2,81,0.0
4,2,82,0.0
4,2,83,0.0
4,2,84,0.0
4,2,85,0.0
4,2,86,0.0
4,2,87,0.0
4,2,88,0.0
4,2,89,0.0
4,2,90,0.0
4,2,91,0.0
4,2,92,0.0
4,2,93,0.0
4,2,94,0.0
4,2,95,0.0
4,2,96,0.0
4,2,97,0.0
4,2,98,0.0
4,2,99,0.0
4,3,0,0.0
4,3,1,0.0
4,3,2,0.0
4,3,3,0.0
4,3,4,0.0
4,3,5,0.0
4,3,6,0.0
4,3,7,0.0
4,3,8,0.0
4,3,9,0.0
4,3,10,0.0
4,3,11,0.0
4,3,12,0.0
4,3,13,0.0
4,3,14,0.0
4,3,15,0.0
4,3,16,0.0
4,3,17,0.0
4,3,18,0.0
4,3,19,0.0
4,3,20,0.0
4,3,21,0.0
4,3,22,0.0
4,3,23,0.0
4,3,24,0.0
4,3,25,0.0
4,3,26,0.0
4,3,27,0.0
4,3,28,0.0
4,3,29,0.0
4,3,30,0.0
4,3,31,0.0
4,3,32,0.0
4,3,33,0.0
4,3,34,0.0
4,3,35,0.0
4,3,36,0.0
4,3,37,0.0
4,3,38,0.0
4,3,39,0.0
4,3,40,0.0
4,3,41,0.0
4,3,42,0.0
4,3,43,0.0
4,3,44,0.0
4,3,45,0.0
4,3,46,0.0
4,3,47,0.0
4,3,48,0.0
4,3,49,0.0
4,3,50,0.0
4,3,51,0.0
4,3,52,0.0
4,3,53,0.0
4,3,54,0.0
4,3,55,0.0
4,3,56,0.0
4,3,57,0.0
4,3,58,0.0
4,3,59,0.0
4,3,60,0.0
4,3,61,0.0
4,3,62,0.0
4,3,63,0.0
4,3,64,0.0
4,3,65,0.0
4,3,66,0.0
4,3,67,0.0
4,3,68,0.0
4,3,69,0.0
4,3,70,0.0
4,3,71,0.0
4,3,72,0.0
4,3,73,0.0
4,3,74,0.0
4,3,75,0.0
4,3,76,0.0
4,3,77,0.0
4,3,78,0.0
4,3,79,0.0
4,3,80,0.0
4,3,81,0.0
4,3,82,0.0
4,3,83,0.0
4,3,84,0.0
4,3,85,0.0
4,3,86,0.0
4,3,87,0.0
4,3,88,0.0
4,3,89,0.0
4,3,90,0.0
4,3,91,0.0
4,3,92,0.0
4,3,93,0.0
4,3,94,0.0
4,3,95,0.0
4,3,96,0.0
4,3,97,0.0
4,3,98,0.0
4,3,99,0.0
4,4,0,0.0
4,4,1,0.0
4,4,2,0.0
4,4,3,0.0
4,4,4,0.0
4,4,5,0.0
4,4,6,0.0
4,4,7,0.0
4,4,8,0.0
4,4,9,0.0
4,4,10,0.0
4,4,11,0.0
4,4,12,0.0
4,4,13,0.0
4,4,14,0.0
4,4,15,0.0
4,4,16,0.0
4,4,17,0.0
4,4,18,0.0
4,4,19,0.0
4,4,20,0.0
4,4,21,0.0
4,4,22,0.0
4,4,23,0.0
4,4,24,0.0
4,4,25,0.0
4,4,26,0.0
4,4,27,0.0
4,4,28,0.0
4,4,29,0.0
4,4,30,0.0
4,4,31,0.0
4,4,32,0.0
4,4,33,0.0
4,4,34,0.0
4,4,35,0.0
4,4,36,0.0
4,4,37,0.0
4,4,38,0.0
4,4,39,0.0
4,4,40,0.0
4,4,41,0.0
4,4,42,0.0
4,4,43,0.0
4,4,44,0.0
4,4,45,0.0
4,4,46,0.0
4,4,47,0.0
4,4,48,0.0
4,4,49,0.0
4,4,50,0.0
4,4,51,0.0
4,4,52,0.0
4,4,53,0.0
4,4,54,0.0
4,4,55,0.0
4,4,56,0.0
4,4,57,0.0
4,4,58,0.0
4,4,59,0.0
4,4,60,0.0
4,4,61,0.0
4,4,62,0.0
4,4,63,0.0
4,4,64,0.0
4,4,65,0.0
4,4,66,0.0
4,4,67,0.0
4,4,68,0.0
4,4,69,0.0
4,4,70,0.0
4,4,71,0.0
4,4,72,0.0
4,4,73,0.0
4,4,74,0.0
4,4,75,0.0
4,4,76,0.0
4,4,77,0.0
4,4,78,0.0
4,4,79,0.0
4,4,80,0.0
4,4,81,0.0
4,4,82,0.0
4,4,83,0.0
4,4,84,0.0
4,4,85,0.0
4,4,86,0.0
4,4,87,0.0
4,4,88,0.0
4,4,89,0.0
4,4,90,0.0
4,4,91,0.0
4,4,92,0.0
4,4,93,0.0
4,4,94,0.0
4,4,95,0.0
4,4,96,0.0
4,4,97,0.0
4,4,98,0.0
4,4,99,0.0
4,5,0,0.0
4,5,1,0.0
4,5,2,0.0
4,5,3,0.0
4,5,4,0.0
4,5,5,0.0
4,5,6,0.0
4,5,7,0.0
4,5,8,0.0
4,5,9,0.0
4,5,10,0.0
4,5,11,0.0
4,5,12,0.0
4,5,13,0.0
4,5,14,0.0
4,5,15,0.0
4,5,16,0.0
4,5,17,0.0
4,5,18,0.0
4,5,19,0.0
4,5,20,0.0
4,5,21,0.0
4,5,22,0.0
4,5,23,0.0
4,5,24,0.0
4,5,25,0.0
4,5,26,0.0
4,5,27,0.0
4,5,28,0.0
4,5,29,0.0
4,5,30,0.0
4,5,31,0.0
4,5,32,0.0
4,5,33,0.0
4,5,34,0.0
4,5,35,0.0
4,5,36,0.0
4,5,37,0.0
4,5,38,0.0
4,5,39,0.0
4,5,40,0.0
4,5,41,0.0
4,5,42,0.0
4,5,43,0.0
4,5,44,0.0
4,5,45,0.0
4,5,46,0.0
4,5,47,0.0
4,5,48,0.0
4,5,49,0.0
4,5,50,0.0
4,5,51,0.0
4,5,52,0.0
4,5,53,0.0
4,5,54,0.0
4,5,55,0.0
4,5,56,0.0
4,5,57,0.0
4,5,58,0.0
4,5,59,0.0
4,5,60,0.0
4,5,61,0.0
4,5,62,0.0
4,5,63,0.0
4,5,64,0.0
4,5,65,0.0
4,5,66,0.0
4,5,67,0.0
4,5,68,0.0
4,5,69,0.0
4,5,70,0.0
4,5,71,0.0
4,5,72,0.0
4,5,73,0.0
4,5,74,0.0
4,5,75,0.0
4,5,76,0.0
4,5,77,1.0
4,5,78,0.0
4,5,79,0.0
4,5,80,0.0
4,5,81,0.0
4,5,82,0.0
4,5,83,0.0
4,5,84,0.0
4,5,85,0.0
4,5,86,0.0
4,5,87,0.0
4,5,88,0.0
4,5,89,0.0
4,5,90,0.0
4,5,91,0.0
4,5,92,0.0
4,5,93,0.0
4,5,94,0.0
4,5,95,0.0
4,5,96,0.0
4,5,97,0.0
4,5,98,0.0
4,5,99,0.0
4,6,0,0.0
4,6,1,0.0
4,6,2,0.0
4,6,3,0.0
4,6,4,0.0
4,6,5,0.0
4,6,6,0.0
4,6,7,0.0
4,6,8,0.0
4,6,9,0.0
4,6,10,0.0
4,6,11,0.0
4,6,12,0.0
4,6,13,0.0
4,6,14,0.0
4,6,15,0.0
4,6,16,0.0
4,6,17,0.0
4,6,18,0.0
4,6,19,0.0
4,6,20,0.0
4,6,21,0.0
4,6,22,0.0
4,6,23,0.0
4,6,24,0.0
4,6,25,0.0
4,6,26,0.0
4,6,27,0.0
4,6,28,0.0
4,6,29,0.0
4,6,30,0.0
4,6,31,0.0
4,6,32,0.0
4,6,33,0.0
4,6,34,0.0
4,6,35,0.0
4,6,36,0.0
4,6,37,0.0
4,6,38,0.0
4,6,39,0.0
4,6,40,0.0
4,6,41,0.0
4,6,42,0.0
4,6,43,0.0
4,6,44,0.0
4,6,45,0.0
4,6,46,0.0
4,6,47,0.0
4,6,48,0.0
4,6,49,0.0
4,6,50,0.0
4,6,51,0.0
4,6,52,0.0
4,6,53,0.0
4,6,54,0.0
4,6,55,0.0
4,6,56,0.0
4,6,57,0.0
4,6,58,0.0
4,6,59,0.0
4,6,60,0.0
4,6,61,0.0
4,6,62,0.0
4,6,63,0.0
4,6,64,0.0
4,6,65,0.0
4,6,66,0.0
4,6,67,0.0
4,6,68,0.0
4,6,69,0.0
4,6,70,0.0
4,6,71,0.0
4,6,72,0.0
4,6,73,0.0
4,6,74,0.0
4,6,75,0.0
4,6,76,0.0
4,6,77,0.0
4,6,78,0.0
4,6,79,0.0
4,6,80,0.0
4,6,81,0.0
4,6,82,0.0
4,6,83,0.0
4,6,84,0.0
4,6,85,0.0
4,6,86,0.0
4,6,87,0.0
4,6,88,0.0
4,6,89,0.0
4,6,90,0.0
4,6,91,0.0
4,6,92,0.0
4,6,93,0.0
4,6,94,0.0
4,6,95,0.0
4,6,96,0.0
4,6,97,0.0
4,6,98,0.0
4,6,99,0.0
4,7,0,0.0
4,7,1,0.0
4,7,2,0.0
4,7,3,4.0
4,7,4,0.0
4,7,5,0.0
4,7,6,0.0
4,7,7,0.0
4,7,8,0.0
4,7,9,0.0
4,7,10,0.0
4,7,11,2.0
4,7,12,0.0
4,7,13,0.0
4,7,14,0.0
4,7,15,0.0
4,7,16,5.0
4,7,17,0.0
4,7,18,0.0
4,7,19,0.0
4,7,20,0.0
4,7,21,0.0
4,7,22,0.0
4,7,23,0.0
4,7,24,0.0
4,7,25,0.0
4,7,26,0.0
4,7,27,0.0
4,7,28,0.0
4,7,29,0.0
4,7,30,7.0
4,7,31,0.0
4,7,32,0.0
4,7,33,0.0
4,7,34,0.0
4,7,35,7.0
4,7,36,10.0
4,7,37,0.0
4,7,38,0.0
4,7,39,0.0
4,7,40,0.0
4,7,41,8.0
4,7,42,0.0
4,7,43,0.0
4,7,44,0.0
4,7,45,0.0
4,7,46,0.0
4,7,47,0.0
4,7,48,0.0
4,7,49,0.0
4,7,50,0.0
4,7,51,0.0
4,7,52,0.0
4,7,53,0.0
4,7,54,0.0
4,7,55,0.0
4,7,56,0.0
4,7,57,0.0
4,7,58,0.0
4,7,59,0.0
4,7,60,0.0
4,7,61,0.0
4,7,62,0.0
4,7,63,0.0
4,7,64,0.0
4,7,65,0.0
4,7,66,0.0
4,7,67,0.0
4,7,68,8.0
4,7,69,0.0
4,7,70,0.0
4,7,71,0.0
4,7,72,0.0
4,7,73,0.0
4,7,74,0.0
4,7,75,0.0
4,7,76,0.0
4,7,77,0.0
4,7,78,0.0
4,7,79,0.0
4,7,80,0.0
4,7,81,0.0
4,7,82,0.0
4,7,83,0.0
4,7,84,0.0
4,7,85,0.0
4,7,86,0.0
4,7,87,0.0
4,7,88,0.0
4,7,89,10.0
4,7,90,0.0
4,7,91,0.0
4,7,92,0.0
4,7,93,0.0
4,7,94,0.0
4,7,95,0.0
4,7,96,11.0
4,7,97,13.0
4,7,98,0.0
4,7,99,0.0
4,8,0,27.0
4,8,1,0.0
4,8,2,18.0
4,8,3,0.0
4,8,4,0.0
4,8,5,0.0
4,8,6,0.0
4,8,7,0.0
4,8,8,27.0
4,8,9,15.0
4,8,10,0.0
4,8,11,0.0
4,8,12,0.0
4,8,13,0.0
4,8,14,0.0
4,8,15,0.0
4,8,16,0.0
4,8,17,0.0
4,8,18,24.0
4,8,19,0.0
4,8,20,0.0
4,8,21,7.0
4,8,22,16.0
4,8,23,33.0
4,8,24,10.0
4,8,25,0.0
4,8,26,0.0
4,8,27,0.0
4,8,28,9.0
4,8,29,0.0
4,8,30,0.0
4,8,31,0.0
4,8,32,16.0
4,8,33,0.0
4,8,34,15.0
4,8,35,0.0
4,8,36,16.0
4,8,37,0.0
4,8,38,0.0
4,8,39,0.0
4,8,40,0.0
4,8,41,0.0
4,8,42,0.0
4,8,43,0.0
4,8,44,0.0
4,8,45,0.0
4,8,46,0.0
4,8,47,0.0
4,8,48,0.0
4,8,49,0.0
4,8,50,29.0
4,8,51,0.0
4,8,52,0.0
4,8,53,31.0
4,8,54,0.0
4,8,55,0.0
4,8,56,0.0
4,8,57,26.0
4,8,58,0.0
4,8,59,0.0
4,8,60,0.0
4,8,61,30.0
4,8,62,0.0
4,8,63,1.0
4,8,64,0.0
4,8,65,22.0
4,8,66,15.0
4,8,67,0.0
4,8,68,0.0
4,8,69,0.0
4,8,70,20.0
4,8,71,0.0
4,8,72,1.0
4,8,73,0.0
4,8,74,0.0
4,8,75,0.0
4,8,76,10.0
4,8,77,23.0
4,8,78,0.0
4,8,79,0.0
4,8,80,0.0
4,8,81,0.0
4,8,82,0.0
4,8,83,0.0
4,8,84,0.0
4,8,85,15.0
4,8,86,0.0
4,8,87,20.0
4,8,88,9.0
4,8,89,0.0
4,8,90,24.0
4,8,91,0.0
4,8,92,0.0
4,8,93,0.0
4,8,94,17.0
4,8,95,0.0
4,8,96,20.0
4,8,97,0.0
4,8,98,15.0
4,8,99,0.0
4,9,0,0.0
4,9,1,0.0
4,9,2,0.0
4,9,3,0.0
4,9,4,103.0
4,9,5,0.0
4,9,6,0.0
4,9,7,0.0
4,9,8,0.0
4,9,9,0.0
4,9,10,0.0
4,9,11,0.0
4,9,12,19.0
4,9,13,0.0
4,9,14,0.0
4,9,15,0.0
4,9,16,0.0
4,9,17,0.0
4,9,18,72.0
4,9,19,20.0
4,9,20,0.0
4,9,21,0.0
4,9,22,0.0
4,9,23,49.0
4,9,24,0.0
4,9,25,79.0
4,9,26,96.0
4,9,27,0.0
4,9,28,0.0
4,9,29,36.0
4,9,30,0.0
4,9,31,11.0
4,9,32,0.0
4,9,33,0.0
4,9,34,0.0
4,9,35,29.0
4,9,36,0.0
4,9,37,124.0
4,9,38,0.0
4,9,39,9.0
4,9,40,0.0
4,9,41,0.0
4,9,42,0.0
4,9,43,0.0
4,9,44,0.0
4,9,45,108.0
4,9,46,147.0
4,9,47,146.0
4,9,48,0.0
4,9,49,0.0
4,9,50,0.0
4,9,51,111.0
4,9,52,0.0
4,9,53,14.0
4,9,54,49.0
4,9,55,0.0
4,9,56,77.0
4,9,57,0.0
4,9,58,0.0
4,9,59,0.0
4,9,60,0.0
4,9,61,0.0
4,9,62,0.0
4,9,63,0.0
4,9,64,0.0
4,9,65,0.0
4,9,66,50.0
4,9,67,0.0
4,9,68,0.0
4,9,69,70.0
4,9,70,84.0
4,9,71,0.0
4,9,72,0.0
4,9,73,0.0
4,9,74,0.0
4,9,75,0.0
4,9,76,0.0
4,9,77,0.0
4,9,78,0.0
4,9,79,0.0
4,9,80,66.0
4,9,81,0.0
4,9,82,7.0
4,9,83,0.0
4,9,84,0.0
4,9,85,0.0
4,9,86,138.0
4,9,87,0.0
4,9,88,0.0
4,9,89,0.0
4,9,90,104.0
4,9,91,0.0
4,9,92,0.0
4,9,93,0.0
4,9,94,0.0
4,9,95,0.0
4,9,96,0.0
4,9,97,0.0
4,9,98,0.0
4,9,99,0.0
4,10,0,0.0
4,10,1,0.0
4,10,2,0.0
4,10,3,0.0
4,10,4,0.0
4,10,5,70.0
4,10,6,0.0
4,10,7,0.0
4,10,8,27.0
4,10,9,0.0
4,10,10,54.0
4,10,11,129.0
4,10,12,0.0
4,10,13,0.0
4,10,14,34.0
4,10,15,0.0
4,10,16,51.0
4,10,17,8.0
4,10,18,72.0
4,10,19,0.0
4,10,20,0.0
4,10,21,72.0
4,10,22,55.0
4,10,23,0.0
4,10,24,0.0
4,10,25,0.0
4,10,26,0.0
4,10,27,0.0
4,10,28,36.0
4,10,29,0.0
4,10,30,2.0
4,10,31,0.0
4,10,32,33.0
4,10,33,0.0
4,10,34,0.0
4,10,35,0.0
4,10,36,0.0
4,10,37,0.0
4,10,38,0.0
4,10,39,0.0
4,10,40,0.0
4,10,41,0.0
4,10,42,39.0
4,10,43,146.0
4,10,44,0.0
4,10,45,0.0
4,10,46,0.0
4,10,47,0.0
4,10,48,38.0
4,10,49,0.0
4,10,50,122.0
4,10,51,0.0
4,10,52,120.0
4,10,53,0.0
4,10,54,0.0
4,10,55,0.0
4,10,56,0.0
4,10,57,0.0
4,10,58,0.0
4,10,59,0.0
4,10,60,0.0
4,10,61,0.0
4,10,62,0.0
4,10,63,0.0
4,10,64,0.0
4,10,65,0.0
4,10,66,0.0
4,10,67,0.0
4,10,68,131.0
4,10,69,0.0
4,10,70,0.0
4,10,71,0.0
4,10,72,0.0
4,10,73,15.0
4,10,74,0.0
4,10,75,0.0
4,10,76,0.0
4,10,77,83.0
4,10,78,0.0
4,10,79,8.0
4,10,80,0.0
4,10,81,0.0
4,10,82,171.0
4,10,83,0.0
4,10,84,0.0
4,10,85,25.0
4,10,86,0.0
4,10,87,0.0
4,10,88,0.0
4,10,89,0.0
4,10,90,78.0
4,10,91,0.0
4,10,92,30.0
4,10,93,0.0
4,10,94,0.0
4,10,95,0.0
4,10,96,54.0
4,10,97,0.0
4,10,98,0.0
4,10,99,153.0
4,11,0,303.0
4,11,1,220.0
4,11,2,71.0
4,11,3,157.0
4,11,4,0.0
4,11,5,88.0
4,11,6,129.0
4,11,7,49.0
4,11,8,211.0
4,11,9,219.0
4,11,10,39.0
4,11,11,124.0
4,11,12,111.0
4,11,13,216.0
4,11,14,248.0
4,11,15,272.0
4,11,16,30.0
4,11,17,157.0
4,11,18,180.0
4,11,19,102.0
4,11,20,78.0
4,11,21,206.0
4,11,22,212.0
4,11,23,348.0
4,11,24,11.0
4,11,25,0.0
4,11,26,0.0
4,11,27,263.0
4,11,28,0.0
4,11,29,147.0
4,11,30,270.0
4,11,31,339.0
4,11,32,0.0
4,11,33,125.0
4,11,34,230.0
4,11,35,116.0
4,11,36,88.0
4,11,37,0.0
4,11,38,130.0
4,11,39,56.0
4,11,40,336.0
4,11,41,373.0
4,11,42,60.0
4,11,43,226.0
4,11,44,394.0
4,11,45,349.0
4,11,46,105.0
4,11,47,31.0
4,11,48,0.0
4,11,49,169.0
4,11,50,271.0
4,11,51,29.0
4,11,52,132.0
4,11,53,167.0
4,11,54,332.0
4,11,55,144.0
4,11,56,0.0
4,11,57,152.0
4,11,58,0.0
4,11,59,195.0
4,11,60,313.0
4,11,61,28.0
4,11,62,62.0
4,11,63,447.0
4,11,64,282.0
4,11,65,177.0
4,11,66,95.0
4,11,67,145.0
4,11,68,186.0
4,11,69,173.0
4,11,70,74.0
4,11,71,248.0
4,11,72,290.0
4,11,73,132.0
4,11,74,365.0
4,11,75,275.0
4,11,76,183.0
4,11,77,178.0
4,11,78,118.0
4,11,79,300.0
4,11,80,54.0
4,11,81,292.0
4,11,82,169.0
4,11,83,292.0
4,11,84,225.0
4,11,85,201.0
4,11,86,34.0
4,11,87,145.0
4,11,88,103.0
4,11,89,135.0
4,11,90,237.0
4,11,91,34.0
4,11,92,162.0
4,11,93,147.0
4,11,94,240.0
4,11,95,248.0
4,11,96,266.0
4,11,97,52.0
4,11,98,145.0
4,11,99,176.0
4,12,0,200.0
4,12,1,59.0
4,12,2,47.0
4,12,3,451.0
4,12,4,255.0
4,12,5,299.0
4,12,6,138.0
4,12,7,150.0
4,12,8,443.0
4,12,9,49.0
4,12,10,290.0
4,12,11,375.0
4,12,12,316.0
4,12,13,57.0
4,12,14,344.0
4,12,15,173.0
4,12,16,235.0
4,12,17,253.0
4,12,18,291.0
4,12,19,111.0
4,12,20,281.0
4,12,21,107.0
4,12,22,348.0
4,12,23,146.0
4,12,24,164.0
4,12,25,283.0
4,12,26,308.0
4,12,27,301.0
4,12,28,120.0
4,12,29,158.0
4,12,30,139.0
4,12,31,0.0
4,12,32,178.0
4,12,33,219.0
4,12,34,136.0
4,12,35,214.0
4,12,36,289.0
4,12,37,276.0
4,12,38,267.0
4,12,39,415.0
4,12,40,82.0
4,12,41,165.0
4,12,42,364.0
4,12,43,284.0
4,12,44,258.0
4,12,45,89.0
4,12,46,44.0
4,12,47,220.0
4,12,48,229.0
4,12,49,79.0
4,12,50,41.0
4,12,51,172.0
4,12,52,89.0
4,12,53,183.0
4,12,54,144.0
4,12,55,375.0
4,12,56,164.0
4,12,57,421.0
4,12,58,307.0
4,12,59,277.0
4,12,60,354.0
4,12,61,220.0
4,12,62,225.0
4,12,63,104.0
4,12,64,109.0
4,12,65,120.0
4,12,66,318.0
4,12,67,118.0
4,12,68,117.0
4,12,69,100.0
4,12,70,140.0
4,12,71,335.0
4,12,72,295.0
4,12,73,91.0
4,12,74,71.0
4,12,75,150.0
4,12,76,227.0
4,12,77,209.0
4,12,78,265.0
4,12,79,121.0
4,12,80,261.0
4,12,81,0.0
4,12,82,303.0
4,12,83,200.0
4,12,84,308.0
4,12,85,221.0
4,12,86,351.0
4,12,87,326.0
4,12,88,253.0
4,12,89,174.0
4,12,90,357.0
4,12,91,214.0
4,12,92,380.0
4,12,93,258.0
4,12,94,54.0
4,12,95,177.0
4,12,96,239.0
4,12,97,287.0
4,12,98,224.0
4,12,99,279.0
4,13,0,273.0
4,13,1,426.0
4,13,2,642.0
4,13,3,575.0
4,13,4,386.0
4,13,5,500.0
4,13,6,703.0
4,13,7,536.0
4,13,8,600.0
4,13,9,699.0
4,13,10,187.0
4,13,11,607.0
4,13,12,453.0
4,13,13,720.0
4,13,14,237.0
4,13,15,356.0
4,13,16,722.0
4,13,17,401.0
4,13,18,505.0
4,13,19,754.0
4,13,20,774.0
4,13,21,774.0
4,13,22,351.0
4,13,23,735.0
4,13,24,166.0
4,13,25,320.0
4,13,26,438.0
4,13,27,327.0
4,13,28,337.0
4,13,29,262.0
4,13,30,577.0
4,13,31,497.0
4,13,32,502.0
4,13,33,774.0
4,13,34,548.0
4,13,35,636.0
4,13,36,103.0
4,13,37,271.0
4,13,38,378.0
4,13,39,450.0
4,13,40,537.0
4,13,41,748.0
4,13,42,308.0
4,13,43,318.0
4,13,44,382.0
4,13,45,638.0
4,13,46,774.0
4,13,47,687.0
4,13,48,475.0
4,13,49,354.0
4,13,50,740.0
4,13,51,629.0
4,13,52,255.0
4,13,53,552.0
4,13,54,457.0
4,13,55,728.0
4,13,56,774.0
4,13,57,700.0
4,13,58,331.0
4,13,59,94.0
4,13,60,362.0
4,13,61,628.0
4,13,62,511.0
4,13,63,500.0
4,13,64,589.0
4,13,65,483.0
4,13,66,484.0
4,13,67,449.0
4,13,68,637.0
4,13,69,701.0
4,13,70,774.0
4,13,71,253.0
4,13,72,317.0
4,13,73,774.0
4,13,74,774.0
4,13,75,774.0
4,13,76,563.0
4,13,77,412.0
4,13,78,330.0
4,13,79,356.0
4,13,80,624.0
4,13,81,630.0
4,13,82,186.0
4,13,83,511.0
4,13,84,501.0
4,13,85,199.0
4,13,86,364.0
4,13,87,609.0
4,13,88,433.0
4,13,89,620.0
4,13,90,627.0
4,13,91,222.0
4,13,92,360.0
4,13,93,663.0
4,13,94,679.0
4,13,95,774.0
4,13,96,774.0
4,13,97,774.0
4,13,98,774.0
4,13,99,427.0
4,14,0,0.0
4,14,1,50.0
4,14,2,0.0
4,14,3,0.0
4,14,4,0.0
4,14,5,0.0
4,14,6,0.0
4,14,7,0.0
4,14,8,0.0
4,14,9,0.0
4,14,10,330.0
4,14,11,0.0
4,14,12,233.0
4,14,13,412.0
4,14,14,0.0
4,14,15,308.0
4,14,16,0.0
4,14,17,0.0
4,14,18,107.0
4,14,19,591.0
4,14,20,0.0
4,14,21,0.0
4,14,22,0.0
4,14,23,0.0
4,14,24,331.0
4,14,25,641.0
4,14,26,0.0
4,14,27,64.0
4,14,28,0.0
4,14,29,0.0
4,14,30,0.0
4,14,31,0.0
4,14,32,0.0
4,14,33,0.0
4,14,34,0.0
4,14,35,0.0
4,14,36,249.0
4,14,37,0.0
4,14,38,106.0
4,14,39,186.0
4,14,40,0.0
4,14,41,0.0
4,14,42,0.0
4,14,43,0.0
4,14,44,80.0
4,14,45,0.0
4,14,46,367.0
4,14,47,215.0
4,14,48,0.0
4,14,49,0.0
4,14,50,0.0
4,14,51,0.0
4,14,52,0.0
4,14,53,0.0
4,14,54,0.0
4,14,55,0.0
4,14,56,0.0
4,14,57,0.0
4,14,58,0.0
4,14,59,0.0
4,14,60,16.0
4,14,61,222.0
4,14,62,0.0
4,14,63,0.0
4,14,64,0.0
4,14,65,0.0
4,14,66,0.0
4,14,67,0.0
4,14,68,0.0
4,14,69,0.0
4,14,70,0.0
4,14,71,0.0
4,14,72,0.0
4,14,73,0.0
4,14,74,0.0
4,14,75,0.0
4,14,76,280.0
4,14,77,0.0
4,14,78,0.0
4,14,79,0.0
4,14,80,0.0
4,14,81,0.0
4,14,82,0.0
4,14,83,0.0
4,14,84,0.0
4,14,85,0.0
4,14,86,86.0
4,14,87,449.0
4,14,88,0.0
4,14,89,0.0
4,14,90,0.0
4,14,91,0.0
4,14,92,0.0
4,14,93,12.0
4,14,94,0.0
4,14,95,0.0
4,14,96,0.0
4,14,97,0.0
4,14,98,0.0
4,14,99,0.0
4,15,0,133.0
4,15,1,177.0
4,15,2,285.0
4,15,3,185.0
4,15,4,155.0
4,15,5,213.0
4,15,6,283.0
4,15,7,126.0
4,15,8,280.0
4,15,9,242.0
4,15,10,216.0
4,15,11,234.0
4,15,12,178.0
4,15,13,146.0
4,15,14,153.0
4,15,15,195.0
4,15,16,196.0
4,15,17,140.0
4,15,18,165.0
4,15,19,90.0
4,15,20,301.0
4,15,21,147.0
4,15,22,317.0
4,15,23,309.0
4,15,24,203.0
4,15,25,323.0
4,15,26,149.0
4,15,27,180.0
4,15,28,303.0
4,15,29,64.0
4,15,30,220.0
4,15,31,154.0
4,15,32,231.0
4,15,33,141.0
4,15,34,205.0
4,15,35,290.0
4,15,36,279.0
4,15,37,171.0
4,15,38,246.0
4,15,39,152.0
4,15,40,308.0
4,15,41,219.0
4,15,42,286.0
4,15,43,202.0
4,15,44,208.0
4,15,45,217.0
4,15,46,132.0
4,15,47,193.0
4,15,48,310.0
4,15,49,128.0
4,15,50,204.0
4,15,51,202.0
4,15,52,187.0
4,15,53,247.0
4,15,54,259.0
4,15,55,47.0
4,15,56,303.0
4,15,57,287.0
4,15,58,277.0
4,15,59,174.0
4,15,60,177.0
4,15,61,139.0
4,15,62,146.0
4,15,63,40.0
4,15,64,212.0
4,15,65,314.0
4,15,66,194.0
4,15,67,240.0
4,15,68,139.0
4,15,69,196.0
4,15,70,98.0
4,15,71,299.0
4,15,72,220.0
4,15,73,272.0
4,15,74,150.0
4,15,75,265.0
4,15,76,321.0
4,15,77,172.0
4,15,78,233.0
4,15,79,141.0
4,15,80,300.0
4,15,81,129.0
4,15,82,30.0
4,15,83,177.0
4,15,84,129.0
4,15,85,69.0
4,15,86,210.0
4,15,87,214.0
4,15,88,234.0
4,15,89,221.0
4,15,90,200.0
4,15,91,182.0
4,15,92,178.0
4,15,93,142.0
4,15,94,236.0
4,15,95,316.0
4,15,96,282.0
4,15,97,193.0
4,15,98,137.0
4,15,99,127.0
4,16,0,0.0
4,16,1,0.0
4,16,2,0.0
4,16,3,80.0
4,16,4,0.0
4,16,5,53.0
4,16,6,0.0
4,16,7,0.0
4,16,8,69.0
4,16,9,0.0
4,16,10,0.0
4,16,11,0.0
4,16,12,0.0
4,16,13,0.0
4,16,14,287.0
4,16,15,0.0
4,16,16,0.0
4,16,17,18.0
4,16,18,153.0
4,16,19,0.0
4,16,20,125.0
4,16,21,0.0
4,16,22,0.0
4,16,23,0.0
4,16,24,0.0
4,16,25,9.0
4,16,26,0.0
4,16,27,229.0
4,16,28,0.0
4,16,29,304.0
4,16,30,98.0
4,16,31,219.0
4,16,32,0.0
4,16,33,0.0
4,16,34,148.0
4,16,35,0.0
4,16,36,0.0
4,16,37,0.0
4,16,38,195.0
4,16,39,171.0
4,16,40,352.0
4,16,41,0.0
4,16,42,0.0
4,16,43,175.0
4,16,44,0.0
4,16,45,20.0
4,16,46,0.0
4,16,47,113.0
4,16,48,150.0
4,16,49,0.0
4,16,50,332.0
4,16,51,93.0
4,16,52,254.0
4,16,53,0.0
4,16,54,0.0
4,16,55,0.0
4,16,56,62.0
4,16,57,224.0
4,16,58,0.0
4,16,59,0.0
4,16,60,114.0
4,16,61,0.0
4,16,62,200.0
4,16,63,171.0
4,16,64,0.0
4,16,65,142.0
4,16,66,53.0
4,16,67,0.0
4,16,68,0.0
4,16,69,0.0
4,16,70,0.0
4,16,71,0.0
4,16,72,0.0
4,16,73,0.0
4,16,74,355.0
4,16,75,0.0
4,16,76,0.0
4,16,77,0.0
4,16,78,0.0
4,16,79,0.0
4,16,80,0.0
4,16,81,77.0
4,16,82,241.0
4,16,83,0.0
4,16,84,62.0
4,16,85,0.0
4,16,86,0.0
4,16,87,0.0
4,16,88,0.0
4,16,89,23.0
4,16,90,0.0
4,16,91,249.0
4,16,92,0.0
4,16,93,2.0
4,16,94,157.0
4,16,95,0.0
4,16,96,95.0
4,16,97,0.0
4,16,98,0.0
4,16,99,297.0
4,17,0,238.0
4,17,1,164.0
4,17,2,257.0
4,17,3,0.0
4,17,4,213.0
4,17,5,248.0
4,17,6,301.0
4,17,7,296.0
4,17,8,201.0
4,17,9,156.0
4,17,10,336.0
4,17,11,326.0
4,17,12,303.0
4,17,13,67.0
4,17,14,0.0
4,17,15,236.0
4,17,16,208.0
4,17,17,192.0
4,17,18,247.0
4,17,19,144.0
4,17,20,135.0
4,17,21,137.0
4,17,22,330.0
4,17,23,235.0
4,17,24,0.0
4,17,25,123.0
4,17,26,254.0
4,17,27,185.0
4,17,28,255.0
4,17,29,249.0
4,17,30,201.0
4,17,31,312.0
4,17,32,268.0
4,17,33,0.0
4,17,34,147.0
4,17,35,252.0
4,17,36,327.0
4,17,37,38.0
4,17,38,227.0
4,17,39,342.0
4,17,40,118.0
4,17,41,335.0
4,17,42,286.0
4,17,43,102.0
4,17,44,236.0
4,17,45,281.0
4,17,46,296.0
4,17,47,125.0
4,17,48,0.0
4,17,49,188.0
4,17,50,126.0
4,17,51,125.0
4,17,52,270.0
4,17,53,247.0
4,17,54,139.0
4,17,55,0.0
4,17,56,198.0
4,17,57,192.0
4,17,58,342.0
4,17,59,142.0
4,17,60,86.0
4,17,61,283.0
4,17,62,67.0
4,17,63,367.0
4,17,64,73.0
4,17,65,145.0
4,17,66,140.0
4,17,67,358.0
4,17,68,179.0
4,17,69,66.0
4,17,70,292.0
4,17,71,277.0
4,17,72,264.0
4,17,73,171.0
4,17,74,121.0
4,17,75,159.0
4,17,76,200.0
4,17,77,213.0
4,17,78,311.0
4,17,79,209.0
4,17,80,335.0
4,17,81,199.0
4,17,82,67.0
4,17,83,336.0
4,17,84,113.0
4,17,85,130.0
4,17,86,329.0
4,17,87,344.0
4,17,88,326.0
4,17,89,69.0
4,17,90,319.0
4,17,91,111.0
4,17,92,205.0
4,17,93,238.0
4,17,94,256.0
4,17,95,126.0
4,17,96,203.0
4,17,97,169.0
4,17,98,278.0
4,17,99,308.0
4,18,0,89.0
4,18,1,0.0
4,18,2,113.0
4,18,3,220.0
4,18,4,83.0
4,18,5,53.0
4,18,6,173.0
4,18,7,135.0
4,18,8,161.0
4,18,9,102.0
4,18,10,159.0
4,18,11,42.0
4,18,12,138.0
4,18,13,81.0
4,18,14,302.0
4,18,15,236.0
4,18,16,77.0
4,18,17,114.0
4,18,18,59.0
4,18,19,43.0
4,18,20,212.0
4,18,21,143.0
4,18,22,46.0
4,18,23,283.0
4,18,24,229.0
4,18,25,199.0
4,18,26,156.0
4,18,27,19.0
4,18,28,31.0
4,18,29,0.0
4,18,30,194.0
4,18,31,133.0
4,18,32,218.0
4,18,33,255.0
4,18,34,307.0
4,18,35,22.0
4,18,36,139.0
4,18,37,201.0
4,18,38,42.0
4,18,39,35.0
4,18,40,188.0
4,18,41,0.0
4,18,42,50.0
4,18,43,41.0
4,18,44,202.0
4,18,45,210.0
4,18,46,173.0
4,18,47,123.0
4,18,48,87.0
4,18,49,93.0
4,18,50,0.0
4,18,51,157.0
4,18,52,75.0
4,18,53,0.0
4,18,54,120.0
4,18,55,276.0
4,18,56,187.0
4,18,57,0.0
4,18,58,0.0
4,18,59,0.0
4,18,60,0.0
4,18,61,0.0
4,18,62,302.0
4,18,63,38.0
4,18,64,312.0
4,18,65,25.0
4,18,66,37.0
4,18,67,223.0
4,18,68,173.0
4,18,69,278.0
4,18,70,122.0
4,18,71,108.0
4,18,72,226.0
4,18,73,238.0
4,18,74,218.0
4,18,75,175.0
4,18,76,142.0
4,18,77,80.0
4,18,78,154.0
4,18,79,103.0
4,18,80,56.0
4,18,81,93.0
4,18,82,172.0
4,18,83,120.0
4,18,84,111.0
4,18,85,121.0
4,18,86,79.0
4,18,87,202.0
4,18,88,90.0
4,18,89,311.0
4,18,90,86.0
4,18,91,127.0
4,18,92,157.0
4,18,93,15.0
4,18,94,36.0
4,18,95,0.0
4,18,96,201.0
4,18,97,76.0
4,18,98,32.0
4,18,99,41.0
4,19,0,0.0
4,19,1,0.0
4,19,2,0.0
4,19,3,0.0
4,19,4,0.0
4,19,5,0.0
4,19,6,0.0
4,19,7,0.0
4,19,8,0.0
4,19,9,0.0
4,19,10,0.0
4,19,11,0.0
4,19,12,0.0
4,19,13,35.0
4,19,14,0.0
4,19,15,59.0
4,19,16,0.0
4,19,17,128.0
4,19,18,3.0
4,19,19,41.0
4,19,20,32.0
4,19,21,0.0
4,19,22,0.0
4,19,23,0.0
4,19,24,0.0
4,19,25,0.0
4,19,26,0.0
4,19,27,0.0
4,19,28,0.0
4,19,29,0.0
4,19,30,0.0
4,19,31,65.0
4,19,32,0.0
4,19,33,0.0
4,19,34,0.0
4,19,35,137.0
4,19,36,0.0
4,19,37,0.0
4,19,38,0.0
4,19,39,57.0
4,19,40,0.0
4,19,41,0.0
4,19,42,160.0
4,19,43,0.0
4,19,44,0.0
4,19,45,0.0
4,19,46,0.0
4,19,47,0.0
4,19,48,133.0
4,19,49,0.0
4,19,50,157.0
4,19,51,0.0
4,19,52,0.0
4,19,53,0.0
4,19,54,157.0
4,19,55,0.0
4,19,56,0.0
4,19,57,0.0
4,19,58,107.0
4,19,59,0.0
4,19,60,104.0
4,19,61,0.0
4,19,62,45.0
4,19,63,0.0
4,19,64,0.0
4,19,65,0.0
4,19,66,0.0
4,19,67,0.0
4,19,68,0.0
4,19,69,0.0
4,19,70,0.0
4,19,71,0.0
4,19,72,0.0
4,19,73,52.0
4,19,74,141.0
4,19,75,0.0
4,19,76,0.0
4,19,77,0.0
4,19,78,0.0
4,19,79,0.0
4,19,80,0.0
4,19,81,0.0
4,19,82,0.0
4,19,83,1.0
4,19,84,0.0
4,19,85,116.0
4,19,86,22.0
4,19,87,0.0
4,19,88,0.0
4,19,89,0.0
4,19,90,0.0
4,19,91,0.0
4,19,92,0.0
4,19,93,1.0
4,19,94,0.0
4,19,95,0.0
4,19,96,0.0
4,19,97,0.0
4,19,98,0.0
4,19,99,0.0
4,20,0,0.0
4,20,1,0.0
4,20,2,0.0
4,20,3,0.0
4,20,4,0.0
4,20,5,0.0
4,20,6,0.0
4,20,7,0.0
4,20,8,0.0
4,20,9,0.0
4,20,10,0.0
4,20,11,0.0
4,20,12,0.0
4,20,13,0.0
4,20,14,0.0
4,20,15,0.0
4,20,16,0.0
4,20,17,0.0
4,20,18,0.0
4,20,19,88.0
4,20,20,0.0
4,20,21,0.0
4,20,22,0.0
4,20,23,0.0
4,20,24,0.0
4,20,25,0.0
4,20,26,0.0
4,20,27,0.0
4,20,28,0.0
4,20,29,0.0
4,20,30,0.0
4,20,31,0.0
4,20,32,0.0
4,20,33,0.0
4,20,34,0.0
4,20,35,0.0
4,20,36,0.0
4,20,37,0.0
4,20,38,48.0
4,20,39,0.0
4,20,40,0.0
4,20,41,0.0
4,20,42,0.0
4,20,43,0.0
4,20,44,0.0
4,20,45,0.0
4,20,46,0.0
4,20,47,0.0
4,20,48,0.0
4,20,49,0.0
4,20,50,0.0
4,20,51,0.0
4,20,52,90.0
4,20,53,0.0
4,20,54,0.0
4,20,55,0.0
4,20,56,0.0
4,20,57,0.0
4,20,58,0.0
4,20,59,0.0
4,20,60,0.0
4,20,61,0.0
4,20,62,0.0
4,20,63,0.0
4,20,64,0.0
4,20,65,0.0
4,20,66,0.0
4,20,67,0.0
4,20,68,55.0
4,20,69,0.0
4,20,70,0.0
4,20,71,0.0
4,20,72,0.0
4,20,73,0.0
4,20,74,0.0
4,20,75,0.0
4,20,76,0.0
4,20,77,89.0
4,20,78,0.0
4,20,79,0.0
4,20,80,64.0
4,20,81,0.0
4,20,82,0.0
4,20,83,0.0
4,20,84,92.0
4,20,85,0.0
4,20,86,0.0
4,20,87,0.0
4,20,88,0.0
4,20,89,0.0
4,20,90,0.0
4,20,91,0.0
4,20,92,0.0
4,20,93,0.0
4,20,94,0.0
4,20,95,76.0
4,20,96,0.0
4,20,97,0.0
4,20,98,0.0
4,20,99,0.0
4,21,0,99.0
4,21,1,100.0
4,21,2,0.0
4,21,3,0.0
4,21,4,0.0
4,21,5,0.0
4,21,6,0.0
4,21,7,0.0
4,21,8,0.0
4,21,9,0.0
4,21,10,0.0
4,21,11,0.0
4,21,12,0.0
4,21,13,99.0
4,21,14,0.0
4,21,15,0.0
4,21,16,0.0
4,21,17,0.0
4,21,18,0.0
4,21,19,0.0
4,21,20,0.0
4,21,21,0.0
4,21,22,0.0
4,21,23,0.0
4,21,24,0.0
4,21,25,0.0
4,21,26,0.0
4,21,27,0.0
4,21,28,0.0
4,21,29,37.0
4,21,30,0.0
4,21,31,0.0
4,21,32,0.0
4,21,33,0.0
4,21,34,0.0
4,21,35,0.0
4,21,36,0.0
4,21,37,0.0
4,21,38,0.0
4,21,39,0.0
4,21,40,0.0
4,21,41,0.0
4,21,42,0.0
4,21,43,90.0
4,21,44,0.0
4,21,45,0.0
4,21,46,0.0
4,21,47,0.0
4,21,48,0.0
4,21,49,0.0
4,21,50,0.0
4,21,51,0.0
4,21,52,0.0
4,21,53,61.0
4,21,54,0.0
4,21,55,0.0
4,21,56,0.0
4,21,57,0.0
4,21,58,0.0
4,21,59,82.0
4,21,60,0.0
4,21,61,90.0
4,21,62,0.0
4,21,63,0.0
4,21,64,0.0
4,21,65,0.0
4,21,66,0.0
4,21,67,0.0
4,21,68,0.0
4,21,69,0.0
4,21,70,0.0
4,21,71,0.0
4,21,72,0.0
4,21,73,0.0
4,21,74,0.0
4,21,75,0.0
4,21,76,0.0
4,21,77,0.0
4,21,78,0.0
4,21,79,0.0
4,21,80,0.0
4,21,81,0.0
4,21,82,0.0
4,21,83,0.0
4,21,84,0.0
4,21,85,0.0
4,21,86,0.0
4,21,87,0.0
4,21,88,0.0
4,21,89,0.0
4,21,90,90.0
4,21,91,0.0
4,21,92,0.0
4,21,93,0.0
4,21,94,0.0
4,21,95,0.0
4,21,96,0.0
4,21,97,0.0
4,21,98,0.0
4,21,99,0.0
4,22,0,0.0
4,22,1,0.0
4,22,2,0.0
4,22,3,0.0
4,22,4,0.0
4,22,5,0.0
4,22,6,0.0
4,22,7,0.0
4,22,8,0.0
4,22,9,0.0
4,22,10,0.0
4,22,11,0.0
4,22,12,0.0
4,22,13,0.0
4,22,14,0.0
4,22,15,0.0
4,22,16,0.0
4,22,17,0.0
4,22,18,0.0
4,22,19,0.0
4,22,20,0.0
4,22,21,0.0
4,22,22,0.0
4,22,23,0.0
4,22,24,0.0
4,22,25,33.0
4,22,26,0.0
4,22,27,100.0
4,22,28,0.0
4,22,29,0.0
4,22,30,30.0
4,22,31,0.0
4,22,32,0.0
4,22,33,0.0
4,22,34,0.0
4,22,35,0.0
4,22,36,0.0
4,22,37,0.0
4,22,38,0.0
4,22,39,0.0
4,22,40,0.0
4,22,41,0.0
4,22,42,0.0
4,22,43,0.0
4,22,44,0.0
4,22,45,0.0
4,22,46,0.0
4,22,47,0.0
4,22,48,0.0
4,22,49,0.0
4,22,50,0.0
4,22,51,0.0
4,22,52,0.0
4,22,53,0.0
4,22,54,0.0
4,22,55,0.0
4,22,56,0.0
4,22,57,91.0
4,22,58,0.0
4,22,59,0.0
4,22,60,0.0
4,22,61,0.0
4,22,62,0.0
4,22,63,0.0
4,22,64,0.0
4,22,65,100.0
4,22,66,0.0
4,22,67,0.0
4,22,68,0.0
4,22,69,0.0
4,22,70,6.0
4,22,71,0.0
4,22,72,0.0
4,22,73,0.0
4,22,74,0.0
4,22,75,0.0
4,22,76,0.0
4,22,77,0.0
4,22,78,14.0
4,22,79,0.0
4,22,80,0.0
4,22,81,0.0
4,22,82,0.0
4,22,83,0.0
4,22,84,0.0
4,22,85,0.0
4,22,86,0.0
4,22,87,0.0
4,22,88,0.0
4,22,89,0.0
4,22,90,0.0
4,22,91,0.0
4,22,92,0.0
4,22,93,0.0
4,22,94,100.0
4,22,95,0.0
4,22,96,0.0
4,22,97,0.0
4,22,98,0.0
4,22,99,100.0
4,23,0,0.0
4,23,1,0.0
4,23,2,0.0
4,23,3,0.0
4,23,4,0.0
4,23,5,0.0
4,23,6,0.0
4,23,7,0.0
4,23,8,0.0
4,23,9,0.0
4,23,10,0.0
4,23,11,0.0
4,23,12,0.0
4,23,13,0.0
4,23,14,0.0
4,23,15,0.0
4,23,16,0.0
4,23,17,0.0
4,23,18,0.0
4,23,19,0.0
4,23,20,0.0
4,23,21,0.0
4,23,22,0.0
4,23,23,0.0
4,23,24,0.0
4,23,25,0.0
4,23,26,0.0
4,23,27,0.0
4,23,28,0.0
4,23,29,0.0
4,23,30,0.0
4,23,31,0.0
4,23,32,0.0
4,23,33,0.0
4,23,34,0.0
4,23,35,0.0
4,23,36,0.0
4,23,37,0.0
4,23,38,0.0
4,23,39,0.0
4,23,40,0.0
4,23,41,0.0
4,23,42,0.0
4,23,43,0.0
4,23,44,0.0
4,23,45,0.0
4,23,46,0.0
4,23,47,0.0
4,23,48,0.0
4,23,49,0.0
4,23,50,0.0
4,23,51,0.0
4,23,52,0.0
4,23,53,0.0
4,23,54,0.0
4,23,55,0.0
4,23,56,0.0
4,23,57,0.0
4,23,58,0.0
4,23,59,0.0
4,23,60,0.0
4,23,61,0.0
4,23,62,0.0
4,23,63,0.0
4,23,64,0.0
4,23,65,0.0
4,23,66,0.0
4,23,67,0.0
4,23,68,0.0
4,23,69,0.0
4,23,70,0.0
4,23,71,0.0
4,23,72,0.0
4,23,73,0.0
4,23,74,0.0
4,23,75,0.0
4,23,76,0.0
4,23,77,0.0
4,23,78,0.0
4,23,79,0.0
4,23,80,0.0
4,23,81,0.0
4,23,82,0.0
4,23,83,0.0
4,23,84,0.0
4,23,85,0.0
4,23,86,0.0
4,23,87,0.0
4,23,88,0.0
4,23,89,0.0
4,23,90,0.0
4,23,91,0.0
4,23,92,0.0
4,23,93,0.0
4,23,94,0.0
4,23,95,0.0
4,23,96,0.0
4,23,97,0.0
4,23,98,0.0
4,23,99,0.0
5,0,0,0.0
5,0,1,0.0
5,0,2,0.0
5,0,3,0.0
5,0,4,0.0
5,0,5,0.0
5,0,6,0.0
5,0,7,0.0
5,0,8,0.0
5,0,9,0.0
5,0,10,0.0
5,0,11,0.0
5,0,12,0.0
5,0,13,0.0
5,0,14,0.0
5,0,15,0.0
5,0,16,0.0
5,0,17,0.0
5,0,18,0.0
5,0,19,0.0
5,0,20,0.0
5,0,21,0.0
5,0,22,0.0
5,0,23,0.0
5,0,24,0.0
5,0,25,0.0
5,0,26,0.0
5,0,27,0.0
5,0,28,0.0
5,0,29,0.0
5,0,30,0.0
5,0,31,0.0
5,0,32,0.0
5,0,33,0.0
5,0,34,0.0
5,0,35,0.0
5,0,36,0.0
5,0,37,0.0
5,0,38,0.0
5,0,39,0.0
5,0,40,0.0
5,0,41,0.0
5,0,42,0.0
5,0,43,0.0
5,0,44,0.0
5,0,45,0.0
5,0,46,0.0
5,0,47,0.0
5,0,48,0.0
5,0,49,0.0
5,0,50,0.0
5,0,51,0.0
5,0,52,0.0
5,0,53,0.0
5,0,54,0.0
5,0,55,0.0
5,0,56,0.0
5,0,57,0.0
5,0,58,0.0
5,0,59,0.0
5,0,60,0.0
5,0,61,0.0
5,0,62,0.0
5,0,63,0.0
5,0,64,0.0
5,0,65,0.0
5,0,66,0.0
5,0,67,0.0
5,0,68,0.0
5,0,69,0.0
5,0,70,0.0
5,0,71,0.0
5,0,72,0.0
5,0,73,0.0
5,0,74,0.0
5,0,75,0.0
5,0,76,0.0
5,0,77,0.0
5,0,78,0.0
5,0,79,0.0
5,0,80,0.0
5,0,81,0.0
5,0,82,0.0
5,0,83,0.0
5,0,84,0.0
5,0,85,0.0
5,0,86,0.0
5,0,87,0.0
5,0,88,0.0
5,0,89,0.0
5,0,90,0.0
5,0,91,0.0
5,0,92,0.0
5,0,93,0.0
5,0,94,0.0
5,0,95,0.0
5,0,96,0.0
5,0,97,0.0
5,0,98,0.0
5,0,99,0.0
5,1,0,0.0
5,1,1,0.0
5,1,2,0.0
5,1,3,0.0
5,1,4,0.0
5,1,5,0.0
5,1,6,0.0
5,1,7,0.0
5,1,8,0.0
5,1,9,0.0
5,1,10,0.0
5,1,11,0.0
5,1,12,0.0
5,1,13,0.0
5,1,14,0.0
5,1,15,0.0
5,1,16,0.0
5,1,17,0.0
5,1,18,0.0
5,1,19,0.0
5,1,20,0.0
5,1,21,0.0
5,1,22,0.0
5,1,23,0.0
5,1,24,0.0
5,1,25,0.0
5,1,26,0.0
5,1,27,0.0
5,1,28,0.0
5,1,29,0.0
5,1,30,0.0
5,1,31,0.0
5,1,32,0.0
5,1,33,0.0
5,1,34,0.0
5,1,35,0.0
5,1,36,0.0
5,1,37,0.0
5,1,38,0.0
5,1,39,0.0
5,1,40,0.0
5,1,41,0.0
5,1,42,0.0
5,1,43,0.0
5,1,44,0.0
5,1,45,0.0
5,1,46,0.0
5,1,47,0.0
5,1,48,0.0
5,1,49,0.0
5,1,50,0.0
5,1,51,0.0
5,1,52,0.0
5,1,53,0.0
5,1,54,0.0
5,1,55,0.0
5,1,56,0.0
5,1,57,0.0
5,1,58,0.0
5,1,59,0.0
5,1,60,0.0
5,1,61,0.0
5,1,62,0.0
5,1,63,0.0
5,1,64,0.0
5,1,65,0.0
5,1,66,0.0
5,1,67,0.0
5,1,68,0.0
5,1,69,0.0
5,1,70,0.0
5,1,71,0.0
5,1,72,0.0
5,1,73,0.0
5,1,74,0.0
5,1,75,0.0
5,1,76,0.0
5,1,77,0.0
5,1,78,0.0
5,1,79,0.0
5,1,80,0.0
5,1,81,0.0
5,1,82,0.0
5,1,83,0.0
5,1,84,0.0
5,1,85,0.0
5,1,86,0.0
5,1,87,0.0
5,1,88,0.0
5,1,89,0.0
5,1,90,0.0
5,1,91,0.0
5,1,92,0.0
5,1,93,0.0
5,1,94,0.0
5,1,95,0.0
5,1,96,0.0
5,1,97,0.0
5,1,98,0.0
5,1,99,0.0
5,2,0,0.0
5,2,1,0.0
5,2,2,0.0
5,2,3,0.0
5,2,4,0.0
5,2,5,0.0
5,2,6,0.0
5,2,7,0.0
5,2,8,0.0
5,2,9,0.0
5,2,10,0.0
5,2,11,0.0
5,2,12,0.0
5,2,13,0.0
5,2,14,0.0
5,2,15,0.0
5,2,16,0.0
5,2,17,0.0
5,2,18,0.0
5,2,19,0.0
5,2,20,0.0
5,2,21,0.0
5,2,22,0.0
5,2,23,0.0
5,2,24,0.0
5,2,25,0.0
5,2,26,0.0
5,2,27,0.0
5,2,28,0.0
5,2,29,0.0
5,2,30,0.0
5,2,31,0.0
5,2,32,0.0
5,2,33,0.0
5,2,34,0.0
5,2,35,0.0
5,2,36,0.0
5,2,37,0.0
5,2,38,0.0
5,2,39,0.0
5,2,40,0.0
5,2,41,0.0
5,2,42,0.0
5,2,43,0.0
5,2,44,0.0
5,2,45,0.0
5,2,46,0.0
5,2,47,0.0
5,2,48,0.0
5,2,49,0.0
5,2,50,0.0
5,2,51,0.0
5,2,52,0.0
5,2,53,0.0
5,2,54,0.0
5,2,55,0.0
5,2,56,0.0
5,2,57,0.0
5,2,58,0.0
5,2,59,0.0
5,2,60,0.0
5,2,61,0.0
5,2,62,0.0
5,2,63,0.0
5,2,64,0.0
5,2,65,0.0
5,2,66,0.0
5,2,67,0.0
5,2,68,0.0
5,2,69,0.0
5,2,70,0.0
5,2,71,0.0
5,2,72,0.0
5,2,73,0.0
5,2,74,0.0
5,2,75,0.0
5,2,76,0.0
5,2,77,0.0
5,2,78,0.0
5,2,79,0.0
5,2,80,0.0
5,2,81,0.0
5,2,82,0.0
5,2,83,0.0
5,2,84,0.0
5,2,85,0.0
5,2,86,0.0
5,2,87,0.0
5,2,88,0.0
5,2,89,0.0
5,2,90,0.0
5,2,91,0.0
5,2,92,0.0
5,2,93,0.0
5,2,94,0.0
5,2,95,0.0
5,2,96,0.0
5,2,97,0.0
5,2,98,0.0
5,2,99,0.0
5,3,0,0.0
5,3,1,0.0
5,3,2,0.0
5,3,3,0.0
5,3,4,0.0
5,3,5,0.0
5,3,6,0.0
5,3,7,0.0
5,3,8,0.0
5,3,9,0.0
5,3,10,0.0
5,3,11,0.0
5,3,12,0.0
5,3,13,0.0
5,3,14,0.0
5,3,15,0.0
5,3,16,0.0
5,3,17,0.0
5,3,18,0.0
5,3,19,0.0
5,3,20,0.0
5,3,21,0.0
5,3,22,0.0
5,3,23,0.0
5,3,24,0.0
5,3,25,0.0
5,3,26,0.0
5,3,27,0.0
5,3,28,0.0
5,3,29,0.0
5,3,30,0.0
5,3,31,0.0
5,3,32,0.0
5,3,33,0.0
5,3,34,0.0
5,3,35,0.0
5,3,36,0.0
5,3,37,0.0
5,3,38,0.0
5,3,39,0.0
5,3,40,0.0
5,3,41,0.0
5,3,42,0.0
5,3,43,0.0
5,3,44,0.0
5,3,45,0.0
5,3,46,0.0
5,3,47,0.0
5,3,48,0.0
5,3,49,0.0
5,3,50,0.0
5,3,51,0.0
5,3,52,0.0
5,3,53,0.0
5,3,54,0.0
5,3,55,0.0
5,3,56,0.0
5,3,57,0.0
5,3,58,0.0
5,3,59,0.0
5,3,60,0.0
5,3,61,0.0
5,3,62,0.0
5,3,63,0.0
5,3,64,0.0
5,3,65,0.0
5,3,66,0.0
5,3,67,0.0
5,3,68,0.0
5,3,69,0.0
5,3,70,0.0
5,3,71,0.0
5,3,72,0.0
5,3,73,0.0
5,3,74,0.0
5,3,75,0.0
5,3,76,0.0
5,3,77,0.0
5,3,78,0.0
5,3,79,0.0
5,3,80,0.0
5,3,81,0.0
5,3,82,0.0
5,3,83,0.0
5,3,84,0.0
5,3,85,0.0
5,3,86,0.0
5,3,87,0.0
5,3,88,0.0
5,3,89,0.0
5,3,90,0.0
5,3,91,0.0
5,3,92,0.0
5,3,93,0.0
5,3,94,0.0
5,3,95,0.0
5,3,96,0.0
5,3,97,0.0
5,3,98,0.0
5,3,99,0.0
5,4,0,0.0
5,4,1,0.0
5,4,2,0.0
5,4,3,0.0
5,4,4,0.0
5,4,5,0.0
5,4,6,0.0
5,4,7,0.0
5,4,8,0.0
5,4,9,0.0
5,4,10,0.0
5,4,11,0.0
5,4,12,0.0
5,4,13,0.0
5,4,14,0.0
5,4,15,0.0
5,4,16,0.0
5,4,17,0.0
5,4,18,0.0
5,4,19,0.0
5,4,20,0.0
5,4,21,0.0
5,4,22,0.0
5,4,23,0.0
5,4,24,0.0
5,4,25,0.0
5,4,26,0.0
5,4,27,0.0
5,4,28,0.0
5,4,29,0.0
5,4,30,0.0
5,4,31,0.0
5,4,32,0.0
5,4,33,0.0
5,4,34,0.0
5,4,35,0.0
5,4,36,0.0
5,4,37,0.0
5,4,38,0.0
5,4,39,0.0
5,4,40,0.0
5,4,41,0.0
5,4,42,0.0
5,4,43,0.0
5,4,44,0.0
5,4,45,0.0
5,4,46,0.0
5,4,47,0.0
5,4,48,0.0
5,4,49,0.0
5,4,50,0.0
5,4,51,0.0
5,4,52,0.0
5,4,53,0.0
5,4,54,0.0
5,4,55,0.0
5,4,56,0.0
5,4,57,0.0
5,4,58,0.0
5,4,59,0.0
5,4,60,0.0
5,4,61,0.0
5,4,62,0.0
5,4,63,0.0
5,4,64,0.0
5,4,65,0.0
5,4,66,0.0
5,4,67,0.0
5,4,68,0.0
5,4,69,0.0
5,4,70,0.0
5,4,71,0.0
5,4,72,0.0
5,4,73,0.0
5,4,74,0.0
5,4,75,0.0
5,4,76,0.0
5,4,77,0.0
5,4,78,0.0
5,4,79,0.0
5,4,80,0.0
5,4,81,0.0
5,4,82,0.0
5,4,83,0.0
5,4,84,0.0
5,4,85,0.0
5,4,86,0.0
5,4,87,0.0
5,4,88,0.0
5,4,89,0.0
5,4,90,0.0
5,4,91,0.0
5,4,92,0.0
5,4,93,0.0
5,4,94,0.0
5,4,95,0.0
5,4,96,0.0
5,4,97,0.0
5,4,98,0.0
5,4,99,0.0
5,5,0,0.0
5,5,1,0.0
5,5,2,0.0
5,5,3,0.0
5,5,4,0.0
5,5,5,0.0
5,5,6,0.0
5,5,7,0.0
5,5,8,0.0
5,5,9,0.0
5,5,10,0.0
5,5,11,0.0
5,5,12,0.0
5,5,13,0.0
5,5,14,0.0
5,5,15,0.0
5,5,16,0.0
5,5,17,0.0
5,5,18,0.0
5,5,19,0.0
5,5,20,0.0
5,5,21,0.0
5,5,22,0.0
5,5,23,0.0
5,5,24,0.0
5,5,25,0.0
5,5,26,0.0
5,5,27,0.0
5,5,28,0.0
5,5,29,0.0
5,5,30,0.0
5,5,31,0.0
5,5,32,0.0
5,5,33,0.0
5,5,34,0.0
5,5,35,0.0
5,5,36,0.0
5,5,37,0.0
5,5,38,0.0
5,5,39,0.0
5,5,40,0.0
5,5,41,0.0
5,5,42,0.0
5,5,43,0.0
5,5,44,0.0
5,5,45,0.0
5,5,46,0.0
5,5,47,0.0
5,5,48,0.0
5,5,49,0.0
5,5,50,0.0
5,5,51,0.0
5,5,52,0.0
5,5,53,0.0
5,5,54,0.0
5,5,55,0.0
5,5,56,0.0
5,5,57,0.0
5,5,58,0.0
5,5,59,0.0
5,5,60,0.0
5,5,61,0.0
5,5,62,0.0
5,5,63,0.0
5,5,64,0.0
5,5,65,0.0
5,5,66,0.0
5,5,67,0.0
5,5,68,0.0
5,5,69,0.0
5,5,70,0.0
5,5,71,0.0
5,5,72,0.0
5,5,73,0.0
5,5,74,0.0
5,5,75,0.0
5,5,76,0.0
5,5,77,0.0
5,5,78,0.0
5,5,79,0.0
5,5,80,0.0
5,5,81,0.0
5,5,82,0.0
5,5,83,0.0
5,5,84,0.0
5,5,85,0.0
5,5,86,0.0
5,5,87,0.0
5,5,88,0.0
5,5,89,0.0
5,5,90,0.0
5,5,91,0.0
5,5,92,0.0
5,5,93,0.0
5,5,94,0.0
5,5,95,0.0
5,5,96,0.0
5,5,97,0.0
5,5,98,0.0
5,5,99,0.0
5,6,0,0.0
5,6,1,0.0
5,6,2,0.0
5,6,3,0.0
5,6,4,0.0
5,6,5,0.0
5,6,6,0.0
5,6,7,0.0
5,6,8,0.0
5,6,9,0.0
5,6,10,0.0
5,6,11,0.0
5,6,12,0.0
5,6,13,0.0
5,6,14,0.0
5,6,15,0.0
5,6,16,0.0
5,6,17,0.0
5,6,18,0.0
5,6,19,0.0
5,6,20,0.0
5,6,21,0.0
5,6,22,0.0
5,6,23,0.0
5,6,24,0.0
5,6,25,0.0
5,6,26,0.0
5,6,27,0.0
5,6,28,0.0
5,6,29,0.0
5,6,30,0.0
5,6,31,0.0
5,6,32,0.0
5,6,33,0.0
5,6,34,0.0
5,6,35,0.0
5,6,36,0.0
5,6,37,0.0
5,6,38,0.0
5,6,39,0.0
5,6,40,0.0
5,6,41,0.0
5,6,42,0.0
5,6,43,0.0
5,6,44,0.0
5,6,45,0.0
5,6,46,0.0
5,6,47,0.0
5,6,48,0.0
5,6,49,0.0
5,6,50,0.0
5,6,51,0.0
5,6,52,0.0
5,6,53,0.0
5,6,54,0.0
5,6,55,0.0
5,6,56,0.0
5,6,57,0.0
5,6,58,0.0
5,6,59,0.0
5,6,60,0.0
5,6,61,0.0
5,6,62,0.0
5,6,63,0.0
5,6,64,0.0
5,6,65,0.0
5,6,66,0.0
5,6,67,0.0
5,6,68,0.0
5,6,69,0.0
5,6,70,0.0
5,6,71,0.0
5,6,72,0.0
5,6,73,0.0
5,6,74,0.0
5,6,75,0.0
5,6,76,0.0
5,6,77,0.0
5,6,78,0.0
5,6,79,0.0
5,6,80,0.0
5,6,81,0.0
5,6,82,0.0
5,6,83,0.0
5,6,84,0.0
5,6,85,0.0
5,6,86,0.0
5,6,87,0.0
5,6,88,0.0
5,6,89,0.0
5,6,90,0.0
5,6,91,0.0
5,6,92,0.0
5,6,93,0.0
5,6,94,0.0
5,6,95,0.0
5,6,96,0.0
5,6,97,0.0
5,6,98,0.0
5,6,99,0.0
5,7,0,0.0
5,7,1,0.0
5,7,2,0.0
5,7,3,0.0
5,7,4,0.0
5,7,5,0.0
5,7,6,0.0
5,7,7,0.0
5,7,8,0.0
5,7,9,0.0
5,7,10,0.0
5,7,11,0.0
5,7,12,0.0
5,7,13,0.0
5,7,14,0.0
5,7,15,0.0
5,7,16,0.0
5,7,17,0.0
5,7,18,0.0
5,7,19,0.0
5,7,20,0.0
5,7,21,0.0
5,7,22,0.0
5,7,23,0.0
5,7,24,0.0
5,7,25,0.0
5,7,26,0.0
5,7,27,0.0
5,7,28,0.0
5,7,29,0.0
5,7,30,0.0
5,7,31,0.0
5,7,32,0.0
5,7,33,0.0
5,7,34,0.0
5,7,35,0.0
5,7,36,0.0
5,7,37,0.0
5,7,38,0.0
5,7,39,0.0
5,7,40,0.0
5,7,41,0.0
5,7,42,0.0
5,7,43,0.0
5,7,44,0.0
5,7,45,0.0
5,7,46,0.0
5,7,47,0.0
5,7,48,0.0
5,7,49,0.0
5,7,50,0.0
5,7,51,0.0
5,7,52,0.0
5,7,53,0.0
5,7,54,0.0
5,7,55,0.0
5,7,56,0.0
5,7,57,0.0
5,7,58,0.0
5,7,59,0.0
5,7,60,0.0
5,7,61,0.0
5,7,62,0.0
5,7,63,0.0
5,7,64,0.0
5,7,65,0.0
5,7,66,0.0
5,7,67,0.0
5,7,68,0.0
5,7,69,0.0
5,7,70,0.0
5,7,71,0.0
5,7,72,0.0
5,7,73,0.0
5,7,74,0.0
5,7,75,0.0
5,7,76,0.0
5,7,77,0.0
5,7,78,0.0
5,7,79,0.0
5,7,80,0.0
5,7,81,0.0
5,7,82,0.0
5,7,83,0.0
5,7,84,0.0
5,7,85,0.0
5,7,86,0.0
5,7,87,0.0
5,7,88,0.0
5,7,89,0.0
5,7,90,0.0
5,7,91,0.0
5,7,92,0.0
5,7,93,0.0
5,7,94,0.0
5,7,95,0.0
5,7,96,0.0
5,7,97,0.0
5,7,98,0.0
5,7,99,0.0
5,8,0,0.0
5,8,1,0.0
5,8,2,0.0
5,8,3,0.0
5,8,4,0.0
5,8,5,0.0
5,8,6,0.0
5,8,7,0.0
5,8,8,0.0
5,8,9,0.0
5,8,10,0.0
5,8,11,0.0
5,8,12,0.0
5,8,13,0.0
5,8,14,0.0
5,8,15,0.0
5,8,16,0.0
5,8,17,0.0
5,8,18,0.0
5,8,19,0.0
5,8,20,0.0
5,8,21,0.0
5,8,22,0.0
5,8,23,0.0
5,8,24,0.0
5,8,25,0.0
5,8,26,0.0
5,8,27,0.0
5,8,28,0.0
5,8,29,0.0
5,8,30,0.0
5,8,31,0.0
5,8,32,0.0
5,8,33,0.0
5,8,34,0.0
5,8,35,0.0
5,8,36,0.0
5,8,37,0.0
5,8,38,0.0
5,8,39,0.0
5,8,40,0.0
5,8,41,0.0
5,8,42,0.0
5,8,43,0.0
5,8,44,0.0
5,8,45,0.0
5,8,46,0.0
5,8,47,0.0
5,8,48,0.0
5,8,49,0.0
5,8,50,5.0
5,8,51,0.0
5,8,52,0.0
5,8,53,0.0
5,8,54,0.0
5,8,55,0.0
5,8,56,0.0
5,8,57,0.0
5,8,58,0.0
5,8,59,0.0
5,8,60,0.0
5,8,61,0.0
5,8,62,0.0
5,8,63,0.0
5,8,64,0.0
5,8,65,0.0
5,8,66,0.0
5,8,67,0.0
5,8,68,0.0
5,8,69,0.0
5,8,70,0.0
5,8,71,0.0
5,8,72,0.0
5,8,73,0.0
5,8,74,0.0
5,8,75,0.0
5,8,76,0.0
5,8,77,0.0
5,8,78,0.0
5,8,79,0.0
5,8,80,0.0
5,8,81,0.0
5,8,82,0.0
5,8,83,0.0
5,8,84,0.0
5,8,85,0.0
5,8,86,0.0
5,8,87,0.0
5,8,88,0.0
5,8,89,0.0
5,8,90,0.0
5,8,91,0.0
5,8,92,0.0
5,8,93,0.0
5,8,94,0.0
5,8,95,0.0
5,8,96,0.0
5,8,97,0.0
5,8,98,0.0
5,8,99,0.0
5,9,0,0.0
5,9,1,0.0
5,9,2,0.0
5,9,3,0.0
5,9,4,0.0
5,9,5,0.0
5,9,6,0.0
5,9,7,0.0
5,9,8,0.0
5,9,9,0.0
5,9,10,0.0
5,9,11,0.0
5,9,12,0.0
5,9,13,0.0
5,9,14,0.0
5,9,15,0.0
5,9,16,0.0
5,9,17,0.0
5,9,18,0.0
5,9,19,0.0
5,9,20,0.0
5,9,21,0.0
5,9,22,0.0
5,9,23,0.0
5,9,24,0.0
5,9,25,0.0
5,9,26,0.0
5,9,27,0.0
5,9,28,0.0
5,9,29,0.0
5,9,30,0.0
5,9,31,0.0
5,9,32,0.0
5,9,33,0.0
5,9,34,0.0
5,9,35,0.0
5,9,36,0.0
5,9,37,0.0
5,9,38,0.0
5,9,39,0.0
5,9,40,0.0
5,9,41,0.0
5,9,42,0.0
5,9,43,0.0
5,9,44,0.0
5,9,45,0.0
5,9,46,0.0
5,9,47,0.0
5,9,48,0.0
5,9,49,0.0
5,9,50,0.0
5,9,51,0.0
5,9,52,0.0
5,9,53,0.0
5,9,54,0.0
5,9,55,0.0
5,9,56,0.0
5,9,57,0.0
5,9,58,0.0
5,9,59,0.0
5,9,60,0.0
5,9,61,0.0
5,9,62,0.0
5,9,63,0.0
5,9,64,0.0
5,9,65,0.0
5,9,66,0.0
5,9,67,0.0
5,9,68,0.0
5,9,69,0.0
5,9,70,0.0
5,9,71,0.0
5,9,72,0.0
5,9,73,0.0
5,9,74,0.0
5,9,75,0.0
5,9,76,0.0
5,9,77,0.0
5,9,78,0.0
5,9,79,0.0
5,9,80,0.0
5,9,81,0.0
5,9,82,0.0
5,9,83,0.0
5,9,84,0.0
5,9,85,0.0
5,9,86,0.0
5,9,87,0.0
5,9,88,0.0
5,9,89,0.0
5,9,90,0.0
5,9,91,0.0
5,9,92,0.0
5,9,93,0.0
5,9,94,0.0
5,9,95,0.0
5,9,96,0.0
5,9,97,0.0
5,9,98,0.0
5,9,99,0.0
5,10,0,0.0
5,10,1,0.0
5,10,2,0.0
5,10,3,0.0
5,10,4,0.0
5,10,5,0.0
5,10,6,27.0
5,10,7,0.0
5,10,8,0.0
5,10,9,0.0
5,10,10,0.0
5,10,11,0.0
5,10,12,0.0
5,10,13,0.0
5,10,14,0.0
5,10,15,0.0
5,10,16,0.0
5,10,17,0.0
5,10,18,0.0
5,10,19,15.0
5,10,20,0.0
5,10,21,0.0
5,10,22,0.0
5,10,23,0.0
5,10,24,0.0
5,10,25,0.0
5,10,26,0.0
5,10,27,0.0
5,10,28,0.0
5,10,29,0.0
5,10,30,0.0
5,10,31,0.0
5,10,32,0.0
5,10,33,0.0
5,10,34,0.0
5,10,35,0.0
5,10,36,0.0
5,10,37,0.0
5,10,38,0.0
5,10,39,0.0
5,10,40,0.0
5,10,41,0.0
5,10,42,0.0
5,10,43,0.0
5,10,44,0.0
5,10,45,0.0
5,10,46,0.0
5,10,47,0.0
5,10,48,0.0
5,10,49,0.0
5,10,50,6.0
5,10,51,0.0
5,10,52,0.0
5,10,53,0.0
5,10,54,0.0
5,10,55,0.0
5,10,56,0.0
5,10,57,0.0
5,10,58,0.0
5,10,59,0.0
5,10,60,0.0
5,10,61,0.0
5,10,62,0.0
5,10,63,0.0
5,10,64,0.0
5,10,65,0.0
5,10,66,0.0
5,10,67,0.0
5,10,68,0.0
5,10,69,0.0
5,10,70,0.0
5,10,71,0.0
5,10,72,0.0
5,10,73,0.0
5,10,74,0.0
5,10,75,0.0
5,10,76,0.0
5,10,77,0.0
5,10,78,0.0
5,10,79,0.0
5,10,80,0.0
5,10,81,0.0
5,10,82,0.0
5,10,83,0.0
5,10,84,0.0
5,10,85,0.0
5,10,86,0.0
5,10,87,0.0
5,10,88,0.0
5,10,89,0.0
5,10,90,0.0
5,10,91,0.0
5,10,92,0.0
5,10,93,0.0
5,10,94,0.0
5,10,95,0.0
5,10,96,0.0
5,10,97,0.0
5,10,98,0.0
5,10,99,23.0
5,11,0,0.0
5,11,1,0.0
5,11,2,0.0
5,11,3,0.0
5,11,4,0.0
5,11,5,0.0
5,11,6,8.0
5,11,7,0.0
5,11,8,0.0
5,11,9,0.0
5,11,10,0.0
5,11,11,0.0
5,11,12,0.0
5,11,13,34.0
5,11,14,0.0
5,11,15,48.0
5,11,16,0.0
5,11,17,0.0
5,11,18,0.0
5,11,19,0.0
5,11,20,0.0
5,11,21,0.0
5,11,22,0.0
5,11,23,21.0
5,11,24,0.0
5,11,25,0.0
5,11,26,0.0
5,11,27,0.0
5,11,28,0.0
5,11,29,60.0
5,11,30,0.0
5,11,31,61.0
5,11,32,0.0
5,11,33,0.0
5,11,34,0.0
5,11,35,0.0
5,11,36,0.0
5,11,37,0.0
5,11,38,0.0
5,11,39,0.0
5,11,40,0.0
5,11,41,0.0
5,11,42,0.0
5,11,43,0.0
5,11,44,59.0
5,11,45,56.0
5,11,46,0.0
5,11,47,0.0
5,11,48,0.0
5,11,49,0.0
5,11,50,7.0
5,11,51,0.0
5,11,52,0.0
5,11,53,70.0
5,11,54,0.0
5,11,55,0.0
5,11,56,0.0
5,11,57,0.0
5,11,58,0.0
5,11,59,0.0
5,11,60,0.0
5,11,61,0.0
5,11,62,0.0
5,11,63,53.0
5,11,64,45.0
5,11,65,0.0
5,11,66,0.0
5,11,67,55.0
5,11,68,0.0
5,11,69,0.0
5,11,70,0.0
5,11,71,0.0
5,11,72,0.0
5,11,73,0.0
5,11,74,0.0
5,11,75,0.0
5,11,76,0.0
5,11,77,0.0
5,11,78,0.0
5,11,79,0.0
5,11,80,0.0
5,11,81,42.0
5,11,82,0.0
5,11,83,26.0
5,11,84,0.0
5,11,85,0.0
5,11,86,0.0
5,11,87,0.0
5,11,88,0.0
5,11,89,0.0
5,11,90,0.0
5,11,91,0.0
5,11,92,0.0
5,11,93,16.0
5,11,94,39.0
5,11,95,0.0
5,11,96,53.0
5,11,97,0.0
5,11,98,90.0
5,11,99,0.0
5,12,0,65.0
5,12,1,0.0
5,12,2,150.0
5,12,3,90.0
5,12,4,97.0
5,12,5,189.0
5,12,6,56.0
5,12,7,15.0
5,12,8,142.0
5,12,9,23.0
5,12,10,0.0
5,12,11,123.0
5,12,12,1.0
5,12,13,0.0
5,12,14,158.0
5,12,15,95.0
5,12,16,70.0
5,12,17,88.0
5,12,18,46.0
5,12,19,0.0
5,12,20,44.0
5,12,21,52.0
5,12,22,146.0
5,12,23,0.0
5,12,24,145.0
5,12,25,88.0
5,12,26,19.0
5,12,27,31.0
5,12,28,7.0
5,12,29,17.0
5,12,30,0.0
5,12,31,0.0
5,12,32,12.0
5,12,33,0.0
5,12,34,63.0
5,12,35,13.0
5,12,36,165.0
5,12,37,0.0
5,12,38,46.0
5,12,39,69.0
5,12,40,0.0
5,12,41,0.0
5,12,42,133.0
5,12,43,146.0
5,12,44,0.0
5,12,45,20.0
5,12,46,23.0
5,12,47,84.0
5,12,48,41.0
5,12,49,0.0
5,12,50,0.0
5,12,51,25.0
5,12,52,83.0
5,12,53,105.0
5,12,54,0.0
5,12,55,80.0
5,12,56,0.0
5,12,57,103.0
5,12,58,36.0
5,12,59,0.0
5,12,60,60.0
5,12,61,87.0
5,12,62,20.0
5,12,63,0.0
5,12,64,0.0
5,12,65,82.0
5,12,66,113.0
5,12,67,5.0
5,12,68,23.0
5,12,69,126.0
5,12,70,74.0
5,12,71,110.0
5,12,72,123.0
5,12,73,0.0
5,12,74,0.0
5,12,75,8.0
5,12,76,2.0
5,12,77,11.0
5,12,78,60.0
5,12,79,0.0
5,12,80,0.0
5,12,81,0.0
5,12,82,130.0
5,12,83,0.0
5,12,84,135.0
5,12,85,0.0
5,12,86,12.0
5,12,87,190.0
5,12,88,0.0
5,12,89,0.0
5,12,90,35.0
5,12,91,111.0
5,12,92,153.0
5,12,93,0.0
5,12,94,60.0
5,12,95,59.0
5,12,96,0.0
5,12,97,38.0
5,12,98,16.0
5,12,99,27.0
5,13,0,103.0
5,13,1,140.0
5,13,2,77.0
5,13,3,14.0
5,13,4,6.0
5,13,5,55.0
5,13,6,29.0
5,13,7,149.0
5,13,8,4.0
5,13,9,105.0
5,13,10,108.0
5,13,11,14.0
5,13,12,189.0
5,13,13,72.0
5,13,14,21.0
5,13,15,13.0
5,13,16,168.0
5,13,17,99.0
5,13,18,155.0
5,13,19,53.0
5,13,20,100.0
5,13,21,113.0
5,13,22,0.0
5,13,23,111.0
5,13,24,11.0
5,13,25,0.0
5,13,26,122.0
5,13,27,165.0
5,13,28,132.0
5,13,29,206.0
5,13,30,97.0
5,13,31,97.0
5,13,32,208.0
5,13,33,85.0
5,13,34,130.0
5,13,35,97.0
5,13,36,15.0
5,13,37,51.0
5,13,38,195.0
5,13,39,0.0
5,13,40,101.0
5,13,41,130.0
5,13,42,43.0
5,13,43,21.0
5,13,44,157.0
5,13,45,125.0
5,13,46,96.0
5,13,47,71.0
5,13,48,148.0
5,13,49,157.0
5,13,50,184.0
5,13,51,161.0
5,13,52,62.0
5,13,53,7.0
5,13,54,134.0
5,13,55,78.0
5,13,56,120.0
5,13,57,44.0
5,13,58,74.0
5,13,59,123.0
5,13,60,134.0
5,13,61,67.0
5,13,62,73.0
5,13,63,83.0
5,13,64,120.0
5,13,65,113.0
5,13,66,0.0
5,13,67,122.0
5,13,68,59.0
5,13,69,156.0
5,13,70,106.0
5,13,71,0.0
5,13,72,0.0
5,13,73,54.0
5,13,74,172.0
5,13,75,126.0
5,13,76,130.0
5,13,77,123.0
5,13,78,207.0
5,13,79,80.0
5,13,80,72.0
5,13,81,190.0
5,13,82,55.0
5,13,83,135.0
5,13,84,91.0
5,13,85,144.0
5,13,86,114.0
5,13,87,0.0
5,13,88,151.0
5,13,89,164.0
5,13,90,86.0
5,13,91,0.0
5,13,92,24.0
5,13,93,83.0
5,13,94,135.0
5,13,95,136.0
5,13,96,122.0
5,13,97,139.0
5,13,98,39.0
5,13,99,76.0
5,14,0,0.0
5,14,1,0.0
5,14,2,0.0
5,14,3,0.0
5,14,4,0.0
5,14,5,0.0
5,14,6,0.0
5,14,7,0.0
5,14,8,0.0
5,14,9,0.0
5,14,10,0.0
5,14,11,0.0
5,14,12,0.0
5,14,13,0.0
5,14,14,0.0
5,14,15,0.0
5,14,16,0.0
5,14,17,0.0
5,14,18,0.0
5,14,19,0.0
5,14,20,0.0
5,14,21,0.0
5,14,22,0.0
5,14,23,0.0
5,14,24,0.0
5,14,25,0.0
5,14,26,0.0
5,14,27,0.0
5,14,28,0.0
5,14,29,0.0
5,14,30,0.0
5,14,31,0.0
5,14,32,0.0
5,14,33,0.0
5,14,34,0.0
5,14,35,0.0
5,14,36,0.0
5,14,37,0.0
5,14,38,0.0
5,14,39,0.0
5,14,40,0.0
5,14,41,0.0
5,14,42,0.0
5,14,43,0.0
5,14,44,0.0
5,14,45,0.0
5,14,46,0.0
5,14,47,0.0
5,14,48,0.0
5,14,49,0.0
5,14,50,0.0
5,14,51,0.0
5,14,52,0.0
5,14,53,0.0
5,14,54,0.0
5,14,55,0.0
5,14,56,0.0
5,14,57,0.0
5,14,58,0.0
5,14,59,0.0
5,14,60,0.0
5,14,61,0.0
5,14,62,0.0
5,14,63,0.0
5,14,64,0.0
5,14,65,0.0
5,14,66,0.0
5,14,67,0.0
5,14,68,0.0
5,14,69,2.0
5,14,70,1.0
5,14,71,0.0
5,14,72,0.0
5,14,73,0.0
5,14,74,0.0
5,14,75,0.0
5,14,76,0.0
5,14,77,0.0
5,14,78,0.0
5,14,79,0.0
5,14,80,0.0
5,14,81,0.0
5,14,82,0.0
5,14,83,0.0
5,14,84,0.0
5,14,85,0.0
5,14,86,0.0
5,14,87,37.0
5,14,88,0.0
5,14,89,0.0
5,14,90,0.0
5,14,91,0.0
5,14,92,0.0
5,14,93,0.0
5,14,94,0.0
5,14,95,0.0
5,14,96,0.0
5,14,97,0.0
5,14,98,0.0
5,14,99,24.0
5,15,0,254.0
5,15,1,97.0
5,15,2,123.0
5,15,3,169.0
5,15,4,174.0
5,15,5,85.0
5,15,6,46.0
5,15,7,205.0
5,15,8,111.0
5,15,9,207.0
5,15,10,118.0
5,15,11,79.0
5,15,12,176.0
5,15,13,249.0
5,15,14,275.0
5,15,15,241.0
5,15,16,136.0
5,15,17,209.0
5,15,18,274.0
5,15,19,3.0
5,15,20,240.0
5,15,21,207.0
5,15,22,177.0
5,15,23,190.0
5,15,24,163.0
5,15,25,235.0
5,15,26,156.0
5,15,27,118.0
5,15,28,0.0
5,15,29,69.0
5,15,30,196.0
5,15,31,210.0
5,15,32,0.0
5,15,33,202.0
5,15,34,216.0
5,15,35,233.0
5,15,36,237.0
5,15,37,144.0
5,15,38,182.0
5,15,39,244.0
5,15,40,255.0
5,15,41,83.0
5,15,42,199.0
5,15,43,243.0
5,15,44,266.0
5,15,45,146.0
5,15,46,257.0
5,15,47,229.0
5,15,48,102.0
5,15,49,248.0
5,15,50,77.0
5,15,51,254.0
5,15,52,125.0
5,15,53,235.0
5,15,54,232.0
5,15,55,63.0
5,15,56,152.0
5,15,57,250.0
5,15,58,182.0
5,15,59,159.0
5,15,60,251.0
5,15,61,8.0
5,15,62,207.0
5,15,63,95.0
5,15,64,279.0
5,15,65,199.0
5,15,66,237.0
5,15,67,31.0
5,15,68,198.0
5,15,69,251.0
5,15,70,104.0
5,15,71,271.0
5,15,72,248.0
5,15,73,176.0
5,15,74,93.0
5,15,75,125.0
5,15,76,236.0
5,15,77,257.0
5,15,78,209.0
5,15,79,135.0
5,15,80,188.0
5,15,81,206.0
5,15,82,66.0
5,15,83,144.0
5,15,84,126.0
5,15,85,55.0
5,15,86,36.0
5,15,87,99.0
5,15,88,178.0
5,15,89,250.0
5,15,90,124.0
5,15,91,184.0
5,15,92,114.0
5,15,93,177.0
5,15,94,212.0
5,15,95,252.0
5,15,96,125.0
5,15,97,113.0
5,15,98,33.0
5,15,99,131.0
5,16,0,0.0
5,16,1,0.0
5,16,2,0.0
5,16,3,0.0
5,16,4,0.0
5,16,5,0.0
5,16,6,0.0
5,16,7,0.0
5,16,8,0.0
5,16,9,0.0
5,16,10,0.0
5,16,11,0.0
5,16,12,0.0
5,16,13,0.0
5,16,14,0.0
5,16,15,0.0
5,16,16,0.0
5,16,17,0.0
5,16,18,0.0
5,16,19,0.0
5,16,20,0.0
5,16,21,0.0
5,16,22,0.0
5,16,23,0.0
5,16,24,0.0
5,16,25,0.0
5,16,26,0.0
5,16,27,0.0
5,16,28,0.0
5,16,29,0.0
5,16,30,0.0
5,16,31,0.0
5,16,32,0.0
5,16,33,0.0
5,16,34,0.0
5,16,35,0.0
5,16,36,0.0
5,16,37,0.0
5,16,38,0.0
5,16,39,0.0
5,16,40,0.0
5,16,41,0.0
5,16,42,0.0
5,16,43,0.0
5,16,44,0.0
5,16,45,0.0
5,16,46,0.0
5,16,47,0.0
5,16,48,0.0
5,16,49,0.0
5,16,50,0.0
5,16,51,0.0
5,16,52,0.0
5,16,53,0.0
5,16,54,0.0
5,16,55,0.0
5,16,56,0.0
5,16,57,0.0
5,16,58,0.0
5,16,59,0.0
5,16,60,0.0
5,16,61,0.0
5,16,62,0.0
5,16,63,0.0
5,16,64,0.0
5,16,65,0.0
5,16,66,0.0
5,16,67,0.0
5,16,68,0.0
5,16,69,0.0
5,16,70,0.0
5,16,71,0.0
5,16,72,0.0
5,16,73,0.0
5,16,74,0.0
5,16,75,0.0
5,16,76,0.0
5,16,77,0.0
5,16,78,0.0
5,16,79,0.0
5,16,80,0.0
5,16,81,0.0
5,16,82,0.0
5,16,83,0.0
5,16,84,0.0
5,16,85,0.0
5,16,86,0.0
5,16,87,0.0
5,16,88,0.0
5,16,89,0.0
5,16,90,0.0
5,16,91,0.0
5,16,92,0.0
5,16,93,0.0
5,16,94,0.0
5,16,95,0.0
5,16,96,0.0
5,16,97,0.0
5,16,98,0.0
5,16,99,0.0
5,17,0,4.0
5,17,1,106.0
5,17,2,108.0
5,17,3,0.0
5,17,4,6.0
5,17,5,115.0
5,17,6,113.0
5,17,7,19.0
5,17,8,0.0
5,17,9,15.0
5,17,10,106.0
5,17,11,117.0
5,17,12,8.0
5,17,13,9.0
5,17,14,0.0
5,17,15,0.0
5,17,16,8.0
5,17,17,8.0
5,17,18,17.0
5,17,19,104.0
5,17,20,6.0
5,17,21,0.0
5,17,22,4.0
5,17,23,0.0
5,17,24,0.0
5,17,25,0.0
5,17,26,17.0
5,17,27,103.0
5,17,28,117.0
5,17,29,116.0
5,17,30,13.0
5,17,31,8.0
5,17,32,111.0
5,17,33,0.0
5,17,34,0.0
5,17,35,13.0
5,17,36,8.0
5,17,37,16.0
5,17,38,11.0
5,17,39,14.0
5,17,40,0.0
5,17,41,103.0
5,17,42,13.0
5,17,43,10.0
5,17,44,9.0
5,17,45,10.0
5,17,46,10.0
5,17,47,14.0
5,17,48,0.0
5,17,49,4.0
5,17,50,0.0
5,17,51,0.0
5,17,52,3.0
5,17,53,17.0
5,17,54,17.0
5,17,55,0.0
5,17,56,13.0
5,17,57,15.0
5,17,58,16.0
5,17,59,104.0
5,17,60,3.0
5,17,61,112.0
5,17,62,0.0
5,17,63,104.0
5,17,64,0.0
5,17,65,3.0
5,17,66,5.0
5,17,67,115.0
5,17,68,0.0
5,17,69,0.0
5,17,70,105.0
5,17,71,7.0
5,17,72,6.0
5,17,73,0.0
5,17,74,0.0
5,17,75,12.0
5,17,76,0.0
5,17,77,4.0
5,17,78,16.0
5,17,79,9.0
5,17,80,13.0
5,17,81,16.0
5,17,82,0.0
5,17,83,107.0
5,17,84,9.0
5,17,85,110.0
5,17,86,108.0
5,17,87,104.0
5,17,88,3.0
5,17,89,0.0
5,17,90,7.0
5,17,91,0.0
5,17,92,109.0
5,17,93,16.0
5,17,94,18.0
5,17,95,7.0
5,17,96,18.0
5,17,97,117.0
5,17,98,114.0
5,17,99,116.0
5,18,0,0.0
5,18,1,0.0
5,18,2,52.0
5,18,3,28.0
5,18,4,40.0
5,18,5,16.0
5,18,6,19.0
5,18,7,22.0
5,18,8,126.0
5,18,9,19.0
5,18,10,12.0
5,18,11,45.0
5,18,12,39.0
5,18,13,0.0
5,18,14,54.0
5,18,15,20.0
5,18,16,54.0
5,18,17,0.0
5,18,18,0.0
5,18,19,0.0
5,18,20,21.0
5,18,21,68.0
5,18,22,55.0
5,18,23,27.0
5,18,24,58.0
5,18,25,66.0
5,18,26,20.0
5,18,27,0.0
5,18,28,42.0
5,18,29,0.0
5,18,30,35.0
5,18,31,49.0
5,18,32,31.0
5,18,33,53.0
5,18,34,36.0
5,18,35,0.0
5,18,36,14.0
5,18,37,52.0
5,18,38,25.0
5,18,39,23.0
5,18,40,49.0
5,18,41,0.0
5,18,42,0.0
5,18,43,2.0
5,18,44,7.0
5,18,45,15.0
5,18,46,43.0
5,18,47,45.0
5,18,48,0.0
5,18,49,45.0
5,18,50,0.0
5,18,51,57.0
5,18,52,0.0
5,18,53,0.0
5,18,54,0.0
5,18,55,137.0
5,18,56,36.0
5,18,57,0.0
5,18,58,0.0
5,18,59,0.0
5,18,60,0.0
5,18,61,0.0
5,18,62,64.0
5,18,63,17.0
5,18,64,63.0
5,18,65,0.0
5,18,66,18.0
5,18,67,6.0
5,18,68,28.0
5,18,69,58.0
5,18,70,57.0
5,18,71,27.0
5,18,72,46.0
5,18,73,58.0
5,18,74,0.0
5,18,75,42.0
5,18,76,36.0
5,18,77,0.0
5,18,78,39.0
5,18,79,21.0
5,18,80,52.0
5,18,81,49.0
5,18,82,44.0
5,18,83,0.0
5,18,84,0.0
5,18,85,0.0
5,18,86,12.0
5,18,87,45.0
5,18,88,30.0
5,18,89,62.0
5,18,90,0.0
5,18,91,57.0
5,18,92,47.0
5,18,93,0.0
5,18,94,0.0
5,18,95,0.0
5,18,96,45.0
5,18,97,32.0
5,18,98,7.0
5,18,99,0.0
5,19,0,0.0
5,19,1,0.0
5,19,2,0.0
5,19,3,0.0
5,19,4,0.0
5,19,5,0.0
5,19,6,18.0
5,19,7,0.0
5,19,8,0.0
5,19,9,12.0
5,19,10,0.0
5,19,11,0.0
5,19,12,0.0
5,19,13,0.0
5,19,14,0.0
5,19,15,17.0
5,19,16,26.0
5,19,17,78.0
5,19,18,57.0
5,19,19,0.0
5,19,20,0.0
5,19,21,0.0
5,19,22,0.0
5,19,23,0.0
5,19,24,0.0
5,19,25,0.0
5,19,26,0.0
5,19,27,0.0
5,19,28,0.0
5,19,29,0.0
5,19,30,0.0
5,19,31,16.0
5,19,32,0.0
5,19,33,0.0
5,19,34,0.0
5,19,35,29.0
5,19,36,0.0
5,19,37,0.0
5,19,38,0.0
5,19,39,47.0
5,19,40,14.0
5,19,41,75.0
5,19,42,48.0
5,19,43,0.0
5,19,44,0.0
5,19,45,0.0
5,19,46,0.0
5,19,47,0.0
5,19,48,102.0
5,19,49,0.0
5,19,50,28.0
5,19,51,0.0
5,19,52,0.0
5,19,53,0.0
5,19,54,83.0
5,19,55,0.0
5,19,56,0.0
5,19,57,0.0
5,19,58,79.0
5,19,59,0.0
5,19,60,18.0
5,19,61,0.0
5,19,62,0.0
5,19,63,0.0
5,19,64,7.0
5,19,65,0.0
5,19,66,0.0
5,19,67,0.0
5,19,68,0.0
5,19,69,0.0
5,19,70,0.0
5,19,71,0.0
5,19,72,0.0
5,19,73,0.0
5,19,74,71.0
5,19,75,0.0
5,19,76,21.0
5,19,77,0.0
5,19,78,0.0
5,19,79,0.0
5,19,80,0.0
5,19,81,0.0
5,19,82,20.0
5,19,83,69.0
5,19,84,0.0
5,19,85,85.0
5,19,86,0.0
5,19,87,0.0
5,19,88,0.0
5,19,89,0.0
5,19,90,0.0
5,19,91,0.0
5,19,92,0.0
5,19,93,68.0
5,19,94,0.0
5,19,95,0.0
5,19,96,25.0
5,19,97,0.0
5,19,98,0.0
5,19,99,0.0
5,20,0,0.0
5,20,1,0.0
5,20,2,0.0
5,20,3,0.0
5,20,4,0.0
5,20,5,0.0
5,20,6,0.0
5,20,7,0.0
5,20,8,42.0
5,20,9,0.0
5,20,10,0.0
5,20,11,0.0
5,20,12,15.0
5,20,13,0.0
5,20,14,63.0
5,20,15,0.0
5,20,16,0.0
5,20,17,0.0
5,20,18,25.0
5,20,19,111.0
5,20,20,0.0
5,20,21,0.0
5,20,22,0.0
5,20,23,0.0
5,20,24,0.0
5,20,25,0.0
5,20,26,27.0
5,20,27,0.0
5,20,28,0.0
5,20,29,0.0
5,20,30,0.0
5,20,31,0.0
5,20,32,0.0
5,20,33,23.0
5,20,34,0.0
5,20,35,0.0
5,20,36,0.0
5,20,37,44.0
5,20,38,10.0
5,20,39,0.0
5,20,40,0.0
5,20,41,0.0
5,20,42,0.0
5,20,43,0.0
5,20,44,0.0
5,20,45,15.0
5,20,46,0.0
5,20,47,0.0
5,20,48,17.0
5,20,49,26.0
5,20,50,0.0
5,20,51,0.0
5,20,52,92.0
5,20,53,0.0
5,20,54,0.0
5,20,55,0.0
5,20,56,0.0
5,20,57,0.0
5,20,58,0.0
5,20,59,0.0
5,20,60,0.0
5,20,61,0.0
5,20,62,0.0
5,20,63,0.0
5,20,64,0.0
5,20,65,0.0
5,20,66,47.0
5,20,67,0.0
5,20,68,49.0
5,20,69,0.0
5,20,70,0.0
5,20,71,0.0
5,20,72,0.0
5,20,73,0.0
5,20,74,0.0
5,20,75,0.0
5,20,76,0.0
5,20,77,55.0
5,20,78,0.0
5,20,79,24.0
5,20,80,34.0
5,20,81,0.0
5,20,82,8.0
5,20,83,0.0
5,20,84,113.0
5,20,85,0.0
5,20,86,0.0
5,20,87,32.0
5,20,88,0.0
5,20,89,0.0
5,20,90,0.0
5,20,91,0.0
5,20,92,9.0
5,20,93,0.0
5,20,94,0.0
5,20,95,68.0
5,20,96,0.0
5,20,97,0.0
5,20,98,0.0
5,20,99,0.0
5,21,0,42.0
5,21,1,85.0
5,21,2,0.0
5,21,3,0.0
5,21,4,1.0
5,21,5,2.0
5,21,6,0.0
5,21,7,33.0
5,21,8,0.0
5,21,9,0.0
5,21,10,0.0
5,21,11,0.0
5,21,12,0.0
5,21,13,52.0
5,21,14,0.0
5,21,15,0.0
5,21,16,0.0
5,21,17,0.0
5,21,18,0.0
5,21,19,0.0
5,21,20,0.0
5,21,21,0.0
5,21,22,0.0
5,21,23,42.0
5,21,24,0.0
5,21,25,0.0
5,21,26,0.0
5,21,27,0.0
5,21,28,0.0
5,21,29,45.0
5,21,30,0.0
5,21,31,0.0
5,21,32,38.0
5,21,33,0.0
5,21,34,0.0
5,21,35,0.0
5,21,36,2.0
5,21,37,0.0
5,21,38,0.0
5,21,39,0.0
5,21,40,0.0
5,21,41,0.0
5,21,42,0.0
5,21,43,99.0
5,21,44,0.0
5,21,45,0.0
5,21,46,0.0
5,21,47,31.0
5,21,48,0.0
5,21,49,0.0
5,21,50,0.0
5,21,51,0.0
5,21,52,0.0
5,21,53,65.0
5,21,54,0.0
5,21,55,0.0
5,21,56,0.0
5,21,57,0.0
5,21,58,0.0
5,21,59,35.0
5,21,60,0.0
5,21,61,41.0
5,21,62,0.0
5,21,63,0.0
5,21,64,0.0
5,21,65,0.0
5,21,66,0.0
5,21,67,0.0
5,21,68,0.0
5,21,69,0.0
5,21,70,0.0
5,21,71,0.0
5,21,72,1.0
5,21,73,0.0
5,21,74,0.0
5,21,75,40.0
5,21,76,0.0
5,21,77,0.0
5,21,78,0.0
5,21,79,0.0
5,21,80,0.0
5,21,81,17.0
5,21,82,0.0
5,21,83,0.0
5,21,84,0.0
5,21,85,0.0
5,21,86,0.0
5,21,87,0.0
5,21,88,0.0
5,21,89,0.0
5,21,90,57.0
5,21,91,22.0
5,21,92,0.0
5,21,93,0.0
5,21,94,0.0
5,21,95,0.0
5,21,96,0.0
5,21,97,0.0
5,21,98,0.0
5,21,99,0.0
5,22,0,0.0
5,22,1,0.0
5,22,2,0.0
5,22,3,0.0
5,22,4,0.0
5,22,5,0.0
5,22,6,0.0
5,22,7,0.0
5,22,8,0.0
5,22,9,0.0
5,22,10,0.0
5,22,11,0.0
5,22,12,0.0
5,22,13,0.0
5,22,14,0.0
5,22,15,0.0
5,22,16,0.0
5,22,17,0.0
5,22,18,0.0
5,22,19,0.0
5,22,20,0.0
5,22,21,20.0
5,22,22,0.0
5,22,23,0.0
5,22,24,0.0
5,22,25,19.0
5,22,26,0.0
5,22,27,56.0
5,22,28,0.0
5,22,29,0.0
5,22,30,0.0
5,22,31,0.0
5,22,32,0.0
5,22,33,0.0
5,22,34,0.0
5,22,35,0.0
5,22,36,0.0
5,22,37,0.0
5,22,38,0.0
5,22,39,0.0
5,22,40,0.0
5,22,41,0.0
5,22,42,0.0
5,22,43,0.0
5,22,44,0.0
5,22,45,1.0
5,22,46,0.0
5,22,47,0.0
5,22,48,0.0
5,22,49,0.0
5,22,50,0.0
5,22,51,11.0
5,22,52,0.0
5,22,53,0.0
5,22,54,14.0
5,22,55,0.0
5,22,56,0.0
5,22,57,66.0
5,22,58,0.0
5,22,59,0.0
5,22,60,0.0
5,22,61,0.0
5,22,62,0.0
5,22,63,0.0
5,22,64,0.0
5,22,65,100.0
5,22,66,0.0
5,22,67,34.0
5,22,68,0.0
5,22,69,0.0
5,22,70,0.0
5,22,71,21.0
5,22,72,0.0
5,22,73,0.0
5,22,74,0.0
5,22,75,0.0
5,22,76,0.0
5,22,77,0.0
5,22,78,46.0
5,22,79,0.0
5,22,80,0.0
5,22,81,0.0
5,22,82,0.0
5,22,83,0.0
5,22,84,0.0
5,22,85,0.0
5,22,86,0.0
5,22,87,0.0
5,22,88,29.0
5,22,89,0.0
5,22,90,0.0
5,22,91,0.0
5,22,92,0.0
5,22,93,0.0
5,22,94,85.0
5,22,95,0.0
5,22,96,0.0
5,22,97,0.0
5,22,98,0.0
5,22,99,47.0
5,23,0,0.0
5,23,1,0.0
5,23,2,0.0
5,23,3,0.0
5,23,4,0.0
5,23,5,0.0
5,23,6,0.0
5,23,7,0.0
5,23,8,0.0
5,23,9,0.0
5,23,10,0.0
5,23,11,0.0
5,23,12,0.0
5,23,13,0.0
5,23,14,0.0
5,23,15,0.0
5,23,16,0.0
5,23,17,0.0
5,23,18,0.0
5,23,19,0.0
5,23,20,0.0
5,23,21,0.0
5,23,22,0.0
5,23,23,0.0
5,23,24,0.0
5,23,25,0.0
5,23,26,0.0
5,23,27,0.0
5,23,28,0.0
5,23,29,0.0
5,23,30,0.0
5,23,31,1.0
5,23,32,0.0
5,23,33,0.0
5,23,34,0.0
5,23,35,0.0
5,23,36,0.0
5,23,37,0.0
5,23,38,0.0
5,23,39,0.0
5,23,40,0.0
5,23,41,0.0
5,23,42,0.0
5,23,43,0.0
5,23,44,0.0
5,23,45,0.0
5,23,46,0.0
5,23,47,0.0
5,23,48,0.0
5,23,49,0.0
5,23,50,0.0
5,23,51,0.0
5,23,52,0.0
5,23,53,0.0
5,23,54,0.0
5,23,55,0.0
5,23,56,0.0
5,23,57,0.0
5,23,58,0.0
5,23,59,0.0
5,23,60,0.0
5,23,61,0.0
5,23,62,0.0
5,23,63,0.0
5,23,64,0.0
5,23,65,0.0
5,23,66,0.0
5,23,67,0.0
5,23,68,0.0
5,23,69,0.0
5,23,70,0.0
5,23,71,0.0
5,23,72,0.0
5,23,73,0.0
5,23,74,0.0
5,23,75,0.0
5,23,76,0.0
5,23,77,0.0
5,23,78,0.0
5,23,79,0.0
5,23,80,0.0
5,23,81,0.0
5,23,82,0.0
5,23,83,0.0
5,23,84,0.0
5,23,85,0.0
5,23,86,0.0
5,23,87,0.0
5,23,88,0.0
5,23,89,0.0
5,23,90,0.0
5,23,91,0.0
5,23,92,0.0
5,23,93,0.0
5,23,94,0.0
5,23,95,0.0
5,23,96,0.0
5,23,97,0.0
5,23,98,0.0
5,23,99,0.0
6,0,0,0.0
6,0,1,0.0
6,0,2,0.0
6,0,3,0.0
6,0,4,0.0
6,0,5,0.0
6,0,6,0.0
6,0,7,0.0
6,0,8,0.0
6,0,9,0.0
6,0,10,0.0
6,0,11,0.0
6,0,12,0.0
6,0,13,0.0
6,0,14,0.0
6,0,15,0.0
6,0,16,0.0
6,0,17,0.0
6,0,18,0.0
6,0,19,0.0
6,0,20,0.0
6,0,21,0.0
6,0,22,0.0
6,0,23,0.0
6,0,24,0.0
6,0,25,0.0
6,0,26,0.0
6,0,27,0.0
6,0,28,0.0
6,0,29,0.0
6,0,30,0.0
6,0,31,0.0
6,0,32,0.0
6,0,33,0.0
6,0,34,0.0
6,0,35,0.0
6,0,36,0.0
6,0,37,0.0
6,0,38,0.0
6,0,39,0.0
6,0,40,0.0
6,0,41,0.0
6,0,42,0.0
6,0,43,0.0
6,0,44,0.0
6,0,45,0.0
6,0,46,0.0
6,0,47,0.0
6,0,48,0.0
6,0,49,0.0
6,0,50,0.0
6,0,51,0.0
6,0,52,0.0
6,0,53,0.0
6,0,54,0.0
6,0,55,0.0
6,0,56,0.0
6,0,57,0.0
6,0,58,0.0
6,0,59,0.0
6,0,60,0.0
6,0,61,0.0
6,0,62,0.0
6,0,63,0.0
6,0,64,0.0
6,0,65,0.0
6,0,66,0.0
6,0,67,0.0
6,0,68,0.0
6,0,69,0.0
6,0,70,0.0
6,0,71,0.0
6,0,72,0.0
6,0,73,0.0
6,0,74,0.0
6,0,75,0.0
6,0,76,0.0
6,0,77,0.0
6,0,78,0.0
6,0,79,0.0
6,0,80,0.0
6,0,81,0.0
6,0,82,0.0
6,0,83,0.0
6,0,84,0.0
6,0,85,0.0
6,0,86,0.0
6,0,87,0.0
6,0,88,0.0
6,0,89,0.0
6,0,90,0.0
6,0,91,0.0
6,0,92,0.0
6,0,93,0.0
6,0,94,0.0
6,0,95,0.0
6,0,96,0.0
6,0,97,0.0
6,0,98,0.0
6,0,99,0.0
6,1,0,0.0
6,1,1,0.0
6,1,2,0.0
6,1,3,0.0
6,1,4,0.0
6,1,5,0.0
6,1,6,0.0
6,1,7,0.0
6,1,8,0.0
6,1,9,0.0
6,1,10,0.0
6,1,11,0.0
6,1,12,0.0
6,1,13,0.0
6,1,14,0.0
6,1,15,0.0
6,1,16,0.0
6,1,17,0.0
6,1,18,0.0
6,1,19,0.0
6,1,20,0.0
6,1,21,0.0
6,1,22,0.0
6,1,23,0.0
6,1,24,0.0
6,1,25,0.0
6,1,26,0.0
6,1,27,0.0
6,1,28,0.0
6,1,29,0.0
6,1,30,0.0
6,1,31,0.0
6,1,32,0.0
6,1,33,0.0
6,1,34,0.0
6,1,35,0.0
6,1,36,0.0
6,1,37,0.0
6,1,38,0.0
6,1,39,0.0
6,1,40,0.0
6,1,41,0.0
6,1,42,0.0
6,1,43,0.0
6,1,44,0.0
6,1,45,0.0
6,1,46,0.0
6,1,47,0.0
6,1,48,0.0
6,1,49,0.0
6,1,50,0.0
6,1,51,0.0
6,1,52,0.0
6,1,53,0.0
6,1,54,0.0
6,1,55,0.0
6,1,56,0.0
6,1,57,0.0
6,1,58,0.0
6,1,59,0.0
6,1,60,0.0
6,1,61,0.0
6,1,62,0.0
6,1,63,0.0
6,1,64,0.0
6,1,65,0.0
6,1,66,0.0
6,1,67,0.0
6,1,68,0.0
6,1,69,0.0
6,1,70,0.0
6,1,71,0.0
6,1,72,0.0
6,1,73,0.0
6,1,74,0.0
6,1,75,0.0
6,1,76,0.0
6,1,77,0.0
6,1,78,0.0
6,1,79,0.0
6,1,80,0.0
6,1,81,0.0
6,1,82,0.0
6,1,83,0.0
6,1,84,0.0
6,1,85,0.0
6,1,86,0.0
6,1,87,0.0
6,1,88,0.0
6,1,89,0.0
6,1,90,0.0
6,1,91,0.0
6,1,92,0.0
6,1,93,0.0
6,1,94,0.0
6,1,95,0.0
6,1,96,0.0
6,1,97,0.0
6,1,98,0.0
6,1,99,0.0
6,2,0,0.0
6,2,1,0.0
6,2,2,0.0
6,2,3,0.0
6,2,4,0.0
6,2,5,0.0
6,2,6,0.0
6,2,7,0.0
6,2,8,0.0
6,2,9,0.0
6,2,10,0.0
6,2,11,0.0
6,2,12,0.0
6,2,13,0.0
6,2,14,0.0
6,2,15,0.0
6,2,16,0.0
6,2,17,0.0
6,2,18,0.0
6,2,19,0.0
6,2,20,0.0
6,2,21,0.0
6,2,22,0.0
6,2,23,0.0
6,2,24,0.0
6,2,25,0.0
6,2,26,0.0
6,2,27,0.0
6,2,28,0.0
6,2,29,0.0
6,2,30,0.0
6,2,31,0.0
6,2,32,0.0
6,2,33,0.0
6,2,34,0.0
6,2,35,0.0
6,2,36,0.0
6,2,37,0.0
6,2,38,0.0
6,2,39,0.0
6,2,40,0.0
6,2,41,0.0
6,2,42,0.0
6,2,43,0.0
6,2,44,0.0
6,2,45,0.0
6,2,46,0.0
6,2,47,0.0
6,2,48,0.0
6,2,49,0.0
6,2,50,0.0
6,2,51,0.0
6,2,52,0.0
6,2,53,0.0
6,2,54,0.0
6,2,55,0.0
6,2,56,0.0
6,2,57,0.0
6,2,58,0.0
6,2,59,0.0
6,2,60,0.0
6,2,61,0.0
6,2,62,0.0
6,2,63,0.0
6,2,64,0.0
6,2,65,0.0
6,2,66,0.0
6,2,67,0.0
6,2,68,0.0
6,2,69,0.0
6,2,70,0.0
6,2,71,0.0
6,2,72,0.0
6,2,73,0.0
6,2,74,0.0
6,2,75,0.0
6,2,76,0.0
6,2,77,0.0
6,2,78,0.0
6,2,79,0.0
6,2,80,0.0
6,2,81,0.0
6,2,82,0.0
6,2,83,0.0
6,2,84,0.0
6,2,85,0.0
6,2,86,0.0
6,2,87,0.0
6,2,88,0.0
6,2,89,0.0
6,2,90,0.0
6,2,91,0.0
6,2,92,0.0
6,2,93,0.0
6,2,94,0.0
6,2,95,0.0
6,2,96,0.0
6,2,97,0.0
6,2,98,0.0
6,2,99,0.0
6,3,0,0.0
6,3,1,0.0
6,3,2,0.0
6,3,3,0.0
6,3,4,0.0
6,3,5,0.0
6,3,6,0.0
6,3,7,0.0
6,3,8,0.0
6,3,9,0.0
6,3,10,0.0
6,3,11,0.0
6,3,12,0.0
6,3,13,0.0
6,3,14,0.0
6,3,15,0.0
6,3,16,0.0
6,3,17,0.0
6,3,18,0.0
6,3,19,0.0
6,3,20,0.0
6,3,21,0.0
6,3,22,0.0
6,3,23,0.0
6,3,24,0.0
6,3,25,0.0
6,3,26,0.0
6,3,27,0.0
6,3,28,0.0
6,3,29,0.0
6,3,30,0.0
6,3,31,0.0
6,3,32,0.0
6,3,33,0.0
6,3,34,0.0
6,3,35,0.0
6,3,36,0.0
6,3,37,0.0
6,3,38,0.0
6,3,39,0.0
6,3,40,0.0
6,3,41,0.0
6,3,42,0.0
6,3,43,0.0
6,3,44,0.0
6,3,45,0.0
6,3,46,0.0
6,3,47,0.0
6,3,48,0.0
6,3,49,0.0
6,3,50,0.0
6,3,51,0.0
6,3,52,0.0
6,3,53,0.0
6,3,54,0.0
6,3,55,0.0
6,3,56,0.0
6,3,57,0.0
6,3,58,0.0
6,3,59,0.0
6,3,60,0.0
6,3,61,0.0
6,3,62,0.0
6,3,63,0.0
6,3,64,0.0
6,3,65,0.0
6,3,66,0.0
6,3,67,0.0
6,3,68,0.0
6,3,69,0.0
6,3,70,0.0
6,3,71,0.0
6,3,72,0.0
6,3,73,0.0
6,3,74,0.0
6,3,75,0.0
6,3,76,0.0
6,3,77,0.0
6,3,78,0.0
6,3,79,0.0
6,3,80,0.0
6,3,81,0.0
6,3,82,0.0
6,3,83,0.0
6,3,84,0.0
6,3,85,0.0
6,3,86,0.0
6,3,87,0.0
6,3,88,0.0
6,3,89,0.0
6,3,90,0.0
6,3,91,0.0
6,3,92,0.0
6,3,93,0.0
6,3,94,0.0
6,3,95,0.0
6,3,96,0.0
6,3,97,0.0
6,3,98,0.0
6,3,99,0.0
6,4,0,0.0
6,4,1,0.0
6,4,2,0.0
6,4,3,0.0
6,4,4,0.0
6,4,5,0.0
6,4,6,0.0
6,4,7,0.0
6,4,8,0.0
6,4,9,0.0
6,4,10,0.0
6,4,11,0.0
6,4,12,0.0
6,4,13,0.0
6,4,14,0.0
6,4,15,0.0
6,4,16,0.0
6,4,17,0.0
6,4,18,0.0
6,4,19,0.0
6,4,20,0.0
6,4,21,0.0
6,4,22,0.0
6,4,23,0.0
6,4,24,0.0
6,4,25,0.0
6,4,26,0.0
6,4,27,0.0
6,4,28,0.0
6,4,29,0.0
6,4,30,0.0
6,4,31,0.0
6,4,32,0.0
6,4,33,0.0
6,4,34,0.0
6,4,35,0.0
6,4,36,0.0
6,4,37,0.0
6,4,38,0.0
6,4,39,0.0
6,4,40,0.0
6,4,41,0.0
6,4,42,0.0
6,4,43,0.0
6,4,44,0.0
6,4,45,0.0
6,4,46,0.0
6,4,47,0.0
6,4,48,0.0
6,4,49,0.0
6,4,50,0.0
6,4,51,0.0
6,4,52,0.0
6,4,53,0.0
6,4,54,0.0
6,4,55,0.0
6,4,56,0.0
6,4,57,0.0
6,4,58,0.0
6,4,59,0.0
6,4,60,0.0
6,4,61,0.0
6,4,62,0.0
6,4,63,0.0
6,4,64,0.0
6,4,65,0.0
6,4,66,0.0
6,4,67,0.0
6,4,68,0.0
6,4,69,0.0
6,4,70,0.0
6,4,71,0.0
6,4,72,0.0
6,4,73,0.0
6,4,74,0.0
6,4,75,0.0
6,4,76,0.0
6,4,77,0.0
6,4,78,0.0
6,4,79,0.0
6,4,80,0.0
6,4,81,0.0
6,4,82,0.0
6,4,83,0.0
6,4,84,0.0
6,4,85,0.0
6,4,86,0.0
6,4,87,0.0
6,4,88,0.0
6,4,89,0.0
6,4,90,0.0
6,4,91,0.0
6,4,92,0.0
6,4,93,0.0
6,4,94,0.0
6,4,95,0.0
6,4,96,0.0
6,4,97,0.0
6,4,98,0.0
6,4,99,0.0
6,5,0,0.0
6,5,1,0.0
6,5,2,0.0
6,5,3,0.0
6,5,4,0.0
6,5,5,0.0
6,5,6,0.0
6,5,7,0.0
6,5,8,0.0
6,5,9,0.0
6,5,10,0.0
6,5,11,0.0
6,5,12,0.0
6,5,13,0.0
6,5,14,0.0
6,5,15,0.0
6,5,16,0.0
6,5,17,0.0
6,5,18,0.0
6,5,19,0.0
6,5,20,0.0
6,5,21,0.0
6,5,22,0.0
6,5,23,0.0
6,5,24,0.0
6,5,25,0.0
6,5,26,0.0
6,5,27,0.0
6,5,28,0.0
6,5,29,0.0
6,5,30,0.0
6,5,31,0.0
6,5,32,0.0
6,5,33,0.0
6,5,34,0.0
6,5,35,0.0
6,5,36,0.0
6,5,37,0.0
6,5,38,0.0
6,5,39,0.0
6,5,40,0.0
6,5,41,0.0
6,5,42,0.0
6,5,43,0.0
6,5,44,0.0
6,5,45,0.0
6,5,46,0.0
6,5,47,0.0
6,5,48,0.0
6,5,49,0.0
6,5,50,0.0
6,5,51,0.0
6,5,52,0.0
6,5,53,0.0
6,5,54,0.0
6,5,55,0.0
6,5,56,0.0
6,5,57,0.0
6,5,58,0.0
6,5,59,0.0
6,5,60,0.0
6,5,61,0.0
6,5,62,0.0
6,5,63,0.0
6,5,64,0.0
6,5,65,0.0
6,5,66,0.0
6,5,67,0.0
6,5,68,0.0
6,5,69,0.0
6,5,70,0.0
6,5,71,0.0
6,5,72,0.0
6,5,73,0.0
6,5,74,0.0
6,5,75,0.0
6,5,76,0.0
6,5,77,0.0
6,5,78,0.0
6,5,79,0.0
6,5,80,0.0
6,5,81,0.0
6,5,82,0.0
6,5,83,0.0
6,5,84,0.0
6,5,85,0.0
6,5,86,0.0
6,5,87,0.0
6,5,88,0.0
6,5,89,0.0
6,5,90,0.0
6,5,91,0.0
6,5,92,0.0
6,5,93,0.0
6,5,94,0.0
6,5,95,0.0
6,5,96,0.0
6,5,97,0.0
6,5,98,0.0
6,5,99,0.0
6,6,0,0.0
6,6,1,0.0
6,6,2,0.0
6,6,3,0.0
6,6,4,0.0
6,6,5,0.0
6,6,6,0.0
6,6,7,0.0
6,6,8,0.0
6,6,9,0.0
6,6,10,0.0
6,6,11,0.0
6,6,12,0.0
6,6,13,0.0
6,6,14,0.0
6,6,15,0.0
6,6,16,0.0
6,6,17,0.0
6,6,18,0.0
6,6,19,0.0
6,6,20,0.0
6,6,21,0.0
6,6,22,0.0
6,6,23,0.0
6,6,24,0.0
6,6,25,0.0
6,6,26,0.0
6,6,27,0.0
6,6,28,0.0
6,6,29,0.0
6,6,30,0.0
6,6,31,0.0
6,6,32,0.0
6,6,33,0.0
6,6,34,0.0
6,6,35,0.0
6,6,36,0.0
6,6,37,0.0
6,6,38,0.0
6,6,39,0.0
6,6,40,0.0
6,6,41,0.0
6,6,42,0.0
6,6,43,0.0
6,6,44,0.0
6,6,45,0.0
6,6,46,0.0
6,6,47,0.0
6,6,48,0.0
6,6,49,0.0
6,6,50,0.0
6,6,51,0.0
6,6,52,0.0
6,6,53,0.0
6,6,54,0.0
6,6,55,0.0
6,6,56,0.0
6,6,57,0.0
6,6,58,0.0
6,6,59,0.0
6,6,60,0.0
6,6,61,0.0
6,6,62,0.0
6,6,63,0.0
6,6,64,0.0
6,6,65,0.0
6,6,66,0.0
6,6,67,0.0
6,6,68,0.0
6,6,69,0.0
6,6,70,0.0
6,6,71,0.0
6,6,72,0.0
6,6,73,0.0
6,6,74,0.0
6,6,75,0.0
6,6,76,0.0
6,6,77,0.0
6,6,78,0.0
6,6,79,0.0
6,6,80,0.0
6,6,81,0.0
6,6,82,0.0
6,6,83,0.0
6,6,84,0.0
6,6,85,0.0
6,6,86,0.0
6,6,87,0.0
6,6,88,0.0
6,6,89,0.0
6,6,90,0.0
6,6,91,0.0
6,6,92,0.0
6,6,93,0.0
6,6,94,0.0
6,6,95,0.0
6,6,96,0.0
6,6,97,0.0
6,6,98,0.0
6,6,99,0.0
6,7,0,0.0
6,7,1,0.0
6,7,2,0.0
6,7,3,0.0
6,7,4,0.0
6,7,5,0.0
6,7,6,0.0
6,7,7,0.0
6,7,8,0.0
6,7,9,0.0
6,7,10,0.0
6,7,11,0.0
6,7,12,0.0
6,7,13,0.0
6,7,14,0.0
6,7,15,0.0
6,7,16,0.0
6,7,17,0.0
6,7,18,0.0
6,7,19,0.0
6,7,20,0.0
6,7,21,0.0
6,7,22,0.0
6,7,23,0.0
6,7,24,0.0
6,7,25,0.0
6,7,26,0.0
6,7,27,0.0
6,7,28,0.0
6,7,29,0.0
6,7,30,0.0
6,7,31,0.0
6,7,32,0.0
6,7,33,0.0
6,7,34,0.0
6,7,35,0.0
6,7,36,0.0
6,7,37,0.0
6,7,38,0.0
6,7,39,0.0
6,7,40,0.0
6,7,41,0.0
6,7,42,0.0
6,7,43,0.0
6,7,44,0.0
6,7,45,0.0
6,7,46,0.0
6,7,47,0.0
6,7,48,0.0
6,7,49,0.0
6,7,50,0.0
6,7,51,0.0
6,7,52,0.0
6,7,53,0.0
6,7,54,0.0
6,7,55,0.0
6,7,56,0.0
6,7,57,0.0
6,7,58,0.0
6,7,59,0.0
6,7,60,0.0
6,7,61,0.0
6,7,62,0.0
6,7,63,0.0
6,7,64,0.0
6,7,65,0.0
6,7,66,0.0
6,7,67,0.0
6,7,68,0.0
6,7,69,0.0
6,7,70,0.0
6,7,71,0.0
6,7,72,0.0
6,7,73,0.0
6,7,74,0.0
6,7,75,0.0
6,7,76,0.0
6,7,77,0.0
6,7,78,0.0
6,7,79,0.0
6,7,80,0.0
6,7,81,0.0
6,7,82,0.0
6,7,83,0.0
6,7,84,0.0
6,7,85,0.0
6,7,86,0.0
6,7,87,0.0
6,7,88,0.0
6,7,89,0.0
6,7,90,0.0
6,7,91,0.0
6,7,92,0.0
6,7,93,0.0
6,7,94,0.0
6,7,95,0.0
6,7,96,0.0
6,7,97,0.0
6,7,98,0.0
6,7,99,0.0
6,8,0,0.0
6,8,1,0.0
6,8,2,0.0
6,8,3,0.0
6,8,4,0.0
6,8,5,0.0
6,8,6,0.0
6,8,7,0.0
6,8,8,0.0
6,8,9,0.0
6,8,10,0.0
6,8,11,0.0
6,8,12,0.0
6,8,13,0.0
6,8,14,0.0
6,8,15,0.0
6,8,16,0.0
6,8,17,0.0
6,8,18,0.0
6,8,19,0.0
6,8,20,0.0
6,8,21,0.0
6,8,22,0.0
6,8,23,0.0
6,8,24,0.0
6,8,25,0.0
6,8,26,0.0
6,8,27,0.0
6,8,28,0.0
6,8,29,0.0
6,8,30,0.0
6,8,31,0.0
6,8,32,0.0
6,8,33,0.0
6,8,34,0.0
6,8,35,0.0
6,8,36,0.0
6,8,37,0.0
6,8,38,0.0
6,8,39,0.0
6,8,40,0.0
6,8,41,0.0
6,8,42,0.0
6,8,43,0.0
6,8,44,0.0
6,8,45,0.0
6,8,46,0.0
6,8,47,0.0
6,8,48,0.0
6,8,49,0.0
6,8,50,0.0
6,8,51,0.0
6,8,52,0.0
6,8,53,0.0
6,8,54,0.0
6,8,55,0.0
6,8,56,0.0
6,8,57,0.0
6,8,58,0.0
6,8,59,0.0
6,8,60,0.0
6,8,61,0.0
6,8,62,0.0
6,8,63,0.0
6,8,64,0.0
6,8,65,0.0
6,8,66,0.0
6,8,67,0.0
6,8,68,0.0
6,8,69,0.0
6,8,70,0.0
6,8,71,0.0
6,8,72,0.0
6,8,73,0.0
6,8,74,0.0
6,8,75,0.0
6,8,76,0.0
6,8,77,0.0
6,8,78,0.0
6,8,79,0.0
6,8,80,0.0
6,8,81,0.0
6,8,82,0.0
6,8,83,0.0
6,8,84,0.0
6,8,85,0.0
6,8,86,0.0
6,8,87,0.0
6,8,88,0.0
6,8,89,0.0
6,8,90,0.0
6,8,91,0.0
6,8,92,0.0
6,8,93,0.0
6,8,94,0.0
6,8,95,0.0
6,8,96,0.0
6,8,97,0.0
6,8,98,0.0
6,8,99,0.0
6,9,0,0.0
6,9,1,0.0
6,9,2,0.0
6,9,3,0.0
6,9,4,0.0
6,9,5,0.0
6,9,6,0.0
6,9,7,0.0
6,9,8,0.0
6,9,9,0.0
6,9,10,0.0
6,9,11,0.0
6,9,12,0.0
6,9,13,0.0
6,9,14,0.0
6,9,15,0.0
6,9,16,0.0
6,9,17,0.0
6,9,18,0.0
6,9,19,0.0
6,9,20,0.0
6,9,21,0.0
6,9,22,0.0
6,9,23,0.0
6,9,24,0.0
6,9,25,0.0
6,9,26,0.0
6,9,27,0.0
6,9,28,0.0
6,9,29,0.0
6,9,30,0.0
6,9,31,0.0
6,9,32,0.0
6,9,33,0.0
6,9,34,0.0
6,9,35,0.0
6,9,36,0.0
6,9,37,0.0
6,9,38,0.0
6,9,39,0.0
6,9,40,0.0
6,9,41,0.0
6,9,42,0.0
6,9,43,0.0
6,9,44,0.0
6,9,45,0.0
6,9,46,0.0
6,9,47,0.0
6,9,48,0.0
6,9,49,0.0
6,9,50,0.0
6,9,51,0.0
6,9,52,0.0
6,9,53,0.0
6,9,54,0.0
6,9,55,0.0
6,9,56,0.0
6,9,57,0.0
6,9,58,0.0
6,9,59,0.0
6,9,60,0.0
6,9,61,0.0
6,9,62,0.0
6,9,63,0.0
6,9,64,0.0
6,9,65,0.0
6,9,66,0.0
6,9,67,0.0
6,9,68,0.0
6,9,69,0.0
6,9,70,0.0
6,9,71,0.0
6,9,72,0.0
6,9,73,0.0
6,9,74,0.0
6,9,75,0.0
6,9,76,0.0
6,9,77,0.0
6,9,78,0.0
6,9,79,0.0
6,9,80,0.0
6,9,81,0.0
6,9,82,0.0
6,9,83,0.0
6,9,84,0.0
6,9,85,0.0
6,9,86,0.0
6,9,87,0.0
6,9,88,0.0
6,9,89,0.0
6,9,90,0.0
6,9,91,0.0
6,9,92,0.0
6,9,93,0.0
6,9,94,0.0
6,9,95,0.0
6,9,96,0.0
6,9,97,0.0
6,9,98,0.0
6,9,99,0.0
6,10,0,0.0
6,10,1,0.0
6,10,2,0.0
6,10,3,0.0
6,10,4,0.0
6,10,5,0.0
6,10,6,28.0
6,10,7,0.0
6,10,8,0.0
6,10,9,0.0
6,10,10,0.0
6,10,11,0.0
6,10,12,0.0
6,10,13,0.0
6,10,14,0.0
6,10,15,0.0
6,10,16,0.0
6,10,17,0.0
6,10,18,0.0
6,10,19,5.0
6,10,20,0.0
6,10,21,0.0
6,10,22,0.0
6,10,23,0.0
6,10,24,0.0
6,10,25,0.0
6,10,26,0.0
6,10,27,0.0
6,10,28,0.0
6,10,29,0.0
6,10,30,0.0
6,10,31,0.0
6,10,32,0.0
6,10,33,0.0
6,10,34,0.0
6,10,35,0.0
6,10,36,0.0
6,10,37,0.0
6,10,38,0.0
6,10,39,0.0
6,10,40,0.0
6,10,41,0.0
6,10,42,0.0
6,10,43,0.0
6,10,44,0.0
6,10,45,0.0
6,10,46,0.0
6,10,47,0.0
6,10,48,0.0
6,10,49,0.0
6,10,50,0.0
6,10,51,0.0
6,10,52,0.0
6,10,53,0.0
6,10,54,0.0
6,10,55,0.0
6,10,56,0.0
6,10,57,0.0
6,10,58,0.0
6,10,59,0.0
6,10,60,0.0
6,10,61,0.0
6,10,62,0.0
6,10,63,0.0
6,10,64,0.0
6,10,65,0.0
6,10,66,0.0
6,10,67,0.0
6,10,68,0.0
6,10,69,0.0
6,10,70,0.0
6,10,71,0.0
6,10,72,0.0
6,10,73,0.0
6,10,74,0.0
6,10,75,0.0
6,10,76,0.0
6,10,77,0.0
6,10,78,0.0
6,10,79,0.0
6,10,80,0.0
6,10,81,0.0
6,10,82,0.0
6,10,83,0.0
6,10,84,0.0
6,10,85,0.0
6,10,86,0.0
6,10,87,0.0
6,10,88,0.0
6,10,89,0.0
6,10,90,0.0
6,10,91,0.0
6,10,92,0.0
6,10,93,0.0
6,10,94,0.0
6,10,95,0.0
6,10,96,0.0
6,10,97,0.0
6,10,98,0.0
6,10,99,5.0
6,11,0,0.0
6,11,1,0.0
6,11,2,0.0
6,11,3,0.0
6,11,4,0.0
6,11,5,0.0
6,11,6,59.0
6,11,7,0.0
6,11,8,0.0
6,11,9,0.0
6,11,10,0.0
6,11,11,0.0
6,11,12,0.0
6,11,13,0.0
6,11,14,0.0
6,11,15,42.0
6,11,16,0.0
6,11,17,0.0
6,11,18,0.0
6,11,19,0.0
6,11,20,0.0
6,11,21,0.0
6,11,22,0.0
6,11,23,0.0
6,11,24,0.0
6,11,25,0.0
6,11,26,0.0
6,11,27,0.0
6,11,28,0.0
6,11,29,0.0
6,11,30,0.0
6,11,31,9.0
6,11,32,0.0
6,11,33,0.0
6,11,34,0.0
6,11,35,0.0
6,11,36,0.0
6,11,37,0.0
6,11,38,0.0
6,11,39,0.0
6,11,40,0.0
6,11,41,1.0
6,11,42,0.0
6,11,43,0.0
6,11,44,0.0
6,11,45,0.0
6,11,46,0.0
6,11,47,0.0
6,11,48,0.0
6,11,49,0.0
6,11,50,0.0
6,11,51,0.0
6,11,52,0.0
6,11,53,35.0
6,11,54,0.0
6,11,55,0.0
6,11,56,0.0
6,11,57,0.0
6,11,58,0.0
6,11,59,0.0
6,11,60,0.0
6,11,61,0.0
6,11,62,0.0
6,11,63,0.0
6,11,64,67.0
6,11,65,0.0
6,11,66,0.0
6,11,67,0.0
6,11,68,0.0
6,11,69,0.0
6,11,70,0.0
6,11,71,0.0
6,11,72,0.0
6,11,73,0.0
6,11,74,0.0
6,11,75,0.0
6,11,76,0.0
6,11,77,0.0
6,11,78,0.0
6,11,79,0.0
6,11,80,0.0
6,11,81,12.0
6,11,82,0.0
6,11,83,0.0
6,11,84,0.0
6,11,85,0.0
6,11,86,0.0
6,11,87,0.0
6,11,88,0.0
6,11,89,0.0
6,11,90,0.0
6,11,91,0.0
6,11,92,0.0
6,11,93,0.0
6,11,94,89.0
6,11,95,0.0
6,11,96,0.0
6,11,97,0.0
6,11,98,77.0
6,11,99,0.0
6,12,0,14.0
6,12,1,0.0
6,12,2,35.0
6,12,3,70.0
6,12,4,127.0
6,12,5,104.0
6,12,6,44.0
6,12,7,10.0
6,12,8,66.0
6,12,9,34.0
6,12,10,0.0
6,12,11,0.0
6,12,12,17.0
6,12,13,0.0
6,12,14,105.0
6,12,15,50.0
6,12,16,53.0
6,12,17,0.0
6,12,18,0.0
6,12,19,0.0
6,12,20,18.0
6,12,21,11.0
6,12,22,49.0
6,12,23,0.0
6,12,24,66.0
6,12,25,137.0
6,12,26,40.0
6,12,27,0.0
6,12,28,0.0
6,12,29,0.0
6,12,30,0.0
6,12,31,0.0
6,12,32,0.0
6,12,33,0.0
6,12,34,60.0
6,12,35,19.0
6,12,36,119.0
6,12,37,8.0
6,12,38,3.0
6,12,39,53.0
6,12,40,0.0
6,12,41,0.0
6,12,42,125.0
6,12,43,118.0
6,12,44,0.0
6,12,45,0.0
6,12,46,0.0
6,12,47,78.0
6,12,48,0.0
6,12,49,0.0
6,12,50,0.0
6,12,51,0.0
6,12,52,0.0
6,12,53,61.0
6,12,54,0.0
6,12,55,111.0
6,12,56,0.0
6,12,57,71.0
6,12,58,18.0
6,12,59,0.0
6,12,60,5.0
6,12,61,69.0
6,12,62,24.0
6,12,63,0.0
6,12,64,0.0
6,12,65,23.0
6,12,66,50.0
6,12,67,0.0
6,12,68,66.0
6,12,69,13.0
6,12,70,0.0
6,12,71,7.0
6,12,72,69.0
6,12,73,18.0
6,12,74,0.0
6,12,75,26.0
6,12,76,0.0
6,12,77,0.0
6,12,78,0.0
6,12,79,0.0
6,12,80,0.0
6,12,81,0.0
6,12,82,74.0
6,12,83,0.0
6,12,84,50.0
6,12,85,0.0
6,12,86,0.0
6,12,87,117.0
6,12,88,0.0
6,12,89,35.0
6,12,90,0.0
6,12,91,102.0
6,12,92,69.0
6,12,93,0.0
6,12,94,19.0
6,12,95,6.0
6,12,96,0.0
6,12,97,0.0
6,12,98,0.0
6,12,99,0.0
6,13,0,43.0
6,13,1,31.0
6,13,2,129.0
6,13,3,15.0
6,13,4,55.0
6,13,5,21.0
6,13,6,0.0
6,13,7,114.0
6,13,8,85.0
6,13,9,153.0
6,13,10,58.0
6,13,11,125.0
6,13,12,170.0
6,13,13,102.0
6,13,14,43.0
6,13,15,11.0
6,13,16,148.0
6,13,17,135.0
6,13,18,118.0
6,13,19,138.0
6,13,20,174.0
6,13,21,140.0
6,13,22,0.0
6,13,23,76.0
6,13,24,20.0
6,13,25,0.0
6,13,26,76.0
6,13,27,94.0
6,13,28,164.0
6,13,29,116.0
6,13,30,151.0
6,13,31,111.0
6,13,32,97.0
6,13,33,40.0
6,13,34,168.0
6,13,35,78.0
6,13,36,59.0
6,13,37,155.0
6,13,38,97.0
6,13,39,0.0
6,13,40,143.0
6,13,41,187.0
6,13,42,77.0
6,13,43,0.0
6,13,44,78.0
6,13,45,62.0
6,13,46,85.0
6,13,47,92.0
6,13,48,114.0
6,13,49,111.0
6,13,50,128.0
6,13,51,57.0
6,13,52,87.0
6,13,53,4.0
6,13,54,81.0
6,13,55,84.0
6,13,56,121.0
6,13,57,77.0
6,13,58,16.0
6,13,59,18.0
6,13,60,94.0
6,13,61,92.0
6,13,62,180.0
6,13,63,125.0
6,13,64,115.0
6,13,65,123.0
6,13,66,0.0
6,13,67,125.0
6,13,68,25.0
6,13,69,13.0
6,13,70,77.0
6,13,71,0.0
6,13,72,0.0
6,13,73,139.0
6,13,74,176.0
6,13,75,71.0
6,13,76,91.0
6,13,77,114.0
6,13,78,108.0
6,13,79,83.0
6,13,80,45.0
6,13,81,117.0
6,13,82,89.0
6,13,83,127.0
6,13,84,0.0
6,13,85,146.0
6,13,86,136.0
6,13,87,0.0
6,13,88,96.0
6,13,89,192.0
6,13,90,57.0
6,13,91,53.0
6,13,92,84.0
6,13,93,120.0
6,13,94,60.0
6,13,95,153.0
6,13,96,0.0
6,13,97,90.0
6,13,98,53.0
6,13,99,114.0
6,14,0,0.0
6,14,1,60.0
6,14,2,0.0
6,14,3,0.0
6,14,4,0.0
6,14,5,0.0
6,14,6,0.0
6,14,7,0.0
6,14,8,0.0
6,14,9,3.0
6,14,10,0.0
6,14,11,0.0
6,14,12,0.0
6,14,13,22.0
6,14,14,0.0
6,14,15,0.0
6,14,16,0.0
6,14,17,0.0
6,14,18,0.0
6,14,19,0.0
6,14,20,0.0
6,14,21,0.0
6,14,22,0.0
6,14,23,0.0
6,14,24,45.0
6,14,25,0.0
6,14,26,0.0
6,14,27,17.0
6,14,28,2.0
6,14,29,0.0
6,14,30,0.0
6,14,31,24.0
6,14,32,43.0
6,14,33,0.0
6,14,34,0.0
6,14,35,0.0
6,14,36,0.0
6,14,37,0.0
6,14,38,0.0
6,14,39,0.0
6,14,40,0.0
6,14,41,0.0
6,14,42,0.0
6,14,43,0.0
6,14,44,0.0
6,14,45,0.0
6,14,46,0.0
6,14,47,0.0
6,14,48,0.0
6,14,49,0.0
6,14,50,0.0
6,14,51,0.0
6,14,52,0.0
6,14,53,0.0
6,14,54,0.0
6,14,55,0.0
6,14,56,0.0
6,14,57,0.0
6,14,58,0.0
6,14,59,0.0
6,14,60,0.0
6,14,61,0.0
6,14,62,0.0
6,14,63,0.0
6,14,64,0.0
6,14,65,0.0
6,14,66,0.0
6,14,67,0.0
6,14,68,0.0
6,14,69,0.0
6,14,70,0.0
6,14,71,0.0
6,14,72,0.0
6,14,73,0.0
6,14,74,0.0
6,14,75,0.0
6,14,76,0.0
6,14,77,0.0
6,14,78,22.0
6,14,79,0.0
6,14,80,0.0
6,14,81,0.0
6,14,82,0.0
6,14,83,0.0
6,14,84,0.0
6,14,85,0.0
6,14,86,9.0
6,14,87,8.0
6,14,88,0.0
6,14,89,0.0
6,14,90,0.0
6,14,91,0.0
6,14,92,0.0
6,14,93,0.0
6,14,94,0.0
6,14,95,0.0
6,14,96,0.0
6,14,97,0.0
6,14,98,0.0
6,14,99,0.0
6,15,0,195.0
6,15,1,139.0
6,15,2,140.0
6,15,3,187.0
6,15,4,121.0
6,15,5,155.0
6,15,6,119.0
6,15,7,211.0
6,15,8,150.0
6,15,9,223.0
6,15,10,154.0
6,15,11,165.0
6,15,12,202.0
6,15,13,136.0
6,15,14,127.0
6,15,15,186.0
6,15,16,119.0
6,15,17,127.0
6,15,18,230.0
6,15,19,28.0
6,15,20,188.0
6,15,21,205.0
6,15,22,204.0
6,15,23,223.0
6,15,24,211.0
6,15,25,220.0
6,15,26,140.0
6,15,27,40.0
6,15,28,83.0
6,15,29,0.0
6,15,30,185.0
6,15,31,124.0
6,15,32,114.0
6,15,33,215.0
6,15,34,141.0
6,15,35,177.0
6,15,36,190.0
6,15,37,142.0
6,15,38,226.0
6,15,39,125.0
6,15,40,131.0
6,15,41,24.0
6,15,42,130.0
6,15,43,191.0
6,15,44,187.0
6,15,45,211.0
6,15,46,158.0
6,15,47,214.0
6,15,48,171.0
6,15,49,205.0
6,15,50,20.0
6,15,51,115.0
6,15,52,212.0
6,15,53,186.0
6,15,54,223.0
6,15,55,106.0
6,15,56,134.0
6,15,57,209.0
6,15,58,155.0
6,15,59,130.0
6,15,60,214.0
6,15,61,170.0
6,15,62,202.0
6,15,63,34.0
6,15,64,191.0
6,15,65,189.0
6,15,66,222.0
6,15,67,129.0
6,15,68,131.0
6,15,69,190.0
6,15,70,67.0
6,15,71,168.0
6,15,72,186.0
6,15,73,120.0
6,15,74,208.0
6,15,75,126.0
6,15,76,177.0
6,15,77,148.0
6,15,78,200.0
6,15,79,193.0
6,15,80,136.0
6,15,81,183.0
6,15,82,46.0
6,15,83,76.0
6,15,84,225.0
6,15,85,83.0
6,15,86,64.0
6,15,87,131.0
6,15,88,41.0
6,15,89,96.0
6,15,90,223.0
6,15,91,141.0
6,15,92,141.0
6,15,93,166.0
6,15,94,170.0
6,15,95,163.0
6,15,96,210.0
6,15,97,82.0
6,15,98,58.0
6,15,99,119.0
6,16,0,0.0
6,16,1,0.0
6,16,2,0.0
6,16,3,0.0
6,16,4,0.0
6,16,5,0.0
6,16,6,0.0
6,16,7,0.0
6,16,8,0.0
6,16,9,0.0
6,16,10,0.0
6,16,11,0.0
6,16,12,0.0
6,16,13,0.0
6,16,14,0.0
6,16,15,0.0
6,16,16,0.0
6,16,17,0.0
6,16,18,0.0
6,16,19,0.0
6,16,20,0.0
6,16,21,0.0
6,16,22,0.0
6,16,23,0.0
6,16,24,0.0
6,16,25,0.0
6,16,26,0.0
6,16,27,0.0
6,16,28,0.0
6,16,29,0.0
6,16,30,0.0
6,16,31,0.0
6,16,32,0.0
6,16,33,56.0
6,16,34,27.0
6,16,35,0.0
6,16,36,0.0
6,16,37,0.0
6,16,38,0.0
6,16,39,0.0
6,16,40,20.0
6,16,41,0.0
6,16,42,0.0
6,16,43,0.0
6,16,44,0.0
6,16,45,0.0
6,16,46,0.0
6,16,47,0.0
6,16,48,24.0
6,16,49,0.0
6,16,50,135.0
6,16,51,0.0
6,16,52,0.0
6,16,53,0.0
6,16,54,0.0
6,16,55,0.0
6,16,56,0.0
6,16,57,0.0
6,16,58,0.0
6,16,59,0.0
6,16,60,0.0
6,16,61,0.0
6,16,62,0.0
6,16,63,31.0
6,16,64,0.0
6,16,65,0.0
6,16,66,0.0
6,16,67,0.0
6,16,68,0.0
6,16,69,0.0
6,16,70,0.0
6,16,71,0.0
6,16,72,0.0
6,16,73,0.0
6,16,74,9.0
6,16,75,0.0
6,16,76,0.0
6,16,77,0.0
6,16,78,0.0
6,16,79,0.0
6,16,80,0.0
6,16,81,0.0
6,16,82,0.0
6,16,83,0.0
6,16,84,14.0
6,16,85,0.0
6,16,86,0.0
6,16,87,0.0
6,16,88,0.0
6,16,89,0.0
6,16,90,0.0
6,16,91,0.0
6,16,92,0.0
6,16,93,0.0
6,16,94,0.0
6,16,95,0.0
6,16,96,14.0
6,16,97,0.0
6,16,98,0.0
6,16,99,17.0
6,17,0,77.0
6,17,1,114.0
6,17,2,116.0
6,17,3,0.0
6,17,4,51.0
6,17,5,109.0
6,17,6,110.0
6,17,7,64.0
6,17,8,22.0
6,17,9,101.0
6,17,10,156.0
6,17,11,156.0
6,17,12,110.0
6,17,13,21.0
6,17,14,0.0
6,17,15,11.0
6,17,16,90.0
6,17,17,65.0
6,17,18,115.0
6,17,19,172.0
6,17,20,58.0
6,17,21,0.0
6,17,22,82.0
6,17,23,0.0
6,17,24,0.0
6,17,25,0.0
6,17,26,83.0
6,17,27,154.0
6,17,28,114.0
6,17,29,94.0
6,17,30,90.0
6,17,31,70.0
6,17,32,125.0
6,17,33,0.0
6,17,34,0.0
6,17,35,31.0
6,17,36,58.0
6,17,37,23.0
6,17,38,16.0
6,17,39,80.0
6,17,40,0.0
6,17,41,111.0
6,17,42,78.0
6,17,43,49.0
6,17,44,70.0
6,17,45,101.0
6,17,46,94.0
6,17,47,27.0
6,17,48,0.0
6,17,49,105.0
6,17,50,6.0
6,17,51,0.0
6,17,52,105.0
6,17,53,118.0
6,17,54,51.0
6,17,55,0.0
6,17,56,56.0
6,17,57,95.0
6,17,58,120.0
6,17,59,151.0
6,17,60,28.0
6,17,61,114.0
6,17,62,0.0
6,17,63,176.0
6,17,64,0.0
6,17,65,22.0
6,17,66,44.0
6,17,67,142.0
6,17,68,0.0
6,17,69,0.0
6,17,70,160.0
6,17,71,82.0
6,17,72,85.0
6,17,73,0.0
6,17,74,0.0
6,17,75,106.0
6,17,76,0.0
6,17,77,120.0
6,17,78,74.0
6,17,79,67.0
6,17,80,109.0
6,17,81,68.0
6,17,82,0.0
6,17,83,168.0
6,17,84,21.0
6,17,85,135.0
6,17,86,109.0
6,17,87,161.0
6,17,88,58.0
6,17,89,0.0
6,17,90,50.0
6,17,91,0.0
6,17,92,117.0
6,17,93,102.0
6,17,94,38.0
6,17,95,90.0
6,17,96,22.0
6,17,97,147.0
6,17,98,174.0
6,17,99,138.0
6,18,0,0.0
6,18,1,0.0
6,18,2,60.0
6,18,3,42.0
6,18,4,51.0
6,18,5,17.0
6,18,6,15.0
6,18,7,43.0
6,18,8,134.0
6,18,9,51.0
6,18,10,34.0
6,18,11,12.0
6,18,12,74.0
6,18,13,0.0
6,18,14,167.0
6,18,15,133.0
6,18,16,68.0
6,18,17,0.0
6,18,18,0.0
6,18,19,0.0
6,18,20,35.0
6,18,21,81.0
6,18,22,69.0
6,18,23,88.0
6,18,24,77.0
6,18,25,112.0
6,18,26,55.0
6,18,27,0.0
6,18,28,38.0
6,18,29,0.0
6,18,30,72.0
6,18,31,70.0
6,18,32,37.0
6,18,33,138.0
6,18,34,48.0
6,18,35,0.0
6,18,36,38.0
6,18,37,25.0
6,18,38,18.0
6,18,39,49.0
6,18,40,67.0
6,18,41,0.0
6,18,42,0.0
6,18,43,0.0
6,18,44,52.0
6,18,45,48.0
6,18,46,71.0
6,18,47,52.0
6,18,48,0.0
6,18,49,14.0
6,18,50,0.0
6,18,51,101.0
6,18,52,0.0
6,18,53,0.0
6,18,54,0.0
6,18,55,156.0
6,18,56,72.0
6,18,57,0.0
6,18,58,0.0
6,18,59,0.0
6,18,60,0.0
6,18,61,0.0
6,18,62,141.0
6,18,63,32.0
6,18,64,145.0
6,18,65,0.0
6,18,66,62.0
6,18,67,24.0
6,18,68,78.0
6,18,69,81.0
6,18,70,34.0
6,18,71,70.0
6,18,72,54.0
6,18,73,85.0
6,18,74,0.0
6,18,75,54.0
6,18,76,146.0
6,18,77,0.0
6,18,78,14.0
6,18,79,63.0
6,18,80,36.0
6,18,81,20.0
6,18,82,116.0
6,18,83,0.0
6,18,84,0.0
6,18,85,0.0
6,18,86,30.0
6,18,87,32.0
6,18,88,13.0
6,18,89,114.0
6,18,90,0.0
6,18,91,140.0
6,18,92,68.0
6,18,93,0.0
6,18,94,0.0
6,18,95,0.0
6,18,96,9.0
6,18,97,15.0
6,18,98,28.0
6,18,99,0.0
6,19,0,0.0
6,19,1,0.0
6,19,2,0.0
6,19,3,0.0
6,19,4,0.0
6,19,5,0.0
6,19,6,0.0
6,19,7,0.0
6,19,8,0.0
6,19,9,0.0
6,19,10,0.0
6,19,11,0.0
6,19,12,0.0
6,19,13,0.0
6,19,14,0.0
6,19,15,39.0
6,19,16,0.0
6,19,17,20.0
6,19,18,53.0
6,19,19,0.0
6,19,20,0.0
6,19,21,0.0
6,19,22,0.0
6,19,23,0.0
6,19,24,0.0
6,19,25,0.0
6,19,26,0.0
6,19,27,0.0
6,19,28,0.0
6,19,29,0.0
6,19,30,0.0
6,19,31,11.0
6,19,32,0.0
6,19,33,0.0
6,19,34,0.0
6,19,35,56.0
6,19,36,0.0
6,19,37,0.0
6,19,38,0.0
6,19,39,32.0
6,19,40,41.0
6,19,41,80.0
6,19,42,54.0
6,19,43,0.0
6,19,44,0.0
6,19,45,0.0
6,19,46,1.0
6,19,47,0.0
6,19,48,54.0
6,19,49,0.0
6,19,50,0.0
6,19,51,0.0
6,19,52,0.0
6,19,53,0.0
6,19,54,70.0
6,19,55,0.0
6,19,56,0.0
6,19,57,0.0
6,19,58,53.0
6,19,59,0.0
6,19,60,34.0
6,19,61,0.0
6,19,62,0.0
6,19,63,0.0
6,19,64,0.0
6,19,65,0.0
6,19,66,0.0
6,19,67,0.0
6,19,68,0.0
6,19,69,0.0
6,19,70,0.0
6,19,71,0.0
6,19,72,0.0
6,19,73,12.0
6,19,74,106.0
6,19,75,0.0
6,19,76,0.0
6,19,77,0.0
6,19,78,0.0
6,19,79,0.0
6,19,80,0.0
6,19,81,0.0
6,19,82,0.0
6,19,83,78.0
6,19,84,0.0
6,19,85,36.0
6,19,86,21.0
6,19,87,0.0
6,19,88,0.0
6,19,89,0.0
6,19,90,0.0
6,19,91,0.0
6,19,92,0.0
6,19,93,28.0
6,19,94,0.0
6,19,95,0.0
6,19,96,0.0
6,19,97,0.0
6,19,98,0.0
6,19,99,0.0
6,20,0,0.0
6,20,1,0.0
6,20,2,0.0
6,20,3,0.0
6,20,4,0.0
6,20,5,0.0
6,20,6,0.0
6,20,7,0.0
6,20,8,0.0
6,20,9,0.0
6,20,10,18.0
6,20,11,0.0
6,20,12,0.0
6,20,13,0.0
6,20,14,21.0
6,20,15,0.0
6,20,16,0.0
6,20,17,0.0
6,20,18,0.0
6,20,19,61.0
6,20,20,0.0
6,20,21,0.0
6,20,22,0.0
6,20,23,0.0
6,20,24,0.0
6,20,25,0.0
6,20,26,0.0
6,20,27,0.0
6,20,28,0.0
6,20,29,0.0
6,20,30,0.0
6,20,31,0.0
6,20,32,0.0
6,20,33,0.0
6,20,34,0.0
6,20,35,0.0
6,20,36,0.0
6,20,37,34.0
6,20,38,4.0
6,20,39,0.0
6,20,40,0.0
6,20,41,0.0
6,20,42,0.0
6,20,43,0.0
6,20,44,0.0
6,20,45,10.0
6,20,46,0.0
6,20,47,0.0
6,20,48,0.0
6,20,49,0.0
6,20,50,0.0
6,20,51,0.0
6,20,52,51.0
6,20,53,0.0
6,20,54,0.0
6,20,55,0.0
6,20,56,0.0
6,20,57,0.0
6,20,58,0.0
6,20,59,0.0
6,20,60,0.0
6,20,61,0.0
6,20,62,0.0
6,20,63,0.0
6,20,64,0.0
6,20,65,0.0
6,20,66,0.0
6,20,67,0.0
6,20,68,1.0
6,20,69,0.0
6,20,70,0.0
6,20,71,0.0
6,20,72,0.0
6,20,73,0.0
6,20,74,0.0
6,20,75,0.0
6,20,76,0.0
6,20,77,34.0
6,20,78,0.0
6,20,79,0.0
6,20,80,2.0
6,20,81,0.0
6,20,82,0.0
6,20,83,0.0
6,20,84,40.0
6,20,85,0.0
6,20,86,0.0
6,20,87,0.0
6,20,88,0.0
6,20,89,0.0
6,20,90,0.0
6,20,91,0.0
6,20,92,39.0
6,20,93,0.0
6,20,94,0.0
6,20,95,57.0
6,20,96,0.0
6,20,97,0.0
6,20,98,0.0
6,20,99,0.0
6,21,0,49.0
6,21,1,92.0
6,21,2,1.0
6,21,3,0.0
6,21,4,2.0
6,21,5,3.0
6,21,6,0.0
6,21,7,0.0
6,21,8,0.0
6,21,9,1.0
6,21,10,0.0
6,21,11,1.0
6,21,12,0.0
6,21,13,50.0
6,21,14,1.0
6,21,15,0.0
6,21,16,0.0
6,21,17,0.0
6,21,18,0.0
6,21,19,0.0
6,21,20,0.0
6,21,21,0.0
6,21,22,0.0
6,21,23,1.0
6,21,24,0.0
6,21,25,0.0
6,21,26,0.0
6,21,27,0.0
6,21,28,0.0
6,21,29,47.0
6,21,30,0.0
6,21,31,0.0
6,21,32,41.0
6,21,33,0.0
6,21,34,0.0
6,21,35,0.0
6,21,36,16.0
6,21,37,0.0
6,21,38,0.0
6,21,39,0.0
6,21,40,0.0
6,21,41,0.0
6,21,42,0.0
6,21,43,101.0
6,21,44,0.0
6,21,45,0.0
6,21,46,0.0
6,21,47,14.0
6,21,48,0.0
6,21,49,0.0
6,21,50,0.0
6,21,51,0.0
6,21,52,0.0
6,21,53,7.0
6,21,54,0.0
6,21,55,0.0
6,21,56,1.0
6,21,57,0.0
6,21,58,0.0
6,21,59,48.0
6,21,60,0.0
6,21,61,34.0
6,21,62,0.0
6,21,63,39.0
6,21,64,0.0
6,21,65,0.0
6,21,66,0.0
6,21,67,0.0
6,21,68,0.0
6,21,69,0.0
6,21,70,0.0
6,21,71,0.0
6,21,72,28.0
6,21,73,0.0
6,21,74,0.0
6,21,75,23.0
6,21,76,0.0
6,21,77,0.0
6,21,78,0.0
6,21,79,0.0
6,21,80,0.0
6,21,81,35.0
6,21,82,0.0
6,21,83,0.0
6,21,84,0.0
6,21,85,0.0
6,21,86,0.0
6,21,87,0.0
6,21,88,0.0
6,21,89,0.0
6,21,90,35.0
6,21,91,0.0
6,21,92,0.0
6,21,93,0.0
6,21,94,0.0
6,21,95,0.0
6,21,96,0.0
6,21,97,0.0
6,21,98,0.0
6,21,99,0.0
6,22,0,0.0
6,22,1,0.0
6,22,2,0.0
6,22,3,0.0
6,22,4,0.0
6,22,5,0.0
6,22,6,0.0
6,22,7,0.0
6,22,8,0.0
6,22,9,0.0
6,22,10,0.0
6,22,11,0.0
6,22,12,0.0
6,22,13,0.0
6,22,14,0.0
6,22,15,0.0
6,22,16,0.0
6,22,17,0.0
6,22,18,0.0
6,22,19,0.0
6,22,20,0.0
6,22,21,0.0
6,22,22,0.0
6,22,23,0.0
6,22,24,0.0
6,22,25,0.0
6,22,26,0.0
6,22,27,27.0
6,22,28,0.0
6,22,29,0.0
6,22,30,0.0
6,22,31,0.0
6,22,32,0.0
6,22,33,0.0
6,22,34,4.0
6,22,35,0.0
6,22,36,0.0
6,22,37,0.0
6,22,38,0.0
6,22,39,0.0
6,22,40,0.0
6,22,41,0.0
6,22,42,0.0
6,22,43,0.0
6,22,44,0.0
6,22,45,0.0
6,22,46,0.0
6,22,47,0.0
6,22,48,0.0
6,22,49,0.0
6,22,50,0.0
6,22,51,0.0
6,22,52,0.0
6,22,53,0.0
6,22,54,0.0
6,22,55,0.0
6,22,56,0.0
6,22,57,87.0
6,22,58,0.0
6,22,59,0.0
6,22,60,0.0
6,22,61,0.0
6,22,62,0.0
6,22,63,0.0
6,22,64,0.0
6,22,65,61.0
6,22,66,0.0
6,22,67,1.0
6,22,68,0.0
6,22,69,0.0
6,22,70,0.0
6,22,71,0.0
6,22,72,0.0
6,22,73,0.0
6,22,74,0.0
6,22,75,0.0
6,22,76,0.0
6,22,77,0.0
6,22,78,0.0
6,22,79,0.0
6,22,80,0.0
6,22,81,0.0
6,22,82,0.0
6,22,83,0.0
6,22,84,0.0
6,22,85,0.0
6,22,86,0.0
6,22,87,0.0
6,22,88,0.0
6,22,89,0.0
6,22,90,0.0
6,22,91,0.0
6,22,92,0.0
6,22,93,0.0
6,22,94,54.0
6,22,95,0.0
6,22,96,0.0
6,22,97,0.0
6,22,98,0.0
6,22,99,52.0
6,23,0,0.0
6,23,1,0.0
6,23,2,0.0
6,23,3,0.0
6,23,4,0.0
6,23,5,0.0
6,23,6,0.0
6,23,7,0.0
6,23,8,0.0
6,23,9,0.0
6,23,10,0.0
6,23,11,0.0
6,23,12,0.0
6,23,13,0.0
6,23,14,0.0
6,23,15,0.0
6,23,16,0.0
6,23,17,0.0
6,23,18,0.0
6,23,19,0.0
6,23,20,0.0
6,23,21,0.0
6,23,22,0.0
6,23,23,0.0
6,23,24,0.0
6,23,25,0.0
6,23,26,0.0
6,23,27,0.0
6,23,28,0.0
6,23,29,0.0
6,23,30,0.0
6,23,31,0.0
6,23,32,0.0
6,23,33,0.0
6,23,34,0.0
6,23,35,0.0
6,23,36,0.0
6,23,37,0.0
6,23,38,0.0
6,23,39,0.0
6,23,40,0.0
6,23,41,0.0
6,23,42,0.0
6,23,43,0.0
6,23,44,0.0
6,23,45,0.0
6,23,46,0.0
6,23,47,0.0
6,23,48,0.0
6,23,49,0.0
6,23,50,0.0
6,23,51,0.0
6,23,52,0.0
6,23,53,0.0
6,23,54,0.0
6,23,55,0.0
6,23,56,0.0
6,23,57,0.0
6,23,58,0.0
6,23,59,0.0
6,23,60,0.0
6,23,61,0.0
6,23,62,0.0
6,23,63,0.0
6,23,64,0.0
6,23,65,0.0
6,23,66,0.0
6,23,67,0.0
6,23,68,0.0
6,23,69,0.0
6,23,70,0.0
6,23,71,0.0
6,23,72,0.0
6,23,73,0.0
6,23,74,0.0
6,23,75,0.0
6,23,76,0.0
6,23,77,0.0
6,23,78,0.0
6,23,79,0.0
6,23,80,0.0
6,23,81,0.0
6,23,82,0.0
6,23,83,0.0
6,23,84,0.0
6,23,85,0.0
6,23,86,0.0
6,23,87,0.0
6,23,88,0.0
6,23,89,0.0
6,23,90,0.0
6,23,91,0.0
6,23,92,0.0
6,23,93,0.0
6,23,94,0.0
6,23,95,0.0
6,23,96,0.0
6,23,97,0.0
6,23,98,0.0
6,23,99,0.0
7,0,0,0.0
7,0,1,0.0
7,0,2,0.0
7,0,3,0.0
7,0,4,0.0
7,0,5,0.0
7,0,6,0.0
7,0,7,0.0
7,0,8,0.0
7,0,9,0.0
7,0,10,0.0
7,0,11,0.0
7,0,12,0.0
7,0,13,0.0
7,0,14,0.0
7,0,15,0.0
7,0,16,0.0
7,0,17,0.0
7,0,18,0.0
7,0,19,0.0
7,0,20,0.0
7,0,21,0.0
7,0,22,0.0
7,0,23,0.0
7,0,24,0.0
7,0,25,0.0
7,0,26,0.0
7,0,27,0.0
7,0,28,0.0
7,0,29,0.0
7,0,30,0.0
7,0,31,0.0
7,0,32,0.0
7,0,33,0.0
7,0,34,0.0
7,0,35,0.0
7,0,36,0.0
7,0,37,0.0
7,0,38,0.0
7,0,39,0.0
7,0,40,0.0
7,0,41,0.0
7,0,42,0.0
7,0,43,0.0
7,0,44,0.0
7,0,45,0.0
7,0,46,0.0
7,0,47,0.0
7,0,48,0.0
7,0,49,0.0
7,0,50,0.0
7,0,51,0.0
7,0,52,0.0
7,0,53,0.0
7,0,54,0.0
7,0,55,0.0
7,0,56,0.0
7,0,57,0.0
7,0,58,0.0
7,0,59,0.0
7,0,60,0.0
7,0,61,0.0
7,0,62,0.0
7,0,63,0.0
7,0,64,0.0
7,0,65,0.0
7,0,66,0.0
7,0,67,0.0
7,0,68,0.0
7,0,69,0.0
7,0,70,0.0
7,0,71,0.0
7,0,72,0.0
7,0,73,0.0
7,0,74,0.0
7,0,75,0.0
7,0,76,0.0
7,0,77,0.0
7,0,78,0.0
7,0,79,0.0
7,0,80,0.0
7,0,81,0.0
7,0,82,0.0
7,0,83,0.0
7,0,84,0.0
7,0,85,0.0
7,0,86,0.0
7,0,87,0.0
7,0,88,0.0
7,0,89,0.0
7,0,90,0.0
7,0,91,0.0
7,0,92,0.0
7,0,93,0.0
7,0,94,0.0
7,0,95,0.0
7,0,96,0.0
7,0,97,0.0
7,0,98,0.0
7,0,99,0.0
7,1,0,0.0
7,1,1,0.0
7,1,2,0.0
7,1,3,0.0
7,1,4,0.0
7,1,5,0.0
7,1,6,0.0
7,1,7,0.0
7,1,8,0.0
7,1,9,0.0
7,1,10,0.0
7,1,11,0.0
7,1,12,0.0
7,1,13,0.0
7,1,14,0.0
7,1,15,0.0
7,1,16,0.0
7,1,17,0.0
7,1,18,0.0
7,1,19,0.0
7,1,20,0.0
7,1,21,0.0
7,1,22,0.0
7,1,23,0.0
7,1,24,0.0
7,1,25,0.0
7,1,26,0.0
7,1,27,0.0
7,1,28,0.0
7,1,29,0.0
7,1,30,0.0
7,1,31,0.0
7,1,32,0.0
7,1,33,0.0
7,1,34,0.0
7,1,35,0.0
7,1,36,0.0
7,1,37,0.0
7,1,38,0.0
7,1,39,0.0
7,1,40,0.0
7,1,41,0.0
7,1,42,0.0
7,1,43,0.0
7,1,44,0.0
7,1,45,0.0
7,1,46,0.0
7,1,47,0.0
7,1,48,0.0
7,1,49,0.0
7,1,50,0.0
7,1,51,0.0
7,1,52,0.0
7,1,53,0.0
7,1,54,0.0
7,1,55,0.0
7,1,56,0.0
7,1,57,0.0
7,1,58,0.0
7,1,59,0.0
7,1,60,0.0
7,1,61,0.0
7,1,62,0.0
7,1,63,0.0
7,1,64,0.0
7,1,65,0.0
7,1,66,0.0
7,1,67,0.0
7,1,68,0.0
7,1,69,0.0
7,1,70,0.0
7,1,71,0.0
7,1,72,0.0
7,1,73,0.0
7,1,74,0.0
7,1,75,0.0
7,1,76,0.0
7,1,77,0.0
7,1,78,0.0
7,1,79,0.0
7,1,80,0.0
7,1,81,0.0
7,1,82,0.0
7,1,83,0.0
7,1,84,0.0
7,1,85,0.0
7,1,86,0.0
7,1,87,0.0
7,1,88,0.0
7,1,89,0.0
7,1,90,0.0
7,1,91,0.0
7,1,92,0.0
7,1,93,0.0
7,1,94,0.0
7,1,95,0.0
7,1,96,0.0
7,1,97,0.0
7,1,98,0.0
7,1,99,0.0
7,2,0,0.0
7,2,1,0.0
7,2,2,0.0
7,2,3,0.0
7,2,4,0.0
7,2,5,0.0
7,2,6,0.0
7,2,7,0.0
7,2,8,0.0
7,2,9,0.0
7,2,10,0.0
7,2,11,0.0
7,2,12,0.0
7,2,13,0.0
7,2,14,0.0
7,2,15,0.0
7,2,16,0.0
7,2,17,0.0
7,2,18,0.0
7,2,19,0.0
7,2,20,0.0
7,2,21,0.0
7,2,22,0.0
7,2,23,0.0
7,2,24,0.0
7,2,25,0.0
7,2,26,0.0
7,2,27,0.0
7,2,28,0.0
7,2,29,0.0
7,2,30,0.0
7,2,31,0.0
7,2,32,0.0
7,2,33,0.0
7,2,34,0.0
7,2,35,0.0
7,2,36,0.0
7,2,37,0.0
7,2,38,0.0
7,2,39,0.0
7,2,40,0.0
7,2,41,0.0
7,2,42,0.0
7,2,43,0.0
7,2,44,0.0
7,2,45,0.0
7,2,46,0.0
7,2,47,0.0
7,2,48,0.0
7,2,49,0.0
7,2,50,0.0
7,2,51,0.0
7,2,52,0.0
7,2,53,0.0
7,2,54,0.0
7,2,55,0.0
7,2,56,0.0
7,2,57,0.0
7,2,58,0.0
7,2,59,0.0
7,2,60,0.0
7,2,61,0.0
7,2,62,0.0
7,2,63,0.0
7,2,64,0.0
7,2,65,0.0
7,2,66,0.0
7,2,67,0.0
7,2,68,0.0
7,2,69,0.0
7,2,70,0.0
7,2,71,0.0
7,2,72,0.0
7,2,73,0.0
7,2,74,0.0
7,2,75,0.0
7,2,76,0.0
7,2,77,0.0
7,2,78,0.0
7,2,79,0.0
7,2,80,0.0
7,2,81,0.0
7,2,82,0.0
7,2,83,0.0
7,2,84,0.0
7,2,85,0.0
7,2,86,0.0
7,2,87,0.0
7,2,88,0.0
7,2,89,0.0
7,2,90,0.0
7,2,91,0.0
7,2,92,0.0
7,2,93,0.0
7,2,94,0.0
7,2,95,0.0
7,2,96,0.0
7,2,97,0.0
7,2,98,0.0
7,2,99,0.0
7,3,0,0.0
7,3,1,0.0
7,3,2,0.0
7,3,3,0.0
7,3,4,0.0
7,3,5,0.0
7,3,6,0.0
7,3,7,0.0
7,3,8,0.0
7,3,9,0.0
7,3,10,0.0
7,3,11,0.0
7,3,12,0.0
7,3,13,0.0
7,3,14,0.0
7,3,15,0.0
7,3,16,0.0
7,3,17,0.0
7,3,18,0.0
7,3,19,0.0
7,3,20,0.0
7,3,21,0.0
7,3,22,0.0
7,3,23,0.0
7,3,24,0.0
7,3,25,0.0
7,3,26,0.0
7,3,27,0.0
7,3,28,0.0
7,3,29,0.0
7,3,30,0.0
7,3,31,0.0
7,3,32,0.0
7,3,33,0.0
7,3,34,0.0
7,3,35,0.0
7,3,36,0.0
7,3,37,0.0
7,3,38,0.0
7,3,39,0.0
7,3,40,0.0
7,3,41,0.0
7,3,42,0.0
7,3,43,0.0
7,3,44,0.0
7,3,45,0.0
7,3,46,0.0
7,3,47,0.0
7,3,48,0.0
7,3,49,0.0
7,3,50,0.0
7,3,51,0.0
7,3,52,0.0
7,3,53,0.0
7,3,54,0.0
7,3,55,0.0
7,3,56,0.0
7,3,57,0.0
7,3,58,0.0
7,3,59,0.0
7,3,60,0.0
7,3,61,0.0
7,3,62,0.0
7,3,63,0.0
7,3,64,0.0
7,3,65,0.0
7,3,66,0.0
7,3,67,0.0
7,3,68,0.0
7,3,69,0.0
7,3,70,0.0
7,3,71,0.0
7,3,72,0.0
7,3,73,0.0
7,3,74,0.0
7,3,75,0.0
7,3,76,0.0
7,3,77,0.0
7,3,78,0.0
7,3,79,0.0
7,3,80,0.0
7,3,81,0.0
7,3,82,0.0
7,3,83,0.0
7,3,84,0.0
7,3,85,0.0
7,3,86,0.0
7,3,87,0.0
7,3,88,0.0
7,3,89,0.0
7,3,90,0.0
7,3,91,0.0
7,3,92,0.0
7,3,93,0.0
7,3,94,0.0
7,3,95,0.0
7,3,96,0.0
7,3,97,0.0
7,3,98,0.0
7,3,99,0.0
7,4,0,0.0
7,4,1,0.0
7,4,2,0.0
7,4,3,0.0
7,4,4,0.0
7,4,5,0.0
7,4,6,0.0
7,4,7,0.0
7,4,8,0.0
7,4,9,0.0
7,4,10,0.0
7,4,11,0.0
7,4,12,0.0
7,4,13,0.0
7,4,14,0.0
7,4,15,0.0
7,4,16,0.0
7,4,17,0.0
7,4,18,0.0
7,4,19,0.0
7,4,20,0.0
7,4,21,0.0
7,4,22,0.0
7,4,23,0.0
7,4,24,0.0
7,4,25,0.0
7,4,26,0.0
7,4,27,0.0
7,4,28,0.0
7,4,29,0.0
7,4,30,0.0
7,4,31,0.0
7,4,32,0.0
7,4,33,0.0
7,4,34,0.0
7,4,35,0.0
7,4,36,0.0
7,4,37,0.0
7,4,38,0.0
7,4,39,0.0
7,4,40,0.0
7,4,41,0.0
7,4,42,0.0
7,4,43,0.0
7,4,44,0.0
7,4,45,0.0
7,4,46,0.0
7,4,47,0.0
7,4,48,0.0
7,4,49,0.0
7,4,50,0.0
7,4,51,0.0
7,4,52,0.0
7,4,53,0.0
7,4,54,0.0
7,4,55,0.0
7,4,56,0.0
7,4,57,0.0
7,4,58,0.0
7,4,59,0.0
7,4,60,0.0
7,4,61,0.0
7,4,62,0.0
7,4,63,0.0
7,4,64,0.0
7,4,65,0.0
7,4,66,0.0
7,4,67,0.0
7,4,68,0.0
7,4,69,0.0
7,4,70,0.0
7,4,71,0.0
7,4,72,0.0
7,4,73,0.0
7,4,74,0.0
7,4,75,0.0
7,4,76,0.0
7,4,77,0.0
7,4,78,0.0
7,4,79,0.0
7,4,80,0.0
7,4,81,0.0
7,4,82,0.0
7,4,83,0.0
7,4,84,0.0
7,4,85,0.0
7,4,86,0.0
7,4,87,0.0
7,4,88,0.0
7,4,89,0.0
7,4,90,0.0
7,4,91,0.0
7,4,92,0.0
7,4,93,0.0
7,4,94,0.0
7,4,95,0.0
7,4,96,0.0
7,4,97,0.0
7,4,98,0.0
7,4,99,0.0
7,5,0,0.0
7,5,1,0.0
7,5,2,0.0
7,5,3,0.0
7,5,4,0.0
7,5,5,0.0
7,5,6,0.0
7,5,7,0.0
7,5,8,0.0
7,5,9,0.0
7,5,10,0.0
7,5,11,0.0
7,5,12,0.0
7,5,13,0.0
7,5,14,0.0
7,5,15,0.0
7,5,16,0.0
7,5,17,0.0
7,5,18,0.0
7,5,19,0.0
7,5,20,0.0
7,5,21,0.0
7,5,22,0.0
7,5,23,0.0
7,5,24,0.0
7,5,25,0.0
7,5,26,0.0
7,5,27,0.0
7,5,28,0.0
7,5,29,0.0
7,5,30,0.0
7,5,31,0.0
7,5,32,0.0
7,5,33,0.0
7,5,34,0.0
7,5,35,0.0
7,5,36,0.0
7,5,37,0.0
7,5,38,0.0
7,5,39,0.0
7,5,40,0.0
7,5,41,0.0
7,5,42,0.0
7,5,43,0.0
7,5,44,0.0
7,5,45,0.0
7,5,46,0.0
7,5,47,0.0
7,5,48,0.0
7,5,49,0.0
7,5,50,0.0
7,5,51,0.0
7,5,52,0.0
7,5,53,0.0
7,5,54,0.0
7,5,55,0.0
7,5,56,0.0
7,5,57,0.0
7,5,58,0.0
7,5,59,0.0
7,5,60,0.0
7,5,61,0.0
7,5,62,0.0
7,5,63,0.0
7,5,64,0.0
7,5,65,0.0
7,5,66,0.0
7,5,67,0.0
7,5,68,0.0
7,5,69,0.0
7,5,70,0.0
7,5,71,0.0
7,5,72,0.0
7,5,73,0.0
7,5,74,0.0
7,5,75,0.0
7,5,76,0.0
7,5,77,0.0
7,5,78,0.0
7,5,79,0.0
7,5,80,0.0
7,5,81,0.0
7,5,82,0.0
7,5,83,0.0
7,5,84,0.0
7,5,85,0.0
7,5,86,0.0
7,5,87,0.0
7,5,88,0.0
7,5,89,0.0
7,5,90,0.0
7,5,91,0.0
7,5,92,0.0
7,5,93,0.0
7,5,94,0.0
7,5,95,0.0
7,5,96,0.0
7,5,97,0.0
7,5,98,0.0
7,5,99,0.0
7,6,0,0.0
7,6,1,0.0
7,6,2,0.0
7,6,3,0.0
7,6,4,0.0
7,6,5,0.0
7,6,6,0.0
7,6,7,0.0
7,6,8,0.0
7,6,9,0.0
7,6,10,0.0
7,6,11,0.0
7,6,12,0.0
7,6,13,0.0
7,6,14,0.0
7,6,15,0.0
7,6,16,0.0
7,6,17,0.0
7,6,18,0.0
7,6,19,0.0
7,6,20,0.0
7,6,21,0.0
7,6,22,0.0
7,6,23,0.0
7,6,24,0.0
7,6,25,0.0
7,6,26,0.0
7,6,27,0.0
7,6,28,0.0
7,6,29,0.0
7,6,30,0.0
7,6,31,0.0
7,6,32,0.0
7,6,33,0.0
7,6,34,0.0
7,6,35,0.0
7,6,36,0.0
7,6,37,0.0
7,6,38,0.0
7,6,39,0.0
7,6,40,0.0
7,6,41,0.0
7,6,42,0.0
7,6,43,0.0
7,6,44,0.0
7,6,45,0.0
7,6,46,0.0
7,6,47,0.0
7,6,48,0.0
7,6,49,0.0
7,6,50,0.0
7,6,51,0.0
7,6,52,0.0
7,6,53,0.0
7,6,54,0.0
7,6,55,0.0
7,6,56,0.0
7,6,57,0.0
7,6,58,0.0
7,6,59,0.0
7,6,60,0.0
7,6,61,0.0
7,6,62,0.0
7,6,63,0.0
7,6,64,0.0
7,6,65,0.0
7,6,66,0.0
7,6,67,0.0
7,6,68,0.0
7,6,69,0.0
7,6,70,0.0
7,6,71,0.0
7,6,72,0.0
7,6,73,0.0
7,6,74,0.0
7,6,75,0.0
7,6,76,0.0
7,6,77,0.0
7,6,78,0.0
7,6,79,0.0
7,6,80,0.0
7,6,81,0.0
7,6,82,0.0
7,6,83,0.0
7,6,84,0.0
7,6,85,0.0
7,6,86,0.0
7,6,87,0.0
7,6,88,0.0
7,6,89,0.0
7,6,90,0.0
7,6,91,0.0
7,6,92,0.0
7,6,93,0.0
7,6,94,0.0
7,6,95,0.0
7,6,96,0.0
7,6,97,0.0
7,6,98,0.0
7,6,99,0.0
7,7,0,0.0
7,7,1,0.0
7,7,2,0.0
7,7,3,0.0
7,7,4,0.0
7,7,5,0.0
7,7,6,0.0
7,7,7,0.0
7,7,8,0.0
7,7,9,0.0
7,7,10,0.0
7,7,11,0.0
7,7,12,0.0
7,7,13,0.0
7,7,14,0.0
7,7,15,0.0
7,7,16,0.0
7,7,17,0.0
7,7,18,0.0
7,7,19,0.0
7,7,20,0.0
7,7,21,0.0
7,7,22,0.0
7,7,23,0.0
7,7,24,0.0
7,7,25,0.0
7,7,26,0.0
7,7,27,0.0
7,7,28,0.0
7,7,29,0.0
7,7,30,0.0
7,7,31,0.0
7,7,32,0.0
7,7,33,0.0
7,7,34,0.0
7,7,35,0.0
7,7,36,0.0
7,7,37,0.0
7,7,38,0.0
7,7,39,0.0
7,7,40,0.0
7,7,41,0.0
7,7,42,0.0
7,7,43,0.0
7,7,44,0.0
7,7,45,0.0
7,7,46,0.0
7,7,47,0.0
7,7,48,0.0
7,7,49,0.0
7,7,50,0.0
7,7,51,0.0
7,7,52,0.0
7,7,53,0.0
7,7,54,0.0
7,7,55,0.0
7,7,56,0.0
7,7,57,0.0
7,7,58,0.0
7,7,59,0.0
7,7,60,0.0
7,7,61,0.0
7,7,62,0.0
7,7,63,0.0
7,7,64,0.0
7,7,65,0.0
7,7,66,0.0
7,7,67,0.0
7,7,68,0.0
7,7,69,0.0
7,7,70,0.0
7,7,71,0.0
7,7,72,0.0
7,7,73,0.0
7,7,74,0.0
7,7,75,0.0
7,7,76,0.0
7,7,77,0.0
7,7,78,0.0
7,7,79,0.0
7,7,80,0.0
7,7,81,0.0
7,7,82,0.0
7,7,83,0.0
7,7,84,0.0
7,7,85,0.0
7,7,86,0.0
7,7,87,0.0
7,7,88,0.0
7,7,89,0.0
7,7,90,0.0
7,7,91,0.0
7,7,92,0.0
7,7,93,0.0
7,7,94,0.0
7,7,95,0.0
7,7,96,0.0
7,7,97,0.0
7,7,98,0.0
7,7,99,0.0
7,8,0,4.0
7,8,1,0.0
7,8,2,4.0
7,8,3,0.0
7,8,4,0.0
7,8,5,0.0
7,8,6,0.0
7,8,7,0.0
7,8,8,1.0
7,8,9,2.0
7,8,10,0.0
7,8,11,0.0
7,8,12,0.0
7,8,13,0.0
7,8,14,0.0
7,8,15,0.0
7,8,16,0.0
7,8,17,0.0
7,8,18,1.0
7,8,19,0.0
7,8,20,4.0
7,8,21,0.0
7,8,22,4.0
7,8,23,0.0
7,8,24,2.0
7,8,25,0.0
7,8,26,0.0
7,8,27,0.0
7,8,28,0.0
7,8,29,0.0
7,8,30,0.0
7,8,31,0.0
7,8,32,1.0
7,8,33,0.0
7,8,34,5.0
7,8,35,0.0
7,8,36,4.0
7,8,37,0.0
7,8,38,0.0
7,8,39,0.0
7,8,40,0.0
7,8,41,0.0
7,8,42,0.0
7,8,43,0.0
7,8,44,0.0
7,8,45,0.0
7,8,46,0.0
7,8,47,0.0
7,8,48,0.0
7,8,49,0.0
7,8,50,1.0
7,8,51,0.0
7,8,52,0.0
7,8,53,0.0
7,8,54,0.0
7,8,55,0.0
7,8,56,0.0
7,8,57,0.0
7,8,58,0.0
7,8,59,0.0
7,8,60,3.0
7,8,61,4.0
7,8,62,0.0
7,8,63,1.0
7,8,64,0.0
7,8,65,1.0
7,8,66,2.0
7,8,67,0.0
7,8,68,0.0
7,8,69,0.0
7,8,70,3.0
7,8,71,0.0
7,8,72,4.0
7,8,73,0.0
7,8,74,0.0
7,8,75,0.0
7,8,76,0.0
7,8,77,0.0
7,8,78,0.0
7,8,79,0.0
7,8,80,0.0
7,8,81,0.0
7,8,82,0.0
7,8,83,4.0
7,8,84,0.0
7,8,85,2.0
7,8,86,0.0
7,8,87,6.0
7,8,88,0.0
7,8,89,0.0
7,8,90,5.0
7,8,91,0.0
7,8,92,0.0
7,8,93,0.0
7,8,94,0.0
7,8,95,0.0
7,8,96,0.0
7,8,97,0.0
7,8,98,2.0
7,8,99,0.0
7,9,0,10.0
7,9,1,0.0
7,9,2,0.0
7,9,3,0.0
7,9,4,30.0
7,9,5,0.0
7,9,6,0.0
7,9,7,0.0
7,9,8,0.0
7,9,9,0.0
7,9,10,0.0
7,9,11,0.0
7,9,12,0.0
7,9,13,0.0
7,9,14,0.0
7,9,15,0.0
7,9,16,0.0
7,9,17,0.0
7,9,18,18.0
7,9,19,36.0
7,9,20,27.0
7,9,21,0.0
7,9,22,0.0
7,9,23,0.0
7,9,24,0.0
7,9,25,20.0
7,9,26,0.0
7,9,27,0.0
7,9,28,0.0
7,9,29,0.0
7,9,30,0.0
7,9,31,0.0
7,9,32,0.0
7,9,33,0.0
7,9,34,0.0
7,9,35,0.0
7,9,36,0.0
7,9,37,0.0
7,9,38,0.0
7,9,39,0.0
7,9,40,0.0
7,9,41,0.0
7,9,42,0.0
7,9,43,0.0
7,9,44,0.0
7,9,45,25.0
7,9,46,39.0
7,9,47,0.0
7,9,48,0.0
7,9,49,0.0
7,9,50,0.0
7,9,51,26.0
7,9,52,0.0
7,9,53,0.0
7,9,54,16.0
7,9,55,0.0
7,9,56,11.0
7,9,57,0.0
7,9,58,0.0
7,9,59,0.0
7,9,60,7.0
7,9,61,0.0
7,9,62,0.0
7,9,63,0.0
7,9,64,0.0
7,9,65,0.0
7,9,66,27.0
7,9,67,0.0
7,9,68,0.0
7,9,69,35.0
7,9,70,0.0
7,9,71,32.0
7,9,72,18.0
7,9,73,0.0
7,9,74,0.0
7,9,75,20.0
7,9,76,0.0
7,9,77,0.0
7,9,78,0.0
7,9,79,0.0
7,9,80,0.0
7,9,81,0.0
7,9,82,0.0
7,9,83,0.0
7,9,84,0.0
7,9,85,0.0
7,9,86,10.0
7,9,87,0.0
7,9,88,0.0
7,9,89,0.0
7,9,90,9.0
7,9,91,0.0
7,9,92,0.0
7,9,93,0.0
7,9,94,0.0
7,9,95,0.0
7,9,96,0.0
7,9,97,0.0
7,9,98,0.0
7,9,99,0.0
7,10,0,2.0
7,10,1,16.0
7,10,2,43.0
7,10,3,0.0
7,10,4,0.0
7,10,5,0.0
7,10,6,35.0
7,10,7,0.0
7,10,8,113.0
7,10,9,0.0
7,10,10,57.0
7,10,11,68.0
7,10,12,43.0
7,10,13,40.0
7,10,14,4.0
7,10,15,0.0
7,10,16,42.0
7,10,17,57.0
7,10,18,0.0
7,10,19,34.0
7,10,20,0.0
7,10,21,69.0
7,10,22,40.0
7,10,23,0.0
7,10,24,103.0
7,10,25,2.0
7,10,26,0.0
7,10,27,3.0
7,10,28,136.0
7,10,29,0.0
7,10,30,4.0
7,10,31,8.0
7,10,32,124.0
7,10,33,92.0
7,10,34,0.0
7,10,35,0.0
7,10,36,0.0
7,10,37,0.0
7,10,38,0.0
7,10,39,65.0
7,10,40,135.0
7,10,41,0.0
7,10,42,116.0
7,10,43,133.0
7,10,44,0.0
7,10,45,70.0
7,10,46,0.0
7,10,47,0.0
7,10,48,48.0
7,10,49,0.0
7,10,50,59.0
7,10,51,43.0
7,10,52,126.0
7,10,53,0.0
7,10,54,8.0
7,10,55,25.0
7,10,56,22.0
7,10,57,0.0
7,10,58,113.0
7,10,59,39.0
7,10,60,0.0
7,10,61,0.0
7,10,62,28.0
7,10,63,0.0
7,10,64,0.0
7,10,65,0.0
7,10,66,0.0
7,10,67,0.0
7,10,68,40.0
7,10,69,0.0
7,10,70,0.0
7,10,71,14.0
7,10,72,19.0
7,10,73,0.0
7,10,74,0.0
7,10,75,23.0
7,10,76,0.0
7,10,77,41.0
7,10,78,0.0
7,10,79,20.0
7,10,80,21.0
7,10,81,0.0
7,10,82,69.0
7,10,83,0.0
7,10,84,0.0
7,10,85,7.0
7,10,86,0.0
7,10,87,0.0
7,10,88,0.0
7,10,89,0.0
7,10,90,0.0
7,10,91,41.0
7,10,92,14.0
7,10,93,0.0
7,10,94,0.0
7,10,95,0.0
7,10,96,0.0
7,10,97,40.0
7,10,98,0.0
7,10,99,139.0
7,11,0,100.0
7,11,1,297.0
7,11,2,211.0
7,11,3,22.0
7,11,4,65.0
7,11,5,87.0
7,11,6,74.0
7,11,7,33.0
7,11,8,61.0
7,11,9,90.0
7,11,10,2.0
7,11,11,0.0
7,11,12,77.0
7,11,13,210.0
7,11,14,0.0
7,11,15,163.0
7,11,16,0.0
7,11,17,36.0
7,11,18,0.0
7,11,19,0.0
7,11,20,156.0
7,11,21,0.0
7,11,22,0.0
7,11,23,93.0
7,11,24,116.0
7,11,25,7.0
7,11,26,12.0
7,11,27,120.0
7,11,28,2.0
7,11,29,234.0
7,11,30,194.0
7,11,31,297.0
7,11,32,71.0
7,11,33,0.0
7,11,34,99.0
7,11,35,22.0
7,11,36,74.0
7,11,37,2.0
7,11,38,178.0
7,11,39,25.0
7,11,40,146.0
7,11,41,76.0
7,11,42,107.0
7,11,43,56.0
7,11,44,236.0
7,11,45,207.0
7,11,46,72.0
7,11,47,117.0
7,11,48,7.0
7,11,49,240.0
7,11,50,131.0
7,11,51,36.0
7,11,52,84.0
7,11,53,249.0
7,11,54,96.0
7,11,55,71.0
7,11,56,63.0
7,11,57,0.0
7,11,58,34.0
7,11,59,60.0
7,11,60,134.0
7,11,61,134.0
7,11,62,121.0
7,11,63,285.0
7,11,64,226.0
7,11,65,42.0
7,11,66,9.0
7,11,67,245.0
7,11,68,0.0
7,11,69,192.0
7,11,70,123.0
7,11,71,132.0
7,11,72,107.0
7,11,73,98.0
7,11,74,219.0
7,11,75,190.0
7,11,76,68.0
7,11,77,211.0
7,11,78,156.0
7,11,79,173.0
7,11,80,174.0
7,11,81,191.0
7,11,82,44.0
7,11,83,298.0
7,11,84,113.0
7,11,85,164.0
7,11,86,0.0
7,11,87,199.0
7,11,88,191.0
7,11,89,207.0
7,11,90,0.0
7,11,91,0.0
7,11,92,66.0
7,11,93,178.0
7,11,94,229.0
7,11,95,30.0
7,11,96,193.0
7,11,97,1.0
7,11,98,177.0
7,11,99,4.0
7,12,0,45.0
7,12,1,28.0
7,12,2,167.0
7,12,3,188.0
7,12,4,264.0
7,12,5,424.0
7,12,6,0.0
7,12,7,278.0
7,12,8,468.0
7,12,9,236.0
7,12,10,97.0
7,12,11,293.0
7,12,12,266.0
7,12,13,72.0
7,12,14,311.0
7,12,15,362.0
7,12,16,336.0
7,12,17,387.0
7,12,18,251.0
7,12,19,54.0
7,12,20,65.0
7,12,21,338.0
7,12,22,205.0
7,12,23,53.0
7,12,24,397.0
7,12,25,224.0
7,12,26,215.0
7,12,27,289.0
7,12,28,375.0
7,12,29,72.0
7,12,30,360.0
7,12,31,143.0
7,12,32,272.0
7,12,33,374.0
7,12,34,383.0
7,12,35,107.0
7,12,36,308.0
7,12,37,138.0
7,12,38,248.0
7,12,39,277.0
7,12,40,205.0
7,12,41,0.0
7,12,42,216.0
7,12,43,223.0
7,12,44,192.0
7,12,45,118.0
7,12,46,219.0
7,12,47,259.0
7,12,48,264.0
7,12,49,246.0
7,12,50,186.0
7,12,51,214.0
7,12,52,112.0
7,12,53,259.0
7,12,54,83.0
7,12,55,210.0
7,12,56,145.0
7,12,57,421.0
7,12,58,268.0
7,12,59,339.0
7,12,60,117.0
7,12,61,66.0
7,12,62,333.0
7,12,63,134.0
7,12,64,193.0
7,12,65,197.0
7,12,66,311.0
7,12,67,117.0
7,12,68,235.0
7,12,69,209.0
7,12,70,80.0
7,12,71,362.0
7,12,72,363.0
7,12,73,175.0
7,12,74,174.0
7,12,75,219.0
7,12,76,380.0
7,12,77,329.0
7,12,78,382.0
7,12,79,274.0
7,12,80,173.0
7,12,81,0.0
7,12,82,150.0
7,12,83,258.0
7,12,84,420.0
7,12,85,317.0
7,12,86,54.0
7,12,87,465.0
7,12,88,97.0
7,12,89,79.0
7,12,90,138.0
7,12,91,189.0
7,12,92,482.0
7,12,93,39.0
7,12,94,0.0
7,12,95,259.0
7,12,96,96.0
7,12,97,238.0
7,12,98,211.0
7,12,99,170.0
7,13,0,490.0
7,13,1,490.0
7,13,2,270.0
7,13,3,221.0
7,13,4,159.0
7,13,5,243.0
7,13,6,308.0
7,13,7,567.0
7,13,8,186.0
7,13,9,162.0
7,13,10,540.0
7,13,11,519.0
7,13,12,222.0
7,13,13,403.0
7,13,14,307.0
7,13,15,127.0
7,13,16,271.0
7,13,17,526.0
7,13,18,437.0
7,13,19,354.0
7,13,20,222.0
7,13,21,154.0
7,13,22,56.0
7,13,23,365.0
7,13,24,104.0
7,13,25,147.0
7,13,26,421.0
7,13,27,559.0
7,13,28,280.0
7,13,29,564.0
7,13,30,317.0
7,13,31,430.0
7,13,32,467.0
7,13,33,551.0
7,13,34,439.0
7,13,35,238.0
7,13,36,293.0
7,13,37,364.0
7,13,38,217.0
7,13,39,264.0
7,13,40,253.0
7,13,41,234.0
7,13,42,112.0
7,13,43,176.0
7,13,44,286.0
7,13,45,153.0
7,13,46,300.0
7,13,47,461.0
7,13,48,403.0
7,13,49,531.0
7,13,50,262.0
7,13,51,153.0
7,13,52,263.0
7,13,53,98.0
7,13,54,386.0
7,13,55,413.0
7,13,56,227.0
7,13,57,74.0
7,13,58,211.0
7,13,59,217.0
7,13,60,432.0
7,13,61,274.0
7,13,62,407.0
7,13,63,366.0
7,13,64,363.0
7,13,65,334.0
7,13,66,0.0
7,13,67,356.0
7,13,68,544.0
7,13,69,487.0
7,13,70,200.0
7,13,71,86.0
7,13,72,325.0
7,13,73,256.0
7,13,74,277.0
7,13,75,327.0
7,13,76,436.0
7,13,77,216.0
7,13,78,369.0
7,13,79,207.0
7,13,80,501.0
7,13,81,399.0
7,13,82,453.0
7,13,83,281.0
7,13,84,188.0
7,13,85,458.0
7,13,86,238.0
7,13,87,316.0
7,13,88,322.0
7,13,89,246.0
7,13,90,287.0
7,13,91,459.0
7,13,92,232.0
7,13,93,426.0
7,13,94,567.0
7,13,95,244.0
7,13,96,267.0
7,13,97,275.0
7,13,98,237.0
7,13,99,514.0
7,14,0,0.0
7,14,1,0.0
7,14,2,0.0
7,14,3,0.0
7,14,4,0.0
7,14,5,0.0
7,14,6,0.0
7,14,7,0.0
7,14,8,0.0
7,14,9,0.0
7,14,10,0.0
7,14,11,0.0
7,14,12,0.0
7,14,13,0.0
7,14,14,0.0
7,14,15,0.0
7,14,16,0.0
7,14,17,28.0
7,14,18,0.0
7,14,19,618.0
7,14,20,0.0
7,14,21,5.0
7,14,22,0.0
7,14,23,0.0
7,14,24,0.0
7,14,25,0.0
7,14,26,0.0
7,14,27,0.0
7,14,28,16.0
7,14,29,0.0
7,14,30,0.0
7,14,31,0.0
7,14,32,31.0
7,14,33,0.0
7,14,34,0.0
7,14,35,0.0
7,14,36,0.0
7,14,37,0.0
7,14,38,0.0
7,14,39,305.0
7,14,40,0.0
7,14,41,0.0
7,14,42,0.0
7,14,43,0.0
7,14,44,0.0
7,14,45,0.0
7,14,46,0.0
7,14,47,0.0
7,14,48,0.0
7,14,49,171.0
7,14,50,368.0
7,14,51,0.0
7,14,52,393.0
7,14,53,0.0
7,14,54,0.0
7,14,55,0.0
7,14,56,0.0
7,14,57,0.0
7,14,58,0.0
7,14,59,0.0
7,14,60,0.0
7,14,61,0.0
7,14,62,0.0
7,14,63,0.0
7,14,64,0.0
7,14,65,0.0
7,14,66,0.0
7,14,67,0.0
7,14,68,43.0
7,14,69,55.0
7,14,70,0.0
7,14,71,521.0
7,14,72,0.0
7,14,73,0.0
7,14,74,0.0
7,14,75,0.0
7,14,76,422.0
7,14,77,0.0
7,14,78,0.0
7,14,79,391.0
7,14,80,0.0
7,14,81,46.0
7,14,82,238.0
7,14,83,0.0
7,14,84,443.0
7,14,85,0.0
7,14,86,0.0
7,14,87,0.0
7,14,88,0.0
7,14,89,0.0
7,14,90,263.0
7,14,91,1.0
7,14,92,0.0
7,14,93,0.0
7,14,94,42.0
7,14,95,0.0
7,14,96,9.0
7,14,97,281.0
7,14,98,0.0
7,14,99,0.0
7,15,0,389.0
7,15,1,537.0
7,15,2,473.0
7,15,3,411.0
7,15,4,297.0
7,15,5,466.0
7,15,6,432.0
7,15,7,233.0
7,15,8,470.0
7,15,9,200.0
7,15,10,599.0
7,15,11,564.0
7,15,12,580.0
7,15,13,629.0
7,15,14,293.0
7,15,15,559.0
7,15,16,305.0
7,15,17,612.0
7,15,18,495.0
7,15,19,68.0
7,15,20,677.0
7,15,21,542.0
7,15,22,355.0
7,15,23,541.0
7,15,24,464.0
7,15,25,334.0
7,15,26,256.0
7,15,27,258.0
7,15,28,490.0
7,15,29,198.0
7,15,30,483.0
7,15,31,234.0
7,15,32,630.0
7,15,33,509.0
7,15,34,321.0
7,15,35,279.0
7,15,36,284.0
7,15,37,434.0
7,15,38,517.0
7,15,39,478.0
7,15,40,565.0
7,15,41,93.0
7,15,42,587.0
7,15,43,380.0
7,15,44,462.0
7,15,45,610.0
7,15,46,296.0
7,15,47,444.0
7,15,48,171.0
7,15,49,310.0
7,15,50,205.0
7,15,51,645.0
7,15,52,177.0
7,15,53,366.0
7,15,54,611.0
7,15,55,212.0
7,15,56,311.0
7,15,57,562.0
7,15,58,569.0
7,15,59,557.0
7,15,60,429.0
7,15,61,677.0
7,15,62,335.0
7,15,63,237.0
7,15,64,440.0
7,15,65,328.0
7,15,66,624.0
7,15,67,612.0
7,15,68,582.0
7,15,69,494.0
7,15,70,408.0
7,15,71,575.0
7,15,72,227.0
7,15,73,652.0
7,15,74,265.0
7,15,75,374.0
7,15,76,607.0
7,15,77,352.0
7,15,78,515.0
7,15,79,673.0
7,15,80,377.0
7,15,81,202.0
7,15,82,67.0
7,15,83,571.0
7,15,84,652.0
7,15,85,518.0
7,15,86,310.0
7,15,87,115.0
7,15,88,215.0
7,15,89,546.0
7,15,90,216.0
7,15,91,542.0
7,15,92,310.0
7,15,93,518.0
7,15,94,189.0
7,15,95,600.0
7,15,96,331.0
7,15,97,563.0
7,15,98,272.0
7,15,99,475.0
7,16,0,0.0
7,16,1,0.0
7,16,2,98.0
7,16,3,409.0
7,16,4,0.0
7,16,5,0.0
7,16,6,0.0
7,16,7,0.0
7,16,8,0.0
7,16,9,184.0
7,16,10,0.0
7,16,11,0.0
7,16,12,0.0
7,16,13,0.0
7,16,14,121.0
7,16,15,126.0
7,16,16,0.0
7,16,17,268.0
7,16,18,0.0
7,16,19,31.0
7,16,20,19.0
7,16,21,0.0
7,16,22,35.0
7,16,23,81.0
7,16,24,0.0
7,16,25,107.0
7,16,26,0.0
7,16,27,82.0
7,16,28,0.0
7,16,29,0.0
7,16,30,210.0
7,16,31,0.0
7,16,32,0.0
7,16,33,0.0
7,16,34,44.0
7,16,35,0.0
7,16,36,0.0
7,16,37,0.0
7,16,38,243.0
7,16,39,13.0
7,16,40,85.0
7,16,41,0.0
7,16,42,20.0
7,16,43,225.0
7,16,44,327.0
7,16,45,59.0
7,16,46,222.0
7,16,47,397.0
7,16,48,146.0
7,16,49,181.0
7,16,50,435.0
7,16,51,0.0
7,16,52,4.0
7,16,53,122.0
7,16,54,0.0
7,16,55,0.0
7,16,56,0.0
7,16,57,0.0
7,16,58,42.0
7,16,59,289.0
7,16,60,82.0
7,16,61,63.0
7,16,62,0.0
7,16,63,98.0
7,16,64,0.0
7,16,65,0.0
7,16,66,178.0
7,16,67,0.0
7,16,68,145.0
7,16,69,325.0
7,16,70,0.0
7,16,71,0.0
7,16,72,15.0
7,16,73,281.0
7,16,74,0.0
7,16,75,0.0
7,16,76,294.0
7,16,77,0.0
7,16,78,0.0
7,16,79,0.0
7,16,80,0.0
7,16,81,71.0
7,16,82,81.0
7,16,83,0.0
7,16,84,153.0
7,16,85,0.0
7,16,86,0.0
7,16,87,0.0
7,16,88,0.0
7,16,89,105.0
7,16,90,0.0
7,16,91,172.0
7,16,92,0.0
7,16,93,41.0
7,16,94,379.0
7,16,95,0.0
7,16,96,206.0
7,16,97,300.0
7,16,98,0.0
7,16,99,47.0
7,17,0,292.0
7,17,1,196.0
7,17,2,160.0
7,17,3,143.0
7,17,4,463.0
7,17,5,415.0
7,17,6,575.0
7,17,7,526.0
7,17,8,382.0
7,17,9,478.0
7,17,10,535.0
7,17,11,462.0
7,17,12,269.0
7,17,13,279.0
7,17,14,285.0
7,17,15,264.0
7,17,16,375.0
7,17,17,327.0
7,17,18,417.0
7,17,19,411.0
7,17,20,421.0
7,17,21,365.0
7,17,22,217.0
7,17,23,167.0
7,17,24,123.0
7,17,25,203.0
7,17,26,222.0
7,17,27,577.0
7,17,28,293.0
7,17,29,369.0
7,17,30,280.0
7,17,31,399.0
7,17,32,565.0
7,17,33,306.0
7,17,34,239.0
7,17,35,144.0
7,17,36,497.0
7,17,37,383.0
7,17,38,201.0
7,17,39,491.0
7,17,40,11.0
7,17,41,257.0
7,17,42,320.0
7,17,43,414.0
7,17,44,349.0
7,17,45,567.0
7,17,46,569.0
7,17,47,436.0
7,17,48,0.0
7,17,49,183.0
7,17,50,235.0
7,17,51,0.0
7,17,52,430.0
7,17,53,496.0
7,17,54,444.0
7,17,55,202.0
7,17,56,467.0
7,17,57,275.0
7,17,58,467.0
7,17,59,572.0
7,17,60,71.0
7,17,61,234.0
7,17,62,325.0
7,17,63,392.0
7,17,64,149.0
7,17,65,516.0
7,17,66,211.0
7,17,67,325.0
7,17,68,225.0
7,17,69,143.0
7,17,70,199.0
7,17,71,534.0
7,17,72,212.0
7,17,73,95.0
7,17,74,336.0
7,17,75,214.0
7,17,76,243.0
7,17,77,420.0
7,17,78,540.0
7,17,79,486.0
7,17,80,458.0
7,17,81,412.0
7,17,82,207.0
7,17,83,446.0
7,17,84,178.0
7,17,85,161.0
7,17,86,215.0
7,17,87,212.0
7,17,88,497.0
7,17,89,419.0
7,17,90,260.0
7,17,91,296.0
7,17,92,288.0
7,17,93,366.0
7,17,94,94.0
7,17,95,367.0
7,17,96,413.0
7,17,97,533.0
7,17,98,263.0
7,17,99,247.0
7,18,0,0.0
7,18,1,165.0
7,18,2,143.0
7,18,3,282.0
7,18,4,226.0
7,18,5,100.0
7,18,6,150.0
7,18,7,122.0
7,18,8,392.0
7,18,9,118.0
7,18,10,99.0
7,18,11,71.0
7,18,12,89.0
7,18,13,243.0
7,18,14,247.0
7,18,15,140.0
7,18,16,329.0
7,18,17,183.0
7,18,18,223.0
7,18,19,0.0
7,18,20,68.0
7,18,21,288.0
7,18,22,239.0
7,18,23,178.0
7,18,24,283.0
7,18,25,409.0
7,18,26,251.0
7,18,27,143.0
7,18,28,336.0
7,18,29,184.0
7,18,30,308.0
7,18,31,68.0
7,18,32,210.0
7,18,33,284.0
7,18,34,269.0
7,18,35,92.0
7,18,36,184.0
7,18,37,312.0
7,18,38,340.0
7,18,39,56.0
7,18,40,403.0
7,18,41,39.0
7,18,42,109.0
7,18,43,288.0
7,18,44,138.0
7,18,45,71.0
7,18,46,271.0
7,18,47,280.0
7,18,48,188.0
7,18,49,100.0
7,18,50,247.0
7,18,51,240.0
7,18,52,159.0
7,18,53,218.0
7,18,54,0.0
7,18,55,238.0
7,18,56,310.0
7,18,57,223.0
7,18,58,161.0
7,18,59,94.0
7,18,60,148.0
7,18,61,252.0
7,18,62,254.0
7,18,63,90.0
7,18,64,396.0
7,18,65,323.0
7,18,66,46.0
7,18,67,161.0
7,18,68,310.0
7,18,69,419.0
7,18,70,129.0
7,18,71,266.0
7,18,72,263.0
7,18,73,392.0
7,18,74,314.0
7,18,75,251.0
7,18,76,446.0
7,18,77,110.0
7,18,78,213.0
7,18,79,340.0
7,18,80,347.0
7,18,81,112.0
7,18,82,382.0
7,18,83,217.0
7,18,84,314.0
7,18,85,121.0
7,18,86,257.0
7,18,87,312.0
7,18,88,114.0
7,18,89,328.0
7,18,90,44.0
7,18,91,418.0
7,18,92,138.0
7,18,93,150.0
7,18,94,209.0
7,18,95,0.0
7,18,96,72.0
7,18,97,140.0
7,18,98,85.0
7,18,99,330.0
7,19,0,0.0
7,19,1,0.0
7,19,2,0.0
7,19,3,0.0
7,19,4,27.0
7,19,5,0.0
7,19,6,0.0
7,19,7,0.0
7,19,8,0.0
7,19,9,94.0
7,19,10,0.0
7,19,11,0.0
7,19,12,0.0
7,19,13,0.0
7,19,14,0.0
7,19,15,26.0
7,19,16,0.0
7,19,17,0.0
7,19,18,0.0
7,19,19,0.0
7,19,20,141.0
7,19,21,0.0
7,19,22,0.0
7,19,23,0.0
7,19,24,0.0
7,19,25,0.0
7,19,26,0.0
7,19,27,0.0
7,19,28,34.0
7,19,29,0.0
7,19,30,0.0
7,19,31,28.0
7,19,32,0.0
7,19,33,0.0
7,19,34,0.0
7,19,35,271.0
7,19,36,0.0
7,19,37,0.0
7,19,38,0.0
7,19,39,70.0
7,19,40,24.0
7,19,41,31.0
7,19,42,250.0
7,19,43,0.0
7,19,44,0.0
7,19,45,0.0
7,19,46,32.0
7,19,47,0.0
7,19,48,246.0
7,19,49,0.0
7,19,50,165.0
7,19,51,0.0
7,19,52,0.0
7,19,53,0.0
7,19,54,67.0
7,19,55,0.0
7,19,56,0.0
7,19,57,13.0
7,19,58,179.0
7,19,59,0.0
7,19,60,0.0
7,19,61,0.0
7,19,62,127.0
7,19,63,0.0
7,19,64,0.0
7,19,65,0.0
7,19,66,0.0
7,19,67,0.0
7,19,68,0.0
7,19,69,0.0
7,19,70,0.0
7,19,71,0.0
7,19,72,0.0
7,19,73,26.0
7,19,74,122.0
7,19,75,0.0
7,19,76,8.0
7,19,77,0.0
7,19,78,0.0
7,19,79,0.0
7,19,80,0.0
7,19,81,0.0
7,19,82,149.0
7,19,83,24.0
7,19,84,0.0
7,19,85,0.0
7,19,86,114.0
7,19,87,0.0
7,19,88,0.0
7,19,89,0.0
7,19,90,84.0
7,19,91,0.0
7,19,92,0.0
7,19,93,47.0
7,19,94,0.0
7,19,95,0.0
7,19,96,69.0
7,19,97,121.0
7,19,98,29.0
7,19,99,0.0
7,20,0,0.0
7,20,1,0.0
7,20,2,0.0
7,20,3,0.0
7,20,4,0.0
7,20,5,0.0
7,20,6,0.0
7,20,7,0.0
7,20,8,102.0
7,20,9,0.0
7,20,10,80.0
7,20,11,0.0
7,20,12,27.0
7,20,13,0.0
7,20,14,111.0
7,20,15,0.0
7,20,16,0.0
7,20,17,0.0
7,20,18,3.0
7,20,19,93.0
7,20,20,0.0
7,20,21,0.0
7,20,22,0.0
7,20,23,0.0
7,20,24,0.0
7,20,25,0.0
7,20,26,106.0
7,20,27,0.0
7,20,28,0.0
7,20,29,0.0
7,20,30,0.0
7,20,31,0.0
7,20,32,0.0
7,20,33,9.0
7,20,34,0.0
7,20,35,5.0
7,20,36,0.0
7,20,37,102.0
7,20,38,13.0
7,20,39,0.0
7,20,40,4.0
7,20,41,0.0
7,20,42,0.0
7,20,43,0.0
7,20,44,0.0
7,20,45,24.0
7,20,46,0.0
7,20,47,0.0
7,20,48,0.0
7,20,49,32.0
7,20,50,0.0
7,20,51,0.0
7,20,52,98.0
7,20,53,0.0
7,20,54,0.0
7,20,55,0.0
7,20,56,0.0
7,20,57,0.0
7,20,58,0.0
7,20,59,0.0
7,20,60,0.0
7,20,61,0.0
7,20,62,0.0
7,20,63,0.0
7,20,64,0.0
7,20,65,0.0
7,20,66,128.0
7,20,67,0.0
7,20,68,0.0
7,20,69,0.0
7,20,70,0.0
7,20,71,0.0
7,20,72,0.0
7,20,73,0.0
7,20,74,0.0
7,20,75,0.0
7,20,76,0.0
7,20,77,86.0
7,20,78,0.0
7,20,79,19.0
7,20,80,28.0
7,20,81,0.0
7,20,82,0.0
7,20,83,0.0
7,20,84,87.0
7,20,85,0.0
7,20,86,0.0
7,20,87,0.0
7,20,88,0.0
7,20,89,0.0
7,20,90,0.0
7,20,91,0.0
7,20,92,0.0
7,20,93,0.0
7,20,94,0.0
7,20,95,55.0
7,20,96,0.0
7,20,97,0.0
7,20,98,0.0
7,20,99,0.0
7,21,0,37.0
7,21,1,91.0
7,21,2,36.0
7,21,3,0.0
7,21,4,3.0
7,21,5,10.0
7,21,6,0.0
7,21,7,4.0
7,21,8,0.0
7,21,9,5.0
7,21,10,0.0
7,21,11,38.0
7,21,12,0.0
7,21,13,101.0
7,21,14,0.0
7,21,15,0.0
7,21,16,0.0
7,21,17,0.0
7,21,18,0.0
7,21,19,0.0
7,21,20,0.0
7,21,21,0.0
7,21,22,1.0
7,21,23,12.0
7,21,24,0.0
7,21,25,0.0
7,21,26,0.0
7,21,27,0.0
7,21,28,0.0
7,21,29,96.0
7,21,30,0.0
7,21,31,0.0
7,21,32,74.0
7,21,33,0.0
7,21,34,0.0
7,21,35,0.0
7,21,36,101.0
7,21,37,0.0
7,21,38,0.0
7,21,39,0.0
7,21,40,0.0
7,21,41,0.0
7,21,42,0.0
7,21,43,100.0
7,21,44,0.0
7,21,45,0.0
7,21,46,0.0
7,21,47,66.0
7,21,48,0.0
7,21,49,0.0
7,21,50,0.0
7,21,51,0.0
7,21,52,0.0
7,21,53,112.0
7,21,54,0.0
7,21,55,0.0
7,21,56,0.0
7,21,57,0.0
7,21,58,0.0
7,21,59,112.0
7,21,60,0.0
7,21,61,103.0
7,21,62,2.0
7,21,63,11.0
7,21,64,0.0
7,21,65,0.0
7,21,66,0.0
7,21,67,0.0
7,21,68,0.0
7,21,69,0.0
7,21,70,0.0
7,21,71,0.0
7,21,72,97.0
7,21,73,0.0
7,21,74,0.0
7,21,75,71.0
7,21,76,0.0
7,21,77,0.0
7,21,78,0.0
7,21,79,0.0
7,21,80,2.0
7,21,81,17.0
7,21,82,0.0
7,21,83,0.0
7,21,84,0.0
7,21,85,4.0
7,21,86,0.0
7,21,87,0.0
7,21,88,0.0
7,21,89,0.0
7,21,90,111.0
7,21,91,1.0
7,21,92,0.0
7,21,93,0.0
7,21,94,0.0
7,21,95,0.0
7,21,96,0.0
7,21,97,8.0
7,21,98,2.0
7,21,99,0.0
7,22,0,0.0
7,22,1,0.0
7,22,2,0.0
7,22,3,0.0
7,22,4,0.0
7,22,5,0.0
7,22,6,0.0
7,22,7,0.0
7,22,8,0.0
7,22,9,0.0
7,22,10,0.0
7,22,11,0.0
7,22,12,0.0
7,22,13,0.0
7,22,14,0.0
7,22,15,0.0
7,22,16,0.0
7,22,17,0.0
7,22,18,0.0
7,22,19,0.0
7,22,20,0.0
7,22,21,0.0
7,22,22,0.0
7,22,23,0.0
7,22,24,0.0
7,22,25,0.0
7,22,26,10.0
7,22,27,100.0
7,22,28,0.0
7,22,29,0.0
7,22,30,13.0
7,22,31,0.0
7,22,32,0.0
7,22,33,0.0
7,22,34,10.0
7,22,35,0.0
7,22,36,0.0
7,22,37,0.0
7,22,38,0.0
7,22,39,0.0
7,22,40,0.0
7,22,41,0.0
7,22,42,0.0
7,22,43,0.0
7,22,44,9.0
7,22,45,2.0
7,22,46,0.0
7,22,47,0.0
7,22,48,0.0
7,22,49,0.0
7,22,50,6.0
7,22,51,8.0
7,22,52,0.0
7,22,53,0.0
7,22,54,12.0
7,22,55,0.0
7,22,56,0.0
7,22,57,100.0
7,22,58,0.0
7,22,59,0.0
7,22,60,0.0
7,22,61,0.0
7,22,62,0.0
7,22,63,0.0
7,22,64,0.0
7,22,65,100.0
7,22,66,0.0
7,22,67,17.0
7,22,68,0.0
7,22,69,0.0
7,22,70,6.0
7,22,71,17.0
7,22,72,0.0
7,22,73,0.0
7,22,74,3.0
7,22,75,0.0
7,22,76,0.0
7,22,77,0.0
7,22,78,0.0
7,22,79,0.0
7,22,80,0.0
7,22,81,0.0
7,22,82,0.0
7,22,83,0.0
7,22,84,0.0
7,22,85,0.0
7,22,86,0.0
7,22,87,0.0
7,22,88,0.0
7,22,89,0.0
7,22,90,0.0
7,22,91,0.0
7,22,92,0.0
7,22,93,18.0
7,22,94,83.0
7,22,95,0.0
7,22,96,0.0
7,22,97,0.0
7,22,98,0.0
7,22,99,100.0
7,23,0,0.0
7,23,1,0.0
7,23,2,0.0
7,23,3,0.0
7,23,4,0.0
7,23,5,0.0
7,23,6,9.0
7,23,7,0.0
7,23,8,0.0
7,23,9,0.0
7,23,10,0.0
7,23,11,0.0
7,23,12,0.0
7,23,13,0.0
7,23,14,0.0
7,23,15,0.0
7,23,16,0.0
7,23,17,0.0
7,23,18,0.0
7,23,19,0.0
7,23,20,0.0
7,23,21,0.0
7,23,22,0.0
7,23,23,0.0
7,23,24,0.0
7,23,25,0.0
7,23,26,0.0
7,23,27,0.0
7,23,28,0.0
7,23,29,0.0
7,23,30,0.0
7,23,31,7.0
7,23,32,0.0
7,23,33,0.0
7,23,34,0.0
7,23,35,7.0
7,23,36,0.0
7,23,37,1.0
7,23,38,0.0
7,23,39,0.0
7,23,40,0.0
7,23,41,0.0
7,23,42,0.0
7,23,43,0.0
7,23,44,0.0
7,23,45,0.0
7,23,46,0.0
7,23,47,0.0
7,23,48,0.0
7,23,49,0.0
7,23,50,0.0
7,23,51,0.0
7,23,52,0.0
7,23,53,0.0
7,23,54,0.0
7,23,55,0.0
7,23,56,0.0
7,23,57,0.0
7,23,58,0.0
7,23,59,0.0
7,23,60,0.0
7,23,61,0.0
7,23,62,0.0
7,23,63,0.0
7,23,64,0.0
7,23,65,0.0
7,23,66,0.0
7,23,67,0.0
7,23,68,0.0
7,23,69,0.0
7,23,70,0.0
7,23,71,0.0
7,23,72,0.0
7,23,73,0.0
7,23,74,0.0
7,23,75,0.0
7,23,76,0.0
7,23,77,0.0
7,23,78,0.0
7,23,79,0.0
7,23,80,0.0
7,23,81,0.0
7,23,82,0.0
7,23,83,0.0
7,23,84,0.0
7,23,85,0.0
7,23,86,0.0
7,23,87,0.0
7,23,88,0.0
7,23,89,0.0
7,23,90,0.0
7,23,91,0.0
7,23,92,0.0
7,23,93,0.0
7,23,94,0.0
7,23,95,0.0
7,23,96,8.0
7,23,97,0.0
7,23,98,0.0
7,23,99,0.0
8,0,0,0.0
8,0,1,0.0
8,0,2,0.0
8,0,3,0.0
8,0,4,0.0
8,0,5,0.0
8,0,6,0.0
8,0,7,0.0
8,0,8,0.0
8,0,9,0.0
8,0,10,0.0
8,0,11,0.0
8,0,12,0.0
8,0,13,0.0
8,0,14,0.0
8,0,15,0.0
8,0,16,0.0
8,0,17,0.0
8,0,18,0.0
8,0,19,0.0
8,0,20,0.0
8,0,21,0.0
8,0,22,0.0
8,0,23,0.0
8,0,24,0.0
8,0,25,0.0
8,0,26,0.0
8,0,27,0.0
8,0,28,0.0
8,0,29,0.0
8,0,30,0.0
8,0,31,0.0
8,0,32,0.0
8,0,33,0.0
8,0,34,0.0
8,0,35,0.0
8,0,36,0.0
8,0,37,0.0
8,0,38,0.0
8,0,39,0.0
8,0,40,0.0
8,0,41,0.0
8,0,42,0.0
8,0,43,0.0
8,0,44,0.0
8,0,45,0.0
8,0,46,0.0
8,0,47,0.0
8,0,48,0.0
8,0,49,0.0
8,0,50,0.0
8,0,51,0.0
8,0,52,0.0
8,0,53,0.0
8,0,54,0.0
8,0,55,0.0
8,0,56,0.0
8,0,57,0.0
8,0,58,0.0
8,0,59,0.0
8,0,60,0.0
8,0,61,0.0
8,0,62,0.0
8,0,63,0.0
8,0,64,0.0
8,0,65,0.0
8,0,66,0.0
8,0,67,0.0
8,0,68,0.0
8,0,69,0.0
8,0,70,0.0
8,0,71,0.0
8,0,72,0.0
8,0,73,0.0
8,0,74,0.0
8,0,75,0.0
8,0,76,0.0
8,0,77,0.0
8,0,78,0.0
8,0,79,0.0
8,0,80,0.0
8,0,81,0.0
8,0,82,0.0
8,0,83,0.0
8,0,84,0.0
8,0,85,0.0
8,0,86,0.0
8,0,87,0.0
8,0,88,0.0
8,0,89,0.0
8,0,90,0.0
8,0,91,0.0
8,0,92,0.0
8,0,93,0.0
8,0,94,0.0
8,0,95,0.0
8,0,96,0.0
8,0,97,0.0
8,0,98,0.0
8,0,99,0.0
8,1,0,0.0
8,1,1,0.0
8,1,2,0.0
8,1,3,0.0
8,1,4,0.0
8,1,5,0.0
8,1,6,0.0
8,1,7,0.0
8,1,8,0.0
8,1,9,0.0
8,1,10,0.0
8,1,11,0.0
8,1,12,0.0
8,1,13,0.0
8,1,14,0.0
8,1,15,0.0
8,1,16,0.0
8,1,17,0.0
8,1,18,0.0
8,1,19,0.0
8,1,20,0.0
8,1,21,0.0
8,1,22,0.0
8,1,23,0.0
8,1,24,0.0
8,1,25,0.0
8,1,26,0.0
8,1,27,0.0
8,1,28,0.0
8,1,29,0.0
8,1,30,0.0
8,1,31,0.0
8,1,32,0.0
8,1,33,0.0
8,1,34,0.0
8,1,35,0.0
8,1,36,0.0
8,1,37,0.0
8,1,38,0.0
8,1,39,0.0
8,1,40,0.0
8,1,41,0.0
8,1,42,0.0
8,1,43,0.0
8,1,44,0.0
8,1,45,0.0
8,1,46,0.0
8,1,47,0.0
8,1,48,0.0
8,1,49,0.0
8,1,50,0.0
8,1,51,0.0
8,1,52,0.0
8,1,53,0.0
8,1,54,0.0
8,1,55,0.0
8,1,56,0.0
8,1,57,0.0
8,1,58,0.0
8,1,59,0.0
8,1,60,0.0
8,1,61,0.0
8,1,62,0.0
8,1,63,0.0
8,1,64,0.0
8,1,65,0.0
8,1,66,0.0
8,1,67,0.0
8,1,68,0.0
8,1,69,0.0
8,1,70,0.0
8,1,71,0.0
8,1,72,0.0
8,1,73,0.0
8,1,74,0.0
8,1,75,0.0
8,1,76,0.0
8,1,77,0.0
8,1,78,0.0
8,1,79,0.0
8,1,80,0.0
8,1,81,0.0
8,1,82,0.0
8,1,83,0.0
8,1,84,0.0
8,1,85,0.0
8,1,86,0.0
8,1,87,0.0
8,1,88,0.0
8,1,89,0.0
8,1,90,0.0
8,1,91,0.0
8,1,92,0.0
8,1,93,0.0
8,1,94,0.0
8,1,95,0.0
8,1,96,0.0
8,1,97,0.0
8,1,98,0.0
8,1,99,0.0
8,2,0,0.0
8,2,1,0.0
8,2,2,0.0
8,2,3,0.0
8,2,4,0.0
8,2,5,0.0
8,2,6,0.0
8,2,7,0.0
8,2,8,0.0
8,2,9,0.0
8,2,10,0.0
8,2,11,0.0
8,2,12,0.0
8,2,13,0.0
8,2,14,0.0
8,2,15,0.0
8,2,16,0.0
8,2,17,0.0
8,2,18,0.0
8,2,19,0.0
8,2,20,0.0
8,2,21,0.0
8,2,22,0.0
8,2,23,0.0
8,2,24,0.0
8,2,25,0.0
8,2,26,0.0
8,2,27,0.0
8,2,28,0.0
8,2,29,0.0
8,2,30,0.0
8,2,31,0.0
8,2,32,0.0
8,2,33,0.0
8,2,34,0.0
8,2,35,0.0
8,2,36,0.0
8,2,37,0.0
8,2,38,0.0
8,2,39,0.0
8,2,40,0.0
8,2,41,0.0
8,2,42,0.0
8,2,43,0.0
8,2,44,0.0
8,2,45,0.0
8,2,46,0.0
8,2,47,0.0
8,2,48,0.0
8,2,49,0.0
8,2,50,0.0
8,2,51,0.0
8,2,52,0.0
8,2,53,0.0
8,2,54,0.0
8,2,55,0.0
8,2,56,0.0
8,2,57,0.0
8,2,58,0.0
8,2,59,0.0
8,2,60,0.0
8,2,61,0.0
8,2,62,0.0
8,2,63,0.0
8,2,64,0.0
8,2,65,0.0
8,2,66,0.0
8,2,67,0.0
8,2,68,0.0
8,2,69,0.0
8,2,70,0.0
8,2,71,0.0
8,2,72,0.0
8,2,73,0.0
8,2,74,0.0
8,2,75,0.0
8,2,76,0.0
8,2,77,0.0
8,2,78,0.0
8,2,79,0.0
8,2,80,0.0
8,2,81,0.0
8,2,82,0.0
8,2,83,0.0
8,2,84,0.0
8,2,85,0.0
8,2,86,0.0
8,2,87,0.0
8,2,88,0.0
8,2,89,0.0
8,2,90,0.0
8,2,91,0.0
8,2,92,0.0
8,2,93,0.0
8,2,94,0.0
8,2,95,0.0
8,2,96,0.0
8,2,97,0.0
8,2,98,0.0
8,2,99,0.0
8,3,0,0.0
8,3,1,0.0
8,3,2,0.0
8,3,3,0.0
8,3,4,0.0
8,3,5,0.0
8,3,6,0.0
8,3,7,0.0
8,3,8,0.0
8,3,9,0.0
8,3,10,0.0
8,3,11,0.0
8,3,12,0.0
8,3,13,0.0
8,3,14,0.0
8,3,15,0.0
8,3,16,0.0
8,3,17,0.0
8,3,18,0.0
8,3,19,0.0
8,3,20,0.0
8,3,21,0.0
8,3,22,0.0
8,3,23,0.0
8,3,24,0.0
8,3,25,0.0
8,3,26,0.0
8,3,27,0.0
8,3,28,0.0
8,3,29,0.0
8,3,30,0.0
8,3,31,0.0
8,3,32,0.0
8,3,33,0.0
8,3,34,0.0
8,3,35,0.0
8,3,36,0.0
8,3,37,0.0
8,3,38,0.0
8,3,39,0.0
8,3,40,0.0
8,3,41,0.0
8,3,42,0.0
8,3,43,0.0
8,3,44,0.0
8,3,45,0.0
8,3,46,0.0
8,3,47,0.0
8,3,48,0.0
8,3,49,0.0
8,3,50,0.0
8,3,51,0.0
8,3,52,0.0
8,3,53,0.0
8,3,54,0.0
8,3,55,0.0
8,3,56,0.0
8,3,57,0.0
8,3,58,0.0
8,3,59,0.0
8,3,60,0.0
8,3,61,0.0
8,3,62,0.0
8,3,63,0.0
8,3,64,0.0
8,3,65,0.0
8,3,66,0.0
8,3,67,0.0
8,3,68,0.0
8,3,69,0.0
8,3,70,0.0
8,3,71,0.0
8,3,72,0.0
8,3,73,0.0
8,3,74,0.0
8,3,75,0.0
8,3,76,0.0
8,3,77,0.0
8,3,78,0.0
8,3,79,0.0
8,3,80,0.0
8,3,81,0.0
8,3,82,0.0
8,3,83,0.0
8,3,84,0.0
8,3,85,0.0
8,3,86,0.0
8,3,87,0.0
8,3,88,0.0
8,3,89,0.0
8,3,90,0.0
8,3,91,0.0
8,3,92,0.0
8,3,93,0.0
8,3,94,0.0
8,3,95,0.0
8,3,96,0.0
8,3,97,0.0
8,3,98,0.0
8,3,99,0.0
8,4,0,0.0
8,4,1,0.0
8,4,2,0.0
8,4,3,0.0
8,4,4,0.0
8,4,5,0.0
8,4,6,0.0
8,4,7,0.0
8,4,8,0.0
8,4,9,0.0
8,4,10,0.0
8,4,11,0.0
8,4,12,0.0
8,4,13,0.0
8,4,14,0.0
8,4,15,0.0
8,4,16,0.0
8,4,17,0.0
8,4,18,0.0
8,4,19,0.0
8,4,20,0.0
8,4,21,0.0
8,4,22,0.0
8,4,23,0.0
8,4,24,0.0
8,4,25,0.0
8,4,26,0.0
8,4,27,0.0
8,4,28,0.0
8,4,29,0.0
8,4,30,0.0
8,4,31,0.0
8,4,32,0.0
8,4,33,0.0
8,4,34,0.0
8,4,35,0.0
8,4,36,0.0
8,4,37,0.0
8,4,38,0.0
8,4,39,0.0
8,4,40,0.0
8,4,41,0.0
8,4,42,0.0
8,4,43,0.0
8,4,44,0.0
8,4,45,0.0
8,4,46,0.0
8,4,47,0.0
8,4,48,0.0
8,4,49,0.0
8,4,50,0.0
8,4,51,0.0
8,4,52,0.0
8,4,53,0.0
8,4,54,0.0
8,4,55,0.0
8,4,56,0.0
8,4,57,0.0
8,4,58,0.0
8,4,59,0.0
8,4,60,0.0
8,4,61,0.0
8,4,62,0.0
8,4,63,0.0
8,4,64,0.0
8,4,65,0.0
8,4,66,0.0
8,4,67,0.0
8,4,68,0.0
8,4,69,0.0
8,4,70,0.0
8,4,71,0.0
8,4,72,0.0
8,4,73,0.0
8,4,74,0.0
8,4,75,0.0
8,4,76,0.0
8,4,77,0.0
8,4,78,0.0
8,4,79,0.0
8,4,80,0.0
8,4,81,0.0
8,4,82,0.0
8,4,83,0.0
8,4,84,0.0
8,4,85,0.0
8,4,86,0.0
8,4,87,0.0
8,4,88,0.0
8,4,89,0.0
8,4,90,0.0
8,4,91,0.0
8,4,92,0.0
8,4,93,0.0
8,4,94,0.0
8,4,95,0.0
8,4,96,0.0
8,4,97,0.0
8,4,98,0.0
8,4,99,0.0
8,5,0,0.0
8,5,1,0.0
8,5,2,0.0
8,5,3,0.0
8,5,4,0.0
8,5,5,0.0
8,5,6,0.0
8,5,7,0.0
8,5,8,0.0
8,5,9,0.0
8,5,10,0.0
8,5,11,0.0
8,5,12,0.0
8,5,13,1.0
8,5,14,0.0
8,5,15,0.0
8,5,16,0.0
8,5,17,0.0
8,5,18,0.0
8,5,19,0.0
8,5,20,0.0
8,5,21,0.0
8,5,22,0.0
8,5,23,0.0
8,5,24,0.0
8,5,25,1.0
8,5,26,0.0
8,5,27,0.0
8,5,28,1.0
8,5,29,0.0
8,5,30,0.0
8,5,31,0.0
8,5,32,0.0
8,5,33,0.0
8,5,34,0.0
8,5,35,0.0
8,5,36,0.0
8,5,37,0.0
8,5,38,0.0
8,5,39,0.0
8,5,40,0.0
8,5,41,0.0
8,5,42,0.0
8,5,43,0.0
8,5,44,0.0
8,5,45,0.0
8,5,46,0.0
8,5,47,0.0
8,5,48,0.0
8,5,49,0.0
8,5,50,0.0
8,5,51,0.0
8,5,52,0.0
8,5,53,0.0
8,5,54,0.0
8,5,55,0.0
8,5,56,0.0
8,5,57,0.0
8,5,58,0.0
8,5,59,0.0
8,5,60,1.0
8,5,61,0.0
8,5,62,0.0
8,5,63,0.0
8,5,64,0.0
8,5,65,0.0
8,5,66,0.0
8,5,67,0.0
8,5,68,0.0
8,5,69,0.0
8,5,70,0.0
8,5,71,0.0
8,5,72,0.0
8,5,73,0.0
8,5,74,0.0
8,5,75,0.0
8,5,76,1.0
8,5,77,0.0
8,5,78,0.0
8,5,79,0.0
8,5,80,0.0
8,5,81,1.0
8,5,82,1.0
8,5,83,0.0
8,5,84,0.0
8,5,85,0.0
8,5,86,0.0
8,5,87,0.0
8,5,88,0.0
8,5,89,0.0
8,5,90,0.0
8,5,91,0.0
8,5,92,0.0
8,5,93,0.0
8,5,94,0.0
8,5,95,0.0
8,5,96,0.0
8,5,97,0.0
8,5,98,0.0
8,5,99,0.0
8,6,0,0.0
8,6,1,0.0
8,6,2,0.0
8,6,3,0.0
8,6,4,0.0
8,6,5,0.0
8,6,6,0.0
8,6,7,0.0
8,6,8,0.0
8,6,9,0.0
8,6,10,0.0
8,6,11,0.0
8,6,12,0.0
8,6,13,3.0
8,6,14,0.0
8,6,15,0.0
8,6,16,0.0
8,6,17,0.0
8,6,18,0.0
8,6,19,0.0
8,6,20,0.0
8,6,21,0.0
8,6,22,0.0
8,6,23,0.0
8,6,24,0.0
8,6,25,0.0
8,6,26,0.0
8,6,27,0.0
8,6,28,0.0
8,6,29,0.0
8,6,30,0.0
8,6,31,0.0
8,6,32,0.0
8,6,33,0.0
8,6,34,0.0
8,6,35,0.0
8,6,36,0.0
8,6,37,0.0
8,6,38,0.0
8,6,39,0.0
8,6,40,0.0
8,6,41,0.0
8,6,42,0.0
8,6,43,0.0
8,6,44,0.0
8,6,45,0.0
8,6,46,0.0
8,6,47,0.0
8,6,48,0.0
8,6,49,0.0
8,6,50,0.0
8,6,51,0.0
8,6,52,0.0
8,6,53,0.0
8,6,54,0.0
8,6,55,0.0
8,6,56,0.0
8,6,57,0.0
8,6,58,0.0
8,6,59,0.0
8,6,60,0.0
8,6,61,0.0
8,6,62,0.0
8,6,63,0.0
8,6,64,0.0
8,6,65,0.0
8,6,66,0.0
8,6,67,0.0
8,6,68,0.0
8,6,69,0.0
8,6,70,0.0
8,6,71,0.0
8,6,72,0.0
8,6,73,0.0
8,6,74,0.0
8,6,75,0.0
8,6,76,0.0
8,6,77,0.0
8,6,78,0.0
8,6,79,0.0
8,6,80,0.0
8,6,81,2.0
8,6,82,0.0
8,6,83,0.0
8,6,84,0.0
8,6,85,0.0
8,6,86,0.0
8,6,87,0.0
8,6,88,0.0
8,6,89,0.0
8,6,90,0.0
8,6,91,0.0
8,6,92,0.0
8,6,93,0.0
8,6,94,0.0
8,6,95,0.0
8,6,96,0.0
8,6,97,0.0
8,6,98,0.0
8,6,99,0.0
8,7,0,0.0
8,7,1,36.0
8,7,2,0.0
8,7,3,15.0
8,7,4,0.0
8,7,5,0.0
8,7,6,0.0
8,7,7,0.0
8,7,8,0.0
8,7,9,0.0
8,7,10,23.0
8,7,11,1.0
8,7,12,0.0
8,7,13,0.0
8,7,14,0.0
8,7,15,39.0
8,7,16,25.0
8,7,17,0.0
8,7,18,0.0
8,7,19,0.0
8,7,20,0.0
8,7,21,0.0
8,7,22,0.0
8,7,23,0.0
8,7,24,0.0
8,7,25,0.0
8,7,26,0.0
8,7,27,0.0
8,7,28,0.0
8,7,29,0.0
8,7,30,41.0
8,7,31,0.0
8,7,32,0.0
8,7,33,0.0
8,7,34,0.0
8,7,35,31.0
8,7,36,15.0
8,7,37,0.0
8,7,38,0.0
8,7,39,0.0
8,7,40,0.0
8,7,41,0.0
8,7,42,0.0
8,7,43,0.0
8,7,44,0.0
8,7,45,0.0
8,7,46,0.0
8,7,47,0.0
8,7,48,0.0
8,7,49,18.0
8,7,50,0.0
8,7,51,0.0
8,7,52,32.0
8,7,53,0.0
8,7,54,0.0
8,7,55,0.0
8,7,56,0.0
8,7,57,0.0
8,7,58,0.0
8,7,59,0.0
8,7,60,38.0
8,7,61,0.0
8,7,62,0.0
8,7,63,0.0
8,7,64,0.0
8,7,65,0.0
8,7,66,0.0
8,7,67,0.0
8,7,68,20.0
8,7,69,0.0
8,7,70,0.0
8,7,71,0.0
8,7,72,0.0
8,7,73,0.0
8,7,74,0.0
8,7,75,0.0
8,7,76,0.0
8,7,77,0.0
8,7,78,0.0
8,7,79,33.0
8,7,80,0.0
8,7,81,0.0
8,7,82,0.0
8,7,83,0.0
8,7,84,0.0
8,7,85,0.0
8,7,86,0.0
8,7,87,0.0
8,7,88,0.0
8,7,89,22.0
8,7,90,0.0
8,7,91,0.0
8,7,92,0.0
8,7,93,0.0
8,7,94,0.0
8,7,95,0.0
8,7,96,23.0
8,7,97,11.0
8,7,98,0.0
8,7,99,0.0
8,8,0,86.0
8,8,1,0.0
8,8,2,91.0
8,8,3,54.0
8,8,4,0.0
8,8,5,44.0
8,8,6,0.0
8,8,7,0.0
8,8,8,54.0
8,8,9,68.0
8,8,10,5.0
8,8,11,0.0
8,8,12,0.0
8,8,13,0.0
8,8,14,0.0
8,8,15,0.0
8,8,16,0.0
8,8,17,0.0
8,8,18,66.0
8,8,19,0.0
8,8,20,75.0
8,8,21,0.0
8,8,22,97.0
8,8,23,38.0
8,8,24,29.0
8,8,25,0.0
8,8,26,0.0
8,8,27,0.0
8,8,28,37.0
8,8,29,11.0
8,8,30,0.0
8,8,31,0.0
8,8,32,55.0
8,8,33,0.0
8,8,34,52.0
8,8,35,0.0
8,8,36,11.0
8,8,37,0.0
8,8,38,39.0
8,8,39,0.0
8,8,40,0.0
8,8,41,0.0
8,8,42,0.0
8,8,43,0.0
8,8,44,0.0
8,8,45,0.0
8,8,46,0.0
8,8,47,0.0
8,8,48,0.0
8,8,49,0.0
8,8,50,23.0
8,8,51,0.0
8,8,52,19.0
8,8,53,32.0
8,8,54,0.0
8,8,55,0.0
8,8,56,0.0
8,8,57,62.0
8,8,58,0.0
8,8,59,60.0
8,8,60,28.0
8,8,61,54.0
8,8,62,0.0
8,8,63,77.0
8,8,64,0.0
8,8,65,63.0
8,8,66,62.0
8,8,67,0.0
8,8,68,0.0
8,8,69,0.0
8,8,70,96.0
8,8,71,0.0
8,8,72,57.0
8,8,73,0.0
8,8,74,0.0
8,8,75,0.0
8,8,76,61.0
8,8,77,36.0
8,8,78,36.0
8,8,79,0.0
8,8,80,0.0
8,8,81,9.0
8,8,82,0.0
8,8,83,57.0
8,8,84,35.0
8,8,85,84.0
8,8,86,0.0
8,8,87,76.0
8,8,88,9.0
8,8,89,0.0
8,8,90,80.0
8,8,91,0.0
8,8,92,0.0
8,8,93,0.0
8,8,94,50.0
8,8,95,0.0
8,8,96,62.0
8,8,97,0.0
8,8,98,52.0
8,8,99,0.0
8,9,0,0.0
8,9,1,5.0
8,9,2,0.0
8,9,3,0.0
8,9,4,146.0
8,9,5,0.0
8,9,6,0.0
8,9,7,0.0
8,9,8,0.0
8,9,9,0.0
8,9,10,0.0
8,9,11,0.0
8,9,12,25.0
8,9,13,8.0
8,9,14,0.0
8,9,15,10.0
8,9,16,0.0
8,9,17,0.0
8,9,18,6.0
8,9,19,53.0
8,9,20,71.0
8,9,21,0.0
8,9,22,0.0
8,9,23,0.0
8,9,24,0.0
8,9,25,20.0
8,9,26,100.0
8,9,27,0.0
8,9,28,0.0
8,9,29,107.0
8,9,30,0.0
8,9,31,56.0
8,9,32,0.0
8,9,33,13.0
8,9,34,0.0
8,9,35,64.0
8,9,36,0.0
8,9,37,199.0
8,9,38,0.0
8,9,39,0.0
8,9,40,0.0
8,9,41,0.0
8,9,42,0.0
8,9,43,0.0
8,9,44,0.0
8,9,45,124.0
8,9,46,122.0
8,9,47,119.0
8,9,48,0.0
8,9,49,17.0
8,9,50,0.0
8,9,51,123.0
8,9,52,0.0
8,9,53,0.0
8,9,54,139.0
8,9,55,0.0
8,9,56,27.0
8,9,57,0.0
8,9,58,0.0
8,9,59,0.0
8,9,60,18.0
8,9,61,0.0
8,9,62,0.0
8,9,63,0.0
8,9,64,70.0
8,9,65,0.0
8,9,66,14.0
8,9,67,0.0
8,9,68,0.0
8,9,69,62.0
8,9,70,38.0
8,9,71,30.0
8,9,72,23.0
8,9,73,0.0
8,9,74,0.0
8,9,75,88.0
8,9,76,0.0
8,9,77,0.0
8,9,78,0.0
8,9,79,0.0
8,9,80,53.0
8,9,81,0.0
8,9,82,49.0
8,9,83,0.0
8,9,84,0.0
8,9,85,0.0
8,9,86,102.0
8,9,87,0.0
8,9,88,0.0
8,9,89,0.0
8,9,90,65.0
8,9,91,0.0
8,9,92,0.0
8,9,93,38.0
8,9,94,0.0
8,9,95,0.0
8,9,96,0.0
8,9,97,10.0
8,9,98,0.0
8,9,99,0.0
8,10,0,0.0
8,10,1,44.0
8,10,2,92.0
8,10,3,149.0
8,10,4,0.0
8,10,5,156.0
8,10,6,226.0
8,10,7,79.0
8,10,8,93.0
8,10,9,0.0
8,10,10,176.0
8,10,11,254.0
8,10,12,202.0
8,10,13,4.0
8,10,14,130.0
8,10,15,57.0
8,10,16,77.0
8,10,17,78.0
8,10,18,153.0
8,10,19,23.0
8,10,20,0.0
8,10,21,163.0
8,10,22,124.0
8,10,23,0.0
8,10,24,0.0
8,10,25,0.0
8,10,26,0.0
8,10,27,109.0
8,10,28,212.0
8,10,29,0.0
8,10,30,64.0
8,10,31,15.0
8,10,32,135.0
8,10,33,135.0
8,10,34,0.0
8,10,35,0.0
8,10,36,0.0
8,10,37,7.0
8,10,38,145.0
8,10,39,142.0
8,10,40,142.0
8,10,41,0.0
8,10,42,115.0
8,10,43,119.0
8,10,44,0.0
8,10,45,68.0
8,10,46,0.0
8,10,47,55.0
8,10,48,231.0
8,10,49,0.0
8,10,50,67.0
8,10,51,0.0
8,10,52,224.0
8,10,53,0.0
8,10,54,37.0
8,10,55,112.0
8,10,56,0.0
8,10,57,0.0
8,10,58,187.0
8,10,59,179.0
8,10,60,47.0
8,10,61,0.0
8,10,62,36.0
8,10,63,14.0
8,10,64,0.0
8,10,65,0.0
8,10,66,0.0
8,10,67,0.0
8,10,68,101.0
8,10,69,40.0
8,10,70,0.0
8,10,71,0.0
8,10,72,0.0
8,10,73,137.0
8,10,74,0.0
8,10,75,0.0
8,10,76,134.0
8,10,77,27.0
8,10,78,0.0
8,10,79,38.0
8,10,80,0.0
8,10,81,68.0
8,10,82,258.0
8,10,83,0.0
8,10,84,0.0
8,10,85,25.0
8,10,86,0.0
8,10,87,0.0
8,10,88,28.0
8,10,89,60.0
8,10,90,18.0
8,10,91,0.0
8,10,92,57.0
8,10,93,0.0
8,10,94,79.0
8,10,95,97.0
8,10,96,0.0
8,10,97,159.0
8,10,98,47.0
8,10,99,171.0
8,11,0,131.0
8,11,1,181.0
8,11,2,90.0
8,11,3,102.0
8,11,4,144.0
8,11,5,125.0
8,11,6,43.0
8,11,7,44.0
8,11,8,0.0
8,11,9,41.0
8,11,10,0.0
8,11,11,0.0
8,11,12,18.0
8,11,13,195.0
8,11,14,0.0
8,11,15,243.0
8,11,16,0.0
8,11,17,0.0
8,11,18,28.0
8,11,19,0.0
8,11,20,46.0
8,11,21,29.0
8,11,22,0.0
8,11,23,133.0
8,11,24,0.0
8,11,25,0.0
8,11,26,95.0
8,11,27,111.0
8,11,28,38.0
8,11,29,210.0
8,11,30,109.0
8,11,31,110.0
8,11,32,0.0
8,11,33,20.0
8,11,34,39.0
8,11,35,60.0
8,11,36,102.0
8,11,37,91.0
8,11,38,24.0
8,11,39,0.0
8,11,40,120.0
8,11,41,100.0
8,11,42,5.0
8,11,43,41.0
8,11,44,164.0
8,11,45,81.0
8,11,46,0.0
8,11,47,41.0
8,11,48,4.0
8,11,49,195.0
8,11,50,39.0
8,11,51,0.0
8,11,52,0.0
8,11,53,138.0
8,11,54,111.0
8,11,55,121.0
8,11,56,59.0
8,11,57,0.0
8,11,58,0.0
8,11,59,34.0
8,11,60,122.0
8,11,61,106.0
8,11,62,49.0
8,11,63,190.0
8,11,64,226.0
8,11,65,51.0
8,11,66,25.0
8,11,67,216.0
8,11,68,0.0
8,11,69,118.0
8,11,70,116.0
8,11,71,24.0
8,11,72,144.0
8,11,73,109.0
8,11,74,145.0
8,11,75,68.0
8,11,76,102.0
8,11,77,50.0
8,11,78,128.0
8,11,79,212.0
8,11,80,83.0
8,11,81,167.0
8,11,82,30.0
8,11,83,166.0
8,11,84,133.0
8,11,85,48.0
8,11,86,0.0
8,11,87,79.0
8,11,88,51.0
8,11,89,154.0
8,11,90,8.0
8,11,91,38.0
8,11,92,96.0
8,11,93,249.0
8,11,94,174.0
8,11,95,38.0
8,11,96,244.0
8,11,97,0.0
8,11,98,130.0
8,11,99,0.0
8,12,0,104.0
8,12,1,36.0
8,12,2,105.0
8,12,3,152.0
8,12,4,194.0
8,12,5,279.0
8,12,6,32.0
8,12,7,42.0
8,12,8,174.0
8,12,9,80.0
8,12,10,65.0
8,12,11,163.0
8,12,12,176.0
8,12,13,70.0
8,12,14,217.0
8,12,15,142.0
8,12,16,122.0
8,12,17,104.0
8,12,18,28.0
8,12,19,153.0
8,12,20,85.0
8,12,21,26.0
8,12,22,232.0
8,12,23,52.0
8,12,24,188.0
8,12,25,259.0
8,12,26,140.0
8,12,27,170.0
8,12,28,144.0
8,12,29,76.0
8,12,30,70.0
8,12,31,0.0
8,12,32,184.0
8,12,33,143.0
8,12,34,77.0
8,12,35,80.0
8,12,36,125.0
8,12,37,74.0
8,12,38,87.0
8,12,39,263.0
8,12,40,11.0
8,12,41,0.0
8,12,42,271.0
8,12,43,253.0
8,12,44,0.0
8,12,45,0.0
8,12,46,84.0
8,12,47,236.0
8,12,48,86.0
8,12,49,88.0
8,12,50,64.0
8,12,51,85.0
8,12,52,35.0
8,12,53,144.0
8,12,54,125.0
8,12,55,266.0
8,12,56,127.0
8,12,57,196.0
8,12,58,94.0
8,12,59,69.0
8,12,60,173.0
8,12,61,187.0
8,12,62,90.0
8,12,63,71.0
8,12,64,67.0
8,12,65,136.0
8,12,66,197.0
8,12,67,1.0
8,12,68,87.0
8,12,69,52.0
8,12,70,41.0
8,12,71,130.0
8,12,72,278.0
8,12,73,163.0
8,12,74,0.0
8,12,75,140.0
8,12,76,61.0
8,12,77,171.0
8,12,78,183.0
8,12,79,85.0
8,12,80,138.0
8,12,81,0.0
8,12,82,127.0
8,12,83,0.0
8,12,84,153.0
8,12,85,136.0
8,12,86,63.0
8,12,87,150.0
8,12,88,154.0
8,12,89,124.0
8,12,90,72.0
8,12,91,190.0
8,12,92,234.0
8,12,93,88.0
8,12,94,0.0
8,12,95,64.0
8,12,96,71.0
8,12,97,60.0
8,12,98,4.0
8,12,99,89.0
8,13,0,148.0
8,13,1,122.0
8,13,2,186.0
8,13,3,0.0
8,13,4,33.0
8,13,5,0.0
8,13,6,218.0
8,13,7,62.0
8,13,8,5.0
8,13,9,195.0
8,13,10,103.0
8,13,11,261.0
8,13,12,99.0
8,13,13,112.0
8,13,14,18.0
8,13,15,0.0
8,13,16,178.0
8,13,17,217.0
8,13,18,178.0
8,13,19,247.0
8,13,20,112.0
8,13,21,88.0
8,13,22,22.0
8,13,23,154.0
8,13,24,130.0
8,13,25,49.0
8,13,26,179.0
8,13,27,174.0
8,13,28,234.0
8,13,29,142.0
8,13,30,103.0
8,13,31,160.0
8,13,32,164.0
8,13,33,273.0
8,13,34,260.0
8,13,35,204.0
8,13,36,7.0
8,13,37,226.0
8,13,38,140.0
8,13,39,34.0
8,13,40,214.0
8,13,41,147.0
8,13,42,66.0
8,13,43,73.0
8,13,44,179.0
8,13,45,268.0
8,13,46,148.0
8,13,47,174.0
8,13,48,188.0
8,13,49,132.0
8,13,50,132.0
8,13,51,242.0
8,13,52,241.0
8,13,53,13.0
8,13,54,254.0
8,13,55,168.0
8,13,56,49.0
8,13,57,66.0
8,13,58,142.0
8,13,59,105.0
8,13,60,257.0
8,13,61,137.0
8,13,62,180.0
8,13,63,200.0
8,13,64,132.0
8,13,65,100.0
8,13,66,40.0
8,13,67,188.0
8,13,68,195.0
8,13,69,224.0
8,13,70,181.0
8,13,71,0.0
8,13,72,45.0
8,13,73,80.0
8,13,74,184.0
8,13,75,177.0
8,13,76,127.0
8,13,77,141.0
8,13,78,139.0
8,13,79,70.0
8,13,80,240.0
8,13,81,225.0
8,13,82,98.0
8,13,83,169.0
8,13,84,98.0
8,13,85,205.0
8,13,86,104.0
8,13,87,0.0
8,13,88,136.0
8,13,89,175.0
8,13,90,81.0
8,13,91,92.0
8,13,92,7.0
8,13,93,258.0
8,13,94,129.0
8,13,95,100.0
8,13,96,234.0
8,13,97,183.0
8,13,98,101.0
8,13,99,198.0
8,14,0,0.0
8,14,1,0.0
8,14,2,0.0
8,14,3,0.0
8,14,4,0.0
8,14,5,0.0
8,14,6,0.0
8,14,7,0.0
8,14,8,0.0
8,14,9,0.0
8,14,10,0.0
8,14,11,0.0
8,14,12,0.0
8,14,13,0.0
8,14,14,0.0
8,14,15,0.0
8,14,16,0.0
8,14,17,34.0
8,14,18,0.0
8,14,19,0.0
8,14,20,0.0
8,14,21,0.0
8,14,22,0.0
8,14,23,0.0
8,14,24,0.0
8,14,25,0.0
8,14,26,0.0
8,14,27,1.0
8,14,28,0.0
8,14,29,0.0
8,14,30,0.0
8,14,31,26.0
8,14,32,22.0
8,14,33,0.0
8,14,34,0.0
8,14,35,0.0
8,14,36,0.0
8,14,37,0.0
8,14,38,0.0
8,14,39,0.0
8,14,40,0.0
8,14,41,0.0
8,14,42,0.0
8,14,43,0.0
8,14,44,0.0
8,14,45,0.0
8,14,46,0.0
8,14,47,0.0
8,14,48,0.0
8,14,49,0.0
8,14,50,0.0
8,14,51,0.0
8,14,52,0.0
8,14,53,0.0
8,14,54,0.0
8,14,55,0.0
8,14,56,0.0
8,14,57,0.0
8,14,58,0.0
8,14,59,0.0
8,14,60,23.0
8,14,61,0.0
8,14,62,0.0
8,14,63,0.0
8,14,64,0.0
8,14,65,0.0
8,14,66,0.0
8,14,67,0.0
8,14,68,0.0
8,14,69,0.0
8,14,70,0.0
8,14,71,103.0
8,14,72,0.0
8,14,73,0.0
8,14,74,17.0
8,14,75,0.0
8,14,76,0.0
8,14,77,31.0
8,14,78,0.0
8,14,79,0.0
8,14,80,1.0
8,14,81,0.0
8,14,82,0.0
8,14,83,0.0
8,14,84,0.0
8,14,85,0.0
8,14,86,0.0
8,14,87,5.0
8,14,88,0.0
8,14,89,0.0
8,14,90,0.0
8,14,91,0.0
8,14,92,0.0
8,14,93,0.0
8,14,94,0.0
8,14,95,0.0
8,14,96,0.0
8,14,97,0.0
8,14,98,0.0
8,14,99,0.0
8,15,0,165.0
8,15,1,169.0
8,15,2,55.0
8,15,3,124.0
8,15,4,214.0
8,15,5,30.0
8,15,6,84.0
8,15,7,187.0
8,15,8,191.0
8,15,9,143.0
8,15,10,190.0
8,15,11,114.0
8,15,12,221.0
8,15,13,124.0
8,15,14,205.0
8,15,15,177.0
8,15,16,141.0
8,15,17,141.0
8,15,18,209.0
8,15,19,0.0
8,15,20,200.0
8,15,21,183.0
8,15,22,178.0
8,15,23,212.0
8,15,24,153.0
8,15,25,117.0
8,15,26,175.0
8,15,27,166.0
8,15,28,134.0
8,15,29,100.0
8,15,30,117.0
8,15,31,139.0
8,15,32,205.0
8,15,33,182.0
8,15,34,180.0
8,15,35,144.0
8,15,36,207.0
8,15,37,133.0
8,15,38,195.0
8,15,39,239.0
8,15,40,190.0
8,15,41,71.0
8,15,42,216.0
8,15,43,124.0
8,15,44,148.0
8,15,45,84.0
8,15,46,232.0
8,15,47,215.0
8,15,48,180.0
8,15,49,239.0
8,15,50,24.0
8,15,51,150.0
8,15,52,165.0
8,15,53,118.0
8,15,54,149.0
8,15,55,53.0
8,15,56,240.0
8,15,57,167.0
8,15,58,158.0
8,15,59,148.0
8,15,60,239.0
8,15,61,53.0
8,15,62,161.0
8,15,63,48.0
8,15,64,146.0
8,15,65,118.0
8,15,66,238.0
8,15,67,98.0
8,15,68,202.0
8,15,69,157.0
8,15,70,111.0
8,15,71,128.0
8,15,72,167.0
8,15,73,219.0
8,15,74,194.0
8,15,75,212.0
8,15,76,233.0
8,15,77,183.0
8,15,78,93.0
8,15,79,119.0
8,15,80,161.0
8,15,81,201.0
8,15,82,43.0
8,15,83,200.0
8,15,84,136.0
8,15,85,56.0
8,15,86,169.0
8,15,87,106.0
8,15,88,129.0
8,15,89,138.0
8,15,90,161.0
8,15,91,201.0
8,15,92,112.0
8,15,93,178.0
8,15,94,155.0
8,15,95,239.0
8,15,96,211.0
8,15,97,64.0
8,15,98,140.0
8,15,99,34.0
8,16,0,0.0
8,16,1,0.0
8,16,2,0.0
8,16,3,0.0
8,16,4,0.0
8,16,5,0.0
8,16,6,0.0
8,16,7,0.0
8,16,8,0.0
8,16,9,0.0
8,16,10,0.0
8,16,11,0.0
8,16,12,0.0
8,16,13,0.0
8,16,14,0.0
8,16,15,0.0
8,16,16,0.0
8,16,17,0.0
8,16,18,0.0
8,16,19,0.0
8,16,20,0.0
8,16,21,0.0
8,16,22,0.0
8,16,23,0.0
8,16,24,0.0
8,16,25,0.0
8,16,26,0.0
8,16,27,0.0
8,16,28,0.0
8,16,29,12.0
8,16,30,0.0
8,16,31,0.0
8,16,32,0.0
8,16,33,82.0
8,16,34,80.0
8,16,35,0.0
8,16,36,0.0
8,16,37,0.0
8,16,38,0.0
8,16,39,0.0
8,16,40,0.0
8,16,41,0.0
8,16,42,0.0
8,16,43,0.0
8,16,44,0.0
8,16,45,0.0
8,16,46,0.0
8,16,47,0.0
8,16,48,0.0
8,16,49,0.0
8,16,50,145.0
8,16,51,53.0
8,16,52,0.0
8,16,53,0.0
8,16,54,0.0
8,16,55,0.0
8,16,56,0.0
8,16,57,0.0
8,16,58,0.0
8,16,59,0.0
8,16,60,84.0
8,16,61,0.0
8,16,62,0.0
8,16,63,0.0
8,16,64,0.0
8,16,65,0.0
8,16,66,0.0
8,16,67,0.0
8,16,68,0.0
8,16,69,0.0
8,16,70,0.0
8,16,71,0.0
8,16,72,0.0
8,16,73,0.0
8,16,74,28.0
8,16,75,0.0
8,16,76,0.0
8,16,77,0.0
8,16,78,0.0
8,16,79,0.0
8,16,80,0.0
8,16,81,0.0
8,16,82,0.0
8,16,83,0.0
8,16,84,43.0
8,16,85,0.0
8,16,86,0.0
8,16,87,0.0
8,16,88,0.0
8,16,89,0.0
8,16,90,0.0
8,16,91,0.0
8,16,92,0.0
8,16,93,0.0
8,16,94,25.0
8,16,95,0.0
8,16,96,57.0
8,16,97,0.0
8,16,98,0.0
8,16,99,38.0
8,17,0,78.0
8,17,1,108.0
8,17,2,113.0
8,17,3,0.0
8,17,4,93.0
8,17,5,109.0
8,17,6,110.0
8,17,7,84.0
8,17,8,0.0
8,17,9,44.0
8,17,10,110.0
8,17,11,108.0
8,17,12,56.0
8,17,13,18.0
8,17,14,0.0
8,17,15,0.0
8,17,16,108.0
8,17,17,77.0
8,17,18,62.0
8,17,19,118.0
8,17,20,93.0
8,17,21,0.0
8,17,22,89.0
8,17,23,0.0
8,17,24,0.0
8,17,25,0.0
8,17,26,66.0
8,17,27,105.0
8,17,28,115.0
8,17,29,127.0
8,17,30,38.0
8,17,31,37.0
8,17,32,118.0
8,17,33,0.0
8,17,34,0.0
8,17,35,43.0
8,17,36,33.0
8,17,37,79.0
8,17,38,16.0
8,17,39,35.0
8,17,40,0.0
8,17,41,119.0
8,17,42,47.0
8,17,43,11.0
8,17,44,74.0
8,17,45,40.0
8,17,46,83.0
8,17,47,24.0
8,17,48,0.0
8,17,49,43.0
8,17,50,0.0
8,17,51,0.0
8,17,52,35.0
8,17,53,53.0
8,17,54,77.0
8,17,55,0.0
8,17,56,80.0
8,17,57,99.0
8,17,58,41.0
8,17,59,108.0
8,17,60,16.0
8,17,61,104.0
8,17,62,0.0
8,17,63,119.0
8,17,64,0.0
8,17,65,59.0
8,17,66,75.0
8,17,67,106.0
8,17,68,0.0
8,17,69,0.0
8,17,70,127.0
8,17,71,55.0
8,17,72,66.0
8,17,73,0.0
8,17,74,0.0
8,17,75,43.0
8,17,76,0.0
8,17,77,65.0
8,17,78,20.0
8,17,79,103.0
8,17,80,89.0
8,17,81,37.0
8,17,82,7.0
8,17,83,118.0
8,17,84,7.0
8,17,85,109.0
8,17,86,120.0
8,17,87,117.0
8,17,88,5.0
8,17,89,0.0
8,17,90,57.0
8,17,91,0.0
8,17,92,106.0
8,17,93,72.0
8,17,94,14.0
8,17,95,79.0
8,17,96,12.0
8,17,97,105.0
8,17,98,114.0
8,17,99,118.0
8,18,0,0.0
8,18,1,0.0
8,18,2,4.0
8,18,3,32.0
8,18,4,6.0
8,18,5,6.0
8,18,6,4.0
8,18,7,2.0
8,18,8,107.0
8,18,9,4.0
8,18,10,6.0
8,18,11,0.0
8,18,12,3.0
8,18,13,0.0
8,18,14,77.0
8,18,15,42.0
8,18,16,2.0
8,18,17,0.0
8,18,18,0.0
8,18,19,0.0
8,18,20,1.0
8,18,21,69.0
8,18,22,1.0
8,18,23,100.0
8,18,24,23.0
8,18,25,94.0
8,18,26,1.0
8,18,27,0.0
8,18,28,6.0
8,18,29,0.0
8,18,30,7.0
8,18,31,7.0
8,18,32,4.0
8,18,33,16.0
8,18,34,21.0
8,18,35,0.0
8,18,36,6.0
8,18,37,6.0
8,18,38,7.0
8,18,39,4.0
8,18,40,21.0
8,18,41,0.0
8,18,42,0.0
8,18,43,0.0
8,18,44,6.0
8,18,45,2.0
8,18,46,2.0
8,18,47,5.0
8,18,48,0.0
8,18,49,1.0
8,18,50,0.0
8,18,51,21.0
8,18,52,0.0
8,18,53,0.0
8,18,54,0.0
8,18,55,102.0
8,18,56,7.0
8,18,57,0.0
8,18,58,0.0
8,18,59,0.0
8,18,60,0.0
8,18,61,0.0
8,18,62,88.0
8,18,63,7.0
8,18,64,107.0
8,18,65,0.0
8,18,66,6.0
8,18,67,4.0
8,18,68,90.0
8,18,69,51.0
8,18,70,2.0
8,18,71,2.0
8,18,72,6.0
8,18,73,32.0
8,18,74,0.0
8,18,75,6.0
8,18,76,36.0
8,18,77,0.0
8,18,78,4.0
8,18,79,7.0
8,18,80,6.0
8,18,81,1.0
8,18,82,105.0
8,18,83,0.0
8,18,84,0.0
8,18,85,0.0
8,18,86,5.0
8,18,87,6.0
8,18,88,2.0
8,18,89,77.0
8,18,90,0.0
8,18,91,33.0
8,18,92,2.0
8,18,93,0.0
8,18,94,0.0
8,18,95,0.0
8,18,96,1.0
8,18,97,5.0
8,18,98,6.0
8,18,99,0.0
8,19,0,0.0
8,19,1,0.0
8,19,2,0.0
8,19,3,0.0
8,19,4,0.0
8,19,5,0.0
8,19,6,0.0
8,19,7,0.0
8,19,8,0.0
8,19,9,0.0
8,19,10,0.0
8,19,11,0.0
8,19,12,0.0
8,19,13,0.0
8,19,14,0.0
8,19,15,0.0
8,19,16,0.0
8,19,17,0.0
8,19,18,0.0
8,19,19,0.0
8,19,20,0.0
8,19,21,0.0
8,19,22,0.0
8,19,23,0.0
8,19,24,0.0
8,19,25,0.0
8,19,26,0.0
8,19,27,0.0
8,19,28,0.0
8,19,29,0.0
8,19,30,0.0
8,19,31,0.0
8,19,32,0.0
8,19,33,0.0
8,19,34,0.0
8,19,35,0.0
8,19,36,0.0
8,19,37,0.0
8,19,38,0.0
8,19,39,0.0
8,19,40,0.0
8,19,41,0.0
8,19,42,0.0
8,19,43,0.0
8,19,44,0.0
8,19,45,0.0
8,19,46,0.0
8,19,47,0.0
8,19,48,0.0
8,19,49,0.0
8,19,50,0.0
8,19,51,0.0
8,19,52,0.0
8,19,53,0.0
8,19,54,0.0
8,19,55,0.0
8,19,56,0.0
8,19,57,0.0
8,19,58,0.0
8,19,59,0.0
8,19,60,0.0
8,19,61,0.0
8,19,62,0.0
8,19,63,0.0
8,19,64,0.0
8,19,65,0.0
8,19,66,0.0
8,19,67,0.0
8,19,68,0.0
8,19,69,0.0
8,19,70,0.0
8,19,71,0.0
8,19,72,0.0
8,19,73,0.0
8,19,74,0.0
8,19,75,0.0
8,19,76,0.0
8,19,77,0.0
8,19,78,0.0
8,19,79,0.0
8,19,80,0.0
8,19,81,0.0
8,19,82,0.0
8,19,83,0.0
8,19,84,0.0
8,19,85,0.0
8,19,86,0.0
8,19,87,0.0
8,19,88,0.0
8,19,89,0.0
8,19,90,0.0
8,19,91,0.0
8,19,92,0.0
8,19,93,0.0
8,19,94,0.0
8,19,95,0.0
8,19,96,0.0
8,19,97,0.0
8,19,98,0.0
8,19,99,0.0
8,20,0,0.0
8,20,1,0.0
8,20,2,0.0
8,20,3,0.0
8,20,4,0.0
8,20,5,0.0
8,20,6,0.0
8,20,7,0.0
8,20,8,0.0
8,20,9,0.0
8,20,10,0.0
8,20,11,0.0
8,20,12,0.0
8,20,13,0.0
8,20,14,0.0
8,20,15,0.0
8,20,16,0.0
8,20,17,0.0
8,20,18,0.0
8,20,19,0.0
8,20,20,0.0
8,20,21,0.0
8,20,22,0.0
8,20,23,0.0
8,20,24,0.0
8,20,25,0.0
8,20,26,0.0
8,20,27,0.0
8,20,28,0.0
8,20,29,0.0
8,20,30,0.0
8,20,31,0.0
8,20,32,0.0
8,20,33,0.0
8,20,34,0.0
8,20,35,0.0
8,20,36,0.0
8,20,37,0.0
8,20,38,0.0
8,20,39,0.0
8,20,40,0.0
8,20,41,0.0
8,20,42,0.0
8,20,43,0.0
8,20,44,0.0
8,20,45,0.0
8,20,46,0.0
8,20,47,0.0
8,20,48,0.0
8,20,49,0.0
8,20,50,0.0
8,20,51,0.0
8,20,52,0.0
8,20,53,0.0
8,20,54,0.0
8,20,55,0.0
8,20,56,0.0
8,20,57,0.0
8,20,58,0.0
8,20,59,0.0
8,20,60,0.0
8,20,61,0.0
8,20,62,0.0
8,20,63,0.0
8,20,64,0.0
8,20,65,0.0
8,20,66,0.0
8,20,67,0.0
8,20,68,0.0
8,20,69,0.0
8,20,70,0.0
8,20,71,0.0
8,20,72,0.0
8,20,73,0.0
8,20,74,0.0
8,20,75,0.0
8,20,76,0.0
8,20,77,0.0
8,20,78,0.0
8,20,79,0.0
8,20,80,0.0
8,20,81,0.0
8,20,82,0.0
8,20,83,0.0
8,20,84,0.0
8,20,85,0.0
8,20,86,0.0
8,20,87,0.0
8,20,88,0.0
8,20,89,0.0
8,20,90,0.0
8,20,91,0.0
8,20,92,0.0
8,20,93,0.0
8,20,94,0.0
8,20,95,0.0
8,20,96,0.0
8,20,97,0.0
8,20,98,0.0
8,20,99,0.0
8,21,0,0.0
8,21,1,0.0
8,21,2,0.0
8,21,3,0.0
8,21,4,0.0
8,21,5,0.0
8,21,6,0.0
8,21,7,0.0
8,21,8,0.0
8,21,9,0.0
8,21,10,0.0
8,21,11,0.0
8,21,12,0.0
8,21,13,0.0
8,21,14,0.0
8,21,15,0.0
8,21,16,0.0
8,21,17,0.0
8,21,18,0.0
8,21,19,0.0
8,21,20,0.0
8,21,21,0.0
8,21,22,0.0
8,21,23,0.0
8,21,24,0.0
8,21,25,0.0
8,21,26,0.0
8,21,27,0.0
8,21,28,0.0
8,21,29,0.0
8,21,30,0.0
8,21,31,0.0
8,21,32,0.0
8,21,33,0.0
8,21,34,0.0
8,21,35,0.0
8,21,36,0.0
8,21,37,0.0
8,21,38,0.0
8,21,39,0.0
8,21,40,0.0
8,21,41,0.0
8,21,42,0.0
8,21,43,0.0
8,21,44,0.0
8,21,45,0.0
8,21,46,0.0
8,21,47,0.0
8,21,48,0.0
8,21,49,0.0
8,21,50,0.0
8,21,51,0.0
8,21,52,0.0
8,21,53,0.0
8,21,54,0.0
8,21,55,0.0
8,21,56,0.0
8,21,57,0.0
8,21,58,0.0
8,21,59,0.0
8,21,60,0.0
8,21,61,0.0
8,21,62,0.0
8,21,63,0.0
8,21,64,0.0
8,21,65,0.0
8,21,66,0.0
8,21,67,0.0
8,21,68,0.0
8,21,69,0.0
8,21,70,0.0
8,21,71,0.0
8,21,72,0.0
8,21,73,0.0
8,21,74,0.0
8,21,75,0.0
8,21,76,0.0
8,21,77,0.0
8,21,78,0.0
8,21,79,0.0
8,21,80,0.0
8,21,81,0.0
8,21,82,0.0
8,21,83,0.0
8,21,84,0.0
8,21,85,0.0
8,21,86,0.0
8,21,87,0.0
8,21,88,0.0
8,21,89,0.0
8,21,90,0.0
8,21,91,0.0
8,21,92,0.0
8,21,93,0.0
8,21,94,0.0
8,21,95,0.0
8,21,96,0.0
8,21,97,0.0
8,21,98,0.0
8,21,99,0.0
8,22,0,0.0
8,22,1,0.0
8,22,2,0.0
8,22,3,0.0
8,22,4,0.0
8,22,5,0.0
8,22,6,0.0
8,22,7,0.0
8,22,8,0.0
8,22,9,0.0
8,22,10,0.0
8,22,11,0.0
8,22,12,0.0
8,22,13,0.0
8,22,14,0.0
8,22,15,0.0
8,22,16,0.0
8,22,17,0.0
8,22,18,0.0
8,22,19,0.0
8,22,20,0.0
8,22,21,0.0
8,22,22,0.0
8,22,23,0.0
8,22,24,0.0
8,22,25,0.0
8,22,26,0.0
8,22,27,0.0
8,22,28,0.0
8,22,29,0.0
8,22,30,0.0
8,22,31,0.0
8,22,32,0.0
8,22,33,0.0
8,22,34,0.0
8,22,35,0.0
8,22,36,0.0
8,22,37,0.0
8,22,38,0.0
8,22,39,0.0
8,22,40,0.0
8,22,41,0.0
8,22,42,0.0
8,22,43,0.0
8,22,44,0.0
8,22,45,0.0
8,22,46,0.0
8,22,47,0.0
8,22,48,0.0
8,22,49,0.0
8,22,50,0.0
8,22,51,0.0
8,22,52,0.0
8,22,53,0.0
8,22,54,0.0
8,22,55,0.0
8,22,56,0.0
8,22,57,5.0
8,22,58,0.0
8,22,59,0.0
8,22,60,0.0
8,22,61,0.0
8,22,62,0.0
8,22,63,0.0
8,22,64,0.0
8,22,65,0.0
8,22,66,0.0
8,22,67,0.0
8,22,68,0.0
8,22,69,0.0
8,22,70,0.0
8,22,71,0.0
8,22,72,0.0
8,22,73,0.0
8,22,74,0.0
8,22,75,0.0
8,22,76,0.0
8,22,77,0.0
8,22,78,0.0
8,22,79,0.0
8,22,80,0.0
8,22,81,0.0
8,22,82,0.0
8,22,83,0.0
8,22,84,0.0
8,22,85,0.0
8,22,86,0.0
8,22,87,0.0
8,22,88,0.0
8,22,89,0.0
8,22,90,0.0
8,22,91,0.0
8,22,92,0.0
8,22,93,0.0
8,22,94,0.0
8,22,95,0.0
8,22,96,0.0
8,22,97,0.0
8,22,98,0.0
8,22,99,0.0
8,23,0,0.0
8,23,1,0.0
8,23,2,0.0
8,23,3,0.0
8,23,4,0.0
8,23,5,0.0
8,23,6,0.0
8,23,7,0.0
8,23,8,0.0
8,23,9,0.0
8,23,10,0.0
8,23,11,0.0
8,23,12,0.0
8,23,13,0.0
8,23,14,0.0
8,23,15,0.0
8,23,16,0.0
8,23,17,0.0
8,23,18,0.0
8,23,19,0.0
8,23,20,0.0
8,23,21,0.0
8,23,22,0.0
8,23,23,0.0
8,23,24,0.0
8,23,25,0.0
8,23,26,0.0
8,23,27,0.0
8,23,28,0.0
8,23,29,0.0
8,23,30,0.0
8,23,31,0.0
8,23,32,0.0
8,23,33,0.0
8,23,34,0.0
8,23,35,0.0
8,23,36,0.0
8,23,37,0.0
8,23,38,0.0
8,23,39,0.0
8,23,40,0.0
8,23,41,0.0
8,23,42,0.0
8,23,43,0.0
8,23,44,0.0
8,23,45,0.0
8,23,46,0.0
8,23,47,0.0
8,23,48,0.0
8,23,49,0.0
8,23,50,0.0
8,23,51,0.0
8,23,52,0.0
8,23,53,0.0
8,23,54,0.0
8,23,55,0.0
8,23,56,0.0
8,23,57,0.0
8,23,58,0.0
8,23,59,0.0
8,23,60,0.0
8,23,61,0.0
8,23,62,0.0
8,23,63,0.0
8,23,64,0.0
8,23,65,0.0
8,23,66,0.0
8,23,67,0.0
8,23,68,0.0
8,23,69,0.0
8,23,70,0.0
8,23,71,0.0
8,23,72,0.0
8,23,73,0.0
8,23,74,0.0
8,23,75,0.0
8,23,76,0.0
8,23,77,0.0
8,23,78,0.0
8,23,79,0.0
8,23,80,0.0
8,23,81,0.0
8,23,82,0.0
8,23,83,0.0
8,23,84,0.0
8,23,85,0.0
8,23,86,0.0
8,23,87,0.0
8,23,88,0.0
8,23,89,0.0
8,23,90,0.0
8,23,91,0.0
8,23,92,0.0
8,23,93,0.0
8,23,94,0.0
8,23,95,0.0
8,23,96,0.0
8,23,97,0.0
8,23,98,0.0
8,23,99,0.0
9,0,0,0.0
9,0,1,0.0
9,0,2,0.0
9,0,3,0.0
9,0,4,0.0
9,0,5,0.0
9,0,6,0.0
9,0,7,0.0
9,0,8,0.0
9,0,9,0.0
9,0,10,0.0
9,0,11,0.0
9,0,12,0.0
9,0,13,0.0
9,0,14,0.0
9,0,15,0.0
9,0,16,0.0
9,0,17,0.0
9,0,18,0.0
9,0,19,0.0
9,0,20,0.0
9,0,21,0.0
9,0,22,0.0
9,0,23,0.0
9,0,24,0.0
9,0,25,0.0
9,0,26,0.0
9,0,27,0.0
9,0,28,0.0
9,0,29,0.0
9,0,30,0.0
9,0,31,0.0
9,0,32,0.0
9,0,33,0.0
9,0,34,0.0
9,0,35,0.0
9,0,36,0.0
9,0,37,0.0
9,0,38,0.0
9,0,39,0.0
9,0,40,0.0
9,0,41,0.0
9,0,42,0.0
9,0,43,0.0
9,0,44,0.0
9,0,45,0.0
9,0,46,0.0
9,0,47,0.0
9,0,48,0.0
9,0,49,0.0
9,0,50,0.0
9,0,51,0.0
9,0,52,0.0
9,0,53,0.0
9,0,54,0.0
9,0,55,0.0
9,0,56,0.0
9,0,57,0.0
9,0,58,0.0
9,0,59,0.0
9,0,60,0.0
9,0,61,0.0
9,0,62,0.0
9,0,63,0.0
9,0,64,0.0
9,0,65,0.0
9,0,66,0.0
9,0,67,0.0
9,0,68,0.0
9,0,69,0.0
9,0,70,0.0
9,0,71,0.0
9,0,72,0.0
9,0,73,0.0
9,0,74,0.0
9,0,75,0.0
9,0,76,0.0
9,0,77,0.0
9,0,78,0.0
9,0,79,0.0
9,0,80,0.0
9,0,81,0.0
9,0,82,0.0
9,0,83,0.0
9,0,84,0.0
9,0,85,0.0
9,0,86,0.0
9,0,87,0.0
9,0,88,0.0
9,0,89,0.0
9,0,90,0.0
9,0,91,0.0
9,0,92,0.0
9,0,93,0.0
9,0,94,0.0
9,0,95,0.0
9,0,96,0.0
9,0,97,0.0
9,0,98,0.0
9,0,99,0.0
9,1,0,0.0
9,1,1,0.0
9,1,2,0.0
9,1,3,0.0
9,1,4,0.0
9,1,5,0.0
9,1,6,0.0
9,1,7,0.0
9,1,8,0.0
9,1,9,0.0
9,1,10,0.0
9,1,11,0.0
9,1,12,0.0
9,1,13,0.0
9,1,14,0.0
9,1,15,0.0
9,1,16,0.0
9,1,17,0.0
9,1,18,0.0
9,1,19,0.0
9,1,20,0.0
9,1,21,0.0
9,1,22,0.0
9,1,23,0.0
9,1,24,0.0
9,1,25,0.0
9,1,26,0.0
9,1,27,0.0
9,1,28,0.0
9,1,29,0.0
9,1,30,0.0
9,1,31,0.0
9,1,32,0.0
9,1,33,0.0
9,1,34,0.0
9,1,35,0.0
9,1,36,0.0
9,1,37,0.0
9,1,38,0.0
9,1,39,0.0
9,1,40,0.0
9,1,41,0.0
9,1,42,0.0
9,1,43,0.0
9,1,44,0.0
9,1,45,0.0
9,1,46,0.0
9,1,47,0.0
9,1,48,0.0
9,1,49,0.0
9,1,50,0.0
9,1,51,0.0
9,1,52,0.0
9,1,53,0.0
9,1,54,0.0
9,1,55,0.0
9,1,56,0.0
9,1,57,0.0
9,1,58,0.0
9,1,59,0.0
9,1,60,0.0
9,1,61,0.0
9,1,62,0.0
9,1,63,0.0
9,1,64,0.0
9,1,65,0.0
9,1,66,0.0
9,1,67,0.0
9,1,68,0.0
9,1,69,0.0
9,1,70,0.0
9,1,71,0.0
9,1,72,0.0
9,1,73,0.0
9,1,74,0.0
9,1,75,0.0
9,1,76,0.0
9,1,77,0.0
9,1,78,0.0
9,1,79,0.0
9,1,80,0.0
9,1,81,0.0
9,1,82,0.0
9,1,83,0.0
9,1,84,0.0
9,1,85,0.0
9,1,86,0.0
9,1,87,0.0
9,1,88,0.0
9,1,89,0.0
9,1,90,0.0
9,1,91,0.0
9,1,92,0.0
9,1,93,0.0
9,1,94,0.0
9,1,95,0.0
9,1,96,0.0
9,1,97,0.0
9,1,98,0.0
9,1,99,0.0
9,2,0,0.0
9,2,1,0.0
9,2,2,0.0
9,2,3,0.0
9,2,4,0.0
9,2,5,0.0
9,2,6,0.0
9,2,7,0.0
9,2,8,0.0
9,2,9,0.0
9,2,10,0.0
9,2,11,0.0
9,2,12,0.0
9,2,13,0.0
9,2,14,0.0
9,2,15,0.0
9,2,16,0.0
9,2,17,0.0
9,2,18,0.0
9,2,19,0.0
9,2,20,0.0
9,2,21,0.0
9,2,22,0.0
9,2,23,0.0
9,2,24,0.0
9,2,25,0.0
9,2,26,0.0
9,2,27,0.0
9,2,28,0.0
9,2,29,0.0
9,2,30,0.0
9,2,31,0.0
9,2,32,0.0
9,2,33,0.0
9,2,34,0.0
9,2,35,0.0
9,2,36,0.0
9,2,37,0.0
9,2,38,0.0
9,2,39,0.0
9,2,40,0.0
9,2,41,0.0
9,2,42,0.0
9,2,43,0.0
9,2,44,0.0
9,2,45,0.0
9,2,46,0.0
9,2,47,0.0
9,2,48,0.0
9,2,49,0.0
9,2,50,0.0
9,2,51,0.0
9,2,52,0.0
9,2,53,0.0
9,2,54,0.0
9,2,55,0.0
9,2,56,0.0
9,2,57,0.0
9,2,58,0.0
9,2,59,0.0
9,2,60,0.0
9,2,61,0.0
9,2,62,0.0
9,2,63,0.0
9,2,64,0.0
9,2,65,0.0
9,2,66,0.0
9,2,67,0.0
9,2,68,0.0
9,2,69,0.0
9,2,70,0.0
9,2,71,0.0
9,2,72,0.0
9,2,73,0.0
9,2,74,0.0
9,2,75,0.0
9,2,76,0.0
9,2,77,0.0
9,2,78,0.0
9,2,79,0.0
9,2,80,0.0
9,2,81,0.0
9,2,82,0.0
9,2,83,0.0
9,2,84,0.0
9,2,85,0.0
9,2,86,0.0
9,2,87,0.0
9,2,88,0.0
9,2,89,0.0
9,2,90,0.0
9,2,91,0.0
9,2,92,0.0
9,2,93,0.0
9,2,94,0.0
9,2,95,0.0
9,2,96,0.0
9,2,97,0.0
9,2,98,0.0
9,2,99,0.0
9,3,0,0.0
9,3,1,0.0
9,3,2,0.0
9,3,3,0.0
9,3,4,0.0
9,3,5,0.0
9,3,6,0.0
9,3,7,0.0
9,3,8,0.0
9,3,9,0.0
9,3,10,0.0
9,3,11,0.0
9,3,12,0.0
9,3,13,0.0
9,3,14,0.0
9,3,15,0.0
9,3,16,0.0
9,3,17,0.0
9,3,18,0.0
9,3,19,0.0
9,3,20,0.0
9,3,21,0.0
9,3,22,0.0
9,3,23,0.0
9,3,24,0.0
9,3,25,0.0
9,3,26,0.0
9,3,27,0.0
9,3,28,0.0
9,3,29,0.0
9,3,30,0.0
9,3,31,0.0
9,3,32,0.0
9,3,33,0.0
9,3,34,0.0
9,3,35,0.0
9,3,36,0.0
9,3,37,0.0
9,3,38,0.0
9,3,39,0.0
9,3,40,0.0
9,3,41,0.0
9,3,42,0.0
9,3,43,0.0
9,3,44,0.0
9,3,45,0.0
9,3,46,0.0
9,3,47,0.0
9,3,48,0.0
9,3,49,0.0
9,3,50,0.0
9,3,51,0.0
9,3,52,0.0
9,3,53,0.0
9,3,54,0.0
9,3,55,0.0
9,3,56,0.0
9,3,57,0.0
9,3,58,0.0
9,3,59,0.0
9,3,60,0.0
9,3,61,0.0
9,3,62,0.0
9,3,63,0.0
9,3,64,0.0
9,3,65,0.0
9,3,66,0.0
9,3,67,0.0
9,3,68,0.0
9,3,69,0.0
9,3,70,0.0
9,3,71,0.0
9,3,72,0.0
9,3,73,0.0
9,3,74,0.0
9,3,75,0.0
9,3,76,0.0
9,3,77,0.0
9,3,78,0.0
9,3,79,0.0
9,3,80,0.0
9,3,81,0.0
9,3,82,0.0
9,3,83,0.0
9,3,84,0.0
9,3,85,0.0
9,3,86,0.0
9,3,87,0.0
9,3,88,0.0
9,3,89,0.0
9,3,90,0.0
9,3,91,0.0
9,3,92,0.0
9,3,93,0.0
9,3,94,0.0
9,3,95,0.0
9,3,96,0.0
9,3,97,0.0
9,3,98,0.0
9,3,99,0.0
9,4,0,0.0
9,4,1,0.0
9,4,2,0.0
9,4,3,0.0
9,4,4,0.0
9,4,5,0.0
9,4,6,0.0
9,4,7,0.0
9,4,8,0.0
9,4,9,0.0
9,4,10,0.0
9,4,11,0.0
9,4,12,0.0
9,4,13,0.0
9,4,14,0.0
9,4,15,0.0
9,4,16,0.0
9,4,17,0.0
9,4,18,0.0
9,4,19,0.0
9,4,20,0.0
9,4,21,0.0
9,4,22,0.0
9,4,23,0.0
9,4,24,0.0
9,4,25,0.0
9,4,26,0.0
9,4,27,0.0
9,4,28,0.0
9,4,29,0.0
9,4,30,0.0
9,4,31,0.0
9,4,32,0.0
9,4,33,0.0
9,4,34,0.0
9,4,35,0.0
9,4,36,0.0
9,4,37,0.0
9,4,38,0.0
9,4,39,0.0
9,4,40,0.0
9,4,41,0.0
9,4,42,0.0
9,4,43,0.0
9,4,44,0.0
9,4,45,0.0
9,4,46,0.0
9,4,47,0.0
9,4,48,0.0
9,4,49,0.0
9,4,50,0.0
9,4,51,0.0
9,4,52,0.0
9,4,53,0.0
9,4,54,0.0
9,4,55,0.0
9,4,56,0.0
9,4,57,0.0
9,4,58,0.0
9,4,59,0.0
9,4,60,0.0
9,4,61,0.0
9,4,62,0.0
9,4,63,0.0
9,4,64,0.0
9,4,65,0.0
9,4,66,0.0
9,4,67,0.0
9,4,68,0.0
9,4,69,0.0
9,4,70,0.0
9,4,71,0.0
9,4,72,0.0
9,4,73,0.0
9,4,74,0.0
9,4,75,0.0
9,4,76,0.0
9,4,77,0.0
9,4,78,0.0
9,4,79,0.0
9,4,80,0.0
9,4,81,0.0
9,4,82,0.0
9,4,83,0.0
9,4,84,0.0
9,4,85,0.0
9,4,86,0.0
9,4,87,0.0
9,4,88,0.0
9,4,89,0.0
9,4,90,0.0
9,4,91,0.0
9,4,92,0.0
9,4,93,0.0
9,4,94,0.0
9,4,95,0.0
9,4,96,0.0
9,4,97,0.0
9,4,98,0.0
9,4,99,0.0
9,5,0,0.0
9,5,1,0.0
9,5,2,0.0
9,5,3,0.0
9,5,4,0.0
9,5,5,0.0
9,5,6,0.0
9,5,7,0.0
9,5,8,0.0
9,5,9,0.0
9,5,10,0.0
9,5,11,0.0
9,5,12,0.0
9,5,13,0.0
9,5,14,0.0
9,5,15,0.0
9,5,16,0.0
9,5,17,0.0
9,5,18,0.0
9,5,19,0.0
9,5,20,0.0
9,5,21,0.0
9,5,22,0.0
9,5,23,0.0
9,5,24,0.0
9,5,25,0.0
9,5,26,0.0
9,5,27,0.0
9,5,28,0.0
9,5,29,0.0
9,5,30,0.0
9,5,31,0.0
9,5,32,0.0
9,5,33,0.0
9,5,34,0.0
9,5,35,0.0
9,5,36,0.0
9,5,37,0.0
9,5,38,0.0
9,5,39,0.0
9,5,40,0.0
9,5,41,0.0
9,5,42,0.0
9,5,43,0.0
9,5,44,0.0
9,5,45,0.0
9,5,46,0.0
9,5,47,0.0
9,5,48,0.0
9,5,49,0.0
9,5,50,0.0
9,5,51,0.0
9,5,52,0.0
9,5,53,0.0
9,5,54,0.0
9,5,55,0.0
9,5,56,0.0
9,5,57,0.0
9,5,58,0.0
9,5,59,0.0
9,5,60,0.0
9,5,61,0.0
9,5,62,0.0
9,5,63,0.0
9,5,64,0.0
9,5,65,0.0
9,5,66,0.0
9,5,67,0.0
9,5,68,0.0
9,5,69,0.0
9,5,70,0.0
9,5,71,0.0
9,5,72,0.0
9,5,73,0.0
9,5,74,0.0
9,5,75,0.0
9,5,76,0.0
9,5,77,0.0
9,5,78,0.0
9,5,79,0.0
9,5,80,0.0
9,5,81,0.0
9,5,82,0.0
9,5,83,0.0
9,5,84,0.0
9,5,85,0.0
9,5,86,0.0
9,5,87,0.0
9,5,88,0.0
9,5,89,0.0
9,5,90,0.0
9,5,91,0.0
9,5,92,0.0
9,5,93,0.0
9,5,94,0.0
9,5,95,0.0
9,5,96,0.0
9,5,97,0.0
9,5,98,0.0
9,5,99,0.0
9,6,0,0.0
9,6,1,0.0
9,6,2,0.0
9,6,3,0.0
9,6,4,0.0
9,6,5,0.0
9,6,6,0.0
9,6,7,0.0
9,6,8,0.0
9,6,9,0.0
9,6,10,0.0
9,6,11,0.0
9,6,12,0.0
9,6,13,0.0
9,6,14,0.0
9,6,15,0.0
9,6,16,0.0
9,6,17,0.0
9,6,18,0.0
9,6,19,0.0
9,6,20,0.0
9,6,21,0.0
9,6,22,0.0
9,6,23,0.0
9,6,24,0.0
9,6,25,0.0
9,6,26,0.0
9,6,27,0.0
9,6,28,0.0
9,6,29,0.0
9,6,30,0.0
9,6,31,0.0
9,6,32,0.0
9,6,33,0.0
9,6,34,0.0
9,6,35,0.0
9,6,36,0.0
9,6,37,0.0
9,6,38,0.0
9,6,39,0.0
9,6,40,0.0
9,6,41,0.0
9,6,42,0.0
9,6,43,0.0
9,6,44,0.0
9,6,45,0.0
9,6,46,0.0
9,6,47,0.0
9,6,48,0.0
9,6,49,0.0
9,6,50,0.0
9,6,51,0.0
9,6,52,0.0
9,6,53,0.0
9,6,54,0.0
9,6,55,0.0
9,6,56,0.0
9,6,57,0.0
9,6,58,0.0
9,6,59,0.0
9,6,60,0.0
9,6,61,0.0
9,6,62,0.0
9,6,63,0.0
9,6,64,0.0
9,6,65,0.0
9,6,66,0.0
9,6,67,0.0
9,6,68,0.0
9,6,69,0.0
9,6,70,0.0
9,6,71,0.0
9,6,72,0.0
9,6,73,0.0
9,6,74,0.0
9,6,75,0.0
9,6,76,0.0
9,6,77,0.0
9,6,78,0.0
9,6,79,0.0
9,6,80,0.0
9,6,81,0.0
9,6,82,0.0
9,6,83,0.0
9,6,84,0.0
9,6,85,0.0
9,6,86,0.0
9,6,87,0.0
9,6,88,0.0
9,6,89,0.0
9,6,90,0.0
9,6,91,0.0
9,6,92,0.0
9,6,93,0.0
9,6,94,0.0
9,6,95,0.0
9,6,96,0.0
9,6,97,0.0
9,6,98,0.0
9,6,99,0.0
9,7,0,0.0
9,7,1,0.0
9,7,2,0.0
9,7,3,0.0
9,7,4,0.0
9,7,5,0.0
9,7,6,0.0
9,7,7,0.0
9,7,8,0.0
9,7,9,0.0
9,7,10,0.0
9,7,11,0.0
9,7,12,0.0
9,7,13,0.0
9,7,14,0.0
9,7,15,0.0
9,7,16,0.0
9,7,17,0.0
9,7,18,0.0
9,7,19,0.0
9,7,20,0.0
9,7,21,0.0
9,7,22,0.0
9,7,23,0.0
9,7,24,0.0
9,7,25,0.0
9,7,26,0.0
9,7,27,0.0
9,7,28,0.0
9,7,29,0.0
9,7,30,0.0
9,7,31,0.0
9,7,32,0.0
9,7,33,0.0
9,7,34,0.0
9,7,35,1.0
9,7,36,2.0
9,7,37,0.0
9,7,38,0.0
9,7,39,0.0
9,7,40,0.0
9,7,41,0.0
9,7,42,0.0
9,7,43,0.0
9,7,44,0.0
9,7,45,0.0
9,7,46,0.0
9,7,47,0.0
9,7,48,0.0
9,7,49,0.0
9,7,50,0.0
9,7,51,0.0
9,7,52,0.0
9,7,53,0.0
9,7,54,0.0
9,7,55,0.0
9,7,56,0.0
9,7,57,0.0
9,7,58,0.0
9,7,59,0.0
9,7,60,0.0
9,7,61,0.0
9,7,62,0.0
9,7,63,0.0
9,7,64,0.0
9,7,65,0.0
9,7,66,0.0
9,7,67,0.0
9,7,68,0.0
9,7,69,0.0
9,7,70,0.0
9,7,71,0.0
9,7,72,0.0
9,7,73,0.0
9,7,74,0.0
9,7,75,0.0
9,7,76,0.0
9,7,77,0.0
9,7,78,0.0
9,7,79,0.0
9,7,80,0.0
9,7,81,0.0
9,7,82,0.0
9,7,83,0.0
9,7,84,0.0
9,7,85,0.0
9,7,86,0.0
9,7,87,0.0
9,7,88,0.0
9,7,89,0.0
9,7,90,0.0
9,7,91,0.0
9,7,92,0.0
9,7,93,0.0
9,7,94,0.0
9,7,95,0.0
9,7,96,0.0
9,7,97,2.0
9,7,98,0.0
9,7,99,0.0
9,8,0,0.0
9,8,1,0.0
9,8,2,0.0
9,8,3,0.0
9,8,4,0.0
9,8,5,0.0
9,8,6,0.0
9,8,7,0.0
9,8,8,6.0
9,8,9,4.0
9,8,10,0.0
9,8,11,0.0
9,8,12,0.0
9,8,13,0.0
9,8,14,0.0
9,8,15,0.0
9,8,16,0.0
9,8,17,0.0
9,8,18,5.0
9,8,19,0.0
9,8,20,0.0
9,8,21,0.0
9,8,22,4.0
9,8,23,0.0
9,8,24,7.0
9,8,25,0.0
9,8,26,0.0
9,8,27,0.0
9,8,28,0.0
9,8,29,0.0
9,8,30,0.0
9,8,31,0.0
9,8,32,0.0
9,8,33,0.0
9,8,34,4.0
9,8,35,0.0
9,8,36,2.0
9,8,37,0.0
9,8,38,0.0
9,8,39,0.0
9,8,40,0.0
9,8,41,0.0
9,8,42,0.0
9,8,43,0.0
9,8,44,0.0
9,8,45,0.0
9,8,46,0.0
9,8,47,0.0
9,8,48,0.0
9,8,49,0.0
9,8,50,5.0
9,8,51,0.0
9,8,52,0.0
9,8,53,0.0
9,8,54,0.0
9,8,55,0.0
9,8,56,0.0
9,8,57,6.0
9,8,58,0.0
9,8,59,0.0
9,8,60,0.0
9,8,61,4.0
9,8,62,0.0
9,8,63,0.0
9,8,64,0.0
9,8,65,5.0
9,8,66,4.0
9,8,67,0.0
9,8,68,0.0
9,8,69,0.0
9,8,70,4.0
9,8,71,0.0
9,8,72,0.0
9,8,73,0.0
9,8,74,0.0
9,8,75,0.0
9,8,76,0.0
9,8,77,0.0
9,8,78,0.0
9,8,79,0.0
9,8,80,0.0
9,8,81,0.0
9,8,82,0.0
9,8,83,0.0
9,8,84,0.0
9,8,85,3.0
9,8,86,0.0
9,8,87,6.0
9,8,88,0.0
9,8,89,0.0
9,8,90,0.0
9,8,91,0.0
9,8,92,0.0
9,8,93,0.0
9,8,94,0.0
9,8,95,0.0
9,8,96,0.0
9,8,97,0.0
9,8,98,0.0
9,8,99,0.0
9,9,0,0.0
9,9,1,0.0
9,9,2,0.0
9,9,3,0.0
9,9,4,34.0
9,9,5,0.0
9,9,6,0.0
9,9,7,0.0
9,9,8,0.0
9,9,9,0.0
9,9,10,0.0
9,9,11,0.0
9,9,12,0.0
9,9,13,0.0
9,9,14,0.0
9,9,15,0.0
9,9,16,0.0
9,9,17,0.0
9,9,18,17.0
9,9,19,12.0
9,9,20,0.0
9,9,21,0.0
9,9,22,0.0
9,9,23,0.0
9,9,24,0.0
9,9,25,11.0
9,9,26,33.0
9,9,27,0.0
9,9,28,0.0
9,9,29,16.0
9,9,30,0.0
9,9,31,0.0
9,9,32,0.0
9,9,33,0.0
9,9,34,0.0
9,9,35,0.0
9,9,36,0.0
9,9,37,22.0
9,9,38,0.0
9,9,39,0.0
9,9,40,0.0
9,9,41,0.0
9,9,42,0.0
9,9,43,0.0
9,9,44,0.0
9,9,45,20.0
9,9,46,0.0
9,9,47,0.0
9,9,48,0.0
9,9,49,0.0
9,9,50,0.0
9,9,51,0.0
9,9,52,0.0
9,9,53,0.0
9,9,54,0.0
9,9,55,0.0
9,9,56,3.0
9,9,57,0.0
9,9,58,0.0
9,9,59,0.0
9,9,60,0.0
9,9,61,0.0
9,9,62,0.0
9,9,63,0.0
9,9,64,0.0
9,9,65,0.0
9,9,66,0.0
9,9,67,0.0
9,9,68,0.0
9,9,69,13.0
9,9,70,19.0
9,9,71,0.0
9,9,72,0.0
9,9,73,0.0
9,9,74,0.0
9,9,75,0.0
9,9,76,0.0
9,9,77,0.0
9,9,78,0.0
9,9,79,0.0
9,9,80,0.0
9,9,81,0.0
9,9,82,0.0
9,9,83,0.0
9,9,84,0.0
9,9,85,0.0
9,9,86,0.0
9,9,87,0.0
9,9,88,0.0
9,9,89,0.0
9,9,90,0.0
9,9,91,0.0
9,9,92,0.0
9,9,93,0.0
9,9,94,0.0
9,9,95,0.0
9,9,96,0.0
9,9,97,0.0
9,9,98,0.0
9,9,99,0.0
9,10,0,0.0
9,10,1,0.0
9,10,2,0.0
9,10,3,0.0
9,10,4,0.0
9,10,5,0.0
9,10,6,91.0
9,10,7,0.0
9,10,8,73.0
9,10,9,0.0
9,10,10,35.0
9,10,11,128.0
9,10,12,0.0
9,10,13,0.0
9,10,14,51.0
9,10,15,0.0
9,10,16,16.0
9,10,17,33.0
9,10,18,0.0
9,10,19,79.0
9,10,20,0.0
9,10,21,88.0
9,10,22,123.0
9,10,23,0.0
9,10,24,77.0
9,10,25,21.0
9,10,26,0.0
9,10,27,0.0
9,10,28,53.0
9,10,29,0.0
9,10,30,0.0
9,10,31,0.0
9,10,32,0.0
9,10,33,84.0
9,10,34,0.0
9,10,35,0.0
9,10,36,0.0
9,10,37,0.0
9,10,38,0.0
9,10,39,0.0
9,10,40,105.0
9,10,41,0.0
9,10,42,4.0
9,10,43,69.0
9,10,44,0.0
9,10,45,81.0
9,10,46,70.0
9,10,47,0.0
9,10,48,109.0
9,10,49,0.0
9,10,50,102.0
9,10,51,0.0
9,10,52,0.0
9,10,53,0.0
9,10,54,0.0
9,10,55,0.0
9,10,56,0.0
9,10,57,0.0
9,10,58,74.0
9,10,59,28.0
9,10,60,0.0
9,10,61,0.0
9,10,62,0.0
9,10,63,0.0
9,10,64,0.0
9,10,65,0.0
9,10,66,0.0
9,10,67,0.0
9,10,68,0.0
9,10,69,0.0
9,10,70,0.0
9,10,71,0.0
9,10,72,0.0
9,10,73,0.0
9,10,74,0.0
9,10,75,0.0
9,10,76,0.0
9,10,77,0.0
9,10,78,0.0
9,10,79,0.0
9,10,80,0.0
9,10,81,0.0
9,10,82,78.0
9,10,83,0.0
9,10,84,0.0
9,10,85,0.0
9,10,86,0.0
9,10,87,0.0
9,10,88,9.0
9,10,89,0.0
9,10,90,0.0
9,10,91,69.0
9,10,92,0.0
9,10,93,0.0
9,10,94,0.0
9,10,95,0.0
9,10,96,0.0
9,10,97,62.0
9,10,98,0.0
9,10,99,97.0
9,11,0,10.0
9,11,1,136.0
9,11,2,0.0
9,11,3,76.0
9,11,4,1.0
9,11,5,104.0
9,11,6,62.0
9,11,7,56.0
9,11,8,0.0
9,11,9,94.0
9,11,10,0.0
9,11,11,14.0
9,11,12,0.0
9,11,13,140.0
9,11,14,0.0
9,11,15,85.0
9,11,16,0.0
9,11,17,0.0
9,11,18,0.0
9,11,19,22.0
9,11,20,33.0
9,11,21,5.0
9,11,22,11.0
9,11,23,138.0
9,11,24,0.0
9,11,25,0.0
9,11,26,41.0
9,11,27,55.0
9,11,28,0.0
9,11,29,129.0
9,11,30,44.0
9,11,31,91.0
9,11,32,0.0
9,11,33,0.0
9,11,34,93.0
9,11,35,80.0
9,11,36,92.0
9,11,37,0.0
9,11,38,0.0
9,11,39,0.0
9,11,40,26.0
9,11,41,153.0
9,11,42,0.0
9,11,43,17.0
9,11,44,142.0
9,11,45,90.0
9,11,46,30.0
9,11,47,84.0
9,11,48,0.0
9,11,49,132.0
9,11,50,67.0
9,11,51,14.0
9,11,52,0.0
9,11,53,162.0
9,11,54,58.0
9,11,55,95.0
9,11,56,0.0
9,11,57,36.0
9,11,58,0.0
9,11,59,0.0
9,11,60,28.0
9,11,61,48.0
9,11,62,68.0
9,11,63,111.0
9,11,64,91.0
9,11,65,54.0
9,11,66,29.0
9,11,67,114.0
9,11,68,0.0
9,11,69,52.0
9,11,70,20.0
9,11,71,75.0
9,11,72,76.0
9,11,73,15.0
9,11,74,67.0
9,11,75,0.0
9,11,76,81.0
9,11,77,26.0
9,11,78,99.0
9,11,79,210.0
9,11,80,109.0
9,11,81,173.0
9,11,82,0.0
9,11,83,50.0
9,11,84,67.0
9,11,85,64.0
9,11,86,0.0
9,11,87,44.0
9,11,88,137.0
9,11,89,31.0
9,11,90,0.0
9,11,91,0.0
9,11,92,0.0
9,11,93,65.0
9,11,94,107.0
9,11,95,136.0
9,11,96,59.0
9,11,97,23.0
9,11,98,180.0
9,11,99,0.0
9,12,0,60.0
9,12,1,0.0
9,12,2,220.0
9,12,3,236.0
9,12,4,152.0
9,12,5,168.0
9,12,6,39.0
9,12,7,69.0
9,12,8,230.0
9,12,9,89.0
9,12,10,76.0
9,12,11,97.0
9,12,12,36.0
9,12,13,0.0
9,12,14,161.0
9,12,15,32.0
9,12,16,89.0
9,12,17,133.0
9,12,18,99.0
9,12,19,28.0
9,12,20,56.0
9,12,21,62.0
9,12,22,166.0
9,12,23,0.0
9,12,24,142.0
9,12,25,201.0
9,12,26,144.0
9,12,27,65.0
9,12,28,117.0
9,12,29,0.0
9,12,30,39.0
9,12,31,0.0
9,12,32,48.0
9,12,33,35.0
9,12,34,186.0
9,12,35,37.0
9,12,36,226.0
9,12,37,86.0
9,12,38,13.0
9,12,39,165.0
9,12,40,0.0
9,12,41,31.0
9,12,42,207.0
9,12,43,151.0
9,12,44,34.0
9,12,45,0.0
9,12,46,105.0
9,12,47,43.0
9,12,48,125.0
9,12,49,0.0
9,12,50,16.0
9,12,51,19.0
9,12,52,19.0
9,12,53,111.0
9,12,54,53.0
9,12,55,29.0
9,12,56,95.0
9,12,57,227.0
9,12,58,38.0
9,12,59,18.0
9,12,60,118.0
9,12,61,66.0
9,12,62,67.0
9,12,63,0.0
9,12,64,2.0
9,12,65,127.0
9,12,66,225.0
9,12,67,12.0
9,12,68,13.0
9,12,69,230.0
9,12,70,57.0
9,12,71,124.0
9,12,72,225.0
9,12,73,105.0
9,12,74,0.0
9,12,75,67.0
9,12,76,85.0
9,12,77,135.0
9,12,78,113.0
9,12,79,0.0
9,12,80,104.0
9,12,81,0.0
9,12,82,234.0
9,12,83,0.0
9,12,84,191.0
9,12,85,114.0
9,12,86,129.0
9,12,87,241.0
9,12,88,50.0
9,12,89,24.0
9,12,90,25.0
9,12,91,133.0
9,12,92,204.0
9,12,93,0.0
9,12,94,85.0
9,12,95,124.0
9,12,96,0.0
9,12,97,47.0
9,12,98,0.0
9,12,99,31.0
9,13,0,133.0
9,13,1,296.0
9,13,2,126.0
9,13,3,165.0
9,13,4,194.0
9,13,5,71.0
9,13,6,284.0
9,13,7,150.0
9,13,8,92.0
9,13,9,233.0
9,13,10,139.0
9,13,11,200.0
9,13,12,191.0
9,13,13,249.0
9,13,14,191.0
9,13,15,191.0
9,13,16,275.0
9,13,17,318.0
9,13,18,242.0
9,13,19,162.0
9,13,20,285.0
9,13,21,330.0
9,13,22,122.0
9,13,23,33.0
9,13,24,135.0
9,13,25,28.0
9,13,26,339.0
9,13,27,180.0
9,13,28,320.0
9,13,29,211.0
9,13,30,305.0
9,13,31,257.0
9,13,32,338.0
9,13,33,242.0
9,13,34,50.0
9,13,35,271.0
9,13,36,117.0
9,13,37,137.0
9,13,38,251.0
9,13,39,0.0
9,13,40,196.0
9,13,41,150.0
9,13,42,132.0
9,13,43,61.0
9,13,44,283.0
9,13,45,239.0
9,13,46,280.0
9,13,47,190.0
9,13,48,332.0
9,13,49,195.0
9,13,50,196.0
9,13,51,197.0
9,13,52,169.0
9,13,53,12.0
9,13,54,242.0
9,13,55,232.0
9,13,56,292.0
9,13,57,63.0
9,13,58,184.0
9,13,59,150.0
9,13,60,285.0
9,13,61,281.0
9,13,62,203.0
9,13,63,325.0
9,13,64,168.0
9,13,65,153.0
9,13,66,91.0
9,13,67,292.0
9,13,68,209.0
9,13,69,169.0
9,13,70,272.0
9,13,71,48.0
9,13,72,129.0
9,13,73,151.0
9,13,74,265.0
9,13,75,211.0
9,13,76,335.0
9,13,77,144.0
9,13,78,240.0
9,13,79,157.0
9,13,80,168.0
9,13,81,270.0
9,13,82,48.0
9,13,83,277.0
9,13,84,242.0
9,13,85,292.0
9,13,86,173.0
9,13,87,50.0
9,13,88,237.0
9,13,89,126.0
9,13,90,158.0
9,13,91,50.0
9,13,92,19.0
9,13,93,212.0
9,13,94,201.0
9,13,95,163.0
9,13,96,114.0
9,13,97,134.0
9,13,98,140.0
9,13,99,232.0
9,14,0,0.0
9,14,1,121.0
9,14,2,0.0
9,14,3,0.0
9,14,4,0.0
9,14,5,0.0
9,14,6,0.0
9,14,7,0.0
9,14,8,0.0
9,14,9,0.0
9,14,10,0.0
9,14,11,0.0
9,14,12,0.0
9,14,13,0.0
9,14,14,0.0
9,14,15,0.0
9,14,16,0.0
9,14,17,67.0
9,14,18,0.0
9,14,19,159.0
9,14,20,0.0
9,14,21,0.0
9,14,22,0.0
9,14,23,0.0
9,14,24,0.0
9,14,25,0.0
9,14,26,0.0
9,14,27,0.0
9,14,28,0.0
9,14,29,0.0
9,14,30,0.0
9,14,31,0.0
9,14,32,0.0
9,14,33,0.0
9,14,34,0.0
9,14,35,0.0
9,14,36,0.0
9,14,37,5.0
9,14,38,0.0
9,14,39,0.0
9,14,40,58.0
9,14,41,0.0
9,14,42,0.0
9,14,43,0.0
9,14,44,0.0
9,14,45,59.0
9,14,46,0.0
9,14,47,0.0
9,14,48,0.0
9,14,49,0.0
9,14,50,0.0
9,14,51,172.0
9,14,52,0.0
9,14,53,0.0
9,14,54,0.0
9,14,55,0.0
9,14,56,0.0
9,14,57,0.0
9,14,58,0.0
9,14,59,0.0
9,14,60,0.0
9,14,61,0.0
9,14,62,0.0
9,14,63,0.0
9,14,64,0.0
9,14,65,0.0
9,14,66,0.0
9,14,67,0.0
9,14,68,0.0
9,14,69,0.0
9,14,70,245.0
9,14,71,0.0
9,14,72,0.0
9,14,73,0.0
9,14,74,4.0
9,14,75,0.0
9,14,76,0.0
9,14,77,237.0
9,14,78,38.0
9,14,79,0.0
9,14,80,0.0
9,14,81,200.0
9,14,82,346.0
9,14,83,0.0
9,14,84,76.0
9,14,85,0.0
9,14,86,0.0
9,14,87,0.0
9,14,88,0.0
9,14,89,0.0
9,14,90,0.0
9,14,91,21.0
9,14,92,0.0
9,14,93,0.0
9,14,94,0.0
9,14,95,0.0
9,14,96,0.0
9,14,97,0.0
9,14,98,0.0
9,14,99,0.0
9,15,0,138.0
9,15,1,80.0
9,15,2,132.0
9,15,3,184.0
9,15,4,155.0
9,15,5,99.0
9,15,6,95.0
9,15,7,180.0
9,15,8,105.0
9,15,9,145.0
9,15,10,47.0
9,15,11,174.0
9,15,12,123.0
9,15,13,195.0
9,15,14,161.0
9,15,15,113.0
9,15,16,184.0
9,15,17,132.0
9,15,18,142.0
9,15,19,38.0
9,15,20,125.0
9,15,21,195.0
9,15,22,159.0
9,15,23,170.0
9,15,24,199.0
9,15,25,185.0
9,15,26,121.0
9,15,27,83.0
9,15,28,72.0
9,15,29,93.0
9,15,30,144.0
9,15,31,142.0
9,15,32,64.0
9,15,33,187.0
9,15,34,191.0
9,15,35,156.0
9,15,36,167.0
9,15,37,137.0
9,15,38,192.0
9,15,39,126.0
9,15,40,194.0
9,15,41,144.0
9,15,42,121.0
9,15,43,154.0
9,15,44,193.0
9,15,45,189.0
9,15,46,127.0
9,15,47,126.0
9,15,48,183.0
9,15,49,135.0
9,15,50,42.0
9,15,51,178.0
9,15,52,154.0
9,15,53,119.0
9,15,54,149.0
9,15,55,28.0
9,15,56,169.0
9,15,57,138.0
9,15,58,164.0
9,15,59,59.0
9,15,60,174.0
9,15,61,149.0
9,15,62,146.0
9,15,63,0.0
9,15,64,150.0
9,15,65,181.0
9,15,66,198.0
9,15,67,129.0
9,15,68,156.0
9,15,69,142.0
9,15,70,115.0
9,15,71,183.0
9,15,72,180.0
9,15,73,150.0
9,15,74,191.0
9,15,75,141.0
9,15,76,160.0
9,15,77,112.0
9,15,78,144.0
9,15,79,178.0
9,15,80,154.0
9,15,81,138.0
9,15,82,65.0
9,15,83,170.0
9,15,84,120.0
9,15,85,48.0
9,15,86,127.0
9,15,87,74.0
9,15,88,197.0
9,15,89,177.0
9,15,90,171.0
9,15,91,173.0
9,15,92,44.0
9,15,93,151.0
9,15,94,171.0
9,15,95,113.0
9,15,96,115.0
9,15,97,34.0
9,15,98,118.0
9,15,99,14.0
9,16,0,0.0
9,16,1,0.0
9,16,2,0.0
9,16,3,0.0
9,16,4,0.0
9,16,5,0.0
9,16,6,0.0
9,16,7,0.0
9,16,8,0.0
9,16,9,0.0
9,16,10,0.0
9,16,11,0.0
9,16,12,0.0
9,16,13,0.0
9,16,14,23.0
9,16,15,0.0
9,16,16,0.0
9,16,17,0.0
9,16,18,0.0
9,16,19,0.0
9,16,20,0.0
9,16,21,0.0
9,16,22,0.0
9,16,23,0.0
9,16,24,0.0
9,16,25,0.0
9,16,26,0.0
9,16,27,0.0
9,16,28,0.0
9,16,29,0.0
9,16,30,0.0
9,16,31,0.0
9,16,32,0.0
9,16,33,59.0
9,16,34,66.0
9,16,35,0.0
9,16,36,0.0
9,16,37,0.0
9,16,38,0.0
9,16,39,0.0
9,16,40,0.0
9,16,41,0.0
9,16,42,0.0
9,16,43,0.0
9,16,44,0.0
9,16,45,0.0
9,16,46,0.0
9,16,47,0.0
9,16,48,0.0
9,16,49,0.0
9,16,50,0.0
9,16,51,50.0
9,16,52,0.0
9,16,53,0.0
9,16,54,0.0
9,16,55,0.0
9,16,56,0.0
9,16,57,0.0
9,16,58,0.0
9,16,59,0.0
9,16,60,0.0
9,16,61,0.0
9,16,62,0.0
9,16,63,23.0
9,16,64,0.0
9,16,65,0.0
9,16,66,0.0
9,16,67,0.0
9,16,68,0.0
9,16,69,18.0
9,16,70,0.0
9,16,71,0.0
9,16,72,0.0
9,16,73,0.0
9,16,74,0.0
9,16,75,0.0
9,16,76,0.0
9,16,77,0.0
9,16,78,0.0
9,16,79,0.0
9,16,80,0.0
9,16,81,0.0
9,16,82,0.0
9,16,83,0.0
9,16,84,43.0
9,16,85,0.0
9,16,86,0.0
9,16,87,0.0
9,16,88,0.0
9,16,89,0.0
9,16,90,0.0
9,16,91,27.0
9,16,92,0.0
9,16,93,0.0
9,16,94,0.0
9,16,95,0.0
9,16,96,33.0
9,16,97,0.0
9,16,98,0.0
9,16,99,43.0
9,17,0,110.0
9,17,1,150.0
9,17,2,325.0
9,17,3,0.0
9,17,4,140.0
9,17,5,281.0
9,17,6,284.0
9,17,7,220.0
9,17,8,0.0
9,17,9,240.0
9,17,10,238.0
9,17,11,222.0
9,17,12,241.0
9,17,13,163.0
9,17,14,18.0
9,17,15,162.0
9,17,16,40.0
9,17,17,136.0
9,17,18,194.0
9,17,19,220.0
9,17,20,161.0
9,17,21,90.0
9,17,22,115.0
9,17,23,189.0
9,17,24,0.0
9,17,25,42.0
9,17,26,104.0
9,17,27,196.0
9,17,28,236.0
9,17,29,144.0
9,17,30,224.0
9,17,31,211.0
9,17,32,259.0
9,17,33,105.0
9,17,34,129.0
9,17,35,154.0
9,17,36,107.0
9,17,37,69.0
9,17,38,48.0
9,17,39,281.0
9,17,40,110.0
9,17,41,310.0
9,17,42,189.0
9,17,43,112.0
9,17,44,176.0
9,17,45,201.0
9,17,46,193.0
9,17,47,209.0
9,17,48,0.0
9,17,49,153.0
9,17,50,19.0
9,17,51,60.0
9,17,52,142.0
9,17,53,225.0
9,17,54,120.0
9,17,55,122.0
9,17,56,164.0
9,17,57,260.0
9,17,58,65.0
9,17,59,198.0
9,17,60,196.0
9,17,61,190.0
9,17,62,7.0
9,17,63,138.0
9,17,64,0.0
9,17,65,146.0
9,17,66,79.0
9,17,67,164.0
9,17,68,145.0
9,17,69,73.0
9,17,70,196.0
9,17,71,247.0
9,17,72,150.0
9,17,73,203.0
9,17,74,0.0
9,17,75,174.0
9,17,76,102.0
9,17,77,172.0
9,17,78,123.0
9,17,79,113.0
9,17,80,113.0
9,17,81,197.0
9,17,82,54.0
9,17,83,306.0
9,17,84,70.0
9,17,85,311.0
9,17,86,203.0
9,17,87,156.0
9,17,88,226.0
9,17,89,88.0
9,17,90,207.0
9,17,91,129.0
9,17,92,192.0
9,17,93,112.0
9,17,94,115.0
9,17,95,224.0
9,17,96,112.0
9,17,97,231.0
9,17,98,234.0
9,17,99,324.0
9,18,0,0.0
9,18,1,0.0
9,18,2,24.0
9,18,3,88.0
9,18,4,25.0
9,18,5,33.0
9,18,6,70.0
9,18,7,21.0
9,18,8,132.0
9,18,9,55.0
9,18,10,40.0
9,18,11,14.0
9,18,12,24.0
9,18,13,0.0
9,18,14,155.0
9,18,15,167.0
9,18,16,10.0
9,18,17,0.0
9,18,18,0.0
9,18,19,0.0
9,18,20,76.0
9,18,21,130.0
9,18,22,64.0
9,18,23,118.0
9,18,24,127.0
9,18,25,173.0
9,18,26,39.0
9,18,27,0.0
9,18,28,42.0
9,18,29,0.0
9,18,30,32.0
9,18,31,64.0
9,18,32,62.0
9,18,33,158.0
9,18,34,118.0
9,18,35,0.0
9,18,36,30.0
9,18,37,48.0
9,18,38,29.0
9,18,39,48.0
9,18,40,121.0
9,18,41,0.0
9,18,42,0.0
9,18,43,0.0
9,18,44,66.0
9,18,45,32.0
9,18,46,68.0
9,18,47,35.0
9,18,48,0.0
9,18,49,43.0
9,18,50,0.0
9,18,51,117.0
9,18,52,0.0
9,18,53,0.0
9,18,54,0.0
9,18,55,117.0
9,18,56,77.0
9,18,57,0.0
9,18,58,0.0
9,18,59,0.0
9,18,60,0.0
9,18,61,0.0
9,18,62,175.0
9,18,63,29.0
9,18,64,99.0
9,18,65,0.0
9,18,66,65.0
9,18,67,29.0
9,18,68,171.0
9,18,69,112.0
9,18,70,16.0
9,18,71,75.0
9,18,72,66.0
9,18,73,115.0
9,18,74,28.0
9,18,75,70.0
9,18,76,121.0
9,18,77,0.0
9,18,78,16.0
9,18,79,13.0
9,18,80,66.0
9,18,81,57.0
9,18,82,159.0
9,18,83,0.0
9,18,84,23.0
9,18,85,0.0
9,18,86,45.0
9,18,87,14.0
9,18,88,43.0
9,18,89,161.0
9,18,90,0.0
9,18,91,112.0
9,18,92,12.0
9,18,93,0.0
9,18,94,0.0
9,18,95,0.0
9,18,96,63.0
9,18,97,18.0
9,18,98,55.0
9,18,99,8.0
9,19,0,0.0
9,19,1,0.0
9,19,2,0.0
9,19,3,0.0
9,19,4,56.0
9,19,5,0.0
9,19,6,0.0
9,19,7,0.0
9,19,8,0.0
9,19,9,27.0
9,19,10,0.0
9,19,11,0.0
9,19,12,0.0
9,19,13,0.0
9,19,14,0.0
9,19,15,65.0
9,19,16,0.0
9,19,17,45.0
9,19,18,118.0
9,19,19,0.0
9,19,20,14.0
9,19,21,0.0
9,19,22,17.0
9,19,23,0.0
9,19,24,0.0
9,19,25,0.0
9,19,26,0.0
9,19,27,0.0
9,19,28,0.0
9,19,29,0.0
9,19,30,0.0
9,19,31,41.0
9,19,32,0.0
9,19,33,0.0
9,19,34,0.0
9,19,35,97.0
9,19,36,0.0
9,19,37,0.0
9,19,38,0.0
9,19,39,0.0
9,19,40,0.0
9,19,41,51.0
9,19,42,68.0
9,19,43,0.0
9,19,44,0.0
9,19,45,0.0
9,19,46,0.0
9,19,47,0.0
9,19,48,91.0
9,19,49,0.0
9,19,50,114.0
9,19,51,0.0
9,19,52,0.0
9,19,53,0.0
9,19,54,74.0
9,19,55,0.0
9,19,56,0.0
9,19,57,37.0
9,19,58,48.0
9,19,59,0.0
9,19,60,67.0
9,19,61,0.0
9,19,62,46.0
9,19,63,0.0
9,19,64,0.0
9,19,65,0.0
9,19,66,0.0
9,19,67,0.0
9,19,68,0.0
9,19,69,0.0
9,19,70,0.0
9,19,71,0.0
9,19,72,0.0
9,19,73,14.0
9,19,74,108.0
9,19,75,0.0
9,19,76,0.0
9,19,77,0.0
9,19,78,0.0
9,19,79,0.0
9,19,80,0.0
9,19,81,0.0
9,19,82,28.0
9,19,83,68.0
9,19,84,0.0
9,19,85,0.0
9,19,86,0.0
9,19,87,0.0
9,19,88,0.0
9,19,89,0.0
9,19,90,0.0
9,19,91,0.0
9,19,92,0.0
9,19,93,0.0
9,19,94,0.0
9,19,95,0.0
9,19,96,0.0
9,19,97,34.0
9,19,98,0.0
9,19,99,0.0
9,20,0,0.0
9,20,1,0.0
9,20,2,0.0
9,20,3,0.0
9,20,4,0.0
9,20,5,0.0
9,20,6,0.0
9,20,7,0.0
9,20,8,0.0
9,20,9,0.0
9,20,10,0.0
9,20,11,0.0
9,20,12,27.0
9,20,13,0.0
9,20,14,0.0
9,20,15,0.0
9,20,16,0.0
9,20,17,0.0
9,20,18,1.0
9,20,19,93.0
9,20,20,0.0
9,20,21,0.0
9,20,22,1.0
9,20,23,0.0
9,20,24,0.0
9,20,25,0.0
9,20,26,22.0
9,20,27,0.0
9,20,28,0.0
9,20,29,0.0
9,20,30,0.0
9,20,31,0.0
9,20,32,0.0
9,20,33,2.0
9,20,34,0.0
9,20,35,0.0
9,20,36,0.0
9,20,37,36.0
9,20,38,46.0
9,20,39,0.0
9,20,40,0.0
9,20,41,0.0
9,20,42,0.0
9,20,43,0.0
9,20,44,0.0
9,20,45,35.0
9,20,46,0.0
9,20,47,0.0
9,20,48,0.0
9,20,49,0.0
9,20,50,0.0
9,20,51,0.0
9,20,52,62.0
9,20,53,0.0
9,20,54,0.0
9,20,55,0.0
9,20,56,0.0
9,20,57,0.0
9,20,58,0.0
9,20,59,0.0
9,20,60,0.0
9,20,61,0.0
9,20,62,1.0
9,20,63,0.0
9,20,64,0.0
9,20,65,0.0
9,20,66,8.0
9,20,67,0.0
9,20,68,0.0
9,20,69,0.0
9,20,70,0.0
9,20,71,0.0
9,20,72,0.0
9,20,73,0.0
9,20,74,0.0
9,20,75,0.0
9,20,76,0.0
9,20,77,92.0
9,20,78,0.0
9,20,79,81.0
9,20,80,7.0
9,20,81,0.0
9,20,82,0.0
9,20,83,0.0
9,20,84,104.0
9,20,85,0.0
9,20,86,0.0
9,20,87,7.0
9,20,88,0.0
9,20,89,0.0
9,20,90,0.0
9,20,91,0.0
9,20,92,26.0
9,20,93,0.0
9,20,94,0.0
9,20,95,82.0
9,20,96,0.0
9,20,97,0.0
9,20,98,0.0
9,20,99,0.0
9,21,0,26.0
9,21,1,93.0
9,21,2,0.0
9,21,3,0.0
9,21,4,0.0
9,21,5,0.0
9,21,6,0.0
9,21,7,0.0
9,21,8,0.0
9,21,9,0.0
9,21,10,0.0
9,21,11,0.0
9,21,12,0.0
9,21,13,42.0
9,21,14,0.0
9,21,15,0.0
9,21,16,0.0
9,21,17,0.0
9,21,18,0.0
9,21,19,0.0
9,21,20,0.0
9,21,21,0.0
9,21,22,0.0
9,21,23,0.0
9,21,24,0.0
9,21,25,0.0
9,21,26,0.0
9,21,27,0.0
9,21,28,0.0
9,21,29,84.0
9,21,30,0.0
9,21,31,0.0
9,21,32,35.0
9,21,33,0.0
9,21,34,0.0
9,21,35,0.0
9,21,36,0.0
9,21,37,0.0
9,21,38,0.0
9,21,39,0.0
9,21,40,0.0
9,21,41,0.0
9,21,42,0.0
9,21,43,76.0
9,21,44,0.0
9,21,45,0.0
9,21,46,0.0
9,21,47,0.0
9,21,48,0.0
9,21,49,0.0
9,21,50,0.0
9,21,51,0.0
9,21,52,0.0
9,21,53,80.0
9,21,54,0.0
9,21,55,0.0
9,21,56,0.0
9,21,57,0.0
9,21,58,0.0
9,21,59,93.0
9,21,60,0.0
9,21,61,47.0
9,21,62,0.0
9,21,63,56.0
9,21,64,0.0
9,21,65,0.0
9,21,66,0.0
9,21,67,0.0
9,21,68,0.0
9,21,69,0.0
9,21,70,0.0
9,21,71,0.0
9,21,72,45.0
9,21,73,0.0
9,21,74,0.0
9,21,75,0.0
9,21,76,0.0
9,21,77,0.0
9,21,78,0.0
9,21,79,0.0
9,21,80,0.0
9,21,81,52.0
9,21,82,0.0
9,21,83,0.0
9,21,84,0.0
9,21,85,0.0
9,21,86,0.0
9,21,87,0.0
9,21,88,0.0
9,21,89,0.0
9,21,90,82.0
9,21,91,0.0
9,21,92,0.0
9,21,93,0.0
9,21,94,0.0
9,21,95,0.0
9,21,96,0.0
9,21,97,0.0
9,21,98,0.0
9,21,99,0.0
9,22,0,0.0
9,22,1,0.0
9,22,2,0.0
9,22,3,0.0
9,22,4,0.0
9,22,5,0.0
9,22,6,0.0
9,22,7,0.0
9,22,8,0.0
9,22,9,0.0
9,22,10,0.0
9,22,11,0.0
9,22,12,0.0
9,22,13,0.0
9,22,14,0.0
9,22,15,0.0
9,22,16,0.0
9,22,17,0.0
9,22,18,0.0
9,22,19,0.0
9,22,20,0.0
9,22,21,32.0
9,22,22,0.0
9,22,23,0.0
9,22,24,0.0
9,22,25,70.0
9,22,26,0.0
9,22,27,90.0
9,22,28,0.0
9,22,29,0.0
9,22,30,0.0
9,22,31,0.0
9,22,32,0.0
9,22,33,0.0
9,22,34,11.0
9,22,35,0.0
9,22,36,0.0
9,22,37,0.0
9,22,38,0.0
9,22,39,0.0
9,22,40,0.0
9,22,41,0.0
9,22,42,0.0
9,22,43,0.0
9,22,44,9.0
9,22,45,0.0
9,22,46,0.0
9,22,47,0.0
9,22,48,0.0
9,22,49,0.0
9,22,50,0.0
9,22,51,0.0
9,22,52,0.0
9,22,53,0.0
9,22,54,0.0
9,22,55,0.0
9,22,56,0.0
9,22,57,100.0
9,22,58,0.0
9,22,59,0.0
9,22,60,0.0
9,22,61,0.0
9,22,62,0.0
9,22,63,0.0
9,22,64,0.0
9,22,65,100.0
9,22,66,0.0
9,22,67,30.0
9,22,68,0.0
9,22,69,0.0
9,22,70,0.0
9,22,71,16.0
9,22,72,0.0
9,22,73,0.0
9,22,74,0.0
9,22,75,0.0
9,22,76,0.0
9,22,77,0.0
9,22,78,18.0
9,22,79,0.0
9,22,80,0.0
9,22,81,0.0
9,22,82,0.0
9,22,83,0.0
9,22,84,0.0
9,22,85,0.0
9,22,86,0.0
9,22,87,0.0
9,22,88,0.0
9,22,89,0.0
9,22,90,0.0
9,22,91,0.0
9,22,92,0.0
9,22,93,8.0
9,22,94,29.0
9,22,95,0.0
9,22,96,0.0
9,22,97,0.0
9,22,98,0.0
9,22,99,100.0
9,23,0,0.0
9,23,1,0.0
9,23,2,0.0
9,23,3,0.0
9,23,4,0.0
9,23,5,0.0
9,23,6,9.0
9,23,7,0.0
9,23,8,0.0
9,23,9,0.0
9,23,10,0.0
9,23,11,0.0
9,23,12,0.0
9,23,13,0.0
9,23,14,0.0
9,23,15,0.0
9,23,16,0.0
9,23,17,0.0
9,23,18,0.0
9,23,19,0.0
9,23,20,0.0
9,23,21,0.0
9,23,22,0.0
9,23,23,0.0
9,23,24,0.0
9,23,25,0.0
9,23,26,0.0
9,23,27,0.0
9,23,28,0.0
9,23,29,0.0
9,23,30,0.0
9,23,31,0.0
9,23,32,0.0
9,23,33,0.0
9,23,34,0.0
9,23,35,0.0
9,23,36,0.0
9,23,37,0.0
9,23,38,0.0
9,23,39,0.0
9,23,40,0.0
9,23,41,0.0
9,23,42,0.0
9,23,43,0.0
9,23,44,0.0
9,23,45,0.0
9,23,46,0.0
9,23,47,0.0
9,23,48,0.0
9,23,49,0.0
9,23,50,0.0
9,23,51,0.0
9,23,52,0.0
9,23,53,0.0
9,23,54,0.0
9,23,55,0.0
9,23,56,0.0
9,23,57,0.0
9,23,58,0.0
9,23,59,0.0
9,23,60,0.0
9,23,61,0.0
9,23,62,0.0
9,23,63,0.0
9,23,64,0.0
9,23,65,0.0
9,23,66,0.0
9,23,67,0.0
9,23,68,0.0
9,23,69,0.0
9,23,70,0.0
9,23,71,0.0
9,23,72,0.0
9,23,73,0.0
9,23,74,0.0
9,23,75,0.0
9,23,76,0.0
9,23,77,0.0
9,23,78,0.0
9,23,79,0.0
9,23,80,0.0
9,23,81,0.0
9,23,82,0.0
9,23,83,0.0
9,23,84,0.0
9,23,85,0.0
9,23,86,0.0
9,23,87,0.0
9,23,88,0.0
9,23,89,0.0
9,23,90,0.0
9,23,91,0.0
9,23,92,0.0
9,23,93,0.0
9,23,94,0.0
9,23,95,0.0
9,23,96,0.0
9,23,97,0.0
9,23,98,0.0
9,23,99,0.0
