i,t,s,R
0,0,0,0
0,0,1,0
0,0,2,0
0,0,3,0
0,0,4,0
0,0,5,0
0,0,6,0
0,0,7,0
0,0,8,0
0,0,9,0
0,0,10,0
0,0,11,0
0,0,12,0
0,0,13,0
0,0,14,0
0,0,15,0
0,0,16,0
0,0,17,0
0,0,18,0
0,0,19,0
0,0,20,0
0,0,21,0
0,0,22,0
0,0,23,0
0,0,24,0
0,0,25,0
0,0,26,0
0,0,27,0
0,0,28,0
0,0,29,0
0,0,30,0
0,0,31,0
0,0,32,0
0,0,33,0
0,0,34,0
0,0,35,0
0,0,36,0
0,0,37,0
0,0,38,0
0,0,39,0
0,0,40,0
0,0,41,0
0,0,42,0
0,0,43,0
0,0,44,0
0,0,45,0
0,0,46,0
0,0,47,0
0,0,48,0
0,0,49,0
0,0,50,0
0,0,51,0
0,0,52,0
0,0,53,0
0,0,54,0
0,0,55,0
0,0,56,0
0,0,57,0
0,0,58,0
0,0,59,0
0,0,60,0
0,0,61,0
0,0,62,0
0,0,63,0
0,0,64,0
0,0,65,0
0,0,66,0
0,0,67,0
0,0,68,0
0,0,69,0
0,0,70,0
0,0,71,0
0,0,72,0
0,0,73,0
0,0,74,0
0,0,75,0
0,0,76,0
0,0,77,0
0,0,78,0
0,0,79,0
0,0,80,0
0,0,81,0
0,0,82,0
0,0,83,0
0,0,84,0
0,0,85,0
0,0,86,0
0,0,87,0
0,0,88,0
0,0,89,0
0,0,90,0
0,0,91,0
0,0,92,0
0,0,93,0
0,0,94,0
0,0,95,0
0,0,96,0
0,0,97,0
0,0,98,0
0,0,99,0
0,1,0,0
0,1,1,0
0,1,2,0
0,1,3,0
0,1,4,0
0,1,5,0
0,1,6,0
0,1,7,0
0,1,8,0
0,1,9,0
0,1,10,0
0,1,11,0
0,1,12,0
0,1,13,0
0,1,14,0
0,1,15,0
0,1,16,0
0,1,17,0
0,1,18,0
0,1,19,0
0,1,20,0
0,1,21,0
0,1,22,0
0,1,23,0
0,1,24,0
0,1,25,0
0,1,26,0
0,1,27,0
0,1,28,0
0,1,29,0
0,1,30,0
0,1,31,0
0,1,32,0
0,1,33,0
0,1,34,0
0,1,35,0
0,1,36,0
0,1,37,0
0,1,38,0
0,1,39,0
0,1,40,0
0,1,41,0
0,1,42,0
0,1,43,0
0,1,44,0
0,1,45,0
0,1,46,0
0,1,47,0
0,1,48,0
0,1,49,0
0,1,50,0
0,1,51,0
0,1,52,0
0,1,53,0
0,1,54,0
0,1,55,0
0,1,56,0
0,1,57,0
0,1,58,0
0,1,59,0
0,1,60,0
0,1,61,0
0,1,62,0
0,1,63,0
0,1,64,0
0,1,65,0
0,1,66,0
0,1,67,0
0,1,68,0
0,1,69,0
0,1,70,0
0,1,71,0
0,1,72,0
0,1,73,0
0,1,74,0
0,1,75,0
0,1,76,0
0,1,77,0
0,1,78,0
0,1,79,0
0,1,80,0
0,1,81,0
0,1,82,0
0,1,83,0
0,1,84,0
0,1,85,0
0,1,86,0
0,1,87,0
0,1,88,0
0,1,89,0
0,1,90,0
0,1,91,0
0,1,92,0
0,1,93,0
0,1,94,0
0,1,95,0
0,1,96,0
0,1,97,0
0,1,98,0
0,1,99,0
0,2,0,0
0,2,1,0
0,2,2,0
0,2,3,0
0,2,4,0
0,2,5,0
0,2,6,0
0,2,7,0
0,2,8,0
0,2,9,0
0,2,10,0
0,2,11,0
0,2,12,0
0,2,13,0
0,2,14,0
0,2,15,0
0,2,16,0
0,2,17,0
0,2,18,0
0,2,19,0
0,2,20,0
0,2,21,0
0,2,22,0
0,2,23,0
0,2,24,0
0,2,25,0
0,2,26,0
0,2,27,0
0,2,28,0
0,2,29,0
0,2,30,0
0,2,31,0
0,2,32,0
0,2,33,0
0,2,34,0
0,2,35,0
0,2,36,0
0,2,37,0
0,2,38,0
0,2,39,0
0,2,40,0
0,2,41,0
0,2,42,0
0,2,43,0
0,2,44,0
0,2,45,0
0,2,46,0
0,2,47,0
0,2,48,0
0,2,49,0
0,2,50,0
0,2,51,0
0,2,52,0
0,2,53,0
0,2,54,0
0,2,55,0
0,2,56,0
0,2,57,0
0,2,58,0
0,2,59,0
0,2,60,0
0,2,61,0
0,2,62,0
0,2,63,0
0,2,64,0
0,2,65,0
0,2,66,0
0,2,67,0
0,2,68,0
0,2,69,0
0,2,70,0
0,2,71,0
0,2,72,0
0,2,73,0
0,2,74,0
0,2,75,0
0,2,76,0
0,2,77,0
0,2,78,0
0,2,79,0
0,2,80,0
0,2,81,0
0,2,82,0
0,2,83,0
0,2,84,0
0,2,85,0
0,2,86,0
0,2,87,0
0,2,88,0
0,2,89,0
0,2,90,0
0,2,91,0
0,2,92,0
0,2,93,0
0,2,94,0
0,2,95,0
0,2,96,0
0,2,97,0
0,2,98,0
0,2,99,0
0,3,0,0
0,3,1,0
0,3,2,0
0,3,3,0
0,3,4,0
0,3,5,0
0,3,6,0
0,3,7,0
0,3,8,0
0,3,9,0
0,3,10,0
0,3,11,0
0,3,12,0
0,3,13,0
0,3,14,0
0,3,15,0
0,3,16,0
0,3,17,0
0,3,18,0
0,3,19,0
0,3,20,0
0,3,21,0
0,3,22,0
0,3,23,0
0,3,24,0
0,3,25,0
0,3,26,0
0,3,27,0
0,3,28,0
0,3,29,0
0,3,30,0
0,3,31,0
0,3,32,0
0,3,33,0
0,3,34,0
0,3,35,0
0,3,36,0
0,3,37,0
0,3,38,0
0,3,39,0
0,3,40,0
0,3,41,0
0,3,42,0
0,3,43,0
0,3,44,0
0,3,45,0
0,3,46,0
0,3,47,0
0,3,48,0
0,3,49,0
0,3,50,0
0,3,51,0
0,3,52,0
0,3,53,0
0,3,54,0
0,3,55,0
0,3,56,0
0,3,57,0
0,3,58,0
0,3,59,0
0,3,60,0
0,3,61,0
0,3,62,0
0,3,63,0
0,3,64,0
0,3,65,0
0,3,66,0
0,3,67,0
0,3,68,0
0,3,69,0
0,3,70,0
0,3,71,0
0,3,72,0
0,3,73,0
0,3,74,0
0,3,75,0
0,3,76,0
0,3,77,0
0,3,78,0
0,3,79,0
0,3,80,0
0,3,81,0
0,3,82,0
0,3,83,0
0,3,84,0
0,3,85,0
0,3,86,0
0,3,87,0
0,3,88,0
0,3,89,0
0,3,90,0
0,3,91,0
0,3,92,0
0,3,93,0
0,3,94,0
0,3,95,0
0,3,96,0
0,3,97,0
0,3,98,0
0,3,99,0
0,4,0,0
0,4,1,0
0,4,2,0
0,4,3,0
0,4,4,0
0,4,5,0
0,4,6,0
0,4,7,0
0,4,8,0
0,4,9,0
0,4,10,0
0,4,11,0
0,4,12,0
0,4,13,0
0,4,14,0
0,4,15,0
0,4,16,0
0,4,17,0
0,4,18,0
0,4,19,0
0,4,20,0
0,4,21,0
0,4,22,0
0,4,23,0
0,4,24,0
0,4,25,0
0,4,26,0
0,4,27,0
0,4,28,0
0,4,29,0
0,4,30,0
0,4,31,0
0,4,32,0
0,4,33,0
0,4,34,0
0,4,35,0
0,4,36,0
0,4,37,0
0,4,38,0
0,4,39,0
0,4,40,0
0,4,41,0
0,4,42,0
0,4,43,0
0,4,44,0
0,4,45,0
0,4,46,0
0,4,47,0
0,4,48,0
0,4,49,0
0,4,50,0
0,4,51,0
0,4,52,0
0,4,53,0
0,4,54,0
0,4,55,0
0,4,56,0
0,4,57,0
0,4,58,0
0,4,59,0
0,4,60,0
0,4,61,0
0,4,62,0
0,4,63,0
0,4,64,0
0,4,65,0
0,4,66,0
0,4,67,0
0,4,68,0
0,4,69,0
0,4,70,0
0,4,71,0
0,4,72,0
0,4,73,0
0,4,74,0
0,4,75,0
0,4,76,0
0,4,77,0
0,4,78,0
0,4,79,0
0,4,80,0
0,4,81,0
0,4,82,0
0,4,83,0
0,4,84,0
0,4,85,0
0,4,86,0
0,4,87,0
0,4,88,0
0,4,89,0
0,4,90,0
0,4,91,0
0,4,92,0
0,4,93,0
0,4,94,0
0,4,95,0
0,4,96,0
0,4,97,0
0,4,98,0
0,4,99,0
0,5,0,0
0,5,1,0
0,5,2,0
0,5,3,0
0,5,4,0
0,5,5,0
0,5,6,0
0,5,7,0
0,5,8,0
0,5,9,0
0,5,10,0
0,5,11,0
0,5,12,0
0,5,13,0
0,5,14,0
0,5,15,0
0,5,16,0
0,5,17,0
0,5,18,0
0,5,19,0
0,5,20,0
0,5,21,0
0,5,22,0
0,5,23,0
0,5,24,0
0,5,25,0
0,5,26,0
0,5,27,0
0,5,28,0
0,5,29,0
0,5,30,0
0,5,31,0
0,5,32,0
0,5,33,0
0,5,34,0
0,5,35,0
0,5,36,0
0,5,37,0
0,5,38,0
0,5,39,0
0,5,40,0
0,5,41,0
0,5,42,0
0,5,43,0
0,5,44,0
0,5,45,0
0,5,46,0
0,5,47,0
0,5,48,0
0,5,49,0
0,5,50,0
0,5,51,0
0,5,52,0
0,5,53,0
0,5,54,0
0,5,55,0
0,5,56,0
0,5,57,0
0,5,58,0
0,5,59,0
0,5,60,0
0,5,61,0
0,5,62,0
0,5,63,0
0,5,64,0
0,5,65,0
0,5,66,0
0,5,67,0
0,5,68,0
0,5,69,0
0,5,70,0
0,5,71,0
0,5,72,0
0,5,73,0
0,5,74,0
0,5,75,0
0,5,76,0
0,5,77,0
0,5,78,0
0,5,79,0
0,5,80,0
0,5,81,0
0,5,82,0
0,5,83,0
0,5,84,0
0,5,85,0
0,5,86,0
0,5,87,0
0,5,88,0
0,5,89,0
0,5,90,0
0,5,91,0
0,5,92,0
0,5,93,0
0,5,94,0
0,5,95,0
0,5,96,0
0,5,97,0
0,5,98,0
0,5,99,0
0,6,0,0
0,6,1,0
0,6,2,0
0,6,3,0
0,6,4,0
0,6,5,0
0,6,6,0
0,6,7,0
0,6,8,0
0,6,9,0
0,6,10,0
0,6,11,0
0,6,12,0
0,6,13,0
0,6,14,0
0,6,15,0
0,6,16,0
0,6,17,0
0,6,18,0
0,6,19,0
0,6,20,0
0,6,21,0
0,6,22,0
0,6,23,0
0,6,24,0
0,6,25,0
0,6,26,0
0,6,27,0
0,6,28,0
0,6,29,0
0,6,30,0
0,6,31,0
0,6,32,0
0,6,33,0
0,6,34,0
0,6,35,0
0,6,36,0
0,6,37,0
0,6,38,0
0,6,39,0
0,6,40,0
0,6,41,0
0,6,42,0
0,6,43,0
0,6,44,0
0,6,45,0
0,6,46,0
0,6,47,0
0,6,48,0
0,6,49,0
0,6,50,0
0,6,51,0
0,6,52,0
0,6,53,0
0,6,54,0
0,6,55,0
0,6,56,0
0,6,57,0
0,6,58,0
0,6,59,0
0,6,60,0
0,6,61,0
0,6,62,0
0,6,63,0
0,6,64,0
0,6,65,0
0,6,66,0
0,6,67,0
0,6,68,0
0,6,69,0
0,6,70,0
0,6,71,0
0,6,72,0
0,6,73,0
0,6,74,0
0,6,75,0
0,6,76,0
0,6,77,0
0,6,78,0
0,6,79,0
0,6,80,0
0,6,81,0
0,6,82,0
0,6,83,0
0,6,84,0
0,6,85,0
0,6,86,0
0,6,87,0
0,6,88,0
0,6,89,0
0,6,90,0
0,6,91,0
0,6,92,0
0,6,93,0
0,6,94,0
0,6,95,0
0,6,96,0
0,6,97,0
0,6,98,0
0,6,99,0
0,7,0,0
0,7,1,0
0,7,2,0
0,7,3,0
0,7,4,0
0,7,5,0
0,7,6,0
0,7,7,0
0,7,8,0
0,7,9,0
0,7,10,0
0,7,11,0
0,7,12,0
0,7,13,0
0,7,14,0
0,7,15,0
0,7,16,0
0,7,17,0
0,7,18,0
0,7,19,0
0,7,20,0
0,7,21,0
0,7,22,0
0,7,23,0
0,7,24,0
0,7,25,0
0,7,26,0
0,7,27,0
0,7,28,0
0,7,29,0
0,7,30,0
0,7,31,0
0,7,32,0
0,7,33,0
0,7,34,0
0,7,35,0
0,7,36,0
0,7,37,0
0,7,38,0
0,7,39,0
0,7,40,0
0,7,41,0
0,7,42,0
0,7,43,0
0,7,44,0
0,7,45,0
0,7,46,0
0,7,47,0
0,7,48,0
0,7,49,0
0,7,50,0
0,7,51,0
0,7,52,0
0,7,53,0
0,7,54,0
0,7,55,0
0,7,56,0
0,7,57,0
0,7,58,0
0,7,59,0
0,7,60,0
0,7,61,0
0,7,62,0
0,7,63,0
0,7,64,0
0,7,65,0
0,7,66,0
0,7,67,0
0,7,68,0
0,7,69,0
0,7,70,0
0,7,71,0
0,7,72,0
0,7,73,0
0,7,74,0
0,7,75,0
0,7,76,0
0,7,77,0
0,7,78,0
0,7,79,0
0,7,80,0
0,7,81,0
0,7,82,0
0,7,83,0
0,7,84,0
0,7,85,0
0,7,86,0
0,7,87,0
0,7,88,0
0,7,89,0
0,7,90,0
0,7,91,0
0,7,92,0
0,7,93,0
0,7,94,0
0,7,95,0
0,7,96,0
0,7,97,0
0,7,98,0
0,7,99,0
0,8,0,29
0,8,1,9
0,8,2,20
0,8,3,29
0,8,4,16
0,8,5,30
0,8,6,11
0,8,7,21
0,8,8,23
0,8,9,10
0,8,10,4
0,8,11,15
0,8,12,30
0,8,13,13
0,8,14,26
0,8,15,8
0,8,16,13
0,8,17,8
0,8,18,24
0,8,19,23
0,8,20,23
0,8,21,11
0,8,22,23
0,8,23,10
0,8,24,16
0,8,25,14
0,8,26,14
0,8,27,5
0,8,28,21
0,8,29,23
0,8,30,21
0,8,31,22
0,8,32,8
0,8,33,8
0,8,34,18
0,8,35,28
0,8,36,9
0,8,37,17
0,8,38,16
0,8,39,18
0,8,40,8
0,8,41,13
0,8,42,11
0,8,43,27
0,8,44,26
0,8,45,16
0,8,46,21
0,8,47,8
0,8,48,18
0,8,49,12
0,8,50,28
0,8,51,22
0,8,52,21
0,8,53,7
0,8,54,17
0,8,55,31
0,8,56,30
0,8,57,22
0,8,58,8
0,8,59,22
0,8,60,19
0,8,61,17
0,8,62,16
0,8,63,20
0,8,64,27
0,8,65,25
0,8,66,20
0,8,67,30
0,8,68,5
0,8,69,31
0,8,70,5
0,8,71,9
0,8,72,15
0,8,73,7
0,8,74,21
0,8,75,5
0,8,76,12
0,8,77,5
0,8,78,23
0,8,79,22
0,8,80,14
0,8,81,9
0,8,82,25
0,8,83,13
0,8,84,26
0,8,85,17
0,8,86,18
0,8,87,4
0,8,88,22
0,8,89,13
0,8,90,10
0,8,91,16
0,8,92,14
0,8,93,17
0,8,94,31
0,8,95,14
0,8,96,25
0,8,97,19
0,8,98,29
0,8,99,14
0,9,0,2
0,9,1,6
0,9,2,1
0,9,3,6
0,9,4,4
0,9,5,3
0,9,6,6
0,9,7,1
0,9,8,3
0,9,9,1
0,9,10,4
0,9,11,2
0,9,12,4
0,9,13,6
0,9,14,5
0,9,15,3
0,9,16,5
0,9,17,5
0,9,18,3
0,9,19,4
0,9,20,1
0,9,21,3
0,9,22,1
0,9,23,5
0,9,24,3
0,9,25,3
0,9,26,5
0,9,27,4
0,9,28,3
0,9,29,2
0,9,30,1
0,9,31,3
0,9,32,1
0,9,33,2
0,9,34,3
0,9,35,6
0,9,36,1
0,9,37,4
0,9,38,3
0,9,39,5
0,9,40,1
0,9,41,1
0,9,42,3
0,9,43,5
0,9,44,2
0,9,45,5
0,9,46,2
0,9,47,2
0,9,48,1
0,9,49,3
0,9,50,3
0,9,51,4
0,9,52,1
0,9,53,1
0,9,54,1
0,9,55,1
0,9,56,4
0,9,57,3
0,9,58,2
0,9,59,4
0,9,60,6
0,9,61,5
0,9,62,4
0,9,63,6
0,9,64,1
0,9,65,1
0,9,66,3
0,9,67,3
0,9,68,6
0,9,69,3
0,9,70,4
0,9,71,6
0,9,72,3
0,9,73,5
0,9,74,2
0,9,75,2
0,9,76,2
0,9,77,4
0,9,78,2
0,9,79,4
0,9,80,1
0,9,81,1
0,9,82,5
0,9,83,2
0,9,84,3
0,9,85,4
0,9,86,4
0,9,87,1
0,9,88,5
0,9,89,6
0,9,90,5
0,9,91,2
0,9,92,4
0,9,93,3
0,9,94,4
0,9,95,6
0,9,96,2
0,9,97,4
0,9,98,2
0,9,99,5
0,10,0,26
0,10,1,59
0,10,2,51
0,10,3,52
0,10,4,35
0,10,5,20
0,10,6,10
0,10,7,26
0,10,8,9
0,10,9,48
0,10,10,46
0,10,11,32
0,10,12,52
0,10,13,39
0,10,14,10
0,10,15,15
0,10,16,19
0,10,17,27
0,10,18,10
0,10,19,43
0,10,20,37
0,10,21,43
0,10,22,33
0,10,23,57
0,10,24,34
0,10,25,8
0,10,26,58
0,10,27,46
0,10,28,55
0,10,29,63
0,10,30,10
0,10,31,21
0,10,32,11
0,10,33,32
0,10,34,58
0,10,35,12
0,10,36,35
0,10,37,15
0,10,38,52
0,10,39,56
0,10,40,10
0,10,41,36
0,10,42,21
0,10,43,63
0,10,44,62
0,10,45,43
0,10,46,64
0,10,47,27
0,10,48,60
0,10,49,33
0,10,50,21
0,10,51,62
0,10,52,47
0,10,53,11
0,10,54,58
0,10,55,48
0,10,56,43
0,10,57,50
0,10,58,22
0,10,59,42
0,10,60,55
0,10,61,10
0,10,62,15
0,10,63,56
0,10,64,43
0,10,65,38
0,10,66,22
0,10,67,25
0,10,68,58
0,10,69,32
0,10,70,11
0,10,71,60
0,10,72,19
0,10,73,56
0,10,74,59
0,10,75,36
0,10,76,42
0,10,77,38
0,10,78,44
0,10,79,57
0,10,80,24
0,10,81,59
0,10,82,40
0,10,83,14
0,10,84,21
0,10,85,42
0,10,86,21
0,10,87,15
0,10,88,17
0,10,89,57
0,10,90,42
0,10,91,64
0,10,92,27
0,10,93,42
0,10,94,42
0,10,95,43
0,10,96,11
0,10,97,51
0,10,98,63
0,10,99,39
0,11,0,32
0,11,1,89
0,11,2,13
0,11,3,46
0,11,4,106
0,11,5,72
0,11,6,99
0,11,7,74
0,11,8,96
0,11,9,102
0,11,10,45
0,11,11,25
0,11,12,86
0,11,13,57
0,11,14,25
0,11,15,72
0,11,16,16
0,11,17,33
0,11,18,92
0,11,19,14
0,11,20,43
0,11,21,15
0,11,22,114
0,11,23,72
0,11,24,42
0,11,25,107
0,11,26,64
0,11,27,59
0,11,28,72
0,11,29,39
0,11,30,44
0,11,31,50
0,11,32,37
0,11,33,72
0,11,34,83
0,11,35,20
0,11,36,111
0,11,37,89
0,11,38,94
0,11,39,89
0,11,40,21
0,11,41,61
0,11,42,58
0,11,43,81
0,11,44,58
0,11,45,84
0,11,46,82
0,11,47,83
0,11,48,75
0,11,49,28
0,11,50,90
0,11,51,92
0,11,52,104
0,11,53,36
0,11,54,31
0,11,55,52
0,11,56,45
0,11,57,95
0,11,58,75
0,11,59,90
0,11,60,56
0,11,61,23
0,11,62,24
0,11,63,50
0,11,64,32
0,11,65,96
0,11,66,73
0,11,67,82
0,11,68,62
0,11,69,22
0,11,70,36
0,11,71,59
0,11,72,33
0,11,73,15
0,11,74,86
0,11,75,86
0,11,76,46
0,11,77,98
0,11,78,56
0,11,79,100
0,11,80,79
0,11,81,71
0,11,82,33
0,11,83,66
0,11,84,103
0,11,85,44
0,11,86,101
0,11,87,105
0,11,88,46
0,11,89,82
0,11,90,104
0,11,91,20
0,11,92,102
0,11,93,32
0,11,94,99
0,11,95,80
0,11,96,47
0,11,97,28
0,11,98,77
0,11,99,98
0,12,0,214
0,12,1,171
0,12,2,245
0,12,3,162
0,12,4,73
0,12,5,126
0,12,6,105
0,12,7,253
0,12,8,114
0,12,9,253
0,12,10,146
0,12,11,67
0,12,12,45
0,12,13,112
0,12,14,56
0,12,15,172
0,12,16,122
0,12,17,253
0,12,18,239
0,12,19,62
0,12,20,118
0,12,21,133
0,12,22,155
0,12,23,205
0,12,24,139
0,12,25,123
0,12,26,88
0,12,27,235
0,12,28,33
0,12,29,214
0,12,30,71
0,12,31,184
0,12,32,109
0,12,33,249
0,12,34,56
0,12,35,71
0,12,36,230
0,12,37,160
0,12,38,98
0,12,39,28
0,12,40,80
0,12,41,61
0,12,42,74
0,12,43,231
0,12,44,226
0,12,45,187
0,12,46,135
0,12,47,216
0,12,48,141
0,12,49,111
0,12,50,91
0,12,51,238
0,12,52,116
0,12,53,140
0,12,54,86
0,12,55,229
0,12,56,115
0,12,57,96
0,12,58,191
0,12,59,72
0,12,60,55
0,12,61,218
0,12,62,197
0,12,63,162
0,12,64,83
0,12,65,169
0,12,66,173
0,12,67,102
0,12,68,44
0,12,69,228
0,12,70,132
0,12,71,201
0,12,72,86
0,12,73,162
0,12,74,125
0,12,75,115
0,12,76,57
0,12,77,84
0,12,78,46
0,12,79,97
0,12,80,196
0,12,81,168
0,12,82,181
0,12,83,30
0,12,84,182
0,12,85,142
0,12,86,81
0,12,87,68
0,12,88,70
0,12,89,219
0,12,90,251
0,12,91,235
0,12,92,107
0,12,93,205
0,12,94,152
0,12,95,213
0,12,96,138
0,12,97,162
0,12,98,207
0,12,99,51
0,13,0,215
0,13,1,159
0,13,2,237
0,13,3,352
0,13,4,168
0,13,5,168
0,13,6,297
0,13,7,250
0,13,8,169
0,13,9,264
0,13,10,172
0,13,11,85
0,13,12,187
0,13,13,149
0,13,14,111
0,13,15,341
0,13,16,265
0,13,17,235
0,13,18,283
0,13,19,217
0,13,20,268
0,13,21,343
0,13,22,321
0,13,23,95
0,13,24,126
0,13,25,64
0,13,26,358
0,13,27,117
0,13,28,255
0,13,29,70
0,13,30,109
0,13,31,204
0,13,32,75
0,13,33,167
0,13,34,215
0,13,35,151
0,13,36,221
0,13,37,215
0,13,38,167
0,13,39,267
0,13,40,261
0,13,41,264
0,13,42,223
0,13,43,157
0,13,44,240
0,13,45,345
0,13,46,234
0,13,47,359
0,13,48,184
0,13,49,281
0,13,50,53
0,13,51,289
0,13,52,209
0,13,53,42
0,13,54,131
0,13,55,214
0,13,56,290
0,13,57,58
0,13,58,219
0,13,59,301
0,13,60,252
0,13,61,343
0,13,62,65
0,13,63,131
0,13,64,339
0,13,65,289
0,13,66,235
0,13,67,311
0,13,68,332
0,13,69,357
0,13,70,365
0,13,71,86
0,13,72,64
0,13,73,64
0,13,74,45
0,13,75,356
0,13,76,71
0,13,77,314
0,13,78,263
0,13,79,199
0,13,80,153
0,13,81,155
0,13,82,123
0,13,83,336
0,13,84,276
0,13,85,49
0,13,86,191
0,13,87,132
0,13,88,50
0,13,89,328
0,13,90,291
0,13,91,148
0,13,92,299
0,13,93,146
0,13,94,141
0,13,95,342
0,13,96,358
0,13,97,211
0,13,98,350
0,13,99,329
0,14,0,205
0,14,1,158
0,14,2,266
0,14,3,185
0,14,4,232
0,14,5,355
0,14,6,286
0,14,7,146
0,14,8,68
0,14,9,99
0,14,10,208
0,14,11,173
0,14,12,295
0,14,13,337
0,14,14,96
0,14,15,314
0,14,16,345
0,14,17,345
0,14,18,52
0,14,19,58
0,14,20,42
0,14,21,139
0,14,22,58
0,14,23,133
0,14,24,153
0,14,25,343
0,14,26,192
0,14,27,128
0,14,28,200
0,14,29,245
0,14,30,75
0,14,31,281
0,14,32,311
0,14,33,309
0,14,34,323
0,14,35,161
0,14,36,181
0,14,37,72
0,14,38,112
0,14,39,349
0,14,40,130
0,14,41,329
0,14,42,323
0,14,43,334
0,14,44,90
0,14,45,320
0,14,46,241
0,14,47,107
0,14,48,150
0,14,49,91
0,14,50,181
0,14,51,66
0,14,52,92
0,14,53,103
0,14,54,260
0,14,55,222
0,14,56,318
0,14,57,118
0,14,58,240
0,14,59,51
0,14,60,204
0,14,61,315
0,14,62,353
0,14,63,43
0,14,64,120
0,14,65,111
0,14,66,55
0,14,67,43
0,14,68,196
0,14,69,54
0,14,70,128
0,14,71,244
0,14,72,134
0,14,73,126
0,14,74,228
0,14,75,161
0,14,76,263
0,14,77,198
0,14,78,241
0,14,79,152
0,14,80,131
0,14,81,82
0,14,82,338
0,14,83,296
0,14,84,338
0,14,85,99
0,14,86,337
0,14,87,338
0,14,88,130
0,14,89,127
0,14,90,215
0,14,91,99
0,14,92,181
0,14,93,99
0,14,94,341
0,14,95,197
0,14,96,347
0,14,97,245
0,14,98,194
0,14,99,348
0,15,0,72
0,15,1,204
0,15,2,212
0,15,3,151
0,15,4,50
0,15,5,167
0,15,6,159
0,15,7,251
0,15,8,103
0,15,9,139
0,15,10,99
0,15,11,219
0,15,12,301
0,15,13,82
0,15,14,255
0,15,15,96
0,15,16,49
0,15,17,71
0,15,18,286
0,15,19,273
0,15,20,112
0,15,21,289
0,15,22,263
0,15,23,151
0,15,24,160
0,15,25,204
0,15,26,76
0,15,27,38
0,15,28,105
0,15,29,38
0,15,30,216
0,15,31,183
0,15,32,121
0,15,33,244
0,15,34,73
0,15,35,100
0,15,36,113
0,15,37,87
0,15,38,57
0,15,39,268
0,15,40,58
0,15,41,218
0,15,42,66
0,15,43,37
0,15,44,184
0,15,45,278
0,15,46,266
0,15,47,125
0,15,48,41
0,15,49,250
0,15,50,251
0,15,51,268
0,15,52,214
0,15,53,252
0,15,54,276
0,15,55,156
0,15,56,184
0,15,57,170
0,15,58,220
0,15,59,218
0,15,60,174
0,15,61,257
0,15,62,170
0,15,63,256
0,15,64,110
0,15,65,82
0,15,66,295
0,15,67,234
0,15,68,104
0,15,69,191
0,15,70,291
0,15,71,56
0,15,72,56
0,15,73,201
0,15,74,94
0,15,75,240
0,15,76,187
0,15,77,213
0,15,78,63
0,15,79,56
0,15,80,202
0,15,81,144
0,15,82,57
0,15,83,134
0,15,84,215
0,15,85,85
0,15,86,275
0,15,87,290
0,15,88,293
0,15,89,231
0,15,90,143
0,15,91,234
0,15,92,111
0,15,93,119
0,15,94,197
0,15,95,194
0,15,96,271
0,15,97,102
0,15,98,240
0,15,99,288
0,16,0,4
0,16,1,19
0,16,2,25
0,16,3,31
0,16,4,10
0,16,5,31
0,16,6,16
0,16,7,33
0,16,8,5
0,16,9,7
0,16,10,35
0,16,11,24
0,16,12,17
0,16,13,9
0,16,14,25
0,16,15,5
0,16,16,14
0,16,17,14
0,16,18,23
0,16,19,25
0,16,20,31
0,16,21,34
0,16,22,25
0,16,23,23
0,16,24,17
0,16,25,35
0,16,26,9
0,16,27,33
0,16,28,14
0,16,29,22
0,16,30,26
0,16,31,12
0,16,32,9
0,16,33,20
0,16,34,29
0,16,35,26
0,16,36,8
0,16,37,33
0,16,38,19
0,16,39,34
0,16,40,22
0,16,41,7
0,16,42,10
0,16,43,31
0,16,44,27
0,16,45,33
0,16,46,15
0,16,47,21
0,16,48,25
0,16,49,23
0,16,50,11
0,16,51,18
0,16,52,12
0,16,53,31
0,16,54,36
0,16,55,6
0,16,56,27
0,16,57,15
0,16,58,24
0,16,59,12
0,16,60,25
0,16,61,16
0,16,62,13
0,16,63,33
0,16,64,34
0,16,65,24
0,16,66,11
0,16,67,34
0,16,68,28
0,16,69,28
0,16,70,11
0,16,71,31
0,16,72,12
0,16,73,24
0,16,74,27
0,16,75,28
0,16,76,16
0,16,77,28
0,16,78,33
0,16,79,23
0,16,80,7
0,16,81,8
0,16,82,7
0,16,83,10
0,16,84,8
0,16,85,29
0,16,86,5
0,16,87,12
0,16,88,32
0,16,89,35
0,16,90,23
0,16,91,35
0,16,92,5
0,16,93,34
0,16,94,14
0,16,95,30
0,16,96,30
0,16,97,32
0,16,98,19
0,16,99,34
0,17,0,0
0,17,1,0
0,17,2,0
0,17,3,0
0,17,4,0
0,17,5,0
0,17,6,0
0,17,7,0
0,17,8,0
0,17,9,0
0,17,10,0
0,17,11,0
0,17,12,0
0,17,13,0
0,17,14,0
0,17,15,0
0,17,16,0
0,17,17,0
0,17,18,0
0,17,19,0
0,17,20,0
0,17,21,0
0,17,22,0
0,17,23,0
0,17,24,0
0,17,25,0
0,17,26,0
0,17,27,0
0,17,28,0
0,17,29,0
0,17,30,0
0,17,31,0
0,17,32,0
0,17,33,0
0,17,34,0
0,17,35,0
0,17,36,0
0,17,37,0
0,17,38,0
0,17,39,0
0,17,40,0
0,17,41,0
0,17,42,0
0,17,43,0
0,17,44,0
0,17,45,0
0,17,46,0
0,17,47,0
0,17,48,0
0,17,49,0
0,17,50,0
0,17,51,0
0,17,52,0
0,17,53,0
0,17,54,0
0,17,55,0
0,17,56,0
0,17,57,0
0,17,58,0
0,17,59,0
0,17,60,0
0,17,61,0
0,17,62,0
0,17,63,0
0,17,64,0
0,17,65,0
0,17,66,0
0,17,67,0
0,17,68,0
0,17,69,0
0,17,70,0
0,17,71,0
0,17,72,0
0,17,73,0
0,17,74,0
0,17,75,0
0,17,76,0
0,17,77,0
0,17,78,0
0,17,79,0
0,17,80,0
0,17,81,0
0,17,82,0
0,17,83,0
0,17,84,0
0,17,85,0
0,17,86,0
0,17,87,0
0,17,88,0
0,17,89,0
0,17,90,0
0,17,91,0
0,17,92,0
0,17,93,0
0,17,94,0
0,17,95,0
0,17,96,0
0,17,97,0
0,17,98,0
0,17,99,0
0,18,0,132
0,18,1,45
0,18,2,55
0,18,3,129
0,18,4,112
0,18,5,123
0,18,6,16
0,18,7,60
0,18,8,43
0,18,9,50
0,18,10,103
0,18,11,102
0,18,12,70
0,18,13,59
0,18,14,85
0,18,15,79
0,18,16,81
0,18,17,89
0,18,18,62
0,18,19,107
0,18,20,45
0,18,21,94
0,18,22,130
0,18,23,15
0,18,24,102
0,18,25,28
0,18,26,80
0,18,27,90
0,18,28,44
0,18,29,124
0,18,30,90
0,18,31,43
0,18,32,107
0,18,33,28
0,18,34,81
0,18,35,26
0,18,36,85
0,18,37,45
0,18,38,93
0,18,39,101
0,18,40,78
0,18,41,94
0,18,42,112
0,18,43,112
0,18,44,89
0,18,45,69
0,18,46,64
0,18,47,120
0,18,48,99
0,18,49,37
0,18,50,83
0,18,51,124
0,18,52,33
0,18,53,116
0,18,54,113
0,18,55,75
0,18,56,19
0,18,57,33
0,18,58,126
0,18,59,20
0,18,60,60
0,18,61,89
0,18,62,39
0,18,63,133
0,18,64,34
0,18,65,80
0,18,66,89
0,18,67,43
0,18,68,71
0,18,69,74
0,18,70,107
0,18,71,91
0,18,72,71
0,18,73,95
0,18,74,69
0,18,75,78
0,18,76,94
0,18,77,37
0,18,78,109
0,18,79,87
0,18,80,132
0,18,81,42
0,18,82,71
0,18,83,122
0,18,84,87
0,18,85,102
0,18,86,65
0,18,87,97
0,18,88,128
0,18,89,39
0,18,90,112
0,18,91,131
0,18,92,17
0,18,93,41
0,18,94,29
0,18,95,107
0,18,96,25
0,18,97,135
0,18,98,62
0,18,99,123
0,19,0,28
0,19,1,51
0,19,2,87
0,19,3,65
0,19,4,53
0,19,5,57
0,19,6,63
0,19,7,51
0,19,8,29
0,19,9,21
0,19,10,25
0,19,11,16
0,19,12,61
0,19,13,87
0,19,14,43
0,19,15,18
0,19,16,49
0,19,17,65
0,19,18,49
0,19,19,84
0,19,20,96
0,19,21,89
0,19,22,74
0,19,23,53
0,19,24,73
0,19,25,12
0,19,26,99
0,19,27,27
0,19,28,93
0,19,29,84
0,19,30,83
0,19,31,35
0,19,32,31
0,19,33,50
0,19,34,87
0,19,35,52
0,19,36,95
0,19,37,43
0,19,38,67
0,19,39,99
0,19,40,69
0,19,41,15
0,19,42,53
0,19,43,41
0,19,44,59
0,19,45,37
0,19,46,22
0,19,47,71
0,19,48,72
0,19,49,89
0,19,50,23
0,19,51,83
0,19,52,85
0,19,53,69
0,19,54,30
0,19,55,35
0,19,56,49
0,19,57,60
0,19,58,54
0,19,59,53
0,19,60,87
0,19,61,89
0,19,62,85
0,19,63,90
0,19,64,63
0,19,65,98
0,19,66,66
0,19,67,65
0,19,68,40
0,19,69,72
0,19,70,16
0,19,71,23
0,19,72,23
0,19,73,70
0,19,74,27
0,19,75,42
0,19,76,15
0,19,77,32
0,19,78,98
0,19,79,57
0,19,80,25
0,19,81,58
0,19,82,96
0,19,83,89
0,19,84,46
0,19,85,37
0,19,86,80
0,19,87,33
0,19,88,34
0,19,89,19
0,19,90,89
0,19,91,51
0,19,92,62
0,19,93,77
0,19,94,83
0,19,95,51
0,19,96,28
0,19,97,86
0,19,98,14
0,19,99,96
0,20,0,44
0,20,1,63
0,20,2,46
0,20,3,24
0,20,4,26
0,20,5,41
0,20,6,68
0,20,7,19
0,20,8,40
0,20,9,29
0,20,10,56
0,20,11,58
0,20,12,35
0,20,13,21
0,20,14,12
0,20,15,20
0,20,16,25
0,20,17,45
0,20,18,63
0,20,19,16
0,20,20,68
0,20,21,51
0,20,22,54
0,20,23,70
0,20,24,34
0,20,25,41
0,20,26,51
0,20,27,40
0,20,28,27
0,20,29,14
0,20,30,26
0,20,31,56
0,20,32,48
0,20,33,58
0,20,34,40
0,20,35,22
0,20,36,47
0,20,37,27
0,20,38,10
0,20,39,65
0,20,40,34
0,20,41,35
0,20,42,54
0,20,43,67
0,20,44,12
0,20,45,19
0,20,46,28
0,20,47,23
0,20,48,39
0,20,49,60
0,20,50,61
0,20,51,45
0,20,52,23
0,20,53,20
0,20,54,55
0,20,55,23
0,20,56,42
0,20,57,55
0,20,58,22
0,20,59,19
0,20,60,10
0,20,61,17
0,20,62,61
0,20,63,14
0,20,64,22
0,20,65,10
0,20,66,50
0,20,67,22
0,20,68,34
0,20,69,17
0,20,70,32
0,20,71,35
0,20,72,38
0,20,73,34
0,20,74,14
0,20,75,56
0,20,76,16
0,20,77,34
0,20,78,25
0,20,79,27
0,20,80,50
0,20,81,40
0,20,82,20
0,20,83,37
0,20,84,29
0,20,85,52
0,20,86,22
0,20,87,61
0,20,88,41
0,20,89,39
0,20,90,24
0,20,91,20
0,20,92,37
0,20,93,70
0,20,94,16
0,20,95,26
0,20,96,58
0,20,97,50
0,20,98,25
0,20,99,28
0,21,0,7
0,21,1,9
0,21,2,10
0,21,3,12
0,21,4,10
0,21,5,4
0,21,6,13
0,21,7,11
0,21,8,5
0,21,9,5
0,21,10,12
0,21,11,3
0,21,12,9
0,21,13,5
0,21,14,12
0,21,15,6
0,21,16,10
0,21,17,4
0,21,18,7
0,21,19,11
0,21,20,6
0,21,21,3
0,21,22,9
0,21,23,11
0,21,24,5
0,21,25,7
0,21,26,13
0,21,27,12
0,21,28,10
0,21,29,9
0,21,30,11
0,21,31,13
0,21,32,2
0,21,33,6
0,21,34,8
0,21,35,10
0,21,36,3
0,21,37,6
0,21,38,5
0,21,39,7
0,21,40,8
0,21,41,10
0,21,42,8
0,21,43,9
0,21,44,9
0,21,45,7
0,21,46,2
0,21,47,4
0,21,48,5
0,21,49,3
0,21,50,9
0,21,51,9
0,21,52,8
0,21,53,5
0,21,54,9
0,21,55,4
0,21,56,2
0,21,57,10
0,21,58,7
0,21,59,10
0,21,60,4
0,21,61,2
0,21,62,6
0,21,63,10
0,21,64,3
0,21,65,4
0,21,66,7
0,21,67,9
0,21,68,11
0,21,69,3
0,21,70,9
0,21,71,6
0,21,72,10
0,21,73,4
0,21,74,8
0,21,75,4
0,21,76,2
0,21,77,7
0,21,78,4
0,21,79,9
0,21,80,8
0,21,81,11
0,21,82,6
0,21,83,14
0,21,84,8
0,21,85,7
0,21,86,11
0,21,87,9
0,21,88,6
0,21,89,7
0,21,90,4
0,21,91,6
0,21,92,2
0,21,93,7
0,21,94,5
0,21,95,8
0,21,96,2
0,21,97,8
0,21,98,5
0,21,99,9
0,22,0,0
0,22,1,0
0,22,2,0
0,22,3,0
0,22,4,0
0,22,5,0
0,22,6,0
0,22,7,0
0,22,8,0
0,22,9,0
0,22,10,0
0,22,11,0
0,22,12,0
0,22,13,0
0,22,14,0
0,22,15,0
0,22,16,0
0,22,17,0
0,22,18,0
0,22,19,0
0,22,20,0
0,22,21,0
0,22,22,0
0,22,23,0
0,22,24,0
0,22,25,0
0,22,26,0
0,22,27,0
0,22,28,0
0,22,29,0
0,22,30,0
0,22,31,0
0,22,32,0
0,22,33,0
0,22,34,0
0,22,35,0
0,22,36,0
0,22,37,0
0,22,38,0
0,22,39,0
0,22,40,0
0,22,41,0
0,22,42,0
0,22,43,0
0,22,44,0
0,22,45,0
0,22,46,0
0,22,47,0
0,22,48,0
0,22,49,0
0,22,50,0
0,22,51,0
0,22,52,0
0,22,53,0
0,22,54,0
0,22,55,0
0,22,56,0
0,22,57,0
0,22,58,0
0,22,59,0
0,22,60,0
0,22,61,0
0,22,62,0
0,22,63,0
0,22,64,0
0,22,65,0
0,22,66,0
0,22,67,0
0,22,68,0
0,22,69,0
0,22,70,0
0,22,71,0
0,22,72,0
0,22,73,0
0,22,74,0
0,22,75,0
0,22,76,0
0,22,77,0
0,22,78,0
0,22,79,0
0,22,80,0
0,22,81,0
0,22,82,0
0,22,83,0
0,22,84,0
0,22,85,0
0,22,86,0
0,22,87,0
0,22,88,0
0,22,89,0
0,22,90,0
0,22,91,0
0,22,92,0
0,22,93,0
0,22,94,0
0,22,95,0
0,22,96,0
0,22,97,0
0,22,98,0
0,22,99,0
0,23,0,0
0,23,1,0
0,23,2,0
0,23,3,0
0,23,4,0
0,23,5,0
0,23,6,0
0,23,7,0
0,23,8,0
0,23,9,0
0,23,10,0
0,23,11,0
0,23,12,0
0,23,13,0
0,23,14,0
0,23,15,0
0,23,16,0
0,23,17,0
0,23,18,0
0,23,19,0
0,23,20,0
0,23,21,0
0,23,22,0
0,23,23,0
0,23,24,0
0,23,25,0
0,23,26,0
0,23,27,0
0,23,28,0
0,23,29,0
0,23,30,0
0,23,31,0
0,23,32,0
0,23,33,0
0,23,34,0
0,23,35,0
0,23,36,0
0,23,37,0
0,23,38,0
0,23,39,0
0,23,40,0
0,23,41,0
0,23,42,0
0,23,43,0
0,23,44,0
0,23,45,0
0,23,46,0
0,23,47,0
0,23,48,0
0,23,49,0
0,23,50,0
0,23,51,0
0,23,52,0
0,23,53,0
0,23,54,0
0,23,55,0
0,23,56,0
0,23,57,0
0,23,58,0
0,23,59,0
0,23,60,0
0,23,61,0
0,23,62,0
0,23,63,0
0,23,64,0
0,23,65,0
0,23,66,0
0,23,67,0
0,23,68,0
0,23,69,0
0,23,70,0
0,23,71,0
0,23,72,0
0,23,73,0
0,23,74,0
0,23,75,0
0,23,76,0
0,23,77,0
0,23,78,0
0,23,79,0
0,23,80,0
0,23,81,0
0,23,82,0
0,23,83,0
0,23,84,0
0,23,85,0
0,23,86,0
0,23,87,0
0,23,88,0
0,23,89,0
0,23,90,0
0,23,91,0
0,23,92,0
0,23,93,0
0,23,94,0
0,23,95,0
0,23,96,0
0,23,97,0
0,23,98,0
0,23,99,0
1,0,0,0
1,0,1,0
1,0,2,0
1,0,3,0
1,0,4,0
1,0,5,0
1,0,6,0
1,0,7,0
1,0,8,0
1,0,9,0
1,0,10,0
1,0,11,0
1,0,12,0
1,0,13,0
1,0,14,0
1,0,15,0
1,0,16,0
1,0,17,0
1,0,18,0
1,0,19,0
1,0,20,0
1,0,21,0
1,0,22,0
1,0,23,0
1,0,24,0
1,0,25,0
1,0,26,0
1,0,27,0
1,0,28,0
1,0,29,0
1,0,30,0
1,0,31,0
1,0,32,0
1,0,33,0
1,0,34,0
1,0,35,0
1,0,36,0
1,0,37,0
1,0,38,0
1,0,39,0
1,0,40,0
1,0,41,0
1,0,42,0
1,0,43,0
1,0,44,0
1,0,45,0
1,0,46,0
1,0,47,0
1,0,48,0
1,0,49,0
1,0,50,0
1,0,51,0
1,0,52,0
1,0,53,0
1,0,54,0
1,0,55,0
1,0,56,0
1,0,57,0
1,0,58,0
1,0,59,0
1,0,60,0
1,0,61,0
1,0,62,0
1,0,63,0
1,0,64,0
1,0,65,0
1,0,66,0
1,0,67,0
1,0,68,0
1,0,69,0
1,0,70,0
1,0,71,0
1,0,72,0
1,0,73,0
1,0,74,0
1,0,75,0
1,0,76,0
1,0,77,0
1,0,78,0
1,0,79,0
1,0,80,0
1,0,81,0
1,0,82,0
1,0,83,0
1,0,84,0
1,0,85,0
1,0,86,0
1,0,87,0
1,0,88,0
1,0,89,0
1,0,90,0
1,0,91,0
1,0,92,0
1,0,93,0
1,0,94,0
1,0,95,0
1,0,96,0
1,0,97,0
1,0,98,0
1,0,99,0
1,1,0,0
1,1,1,0
1,1,2,0
1,1,3,0
1,1,4,0
1,1,5,0
1,1,6,0
1,1,7,0
1,1,8,0
1,1,9,0
1,1,10,0
1,1,11,0
1,1,12,0
1,1,13,0
1,1,14,0
1,1,15,0
1,1,16,0
1,1,17,0
1,1,18,0
1,1,19,0
1,1,20,0
1,1,21,0
1,1,22,0
1,1,23,0
1,1,24,0
1,1,25,0
1,1,26,0
1,1,27,0
1,1,28,0
1,1,29,0
1,1,30,0
1,1,31,0
1,1,32,0
1,1,33,0
1,1,34,0
1,1,35,0
1,1,36,0
1,1,37,0
1,1,38,0
1,1,39,0
1,1,40,0
1,1,41,0
1,1,42,0
1,1,43,0
1,1,44,0
1,1,45,0
1,1,46,0
1,1,47,0
1,1,48,0
1,1,49,0
1,1,50,0
1,1,51,0
1,1,52,0
1,1,53,0
1,1,54,0
1,1,55,0
1,1,56,0
1,1,57,0
1,1,58,0
1,1,59,0
1,1,60,0
1,1,61,0
1,1,62,0
1,1,63,0
1,1,64,0
1,1,65,0
1,1,66,0
1,1,67,0
1,1,68,0
1,1,69,0
1,1,70,0
1,1,71,0
1,1,72,0
1,1,73,0
1,1,74,0
1,1,75,0
1,1,76,0
1,1,77,0
1,1,78,0
1,1,79,0
1,1,80,0
1,1,81,0
1,1,82,0
1,1,83,0
1,1,84,0
1,1,85,0
1,1,86,0
1,1,87,0
1,1,88,0
1,1,89,0
1,1,90,0
1,1,91,0
1,1,92,0
1,1,93,0
1,1,94,0
1,1,95,0
1,1,96,0
1,1,97,0
1,1,98,0
1,1,99,0
1,2,0,0
1,2,1,0
1,2,2,0
1,2,3,0
1,2,4,0
1,2,5,0
1,2,6,0
1,2,7,0
1,2,8,0
1,2,9,0
1,2,10,0
1,2,11,0
1,2,12,0
1,2,13,0
1,2,14,0
1,2,15,0
1,2,16,0
1,2,17,0
1,2,18,0
1,2,19,0
1,2,20,0
1,2,21,0
1,2,22,0
1,2,23,0
1,2,24,0
1,2,25,0
1,2,26,0
1,2,27,0
1,2,28,0
1,2,29,0
1,2,30,0
1,2,31,0
1,2,32,0
1,2,33,0
1,2,34,0
1,2,35,0
1,2,36,0
1,2,37,0
1,2,38,0
1,2,39,0
1,2,40,0
1,2,41,0
1,2,42,0
1,2,43,0
1,2,44,0
1,2,45,0
1,2,46,0
1,2,47,0
1,2,48,0
1,2,49,0
1,2,50,0
1,2,51,0
1,2,52,0
1,2,53,0
1,2,54,0
1,2,55,0
1,2,56,0
1,2,57,0
1,2,58,0
1,2,59,0
1,2,60,0
1,2,61,0
1,2,62,0
1,2,63,0
1,2,64,0
1,2,65,0
1,2,66,0
1,2,67,0
1,2,68,0
1,2,69,0
1,2,70,0
1,2,71,0
1,2,72,0
1,2,73,0
1,2,74,0
1,2,75,0
1,2,76,0
1,2,77,0
1,2,78,0
1,2,79,0
1,2,80,0
1,2,81,0
1,2,82,0
1,2,83,0
1,2,84,0
1,2,85,0
1,2,86,0
1,2,87,0
1,2,88,0
1,2,89,0
1,2,90,0
1,2,91,0
1,2,92,0
1,2,93,0
1,2,94,0
1,2,95,0
1,2,96,0
1,2,97,0
1,2,98,0
1,2,99,0
1,3,0,0
1,3,1,0
1,3,2,0
1,3,3,0
1,3,4,0
1,3,5,0
1,3,6,0
1,3,7,0
1,3,8,0
1,3,9,0
1,3,10,0
1,3,11,0
1,3,12,0
1,3,13,0
1,3,14,0
1,3,15,0
1,3,16,0
1,3,17,0
1,3,18,0
1,3,19,0
1,3,20,0
1,3,21,0
1,3,22,0
1,3,23,0
1,3,24,0
1,3,25,0
1,3,26,0
1,3,27,0
1,3,28,0
1,3,29,0
1,3,30,0
1,3,31,0
1,3,32,0
1,3,33,0
1,3,34,0
1,3,35,0
1,3,36,0
1,3,37,0
1,3,38,0
1,3,39,0
1,3,40,0
1,3,41,0
1,3,42,0
1,3,43,0
1,3,44,0
1,3,45,0
1,3,46,0
1,3,47,0
1,3,48,0
1,3,49,0
1,3,50,0
1,3,51,0
1,3,52,0
1,3,53,0
1,3,54,0
1,3,55,0
1,3,56,0
1,3,57,0
1,3,58,0
1,3,59,0
1,3,60,0
1,3,61,0
1,3,62,0
1,3,63,0
1,3,64,0
1,3,65,0
1,3,66,0
1,3,67,0
1,3,68,0
1,3,69,0
1,3,70,0
1,3,71,0
1,3,72,0
1,3,73,0
1,3,74,0
1,3,75,0
1,3,76,0
1,3,77,0
1,3,78,0
1,3,79,0
1,3,80,0
1,3,81,0
1,3,82,0
1,3,83,0
1,3,84,0
1,3,85,0
1,3,86,0
1,3,87,0
1,3,88,0
1,3,89,0
1,3,90,0
1,3,91,0
1,3,92,0
1,3,93,0
1,3,94,0
1,3,95,0
1,3,96,0
1,3,97,0
1,3,98,0
1,3,99,0
1,4,0,0
1,4,1,0
1,4,2,0
1,4,3,0
1,4,4,0
1,4,5,0
1,4,6,0
1,4,7,0
1,4,8,0
1,4,9,0
1,4,10,0
1,4,11,0
1,4,12,0
1,4,13,0
1,4,14,0
1,4,15,0
1,4,16,0
1,4,17,0
1,4,18,0
1,4,19,0
1,4,20,0
1,4,21,0
1,4,22,0
1,4,23,0
1,4,24,0
1,4,25,0
1,4,26,0
1,4,27,0
1,4,28,0
1,4,29,0
1,4,30,0
1,4,31,0
1,4,32,0
1,4,33,0
1,4,34,0
1,4,35,0
1,4,36,0
1,4,37,0
1,4,38,0
1,4,39,0
1,4,40,0
1,4,41,0
1,4,42,0
1,4,43,0
1,4,44,0
1,4,45,0
1,4,46,0
1,4,47,0
1,4,48,0
1,4,49,0
1,4,50,0
1,4,51,0
1,4,52,0
1,4,53,0
1,4,54,0
1,4,55,0
1,4,56,0
1,4,57,0
1,4,58,0
1,4,59,0
1,4,60,0
1,4,61,0
1,4,62,0
1,4,63,0
1,4,64,0
1,4,65,0
1,4,66,0
1,4,67,0
1,4,68,0
1,4,69,0
1,4,70,0
1,4,71,0
1,4,72,0
1,4,73,0
1,4,74,0
1,4,75,0
1,4,76,0
1,4,77,0
1,4,78,0
1,4,79,0
1,4,80,0
1,4,81,0
1,4,82,0
1,4,83,0
1,4,84,0
1,4,85,0
1,4,86,0
1,4,87,0
1,4,88,0
1,4,89,0
1,4,90,0
1,4,91,0
1,4,92,0
1,4,93,0
1,4,94,0
1,4,95,0
1,4,96,0
1,4,97,0
1,4,98,0
1,4,99,0
1,5,0,0
1,5,1,0
1,5,2,0
1,5,3,0
1,5,4,0
1,5,5,0
1,5,6,0
1,5,7,0
1,5,8,0
1,5,9,0
1,5,10,0
1,5,11,0
1,5,12,0
1,5,13,0
1,5,14,0
1,5,15,0
1,5,16,0
1,5,17,0
1,5,18,0
1,5,19,0
1,5,20,0
1,5,21,0
1,5,22,0
1,5,23,0
1,5,24,0
1,5,25,0
1,5,26,0
1,5,27,0
1,5,28,0
1,5,29,0
1,5,30,0
1,5,31,0
1,5,32,0
1,5,33,0
1,5,34,0
1,5,35,0
1,5,36,0
1,5,37,0
1,5,38,0
1,5,39,0
1,5,40,0
1,5,41,0
1,5,42,0
1,5,43,0
1,5,44,0
1,5,45,0
1,5,46,0
1,5,47,0
1,5,48,0
1,5,49,0
1,5,50,0
1,5,51,0
1,5,52,0
1,5,53,0
1,5,54,0
1,5,55,0
1,5,56,0
1,5,57,0
1,5,58,0
1,5,59,0
1,5,60,0
1,5,61,0
1,5,62,0
1,5,63,0
1,5,64,0
1,5,65,0
1,5,66,0
1,5,67,0
1,5,68,0
1,5,69,0
1,5,70,0
1,5,71,0
1,5,72,0
1,5,73,0
1,5,74,0
1,5,75,0
1,5,76,0
1,5,77,0
1,5,78,0
1,5,79,0
1,5,80,0
1,5,81,0
1,5,82,0
1,5,83,0
1,5,84,0
1,5,85,0
1,5,86,0
1,5,87,0
1,5,88,0
1,5,89,0
1,5,90,0
1,5,91,0
1,5,92,0
1,5,93,0
1,5,94,0
1,5,95,0
1,5,96,0
1,5,97,0
1,5,98,0
1,5,99,0
1,6,0,1
1,6,1,0
1,6,2,0
1,6,3,1
1,6,4,1
1,6,5,1
1,6,6,1
1,6,7,0
1,6,8,1
1,6,9,1
1,6,10,1
1,6,11,0
1,6,12,1
1,6,13,1
1,6,14,1
1,6,15,1
1,6,16,0
1,6,17,1
1,6,18,0
1,6,19,1
1,6,20,0
1,6,21,1
1,6,22,0
1,6,23,0
1,6,24,1
1,6,25,0
1,6,26,1
1,6,27,0
1,6,28,1
1,6,29,1
1,6,30,0
1,6,31,1
1,6,32,1
1,6,33,0
1,6,34,0
1,6,35,0
1,6,36,1
1,6,37,0
1,6,38,1
1,6,39,0
1,6,40,1
1,6,41,1
1,6,42,0
1,6,43,1
1,6,44,1
1,6,45,0
1,6,46,0
1,6,47,0
1,6,48,1
1,6,49,0
1,6,50,0
1,6,51,1
1,6,52,1
1,6,53,0
1,6,54,0
1,6,55,1
1,6,56,1
1,6,57,0
1,6,58,1
1,6,59,0
1,6,60,1
1,6,61,1
1,6,62,0
1,6,63,1
1,6,64,1
1,6,65,1
1,6,66,0
1,6,67,1
1,6,68,0
1,6,69,1
1,6,70,0
1,6,71,0
1,6,72,1
1,6,73,1
1,6,74,0
1,6,75,1
1,6,76,1
1,6,77,0
1,6,78,1
1,6,79,0
1,6,80,1
1,6,81,0
1,6,82,0
1,6,83,1
1,6,84,1
1,6,85,0
1,6,86,1
1,6,87,0
1,6,88,0
1,6,89,0
1,6,90,0
1,6,91,0
1,6,92,0
1,6,93,1
1,6,94,1
1,6,95,1
1,6,96,0
1,6,97,0
1,6,98,1
1,6,99,1
1,7,0,2
1,7,1,3
1,7,2,8
1,7,3,3
1,7,4,2
1,7,5,2
1,7,6,6
1,7,7,6
1,7,8,4
1,7,9,7
1,7,10,5
1,7,11,4
1,7,12,2
1,7,13,7
1,7,14,3
1,7,15,5
1,7,16,8
1,7,17,2
1,7,18,8
1,7,19,6
1,7,20,2
1,7,21,6
1,7,22,8
1,7,23,5
1,7,24,6
1,7,25,1
1,7,26,8
1,7,27,3
1,7,28,1
1,7,29,7
1,7,30,8
1,7,31,6
1,7,32,1
1,7,33,1
1,7,34,5
1,7,35,3
1,7,36,7
1,7,37,7
1,7,38,8
1,7,39,6
1,7,40,7
1,7,41,3
1,7,42,2
1,7,43,7
1,7,44,3
1,7,45,4
1,7,46,6
1,7,47,5
1,7,48,4
1,7,49,4
1,7,50,2
1,7,51,5
1,7,52,3
1,7,53,6
1,7,54,6
1,7,55,1
1,7,56,8
1,7,57,7
1,7,58,3
1,7,59,1
1,7,60,4
1,7,61,3
1,7,62,5
1,7,63,6
1,7,64,7
1,7,65,1
1,7,66,6
1,7,67,3
1,7,68,8
1,7,69,7
1,7,70,5
1,7,71,5
1,7,72,2
1,7,73,3
1,7,74,2
1,7,75,4
1,7,76,2
1,7,77,5
1,7,78,5
1,7,79,2
1,7,80,3
1,7,81,1
1,7,82,5
1,7,83,6
1,7,84,5
1,7,85,7
1,7,86,3
1,7,87,5
1,7,88,3
1,7,89,2
1,7,90,3
1,7,91,1
1,7,92,8
1,7,93,6
1,7,94,2
1,7,95,7
1,7,96,3
1,7,97,7
1,7,98,4
1,7,99,7
1,8,0,4
1,8,1,5
1,8,2,5
1,8,3,2
1,8,4,5
1,8,5,8
1,8,6,6
1,8,7,10
1,8,8,4
1,8,9,5
1,8,10,5
1,8,11,7
1,8,12,3
1,8,13,3
1,8,14,11
1,8,15,5
1,8,16,7
1,8,17,2
1,8,18,3
1,8,19,2
1,8,20,10
1,8,21,2
1,8,22,7
1,8,23,3
1,8,24,4
1,8,25,10
1,8,26,8
1,8,27,11
1,8,28,8
1,8,29,1
1,8,30,6
1,8,31,2
1,8,32,5
1,8,33,6
1,8,34,7
1,8,35,4
1,8,36,7
1,8,37,5
1,8,38,7
1,8,39,3
1,8,40,3
1,8,41,9
1,8,42,5
1,8,43,8
1,8,44,7
1,8,45,11
1,8,46,10
1,8,47,6
1,8,48,3
1,8,49,8
1,8,50,8
1,8,51,9
1,8,52,11
1,8,53,9
1,8,54,8
1,8,55,8
1,8,56,4
1,8,57,8
1,8,58,10
1,8,59,11
1,8,60,11
1,8,61,7
1,8,62,4
1,8,63,5
1,8,64,12
1,8,65,7
1,8,66,10
1,8,67,8
1,8,68,7
1,8,69,5
1,8,70,7
1,8,71,1
1,8,72,10
1,8,73,7
1,8,74,2
1,8,75,10
1,8,76,3
1,8,77,2
1,8,78,6
1,8,79,11
1,8,80,2
1,8,81,2
1,8,82,10
1,8,83,10
1,8,84,10
1,8,85,6
1,8,86,6
1,8,87,5
1,8,88,7
1,8,89,9
1,8,90,9
1,8,91,8
1,8,92,7
1,8,93,6
1,8,94,5
1,8,95,4
1,8,96,4
1,8,97,8
1,8,98,9
1,8,99,8
1,9,0,31
1,9,1,28
1,9,2,78
1,9,3,97
1,9,4,12
1,9,5,33
1,9,6,81
1,9,7,74
1,9,8,33
1,9,9,60
1,9,10,63
1,9,11,74
1,9,12,52
1,9,13,47
1,9,14,38
1,9,15,32
1,9,16,19
1,9,17,68
1,9,18,70
1,9,19,71
1,9,20,11
1,9,21,50
1,9,22,22
1,9,23,57
1,9,24,97
1,9,25,55
1,9,26,44
1,9,27,83
1,9,28,96
1,9,29,36
1,9,30,82
1,9,31,99
1,9,32,21
1,9,33,58
1,9,34,83
1,9,35,44
1,9,36,50
1,9,37,77
1,9,38,20
1,9,39,43
1,9,40,61
1,9,41,32
1,9,42,85
1,9,43,78
1,9,44,96
1,9,45,57
1,9,46,20
1,9,47,93
1,9,48,84
1,9,49,59
1,9,50,85
1,9,51,89
1,9,52,79
1,9,53,61
1,9,54,65
1,9,55,85
1,9,56,66
1,9,57,29
1,9,58,72
1,9,59,58
1,9,60,34
1,9,61,11
1,9,62,32
1,9,63,70
1,9,64,88
1,9,65,84
1,9,66,21
1,9,67,17
1,9,68,78
1,9,69,36
1,9,70,35
1,9,71,11
1,9,72,20
1,9,73,23
1,9,74,25
1,9,75,50
1,9,76,83
1,9,77,82
1,9,78,91
1,9,79,50
1,9,80,73
1,9,81,54
1,9,82,15
1,9,83,18
1,9,84,33
1,9,85,97
1,9,86,72
1,9,87,35
1,9,88,73
1,9,89,69
1,9,90,15
1,9,91,43
1,9,92,79
1,9,93,18
1,9,94,89
1,9,95,93
1,9,96,86
1,9,97,21
1,9,98,61
1,9,99,73
1,10,0,172
1,10,1,37
1,10,2,160
1,10,3,68
1,10,4,122
1,10,5,143
1,10,6,153
1,10,7,71
1,10,8,124
1,10,9,70
1,10,10,191
1,10,11,159
1,10,12,91
1,10,13,170
1,10,14,145
1,10,15,179
1,10,16,50
1,10,17,71
1,10,18,37
1,10,19,75
1,10,20,86
1,10,21,129
1,10,22,101
1,10,23,143
1,10,24,67
1,10,25,51
1,10,26,85
1,10,27,95
1,10,28,93
1,10,29,176
1,10,30,67
1,10,31,81
1,10,32,58
1,10,33,84
1,10,34,87
1,10,35,119
1,10,36,68
1,10,37,65
1,10,38,143
1,10,39,176
1,10,40,42
1,10,41,52
1,10,42,44
1,10,43,137
1,10,44,57
1,10,45,124
1,10,46,55
1,10,47,160
1,10,48,75
1,10,49,135
1,10,50,46
1,10,51,73
1,10,52,72
1,10,53,129
1,10,54,137
1,10,55,165
1,10,56,52
1,10,57,150
1,10,58,142
1,10,59,116
1,10,60,131
1,10,61,36
1,10,62,46
1,10,63,92
1,10,64,142
1,10,65,50
1,10,66,87
1,10,67,106
1,10,68,180
1,10,69,31
1,10,70,162
1,10,71,188
1,10,72,67
1,10,73,172
1,10,74,70
1,10,75,157
1,10,76,99
1,10,77,123
1,10,78,61
1,10,79,138
1,10,80,46
1,10,81,116
1,10,82,105
1,10,83,163
1,10,84,103
1,10,85,154
1,10,86,89
1,10,87,73
1,10,88,155
1,10,89,92
1,10,90,105
1,10,91,119
1,10,92,160
1,10,93,120
1,10,94,90
1,10,95,48
1,10,96,140
1,10,97,171
1,10,98,40
1,10,99,100
1,11,0,263
1,11,1,171
1,11,2,166
1,11,3,47
1,11,4,164
1,11,5,193
1,11,6,67
1,11,7,268
1,11,8,80
1,11,9,198
1,11,10,99
1,11,11,58
1,11,12,96
1,11,13,114
1,11,14,146
1,11,15,89
1,11,16,211
1,11,17,231
1,11,18,227
1,11,19,209
1,11,20,98
1,11,21,83
1,11,22,58
1,11,23,129
1,11,24,53
1,11,25,194
1,11,26,267
1,11,27,218
1,11,28,60
1,11,29,36
1,11,30,114
1,11,31,277
1,11,32,109
1,11,33,214
1,11,34,209
1,11,35,173
1,11,36,122
1,11,37,83
1,11,38,274
1,11,39,47
1,11,40,90
1,11,41,108
1,11,42,257
1,11,43,208
1,11,44,97
1,11,45,72
1,11,46,249
1,11,47,228
1,11,48,41
1,11,49,249
1,11,50,177
1,11,51,144
1,11,52,198
1,11,53,41
1,11,54,113
1,11,55,53
1,11,56,201
1,11,57,130
1,11,58,150
1,11,59,103
1,11,60,226
1,11,61,43
1,11,62,101
1,11,63,177
1,11,64,227
1,11,65,180
1,11,66,212
1,11,67,37
1,11,68,94
1,11,69,41
1,11,70,155
1,11,71,276
1,11,72,34
1,11,73,140
1,11,74,32
1,11,75,183
1,11,76,76
1,11,77,208
1,11,78,71
1,11,79,236
1,11,80,82
1,11,81,118
1,11,82,88
1,11,83,231
1,11,84,153
1,11,85,248
1,11,86,63
1,11,87,155
1,11,88,224
1,11,89,274
1,11,90,198
1,11,91,76
1,11,92,219
1,11,93,50
1,11,94,220
1,11,95,236
1,11,96,170
1,11,97,153
1,11,98,263
1,11,99,31
1,12,0,44
1,12,1,124
1,12,2,207
1,12,3,219
1,12,4,163
1,12,5,137
1,12,6,108
1,12,7,304
1,12,8,145
1,12,9,203
1,12,10,308
1,12,11,242
1,12,12,175
1,12,13,99
1,12,14,172
1,12,15,201
1,12,16,367
1,12,17,135
1,12,18,96
1,12,19,114
1,12,20,111
1,12,21,66
1,12,22,161
1,12,23,135
1,12,24,333
1,12,25,298
1,12,26,77
1,12,27,321
1,12,28,77
1,12,29,278
1,12,30,229
1,12,31,70
1,12,32,339
1,12,33,329
1,12,34,319
1,12,35,163
1,12,36,114
1,12,37,369
1,12,38,310
1,12,39,55
1,12,40,164
1,12,41,308
1,12,42,215
1,12,43,122
1,12,44,302
1,12,45,127
1,12,46,41
1,12,47,117
1,12,48,368
1,12,49,257
1,12,50,114
1,12,51,267
1,12,52,267
1,12,53,252
1,12,54,64
1,12,55,121
1,12,56,327
1,12,57,283
1,12,58,96
1,12,59,139
1,12,60,226
1,12,61,313
1,12,62,107
1,12,63,75
1,12,64,167
1,12,65,341
1,12,66,127
1,12,67,77
1,12,68,59
1,12,69,157
1,12,70,53
1,12,71,233
1,12,72,262
1,12,73,193
1,12,74,285
1,12,75,206
1,12,76,272
1,12,77,117
1,12,78,286
1,12,79,206
1,12,80,273
1,12,81,188
1,12,82,207
1,12,83,55
1,12,84,202
1,12,85,88
1,12,86,88
1,12,87,184
1,12,88,231
1,12,89,154
1,12,90,94
1,12,91,285
1,12,92,358
1,12,93,282
1,12,94,66
1,12,95,318
1,12,96,63
1,12,97,185
1,12,98,347
1,12,99,128
1,13,0,108
1,13,1,380
1,13,2,452
1,13,3,193
1,13,4,153
1,13,5,132
1,13,6,467
1,13,7,301
1,13,8,422
1,13,9,186
1,13,10,78
1,13,11,248
1,13,12,142
1,13,13,276
1,13,14,284
1,13,15,180
1,13,16,185
1,13,17,64
1,13,18,234
1,13,19,192
1,13,20,319
1,13,21,422
1,13,22,265
1,13,23,89
1,13,24,454
1,13,25,400
1,13,26,210
1,13,27,195
1,13,28,456
1,13,29,214
1,13,30,326
1,13,31,476
1,13,32,69
1,13,33,189
1,13,34,153
1,13,35,449
1,13,36,290
1,13,37,77
1,13,38,377
1,13,39,347
1,13,40,338
1,13,41,463
1,13,42,429
1,13,43,377
1,13,44,149
1,13,45,113
1,13,46,148
1,13,47,142
1,13,48,297
1,13,49,338
1,13,50,280
1,13,51,78
1,13,52,209
1,13,53,469
1,13,54,352
1,13,55,212
1,13,56,342
1,13,57,167
1,13,58,87
1,13,59,280
1,13,60,178
1,13,61,260
1,13,62,440
1,13,63,333
1,13,64,364
1,13,65,98
1,13,66,259
1,13,67,227
1,13,68,331
1,13,69,177
1,13,70,218
1,13,71,474
1,13,72,103
1,13,73,139
1,13,74,156
1,13,75,352
1,13,76,360
1,13,77,390
1,13,78,217
1,13,79,419
1,13,80,353
1,13,81,359
1,13,82,406
1,13,83,323
1,13,84,235
1,13,85,67
1,13,86,309
1,13,87,295
1,13,88,311
1,13,89,192
1,13,90,292
1,13,91,127
1,13,92,332
1,13,93,84
1,13,94,429
1,13,95,146
1,13,96,180
1,13,97,433
1,13,98,432
1,13,99,412
1,14,0,201
1,14,1,458
1,14,2,400
1,14,3,349
1,14,4,457
1,14,5,405
1,14,6,245
1,14,7,200
1,14,8,231
1,14,9,83
1,14,10,218
1,14,11,213
1,14,12,441
1,14,13,452
1,14,14,485
1,14,15,202
1,14,16,365
1,14,17,338
1,14,18,164
1,14,19,443
1,14,20,151
1,14,21,389
1,14,22,120
1,14,23,103
1,14,24,377
1,14,25,290
1,14,26,253
1,14,27,402
1,14,28,216
1,14,29,436
1,14,30,484
1,14,31,492
1,14,32,179
1,14,33,241
1,14,34,379
1,14,35,454
1,14,36,373
1,14,37,394
1,14,38,449
1,14,39,219
1,14,40,297
1,14,41,294
1,14,42,344
1,14,43,455
1,14,44,323
1,14,45,488
1,14,46,382
1,14,47,241
1,14,48,315
1,14,49,467
1,14,50,331
1,14,51,372
1,14,52,350
1,14,53,205
1,14,54,146
1,14,55,237
1,14,56,123
1,14,57,424
1,14,58,372
1,14,59,234
1,14,60,132
1,14,61,446
1,14,62,340
1,14,63,500
1,14,64,101
1,14,65,165
1,14,66,93
1,14,67,388
1,14,68,127
1,14,69,449
1,14,70,275
1,14,71,290
1,14,72,75
1,14,73,329
1,14,74,157
1,14,75,151
1,14,76,455
1,14,77,451
1,14,78,58
1,14,79,427
1,14,80,458
1,14,81,284
1,14,82,348
1,14,83,398
1,14,84,361
1,14,85,260
1,14,86,311
1,14,87,312
1,14,88,431
1,14,89,163
1,14,90,393
1,14,91,418
1,14,92,411
1,14,93,416
1,14,94,425
1,14,95,242
1,14,96,331
1,14,97,392
1,14,98,399
1,14,99,483
1,15,0,290
1,15,1,182
1,15,2,156
1,15,3,254
1,15,4,91
1,15,5,235
1,15,6,84
1,15,7,189
1,15,8,193
1,15,9,150
1,15,10,261
1,15,11,176
1,15,12,163
1,15,13,143
1,15,14,49
1,15,15,129
1,15,16,58
1,15,17,182
1,15,18,202
1,15,19,236
1,15,20,200
1,15,21,82
1,15,22,231
1,15,23,178
1,15,24,60
1,15,25,40
1,15,26,112
1,15,27,215
1,15,28,279
1,15,29,288
1,15,30,235
1,15,31,110
1,15,32,197
1,15,33,94
1,15,34,231
1,15,35,77
1,15,36,233
1,15,37,262
1,15,38,170
1,15,39,50
1,15,40,152
1,15,41,254
1,15,42,80
1,15,43,43
1,15,44,226
1,15,45,182
1,15,46,44
1,15,47,293
1,15,48,183
1,15,49,187
1,15,50,242
1,15,51,271
1,15,52,49
1,15,53,125
1,15,54,86
1,15,55,156
1,15,56,57
1,15,57,51
1,15,58,112
1,15,59,272
1,15,60,291
1,15,61,235
1,15,62,33
1,15,63,227
1,15,64,39
1,15,65,78
1,15,66,36
1,15,67,72
1,15,68,215
1,15,69,218
1,15,70,131
1,15,71,226
1,15,72,257
1,15,73,67
1,15,74,56
1,15,75,131
1,15,76,140
1,15,77,106
1,15,78,232
1,15,79,118
1,15,80,244
1,15,81,274
1,15,82,168
1,15,83,146
1,15,84,57
1,15,85,105
1,15,86,267
1,15,87,98
1,15,88,197
1,15,89,164
1,15,90,58
1,15,91,270
1,15,92,51
1,15,93,213
1,15,94,290
1,15,95,220
1,15,96,119
1,15,97,52
1,15,98,186
1,15,99,227
1,16,0,125
1,16,1,201
1,16,2,178
1,16,3,41
1,16,4,269
1,16,5,130
1,16,6,130
1,16,7,250
1,16,8,157
1,16,9,148
1,16,10,197
1,16,11,87
1,16,12,168
1,16,13,204
1,16,14,171
1,16,15,215
1,16,16,186
1,16,17,249
1,16,18,259
1,16,19,57
1,16,20,99
1,16,21,46
1,16,22,91
1,16,23,218
1,16,24,52
1,16,25,72
1,16,26,231
1,16,27,147
1,16,28,107
1,16,29,198
1,16,30,261
1,16,31,42
1,16,32,211
1,16,33,204
1,16,34,256
1,16,35,83
1,16,36,216
1,16,37,59
1,16,38,47
1,16,39,208
1,16,40,38
1,16,41,44
1,16,42,42
1,16,43,152
1,16,44,227
1,16,45,288
1,16,46,91
1,16,47,236
1,16,48,237
1,16,49,257
1,16,50,113
1,16,51,66
1,16,52,237
1,16,53,178
1,16,54,139
1,16,55,47
1,16,56,34
1,16,57,114
1,16,58,102
1,16,59,155
1,16,60,270
1,16,61,140
1,16,62,106
1,16,63,250
1,16,64,111
1,16,65,268
1,16,66,255
1,16,67,197
1,16,68,225
1,16,69,73
1,16,70,188
1,16,71,116
1,16,72,158
1,16,73,90
1,16,74,265
1,16,75,138
1,16,76,155
1,16,77,218
1,16,78,64
1,16,79,162
1,16,80,242
1,16,81,207
1,16,82,115
1,16,83,215
1,16,84,273
1,16,85,263
1,16,86,223
1,16,87,101
1,16,88,128
1,16,89,176
1,16,90,130
1,16,91,150
1,16,92,237
1,16,93,59
1,16,94,283
1,16,95,214
1,16,96,255
1,16,97,234
1,16,98,144
1,16,99,275
1,17,0,126
1,17,1,57
1,17,2,74
1,17,3,109
1,17,4,222
1,17,5,117
1,17,6,321
1,17,7,45
1,17,8,291
1,17,9,366
1,17,10,131
1,17,11,250
1,17,12,281
1,17,13,151
1,17,14,187
1,17,15,287
1,17,16,86
1,17,17,90
1,17,18,167
1,17,19,118
1,17,20,144
1,17,21,92
1,17,22,74
1,17,23,348
1,17,24,157
1,17,25,231
1,17,26,225
1,17,27,192
1,17,28,292
1,17,29,153
1,17,30,340
1,17,31,65
1,17,32,234
1,17,33,155
1,17,34,163
1,17,35,144
1,17,36,244
1,17,37,120
1,17,38,140
1,17,39,137
1,17,40,44
1,17,41,166
1,17,42,58
1,17,43,334
1,17,44,283
1,17,45,241
1,17,46,291
1,17,47,343
1,17,48,274
1,17,49,239
1,17,50,83
1,17,51,177
1,17,52,235
1,17,53,243
1,17,54,363
1,17,55,111
1,17,56,264
1,17,57,128
1,17,58,181
1,17,59,367
1,17,60,153
1,17,61,163
1,17,62,189
1,17,63,55
1,17,64,175
1,17,65,249
1,17,66,235
1,17,67,334
1,17,68,256
1,17,69,228
1,17,70,256
1,17,71,58
1,17,72,375
1,17,73,93
1,17,74,182
1,17,75,141
1,17,76,235
1,17,77,229
1,17,78,160
1,17,79,367
1,17,80,293
1,17,81,339
1,17,82,194
1,17,83,242
1,17,84,180
1,17,85,144
1,17,86,218
1,17,87,106
1,17,88,113
1,17,89,213
1,17,90,46
1,17,91,191
1,17,92,375
1,17,93,317
1,17,94,70
1,17,95,261
1,17,96,117
1,17,97,81
1,17,98,158
1,17,99,268
1,18,0,108
1,18,1,27
1,18,2,156
1,18,3,96
1,18,4,156
1,18,5,50
1,18,6,33
1,18,7,102
1,18,8,92
1,18,9,22
1,18,10,26
1,18,11,35
1,18,12,26
1,18,13,48
1,18,14,112
1,18,15,96
1,18,16,176
1,18,17,31
1,18,18,158
1,18,19,112
1,18,20,159
1,18,21,29
1,18,22,36
1,18,23,157
1,18,24,111
1,18,25,109
1,18,26,22
1,18,27,122
1,18,28,155
1,18,29,178
1,18,30,89
1,18,31,69
1,18,32,84
1,18,33,56
1,18,34,56
1,18,35,89
1,18,36,129
1,18,37,125
1,18,38,143
1,18,39,54
1,18,40,136
1,18,41,147
1,18,42,109
1,18,43,94
1,18,44,45
1,18,45,27
1,18,46,94
1,18,47,124
1,18,48,54
1,18,49,84
1,18,50,99
1,18,51,172
1,18,52,160
1,18,53,159
1,18,54,179
1,18,55,143
1,18,56,52
1,18,57,154
1,18,58,46
1,18,59,161
1,18,60,74
1,18,61,66
1,18,62,116
1,18,63,30
1,18,64,164
1,18,65,81
1,18,66,146
1,18,67,133
1,18,68,132
1,18,69,105
1,18,70,94
1,18,71,123
1,18,72,130
1,18,73,57
1,18,74,140
1,18,75,169
1,18,76,150
1,18,77,136
1,18,78,151
1,18,79,21
1,18,80,48
1,18,81,74
1,18,82,137
1,18,83,176
1,18,84,137
1,18,85,96
1,18,86,167
1,18,87,80
1,18,88,122
1,18,89,20
1,18,90,48
1,18,91,67
1,18,92,82
1,18,93,93
1,18,94,147
1,18,95,64
1,18,96,33
1,18,97,103
1,18,98,176
1,18,99,84
1,19,0,32
1,19,1,76
1,19,2,62
1,19,3,11
1,19,4,93
1,19,5,52
1,19,6,36
1,19,7,66
1,19,8,34
1,19,9,49
1,19,10,65
1,19,11,21
1,19,12,50
1,19,13,72
1,19,14,91
1,19,15,12
1,19,16,80
1,19,17,89
1,19,18,93
1,19,19,89
1,19,20,21
1,19,21,85
1,19,22,23
1,19,23,41
1,19,24,41
1,19,25,34
1,19,26,40
1,19,27,56
1,19,28,17
1,19,29,42
1,19,30,59
1,19,31,22
1,19,32,31
1,19,33,37
1,19,34,17
1,19,35,78
1,19,36,33
1,19,37,45
1,19,38,45
1,19,39,36
1,19,40,21
1,19,41,86
1,19,42,68
1,19,43,33
1,19,44,18
1,19,45,21
1,19,46,34
1,19,47,15
1,19,48,23
1,19,49,50
1,19,50,89
1,19,51,47
1,19,52,70
1,19,53,58
1,19,54,93
1,19,55,25
1,19,56,73
1,19,57,40
1,19,58,94
1,19,59,40
1,19,60,93
1,19,61,83
1,19,62,61
1,19,63,13
1,19,64,26
1,19,65,15
1,19,66,77
1,19,67,17
1,19,68,77
1,19,69,13
1,19,70,32
1,19,71,35
1,19,72,58
1,19,73,58
1,19,74,85
1,19,75,64
1,19,76,24
1,19,77,13
1,19,78,75
1,19,79,55
1,19,80,59
1,19,81,45
1,19,82,60
1,19,83,45
1,19,84,48
1,19,85,60
1,19,86,52
1,19,87,15
1,19,88,93
1,19,89,82
1,19,90,42
1,19,91,56
1,19,92,89
1,19,93,44
1,19,94,90
1,19,95,13
1,19,96,73
1,19,97,77
1,19,98,27
1,19,99,24
1,20,0,14
1,20,1,12
1,20,2,14
1,20,3,5
1,20,4,8
1,20,5,4
1,20,6,4
1,20,7,16
1,20,8,3
1,20,9,13
1,20,10,8
1,20,11,19
1,20,12,13
1,20,13,22
1,20,14,13
1,20,15,13
1,20,16,9
1,20,17,7
1,20,18,11
1,20,19,7
1,20,20,4
1,20,21,11
1,20,22,4
1,20,23,16
1,20,24,8
1,20,25,12
1,20,26,6
1,20,27,15
1,20,28,18
1,20,29,7
1,20,30,3
1,20,31,7
1,20,32,14
1,20,33,8
1,20,34,18
1,20,35,19
1,20,36,10
1,20,37,9
1,20,38,3
1,20,39,13
1,20,40,5
1,20,41,5
1,20,42,3
1,20,43,6
1,20,44,5
1,20,45,3
1,20,46,21
1,20,47,15
1,20,48,10
1,20,49,4
1,20,50,3
1,20,51,18
1,20,52,11
1,20,53,4
1,20,54,6
1,20,55,15
1,20,56,11
1,20,57,4
1,20,58,10
1,20,59,3
1,20,60,8
1,20,61,12
1,20,62,11
1,20,63,17
1,20,64,5
1,20,65,12
1,20,66,5
1,20,67,6
1,20,68,10
1,20,69,5
1,20,70,13
1,20,71,11
1,20,72,20
1,20,73,15
1,20,74,4
1,20,75,14
1,20,76,10
1,20,77,12
1,20,78,15
1,20,79,6
1,20,80,9
1,20,81,12
1,20,82,14
1,20,83,8
1,20,84,12
1,20,85,8
1,20,86,13
1,20,87,9
1,20,88,19
1,20,89,16
1,20,90,18
1,20,91,5
1,20,92,6
1,20,93,13
1,20,94,4
1,20,95,13
1,20,96,9
1,20,97,9
1,20,98,7
1,20,99,2
1,21,0,0
1,21,1,0
1,21,2,0
1,21,3,0
1,21,4,0
1,21,5,0
1,21,6,0
1,21,7,0
1,21,8,0
1,21,9,0
1,21,10,0
1,21,11,0
1,21,12,0
1,21,13,0
1,21,14,0
1,21,15,0
1,21,16,0
1,21,17,0
1,21,18,0
1,21,19,0
1,21,20,0
1,21,21,0
1,21,22,0
1,21,23,0
1,21,24,0
1,21,25,0
1,21,26,0
1,21,27,0
1,21,28,0
1,21,29,0
1,21,30,0
1,21,31,0
1,21,32,0
1,21,33,0
1,21,34,0
1,21,35,0
1,21,36,0
1,21,37,0
1,21,38,0
1,21,39,0
1,21,40,0
1,21,41,0
1,21,42,0
1,21,43,0
1,21,44,0
1,21,45,0
1,21,46,0
1,21,47,0
1,21,48,0
1,21,49,0
1,21,50,0
1,21,51,0
1,21,52,0
1,21,53,0
1,21,54,0
1,21,55,0
1,21,56,0
1,21,57,0
1,21,58,0
1,21,59,0
1,21,60,0
1,21,61,0
1,21,62,0
1,21,63,0
1,21,64,0
1,21,65,0
1,21,66,0
1,21,67,0
1,21,68,0
1,21,69,0
1,21,70,0
1,21,71,0
1,21,72,0
1,21,73,0
1,21,74,0
1,21,75,0
1,21,76,0
1,21,77,0
1,21,78,0
1,21,79,0
1,21,80,0
1,21,81,0
1,21,82,0
1,21,83,0
1,21,84,0
1,21,85,0
1,21,86,0
1,21,87,0
1,21,88,0
1,21,89,0
1,21,90,0
1,21,91,0
1,21,92,0
1,21,93,0
1,21,94,0
1,21,95,0
1,21,96,0
1,21,97,0
1,21,98,0
1,21,99,0
1,22,0,0
1,22,1,0
1,22,2,0
1,22,3,0
1,22,4,0
1,22,5,0
1,22,6,0
1,22,7,0
1,22,8,0
1,22,9,0
1,22,10,0
1,22,11,0
1,22,12,0
1,22,13,0
1,22,14,0
1,22,15,0
1,22,16,0
1,22,17,0
1,22,18,0
1,22,19,0
1,22,20,0
1,22,21,0
1,22,22,0
1,22,23,0
1,22,24,0
1,22,25,0
1,22,26,0
1,22,27,0
1,22,28,0
1,22,29,0
1,22,30,0
1,22,31,0
1,22,32,0
1,22,33,0
1,22,34,0
1,22,35,0
1,22,36,0
1,22,37,0
1,22,38,0
1,22,39,0
1,22,40,0
1,22,41,0
1,22,42,0
1,22,43,0
1,22,44,0
1,22,45,0
1,22,46,0
1,22,47,0
1,22,48,0
1,22,49,0
1,22,50,0
1,22,51,0
1,22,52,0
1,22,53,0
1,22,54,0
1,22,55,0
1,22,56,0
1,22,57,0
1,22,58,0
1,22,59,0
1,22,60,0
1,22,61,0
1,22,62,0
1,22,63,0
1,22,64,0
1,22,65,0
1,22,66,0
1,22,67,0
1,22,68,0
1,22,69,0
1,22,70,0
1,22,71,0
1,22,72,0
1,22,73,0
1,22,74,0
1,22,75,0
1,22,76,0
1,22,77,0
1,22,78,0
1,22,79,0
1,22,80,0
1,22,81,0
1,22,82,0
1,22,83,0
1,22,84,0
1,22,85,0
1,22,86,0
1,22,87,0
1,22,88,0
1,22,89,0
1,22,90,0
1,22,91,0
1,22,92,0
1,22,93,0
1,22,94,0
1,22,95,0
1,22,96,0
1,22,97,0
1,22,98,0
1,22,99,0
1,23,0,0
1,23,1,0
1,23,2,0
1,23,3,0
1,23,4,0
1,23,5,0
1,23,6,0
1,23,7,0
1,23,8,0
1,23,9,0
1,23,10,0
1,23,11,0
1,23,12,0
1,23,13,0
1,23,14,0
1,23,15,0
1,23,16,0
1,23,17,0
1,23,18,0
1,23,19,0
1,23,20,0
1,23,21,0
1,23,22,0
1,23,23,0
1,23,24,0
1,23,25,0
1,23,26,0
1,23,27,0
1,23,28,0
1,23,29,0
1,23,30,0
1,23,31,0
1,23,32,0
1,23,33,0
1,23,34,0
1,23,35,0
1,23,36,0
1,23,37,0
1,23,38,0
1,23,39,0
1,23,40,0
1,23,41,0
1,23,42,0
1,23,43,0
1,23,44,0
1,23,45,0
1,23,46,0
1,23,47,0
1,23,48,0
1,23,49,0
1,23,50,0
1,23,51,0
1,23,52,0
1,23,53,0
1,23,54,0
1,23,55,0
1,23,56,0
1,23,57,0
1,23,58,0
1,23,59,0
1,23,60,0
1,23,61,0
1,23,62,0
1,23,63,0
1,23,64,0
1,23,65,0
1,23,66,0
1,23,67,0
1,23,68,0
1,23,69,0
1,23,70,0
1,23,71,0
1,23,72,0
1,23,73,0
1,23,74,0
1,23,75,0
1,23,76,0
1,23,77,0
1,23,78,0
1,23,79,0
1,23,80,0
1,23,81,0
1,23,82,0
1,23,83,0
1,23,84,0
1,23,85,0
1,23,86,0
1,23,87,0
1,23,88,0
1,23,89,0
1,23,90,0
1,23,91,0
1,23,92,0
1,23,93,0
1,23,94,0
1,23,95,0
1,23,96,0
1,23,97,0
1,23,98,0
1,23,99,0
2,0,0,0
2,0,1,0
2,0,2,0
2,0,3,0
2,0,4,0
2,0,5,0
2,0,6,0
2,0,7,0
2,0,8,0
2,0,9,0
2,0,10,0
2,0,11,0
2,0,12,0
2,0,13,0
2,0,14,0
2,0,15,0
2,0,16,0
2,0,17,0
2,0,18,0
2,0,19,0
2,0,20,0
2,0,21,0
2,0,22,0
2,0,23,0
2,0,24,0
2,0,25,0
2,0,26,0
2,0,27,0
2,0,28,0
2,0,29,0
2,0,30,0
2,0,31,0
2,0,32,0
2,0,33,0
2,0,34,0
2,0,35,0
2,0,36,0
2,0,37,0
2,0,38,0
2,0,39,0
2,0,40,0
2,0,41,0
2,0,42,0
2,0,43,0
2,0,44,0
2,0,45,0
2,0,46,0
2,0,47,0
2,0,48,0
2,0,49,0
2,0,50,0
2,0,51,0
2,0,52,0
2,0,53,0
2,0,54,0
2,0,55,0
2,0,56,0
2,0,57,0
2,0,58,0
2,0,59,0
2,0,60,0
2,0,61,0
2,0,62,0
2,0,63,0
2,0,64,0
2,0,65,0
2,0,66,0
2,0,67,0
2,0,68,0
2,0,69,0
2,0,70,0
2,0,71,0
2,0,72,0
2,0,73,0
2,0,74,0
2,0,75,0
2,0,76,0
2,0,77,0
2,0,78,0
2,0,79,0
2,0,80,0
2,0,81,0
2,0,82,0
2,0,83,0
2,0,84,0
2,0,85,0
2,0,86,0
2,0,87,0
2,0,88,0
2,0,89,0
2,0,90,0
2,0,91,0
2,0,92,0
2,0,93,0
2,0,94,0
2,0,95,0
2,0,96,0
2,0,97,0
2,0,98,0
2,0,99,0
2,1,0,0
2,1,1,0
2,1,2,0
2,1,3,0
2,1,4,0
2,1,5,0
2,1,6,0
2,1,7,0
2,1,8,0
2,1,9,0
2,1,10,0
2,1,11,0
2,1,12,0
2,1,13,0
2,1,14,0
2,1,15,0
2,1,16,0
2,1,17,0
2,1,18,0
2,1,19,0
2,1,20,0
2,1,21,0
2,1,22,0
2,1,23,0
2,1,24,0
2,1,25,0
2,1,26,0
2,1,27,0
2,1,28,0
2,1,29,0
2,1,30,0
2,1,31,0
2,1,32,0
2,1,33,0
2,1,34,0
2,1,35,0
2,1,36,0
2,1,37,0
2,1,38,0
2,1,39,0
2,1,40,0
2,1,41,0
2,1,42,0
2,1,43,0
2,1,44,0
2,1,45,0
2,1,46,0
2,1,47,0
2,1,48,0
2,1,49,0
2,1,50,0
2,1,51,0
2,1,52,0
2,1,53,0
2,1,54,0
2,1,55,0
2,1,56,0
2,1,57,0
2,1,58,0
2,1,59,0
2,1,60,0
2,1,61,0
2,1,62,0
2,1,63,0
2,1,64,0
2,1,65,0
2,1,66,0
2,1,67,0
2,1,68,0
2,1,69,0
2,1,70,0
2,1,71,0
2,1,72,0
2,1,73,0
2,1,74,0
2,1,75,0
2,1,76,0
2,1,77,0
2,1,78,0
2,1,79,0
2,1,80,0
2,1,81,0
2,1,82,0
2,1,83,0
2,1,84,0
2,1,85,0
2,1,86,0
2,1,87,0
2,1,88,0
2,1,89,0
2,1,90,0
2,1,91,0
2,1,92,0
2,1,93,0
2,1,94,0
2,1,95,0
2,1,96,0
2,1,97,0
2,1,98,0
2,1,99,0
2,2,0,0
2,2,1,0
2,2,2,0
2,2,3,0
2,2,4,0
2,2,5,0
2,2,6,0
2,2,7,0
2,2,8,0
2,2,9,0
2,2,10,0
2,2,11,0
2,2,12,0
2,2,13,0
2,2,14,0
2,2,15,0
2,2,16,0
2,2,17,0
2,2,18,0
2,2,19,0
2,2,20,0
2,2,21,0
2,2,22,0
2,2,23,0
2,2,24,0
2,2,25,0
2,2,26,0
2,2,27,0
2,2,28,0
2,2,29,0
2,2,30,0
2,2,31,0
2,2,32,0
2,2,33,0
2,2,34,0
2,2,35,0
2,2,36,0
2,2,37,0
2,2,38,0
2,2,39,0
2,2,40,0
2,2,41,0
2,2,42,0
2,2,43,0
2,2,44,0
2,2,45,0
2,2,46,0
2,2,47,0
2,2,48,0
2,2,49,0
2,2,50,0
2,2,51,0
2,2,52,0
2,2,53,0
2,2,54,0
2,2,55,0
2,2,56,0
2,2,57,0
2,2,58,0
2,2,59,0
2,2,60,0
2,2,61,0
2,2,62,0
2,2,63,0
2,2,64,0
2,2,65,0
2,2,66,0
2,2,67,0
2,2,68,0
2,2,69,0
2,2,70,0
2,2,71,0
2,2,72,0
2,2,73,0
2,2,74,0
2,2,75,0
2,2,76,0
2,2,77,0
2,2,78,0
2,2,79,0
2,2,80,0
2,2,81,0
2,2,82,0
2,2,83,0
2,2,84,0
2,2,85,0
2,2,86,0
2,2,87,0
2,2,88,0
2,2,89,0
2,2,90,0
2,2,91,0
2,2,92,0
2,2,93,0
2,2,94,0
2,2,95,0
2,2,96,0
2,2,97,0
2,2,98,0
2,2,99,0
2,3,0,0
2,3,1,0
2,3,2,0
2,3,3,0
2,3,4,0
2,3,5,0
2,3,6,0
2,3,7,0
2,3,8,0
2,3,9,0
2,3,10,0
2,3,11,0
2,3,12,0
2,3,13,0
2,3,14,0
2,3,15,0
2,3,16,0
2,3,17,0
2,3,18,0
2,3,19,0
2,3,20,0
2,3,21,0
2,3,22,0
2,3,23,0
2,3,24,0
2,3,25,0
2,3,26,0
2,3,27,0
2,3,28,0
2,3,29,0
2,3,30,0
2,3,31,0
2,3,32,0
2,3,33,0
2,3,34,0
2,3,35,0
2,3,36,0
2,3,37,0
2,3,38,0
2,3,39,0
2,3,40,0
2,3,41,0
2,3,42,0
2,3,43,0
2,3,44,0
2,3,45,0
2,3,46,0
2,3,47,0
2,3,48,0
2,3,49,0
2,3,50,0
2,3,51,0
2,3,52,0
2,3,53,0
2,3,54,0
2,3,55,0
2,3,56,0
2,3,57,0
2,3,58,0
2,3,59,0
2,3,60,0
2,3,61,0
2,3,62,0
2,3,63,0
2,3,64,0
2,3,65,0
2,3,66,0
2,3,67,0
2,3,68,0
2,3,69,0
2,3,70,0
2,3,71,0
2,3,72,0
2,3,73,0
2,3,74,0
2,3,75,0
2,3,76,0
2,3,77,0
2,3,78,0
2,3,79,0
2,3,80,0
2,3,81,0
2,3,82,0
2,3,83,0
2,3,84,0
2,3,85,0
2,3,86,0
2,3,87,0
2,3,88,0
2,3,89,0
2,3,90,0
2,3,91,0
2,3,92,0
2,3,93,0
2,3,94,0
2,3,95,0
2,3,96,0
2,3,97,0
2,3,98,0
2,3,99,0
2,4,0,0
2,4,1,0
2,4,2,0
2,4,3,0
2,4,4,0
2,4,5,0
2,4,6,0
2,4,7,0
2,4,8,0
2,4,9,0
2,4,10,0
2,4,11,0
2,4,12,0
2,4,13,0
2,4,14,0
2,4,15,0
2,4,16,0
2,4,17,0
2,4,18,0
2,4,19,0
2,4,20,0
2,4,21,0
2,4,22,0
2,4,23,0
2,4,24,0
2,4,25,0
2,4,26,0
2,4,27,0
2,4,28,0
2,4,29,0
2,4,30,0
2,4,31,0
2,4,32,0
2,4,33,0
2,4,34,0
2,4,35,0
2,4,36,0
2,4,37,0
2,4,38,0
2,4,39,0
2,4,40,0
2,4,41,0
2,4,42,0
2,4,43,0
2,4,44,0
2,4,45,0
2,4,46,0
2,4,47,0
2,4,48,0
2,4,49,0
2,4,50,0
2,4,51,0
2,4,52,0
2,4,53,0
2,4,54,0
2,4,55,0
2,4,56,0
2,4,57,0
2,4,58,0
2,4,59,0
2,4,60,0
2,4,61,0
2,4,62,0
2,4,63,0
2,4,64,0
2,4,65,0
2,4,66,0
2,4,67,0
2,4,68,0
2,4,69,0
2,4,70,0
2,4,71,0
2,4,72,0
2,4,73,0
2,4,74,0
2,4,75,0
2,4,76,0
2,4,77,0
2,4,78,0
2,4,79,0
2,4,80,0
2,4,81,0
2,4,82,0
2,4,83,0
2,4,84,0
2,4,85,0
2,4,86,0
2,4,87,0
2,4,88,0
2,4,89,0
2,4,90,0
2,4,91,0
2,4,92,0
2,4,93,0
2,4,94,0
2,4,95,0
2,4,96,0
2,4,97,0
2,4,98,0
2,4,99,0
2,5,0,0
2,5,1,0
2,5,2,0
2,5,3,0
2,5,4,0
2,5,5,0
2,5,6,0
2,5,7,0
2,5,8,0
2,5,9,0
2,5,10,0
2,5,11,0
2,5,12,0
2,5,13,0
2,5,14,0
2,5,15,0
2,5,16,0
2,5,17,0
2,5,18,0
2,5,19,0
2,5,20,0
2,5,21,0
2,5,22,0
2,5,23,0
2,5,24,0
2,5,25,0
2,5,26,0
2,5,27,0
2,5,28,0
2,5,29,0
2,5,30,0
2,5,31,0
2,5,32,0
2,5,33,0
2,5,34,0
2,5,35,0
2,5,36,0
2,5,37,0
2,5,38,0
2,5,39,0
2,5,40,0
2,5,41,0
2,5,42,0
2,5,43,0
2,5,44,0
2,5,45,0
2,5,46,0
2,5,47,0
2,5,48,0
2,5,49,0
2,5,50,0
2,5,51,0
2,5,52,0
2,5,53,0
2,5,54,0
2,5,55,0
2,5,56,0
2,5,57,0
2,5,58,0
2,5,59,0
2,5,60,0
2,5,61,0
2,5,62,0
2,5,63,0
2,5,64,0
2,5,65,0
2,5,66,0
2,5,67,0
2,5,68,0
2,5,69,0
2,5,70,0
2,5,71,0
2,5,72,0
2,5,73,0
2,5,74,0
2,5,75,0
2,5,76,0
2,5,77,0
2,5,78,0
2,5,79,0
2,5,80,0
2,5,81,0
2,5,82,0
2,5,83,0
2,5,84,0
2,5,85,0
2,5,86,0
2,5,87,0
2,5,88,0
2,5,89,0
2,5,90,0
2,5,91,0
2,5,92,0
2,5,93,0
2,5,94,0
2,5,95,0
2,5,96,0
2,5,97,0
2,5,98,0
2,5,99,0
2,6,0,0
2,6,1,0
2,6,2,0
2,6,3,0
2,6,4,0
2,6,5,0
2,6,6,0
2,6,7,0
2,6,8,0
2,6,9,0
2,6,10,0
2,6,11,0
2,6,12,0
2,6,13,0
2,6,14,0
2,6,15,0
2,6,16,0
2,6,17,0
2,6,18,0
2,6,19,0
2,6,20,0
2,6,21,0
2,6,22,0
2,6,23,0
2,6,24,0
2,6,25,0
2,6,26,0
2,6,27,0
2,6,28,0
2,6,29,0
2,6,30,0
2,6,31,0
2,6,32,0
2,6,33,0
2,6,34,0
2,6,35,0
2,6,36,0
2,6,37,0
2,6,38,0
2,6,39,0
2,6,40,0
2,6,41,0
2,6,42,0
2,6,43,0
2,6,44,0
2,6,45,0
2,6,46,0
2,6,47,0
2,6,48,0
2,6,49,0
2,6,50,0
2,6,51,0
2,6,52,0
2,6,53,0
2,6,54,0
2,6,55,0
2,6,56,0
2,6,57,0
2,6,58,0
2,6,59,0
2,6,60,0
2,6,61,0
2,6,62,0
2,6,63,0
2,6,64,0
2,6,65,0
2,6,66,0
2,6,67,0
2,6,68,0
2,6,69,0
2,6,70,0
2,6,71,0
2,6,72,0
2,6,73,0
2,6,74,0
2,6,75,0
2,6,76,0
2,6,77,0
2,6,78,0
2,6,79,0
2,6,80,0
2,6,81,0
2,6,82,0
2,6,83,0
2,6,84,0
2,6,85,0
2,6,86,0
2,6,87,0
2,6,88,0
2,6,89,0
2,6,90,0
2,6,91,0
2,6,92,0
2,6,93,0
2,6,94,0
2,6,95,0
2,6,96,0
2,6,97,0
2,6,98,0
2,6,99,0
2,7,0,9
2,7,1,9
2,7,2,14
2,7,3,9
2,7,4,13
2,7,5,5
2,7,6,15
2,7,7,13
2,7,8,15
2,7,9,8
2,7,10,13
2,7,11,5
2,7,12,6
2,7,13,6
2,7,14,6
2,7,15,9
2,7,16,15
2,7,17,17
2,7,18,12
2,7,19,4
2,7,20,9
2,7,21,17
2,7,22,7
2,7,23,12
2,7,24,17
2,7,25,9
2,7,26,10
2,7,27,17
2,7,28,17
2,7,29,16
2,7,30,10
2,7,31,12
2,7,32,11
2,7,33,5
2,7,34,12
2,7,35,7
2,7,36,4
2,7,37,5
2,7,38,7
2,7,39,17
2,7,40,18
2,7,41,16
2,7,42,9
2,7,43,9
2,7,44,14
2,7,45,4
2,7,46,18
2,7,47,13
2,7,48,7
2,7,49,17
2,7,50,11
2,7,51,3
2,7,52,4
2,7,53,3
2,7,54,5
2,7,55,3
2,7,56,10
2,7,57,3
2,7,58,9
2,7,59,6
2,7,60,11
2,7,61,9
2,7,62,15
2,7,63,7
2,7,64,6
2,7,65,17
2,7,66,9
2,7,67,2
2,7,68,3
2,7,69,11
2,7,70,5
2,7,71,4
2,7,72,5
2,7,73,14
2,7,74,17
2,7,75,4
2,7,76,16
2,7,77,13
2,7,78,11
2,7,79,3
2,7,80,15
2,7,81,15
2,7,82,14
2,7,83,11
2,7,84,12
2,7,85,9
2,7,86,7
2,7,87,5
2,7,88,14
2,7,89,17
2,7,90,12
2,7,91,11
2,7,92,16
2,7,93,3
2,7,94,7
2,7,95,8
2,7,96,2
2,7,97,10
2,7,98,17
2,7,99,15
2,8,0,0
2,8,1,0
2,8,2,0
2,8,3,0
2,8,4,0
2,8,5,0
2,8,6,0
2,8,7,0
2,8,8,0
2,8,9,0
2,8,10,0
2,8,11,0
2,8,12,0
2,8,13,0
2,8,14,0
2,8,15,0
2,8,16,0
2,8,17,0
2,8,18,0
2,8,19,0
2,8,20,0
2,8,21,0
2,8,22,0
2,8,23,0
2,8,24,0
2,8,25,0
2,8,26,0
2,8,27,0
2,8,28,0
2,8,29,0
2,8,30,0
2,8,31,0
2,8,32,0
2,8,33,0
2,8,34,0
2,8,35,0
2,8,36,0
2,8,37,0
2,8,38,0
2,8,39,0
2,8,40,0
2,8,41,0
2,8,42,0
2,8,43,0
2,8,44,0
2,8,45,0
2,8,46,0
2,8,47,0
2,8,48,0
2,8,49,0
2,8,50,0
2,8,51,0
2,8,52,0
2,8,53,0
2,8,54,0
2,8,55,0
2,8,56,0
2,8,57,0
2,8,58,0
2,8,59,0
2,8,60,0
2,8,61,0
2,8,62,0
2,8,63,0
2,8,64,0
2,8,65,0
2,8,66,0
2,8,67,0
2,8,68,0
2,8,69,0
2,8,70,0
2,8,71,0
2,8,72,0
2,8,73,0
2,8,74,0
2,8,75,0
2,8,76,0
2,8,77,0
2,8,78,0
2,8,79,0
2,8,80,0
2,8,81,0
2,8,82,0
2,8,83,0
2,8,84,0
2,8,85,0
2,8,86,0
2,8,87,0
2,8,88,0
2,8,89,0
2,8,90,0
2,8,91,0
2,8,92,0
2,8,93,0
2,8,94,0
2,8,95,0
2,8,96,0
2,8,97,0
2,8,98,0
2,8,99,0
2,9,0,17
2,9,1,14
2,9,2,17
2,9,3,48
2,9,4,41
2,9,5,18
2,9,6,44
2,9,7,32
2,9,8,26
2,9,9,16
2,9,10,21
2,9,11,10
2,9,12,17
2,9,13,38
2,9,14,23
2,9,15,45
2,9,16,38
2,9,17,36
2,9,18,26
2,9,19,37
2,9,20,48
2,9,21,21
2,9,22,22
2,9,23,47
2,9,24,31
2,9,25,50
2,9,26,15
2,9,27,16
2,9,28,47
2,9,29,11
2,9,30,29
2,9,31,46
2,9,32,39
2,9,33,28
2,9,34,14
2,9,35,32
2,9,36,53
2,9,37,45
2,9,38,9
2,9,39,40
2,9,40,53
2,9,41,15
2,9,42,52
2,9,43,17
2,9,44,45
2,9,45,13
2,9,46,31
2,9,47,23
2,9,48,38
2,9,49,15
2,9,50,34
2,9,51,6
2,9,52,26
2,9,53,31
2,9,54,46
2,9,55,42
2,9,56,10
2,9,57,36
2,9,58,38
2,9,59,41
2,9,60,33
2,9,61,11
2,9,62,37
2,9,63,38
2,9,64,18
2,9,65,52
2,9,66,28
2,9,67,48
2,9,68,37
2,9,69,36
2,9,70,32
2,9,71,37
2,9,72,47
2,9,73,43
2,9,74,38
2,9,75,8
2,9,76,6
2,9,77,23
2,9,78,7
2,9,79,31
2,9,80,6
2,9,81,29
2,9,82,24
2,9,83,52
2,9,84,9
2,9,85,9
2,9,86,47
2,9,87,44
2,9,88,51
2,9,89,10
2,9,90,36
2,9,91,31
2,9,92,21
2,9,93,35
2,9,94,50
2,9,95,9
2,9,96,38
2,9,97,20
2,9,98,25
2,9,99,47
2,10,0,36
2,10,1,139
2,10,2,76
2,10,3,160
2,10,4,150
2,10,5,77
2,10,6,61
2,10,7,50
2,10,8,49
2,10,9,129
2,10,10,127
2,10,11,159
2,10,12,30
2,10,13,50
2,10,14,160
2,10,15,97
2,10,16,98
2,10,17,68
2,10,18,119
2,10,19,90
2,10,20,86
2,10,21,97
2,10,22,22
2,10,23,95
2,10,24,37
2,10,25,84
2,10,26,30
2,10,27,146
2,10,28,72
2,10,29,80
2,10,30,125
2,10,31,40
2,10,32,101
2,10,33,92
2,10,34,71
2,10,35,116
2,10,36,132
2,10,37,85
2,10,38,108
2,10,39,149
2,10,40,84
2,10,41,37
2,10,42,96
2,10,43,80
2,10,44,129
2,10,45,133
2,10,46,43
2,10,47,81
2,10,48,56
2,10,49,155
2,10,50,153
2,10,51,81
2,10,52,80
2,10,53,125
2,10,54,104
2,10,55,55
2,10,56,88
2,10,57,146
2,10,58,116
2,10,59,99
2,10,60,144
2,10,61,58
2,10,62,162
2,10,63,47
2,10,64,139
2,10,65,125
2,10,66,142
2,10,67,102
2,10,68,51
2,10,69,88
2,10,70,142
2,10,71,133
2,10,72,43
2,10,73,161
2,10,74,22
2,10,75,75
2,10,76,127
2,10,77,158
2,10,78,38
2,10,79,151
2,10,80,50
2,10,81,98
2,10,82,80
2,10,83,134
2,10,84,38
2,10,85,45
2,10,86,100
2,10,87,48
2,10,88,145
2,10,89,101
2,10,90,149
2,10,91,128
2,10,92,86
2,10,93,118
2,10,94,27
2,10,95,109
2,10,96,160
2,10,97,35
2,10,98,83
2,10,99,21
2,11,0,143
2,11,1,25
2,11,2,102
2,11,3,61
2,11,4,164
2,11,5,136
2,11,6,139
2,11,7,119
2,11,8,66
2,11,9,166
2,11,10,177
2,11,11,99
2,11,12,125
2,11,13,132
2,11,14,150
2,11,15,126
2,11,16,164
2,11,17,167
2,11,18,120
2,11,19,177
2,11,20,58
2,11,21,95
2,11,22,133
2,11,23,40
2,11,24,148
2,11,25,106
2,11,26,89
2,11,27,102
2,11,28,87
2,11,29,64
2,11,30,183
2,11,31,163
2,11,32,81
2,11,33,52
2,11,34,43
2,11,35,162
2,11,36,146
2,11,37,35
2,11,38,43
2,11,39,183
2,11,40,175
2,11,41,73
2,11,42,40
2,11,43,164
2,11,44,27
2,11,45,134
2,11,46,50
2,11,47,144
2,11,48,52
2,11,49,83
2,11,50,43
2,11,51,73
2,11,52,45
2,11,53,104
2,11,54,136
2,11,55,91
2,11,56,190
2,11,57,155
2,11,58,118
2,11,59,121
2,11,60,78
2,11,61,112
2,11,62,155
2,11,63,22
2,11,64,107
2,11,65,181
2,11,66,172
2,11,67,61
2,11,68,152
2,11,69,125
2,11,70,114
2,11,71,138
2,11,72,133
2,11,73,35
2,11,74,95
2,11,75,57
2,11,76,145
2,11,77,70
2,11,78,99
2,11,79,167
2,11,80,160
2,11,81,172
2,11,82,106
2,11,83,185
2,11,84,28
2,11,85,187
2,11,86,83
2,11,87,165
2,11,88,189
2,11,89,179
2,11,90,145
2,11,91,140
2,11,92,193
2,11,93,104
2,11,94,40
2,11,95,26
2,11,96,177
2,11,97,27
2,11,98,189
2,11,99,122
2,12,0,200
2,12,1,265
2,12,2,263
2,12,3,132
2,12,4,189
2,12,5,166
2,12,6,241
2,12,7,46
2,12,8,193
2,12,9,142
2,12,10,252
2,12,11,208
2,12,12,99
2,12,13,66
2,12,14,171
2,12,15,283
2,12,16,122
2,12,17,287
2,12,18,165
2,12,19,81
2,12,20,40
2,12,21,110
2,12,22,41
2,12,23,183
2,12,24,212
2,12,25,204
2,12,26,123
2,12,27,61
2,12,28,196
2,12,29,48
2,12,30,197
2,12,31,246
2,12,32,47
2,12,33,123
2,12,34,190
2,12,35,195
2,12,36,83
2,12,37,192
2,12,38,175
2,12,39,259
2,12,40,210
2,12,41,125
2,12,42,90
2,12,43,188
2,12,44,97
2,12,45,51
2,12,46,243
2,12,47,90
2,12,48,129
2,12,49,249
2,12,50,58
2,12,51,280
2,12,52,166
2,12,53,204
2,12,54,219
2,12,55,283
2,12,56,174
2,12,57,211
2,12,58,207
2,12,59,193
2,12,60,237
2,12,61,120
2,12,62,155
2,12,63,52
2,12,64,265
2,12,65,175
2,12,66,166
2,12,67,100
2,12,68,262
2,12,69,36
2,12,70,57
2,12,71,47
2,12,72,94
2,12,73,159
2,12,74,151
2,12,75,101
2,12,76,174
2,12,77,90
2,12,78,126
2,12,79,76
2,12,80,202
2,12,81,53
2,12,82,120
2,12,83,168
2,12,84,173
2,12,85,126
2,12,86,197
2,12,87,74
2,12,88,217
2,12,89,269
2,12,90,285
2,12,91,257
2,12,92,99
2,12,93,42
2,12,94,281
2,12,95,175
2,12,96,170
2,12,97,69
2,12,98,266
2,12,99,277
2,13,0,268
2,13,1,222
2,13,2,139
2,13,3,286
2,13,4,266
2,13,5,262
2,13,6,193
2,13,7,53
2,13,8,41
2,13,9,95
2,13,10,59
2,13,11,237
2,13,12,265
2,13,13,181
2,13,14,200
2,13,15,163
2,13,16,288
2,13,17,201
2,13,18,203
2,13,19,267
2,13,20,138
2,13,21,51
2,13,22,235
2,13,23,264
2,13,24,176
2,13,25,161
2,13,26,61
2,13,27,119
2,13,28,85
2,13,29,237
2,13,30,78
2,13,31,220
2,13,32,154
2,13,33,35
2,13,34,225
2,13,35,250
2,13,36,126
2,13,37,164
2,13,38,47
2,13,39,96
2,13,40,223
2,13,41,72
2,13,42,97
2,13,43,223
2,13,44,53
2,13,45,232
2,13,46,205
2,13,47,211
2,13,48,121
2,13,49,180
2,13,50,55
2,13,51,111
2,13,52,89
2,13,53,173
2,13,54,211
2,13,55,201
2,13,56,70
2,13,57,83
2,13,58,169
2,13,59,39
2,13,60,234
2,13,61,195
2,13,62,77
2,13,63,284
2,13,64,182
2,13,65,305
2,13,66,46
2,13,67,255
2,13,68,55
2,13,69,290
2,13,70,132
2,13,71,215
2,13,72,228
2,13,73,228
2,13,74,223
2,13,75,37
2,13,76,94
2,13,77,251
2,13,78,248
2,13,79,252
2,13,80,36
2,13,81,45
2,13,82,54
2,13,83,272
2,13,84,164
2,13,85,233
2,13,86,93
2,13,87,216
2,13,88,155
2,13,89,303
2,13,90,112
2,13,91,64
2,13,92,183
2,13,93,219
2,13,94,71
2,13,95,181
2,13,96,236
2,13,97,64
2,13,98,248
2,13,99,182
2,14,0,37
2,14,1,194
2,14,2,253
2,14,3,304
2,14,4,304
2,14,5,147
2,14,6,44
2,14,7,298
2,14,8,94
2,14,9,294
2,14,10,297
2,14,11,123
2,14,12,241
2,14,13,206
2,14,14,264
2,14,15,294
2,14,16,90
2,14,17,145
2,14,18,232
2,14,19,194
2,14,20,290
2,14,21,156
2,14,22,202
2,14,23,56
2,14,24,97
2,14,25,67
2,14,26,243
2,14,27,39
2,14,28,290
2,14,29,261
2,14,30,219
2,14,31,42
2,14,32,104
2,14,33,71
2,14,34,227
2,14,35,53
2,14,36,276
2,14,37,185
2,14,38,62
2,14,39,159
2,14,40,73
2,14,41,149
2,14,42,228
2,14,43,223
2,14,44,129
2,14,45,129
2,14,46,55
2,14,47,58
2,14,48,48
2,14,49,54
2,14,50,139
2,14,51,256
2,14,52,127
2,14,53,172
2,14,54,204
2,14,55,193
2,14,56,70
2,14,57,202
2,14,58,176
2,14,59,238
2,14,60,218
2,14,61,164
2,14,62,294
2,14,63,105
2,14,64,227
2,14,65,89
2,14,66,215
2,14,67,102
2,14,68,90
2,14,69,135
2,14,70,172
2,14,71,219
2,14,72,118
2,14,73,138
2,14,74,241
2,14,75,124
2,14,76,51
2,14,77,47
2,14,78,71
2,14,79,162
2,14,80,138
2,14,81,218
2,14,82,60
2,14,83,78
2,14,84,298
2,14,85,149
2,14,86,283
2,14,87,98
2,14,88,301
2,14,89,68
2,14,90,246
2,14,91,301
2,14,92,166
2,14,93,167
2,14,94,82
2,14,95,200
2,14,96,100
2,14,97,229
2,14,98,163
2,14,99,97
2,15,0,56
2,15,1,14
2,15,2,21
2,15,3,22
2,15,4,49
2,15,5,81
2,15,6,17
2,15,7,13
2,15,8,26
2,15,9,102
2,15,10,95
2,15,11,51
2,15,12,27
2,15,13,46
2,15,14,102
2,15,15,74
2,15,16,57
2,15,17,51
2,15,18,98
2,15,19,105
2,15,20,87
2,15,21,92
2,15,22,41
2,15,23,102
2,15,24,55
2,15,25,29
2,15,26,69
2,15,27,78
2,15,28,54
2,15,29,48
2,15,30,80
2,15,31,37
2,15,32,78
2,15,33,67
2,15,34,44
2,15,35,77
2,15,36,16
2,15,37,65
2,15,38,69
2,15,39,40
2,15,40,46
2,15,41,95
2,15,42,71
2,15,43,73
2,15,44,22
2,15,45,35
2,15,46,81
2,15,47,79
2,15,48,55
2,15,49,16
2,15,50,17
2,15,51,20
2,15,52,95
2,15,53,25
2,15,54,75
2,15,55,67
2,15,56,82
2,15,57,68
2,15,58,29
2,15,59,82
2,15,60,69
2,15,61,64
2,15,62,82
2,15,63,42
2,15,64,19
2,15,65,20
2,15,66,43
2,15,67,34
2,15,68,84
2,15,69,70
2,15,70,21
2,15,71,81
2,15,72,100
2,15,73,91
2,15,74,77
2,15,75,87
2,15,76,26
2,15,77,18
2,15,78,84
2,15,79,107
2,15,80,35
2,15,81,66
2,15,82,20
2,15,83,66
2,15,84,55
2,15,85,35
2,15,86,66
2,15,87,75
2,15,88,100
2,15,89,87
2,15,90,106
2,15,91,55
2,15,92,26
2,15,93,51
2,15,94,88
2,15,95,32
2,15,96,29
2,15,97,74
2,15,98,103
2,15,99,51
2,16,0,118
2,16,1,76
2,16,2,68
2,16,3,37
2,16,4,21
2,16,5,35
2,16,6,82
2,16,7,123
2,16,8,26
2,16,9,50
2,16,10,22
2,16,11,138
2,16,12,73
2,16,13,59
2,16,14,131
2,16,15,58
2,16,16,58
2,16,17,153
2,16,18,42
2,16,19,23
2,16,20,156
2,16,21,62
2,16,22,78
2,16,23,133
2,16,24,69
2,16,25,33
2,16,26,132
2,16,27,37
2,16,28,47
2,16,29,38
2,16,30,50
2,16,31,52
2,16,32,123
2,16,33,32
2,16,34,114
2,16,35,149
2,16,36,109
2,16,37,67
2,16,38,139
2,16,39,147
2,16,40,89
2,16,41,99
2,16,42,102
2,16,43,37
2,16,44,72
2,16,45,135
2,16,46,93
2,16,47,153
2,16,48,107
2,16,49,130
2,16,50,54
2,16,51,99
2,16,52,135
2,16,53,40
2,16,54,96
2,16,55,106
2,16,56,45
2,16,57,110
2,16,58,28
2,16,59,130
2,16,60,65
2,16,61,88
2,16,62,73
2,16,63,65
2,16,64,160
2,16,65,145
2,16,66,62
2,16,67,41
2,16,68,94
2,16,69,38
2,16,70,112
2,16,71,52
2,16,72,32
2,16,73,21
2,16,74,142
2,16,75,39
2,16,76,76
2,16,77,31
2,16,78,35
2,16,79,72
2,16,80,42
2,16,81,122
2,16,82,36
2,16,83,124
2,16,84,139
2,16,85,30
2,16,86,24
2,16,87,89
2,16,88,105
2,16,89,116
2,16,90,87
2,16,91,96
2,16,92,97
2,16,93,121
2,16,94,40
2,16,95,21
2,16,96,91
2,16,97,155
2,16,98,22
2,16,99,106
2,17,0,79
2,17,1,131
2,17,2,19
2,17,3,100
2,17,4,100
2,17,5,129
2,17,6,85
2,17,7,104
2,17,8,69
2,17,9,122
2,17,10,104
2,17,11,30
2,17,12,34
2,17,13,36
2,17,14,31
2,17,15,45
2,17,16,70
2,17,17,102
2,17,18,59
2,17,19,83
2,17,20,121
2,17,21,129
2,17,22,106
2,17,23,123
2,17,24,56
2,17,25,117
2,17,26,133
2,17,27,21
2,17,28,73
2,17,29,47
2,17,30,79
2,17,31,95
2,17,32,43
2,17,33,128
2,17,34,49
2,17,35,107
2,17,36,125
2,17,37,135
2,17,38,138
2,17,39,103
2,17,40,96
2,17,41,92
2,17,42,78
2,17,43,62
2,17,44,19
2,17,45,112
2,17,46,66
2,17,47,52
2,17,48,116
2,17,49,101
2,17,50,132
2,17,51,32
2,17,52,65
2,17,53,90
2,17,54,61
2,17,55,61
2,17,56,78
2,17,57,25
2,17,58,21
2,17,59,124
2,17,60,17
2,17,61,106
2,17,62,73
2,17,63,140
2,17,64,120
2,17,65,67
2,17,66,66
2,17,67,32
2,17,68,63
2,17,69,42
2,17,70,56
2,17,71,88
2,17,72,126
2,17,73,29
2,17,74,122
2,17,75,134
2,17,76,45
2,17,77,42
2,17,78,114
2,17,79,19
2,17,80,79
2,17,81,19
2,17,82,119
2,17,83,19
2,17,84,37
2,17,85,48
2,17,86,144
2,17,87,70
2,17,88,25
2,17,89,48
2,17,90,69
2,17,91,70
2,17,92,32
2,17,93,17
2,17,94,120
2,17,95,47
2,17,96,27
2,17,97,66
2,17,98,71
2,17,99,83
2,18,0,85
2,18,1,88
2,18,2,57
2,18,3,97
2,18,4,20
2,18,5,46
2,18,6,47
2,18,7,80
2,18,8,93
2,18,9,81
2,18,10,23
2,18,11,70
2,18,12,61
2,18,13,70
2,18,14,13
2,18,15,40
2,18,16,17
2,18,17,49
2,18,18,85
2,18,19,38
2,18,20,71
2,18,21,72
2,18,22,36
2,18,23,58
2,18,24,26
2,18,25,19
2,18,26,88
2,18,27,29
2,18,28,24
2,18,29,105
2,18,30,17
2,18,31,77
2,18,32,48
2,18,33,29
2,18,34,38
2,18,35,82
2,18,36,94
2,18,37,38
2,18,38,45
2,18,39,51
2,18,40,91
2,18,41,84
2,18,42,32
2,18,43,64
2,18,44,86
2,18,45,58
2,18,46,65
2,18,47,32
2,18,48,75
2,18,49,19
2,18,50,47
2,18,51,50
2,18,52,70
2,18,53,103
2,18,54,33
2,18,55,64
2,18,56,89
2,18,57,70
2,18,58,83
2,18,59,23
2,18,60,92
2,18,61,42
2,18,62,54
2,18,63,20
2,18,64,78
2,18,65,93
2,18,66,58
2,18,67,22
2,18,68,22
2,18,69,23
2,18,70,60
2,18,71,72
2,18,72,15
2,18,73,18
2,18,74,107
2,18,75,40
2,18,76,58
2,18,77,73
2,18,78,81
2,18,79,23
2,18,80,23
2,18,81,100
2,18,82,43
2,18,83,81
2,18,84,80
2,18,85,57
2,18,86,21
2,18,87,97
2,18,88,92
2,18,89,53
2,18,90,56
2,18,91,64
2,18,92,48
2,18,93,60
2,18,94,57
2,18,95,39
2,18,96,96
2,18,97,17
2,18,98,47
2,18,99,86
2,19,0,20
2,19,1,29
2,19,2,19
2,19,3,36
2,19,4,32
2,19,5,4
2,19,6,19
2,19,7,31
2,19,8,15
2,19,9,27
2,19,10,17
2,19,11,7
2,19,12,14
2,19,13,14
2,19,14,25
2,19,15,34
2,19,16,27
2,19,17,14
2,19,18,26
2,19,19,7
2,19,20,16
2,19,21,10
2,19,22,26
2,19,23,25
2,19,24,15
2,19,25,10
2,19,26,9
2,19,27,12
2,19,28,15
2,19,29,32
2,19,30,8
2,19,31,9
2,19,32,16
2,19,33,23
2,19,34,6
2,19,35,12
2,19,36,31
2,19,37,25
2,19,38,15
2,19,39,8
2,19,40,14
2,19,41,12
2,19,42,27
2,19,43,14
2,19,44,26
2,19,45,17
2,19,46,15
2,19,47,29
2,19,48,10
2,19,49,19
2,19,50,23
2,19,51,14
2,19,52,27
2,19,53,33
2,19,54,6
2,19,55,10
2,19,56,20
2,19,57,30
2,19,58,24
2,19,59,5
2,19,60,15
2,19,61,25
2,19,62,26
2,19,63,19
2,19,64,6
2,19,65,24
2,19,66,20
2,19,67,27
2,19,68,16
2,19,69,31
2,19,70,14
2,19,71,32
2,19,72,4
2,19,73,28
2,19,74,30
2,19,75,26
2,19,76,33
2,19,77,10
2,19,78,15
2,19,79,11
2,19,80,31
2,19,81,28
2,19,82,32
2,19,83,15
2,19,84,9
2,19,85,35
2,19,86,18
2,19,87,27
2,19,88,25
2,19,89,9
2,19,90,31
2,19,91,35
2,19,92,35
2,19,93,15
2,19,94,34
2,19,95,8
2,19,96,34
2,19,97,5
2,19,98,17
2,19,99,31
2,20,0,0
2,20,1,0
2,20,2,0
2,20,3,0
2,20,4,0
2,20,5,0
2,20,6,0
2,20,7,0
2,20,8,0
2,20,9,0
2,20,10,0
2,20,11,0
2,20,12,0
2,20,13,0
2,20,14,0
2,20,15,0
2,20,16,0
2,20,17,0
2,20,18,0
2,20,19,0
2,20,20,0
2,20,21,0
2,20,22,0
2,20,23,0
2,20,24,0
2,20,25,0
2,20,26,0
2,20,27,0
2,20,28,0
2,20,29,0
2,20,30,0
2,20,31,0
2,20,32,0
2,20,33,0
2,20,34,0
2,20,35,0
2,20,36,0
2,20,37,0
2,20,38,0
2,20,39,0
2,20,40,0
2,20,41,0
2,20,42,0
2,20,43,0
2,20,44,0
2,20,45,0
2,20,46,0
2,20,47,0
2,20,48,0
2,20,49,0
2,20,50,0
2,20,51,0
2,20,52,0
2,20,53,0
2,20,54,0
2,20,55,0
2,20,56,0
2,20,57,0
2,20,58,0
2,20,59,0
2,20,60,0
2,20,61,0
2,20,62,0
2,20,63,0
2,20,64,0
2,20,65,0
2,20,66,0
2,20,67,0
2,20,68,0
2,20,69,0
2,20,70,0
2,20,71,0
2,20,72,0
2,20,73,0
2,20,74,0
2,20,75,0
2,20,76,0
2,20,77,0
2,20,78,0
2,20,79,0
2,20,80,0
2,20,81,0
2,20,82,0
2,20,83,0
2,20,84,0
2,20,85,0
2,20,86,0
2,20,87,0
2,20,88,0
2,20,89,0
2,20,90,0
2,20,91,0
2,20,92,0
2,20,93,0
2,20,94,0
2,20,95,0
2,20,96,0
2,20,97,0
2,20,98,0
2,20,99,0
2,21,0,0
2,21,1,0
2,21,2,0
2,21,3,0
2,21,4,0
2,21,5,0
2,21,6,0
2,21,7,0
2,21,8,0
2,21,9,0
2,21,10,0
2,21,11,0
2,21,12,0
2,21,13,0
2,21,14,0
2,21,15,0
2,21,16,0
2,21,17,0
2,21,18,0
2,21,19,0
2,21,20,0
2,21,21,0
2,21,22,0
2,21,23,0
2,21,24,0
2,21,25,0
2,21,26,0
2,21,27,0
2,21,28,0
2,21,29,0
2,21,30,0
2,21,31,0
2,21,32,0
2,21,33,0
2,21,34,0
2,21,35,0
2,21,36,0
2,21,37,0
2,21,38,0
2,21,39,0
2,21,40,0
2,21,41,0
2,21,42,0
2,21,43,0
2,21,44,0
2,21,45,0
2,21,46,0
2,21,47,0
2,21,48,0
2,21,49,0
2,21,50,0
2,21,51,0
2,21,52,0
2,21,53,0
2,21,54,0
2,21,55,0
2,21,56,0
2,21,57,0
2,21,58,0
2,21,59,0
2,21,60,0
2,21,61,0
2,21,62,0
2,21,63,0
2,21,64,0
2,21,65,0
2,21,66,0
2,21,67,0
2,21,68,0
2,21,69,0
2,21,70,0
2,21,71,0
2,21,72,0
2,21,73,0
2,21,74,0
2,21,75,0
2,21,76,0
2,21,77,0
2,21,78,0
2,21,79,0
2,21,80,0
2,21,81,0
2,21,82,0
2,21,83,0
2,21,84,0
2,21,85,0
2,21,86,0
2,21,87,0
2,21,88,0
2,21,89,0
2,21,90,0
2,21,91,0
2,21,92,0
2,21,93,0
2,21,94,0
2,21,95,0
2,21,96,0
2,21,97,0
2,21,98,0
2,21,99,0
2,22,0,0
2,22,1,0
2,22,2,0
2,22,3,0
2,22,4,0
2,22,5,0
2,22,6,0
2,22,7,0
2,22,8,0
2,22,9,0
2,22,10,0
2,22,11,0
2,22,12,0
2,22,13,0
2,22,14,0
2,22,15,0
2,22,16,0
2,22,17,0
2,22,18,0
2,22,19,0
2,22,20,0
2,22,21,0
2,22,22,0
2,22,23,0
2,22,24,0
2,22,25,0
2,22,26,0
2,22,27,0
2,22,28,0
2,22,29,0
2,22,30,0
2,22,31,0
2,22,32,0
2,22,33,0
2,22,34,0
2,22,35,0
2,22,36,0
2,22,37,0
2,22,38,0
2,22,39,0
2,22,40,0
2,22,41,0
2,22,42,0
2,22,43,0
2,22,44,0
2,22,45,0
2,22,46,0
2,22,47,0
2,22,48,0
2,22,49,0
2,22,50,0
2,22,51,0
2,22,52,0
2,22,53,0
2,22,54,0
2,22,55,0
2,22,56,0
2,22,57,0
2,22,58,0
2,22,59,0
2,22,60,0
2,22,61,0
2,22,62,0
2,22,63,0
2,22,64,0
2,22,65,0
2,22,66,0
2,22,67,0
2,22,68,0
2,22,69,0
2,22,70,0
2,22,71,0
2,22,72,0
2,22,73,0
2,22,74,0
2,22,75,0
2,22,76,0
2,22,77,0
2,22,78,0
2,22,79,0
2,22,80,0
2,22,81,0
2,22,82,0
2,22,83,0
2,22,84,0
2,22,85,0
2,22,86,0
2,22,87,0
2,22,88,0
2,22,89,0
2,22,90,0
2,22,91,0
2,22,92,0
2,22,93,0
2,22,94,0
2,22,95,0
2,22,96,0
2,22,97,0
2,22,98,0
2,22,99,0
2,23,0,0
2,23,1,0
2,23,2,0
2,23,3,0
2,23,4,0
2,23,5,0
2,23,6,0
2,23,7,0
2,23,8,0
2,23,9,0
2,23,10,0
2,23,11,0
2,23,12,0
2,23,13,0
2,23,14,0
2,23,15,0
2,23,16,0
2,23,17,0
2,23,18,0
2,23,19,0
2,23,20,0
2,23,21,0
2,23,22,0
2,23,23,0
2,23,24,0
2,23,25,0
2,23,26,0
2,23,27,0
2,23,28,0
2,23,29,0
2,23,30,0
2,23,31,0
2,23,32,0
2,23,33,0
2,23,34,0
2,23,35,0
2,23,36,0
2,23,37,0
2,23,38,0
2,23,39,0
2,23,40,0
2,23,41,0
2,23,42,0
2,23,43,0
2,23,44,0
2,23,45,0
2,23,46,0
2,23,47,0
2,23,48,0
2,23,49,0
2,23,50,0
2,23,51,0
2,23,52,0
2,23,53,0
2,23,54,0
2,23,55,0
2,23,56,0
2,23,57,0
2,23,58,0
2,23,59,0
2,23,60,0
2,23,61,0
2,23,62,0
2,23,63,0
2,23,64,0
2,23,65,0
2,23,66,0
2,23,67,0
2,23,68,0
2,23,69,0
2,23,70,0
2,23,71,0
2,23,72,0
2,23,73,0
2,23,74,0
2,23,75,0
2,23,76,0
2,23,77,0
2,23,78,0
2,23,79,0
2,23,80,0
2,23,81,0
2,23,82,0
2,23,83,0
2,23,84,0
2,23,85,0
2,23,86,0
2,23,87,0
2,23,88,0
2,23,89,0
2,23,90,0
2,23,91,0
2,23,92,0
2,23,93,0
2,23,94,0
2,23,95,0
2,23,96,0
2,23,97,0
2,23,98,0
2,23,99,0
3,0,0,0
3,0,1,0
3,0,2,0
3,0,3,0
3,0,4,0
3,0,5,0
3,0,6,0
3,0,7,0
3,0,8,0
3,0,9,0
3,0,10,0
3,0,11,0
3,0,12,0
3,0,13,0
3,0,14,0
3,0,15,0
3,0,16,0
3,0,17,0
3,0,18,0
3,0,19,0
3,0,20,0
3,0,21,0
3,0,22,0
3,0,23,0
3,0,24,0
3,0,25,0
3,0,26,0
3,0,27,0
3,0,28,0
3,0,29,0
3,0,30,0
3,0,31,0
3,0,32,0
3,0,33,0
3,0,34,0
3,0,35,0
3,0,36,0
3,0,37,0
3,0,38,0
3,0,39,0
3,0,40,0
3,0,41,0
3,0,42,0
3,0,43,0
3,0,44,0
3,0,45,0
3,0,46,0
3,0,47,0
3,0,48,0
3,0,49,0
3,0,50,0
3,0,51,0
3,0,52,0
3,0,53,0
3,0,54,0
3,0,55,0
3,0,56,0
3,0,57,0
3,0,58,0
3,0,59,0
3,0,60,0
3,0,61,0
3,0,62,0
3,0,63,0
3,0,64,0
3,0,65,0
3,0,66,0
3,0,67,0
3,0,68,0
3,0,69,0
3,0,70,0
3,0,71,0
3,0,72,0
3,0,73,0
3,0,74,0
3,0,75,0
3,0,76,0
3,0,77,0
3,0,78,0
3,0,79,0
3,0,80,0
3,0,81,0
3,0,82,0
3,0,83,0
3,0,84,0
3,0,85,0
3,0,86,0
3,0,87,0
3,0,88,0
3,0,89,0
3,0,90,0
3,0,91,0
3,0,92,0
3,0,93,0
3,0,94,0
3,0,95,0
3,0,96,0
3,0,97,0
3,0,98,0
3,0,99,0
3,1,0,0
3,1,1,0
3,1,2,0
3,1,3,0
3,1,4,0
3,1,5,0
3,1,6,0
3,1,7,0
3,1,8,0
3,1,9,0
3,1,10,0
3,1,11,0
3,1,12,0
3,1,13,0
3,1,14,0
3,1,15,0
3,1,16,0
3,1,17,0
3,1,18,0
3,1,19,0
3,1,20,0
3,1,21,0
3,1,22,0
3,1,23,0
3,1,24,0
3,1,25,0
3,1,26,0
3,1,27,0
3,1,28,0
3,1,29,0
3,1,30,0
3,1,31,0
3,1,32,0
3,1,33,0
3,1,34,0
3,1,35,0
3,1,36,0
3,1,37,0
3,1,38,0
3,1,39,0
3,1,40,0
3,1,41,0
3,1,42,0
3,1,43,0
3,1,44,0
3,1,45,0
3,1,46,0
3,1,47,0
3,1,48,0
3,1,49,0
3,1,50,0
3,1,51,0
3,1,52,0
3,1,53,0
3,1,54,0
3,1,55,0
3,1,56,0
3,1,57,0
3,1,58,0
3,1,59,0
3,1,60,0
3,1,61,0
3,1,62,0
3,1,63,0
3,1,64,0
3,1,65,0
3,1,66,0
3,1,67,0
3,1,68,0
3,1,69,0
3,1,70,0
3,1,71,0
3,1,72,0
3,1,73,0
3,1,74,0
3,1,75,0
3,1,76,0
3,1,77,0
3,1,78,0
3,1,79,0
3,1,80,0
3,1,81,0
3,1,82,0
3,1,83,0
3,1,84,0
3,1,85,0
3,1,86,0
3,1,87,0
3,1,88,0
3,1,89,0
3,1,90,0
3,1,91,0
3,1,92,0
3,1,93,0
3,1,94,0
3,1,95,0
3,1,96,0
3,1,97,0
3,1,98,0
3,1,99,0
3,2,0,0
3,2,1,0
3,2,2,0
3,2,3,0
3,2,4,0
3,2,5,0
3,2,6,0
3,2,7,0
3,2,8,0
3,2,9,0
3,2,10,0
3,2,11,0
3,2,12,0
3,2,13,0
3,2,14,0
3,2,15,0
3,2,16,0
3,2,17,0
3,2,18,0
3,2,19,0
3,2,20,0
3,2,21,0
3,2,22,0
3,2,23,0
3,2,24,0
3,2,25,0
3,2,26,0
3,2,27,0
3,2,28,0
3,2,29,0
3,2,30,0
3,2,31,0
3,2,32,0
3,2,33,0
3,2,34,0
3,2,35,0
3,2,36,0
3,2,37,0
3,2,38,0
3,2,39,0
3,2,40,0
3,2,41,0
3,2,42,0
3,2,43,0
3,2,44,0
3,2,45,0
3,2,46,0
3,2,47,0
3,2,48,0
3,2,49,0
3,2,50,0
3,2,51,0
3,2,52,0
3,2,53,0
3,2,54,0
3,2,55,0
3,2,56,0
3,2,57,0
3,2,58,0
3,2,59,0
3,2,60,0
3,2,61,0
3,2,62,0
3,2,63,0
3,2,64,0
3,2,65,0
3,2,66,0
3,2,67,0
3,2,68,0
3,2,69,0
3,2,70,0
3,2,71,0
3,2,72,0
3,2,73,0
3,2,74,0
3,2,75,0
3,2,76,0
3,2,77,0
3,2,78,0
3,2,79,0
3,2,80,0
3,2,81,0
3,2,82,0
3,2,83,0
3,2,84,0
3,2,85,0
3,2,86,0
3,2,87,0
3,2,88,0
3,2,89,0
3,2,90,0
3,2,91,0
3,2,92,0
3,2,93,0
3,2,94,0
3,2,95,0
3,2,96,0
3,2,97,0
3,2,98,0
3,2,99,0
3,3,0,0
3,3,1,0
3,3,2,0
3,3,3,0
3,3,4,0
3,3,5,0
3,3,6,0
3,3,7,0
3,3,8,0
3,3,9,0
3,3,10,0
3,3,11,0
3,3,12,0
3,3,13,0
3,3,14,0
3,3,15,0
3,3,16,0
3,3,17,0
3,3,18,0
3,3,19,0
3,3,20,0
3,3,21,0
3,3,22,0
3,3,23,0
3,3,24,0
3,3,25,0
3,3,26,0
3,3,27,0
3,3,28,0
3,3,29,0
3,3,30,0
3,3,31,0
3,3,32,0
3,3,33,0
3,3,34,0
3,3,35,0
3,3,36,0
3,3,37,0
3,3,38,0
3,3,39,0
3,3,40,0
3,3,41,0
3,3,42,0
3,3,43,0
3,3,44,0
3,3,45,0
3,3,46,0
3,3,47,0
3,3,48,0
3,3,49,0
3,3,50,0
3,3,51,0
3,3,52,0
3,3,53,0
3,3,54,0
3,3,55,0
3,3,56,0
3,3,57,0
3,3,58,0
3,3,59,0
3,3,60,0
3,3,61,0
3,3,62,0
3,3,63,0
3,3,64,0
3,3,65,0
3,3,66,0
3,3,67,0
3,3,68,0
3,3,69,0
3,3,70,0
3,3,71,0
3,3,72,0
3,3,73,0
3,3,74,0
3,3,75,0
3,3,76,0
3,3,77,0
3,3,78,0
3,3,79,0
3,3,80,0
3,3,81,0
3,3,82,0
3,3,83,0
3,3,84,0
3,3,85,0
3,3,86,0
3,3,87,0
3,3,88,0
3,3,89,0
3,3,90,0
3,3,91,0
3,3,92,0
3,3,93,0
3,3,94,0
3,3,95,0
3,3,96,0
3,3,97,0
3,3,98,0
3,3,99,0
3,4,0,0
3,4,1,0
3,4,2,0
3,4,3,0
3,4,4,0
3,4,5,0
3,4,6,0
3,4,7,0
3,4,8,0
3,4,9,0
3,4,10,0
3,4,11,0
3,4,12,0
3,4,13,0
3,4,14,0
3,4,15,0
3,4,16,0
3,4,17,0
3,4,18,0
3,4,19,0
3,4,20,0
3,4,21,0
3,4,22,0
3,4,23,0
3,4,24,0
3,4,25,0
3,4,26,0
3,4,27,0
3,4,28,0
3,4,29,0
3,4,30,0
3,4,31,0
3,4,32,0
3,4,33,0
3,4,34,0
3,4,35,0
3,4,36,0
3,4,37,0
3,4,38,0
3,4,39,0
3,4,40,0
3,4,41,0
3,4,42,0
3,4,43,0
3,4,44,0
3,4,45,0
3,4,46,0
3,4,47,0
3,4,48,0
3,4,49,0
3,4,50,0
3,4,51,0
3,4,52,0
3,4,53,0
3,4,54,0
3,4,55,0
3,4,56,0
3,4,57,0
3,4,58,0
3,4,59,0
3,4,60,0
3,4,61,0
3,4,62,0
3,4,63,0
3,4,64,0
3,4,65,0
3,4,66,0
3,4,67,0
3,4,68,0
3,4,69,0
3,4,70,0
3,4,71,0
3,4,72,0
3,4,73,0
3,4,74,0
3,4,75,0
3,4,76,0
3,4,77,0
3,4,78,0
3,4,79,0
3,4,80,0
3,4,81,0
3,4,82,0
3,4,83,0
3,4,84,0
3,4,85,0
3,4,86,0
3,4,87,0
3,4,88,0
3,4,89,0
3,4,90,0
3,4,91,0
3,4,92,0
3,4,93,0
3,4,94,0
3,4,95,0
3,4,96,0
3,4,97,0
3,4,98,0
3,4,99,0
3,5,0,0
3,5,1,0
3,5,2,0
3,5,3,0
3,5,4,0
3,5,5,0
3,5,6,0
3,5,7,0
3,5,8,0
3,5,9,0
3,5,10,0
3,5,11,0
3,5,12,0
3,5,13,0
3,5,14,0
3,5,15,0
3,5,16,0
3,5,17,0
3,5,18,0
3,5,19,0
3,5,20,0
3,5,21,0
3,5,22,0
3,5,23,0
3,5,24,0
3,5,25,0
3,5,26,0
3,5,27,0
3,5,28,0
3,5,29,0
3,5,30,0
3,5,31,0
3,5,32,0
3,5,33,0
3,5,34,0
3,5,35,0
3,5,36,0
3,5,37,0
3,5,38,0
3,5,39,0
3,5,40,0
3,5,41,0
3,5,42,0
3,5,43,0
3,5,44,0
3,5,45,0
3,5,46,0
3,5,47,0
3,5,48,0
3,5,49,0
3,5,50,0
3,5,51,0
3,5,52,0
3,5,53,0
3,5,54,0
3,5,55,0
3,5,56,0
3,5,57,0
3,5,58,0
3,5,59,0
3,5,60,0
3,5,61,0
3,5,62,0
3,5,63,0
3,5,64,0
3,5,65,0
3,5,66,0
3,5,67,0
3,5,68,0
3,5,69,0
3,5,70,0
3,5,71,0
3,5,72,0
3,5,73,0
3,5,74,0
3,5,75,0
3,5,76,0
3,5,77,0
3,5,78,0
3,5,79,0
3,5,80,0
3,5,81,0
3,5,82,0
3,5,83,0
3,5,84,0
3,5,85,0
3,5,86,0
3,5,87,0
3,5,88,0
3,5,89,0
3,5,90,0
3,5,91,0
3,5,92,0
3,5,93,0
3,5,94,0
3,5,95,0
3,5,96,0
3,5,97,0
3,5,98,0
3,5,99,0
3,6,0,2
3,6,1,2
3,6,2,1
3,6,3,2
3,6,4,4
3,6,5,1
3,6,6,2
3,6,7,3
3,6,8,1
3,6,9,4
3,6,10,2
3,6,11,2
3,6,12,3
3,6,13,1
3,6,14,3
3,6,15,4
3,6,16,3
3,6,17,2
3,6,18,1
3,6,19,3
3,6,20,4
3,6,21,3
3,6,22,3
3,6,23,2
3,6,24,2
3,6,25,2
3,6,26,2
3,6,27,3
3,6,28,1
3,6,29,3
3,6,30,2
3,6,31,2
3,6,32,3
3,6,33,1
3,6,34,1
3,6,35,1
3,6,36,3
3,6,37,1
3,6,38,2
3,6,39,4
3,6,40,3
3,6,41,3
3,6,42,4
3,6,43,1
3,6,44,3
3,6,45,1
3,6,46,4
3,6,47,1
3,6,48,1
3,6,49,1
3,6,50,3
3,6,51,4
3,6,52,1
3,6,53,2
3,6,54,4
3,6,55,4
3,6,56,4
3,6,57,2
3,6,58,3
3,6,59,2
3,6,60,1
3,6,61,3
3,6,62,1
3,6,63,3
3,6,64,3
3,6,65,1
3,6,66,2
3,6,67,2
3,6,68,1
3,6,69,3
3,6,70,3
3,6,71,2
3,6,72,3
3,6,73,1
3,6,74,1
3,6,75,2
3,6,76,3
3,6,77,3
3,6,78,3
3,6,79,2
3,6,80,3
3,6,81,1
3,6,82,1
3,6,83,1
3,6,84,4
3,6,85,3
3,6,86,3
3,6,87,2
3,6,88,1
3,6,89,3
3,6,90,1
3,6,91,4
3,6,92,3
3,6,93,1
3,6,94,1
3,6,95,2
3,6,96,1
3,6,97,1
3,6,98,4
3,6,99,2
3,7,0,0
3,7,1,0
3,7,2,0
3,7,3,0
3,7,4,0
3,7,5,0
3,7,6,0
3,7,7,0
3,7,8,0
3,7,9,0
3,7,10,0
3,7,11,0
3,7,12,0
3,7,13,0
3,7,14,0
3,7,15,0
3,7,16,0
3,7,17,0
3,7,18,0
3,7,19,0
3,7,20,0
3,7,21,0
3,7,22,0
3,7,23,0
3,7,24,0
3,7,25,0
3,7,26,0
3,7,27,0
3,7,28,0
3,7,29,0
3,7,30,0
3,7,31,0
3,7,32,0
3,7,33,0
3,7,34,0
3,7,35,0
3,7,36,0
3,7,37,0
3,7,38,0
3,7,39,0
3,7,40,0
3,7,41,0
3,7,42,0
3,7,43,0
3,7,44,0
3,7,45,0
3,7,46,0
3,7,47,0
3,7,48,0
3,7,49,0
3,7,50,0
3,7,51,0
3,7,52,0
3,7,53,0
3,7,54,0
3,7,55,0
3,7,56,0
3,7,57,0
3,7,58,0
3,7,59,0
3,7,60,0
3,7,61,0
3,7,62,0
3,7,63,0
3,7,64,0
3,7,65,0
3,7,66,0
3,7,67,0
3,7,68,0
3,7,69,0
3,7,70,0
3,7,71,0
3,7,72,0
3,7,73,0
3,7,74,0
3,7,75,0
3,7,76,0
3,7,77,0
3,7,78,0
3,7,79,0
3,7,80,0
3,7,81,0
3,7,82,0
3,7,83,0
3,7,84,0
3,7,85,0
3,7,86,0
3,7,87,0
3,7,88,0
3,7,89,0
3,7,90,0
3,7,91,0
3,7,92,0
3,7,93,0
3,7,94,0
3,7,95,0
3,7,96,0
3,7,97,0
3,7,98,0
3,7,99,0
3,8,0,4
3,8,1,7
3,8,2,6
3,8,3,4
3,8,4,4
3,8,5,6
3,8,6,2
3,8,7,7
3,8,8,3
3,8,9,2
3,8,10,5
3,8,11,5
3,8,12,3
3,8,13,4
3,8,14,7
3,8,15,1
3,8,16,7
3,8,17,5
3,8,18,5
3,8,19,7
3,8,20,7
3,8,21,2
3,8,22,8
3,8,23,1
3,8,24,1
3,8,25,5
3,8,26,7
3,8,27,5
3,8,28,4
3,8,29,3
3,8,30,7
3,8,31,9
3,8,32,2
3,8,33,3
3,8,34,9
3,8,35,8
3,8,36,7
3,8,37,1
3,8,38,1
3,8,39,5
3,8,40,1
3,8,41,2
3,8,42,6
3,8,43,5
3,8,44,8
3,8,45,3
3,8,46,3
3,8,47,4
3,8,48,7
3,8,49,9
3,8,50,4
3,8,51,7
3,8,52,8
3,8,53,7
3,8,54,8
3,8,55,8
3,8,56,6
3,8,57,5
3,8,58,2
3,8,59,8
3,8,60,3
3,8,61,9
3,8,62,6
3,8,63,1
3,8,64,5
3,8,65,3
3,8,66,1
3,8,67,7
3,8,68,4
3,8,69,8
3,8,70,7
3,8,71,2
3,8,72,7
3,8,73,3
3,8,74,8
3,8,75,3
3,8,76,4
3,8,77,8
3,8,78,7
3,8,79,2
3,8,80,2
3,8,81,1
3,8,82,9
3,8,83,1
3,8,84,2
3,8,85,5
3,8,86,2
3,8,87,3
3,8,88,7
3,8,89,1
3,8,90,5
3,8,91,6
3,8,92,3
3,8,93,3
3,8,94,2
3,8,95,2
3,8,96,2
3,8,97,2
3,8,98,6
3,8,99,8
3,9,0,27
3,9,1,22
3,9,2,19
3,9,3,17
3,9,4,31
3,9,5,12
3,9,6,14
3,9,7,20
3,9,8,18
3,9,9,23
3,9,10,26
3,9,11,9
3,9,12,22
3,9,13,24
3,9,14,12
3,9,15,31
3,9,16,14
3,9,17,22
3,9,18,30
3,9,19,32
3,9,20,11
3,9,21,31
3,9,22,30
3,9,23,11
3,9,24,7
3,9,25,14
3,9,26,30
3,9,27,28
3,9,28,11
3,9,29,12
3,9,30,12
3,9,31,6
3,9,32,9
3,9,33,21
3,9,34,18
3,9,35,16
3,9,36,19
3,9,37,29
3,9,38,31
3,9,39,11
3,9,40,10
3,9,41,6
3,9,42,11
3,9,43,9
3,9,44,4
3,9,45,9
3,9,46,26
3,9,47,30
3,9,48,25
3,9,49,12
3,9,50,22
3,9,51,26
3,9,52,16
3,9,53,22
3,9,54,20
3,9,55,30
3,9,56,25
3,9,57,11
3,9,58,10
3,9,59,24
3,9,60,10
3,9,61,22
3,9,62,11
3,9,63,30
3,9,64,12
3,9,65,28
3,9,66,10
3,9,67,20
3,9,68,9
3,9,69,16
3,9,70,15
3,9,71,5
3,9,72,7
3,9,73,25
3,9,74,16
3,9,75,27
3,9,76,23
3,9,77,15
3,9,78,18
3,9,79,31
3,9,80,31
3,9,81,18
3,9,82,24
3,9,83,25
3,9,84,18
3,9,85,17
3,9,86,26
3,9,87,16
3,9,88,18
3,9,89,6
3,9,90,30
3,9,91,17
3,9,92,21
3,9,93,6
3,9,94,19
3,9,95,10
3,9,96,15
3,9,97,20
3,9,98,27
3,9,99,11
3,10,0,36
3,10,1,26
3,10,2,18
3,10,3,18
3,10,4,16
3,10,5,8
3,10,6,30
3,10,7,32
3,10,8,15
3,10,9,29
3,10,10,42
3,10,11,40
3,10,12,23
3,10,13,26
3,10,14,35
3,10,15,30
3,10,16,37
3,10,17,46
3,10,18,13
3,10,19,39
3,10,20,20
3,10,21,29
3,10,22,14
3,10,23,37
3,10,24,47
3,10,25,41
3,10,26,32
3,10,27,26
3,10,28,28
3,10,29,45
3,10,30,12
3,10,31,30
3,10,32,32
3,10,33,44
3,10,34,17
3,10,35,36
3,10,36,20
3,10,37,21
3,10,38,9
3,10,39,19
3,10,40,19
3,10,41,7
3,10,42,29
3,10,43,35
3,10,44,27
3,10,45,28
3,10,46,10
3,10,47,34
3,10,48,25
3,10,49,15
3,10,50,42
3,10,51,29
3,10,52,48
3,10,53,9
3,10,54,27
3,10,55,18
3,10,56,42
3,10,57,12
3,10,58,5
3,10,59,24
3,10,60,34
3,10,61,47
3,10,62,32
3,10,63,13
3,10,64,21
3,10,65,39
3,10,66,19
3,10,67,12
3,10,68,17
3,10,69,7
3,10,70,37
3,10,71,17
3,10,72,38
3,10,73,41
3,10,74,25
3,10,75,42
3,10,76,48
3,10,77,45
3,10,78,47
3,10,79,46
3,10,80,46
3,10,81,35
3,10,82,12
3,10,83,33
3,10,84,48
3,10,85,16
3,10,86,34
3,10,87,11
3,10,88,48
3,10,89,23
3,10,90,20
3,10,91,14
3,10,92,42
3,10,93,31
3,10,94,30
3,10,95,16
3,10,96,11
3,10,97,8
3,10,98,31
3,10,99,36
3,11,0,28
3,11,1,11
3,11,2,11
3,11,3,33
3,11,4,23
3,11,5,39
3,11,6,54
3,11,7,9
3,11,8,12
3,11,9,37
3,11,10,21
3,11,11,42
3,11,12,31
3,11,13,54
3,11,14,24
3,11,15,43
3,11,16,36
3,11,17,42
3,11,18,21
3,11,19,34
3,11,20,7
3,11,21,54
3,11,22,28
3,11,23,24
3,11,24,11
3,11,25,18
3,11,26,21
3,11,27,30
3,11,28,27
3,11,29,9
3,11,30,36
3,11,31,10
3,11,32,20
3,11,33,53
3,11,34,42
3,11,35,41
3,11,36,24
3,11,37,36
3,11,38,47
3,11,39,45
3,11,40,44
3,11,41,33
3,11,42,44
3,11,43,17
3,11,44,32
3,11,45,47
3,11,46,20
3,11,47,32
3,11,48,39
3,11,49,10
3,11,50,14
3,11,51,36
3,11,52,27
3,11,53,13
3,11,54,47
3,11,55,42
3,11,56,55
3,11,57,8
3,11,58,47
3,11,59,31
3,11,60,16
3,11,61,13
3,11,62,16
3,11,63,7
3,11,64,12
3,11,65,41
3,11,66,21
3,11,67,31
3,11,68,51
3,11,69,33
3,11,70,42
3,11,71,14
3,11,72,28
3,11,73,51
3,11,74,14
3,11,75,12
3,11,76,48
3,11,77,9
3,11,78,18
3,11,79,36
3,11,80,42
3,11,81,28
3,11,82,30
3,11,83,11
3,11,84,37
3,11,85,20
3,11,86,52
3,11,87,18
3,11,88,44
3,11,89,42
3,11,90,12
3,11,91,17
3,11,92,16
3,11,93,46
3,11,94,34
3,11,95,32
3,11,96,44
3,11,97,50
3,11,98,10
3,11,99,25
3,12,0,24
3,12,1,50
3,12,2,46
3,12,3,34
3,12,4,11
3,12,5,54
3,12,6,35
3,12,7,8
3,12,8,40
3,12,9,21
3,12,10,30
3,12,11,53
3,12,12,17
3,12,13,12
3,12,14,38
3,12,15,41
3,12,16,58
3,12,17,23
3,12,18,53
3,12,19,37
3,12,20,10
3,12,21,55
3,12,22,35
3,12,23,31
3,12,24,35
3,12,25,34
3,12,26,41
3,12,27,40
3,12,28,15
3,12,29,33
3,12,30,16
3,12,31,31
3,12,32,11
3,12,33,54
3,12,34,50
3,12,35,17
3,12,36,18
3,12,37,36
3,12,38,9
3,12,39,57
3,12,40,24
3,12,41,22
3,12,42,55
3,12,43,19
3,12,44,27
3,12,45,16
3,12,46,11
3,12,47,54
3,12,48,21
3,12,49,47
3,12,50,15
3,12,51,41
3,12,52,21
3,12,53,44
3,12,54,9
3,12,55,41
3,12,56,9
3,12,57,41
3,12,58,25
3,12,59,45
3,12,60,28
3,12,61,35
3,12,62,16
3,12,63,21
3,12,64,32
3,12,65,9
3,12,66,50
3,12,67,29
3,12,68,16
3,12,69,14
3,12,70,13
3,12,71,31
3,12,72,58
3,12,73,50
3,12,74,52
3,12,75,33
3,12,76,7
3,12,77,47
3,12,78,54
3,12,79,10
3,12,80,16
3,12,81,33
3,12,82,29
3,12,83,56
3,12,84,57
3,12,85,14
3,12,86,25
3,12,87,36
3,12,88,28
3,12,89,33
3,12,90,52
3,12,91,10
3,12,92,54
3,12,93,23
3,12,94,44
3,12,95,21
3,12,96,44
3,12,97,47
3,12,98,36
3,12,99,12
3,13,0,29
3,13,1,115
3,13,2,124
3,13,3,91
3,13,4,36
3,13,5,99
3,13,6,41
3,13,7,103
3,13,8,131
3,13,9,122
3,13,10,76
3,13,11,87
3,13,12,52
3,13,13,118
3,13,14,115
3,13,15,22
3,13,16,79
3,13,17,59
3,13,18,80
3,13,19,36
3,13,20,107
3,13,21,28
3,13,22,38
3,13,23,17
3,13,24,21
3,13,25,29
3,13,26,67
3,13,27,119
3,13,28,27
3,13,29,131
3,13,30,123
3,13,31,29
3,13,32,80
3,13,33,82
3,13,34,106
3,13,35,26
3,13,36,25
3,13,37,125
3,13,38,64
3,13,39,110
3,13,40,106
3,13,41,113
3,13,42,31
3,13,43,25
3,13,44,66
3,13,45,109
3,13,46,31
3,13,47,36
3,13,48,33
3,13,49,42
3,13,50,53
3,13,51,23
3,13,52,60
3,13,53,47
3,13,54,33
3,13,55,51
3,13,56,73
3,13,57,93
3,13,58,49
3,13,59,72
3,13,60,96
3,13,61,125
3,13,62,28
3,13,63,59
3,13,64,116
3,13,65,104
3,13,66,111
3,13,67,19
3,13,68,109
3,13,69,26
3,13,70,56
3,13,71,42
3,13,72,130
3,13,73,71
3,13,74,47
3,13,75,64
3,13,76,31
3,13,77,106
3,13,78,111
3,13,79,15
3,13,80,57
3,13,81,123
3,13,82,80
3,13,83,35
3,13,84,61
3,13,85,88
3,13,86,104
3,13,87,130
3,13,88,129
3,13,89,67
3,13,90,122
3,13,91,99
3,13,92,33
3,13,93,81
3,13,94,77
3,13,95,125
3,13,96,96
3,13,97,78
3,13,98,122
3,13,99,24
3,14,0,20
3,14,1,22
3,14,2,6
3,14,3,30
3,14,4,23
3,14,5,27
3,14,6,8
3,14,7,50
3,14,8,45
3,14,9,20
3,14,10,9
3,14,11,10
3,14,12,11
3,14,13,20
3,14,14,39
3,14,15,45
3,14,16,26
3,14,17,39
3,14,18,14
3,14,19,14
3,14,20,22
3,14,21,21
3,14,22,19
3,14,23,30
3,14,24,6
3,14,25,22
3,14,26,36
3,14,27,15
3,14,28,14
3,14,29,19
3,14,30,6
3,14,31,21
3,14,32,43
3,14,33,7
3,14,34,7
3,14,35,22
3,14,36,9
3,14,37,44
3,14,38,22
3,14,39,38
3,14,40,21
3,14,41,18
3,14,42,6
3,14,43,18
3,14,44,31
3,14,45,23
3,14,46,44
3,14,47,17
3,14,48,47
3,14,49,12
3,14,50,27
3,14,51,15
3,14,52,11
3,14,53,9
3,14,54,10
3,14,55,26
3,14,56,28
3,14,57,19
3,14,58,38
3,14,59,7
3,14,60,20
3,14,61,44
3,14,62,30
3,14,63,8
3,14,64,29
3,14,65,19
3,14,66,13
3,14,67,36
3,14,68,14
3,14,69,23
3,14,70,38
3,14,71,42
3,14,72,33
3,14,73,12
3,14,74,6
3,14,75,19
3,14,76,27
3,14,77,9
3,14,78,9
3,14,79,50
3,14,80,34
3,14,81,43
3,14,82,41
3,14,83,29
3,14,84,33
3,14,85,18
3,14,86,48
3,14,87,33
3,14,88,24
3,14,89,8
3,14,90,10
3,14,91,26
3,14,92,7
3,14,93,19
3,14,94,15
3,14,95,16
3,14,96,14
3,14,97,43
3,14,98,27
3,14,99,30
3,15,0,2
3,15,1,1
3,15,2,1
3,15,3,4
3,15,4,1
3,15,5,1
3,15,6,0
3,15,7,3
3,15,8,1
3,15,9,1
3,15,10,2
3,15,11,1
3,15,12,2
3,15,13,2
3,15,14,3
3,15,15,2
3,15,16,4
3,15,17,2
3,15,18,3
3,15,19,2
3,15,20,4
3,15,21,3
3,15,22,2
3,15,23,3
3,15,24,4
3,15,25,2
3,15,26,1
3,15,27,2
3,15,28,4
3,15,29,2
3,15,30,3
3,15,31,2
3,15,32,1
3,15,33,2
3,15,34,4
3,15,35,1
3,15,36,3
3,15,37,3
3,15,38,1
3,15,39,1
3,15,40,2
3,15,41,4
3,15,42,2
3,15,43,1
3,15,44,1
3,15,45,4
3,15,46,3
3,15,47,2
3,15,48,3
3,15,49,1
3,15,50,2
3,15,51,4
3,15,52,3
3,15,53,1
3,15,54,2
3,15,55,2
3,15,56,2
3,15,57,4
3,15,58,1
3,15,59,3
3,15,60,3
3,15,61,1
3,15,62,2
3,15,63,2
3,15,64,2
3,15,65,1
3,15,66,1
3,15,67,1
3,15,68,3
3,15,69,1
3,15,70,4
3,15,71,2
3,15,72,3
3,15,73,3
3,15,74,1
3,15,75,1
3,15,76,1
3,15,77,2
3,15,78,2
3,15,79,1
3,15,80,1
3,15,81,3
3,15,82,1
3,15,83,2
3,15,84,2
3,15,85,2
3,15,86,2
3,15,87,1
3,15,88,2
3,15,89,4
3,15,90,4
3,15,91,2
3,15,92,3
3,15,93,2
3,15,94,4
3,15,95,3
3,15,96,2
3,15,97,1
3,15,98,3
3,15,99,2
3,16,0,40
3,16,1,43
3,16,2,41
3,16,3,17
3,16,4,31
3,16,5,31
3,16,6,22
3,16,7,10
3,16,8,68
3,16,9,31
3,16,10,21
3,16,11,64
3,16,12,40
3,16,13,61
3,16,14,57
3,16,15,16
3,16,16,41
3,16,17,30
3,16,18,52
3,16,19,59
3,16,20,26
3,16,21,35
3,16,22,65
3,16,23,57
3,16,24,26
3,16,25,55
3,16,26,10
3,16,27,44
3,16,28,11
3,16,29,16
3,16,30,61
3,16,31,52
3,16,32,36
3,16,33,34
3,16,34,64
3,16,35,23
3,16,36,33
3,16,37,17
3,16,38,51
3,16,39,19
3,16,40,72
3,16,41,70
3,16,42,12
3,16,43,13
3,16,44,24
3,16,45,28
3,16,46,59
3,16,47,57
3,16,48,20
3,16,49,56
3,16,50,32
3,16,51,28
3,16,52,21
3,16,53,44
3,16,54,41
3,16,55,66
3,16,56,19
3,16,57,10
3,16,58,17
3,16,59,10
3,16,60,45
3,16,61,58
3,16,62,72
3,16,63,63
3,16,64,19
3,16,65,71
3,16,66,45
3,16,67,60
3,16,68,9
3,16,69,21
3,16,70,68
3,16,71,24
3,16,72,43
3,16,73,55
3,16,74,15
3,16,75,45
3,16,76,22
3,16,77,31
3,16,78,37
3,16,79,56
3,16,80,67
3,16,81,70
3,16,82,33
3,16,83,24
3,16,84,26
3,16,85,57
3,16,86,62
3,16,87,19
3,16,88,10
3,16,89,63
3,16,90,18
3,16,91,69
3,16,92,70
3,16,93,45
3,16,94,39
3,16,95,31
3,16,96,51
3,16,97,33
3,16,98,36
3,16,99,48
3,17,0,3
3,17,1,5
3,17,2,2
3,17,3,14
3,17,4,8
3,17,5,9
3,17,6,11
3,17,7,8
3,17,8,15
3,17,9,9
3,17,10,11
3,17,11,17
3,17,12,18
3,17,13,5
3,17,14,9
3,17,15,9
3,17,16,7
3,17,17,6
3,17,18,15
3,17,19,17
3,17,20,5
3,17,21,16
3,17,22,8
3,17,23,12
3,17,24,6
3,17,25,17
3,17,26,14
3,17,27,5
3,17,28,12
3,17,29,17
3,17,30,6
3,17,31,8
3,17,32,5
3,17,33,12
3,17,34,16
3,17,35,7
3,17,36,4
3,17,37,7
3,17,38,12
3,17,39,14
3,17,40,12
3,17,41,3
3,17,42,17
3,17,43,5
3,17,44,11
3,17,45,16
3,17,46,17
3,17,47,16
3,17,48,4
3,17,49,16
3,17,50,7
3,17,51,11
3,17,52,4
3,17,53,10
3,17,54,9
3,17,55,2
3,17,56,6
3,17,57,4
3,17,58,8
3,17,59,6
3,17,60,9
3,17,61,14
3,17,62,2
3,17,63,6
3,17,64,18
3,17,65,3
3,17,66,11
3,17,67,18
3,17,68,11
3,17,69,3
3,17,70,4
3,17,71,16
3,17,72,16
3,17,73,11
3,17,74,6
3,17,75,10
3,17,76,6
3,17,77,13
3,17,78,12
3,17,79,14
3,17,80,10
3,17,81,3
3,17,82,14
3,17,83,5
3,17,84,6
3,17,85,11
3,17,86,15
3,17,87,17
3,17,88,6
3,17,89,16
3,17,90,16
3,17,91,14
3,17,92,8
3,17,93,11
3,17,94,4
3,17,95,11
3,17,96,11
3,17,97,11
3,17,98,17
3,17,99,10
3,18,0,9
3,18,1,16
3,18,2,6
3,18,3,5
3,18,4,23
3,18,5,21
3,18,6,5
3,18,7,17
3,18,8,16
3,18,9,15
3,18,10,4
3,18,11,26
3,18,12,26
3,18,13,27
3,18,14,16
3,18,15,6
3,18,16,21
3,18,17,26
3,18,18,9
3,18,19,10
3,18,20,14
3,18,21,7
3,18,22,17
3,18,23,14
3,18,24,25
3,18,25,8
3,18,26,7
3,18,27,15
3,18,28,16
3,18,29,13
3,18,30,9
3,18,31,16
3,18,32,27
3,18,33,9
3,18,34,10
3,18,35,4
3,18,36,24
3,18,37,10
3,18,38,5
3,18,39,21
3,18,40,26
3,18,41,13
3,18,42,11
3,18,43,20
3,18,44,8
3,18,45,17
3,18,46,15
3,18,47,17
3,18,48,23
3,18,49,20
3,18,50,25
3,18,51,10
3,18,52,9
3,18,53,8
3,18,54,3
3,18,55,19
3,18,56,12
3,18,57,7
3,18,58,9
3,18,59,8
3,18,60,7
3,18,61,9
3,18,62,5
3,18,63,16
3,18,64,23
3,18,65,12
3,18,66,25
3,18,67,20
3,18,68,23
3,18,69,26
3,18,70,21
3,18,71,22
3,18,72,5
3,18,73,8
3,18,74,11
3,18,75,11
3,18,76,14
3,18,77,5
3,18,78,11
3,18,79,5
3,18,80,11
3,18,81,19
3,18,82,3
3,18,83,10
3,18,84,5
3,18,85,20
3,18,86,24
3,18,87,27
3,18,88,18
3,18,89,9
3,18,90,9
3,18,91,15
3,18,92,26
3,18,93,18
3,18,94,7
3,18,95,16
3,18,96,13
3,18,97,24
3,18,98,6
3,18,99,8
3,19,0,5
3,19,1,6
3,19,2,5
3,19,3,4
3,19,4,5
3,19,5,3
3,19,6,2
3,19,7,3
3,19,8,2
3,19,9,4
3,19,10,6
3,19,11,4
3,19,12,5
3,19,13,6
3,19,14,5
3,19,15,3
3,19,16,5
3,19,17,6
3,19,18,4
3,19,19,5
3,19,20,1
3,19,21,5
3,19,22,6
3,19,23,1
3,19,24,6
3,19,25,5
3,19,26,2
3,19,27,1
3,19,28,4
3,19,29,1
3,19,30,5
3,19,31,4
3,19,32,1
3,19,33,2
3,19,34,4
3,19,35,4
3,19,36,2
3,19,37,3
3,19,38,2
3,19,39,6
3,19,40,5
3,19,41,5
3,19,42,2
3,19,43,1
3,19,44,1
3,19,45,5
3,19,46,2
3,19,47,1
3,19,48,4
3,19,49,5
3,19,50,6
3,19,51,3
3,19,52,5
3,19,53,1
3,19,54,2
3,19,55,1
3,19,56,3
3,19,57,2
3,19,58,3
3,19,59,2
3,19,60,2
3,19,61,4
3,19,62,3
3,19,63,3
3,19,64,3
3,19,65,6
3,19,66,4
3,19,67,2
3,19,68,2
3,19,69,2
3,19,70,5
3,19,71,3
3,19,72,2
3,19,73,4
3,19,74,5
3,19,75,1
3,19,76,6
3,19,77,4
3,19,78,1
3,19,79,6
3,19,80,4
3,19,81,2
3,19,82,1
3,19,83,5
3,19,84,2
3,19,85,6
3,19,86,2
3,19,87,2
3,19,88,3
3,19,89,5
3,19,90,3
3,19,91,4
3,19,92,5
3,19,93,6
3,19,94,6
3,19,95,5
3,19,96,3
3,19,97,4
3,19,98,4
3,19,99,3
3,20,0,0
3,20,1,0
3,20,2,0
3,20,3,0
3,20,4,0
3,20,5,0
3,20,6,0
3,20,7,0
3,20,8,0
3,20,9,0
3,20,10,0
3,20,11,0
3,20,12,0
3,20,13,0
3,20,14,0
3,20,15,0
3,20,16,0
3,20,17,0
3,20,18,0
3,20,19,0
3,20,20,0
3,20,21,0
3,20,22,0
3,20,23,0
3,20,24,0
3,20,25,0
3,20,26,0
3,20,27,0
3,20,28,0
3,20,29,0
3,20,30,0
3,20,31,0
3,20,32,0
3,20,33,0
3,20,34,0
3,20,35,0
3,20,36,0
3,20,37,0
3,20,38,0
3,20,39,0
3,20,40,0
3,20,41,0
3,20,42,0
3,20,43,0
3,20,44,0
3,20,45,0
3,20,46,0
3,20,47,0
3,20,48,0
3,20,49,0
3,20,50,0
3,20,51,0
3,20,52,0
3,20,53,0
3,20,54,0
3,20,55,0
3,20,56,0
3,20,57,0
3,20,58,0
3,20,59,0
3,20,60,0
3,20,61,0
3,20,62,0
3,20,63,0
3,20,64,0
3,20,65,0
3,20,66,0
3,20,67,0
3,20,68,0
3,20,69,0
3,20,70,0
3,20,71,0
3,20,72,0
3,20,73,0
3,20,74,0
3,20,75,0
3,20,76,0
3,20,77,0
3,20,78,0
3,20,79,0
3,20,80,0
3,20,81,0
3,20,82,0
3,20,83,0
3,20,84,0
3,20,85,0
3,20,86,0
3,20,87,0
3,20,88,0
3,20,89,0
3,20,90,0
3,20,91,0
3,20,92,0
3,20,93,0
3,20,94,0
3,20,95,0
3,20,96,0
3,20,97,0
3,20,98,0
3,20,99,0
3,21,0,0
3,21,1,0
3,21,2,0
3,21,3,0
3,21,4,0
3,21,5,0
3,21,6,0
3,21,7,0
3,21,8,0
3,21,9,0
3,21,10,0
3,21,11,0
3,21,12,0
3,21,13,0
3,21,14,0
3,21,15,0
3,21,16,0
3,21,17,0
3,21,18,0
3,21,19,0
3,21,20,0
3,21,21,0
3,21,22,0
3,21,23,0
3,21,24,0
3,21,25,0
3,21,26,0
3,21,27,0
3,21,28,0
3,21,29,0
3,21,30,0
3,21,31,0
3,21,32,0
3,21,33,0
3,21,34,0
3,21,35,0
3,21,36,0
3,21,37,0
3,21,38,0
3,21,39,0
3,21,40,0
3,21,41,0
3,21,42,0
3,21,43,0
3,21,44,0
3,21,45,0
3,21,46,0
3,21,47,0
3,21,48,0
3,21,49,0
3,21,50,0
3,21,51,0
3,21,52,0
3,21,53,0
3,21,54,0
3,21,55,0
3,21,56,0
3,21,57,0
3,21,58,0
3,21,59,0
3,21,60,0
3,21,61,0
3,21,62,0
3,21,63,0
3,21,64,0
3,21,65,0
3,21,66,0
3,21,67,0
3,21,68,0
3,21,69,0
3,21,70,0
3,21,71,0
3,21,72,0
3,21,73,0
3,21,74,0
3,21,75,0
3,21,76,0
3,21,77,0
3,21,78,0
3,21,79,0
3,21,80,0
3,21,81,0
3,21,82,0
3,21,83,0
3,21,84,0
3,21,85,0
3,21,86,0
3,21,87,0
3,21,88,0
3,21,89,0
3,21,90,0
3,21,91,0
3,21,92,0
3,21,93,0
3,21,94,0
3,21,95,0
3,21,96,0
3,21,97,0
3,21,98,0
3,21,99,0
3,22,0,0
3,22,1,0
3,22,2,0
3,22,3,0
3,22,4,0
3,22,5,0
3,22,6,0
3,22,7,0
3,22,8,0
3,22,9,0
3,22,10,0
3,22,11,0
3,22,12,0
3,22,13,0
3,22,14,0
3,22,15,0
3,22,16,0
3,22,17,0
3,22,18,0
3,22,19,0
3,22,20,0
3,22,21,0
3,22,22,0
3,22,23,0
3,22,24,0
3,22,25,0
3,22,26,0
3,22,27,0
3,22,28,0
3,22,29,0
3,22,30,0
3,22,31,0
3,22,32,0
3,22,33,0
3,22,34,0
3,22,35,0
3,22,36,0
3,22,37,0
3,22,38,0
3,22,39,0
3,22,40,0
3,22,41,0
3,22,42,0
3,22,43,0
3,22,44,0
3,22,45,0
3,22,46,0
3,22,47,0
3,22,48,0
3,22,49,0
3,22,50,0
3,22,51,0
3,22,52,0
3,22,53,0
3,22,54,0
3,22,55,0
3,22,56,0
3,22,57,0
3,22,58,0
3,22,59,0
3,22,60,0
3,22,61,0
3,22,62,0
3,22,63,0
3,22,64,0
3,22,65,0
3,22,66,0
3,22,67,0
3,22,68,0
3,22,69,0
3,22,70,0
3,22,71,0
3,22,72,0
3,22,73,0
3,22,74,0
3,22,75,0
3,22,76,0
3,22,77,0
3,22,78,0
3,22,79,0
3,22,80,0
3,22,81,0
3,22,82,0
3,22,83,0
3,22,84,0
3,22,85,0
3,22,86,0
3,22,87,0
3,22,88,0
3,22,89,0
3,22,90,0
3,22,91,0
3,22,92,0
3,22,93,0
3,22,94,0
3,22,95,0
3,22,96,0
3,22,97,0
3,22,98,0
3,22,99,0
3,23,0,0
3,23,1,0
3,23,2,0
3,23,3,0
3,23,4,0
3,23,5,0
3,23,6,0
3,23,7,0
3,23,8,0
3,23,9,0
3,23,10,0
3,23,11,0
3,23,12,0
3,23,13,0
3,23,14,0
3,23,15,0
3,23,16,0
3,23,17,0
3,23,18,0
3,23,19,0
3,23,20,0
3,23,21,0
3,23,22,0
3,23,23,0
3,23,24,0
3,23,25,0
3,23,26,0
3,23,27,0
3,23,28,0
3,23,29,0
3,23,30,0
3,23,31,0
3,23,32,0
3,23,33,0
3,23,34,0
3,23,35,0
3,23,36,0
3,23,37,0
3,23,38,0
3,23,39,0
3,23,40,0
3,23,41,0
3,23,42,0
3,23,43,0
3,23,44,0
3,23,45,0
3,23,46,0
3,23,47,0
3,23,48,0
3,23,49,0
3,23,50,0
3,23,51,0
3,23,52,0
3,23,53,0
3,23,54,0
3,23,55,0
3,23,56,0
3,23,57,0
3,23,58,0
3,23,59,0
3,23,60,0
3,23,61,0
3,23,62,0
3,23,63,0
3,23,64,0
3,23,65,0
3,23,66,0
3,23,67,0
3,23,68,0
3,23,69,0
3,23,70,0
3,23,71,0
3,23,72,0
3,23,73,0
3,23,74,0
3,23,75,0
3,23,76,0
3,23,77,0
3,23,78,0
3,23,79,0
3,23,80,0
3,23,81,0
3,23,82,0
3,23,83,0
3,23,84,0
3,23,85,0
3,23,86,0
3,23,87,0
3,23,88,0
3,23,89,0
3,23,90,0
3,23,91,0
3,23,92,0
3,23,93,0
3,23,94,0
3,23,95,0
3,23,96,0
3,23,97,0
3,23,98,0
3,23,99,0
4,0,0,0
4,0,1,0
4,0,2,0
4,0,3,0
4,0,4,0
4,0,5,0
4,0,6,0
4,0,7,0
4,0,8,0
4,0,9,0
4,0,10,0
4,0,11,0
4,0,12,0
4,0,13,0
4,0,14,0
4,0,15,0
4,0,16,0
4,0,17,0
4,0,18,0
4,0,19,0
4,0,20,0
4,0,21,0
4,0,22,0
4,0,23,0
4,0,24,0
4,0,25,0
4,0,26,0
4,0,27,0
4,0,28,0
4,0,29,0
4,0,30,0
4,0,31,0
4,0,32,0
4,0,33,0
4,0,34,0
4,0,35,0
4,0,36,0
4,0,37,0
4,0,38,0
4,0,39,0
4,0,40,0
4,0,41,0
4,0,42,0
4,0,43,0
4,0,44,0
4,0,45,0
4,0,46,0
4,0,47,0
4,0,48,0
4,0,49,0
4,0,50,0
4,0,51,0
4,0,52,0
4,0,53,0
4,0,54,0
4,0,55,0
4,0,56,0
4,0,57,0
4,0,58,0
4,0,59,0
4,0,60,0
4,0,61,0
4,0,62,0
4,0,63,0
4,0,64,0
4,0,65,0
4,0,66,0
4,0,67,0
4,0,68,0
4,0,69,0
4,0,70,0
4,0,71,0
4,0,72,0
4,0,73,0
4,0,74,0
4,0,75,0
4,0,76,0
4,0,77,0
4,0,78,0
4,0,79,0
4,0,80,0
4,0,81,0
4,0,82,0
4,0,83,0
4,0,84,0
4,0,85,0
4,0,86,0
4,0,87,0
4,0,88,0
4,0,89,0
4,0,90,0
4,0,91,0
4,0,92,0
4,0,93,0
4,0,94,0
4,0,95,0
4,0,96,0
4,0,97,0
4,0,98,0
4,0,99,0
4,1,0,0
4,1,1,0
4,1,2,0
4,1,3,0
4,1,4,0
4,1,5,0
4,1,6,0
4,1,7,0
4,1,8,0
4,1,9,0
4,1,10,0
4,1,11,0
4,1,12,0
4,1,13,0
4,1,14,0
4,1,15,0
4,1,16,0
4,1,17,0
4,1,18,0
4,1,19,0
4,1,20,0
4,1,21,0
4,1,22,0
4,1,23,0
4,1,24,0
4,1,25,0
4,1,26,0
4,1,27,0
4,1,28,0
4,1,29,0
4,1,30,0
4,1,31,0
4,1,32,0
4,1,33,0
4,1,34,0
4,1,35,0
4,1,36,0
4,1,37,0
4,1,38,0
4,1,39,0
4,1,40,0
4,1,41,0
4,1,42,0
4,1,43,0
4,1,44,0
4,1,45,0
4,1,46,0
4,1,47,0
4,1,48,0
4,1,49,0
4,1,50,0
4,1,51,0
4,1,52,0
4,1,53,0
4,1,54,0
4,1,55,0
4,1,56,0
4,1,57,0
4,1,58,0
4,1,59,0
4,1,60,0
4,1,61,0
4,1,62,0
4,1,63,0
4,1,64,0
4,1,65,0
4,1,66,0
4,1,67,0
4,1,68,0
4,1,69,0
4,1,70,0
4,1,71,0
4,1,72,0
4,1,73,0
4,1,74,0
4,1,75,0
4,1,76,0
4,1,77,0
4,1,78,0
4,1,79,0
4,1,80,0
4,1,81,0
4,1,82,0
4,1,83,0
4,1,84,0
4,1,85,0
4,1,86,0
4,1,87,0
4,1,88,0
4,1,89,0
4,1,90,0
4,1,91,0
4,1,92,0
4,1,93,0
4,1,94,0
4,1,95,0
4,1,96,0
4,1,97,0
4,1,98,0
4,1,99,0
4,2,0,0
4,2,1,0
4,2,2,0
4,2,3,0
4,2,4,0
4,2,5,0
4,2,6,0
4,2,7,0
4,2,8,0
4,2,9,0
4,2,10,0
4,2,11,0
4,2,12,0
4,2,13,0
4,2,14,0
4,2,15,0
4,2,16,0
4,2,17,0
4,2,18,0
4,2,19,0
4,2,20,0
4,2,21,0
4,2,22,0
4,2,23,0
4,2,24,0
4,2,25,0
4,2,26,0
4,2,27,0
4,2,28,0
4,2,29,0
4,2,30,0
4,2,31,0
4,2,32,0
4,2,33,0
4,2,34,0
4,2,35,0
4,2,36,0
4,2,37,0
4,2,38,0
4,2,39,0
4,2,40,0
4,2,41,0
4,2,42,0
4,2,43,0
4,2,44,0
4,2,45,0
4,2,46,0
4,2,47,0
4,2,48,0
4,2,49,0
4,2,50,0
4,2,51,0
4,2,52,0
4,2,53,0
4,2,54,0
4,2,55,0
4,2,56,0
4,2,57,0
4,2,58,0
4,2,59,0
4,2,60,0
4,2,61,0
4,2,62,0
4,2,63,0
4,2,64,0
4,2,65,0
4,2,66,0
4,2,67,0
4,2,68,0
4,2,69,0
4,2,70,0
4,2,71,0
4,2,72,0
4,2,73,0
4,2,74,0
4,2,75,0
4,2,76,0
4,2,77,0
4,2,78,0
4,2,79,0
4,2,80,0
4,2,81,0
4,2,82,0
4,2,83,0
4,2,84,0
4,2,85,0
4,2,86,0
4,2,87,0
4,2,88,0
4,2,89,0
4,2,90,0
4,2,91,0
4,2,92,0
4,2,93,0
4,2,94,0
4,2,95,0
4,2,96,0
4,2,97,0
4,2,98,0
4,2,99,0
4,3,0,0
4,3,1,0
4,3,2,0
4,3,3,0
4,3,4,0
4,3,5,0
4,3,6,0
4,3,7,0
4,3,8,0
4,3,9,0
4,3,10,0
4,3,11,0
4,3,12,0
4,3,13,0
4,3,14,0
4,3,15,0
4,3,16,0
4,3,17,0
4,3,18,0
4,3,19,0
4,3,20,0
4,3,21,0
4,3,22,0
4,3,23,0
4,3,24,0
4,3,25,0
4,3,26,0
4,3,27,0
4,3,28,0
4,3,29,0
4,3,30,0
4,3,31,0
4,3,32,0
4,3,33,0
4,3,34,0
4,3,35,0
4,3,36,0
4,3,37,0
4,3,38,0
4,3,39,0
4,3,40,0
4,3,41,0
4,3,42,0
4,3,43,0
4,3,44,0
4,3,45,0
4,3,46,0
4,3,47,0
4,3,48,0
4,3,49,0
4,3,50,0
4,3,51,0
4,3,52,0
4,3,53,0
4,3,54,0
4,3,55,0
4,3,56,0
4,3,57,0
4,3,58,0
4,3,59,0
4,3,60,0
4,3,61,0
4,3,62,0
4,3,63,0
4,3,64,0
4,3,65,0
4,3,66,0
4,3,67,0
4,3,68,0
4,3,69,0
4,3,70,0
4,3,71,0
4,3,72,0
4,3,73,0
4,3,74,0
4,3,75,0
4,3,76,0
4,3,77,0
4,3,78,0
4,3,79,0
4,3,80,0
4,3,81,0
4,3,82,0
4,3,83,0
4,3,84,0
4,3,85,0
4,3,86,0
4,3,87,0
4,3,88,0
4,3,89,0
4,3,90,0
4,3,91,0
4,3,92,0
4,3,93,0
4,3,94,0
4,3,95,0
4,3,96,0
4,3,97,0
4,3,98,0
4,3,99,0
4,4,0,1
4,4,1,0
4,4,2,1
4,4,3,1
4,4,4,0
4,4,5,0
4,4,6,1
4,4,7,1
4,4,8,0
4,4,9,0
4,4,10,0
4,4,11,1
4,4,12,0
4,4,13,1
4,4,14,1
4,4,15,0
4,4,16,1
4,4,17,0
4,4,18,1
4,4,19,0
4,4,20,0
4,4,21,1
4,4,22,1
4,4,23,0
4,4,24,0
4,4,25,0
4,4,26,1
4,4,27,0
4,4,28,0
4,4,29,1
4,4,30,1
4,4,31,1
4,4,32,0
4,4,33,1
4,4,34,0
4,4,35,0
4,4,36,0
4,4,37,1
4,4,38,0
4,4,39,0
4,4,40,1
4,4,41,1
4,4,42,1
4,4,43,1
4,4,44,0
4,4,45,0
4,4,46,1
4,4,47,1
4,4,48,0
4,4,49,0
4,4,50,0
4,4,51,1
4,4,52,1
4,4,53,0
4,4,54,1
4,4,55,1
4,4,56,1
4,4,57,1
4,4,58,1
4,4,59,0
4,4,60,1
4,4,61,1
4,4,62,1
4,4,63,1
4,4,64,1
4,4,65,1
4,4,66,0
4,4,67,0
4,4,68,1
4,4,69,0
4,4,70,0
4,4,71,1
4,4,72,1
4,4,73,1
4,4,74,1
4,4,75,0
4,4,76,0
4,4,77,1
4,4,78,1
4,4,79,0
4,4,80,1
4,4,81,1
4,4,82,0
4,4,83,1
4,4,84,0
4,4,85,0
4,4,86,1
4,4,87,1
4,4,88,0
4,4,89,1
4,4,90,0
4,4,91,1
4,4,92,1
4,4,93,0
4,4,94,1
4,4,95,0
4,4,96,0
4,4,97,0
4,4,98,1
4,4,99,1
4,5,0,0
4,5,1,0
4,5,2,0
4,5,3,0
4,5,4,0
4,5,5,0
4,5,6,0
4,5,7,0
4,5,8,0
4,5,9,0
4,5,10,0
4,5,11,0
4,5,12,0
4,5,13,0
4,5,14,0
4,5,15,0
4,5,16,0
4,5,17,0
4,5,18,0
4,5,19,0
4,5,20,0
4,5,21,0
4,5,22,0
4,5,23,0
4,5,24,0
4,5,25,0
4,5,26,0
4,5,27,0
4,5,28,0
4,5,29,0
4,5,30,0
4,5,31,0
4,5,32,0
4,5,33,0
4,5,34,0
4,5,35,0
4,5,36,0
4,5,37,0
4,5,38,0
4,5,39,0
4,5,40,0
4,5,41,0
4,5,42,0
4,5,43,0
4,5,44,0
4,5,45,0
4,5,46,0
4,5,47,0
4,5,48,0
4,5,49,0
4,5,50,0
4,5,51,0
4,5,52,0
4,5,53,0
4,5,54,0
4,5,55,0
4,5,56,0
4,5,57,0
4,5,58,0
4,5,59,0
4,5,60,0
4,5,61,0
4,5,62,0
4,5,63,0
4,5,64,0
4,5,65,0
4,5,66,0
4,5,67,0
4,5,68,0
4,5,69,0
4,5,70,0
4,5,71,0
4,5,72,0
4,5,73,0
4,5,74,0
4,5,75,0
4,5,76,0
4,5,77,0
4,5,78,0
4,5,79,0
4,5,80,0
4,5,81,0
4,5,82,0
4,5,83,0
4,5,84,0
4,5,85,0
4,5,86,0
4,5,87,0
4,5,88,0
4,5,89,0
4,5,90,0
4,5,91,0
4,5,92,0
4,5,93,0
4,5,94,0
4,5,95,0
4,5,96,0
4,5,97,0
4,5,98,0
4,5,99,0
4,6,0,3
4,6,1,3
4,6,2,3
4,6,3,1
4,6,4,4
4,6,5,1
4,6,6,1
4,6,7,3
4,6,8,4
4,6,9,1
4,6,10,4
4,6,11,4
4,6,12,2
4,6,13,3
4,6,14,2
4,6,15,2
4,6,16,1
4,6,17,3
4,6,18,4
4,6,19,4
4,6,20,1
4,6,21,2
4,6,22,3
4,6,23,4
4,6,24,2
4,6,25,4
4,6,26,4
4,6,27,2
4,6,28,3
4,6,29,2
4,6,30,4
4,6,31,4
4,6,32,1
4,6,33,1
4,6,34,3
4,6,35,1
4,6,36,4
4,6,37,4
4,6,38,3
4,6,39,4
4,6,40,3
4,6,41,3
4,6,42,3
4,6,43,2
4,6,44,3
4,6,45,1
4,6,46,1
4,6,47,1
4,6,48,1
4,6,49,4
4,6,50,3
4,6,51,1
4,6,52,2
4,6,53,3
4,6,54,4
4,6,55,3
4,6,56,3
4,6,57,1
4,6,58,4
4,6,59,3
4,6,60,1
4,6,61,4
4,6,62,1
4,6,63,3
4,6,64,1
4,6,65,1
4,6,66,1
4,6,67,3
4,6,68,3
4,6,69,3
4,6,70,3
4,6,71,4
4,6,72,2
4,6,73,4
4,6,74,2
4,6,75,3
4,6,76,3
4,6,77,3
4,6,78,1
4,6,79,3
4,6,80,4
4,6,81,3
4,6,82,3
4,6,83,3
4,6,84,4
4,6,85,3
4,6,86,2
4,6,87,2
4,6,88,1
4,6,89,4
4,6,90,1
4,6,91,3
4,6,92,2
4,6,93,2
4,6,94,4
4,6,95,2
4,6,96,3
4,6,97,4
4,6,98,4
4,6,99,2
4,7,0,7
4,7,1,7
4,7,2,5
4,7,3,2
4,7,4,4
4,7,5,2
4,7,6,6
4,7,7,3
4,7,8,6
4,7,9,5
4,7,10,8
4,7,11,2
4,7,12,5
4,7,13,8
4,7,14,9
4,7,15,7
4,7,16,3
4,7,17,4
4,7,18,4
4,7,19,6
4,7,20,8
4,7,21,7
4,7,22,1
4,7,23,4
4,7,24,5
4,7,25,3
4,7,26,1
4,7,27,7
4,7,28,7
4,7,29,2
4,7,30,2
4,7,31,3
4,7,32,3
4,7,33,5
4,7,34,4
4,7,35,6
4,7,36,6
4,7,37,3
4,7,38,5
4,7,39,6
4,7,40,4
4,7,41,8
4,7,42,6
4,7,43,5
4,7,44,7
4,7,45,4
4,7,46,6
4,7,47,4
4,7,48,8
4,7,49,9
4,7,50,2
4,7,51,6
4,7,52,5
4,7,53,2
4,7,54,9
4,7,55,5
4,7,56,5
4,7,57,5
4,7,58,7
4,7,59,6
4,7,60,4
4,7,61,3
4,7,62,6
4,7,63,7
4,7,64,6
4,7,65,5
4,7,66,3
4,7,67,2
4,7,68,4
4,7,69,7
4,7,70,1
4,7,71,6
4,7,72,1
4,7,73,2
4,7,74,5
4,7,75,9
4,7,76,1
4,7,77,4
4,7,78,2
4,7,79,8
4,7,80,4
4,7,81,7
4,7,82,5
4,7,83,4
4,7,84,2
4,7,85,8
4,7,86,2
4,7,87,7
4,7,88,6
4,7,89,5
4,7,90,1
4,7,91,3
4,7,92,5
4,7,93,5
4,7,94,6
4,7,95,3
4,7,96,8
4,7,97,9
4,7,98,4
4,7,99,7
4,8,0,16
4,8,1,16
4,8,2,9
4,8,3,19
4,8,4,10
4,8,5,24
4,8,6,24
4,8,7,4
4,8,8,17
4,8,9,9
4,8,10,14
4,8,11,11
4,8,12,24
4,8,13,8
4,8,14,7
4,8,15,5
4,8,16,26
4,8,17,8
4,8,18,15
4,8,19,8
4,8,20,11
4,8,21,13
4,8,22,11
4,8,23,25
4,8,24,3
4,8,25,25
4,8,26,11
4,8,27,7
4,8,28,9
4,8,29,11
4,8,30,6
4,8,31,20
4,8,32,12
4,8,33,11
4,8,34,8
4,8,35,9
4,8,36,16
4,8,37,11
4,8,38,3
4,8,39,10
4,8,40,20
4,8,41,18
4,8,42,17
4,8,43,7
4,8,44,19
4,8,45,5
4,8,46,23
4,8,47,21
4,8,48,12
4,8,49,13
4,8,50,24
4,8,51,14
4,8,52,24
4,8,53,26
4,8,54,12
4,8,55,20
4,8,56,23
4,8,57,19
4,8,58,7
4,8,59,21
4,8,60,25
4,8,61,22
4,8,62,6
4,8,63,20
4,8,64,10
4,8,65,15
4,8,66,11
4,8,67,25
4,8,68,3
4,8,69,20
4,8,70,16
4,8,71,12
4,8,72,23
4,8,73,4
4,8,74,20
4,8,75,11
4,8,76,10
4,8,77,23
4,8,78,9
4,8,79,24
4,8,80,11
4,8,81,9
4,8,82,19
4,8,83,23
4,8,84,18
4,8,85,4
4,8,86,8
4,8,87,10
4,8,88,9
4,8,89,24
4,8,90,22
4,8,91,19
4,8,92,11
4,8,93,5
4,8,94,6
4,8,95,20
4,8,96,20
4,8,97,6
4,8,98,6
4,8,99,9
4,9,0,111
4,9,1,41
4,9,2,20
4,9,3,114
4,9,4,135
4,9,5,71
4,9,6,95
4,9,7,49
4,9,8,71
4,9,9,72
4,9,10,54
4,9,11,113
4,9,12,128
4,9,13,77
4,9,14,72
4,9,15,77
4,9,16,107
4,9,17,80
4,9,18,72
4,9,19,35
4,9,20,50
4,9,21,120
4,9,22,110
4,9,23,127
4,9,24,17
4,9,25,74
4,9,26,79
4,9,27,19
4,9,28,103
4,9,29,99
4,9,30,93
4,9,31,123
4,9,32,83
4,9,33,120
4,9,34,42
4,9,35,119
4,9,36,59
4,9,37,105
4,9,38,72
4,9,39,129
4,9,40,72
4,9,41,119
4,9,42,16
4,9,43,122
4,9,44,47
4,9,45,98
4,9,46,116
4,9,47,119
4,9,48,54
4,9,49,68
4,9,50,77
4,9,51,89
4,9,52,16
4,9,53,60
4,9,54,49
4,9,55,51
4,9,56,78
4,9,57,54
4,9,58,81
4,9,59,37
4,9,60,58
4,9,61,15
4,9,62,18
4,9,63,70
4,9,64,22
4,9,65,68
4,9,66,50
4,9,67,39
4,9,68,66
4,9,69,40
4,9,70,84
4,9,71,32
4,9,72,17
4,9,73,112
4,9,74,63
4,9,75,45
4,9,76,113
4,9,77,101
4,9,78,90
4,9,79,57
4,9,80,94
4,9,81,77
4,9,82,120
4,9,83,58
4,9,84,39
4,9,85,87
4,9,86,125
4,9,87,90
4,9,88,112
4,9,89,114
4,9,90,104
4,9,91,20
4,9,92,38
4,9,93,36
4,9,94,116
4,9,95,75
4,9,96,110
4,9,97,100
4,9,98,115
4,9,99,44
4,10,0,203
4,10,1,203
4,10,2,239
4,10,3,210
4,10,4,113
4,10,5,306
4,10,6,108
4,10,7,148
4,10,8,190
4,10,9,269
4,10,10,208
4,10,11,263
4,10,12,42
4,10,13,143
4,10,14,177
4,10,15,111
4,10,16,185
4,10,17,147
4,10,18,306
4,10,19,189
4,10,20,165
4,10,21,206
4,10,22,213
4,10,23,269
4,10,24,190
4,10,25,197
4,10,26,173
4,10,27,303
4,10,28,222
4,10,29,289
4,10,30,237
4,10,31,163
4,10,32,220
4,10,33,81
4,10,34,92
4,10,35,235
4,10,36,44
4,10,37,240
4,10,38,234
4,10,39,116
4,10,40,69
4,10,41,99
4,10,42,230
4,10,43,280
4,10,44,67
4,10,45,54
4,10,46,147
4,10,47,200
4,10,48,220
4,10,49,94
4,10,50,279
4,10,51,74
4,10,52,306
4,10,53,288
4,10,54,305
4,10,55,81
4,10,56,254
4,10,57,199
4,10,58,163
4,10,59,124
4,10,60,188
4,10,61,142
4,10,62,210
4,10,63,167
4,10,64,245
4,10,65,108
4,10,66,60
4,10,67,96
4,10,68,296
4,10,69,217
4,10,70,193
4,10,71,304
4,10,72,291
4,10,73,249
4,10,74,112
4,10,75,210
4,10,76,180
4,10,77,317
4,10,78,57
4,10,79,250
4,10,80,304
4,10,81,224
4,10,82,305
4,10,83,168
4,10,84,68
4,10,85,313
4,10,86,66
4,10,87,39
4,10,88,167
4,10,89,81
4,10,90,312
4,10,91,44
4,10,92,307
4,10,93,53
4,10,94,113
4,10,95,232
4,10,96,288
4,10,97,63
4,10,98,234
4,10,99,324
4,11,0,303
4,11,1,153
4,11,2,146
4,11,3,181
4,11,4,50
4,11,5,88
4,11,6,129
4,11,7,89
4,11,8,311
4,11,9,219
4,11,10,139
4,11,11,224
4,11,12,211
4,11,13,119
4,11,14,348
4,11,15,181
4,11,16,130
4,11,17,257
4,11,18,280
4,11,19,202
4,11,20,108
4,11,21,306
4,11,22,312
4,11,23,248
4,11,24,111
4,11,25,73
4,11,26,93
4,11,27,263
4,11,28,48
4,11,29,47
4,11,30,270
4,11,31,239
4,11,32,64
4,11,33,225
4,11,34,288
4,11,35,116
4,11,36,129
4,11,37,80
4,11,38,147
4,11,39,156
4,11,40,336
4,11,41,273
4,11,42,160
4,11,43,326
4,11,44,318
4,11,45,349
4,11,46,205
4,11,47,131
4,11,48,77
4,11,49,75
4,11,50,271
4,11,51,129
4,11,52,232
4,11,53,67
4,11,54,335
4,11,55,164
4,11,56,47
4,11,57,198
4,11,58,61
4,11,59,295
4,11,60,324
4,11,61,128
4,11,62,130
4,11,63,347
4,11,64,231
4,11,65,209
4,11,66,195
4,11,67,76
4,11,68,286
4,11,69,273
4,11,70,174
4,11,71,248
4,11,72,290
4,11,73,132
4,11,74,274
4,11,75,307
4,11,76,183
4,11,77,178
4,11,78,118
4,11,79,200
4,11,80,54
4,11,81,195
4,11,82,269
4,11,83,203
4,11,84,262
4,11,85,201
4,11,86,134
4,11,87,155
4,11,88,103
4,11,89,135
4,11,90,337
4,11,91,134
4,11,92,162
4,11,93,99
4,11,94,140
4,11,95,250
4,11,96,166
4,11,97,152
4,11,98,45
4,11,99,276
4,12,0,200
4,12,1,159
4,12,2,47
4,12,3,351
4,12,4,155
4,12,5,199
4,12,6,238
4,12,7,150
4,12,8,343
4,12,9,49
4,12,10,290
4,12,11,314
4,12,12,316
4,12,13,157
4,12,14,244
4,12,15,173
4,12,16,235
4,12,17,253
4,12,18,291
4,12,19,111
4,12,20,281
4,12,21,98
4,12,22,248
4,12,23,246
4,12,24,64
4,12,25,183
4,12,26,315
4,12,27,301
4,12,28,120
4,12,29,258
4,12,30,139
4,12,31,51
4,12,32,178
4,12,33,219
4,12,34,136
4,12,35,214
4,12,36,189
4,12,37,290
4,12,38,267
4,12,39,315
4,12,40,182
4,12,41,265
4,12,42,264
4,12,43,184
4,12,44,358
4,12,45,189
4,12,46,44
4,12,47,220
4,12,48,229
4,12,49,179
4,12,50,141
4,12,51,172
4,12,52,89
4,12,53,183
4,12,54,144
4,12,55,275
4,12,56,164
4,12,57,321
4,12,58,317
4,12,59,277
4,12,60,354
4,12,61,220
4,12,62,225
4,12,63,204
4,12,64,209
4,12,65,120
4,12,66,218
4,12,67,218
4,12,68,63
4,12,69,100
4,12,70,68
4,12,71,235
4,12,72,195
4,12,73,91
4,12,74,128
4,12,75,64
4,12,76,227
4,12,77,209
4,12,78,265
4,12,79,221
4,12,80,261
4,12,81,47
4,12,82,203
4,12,83,300
4,12,84,208
4,12,85,221
4,12,86,351
4,12,87,226
4,12,88,253
4,12,89,174
4,12,90,357
4,12,91,114
4,12,92,280
4,12,93,358
4,12,94,154
4,12,95,177
4,12,96,339
4,12,97,187
4,12,98,305
4,12,99,279
4,13,0,173
4,13,1,426
4,13,2,542
4,13,3,575
4,13,4,432
4,13,5,500
4,13,6,703
4,13,7,436
4,13,8,641
4,13,9,599
4,13,10,87
4,13,11,568
4,13,12,353
4,13,13,620
4,13,14,237
4,13,15,356
4,13,16,622
4,13,17,301
4,13,18,405
4,13,19,654
4,13,20,745
4,13,21,683
4,13,22,451
4,13,23,635
4,13,24,166
4,13,25,420
4,13,26,338
4,13,27,227
4,13,28,237
4,13,29,162
4,13,30,477
4,13,31,446
4,13,32,402
4,13,33,738
4,13,34,448
4,13,35,536
4,13,36,103
4,13,37,171
4,13,38,278
4,13,39,550
4,13,40,437
4,13,41,748
4,13,42,308
4,13,43,318
4,13,44,282
4,13,45,538
4,13,46,768
4,13,47,587
4,13,48,375
4,13,49,254
4,13,50,640
4,13,51,574
4,13,52,155
4,13,53,652
4,13,54,358
4,13,55,728
4,13,56,686
4,13,57,700
4,13,58,251
4,13,59,94
4,13,60,262
4,13,61,528
4,13,62,411
4,13,63,400
4,13,64,489
4,13,65,383
4,13,66,584
4,13,67,349
4,13,68,591
4,13,69,601
4,13,70,746
4,13,71,353
4,13,72,417
4,13,73,728
4,13,74,717
4,13,75,760
4,13,76,463
4,13,77,312
4,13,78,230
4,13,79,256
4,13,80,524
4,13,81,583
4,13,82,186
4,13,83,411
4,13,84,501
4,13,85,99
4,13,86,264
4,13,87,709
4,13,88,333
4,13,89,620
4,13,90,527
4,13,91,222
4,13,92,460
4,13,93,563
4,13,94,579
4,13,95,677
4,13,96,681
4,13,97,774
4,13,98,693
4,13,99,327
4,14,0,223
4,14,1,75
4,14,2,202
4,14,3,284
4,14,4,79
4,14,5,155
4,14,6,294
4,14,7,284
4,14,8,149
4,14,9,591
4,14,10,455
4,14,11,346
4,14,12,358
4,14,13,537
4,14,14,563
4,14,15,433
4,14,16,197
4,14,17,448
4,14,18,631
4,14,19,616
4,14,20,374
4,14,21,381
4,14,22,231
4,14,23,489
4,14,24,585
4,14,25,666
4,14,26,179
4,14,27,594
4,14,28,369
4,14,29,186
4,14,30,207
4,14,31,379
4,14,32,539
4,14,33,136
4,14,34,528
4,14,35,333
4,14,36,374
4,14,37,204
4,14,38,653
4,14,39,274
4,14,40,434
4,14,41,76
4,14,42,399
4,14,43,628
4,14,44,358
4,14,45,125
4,14,46,440
4,14,47,449
4,14,48,523
4,14,49,284
4,14,50,535
4,14,51,80
4,14,52,604
4,14,53,112
4,14,54,351
4,14,55,106
4,14,56,163
4,14,57,159
4,14,58,105
4,14,59,220
4,14,60,291
4,14,61,347
4,14,62,451
4,14,63,74
4,14,64,473
4,14,65,125
4,14,66,90
4,14,67,506
4,14,68,252
4,14,69,507
4,14,70,262
4,14,71,444
4,14,72,281
4,14,73,226
4,14,74,550
4,14,75,404
4,14,76,450
4,14,77,420
4,14,78,467
4,14,79,446
4,14,80,198
4,14,81,651
4,14,82,204
4,14,83,256
4,14,84,520
4,14,85,106
4,14,86,497
4,14,87,474
4,14,88,82
4,14,89,521
4,14,90,566
4,14,91,359
4,14,92,75
4,14,93,137
4,14,94,535
4,14,95,514
4,14,96,378
4,14,97,586
4,14,98,223
4,14,99,162
4,15,0,33
4,15,1,177
4,15,2,185
4,15,3,85
4,15,4,55
4,15,5,113
4,15,6,183
4,15,7,26
4,15,8,180
4,15,9,142
4,15,10,116
4,15,11,134
4,15,12,78
4,15,13,46
4,15,14,53
4,15,15,95
4,15,16,96
4,15,17,40
4,15,18,65
4,15,19,129
4,15,20,201
4,15,21,47
4,15,22,217
4,15,23,209
4,15,24,103
4,15,25,223
4,15,26,49
4,15,27,80
4,15,28,203
4,15,29,64
4,15,30,120
4,15,31,54
4,15,32,131
4,15,33,41
4,15,34,105
4,15,35,190
4,15,36,179
4,15,37,71
4,15,38,146
4,15,39,52
4,15,40,208
4,15,41,219
4,15,42,186
4,15,43,102
4,15,44,108
4,15,45,117
4,15,46,32
4,15,47,93
4,15,48,210
4,15,49,28
4,15,50,204
4,15,51,102
4,15,52,87
4,15,53,147
4,15,54,179
4,15,55,47
4,15,56,203
4,15,57,187
4,15,58,177
4,15,59,74
4,15,60,77
4,15,61,39
4,15,62,46
4,15,63,91
4,15,64,112
4,15,65,214
4,15,66,94
4,15,67,140
4,15,68,39
4,15,69,96
4,15,70,49
4,15,71,199
4,15,72,120
4,15,73,172
4,15,74,50
4,15,75,165
4,15,76,221
4,15,77,72
4,15,78,133
4,15,79,41
4,15,80,200
4,15,81,29
4,15,82,30
4,15,83,77
4,15,84,29
4,15,85,48
4,15,86,110
4,15,87,214
4,15,88,177
4,15,89,121
4,15,90,100
4,15,91,82
4,15,92,107
4,15,93,42
4,15,94,136
4,15,95,216
4,15,96,182
4,15,97,93
4,15,98,111
4,15,99,127
4,16,0,274
4,16,1,70
4,16,2,183
4,16,3,80
4,16,4,231
4,16,5,166
4,16,6,161
4,16,7,82
4,16,8,201
4,16,9,147
4,16,10,141
4,16,11,130
4,16,12,308
4,16,13,57
4,16,14,334
4,16,15,332
4,16,16,223
4,16,17,301
4,16,18,253
4,16,19,61
4,16,20,225
4,16,21,91
4,16,22,160
4,16,23,75
4,16,24,56
4,16,25,109
4,16,26,66
4,16,27,329
4,16,28,316
4,16,29,304
4,16,30,198
4,16,31,332
4,16,32,174
4,16,33,107
4,16,34,148
4,16,35,181
4,16,36,168
4,16,37,255
4,16,38,195
4,16,39,271
4,16,40,352
4,16,41,82
4,16,42,281
4,16,43,175
4,16,44,233
4,16,45,120
4,16,46,322
4,16,47,205
4,16,48,150
4,16,49,182
4,16,50,247
4,16,51,238
4,16,52,354
4,16,53,271
4,16,54,44
4,16,55,171
4,16,56,256
4,16,57,335
4,16,58,82
4,16,59,305
4,16,60,114
4,16,61,287
4,16,62,303
4,16,63,171
4,16,64,141
4,16,65,259
4,16,66,153
4,16,67,345
4,16,68,95
4,16,69,331
4,16,70,160
4,16,71,210
4,16,72,59
4,16,73,269
4,16,74,355
4,16,75,229
4,16,76,293
4,16,77,205
4,16,78,170
4,16,79,158
4,16,80,73
4,16,81,177
4,16,82,341
4,16,83,200
4,16,84,306
4,16,85,89
4,16,86,239
4,16,87,242
4,16,88,168
4,16,89,123
4,16,90,188
4,16,91,249
4,16,92,312
4,16,93,102
4,16,94,157
4,16,95,62
4,16,96,224
4,16,97,239
4,16,98,201
4,16,99,297
4,17,0,138
4,17,1,64
4,17,2,157
4,17,3,79
4,17,4,113
4,17,5,148
4,17,6,201
4,17,7,214
4,17,8,201
4,17,9,56
4,17,10,236
4,17,11,226
4,17,12,203
4,17,13,67
4,17,14,53
4,17,15,236
4,17,16,108
4,17,17,92
4,17,18,147
4,17,19,44
4,17,20,35
4,17,21,237
4,17,22,230
4,17,23,260
4,17,24,68
4,17,25,123
4,17,26,188
4,17,27,85
4,17,28,155
4,17,29,149
4,17,30,101
4,17,31,212
4,17,32,168
4,17,33,39
4,17,34,247
4,17,35,152
4,17,36,227
4,17,37,38
4,17,38,227
4,17,39,242
4,17,40,218
4,17,41,235
4,17,42,186
4,17,43,102
4,17,44,136
4,17,45,181
4,17,46,196
4,17,47,125
4,17,48,67
4,17,49,88
4,17,50,187
4,17,51,225
4,17,52,170
4,17,53,147
4,17,54,95
4,17,55,44
4,17,56,98
4,17,57,92
4,17,58,260
4,17,59,42
4,17,60,86
4,17,61,183
4,17,62,67
4,17,63,267
4,17,64,107
4,17,65,45
4,17,66,40
4,17,67,258
4,17,68,184
4,17,69,166
4,17,70,192
4,17,71,243
4,17,72,205
4,17,73,171
4,17,74,221
4,17,75,59
4,17,76,200
4,17,77,185
4,17,78,226
4,17,79,109
4,17,80,262
4,17,81,99
4,17,82,67
4,17,83,236
4,17,84,113
4,17,85,30
4,17,86,229
4,17,87,244
4,17,88,226
4,17,89,69
4,17,90,219
4,17,91,211
4,17,92,105
4,17,93,138
4,17,94,256
4,17,95,71
4,17,96,203
4,17,97,69
4,17,98,178
4,17,99,208
4,18,0,189
4,18,1,88
4,18,2,113
4,18,3,141
4,18,4,83
4,18,5,53
4,18,6,173
4,18,7,135
4,18,8,61
4,18,9,102
4,18,10,159
4,18,11,42
4,18,12,138
4,18,13,181
4,18,14,202
4,18,15,136
4,18,16,77
4,18,17,214
4,18,18,159
4,18,19,143
4,18,20,212
4,18,21,43
4,18,22,46
4,18,23,183
4,18,24,161
4,18,25,99
4,18,26,156
4,18,27,119
4,18,28,31
4,18,29,27
4,18,30,194
4,18,31,133
4,18,32,218
4,18,33,216
4,18,34,207
4,18,35,122
4,18,36,139
4,18,37,201
4,18,38,42
4,18,39,35
4,18,40,88
4,18,41,76
4,18,42,150
4,18,43,141
4,18,44,202
4,18,45,210
4,18,46,173
4,18,47,123
4,18,48,120
4,18,49,93
4,18,50,39
4,18,51,57
4,18,52,109
4,18,53,34
4,18,54,220
4,18,55,176
4,18,56,187
4,18,57,37
4,18,58,92
4,18,59,32
4,18,60,66
4,18,61,34
4,18,62,202
4,18,63,38
4,18,64,212
4,18,65,125
4,18,66,37
4,18,67,223
4,18,68,73
4,18,69,178
4,18,70,122
4,18,71,108
4,18,72,226
4,18,73,138
4,18,74,218
4,18,75,175
4,18,76,42
4,18,77,180
4,18,78,154
4,18,79,103
4,18,80,56
4,18,81,93
4,18,82,72
4,18,83,220
4,18,84,165
4,18,85,221
4,18,86,79
4,18,87,202
4,18,88,90
4,18,89,211
4,18,90,186
4,18,91,27
4,18,92,157
4,18,93,115
4,18,94,125
4,18,95,62
4,18,96,201
4,18,97,76
4,18,98,32
4,18,99,141
4,19,0,15
4,19,1,17
4,19,2,35
4,19,3,10
4,19,4,21
4,19,5,22
4,19,6,31
4,19,7,12
4,19,8,19
4,19,9,56
4,19,10,59
4,19,11,19
4,19,12,59
4,19,13,64
4,19,14,37
4,19,15,59
4,19,16,66
4,19,17,28
4,19,18,14
4,19,19,41
4,19,20,42
4,19,21,34
4,19,22,54
4,19,23,37
4,19,24,13
4,19,25,33
4,19,26,34
4,19,27,61
4,19,28,59
4,19,29,10
4,19,30,49
4,19,31,65
4,19,32,30
4,19,33,47
4,19,34,20
4,19,35,37
4,19,36,25
4,19,37,65
4,19,38,49
4,19,39,58
4,19,40,50
4,19,41,67
4,19,42,60
4,19,43,54
4,19,44,52
4,19,45,49
4,19,46,35
4,19,47,15
4,19,48,33
4,19,49,63
4,19,50,57
4,19,51,59
4,19,52,66
4,19,53,27
4,19,54,57
4,19,55,43
4,19,56,10
4,19,57,54
4,19,58,23
4,19,59,56
4,19,60,38
4,19,61,56
4,19,62,45
4,19,63,35
4,19,64,58
4,19,65,60
4,19,66,10
4,19,67,24
4,19,68,64
4,19,69,54
4,19,70,35
4,19,71,15
4,19,72,46
4,19,73,52
4,19,74,41
4,19,75,41
4,19,76,64
4,19,77,23
4,19,78,22
4,19,79,61
4,19,80,67
4,19,81,35
4,19,82,65
4,19,83,64
4,19,84,46
4,19,85,16
4,19,86,46
4,19,87,39
4,19,88,42
4,19,89,15
4,19,90,33
4,19,91,16
4,19,92,57
4,19,93,13
4,19,94,18
4,19,95,25
4,19,96,53
4,19,97,27
4,19,98,12
4,19,99,38
4,20,0,8
4,20,1,2
4,20,2,7
4,20,3,10
4,20,4,6
4,20,5,4
4,20,6,5
4,20,7,2
4,20,8,6
4,20,9,12
4,20,10,12
4,20,11,14
4,20,12,8
4,20,13,13
4,20,14,13
4,20,15,11
4,20,16,5
4,20,17,10
4,20,18,10
4,20,19,2
4,20,20,8
4,20,21,8
4,20,22,13
4,20,23,4
4,20,24,6
4,20,25,14
4,20,26,3
4,20,27,5
4,20,28,9
4,20,29,10
4,20,30,11
4,20,31,4
4,20,32,10
4,20,33,8
4,20,34,8
4,20,35,10
4,20,36,9
4,20,37,6
4,20,38,13
4,20,39,2
4,20,40,14
4,20,41,3
4,20,42,5
4,20,43,12
4,20,44,2
4,20,45,8
4,20,46,11
4,20,47,12
4,20,48,11
4,20,49,3
4,20,50,11
4,20,51,8
4,20,52,4
4,20,53,4
4,20,54,3
4,20,55,6
4,20,56,10
4,20,57,6
4,20,58,3
4,20,59,9
4,20,60,12
4,20,61,11
4,20,62,3
4,20,63,10
4,20,64,2
4,20,65,9
4,20,66,12
4,20,67,3
4,20,68,5
4,20,69,7
4,20,70,4
4,20,71,11
4,20,72,2
4,20,73,8
4,20,74,2
4,20,75,2
4,20,76,8
4,20,77,3
4,20,78,6
4,20,79,3
4,20,80,11
4,20,81,11
4,20,82,13
4,20,83,2
4,20,84,6
4,20,85,6
4,20,86,3
4,20,87,3
4,20,88,10
4,20,89,3
4,20,90,4
4,20,91,11
4,20,92,8
4,20,93,2
4,20,94,14
4,20,95,3
4,20,96,11
4,20,97,2
4,20,98,13
4,20,99,8
4,21,0,0
4,21,1,1
4,21,2,1
4,21,3,1
4,21,4,0
4,21,5,0
4,21,6,0
4,21,7,1
4,21,8,0
4,21,9,1
4,21,10,1
4,21,11,0
4,21,12,0
4,21,13,1
4,21,14,0
4,21,15,0
4,21,16,1
4,21,17,0
4,21,18,0
4,21,19,1
4,21,20,1
4,21,21,0
4,21,22,1
4,21,23,1
4,21,24,0
4,21,25,0
4,21,26,1
4,21,27,0
4,21,28,1
4,21,29,1
4,21,30,0
4,21,31,0
4,21,32,0
4,21,33,1
4,21,34,1
4,21,35,0
4,21,36,0
4,21,37,1
4,21,38,1
4,21,39,0
4,21,40,0
4,21,41,0
4,21,42,0
4,21,43,0
4,21,44,1
4,21,45,0
4,21,46,1
4,21,47,1
4,21,48,0
4,21,49,0
4,21,50,0
4,21,51,0
4,21,52,1
4,21,53,1
4,21,54,1
4,21,55,1
4,21,56,0
4,21,57,1
4,21,58,0
4,21,59,0
4,21,60,0
4,21,61,1
4,21,62,1
4,21,63,0
4,21,64,0
4,21,65,1
4,21,66,0
4,21,67,1
4,21,68,0
4,21,69,0
4,21,70,1
4,21,71,1
4,21,72,0
4,21,73,1
4,21,74,1
4,21,75,1
4,21,76,1
4,21,77,1
4,21,78,1
4,21,79,1
4,21,80,1
4,21,81,1
4,21,82,1
4,21,83,1
4,21,84,1
4,21,85,1
4,21,86,1
4,21,87,1
4,21,88,0
4,21,89,0
4,21,90,1
4,21,91,1
4,21,92,1
4,21,93,0
4,21,94,1
4,21,95,1
4,21,96,0
4,21,97,1
4,21,98,1
4,21,99,0
4,22,0,0
4,22,1,0
4,22,2,0
4,22,3,0
4,22,4,0
4,22,5,0
4,22,6,0
4,22,7,0
4,22,8,0
4,22,9,0
4,22,10,0
4,22,11,0
4,22,12,0
4,22,13,0
4,22,14,0
4,22,15,0
4,22,16,0
4,22,17,0
4,22,18,0
4,22,19,0
4,22,20,0
4,22,21,0
4,22,22,0
4,22,23,0
4,22,24,0
4,22,25,0
4,22,26,0
4,22,27,0
4,22,28,0
4,22,29,0
4,22,30,0
4,22,31,0
4,22,32,0
4,22,33,0
4,22,34,0
4,22,35,0
4,22,36,0
4,22,37,0
4,22,38,0
4,22,39,0
4,22,40,0
4,22,41,0
4,22,42,0
4,22,43,0
4,22,44,0
4,22,45,0
4,22,46,0
4,22,47,0
4,22,48,0
4,22,49,0
4,22,50,0
4,22,51,0
4,22,52,0
4,22,53,0
4,22,54,0
4,22,55,0
4,22,56,0
4,22,57,0
4,22,58,0
4,22,59,0
4,22,60,0
4,22,61,0
4,22,62,0
4,22,63,0
4,22,64,0
4,22,65,0
4,22,66,0
4,22,67,0
4,22,68,0
4,22,69,0
4,22,70,0
4,22,71,0
4,22,72,0
4,22,73,0
4,22,74,0
4,22,75,0
4,22,76,0
4,22,77,0
4,22,78,0
4,22,79,0
4,22,80,0
4,22,81,0
4,22,82,0
4,22,83,0
4,22,84,0
4,22,85,0
4,22,86,0
4,22,87,0
4,22,88,0
4,22,89,0
4,22,90,0
4,22,91,0
4,22,92,0
4,22,93,0
4,22,94,0
4,22,95,0
4,22,96,0
4,22,97,0
4,22,98,0
4,22,99,0
4,23,0,0
4,23,1,0
4,23,2,0
4,23,3,0
4,23,4,0
4,23,5,0
4,23,6,0
4,23,7,0
4,23,8,0
4,23,9,0
4,23,10,0
4,23,11,0
4,23,12,0
4,23,13,0
4,23,14,0
4,23,15,0
4,23,16,0
4,23,17,0
4,23,18,0
4,23,19,0
4,23,20,0
4,23,21,0
4,23,22,0
4,23,23,0
4,23,24,0
4,23,25,0
4,23,26,0
4,23,27,0
4,23,28,0
4,23,29,0
4,23,30,0
4,23,31,0
4,23,32,0
4,23,33,0
4,23,34,0
4,23,35,0
4,23,36,0
4,23,37,0
4,23,38,0
4,23,39,0
4,23,40,0
4,23,41,0
4,23,42,0
4,23,43,0
4,23,44,0
4,23,45,0
4,23,46,0
4,23,47,0
4,23,48,0
4,23,49,0
4,23,50,0
4,23,51,0
4,23,52,0
4,23,53,0
4,23,54,0
4,23,55,0
4,23,56,0
4,23,57,0
4,23,58,0
4,23,59,0
4,23,60,0
4,23,61,0
4,23,62,0
4,23,63,0
4,23,64,0
4,23,65,0
4,23,66,0
4,23,67,0
4,23,68,0
4,23,69,0
4,23,70,0
4,23,71,0
4,23,72,0
4,23,73,0
4,23,74,0
4,23,75,0
4,23,76,0
4,23,77,0
4,23,78,0
4,23,79,0
4,23,80,0
4,23,81,0
4,23,82,0
4,23,83,0
4,23,84,0
4,23,85,0
4,23,86,0
4,23,87,0
4,23,88,0
4,23,89,0
4,23,90,0
4,23,91,0
4,23,92,0
4,23,93,0
4,23,94,0
4,23,95,0
4,23,96,0
4,23,97,0
4,23,98,0
4,23,99,0
5,0,0,0
5,0,1,0
5,0,2,0
5,0,3,0
5,0,4,0
5,0,5,0
5,0,6,0
5,0,7,0
5,0,8,0
5,0,9,0
5,0,10,0
5,0,11,0
5,0,12,0
5,0,13,0
5,0,14,0
5,0,15,0
5,0,16,0
5,0,17,0
5,0,18,0
5,0,19,0
5,0,20,0
5,0,21,0
5,0,22,0
5,0,23,0
5,0,24,0
5,0,25,0
5,0,26,0
5,0,27,0
5,0,28,0
5,0,29,0
5,0,30,0
5,0,31,0
5,0,32,0
5,0,33,0
5,0,34,0
5,0,35,0
5,0,36,0
5,0,37,0
5,0,38,0
5,0,39,0
5,0,40,0
5,0,41,0
5,0,42,0
5,0,43,0
5,0,44,0
5,0,45,0
5,0,46,0
5,0,47,0
5,0,48,0
5,0,49,0
5,0,50,0
5,0,51,0
5,0,52,0
5,0,53,0
5,0,54,0
5,0,55,0
5,0,56,0
5,0,57,0
5,0,58,0
5,0,59,0
5,0,60,0
5,0,61,0
5,0,62,0
5,0,63,0
5,0,64,0
5,0,65,0
5,0,66,0
5,0,67,0
5,0,68,0
5,0,69,0
5,0,70,0
5,0,71,0
5,0,72,0
5,0,73,0
5,0,74,0
5,0,75,0
5,0,76,0
5,0,77,0
5,0,78,0
5,0,79,0
5,0,80,0
5,0,81,0
5,0,82,0
5,0,83,0
5,0,84,0
5,0,85,0
5,0,86,0
5,0,87,0
5,0,88,0
5,0,89,0
5,0,90,0
5,0,91,0
5,0,92,0
5,0,93,0
5,0,94,0
5,0,95,0
5,0,96,0
5,0,97,0
5,0,98,0
5,0,99,0
5,1,0,0
5,1,1,0
5,1,2,0
5,1,3,0
5,1,4,0
5,1,5,0
5,1,6,0
5,1,7,0
5,1,8,0
5,1,9,0
5,1,10,0
5,1,11,0
5,1,12,0
5,1,13,0
5,1,14,0
5,1,15,0
5,1,16,0
5,1,17,0
5,1,18,0
5,1,19,0
5,1,20,0
5,1,21,0
5,1,22,0
5,1,23,0
5,1,24,0
5,1,25,0
5,1,26,0
5,1,27,0
5,1,28,0
5,1,29,0
5,1,30,0
5,1,31,0
5,1,32,0
5,1,33,0
5,1,34,0
5,1,35,0
5,1,36,0
5,1,37,0
5,1,38,0
5,1,39,0
5,1,40,0
5,1,41,0
5,1,42,0
5,1,43,0
5,1,44,0
5,1,45,0
5,1,46,0
5,1,47,0
5,1,48,0
5,1,49,0
5,1,50,0
5,1,51,0
5,1,52,0
5,1,53,0
5,1,54,0
5,1,55,0
5,1,56,0
5,1,57,0
5,1,58,0
5,1,59,0
5,1,60,0
5,1,61,0
5,1,62,0
5,1,63,0
5,1,64,0
5,1,65,0
5,1,66,0
5,1,67,0
5,1,68,0
5,1,69,0
5,1,70,0
5,1,71,0
5,1,72,0
5,1,73,0
5,1,74,0
5,1,75,0
5,1,76,0
5,1,77,0
5,1,78,0
5,1,79,0
5,1,80,0
5,1,81,0
5,1,82,0
5,1,83,0
5,1,84,0
5,1,85,0
5,1,86,0
5,1,87,0
5,1,88,0
5,1,89,0
5,1,90,0
5,1,91,0
5,1,92,0
5,1,93,0
5,1,94,0
5,1,95,0
5,1,96,0
5,1,97,0
5,1,98,0
5,1,99,0
5,2,0,0
5,2,1,0
5,2,2,0
5,2,3,0
5,2,4,0
5,2,5,0
5,2,6,0
5,2,7,0
5,2,8,0
5,2,9,0
5,2,10,0
5,2,11,0
5,2,12,0
5,2,13,0
5,2,14,0
5,2,15,0
5,2,16,0
5,2,17,0
5,2,18,0
5,2,19,0
5,2,20,0
5,2,21,0
5,2,22,0
5,2,23,0
5,2,24,0
5,2,25,0
5,2,26,0
5,2,27,0
5,2,28,0
5,2,29,0
5,2,30,0
5,2,31,0
5,2,32,0
5,2,33,0
5,2,34,0
5,2,35,0
5,2,36,0
5,2,37,0
5,2,38,0
5,2,39,0
5,2,40,0
5,2,41,0
5,2,42,0
5,2,43,0
5,2,44,0
5,2,45,0
5,2,46,0
5,2,47,0
5,2,48,0
5,2,49,0
5,2,50,0
5,2,51,0
5,2,52,0
5,2,53,0
5,2,54,0
5,2,55,0
5,2,56,0
5,2,57,0
5,2,58,0
5,2,59,0
5,2,60,0
5,2,61,0
5,2,62,0
5,2,63,0
5,2,64,0
5,2,65,0
5,2,66,0
5,2,67,0
5,2,68,0
5,2,69,0
5,2,70,0
5,2,71,0
5,2,72,0
5,2,73,0
5,2,74,0
5,2,75,0
5,2,76,0
5,2,77,0
5,2,78,0
5,2,79,0
5,2,80,0
5,2,81,0
5,2,82,0
5,2,83,0
5,2,84,0
5,2,85,0
5,2,86,0
5,2,87,0
5,2,88,0
5,2,89,0
5,2,90,0
5,2,91,0
5,2,92,0
5,2,93,0
5,2,94,0
5,2,95,0
5,2,96,0
5,2,97,0
5,2,98,0
5,2,99,0
5,3,0,0
5,3,1,0
5,3,2,0
5,3,3,0
5,3,4,0
5,3,5,0
5,3,6,0
5,3,7,0
5,3,8,0
5,3,9,0
5,3,10,0
5,3,11,0
5,3,12,0
5,3,13,0
5,3,14,0
5,3,15,0
5,3,16,0
5,3,17,0
5,3,18,0
5,3,19,0
5,3,20,0
5,3,21,0
5,3,22,0
5,3,23,0
5,3,24,0
5,3,25,0
5,3,26,0
5,3,27,0
5,3,28,0
5,3,29,0
5,3,30,0
5,3,31,0
5,3,32,0
5,3,33,0
5,3,34,0
5,3,35,0
5,3,36,0
5,3,37,0
5,3,38,0
5,3,39,0
5,3,40,0
5,3,41,0
5,3,42,0
5,3,43,0
5,3,44,0
5,3,45,0
5,3,46,0
5,3,47,0
5,3,48,0
5,3,49,0
5,3,50,0
5,3,51,0
5,3,52,0
5,3,53,0
5,3,54,0
5,3,55,0
5,3,56,0
5,3,57,0
5,3,58,0
5,3,59,0
5,3,60,0
5,3,61,0
5,3,62,0
5,3,63,0
5,3,64,0
5,3,65,0
5,3,66,0
5,3,67,0
5,3,68,0
5,3,69,0
5,3,70,0
5,3,71,0
5,3,72,0
5,3,73,0
5,3,74,0
5,3,75,0
5,3,76,0
5,3,77,0
5,3,78,0
5,3,79,0
5,3,80,0
5,3,81,0
5,3,82,0
5,3,83,0
5,3,84,0
5,3,85,0
5,3,86,0
5,3,87,0
5,3,88,0
5,3,89,0
5,3,90,0
5,3,91,0
5,3,92,0
5,3,93,0
5,3,94,0
5,3,95,0
5,3,96,0
5,3,97,0
5,3,98,0
5,3,99,0
5,4,0,0
5,4,1,0
5,4,2,0
5,4,3,0
5,4,4,0
5,4,5,0
5,4,6,0
5,4,7,0
5,4,8,0
5,4,9,0
5,4,10,0
5,4,11,0
5,4,12,0
5,4,13,0
5,4,14,0
5,4,15,0
5,4,16,0
5,4,17,0
5,4,18,0
5,4,19,0
5,4,20,0
5,4,21,0
5,4,22,0
5,4,23,0
5,4,24,0
5,4,25,0
5,4,26,0
5,4,27,0
5,4,28,0
5,4,29,0
5,4,30,0
5,4,31,0
5,4,32,0
5,4,33,0
5,4,34,0
5,4,35,0
5,4,36,0
5,4,37,0
5,4,38,0
5,4,39,0
5,4,40,0
5,4,41,0
5,4,42,0
5,4,43,0
5,4,44,0
5,4,45,0
5,4,46,0
5,4,47,0
5,4,48,0
5,4,49,0
5,4,50,0
5,4,51,0
5,4,52,0
5,4,53,0
5,4,54,0
5,4,55,0
5,4,56,0
5,4,57,0
5,4,58,0
5,4,59,0
5,4,60,0
5,4,61,0
5,4,62,0
5,4,63,0
5,4,64,0
5,4,65,0
5,4,66,0
5,4,67,0
5,4,68,0
5,4,69,0
5,4,70,0
5,4,71,0
5,4,72,0
5,4,73,0
5,4,74,0
5,4,75,0
5,4,76,0
5,4,77,0
5,4,78,0
5,4,79,0
5,4,80,0
5,4,81,0
5,4,82,0
5,4,83,0
5,4,84,0
5,4,85,0
5,4,86,0
5,4,87,0
5,4,88,0
5,4,89,0
5,4,90,0
5,4,91,0
5,4,92,0
5,4,93,0
5,4,94,0
5,4,95,0
5,4,96,0
5,4,97,0
5,4,98,0
5,4,99,0
5,5,0,0
5,5,1,0
5,5,2,0
5,5,3,0
5,5,4,0
5,5,5,0
5,5,6,0
5,5,7,0
5,5,8,0
5,5,9,0
5,5,10,0
5,5,11,0
5,5,12,0
5,5,13,0
5,5,14,0
5,5,15,0
5,5,16,0
5,5,17,0
5,5,18,0
5,5,19,0
5,5,20,0
5,5,21,0
5,5,22,0
5,5,23,0
5,5,24,0
5,5,25,0
5,5,26,0
5,5,27,0
5,5,28,0
5,5,29,0
5,5,30,0
5,5,31,0
5,5,32,0
5,5,33,0
5,5,34,0
5,5,35,0
5,5,36,0
5,5,37,0
5,5,38,0
5,5,39,0
5,5,40,0
5,5,41,0
5,5,42,0
5,5,43,0
5,5,44,0
5,5,45,0
5,5,46,0
5,5,47,0
5,5,48,0
5,5,49,0
5,5,50,0
5,5,51,0
5,5,52,0
5,5,53,0
5,5,54,0
5,5,55,0
5,5,56,0
5,5,57,0
5,5,58,0
5,5,59,0
5,5,60,0
5,5,61,0
5,5,62,0
5,5,63,0
5,5,64,0
5,5,65,0
5,5,66,0
5,5,67,0
5,5,68,0
5,5,69,0
5,5,70,0
5,5,71,0
5,5,72,0
5,5,73,0
5,5,74,0
5,5,75,0
5,5,76,0
5,5,77,0
5,5,78,0
5,5,79,0
5,5,80,0
5,5,81,0
5,5,82,0
5,5,83,0
5,5,84,0
5,5,85,0
5,5,86,0
5,5,87,0
5,5,88,0
5,5,89,0
5,5,90,0
5,5,91,0
5,5,92,0
5,5,93,0
5,5,94,0
5,5,95,0
5,5,96,0
5,5,97,0
5,5,98,0
5,5,99,0
5,6,0,0
5,6,1,0
5,6,2,0
5,6,3,0
5,6,4,0
5,6,5,0
5,6,6,0
5,6,7,0
5,6,8,0
5,6,9,0
5,6,10,0
5,6,11,0
5,6,12,0
5,6,13,0
5,6,14,0
5,6,15,0
5,6,16,0
5,6,17,0
5,6,18,0
5,6,19,0
5,6,20,0
5,6,21,0
5,6,22,0
5,6,23,0
5,6,24,0
5,6,25,0
5,6,26,0
5,6,27,0
5,6,28,0
5,6,29,0
5,6,30,0
5,6,31,0
5,6,32,0
5,6,33,0
5,6,34,0
5,6,35,0
5,6,36,0
5,6,37,0
5,6,38,0
5,6,39,0
5,6,40,0
5,6,41,0
5,6,42,0
5,6,43,0
5,6,44,0
5,6,45,0
5,6,46,0
5,6,47,0
5,6,48,0
5,6,49,0
5,6,50,0
5,6,51,0
5,6,52,0
5,6,53,0
5,6,54,0
5,6,55,0
5,6,56,0
5,6,57,0
5,6,58,0
5,6,59,0
5,6,60,0
5,6,61,0
5,6,62,0
5,6,63,0
5,6,64,0
5,6,65,0
5,6,66,0
5,6,67,0
5,6,68,0
5,6,69,0
5,6,70,0
5,6,71,0
5,6,72,0
5,6,73,0
5,6,74,0
5,6,75,0
5,6,76,0
5,6,77,0
5,6,78,0
5,6,79,0
5,6,80,0
5,6,81,0
5,6,82,0
5,6,83,0
5,6,84,0
5,6,85,0
5,6,86,0
5,6,87,0
5,6,88,0
5,6,89,0
5,6,90,0
5,6,91,0
5,6,92,0
5,6,93,0
5,6,94,0
5,6,95,0
5,6,96,0
5,6,97,0
5,6,98,0
5,6,99,0
5,7,0,0
5,7,1,1
5,7,2,1
5,7,3,0
5,7,4,0
5,7,5,0
5,7,6,0
5,7,7,0
5,7,8,0
5,7,9,1
5,7,10,1
5,7,11,0
5,7,12,1
5,7,13,0
5,7,14,1
5,7,15,1
5,7,16,1
5,7,17,0
5,7,18,1
5,7,19,0
5,7,20,0
5,7,21,1
5,7,22,1
5,7,23,1
5,7,24,1
5,7,25,0
5,7,26,0
5,7,27,1
5,7,28,1
5,7,29,1
5,7,30,1
5,7,31,1
5,7,32,1
5,7,33,0
5,7,34,1
5,7,35,0
5,7,36,0
5,7,37,0
5,7,38,1
5,7,39,1
5,7,40,0
5,7,41,1
5,7,42,0
5,7,43,0
5,7,44,1
5,7,45,0
5,7,46,1
5,7,47,0
5,7,48,0
5,7,49,0
5,7,50,0
5,7,51,0
5,7,52,1
5,7,53,0
5,7,54,1
5,7,55,0
5,7,56,1
5,7,57,1
5,7,58,0
5,7,59,1
5,7,60,0
5,7,61,0
5,7,62,1
5,7,63,0
5,7,64,1
5,7,65,0
5,7,66,0
5,7,67,1
5,7,68,0
5,7,69,1
5,7,70,0
5,7,71,0
5,7,72,1
5,7,73,1
5,7,74,0
5,7,75,0
5,7,76,1
5,7,77,1
5,7,78,1
5,7,79,0
5,7,80,1
5,7,81,1
5,7,82,0
5,7,83,0
5,7,84,1
5,7,85,0
5,7,86,0
5,7,87,0
5,7,88,0
5,7,89,1
5,7,90,1
5,7,91,1
5,7,92,0
5,7,93,0
5,7,94,0
5,7,95,0
5,7,96,1
5,7,97,0
5,7,98,1
5,7,99,1
5,8,0,5
5,8,1,2
5,8,2,6
5,8,3,11
5,8,4,8
5,8,5,6
5,8,6,3
5,8,7,9
5,8,8,2
5,8,9,12
5,8,10,4
5,8,11,3
5,8,12,5
5,8,13,11
5,8,14,10
5,8,15,8
5,8,16,10
5,8,17,10
5,8,18,8
5,8,19,5
5,8,20,8
5,8,21,9
5,8,22,8
5,8,23,1
5,8,24,2
5,8,25,2
5,8,26,9
5,8,27,9
5,8,28,10
5,8,29,11
5,8,30,5
5,8,31,8
5,8,32,5
5,8,33,5
5,8,34,6
5,8,35,9
5,8,36,7
5,8,37,10
5,8,38,5
5,8,39,2
5,8,40,3
5,8,41,10
5,8,42,2
5,8,43,10
5,8,44,11
5,8,45,7
5,8,46,11
5,8,47,9
5,8,48,9
5,8,49,9
5,8,50,5
5,8,51,8
5,8,52,11
5,8,53,7
5,8,54,3
5,8,55,4
5,8,56,10
5,8,57,7
5,8,58,6
5,8,59,7
5,8,60,5
5,8,61,3
5,8,62,1
5,8,63,2
5,8,64,3
5,8,65,2
5,8,66,6
5,8,67,11
5,8,68,8
5,8,69,2
5,8,70,9
5,8,71,7
5,8,72,10
5,8,73,7
5,8,74,8
5,8,75,4
5,8,76,6
5,8,77,1
5,8,78,5
5,8,79,8
5,8,80,11
5,8,81,3
5,8,82,4
5,8,83,8
5,8,84,6
5,8,85,8
5,8,86,10
5,8,87,8
5,8,88,9
5,8,89,11
5,8,90,7
5,8,91,6
5,8,92,3
5,8,93,11
5,8,94,9
5,8,95,7
5,8,96,11
5,8,97,6
5,8,98,11
5,8,99,7
5,9,0,0
5,9,1,1
5,9,2,1
5,9,3,1
5,9,4,0
5,9,5,0
5,9,6,1
5,9,7,1
5,9,8,1
5,9,9,1
5,9,10,1
5,9,11,1
5,9,12,1
5,9,13,1
5,9,14,0
5,9,15,1
5,9,16,1
5,9,17,1
5,9,18,1
5,9,19,1
5,9,20,1
5,9,21,1
5,9,22,1
5,9,23,1
5,9,24,1
5,9,25,1
5,9,26,1
5,9,27,1
5,9,28,1
5,9,29,0
5,9,30,1
5,9,31,1
5,9,32,1
5,9,33,1
5,9,34,1
5,9,35,1
5,9,36,0
5,9,37,1
5,9,38,1
5,9,39,1
5,9,40,1
5,9,41,0
5,9,42,1
5,9,43,1
5,9,44,1
5,9,45,1
5,9,46,1
5,9,47,1
5,9,48,1
5,9,49,1
5,9,50,0
5,9,51,0
5,9,52,1
5,9,53,1
5,9,54,1
5,9,55,1
5,9,56,1
5,9,57,1
5,9,58,1
5,9,59,1
5,9,60,1
5,9,61,0
5,9,62,1
5,9,63,1
5,9,64,1
5,9,65,0
5,9,66,1
5,9,67,1
5,9,68,0
5,9,69,1
5,9,70,0
5,9,71,1
5,9,72,1
5,9,73,1
5,9,74,0
5,9,75,1
5,9,76,1
5,9,77,1
5,9,78,1
5,9,79,1
5,9,80,0
5,9,81,0
5,9,82,1
5,9,83,0
5,9,84,1
5,9,85,0
5,9,86,1
5,9,87,1
5,9,88,1
5,9,89,1
5,9,90,1
5,9,91,1
5,9,92,1
5,9,93,1
5,9,94,0
5,9,95,1
5,9,96,0
5,9,97,1
5,9,98,1
5,9,99,1
5,10,0,12
5,10,1,18
5,10,2,5
5,10,3,12
5,10,4,4
5,10,5,28
5,10,6,24
5,10,7,29
5,10,8,5
5,10,9,10
5,10,10,4
5,10,11,9
5,10,12,21
5,10,13,4
5,10,14,24
5,10,15,29
5,10,16,14
5,10,17,21
5,10,18,25
5,10,19,31
5,10,20,7
5,10,21,31
5,10,22,9
5,10,23,31
5,10,24,16
5,10,25,20
5,10,26,31
5,10,27,13
5,10,28,25
5,10,29,16
5,10,30,7
5,10,31,16
5,10,32,8
5,10,33,11
5,10,34,17
5,10,35,16
5,10,36,20
5,10,37,9
5,10,38,16
5,10,39,24
5,10,40,15
5,10,41,5
5,10,42,29
5,10,43,30
5,10,44,14
5,10,45,29
5,10,46,16
5,10,47,22
5,10,48,8
5,10,49,20
5,10,50,6
5,10,51,32
5,10,52,21
5,10,53,7
5,10,54,8
5,10,55,32
5,10,56,14
5,10,57,28
5,10,58,32
5,10,59,23
5,10,60,19
5,10,61,33
5,10,62,33
5,10,63,22
5,10,64,8
5,10,65,14
5,10,66,31
5,10,67,25
5,10,68,6
5,10,69,15
5,10,70,9
5,10,71,6
5,10,72,19
5,10,73,27
5,10,74,8
5,10,75,8
5,10,76,31
5,10,77,30
5,10,78,32
5,10,79,22
5,10,80,6
5,10,81,33
5,10,82,15
5,10,83,18
5,10,84,27
5,10,85,20
5,10,86,9
5,10,87,18
5,10,88,11
5,10,89,14
5,10,90,32
5,10,91,13
5,10,92,27
5,10,93,21
5,10,94,17
5,10,95,23
5,10,96,11
5,10,97,24
5,10,98,27
5,10,99,15
5,11,0,30
5,11,1,38
5,11,2,51
5,11,3,19
5,11,4,53
5,11,5,41
5,11,6,8
5,11,7,48
5,11,8,27
5,11,9,14
5,11,10,23
5,11,11,47
5,11,12,41
5,11,13,20
5,11,14,48
5,11,15,10
5,11,16,28
5,11,17,34
5,11,18,43
5,11,19,20
5,11,20,37
5,11,21,12
5,11,22,49
5,11,23,48
5,11,24,10
5,11,25,18
5,11,26,27
5,11,27,39
5,11,28,34
5,11,29,32
5,11,30,40
5,11,31,36
5,11,32,53
5,11,33,49
5,11,34,20
5,11,35,35
5,11,36,49
5,11,37,49
5,11,38,35
5,11,39,42
5,11,40,33
5,11,41,54
5,11,42,53
5,11,43,32
5,11,44,53
5,11,45,56
5,11,46,10
5,11,47,14
5,11,48,13
5,11,49,38
5,11,50,24
5,11,51,50
5,11,52,40
5,11,53,56
5,11,54,23
5,11,55,49
5,11,56,38
5,11,57,21
5,11,58,36
5,11,59,22
5,11,60,22
5,11,61,25
5,11,62,44
5,11,63,54
5,11,64,33
5,11,65,54
5,11,66,43
5,11,67,18
5,11,68,31
5,11,69,30
5,11,70,33
5,11,71,10
5,11,72,45
5,11,73,18
5,11,74,16
5,11,75,49
5,11,76,41
5,11,77,48
5,11,78,41
5,11,79,9
5,11,80,40
5,11,81,30
5,11,82,41
5,11,83,23
5,11,84,9
5,11,85,34
5,11,86,7
5,11,87,53
5,11,88,13
5,11,89,33
5,11,90,18
5,11,91,42
5,11,92,49
5,11,93,17
5,11,94,13
5,11,95,45
5,11,96,48
5,11,97,35
5,11,98,51
5,11,99,46
5,12,0,118
5,12,1,18
5,12,2,87
5,12,3,48
5,12,4,32
5,12,5,114
5,12,6,56
5,12,7,29
5,12,8,108
5,12,9,86
5,12,10,61
5,12,11,108
5,12,12,33
5,12,13,99
5,12,14,75
5,12,15,95
5,12,16,117
5,12,17,123
5,12,18,46
5,12,19,64
5,12,20,92
5,12,21,99
5,12,22,79
5,12,23,40
5,12,24,116
5,12,25,55
5,12,26,61
5,12,27,69
5,12,28,37
5,12,29,117
5,12,30,46
5,12,31,93
5,12,32,45
5,12,33,25
5,12,34,63
5,12,35,53
5,12,36,89
5,12,37,27
5,12,38,89
5,12,39,60
5,12,40,54
5,12,41,18
5,12,42,49
5,12,43,74
5,12,44,80
5,12,45,120
5,12,46,97
5,12,47,84
5,12,48,111
5,12,49,27
5,12,50,83
5,12,51,35
5,12,52,110
5,12,53,105
5,12,54,17
5,12,55,43
5,12,56,21
5,12,57,46
5,12,58,62
5,12,59,31
5,12,60,114
5,12,61,26
5,12,62,41
5,12,63,22
5,12,64,100
5,12,65,112
5,12,66,62
5,12,67,105
5,12,68,23
5,12,69,126
5,12,70,96
5,12,71,94
5,12,72,50
5,12,73,18
5,12,74,55
5,12,75,28
5,12,76,23
5,12,77,31
5,12,78,81
5,12,79,47
5,12,80,37
5,12,81,75
5,12,82,70
5,12,83,77
5,12,84,92
5,12,85,29
5,12,86,96
5,12,87,111
5,12,88,16
5,12,89,41
5,12,90,77
5,12,91,56
5,12,92,74
5,12,93,67
5,12,94,107
5,12,95,84
5,12,96,82
5,12,97,73
5,12,98,16
5,12,99,81
5,13,0,54
5,13,1,98
5,13,2,77
5,13,3,85
5,13,4,56
5,13,5,113
5,13,6,30
5,13,7,55
5,13,8,104
5,13,9,15
5,13,10,16
5,13,11,14
5,13,12,115
5,13,13,54
5,13,14,103
5,13,15,64
5,13,16,87
5,13,17,42
5,13,18,110
5,13,19,53
5,13,20,83
5,13,21,60
5,13,22,86
5,13,23,52
5,13,24,99
5,13,25,73
5,13,26,60
5,13,27,65
5,13,28,46
5,13,29,106
5,13,30,81
5,13,31,65
5,13,32,108
5,13,33,63
5,13,34,86
5,13,35,67
5,13,36,71
5,13,37,44
5,13,38,100
5,13,39,26
5,13,40,52
5,13,41,42
5,13,42,98
5,13,43,37
5,13,44,78
5,13,45,106
5,13,46,37
5,13,47,89
5,13,48,48
5,13,49,83
5,13,50,84
5,13,51,83
5,13,52,42
5,13,53,107
5,13,54,82
5,13,55,30
5,13,56,38
5,13,57,112
5,13,58,35
5,13,59,105
5,13,60,55
5,13,61,67
5,13,62,17
5,13,63,36
5,13,64,61
5,13,65,88
5,13,66,71
5,13,67,25
5,13,68,51
5,13,69,108
5,13,70,33
5,13,71,14
5,13,72,79
5,13,73,57
5,13,74,85
5,13,75,49
5,13,76,111
5,13,77,23
5,13,78,107
5,13,79,16
5,13,80,54
5,13,81,106
5,13,82,55
5,13,83,41
5,13,84,105
5,13,85,53
5,13,86,43
5,13,87,66
5,13,88,102
5,13,89,70
5,13,90,34
5,13,91,58
5,13,92,42
5,13,93,32
5,13,94,106
5,13,95,36
5,13,96,68
5,13,97,85
5,13,98,48
5,13,99,76
5,14,0,49
5,14,1,65
5,14,2,62
5,14,3,102
5,14,4,50
5,14,5,42
5,14,6,99
5,14,7,94
5,14,8,33
5,14,9,90
5,14,10,99
5,14,11,56
5,14,12,74
5,14,13,18
5,14,14,18
5,14,15,49
5,14,16,81
5,14,17,57
5,14,18,68
5,14,19,18
5,14,20,17
5,14,21,53
5,14,22,35
5,14,23,59
5,14,24,12
5,14,25,20
5,14,26,62
5,14,27,80
5,14,28,20
5,14,29,74
5,14,30,17
5,14,31,39
5,14,32,42
5,14,33,32
5,14,34,40
5,14,35,30
5,14,36,44
5,14,37,12
5,14,38,95
5,14,39,14
5,14,40,49
5,14,41,34
5,14,42,45
5,14,43,84
5,14,44,79
5,14,45,19
5,14,46,59
5,14,47,37
5,14,48,28
5,14,49,80
5,14,50,25
5,14,51,78
5,14,52,20
5,14,53,72
5,14,54,75
5,14,55,45
5,14,56,98
5,14,57,32
5,14,58,39
5,14,59,34
5,14,60,79
5,14,61,24
5,14,62,56
5,14,63,39
5,14,64,60
5,14,65,25
5,14,66,89
5,14,67,97
5,14,68,63
5,14,69,102
5,14,70,101
5,14,71,79
5,14,72,19
5,14,73,26
5,14,74,55
5,14,75,96
5,14,76,19
5,14,77,100
5,14,78,100
5,14,79,78
5,14,80,23
5,14,81,84
5,14,82,94
5,14,83,94
5,14,84,86
5,14,85,91
5,14,86,71
5,14,87,71
5,14,88,24
5,14,89,63
5,14,90,52
5,14,91,35
5,14,92,82
5,14,93,51
5,14,94,82
5,14,95,103
5,14,96,54
5,14,97,54
5,14,98,91
5,14,99,24
5,15,0,154
5,15,1,97
5,15,2,161
5,15,3,69
5,15,4,74
5,15,5,85
5,15,6,46
5,15,7,105
5,15,8,103
5,15,9,107
5,15,10,118
5,15,11,79
5,15,12,76
5,15,13,149
5,15,14,175
5,15,15,141
5,15,16,36
5,15,17,109
5,15,18,174
5,15,19,103
5,15,20,140
5,15,21,107
5,15,22,77
5,15,23,90
5,15,24,63
5,15,25,135
5,15,26,56
5,15,27,138
5,15,28,66
5,15,29,95
5,15,30,96
5,15,31,110
5,15,32,56
5,15,33,102
5,15,34,176
5,15,35,133
5,15,36,137
5,15,37,44
5,15,38,82
5,15,39,144
5,15,40,155
5,15,41,149
5,15,42,99
5,15,43,143
5,15,44,166
5,15,45,46
5,15,46,157
5,15,47,129
5,15,48,74
5,15,49,148
5,15,50,152
5,15,51,154
5,15,52,25
5,15,53,135
5,15,54,157
5,15,55,104
5,15,56,52
5,15,57,150
5,15,58,82
5,15,59,159
5,15,60,151
5,15,61,84
5,15,62,107
5,15,63,156
5,15,64,179
5,15,65,99
5,15,66,137
5,15,67,31
5,15,68,98
5,15,69,151
5,15,70,104
5,15,71,171
5,15,72,148
5,15,73,76
5,15,74,38
5,15,75,25
5,15,76,136
5,15,77,157
5,15,78,109
5,15,79,35
5,15,80,88
5,15,81,106
5,15,82,66
5,15,83,144
5,15,84,26
5,15,85,155
5,15,86,36
5,15,87,99
5,15,88,154
5,15,89,181
5,15,90,24
5,15,91,84
5,15,92,114
5,15,93,77
5,15,94,112
5,15,95,152
5,15,96,25
5,15,97,113
5,15,98,33
5,15,99,131
5,16,0,11
5,16,1,7
5,16,2,3
5,16,3,3
5,16,4,2
5,16,5,9
5,16,6,12
5,16,7,1
5,16,8,8
5,16,9,9
5,16,10,8
5,16,11,10
5,16,12,8
5,16,13,4
5,16,14,7
5,16,15,2
5,16,16,7
5,16,17,5
5,16,18,5
5,16,19,10
5,16,20,11
5,16,21,7
5,16,22,5
5,16,23,6
5,16,24,2
5,16,25,7
5,16,26,11
5,16,27,12
5,16,28,11
5,16,29,4
5,16,30,5
5,16,31,11
5,16,32,6
5,16,33,10
5,16,34,4
5,16,35,7
5,16,36,6
5,16,37,7
5,16,38,2
5,16,39,12
5,16,40,3
5,16,41,7
5,16,42,7
5,16,43,9
5,16,44,4
5,16,45,9
5,16,46,5
5,16,47,10
5,16,48,7
5,16,49,4
5,16,50,12
5,16,51,11
5,16,52,5
5,16,53,8
5,16,54,12
5,16,55,4
5,16,56,3
5,16,57,3
5,16,58,9
5,16,59,5
5,16,60,5
5,16,61,12
5,16,62,3
5,16,63,12
5,16,64,7
5,16,65,4
5,16,66,7
5,16,67,7
5,16,68,3
5,16,69,5
5,16,70,5
5,16,71,8
5,16,72,6
5,16,73,11
5,16,74,11
5,16,75,3
5,16,76,7
5,16,77,5
5,16,78,2
5,16,79,10
5,16,80,9
5,16,81,2
5,16,82,5
5,16,83,9
5,16,84,7
5,16,85,11
5,16,86,5
5,16,87,6
5,16,88,11
5,16,89,7
5,16,90,5
5,16,91,10
5,16,92,12
5,16,93,6
5,16,94,7
5,16,95,3
5,16,96,6
5,16,97,11
5,16,98,8
5,16,99,9
5,17,0,4
5,17,1,6
5,17,2,8
5,17,3,6
5,17,4,6
5,17,5,15
5,17,6,13
5,17,7,19
5,17,8,8
5,17,9,15
5,17,10,6
5,17,11,17
5,17,12,8
5,17,13,9
5,17,14,7
5,17,15,12
5,17,16,8
5,17,17,8
5,17,18,17
5,17,19,4
5,17,20,6
5,17,21,13
5,17,22,4
5,17,23,15
5,17,24,3
5,17,25,12
5,17,26,17
5,17,27,3
5,17,28,17
5,17,29,16
5,17,30,13
5,17,31,8
5,17,32,13
5,17,33,2
5,17,34,15
5,17,35,13
5,17,36,8
5,17,37,16
5,17,38,11
5,17,39,14
5,17,40,8
5,17,41,3
5,17,42,13
5,17,43,10
5,17,44,9
5,17,45,10
5,17,46,10
5,17,47,14
5,17,48,9
5,17,49,4
5,17,50,3
5,17,51,7
5,17,52,3
5,17,53,17
5,17,54,17
5,17,55,14
5,17,56,13
5,17,57,15
5,17,58,16
5,17,59,4
5,17,60,3
5,17,61,12
5,17,62,13
5,17,63,4
5,17,64,7
5,17,65,3
5,17,66,5
5,17,67,15
5,17,68,7
5,17,69,16
5,17,70,5
5,17,71,7
5,17,72,6
5,17,73,9
5,17,74,10
5,17,75,12
5,17,76,18
5,17,77,4
5,17,78,16
5,17,79,9
5,17,80,13
5,17,81,16
5,17,82,4
5,17,83,7
5,17,84,9
5,17,85,10
5,17,86,8
5,17,87,4
5,17,88,3
5,17,89,6
5,17,90,7
5,17,91,13
5,17,92,9
5,17,93,16
5,17,94,18
5,17,95,7
5,17,96,18
5,17,97,17
5,17,98,14
5,17,99,16
5,18,0,40
5,18,1,22
5,18,2,52
5,18,3,22
5,18,4,40
5,18,5,16
5,18,6,19
5,18,7,22
5,18,8,26
5,18,9,19
5,18,10,12
5,18,11,45
5,18,12,39
5,18,13,35
5,18,14,47
5,18,15,8
5,18,16,54
5,18,17,37
5,18,18,46
5,18,19,51
5,18,20,21
5,18,21,55
5,18,22,55
5,18,23,12
5,18,24,55
5,18,25,54
5,18,26,20
5,18,27,55
5,18,28,42
5,18,29,31
5,18,30,35
5,18,31,49
5,18,32,31
5,18,33,51
5,18,34,21
5,18,35,24
5,18,36,14
5,18,37,52
5,18,38,25
5,18,39,23
5,18,40,41
5,18,41,35
5,18,42,29
5,18,43,36
5,18,44,7
5,18,45,15
5,18,46,43
5,18,47,45
5,18,48,46
5,18,49,45
5,18,50,9
5,18,51,50
5,18,52,48
5,18,53,15
5,18,54,41
5,18,55,37
5,18,56,36
5,18,57,20
5,18,58,46
5,18,59,37
5,18,60,9
5,18,61,38
5,18,62,51
5,18,63,17
5,18,64,56
5,18,65,40
5,18,66,18
5,18,67,6
5,18,68,21
5,18,69,42
5,18,70,57
5,18,71,27
5,18,72,46
5,18,73,49
5,18,74,42
5,18,75,42
5,18,76,18
5,18,77,46
5,18,78,39
5,18,79,21
5,18,80,52
5,18,81,49
5,18,82,40
5,18,83,27
5,18,84,48
5,18,85,55
5,18,86,12
5,18,87,45
5,18,88,30
5,18,89,56
5,18,90,35
5,18,91,44
5,18,92,47
5,18,93,20
5,18,94,54
5,18,95,39
5,18,96,45
5,18,97,32
5,18,98,7
5,18,99,7
5,19,0,7
5,19,1,45
5,19,2,40
5,19,3,8
5,19,4,9
5,19,5,39
5,19,6,47
5,19,7,24
5,19,8,23
5,19,9,39
5,19,10,34
5,19,11,41
5,19,12,29
5,19,13,15
5,19,14,43
5,19,15,47
5,19,16,42
5,19,17,41
5,19,18,11
5,19,19,29
5,19,20,22
5,19,21,13
5,19,22,18
5,19,23,41
5,19,24,28
5,19,25,36
5,19,26,7
5,19,27,32
5,19,28,28
5,19,29,9
5,19,30,25
5,19,31,16
5,19,32,46
5,19,33,19
5,19,34,16
5,19,35,5
5,19,36,30
5,19,37,39
5,19,38,27
5,19,39,47
5,19,40,14
5,19,41,40
5,19,42,19
5,19,43,33
5,19,44,25
5,19,45,27
5,19,46,24
5,19,47,40
5,19,48,47
5,19,49,20
5,19,50,16
5,19,51,24
5,19,52,26
5,19,53,24
5,19,54,42
5,19,55,10
5,19,56,6
5,19,57,20
5,19,58,33
5,19,59,13
5,19,60,10
5,19,61,24
5,19,62,36
5,19,63,27
5,19,64,27
5,19,65,44
5,19,66,31
5,19,67,34
5,19,68,42
5,19,69,34
5,19,70,32
5,19,71,22
5,19,72,46
5,19,73,20
5,19,74,19
5,19,75,22
5,19,76,21
5,19,77,17
5,19,78,46
5,19,79,22
5,19,80,19
5,19,81,6
5,19,82,20
5,19,83,42
5,19,84,44
5,19,85,30
5,19,86,15
5,19,87,42
5,19,88,23
5,19,89,11
5,19,90,22
5,19,91,15
5,19,92,24
5,19,93,48
5,19,94,7
5,19,95,32
5,19,96,25
5,19,97,9
5,19,98,25
5,19,99,29
5,20,0,13
5,20,1,17
5,20,2,12
5,20,3,28
5,20,4,25
5,20,5,16
5,20,6,18
5,20,7,32
5,20,8,26
5,20,9,21
5,20,10,6
5,20,11,15
5,20,12,24
5,20,13,26
5,20,14,20
5,20,15,19
5,20,16,12
5,20,17,33
5,20,18,25
5,20,19,31
5,20,20,28
5,20,21,26
5,20,22,26
5,20,23,31
5,20,24,12
5,20,25,13
5,20,26,20
5,20,27,22
5,20,28,12
5,20,29,5
5,20,30,27
5,20,31,10
5,20,32,14
5,20,33,28
5,20,34,32
5,20,35,28
5,20,36,8
5,20,37,5
5,20,38,20
5,20,39,16
5,20,40,33
5,20,41,21
5,20,42,23
5,20,43,33
5,20,44,33
5,20,45,15
5,20,46,5
5,20,47,34
5,20,48,23
5,20,49,26
5,20,50,10
5,20,51,33
5,20,52,18
5,20,53,26
5,20,54,32
5,20,55,12
5,20,56,21
5,20,57,26
5,20,58,6
5,20,59,7
5,20,60,25
5,20,61,11
5,20,62,7
5,20,63,31
5,20,64,27
5,20,65,26
5,20,66,16
5,20,67,17
5,20,68,7
5,20,69,19
5,20,70,16
5,20,71,27
5,20,72,14
5,20,73,5
5,20,74,22
5,20,75,16
5,20,76,25
5,20,77,9
5,20,78,9
5,20,79,24
5,20,80,15
5,20,81,25
5,20,82,28
5,20,83,5
5,20,84,21
5,20,85,19
5,20,86,8
5,20,87,32
5,20,88,30
5,20,89,13
5,20,90,6
5,20,91,29
5,20,92,9
5,20,93,25
5,20,94,31
5,20,95,29
5,20,96,19
5,20,97,24
5,20,98,16
5,20,99,24
5,21,0,4
5,21,1,3
5,21,2,1
5,21,3,4
5,21,4,4
5,21,5,4
5,21,6,2
5,21,7,3
5,21,8,1
5,21,9,1
5,21,10,3
5,21,11,2
5,21,12,3
5,21,13,4
5,21,14,4
5,21,15,3
5,21,16,3
5,21,17,2
5,21,18,3
5,21,19,1
5,21,20,4
5,21,21,1
5,21,22,1
5,21,23,3
5,21,24,1
5,21,25,1
5,21,26,3
5,21,27,3
5,21,28,4
5,21,29,2
5,21,30,4
5,21,31,3
5,21,32,4
5,21,33,2
5,21,34,3
5,21,35,2
5,21,36,4
5,21,37,2
5,21,38,2
5,21,39,2
5,21,40,3
5,21,41,1
5,21,42,1
5,21,43,1
5,21,44,4
5,21,45,3
5,21,46,3
5,21,47,4
5,21,48,3
5,21,49,4
5,21,50,2
5,21,51,1
5,21,52,2
5,21,53,2
5,21,54,3
5,21,55,2
5,21,56,2
5,21,57,3
5,21,58,4
5,21,59,4
5,21,60,1
5,21,61,4
5,21,62,4
5,21,63,1
5,21,64,4
5,21,65,4
5,21,66,2
5,21,67,3
5,21,68,2
5,21,69,2
5,21,70,3
5,21,71,4
5,21,72,3
5,21,73,1
5,21,74,4
5,21,75,4
5,21,76,4
5,21,77,2
5,21,78,2
5,21,79,3
5,21,80,1
5,21,81,2
5,21,82,2
5,21,83,2
5,21,84,2
5,21,85,4
5,21,86,4
5,21,87,2
5,21,88,2
5,21,89,2
5,21,90,2
5,21,91,3
5,21,92,1
5,21,93,2
5,21,94,2
5,21,95,4
5,21,96,4
5,21,97,4
5,21,98,2
5,21,99,3
5,22,0,0
5,22,1,0
5,22,2,0
5,22,3,0
5,22,4,0
5,22,5,0
5,22,6,0
5,22,7,0
5,22,8,0
5,22,9,0
5,22,10,0
5,22,11,0
5,22,12,0
5,22,13,0
5,22,14,0
5,22,15,0
5,22,16,0
5,22,17,0
5,22,18,0
5,22,19,0
5,22,20,0
5,22,21,0
5,22,22,0
5,22,23,0
5,22,24,0
5,22,25,0
5,22,26,0
5,22,27,0
5,22,28,0
5,22,29,0
5,22,30,0
5,22,31,0
5,22,32,0
5,22,33,0
5,22,34,0
5,22,35,0
5,22,36,0
5,22,37,0
5,22,38,0
5,22,39,0
5,22,40,0
5,22,41,0
5,22,42,0
5,22,43,0
5,22,44,0
5,22,45,0
5,22,46,0
5,22,47,0
5,22,48,0
5,22,49,0
5,22,50,0
5,22,51,0
5,22,52,0
5,22,53,0
5,22,54,0
5,22,55,0
5,22,56,0
5,22,57,0
5,22,58,0
5,22,59,0
5,22,60,0
5,22,61,0
5,22,62,0
5,22,63,0
5,22,64,0
5,22,65,0
5,22,66,0
5,22,67,0
5,22,68,0
5,22,69,0
5,22,70,0
5,22,71,0
5,22,72,0
5,22,73,0
5,22,74,0
5,22,75,0
5,22,76,0
5,22,77,0
5,22,78,0
5,22,79,0
5,22,80,0
5,22,81,0
5,22,82,0
5,22,83,0
5,22,84,0
5,22,85,0
5,22,86,0
5,22,87,0
5,22,88,0
5,22,89,0
5,22,90,0
5,22,91,0
5,22,92,0
5,22,93,0
5,22,94,0
5,22,95,0
5,22,96,0
5,22,97,0
5,22,98,0
5,22,99,0
5,23,0,0
5,23,1,0
5,23,2,0
5,23,3,0
5,23,4,0
5,23,5,0
5,23,6,0
5,23,7,0
5,23,8,0
5,23,9,0
5,23,10,0
5,23,11,0
5,23,12,0
5,23,13,0
5,23,14,0
5,23,15,0
5,23,16,0
5,23,17,0
5,23,18,0
5,23,19,0
5,23,20,0
5,23,21,0
5,23,22,0
5,23,23,0
5,23,24,0
5,23,25,0
5,23,26,0
5,23,27,0
5,23,28,0
5,23,29,0
5,23,30,0
5,23,31,0
5,23,32,0
5,23,33,0
5,23,34,0
5,23,35,0
5,23,36,0
5,23,37,0
5,23,38,0
5,23,39,0
5,23,40,0
5,23,41,0
5,23,42,0
5,23,43,0
5,23,44,0
5,23,45,0
5,23,46,0
5,23,47,0
5,23,48,0
5,23,49,0
5,23,50,0
5,23,51,0
5,23,52,0
5,23,53,0
5,23,54,0
5,23,55,0
5,23,56,0
5,23,57,0
5,23,58,0
5,23,59,0
5,23,60,0
5,23,61,0
5,23,62,0
5,23,63,0
5,23,64,0
5,23,65,0
5,23,66,0
5,23,67,0
5,23,68,0
5,23,69,0
5,23,70,0
5,23,71,0
5,23,72,0
5,23,73,0
5,23,74,0
5,23,75,0
5,23,76,0
5,23,77,0
5,23,78,0
5,23,79,0
5,23,80,0
5,23,81,0
5,23,82,0
5,23,83,0
5,23,84,0
5,23,85,0
5,23,86,0
5,23,87,0
5,23,88,0
5,23,89,0
5,23,90,0
5,23,91,0
5,23,92,0
5,23,93,0
5,23,94,0
5,23,95,0
5,23,96,0
5,23,97,0
5,23,98,0
5,23,99,0
6,0,0,0
6,0,1,0
6,0,2,0
6,0,3,0
6,0,4,0
6,0,5,0
6,0,6,0
6,0,7,0
6,0,8,0
6,0,9,0
6,0,10,0
6,0,11,0
6,0,12,0
6,0,13,0
6,0,14,0
6,0,15,0
6,0,16,0
6,0,17,0
6,0,18,0
6,0,19,0
6,0,20,0
6,0,21,0
6,0,22,0
6,0,23,0
6,0,24,0
6,0,25,0
6,0,26,0
6,0,27,0
6,0,28,0
6,0,29,0
6,0,30,0
6,0,31,0
6,0,32,0
6,0,33,0
6,0,34,0
6,0,35,0
6,0,36,0
6,0,37,0
6,0,38,0
6,0,39,0
6,0,40,0
6,0,41,0
6,0,42,0
6,0,43,0
6,0,44,0
6,0,45,0
6,0,46,0
6,0,47,0
6,0,48,0
6,0,49,0
6,0,50,0
6,0,51,0
6,0,52,0
6,0,53,0
6,0,54,0
6,0,55,0
6,0,56,0
6,0,57,0
6,0,58,0
6,0,59,0
6,0,60,0
6,0,61,0
6,0,62,0
6,0,63,0
6,0,64,0
6,0,65,0
6,0,66,0
6,0,67,0
6,0,68,0
6,0,69,0
6,0,70,0
6,0,71,0
6,0,72,0
6,0,73,0
6,0,74,0
6,0,75,0
6,0,76,0
6,0,77,0
6,0,78,0
6,0,79,0
6,0,80,0
6,0,81,0
6,0,82,0
6,0,83,0
6,0,84,0
6,0,85,0
6,0,86,0
6,0,87,0
6,0,88,0
6,0,89,0
6,0,90,0
6,0,91,0
6,0,92,0
6,0,93,0
6,0,94,0
6,0,95,0
6,0,96,0
6,0,97,0
6,0,98,0
6,0,99,0
6,1,0,0
6,1,1,0
6,1,2,0
6,1,3,0
6,1,4,0
6,1,5,0
6,1,6,0
6,1,7,0
6,1,8,0
6,1,9,0
6,1,10,0
6,1,11,0
6,1,12,0
6,1,13,0
6,1,14,0
6,1,15,0
6,1,16,0
6,1,17,0
6,1,18,0
6,1,19,0
6,1,20,0
6,1,21,0
6,1,22,0
6,1,23,0
6,1,24,0
6,1,25,0
6,1,26,0
6,1,27,0
6,1,28,0
6,1,29,0
6,1,30,0
6,1,31,0
6,1,32,0
6,1,33,0
6,1,34,0
6,1,35,0
6,1,36,0
6,1,37,0
6,1,38,0
6,1,39,0
6,1,40,0
6,1,41,0
6,1,42,0
6,1,43,0
6,1,44,0
6,1,45,0
6,1,46,0
6,1,47,0
6,1,48,0
6,1,49,0
6,1,50,0
6,1,51,0
6,1,52,0
6,1,53,0
6,1,54,0
6,1,55,0
6,1,56,0
6,1,57,0
6,1,58,0
6,1,59,0
6,1,60,0
6,1,61,0
6,1,62,0
6,1,63,0
6,1,64,0
6,1,65,0
6,1,66,0
6,1,67,0
6,1,68,0
6,1,69,0
6,1,70,0
6,1,71,0
6,1,72,0
6,1,73,0
6,1,74,0
6,1,75,0
6,1,76,0
6,1,77,0
6,1,78,0
6,1,79,0
6,1,80,0
6,1,81,0
6,1,82,0
6,1,83,0
6,1,84,0
6,1,85,0
6,1,86,0
6,1,87,0
6,1,88,0
6,1,89,0
6,1,90,0
6,1,91,0
6,1,92,0
6,1,93,0
6,1,94,0
6,1,95,0
6,1,96,0
6,1,97,0
6,1,98,0
6,1,99,0
6,2,0,0
6,2,1,0
6,2,2,0
6,2,3,0
6,2,4,0
6,2,5,0
6,2,6,0
6,2,7,0
6,2,8,0
6,2,9,0
6,2,10,0
6,2,11,0
6,2,12,0
6,2,13,0
6,2,14,0
6,2,15,0
6,2,16,0
6,2,17,0
6,2,18,0
6,2,19,0
6,2,20,0
6,2,21,0
6,2,22,0
6,2,23,0
6,2,24,0
6,2,25,0
6,2,26,0
6,2,27,0
6,2,28,0
6,2,29,0
6,2,30,0
6,2,31,0
6,2,32,0
6,2,33,0
6,2,34,0
6,2,35,0
6,2,36,0
6,2,37,0
6,2,38,0
6,2,39,0
6,2,40,0
6,2,41,0
6,2,42,0
6,2,43,0
6,2,44,0
6,2,45,0
6,2,46,0
6,2,47,0
6,2,48,0
6,2,49,0
6,2,50,0
6,2,51,0
6,2,52,0
6,2,53,0
6,2,54,0
6,2,55,0
6,2,56,0
6,2,57,0
6,2,58,0
6,2,59,0
6,2,60,0
6,2,61,0
6,2,62,0
6,2,63,0
6,2,64,0
6,2,65,0
6,2,66,0
6,2,67,0
6,2,68,0
6,2,69,0
6,2,70,0
6,2,71,0
6,2,72,0
6,2,73,0
6,2,74,0
6,2,75,0
6,2,76,0
6,2,77,0
6,2,78,0
6,2,79,0
6,2,80,0
6,2,81,0
6,2,82,0
6,2,83,0
6,2,84,0
6,2,85,0
6,2,86,0
6,2,87,0
6,2,88,0
6,2,89,0
6,2,90,0
6,2,91,0
6,2,92,0
6,2,93,0
6,2,94,0
6,2,95,0
6,2,96,0
6,2,97,0
6,2,98,0
6,2,99,0
6,3,0,0
6,3,1,0
6,3,2,0
6,3,3,0
6,3,4,0
6,3,5,0
6,3,6,0
6,3,7,0
6,3,8,0
6,3,9,0
6,3,10,0
6,3,11,0
6,3,12,0
6,3,13,0
6,3,14,0
6,3,15,0
6,3,16,0
6,3,17,0
6,3,18,0
6,3,19,0
6,3,20,0
6,3,21,0
6,3,22,0
6,3,23,0
6,3,24,0
6,3,25,0
6,3,26,0
6,3,27,0
6,3,28,0
6,3,29,0
6,3,30,0
6,3,31,0
6,3,32,0
6,3,33,0
6,3,34,0
6,3,35,0
6,3,36,0
6,3,37,0
6,3,38,0
6,3,39,0
6,3,40,0
6,3,41,0
6,3,42,0
6,3,43,0
6,3,44,0
6,3,45,0
6,3,46,0
6,3,47,0
6,3,48,0
6,3,49,0
6,3,50,0
6,3,51,0
6,3,52,0
6,3,53,0
6,3,54,0
6,3,55,0
6,3,56,0
6,3,57,0
6,3,58,0
6,3,59,0
6,3,60,0
6,3,61,0
6,3,62,0
6,3,63,0
6,3,64,0
6,3,65,0
6,3,66,0
6,3,67,0
6,3,68,0
6,3,69,0
6,3,70,0
6,3,71,0
6,3,72,0
6,3,73,0
6,3,74,0
6,3,75,0
6,3,76,0
6,3,77,0
6,3,78,0
6,3,79,0
6,3,80,0
6,3,81,0
6,3,82,0
6,3,83,0
6,3,84,0
6,3,85,0
6,3,86,0
6,3,87,0
6,3,88,0
6,3,89,0
6,3,90,0
6,3,91,0
6,3,92,0
6,3,93,0
6,3,94,0
6,3,95,0
6,3,96,0
6,3,97,0
6,3,98,0
6,3,99,0
6,4,0,0
6,4,1,0
6,4,2,0
6,4,3,0
6,4,4,0
6,4,5,0
6,4,6,0
6,4,7,0
6,4,8,0
6,4,9,0
6,4,10,0
6,4,11,0
6,4,12,0
6,4,13,0
6,4,14,0
6,4,15,0
6,4,16,0
6,4,17,0
6,4,18,0
6,4,19,0
6,4,20,0
6,4,21,0
6,4,22,0
6,4,23,0
6,4,24,0
6,4,25,0
6,4,26,0
6,4,27,0
6,4,28,0
6,4,29,0
6,4,30,0
6,4,31,0
6,4,32,0
6,4,33,0
6,4,34,0
6,4,35,0
6,4,36,0
6,4,37,0
6,4,38,0
6,4,39,0
6,4,40,0
6,4,41,0
6,4,42,0
6,4,43,0
6,4,44,0
6,4,45,0
6,4,46,0
6,4,47,0
6,4,48,0
6,4,49,0
6,4,50,0
6,4,51,0
6,4,52,0
6,4,53,0
6,4,54,0
6,4,55,0
6,4,56,0
6,4,57,0
6,4,58,0
6,4,59,0
6,4,60,0
6,4,61,0
6,4,62,0
6,4,63,0
6,4,64,0
6,4,65,0
6,4,66,0
6,4,67,0
6,4,68,0
6,4,69,0
6,4,70,0
6,4,71,0
6,4,72,0
6,4,73,0
6,4,74,0
6,4,75,0
6,4,76,0
6,4,77,0
6,4,78,0
6,4,79,0
6,4,80,0
6,4,81,0
6,4,82,0
6,4,83,0
6,4,84,0
6,4,85,0
6,4,86,0
6,4,87,0
6,4,88,0
6,4,89,0
6,4,90,0
6,4,91,0
6,4,92,0
6,4,93,0
6,4,94,0
6,4,95,0
6,4,96,0
6,4,97,0
6,4,98,0
6,4,99,0
6,5,0,0
6,5,1,0
6,5,2,0
6,5,3,0
6,5,4,0
6,5,5,0
6,5,6,0
6,5,7,0
6,5,8,0
6,5,9,0
6,5,10,0
6,5,11,0
6,5,12,0
6,5,13,0
6,5,14,0
6,5,15,0
6,5,16,0
6,5,17,0
6,5,18,0
6,5,19,0
6,5,20,0
6,5,21,0
6,5,22,0
6,5,23,0
6,5,24,0
6,5,25,0
6,5,26,0
6,5,27,0
6,5,28,0
6,5,29,0
6,5,30,0
6,5,31,0
6,5,32,0
6,5,33,0
6,5,34,0
6,5,35,0
6,5,36,0
6,5,37,0
6,5,38,0
6,5,39,0
6,5,40,0
6,5,41,0
6,5,42,0
6,5,43,0
6,5,44,0
6,5,45,0
6,5,46,0
6,5,47,0
6,5,48,0
6,5,49,0
6,5,50,0
6,5,51,0
6,5,52,0
6,5,53,0
6,5,54,0
6,5,55,0
6,5,56,0
6,5,57,0
6,5,58,0
6,5,59,0
6,5,60,0
6,5,61,0
6,5,62,0
6,5,63,0
6,5,64,0
6,5,65,0
6,5,66,0
6,5,67,0
6,5,68,0
6,5,69,0
6,5,70,0
6,5,71,0
6,5,72,0
6,5,73,0
6,5,74,0
6,5,75,0
6,5,76,0
6,5,77,0
6,5,78,0
6,5,79,0
6,5,80,0
6,5,81,0
6,5,82,0
6,5,83,0
6,5,84,0
6,5,85,0
6,5,86,0
6,5,87,0
6,5,88,0
6,5,89,0
6,5,90,0
6,5,91,0
6,5,92,0
6,5,93,0
6,5,94,0
6,5,95,0
6,5,96,0
6,5,97,0
6,5,98,0
6,5,99,0
6,6,0,0
6,6,1,0
6,6,2,0
6,6,3,0
6,6,4,0
6,6,5,0
6,6,6,0
6,6,7,0
6,6,8,0
6,6,9,0
6,6,10,0
6,6,11,0
6,6,12,0
6,6,13,0
6,6,14,0
6,6,15,0
6,6,16,0
6,6,17,0
6,6,18,0
6,6,19,0
6,6,20,0
6,6,21,0
6,6,22,0
6,6,23,0
6,6,24,0
6,6,25,0
6,6,26,0
6,6,27,0
6,6,28,0
6,6,29,0
6,6,30,0
6,6,31,0
6,6,32,0
6,6,33,0
6,6,34,0
6,6,35,0
6,6,36,0
6,6,37,0
6,6,38,0
6,6,39,0
6,6,40,0
6,6,41,0
6,6,42,0
6,6,43,0
6,6,44,0
6,6,45,0
6,6,46,0
6,6,47,0
6,6,48,0
6,6,49,0
6,6,50,0
6,6,51,0
6,6,52,0
6,6,53,0
6,6,54,0
6,6,55,0
6,6,56,0
6,6,57,0
6,6,58,0
6,6,59,0
6,6,60,0
6,6,61,0
6,6,62,0
6,6,63,0
6,6,64,0
6,6,65,0
6,6,66,0
6,6,67,0
6,6,68,0
6,6,69,0
6,6,70,0
6,6,71,0
6,6,72,0
6,6,73,0
6,6,74,0
6,6,75,0
6,6,76,0
6,6,77,0
6,6,78,0
6,6,79,0
6,6,80,0
6,6,81,0
6,6,82,0
6,6,83,0
6,6,84,0
6,6,85,0
6,6,86,0
6,6,87,0
6,6,88,0
6,6,89,0
6,6,90,0
6,6,91,0
6,6,92,0
6,6,93,0
6,6,94,0
6,6,95,0
6,6,96,0
6,6,97,0
6,6,98,0
6,6,99,0
6,7,0,0
6,7,1,0
6,7,2,0
6,7,3,0
6,7,4,0
6,7,5,0
6,7,6,0
6,7,7,0
6,7,8,0
6,7,9,0
6,7,10,0
6,7,11,0
6,7,12,0
6,7,13,0
6,7,14,0
6,7,15,0
6,7,16,0
6,7,17,0
6,7,18,0
6,7,19,0
6,7,20,0
6,7,21,0
6,7,22,0
6,7,23,0
6,7,24,0
6,7,25,0
6,7,26,0
6,7,27,0
6,7,28,0
6,7,29,0
6,7,30,0
6,7,31,0
6,7,32,0
6,7,33,0
6,7,34,0
6,7,35,0
6,7,36,0
6,7,37,0
6,7,38,0
6,7,39,0
6,7,40,0
6,7,41,0
6,7,42,0
6,7,43,0
6,7,44,0
6,7,45,0
6,7,46,0
6,7,47,0
6,7,48,0
6,7,49,0
6,7,50,0
6,7,51,0
6,7,52,0
6,7,53,0
6,7,54,0
6,7,55,0
6,7,56,0
6,7,57,0
6,7,58,0
6,7,59,0
6,7,60,0
6,7,61,0
6,7,62,0
6,7,63,0
6,7,64,0
6,7,65,0
6,7,66,0
6,7,67,0
6,7,68,0
6,7,69,0
6,7,70,0
6,7,71,0
6,7,72,0
6,7,73,0
6,7,74,0
6,7,75,0
6,7,76,0
6,7,77,0
6,7,78,0
6,7,79,0
6,7,80,0
6,7,81,0
6,7,82,0
6,7,83,0
6,7,84,0
6,7,85,0
6,7,86,0
6,7,87,0
6,7,88,0
6,7,89,0
6,7,90,0
6,7,91,0
6,7,92,0
6,7,93,0
6,7,94,0
6,7,95,0
6,7,96,0
6,7,97,0
6,7,98,0
6,7,99,0
6,8,0,1
6,8,1,0
6,8,2,2
6,8,3,1
6,8,4,2
6,8,5,1
6,8,6,0
6,8,7,1
6,8,8,2
6,8,9,0
6,8,10,1
6,8,11,0
6,8,12,1
6,8,13,2
6,8,14,1
6,8,15,1
6,8,16,1
6,8,17,2
6,8,18,1
6,8,19,1
6,8,20,0
6,8,21,0
6,8,22,1
6,8,23,0
6,8,24,1
6,8,25,2
6,8,26,1
6,8,27,2
6,8,28,2
6,8,29,2
6,8,30,2
6,8,31,1
6,8,32,0
6,8,33,1
6,8,34,1
6,8,35,2
6,8,36,1
6,8,37,2
6,8,38,2
6,8,39,1
6,8,40,1
6,8,41,2
6,8,42,1
6,8,43,0
6,8,44,1
6,8,45,2
6,8,46,2
6,8,47,2
6,8,48,2
6,8,49,1
6,8,50,2
6,8,51,1
6,8,52,1
6,8,53,2
6,8,54,2
6,8,55,1
6,8,56,2
6,8,57,2
6,8,58,1
6,8,59,1
6,8,60,2
6,8,61,1
6,8,62,1
6,8,63,2
6,8,64,1
6,8,65,1
6,8,66,1
6,8,67,1
6,8,68,0
6,8,69,2
6,8,70,0
6,8,71,1
6,8,72,2
6,8,73,2
6,8,74,2
6,8,75,0
6,8,76,1
6,8,77,1
6,8,78,2
6,8,79,2
6,8,80,2
6,8,81,0
6,8,82,1
6,8,83,1
6,8,84,2
6,8,85,2
6,8,86,0
6,8,87,1
6,8,88,1
6,8,89,2
6,8,90,2
6,8,91,0
6,8,92,1
6,8,93,1
6,8,94,1
6,8,95,1
6,8,96,1
6,8,97,0
6,8,98,2
6,8,99,2
6,9,0,3
6,9,1,5
6,9,2,6
6,9,3,5
6,9,4,2
6,9,5,3
6,9,6,5
6,9,7,3
6,9,8,1
6,9,9,1
6,9,10,3
6,9,11,4
6,9,12,3
6,9,13,5
6,9,14,4
6,9,15,2
6,9,16,1
6,9,17,1
6,9,18,3
6,9,19,1
6,9,20,2
6,9,21,5
6,9,22,3
6,9,23,1
6,9,24,3
6,9,25,2
6,9,26,2
6,9,27,6
6,9,28,4
6,9,29,1
6,9,30,4
6,9,31,3
6,9,32,2
6,9,33,4
6,9,34,2
6,9,35,5
6,9,36,5
6,9,37,3
6,9,38,3
6,9,39,4
6,9,40,5
6,9,41,5
6,9,42,2
6,9,43,5
6,9,44,1
6,9,45,5
6,9,46,4
6,9,47,3
6,9,48,2
6,9,49,5
6,9,50,1
6,9,51,5
6,9,52,1
6,9,53,1
6,9,54,5
6,9,55,2
6,9,56,3
6,9,57,3
6,9,58,2
6,9,59,5
6,9,60,4
6,9,61,2
6,9,62,1
6,9,63,3
6,9,64,3
6,9,65,4
6,9,66,2
6,9,67,2
6,9,68,4
6,9,69,3
6,9,70,5
6,9,71,5
6,9,72,5
6,9,73,1
6,9,74,4
6,9,75,5
6,9,76,2
6,9,77,3
6,9,78,1
6,9,79,2
6,9,80,3
6,9,81,5
6,9,82,6
6,9,83,5
6,9,84,3
6,9,85,1
6,9,86,4
6,9,87,3
6,9,88,2
6,9,89,1
6,9,90,1
6,9,91,4
6,9,92,4
6,9,93,2
6,9,94,5
6,9,95,1
6,9,96,5
6,9,97,2
6,9,98,3
6,9,99,3
6,10,0,3
6,10,1,7
6,10,2,15
6,10,3,12
6,10,4,17
6,10,5,25
6,10,6,23
6,10,7,20
6,10,8,7
6,10,9,13
6,10,10,15
6,10,11,17
6,10,12,22
6,10,13,11
6,10,14,17
6,10,15,20
6,10,16,19
6,10,17,16
6,10,18,27
6,10,19,21
6,10,20,18
6,10,21,23
6,10,22,5
6,10,23,8
6,10,24,8
6,10,25,11
6,10,26,14
6,10,27,6
6,10,28,12
6,10,29,9
6,10,30,23
6,10,31,5
6,10,32,14
6,10,33,19
6,10,34,25
6,10,35,16
6,10,36,17
6,10,37,24
6,10,38,17
6,10,39,7
6,10,40,19
6,10,41,22
6,10,42,19
6,10,43,18
6,10,44,7
6,10,45,15
6,10,46,15
6,10,47,9
6,10,48,17
6,10,49,7
6,10,50,16
6,10,51,17
6,10,52,23
6,10,53,23
6,10,54,5
6,10,55,20
6,10,56,12
6,10,57,6
6,10,58,6
6,10,59,4
6,10,60,4
6,10,61,26
6,10,62,19
6,10,63,16
6,10,64,27
6,10,65,19
6,10,66,14
6,10,67,25
6,10,68,19
6,10,69,21
6,10,70,13
6,10,71,18
6,10,72,20
6,10,73,18
6,10,74,14
6,10,75,4
6,10,76,14
6,10,77,17
6,10,78,11
6,10,79,14
6,10,80,12
6,10,81,27
6,10,82,7
6,10,83,16
6,10,84,17
6,10,85,27
6,10,86,27
6,10,87,12
6,10,88,4
6,10,89,17
6,10,90,9
6,10,91,14
6,10,92,25
6,10,93,19
6,10,94,24
6,10,95,7
6,10,96,26
6,10,97,8
6,10,98,18
6,10,99,3
6,11,0,41
6,11,1,24
6,11,2,31
6,11,3,27
6,11,4,44
6,11,5,45
6,11,6,59
6,11,7,23
6,11,8,46
6,11,9,60
6,11,10,40
6,11,11,33
6,11,12,43
6,11,13,15
6,11,14,14
6,11,15,19
6,11,16,51
6,11,17,40
6,11,18,12
6,11,19,30
6,11,20,30
6,11,21,47
6,11,22,27
6,11,23,15
6,11,24,42
6,11,25,57
6,11,26,55
6,11,27,18
6,11,28,36
6,11,29,40
6,11,30,32
6,11,31,9
6,11,32,34
6,11,33,32
6,11,34,54
6,11,35,55
6,11,36,55
6,11,37,13
6,11,38,17
6,11,39,20
6,11,40,35
6,11,41,30
6,11,42,55
6,11,43,46
6,11,44,47
6,11,45,50
6,11,46,41
6,11,47,50
6,11,48,40
6,11,49,43
6,11,50,40
6,11,51,28
6,11,52,18
6,11,53,9
6,11,54,15
6,11,55,39
6,11,56,9
6,11,57,14
6,11,58,57
6,11,59,53
6,11,60,28
6,11,61,7
6,11,62,48
6,11,63,31
6,11,64,36
6,11,65,28
6,11,66,30
6,11,67,21
6,11,68,35
6,11,69,10
6,11,70,20
6,11,71,15
6,11,72,27
6,11,73,56
6,11,74,10
6,11,75,34
6,11,76,52
6,11,77,52
6,11,78,34
6,11,79,11
6,11,80,15
6,11,81,12
6,11,82,43
6,11,83,41
6,11,84,12
6,11,85,54
6,11,86,33
6,11,87,31
6,11,88,42
6,11,89,59
6,11,90,24
6,11,91,50
6,11,92,20
6,11,93,13
6,11,94,59
6,11,95,51
6,11,96,9
6,11,97,31
6,11,98,54
6,11,99,24
6,12,0,66
6,12,1,63
6,12,2,35
6,12,3,25
6,12,4,62
6,12,5,30
6,12,6,45
6,12,7,63
6,12,8,10
6,12,9,60
6,12,10,25
6,12,11,17
6,12,12,48
6,12,13,26
6,12,14,69
6,12,15,50
6,12,16,53
6,12,17,28
6,12,18,35
6,12,19,54
6,12,20,68
6,12,21,36
6,12,22,13
6,12,23,35
6,12,24,12
6,12,25,65
6,12,26,71
6,12,27,27
6,12,28,36
6,12,29,22
6,12,30,25
6,12,31,10
6,12,32,36
6,12,33,9
6,12,34,62
6,12,35,41
6,12,36,41
6,12,37,71
6,12,38,64
6,12,39,21
6,12,40,21
6,12,41,42
6,12,42,48
6,12,43,63
6,12,44,22
6,12,45,10
6,12,46,10
6,12,47,40
6,12,48,12
6,12,49,20
6,12,50,9
6,12,51,30
6,12,52,56
6,12,53,61
6,12,54,41
6,12,55,49
6,12,56,41
6,12,57,46
6,12,58,52
6,12,59,23
6,12,60,67
6,12,61,33
6,12,62,55
6,12,63,12
6,12,64,69
6,12,65,71
6,12,66,59
6,12,67,26
6,12,68,8
6,12,69,56
6,12,70,25
6,12,71,9
6,12,72,58
6,12,73,41
6,12,74,67
6,12,75,26
6,12,76,20
6,12,77,25
6,12,78,11
6,12,79,36
6,12,80,22
6,12,81,36
6,12,82,17
6,12,83,20
6,12,84,24
6,12,85,8
6,12,86,11
6,12,87,70
6,12,88,9
6,12,89,56
6,12,90,53
6,12,91,34
6,12,92,19
6,12,93,30
6,12,94,19
6,12,95,46
6,12,96,11
6,12,97,36
6,12,98,54
6,12,99,24
6,13,0,24
6,13,1,31
6,13,2,75
6,13,3,17
6,13,4,55
6,13,5,21
6,13,6,58
6,13,7,79
6,13,8,85
6,13,9,53
6,13,10,36
6,13,11,64
6,13,12,84
6,13,13,43
6,13,14,57
6,13,15,11
6,13,16,76
6,13,17,53
6,13,18,54
6,13,19,38
6,13,20,74
6,13,21,91
6,13,22,69
6,13,23,76
6,13,24,20
6,13,25,79
6,13,26,11
6,13,27,35
6,13,28,74
6,13,29,42
6,13,30,65
6,13,31,92
6,13,32,11
6,13,33,53
6,13,34,84
6,13,35,36
6,13,36,64
6,13,37,57
6,13,38,70
6,13,39,85
6,13,40,83
6,13,41,87
6,13,42,77
6,13,43,54
6,13,44,54
6,13,45,42
6,13,46,30
6,13,47,66
6,13,48,41
6,13,49,56
6,13,50,60
6,13,51,46
6,13,52,53
6,13,53,42
6,13,54,81
6,13,55,84
6,13,56,56
6,13,57,85
6,13,58,16
6,13,59,18
6,13,60,56
6,13,61,92
6,13,62,83
6,13,63,61
6,13,64,46
6,13,65,51
6,13,66,44
6,13,67,83
6,13,68,70
6,13,69,13
6,13,70,86
6,13,71,28
6,13,72,29
6,13,73,71
6,13,74,79
6,13,75,28
6,13,76,82
6,13,77,16
6,13,78,49
6,13,79,42
6,13,80,44
6,13,81,64
6,13,82,89
6,13,83,58
6,13,84,30
6,13,85,54
6,13,86,61
6,13,87,40
6,13,88,38
6,13,89,92
6,13,90,37
6,13,91,70
6,13,92,87
6,13,93,56
6,13,94,65
6,13,95,90
6,13,96,14
6,13,97,86
6,13,98,74
6,13,99,66
6,14,0,19
6,14,1,61
6,14,2,97
6,14,3,98
6,14,4,109
6,14,5,141
6,14,6,41
6,14,7,35
6,14,8,106
6,14,9,103
6,14,10,38
6,14,11,90
6,14,12,86
6,14,13,122
6,14,14,86
6,14,15,109
6,14,16,136
6,14,17,95
6,14,18,86
6,14,19,62
6,14,20,108
6,14,21,49
6,14,22,63
6,14,23,62
6,14,24,145
6,14,25,119
6,14,26,65
6,14,27,117
6,14,28,102
6,14,29,36
6,14,30,100
6,14,31,124
6,14,32,143
6,14,33,22
6,14,34,120
6,14,35,42
6,14,36,95
6,14,37,98
6,14,38,27
6,14,39,118
6,14,40,79
6,14,41,149
6,14,42,124
6,14,43,32
6,14,44,46
6,14,45,38
6,14,46,83
6,14,47,129
6,14,48,93
6,14,49,79
6,14,50,53
6,14,51,30
6,14,52,35
6,14,53,62
6,14,54,50
6,14,55,79
6,14,56,98
6,14,57,92
6,14,58,23
6,14,59,48
6,14,60,38
6,14,61,136
6,14,62,97
6,14,63,117
6,14,64,119
6,14,65,72
6,14,66,41
6,14,67,67
6,14,68,55
6,14,69,21
6,14,70,28
6,14,71,31
6,14,72,28
6,14,73,68
6,14,74,150
6,14,75,124
6,14,76,20
6,14,77,121
6,14,78,122
6,14,79,76
6,14,80,47
6,14,81,85
6,14,82,58
6,14,83,86
6,14,84,62
6,14,85,30
6,14,86,109
6,14,87,87
6,14,88,22
6,14,89,33
6,14,90,31
6,14,91,83
6,14,92,97
6,14,93,99
6,14,94,95
6,14,95,63
6,14,96,20
6,14,97,27
6,14,98,25
6,14,99,142
6,15,0,95
6,15,1,118
6,15,2,91
6,15,3,87
6,15,4,21
6,15,5,114
6,15,6,106
6,15,7,111
6,15,8,50
6,15,9,123
6,15,10,106
6,15,11,118
6,15,12,102
6,15,13,36
6,15,14,27
6,15,15,86
6,15,16,19
6,15,17,27
6,15,18,130
6,15,19,89
6,15,20,88
6,15,21,105
6,15,22,104
6,15,23,123
6,15,24,111
6,15,25,120
6,15,26,40
6,15,27,16
6,15,28,33
6,15,29,33
6,15,30,85
6,15,31,24
6,15,32,84
6,15,33,115
6,15,34,41
6,15,35,77
6,15,36,90
6,15,37,42
6,15,38,126
6,15,39,25
6,15,40,31
6,15,41,24
6,15,42,30
6,15,43,91
6,15,44,87
6,15,45,111
6,15,46,58
6,15,47,114
6,15,48,78
6,15,49,105
6,15,50,67
6,15,51,15
6,15,52,112
6,15,53,86
6,15,54,123
6,15,55,106
6,15,56,34
6,15,57,109
6,15,58,55
6,15,59,83
6,15,60,114
6,15,61,129
6,15,62,102
6,15,63,34
6,15,64,91
6,15,65,89
6,15,66,122
6,15,67,103
6,15,68,31
6,15,69,90
6,15,70,28
6,15,71,68
6,15,72,86
6,15,73,20
6,15,74,108
6,15,75,26
6,15,76,77
6,15,77,48
6,15,78,100
6,15,79,93
6,15,80,36
6,15,81,83
6,15,82,46
6,15,83,33
6,15,84,125
6,15,85,98
6,15,86,23
6,15,87,112
6,15,88,19
6,15,89,63
6,15,90,123
6,15,91,41
6,15,92,95
6,15,93,66
6,15,94,70
6,15,95,63
6,15,96,124
6,15,97,66
6,15,98,22
6,15,99,119
6,16,0,48
6,16,1,21
6,16,2,52
6,16,3,39
6,16,4,9
6,16,5,41
6,16,6,13
6,16,7,54
6,16,8,60
6,16,9,56
6,16,10,48
6,16,11,47
6,16,12,50
6,16,13,8
6,16,14,24
6,16,15,59
6,16,16,24
6,16,17,43
6,16,18,51
6,16,19,39
6,16,20,40
6,16,21,18
6,16,22,49
6,16,23,44
6,16,24,44
6,16,25,37
6,16,26,35
6,16,27,24
6,16,28,50
6,16,29,15
6,16,30,28
6,16,31,13
6,16,32,30
6,16,33,57
6,16,34,27
6,16,35,58
6,16,36,27
6,16,37,58
6,16,38,50
6,16,39,60
6,16,40,20
6,16,41,24
6,16,42,15
6,16,43,46
6,16,44,55
6,16,45,45
6,16,46,39
6,16,47,45
6,16,48,24
6,16,49,58
6,16,50,35
6,16,51,9
6,16,52,46
6,16,53,57
6,16,54,9
6,16,55,18
6,16,56,9
6,16,57,55
6,16,58,49
6,16,59,47
6,16,60,33
6,16,61,41
6,16,62,57
6,16,63,31
6,16,64,17
6,16,65,9
6,16,66,16
6,16,67,26
6,16,68,16
6,16,69,59
6,16,70,39
6,16,71,51
6,16,72,51
6,16,73,55
6,16,74,9
6,16,75,42
6,16,76,45
6,16,77,58
6,16,78,35
6,16,79,41
6,16,80,50
6,16,81,13
6,16,82,27
6,16,83,43
6,16,84,14
6,16,85,55
6,16,86,41
6,16,87,19
6,16,88,27
6,16,89,42
6,16,90,9
6,16,91,11
6,16,92,46
6,16,93,24
6,16,94,17
6,16,95,22
6,16,96,14
6,16,97,16
6,16,98,36
6,16,99,17
6,17,0,29
6,17,1,14
6,17,2,16
6,17,3,34
6,17,4,42
6,17,5,9
6,17,6,10
6,17,7,10
6,17,8,62
6,17,9,45
6,17,10,56
6,17,11,56
6,17,12,60
6,17,13,21
6,17,14,76
6,17,15,52
6,17,16,66
6,17,17,22
6,17,18,64
6,17,19,72
6,17,20,18
6,17,21,55
6,17,22,33
6,17,23,27
6,17,24,18
6,17,25,59
6,17,26,48
6,17,27,54
6,17,28,14
6,17,29,10
6,17,30,62
6,17,31,57
6,17,32,25
6,17,33,74
6,17,34,18
6,17,35,31
6,17,36,31
6,17,37,23
6,17,38,16
6,17,39,20
6,17,40,29
6,17,41,11
6,17,42,63
6,17,43,49
6,17,44,15
6,17,45,56
6,17,46,55
6,17,47,27
6,17,48,12
6,17,49,47
6,17,50,42
6,17,51,30
6,17,52,59
6,17,53,61
6,17,54,42
6,17,55,37
6,17,56,47
6,17,57,40
6,17,58,71
6,17,59,51
6,17,60,28
6,17,61,14
6,17,62,33
6,17,63,76
6,17,64,67
6,17,65,13
6,17,66,28
6,17,67,42
6,17,68,33
6,17,69,12
6,17,70,60
6,17,71,31
6,17,72,34
6,17,73,21
6,17,74,10
6,17,75,64
6,17,76,33
6,17,77,62
6,17,78,39
6,17,79,26
6,17,80,60
6,17,81,55
6,17,82,58
6,17,83,68
6,17,84,21
6,17,85,35
6,17,86,9
6,17,87,61
6,17,88,31
6,17,89,27
6,17,90,41
6,17,91,56
6,17,92,17
6,17,93,78
6,17,94,38
6,17,95,68
6,17,96,22
6,17,97,47
6,17,98,74
6,17,99,38
6,18,0,48
6,18,1,66
6,18,2,60
6,18,3,39
6,18,4,51
6,18,5,17
6,18,6,15
6,18,7,43
6,18,8,34
6,18,9,51
6,18,10,34
6,18,11,12
6,18,12,74
6,18,13,15
6,18,14,67
6,18,15,33
6,18,16,68
6,18,17,31
6,18,18,12
6,18,19,55
6,18,20,35
6,18,21,13
6,18,22,69
6,18,23,17
6,18,24,59
6,18,25,16
6,18,26,55
6,18,27,28
6,18,28,38
6,18,29,11
6,18,30,72
6,18,31,70
6,18,32,37
6,18,33,64
6,18,34,30
6,18,35,14
6,18,36,38
6,18,37,25
6,18,38,18
6,18,39,49
6,18,40,38
6,18,41,34
6,18,42,37
6,18,43,71
6,18,44,52
6,18,45,48
6,18,46,71
6,18,47,52
6,18,48,20
6,18,49,14
6,18,50,64
6,18,51,71
6,18,52,41
6,18,53,18
6,18,54,56
6,18,55,56
6,18,56,72
6,18,57,54
6,18,58,28
6,18,59,14
6,18,60,24
6,18,61,32
6,18,62,51
6,18,63,32
6,18,64,61
6,18,65,48
6,18,66,62
6,18,67,24
6,18,68,29
6,18,69,10
6,18,70,34
6,18,71,70
6,18,72,54
6,18,73,9
6,18,74,73
6,18,75,54
6,18,76,68
6,18,77,39
6,18,78,14
6,18,79,63
6,18,80,36
6,18,81,20
6,18,82,31
6,18,83,34
6,18,84,31
6,18,85,23
6,18,86,30
6,18,87,32
6,18,88,13
6,18,89,45
6,18,90,30
6,18,91,73
6,18,92,68
6,18,93,9
6,18,94,19
6,18,95,27
6,18,96,9
6,18,97,15
6,18,98,28
6,18,99,26
6,19,0,21
6,19,1,26
6,19,2,23
6,19,3,23
6,19,4,10
6,19,5,6
6,19,6,20
6,19,7,29
6,19,8,41
6,19,9,36
6,19,10,15
6,19,11,42
6,19,12,37
6,19,13,38
6,19,14,19
6,19,15,42
6,19,16,42
6,19,17,15
6,19,18,41
6,19,19,7
6,19,20,21
6,19,21,27
6,19,22,10
6,19,23,19
6,19,24,18
6,19,25,25
6,19,26,36
6,19,27,29
6,19,28,11
6,19,29,36
6,19,30,25
6,19,31,11
6,19,32,41
6,19,33,35
6,19,34,21
6,19,35,42
6,19,36,11
6,19,37,36
6,19,38,7
6,19,39,32
6,19,40,41
6,19,41,46
6,19,42,17
6,19,43,31
6,19,44,46
6,19,45,33
6,19,46,6
6,19,47,12
6,19,48,22
6,19,49,24
6,19,50,27
6,19,51,32
6,19,52,18
6,19,53,11
6,19,54,14
6,19,55,13
6,19,56,44
6,19,57,33
6,19,58,25
6,19,59,32
6,19,60,10
6,19,61,7
6,19,62,39
6,19,63,38
6,19,64,21
6,19,65,15
6,19,66,12
6,19,67,17
6,19,68,38
6,19,69,44
6,19,70,45
6,19,71,24
6,19,72,47
6,19,73,13
6,19,74,23
6,19,75,22
6,19,76,46
6,19,77,23
6,19,78,30
6,19,79,21
6,19,80,20
6,19,81,33
6,19,82,6
6,19,83,44
6,19,84,7
6,19,85,13
6,19,86,21
6,19,87,44
6,19,88,47
6,19,89,25
6,19,90,13
6,19,91,16
6,19,92,46
6,19,93,19
6,19,94,35
6,19,95,35
6,19,96,10
6,19,97,45
6,19,98,5
6,19,99,33
6,20,0,4
6,20,1,12
6,20,2,13
6,20,3,13
6,20,4,14
6,20,5,6
6,20,6,9
6,20,7,3
6,20,8,4
6,20,9,7
6,20,10,12
6,20,11,2
6,20,12,5
6,20,13,13
6,20,14,11
6,20,15,6
6,20,16,10
6,20,17,5
6,20,18,2
6,20,19,8
6,20,20,3
6,20,21,2
6,20,22,7
6,20,23,7
6,20,24,6
6,20,25,13
6,20,26,8
6,20,27,8
6,20,28,8
6,20,29,9
6,20,30,13
6,20,31,9
6,20,32,7
6,20,33,7
6,20,34,13
6,20,35,7
6,20,36,14
6,20,37,7
6,20,38,13
6,20,39,5
6,20,40,4
6,20,41,9
6,20,42,5
6,20,43,13
6,20,44,8
6,20,45,9
6,20,46,5
6,20,47,4
6,20,48,4
6,20,49,4
6,20,50,2
6,20,51,14
6,20,52,9
6,20,53,8
6,20,54,10
6,20,55,6
6,20,56,13
6,20,57,8
6,20,58,6
6,20,59,10
6,20,60,12
6,20,61,9
6,20,62,8
6,20,63,6
6,20,64,2
6,20,65,7
6,20,66,4
6,20,67,9
6,20,68,13
6,20,69,7
6,20,70,8
6,20,71,2
6,20,72,10
6,20,73,4
6,20,74,12
6,20,75,6
6,20,76,3
6,20,77,4
6,20,78,6
6,20,79,4
6,20,80,11
6,20,81,14
6,20,82,6
6,20,83,13
6,20,84,11
6,20,85,4
6,20,86,7
6,20,87,12
6,20,88,11
6,20,89,3
6,20,90,3
6,20,91,14
6,20,92,2
6,20,93,9
6,20,94,8
6,20,95,4
6,20,96,6
6,20,97,5
6,20,98,8
6,20,99,2
6,21,0,2
6,21,1,1
6,21,2,2
6,21,3,2
6,21,4,3
6,21,5,1
6,21,6,3
6,21,7,4
6,21,8,4
6,21,9,2
6,21,10,3
6,21,11,3
6,21,12,2
6,21,13,2
6,21,14,2
6,21,15,1
6,21,16,1
6,21,17,1
6,21,18,3
6,21,19,1
6,21,20,3
6,21,21,1
6,21,22,4
6,21,23,2
6,21,24,1
6,21,25,1
6,21,26,2
6,21,27,1
6,21,28,4
6,21,29,1
6,21,30,2
6,21,31,2
6,21,32,3
6,21,33,2
6,21,34,1
6,21,35,3
6,21,36,1
6,21,37,3
6,21,38,4
6,21,39,1
6,21,40,2
6,21,41,4
6,21,42,1
6,21,43,2
6,21,44,2
6,21,45,2
6,21,46,2
6,21,47,3
6,21,48,3
6,21,49,3
6,21,50,3
6,21,51,4
6,21,52,2
6,21,53,3
6,21,54,4
6,21,55,4
6,21,56,2
6,21,57,1
6,21,58,4
6,21,59,3
6,21,60,1
6,21,61,3
6,21,62,3
6,21,63,2
6,21,64,2
6,21,65,2
6,21,66,3
6,21,67,2
6,21,68,4
6,21,69,4
6,21,70,2
6,21,71,2
6,21,72,2
6,21,73,4
6,21,74,4
6,21,75,2
6,21,76,1
6,21,77,3
6,21,78,2
6,21,79,3
6,21,80,2
6,21,81,3
6,21,82,2
6,21,83,2
6,21,84,3
6,21,85,3
6,21,86,2
6,21,87,2
6,21,88,1
6,21,89,3
6,21,90,3
6,21,91,1
6,21,92,1
6,21,93,1
6,21,94,1
6,21,95,1
6,21,96,2
6,21,97,4
6,21,98,1
6,21,99,2
6,22,0,0
6,22,1,0
6,22,2,0
6,22,3,0
6,22,4,0
6,22,5,0
6,22,6,0
6,22,7,0
6,22,8,0
6,22,9,0
6,22,10,0
6,22,11,0
6,22,12,0
6,22,13,0
6,22,14,0
6,22,15,0
6,22,16,0
6,22,17,0
6,22,18,0
6,22,19,0
6,22,20,0
6,22,21,0
6,22,22,0
6,22,23,0
6,22,24,0
6,22,25,0
6,22,26,0
6,22,27,0
6,22,28,0
6,22,29,0
6,22,30,0
6,22,31,0
6,22,32,0
6,22,33,0
6,22,34,0
6,22,35,0
6,22,36,0
6,22,37,0
6,22,38,0
6,22,39,0
6,22,40,0
6,22,41,0
6,22,42,0
6,22,43,0
6,22,44,0
6,22,45,0
6,22,46,0
6,22,47,0
6,22,48,0
6,22,49,0
6,22,50,0
6,22,51,0
6,22,52,0
6,22,53,0
6,22,54,0
6,22,55,0
6,22,56,0
6,22,57,0
6,22,58,0
6,22,59,0
6,22,60,0
6,22,61,0
6,22,62,0
6,22,63,0
6,22,64,0
6,22,65,0
6,22,66,0
6,22,67,0
6,22,68,0
6,22,69,0
6,22,70,0
6,22,71,0
6,22,72,0
6,22,73,0
6,22,74,0
6,22,75,0
6,22,76,0
6,22,77,0
6,22,78,0
6,22,79,0
6,22,80,0
6,22,81,0
6,22,82,0
6,22,83,0
6,22,84,0
6,22,85,0
6,22,86,0
6,22,87,0
6,22,88,0
6,22,89,0
6,22,90,0
6,22,91,0
6,22,92,0
6,22,93,0
6,22,94,0
6,22,95,0
6,22,96,0
6,22,97,0
6,22,98,0
6,22,99,0
6,23,0,0
6,23,1,0
6,23,2,0
6,23,3,0
6,23,4,0
6,23,5,0
6,23,6,0
6,23,7,0
6,23,8,0
6,23,9,0
6,23,10,0
6,23,11,0
6,23,12,0
6,23,13,0
6,23,14,0
6,23,15,0
6,23,16,0
6,23,17,0
6,23,18,0
6,23,19,0
6,23,20,0
6,23,21,0
6,23,22,0
6,23,23,0
6,23,24,0
6,23,25,0
6,23,26,0
6,23,27,0
6,23,28,0
6,23,29,0
6,23,30,0
6,23,31,0
6,23,32,0
6,23,33,0
6,23,34,0
6,23,35,0
6,23,36,0
6,23,37,0
6,23,38,0
6,23,39,0
6,23,40,0
6,23,41,0
6,23,42,0
6,23,43,0
6,23,44,0
6,23,45,0
6,23,46,0
6,23,47,0
6,23,48,0
6,23,49,0
6,23,50,0
6,23,51,0
6,23,52,0
6,23,53,0
6,23,54,0
6,23,55,0
6,23,56,0
6,23,57,0
6,23,58,0
6,23,59,0
6,23,60,0
6,23,61,0
6,23,62,0
6,23,63,0
6,23,64,0
6,23,65,0
6,23,66,0
6,23,67,0
6,23,68,0
6,23,69,0
6,23,70,0
6,23,71,0
6,23,72,0
6,23,73,0
6,23,74,0
6,23,75,0
6,23,76,0
6,23,77,0
6,23,78,0
6,23,79,0
6,23,80,0
6,23,81,0
6,23,82,0
6,23,83,0
6,23,84,0
6,23,85,0
6,23,86,0
6,23,87,0
6,23,88,0
6,23,89,0
6,23,90,0
6,23,91,0
6,23,92,0
6,23,93,0
6,23,94,0
6,23,95,0
6,23,96,0
6,23,97,0
6,23,98,0
6,23,99,0
7,0,0,0
7,0,1,0
7,0,2,0
7,0,3,0
7,0,4,0
7,0,5,0
7,0,6,0
7,0,7,0
7,0,8,0
7,0,9,0
7,0,10,0
7,0,11,0
7,0,12,0
7,0,13,0
7,0,14,0
7,0,15,0
7,0,16,0
7,0,17,0
7,0,18,0
7,0,19,0
7,0,20,0
7,0,21,0
7,0,22,0
7,0,23,0
7,0,24,0
7,0,25,0
7,0,26,0
7,0,27,0
7,0,28,0
7,0,29,0
7,0,30,0
7,0,31,0
7,0,32,0
7,0,33,0
7,0,34,0
7,0,35,0
7,0,36,0
7,0,37,0
7,0,38,0
7,0,39,0
7,0,40,0
7,0,41,0
7,0,42,0
7,0,43,0
7,0,44,0
7,0,45,0
7,0,46,0
7,0,47,0
7,0,48,0
7,0,49,0
7,0,50,0
7,0,51,0
7,0,52,0
7,0,53,0
7,0,54,0
7,0,55,0
7,0,56,0
7,0,57,0
7,0,58,0
7,0,59,0
7,0,60,0
7,0,61,0
7,0,62,0
7,0,63,0
7,0,64,0
7,0,65,0
7,0,66,0
7,0,67,0
7,0,68,0
7,0,69,0
7,0,70,0
7,0,71,0
7,0,72,0
7,0,73,0
7,0,74,0
7,0,75,0
7,0,76,0
7,0,77,0
7,0,78,0
7,0,79,0
7,0,80,0
7,0,81,0
7,0,82,0
7,0,83,0
7,0,84,0
7,0,85,0
7,0,86,0
7,0,87,0
7,0,88,0
7,0,89,0
7,0,90,0
7,0,91,0
7,0,92,0
7,0,93,0
7,0,94,0
7,0,95,0
7,0,96,0
7,0,97,0
7,0,98,0
7,0,99,0
7,1,0,0
7,1,1,0
7,1,2,0
7,1,3,0
7,1,4,0
7,1,5,0
7,1,6,0
7,1,7,0
7,1,8,0
7,1,9,0
7,1,10,0
7,1,11,0
7,1,12,0
7,1,13,0
7,1,14,0
7,1,15,0
7,1,16,0
7,1,17,0
7,1,18,0
7,1,19,0
7,1,20,0
7,1,21,0
7,1,22,0
7,1,23,0
7,1,24,0
7,1,25,0
7,1,26,0
7,1,27,0
7,1,28,0
7,1,29,0
7,1,30,0
7,1,31,0
7,1,32,0
7,1,33,0
7,1,34,0
7,1,35,0
7,1,36,0
7,1,37,0
7,1,38,0
7,1,39,0
7,1,40,0
7,1,41,0
7,1,42,0
7,1,43,0
7,1,44,0
7,1,45,0
7,1,46,0
7,1,47,0
7,1,48,0
7,1,49,0
7,1,50,0
7,1,51,0
7,1,52,0
7,1,53,0
7,1,54,0
7,1,55,0
7,1,56,0
7,1,57,0
7,1,58,0
7,1,59,0
7,1,60,0
7,1,61,0
7,1,62,0
7,1,63,0
7,1,64,0
7,1,65,0
7,1,66,0
7,1,67,0
7,1,68,0
7,1,69,0
7,1,70,0
7,1,71,0
7,1,72,0
7,1,73,0
7,1,74,0
7,1,75,0
7,1,76,0
7,1,77,0
7,1,78,0
7,1,79,0
7,1,80,0
7,1,81,0
7,1,82,0
7,1,83,0
7,1,84,0
7,1,85,0
7,1,86,0
7,1,87,0
7,1,88,0
7,1,89,0
7,1,90,0
7,1,91,0
7,1,92,0
7,1,93,0
7,1,94,0
7,1,95,0
7,1,96,0
7,1,97,0
7,1,98,0
7,1,99,0
7,2,0,0
7,2,1,0
7,2,2,0
7,2,3,0
7,2,4,0
7,2,5,0
7,2,6,0
7,2,7,0
7,2,8,0
7,2,9,0
7,2,10,0
7,2,11,0
7,2,12,0
7,2,13,0
7,2,14,0
7,2,15,0
7,2,16,0
7,2,17,0
7,2,18,0
7,2,19,0
7,2,20,0
7,2,21,0
7,2,22,0
7,2,23,0
7,2,24,0
7,2,25,0
7,2,26,0
7,2,27,0
7,2,28,0
7,2,29,0
7,2,30,0
7,2,31,0
7,2,32,0
7,2,33,0
7,2,34,0
7,2,35,0
7,2,36,0
7,2,37,0
7,2,38,0
7,2,39,0
7,2,40,0
7,2,41,0
7,2,42,0
7,2,43,0
7,2,44,0
7,2,45,0
7,2,46,0
7,2,47,0
7,2,48,0
7,2,49,0
7,2,50,0
7,2,51,0
7,2,52,0
7,2,53,0
7,2,54,0
7,2,55,0
7,2,56,0
7,2,57,0
7,2,58,0
7,2,59,0
7,2,60,0
7,2,61,0
7,2,62,0
7,2,63,0
7,2,64,0
7,2,65,0
7,2,66,0
7,2,67,0
7,2,68,0
7,2,69,0
7,2,70,0
7,2,71,0
7,2,72,0
7,2,73,0
7,2,74,0
7,2,75,0
7,2,76,0
7,2,77,0
7,2,78,0
7,2,79,0
7,2,80,0
7,2,81,0
7,2,82,0
7,2,83,0
7,2,84,0
7,2,85,0
7,2,86,0
7,2,87,0
7,2,88,0
7,2,89,0
7,2,90,0
7,2,91,0
7,2,92,0
7,2,93,0
7,2,94,0
7,2,95,0
7,2,96,0
7,2,97,0
7,2,98,0
7,2,99,0
7,3,0,0
7,3,1,0
7,3,2,0
7,3,3,0
7,3,4,0
7,3,5,0
7,3,6,0
7,3,7,0
7,3,8,0
7,3,9,0
7,3,10,0
7,3,11,0
7,3,12,0
7,3,13,0
7,3,14,0
7,3,15,0
7,3,16,0
7,3,17,0
7,3,18,0
7,3,19,0
7,3,20,0
7,3,21,0
7,3,22,0
7,3,23,0
7,3,24,0
7,3,25,0
7,3,26,0
7,3,27,0
7,3,28,0
7,3,29,0
7,3,30,0
7,3,31,0
7,3,32,0
7,3,33,0
7,3,34,0
7,3,35,0
7,3,36,0
7,3,37,0
7,3,38,0
7,3,39,0
7,3,40,0
7,3,41,0
7,3,42,0
7,3,43,0
7,3,44,0
7,3,45,0
7,3,46,0
7,3,47,0
7,3,48,0
7,3,49,0
7,3,50,0
7,3,51,0
7,3,52,0
7,3,53,0
7,3,54,0
7,3,55,0
7,3,56,0
7,3,57,0
7,3,58,0
7,3,59,0
7,3,60,0
7,3,61,0
7,3,62,0
7,3,63,0
7,3,64,0
7,3,65,0
7,3,66,0
7,3,67,0
7,3,68,0
7,3,69,0
7,3,70,0
7,3,71,0
7,3,72,0
7,3,73,0
7,3,74,0
7,3,75,0
7,3,76,0
7,3,77,0
7,3,78,0
7,3,79,0
7,3,80,0
7,3,81,0
7,3,82,0
7,3,83,0
7,3,84,0
7,3,85,0
7,3,86,0
7,3,87,0
7,3,88,0
7,3,89,0
7,3,90,0
7,3,91,0
7,3,92,0
7,3,93,0
7,3,94,0
7,3,95,0
7,3,96,0
7,3,97,0
7,3,98,0
7,3,99,0
7,4,0,0
7,4,1,0
7,4,2,0
7,4,3,0
7,4,4,0
7,4,5,0
7,4,6,0
7,4,7,0
7,4,8,0
7,4,9,0
7,4,10,0
7,4,11,0
7,4,12,0
7,4,13,0
7,4,14,0
7,4,15,0
7,4,16,0
7,4,17,0
7,4,18,0
7,4,19,0
7,4,20,0
7,4,21,0
7,4,22,0
7,4,23,0
7,4,24,0
7,4,25,0
7,4,26,0
7,4,27,0
7,4,28,0
7,4,29,0
7,4,30,0
7,4,31,0
7,4,32,0
7,4,33,0
7,4,34,0
7,4,35,0
7,4,36,0
7,4,37,0
7,4,38,0
7,4,39,0
7,4,40,0
7,4,41,0
7,4,42,0
7,4,43,0
7,4,44,0
7,4,45,0
7,4,46,0
7,4,47,0
7,4,48,0
7,4,49,0
7,4,50,0
7,4,51,0
7,4,52,0
7,4,53,0
7,4,54,0
7,4,55,0
7,4,56,0
7,4,57,0
7,4,58,0
7,4,59,0
7,4,60,0
7,4,61,0
7,4,62,0
7,4,63,0
7,4,64,0
7,4,65,0
7,4,66,0
7,4,67,0
7,4,68,0
7,4,69,0
7,4,70,0
7,4,71,0
7,4,72,0
7,4,73,0
7,4,74,0
7,4,75,0
7,4,76,0
7,4,77,0
7,4,78,0
7,4,79,0
7,4,80,0
7,4,81,0
7,4,82,0
7,4,83,0
7,4,84,0
7,4,85,0
7,4,86,0
7,4,87,0
7,4,88,0
7,4,89,0
7,4,90,0
7,4,91,0
7,4,92,0
7,4,93,0
7,4,94,0
7,4,95,0
7,4,96,0
7,4,97,0
7,4,98,0
7,4,99,0
7,5,0,0
7,5,1,0
7,5,2,0
7,5,3,0
7,5,4,0
7,5,5,0
7,5,6,0
7,5,7,0
7,5,8,0
7,5,9,0
7,5,10,0
7,5,11,0
7,5,12,0
7,5,13,0
7,5,14,0
7,5,15,0
7,5,16,0
7,5,17,0
7,5,18,0
7,5,19,0
7,5,20,0
7,5,21,0
7,5,22,0
7,5,23,0
7,5,24,0
7,5,25,0
7,5,26,0
7,5,27,0
7,5,28,0
7,5,29,0
7,5,30,0
7,5,31,0
7,5,32,0
7,5,33,0
7,5,34,0
7,5,35,0
7,5,36,0
7,5,37,0
7,5,38,0
7,5,39,0
7,5,40,0
7,5,41,0
7,5,42,0
7,5,43,0
7,5,44,0
7,5,45,0
7,5,46,0
7,5,47,0
7,5,48,0
7,5,49,0
7,5,50,0
7,5,51,0
7,5,52,0
7,5,53,0
7,5,54,0
7,5,55,0
7,5,56,0
7,5,57,0
7,5,58,0
7,5,59,0
7,5,60,0
7,5,61,0
7,5,62,0
7,5,63,0
7,5,64,0
7,5,65,0
7,5,66,0
7,5,67,0
7,5,68,0
7,5,69,0
7,5,70,0
7,5,71,0
7,5,72,0
7,5,73,0
7,5,74,0
7,5,75,0
7,5,76,0
7,5,77,0
7,5,78,0
7,5,79,0
7,5,80,0
7,5,81,0
7,5,82,0
7,5,83,0
7,5,84,0
7,5,85,0
7,5,86,0
7,5,87,0
7,5,88,0
7,5,89,0
7,5,90,0
7,5,91,0
7,5,92,0
7,5,93,0
7,5,94,0
7,5,95,0
7,5,96,0
7,5,97,0
7,5,98,0
7,5,99,0
7,6,0,0
7,6,1,0
7,6,2,0
7,6,3,0
7,6,4,0
7,6,5,0
7,6,6,0
7,6,7,0
7,6,8,0
7,6,9,0
7,6,10,0
7,6,11,0
7,6,12,0
7,6,13,0
7,6,14,0
7,6,15,0
7,6,16,0
7,6,17,0
7,6,18,0
7,6,19,0
7,6,20,0
7,6,21,0
7,6,22,0
7,6,23,0
7,6,24,0
7,6,25,0
7,6,26,0
7,6,27,0
7,6,28,0
7,6,29,0
7,6,30,0
7,6,31,0
7,6,32,0
7,6,33,0
7,6,34,0
7,6,35,0
7,6,36,0
7,6,37,0
7,6,38,0
7,6,39,0
7,6,40,0
7,6,41,0
7,6,42,0
7,6,43,0
7,6,44,0
7,6,45,0
7,6,46,0
7,6,47,0
7,6,48,0
7,6,49,0
7,6,50,0
7,6,51,0
7,6,52,0
7,6,53,0
7,6,54,0
7,6,55,0
7,6,56,0
7,6,57,0
7,6,58,0
7,6,59,0
7,6,60,0
7,6,61,0
7,6,62,0
7,6,63,0
7,6,64,0
7,6,65,0
7,6,66,0
7,6,67,0
7,6,68,0
7,6,69,0
7,6,70,0
7,6,71,0
7,6,72,0
7,6,73,0
7,6,74,0
7,6,75,0
7,6,76,0
7,6,77,0
7,6,78,0
7,6,79,0
7,6,80,0
7,6,81,0
7,6,82,0
7,6,83,0
7,6,84,0
7,6,85,0
7,6,86,0
7,6,87,0
7,6,88,0
7,6,89,0
7,6,90,0
7,6,91,0
7,6,92,0
7,6,93,0
7,6,94,0
7,6,95,0
7,6,96,0
7,6,97,0
7,6,98,0
7,6,99,0
7,7,0,0
7,7,1,0
7,7,2,0
7,7,3,0
7,7,4,0
7,7,5,0
7,7,6,0
7,7,7,0
7,7,8,0
7,7,9,0
7,7,10,0
7,7,11,0
7,7,12,0
7,7,13,0
7,7,14,0
7,7,15,0
7,7,16,0
7,7,17,0
7,7,18,0
7,7,19,0
7,7,20,0
7,7,21,0
7,7,22,0
7,7,23,0
7,7,24,0
7,7,25,0
7,7,26,0
7,7,27,0
7,7,28,0
7,7,29,0
7,7,30,0
7,7,31,0
7,7,32,0
7,7,33,0
7,7,34,0
7,7,35,0
7,7,36,0
7,7,37,0
7,7,38,0
7,7,39,0
7,7,40,0
7,7,41,0
7,7,42,0
7,7,43,0
7,7,44,0
7,7,45,0
7,7,46,0
7,7,47,0
7,7,48,0
7,7,49,0
7,7,50,0
7,7,51,0
7,7,52,0
7,7,53,0
7,7,54,0
7,7,55,0
7,7,56,0
7,7,57,0
7,7,58,0
7,7,59,0
7,7,60,0
7,7,61,0
7,7,62,0
7,7,63,0
7,7,64,0
7,7,65,0
7,7,66,0
7,7,67,0
7,7,68,0
7,7,69,0
7,7,70,0
7,7,71,0
7,7,72,0
7,7,73,0
7,7,74,0
7,7,75,0
7,7,76,0
7,7,77,0
7,7,78,0
7,7,79,0
7,7,80,0
7,7,81,0
7,7,82,0
7,7,83,0
7,7,84,0
7,7,85,0
7,7,86,0
7,7,87,0
7,7,88,0
7,7,89,0
7,7,90,0
7,7,91,0
7,7,92,0
7,7,93,0
7,7,94,0
7,7,95,0
7,7,96,0
7,7,97,0
7,7,98,0
7,7,99,0
7,8,0,4
7,8,1,5
7,8,2,4
7,8,3,6
7,8,4,2
7,8,5,1
7,8,6,5
7,8,7,2
7,8,8,1
7,8,9,2
7,8,10,5
7,8,11,6
7,8,12,2
7,8,13,1
7,8,14,5
7,8,15,5
7,8,16,1
7,8,17,2
7,8,18,1
7,8,19,5
7,8,20,4
7,8,21,3
7,8,22,4
7,8,23,1
7,8,24,2
7,8,25,2
7,8,26,2
7,8,27,4
7,8,28,2
7,8,29,5
7,8,30,2
7,8,31,2
7,8,32,1
7,8,33,1
7,8,34,5
7,8,35,5
7,8,36,4
7,8,37,4
7,8,38,1
7,8,39,4
7,8,40,4
7,8,41,4
7,8,42,3
7,8,43,1
7,8,44,4
7,8,45,3
7,8,46,6
7,8,47,1
7,8,48,4
7,8,49,5
7,8,50,1
7,8,51,4
7,8,52,2
7,8,53,5
7,8,54,1
7,8,55,4
7,8,56,2
7,8,57,1
7,8,58,1
7,8,59,2
7,8,60,3
7,8,61,4
7,8,62,1
7,8,63,1
7,8,64,4
7,8,65,1
7,8,66,2
7,8,67,6
7,8,68,3
7,8,69,3
7,8,70,3
7,8,71,2
7,8,72,4
7,8,73,3
7,8,74,4
7,8,75,3
7,8,76,6
7,8,77,1
7,8,78,3
7,8,79,5
7,8,80,4
7,8,81,3
7,8,82,1
7,8,83,4
7,8,84,2
7,8,85,2
7,8,86,5
7,8,87,6
7,8,88,2
7,8,89,3
7,8,90,5
7,8,91,2
7,8,92,5
7,8,93,2
7,8,94,3
7,8,95,1
7,8,96,2
7,8,97,2
7,8,98,2
7,8,99,2
7,9,0,10
7,9,1,12
7,9,2,24
7,9,3,6
7,9,4,28
7,9,5,26
7,9,6,5
7,9,7,28
7,9,8,29
7,9,9,30
7,9,10,5
7,9,11,29
7,9,12,22
7,9,13,17
7,9,14,17
7,9,15,23
7,9,16,9
7,9,17,13
7,9,18,32
7,9,19,31
7,9,20,27
7,9,21,16
7,9,22,16
7,9,23,28
7,9,24,33
7,9,25,18
7,9,26,13
7,9,27,21
7,9,28,21
7,9,29,19
7,9,30,16
7,9,31,11
7,9,32,27
7,9,33,30
7,9,34,15
7,9,35,8
7,9,36,19
7,9,37,14
7,9,38,14
7,9,39,29
7,9,40,27
7,9,41,6
7,9,42,21
7,9,43,9
7,9,44,9
7,9,45,22
7,9,46,33
7,9,47,14
7,9,48,20
7,9,49,12
7,9,50,23
7,9,51,22
7,9,52,21
7,9,53,21
7,9,54,15
7,9,55,26
7,9,56,9
7,9,57,9
7,9,58,20
7,9,59,5
7,9,60,24
7,9,61,14
7,9,62,12
7,9,63,19
7,9,64,27
7,9,65,25
7,9,66,27
7,9,67,28
7,9,68,13
7,9,69,32
7,9,70,6
7,9,71,30
7,9,72,18
7,9,73,12
7,9,74,19
7,9,75,17
7,9,76,11
7,9,77,21
7,9,78,4
7,9,79,30
7,9,80,19
7,9,81,33
7,9,82,10
7,9,83,15
7,9,84,25
7,9,85,21
7,9,86,5
7,9,87,4
7,9,88,20
7,9,89,17
7,9,90,29
7,9,91,8
7,9,92,21
7,9,93,30
7,9,94,16
7,9,95,21
7,9,96,19
7,9,97,28
7,9,98,5
7,9,99,29
7,10,0,102
7,10,1,99
7,10,2,119
7,10,3,27
7,10,4,51
7,10,5,57
7,10,6,25
7,10,7,23
7,10,8,84
7,10,9,41
7,10,10,47
7,10,11,106
7,10,12,58
7,10,13,122
7,10,14,54
7,10,15,79
7,10,16,85
7,10,17,42
7,10,18,43
7,10,19,34
7,10,20,120
7,10,21,103
7,10,22,78
7,10,23,29
7,10,24,70
7,10,25,14
7,10,26,93
7,10,27,99
7,10,28,113
7,10,29,39
7,10,30,102
7,10,31,95
7,10,32,97
7,10,33,87
7,10,34,39
7,10,35,43
7,10,36,62
7,10,37,48
7,10,38,63
7,10,39,32
7,10,40,104
7,10,41,48
7,10,42,113
7,10,43,123
7,10,44,83
7,10,45,70
7,10,46,71
7,10,47,20
7,10,48,41
7,10,49,45
7,10,50,36
7,10,51,43
7,10,52,103
7,10,53,36
7,10,54,108
7,10,55,111
7,10,56,122
7,10,57,22
7,10,58,112
7,10,59,75
7,10,60,83
7,10,61,45
7,10,62,115
7,10,63,104
7,10,64,30
7,10,65,116
7,10,66,101
7,10,67,108
7,10,68,78
7,10,69,79
7,10,70,33
7,10,71,114
7,10,72,119
7,10,73,25
7,10,74,115
7,10,75,123
7,10,76,88
7,10,77,119
7,10,78,100
7,10,79,85
7,10,80,121
7,10,81,46
7,10,82,58
7,10,83,96
7,10,84,77
7,10,85,86
7,10,86,30
7,10,87,92
7,10,88,105
7,10,89,107
7,10,90,31
7,10,91,103
7,10,92,88
7,10,93,49
7,10,94,70
7,10,95,65
7,10,96,55
7,10,97,81
7,10,98,95
7,10,99,108
7,11,0,100
7,11,1,197
7,11,2,211
7,11,3,83
7,11,4,114
7,11,5,103
7,11,6,74
7,11,7,80
7,11,8,161
7,11,9,119
7,11,10,102
7,11,11,27
7,11,12,177
7,11,13,110
7,11,14,28
7,11,15,63
7,11,16,47
7,11,17,136
7,11,18,43
7,11,19,84
7,11,20,156
7,11,21,47
7,11,22,46
7,11,23,35
7,11,24,216
7,11,25,107
7,11,26,80
7,11,27,120
7,11,28,102
7,11,29,171
7,11,30,194
7,11,31,197
7,11,32,171
7,11,33,74
7,11,34,160
7,11,35,66
7,11,36,157
7,11,37,54
7,11,38,200
7,11,39,125
7,11,40,146
7,11,41,51
7,11,42,207
7,11,43,156
7,11,44,140
7,11,45,207
7,11,46,172
7,11,47,197
7,11,48,107
7,11,49,178
7,11,50,131
7,11,51,136
7,11,52,184
7,11,53,187
7,11,54,96
7,11,55,71
7,11,56,63
7,11,57,30
7,11,58,134
7,11,59,160
7,11,60,134
7,11,61,189
7,11,62,121
7,11,63,185
7,11,64,165
7,11,65,42
7,11,66,66
7,11,67,145
7,11,68,46
7,11,69,213
7,11,70,190
7,11,71,132
7,11,72,107
7,11,73,158
7,11,74,119
7,11,75,190
7,11,76,68
7,11,77,211
7,11,78,156
7,11,79,73
7,11,80,174
7,11,81,134
7,11,82,144
7,11,83,198
7,11,84,113
7,11,85,164
7,11,86,95
7,11,87,203
7,11,88,191
7,11,89,207
7,11,90,69
7,11,91,28
7,11,92,66
7,11,93,97
7,11,94,140
7,11,95,43
7,11,96,117
7,11,97,101
7,11,98,77
7,11,99,104
7,12,0,45
7,12,1,128
7,12,2,167
7,12,3,88
7,12,4,164
7,12,5,324
7,12,6,68
7,12,7,278
7,12,8,368
7,12,9,236
7,12,10,97
7,12,11,293
7,12,12,266
7,12,13,172
7,12,14,211
7,12,15,362
7,12,16,336
7,12,17,387
7,12,18,251
7,12,19,70
7,12,20,65
7,12,21,338
7,12,22,105
7,12,23,153
7,12,24,297
7,12,25,124
7,12,26,215
7,12,27,289
7,12,28,375
7,12,29,172
7,12,30,360
7,12,31,243
7,12,32,272
7,12,33,374
7,12,34,283
7,12,35,107
7,12,36,208
7,12,37,138
7,12,38,248
7,12,39,177
7,12,40,305
7,12,41,67
7,12,42,116
7,12,43,123
7,12,44,292
7,12,45,218
7,12,46,219
7,12,47,159
7,12,48,264
7,12,49,346
7,12,50,286
7,12,51,214
7,12,52,112
7,12,53,259
7,12,54,83
7,12,55,210
7,12,56,145
7,12,57,359
7,12,58,268
7,12,59,339
7,12,60,117
7,12,61,66
7,12,62,333
7,12,63,234
7,12,64,293
7,12,65,197
7,12,66,235
7,12,67,217
7,12,68,235
7,12,69,209
7,12,70,80
7,12,71,262
7,12,72,263
7,12,73,175
7,12,74,274
7,12,75,219
7,12,76,380
7,12,77,329
7,12,78,382
7,12,79,374
7,12,80,173
7,12,81,75
7,12,82,50
7,12,83,358
7,12,84,320
7,12,85,317
7,12,86,54
7,12,87,365
7,12,88,97
7,12,89,79
7,12,90,138
7,12,91,89
7,12,92,382
7,12,93,139
7,12,94,96
7,12,95,259
7,12,96,196
7,12,97,238
7,12,98,211
7,12,99,170
7,13,0,390
7,13,1,459
7,13,2,170
7,13,3,221
7,13,4,243
7,13,5,278
7,13,6,240
7,13,7,467
7,13,8,286
7,13,9,62
7,13,10,440
7,13,11,419
7,13,12,122
7,13,13,303
7,13,14,390
7,13,15,127
7,13,16,271
7,13,17,426
7,13,18,337
7,13,19,354
7,13,20,122
7,13,21,54
7,13,22,56
7,13,23,346
7,13,24,104
7,13,25,247
7,13,26,321
7,13,27,459
7,13,28,180
7,13,29,464
7,13,30,217
7,13,31,330
7,13,32,367
7,13,33,451
7,13,34,439
7,13,35,138
7,13,36,293
7,13,37,264
7,13,38,117
7,13,39,364
7,13,40,153
7,13,41,134
7,13,42,112
7,13,43,176
7,13,44,186
7,13,45,53
7,13,46,200
7,13,47,461
7,13,48,303
7,13,49,431
7,13,50,162
7,13,51,53
7,13,52,163
7,13,53,174
7,13,54,295
7,13,55,313
7,13,56,127
7,13,57,74
7,13,58,111
7,13,59,197
7,13,60,332
7,13,61,174
7,13,62,342
7,13,63,266
7,13,64,263
7,13,65,248
7,13,66,76
7,13,67,256
7,13,68,444
7,13,69,387
7,13,70,100
7,13,71,186
7,13,72,425
7,13,73,156
7,13,74,177
7,13,75,227
7,13,76,336
7,13,77,116
7,13,78,269
7,13,79,107
7,13,80,401
7,13,81,299
7,13,82,453
7,13,83,181
7,13,84,188
7,13,85,358
7,13,86,138
7,13,87,416
7,13,88,222
7,13,89,146
7,13,90,187
7,13,91,459
7,13,92,332
7,13,93,326
7,13,94,471
7,13,95,144
7,13,96,267
7,13,97,175
7,13,98,237
7,13,99,414
7,14,0,334
7,14,1,273
7,14,2,269
7,14,3,178
7,14,4,92
7,14,5,156
7,14,6,260
7,14,7,312
7,14,8,360
7,14,9,293
7,14,10,509
7,14,11,271
7,14,12,364
7,14,13,303
7,14,14,93
7,14,15,530
7,14,16,72
7,14,17,204
7,14,18,307
7,14,19,594
7,14,20,178
7,14,21,295
7,14,22,186
7,14,23,95
7,14,24,356
7,14,25,180
7,14,26,342
7,14,27,369
7,14,28,329
7,14,29,459
7,14,30,294
7,14,31,261
7,14,32,207
7,14,33,222
7,14,34,259
7,14,35,353
7,14,36,494
7,14,37,610
7,14,38,203
7,14,39,381
7,14,40,307
7,14,41,197
7,14,42,257
7,14,43,286
7,14,44,560
7,14,45,234
7,14,46,370
7,14,47,560
7,14,48,133
7,14,49,560
7,14,50,544
7,14,51,498
7,14,52,569
7,14,53,247
7,14,54,167
7,14,55,184
7,14,56,508
7,14,57,317
7,14,58,315
7,14,59,162
7,14,60,627
7,14,61,270
7,14,62,141
7,14,63,586
7,14,64,232
7,14,65,162
7,14,66,158
7,14,67,247
7,14,68,623
7,14,69,532
7,14,70,611
7,14,71,597
7,14,72,243
7,14,73,421
7,14,74,453
7,14,75,437
7,14,76,598
7,14,77,527
7,14,78,346
7,14,79,567
7,14,80,543
7,14,81,433
7,14,82,314
7,14,83,229
7,14,84,619
7,14,85,268
7,14,86,363
7,14,87,596
7,14,88,294
7,14,89,283
7,14,90,459
7,14,91,177
7,14,92,74
7,14,93,530
7,14,94,446
7,14,95,176
7,14,96,100
7,14,97,459
7,14,98,244
7,14,99,392
7,15,0,289
7,15,1,537
7,15,2,373
7,15,3,311
7,15,4,197
7,15,5,366
7,15,6,432
7,15,7,133
7,15,8,370
7,15,9,100
7,15,10,499
7,15,11,464
7,15,12,480
7,15,13,529
7,15,14,193
7,15,15,459
7,15,16,205
7,15,17,512
7,15,18,395
7,15,19,68
7,15,20,577
7,15,21,442
7,15,22,255
7,15,23,441
7,15,24,364
7,15,25,234
7,15,26,156
7,15,27,158
7,15,28,390
7,15,29,198
7,15,30,383
7,15,31,134
7,15,32,530
7,15,33,409
7,15,34,221
7,15,35,179
7,15,36,184
7,15,37,334
7,15,38,417
7,15,39,378
7,15,40,465
7,15,41,93
7,15,42,487
7,15,43,280
7,15,44,362
7,15,45,510
7,15,46,196
7,15,47,344
7,15,48,114
7,15,49,210
7,15,50,205
7,15,51,545
7,15,52,77
7,15,53,266
7,15,54,511
7,15,55,212
7,15,56,211
7,15,57,462
7,15,58,469
7,15,59,457
7,15,60,329
7,15,61,577
7,15,62,235
7,15,63,237
7,15,64,340
7,15,65,228
7,15,66,524
7,15,67,525
7,15,68,482
7,15,69,394
7,15,70,408
7,15,71,475
7,15,72,127
7,15,73,552
7,15,74,165
7,15,75,274
7,15,76,507
7,15,77,252
7,15,78,415
7,15,79,573
7,15,80,277
7,15,81,102
7,15,82,67
7,15,83,471
7,15,84,552
7,15,85,518
7,15,86,242
7,15,87,115
7,15,88,115
7,15,89,446
7,15,90,116
7,15,91,442
7,15,92,238
7,15,93,418
7,15,94,89
7,15,95,500
7,15,96,231
7,15,97,463
7,15,98,172
7,15,99,475
7,16,0,252
7,16,1,196
7,16,2,424
7,16,3,482
7,16,4,86
7,16,5,438
7,16,6,95
7,16,7,393
7,16,8,450
7,16,9,570
7,16,10,405
7,16,11,360
7,16,12,198
7,16,13,133
7,16,14,504
7,16,15,267
7,16,16,322
7,16,17,368
7,16,18,394
7,16,19,511
7,16,20,498
7,16,21,80
7,16,22,460
7,16,23,565
7,16,24,93
7,16,25,590
7,16,26,126
7,16,27,560
7,16,28,225
7,16,29,102
7,16,30,534
7,16,31,466
7,16,32,140
7,16,33,220
7,16,34,430
7,16,35,158
7,16,36,289
7,16,37,98
7,16,38,360
7,16,39,491
7,16,40,184
7,16,41,73
7,16,42,320
7,16,43,225
7,16,44,553
7,16,45,540
7,16,46,485
7,16,47,397
7,16,48,238
7,16,49,398
7,16,50,335
7,16,51,225
7,16,52,489
7,16,53,355
7,16,54,228
7,16,55,236
7,16,56,393
7,16,57,476
7,16,58,521
7,16,59,484
7,16,60,82
7,16,61,354
7,16,62,484
7,16,63,368
7,16,64,237
7,16,65,424
7,16,66,506
7,16,67,128
7,16,68,507
7,16,69,325
7,16,70,174
7,16,71,190
7,16,72,441
7,16,73,591
7,16,74,181
7,16,75,320
7,16,76,529
7,16,77,100
7,16,78,274
7,16,79,332
7,16,80,231
7,16,81,452
7,16,82,566
7,16,83,341
7,16,84,153
7,16,85,353
7,16,86,68
7,16,87,102
7,16,88,257
7,16,89,512
7,16,90,93
7,16,91,552
7,16,92,72
7,16,93,525
7,16,94,379
7,16,95,348
7,16,96,206
7,16,97,451
7,16,98,224
7,16,99,428
7,17,0,198
7,17,1,96
7,17,2,60
7,17,3,243
7,17,4,377
7,17,5,315
7,17,6,475
7,17,7,426
7,17,8,382
7,17,9,378
7,17,10,435
7,17,11,362
7,17,12,169
7,17,13,279
7,17,14,385
7,17,15,264
7,17,16,275
7,17,17,227
7,17,18,317
7,17,19,311
7,17,20,321
7,17,21,465
7,17,22,117
7,17,23,167
7,17,24,223
7,17,25,203
7,17,26,122
7,17,27,477
7,17,28,193
7,17,29,269
7,17,30,180
7,17,31,299
7,17,32,465
7,17,33,406
7,17,34,339
7,17,35,144
7,17,36,397
7,17,37,285
7,17,38,201
7,17,39,391
7,17,40,111
7,17,41,157
7,17,42,220
7,17,43,414
7,17,44,249
7,17,45,467
7,17,46,469
7,17,47,436
7,17,48,75
7,17,49,83
7,17,50,235
7,17,51,92
7,17,52,330
7,17,53,396
7,17,54,444
7,17,55,302
7,17,56,367
7,17,57,175
7,17,58,367
7,17,59,472
7,17,60,71
7,17,61,134
7,17,62,325
7,17,63,292
7,17,64,149
7,17,65,416
7,17,66,111
7,17,67,225
7,17,68,225
7,17,69,243
7,17,70,99
7,17,71,434
7,17,72,112
7,17,73,95
7,17,74,436
7,17,75,114
7,17,76,243
7,17,77,320
7,17,78,440
7,17,79,414
7,17,80,458
7,17,81,312
7,17,82,207
7,17,83,346
7,17,84,178
7,17,85,61
7,17,86,115
7,17,87,112
7,17,88,410
7,17,89,419
7,17,90,167
7,17,91,396
7,17,92,188
7,17,93,266
7,17,94,94
7,17,95,267
7,17,96,413
7,17,97,433
7,17,98,163
7,17,99,147
7,18,0,85
7,18,1,265
7,18,2,143
7,18,3,196
7,18,4,226
7,18,5,100
7,18,6,150
7,18,7,122
7,18,8,292
7,18,9,118
7,18,10,99
7,18,11,71
7,18,12,89
7,18,13,343
7,18,14,147
7,18,15,40
7,18,16,329
7,18,17,283
7,18,18,323
7,18,19,55
7,18,20,68
7,18,21,188
7,18,22,239
7,18,23,78
7,18,24,183
7,18,25,309
7,18,26,251
7,18,27,243
7,18,28,336
7,18,29,284
7,18,30,308
7,18,31,68
7,18,32,210
7,18,33,184
7,18,34,200
7,18,35,192
7,18,36,184
7,18,37,312
7,18,38,340
7,18,39,56
7,18,40,303
7,18,41,139
7,18,42,209
7,18,43,342
7,18,44,138
7,18,45,71
7,18,46,271
7,18,47,280
7,18,48,213
7,18,49,100
7,18,50,347
7,18,51,148
7,18,52,259
7,18,53,318
7,18,54,66
7,18,55,138
7,18,56,310
7,18,57,323
7,18,58,261
7,18,59,194
7,18,60,248
7,18,61,352
7,18,62,154
7,18,63,90
7,18,64,296
7,18,65,323
7,18,66,46
7,18,67,161
7,18,68,210
7,18,69,319
7,18,70,129
7,18,71,266
7,18,72,263
7,18,73,292
7,18,74,314
7,18,75,251
7,18,76,346
7,18,77,210
7,18,78,213
7,18,79,340
7,18,80,347
7,18,81,112
7,18,82,282
7,18,83,317
7,18,84,314
7,18,85,221
7,18,86,257
7,18,87,312
7,18,88,114
7,18,89,309
7,18,90,144
7,18,91,318
7,18,92,138
7,18,93,250
7,18,94,209
7,18,95,63
7,18,96,72
7,18,97,140
7,18,98,85
7,18,99,347
7,19,0,80
7,19,1,250
7,19,2,155
7,19,3,108
7,19,4,307
7,19,5,120
7,19,6,115
7,19,7,71
7,19,8,241
7,19,9,236
7,19,10,265
7,19,11,59
7,19,12,117
7,19,13,261
7,19,14,338
7,19,15,302
7,19,16,126
7,19,17,64
7,19,18,79
7,19,19,335
7,19,20,283
7,19,21,134
7,19,22,141
7,19,23,184
7,19,24,41
7,19,25,236
7,19,26,222
7,19,27,42
7,19,28,187
7,19,29,106
7,19,30,137
7,19,31,338
7,19,32,314
7,19,33,48
7,19,34,66
7,19,35,313
7,19,36,272
7,19,37,320
7,19,38,193
7,19,39,319
7,19,40,166
7,19,41,95
7,19,42,292
7,19,43,232
7,19,44,49
7,19,45,169
7,19,46,200
7,19,47,241
7,19,48,288
7,19,49,61
7,19,50,207
7,19,51,39
7,19,52,262
7,19,53,244
7,19,54,143
7,19,55,60
7,19,56,77
7,19,57,323
7,19,58,221
7,19,59,196
7,19,60,69
7,19,61,80
7,19,62,269
7,19,63,189
7,19,64,51
7,19,65,248
7,19,66,317
7,19,67,262
7,19,68,174
7,19,69,57
7,19,70,129
7,19,71,194
7,19,72,294
7,19,73,320
7,19,74,164
7,19,75,266
7,19,76,150
7,19,77,190
7,19,78,108
7,19,79,153
7,19,80,300
7,19,81,195
7,19,82,291
7,19,83,66
7,19,84,330
7,19,85,42
7,19,86,256
7,19,87,81
7,19,88,52
7,19,89,42
7,19,90,272
7,19,91,173
7,19,92,82
7,19,93,89
7,19,94,301
7,19,95,156
7,19,96,229
7,19,97,263
7,19,98,214
7,19,99,330
7,20,0,52
7,20,1,49
7,20,2,59
7,20,3,17
7,20,4,14
7,20,5,49
7,20,6,62
7,20,7,48
7,20,8,53
7,20,9,60
7,20,10,43
7,20,11,62
7,20,12,72
7,20,13,16
7,20,14,57
7,20,15,16
7,20,16,11
7,20,17,11
7,20,18,46
7,20,19,54
7,20,20,12
7,20,21,22
7,20,22,16
7,20,23,19
7,20,24,46
7,20,25,24
7,20,26,65
7,20,27,16
7,20,28,28
7,20,29,67
7,20,30,52
7,20,31,31
7,20,32,26
7,20,33,48
7,20,34,39
7,20,35,44
7,20,36,8
7,20,37,41
7,20,38,52
7,20,39,19
7,20,40,46
7,20,41,12
7,20,42,48
7,20,43,52
7,20,44,72
7,20,45,69
7,20,46,39
7,20,47,11
7,20,48,49
7,20,49,71
7,20,50,34
7,20,51,53
7,20,52,37
7,20,53,67
7,20,54,41
7,20,55,53
7,20,56,30
7,20,57,46
7,20,58,70
7,20,59,43
7,20,60,17
7,20,61,60
7,20,62,36
7,20,63,26
7,20,64,71
7,20,65,54
7,20,66,67
7,20,67,59
7,20,68,18
7,20,69,47
7,20,70,42
7,20,71,56
7,20,72,25
7,20,73,54
7,20,74,47
7,20,75,61
7,20,76,47
7,20,77,25
7,20,78,8
7,20,79,61
7,20,80,32
7,20,81,21
7,20,82,45
7,20,83,55
7,20,84,26
7,20,85,32
7,20,86,22
7,20,87,27
7,20,88,36
7,20,89,61
7,20,90,21
7,20,91,18
7,20,92,31
7,20,93,62
7,20,94,49
7,20,95,31
7,20,96,27
7,20,97,33
7,20,98,66
7,20,99,42
7,21,0,7
7,21,1,5
7,21,2,22
7,21,3,9
7,21,4,20
7,21,5,18
7,21,6,22
7,21,7,11
7,21,8,4
7,21,9,11
7,21,10,9
7,21,11,21
7,21,12,3
7,21,13,14
7,21,14,14
7,21,15,11
7,21,16,9
7,21,17,9
7,21,18,7
7,21,19,10
7,21,20,11
7,21,21,6
7,21,22,17
7,21,23,18
7,21,24,12
7,21,25,19
7,21,26,22
7,21,27,6
7,21,28,10
7,21,29,11
7,21,30,13
7,21,31,20
7,21,32,13
7,21,33,12
7,21,34,19
7,21,35,23
7,21,36,7
7,21,37,20
7,21,38,11
7,21,39,5
7,21,40,10
7,21,41,7
7,21,42,10
7,21,43,6
7,21,44,11
7,21,45,22
7,21,46,21
7,21,47,9
7,21,48,16
7,21,49,14
7,21,50,22
7,21,51,14
7,21,52,9
7,21,53,18
7,21,54,18
7,21,55,20
7,21,56,8
7,21,57,18
7,21,58,14
7,21,59,18
7,21,60,11
7,21,61,18
7,21,62,19
7,21,63,17
7,21,64,17
7,21,65,22
7,21,66,12
7,21,67,14
7,21,68,5
7,21,69,18
7,21,70,18
7,21,71,8
7,21,72,15
7,21,73,3
7,21,74,17
7,21,75,8
7,21,76,21
7,21,77,20
7,21,78,9
7,21,79,3
7,21,80,21
7,21,81,13
7,21,82,17
7,21,83,8
7,21,84,11
7,21,85,18
7,21,86,3
7,21,87,17
7,21,88,13
7,21,89,5
7,21,90,17
7,21,91,14
7,21,92,12
7,21,93,19
7,21,94,17
7,21,95,15
7,21,96,19
7,21,97,22
7,21,98,15
7,21,99,15
7,22,0,0
7,22,1,0
7,22,2,0
7,22,3,0
7,22,4,0
7,22,5,0
7,22,6,0
7,22,7,0
7,22,8,0
7,22,9,0
7,22,10,0
7,22,11,0
7,22,12,0
7,22,13,0
7,22,14,0
7,22,15,0
7,22,16,0
7,22,17,0
7,22,18,0
7,22,19,0
7,22,20,0
7,22,21,0
7,22,22,0
7,22,23,0
7,22,24,0
7,22,25,0
7,22,26,0
7,22,27,0
7,22,28,0
7,22,29,0
7,22,30,0
7,22,31,0
7,22,32,0
7,22,33,0
7,22,34,0
7,22,35,0
7,22,36,0
7,22,37,0
7,22,38,0
7,22,39,0
7,22,40,0
7,22,41,0
7,22,42,0
7,22,43,0
7,22,44,0
7,22,45,0
7,22,46,0
7,22,47,0
7,22,48,0
7,22,49,0
7,22,50,0
7,22,51,0
7,22,52,0
7,22,53,0
7,22,54,0
7,22,55,0
7,22,56,0
7,22,57,0
7,22,58,0
7,22,59,0
7,22,60,0
7,22,61,0
7,22,62,0
7,22,63,0
7,22,64,0
7,22,65,0
7,22,66,0
7,22,67,0
7,22,68,0
7,22,69,0
7,22,70,0
7,22,71,0
7,22,72,0
7,22,73,0
7,22,74,0
7,22,75,0
7,22,76,0
7,22,77,0
7,22,78,0
7,22,79,0
7,22,80,0
7,22,81,0
7,22,82,0
7,22,83,0
7,22,84,0
7,22,85,0
7,22,86,0
7,22,87,0
7,22,88,0
7,22,89,0
7,22,90,0
7,22,91,0
7,22,92,0
7,22,93,0
7,22,94,0
7,22,95,0
7,22,96,0
7,22,97,0
7,22,98,0
7,22,99,0
7,23,0,0
7,23,1,0
7,23,2,0
7,23,3,0
7,23,4,0
7,23,5,0
7,23,6,0
7,23,7,0
7,23,8,0
7,23,9,0
7,23,10,0
7,23,11,0
7,23,12,0
7,23,13,0
7,23,14,0
7,23,15,0
7,23,16,0
7,23,17,0
7,23,18,0
7,23,19,0
7,23,20,0
7,23,21,0
7,23,22,0
7,23,23,0
7,23,24,0
7,23,25,0
7,23,26,0
7,23,27,0
7,23,28,0
7,23,29,0
7,23,30,0
7,23,31,0
7,23,32,0
7,23,33,0
7,23,34,0
7,23,35,0
7,23,36,0
7,23,37,0
7,23,38,0
7,23,39,0
7,23,40,0
7,23,41,0
7,23,42,0
7,23,43,0
7,23,44,0
7,23,45,0
7,23,46,0
7,23,47,0
7,23,48,0
7,23,49,0
7,23,50,0
7,23,51,0
7,23,52,0
7,23,53,0
7,23,54,0
7,23,55,0
7,23,56,0
7,23,57,0
7,23,58,0
7,23,59,0
7,23,60,0
7,23,61,0
7,23,62,0
7,23,63,0
7,23,64,0
7,23,65,0
7,23,66,0
7,23,67,0
7,23,68,0
7,23,69,0
7,23,70,0
7,23,71,0
7,23,72,0
7,23,73,0
7,23,74,0
7,23,75,0
7,23,76,0
7,23,77,0
7,23,78,0
7,23,79,0
7,23,80,0
7,23,81,0
7,23,82,0
7,23,83,0
7,23,84,0
7,23,85,0
7,23,86,0
7,23,87,0
7,23,88,0
7,23,89,0
7,23,90,0
7,23,91,0
7,23,92,0
7,23,93,0
7,23,94,0
7,23,95,0
7,23,96,0
7,23,97,0
7,23,98,0
7,23,99,0
8,0,0,0
8,0,1,0
8,0,2,0
8,0,3,0
8,0,4,0
8,0,5,0
8,0,6,0
8,0,7,0
8,0,8,0
8,0,9,0
8,0,10,0
8,0,11,0
8,0,12,0
8,0,13,0
8,0,14,0
8,0,15,0
8,0,16,0
8,0,17,0
8,0,18,0
8,0,19,0
8,0,20,0
8,0,21,0
8,0,22,0
8,0,23,0
8,0,24,0
8,0,25,0
8,0,26,0
8,0,27,0
8,0,28,0
8,0,29,0
8,0,30,0
8,0,31,0
8,0,32,0
8,0,33,0
8,0,34,0
8,0,35,0
8,0,36,0
8,0,37,0
8,0,38,0
8,0,39,0
8,0,40,0
8,0,41,0
8,0,42,0
8,0,43,0
8,0,44,0
8,0,45,0
8,0,46,0
8,0,47,0
8,0,48,0
8,0,49,0
8,0,50,0
8,0,51,0
8,0,52,0
8,0,53,0
8,0,54,0
8,0,55,0
8,0,56,0
8,0,57,0
8,0,58,0
8,0,59,0
8,0,60,0
8,0,61,0
8,0,62,0
8,0,63,0
8,0,64,0
8,0,65,0
8,0,66,0
8,0,67,0
8,0,68,0
8,0,69,0
8,0,70,0
8,0,71,0
8,0,72,0
8,0,73,0
8,0,74,0
8,0,75,0
8,0,76,0
8,0,77,0
8,0,78,0
8,0,79,0
8,0,80,0
8,0,81,0
8,0,82,0
8,0,83,0
8,0,84,0
8,0,85,0
8,0,86,0
8,0,87,0
8,0,88,0
8,0,89,0
8,0,90,0
8,0,91,0
8,0,92,0
8,0,93,0
8,0,94,0
8,0,95,0
8,0,96,0
8,0,97,0
8,0,98,0
8,0,99,0
8,1,0,0
8,1,1,0
8,1,2,0
8,1,3,0
8,1,4,0
8,1,5,0
8,1,6,0
8,1,7,0
8,1,8,0
8,1,9,0
8,1,10,0
8,1,11,0
8,1,12,0
8,1,13,0
8,1,14,0
8,1,15,0
8,1,16,0
8,1,17,0
8,1,18,0
8,1,19,0
8,1,20,0
8,1,21,0
8,1,22,0
8,1,23,0
8,1,24,0
8,1,25,0
8,1,26,0
8,1,27,0
8,1,28,0
8,1,29,0
8,1,30,0
8,1,31,0
8,1,32,0
8,1,33,0
8,1,34,0
8,1,35,0
8,1,36,0
8,1,37,0
8,1,38,0
8,1,39,0
8,1,40,0
8,1,41,0
8,1,42,0
8,1,43,0
8,1,44,0
8,1,45,0
8,1,46,0
8,1,47,0
8,1,48,0
8,1,49,0
8,1,50,0
8,1,51,0
8,1,52,0
8,1,53,0
8,1,54,0
8,1,55,0
8,1,56,0
8,1,57,0
8,1,58,0
8,1,59,0
8,1,60,0
8,1,61,0
8,1,62,0
8,1,63,0
8,1,64,0
8,1,65,0
8,1,66,0
8,1,67,0
8,1,68,0
8,1,69,0
8,1,70,0
8,1,71,0
8,1,72,0
8,1,73,0
8,1,74,0
8,1,75,0
8,1,76,0
8,1,77,0
8,1,78,0
8,1,79,0
8,1,80,0
8,1,81,0
8,1,82,0
8,1,83,0
8,1,84,0
8,1,85,0
8,1,86,0
8,1,87,0
8,1,88,0
8,1,89,0
8,1,90,0
8,1,91,0
8,1,92,0
8,1,93,0
8,1,94,0
8,1,95,0
8,1,96,0
8,1,97,0
8,1,98,0
8,1,99,0
8,2,0,0
8,2,1,0
8,2,2,0
8,2,3,0
8,2,4,0
8,2,5,0
8,2,6,0
8,2,7,0
8,2,8,0
8,2,9,0
8,2,10,0
8,2,11,0
8,2,12,0
8,2,13,0
8,2,14,0
8,2,15,0
8,2,16,0
8,2,17,0
8,2,18,0
8,2,19,0
8,2,20,0
8,2,21,0
8,2,22,0
8,2,23,0
8,2,24,0
8,2,25,0
8,2,26,0
8,2,27,0
8,2,28,0
8,2,29,0
8,2,30,0
8,2,31,0
8,2,32,0
8,2,33,0
8,2,34,0
8,2,35,0
8,2,36,0
8,2,37,0
8,2,38,0
8,2,39,0
8,2,40,0
8,2,41,0
8,2,42,0
8,2,43,0
8,2,44,0
8,2,45,0
8,2,46,0
8,2,47,0
8,2,48,0
8,2,49,0
8,2,50,0
8,2,51,0
8,2,52,0
8,2,53,0
8,2,54,0
8,2,55,0
8,2,56,0
8,2,57,0
8,2,58,0
8,2,59,0
8,2,60,0
8,2,61,0
8,2,62,0
8,2,63,0
8,2,64,0
8,2,65,0
8,2,66,0
8,2,67,0
8,2,68,0
8,2,69,0
8,2,70,0
8,2,71,0
8,2,72,0
8,2,73,0
8,2,74,0
8,2,75,0
8,2,76,0
8,2,77,0
8,2,78,0
8,2,79,0
8,2,80,0
8,2,81,0
8,2,82,0
8,2,83,0
8,2,84,0
8,2,85,0
8,2,86,0
8,2,87,0
8,2,88,0
8,2,89,0
8,2,90,0
8,2,91,0
8,2,92,0
8,2,93,0
8,2,94,0
8,2,95,0
8,2,96,0
8,2,97,0
8,2,98,0
8,2,99,0
8,3,0,0
8,3,1,0
8,3,2,0
8,3,3,0
8,3,4,0
8,3,5,0
8,3,6,0
8,3,7,0
8,3,8,0
8,3,9,0
8,3,10,0
8,3,11,0
8,3,12,0
8,3,13,0
8,3,14,0
8,3,15,0
8,3,16,0
8,3,17,0
8,3,18,0
8,3,19,0
8,3,20,0
8,3,21,0
8,3,22,0
8,3,23,0
8,3,24,0
8,3,25,0
8,3,26,0
8,3,27,0
8,3,28,0
8,3,29,0
8,3,30,0
8,3,31,0
8,3,32,0
8,3,33,0
8,3,34,0
8,3,35,0
8,3,36,0
8,3,37,0
8,3,38,0
8,3,39,0
8,3,40,0
8,3,41,0
8,3,42,0
8,3,43,0
8,3,44,0
8,3,45,0
8,3,46,0
8,3,47,0
8,3,48,0
8,3,49,0
8,3,50,0
8,3,51,0
8,3,52,0
8,3,53,0
8,3,54,0
8,3,55,0
8,3,56,0
8,3,57,0
8,3,58,0
8,3,59,0
8,3,60,0
8,3,61,0
8,3,62,0
8,3,63,0
8,3,64,0
8,3,65,0
8,3,66,0
8,3,67,0
8,3,68,0
8,3,69,0
8,3,70,0
8,3,71,0
8,3,72,0
8,3,73,0
8,3,74,0
8,3,75,0
8,3,76,0
8,3,77,0
8,3,78,0
8,3,79,0
8,3,80,0
8,3,81,0
8,3,82,0
8,3,83,0
8,3,84,0
8,3,85,0
8,3,86,0
8,3,87,0
8,3,88,0
8,3,89,0
8,3,90,0
8,3,91,0
8,3,92,0
8,3,93,0
8,3,94,0
8,3,95,0
8,3,96,0
8,3,97,0
8,3,98,0
8,3,99,0
8,4,0,0
8,4,1,0
8,4,2,0
8,4,3,0
8,4,4,0
8,4,5,0
8,4,6,0
8,4,7,0
8,4,8,0
8,4,9,0
8,4,10,0
8,4,11,0
8,4,12,0
8,4,13,0
8,4,14,0
8,4,15,0
8,4,16,0
8,4,17,0
8,4,18,0
8,4,19,0
8,4,20,0
8,4,21,0
8,4,22,0
8,4,23,0
8,4,24,0
8,4,25,0
8,4,26,0
8,4,27,0
8,4,28,0
8,4,29,0
8,4,30,0
8,4,31,0
8,4,32,0
8,4,33,0
8,4,34,0
8,4,35,0
8,4,36,0
8,4,37,0
8,4,38,0
8,4,39,0
8,4,40,0
8,4,41,0
8,4,42,0
8,4,43,0
8,4,44,0
8,4,45,0
8,4,46,0
8,4,47,0
8,4,48,0
8,4,49,0
8,4,50,0
8,4,51,0
8,4,52,0
8,4,53,0
8,4,54,0
8,4,55,0
8,4,56,0
8,4,57,0
8,4,58,0
8,4,59,0
8,4,60,0
8,4,61,0
8,4,62,0
8,4,63,0
8,4,64,0
8,4,65,0
8,4,66,0
8,4,67,0
8,4,68,0
8,4,69,0
8,4,70,0
8,4,71,0
8,4,72,0
8,4,73,0
8,4,74,0
8,4,75,0
8,4,76,0
8,4,77,0
8,4,78,0
8,4,79,0
8,4,80,0
8,4,81,0
8,4,82,0
8,4,83,0
8,4,84,0
8,4,85,0
8,4,86,0
8,4,87,0
8,4,88,0
8,4,89,0
8,4,90,0
8,4,91,0
8,4,92,0
8,4,93,0
8,4,94,0
8,4,95,0
8,4,96,0
8,4,97,0
8,4,98,0
8,4,99,0
8,5,0,1
8,5,1,0
8,5,2,1
8,5,3,1
8,5,4,0
8,5,5,1
8,5,6,1
8,5,7,1
8,5,8,1
8,5,9,0
8,5,10,1
8,5,11,1
8,5,12,0
8,5,13,1
8,5,14,1
8,5,15,1
8,5,16,1
8,5,17,1
8,5,18,1
8,5,19,1
8,5,20,0
8,5,21,0
8,5,22,1
8,5,23,0
8,5,24,1
8,5,25,1
8,5,26,1
8,5,27,1
8,5,28,1
8,5,29,1
8,5,30,1
8,5,31,1
8,5,32,1
8,5,33,1
8,5,34,0
8,5,35,1
8,5,36,1
8,5,37,1
8,5,38,1
8,5,39,1
8,5,40,1
8,5,41,1
8,5,42,1
8,5,43,1
8,5,44,0
8,5,45,0
8,5,46,1
8,5,47,1
8,5,48,0
8,5,49,0
8,5,50,1
8,5,51,0
8,5,52,1
8,5,53,1
8,5,54,1
8,5,55,1
8,5,56,0
8,5,57,1
8,5,58,1
8,5,59,1
8,5,60,1
8,5,61,1
8,5,62,0
8,5,63,0
8,5,64,1
8,5,65,1
8,5,66,0
8,5,67,0
8,5,68,1
8,5,69,1
8,5,70,0
8,5,71,1
8,5,72,1
8,5,73,1
8,5,74,0
8,5,75,1
8,5,76,1
8,5,77,0
8,5,78,1
8,5,79,0
8,5,80,0
8,5,81,1
8,5,82,1
8,5,83,1
8,5,84,0
8,5,85,1
8,5,86,1
8,5,87,1
8,5,88,0
8,5,89,0
8,5,90,0
8,5,91,0
8,5,92,1
8,5,93,1
8,5,94,1
8,5,95,1
8,5,96,1
8,5,97,1
8,5,98,1
8,5,99,1
8,6,0,4
8,6,1,3
8,6,2,5
8,6,3,1
8,6,4,3
8,6,5,2
8,6,6,5
8,6,7,2
8,6,8,3
8,6,9,3
8,6,10,1
8,6,11,2
8,6,12,3
8,6,13,3
8,6,14,4
8,6,15,2
8,6,16,1
8,6,17,4
8,6,18,2
8,6,19,3
8,6,20,4
8,6,21,2
8,6,22,1
8,6,23,1
8,6,24,2
8,6,25,3
8,6,26,5
8,6,27,3
8,6,28,1
8,6,29,4
8,6,30,1
8,6,31,2
8,6,32,4
8,6,33,1
8,6,34,5
8,6,35,3
8,6,36,3
8,6,37,2
8,6,38,4
8,6,39,1
8,6,40,3
8,6,41,4
8,6,42,2
8,6,43,2
8,6,44,3
8,6,45,3
8,6,46,4
8,6,47,3
8,6,48,4
8,6,49,1
8,6,50,1
8,6,51,1
8,6,52,2
8,6,53,4
8,6,54,5
8,6,55,3
8,6,56,4
8,6,57,1
8,6,58,5
8,6,59,3
8,6,60,4
8,6,61,3
8,6,62,2
8,6,63,4
8,6,64,1
8,6,65,4
8,6,66,2
8,6,67,2
8,6,68,2
8,6,69,1
8,6,70,2
8,6,71,2
8,6,72,4
8,6,73,1
8,6,74,4
8,6,75,1
8,6,76,3
8,6,77,4
8,6,78,1
8,6,79,4
8,6,80,2
8,6,81,2
8,6,82,1
8,6,83,2
8,6,84,2
8,6,85,2
8,6,86,2
8,6,87,4
8,6,88,3
8,6,89,2
8,6,90,1
8,6,91,1
8,6,92,1
8,6,93,1
8,6,94,2
8,6,95,3
8,6,96,2
8,6,97,4
8,6,98,3
8,6,99,1
8,7,0,25
8,7,1,33
8,7,2,14
8,7,3,13
8,7,4,13
8,7,5,38
8,7,6,34
8,7,7,25
8,7,8,29
8,7,9,30
8,7,10,21
8,7,11,13
8,7,12,30
8,7,13,22
8,7,14,33
8,7,15,36
8,7,16,36
8,7,17,12
8,7,18,13
8,7,19,10
8,7,20,30
8,7,21,24
8,7,22,36
8,7,23,20
8,7,24,20
8,7,25,17
8,7,26,37
8,7,27,7
8,7,28,17
8,7,29,38
8,7,30,39
8,7,31,25
8,7,32,19
8,7,33,17
8,7,34,29
8,7,35,27
8,7,36,11
8,7,37,25
8,7,38,25
8,7,39,13
8,7,40,11
8,7,41,8
8,7,42,33
8,7,43,8
8,7,44,22
8,7,45,13
8,7,46,13
8,7,47,13
8,7,48,30
8,7,49,17
8,7,50,8
8,7,51,15
8,7,52,29
8,7,53,24
8,7,54,9
8,7,55,23
8,7,56,30
8,7,57,36
8,7,58,13
8,7,59,36
8,7,60,34
8,7,61,32
8,7,62,21
8,7,63,31
8,7,64,14
8,7,65,24
8,7,66,21
8,7,67,26
8,7,68,17
8,7,69,22
8,7,70,34
8,7,71,6
8,7,72,6
8,7,73,12
8,7,74,10
8,7,75,29
8,7,76,17
8,7,77,16
8,7,78,10
8,7,79,29
8,7,80,30
8,7,81,35
8,7,82,37
8,7,83,6
8,7,84,31
8,7,85,7
8,7,86,30
8,7,87,14
8,7,88,20
8,7,89,20
8,7,90,22
8,7,91,33
8,7,92,29
8,7,93,22
8,7,94,6
8,7,95,10
8,7,96,20
8,7,97,6
8,7,98,28
8,7,99,15
8,8,0,66
8,8,1,47
8,8,2,71
8,8,3,76
8,8,4,68
8,8,5,80
8,8,6,44
8,8,7,37
8,8,8,21
8,8,9,35
8,8,10,73
8,8,11,75
8,8,12,23
8,8,13,50
8,8,14,27
8,8,15,66
8,8,16,48
8,8,17,73
8,8,18,50
8,8,19,18
8,8,20,41
8,8,21,11
8,8,22,59
8,8,23,17
8,8,24,35
8,8,25,23
8,8,26,22
8,8,27,39
8,8,28,63
8,8,29,68
8,8,30,50
8,8,31,31
8,8,32,31
8,8,33,57
8,8,34,18
8,8,35,40
8,8,36,11
8,8,37,69
8,8,38,46
8,8,39,38
8,8,40,51
8,8,41,17
8,8,42,30
8,8,43,32
8,8,44,46
8,8,45,21
8,8,46,43
8,8,47,58
8,8,48,23
8,8,49,61
8,8,50,13
8,8,51,76
8,8,52,63
8,8,53,21
8,8,54,44
8,8,55,25
8,8,56,9
8,8,57,38
8,8,58,41
8,8,59,79
8,8,60,28
8,8,61,18
8,8,62,41
8,8,63,42
8,8,64,18
8,8,65,34
8,8,66,39
8,8,67,67
8,8,68,26
8,8,69,56
8,8,70,60
8,8,71,28
8,8,72,46
8,8,73,60
8,8,74,10
8,8,75,32
8,8,76,60
8,8,77,53
8,8,78,54
8,8,79,73
8,8,80,59
8,8,81,38
8,8,82,52
8,8,83,69
8,8,84,56
8,8,85,74
8,8,86,49
8,8,87,57
8,8,88,21
8,8,89,49
8,8,90,57
8,8,91,52
8,8,92,48
8,8,93,76
8,8,94,41
8,8,95,14
8,8,96,62
8,8,97,39
8,8,98,20
8,8,99,69
8,9,0,38
8,9,1,98
8,9,2,48
8,9,3,85
8,9,4,62
8,9,5,64
8,9,6,25
8,9,7,41
8,9,8,26
8,9,9,43
8,9,10,72
8,9,11,21
8,9,12,69
8,9,13,76
8,9,14,20
8,9,15,84
8,9,16,46
8,9,17,17
8,9,18,20
8,9,19,21
8,9,20,102
8,9,21,67
8,9,22,105
8,9,23,41
8,9,24,16
8,9,25,17
8,9,26,35
8,9,27,63
8,9,28,83
8,9,29,31
8,9,30,52
8,9,31,97
8,9,32,27
8,9,33,39
8,9,34,62
8,9,35,86
8,9,36,88
8,9,37,102
8,9,38,103
8,9,39,41
8,9,40,31
8,9,41,48
8,9,42,16
8,9,43,24
8,9,44,21
8,9,45,87
8,9,46,75
8,9,47,44
8,9,48,65
8,9,49,96
8,9,50,23
8,9,51,40
8,9,52,96
8,9,53,28
8,9,54,80
8,9,55,26
8,9,56,24
8,9,57,35
8,9,58,53
8,9,59,81
8,9,60,58
8,9,61,55
8,9,62,75
8,9,63,86
8,9,64,105
8,9,65,49
8,9,66,24
8,9,67,18
8,9,68,16
8,9,69,22
8,9,70,38
8,9,71,19
8,9,72,71
8,9,73,26
8,9,74,15
8,9,75,83
8,9,76,104
8,9,77,95
8,9,78,95
8,9,79,67
8,9,80,16
8,9,81,77
8,9,82,59
8,9,83,22
8,9,84,48
8,9,85,51
8,9,86,20
8,9,87,105
8,9,88,86
8,9,89,31
8,9,90,65
8,9,91,45
8,9,92,34
8,9,93,78
8,9,94,102
8,9,95,46
8,9,96,55
8,9,97,105
8,9,98,27
8,9,99,34
8,10,0,52
8,10,1,44
8,10,2,144
8,10,3,149
8,10,4,148
8,10,5,156
8,10,6,126
8,10,7,147
8,10,8,110
8,10,9,35
8,10,10,124
8,10,11,159
8,10,12,102
8,10,13,95
8,10,14,86
8,10,15,57
8,10,16,56
8,10,17,21
8,10,18,153
8,10,19,68
8,10,20,124
8,10,21,63
8,10,22,52
8,10,23,86
8,10,24,36
8,10,25,71
8,10,26,58
8,10,27,109
8,10,28,112
8,10,29,76
8,10,30,64
8,10,31,86
8,10,32,110
8,10,33,35
8,10,34,87
8,10,35,38
8,10,36,37
8,10,37,107
8,10,38,145
8,10,39,79
8,10,40,45
8,10,41,78
8,10,42,49
8,10,43,55
8,10,44,50
8,10,45,104
8,10,46,51
8,10,47,155
8,10,48,131
8,10,49,50
8,10,50,44
8,10,51,145
8,10,52,146
8,10,53,54
8,10,54,137
8,10,55,160
8,10,56,32
8,10,57,20
8,10,58,102
8,10,59,79
8,10,60,147
8,10,61,108
8,10,62,60
8,10,63,59
8,10,64,71
8,10,65,71
8,10,66,49
8,10,67,72
8,10,68,79
8,10,69,157
8,10,70,76
8,10,71,79
8,10,72,92
8,10,73,154
8,10,74,99
8,10,75,82
8,10,76,134
8,10,77,27
8,10,78,116
8,10,79,38
8,10,80,46
8,10,81,68
8,10,82,158
8,10,83,57
8,10,84,154
8,10,85,74
8,10,86,42
8,10,87,134
8,10,88,28
8,10,89,136
8,10,90,18
8,10,91,20
8,10,92,57
8,10,93,75
8,10,94,153
8,10,95,158
8,10,96,55
8,10,97,102
8,10,98,137
8,10,99,71
8,11,0,131
8,11,1,81
8,11,2,90
8,11,3,102
8,11,4,144
8,11,5,125
8,11,6,43
8,11,7,44
8,11,8,57
8,11,9,63
8,11,10,52
8,11,11,95
8,11,12,118
8,11,13,95
8,11,14,59
8,11,15,143
8,11,16,21
8,11,17,67
8,11,18,128
8,11,19,73
8,11,20,46
8,11,21,129
8,11,22,72
8,11,23,33
8,11,24,19
8,11,25,54
8,11,26,137
8,11,27,111
8,11,28,138
8,11,29,110
8,11,30,109
8,11,31,34
8,11,32,98
8,11,33,120
8,11,34,39
8,11,35,60
8,11,36,114
8,11,37,91
8,11,38,24
8,11,39,69
8,11,40,120
8,11,41,33
8,11,42,105
8,11,43,141
8,11,44,69
8,11,45,118
8,11,46,36
8,11,47,41
8,11,48,104
8,11,49,95
8,11,50,39
8,11,51,82
8,11,52,78
8,11,53,38
8,11,54,111
8,11,55,121
8,11,56,127
8,11,57,31
8,11,58,92
8,11,59,134
8,11,60,122
8,11,61,106
8,11,62,49
8,11,63,90
8,11,64,126
8,11,65,51
8,11,66,76
8,11,67,116
8,11,68,80
8,11,69,118
8,11,70,140
8,11,71,24
8,11,72,144
8,11,73,109
8,11,74,118
8,11,75,68
8,11,76,102
8,11,77,50
8,11,78,128
8,11,79,112
8,11,80,83
8,11,81,67
8,11,82,130
8,11,83,114
8,11,84,133
8,11,85,48
8,11,86,95
8,11,87,113
8,11,88,51
8,11,89,154
8,11,90,108
8,11,91,138
8,11,92,96
8,11,93,149
8,11,94,74
8,11,95,38
8,11,96,144
8,11,97,57
8,11,98,30
8,11,99,24
8,12,0,104
8,12,1,136
8,12,2,105
8,12,3,95
8,12,4,94
8,12,5,179
8,12,6,132
8,12,7,42
8,12,8,74
8,12,9,80
8,12,10,65
8,12,11,163
8,12,12,176
8,12,13,170
8,12,14,117
8,12,15,163
8,12,16,122
8,12,17,104
8,12,18,28
8,12,19,180
8,12,20,85
8,12,21,26
8,12,22,132
8,12,23,152
8,12,24,88
8,12,25,159
8,12,26,140
8,12,27,170
8,12,28,144
8,12,29,176
8,12,30,70
8,12,31,21
8,12,32,184
8,12,33,143
8,12,34,77
8,12,35,80
8,12,36,25
8,12,37,74
8,12,38,87
8,12,39,163
8,12,40,111
8,12,41,67
8,12,42,171
8,12,43,153
8,12,44,95
8,12,45,63
8,12,46,97
8,12,47,155
8,12,48,86
8,12,49,188
8,12,50,164
8,12,51,85
8,12,52,35
8,12,53,144
8,12,54,125
8,12,55,166
8,12,56,127
8,12,57,96
8,12,58,94
8,12,59,69
8,12,60,173
8,12,61,187
8,12,62,90
8,12,63,171
8,12,64,167
8,12,65,136
8,12,66,97
8,12,67,101
8,12,68,87
8,12,69,52
8,12,70,41
8,12,71,30
8,12,72,178
8,12,73,163
8,12,74,27
8,12,75,140
8,12,76,61
8,12,77,171
8,12,78,183
8,12,79,185
8,12,80,138
8,12,81,90
8,12,82,27
8,12,83,52
8,12,84,53
8,12,85,136
8,12,86,63
8,12,87,50
8,12,88,154
8,12,89,124
8,12,90,72
8,12,91,90
8,12,92,134
8,12,93,188
8,12,94,69
8,12,95,64
8,12,96,171
8,12,97,60
8,12,98,104
8,12,99,165
8,13,0,126
8,13,1,22
8,13,2,86
8,13,3,24
8,13,4,79
8,13,5,49
8,13,6,118
8,13,7,40
8,13,8,57
8,13,9,113
8,13,10,65
8,13,11,161
8,13,12,56
8,13,13,63
8,13,14,83
8,13,15,31
8,13,16,136
8,13,17,117
8,13,18,124
8,13,19,147
8,13,20,112
8,13,21,64
8,13,22,122
8,13,23,85
8,13,24,151
8,13,25,149
8,13,26,114
8,13,27,74
8,13,28,134
8,13,29,42
8,13,30,82
8,13,31,115
8,13,32,64
8,13,33,173
8,13,34,160
8,13,35,104
8,13,36,23
8,13,37,126
8,13,38,119
8,13,39,134
8,13,40,137
8,13,41,129
8,13,42,147
8,13,43,110
8,13,44,124
8,13,45,168
8,13,46,48
8,13,47,174
8,13,48,88
8,13,49,32
8,13,50,32
8,13,51,142
8,13,52,153
8,13,53,70
8,13,54,154
8,13,55,168
8,13,56,49
8,13,57,119
8,13,58,42
8,13,59,105
8,13,60,157
8,13,61,37
8,13,62,138
8,13,63,100
8,13,64,132
8,13,65,71
8,13,66,140
8,13,67,163
8,13,68,95
8,13,69,130
8,13,70,142
8,13,71,79
8,13,72,71
8,13,73,55
8,13,74,84
8,13,75,152
8,13,76,71
8,13,77,41
8,13,78,39
8,13,79,50
8,13,80,140
8,13,81,161
8,13,82,98
8,13,83,73
8,13,84,164
8,13,85,105
8,13,86,76
8,13,87,33
8,13,88,36
8,13,89,76
8,13,90,52
8,13,91,92
8,13,92,107
8,13,93,160
8,13,94,80
8,13,95,40
8,13,96,142
8,13,97,129
8,13,98,32
8,13,99,98
8,14,0,22
8,14,1,123
8,14,2,61
8,14,3,33
8,14,4,54
8,14,5,16
8,14,6,118
8,14,7,22
8,14,8,48
8,14,9,82
8,14,10,38
8,14,11,128
8,14,12,43
8,14,13,49
8,14,14,35
8,14,15,48
8,14,16,42
8,14,17,134
8,14,18,54
8,14,19,129
8,14,20,128
8,14,21,24
8,14,22,33
8,14,23,69
8,14,24,79
8,14,25,124
8,14,26,65
8,14,27,101
8,14,28,95
8,14,29,82
8,14,30,21
8,14,31,126
8,14,32,122
8,14,33,108
8,14,34,133
8,14,35,125
8,14,36,84
8,14,37,134
8,14,38,21
8,14,39,74
8,14,40,77
8,14,41,17
8,14,42,19
8,14,43,63
8,14,44,55
8,14,45,64
8,14,46,101
8,14,47,81
8,14,48,39
8,14,49,120
8,14,50,134
8,14,51,101
8,14,52,88
8,14,53,43
8,14,54,133
8,14,55,62
8,14,56,47
8,14,57,47
8,14,58,101
8,14,59,105
8,14,60,123
8,14,61,126
8,14,62,42
8,14,63,63
8,14,64,86
8,14,65,29
8,14,66,51
8,14,67,25
8,14,68,118
8,14,69,94
8,14,70,39
8,14,71,124
8,14,72,74
8,14,73,25
8,14,74,117
8,14,75,25
8,14,76,56
8,14,77,131
8,14,78,20
8,14,79,20
8,14,80,101
8,14,81,74
8,14,82,31
8,14,83,96
8,14,84,34
8,14,85,28
8,14,86,28
8,14,87,72
8,14,88,69
8,14,89,99
8,14,90,29
8,14,91,122
8,14,92,111
8,14,93,98
8,14,94,80
8,14,95,60
8,14,96,92
8,14,97,47
8,14,98,69
8,14,99,127
8,15,0,65
8,15,1,132
8,15,2,29
8,15,3,24
8,15,4,114
8,15,5,18
8,15,6,32
8,15,7,87
8,15,8,129
8,15,9,43
8,15,10,131
8,15,11,24
8,15,12,121
8,15,13,24
8,15,14,105
8,15,15,77
8,15,16,41
8,15,17,41
8,15,18,109
8,15,19,44
8,15,20,100
8,15,21,83
8,15,22,78
8,15,23,112
8,15,24,53
8,15,25,17
8,15,26,75
8,15,27,86
8,15,28,118
8,15,29,118
8,15,30,17
8,15,31,39
8,15,32,122
8,15,33,82
8,15,34,80
8,15,35,44
8,15,36,107
8,15,37,33
8,15,38,95
8,15,39,139
8,15,40,90
8,15,41,71
8,15,42,116
8,15,43,24
8,15,44,48
8,15,45,20
8,15,46,132
8,15,47,115
8,15,48,141
8,15,49,139
8,15,50,24
8,15,51,50
8,15,52,65
8,15,53,18
8,15,54,49
8,15,55,38
8,15,56,140
8,15,57,67
8,15,58,58
8,15,59,116
8,15,60,139
8,15,61,32
8,15,62,61
8,15,63,85
8,15,64,46
8,15,65,18
8,15,66,138
8,15,67,70
8,15,68,102
8,15,69,57
8,15,70,23
8,15,71,28
8,15,72,67
8,15,73,119
8,15,74,94
8,15,75,112
8,15,76,133
8,15,77,83
8,15,78,73
8,15,79,19
8,15,80,61
8,15,81,101
8,15,82,43
8,15,83,124
8,15,84,36
8,15,85,123
8,15,86,108
8,15,87,85
8,15,88,60
8,15,89,38
8,15,90,61
8,15,91,101
8,15,92,38
8,15,93,78
8,15,94,55
8,15,95,139
8,15,96,111
8,15,97,34
8,15,98,140
8,15,99,34
8,16,0,51
8,16,1,37
8,16,2,65
8,16,3,86
8,16,4,76
8,16,5,47
8,16,6,52
8,16,7,71
8,16,8,46
8,16,9,20
8,16,10,59
8,16,11,90
8,16,12,39
8,16,13,23
8,16,14,55
8,16,15,13
8,16,16,88
8,16,17,57
8,16,18,37
8,16,19,18
8,16,20,87
8,16,21,42
8,16,22,63
8,16,23,85
8,16,24,73
8,16,25,72
8,16,26,50
8,16,27,80
8,16,28,21
8,16,29,12
8,16,30,30
8,16,31,13
8,16,32,83
8,16,33,82
8,16,34,80
8,16,35,26
8,16,36,17
8,16,37,53
8,16,38,63
8,16,39,22
8,16,40,74
8,16,41,54
8,16,42,29
8,16,43,82
8,16,44,62
8,16,45,20
8,16,46,69
8,16,47,55
8,16,48,91
8,16,49,33
8,16,50,45
8,16,51,53
8,16,52,19
8,16,53,29
8,16,54,70
8,16,55,83
8,16,56,75
8,16,57,82
8,16,58,37
8,16,59,32
8,16,60,84
8,16,61,21
8,16,62,60
8,16,63,75
8,16,64,76
8,16,65,47
8,16,66,50
8,16,67,28
8,16,68,79
8,16,69,39
8,16,70,88
8,16,71,28
8,16,72,40
8,16,73,18
8,16,74,28
8,16,75,40
8,16,76,23
8,16,77,60
8,16,78,30
8,16,79,84
8,16,80,66
8,16,81,12
8,16,82,84
8,16,83,76
8,16,84,43
8,16,85,33
8,16,86,61
8,16,87,24
8,16,88,66
8,16,89,54
8,16,90,40
8,16,91,24
8,16,92,74
8,16,93,58
8,16,94,25
8,16,95,61
8,16,96,57
8,16,97,37
8,16,98,39
8,16,99,38
8,17,0,27
8,17,1,8
8,17,2,13
8,17,3,27
8,17,4,17
8,17,5,9
8,17,6,10
8,17,7,13
8,17,8,16
8,17,9,24
8,17,10,10
8,17,11,8
8,17,12,17
8,17,13,18
8,17,14,16
8,17,15,23
8,17,16,20
8,17,17,20
8,17,18,25
8,17,19,18
8,17,20,6
8,17,21,26
8,17,22,26
8,17,23,10
8,17,24,17
8,17,25,18
8,17,26,16
8,17,27,5
8,17,28,15
8,17,29,27
8,17,30,8
8,17,31,24
8,17,32,18
8,17,33,12
8,17,34,17
8,17,35,17
8,17,36,16
8,17,37,26
8,17,38,16
8,17,39,13
8,17,40,19
8,17,41,19
8,17,42,18
8,17,43,11
8,17,44,12
8,17,45,20
8,17,46,14
8,17,47,24
8,17,48,7
8,17,49,10
8,17,50,15
8,17,51,15
8,17,52,16
8,17,53,24
8,17,54,7
8,17,55,13
8,17,56,5
8,17,57,17
8,17,58,4
8,17,59,8
8,17,60,16
8,17,61,4
8,17,62,24
8,17,63,19
8,17,64,24
8,17,65,12
8,17,66,25
8,17,67,6
8,17,68,4
8,17,69,5
8,17,70,27
8,17,71,27
8,17,72,26
8,17,73,9
8,17,74,21
8,17,75,3
8,17,76,7
8,17,77,5
8,17,78,20
8,17,79,19
8,17,80,23
8,17,81,25
8,17,82,23
8,17,83,18
8,17,84,7
8,17,85,9
8,17,86,20
8,17,87,17
8,17,88,5
8,17,89,17
8,17,90,17
8,17,91,7
8,17,92,6
8,17,93,14
8,17,94,14
8,17,95,18
8,17,96,12
8,17,97,5
8,17,98,14
8,17,99,18
8,18,0,5
8,18,1,3
8,18,2,4
8,18,3,5
8,18,4,6
8,18,5,6
8,18,6,4
8,18,7,2
8,18,8,7
8,18,9,4
8,18,10,6
8,18,11,7
8,18,12,3
8,18,13,3
8,18,14,6
8,18,15,6
8,18,16,2
8,18,17,3
8,18,18,7
8,18,19,7
8,18,20,1
8,18,21,1
8,18,22,1
8,18,23,5
8,18,24,6
8,18,25,4
8,18,26,1
8,18,27,5
8,18,28,6
8,18,29,2
8,18,30,7
8,18,31,7
8,18,32,4
8,18,33,4
8,18,34,4
8,18,35,3
8,18,36,6
8,18,37,6
8,18,38,7
8,18,39,4
8,18,40,2
8,18,41,4
8,18,42,3
8,18,43,2
8,18,44,6
8,18,45,2
8,18,46,2
8,18,47,5
8,18,48,5
8,18,49,1
8,18,50,7
8,18,51,6
8,18,52,1
8,18,53,3
8,18,54,3
8,18,55,2
8,18,56,7
8,18,57,5
8,18,58,4
8,18,59,3
8,18,60,7
8,18,61,1
8,18,62,4
8,18,63,7
8,18,64,7
8,18,65,1
8,18,66,6
8,18,67,4
8,18,68,7
8,18,69,7
8,18,70,2
8,18,71,2
8,18,72,6
8,18,73,5
8,18,74,6
8,18,75,6
8,18,76,6
8,18,77,4
8,18,78,4
8,18,79,7
8,18,80,6
8,18,81,1
8,18,82,5
8,18,83,5
8,18,84,4
8,18,85,4
8,18,86,5
8,18,87,6
8,18,88,2
8,18,89,6
8,18,90,1
8,18,91,2
8,18,92,2
8,18,93,4
8,18,94,6
8,18,95,5
8,18,96,1
8,18,97,5
8,18,98,6
8,18,99,3
8,19,0,0
8,19,1,0
8,19,2,0
8,19,3,0
8,19,4,0
8,19,5,0
8,19,6,0
8,19,7,0
8,19,8,0
8,19,9,0
8,19,10,0
8,19,11,0
8,19,12,0
8,19,13,0
8,19,14,0
8,19,15,0
8,19,16,0
8,19,17,0
8,19,18,0
8,19,19,0
8,19,20,0
8,19,21,0
8,19,22,0
8,19,23,0
8,19,24,0
8,19,25,0
8,19,26,0
8,19,27,0
8,19,28,0
8,19,29,0
8,19,30,0
8,19,31,0
8,19,32,0
8,19,33,0
8,19,34,0
8,19,35,0
8,19,36,0
8,19,37,0
8,19,38,0
8,19,39,0
8,19,40,0
8,19,41,0
8,19,42,0
8,19,43,0
8,19,44,0
8,19,45,0
8,19,46,0
8,19,47,0
8,19,48,0
8,19,49,0
8,19,50,0
8,19,51,0
8,19,52,0
8,19,53,0
8,19,54,0
8,19,55,0
8,19,56,0
8,19,57,0
8,19,58,0
8,19,59,0
8,19,60,0
8,19,61,0
8,19,62,0
8,19,63,0
8,19,64,0
8,19,65,0
8,19,66,0
8,19,67,0
8,19,68,0
8,19,69,0
8,19,70,0
8,19,71,0
8,19,72,0
8,19,73,0
8,19,74,0
8,19,75,0
8,19,76,0
8,19,77,0
8,19,78,0
8,19,79,0
8,19,80,0
8,19,81,0
8,19,82,0
8,19,83,0
8,19,84,0
8,19,85,0
8,19,86,0
8,19,87,0
8,19,88,0
8,19,89,0
8,19,90,0
8,19,91,0
8,19,92,0
8,19,93,0
8,19,94,0
8,19,95,0
8,19,96,0
8,19,97,0
8,19,98,0
8,19,99,0
8,20,0,0
8,20,1,0
8,20,2,0
8,20,3,0
8,20,4,0
8,20,5,0
8,20,6,0
8,20,7,0
8,20,8,0
8,20,9,0
8,20,10,0
8,20,11,0
8,20,12,0
8,20,13,0
8,20,14,0
8,20,15,0
8,20,16,0
8,20,17,0
8,20,18,0
8,20,19,0
8,20,20,0
8,20,21,0
8,20,22,0
8,20,23,0
8,20,24,0
8,20,25,0
8,20,26,0
8,20,27,0
8,20,28,0
8,20,29,0
8,20,30,0
8,20,31,0
8,20,32,0
8,20,33,0
8,20,34,0
8,20,35,0
8,20,36,0
8,20,37,0
8,20,38,0
8,20,39,0
8,20,40,0
8,20,41,0
8,20,42,0
8,20,43,0
8,20,44,0
8,20,45,0
8,20,46,0
8,20,47,0
8,20,48,0
8,20,49,0
8,20,50,0
8,20,51,0
8,20,52,0
8,20,53,0
8,20,54,0
8,20,55,0
8,20,56,0
8,20,57,0
8,20,58,0
8,20,59,0
8,20,60,0
8,20,61,0
8,20,62,0
8,20,63,0
8,20,64,0
8,20,65,0
8,20,66,0
8,20,67,0
8,20,68,0
8,20,69,0
8,20,70,0
8,20,71,0
8,20,72,0
8,20,73,0
8,20,74,0
8,20,75,0
8,20,76,0
8,20,77,0
8,20,78,0
8,20,79,0
8,20,80,0
8,20,81,0
8,20,82,0
8,20,83,0
8,20,84,0
8,20,85,0
8,20,86,0
8,20,87,0
8,20,88,0
8,20,89,0
8,20,90,0
8,20,91,0
8,20,92,0
8,20,93,0
8,20,94,0
8,20,95,0
8,20,96,0
8,20,97,0
8,20,98,0
8,20,99,0
8,21,0,0
8,21,1,0
8,21,2,0
8,21,3,0
8,21,4,0
8,21,5,0
8,21,6,0
8,21,7,0
8,21,8,0
8,21,9,0
8,21,10,0
8,21,11,0
8,21,12,0
8,21,13,0
8,21,14,0
8,21,15,0
8,21,16,0
8,21,17,0
8,21,18,0
8,21,19,0
8,21,20,0
8,21,21,0
8,21,22,0
8,21,23,0
8,21,24,0
8,21,25,0
8,21,26,0
8,21,27,0
8,21,28,0
8,21,29,0
8,21,30,0
8,21,31,0
8,21,32,0
8,21,33,0
8,21,34,0
8,21,35,0
8,21,36,0
8,21,37,0
8,21,38,0
8,21,39,0
8,21,40,0
8,21,41,0
8,21,42,0
8,21,43,0
8,21,44,0
8,21,45,0
8,21,46,0
8,21,47,0
8,21,48,0
8,21,49,0
8,21,50,0
8,21,51,0
8,21,52,0
8,21,53,0
8,21,54,0
8,21,55,0
8,21,56,0
8,21,57,0
8,21,58,0
8,21,59,0
8,21,60,0
8,21,61,0
8,21,62,0
8,21,63,0
8,21,64,0
8,21,65,0
8,21,66,0
8,21,67,0
8,21,68,0
8,21,69,0
8,21,70,0
8,21,71,0
8,21,72,0
8,21,73,0
8,21,74,0
8,21,75,0
8,21,76,0
8,21,77,0
8,21,78,0
8,21,79,0
8,21,80,0
8,21,81,0
8,21,82,0
8,21,83,0
8,21,84,0
8,21,85,0
8,21,86,0
8,21,87,0
8,21,88,0
8,21,89,0
8,21,90,0
8,21,91,0
8,21,92,0
8,21,93,0
8,21,94,0
8,21,95,0
8,21,96,0
8,21,97,0
8,21,98,0
8,21,99,0
8,22,0,0
8,22,1,0
8,22,2,0
8,22,3,0
8,22,4,0
8,22,5,0
8,22,6,0
8,22,7,0
8,22,8,0
8,22,9,0
8,22,10,0
8,22,11,0
8,22,12,0
8,22,13,0
8,22,14,0
8,22,15,0
8,22,16,0
8,22,17,0
8,22,18,0
8,22,19,0
8,22,20,0
8,22,21,0
8,22,22,0
8,22,23,0
8,22,24,0
8,22,25,0
8,22,26,0
8,22,27,0
8,22,28,0
8,22,29,0
8,22,30,0
8,22,31,0
8,22,32,0
8,22,33,0
8,22,34,0
8,22,35,0
8,22,36,0
8,22,37,0
8,22,38,0
8,22,39,0
8,22,40,0
8,22,41,0
8,22,42,0
8,22,43,0
8,22,44,0
8,22,45,0
8,22,46,0
8,22,47,0
8,22,48,0
8,22,49,0
8,22,50,0
8,22,51,0
8,22,52,0
8,22,53,0
8,22,54,0
8,22,55,0
8,22,56,0
8,22,57,0
8,22,58,0
8,22,59,0
8,22,60,0
8,22,61,0
8,22,62,0
8,22,63,0
8,22,64,0
8,22,65,0
8,22,66,0
8,22,67,0
8,22,68,0
8,22,69,0
8,22,70,0
8,22,71,0
8,22,72,0
8,22,73,0
8,22,74,0
8,22,75,0
8,22,76,0
8,22,77,0
8,22,78,0
8,22,79,0
8,22,80,0
8,22,81,0
8,22,82,0
8,22,83,0
8,22,84,0
8,22,85,0
8,22,86,0
8,22,87,0
8,22,88,0
8,22,89,0
8,22,90,0
8,22,91,0
8,22,92,0
8,22,93,0
8,22,94,0
8,22,95,0
8,22,96,0
8,22,97,0
8,22,98,0
8,22,99,0
8,23,0,0
8,23,1,0
8,23,2,0
8,23,3,0
8,23,4,0
8,23,5,0
8,23,6,0
8,23,7,0
8,23,8,0
8,23,9,0
8,23,10,0
8,23,11,0
8,23,12,0
8,23,13,0
8,23,14,0
8,23,15,0
8,23,16,0
8,23,17,0
8,23,18,0
8,23,19,0
8,23,20,0
8,23,21,0
8,23,22,0
8,23,23,0
8,23,24,0
8,23,25,0
8,23,26,0
8,23,27,0
8,23,28,0
8,23,29,0
8,23,30,0
8,23,31,0
8,23,32,0
8,23,33,0
8,23,34,0
8,23,35,0
8,23,36,0
8,23,37,0
8,23,38,0
8,23,39,0
8,23,40,0
8,23,41,0
8,23,42,0
8,23,43,0
8,23,44,0
8,23,45,0
8,23,46,0
8,23,47,0
8,23,48,0
8,23,49,0
8,23,50,0
8,23,51,0
8,23,52,0
8,23,53,0
8,23,54,0
8,23,55,0
8,23,56,0
8,23,57,0
8,23,58,0
8,23,59,0
8,23,60,0
8,23,61,0
8,23,62,0
8,23,63,0
8,23,64,0
8,23,65,0
8,23,66,0
8,23,67,0
8,23,68,0
8,23,69,0
8,23,70,0
8,23,71,0
8,23,72,0
8,23,73,0
8,23,74,0
8,23,75,0
8,23,76,0
8,23,77,0
8,23,78,0
8,23,79,0
8,23,80,0
8,23,81,0
8,23,82,0
8,23,83,0
8,23,84,0
8,23,85,0
8,23,86,0
8,23,87,0
8,23,88,0
8,23,89,0
8,23,90,0
8,23,91,0
8,23,92,0
8,23,93,0
8,23,94,0
8,23,95,0
8,23,96,0
8,23,97,0
8,23,98,0
8,23,99,0
9,0,0,0
9,0,1,0
9,0,2,0
9,0,3,0
9,0,4,0
9,0,5,0
9,0,6,0
9,0,7,0
9,0,8,0
9,0,9,0
9,0,10,0
9,0,11,0
9,0,12,0
9,0,13,0
9,0,14,0
9,0,15,0
9,0,16,0
9,0,17,0
9,0,18,0
9,0,19,0
9,0,20,0
9,0,21,0
9,0,22,0
9,0,23,0
9,0,24,0
9,0,25,0
9,0,26,0
9,0,27,0
9,0,28,0
9,0,29,0
9,0,30,0
9,0,31,0
9,0,32,0
9,0,33,0
9,0,34,0
9,0,35,0
9,0,36,0
9,0,37,0
9,0,38,0
9,0,39,0
9,0,40,0
9,0,41,0
9,0,42,0
9,0,43,0
9,0,44,0
9,0,45,0
9,0,46,0
9,0,47,0
9,0,48,0
9,0,49,0
9,0,50,0
9,0,51,0
9,0,52,0
9,0,53,0
9,0,54,0
9,0,55,0
9,0,56,0
9,0,57,0
9,0,58,0
9,0,59,0
9,0,60,0
9,0,61,0
9,0,62,0
9,0,63,0
9,0,64,0
9,0,65,0
9,0,66,0
9,0,67,0
9,0,68,0
9,0,69,0
9,0,70,0
9,0,71,0
9,0,72,0
9,0,73,0
9,0,74,0
9,0,75,0
9,0,76,0
9,0,77,0
9,0,78,0
9,0,79,0
9,0,80,0
9,0,81,0
9,0,82,0
9,0,83,0
9,0,84,0
9,0,85,0
9,0,86,0
9,0,87,0
9,0,88,0
9,0,89,0
9,0,90,0
9,0,91,0
9,0,92,0
9,0,93,0
9,0,94,0
9,0,95,0
9,0,96,0
9,0,97,0
9,0,98,0
9,0,99,0
9,1,0,0
9,1,1,0
9,1,2,0
9,1,3,0
9,1,4,0
9,1,5,0
9,1,6,0
9,1,7,0
9,1,8,0
9,1,9,0
9,1,10,0
9,1,11,0
9,1,12,0
9,1,13,0
9,1,14,0
9,1,15,0
9,1,16,0
9,1,17,0
9,1,18,0
9,1,19,0
9,1,20,0
9,1,21,0
9,1,22,0
9,1,23,0
9,1,24,0
9,1,25,0
9,1,26,0
9,1,27,0
9,1,28,0
9,1,29,0
9,1,30,0
9,1,31,0
9,1,32,0
9,1,33,0
9,1,34,0
9,1,35,0
9,1,36,0
9,1,37,0
9,1,38,0
9,1,39,0
9,1,40,0
9,1,41,0
9,1,42,0
9,1,43,0
9,1,44,0
9,1,45,0
9,1,46,0
9,1,47,0
9,1,48,0
9,1,49,0
9,1,50,0
9,1,51,0
9,1,52,0
9,1,53,0
9,1,54,0
9,1,55,0
9,1,56,0
9,1,57,0
9,1,58,0
9,1,59,0
9,1,60,0
9,1,61,0
9,1,62,0
9,1,63,0
9,1,64,0
9,1,65,0
9,1,66,0
9,1,67,0
9,1,68,0
9,1,69,0
9,1,70,0
9,1,71,0
9,1,72,0
9,1,73,0
9,1,74,0
9,1,75,0
9,1,76,0
9,1,77,0
9,1,78,0
9,1,79,0
9,1,80,0
9,1,81,0
9,1,82,0
9,1,83,0
9,1,84,0
9,1,85,0
9,1,86,0
9,1,87,0
9,1,88,0
9,1,89,0
9,1,90,0
9,1,91,0
9,1,92,0
9,1,93,0
9,1,94,0
9,1,95,0
9,1,96,0
9,1,97,0
9,1,98,0
9,1,99,0
9,2,0,0
9,2,1,0
9,2,2,0
9,2,3,0
9,2,4,0
9,2,5,0
9,2,6,0
9,2,7,0
9,2,8,0
9,2,9,0
9,2,10,0
9,2,11,0
9,2,12,0
9,2,13,0
9,2,14,0
9,2,15,0
9,2,16,0
9,2,17,0
9,2,18,0
9,2,19,0
9,2,20,0
9,2,21,0
9,2,22,0
9,2,23,0
9,2,24,0
9,2,25,0
9,2,26,0
9,2,27,0
9,2,28,0
9,2,29,0
9,2,30,0
9,2,31,0
9,2,32,0
9,2,33,0
9,2,34,0
9,2,35,0
9,2,36,0
9,2,37,0
9,2,38,0
9,2,39,0
9,2,40,0
9,2,41,0
9,2,42,0
9,2,43,0
9,2,44,0
9,2,45,0
9,2,46,0
9,2,47,0
9,2,48,0
9,2,49,0
9,2,50,0
9,2,51,0
9,2,52,0
9,2,53,0
9,2,54,0
9,2,55,0
9,2,56,0
9,2,57,0
9,2,58,0
9,2,59,0
9,2,60,0
9,2,61,0
9,2,62,0
9,2,63,0
9,2,64,0
9,2,65,0
9,2,66,0
9,2,67,0
9,2,68,0
9,2,69,0
9,2,70,0
9,2,71,0
9,2,72,0
9,2,73,0
9,2,74,0
9,2,75,0
9,2,76,0
9,2,77,0
9,2,78,0
9,2,79,0
9,2,80,0
9,2,81,0
9,2,82,0
9,2,83,0
9,2,84,0
9,2,85,0
9,2,86,0
9,2,87,0
9,2,88,0
9,2,89,0
9,2,90,0
9,2,91,0
9,2,92,0
9,2,93,0
9,2,94,0
9,2,95,0
9,2,96,0
9,2,97,0
9,2,98,0
9,2,99,0
9,3,0,0
9,3,1,0
9,3,2,0
9,3,3,0
9,3,4,0
9,3,5,0
9,3,6,0
9,3,7,0
9,3,8,0
9,3,9,0
9,3,10,0
9,3,11,0
9,3,12,0
9,3,13,0
9,3,14,0
9,3,15,0
9,3,16,0
9,3,17,0
9,3,18,0
9,3,19,0
9,3,20,0
9,3,21,0
9,3,22,0
9,3,23,0
9,3,24,0
9,3,25,0
9,3,26,0
9,3,27,0
9,3,28,0
9,3,29,0
9,3,30,0
9,3,31,0
9,3,32,0
9,3,33,0
9,3,34,0
9,3,35,0
9,3,36,0
9,3,37,0
9,3,38,0
9,3,39,0
9,3,40,0
9,3,41,0
9,3,42,0
9,3,43,0
9,3,44,0
9,3,45,0
9,3,46,0
9,3,47,0
9,3,48,0
9,3,49,0
9,3,50,0
9,3,51,0
9,3,52,0
9,3,53,0
9,3,54,0
9,3,55,0
9,3,56,0
9,3,57,0
9,3,58,0
9,3,59,0
9,3,60,0
9,3,61,0
9,3,62,0
9,3,63,0
9,3,64,0
9,3,65,0
9,3,66,0
9,3,67,0
9,3,68,0
9,3,69,0
9,3,70,0
9,3,71,0
9,3,72,0
9,3,73,0
9,3,74,0
9,3,75,0
9,3,76,0
9,3,77,0
9,3,78,0
9,3,79,0
9,3,80,0
9,3,81,0
9,3,82,0
9,3,83,0
9,3,84,0
9,3,85,0
9,3,86,0
9,3,87,0
9,3,88,0
9,3,89,0
9,3,90,0
9,3,91,0
9,3,92,0
9,3,93,0
9,3,94,0
9,3,95,0
9,3,96,0
9,3,97,0
9,3,98,0
9,3,99,0
9,4,0,0
9,4,1,0
9,4,2,0
9,4,3,0
9,4,4,0
9,4,5,0
9,4,6,0
9,4,7,0
9,4,8,0
9,4,9,0
9,4,10,0
9,4,11,0
9,4,12,0
9,4,13,0
9,4,14,0
9,4,15,0
9,4,16,0
9,4,17,0
9,4,18,0
9,4,19,0
9,4,20,0
9,4,21,0
9,4,22,0
9,4,23,0
9,4,24,0
9,4,25,0
9,4,26,0
9,4,27,0
9,4,28,0
9,4,29,0
9,4,30,0
9,4,31,0
9,4,32,0
9,4,33,0
9,4,34,0
9,4,35,0
9,4,36,0
9,4,37,0
9,4,38,0
9,4,39,0
9,4,40,0
9,4,41,0
9,4,42,0
9,4,43,0
9,4,44,0
9,4,45,0
9,4,46,0
9,4,47,0
9,4,48,0
9,4,49,0
9,4,50,0
9,4,51,0
9,4,52,0
9,4,53,0
9,4,54,0
9,4,55,0
9,4,56,0
9,4,57,0
9,4,58,0
9,4,59,0
9,4,60,0
9,4,61,0
9,4,62,0
9,4,63,0
9,4,64,0
9,4,65,0
9,4,66,0
9,4,67,0
9,4,68,0
9,4,69,0
9,4,70,0
9,4,71,0
9,4,72,0
9,4,73,0
9,4,74,0
9,4,75,0
9,4,76,0
9,4,77,0
9,4,78,0
9,4,79,0
9,4,80,0
9,4,81,0
9,4,82,0
9,4,83,0
9,4,84,0
9,4,85,0
9,4,86,0
9,4,87,0
9,4,88,0
9,4,89,0
9,4,90,0
9,4,91,0
9,4,92,0
9,4,93,0
9,4,94,0
9,4,95,0
9,4,96,0
9,4,97,0
9,4,98,0
9,4,99,0
9,5,0,0
9,5,1,0
9,5,2,0
9,5,3,0
9,5,4,0
9,5,5,0
9,5,6,0
9,5,7,0
9,5,8,0
9,5,9,0
9,5,10,0
9,5,11,0
9,5,12,0
9,5,13,0
9,5,14,0
9,5,15,0
9,5,16,0
9,5,17,0
9,5,18,0
9,5,19,0
9,5,20,0
9,5,21,0
9,5,22,0
9,5,23,0
9,5,24,0
9,5,25,0
9,5,26,0
9,5,27,0
9,5,28,0
9,5,29,0
9,5,30,0
9,5,31,0
9,5,32,0
9,5,33,0
9,5,34,0
9,5,35,0
9,5,36,0
9,5,37,0
9,5,38,0
9,5,39,0
9,5,40,0
9,5,41,0
9,5,42,0
9,5,43,0
9,5,44,0
9,5,45,0
9,5,46,0
9,5,47,0
9,5,48,0
9,5,49,0
9,5,50,0
9,5,51,0
9,5,52,0
9,5,53,0
9,5,54,0
9,5,55,0
9,5,56,0
9,5,57,0
9,5,58,0
9,5,59,0
9,5,60,0
9,5,61,0
9,5,62,0
9,5,63,0
9,5,64,0
9,5,65,0
9,5,66,0
9,5,67,0
9,5,68,0
9,5,69,0
9,5,70,0
9,5,71,0
9,5,72,0
9,5,73,0
9,5,74,0
9,5,75,0
9,5,76,0
9,5,77,0
9,5,78,0
9,5,79,0
9,5,80,0
9,5,81,0
9,5,82,0
9,5,83,0
9,5,84,0
9,5,85,0
9,5,86,0
9,5,87,0
9,5,88,0
9,5,89,0
9,5,90,0
9,5,91,0
9,5,92,0
9,5,93,0
9,5,94,0
9,5,95,0
9,5,96,0
9,5,97,0
9,5,98,0
9,5,99,0
9,6,0,0
9,6,1,0
9,6,2,0
9,6,3,0
9,6,4,0
9,6,5,0
9,6,6,0
9,6,7,0
9,6,8,0
9,6,9,0
9,6,10,0
9,6,11,0
9,6,12,0
9,6,13,0
9,6,14,0
9,6,15,0
9,6,16,0
9,6,17,0
9,6,18,0
9,6,19,0
9,6,20,0
9,6,21,0
9,6,22,0
9,6,23,0
9,6,24,0
9,6,25,0
9,6,26,0
9,6,27,0
9,6,28,0
9,6,29,0
9,6,30,0
9,6,31,0
9,6,32,0
9,6,33,0
9,6,34,0
9,6,35,0
9,6,36,0
9,6,37,0
9,6,38,0
9,6,39,0
9,6,40,0
9,6,41,0
9,6,42,0
9,6,43,0
9,6,44,0
9,6,45,0
9,6,46,0
9,6,47,0
9,6,48,0
9,6,49,0
9,6,50,0
9,6,51,0
9,6,52,0
9,6,53,0
9,6,54,0
9,6,55,0
9,6,56,0
9,6,57,0
9,6,58,0
9,6,59,0
9,6,60,0
9,6,61,0
9,6,62,0
9,6,63,0
9,6,64,0
9,6,65,0
9,6,66,0
9,6,67,0
9,6,68,0
9,6,69,0
9,6,70,0
9,6,71,0
9,6,72,0
9,6,73,0
9,6,74,0
9,6,75,0
9,6,76,0
9,6,77,0
9,6,78,0
9,6,79,0
9,6,80,0
9,6,81,0
9,6,82,0
9,6,83,0
9,6,84,0
9,6,85,0
9,6,86,0
9,6,87,0
9,6,88,0
9,6,89,0
9,6,90,0
9,6,91,0
9,6,92,0
9,6,93,0
9,6,94,0
9,6,95,0
9,6,96,0
9,6,97,0
9,6,98,0
9,6,99,0
9,7,0,1
9,7,1,3
9,7,2,2
9,7,3,2
9,7,4,4
9,7,5,5
9,7,6,2
9,7,7,2
9,7,8,5
9,7,9,3
9,7,10,2
9,7,11,4
9,7,12,3
9,7,13,4
9,7,14,4
9,7,15,2
9,7,16,1
9,7,17,5
9,7,18,3
9,7,19,5
9,7,20,2
9,7,21,2
9,7,22,2
9,7,23,5
9,7,24,4
9,7,25,3
9,7,26,5
9,7,27,4
9,7,28,4
9,7,29,3
9,7,30,2
9,7,31,5
9,7,32,4
9,7,33,4
9,7,34,3
9,7,35,1
9,7,36,2
9,7,37,2
9,7,38,1
9,7,39,1
9,7,40,4
9,7,41,3
9,7,42,2
9,7,43,2
9,7,44,2
9,7,45,2
9,7,46,2
9,7,47,2
9,7,48,5
9,7,49,5
9,7,50,3
9,7,51,2
9,7,52,4
9,7,53,1
9,7,54,1
9,7,55,6
9,7,56,5
9,7,57,3
9,7,58,3
9,7,59,5
9,7,60,4
9,7,61,2
9,7,62,1
9,7,63,2
9,7,64,4
9,7,65,4
9,7,66,2
9,7,67,4
9,7,68,3
9,7,69,1
9,7,70,2
9,7,71,4
9,7,72,3
9,7,73,2
9,7,74,3
9,7,75,5
9,7,76,2
9,7,77,5
9,7,78,1
9,7,79,1
9,7,80,1
9,7,81,3
9,7,82,5
9,7,83,1
9,7,84,4
9,7,85,1
9,7,86,1
9,7,87,4
9,7,88,3
9,7,89,3
9,7,90,3
9,7,91,1
9,7,92,1
9,7,93,5
9,7,94,3
9,7,95,6
9,7,96,4
9,7,97,2
9,7,98,6
9,7,99,2
9,8,0,3
9,8,1,2
9,8,2,2
9,8,3,1
9,8,4,2
9,8,5,3
9,8,6,2
9,8,7,3
9,8,8,1
9,8,9,1
9,8,10,2
9,8,11,3
9,8,12,1
9,8,13,2
9,8,14,1
9,8,15,1
9,8,16,1
9,8,17,1
9,8,18,2
9,8,19,1
9,8,20,3
9,8,21,1
9,8,22,2
9,8,23,2
9,8,24,3
9,8,25,1
9,8,26,2
9,8,27,2
9,8,28,1
9,8,29,2
9,8,30,3
9,8,31,1
9,8,32,2
9,8,33,1
9,8,34,1
9,8,35,1
9,8,36,2
9,8,37,3
9,8,38,3
9,8,39,1
9,8,40,1
9,8,41,2
9,8,42,2
9,8,43,3
9,8,44,1
9,8,45,2
9,8,46,2
9,8,47,1
9,8,48,3
9,8,49,3
9,8,50,2
9,8,51,1
9,8,52,1
9,8,53,1
9,8,54,3
9,8,55,2
9,8,56,2
9,8,57,3
9,8,58,1
9,8,59,2
9,8,60,1
9,8,61,2
9,8,62,1
9,8,63,3
9,8,64,3
9,8,65,1
9,8,66,2
9,8,67,3
9,8,68,1
9,8,69,1
9,8,70,2
9,8,71,1
9,8,72,2
9,8,73,1
9,8,74,2
9,8,75,1
9,8,76,1
9,8,77,1
9,8,78,3
9,8,79,2
9,8,80,1
9,8,81,1
9,8,82,1
9,8,83,2
9,8,84,2
9,8,85,2
9,8,86,3
9,8,87,2
9,8,88,3
9,8,89,2
9,8,90,2
9,8,91,1
9,8,92,1
9,8,93,3
9,8,94,2
9,8,95,2
9,8,96,2
9,8,97,1
9,8,98,1
9,8,99,1
9,9,0,24
9,9,1,14
9,9,2,30
9,9,3,16
9,9,4,28
9,9,5,18
9,9,6,16
9,9,7,12
9,9,8,29
9,9,9,19
9,9,10,29
9,9,11,22
9,9,12,18
9,9,13,31
9,9,14,7
9,9,15,7
9,9,16,5
9,9,17,7
9,9,18,25
9,9,19,6
9,9,20,7
9,9,21,10
9,9,22,28
9,9,23,19
9,9,24,7
9,9,25,7
9,9,26,26
9,9,27,7
9,9,28,7
9,9,29,14
9,9,30,14
9,9,31,8
9,9,32,15
9,9,33,12
9,9,34,20
9,9,35,26
9,9,36,22
9,9,37,17
9,9,38,5
9,9,39,8
9,9,40,29
9,9,41,29
9,9,42,5
9,9,43,6
9,9,44,13
9,9,45,16
9,9,46,10
9,9,47,7
9,9,48,24
9,9,49,18
9,9,50,11
9,9,51,27
9,9,52,8
9,9,53,5
9,9,54,18
9,9,55,25
9,9,56,30
9,9,57,13
9,9,58,20
9,9,59,8
9,9,60,9
9,9,61,33
9,9,62,23
9,9,63,9
9,9,64,13
9,9,65,13
9,9,66,9
9,9,67,20
9,9,68,10
9,9,69,11
9,9,70,19
9,9,71,6
9,9,72,19
9,9,73,4
9,9,74,10
9,9,75,12
9,9,76,13
9,9,77,5
9,9,78,13
9,9,79,28
9,9,80,5
9,9,81,28
9,9,82,27
9,9,83,4
9,9,84,33
9,9,85,24
9,9,86,7
9,9,87,31
9,9,88,14
9,9,89,22
9,9,90,22
9,9,91,6
9,9,92,17
9,9,93,29
9,9,94,24
9,9,95,22
9,9,96,18
9,9,97,27
9,9,98,12
9,9,99,11
9,10,0,22
9,10,1,58
9,10,2,34
9,10,3,72
9,10,4,41
9,10,5,68
9,10,6,71
9,10,7,56
9,10,8,73
9,10,9,34
9,10,10,36
9,10,11,99
9,10,12,31
9,10,13,28
9,10,14,89
9,10,15,19
9,10,16,70
9,10,17,95
9,10,18,14
9,10,19,79
9,10,20,34
9,10,21,75
9,10,22,95
9,10,23,25
9,10,24,70
9,10,25,83
9,10,26,71
9,10,27,50
9,10,28,69
9,10,29,97
9,10,30,77
9,10,31,17
9,10,32,27
9,10,33,91
9,10,34,99
9,10,35,61
9,10,36,75
9,10,37,25
9,10,38,13
9,10,39,36
9,10,40,71
9,10,41,80
9,10,42,12
9,10,43,58
9,10,44,68
9,10,45,81
9,10,46,70
9,10,47,99
9,10,48,99
9,10,49,28
9,10,50,91
9,10,51,17
9,10,52,34
9,10,53,32
9,10,54,61
9,10,55,44
9,10,56,30
9,10,57,43
9,10,58,80
9,10,59,44
9,10,60,68
9,10,61,61
9,10,62,61
9,10,63,51
9,10,64,25
9,10,65,53
9,10,66,74
9,10,67,64
9,10,68,37
9,10,69,97
9,10,70,51
9,10,71,99
9,10,72,50
9,10,73,49
9,10,74,39
9,10,75,22
9,10,76,80
9,10,77,62
9,10,78,100
9,10,79,67
9,10,80,93
9,10,81,61
9,10,82,98
9,10,83,44
9,10,84,64
9,10,85,56
9,10,86,55
9,10,87,36
9,10,88,89
9,10,89,22
9,10,90,13
9,10,91,88
9,10,92,45
9,10,93,73
9,10,94,33
9,10,95,69
9,10,96,72
9,10,97,34
9,10,98,56
9,10,99,83
9,11,0,60
9,11,1,82
9,11,2,27
9,11,3,85
9,11,4,60
9,11,5,110
9,11,6,62
9,11,7,83
9,11,8,86
9,11,9,141
9,11,10,66
9,11,11,114
9,11,12,33
9,11,13,115
9,11,14,57
9,11,15,56
9,11,16,39
9,11,17,32
9,11,18,78
9,11,19,122
9,11,20,87
9,11,21,105
9,11,22,111
9,11,23,106
9,11,24,100
9,11,25,38
9,11,26,70
9,11,27,92
9,11,28,72
9,11,29,112
9,11,30,48
9,11,31,63
9,11,32,40
9,11,33,76
9,11,34,93
9,11,35,92
9,11,36,95
9,11,37,20
9,11,38,41
9,11,39,18
9,11,40,58
9,11,41,75
9,11,42,83
9,11,43,117
9,11,44,58
9,11,45,144
9,11,46,130
9,11,47,85
9,11,48,78
9,11,49,138
9,11,50,67
9,11,51,114
9,11,52,16
9,11,53,123
9,11,54,75
9,11,55,118
9,11,56,36
9,11,57,80
9,11,58,70
9,11,59,69
9,11,60,46
9,11,61,66
9,11,62,82
9,11,63,110
9,11,64,46
9,11,65,88
9,11,66,129
9,11,67,23
9,11,68,19
9,11,69,55
9,11,70,69
9,11,71,75
9,11,72,102
9,11,73,59
9,11,74,46
9,11,75,36
9,11,76,85
9,11,77,53
9,11,78,99
9,11,79,112
9,11,80,109
9,11,81,104
9,11,82,47
9,11,83,45
9,11,84,67
9,11,85,84
9,11,86,95
9,11,87,77
9,11,88,137
9,11,89,82
9,11,90,51
9,11,91,95
9,11,92,33
9,11,93,40
9,11,94,45
9,11,95,137
9,11,96,34
9,11,97,123
9,11,98,105
9,11,99,33
9,12,0,60
9,12,1,77
9,12,2,125
9,12,3,136
9,12,4,52
9,12,5,68
9,12,6,139
9,12,7,69
9,12,8,130
9,12,9,89
9,12,10,76
9,12,11,97
9,12,12,50
9,12,13,60
9,12,14,61
9,12,15,32
9,12,16,89
9,12,17,133
9,12,18,99
9,12,19,28
9,12,20,56
9,12,21,62
9,12,22,66
9,12,23,81
9,12,24,42
9,12,25,101
9,12,26,144
9,12,27,65
9,12,28,117
9,12,29,17
9,12,30,39
9,12,31,97
9,12,32,60
9,12,33,35
9,12,34,86
9,12,35,37
9,12,36,126
9,12,37,141
9,12,38,50
9,12,39,101
9,12,40,68
9,12,41,131
9,12,42,107
9,12,43,51
9,12,44,134
9,12,45,46
9,12,46,105
9,12,47,43
9,12,48,125
9,12,49,40
9,12,50,116
9,12,51,19
9,12,52,56
9,12,53,111
9,12,54,53
9,12,55,29
9,12,56,95
9,12,57,127
9,12,58,38
9,12,59,18
9,12,60,118
9,12,61,66
9,12,62,67
9,12,63,36
9,12,64,102
9,12,65,127
9,12,66,125
9,12,67,112
9,12,68,43
9,12,69,132
9,12,70,57
9,12,71,24
9,12,72,125
9,12,73,105
9,12,74,67
9,12,75,67
9,12,76,85
9,12,77,135
9,12,78,113
9,12,79,100
9,12,80,104
9,12,81,59
9,12,82,134
9,12,83,54
9,12,84,91
9,12,85,114
9,12,86,129
9,12,87,141
9,12,88,50
9,12,89,24
9,12,90,34
9,12,91,33
9,12,92,107
9,12,93,25
9,12,94,85
9,12,95,124
9,12,96,29
9,12,97,47
9,12,98,42
9,12,99,98
9,13,0,33
9,13,1,196
9,13,2,126
9,13,3,165
9,13,4,194
9,13,5,71
9,13,6,184
9,13,7,56
9,13,8,192
9,13,9,133
9,13,10,39
9,13,11,100
9,13,12,91
9,13,13,149
9,13,14,191
9,13,15,210
9,13,16,175
9,13,17,218
9,13,18,142
9,13,19,71
9,13,20,185
9,13,21,230
9,13,22,200
9,13,23,33
9,13,24,135
9,13,25,128
9,13,26,239
9,13,27,80
9,13,28,220
9,13,29,111
9,13,30,205
9,13,31,211
9,13,32,238
9,13,33,142
9,13,34,50
9,13,35,171
9,13,36,117
9,13,37,37
9,13,38,157
9,13,39,49
9,13,40,96
9,13,41,79
9,13,42,132
9,13,43,61
9,13,44,233
9,13,45,139
9,13,46,180
9,13,47,90
9,13,48,232
9,13,49,95
9,13,50,96
9,13,51,97
9,13,52,69
9,13,53,112
9,13,54,142
9,13,55,132
9,13,56,192
9,13,57,87
9,13,58,137
9,13,59,50
9,13,60,185
9,13,61,181
9,13,62,115
9,13,63,225
9,13,64,68
9,13,65,53
9,13,66,191
9,13,67,222
9,13,68,109
9,13,69,167
9,13,70,172
9,13,71,148
9,13,72,196
9,13,73,112
9,13,74,165
9,13,75,135
9,13,76,235
9,13,77,44
9,13,78,140
9,13,79,57
9,13,80,90
9,13,81,187
9,13,82,48
9,13,83,177
9,13,84,242
9,13,85,192
9,13,86,73
9,13,87,150
9,13,88,137
9,13,89,35
9,13,90,58
9,13,91,50
9,13,92,56
9,13,93,112
9,13,94,201
9,13,95,124
9,13,96,58
9,13,97,52
9,13,98,98
9,13,99,200
9,14,0,115
9,14,1,320
9,14,2,123
9,14,3,118
9,14,4,292
9,14,5,200
9,14,6,150
9,14,7,225
9,14,8,188
9,14,9,131
9,14,10,265
9,14,11,253
9,14,12,173
9,14,13,290
9,14,14,334
9,14,15,81
9,14,16,265
9,14,17,167
9,14,18,180
9,14,19,293
9,14,20,169
9,14,21,145
9,14,22,141
9,14,23,235
9,14,24,275
9,14,25,51
9,14,26,120
9,14,27,267
9,14,28,119
9,14,29,346
9,14,30,116
9,14,31,46
9,14,32,279
9,14,33,290
9,14,34,302
9,14,35,323
9,14,36,232
9,14,37,105
9,14,38,94
9,14,39,219
9,14,40,320
9,14,41,156
9,14,42,314
9,14,43,198
9,14,44,50
9,14,45,261
9,14,46,216
9,14,47,233
9,14,48,128
9,14,49,149
9,14,50,66
9,14,51,326
9,14,52,297
9,14,53,225
9,14,54,202
9,14,55,70
9,14,56,200
9,14,57,76
9,14,58,178
9,14,59,241
9,14,60,141
9,14,61,183
9,14,62,88
9,14,63,83
9,14,64,133
9,14,65,240
9,14,66,114
9,14,67,62
9,14,68,221
9,14,69,174
9,14,70,345
9,14,71,237
9,14,72,170
9,14,73,39
9,14,74,104
9,14,75,113
9,14,76,330
9,14,77,337
9,14,78,256
9,14,79,258
9,14,80,78
9,14,81,300
9,14,82,346
9,14,83,213
9,14,84,330
9,14,85,104
9,14,86,176
9,14,87,110
9,14,88,128
9,14,89,110
9,14,90,148
9,14,91,140
9,14,92,63
9,14,93,306
9,14,94,227
9,14,95,39
9,14,96,109
9,14,97,82
9,14,98,337
9,14,99,216
9,15,0,38
9,15,1,48
9,15,2,72
9,15,3,84
9,15,4,55
9,15,5,46
9,15,6,30
9,15,7,80
9,15,8,37
9,15,9,45
9,15,10,28
9,15,11,98
9,15,12,23
9,15,13,95
9,15,14,61
9,15,15,13
9,15,16,84
9,15,17,32
9,15,18,42
9,15,19,84
9,15,20,25
9,15,21,95
9,15,22,59
9,15,23,70
9,15,24,99
9,15,25,85
9,15,26,21
9,15,27,57
9,15,28,56
9,15,29,93
9,15,30,44
9,15,31,42
9,15,32,17
9,15,33,87
9,15,34,91
9,15,35,56
9,15,36,67
9,15,37,37
9,15,38,92
9,15,39,26
9,15,40,94
9,15,41,88
9,15,42,21
9,15,43,54
9,15,44,93
9,15,45,89
9,15,46,27
9,15,47,26
9,15,48,83
9,15,49,35
9,15,50,76
9,15,51,78
9,15,52,54
9,15,53,19
9,15,54,49
9,15,55,28
9,15,56,69
9,15,57,38
9,15,58,64
9,15,59,17
9,15,60,74
9,15,61,86
9,15,62,46
9,15,63,17
9,15,64,50
9,15,65,81
9,15,66,98
9,15,67,70
9,15,68,56
9,15,69,42
9,15,70,73
9,15,71,83
9,15,72,80
9,15,73,50
9,15,74,91
9,15,75,41
9,15,76,60
9,15,77,12
9,15,78,44
9,15,79,78
9,15,80,54
9,15,81,38
9,15,82,65
9,15,83,93
9,15,84,20
9,15,85,36
9,15,86,71
9,15,87,74
9,15,88,97
9,15,89,77
9,15,90,71
9,15,91,73
9,15,92,34
9,15,93,51
9,15,94,71
9,15,95,13
9,15,96,15
9,15,97,12
9,15,98,90
9,15,99,14
9,16,0,56
9,16,1,32
9,16,2,60
9,16,3,80
9,16,4,73
9,16,5,53
9,16,6,65
9,16,7,41
9,16,8,31
9,16,9,68
9,16,10,19
9,16,11,76
9,16,12,30
9,16,13,78
9,16,14,23
9,16,15,64
9,16,16,12
9,16,17,56
9,16,18,43
9,16,19,54
9,16,20,53
9,16,21,64
9,16,22,36
9,16,23,78
9,16,24,13
9,16,25,60
9,16,26,41
9,16,27,26
9,16,28,16
9,16,29,34
9,16,30,81
9,16,31,72
9,16,32,47
9,16,33,59
9,16,34,66
9,16,35,44
9,16,36,40
9,16,37,29
9,16,38,41
9,16,39,56
9,16,40,15
9,16,41,56
9,16,42,44
9,16,43,55
9,16,44,32
9,16,45,28
9,16,46,46
9,16,47,14
9,16,48,73
9,16,49,32
9,16,50,9
9,16,51,50
9,16,52,40
9,16,53,74
9,16,54,65
9,16,55,44
9,16,56,60
9,16,57,67
9,16,58,26
9,16,59,42
9,16,60,12
9,16,61,63
9,16,62,35
9,16,63,23
9,16,64,15
9,16,65,19
9,16,66,23
9,16,67,67
9,16,68,36
9,16,69,72
9,16,70,42
9,16,71,70
9,16,72,50
9,16,73,72
9,16,74,31
9,16,75,26
9,16,76,37
9,16,77,35
9,16,78,60
9,16,79,36
9,16,80,24
9,16,81,35
9,16,82,33
9,16,83,77
9,16,84,43
9,16,85,12
9,16,86,56
9,16,87,36
9,16,88,30
9,16,89,31
9,16,90,33
9,16,91,27
9,16,92,10
9,16,93,32
9,16,94,68
9,16,95,18
9,16,96,33
9,16,97,22
9,16,98,28
9,16,99,43
9,17,0,54
9,17,1,50
9,17,2,225
9,17,3,61
9,17,4,67
9,17,5,181
9,17,6,184
9,17,7,179
9,17,8,37
9,17,9,172
9,17,10,138
9,17,11,122
9,17,12,211
9,17,13,85
9,17,14,118
9,17,15,198
9,17,16,28
9,17,17,80
9,17,18,151
9,17,19,120
9,17,20,108
9,17,21,190
9,17,22,79
9,17,23,211
9,17,24,41
9,17,25,82
9,17,26,63
9,17,27,96
9,17,28,136
9,17,29,44
9,17,30,143
9,17,31,139
9,17,32,159
9,17,33,205
9,17,34,229
9,17,35,124
9,17,36,67
9,17,37,60
9,17,38,48
9,17,39,225
9,17,40,210
9,17,41,210
9,17,42,145
9,17,43,112
9,17,44,144
9,17,45,173
9,17,46,147
9,17,47,209
9,17,48,46
9,17,49,121
9,17,50,70
9,17,51,160
9,17,52,102
9,17,53,151
9,17,54,120
9,17,55,207
9,17,56,104
9,17,57,193
9,17,58,39
9,17,59,98
9,17,60,196
9,17,61,90
9,17,62,72
9,17,63,38
9,17,64,62
9,17,65,127
9,17,66,56
9,17,67,64
9,17,68,209
9,17,69,173
9,17,70,96
9,17,71,177
9,17,72,100
9,17,73,231
9,17,74,62
9,17,75,148
9,17,76,165
9,17,77,137
9,17,78,63
9,17,79,77
9,17,80,89
9,17,81,162
9,17,82,121
9,17,83,206
9,17,84,70
9,17,85,211
9,17,86,103
9,17,87,56
9,17,88,196
9,17,89,157
9,17,90,174
9,17,91,229
9,17,92,92
9,17,93,80
9,17,94,115
9,17,95,224
9,17,96,112
9,17,97,131
9,17,98,134
9,17,99,224
9,18,0,57
9,18,1,69
9,18,2,24
9,18,3,27
9,18,4,25
9,18,5,33
9,18,6,70
9,18,7,21
9,18,8,32
9,18,9,55
9,18,10,40
9,18,11,72
9,18,12,24
9,18,13,21
9,18,14,55
9,18,15,67
9,18,16,10
9,18,17,33
9,18,18,55
9,18,19,28
9,18,20,76
9,18,21,30
9,18,22,64
9,18,23,18
9,18,24,73
9,18,25,73
9,18,26,39
9,18,27,23
9,18,28,42
9,18,29,67
9,18,30,32
9,18,31,64
9,18,32,62
9,18,33,58
9,18,34,18
9,18,35,75
9,18,36,30
9,18,37,48
9,18,38,29
9,18,39,48
9,18,40,21
9,18,41,66
9,18,42,51
9,18,43,42
9,18,44,66
9,18,45,32
9,18,46,68
9,18,47,35
9,18,48,30
9,18,49,43
9,18,50,49
9,18,51,17
9,18,52,34
9,18,53,19
9,18,54,65
9,18,55,17
9,18,56,77
9,18,57,75
9,18,58,27
9,18,59,69
9,18,60,72
9,18,61,56
9,18,62,75
9,18,63,29
9,18,64,22
9,18,65,40
9,18,66,65
9,18,67,29
9,18,68,71
9,18,69,12
9,18,70,16
9,18,71,75
9,18,72,66
9,18,73,15
9,18,74,66
9,18,75,70
9,18,76,21
9,18,77,50
9,18,78,16
9,18,79,13
9,18,80,66
9,18,81,57
9,18,82,59
9,18,83,58
9,18,84,73
9,18,85,38
9,18,86,45
9,18,87,14
9,18,88,43
9,18,89,61
9,18,90,29
9,18,91,12
9,18,92,12
9,18,93,12
9,18,94,19
9,18,95,77
9,18,96,63
9,18,97,18
9,18,98,55
9,18,99,64
9,19,0,21
9,19,1,49
9,19,2,9
9,19,3,18
9,19,4,73
9,19,5,27
9,19,6,52
9,19,7,70
9,19,8,50
9,19,9,27
9,19,10,20
9,19,11,10
9,19,12,24
9,19,13,28
9,19,14,33
9,19,15,65
9,19,16,59
9,19,17,12
9,19,18,63
9,19,19,58
9,19,20,14
9,19,21,54
9,19,22,72
9,19,23,27
9,19,24,37
9,19,25,59
9,19,26,67
9,19,27,55
9,19,28,33
9,19,29,62
9,19,30,11
9,19,31,41
9,19,32,42
9,19,33,49
9,19,34,42
9,19,35,22
9,19,36,26
9,19,37,31
9,19,38,43
9,19,39,69
9,19,40,51
9,19,41,18
9,19,42,17
9,19,43,37
9,19,44,42
9,19,45,37
9,19,46,15
9,19,47,25
9,19,48,15
9,19,49,49
9,19,50,14
9,19,51,12
9,19,52,26
9,19,53,69
9,19,54,9
9,19,55,13
9,19,56,50
9,19,57,62
9,19,58,23
9,19,59,25
9,19,60,12
9,19,61,15
9,19,62,46
9,19,63,69
9,19,64,69
9,19,65,69
9,19,66,18
9,19,67,30
9,19,68,60
9,19,69,17
9,19,70,53
9,19,71,35
9,19,72,52
9,19,73,14
9,19,74,8
9,19,75,30
9,19,76,38
9,19,77,34
9,19,78,55
9,19,79,69
9,19,80,27
9,19,81,59
9,19,82,28
9,19,83,10
9,19,84,50
9,19,85,8
9,19,86,33
9,19,87,38
9,19,88,37
9,19,89,20
9,19,90,60
9,19,91,30
9,19,92,54
9,19,93,16
9,19,94,11
9,19,95,28
9,19,96,22
9,19,97,34
9,19,98,21
9,19,99,44
9,20,0,5
9,20,1,9
9,20,2,12
9,20,3,12
9,20,4,7
9,20,5,11
9,20,6,9
9,20,7,6
9,20,8,12
9,20,9,2
9,20,10,4
9,20,11,7
9,20,12,3
9,20,13,12
9,20,14,2
9,20,15,9
9,20,16,11
9,20,17,10
9,20,18,12
9,20,19,7
9,20,20,7
9,20,21,6
9,20,22,8
9,20,23,6
9,20,24,9
9,20,25,11
9,20,26,7
9,20,27,12
9,20,28,9
9,20,29,8
9,20,30,6
9,20,31,11
9,20,32,10
9,20,33,12
9,20,34,11
9,20,35,2
9,20,36,5
9,20,37,5
9,20,38,7
9,20,39,6
9,20,40,3
9,20,41,10
9,20,42,5
9,20,43,4
9,20,44,9
9,20,45,3
9,20,46,10
9,20,47,11
9,20,48,12
9,20,49,3
9,20,50,7
9,20,51,6
9,20,52,2
9,20,53,7
9,20,54,2
9,20,55,8
9,20,56,4
9,20,57,6
9,20,58,2
9,20,59,10
9,20,60,3
9,20,61,2
9,20,62,2
9,20,63,5
9,20,64,2
9,20,65,7
9,20,66,8
9,20,67,9
9,20,68,9
9,20,69,6
9,20,70,9
9,20,71,12
9,20,72,9
9,20,73,2
9,20,74,10
9,20,75,12
9,20,76,3
9,20,77,8
9,20,78,9
9,20,79,12
9,20,80,7
9,20,81,3
9,20,82,12
9,20,83,11
9,20,84,6
9,20,85,12
9,20,86,6
9,20,87,11
9,20,88,9
9,20,89,2
9,20,90,7
9,20,91,8
9,20,92,9
9,20,93,8
9,20,94,6
9,20,95,3
9,20,96,9
9,20,97,4
9,20,98,8
9,20,99,7
9,21,0,0
9,21,1,0
9,21,2,0
9,21,3,0
9,21,4,0
9,21,5,0
9,21,6,0
9,21,7,0
9,21,8,0
9,21,9,0
9,21,10,0
9,21,11,0
9,21,12,0
9,21,13,0
9,21,14,0
9,21,15,0
9,21,16,0
9,21,17,0
9,21,18,0
9,21,19,0
9,21,20,0
9,21,21,0
9,21,22,0
9,21,23,0
9,21,24,0
9,21,25,0
9,21,26,0
9,21,27,0
9,21,28,0
9,21,29,0
9,21,30,0
9,21,31,0
9,21,32,0
9,21,33,0
9,21,34,0
9,21,35,0
9,21,36,0
9,21,37,0
9,21,38,0
9,21,39,0
9,21,40,0
9,21,41,0
9,21,42,0
9,21,43,0
9,21,44,0
9,21,45,0
9,21,46,0
9,21,47,0
9,21,48,0
9,21,49,0
9,21,50,0
9,21,51,0
9,21,52,0
9,21,53,0
9,21,54,0
9,21,55,0
9,21,56,0
9,21,57,0
9,21,58,0
9,21,59,0
9,21,60,0
9,21,61,0
9,21,62,0
9,21,63,0
9,21,64,0
9,21,65,0
9,21,66,0
9,21,67,0
9,21,68,0
9,21,69,0
9,21,70,0
9,21,71,0
9,21,72,0
9,21,73,0
9,21,74,0
9,21,75,0
9,21,76,0
9,21,77,0
9,21,78,0
9,21,79,0
9,21,80,0
9,21,81,0
9,21,82,0
9,21,83,0
9,21,84,0
9,21,85,0
9,21,86,0
9,21,87,0
9,21,88,0
9,21,89,0
9,21,90,0
9,21,91,0
9,21,92,0
9,21,93,0
9,21,94,0
9,21,95,0
9,21,96,0
9,21,97,0
9,21,98,0
9,21,99,0
9,22,0,0
9,22,1,0
9,22,2,0
9,22,3,0
9,22,4,0
9,22,5,0
9,22,6,0
9,22,7,0
9,22,8,0
9,22,9,0
9,22,10,0
9,22,11,0
9,22,12,0
9,22,13,0
9,22,14,0
9,22,15,0
9,22,16,0
9,22,17,0
9,22,18,0
9,22,19,0
9,22,20,0
9,22,21,0
9,22,22,0
9,22,23,0
9,22,24,0
9,22,25,0
9,22,26,0
9,22,27,0
9,22,28,0
9,22,29,0
9,22,30,0
9,22,31,0
9,22,32,0
9,22,33,0
9,22,34,0
9,22,35,0
9,22,36,0
9,22,37,0
9,22,38,0
9,22,39,0
9,22,40,0
9,22,41,0
9,22,42,0
9,22,43,0
9,22,44,0
9,22,45,0
9,22,46,0
9,22,47,0
9,22,48,0
9,22,49,0
9,22,50,0
9,22,51,0
9,22,52,0
9,22,53,0
9,22,54,0
9,22,55,0
9,22,56,0
9,22,57,0
9,22,58,0
9,22,59,0
9,22,60,0
9,22,61,0
9,22,62,0
9,22,63,0
9,22,64,0
9,22,65,0
9,22,66,0
9,22,67,0
9,22,68,0
9,22,69,0
9,22,70,0
9,22,71,0
9,22,72,0
9,22,73,0
9,22,74,0
9,22,75,0
9,22,76,0
9,22,77,0
9,22,78,0
9,22,79,0
9,22,80,0
9,22,81,0
9,22,82,0
9,22,83,0
9,22,84,0
9,22,85,0
9,22,86,0
9,22,87,0
9,22,88,0
9,22,89,0
9,22,90,0
9,22,91,0
9,22,92,0
9,22,93,0
9,22,94,0
9,22,95,0
9,22,96,0
9,22,97,0
9,22,98,0
9,22,99,0
9,23,0,0
9,23,1,0
9,23,2,0
9,23,3,0
9,23,4,0
9,23,5,0
9,23,6,0
9,23,7,0
9,23,8,0
9,23,9,0
9,23,10,0
9,23,11,0
9,23,12,0
9,23,13,0
9,23,14,0
9,23,15,0
9,23,16,0
9,23,17,0
9,23,18,0
9,23,19,0
9,23,20,0
9,23,21,0
9,23,22,0
9,23,23,0
9,23,24,0
9,23,25,0
9,23,26,0
9,23,27,0
9,23,28,0
9,23,29,0
9,23,30,0
9,23,31,0
9,23,32,0
9,23,33,0
9,23,34,0
9,23,35,0
9,23,36,0
9,23,37,0
9,23,38,0
9,23,39,0
9,23,40,0
9,23,41,0
9,23,42,0
9,23,43,0
9,23,44,0
9,23,45,0
9,23,46,0
9,23,47,0
9,23,48,0
9,23,49,0
9,23,50,0
9,23,51,0
9,23,52,0
9,23,53,0
9,23,54,0
9,23,55,0
9,23,56,0
9,23,57,0
9,23,58,0
9,23,59,0
9,23,60,0
9,23,61,0
9,23,62,0
9,23,63,0
9,23,64,0
9,23,65,0
9,23,66,0
9,23,67,0
9,23,68,0
9,23,69,0
9,23,70,0
9,23,71,0
9,23,72,0
9,23,73,0
9,23,74,0
9,23,75,0
9,23,76,0
9,23,77,0
9,23,78,0
9,23,79,0
9,23,80,0
9,23,81,0
9,23,82,0
9,23,83,0
9,23,84,0
9,23,85,0
9,23,86,0
9,23,87,0
9,23,88,0
9,23,89,0
9,23,90,0
9,23,91,0
9,23,92,0
9,23,93,0
9,23,94,0
9,23,95,0
9,23,96,0
9,23,97,0
9,23,98,0
9,23,99,0
