set_d_given,set_d_received
64.28411366834993,58.97666355016576
83.01954808933138,69.87001998947706
45.13902930632449,53.0601861223433
4.326592578750381,49.21258134796172
122.74400399516003,67.15847273779671
6.132362906171901,45.54571135415749
10.772882247408743,54.88147371218134
151.9422891073418,55.85419930046015
45.65176851387127,41.29265878187709
34.00496910461979,72.16559262090914
