set_d_given,set_d_received
18.764079784276966,39.41600253436958
14.35036834001886,22.92786021659982
6.121427476988355,0.0
0.0,0.0
8.066430992035928,0.0
0.0,0.0
0.0,1.6543417768430466
56.09934759077942,0.0
3.2834359689350294,19.039110563747272
4.078992910558888,27.726767972033727
