set_d_given,set_d_received
12.337152108795381,5.378063833260659
7.213181413792583,8.39679706667196
9.859699163351527,7.113409809300026
9.015754076151106,11.862436938205539
4.797527236806874,12.688475796883635
8.989636227084134,7.9649697578379275
13.431197049825077,3.503966436977773
12.264832689466637,3.9215261353611277
4.107169253365335,15.715524824848224
7.2771094868135355,12.74808810610532
