set_d_given,set_d_received
17.489154378783113,6.8390693387816945
6.1983775203814995,18.12984471650123
10.90121878219699,8.589529703656613
13.557502673721169,4.420248470029676
6.970722113482534,8.272324104317551
8.01527794185828,20.396309924174236
15.19273241894208,2.4270970632099202
8.865707494445203,4.082855644490862
5.1685832874481745,21.750441536785722
8.178835389187949,5.630391498499487
