set_d_given,set_d_received
55.01648288097593,39.1747574975843
310.9089988363771,30.94854542524805
175.07579369491762,20.622183685269697
1.1393534680694895,479.68463486353596
201.70668755038386,18.810045290240538
2.5501857347203876,25.901715264824556
13.025994976440789,63.26527091434842
400.98622800088344,10.517022171710687
23.61040386837448,597.1333457671668
143.47267778702962,41.43528591824387
