t,s,P_DA,P_RT,P_PN,P_IN
0,0,106.722,61.592535436053026,213.444,213.44400000000002
0,1,106.722,43.08323432034106,213.444,213.44400000000002
0,2,106.722,66.72315754574036,213.444,213.44400000000002
0,3,106.722,61.562180321949064,213.444,213.44400000000002
0,4,106.722,60.887173818807774,213.444,213.44400000000002
0,5,106.722,56.823348226022716,213.444,213.44400000000002
0,6,106.722,51.15024113676872,213.444,213.44400000000002
0,7,106.722,69.8650812443981,213.444,213.44400000000002
0,8,106.722,55.43853605600647,213.444,213.44400000000002
0,9,106.722,53.956803241493105,213.444,213.44400000000002
0,10,106.722,69.94916558923327,213.444,213.44400000000002
0,11,106.722,65.79692741262075,213.444,213.44400000000002
0,12,106.722,47.98754534533776,213.444,213.44400000000002
0,13,106.722,65.09441516558132,213.444,213.44400000000002
0,14,106.722,50.23807640338679,213.444,213.44400000000002
0,15,106.722,77.36073297739719,213.444,213.44400000000002
0,16,106.722,80.45894847427574,213.444,213.44400000000002
0,17,106.722,64.22140614712634,213.444,213.44400000000002
0,18,106.722,80.1243108846943,213.444,213.44400000000002
0,19,106.722,45.50796402233315,213.444,213.44400000000002
0,20,106.722,64.71833163490722,213.444,213.44400000000002
0,21,106.722,44.85984197054932,213.444,213.44400000000002
0,22,106.722,61.23719043325011,213.444,213.44400000000002
0,23,106.722,46.27012336562812,213.444,213.44400000000002
0,24,106.722,47.65262942421685,213.444,213.44400000000002
0,25,106.722,68.84833891485219,213.444,213.44400000000002
0,26,106.722,52.11452105681191,213.444,213.44400000000002
0,27,106.722,46.740215579290805,213.444,213.44400000000002
0,28,106.722,51.85697821517517,213.444,213.44400000000002
0,29,106.722,57.70313593590815,213.444,213.44400000000002
0,30,106.722,63.02755967524395,213.444,213.44400000000002
0,31,106.722,51.01909952263145,213.444,213.44400000000002
0,32,106.722,70.81908761808141,213.444,213.44400000000002
0,33,106.722,63.717360326517536,213.444,213.44400000000002
0,34,106.722,64.71790869584034,213.444,213.44400000000002
0,35,106.722,59.37620335451158,213.444,213.44400000000002
0,36,106.722,77.73547483016443,213.444,213.44400000000002
0,37,106.722,68.09269323771363,213.444,213.44400000000002
0,38,106.722,49.23868432510652,213.444,213.44400000000002
0,39,106.722,73.54291257283387,213.444,213.44400000000002
0,40,106.722,85.45001629822565,213.444,213.44400000000002
0,41,106.722,64.4819158603217,213.444,213.44400000000002
0,42,106.722,82.06333555095745,213.444,213.44400000000002
0,43,106.722,57.33244171858916,213.444,213.44400000000002
0,44,106.722,67.51222811520327,213.444,213.44400000000002
0,45,106.722,61.211175033447546,213.444,213.44400000000002
0,46,106.722,61.626494807183946,213.444,213.44400000000002
0,47,106.722,76.96461166853605,213.444,213.44400000000002
0,48,106.722,66.08860677948476,213.444,213.44400000000002
0,49,106.722,84.96213626239715,213.444,213.44400000000002
0,50,106.722,66.47696558677106,213.444,213.44400000000002
0,51,106.722,45.61852482172182,213.444,213.44400000000002
0,52,106.722,58.44862516459015,213.444,213.44400000000002
0,53,106.722,80.31790464928997,213.444,213.44400000000002
0,54,106.722,60.251067869981746,213.444,213.44400000000002
0,55,106.722,43.140835281885515,213.444,213.44400000000002
0,56,106.722,53.06985805025731,213.444,213.44400000000002
0,57,106.722,44.943700626905525,213.444,213.44400000000002
0,58,106.722,86.77257468967673,213.444,213.44400000000002
0,59,106.722,85.72215826492959,213.444,213.44400000000002
0,60,106.722,78.03432275340629,213.444,213.44400000000002
0,61,106.722,69.07726570250331,213.444,213.44400000000002
0,62,106.722,76.44105206427373,213.444,213.44400000000002
0,63,106.722,49.55134199981209,213.444,213.44400000000002
0,64,106.722,55.139212154882664,213.444,213.44400000000002
0,65,106.722,65.56784686326911,213.444,213.44400000000002
0,66,106.722,58.009977609674976,213.444,213.44400000000002
0,67,106.722,43.974814968048186,213.444,213.44400000000002
0,68,106.722,86.28967269027663,213.444,213.44400000000002
0,69,106.722,61.83447094529813,213.444,213.44400000000002
0,70,106.722,64.66210660152139,213.444,213.44400000000002
0,71,106.722,56.51670933735736,213.444,213.44400000000002
0,72,106.722,53.637118885113125,213.444,213.44400000000002
0,73,106.722,59.37607851448367,213.444,213.44400000000002
0,74,106.722,79.46781080010244,213.444,213.44400000000002
0,75,106.722,75.16760855248191,213.444,213.44400000000002
0,76,106.722,59.029456530088304,213.444,213.44400000000002
0,77,106.722,42.500564527715525,213.444,213.44400000000002
0,78,106.722,77.90552807195564,213.444,213.44400000000002
0,79,106.722,54.07242287931945,213.444,213.44400000000002
0,80,106.722,68.21369263544955,213.444,213.44400000000002
0,81,106.722,43.06629482772665,213.444,213.44400000000002
0,82,106.722,71.80286348233129,213.444,213.44400000000002
0,83,106.722,59.404674683136605,213.444,213.44400000000002
0,84,106.722,64.34945828992575,213.444,213.44400000000002
0,85,106.722,60.640636697414905,213.444,213.44400000000002
0,86,106.722,57.75033199919841,213.444,213.44400000000002
0,87,106.722,66.78253209554411,213.444,213.44400000000002
0,88,106.722,85.82734464816382,213.444,213.44400000000002
0,89,106.722,47.003388702294316,213.444,213.44400000000002
0,90,106.722,56.05257429454186,213.444,213.44400000000002
0,91,106.722,43.7996264431421,213.444,213.44400000000002
0,92,106.722,75.24220670485302,213.444,213.44400000000002
0,93,106.722,71.59118721964225,213.444,213.44400000000002
0,94,106.722,51.60103019569674,213.444,213.44400000000002
0,95,106.722,60.724032088053875,213.444,213.44400000000002
0,96,106.722,70.97414290794971,213.444,213.44400000000002
0,97,106.722,71.77033352713386,213.444,213.44400000000002
0,98,106.722,49.60783948768261,213.444,213.44400000000002
0,99,106.722,81.70820478438499,213.444,213.44400000000002
1,0,93.12799999999999,107.97870371597286,215.9574074319457,215.95740743194574
1,1,93.12799999999999,67.22812208801068,186.25599999999997,186.25599999999997
1,2,93.12799999999999,113.73066421618195,227.4613284323639,227.46132843236387
1,3,93.12799999999999,106.12924534290457,212.25849068580914,212.25849068580916
1,4,93.12799999999999,109.28068293472849,218.56136586945698,218.561365869457
1,5,93.12799999999999,93.13111085807614,186.26222171615228,186.26222171615228
1,6,93.12799999999999,72.72542799034025,186.25599999999997,72.72542799034025
1,7,93.12799999999999,116.86528691558865,233.7305738311773,233.7305738311773
1,8,93.12799999999999,96.21494682667841,192.42989365335683,192.42989365335683
1,9,93.12799999999999,80.65973643561746,186.25599999999997,186.25599999999997
1,10,93.12799999999999,75.44236653317685,186.25599999999997,186.25599999999997
1,11,93.12799999999999,116.57783149976368,233.15566299952735,233.15566299952738
1,12,93.12799999999999,85.3100735363766,186.25599999999997,186.25599999999997
1,13,93.12799999999999,92.93156900786214,186.25599999999997,186.25599999999997
1,14,93.12799999999999,97.24992363721255,194.4998472744251,194.49984727442512
1,15,93.12799999999999,111.03105057325749,222.06210114651498,222.06210114651498
1,16,93.12799999999999,98.20666124218658,196.41332248437317,196.41332248437317
1,17,93.12799999999999,69.93350331634124,186.25599999999997,186.25599999999997
1,18,93.12799999999999,96.1626066456666,192.3252132913332,192.3252132913332
1,19,93.12799999999999,89.70942034667017,186.25599999999997,186.25599999999997
1,20,93.12799999999999,93.41979249044977,186.83958498089953,93.41979249044977
1,21,93.12799999999999,103.012640083959,206.025280167918,103.01264008395901
1,22,93.12799999999999,74.30553539111361,186.25599999999997,74.30553539111361
1,23,93.12799999999999,70.56084418411922,186.25599999999997,186.25599999999997
1,24,93.12799999999999,65.74938835593015,186.25599999999997,65.74938835593015
1,25,93.12799999999999,76.09284845503262,186.25599999999997,186.25599999999997
1,26,93.12799999999999,59.40111192146236,186.25599999999997,186.25599999999997
1,27,93.12799999999999,98.57341981144477,197.14683962288953,98.57341981144477
1,28,93.12799999999999,77.42871352443498,186.25599999999997,77.42871352443498
1,29,93.12799999999999,70.60256568494991,186.25599999999997,186.25599999999997
1,30,93.12799999999999,64.781637071217,186.25599999999997,3090.0166491250557
1,31,93.12799999999999,76.70636887851303,186.25599999999997,76.70636887851303
1,32,93.12799999999999,72.3512670612888,186.25599999999997,186.25599999999997
1,33,93.12799999999999,76.82329088058205,186.25599999999997,186.25599999999997
1,34,93.12799999999999,88.57961593039298,186.25599999999997,186.25599999999997
1,35,93.12799999999999,93.52033429247719,187.04066858495437,187.04066858495437
1,36,93.12799999999999,112.22456847721396,224.44913695442793,112.22456847721396
1,37,93.12799999999999,121.2975572165871,242.5951144331742,242.59511443317422
1,38,93.12799999999999,61.84455298047495,186.25599999999997,186.25599999999997
1,39,93.12799999999999,73.43915743344041,186.25599999999997,73.43915743344041
1,40,93.12799999999999,99.45617205342177,198.91234410684353,198.91234410684353
1,41,93.12799999999999,68.96888379585361,186.25599999999997,186.25599999999997
1,42,93.12799999999999,113.80844239381491,227.61688478762983,4170.991253080569
1,43,93.12799999999999,72.50805774574305,186.25599999999997,186.25599999999997
1,44,93.12799999999999,105.68489624880503,211.36979249761006,211.36979249761006
1,45,93.12799999999999,100.07048534172968,200.14097068345936,100.0704853417297
1,46,93.12799999999999,109.29965551249236,218.59931102498473,109.29965551249236
1,47,93.12799999999999,60.72966718821907,186.25599999999997,60.729667188219075
1,48,93.12799999999999,73.27817937528364,186.25599999999997,186.25599999999997
1,49,93.12799999999999,103.33576255292114,206.67152510584228,103.33576255292114
1,50,93.12799999999999,64.29282649809049,186.25599999999997,186.25599999999997
1,51,93.12799999999999,60.688029209242416,186.25599999999997,60.68802920924242
1,52,93.12799999999999,81.34921295361005,186.25599999999997,186.25599999999997
1,53,93.12799999999999,96.06925759297289,192.13851518594578,192.13851518594578
1,54,93.12799999999999,62.056807835622024,186.25599999999997,186.25599999999997
1,55,93.12799999999999,62.907242916781364,186.25599999999997,186.25599999999997
1,56,93.12799999999999,61.504978472941765,186.25599999999997,186.25599999999997
1,57,93.12799999999999,83.75455021832734,186.25599999999997,186.25599999999997
1,58,93.12799999999999,101.04528748409945,202.0905749681989,101.04528748409945
1,59,93.12799999999999,71.28214284740412,186.25599999999997,186.25599999999997
1,60,93.12799999999999,114.195702360797,228.391404721594,114.19570236079701
1,61,93.12799999999999,86.11069427555783,186.25599999999997,186.25599999999997
1,62,93.12799999999999,97.95852612042833,195.91705224085666,97.95852612042833
1,63,93.12799999999999,77.12845230755403,186.25599999999997,186.25599999999997
1,64,93.12799999999999,97.68095880080313,195.36191760160625,97.68095880080313
1,65,93.12799999999999,119.09254456842577,238.18508913685153,238.18508913685156
1,66,93.12799999999999,87.09935857248364,186.25599999999997,87.09935857248364
1,67,93.12799999999999,71.85302879453515,186.25599999999997,71.85302879453515
1,68,93.12799999999999,85.66641072200906,186.25599999999997,186.25599999999997
1,69,93.12799999999999,86.88167430870392,186.25599999999997,86.88167430870392
1,70,93.12799999999999,90.87054504527978,186.25599999999997,186.25599999999997
1,71,93.12799999999999,92.01676561061038,186.25599999999997,92.01676561061038
1,72,93.12799999999999,61.437151257363894,186.25599999999997,186.25599999999997
1,73,93.12799999999999,69.15569584872728,186.25599999999997,186.25599999999997
1,74,93.12799999999999,87.23934553732188,186.25599999999997,186.25599999999997
1,75,93.12799999999999,103.54732333597181,207.09464667194362,103.54732333597181
1,76,93.12799999999999,107.95211356287918,215.90422712575835,107.95211356287918
1,77,93.12799999999999,107.9214324110148,215.8428648220296,215.84286482202964
1,78,93.12799999999999,90.56438865733489,186.25599999999997,90.56438865733489
1,79,93.12799999999999,119.28790515230762,238.57581030461523,119.28790515230763
1,80,93.12799999999999,79.75088496839446,186.25599999999997,186.25599999999997
1,81,93.12799999999999,89.21539227652966,186.25599999999997,89.21539227652966
1,82,93.12799999999999,106.10369111487749,212.20738222975498,212.20738222975498
1,83,93.12799999999999,113.02979343927638,226.05958687855275,226.05958687855275
1,84,93.12799999999999,84.97628803694101,186.25599999999997,84.97628803694101
1,85,93.12799999999999,112.45053801529353,224.90107603058706,112.45053801529355
1,86,93.12799999999999,86.88146405502232,186.25599999999997,186.25599999999997
1,87,93.12799999999999,104.03932094553767,208.07864189107534,104.03932094553767
1,88,93.12799999999999,59.28711628893052,186.25599999999997,186.25599999999997
1,89,93.12799999999999,60.347115907067064,186.25599999999997,186.25599999999997
1,90,93.12799999999999,118.25675505596648,236.51351011193296,236.513510111933
1,91,93.12799999999999,65.2150436890555,186.25599999999997,186.25599999999997
1,92,93.12799999999999,100.63659746527263,201.27319493054526,100.63659746527263
1,93,93.12799999999999,76.6749186676214,186.25599999999997,76.6749186676214
1,94,93.12799999999999,71.46026820393142,186.25599999999997,186.25599999999997
1,95,93.12799999999999,83.32325179933648,186.25599999999997,186.25599999999997
1,96,93.12799999999999,117.33621724285722,234.67243448571443,234.67243448571443
1,97,93.12799999999999,94.83496122791894,189.66992245583788,94.83496122791894
1,98,93.12799999999999,116.7549383563706,233.5098767127412,116.7549383563706
1,99,93.12799999999999,103.18623447371708,206.37246894743416,206.3724689474342
2,0,86.03,75.42834047404797,172.06,172.06
2,1,86.03,75.68527706138981,172.06,75.68527706138981
2,2,86.03,60.530580681073864,172.06,60.530580681073864
2,3,86.03,49.23273208659399,172.06,172.06
2,4,86.03,71.0296245660096,172.06,172.06
2,5,86.03,78.70756808625993,172.06,78.70756808625993
2,6,86.03,95.22965665518359,190.45931331036718,95.22965665518359
2,7,86.03,84.73264011415336,172.06,172.06
2,8,86.03,93.42391798610144,186.8478359722029,186.8478359722029
2,9,86.03,97.84626984495024,195.69253968990049,195.69253968990049
2,10,86.03,98.63519782055228,197.27039564110456,98.63519782055228
2,11,86.03,92.03573069150875,184.0714613830175,184.0714613830175
2,12,86.03,55.91841979585093,172.06,172.06
2,13,86.03,67.27314588831013,172.06,172.06
2,14,86.03,59.9862400568194,172.06,59.9862400568194
2,15,86.03,94.74534904423098,189.49069808846195,189.49069808846195
2,16,86.03,90.7860230253167,181.5720460506334,181.5720460506334
2,17,86.03,67.39826080414028,172.06,67.39826080414028
2,18,86.03,79.01166967355071,172.06,172.06
2,19,86.03,91.46135564522784,182.92271129045568,91.46135564522784
2,20,86.03,92.94006036917052,185.88012073834105,92.94006036917052
2,21,86.03,59.8433366113613,172.06,172.06
2,22,86.03,87.53368142207185,175.0673628441437,87.53368142207185
2,23,86.03,91.37075561238473,182.74151122476945,91.37075561238473
2,24,86.03,51.261977052068616,172.06,172.06
2,25,86.03,54.64137091128665,172.06,172.06
2,26,86.03,71.93951002466495,172.06,71.93951002466495
2,27,86.03,60.6392787858284,172.06,172.06
2,28,86.03,95.44385204873164,190.88770409746328,190.88770409746328
2,29,86.03,86.95376441202318,173.90752882404635,173.90752882404635
2,30,86.03,86.60134868712984,173.20269737425969,173.20269737425969
2,31,86.03,89.6005903830119,179.2011807660238,179.2011807660238
2,32,86.03,66.4352401366481,172.06,66.4352401366481
2,33,86.03,61.047023117934145,172.06,61.04702311793415
2,34,86.03,82.02943170565355,172.06,82.02943170565355
2,35,86.03,70.85252660210777,172.06,70.85252660210777
2,36,86.03,98.40651573395846,196.81303146791691,196.81303146791691
2,37,86.03,82.87923215484857,172.06,82.87923215484857
2,38,86.03,69.39760368725557,172.06,69.39760368725557
2,39,86.03,94.09847477908667,188.19694955817334,94.09847477908667
2,40,86.03,69.07538935456658,172.06,172.06
2,41,86.03,58.39342843859465,172.06,172.06
2,42,86.03,90.22308619606198,180.44617239212397,180.44617239212397
2,43,86.03,73.89803301173832,172.06,73.89803301173832
2,44,86.03,62.675575444313935,172.06,172.06
2,45,86.03,85.51417284986053,172.06,85.51417284986053
2,46,86.03,100.71211696882398,201.42423393764795,100.71211696882398
2,47,86.03,61.977795898196675,172.06,172.06
2,48,86.03,90.67595428553197,181.35190857106394,181.35190857106394
2,49,86.03,89.20364061443654,178.40728122887307,178.40728122887307
2,50,86.03,55.3193975663368,172.06,55.319397566336804
2,51,86.03,93.24294480074387,186.48588960148774,93.24294480074387
2,52,86.03,73.34570577552209,172.06,172.06
2,53,86.03,55.62229468813958,172.06,90.7696022754285
2,54,86.03,77.281463561227,172.06,172.06
2,55,86.03,64.62921379210809,172.06,172.06
2,56,86.03,58.257023504909384,172.06,172.06
2,57,86.03,53.166911425473124,172.06,172.06
2,58,86.03,59.47961334787424,172.06,172.06
2,59,86.03,71.64962013260286,172.06,71.64962013260286
2,60,86.03,82.84543443925871,172.06,172.06
2,61,86.03,53.59638962879081,172.06,53.59638962879081
2,62,86.03,86.74501584697495,173.4900316939499,86.74501584697495
2,63,86.03,54.35424735697231,172.06,54.35424735697231
2,64,86.03,58.25042268587232,172.06,172.06
2,65,86.03,86.61792790148402,173.23585580296805,86.61792790148402
2,66,86.03,95.68871970488581,191.37743940977163,95.68871970488581
2,67,86.03,100.85209064196385,201.7041812839277,201.7041812839277
2,68,86.03,83.43076010866335,172.06,172.06
2,69,86.03,74.18964982482191,172.06,172.06
2,70,86.03,53.61793347566164,172.06,172.06
2,71,86.03,78.47411092835527,172.06,172.06
2,72,86.03,58.543273589934024,172.06,172.06
2,73,86.03,76.1239461666542,172.06,172.06
2,74,86.03,81.11076759618808,172.06,81.11076759618808
2,75,86.03,92.94276381537713,185.88552763075427,92.94276381537713
2,76,86.03,66.06614332104115,172.06,172.06
2,77,86.03,101.15404566124,202.30809132248,202.30809132248
2,78,86.03,101.4752263854126,202.9504527708252,101.4752263854126
2,79,86.03,92.5702259669782,185.1404519339564,185.1404519339564
2,80,86.03,85.60666802119343,172.06,172.06
2,81,86.03,87.69139739278948,175.38279478557897,87.69139739278948
2,82,86.03,95.16144145551083,190.32288291102165,190.32288291102165
2,83,86.03,99.18354691680008,198.36709383360017,198.36709383360017
2,84,86.03,93.94776800407661,187.89553600815321,187.89553600815321
2,85,86.03,82.799372863314,172.06,82.799372863314
2,86,86.03,52.86410949407804,172.06,52.86410949407805
2,87,86.03,81.87331698728411,172.06,81.87331698728411
2,88,86.03,67.62047775998738,172.06,172.06
2,89,86.03,57.67959086997915,172.06,57.679590869979144
2,90,86.03,96.10561607516216,192.21123215032432,192.21123215032432
2,91,86.03,92.50373692851826,185.00747385703653,92.50373692851826
2,92,86.03,76.76947449715425,172.06,76.76947449715425
2,93,86.03,73.4359352209437,172.06,73.4359352209437
2,94,86.03,74.7997570133725,172.06,172.06
2,95,86.03,62.74097124696472,172.06,172.06
2,96,86.03,70.22783841506227,172.06,172.06
2,97,86.03,72.02319144917615,172.06,172.06
2,98,86.03,49.780993440928235,172.06,49.780993440928235
2,99,86.03,96.09188378632739,192.18376757265477,192.18376757265477
3,0,82.964,46.05790803615766,165.928,165.928
3,1,82.964,62.588937167155265,165.928,62.588937167155265
3,2,82.964,49.266742889109224,165.928,165.928
3,3,82.964,54.12832729067376,165.928,165.928
3,4,82.964,89.97819007422642,179.95638014845284,89.97819007422642
3,5,82.964,62.51094712854275,165.928,62.51094712854276
3,6,82.964,79.71458239386362,165.928,79.71458239386362
3,7,82.964,50.72327014409638,165.928,165.928
3,8,82.964,56.7405722016417,165.928,165.928
3,9,82.964,87.03571687974,174.07143375948,87.03571687974
3,10,82.964,88.09664905585899,176.19329811171798,88.09664905585899
3,11,82.964,58.48879847540331,165.928,165.928
3,12,82.964,91.16568212641309,182.33136425282618,91.16568212641309
3,13,82.964,76.78575983277366,165.928,76.78575983277366
3,14,82.964,68.8462659138349,165.928,68.8462659138349
3,15,82.964,62.834660168052466,165.928,62.83466016805247
3,16,82.964,60.88051820239337,165.928,60.880518202393375
3,17,82.964,90.4393888199308,180.8787776398616,90.4393888199308
3,18,82.964,77.99931603965575,165.928,77.99931603965575
3,19,82.964,70.34165720851021,165.928,165.928
3,20,82.964,46.74755364506984,165.928,165.928
3,21,82.964,56.561093751376205,165.928,165.928
3,22,82.964,90.0142637522425,180.028527504485,90.0142637522425
3,23,82.964,71.43613839816534,165.928,71.43613839816534
3,24,82.964,61.84955223190086,165.928,61.84955223190086
3,25,82.964,45.11056285106141,165.928,4017.3532234840854
3,26,82.964,56.84951531049164,165.928,165.928
3,27,82.964,56.882141460477825,165.928,165.928
3,28,82.964,52.86454941342336,165.928,165.928
3,29,82.964,61.24657207082909,165.928,61.24657207082909
3,30,82.964,54.40171263653861,165.928,165.928
3,31,82.964,47.68109178576019,165.928,165.928
3,32,82.964,49.36711305863205,165.928,165.928
3,33,82.964,68.5442884350385,165.928,68.5442884350385
3,34,82.964,48.00614239695665,165.928,165.928
3,35,82.964,89.628709207397,179.257418414794,89.628709207397
3,36,82.964,54.56755905592774,165.928,165.928
3,37,82.964,66.98059682393884,165.928,66.98059682393884
3,38,82.964,64.59796359722479,165.928,64.59796359722479
3,39,82.964,58.66685410678029,165.928,165.928
3,40,82.964,60.21494706096322,165.928,165.928
3,41,82.964,54.832057983662814,165.928,165.928
3,42,82.964,58.13451227187126,165.928,165.928
3,43,82.964,50.28780112252397,165.928,165.928
3,44,82.964,77.80301011857267,165.928,77.80301011857267
3,45,82.964,75.65209972757194,165.928,75.65209972757194
3,46,82.964,59.63789579106803,165.928,165.928
3,47,82.964,86.99068715039621,173.98137430079242,86.99068715039621
3,48,82.964,63.23734272481005,165.928,63.237342724810055
3,49,82.964,74.04408072318476,165.928,74.04408072318476
3,50,82.964,69.81590659331233,165.928,165.928
3,51,82.964,60.288444251882034,165.928,165.928
3,52,82.964,89.37078953403059,178.74157906806118,89.37078953403059
3,53,82.964,85.44707866027608,170.89415732055215,170.89415732055215
3,54,82.964,85.10666721371673,170.21333442743347,170.21333442743347
3,55,82.964,90.5489372020698,181.0978744041396,90.5489372020698
3,56,82.964,44.77546610873008,165.928,165.928
3,57,82.964,68.32266500237446,165.928,68.32266500237446
3,58,82.964,89.76141946112237,179.52283892224474,89.76141946112237
3,59,82.964,51.12082304444789,165.928,165.928
3,60,82.964,56.43813727616558,165.928,165.928
3,61,82.964,68.94510033279539,165.928,68.94510033279539
3,62,82.964,77.28216523242914,165.928,77.28216523242914
3,63,82.964,60.658897915082974,165.928,60.658897915082974
3,64,82.964,59.38951781554698,165.928,165.928
3,65,82.964,81.96510998154072,165.928,81.96510998154072
3,66,82.964,46.236067552333985,165.928,165.928
3,67,82.964,82.44601930617623,165.928,82.44601930617623
3,68,82.964,65.26508543241651,165.928,65.26508543241651
3,69,82.964,74.9058819729361,165.928,74.9058819729361
3,70,82.964,78.58454688796373,165.928,78.58454688796373
3,71,82.964,49.39155460227697,165.928,165.928
3,72,82.964,88.12309988935898,176.24619977871797,88.12309988935898
3,73,82.964,84.20204931370746,168.40409862741492,168.40409862741492
3,74,82.964,62.7086145958763,165.928,62.7086145958763
3,75,82.964,54.02396985074912,165.928,165.928
3,76,82.964,47.67647012244972,165.928,165.928
3,77,82.964,59.49744663516343,165.928,165.928
3,78,82.964,78.95431677597358,165.928,165.928
3,79,82.964,83.7629407764266,167.5258815528532,83.7629407764266
3,80,82.964,60.362095758555135,165.928,165.928
3,81,82.964,55.25008098517116,165.928,165.928
3,82,82.964,60.40085158477641,165.928,165.928
3,83,82.964,91.03360958591914,182.06721917183827,91.03360958591914
3,84,82.964,49.27719721066362,165.928,165.928
3,85,82.964,52.45567454455261,165.928,165.928
3,86,82.964,78.04285250941037,165.928,165.928
3,87,82.964,51.377473059955946,165.928,165.928
3,88,82.964,57.47843357344156,165.928,165.928
3,89,82.964,83.28174807836012,166.56349615672025,83.28174807836012
3,90,82.964,59.11285473283001,165.928,165.928
3,91,82.964,73.36730568785899,165.928,73.36730568785899
3,92,82.964,72.20329453297174,165.928,72.20329453297174
3,93,82.964,57.42156956560171,165.928,165.928
3,94,82.964,56.61800547618363,165.928,165.928
3,95,82.964,58.586915634008804,165.928,165.928
3,96,82.964,86.7810633462895,173.562126692579,86.7810633462895
3,97,82.964,45.558184496043985,165.928,165.928
3,98,82.964,49.062985300961444,165.928,165.928
3,99,82.964,61.065268347347,165.928,61.065268347347
4,0,82.726,58.94666739629283,165.452,58.94666739629283
4,1,82.726,76.5226031379175,165.452,76.5226031379175
4,2,82.726,75.3221797056932,165.452,75.3221797056932
4,3,82.726,73.05953248038504,165.452,165.452
4,4,82.726,63.0744887039996,165.452,63.0744887039996
4,5,82.726,73.88491406183387,165.452,73.88491406183387
4,6,82.726,87.9833842946179,175.9667685892358,87.9833842946179
4,7,82.726,89.33161450159787,178.66322900319574,178.66322900319574
4,8,82.726,74.98250846585877,165.452,74.98250846585877
4,9,82.726,89.0150237647784,178.0300475295568,89.0150237647784
4,10,82.726,49.401989876681576,165.452,49.401989876681576
4,11,82.726,55.54823804764228,165.452,165.452
4,12,82.726,86.03143944588135,172.0628788917627,172.0628788917627
4,13,82.726,67.3903759041552,165.452,67.3903759041552
4,14,82.726,63.95419020956524,165.452,63.95419020956524
4,15,82.726,76.99214617791336,165.452,76.99214617791336
4,16,82.726,66.75161989574612,165.452,165.45200000000068
4,17,82.726,94.30976300431944,188.61952600863887,94.30976300431944
4,18,82.726,67.4981913562847,165.452,67.4981913562847
4,19,82.726,90.54985778076838,181.09971556153675,90.54985778076838
4,20,82.726,78.51881839152432,165.452,78.51881839152432
4,21,82.726,94.43746243770384,188.8749248754077,94.43746243770384
4,22,82.726,72.47931680638325,165.452,72.47931680638325
4,23,82.726,96.823054357408,193.646108714816,96.823054357408
4,24,82.726,77.23333843593514,165.452,77.23333843593514
4,25,82.726,49.06688637714468,165.452,165.452
4,26,82.726,85.55354524937259,171.10709049874518,171.10709049874518
4,27,82.726,91.84034242124538,183.68068484249076,91.84034242124538
4,28,82.726,52.69980351997461,165.452,52.69980351997461
4,29,82.726,97.07595140041356,194.15190280082712,97.07595140041356
4,30,82.726,76.55177891681183,165.452,76.55177891681183
4,31,82.726,85.64749382187021,171.29498764374043,85.64749382187021
4,32,82.726,59.13649062492523,165.452,59.13649062492523
4,33,82.726,95.93380178435672,191.86760356871343,95.93380178435672
4,34,82.726,80.65143242166747,165.452,80.65143242166747
4,35,82.726,75.52010350472617,165.452,165.452
4,36,82.726,96.97062358423874,193.94124716847747,193.94124716847747
4,37,82.726,76.22046597784409,165.452,76.22046597784409
4,38,82.726,74.9223497710395,165.452,74.9223497710395
4,39,82.726,49.940289480757116,165.452,165.452
4,40,82.726,75.67763686817034,165.452,75.67763686817034
4,41,82.726,85.83522959988606,171.67045919977213,171.67045919977213
4,42,82.726,66.54550002729,165.452,66.54550002729
4,43,82.726,82.49840393632867,165.452,165.452
4,44,82.726,76.58675963909552,165.452,76.58675963909552
4,45,82.726,58.31420913433448,165.452,58.31420913433448
4,46,82.726,75.69944047100257,165.452,165.452
4,47,82.726,72.06552431421802,165.452,72.06552431421802
4,48,82.726,64.97117772909668,165.452,64.97117772909668
4,49,82.726,81.64202753297465,165.452,81.64202753297465
4,50,82.726,50.78106784742876,165.452,50.781067847428766
4,51,82.726,66.76962449852772,165.452,66.76962449852772
4,52,82.726,69.91676589733622,165.452,69.91676589733622
4,53,82.726,97.61081838863005,195.2216367772601,-1744.6650336996452
4,54,82.726,83.46676203413432,166.93352406826864,83.46676203413432
4,55,82.726,79.75149396875653,165.452,79.75149396875653
4,56,82.726,55.64461503147784,165.452,55.64461503147784
4,57,82.726,69.96720598635885,165.452,69.96720598635885
4,58,82.726,66.6907982628474,165.452,66.6907982628474
4,59,82.726,95.89352760425969,191.78705520851938,95.89352760425969
4,60,82.726,70.87665522509779,165.452,70.87665522509779
4,61,82.726,91.51705890401365,183.0341178080273,91.51705890401365
4,62,82.726,81.17905527526138,165.452,-82.09525258144268
4,63,82.726,92.75804993028223,185.51609986056445,209.8986417982007
4,64,82.726,47.81451083561226,165.452,47.81451083561226
4,65,82.726,95.0926410239449,190.1852820478898,95.0926410239449
4,66,82.726,96.45259276802705,192.9051855360541,96.45259276802705
4,67,82.726,55.59284522438168,165.452,55.59284522438168
4,68,82.726,51.01487479490325,165.452,51.01487479490325
4,69,82.726,63.92262882699003,165.452,63.92262882699002
4,70,82.726,77.68720041118128,165.452,165.452
4,71,82.726,74.53563708439916,165.452,74.53563708439916
4,72,82.726,69.96875510323197,165.452,69.96875510323197
4,73,82.726,94.4712425104872,188.9424850209744,94.4712425104872
4,74,82.726,76.88787955459676,165.452,165.45199999999875
4,75,82.726,95.57229683619336,191.14459367238672,191.14459367238672
4,76,82.726,77.2048466364973,165.452,165.45199999999997
4,77,82.726,57.14464669647276,165.452,165.452
4,78,82.726,98.03211491523541,196.06422983047082,98.03211491523541
4,79,82.726,98.87482991098801,197.74965982197602,98.87482991098801
4,80,82.726,70.55087231940495,165.452,70.55087231940495
4,81,82.726,86.76235269303554,173.52470538607108,86.76235269303554
4,82,82.726,80.30433000106906,165.452,165.452
4,83,82.726,57.14791917583497,165.452,57.14791917583497
4,84,82.726,77.36121396767108,165.452,77.36121396767108
4,85,82.726,81.2113837425353,165.452,81.2113837425353
4,86,82.726,78.10715434908921,165.452,78.10715434908921
4,87,82.726,75.42559376263827,165.452,165.452
4,88,82.726,78.01165421820113,165.452,165.452
4,89,82.726,84.02047131583198,168.04094263166397,168.040942631664
4,90,82.726,87.20090561710796,174.40181123421593,174.40181123421593
4,91,82.726,52.21238473419425,165.452,52.21238473419425
4,92,82.726,94.51322999599718,189.02645999199436,189.02645999199436
4,93,82.726,70.71284716575407,165.452,165.452
4,94,82.726,83.38578536531975,166.7715707306395,166.7715707306395
4,95,82.726,67.53245624440834,165.452,165.452
4,96,82.726,50.263027952596424,165.452,50.26302795259643
4,97,82.726,81.69364655624297,165.452,165.45199999999892
4,98,82.726,66.40477864049103,165.452,66.40477864049103
4,99,82.726,76.0055473894142,165.452,76.0055473894142
5,0,85.946,72.05607372222485,171.892,171.892
5,1,85.946,68.2750715910291,171.892,68.2750715910291
5,2,85.946,73.8415639645318,171.892,171.892
5,3,85.946,106.73947592436622,213.47895184873244,106.73947592436622
5,4,85.946,111.69213857015731,223.38427714031462,223.38427714031462
5,5,85.946,114.98205806582433,229.96411613164867,229.96411613164867
5,6,85.946,80.96336042821834,171.892,171.892
5,7,85.946,102.59870607318585,205.1974121463717,102.59870607318587
5,8,85.946,66.1153112982136,171.892,171.892
5,9,85.946,100.8544803018362,201.7089606036724,201.70896060367244
5,10,85.946,81.5587449059372,171.892,81.5587449059372
5,11,85.946,106.8735880406434,213.7471760812868,213.7471760812868
5,12,85.946,67.86173524866781,171.892,171.892
5,13,85.946,105.35569817128419,210.71139634256838,105.35569817128419
5,14,85.946,60.34389834295976,171.892,171.892
5,15,85.946,106.99510959025308,213.99021918050616,213.9902191805062
5,16,85.946,81.5251404363753,171.892,81.5251404363753
5,17,85.946,64.46868952786605,171.892,64.46868952786605
5,18,85.946,74.42711070804013,171.892,74.42711070804013
5,19,85.946,98.7507294094175,197.501458818835,98.7507294094175
5,20,85.946,82.88986297362908,171.892,171.892
5,21,85.946,70.04688598268515,171.892,70.04688598268515
5,22,85.946,70.37854857298926,171.892,171.892
5,23,85.946,97.77471656134065,195.5494331226813,195.5494331226813
5,24,85.946,95.03733052733689,190.07466105467378,190.07466105467378
5,25,85.946,59.837450055146874,171.892,171.892
5,26,85.946,104.96997334521862,209.93994669043724,104.96997334521862
5,27,85.946,64.43509770579792,171.892,171.892
5,28,85.946,70.48699486819905,171.892,70.48699486819905
5,29,85.946,56.821675969747076,171.892,171.892
5,30,85.946,86.50543631346922,173.01087262693844,172.426657628493
5,31,85.946,107.2859680685472,214.5719361370944,214.5719361370944
5,32,85.946,112.0371105132303,224.0742210264606,224.0742210264606
5,33,85.946,83.91628574954922,171.892,171.892
5,34,85.946,62.17815336090436,171.892,62.17815336090437
5,35,85.946,84.57919304466789,171.892,84.57919304466789
5,36,85.946,73.49509741934712,171.892,171.892
5,37,85.946,74.6369271441036,171.892,171.892
5,38,85.946,70.63137971585104,171.892,70.63137971585104
5,39,85.946,113.48132120205413,226.96264240410827,113.48132120205415
5,40,85.946,79.94321918356714,171.892,171.892
5,41,85.946,56.19885837470344,171.892,171.892
5,42,85.946,85.84268989761864,171.892,116.43400951114589
5,43,85.946,98.1982221425801,196.3964442851602,196.3964442851602
5,44,85.946,105.13592815408091,210.27185630816183,210.27185630816186
5,45,85.946,101.4049830432293,202.8099660864586,202.8099660864586
5,46,85.946,98.31666265373329,196.63332530746658,196.63332530746658
5,47,85.946,67.926569071858,171.892,171.892
5,48,85.946,77.09121152078974,171.892,171.892
5,49,85.946,83.68491074764674,171.892,171.892
5,50,85.946,64.24085382987514,171.892,171.892
5,51,85.946,81.74993306829691,171.892,171.892
5,52,85.946,62.10212071013655,171.892,171.892
5,53,85.946,61.24404316484008,171.892,171.892
5,54,85.946,106.3969148252873,212.7938296505746,106.3969148252873
5,55,85.946,66.16923680575782,171.892,66.16923680575782
5,56,85.946,84.49257442018435,171.892,171.892
5,57,85.946,93.6592809997225,187.318561999445,187.318561999445
5,58,85.946,112.59369418643234,225.1873883728647,225.1873883728647
5,59,85.946,74.45159287833303,171.892,171.892
5,60,85.946,66.90319859870495,171.892,171.892
5,61,85.946,108.76242354621989,217.52484709243979,217.5248470924398
5,62,85.946,74.28655381532445,171.892,171.892
5,63,85.946,72.72307413745433,171.892,72.72307413745433
5,64,85.946,65.03460251688875,171.892,171.892
5,65,85.946,82.79320961601546,171.892,171.892
5,66,85.946,69.93898931183669,171.892,171.892
5,67,85.946,77.61912252415247,171.892,171.892
5,68,85.946,76.0989131726802,171.892,171.892
5,69,85.946,93.65778410094458,187.31556820188916,187.31556820188916
5,70,85.946,82.85472784533002,171.892,82.85472784533002
5,71,85.946,96.8565138834452,193.7130277668904,96.8565138834452
5,72,85.946,74.12202715651401,171.892,74.12202715651401
5,73,85.946,75.41976142122387,171.892,171.892
5,74,85.946,116.16952316080089,232.33904632160178,232.33904632160178
5,75,85.946,70.34891085676901,171.892,171.892
5,76,85.946,101.97620807954718,203.95241615909435,101.97620807954718
5,77,85.946,98.16138119017343,196.32276238034686,98.16138119017343
5,78,85.946,95.04162155124595,190.0832431024919,190.0832431024919
5,79,85.946,63.31234522528438,171.892,171.892
5,80,85.946,56.31937074594235,171.892,171.892
5,81,85.946,100.93269835259353,201.86539670518707,201.86539670518707
5,82,85.946,60.989191026804335,171.892,171.892
5,83,85.946,70.61691197899431,171.892,70.61691197899431
5,84,85.946,115.62378571434223,231.24757142868447,115.62378571434225
5,85,85.946,114.23027928166314,228.4605585633263,114.23027928166314
5,86,85.946,111.52993227907454,223.0598645581491,111.52993227907456
5,87,85.946,91.14833492102966,182.29666984205932,182.29666984205932
5,88,85.946,83.48957012093291,171.892,83.48957012093291
5,89,85.946,83.85767363568617,171.892,171.892
5,90,85.946,76.46623329146018,171.892,171.892
5,91,85.946,114.30498602864753,228.60997205729507,228.60997205729507
5,92,85.946,105.1786876535105,210.357375307021,105.17868765351051
5,93,85.946,115.7864239093037,231.5728478186074,115.78642390930372
5,94,85.946,74.12352501957486,171.892,171.892
5,95,85.946,90.94252025662145,181.8850405132429,90.94252025662145
5,96,85.946,97.10517433777305,194.2103486755461,194.2103486755461
5,97,85.946,79.11235445588326,171.892,171.892
5,98,85.946,91.2034109311406,182.4068218622812,182.4068218622812
5,99,85.946,67.83140700545191,171.892,171.892
6,0,93.54799999999999,62.10800418783259,187.09599999999998,187.09599999999998
6,1,93.54799999999999,53.16394845225685,187.09599999999998,187.09599999999998
6,2,93.54799999999999,78.54982920312037,187.09599999999998,78.54982920312037
6,3,93.54799999999999,63.12151488203499,187.09599999999998,63.12151488203499
6,4,93.54799999999999,67.65515737582008,187.09599999999998,67.65515737582008
6,5,93.54799999999999,65.44215757715133,187.09599999999998,65.44215757715133
6,6,93.54799999999999,49.05502311759688,187.09599999999998,187.09599999999998
6,7,93.54799999999999,91.20073918349928,187.09599999999998,91.20073918349928
6,8,93.54799999999999,82.78367458292144,187.09599999999998,82.78367458292144
6,9,93.54799999999999,62.61613940343717,187.09599999999998,62.61613940343717
6,10,93.54799999999999,91.34298060408332,187.09599999999998,91.34298060408332
6,11,93.54799999999999,80.19168533440265,187.09599999999998,80.19168533440265
6,12,93.54799999999999,95.9905250622812,191.9810501245624,191.9810501245624
6,13,93.54799999999999,69.57356194611057,187.09599999999998,69.57356194611057
6,14,93.54799999999999,51.89728563377324,187.09599999999998,187.09599999999998
6,15,93.54799999999999,52.49668251843514,187.09599999999998,187.09599999999998
6,16,93.54799999999999,83.73330755060432,187.09599999999998,83.73330755060434
6,17,93.54799999999999,75.34899931185097,187.09599999999998,75.34899931185097
6,18,93.54799999999999,57.25616036529165,187.09599999999998,57.256160365291656
6,19,93.54799999999999,73.79175947100286,187.09599999999998,73.79175947100286
6,20,93.54799999999999,72.90235864246789,187.09599999999998,72.90235864246789
6,21,93.54799999999999,89.29729169478672,187.09599999999998,89.29729169478674
6,22,93.54799999999999,49.07134010788865,187.09599999999998,49.07134010788866
6,23,93.54799999999999,52.06942085174643,187.09599999999998,52.06942085174643
6,24,93.54799999999999,68.54320053332222,187.09599999999998,187.09599999999998
6,25,93.54799999999999,53.387411220508916,187.09599999999998,187.09599999999998
6,26,93.54799999999999,95.84412384136128,191.68824768272256,95.84412384136128
6,27,93.54799999999999,56.32852339615534,187.09599999999998,56.32852339615534
6,28,93.54799999999999,77.39280360156472,187.09599999999998,187.09599999999998
6,29,93.54799999999999,68.5959830592228,187.09599999999998,68.5959830592228
6,30,93.54799999999999,85.49304901861477,187.09599999999998,85.49304901861477
6,31,93.54799999999999,49.04901134244445,187.09599999999998,49.04901134244445
6,32,93.54799999999999,62.63422875636883,187.09599999999998,62.63422875636883
6,33,93.54799999999999,69.90147086182425,187.09599999999998,69.90147086182425
6,34,93.54799999999999,52.098542853121266,187.09599999999998,52.098542853121266
6,35,93.54799999999999,78.46977722678604,187.09599999999998,78.46977722678604
6,36,93.54799999999999,73.12284791901139,187.09599999999998,73.12284791901139
6,37,93.54799999999999,87.7492539206139,187.09599999999998,87.7492539206139
6,38,93.54799999999999,68.52740206707239,187.09599999999998,68.52740206707239
6,39,93.54799999999999,61.165846170568855,187.09599999999998,61.16584617056886
6,40,93.54799999999999,62.20917844761774,187.09599999999998,62.20917844761774
6,41,93.54799999999999,58.19797544307214,187.09599999999998,58.19797544307214
6,42,93.54799999999999,93.05689245469927,187.09599999999998,93.05689245469927
6,43,93.54799999999999,86.34477067312577,187.09599999999998,86.34477067312577
6,44,93.54799999999999,63.587174984583314,187.09599999999998,187.09599999999998
6,45,93.54799999999999,68.90475812827957,187.09599999999998,68.90475812827957
6,46,93.54799999999999,51.47248743135078,187.09599999999998,51.47248743135078
6,47,93.54799999999999,75.88047670217651,187.09599999999998,75.88047670217651
6,48,93.54799999999999,82.85524855870383,187.09599999999998,82.85524855870383
6,49,93.54799999999999,57.813200278523,187.09599999999998,187.09599999999998
6,50,93.54799999999999,68.51391908499897,187.09599999999998,68.51391908499897
6,51,93.54799999999999,80.15291301675853,187.09599999999998,80.15291301675853
6,52,93.54799999999999,68.54532095686984,187.09599999999998,187.09599999999998
6,53,93.54799999999999,73.93920340453184,187.09599999999998,73.93920340453184
6,54,93.54799999999999,56.15839577039192,187.09599999999998,56.15839577039192
6,55,93.54799999999999,86.15909032195562,187.09599999999998,86.15909032195562
6,56,93.54799999999999,51.89752517888096,187.09599999999998,51.89752517888097
6,57,93.54799999999999,69.94856536821173,187.09599999999998,69.94856536821173
6,58,93.54799999999999,60.970655865990295,187.09599999999998,60.970655865990295
6,59,93.54799999999999,51.686432571220564,187.09599999999998,51.686432571220564
6,60,93.54799999999999,89.18564913633394,187.09599999999998,187.09599999999998
6,61,93.54799999999999,56.42568998074102,187.09599999999998,56.425689980741026
6,62,93.54799999999999,69.87623488255467,187.09599999999998,69.87623488255467
6,63,93.54799999999999,77.04917780373114,187.09599999999998,187.09599999999998
6,64,93.54799999999999,59.89570216346689,187.09599999999998,59.89570216346689
6,65,93.54799999999999,70.39591067721376,187.09599999999998,70.39591067721376
6,66,93.54799999999999,72.93559994683977,187.09599999999998,72.93559994683977
6,67,93.54799999999999,68.65396439213664,187.09599999999998,68.65396439213664
6,68,93.54799999999999,64.57197214413164,187.09599999999998,187.09599999999998
6,69,93.54799999999999,59.21631558142701,187.09599999999998,59.21631558142701
6,70,93.54799999999999,91.71659945716411,187.09599999999998,187.09599999999998
6,71,93.54799999999999,71.8863984617488,187.09599999999998,71.8863984617488
6,72,93.54799999999999,81.47733201250053,187.09599999999998,81.47733201250053
6,73,93.54799999999999,73.11284661316375,187.09599999999998,187.09599999999998
6,74,93.54799999999999,60.71802087875121,187.09599999999998,60.71802087875121
6,75,93.54799999999999,70.34497664215151,187.09599999999998,70.34497664215151
6,76,93.54799999999999,87.56955837577976,187.09599999999998,87.56955837577976
6,77,93.54799999999999,90.20791683113434,187.09599999999998,90.20791683113434
6,78,93.54799999999999,93.44731162974573,187.09599999999998,93.44731162974573
6,79,93.54799999999999,57.21150558331048,187.09599999999998,57.21150558331048
6,80,93.54799999999999,63.67501794346967,187.09599999999998,63.67501794346967
6,81,93.54799999999999,52.36418389121216,187.09599999999998,52.36418389121216
6,82,93.54799999999999,95.81976921473363,191.63953842946725,95.81976921473363
6,83,93.54799999999999,77.96159687117671,187.09599999999998,77.96159687117671
6,84,93.54799999999999,81.65393801813396,187.09599999999998,81.65393801813396
6,85,93.54799999999999,67.95017696109116,187.09599999999998,187.09599999999998
6,86,93.54799999999999,58.59292196920087,187.09599999999998,58.59292196920087
6,87,93.54799999999999,65.77522459767931,187.09599999999998,65.77522459767931
6,88,93.54799999999999,60.849294839244905,187.09599999999998,187.09599999999998
6,89,93.54799999999999,73.03233615929804,187.09599999999998,73.03233615929804
6,90,93.54799999999999,87.21998855431016,187.09599999999998,87.21998855431016
6,91,93.54799999999999,87.9979465829132,187.09599999999998,87.9979465829132
6,92,93.54799999999999,60.7259154401841,187.09599999999998,60.72591544018411
6,93,93.54799999999999,55.29523089957813,187.09599999999998,55.29523089957813
6,94,93.54799999999999,82.56628434330482,187.09599999999998,171.27198538596565
6,95,93.54799999999999,67.26475951984295,187.09599999999998,67.26475951984295
6,96,93.54799999999999,55.51365693127142,187.09599999999998,55.51365693127143
6,97,93.54799999999999,76.62867296174757,187.09599999999998,76.62867296174757
6,98,93.54799999999999,52.043632391368625,187.09599999999998,52.04363239136862
6,99,93.54799999999999,51.19293070426895,187.09599999999998,51.19293070426896
7,0,102.326,58.82904739033317,204.652,58.82904739033318
7,1,102.326,71.0270847613168,204.652,71.0270847613168
7,2,102.326,88.03378691249556,204.652,88.03378691249556
7,3,102.326,68.22660854400927,204.652,68.22660854400927
7,4,102.326,62.37123619631269,204.652,62.37123619631269
7,5,102.326,88.87831492116416,204.652,88.87831492116416
7,6,102.326,114.56045824839343,229.12091649678686,114.56045824839343
7,7,102.326,58.79462995689536,204.652,58.79462995689536
7,8,102.326,72.33995173550444,204.652,72.33995173550444
7,9,102.326,114.44629667102679,228.89259334205357,228.89259334205357
7,10,102.326,97.74231767801422,204.652,97.74231767801422
7,11,102.326,110.01533254964575,220.0306650992915,110.01533254964575
7,12,102.326,114.94597232146506,229.89194464293013,114.94597232146506
7,13,102.326,71.75634183019785,204.652,71.75634183019785
7,14,102.326,104.32780088816526,208.6556017763305,104.32780088816527
7,15,102.326,74.3999968595361,204.652,204.65200000000002
7,16,102.326,116.7673122046343,233.5346244092686,116.7673122046343
7,17,102.326,117.93801675473279,235.87603350946557,117.93801675473279
7,18,102.326,68.09544395763211,204.652,68.09544395763211
7,19,102.326,108.87586969757245,217.7517393951449,108.87586969757245
7,20,102.326,61.022949026376494,204.652,61.022949026376494
7,21,102.326,95.56341260572977,204.652,95.56341260572977
7,22,102.326,88.21645146034436,204.652,88.21645146034436
7,23,102.326,95.57461611173852,204.652,95.57461611173852
7,24,102.326,105.60266860467061,211.20533720934122,211.20533720934125
7,25,102.326,112.48906548757134,224.97813097514268,112.48906548757134
7,26,102.326,89.53563376423112,204.652,89.53563376423112
7,27,102.326,62.68228852291417,204.652,62.68228852291418
7,28,102.326,115.22456974406418,230.44913948812837,230.44913948812837
7,29,102.326,61.87679097288361,204.652,61.87679097288361
7,30,102.326,107.76368555542611,215.52737111085221,215.52737111085221
7,31,102.326,65.65793079439938,204.652,65.65793079439938
7,32,102.326,114.52834065228946,229.05668130457892,114.52834065228944
7,33,102.326,97.75477435305672,204.652,97.75477435305672
7,34,102.326,77.47450176448311,204.652,77.47450176448311
7,35,102.326,112.18377671973784,224.36755343947567,112.18377671973785
7,36,102.326,69.35744097447302,204.652,69.35744097447302
7,37,102.326,71.55754573128591,204.652,71.55754573128591
7,38,102.326,78.45741611909158,204.652,78.45741611909159
7,39,102.326,83.95768099878335,204.652,83.95768099878335
7,40,102.326,71.75164841617767,204.652,71.75164841617767
7,41,102.326,115.59647352910677,231.19294705821355,115.59647352910677
7,42,102.326,85.6198899473809,204.652,85.6198899473809
7,43,102.326,117.60506632567824,235.21013265135647,117.60506632567824
7,44,102.326,73.91432244079708,204.652,73.91432244079708
7,45,102.326,87.37986654342193,204.652,87.37986654342193
7,46,102.326,108.20964631457676,216.41929262915352,108.20964631457677
7,47,102.326,119.95099400328156,239.90198800656313,119.95099400328158
7,48,102.326,86.20340607958296,204.652,86.20340607958296
7,49,102.326,87.47098639839385,204.652,87.47098639839385
7,50,102.326,116.90727840874699,233.81455681749398,116.90727840874699
7,51,102.326,85.10646057403407,204.652,85.10646057403407
7,52,102.326,85.62192482871562,204.652,85.62192482871562
7,53,102.326,117.68777079335078,235.37554158670156,117.68777079335078
7,54,102.326,89.1520337390647,204.652,89.1520337390647
7,55,102.326,65.97025977386825,204.652,65.97025977386825
7,56,102.326,116.9565325723864,233.9130651447728,116.95653257238641
7,57,102.326,89.4389665887645,204.652,89.4389665887645
7,58,102.326,80.63486681793513,204.652,204.65200000000002
7,59,102.326,114.40738541749276,228.81477083498552,114.40738541749276
7,60,102.326,59.147362308663936,204.652,59.14736230866394
7,61,102.326,117.34232581282343,234.68465162564686,117.34232581282345
7,62,102.326,63.54821974473105,204.652,63.54821974473105
7,63,102.326,62.797286576973,204.652,62.797286576973
7,64,102.326,117.00674218657669,234.01348437315337,117.0067421865767
7,65,102.326,87.96860224182664,204.652,87.96860224182664
7,66,102.326,69.31460761250185,204.652,69.31460761250183
7,67,102.326,119.5087848174813,239.0175696349626,119.50878481748131
7,68,102.326,79.04064166818863,204.652,79.04064166818863
7,69,102.326,116.9492062671115,233.898412534223,116.94920626711152
7,70,102.326,86.81313808677183,204.652,86.81313808677183
7,71,102.326,81.08686394554209,204.652,81.08686394554209
7,72,102.326,93.93328059891356,204.652,93.93328059891356
7,73,102.326,115.02180046762422,230.04360093524843,115.02180046762422
7,74,102.326,119.37253679216121,238.74507358432243,119.37253679216123
7,75,102.326,101.58795191418233,204.652,101.58795191418233
7,76,102.326,81.11015797006299,204.652,81.11015797006299
7,77,102.326,112.0868163098139,224.1736326196278,112.0868163098139
7,78,102.326,115.88473571893384,231.76947143786768,211.8566955114107
7,79,102.326,92.03117981557942,204.652,92.03117981557942
7,80,102.326,102.57761813530944,205.15523627061887,102.57761813530944
7,81,102.326,112.58119871962361,225.16239743924723,112.58119871962361
7,82,102.326,100.88462100462031,204.652,100.88462100462033
7,83,102.326,98.755105739637,204.652,204.65200000000002
7,84,102.326,81.88640049166472,204.652,81.88640049166472
7,85,102.326,95.62654765089327,204.652,95.62654765089327
7,86,102.326,73.28460094976147,204.652,73.28460094976147
7,87,102.326,65.57298867989365,204.652,65.57298867989365
7,88,102.326,74.24464185055365,204.652,74.24464185055365
7,89,102.326,85.98419936326692,204.652,85.98419936326692
7,90,102.326,79.6252848270716,204.652,79.6252848270716
7,91,102.326,101.97886815626377,204.652,101.97886815626379
7,92,102.326,81.99964200921609,204.652,81.99964200921609
7,93,102.326,89.6507244131725,204.652,89.6507244131725
7,94,102.326,76.26622937080319,204.652,76.26622937080319
7,95,102.326,63.64326878722608,204.652,63.643268787226084
7,96,102.326,102.90562922004246,205.8112584400849,205.81125844008488
7,97,102.326,72.09179713569674,204.652,204.65200000000002
7,98,102.326,87.1852805749801,204.652,87.1852805749801
7,99,102.326,95.22292947358267,204.652,95.22292947358267
8,0,122.122,118.04267709994818,244.244,118.04267709994818
8,1,122.122,99.03138473857321,244.244,99.03138473857321
8,2,122.122,89.03155629775857,244.244,89.03155629775857
8,3,122.122,134.27293015645816,268.5458603129163,134.27293015645816
8,4,122.122,115.95280958198246,244.244,115.95280958198246
8,5,122.122,86.74088063549623,244.244,86.74088063549623
8,6,122.122,125.08098354330025,250.1619670866005,125.08098354330026
8,7,122.122,108.0302893410649,244.244,108.03028934106491
8,8,122.122,99.40190069007821,244.244,99.40190069007821
8,9,122.122,75.63565274494184,244.244,75.63565274494184
8,10,122.122,84.83394770308014,244.244,84.83394770308014
8,11,122.122,76.22790010455005,244.244,76.22790010455005
8,12,122.122,119.85674638058983,244.244,119.85674638058983
8,13,122.122,123.57242472997855,247.1448494599571,123.57242472997856
8,14,122.122,100.57980969254861,244.244,100.57980969254861
8,15,122.122,72.45851357424732,244.244,72.45851357424732
8,16,122.122,80.98383789301054,244.244,80.98383789301054
8,17,122.122,138.11586314401208,276.23172628802416,138.11586314401208
8,18,122.122,134.20933624988098,268.41867249976195,134.20933624988098
8,19,122.122,97.81623186180897,244.244,97.81623186180897
8,20,122.122,78.88270916430199,244.244,78.88270916430199
8,21,122.122,101.14936790791086,244.244,244.244
8,22,122.122,100.41586989375088,244.244,100.41586989375088
8,23,122.122,69.89626204450394,244.244,69.89626204450394
8,24,122.122,121.46109418702432,244.244,121.46109418702432
8,25,122.122,116.92325648898543,244.244,116.92325648898543
8,26,122.122,111.69981924461563,244.244,111.69981924461563
8,27,122.122,127.94499355859955,255.8899871171991,127.94499355859956
8,28,122.122,128.96787846773245,257.9357569354649,128.96787846773245
8,29,122.122,84.24309988387421,244.244,244.244
8,30,122.122,73.63534612011873,244.244,73.63534612011873
8,31,122.122,95.64260301434149,244.244,95.64260301434149
8,32,122.122,133.42634688512584,266.8526937702517,133.42634688512584
8,33,122.122,125.62855107273181,251.25710214546362,125.62855107273181
8,34,122.122,87.28208392221279,244.244,87.28208392221279
8,35,122.122,122.52713519776256,245.05427039552512,122.52713519776258
8,36,122.122,110.23120892072909,244.244,186.80819228134774
8,37,122.122,88.83947814086727,244.244,88.83947814086727
8,38,122.122,121.58315510369565,244.244,121.58315510369565
8,39,122.122,89.35936595600836,244.244,89.35936595600836
8,40,122.122,93.6369174587836,244.244,93.6369174587836
8,41,122.122,83.37890068111994,244.244,83.37890068111994
8,42,122.122,109.58227667162075,244.244,109.58227667162075
8,43,122.122,101.50847374957863,244.244,101.50847374957863
8,44,122.122,115.07084819502617,244.244,115.07084819502617
8,45,122.122,69.23080930099523,244.244,69.23080930099523
8,46,122.122,98.3672396848863,244.244,98.3672396848863
8,47,122.122,71.224186771818,244.244,71.224186771818
8,48,122.122,90.94485097657848,244.244,90.94485097657848
8,49,122.122,74.8155389657328,244.244,244.244
8,50,122.122,108.6739130334199,244.244,108.6739130334199
8,51,122.122,136.3126878584802,272.6253757169604,136.3126878584802
8,52,122.122,131.44028466121637,262.88056932243273,131.44028466121637
8,53,122.122,104.67206854337049,244.244,104.67206854337047
8,54,122.122,93.82973008484302,244.244,244.244
8,55,122.122,68.61868743994764,244.244,68.61868743994764
8,56,122.122,115.9775825464579,244.244,244.244
8,57,122.122,92.19625001636012,244.244,92.19625001636012
8,58,122.122,97.2811496597831,244.244,97.2811496597831
8,59,122.122,114.3243666619814,244.244,114.3243666619814
8,60,122.122,82.05779522448165,244.244,82.05779522448165
8,61,122.122,109.82339726776996,244.244,109.82339726776998
8,62,122.122,101.61133787271405,244.244,101.61133787271406
8,63,122.122,96.21548621566897,244.244,96.21548621566897
8,64,122.122,130.21791515796193,260.43583031592385,130.21791515796193
8,65,122.122,122.35340337334002,244.70680674668003,122.35340337334002
8,66,122.122,80.1141405308255,244.244,80.1141405308255
8,67,122.122,135.66257508462076,271.3251501692415,135.66257508462076
8,68,122.122,68.59766957851495,244.244,244.244
8,69,122.122,86.38365080303033,244.244,244.244
8,70,122.122,78.5609133134992,244.244,78.5609133134992
8,71,122.122,93.6224265847675,244.244,93.6224265847675
8,72,122.122,79.36584027175361,244.244,79.36584027175361
8,73,122.122,89.18440961117457,244.244,89.18440961117457
8,74,122.122,97.97798482766207,244.244,97.97798482766207
8,75,122.122,103.35463502667058,244.244,244.244
8,76,122.122,88.34953800545183,244.244,244.244
8,77,122.122,73.46729666117221,244.244,73.46729666117221
8,78,122.122,108.30674103600342,244.244,108.30674103600342
8,79,122.122,115.15000431703814,244.244,115.15000431703814
8,80,122.122,116.81335908301095,244.244,116.81335908301097
8,81,122.122,70.57007875695895,244.244,70.57007875695895
8,82,122.122,76.26020439657572,244.244,76.26020439657572
8,83,122.122,117.7213326692489,244.244,117.7213326692489
8,84,122.122,76.01746763302896,244.244,76.01746763302896
8,85,122.122,73.36500786754145,244.244,73.36500786754145
8,86,122.122,101.7549293849354,244.244,101.7549293849354
8,87,122.122,95.34518271900573,244.244,95.34518271900573
8,88,122.122,118.09579535109191,244.244,118.09579535109191
8,89,122.122,71.42765253925997,244.244,71.42765253925997
8,90,122.122,85.06619330305048,244.244,85.06619330305048
8,91,122.122,89.48017046875414,244.244,244.244
8,92,122.122,92.43514068565527,244.244,92.43514068565527
8,93,122.122,69.04073641697629,244.244,244.244
8,94,122.122,109.06783610858065,244.244,109.06783610858066
8,95,122.122,69.41435932924698,244.244,244.244
8,96,122.122,90.61387096181926,244.244,90.61387096181926
8,97,122.122,135.5297295107277,271.0594590214554,135.5297295107277
8,98,122.122,80.11825009504942,244.244,244.244
8,99,122.122,115.51693930781926,244.244,115.51693930781926
9,0,132.146,96.691967990783,264.292,96.691967990783
9,1,132.146,129.3898051437402,264.292,129.3898051437402
9,2,132.146,95.58583872465198,264.292,264.292
9,3,132.146,78.9684350633546,264.292,78.9684350633546
9,4,132.146,134.32670109826222,268.65340219652444,134.32670109826222
9,5,132.146,115.35889683455189,264.292,115.3588968345519
9,6,132.146,73.87381616614286,264.292,264.292
9,7,132.146,101.69487731742137,264.292,101.69487731742137
9,8,132.146,86.2008112879868,264.292,136.92948011378235
9,9,132.146,126.3862952068127,264.292,126.3862952068127
9,10,132.146,76.05771469423166,264.292,76.05771469423166
9,11,132.146,109.77076980604068,264.292,109.77076980604068
9,12,132.146,131.6687335328933,264.292,131.6687335328933
9,13,132.146,128.26538637442152,264.292,128.26538637442152
9,14,132.146,127.68338259608396,264.292,127.68338259608396
9,15,132.146,111.14565821759103,264.292,111.14565821759103
9,16,132.146,85.9768680113085,264.292,85.9768680113085
9,17,132.146,70.05063972825769,264.292,264.292
9,18,132.146,76.8187535069052,264.292,76.8187535069052
9,19,132.146,127.2018406871489,264.292,127.2018406871489
9,20,132.146,114.23958916688403,264.292,114.23958916688403
9,21,132.146,72.10688584213919,264.292,72.10688584213919
9,22,132.146,132.67758568258415,265.3551713651683,265.3551713651683
9,23,132.146,100.41640747951716,264.292,100.41640747951716
9,24,132.146,76.81516907658664,264.292,76.81516907658664
9,25,132.146,98.30204401666133,264.292,98.30204401666133
9,26,132.146,92.68793715765545,264.292,92.68793715765545
9,27,132.146,79.75234169959212,264.292,79.75234169959212
9,28,132.146,109.00590921202847,264.292,264.292
9,29,132.146,101.5473961866303,264.292,101.5473961866303
9,30,132.146,83.95740812635964,264.292,83.95740812635964
9,31,132.146,120.86178437978272,264.292,120.86178437978272
9,32,132.146,102.43501862135962,264.292,102.43501862135962
9,33,132.146,88.51713633363622,264.292,88.51713633363622
9,34,132.146,75.83843473349594,264.292,75.83843473349594
9,35,132.146,99.6879577602788,264.292,99.6879577602788
9,36,132.146,75.56968085361038,264.292,75.56968085361038
9,37,132.146,128.73633668662217,264.292,128.73633668662217
9,38,132.146,99.37129280093585,264.292,99.37129280093585
9,39,132.146,128.5377801311885,264.292,128.5377801311885
9,40,132.146,87.1517178013477,264.292,87.1517178013477
9,41,132.146,96.95131012691603,264.292,96.95131012691604
9,42,132.146,101.21732024275222,264.292,101.21732024275222
9,43,132.146,127.53346201712654,264.292,127.53346201712654
9,44,132.146,73.68382008504813,264.292,73.68382008504813
9,45,132.146,92.64900509027103,264.292,92.64900509027103
9,46,132.146,70.71150788815065,264.292,70.71150788815065
9,47,132.146,128.6499165137471,264.292,264.292
9,48,132.146,121.82399198819544,264.292,121.82399198819544
9,49,132.146,92.78431918366456,264.292,92.78431918366456
9,50,132.146,111.51221164969738,264.292,111.51221164969738
9,51,132.146,102.73028534186622,264.292,102.7302853418662
9,52,132.146,107.52928349938162,264.292,107.52928349938162
9,53,132.146,124.31107981410241,264.292,124.31107981410241
9,54,132.146,133.68597343336762,267.37194686673524,133.68597343336762
9,55,132.146,70.46855275977714,264.292,70.46855275977714
9,56,132.146,104.46510122160367,264.292,264.292
9,57,132.146,127.87628998871979,264.292,127.87628998871978
9,58,132.146,92.5021250793601,264.292,92.5021250793601
9,59,132.146,82.59678031171968,264.292,82.59678031171968
9,60,132.146,73.97933447668964,264.292,73.97933447668964
9,61,132.146,108.46723447339404,264.292,108.46723447339403
9,62,132.146,79.55274293811998,264.292,79.55274293811998
9,63,132.146,91.23274992883728,264.292,91.23274992883728
9,64,132.146,92.83219991963335,264.292,92.83219991963335
9,65,132.146,108.4132629419593,264.292,108.4132629419593
9,66,132.146,131.50701916089557,264.292,131.50701916089557
9,67,132.146,133.8321334795539,267.6642669591078,133.8321334795539
9,68,132.146,85.68980941475883,264.292,85.68980941475883
9,69,132.146,83.28711844473703,264.292,264.292
9,70,132.146,115.1016186499791,264.292,115.1016186499791
9,71,132.146,112.96141052779608,264.292,112.96141052779606
9,72,132.146,83.76462967021972,264.292,83.76462967021972
9,73,132.146,130.85864300407002,264.292,130.85864300407002
9,74,132.146,120.76425766990089,264.292,120.76425766990089
9,75,132.146,78.68749651545588,264.292,78.68749651545588
9,76,132.146,99.48505657579504,264.292,99.48505657579504
9,77,132.146,71.26476837423986,264.292,71.26476837423986
9,78,132.146,101.46757139333384,264.292,101.46757139333384
9,79,132.146,104.57131314315325,264.292,104.57131314315325
9,80,132.146,77.48047667567548,264.292,77.48047667567548
9,81,132.146,70.0279325585869,264.292,70.0279325585869
9,82,132.146,77.39282604890725,264.292,77.39282604890725
9,83,132.146,98.87451790085062,264.292,264.292
9,84,132.146,68.72639795811058,264.292,264.292
9,85,132.146,76.9709342784562,264.292,76.9709342784562
9,86,132.146,78.37223600129612,264.292,78.37223600129612
9,87,132.146,94.77670897241535,264.292,94.77670897241535
9,88,132.146,102.25397090610974,264.292,102.25397090610974
9,89,132.146,90.47739376604402,264.292,264.292
9,90,132.146,109.87550358250667,264.292,109.87550358250667
9,91,132.146,129.88645765888006,264.292,129.88645765888006
9,92,132.146,81.08167923686298,264.292,264.292
9,93,132.146,133.933210045047,267.866420090094,133.933210045047
9,94,132.146,88.11477836808423,264.292,88.11477836808423
9,95,132.146,106.6022556698671,264.292,264.292
9,96,132.146,89.8773182666631,264.292,89.8773182666631
9,97,132.146,112.31861706734374,264.292,112.31861706734374
9,98,132.146,124.38203524705696,264.292,124.38203524705696
9,99,132.146,120.16860893872044,264.292,120.16860893872044
10,0,136.682,125.07151161578274,273.364,125.07151161578274
10,1,136.682,120.53274286671244,273.364,120.53274286671245
10,2,136.682,87.22355334492987,273.364,87.22355334492987
10,3,136.682,140.52737225350745,281.0547445070149,281.0547445070149
10,4,136.682,154.24325705621257,308.48651411242514,154.24325705621257
10,5,136.682,126.01797398713678,273.364,126.01797398713678
10,6,136.682,121.81204511218378,273.364,121.81204511218378
10,7,136.682,86.89444785706823,273.364,86.89444785706823
10,8,136.682,97.22680032863751,273.364,273.364
10,9,136.682,103.99090108358276,273.364,103.99090108358276
10,10,136.682,90.37282589697415,273.364,90.37282589697415
10,11,136.682,154.802439479713,309.604878959426,154.802439479713
10,12,136.682,149.38750678179392,298.77501356358783,149.38750678179392
10,13,136.682,104.9228519896921,273.364,104.9228519896921
10,14,136.682,86.61729342332971,273.364,86.61729342332971
10,15,136.682,106.81843966381557,273.364,106.81843966381557
10,16,136.682,88.1620257077905,273.364,88.1620257077905
10,17,136.682,118.32561678210989,273.364,118.32561678210989
10,18,136.682,89.2954205790967,273.364,89.2954205790967
10,19,136.682,78.86402020046519,273.364,169.13678387799774
10,20,136.682,124.46621635438721,273.364,124.46621635438721
10,21,136.682,105.64324223216808,273.364,105.64324223216808
10,22,136.682,130.04337371091412,273.364,130.04337371091412
10,23,136.682,117.05782950445666,273.364,117.05782950445666
10,24,136.682,125.53846678524036,273.364,125.53846678524036
10,25,136.682,100.60033631245322,273.364,100.60033631245322
10,26,136.682,121.87578672773866,273.364,121.87578672773867
10,27,136.682,114.80470463727005,273.364,114.80470463727006
10,28,136.682,122.8510294836876,273.364,122.8510294836876
10,29,136.682,75.52746570958386,273.364,75.52746570958386
10,30,136.682,152.7456983071358,305.4913966142716,152.7456983071358
10,31,136.682,93.87369178303013,273.364,273.364
10,32,136.682,81.09383497004315,273.364,81.09383497004315
10,33,136.682,98.69087844059136,273.364,98.69087844059136
10,34,136.682,130.80648974908343,273.364,130.80648974908343
10,35,136.682,150.15100100747503,300.30200201495006,150.15100100747503
10,36,136.682,143.00507038234082,286.01014076468164,143.00507038234082
10,37,136.682,101.26191803455666,273.364,101.26191803455666
10,38,136.682,142.03864520136315,284.0772904027263,142.03864520136315
10,39,136.682,79.29572356252999,273.364,79.29572356252999
10,40,136.682,82.39623530210302,273.364,82.39623530210302
10,41,136.682,89.94023366921856,273.364,89.94023366921856
10,42,136.682,138.4565391590803,276.9130783181606,138.4565391590803
10,43,136.682,133.33219255546666,273.364,133.33219255546666
10,44,136.682,85.48648171885993,273.364,85.48648171885993
10,45,136.682,132.03218535426876,273.364,132.03218535426876
10,46,136.682,136.3600804170063,273.364,136.3600804170063
10,47,136.682,90.30428997088467,273.364,90.30428997088467
10,48,136.682,129.0125983477712,273.364,273.364
10,49,136.682,107.62732134967105,273.364,107.62732134967106
10,50,136.682,80.8294285327503,273.364,80.8294285327503
10,51,136.682,116.65055098058107,273.364,116.65055098058107
10,52,136.682,114.64289794478879,273.364,114.64289794478879
10,53,136.682,146.05097915307917,292.10195830615834,146.05097915307917
10,54,136.682,120.09815135627055,273.364,120.09815135627055
10,55,136.682,142.69028013984448,285.38056027968895,142.69028013984448
10,56,136.682,111.47172164622833,273.364,111.47172164622833
10,57,136.682,132.63002361890844,273.364,132.63002361890844
10,58,136.682,153.14631133977633,306.29262267955266,153.14631133977633
10,59,136.682,76.61101046866618,273.364,76.61101046866618
10,60,136.682,111.31440640901245,273.364,111.31440640901245
10,61,136.682,109.58386198981627,273.364,109.58386198981627
10,62,136.682,137.8356761950308,275.6713523900616,137.8356761950308
10,63,136.682,76.40312106525273,273.364,76.40312106525273
10,64,136.682,121.68421000214066,273.364,121.68421000214067
10,65,136.682,97.40031291384098,273.364,97.40031291384098
10,66,136.682,113.35309526315854,273.364,113.35309526315854
10,67,136.682,132.768360074082,273.364,132.768360074082
10,68,136.682,125.72118112473143,273.364,125.72118112473143
10,69,136.682,94.76822776580983,273.364,94.76822776580983
10,70,136.682,91.47767669577529,273.364,91.47767669577529
10,71,136.682,143.52986435075317,287.05972870150634,143.52986435075317
10,72,136.682,115.85038361956327,273.364,115.85038361956327
10,73,136.682,153.92848159288317,307.85696318576635,153.92848159288317
10,74,136.682,128.43367536464342,273.364,128.43367536464342
10,75,136.682,93.11249667273464,273.364,93.11249667273464
10,76,136.682,88.5699480441441,273.364,88.5699480441441
10,77,136.682,101.06579333265921,273.364,101.06579333265921
10,78,136.682,136.51390739706957,273.364,136.51390739706957
10,79,136.682,112.03655925354823,273.364,112.03655925354823
10,80,136.682,120.72228993150381,273.364,120.7222899315038
10,81,136.682,122.92273036459021,273.364,122.92273036459021
10,82,136.682,88.98963615807233,273.364,88.98963615807233
10,83,136.682,102.59099840233583,273.364,102.59099840233583
10,84,136.682,98.66516345612656,273.364,98.66516345612656
10,85,136.682,150.43716795074738,300.87433590149476,150.43716795074738
10,86,136.682,75.51706691356425,273.364,75.51706691356426
10,87,136.682,152.04232952691163,304.08465905382326,152.04232952691163
10,88,136.682,86.29674570482987,273.364,86.29674570482987
10,89,136.682,118.80264401773316,273.364,118.80264401773314
10,90,136.682,96.08802256672097,273.364,96.08802256672097
10,91,136.682,99.46483838274308,273.364,99.46483838274308
10,92,136.682,136.43160610601626,273.364,273.364
10,93,136.682,130.65491067609065,273.364,130.65491067609065
10,94,136.682,136.65193759749354,273.364,136.65193759749354
10,95,136.682,90.15798157833244,273.364,90.15798157833244
10,96,136.682,91.26429515436088,273.364,91.26429515436088
10,97,136.682,136.0322221685734,273.364,136.0322221685734
10,98,136.682,84.691681233009,273.364,84.691681233009
10,99,136.682,148.0912459574718,296.1824919149436,148.0912459574718
11,0,142.31,176.34645664188915,352.6929132837783,176.34645664188915
11,1,142.31,136.49561730877684,284.62,136.49561730877684
11,2,142.31,155.36026688530976,310.7205337706195,155.36026688530976
11,3,142.31,120.2483838192399,284.62,120.2483838192399
11,4,142.31,149.02711102707556,298.0542220541511,149.02711102707556
11,5,142.31,90.7858759013008,284.62,90.78587590130081
11,6,142.31,109.28022221196362,284.62,109.28022221196363
11,7,142.31,131.59869020528882,284.62,131.59869020528882
11,8,142.31,135.07458404433493,284.62,135.07458404433493
11,9,142.31,182.24950703157265,364.4990140631453,182.24950703157265
11,10,142.31,183.50328685056562,367.00657370113123,183.50328685056562
11,11,142.31,100.12316166430725,284.62,100.12316166430726
11,12,142.31,114.69489459516701,284.62,114.69489459516701
11,13,142.31,96.26630036453932,284.62,96.26630036453932
11,14,142.31,120.90807644246733,284.62,120.90807644246733
11,15,142.31,178.74465995437595,357.4893199087519,178.74465995437595
11,16,142.31,142.6494224939629,285.2988449879258,142.6494224939629
11,17,142.31,92.20753002616132,284.62,92.20753002616132
11,18,142.31,137.96999485325756,284.62,137.96999485325756
11,19,142.31,177.2384656540199,354.4769313080398,177.2384656540199
11,20,142.31,181.01773533279584,362.0354706655917,181.01773533279584
11,21,142.31,175.2164370535027,350.4328741070054,175.2164370535027
11,22,142.31,160.68870634617218,321.37741269234436,160.68870634617218
11,23,142.31,112.35370675735801,284.62,112.35370675735801
11,24,142.31,174.14036559523026,348.28073119046053,174.14036559523026
11,25,142.31,116.69566469315016,284.62,116.69566469315016
11,26,142.31,171.95764297038536,343.91528594077073,171.95764297038536
11,27,142.31,92.34505080740318,284.62,92.34505080740318
11,28,142.31,93.77436390247331,284.62,93.77436390247331
11,29,142.31,164.867806775626,329.735613551252,164.867806775626
11,30,142.31,98.56288876579809,284.62,98.56288876579809
11,31,142.31,130.2181098054033,284.62,130.2181098054033
11,32,142.31,121.07359995512213,284.62,121.07359995512215
11,33,142.31,114.861722726873,284.62,114.86172272687301
11,34,142.31,122.87254952577393,284.62,122.87254952577393
11,35,142.31,134.64077794034725,284.62,134.64077794034725
11,36,142.31,168.03550324649783,336.07100649299565,168.03550324649783
11,37,142.31,147.16220124036664,294.3244024807333,147.16220124036664
11,38,142.31,174.78895569141102,349.57791138282204,174.78895569141102
11,39,142.31,168.06195681719964,336.1239136343993,168.06195681719964
11,40,142.31,102.31606735955201,284.62,102.31606735955201
11,41,142.31,128.65268074174583,284.62,128.65268074174583
11,42,142.31,139.14881750701198,284.62,139.14881750701198
11,43,142.31,112.75297590518126,284.62,112.75297590518124
11,44,142.31,142.3165534899817,284.6331069799634,142.3165534899817
11,45,142.31,181.1535960083548,362.3071920167096,181.1535960083548
11,46,142.31,109.84569538181057,284.62,109.84569538181057
11,47,142.31,163.09737189842562,326.19474379685124,163.09737189842562
11,48,142.31,183.1269784115924,366.2539568231848,183.1269784115924
11,49,142.31,112.59102672529384,284.62,112.59102672529384
11,50,142.31,169.90434147208205,339.8086829441641,169.90434147208205
11,51,142.31,104.95997730791261,284.62,104.95997730791262
11,52,142.31,176.18269424647832,352.36538849295664,176.18269424647832
11,53,142.31,117.36619004134985,284.62,117.36619004134985
11,54,142.31,114.87150961950977,284.62,114.87150961950977
11,55,142.31,174.53825249298978,349.07650498597957,174.53825249298978
11,56,142.31,116.12407807949626,284.62,116.12407807949626
11,57,142.31,109.54818819661902,284.62,109.54818819661902
11,58,142.31,117.85380479645272,284.62,117.85380479645274
11,59,142.31,152.52040178792726,305.0408035758545,152.52040178792726
11,60,142.31,90.46195700259553,284.62,90.46195700259553
11,61,142.31,103.04773974731307,284.62,103.04773974731307
11,62,142.31,98.9648892771577,284.62,98.9648892771577
11,63,142.31,138.22648478326164,284.62,138.22648478326164
11,64,142.31,93.28647114509975,284.62,93.28647114509975
11,65,142.31,176.05332991811758,352.10665983623517,176.05332991811758
11,66,142.31,132.9889978918242,284.62,132.9889978918242
11,67,142.31,146.9746840455476,293.9493680910952,146.9746840455476
11,68,142.31,107.5089475447897,284.62,107.5089475447897
11,69,142.31,154.65197587213447,309.30395174426894,154.65197587213447
11,70,142.31,90.6866982013839,284.62,90.6866982013839
11,71,142.31,95.87841040481476,284.62,95.87841040481476
11,72,142.31,175.2895022144621,350.5790044289242,175.2895022144621
11,73,142.31,108.8773896091453,284.62,108.8773896091453
11,74,142.31,135.08462237235312,284.62,135.08462237235312
11,75,142.31,138.20636865392305,284.62,138.20636865392305
11,76,142.31,106.05166642963003,284.62,106.05166642963005
11,77,142.31,144.52633353516407,289.05266707032814,144.52633353516407
11,78,142.31,113.27868472540841,284.62,113.27868472540841
11,79,142.31,150.83148578785253,301.66297157570506,150.83148578785253
11,80,142.31,112.89376983451675,284.62,112.89376983451676
11,81,142.31,129.5797509349321,284.62,129.5797509349321
11,82,142.31,136.07816400981636,284.62,136.07816400981636
11,83,142.31,90.2494258071819,284.62,90.2494258071819
11,84,142.31,98.74803385759824,284.62,98.74803385759824
11,85,142.31,96.82382825023947,284.62,96.82382825023947
11,86,142.31,131.2808425549824,284.62,131.2808425549824
11,87,142.31,139.57819665575755,284.62,139.57819665575755
11,88,142.31,181.39659534198245,362.7931906839649,181.39659534198245
11,89,142.31,121.24399646780645,284.62,121.24399646780645
11,90,142.31,105.43155055919503,284.62,105.43155055919505
11,91,142.31,180.48449683306532,360.96899366613064,180.48449683306532
11,92,142.31,139.3952311118226,284.62,139.3952311118226
11,93,142.31,180.05260073905995,360.1052014781199,180.05260073905995
11,94,142.31,121.88793627492421,284.62,121.88793627492423
11,95,142.31,95.49298973867305,284.62,95.49298973867305
11,96,142.31,131.62728113240544,284.62,131.62728113240544
11,97,142.31,181.5996567632736,363.1993135265472,181.5996567632736
11,98,142.31,95.21488098999713,284.62,95.21488098999713
11,99,142.31,133.7039348448998,284.62,133.7039348448998
12,0,157.02399999999997,219.48616284971783,438.97232569943566,219.48616284971783
12,1,157.02399999999997,140.72327355978578,314.04799999999994,140.72327355978578
12,2,157.02399999999997,212.4919721566293,424.9839443132586,212.49197215662926
12,3,157.02399999999997,122.65233418025495,314.04799999999994,122.65233418025497
12,4,157.02399999999997,153.53299248991675,314.04799999999994,153.53299248991675
12,5,157.02399999999997,135.7450209197511,314.04799999999994,135.7450209197511
12,6,157.02399999999997,234.9906233182833,469.9812466365666,234.9906233182833
12,7,157.02399999999997,189.6085624629445,379.217124925889,189.6085624629445
12,8,157.02399999999997,149.11231793757682,314.04799999999994,149.11231793757682
12,9,157.02399999999997,228.58524734111188,457.17049468222376,228.5852473411119
12,10,157.02399999999997,183.06606377780247,366.13212755560494,183.06606377780247
12,11,157.02399999999997,158.6393072677026,317.2786145354052,158.6393072677026
12,12,157.02399999999997,202.18793608048517,404.37587216097035,202.1879360804852
12,13,157.02399999999997,198.02263101506216,396.0452620301243,198.02263101506216
12,14,157.02399999999997,233.4953512780502,466.9907025561004,233.4953512780502
12,15,157.02399999999997,122.22853903429275,314.04799999999994,122.22853903429277
12,16,157.02399999999997,222.99932262309306,445.99864524618613,222.99932262309306
12,17,157.02399999999997,195.16386736137827,390.32773472275653,195.16386736137827
12,18,157.02399999999997,133.6298120927449,314.04799999999994,133.6298120927449
12,19,157.02399999999997,165.00343222948123,330.00686445896247,165.00343222948123
12,20,157.02399999999997,121.69185882427519,314.04799999999994,121.69185882427517
12,21,157.02399999999997,222.16744041471344,444.3348808294269,222.16744041471347
12,22,157.02399999999997,127.04446946332885,314.04799999999994,127.04446946332885
12,23,157.02399999999997,141.74718124115745,314.04799999999994,141.74718124115745
12,24,157.02399999999997,202.1830573549751,404.3661147099502,202.1830573549751
12,25,157.02399999999997,208.63919851543622,417.27839703087244,208.63919851543625
12,26,157.02399999999997,141.46997873845854,314.04799999999994,141.46997873845854
12,27,157.02399999999997,133.8427037692394,314.04799999999994,133.8427037692394
12,28,157.02399999999997,117.77743982114472,314.04799999999994,117.77743982114472
12,29,157.02399999999997,124.53370662044728,314.04799999999994,124.53370662044728
12,30,157.02399999999997,223.62978314721448,447.25956629442896,223.62978314721448
12,31,157.02399999999997,136.78832459952972,314.04799999999994,136.78832459952972
12,32,157.02399999999997,164.50637036104368,329.01274072208736,164.50637036104368
12,33,157.02399999999997,209.75982856299598,419.51965712599196,209.75982856299598
12,34,157.02399999999997,236.068328487475,472.13665697495,236.068328487475
12,35,157.02399999999997,222.41459892511008,444.82919785022017,222.4145989251101
12,36,157.02399999999997,228.6221967232086,457.2443934464172,228.6221967232086
12,37,157.02399999999997,217.41102932849503,434.82205865699007,217.41102932849503
12,38,157.02399999999997,157.74849717033712,315.49699434067423,157.74849717033712
12,39,157.02399999999997,193.35250979840566,386.7050195968113,193.35250979840566
12,40,157.02399999999997,202.01153744417354,404.0230748883471,202.01153744417354
12,41,157.02399999999997,165.64472011487118,331.28944022974235,165.64472011487118
12,42,157.02399999999997,189.17789375256544,378.3557875051309,189.17789375256544
12,43,157.02399999999997,234.56021587202957,469.12043174405915,234.5602158720296
12,44,157.02399999999997,155.0027118317064,314.04799999999994,155.0027118317064
12,45,157.02399999999997,228.3436892950372,456.6873785900744,228.3436892950372
12,46,157.02399999999997,236.59391416754045,473.1878283350809,236.59391416754042
12,47,157.02399999999997,187.1506943859685,374.301388771937,187.1506943859685
12,48,157.02399999999997,227.66739228415557,455.33478456831114,227.66739228415557
12,49,157.02399999999997,206.503589820145,413.00717964029,206.503589820145
12,50,157.02399999999997,203.42559486752168,406.85118973504336,203.4255948675217
12,51,157.02399999999997,128.6408407950532,314.04799999999994,128.6408407950532
12,52,157.02399999999997,206.82635178279298,413.65270356558597,206.82635178279298
12,53,157.02399999999997,136.76782602602833,314.04799999999994,136.76782602602833
12,54,157.02399999999997,208.15055201813996,416.3011040362799,208.15055201813996
12,55,157.02399999999997,122.05085099027843,314.04799999999994,122.05085099027843
12,56,157.02399999999997,222.8483712227032,445.6967424454064,222.84837122270324
12,57,157.02399999999997,137.74942522929965,314.04799999999994,137.74942522929965
12,58,157.02399999999997,220.6414624991989,441.2829249983978,220.6414624991989
12,59,157.02399999999997,225.25631334460817,450.51262668921635,225.25631334460817
12,60,157.02399999999997,127.3185393523127,314.04799999999994,127.3185393523127
12,61,157.02399999999997,128.97230225554478,314.04799999999994,128.97230225554478
12,62,157.02399999999997,235.08397155601702,470.16794311203404,235.08397155601705
12,63,157.02399999999997,236.2088984009439,472.4177968018878,236.20889840094387
12,64,157.02399999999997,126.55963696779074,314.04799999999994,126.55963696779074
12,65,157.02399999999997,193.20900656403728,386.41801312807456,193.20900656403728
12,66,157.02399999999997,160.27236136158305,320.5447227231661,160.27236136158305
12,67,157.02399999999997,121.95121537547271,314.04799999999994,121.95121537547271
12,68,157.02399999999997,219.85355886358042,439.70711772716083,219.85355886358042
12,69,157.02399999999997,196.61403648854522,393.22807297709045,196.61403648854522
12,70,157.02399999999997,122.14559660020413,314.04799999999994,122.14559660020414
12,71,157.02399999999997,170.6480723243434,341.2961446486868,170.6480723243434
12,72,157.02399999999997,164.90405964014832,329.80811928029664,164.90405964014832
12,73,157.02399999999997,236.30480084377336,472.60960168754673,236.30480084377336
12,74,157.02399999999997,237.48514706725362,474.97029413450724,237.48514706725362
12,75,157.02399999999997,142.6521942859835,314.04799999999994,142.6521942859835
12,76,157.02399999999997,208.90081690054612,417.80163380109224,208.90081690054615
12,77,157.02399999999997,196.50953622748264,393.0190724549653,196.50953622748264
12,78,157.02399999999997,168.30298696703449,336.60597393406897,168.30298696703449
12,79,157.02399999999997,185.77058096295264,371.54116192590527,185.77058096295264
12,80,157.02399999999997,165.3235142224361,330.6470284448722,165.3235142224361
12,81,157.02399999999997,119.5130674428048,314.04799999999994,119.51306744280481
12,82,157.02399999999997,207.88756768382862,415.77513536765724,207.88756768382862
12,83,157.02399999999997,212.927319293031,425.854638586062,212.927319293031
12,84,157.02399999999997,230.1456390665547,460.2912781331094,230.1456390665547
12,85,157.02399999999997,179.016879416673,358.033758833346,179.016879416673
12,86,157.02399999999997,122.89206510546838,314.04799999999994,-2036.0227867791668
12,87,157.02399999999997,229.10145213780174,458.2029042756035,229.10145213780174
12,88,157.02399999999997,145.6718132514449,314.04799999999994,145.6718132514449
12,89,157.02399999999997,130.94899666139094,314.04799999999994,130.94899666139094
12,90,157.02399999999997,132.60677854263818,314.04799999999994,132.60677854263818
12,91,157.02399999999997,187.6711424821374,375.3422849642748,187.6711424821374
12,92,157.02399999999997,162.92360868066118,325.84721736132235,162.9236086806576
12,93,157.02399999999997,202.10395757471474,404.2079151494295,202.10395757471474
12,94,157.02399999999997,124.9637248998524,314.04799999999994,124.9637248998524
12,95,157.02399999999997,116.70174910579544,314.04799999999994,116.70174910579544
12,96,157.02399999999997,233.25104260784914,466.5020852156983,233.25104260784917
12,97,157.02399999999997,125.88069594485448,314.04799999999994,125.8806959448545
12,98,157.02399999999997,157.35068274354109,314.70136548708217,157.35068274354109
12,99,157.02399999999997,116.98861642872636,314.04799999999994,116.98861642872636
13,0,155.48399999999998,330.74188619377463,661.4837723875493,330.74188619377463
13,1,155.48399999999998,324.0572951923889,648.1145903847778,324.0572951923889
13,2,155.48399999999998,276.91254952416585,553.8250990483317,276.91254952416585
13,3,155.48399999999998,198.4411335822031,396.8822671644062,198.4411335822031
13,4,155.48399999999998,315.7844192315916,631.5688384631832,315.7844192315916
13,5,155.48399999999998,181.83383074496214,363.6676614899243,181.83383074496214
13,6,155.48399999999998,252.92185852998355,505.8437170599671,252.92185852998355
13,7,155.48399999999998,227.1340101164206,454.2680202328412,227.13401011642057
13,8,155.48399999999998,351.4896330024718,702.9792660049436,351.4896330024718
13,9,155.48399999999998,347.9497293455398,695.8994586910796,334.9439021888873
13,10,155.48399999999998,321.1802304014324,642.3604608028648,321.1802304014324
13,11,155.48399999999998,251.81701536218014,503.6340307243603,251.81701536218014
13,12,155.48399999999998,261.224546074549,522.449092149098,261.224546074549
13,13,155.48399999999998,270.16735008457346,540.3347001691469,270.16735008457346
13,14,155.48399999999998,271.52363583829884,543.0472716765977,271.52363583829884
13,15,155.48399999999998,202.7226628901081,405.4453257802162,202.72266289010813
13,16,155.48399999999998,206.22648572745288,412.45297145490576,206.2264857274529
13,17,155.48399999999998,298.37542412590716,596.7508482518143,298.37542412590716
13,18,155.48399999999998,323.93331031380876,647.8666206276175,323.93331031380876
13,19,155.48399999999998,344.62222575750747,689.2444515150149,344.62222575750747
13,20,155.48399999999998,308.36079728911295,616.7215945782259,308.36079728911295
13,21,155.48399999999998,270.7587101380425,541.517420276085,270.7587101380425
13,22,155.48399999999998,185.107451571731,370.214903143462,185.107451571731
13,23,155.48399999999998,185.09971770248072,370.19943540496143,185.09971770248072
13,24,155.48399999999998,197.33667648804354,394.6733529760871,197.33667648804354
13,25,155.48399999999998,298.38355844999097,596.7671168999819,298.38355844999097
13,26,155.48399999999998,220.25921572866625,440.5184314573325,220.25921572866625
13,27,155.48399999999998,246.7415143146476,493.4830286292952,246.7415143146476
13,28,155.48399999999998,197.3080727057556,394.6161454115112,197.3080727057556
13,29,155.48399999999998,212.71325582138502,425.42651164277004,212.71325582138502
13,30,155.48399999999998,237.17774086945332,474.35548173890663,237.17774086945332
13,31,155.48399999999998,281.45409336144996,562.9081867228999,281.45409336144996
13,32,155.48399999999998,347.94352841681365,695.8870568336273,347.94352841681365
13,33,155.48399999999998,192.70226070875944,385.4045214175189,192.70226070875944
13,34,155.48399999999998,223.01767134297637,446.03534268595274,223.0176713429764
13,35,155.48399999999998,351.3927858629776,702.7855717259552,351.3927858629776
13,36,155.48399999999998,330.6806852415057,661.3613704830115,330.6806852415058
13,37,155.48399999999998,343.89413515348537,687.7882703069707,343.89413515348537
13,38,155.48399999999998,266.06963695817547,532.1392739163509,266.06963695817547
13,39,155.48399999999998,212.5217539442709,425.0435078885418,212.5217539442709
13,40,155.48399999999998,206.2596635762276,412.5193271524552,206.25966357622764
13,41,155.48399999999998,316.21503772879225,632.4300754575845,316.21503772879225
13,42,155.48399999999998,339.4940266847719,678.9880533695438,339.49402668477194
13,43,155.48399999999998,282.08716839594007,564.1743367918801,282.08716839594007
13,44,155.48399999999998,294.7745331514415,589.549066302883,294.7745331514415
13,45,155.48399999999998,330.784206237444,661.568412474888,330.784206237444
13,46,155.48399999999998,216.4618953893747,432.9237907787494,216.46189538937472
13,47,155.48399999999998,275.6212580105748,551.2425160211496,275.6212580105748
13,48,155.48399999999998,272.91610382742135,545.8322076548427,272.91610382742135
13,49,155.48399999999998,337.9380085147492,675.8760170294984,337.9380085147492
13,50,155.48399999999998,228.58240562539194,457.1648112507839,228.58240562539197
13,51,155.48399999999998,194.6764221116389,389.3528442232778,194.6764221116389
13,52,155.48399999999998,188.4288258208423,376.8576516416846,188.4288258208423
13,53,155.48399999999998,221.1614392912722,442.3228785825444,221.1614392912722
13,54,155.48399999999998,181.34906006980148,362.69812013960296,181.34906006980148
13,55,155.48399999999998,225.4031011777357,450.8062023554714,225.40310117773566
13,56,155.48399999999998,275.0791780724813,550.1583561449626,275.0791780724813
13,57,155.48399999999998,250.88439466445146,501.7687893289029,250.88439466445146
13,58,155.48399999999998,287.2604181744153,574.5208363488306,287.2604181744153
13,59,155.48399999999998,265.1426992417386,530.2853984834773,265.1426992417386
13,60,155.48399999999998,307.62785537228433,615.2557107445687,307.62785537228433
13,61,155.48399999999998,252.09249704686295,504.1849940937259,252.09249704686295
13,62,155.48399999999998,310.71678051390984,621.4335610278197,310.71678051390984
13,63,155.48399999999998,255.98047021379068,511.96094042758136,255.98047021379068
13,64,155.48399999999998,302.0395232039244,604.0790464078488,302.0395232039244
13,65,155.48399999999998,310.9437279326249,621.8874558652498,310.9437279326249
13,66,155.48399999999998,325.42622505635654,650.8524501127131,325.42622505635654
13,67,155.48399999999998,198.88940456044267,397.77880912088534,198.88940456044267
13,68,155.48399999999998,301.5084729387121,603.0169458774242,301.5084729387121
13,69,155.48399999999998,171.49170486130393,342.98340972260786,171.49170486130393
13,70,155.48399999999998,242.48478725790625,484.9695745158125,242.48478725790625
13,71,155.48399999999998,272.7251830767753,545.4503661535506,272.7251830767753
13,72,155.48399999999998,174.87353717474602,349.74707434949204,174.87353717474602
13,73,155.48399999999998,176.49478174670801,352.98956349341603,176.49478174670801
13,74,155.48399999999998,213.16014664566393,426.32029329132786,213.16014664566393
13,75,155.48399999999998,234.30859553730832,468.61719107461664,234.30859553730832
13,76,155.48399999999998,297.336621826667,594.673243653334,297.336621826667
13,77,155.48399999999998,204.2767877294216,408.5535754588432,204.27678772942164
13,78,155.48399999999998,241.81042791389356,483.6208558277871,241.81042791389356
13,79,155.48399999999998,334.7319641173205,669.463928234641,334.7319641173205
13,80,155.48399999999998,228.37728448364976,456.7545689672995,228.37728448364976
13,81,155.48399999999998,309.242447306158,618.484894612316,309.242447306158
13,82,155.48399999999998,276.3722574248975,552.744514849795,276.3722574248975
13,83,155.48399999999998,179.21626900133415,358.4325380026683,179.21626900133415
13,84,155.48399999999998,347.0388798277217,694.0777596554434,347.0388798277217
13,85,155.48399999999998,189.61884389989433,379.23768779978866,189.61884389989433
13,86,155.48399999999998,231.8626140639565,463.725228127913,231.8626140639565
13,87,155.48399999999998,343.234127316167,686.468254632334,343.234127316167
13,88,155.48399999999998,213.88746230640436,427.7749246128087,213.8874623064044
13,89,155.48399999999998,342.76332052689486,685.5266410537897,342.76332052689486
13,90,155.48399999999998,290.0460040691344,580.0920081382689,290.0460040691344
13,91,155.48399999999998,204.57477716077324,409.1495543215465,204.57477716077324
13,92,155.48399999999998,195.26899915543535,390.5379983108707,195.26899915543535
13,93,155.48399999999998,348.73617117288563,697.4723423457713,348.73617117288563
13,94,155.48399999999998,251.31466660973544,502.6293332194709,251.31466660973544
13,95,155.48399999999998,302.8215224020016,605.6430448040032,302.8215224020016
13,96,155.48399999999998,193.7182775590348,387.4365551180696,193.7182775590348
13,97,155.48399999999998,261.9877331369663,523.9754662739326,261.9877331369663
13,98,155.48399999999998,186.74641794485743,373.49283588971485,186.74641794485743
13,99,155.48399999999998,260.04512477925346,520.0902495585069,260.04512477925346
14,0,170.142,81.55392133790104,340.284,81.55392133790104
14,1,170.142,84.3318974320739,340.284,340.284
14,2,170.142,160.13913760018136,340.284,160.13913760018136
14,3,170.142,158.01191894254939,340.284,158.01191894254939
14,4,170.142,147.84277780874945,340.284,147.84277780874945
14,5,170.142,126.72159840248601,340.284,126.721598402486
14,6,170.142,95.15749808238185,340.284,340.284
14,7,170.142,144.85622868450017,340.284,144.85622868450017
14,8,170.142,99.30710255313234,340.284,340.284
14,9,170.142,85.74226501083496,340.284,85.74226501083497
14,10,170.142,108.13536565130222,340.284,108.13536565130222
14,11,170.142,131.58708214587847,340.284,131.58708214587847
14,12,170.142,131.26560595330042,340.284,131.26560595330042
14,13,170.142,152.942370856499,340.284,152.942370856499
14,14,170.142,114.76371269985037,340.284,114.76371269985037
14,15,170.142,93.70360885161315,340.284,340.284
14,16,170.142,84.15399858500186,340.284,340.284
14,17,170.142,97.90914806241298,340.284,97.90914806241301
14,18,170.142,161.89116845314896,340.284,161.89116845314896
14,19,170.142,83.93484399215914,340.284,83.93484399215914
14,20,170.142,136.1702307148316,340.284,136.1702307148316
14,21,170.142,118.63238682032375,340.284,118.63238682032376
14,22,170.142,96.95623358827581,340.284,96.95623358827581
14,23,170.142,139.24949597273456,340.284,139.24949597273456
14,24,170.142,132.39511337010114,340.284,132.39511337010114
14,25,170.142,86.50964760085105,340.284,86.50964760085105
14,26,170.142,138.39932748709722,340.284,340.284
14,27,170.142,87.33999346919043,340.284,87.33999346919043
14,28,170.142,100.14477406110947,340.284,100.14477406110946
14,29,170.142,130.20567796184744,340.284,130.20567796184744
14,30,170.142,142.95424431474876,340.284,142.95424431474876
14,31,170.142,130.96049597122104,340.284,130.96049597122104
14,32,170.142,158.71467890110267,340.284,158.71467890110267
14,33,170.142,141.5685588411355,340.284,141.5685588411355
14,34,170.142,165.00291569618494,340.284,165.00291569618494
14,35,170.142,104.5415044196712,340.284,104.5415044196712
14,36,170.142,166.28971816313108,340.284,166.28971816313108
14,37,170.142,97.60896187203754,340.284,97.60896187203755
14,38,170.142,97.44270055490624,340.284,97.44270055490624
14,39,170.142,97.19361936973608,340.284,247.406807906061
14,40,170.142,90.96022642344737,340.284,90.96022642344737
14,41,170.142,135.06470660657874,340.284,340.28399999999993
14,42,170.142,81.09373827384776,340.284,81.09373827384776
14,43,170.142,150.88455792075646,340.284,150.88455792075646
14,44,170.142,132.7615584114729,340.284,132.7615584114729
14,45,170.142,107.02175581093651,340.284,340.284
14,46,170.142,158.1231307527857,340.284,158.1231307527857
14,47,170.142,153.9484025237784,340.284,153.9484025237784
14,48,170.142,135.60169154828768,340.284,135.60169154828768
14,49,170.142,87.27485363160812,340.284,87.27485363160812
14,50,170.142,164.55214131484362,340.284,164.55214131484362
14,51,170.142,134.46449961505536,340.284,134.46449961505536
14,52,170.142,158.3943914601284,340.284,158.3943914601284
14,53,170.142,94.86486127496255,340.284,94.86486127496255
14,54,170.142,83.06157706122839,340.284,83.06157706122839
14,55,170.142,106.70381446513957,340.284,106.70381446513957
14,56,170.142,148.8100655585517,340.284,148.8100655585517
14,57,170.142,152.257675086901,340.284,152.257675086901
14,58,170.142,158.00005161828594,340.284,158.00005161828594
14,59,170.142,111.34102354422974,340.284,111.34102354422974
14,60,170.142,151.80039378296684,340.284,151.80039378296684
14,61,170.142,94.17274310965104,340.284,94.17274310965101
14,62,170.142,128.46243280503563,340.284,128.46243280503563
14,63,170.142,85.10140597555103,340.284,340.284
14,64,170.142,143.27470805747163,340.284,143.27470805747163
14,65,170.142,112.16170884848954,340.284,112.16170884848955
14,66,170.142,90.07579848465147,340.284,340.284
14,67,170.142,138.48889675116686,340.284,138.48889675116686
14,68,170.142,117.72338402855782,340.284,117.72338402855785
14,69,170.142,108.44812463249616,340.284,108.44812463249616
14,70,170.142,112.42067934422435,340.284,112.42067934422435
14,71,170.142,147.1804349815322,340.284,147.1804349815322
14,72,170.142,116.15145420132612,340.284,116.1514542013261
14,73,170.142,157.24450500932122,340.284,157.24450500932122
14,74,170.142,93.97009474753543,340.284,340.284
14,75,170.142,114.33207952467778,340.284,114.3320795246778
14,76,170.142,156.23357278295256,340.284,156.23357278295256
14,77,170.142,132.5999362476369,340.284,132.5999362476369
14,78,170.142,143.6975049597672,340.284,143.6975049597672
14,79,170.142,153.74748340729198,340.284,153.74748340729198
14,80,170.142,126.3349322579201,340.284,126.33493225792012
14,81,170.142,91.41181785871893,340.284,91.41181785871893
14,82,170.142,108.79159030861669,340.284,108.79159030861669
14,83,170.142,103.73395514345019,340.284,103.73395514345019
14,84,170.142,94.19859430040938,340.284,94.19859430040938
14,85,170.142,133.3145688850758,340.284,133.3145688850758
14,86,170.142,99.27522472429081,340.284,99.2752247242908
14,87,170.142,155.59145838197628,340.284,155.59145838197628
14,88,170.142,120.25099921732829,340.284,120.25099921732829
14,89,170.142,150.44624683561685,340.284,150.44624683561685
14,90,170.142,154.25500467509337,340.284,154.25500467509337
14,91,170.142,138.0785330161137,340.284,138.0785330161137
14,92,170.142,151.8724509148603,340.284,151.8724509148603
14,93,170.142,149.31259937533343,340.284,149.31259937533343
14,94,170.142,131.04362665122585,340.284,131.04362665122585
14,95,170.142,109.14104620175362,340.284,109.14104620175362
14,96,170.142,116.52946126251719,340.284,340.284
14,97,170.142,107.08294161705092,340.284,107.08294161705092
14,98,170.142,122.75834537513697,340.284,122.75834537513697
14,99,170.142,115.70013504539439,340.284,115.7001350453944
15,0,183.98799999999997,268.8547968786304,537.7095937572608,268.8547968786304
15,1,183.98799999999997,221.80296111043666,443.6059222208733,221.80296111043668
15,2,183.98799999999997,286.1034287998217,572.2068575996434,286.1034287998217
15,3,183.98799999999997,227.75350517736504,455.5070103547301,227.75350517736507
15,4,183.98799999999997,275.54335497224935,551.0867099444987,275.54335497224935
15,5,183.98799999999997,220.9038430838385,441.807686167677,220.9038430838385
15,6,183.98799999999997,279.66933640069465,559.3386728013893,279.66933640069465
15,7,183.98799999999997,312.59822907834223,625.1964581566845,312.59822907834223
15,8,183.98799999999997,213.85192336710224,427.7038467342045,213.85192336710224
15,9,183.98799999999997,252.7251831548998,505.4503663097996,252.7251831548998
15,10,183.98799999999997,288.9025804019641,577.8051608039282,-5150.813187285576
15,11,183.98799999999997,256.0904862243279,512.1809724486558,256.0904862243279
15,12,183.98799999999997,318.0208643420049,636.0417286840099,318.0208643420049
15,13,183.98799999999997,370.8955756243272,741.7911512486544,370.8955756243272
15,14,183.98799999999997,364.7878488218724,729.5756976437448,364.7878488218724
15,15,183.98799999999997,242.42715142006338,484.85430284012676,242.42715142006338
15,16,183.98799999999997,240.31919042883794,480.6383808576759,240.31919042883794
15,17,183.98799999999997,316.9461600473206,633.8923200946411,316.9461600473206
15,18,183.98799999999997,276.1505795557537,552.3011591115074,276.1505795557537
15,19,183.98799999999997,207.95429169678889,415.90858339357777,207.95429169678889
15,20,183.98799999999997,247.34874232162173,494.69748464324346,247.34874232162173
15,21,183.98799999999997,403.5900812390703,807.1801624781406,403.5900812390703
15,22,183.98799999999997,404.77985625998537,809.5597125199707,404.7798562599854
15,23,183.98799999999997,274.0278297292625,548.055659458525,274.0278297292625
15,24,183.98799999999997,206.8710029906265,413.742005981253,206.8710029906265
15,25,183.98799999999997,368.4938611404427,736.9877222808854,368.4938611404427
15,26,183.98799999999997,257.80049884512584,515.6009976902517,257.80049884512584
15,27,183.98799999999997,209.01401738612606,418.0280347722521,209.01401738612603
15,28,183.98799999999997,250.0968948539939,500.1937897079878,250.0968948539939
15,29,183.98799999999997,230.4266301393916,460.8532602787832,230.42663013939156
15,30,183.98799999999997,391.9565755689282,783.9131511378564,391.9565755689282
15,31,183.98799999999997,239.5212182513892,479.0424365027784,239.5212182513892
15,32,183.98799999999997,357.7199510286269,715.4399020572538,357.7199510286269
15,33,183.98799999999997,228.12998492220862,456.25996984441724,228.12998492220862
15,34,183.98799999999997,214.2401409069315,428.480281813863,214.2401409069315
15,35,183.98799999999997,277.1601334949808,554.3202669899616,277.1601334949808
15,36,183.98799999999997,328.03933406619564,656.0786681323913,328.03933406619564
15,37,183.98799999999997,311.245934087688,622.491868175376,311.245934087688
15,38,183.98799999999997,377.34643546346206,754.6928709269241,377.34643546346206
15,39,183.98799999999997,291.0006735878475,582.001347175695,291.0006735878475
15,40,183.98799999999997,328.3676376896551,656.7352753793102,328.3676376896551
15,41,183.98799999999997,210.67631711731735,421.3526342346347,210.67631711731732
15,42,183.98799999999997,356.84510051741967,713.6902010348393,356.84510051741967
15,43,183.98799999999997,346.1796108477317,692.3592216954634,346.1796108477317
15,44,183.98799999999997,371.0618878355914,742.1237756711828,371.0618878355914
15,45,183.98799999999997,220.1840953620429,440.3681907240858,220.1840953620429
15,46,183.98799999999997,296.45800337391984,592.9160067478397,296.45800337391984
15,47,183.98799999999997,337.445447132637,674.890894265274,337.445447132637
15,48,183.98799999999997,199.7361404960825,399.472280992165,199.7361404960825
15,49,183.98799999999997,379.43424785277733,758.8684957055547,379.43424785277733
15,50,183.98799999999997,372.937576160338,745.875152320676,372.937576160338
15,51,183.98799999999997,307.32973585820463,614.6594717164093,307.32973585820463
15,52,183.98799999999997,271.72791599027175,543.4558319805435,271.72791599027175
15,53,183.98799999999997,353.3943198108919,706.7886396217838,353.3943198108919
15,54,183.98799999999997,387.6357795881128,775.2715591762257,387.6357795881128
15,55,183.98799999999997,303.3824585479437,606.7649170958874,303.3824585479437
15,56,183.98799999999997,386.6897037193555,773.379407438711,386.6897037193555
15,57,183.98799999999997,229.46872467207567,458.93744934415133,229.4687246720757
15,58,183.98799999999997,268.4905413422237,536.9810826844474,268.4905413422237
15,59,183.98799999999997,351.0054632362378,702.0109264724756,351.0054632362378
15,60,183.98799999999997,274.7012215753596,549.4024431507193,274.7012215753596
15,61,183.98799999999997,309.3403541890107,618.6807083780214,309.3403541890107
15,62,183.98799999999997,337.56211075899813,675.1242215179963,337.56211075899813
15,63,183.98799999999997,323.5860443948295,647.172088789659,323.5860443948295
15,64,183.98799999999997,289.2541390891488,578.5082781782976,289.2541390891488
15,65,183.98799999999997,227.9236913936466,455.8473827872932,227.9236913936466
15,66,183.98799999999997,285.65535213159546,571.3107042631909,285.65535213159546
15,67,183.98799999999997,246.2204332426225,492.440866485245,246.2204332426225
15,68,183.98799999999997,371.192136054271,742.384272108542,371.192136054271
15,69,183.98799999999997,366.39692903716366,732.7938580743273,366.39692903716366
15,70,183.98799999999997,243.89940358415984,487.7988071683197,243.89940358415987
15,71,183.98799999999997,322.27368837283063,644.5473767456613,322.27368837283063
15,72,183.98799999999997,338.66745364753297,677.3349072950659,338.66745364753297
15,73,183.98799999999997,289.1828577508319,578.3657155016638,289.1828577508319
15,74,183.98799999999997,216.2798096732035,432.559619346407,216.2798096732035
15,75,183.98799999999997,352.69745835801285,705.3949167160257,352.69745835801285
15,76,183.98799999999997,216.15699611484206,432.3139922296841,216.15699611484206
15,77,183.98799999999997,343.2015335859047,686.4030671718094,343.2015335859047
15,78,183.98799999999997,215.09840509755344,430.1968101951069,215.09840509755344
15,79,183.98799999999997,323.9730476247133,647.9460952494265,323.9730476247133
15,80,183.98799999999997,257.0687717177007,514.1375434354014,257.0687717177007
15,81,183.98799999999997,284.1239575448365,568.247915089673,284.1239575448365
15,82,183.98799999999997,408.1533078695554,816.3066157391108,408.1533078695554
15,83,183.98799999999997,400.5597769514178,801.1195539028356,400.55977695141786
15,84,183.98799999999997,321.08833628226705,642.1766725645341,321.08833628226705
15,85,183.98799999999997,344.8010009371723,689.6020018743446,344.8010009371723
15,86,183.98799999999997,369.57077694960685,739.1415538992137,369.57077694960685
15,87,183.98799999999997,351.2616040321103,702.5232080642206,351.2616040321103
15,88,183.98799999999997,225.7265311505426,451.4530623010852,225.72653115054263
15,89,183.98799999999997,295.54589641438815,591.0917928287763,295.54589641438815
15,90,183.98799999999997,375.6765141705944,751.3530283411887,375.6765141705944
15,91,183.98799999999997,357.3841210122861,714.7682420245721,357.3841210122861
15,92,183.98799999999997,248.64374204263524,497.2874840852705,248.64374204263524
15,93,183.98799999999997,381.93296597624584,763.8659319524917,381.93296597624584
15,94,183.98799999999997,328.6166795052873,657.2333590105746,328.6166795052873
15,95,183.98799999999997,258.9062754656363,517.8125509312727,258.9062754656363
15,96,183.98799999999997,210.18484474747513,420.36968949495025,210.18484474747515
15,97,183.98799999999997,356.17030417342164,712.3406083468433,356.17030417342164
15,98,183.98799999999997,290.6385614837386,581.2771229674772,290.6385614837386
15,99,183.98799999999997,405.69111626818574,811.3822325363715,405.6911162681858
16,0,191.702,124.55923800985812,383.404,124.55923800985813
16,1,191.702,104.09001722864595,383.404,104.09001722864595
16,2,191.702,122.78366216844277,383.404,122.78366216844279
16,3,191.702,139.1011316533013,383.404,139.1011316533013
16,4,191.702,100.79768234932648,383.404,100.7976823493265
16,5,191.702,137.4344169338086,383.404,383.404
16,6,191.702,122.32833951132011,383.404,122.32833951132011
16,7,191.702,200.29545616086997,400.59091232173995,200.29545616087
16,8,191.702,114.82936685057189,383.404,114.82936685057187
16,9,191.702,185.06599995490808,383.404,185.06599995490808
16,10,191.702,114.45783426356833,383.404,114.45783426356833
16,11,191.702,157.41044104002515,383.404,157.41044104002515
16,12,191.702,165.73082802604404,383.404,383.40400000000005
16,13,191.702,152.76516582664476,383.404,152.76516582664476
16,14,191.702,195.7236614659494,391.4473229318988,195.7236614659494
16,15,191.702,142.03314672134528,383.404,142.03314672134528
16,16,191.702,164.86185890291418,383.404,164.86185890291418
16,17,191.702,187.73215475211387,383.404,187.73215475211387
16,18,191.702,121.35129864439767,383.404,121.35129864439766
16,19,191.702,153.50127435766439,383.404,153.50127435766439
16,20,191.702,199.6617176734363,399.3234353468726,199.66171767343633
16,21,191.702,176.3997354629423,383.404,176.3997354629423
16,22,191.702,170.67390055422013,383.404,170.67390055422013
16,23,191.702,137.8024192347926,383.404,137.8024192347926
16,24,191.702,185.7825396086842,383.404,383.404
16,25,191.702,184.62912547331285,383.404,184.62912547331285
16,26,191.702,142.64707859578021,383.404,142.64707859578021
16,27,191.702,156.49299157482892,383.404,383.40399999999994
16,28,191.702,167.82817626214415,383.404,167.82817626214415
16,29,191.702,179.27095041492476,383.404,179.27095041492476
16,30,191.702,143.4355325590737,383.404,143.4355325590737
16,31,191.702,131.55188683458468,383.404,383.404
16,32,191.702,111.53175003654155,383.404,111.53175003654157
16,33,191.702,172.2609275235644,383.404,172.26092752356436
16,34,191.702,174.91689703302194,383.404,174.91689703302194
16,35,191.702,117.0366357619201,383.404,117.0366357619201
16,36,191.702,186.41123840530005,383.404,186.41123840530005
16,37,191.702,113.93652810852602,383.404,113.93652810852602
16,38,191.702,183.2520206486108,383.404,183.2520206486108
16,39,191.702,110.39046228027557,383.404,383.404
16,40,191.702,163.95995525222366,383.404,163.95995525222366
16,41,191.702,151.1805017865169,383.404,151.1805017865169
16,42,191.702,110.89610066936409,383.404,110.89610066936409
16,43,191.702,171.59360041026588,383.404,171.59360041026588
16,44,191.702,177.01261591520537,383.404,196.52040672192334
16,45,191.702,189.91241338969945,383.404,189.91241338969945
16,46,191.702,148.31795204170658,383.404,148.31795204170658
16,47,191.702,150.99593459089303,383.404,150.99593459089303
16,48,191.702,165.25160082710934,383.404,165.25160082710934
16,49,191.702,191.58716925930526,383.404,191.58716925930526
16,50,191.702,136.76349534272416,383.404,136.76349534272416
16,51,191.702,167.78773527870527,383.404,167.78773527870527
16,52,191.702,158.80312758388072,383.404,158.80312758388072
16,53,191.702,115.78737607368183,383.404,115.78737607368184
16,54,191.702,168.54903743927775,383.404,168.54903743927775
16,55,191.702,185.92411697180748,383.404,185.92411697180748
16,56,191.702,146.0707340785056,383.404,146.0707340785056
16,57,191.702,196.16342384429836,392.32684768859673,392.32684768859673
16,58,191.702,154.38581708563632,383.404,154.38581708563632
16,59,191.702,189.09751651719588,383.404,189.09751651719588
16,60,191.702,176.14429010450687,383.404,176.14429010450687
16,61,191.702,139.93910206892951,383.404,139.93910206892951
16,62,191.702,128.93698536603904,383.404,128.93698536603904
16,63,191.702,138.2829359101268,383.404,138.2829359101268
16,64,191.702,132.88014291438,383.404,132.88014291438
16,65,191.702,101.82866769905596,383.404,101.82866769905597
16,66,191.702,99.18594579001923,383.404,99.18594579001923
16,67,191.702,138.71359498395674,383.404,138.71359498395674
16,68,191.702,116.54332255700956,383.404,383.404
16,69,191.702,185.66267199809516,383.404,185.66267199809516
16,70,191.702,197.52287829679156,395.0457565935831,197.52287829679156
16,71,191.702,126.91238876376389,383.404,383.404
16,72,191.702,171.65607954777903,383.404,171.65607954777903
16,73,191.702,135.18390355175092,383.404,135.18390355175092
16,74,191.702,187.0387360046362,383.404,187.0387360046362
16,75,191.702,143.17625963544404,383.404,143.17625963544404
16,76,191.702,195.0154060527155,390.030812105431,390.030812105431
16,77,191.702,165.70769085616823,383.404,165.70769085616823
16,78,191.702,108.08835253579794,383.404,108.08835253579794
16,79,191.702,110.19719064254359,383.404,110.19719064254359
16,80,191.702,139.7533836308075,383.404,139.7533836308075
16,81,191.702,156.92607960870734,383.404,156.92607960870734
16,82,191.702,151.3683055987992,383.404,151.3683055987992
16,83,191.702,186.97584624738562,383.404,383.404
16,84,191.702,97.46414915423462,383.404,97.46414915423462
16,85,191.702,109.4892542521061,383.404,109.4892542521061
16,86,191.702,130.4611119288919,383.404,279.48827525524126
16,87,191.702,185.6455034649811,383.404,185.6455034649811
16,88,191.702,97.34474316736156,383.404,97.34474316736156
16,89,191.702,152.6009639745586,383.404,152.6009639745586
16,90,191.702,97.02249664297221,383.404,97.02249664297221
16,91,191.702,153.35834610394178,383.404,153.35834610394178
16,92,191.702,146.96129015963658,383.404,146.9612901596366
16,93,191.702,110.63691339900178,383.404,110.63691339900178
16,94,191.702,157.94158868959872,383.404,157.94158868959872
16,95,191.702,161.66084621295127,383.404,383.404
16,96,191.702,144.1854217332679,383.404,144.1854217332679
16,97,191.702,180.19981317280627,383.404,180.19981317280627
16,98,191.702,103.19692591677314,383.404,103.19692591677314
16,99,191.702,131.02751907537044,383.404,383.404
17,0,185.29,201.36658399439415,402.7331679887883,201.36658399439415
17,1,185.29,179.80195393398847,370.58,179.80195393398847
17,2,185.29,150.01394297743283,370.58,150.01394297743283
17,3,185.29,149.11152793726222,370.58,149.11152793726222
17,4,185.29,243.3378409486476,486.6756818972952,243.33784094864762
17,5,185.29,170.90199928663492,370.58,170.90199928663492
17,6,185.29,227.5539830155119,455.1079660310238,227.5539830155119
17,7,185.29,253.74474351952904,507.4894870390581,253.74474351952904
17,8,185.29,174.43809692548075,370.58,174.43809692548075
17,9,185.29,159.41969381193434,370.58,159.41969381193434
17,10,185.29,214.6717109873845,429.343421974769,214.6717109873845
17,11,185.29,247.20339917696842,494.40679835393684,247.20339917696842
17,12,185.29,183.02922053157036,370.58,183.02922053157036
17,13,185.29,252.48594650206886,504.9718930041377,252.48594650206888
17,14,185.29,272.84414376181667,545.6882875236333,272.84414376181667
17,15,185.29,226.19506682049644,452.3901336409929,226.19506682049644
17,16,185.29,260.51278926623723,521.0255785324745,260.51278926623723
17,17,185.29,145.8379953562682,370.58,145.8379953562682
17,18,185.29,186.88814782598206,373.7762956519641,186.88814782598206
17,19,185.29,256.48499937451356,512.9699987490271,256.48499937451356
17,20,185.29,237.03822997780043,474.07645995560085,237.03822997780043
17,21,185.29,146.720903103964,370.58,146.720903103964
17,22,185.29,165.8854142052763,370.58,165.8854142052763
17,23,185.29,180.13395655681686,370.58,180.13395655681686
17,24,185.29,222.28596386648246,444.5719277329649,222.28596386648246
17,25,185.29,239.5686024243527,479.1372048487054,239.56860242435272
17,26,185.29,201.7031979140767,403.4063958281534,201.7031979140767
17,27,185.29,136.59698360231417,370.58,136.59698360231417
17,28,185.29,257.4426493015963,514.8852986031926,257.4426493015963
17,29,185.29,265.8443015431788,531.6886030863576,265.8443015431788
17,30,185.29,184.32975582669778,370.58,184.32975582669778
17,31,185.29,248.48975478318377,496.97950956636754,248.48975478318377
17,32,185.29,207.34249618546892,414.68499237093783,207.34249618546895
17,33,185.29,200.84008671658913,401.68017343317825,200.84008671658916
17,34,185.29,266.2563024572831,532.5126049145662,266.2563024572831
17,35,185.29,133.88191974097768,370.58,133.88191974097768
17,36,185.29,192.46687654886867,384.93375309773734,192.46687654886867
17,37,185.29,166.41201840567976,370.58,166.41201840567976
17,38,185.29,199.65179464162702,399.30358928325404,199.65179464162702
17,39,185.29,199.66854639786922,399.33709279573844,199.66854639786922
17,40,185.29,160.2739158228754,370.58,160.27391582287544
17,41,185.29,215.16551150109655,430.3310230021931,215.16551150109655
17,42,185.29,188.53264260462947,377.06528520925895,188.53264260462947
17,43,185.29,266.5017152132904,533.0034304265808,266.5017152132904
17,44,185.29,266.5302358677183,533.0604717354366,266.5302358677183
17,45,185.29,187.36922685832727,374.73845371665453,187.36922685832727
17,46,185.29,240.70308526052756,481.4061705210551,240.70308526052756
17,47,185.29,221.70364255237752,443.40728510475503,221.70364255237752
17,48,185.29,185.87929691417497,371.75859382834994,185.87929691417497
17,49,185.29,170.26534648228784,370.58,170.26534648228784
17,50,185.29,264.6036405470227,529.2072810940454,264.6036405470227
17,51,185.29,159.77066339810918,370.58,159.77066339810918
17,52,185.29,245.6096608985131,491.2193217970262,245.60966089851314
17,53,185.29,240.53336838331532,481.06673676663064,240.53336838331535
17,54,185.29,162.48930261548676,370.58,162.48930261548676
17,55,185.29,186.03242856975342,372.06485713950684,186.03242856975342
17,56,185.29,196.62455013447448,393.24910026894895,196.62455013447448
17,57,185.29,204.20113924825145,408.4022784965029,204.20113924825145
17,58,185.29,218.52508899324434,437.0501779864887,218.52508899324437
17,59,185.29,182.74961371174732,370.58,182.74961371174732
17,60,185.29,218.2467520711195,436.493504142239,218.2467520711195
17,61,185.29,195.30353391823476,390.6070678364695,195.30353391823476
17,62,185.29,268.548189292446,537.096378584892,268.548189292446
17,63,185.29,231.6712988310599,463.3425976621198,231.67129883105991
17,64,185.29,207.19637970506693,414.39275941013386,207.19637970506693
17,65,185.29,213.20782855882462,426.41565711764923,213.20782855882464
17,66,185.29,148.28452662294652,370.58,148.28452662294652
17,67,185.29,172.10570387951114,370.58,172.10570387951114
17,68,185.29,233.6099510345751,467.2199020691502,233.6099510345751
17,69,185.29,273.4646828723574,546.9293657447148,273.4646828723574
17,70,185.29,176.02059158852697,370.58,176.02059158852697
17,71,185.29,274.3411899669423,548.6823799338846,-1957.121545163097
17,72,185.29,183.0706174451655,370.58,183.0706174451655
17,73,185.29,197.5935929641935,395.187185928387,197.5935929641935
17,74,185.29,272.0043851851346,544.0087703702692,272.0043851851346
17,75,185.29,250.80508980452336,501.6101796090467,250.80508980452336
17,76,185.29,208.0877893359516,416.1755786719032,208.0877893359516
17,77,185.29,273.17845406235125,546.3569081247025,273.17845406235125
17,78,185.29,273.7745927656153,547.5491855312306,273.7745927656153
17,79,185.29,155.09776131657554,370.58,155.09776131657554
17,80,185.29,245.22693674524012,490.45387349048025,245.22693674524012
17,81,185.29,171.491118316247,370.58,171.491118316247
17,82,185.29,176.08979394347344,370.58,176.08979394347344
17,83,185.29,194.50612234010237,389.01224468020473,194.50612234010237
17,84,185.29,200.9090683425366,401.8181366850732,200.9090683425366
17,85,185.29,152.07886316900013,370.58,152.07886316900013
17,86,185.29,241.9134289344043,483.8268578688086,241.9134289344043
17,87,185.29,137.426717452234,370.58,137.426717452234
17,88,185.29,270.07846950284437,540.1569390056887,270.07846950284437
17,89,185.29,170.89101194632462,370.58,170.89101194632462
17,90,185.29,233.71544288093867,467.43088576187733,233.71544288093867
17,91,185.29,208.89528330033096,417.7905666006619,208.895283300331
17,92,185.29,252.65446966627195,505.3089393325439,252.65446966627195
17,93,185.29,161.8802777024626,370.58,161.8802777024626
17,94,185.29,137.0653312690106,370.58,137.0653312690106
17,95,185.29,157.9301300652729,370.58,157.9301300652729
17,96,185.29,230.03408458558658,460.06816917117317,230.0340845855866
17,97,185.29,248.99981892681365,497.9996378536273,248.99981892681367
17,98,185.29,155.46589267334463,370.58,155.46589267334463
17,99,185.29,215.12994641501896,430.2598928300379,215.12994641501896
18,0,155.512,107.955353006032,311.024,107.95535300603201
18,1,155.512,192.949060516896,385.898121033792,192.949060516896
18,2,155.512,111.94280420220238,311.024,111.9428042022024
18,3,155.512,121.37517802875321,311.024,121.37517802875321
18,4,155.512,173.53171826456756,347.0634365291351,173.53171826456756
18,5,155.512,153.68110940294466,311.024,153.68110940294466
18,6,155.512,132.20936183932108,311.024,132.20936183932108
18,7,155.512,205.65716259443747,411.31432518887493,205.65716259443744
18,8,155.512,163.6653203234811,327.3306406469622,163.66532032348113
18,9,155.512,119.69183262651433,311.024,119.69183262651433
18,10,155.512,148.46130245701767,311.024,148.46130245701767
18,11,155.512,179.81430150556696,359.6286030111339,179.81430150556696
18,12,155.512,152.3150319523741,311.024,152.3150319523741
18,13,155.512,113.67335748339246,311.024,113.67335748339246
18,14,155.512,121.12028736507732,311.024,121.12028736507732
18,15,155.512,129.479768609999,311.024,311.024
18,16,155.512,162.10752709155472,324.21505418310943,162.10752709155472
18,17,155.512,171.87288546186178,343.74577092372357,171.87288546186178
18,18,155.512,154.38675173054975,311.024,154.38675173054975
18,19,155.512,125.36671695963334,311.024,125.36671695963332
18,20,155.512,139.79513480640546,311.024,139.79513480640546
18,21,155.512,197.74780757972178,395.49561515944356,197.74780757972178
18,22,155.512,128.6635555640999,311.024,128.6635555640999
18,23,155.512,174.61083868526367,349.22167737052735,174.61083868526367
18,24,155.512,144.27672773373172,311.024,144.27672773373172
18,25,155.512,207.41717077955,414.8343415591,207.41717077954996
18,26,155.512,102.94387724457015,311.024,102.94387724457015
18,27,155.512,136.67929072332,311.024,136.67929072332
18,28,155.512,185.3957116929325,370.791423385865,185.3957116929325
18,29,155.512,105.12705363693782,311.024,105.12705363693782
18,30,155.512,144.35634189866684,311.024,144.35634189866684
18,31,155.512,206.86820691935057,413.73641383870114,206.8682069193506
18,32,155.512,176.24590708874285,352.4918141774857,176.24590708874285
18,33,155.512,114.23401601584412,311.024,114.23401601584987
18,34,155.512,112.28096381066605,311.024,112.28096381066605
18,35,155.512,205.58501336283285,411.1700267256657,205.58501336283283
18,36,155.512,203.3532765718273,406.7065531436546,203.35327657182728
18,37,155.512,120.68063928727568,311.024,120.68063928727568
18,38,155.512,197.25366064003478,394.50732128006956,197.25366064003478
18,39,155.512,184.27511151665576,368.5502230333115,184.27511151665576
18,40,155.512,145.81452110707733,311.024,145.81452110707733
18,41,155.512,128.79362028826944,311.024,128.79362028826944
18,42,155.512,117.01036097526361,311.024,117.01036097526361
18,43,155.512,123.54585154393511,311.024,123.54585154393511
18,44,155.512,159.11251230418395,318.2250246083679,159.11251230418395
18,45,155.512,104.65793339395525,311.024,136.69388645332754
18,46,155.512,171.52653117029797,343.05306234059594,171.52653117029797
18,47,155.512,168.3354622584182,336.6709245168364,168.3354622584182
18,48,155.512,172.35840747286528,344.71681494573056,172.35840747286528
18,49,155.512,192.36556079341867,384.73112158683733,192.36556079341867
18,50,155.512,108.42085938040684,311.024,108.42085938040684
18,51,155.512,208.12462326127266,416.2492465225453,208.12462326127266
18,52,155.512,156.3536881437727,312.7073762875454,156.3536881437727
18,53,155.512,154.0341896178258,311.024,311.024
18,54,155.512,120.12400478911692,311.024,120.12400478911694
18,55,155.512,174.43593102469038,348.87186204938075,174.43593102469038
18,56,155.512,197.86232709068844,395.7246541813769,197.86232709068844
18,57,155.512,110.46564140430625,311.024,110.46564140430625
18,58,155.512,136.11369035387065,311.024,136.11369035387065
18,59,155.512,186.8875759287331,373.7751518574662,186.8875759287331
18,60,155.512,106.2951876763024,311.024,106.29518767630242
18,61,155.512,165.78907201429553,331.57814402859105,165.78907201429553
18,62,155.512,126.40710148969477,311.024,126.40710148969477
18,63,155.512,160.97062596991438,321.94125193982876,160.97062596991438
18,64,155.512,117.28636549719107,311.024,117.28636549719107
18,65,155.512,140.84847311462812,311.024,140.84847311462812
18,66,155.512,141.34415020838398,311.024,141.34415020838398
18,67,155.512,146.28723337908025,311.024,146.28723337908025
18,68,155.512,208.9642865135418,417.9285730270836,208.9642865135418
18,69,155.512,116.88516292192499,311.024,116.88516292192499
18,70,155.512,132.0194072993168,311.024,132.0194072993168
18,71,155.512,176.2093328317768,352.4186656635536,176.2093328317768
18,72,155.512,141.16708043954992,311.024,141.16708043954992
18,73,155.512,203.354702596001,406.709405192002,203.354702596001
18,74,155.512,143.05460054871426,311.024,143.05460054871426
18,75,155.512,208.0200627730484,416.0401255460968,208.0200627730484
18,76,155.512,122.57326741846921,311.024,122.57326741846921
18,77,155.512,153.43314683053254,311.024,153.43314683053254
18,78,155.512,159.99558579009184,319.9911715801837,159.99558579009184
18,79,155.512,165.10040480289643,330.20080960579287,165.10040480289643
18,80,155.512,145.91482296911224,311.024,145.91482296911224
18,81,155.512,161.25261172271047,322.50522344542094,161.25261172271047
18,82,155.512,128.17021126196482,311.024,128.17021126196482
18,83,155.512,129.88386562653,311.024,129.88386562653
18,84,155.512,110.3590397422011,311.024,110.35903974220112
18,85,155.512,161.49473599986968,322.98947199973935,161.49473599986968
18,86,155.512,155.770060163026,311.540120326052,155.770060163026
18,87,155.512,208.41649884594108,416.83299769188216,208.41649884594108
18,88,155.512,188.44222377625732,376.88444755251464,188.44222377625732
18,89,155.512,178.29180925847587,356.58361851695173,178.29180925847587
18,90,155.512,133.359236283987,311.024,133.359236283987
18,91,155.512,126.63599510784414,311.024,126.63599510784414
18,92,155.512,177.93676926805142,355.87353853610284,177.93676926805142
18,93,155.512,126.40048780823022,311.024,126.40048780823024
18,94,155.512,110.22398719578375,311.024,110.22398719578375
18,95,155.512,138.5984851040083,311.024,138.59848510399678
18,96,155.512,162.58908123995585,325.1781624799117,162.58908123995585
18,97,155.512,124.04931877098144,311.024,124.04931877098144
18,98,155.512,114.33300752976218,311.024,114.33300752976218
18,99,155.512,197.11207809544146,394.2241561908829,197.11207809544146
19,0,139.846,100.36574194148042,279.692,100.36574194148042
19,1,139.846,67.4986654181114,279.692,67.4986654181114
19,2,139.846,85.13169630825627,279.692,85.13169630825627
19,3,139.846,70.45794861479517,279.692,279.692
19,4,139.846,85.62806205022241,279.692,85.62806205022241
19,5,139.846,97.92291748014254,279.692,97.92291748014254
19,6,139.846,77.5838885451406,279.692,77.5838885451406
19,7,139.846,134.99031057599072,279.692,134.99031057599072
19,8,139.846,100.6544802731433,279.692,279.692
19,9,139.846,129.4332016255815,279.692,129.4332016255815
19,10,139.846,126.79238606480756,279.692,126.79238606480756
19,11,139.846,75.6367095344813,279.692,75.63670953448131
19,12,139.846,73.76947668496216,279.692,73.76947668496216
19,13,139.846,107.91088864892595,279.692,279.692
19,14,139.846,69.43082919618905,279.692,69.43082919618905
19,15,139.846,124.33139440122082,279.692,124.33139440122083
19,16,139.846,91.00963126523558,279.692,91.00963126523557
19,17,139.846,119.20956608172217,279.692,119.20956608172217
19,18,139.846,81.102067315455,279.692,81.102067315455
19,19,139.846,90.31809257207728,279.692,90.31809257207728
19,20,139.846,113.84761701319569,279.692,113.8476170131957
19,21,139.846,83.53814523807448,279.692,83.53814523807448
19,22,139.846,82.08575226480687,279.692,279.692
19,23,139.846,92.5950814647064,279.692,92.5950814647064
19,24,139.846,67.76473611747392,279.692,67.76473611747392
19,25,139.846,118.1118112267985,279.692,279.692
19,26,139.846,75.39370833958796,279.692,75.39370833958796
19,27,139.846,84.08449204107315,279.692,279.692
19,28,139.846,71.6483532539032,279.692,279.692
19,29,139.846,99.40651945944083,279.692,99.40651945944083
19,30,139.846,86.9154245995892,279.692,279.692
19,31,139.846,104.44113225644266,279.692,104.44113225644264
19,32,139.846,116.00362219809061,279.692,116.00362219809061
19,33,139.846,81.25925657496269,279.692,81.25925657496269
19,34,139.846,91.2098942894861,279.692,91.2098942894861
19,35,139.846,107.96793486064446,279.692,107.96793486064446
19,36,139.846,84.64756030380033,279.692,251.33739053275187
19,37,139.846,133.40108557777234,279.692,133.40108557777234
19,38,139.846,70.00666666450026,279.692,70.00666666450026
19,39,139.846,78.02613765566004,279.692,78.02613765566005
19,40,139.846,88.49036728255922,279.692,88.49036728255922
19,41,139.846,116.471358784573,279.692,116.471358784573
19,42,139.846,73.72390837718726,279.692,279.692
19,43,139.846,131.3056610565153,279.692,131.3056610565153
19,44,139.846,132.651860467143,279.692,132.651860467143
19,45,139.846,114.04158685858393,279.692,114.04158685858393
19,46,139.846,94.98032426516107,279.692,94.98032426516107
19,47,139.846,87.32584849673827,279.692,87.32584849673827
19,48,139.846,92.05773295859113,279.692,92.05773295859113
19,49,139.846,130.84745285252262,279.692,130.84745285252262
19,50,139.846,105.5905423737555,279.692,105.5905423737555
19,51,139.846,134.368100356869,279.692,134.368100356869
19,52,139.846,103.34090834522259,279.692,103.34090834522259
19,53,139.846,82.41835867339624,279.692,82.41835867339624
19,54,139.846,74.09894312081346,279.692,74.09894312081346
19,55,139.846,115.85430202942125,279.692,115.85430202942123
19,56,139.846,88.44904225295457,279.692,279.692
19,57,139.846,113.04941430150109,279.692,279.692
19,58,139.846,134.54564734920683,279.692,134.54564734920683
19,59,139.846,68.4494225336044,279.692,68.4494225336044
19,60,139.846,71.12479715544336,279.692,279.692
19,61,139.846,91.41334582351783,279.692,279.692
19,62,139.846,89.47443719670643,279.692,279.692
19,63,139.846,95.19886995375498,279.692,95.19886995375498
19,64,139.846,99.35425285723879,279.692,279.692
19,65,139.846,96.92547985127548,279.692,96.9254798512755
19,66,139.846,74.11017289617274,279.692,74.11017289617274
19,67,139.846,91.29657410952059,279.692,279.692
19,68,139.846,75.90017289737985,279.692,75.90017289737985
19,69,139.846,82.23672198947,279.692,82.23672198947
19,70,139.846,110.20789088171635,279.692,110.20789088171637
19,71,139.846,70.76601135747578,279.692,70.76601135747578
19,72,139.846,88.12631215863323,279.692,88.12631215863323
19,73,139.846,110.4647733048539,279.692,110.4647733048539
19,74,139.846,86.47036089074797,279.692,279.692
19,75,139.846,104.86428673184027,279.692,104.86428673184027
19,76,139.846,99.22595158329878,279.692,99.22595158329878
19,77,139.846,111.84277312156708,279.692,111.84277312156708
19,78,139.846,128.27863181292273,279.692,128.27863181292273
19,79,139.846,87.61610504159647,279.692,87.61610504159647
19,80,139.846,131.07801005992013,279.692,131.07801005992013
19,81,139.846,113.96587356131162,279.692,113.96587356131162
19,82,139.846,96.92496536469221,279.692,96.92496536469221
19,83,139.846,125.04082856717916,279.692,125.04082856717918
19,84,139.846,98.5677678909292,279.692,279.692
19,85,139.846,115.68366429245475,279.692,115.68366429245475
19,86,139.846,130.4153590799021,279.692,130.4153590799021
19,87,139.846,90.51666468737797,279.692,90.51666468737797
19,88,139.846,101.26592340377309,279.692,101.2659234037731
19,89,139.846,96.24384295188902,279.692,96.24384295188902
19,90,139.846,75.58862102761466,279.692,75.58862102761466
19,91,139.846,74.72944080982792,279.692,74.72944080982792
19,92,139.846,74.7458447641752,279.692,279.692
19,93,139.846,130.44556280177085,279.692,130.44556280177085
19,94,139.846,131.99246713756497,279.692,131.99246713756497
19,95,139.846,91.78570615554489,279.692,91.78570615554489
19,96,139.846,131.19368156102814,279.692,131.19368156102814
19,97,139.846,135.24125184765194,279.692,135.24125184765194
19,98,139.846,122.15417386728296,279.692,279.69199999999995
19,99,139.846,84.27554347276437,279.692,279.692
20,0,136.052,108.67431122470393,272.104,108.67431122470393
20,1,136.052,80.3211400765087,272.104,80.3211400765087
20,2,136.052,120.26004884048226,272.104,120.26004884048224
20,3,136.052,124.4363205296224,272.104,124.4363205296224
20,4,136.052,128.73995451564932,272.104,128.73995451564932
20,5,136.052,111.89624974959237,272.104,111.89624974959239
20,6,136.052,78.38341211835417,272.104,78.38341211835417
20,7,136.052,117.11644570060402,272.104,117.11644570060402
20,8,136.052,77.02979267153702,272.104,272.104
20,9,136.052,70.19822577188646,272.104,70.19822577188646
20,10,136.052,72.42362210188192,272.104,72.42362210188192
20,11,136.052,79.4088671218169,272.104,79.4088671218169
20,12,136.052,101.6918354464027,272.104,101.6918354464027
20,13,136.052,116.86454012668379,272.104,116.86454012668379
20,14,136.052,79.41854842444786,272.104,79.41854842444786
20,15,136.052,99.9566492449843,272.104,99.9566492449843
20,16,136.052,121.74575675273692,272.104,121.74575675273694
20,17,136.052,93.56170330051506,272.104,263.75139712095125
20,18,136.052,65.35591837671988,272.104,65.35591837671988
20,19,136.052,99.03930402039212,272.104,272.104
20,20,136.052,124.50308572804373,272.104,124.50308572804374
20,21,136.052,89.73112413186756,272.104,272.104
20,22,136.052,85.85971226461784,272.104,85.85971226461784
20,23,136.052,94.91548442945204,272.104,94.91548442945204
20,24,136.052,98.72237913700701,272.104,98.72237913700701
20,25,136.052,67.85524520724819,272.104,272.104
20,26,136.052,95.31477300741776,272.104,95.31477300741776
20,27,136.052,78.55657660800142,272.104,78.55657660800142
20,28,136.052,106.04462753973972,272.104,272.104
20,29,136.052,97.88025244955578,272.104,97.88025244955578
20,30,136.052,100.5798656121532,272.104,100.5798656121532
20,31,136.052,115.74698661392732,272.104,115.74698661392733
20,32,136.052,97.78172780688533,272.104,97.78172780688533
20,33,136.052,81.73925747531999,272.104,272.103999999999
20,34,136.052,69.57674020127082,272.104,272.104
20,35,136.052,68.014414789095,272.104,68.014414789095
20,36,136.052,87.72081263265143,272.104,87.72081263265143
20,37,136.052,84.74818018630111,272.104,272.104
20,38,136.052,82.54126118667276,272.104,272.104
20,39,136.052,112.69996053596861,272.104,112.69996053596863
20,40,136.052,102.55119063326939,272.104,272.104
20,41,136.052,125.82092594404942,272.104,125.82092594404943
20,42,136.052,71.40017539087819,272.104,71.40017539087819
20,43,136.052,71.97193964314806,272.104,272.104
20,44,136.052,88.5610825629535,272.104,88.5610825629535
20,45,136.052,122.44366892675518,272.104,122.44366892675518
20,46,136.052,115.14084335350529,272.104,115.14084335350529
20,47,136.052,93.29704143868548,272.104,93.29704143868548
20,48,136.052,127.38178367907541,272.104,127.38178367907543
20,49,136.052,73.57739512507582,272.104,73.57739512507582
20,50,136.052,108.99807199202785,272.104,272.104
20,51,136.052,122.5744179697801,272.104,122.5744179697801
20,52,136.052,122.43022332265956,272.104,122.43022332265956
20,53,136.052,72.99725597434815,272.104,72.99725597434815
20,54,136.052,76.73130072194273,272.104,76.73130072194273
20,55,136.052,125.43915278502433,272.104,125.43915278502433
20,56,136.052,127.34382554912557,272.104,127.34382554912558
20,57,136.052,94.12092384183683,272.104,272.104
20,58,136.052,69.61708951300658,272.104,272.104
20,59,136.052,120.43301284955781,272.104,120.43301284955781
20,60,136.052,127.07385671311194,272.104,127.07385671311194
20,61,136.052,71.20819173588366,272.104,71.20819173588366
20,62,136.052,62.88812263402523,272.104,62.88812263402524
20,63,136.052,102.63934475209126,272.104,102.63934475209126
20,64,136.052,125.8464882259245,272.104,125.8464882259245
20,65,136.052,88.39797016090137,272.104,272.104
20,66,136.052,80.21489742551611,272.104,80.21489742551611
20,67,136.052,94.87562707171958,272.104,94.87562707171958
20,68,136.052,90.46887778339453,272.104,90.46887778339453
20,69,136.052,82.51317567688366,272.104,82.51317567688366
20,70,136.052,118.36091815911176,272.104,118.36091815911176
20,71,136.052,123.30597789389276,272.104,123.30597789389277
20,72,136.052,76.25752319082687,272.104,76.25752319082687
20,73,136.052,64.39462771543718,272.104,272.104
20,74,136.052,100.56465323141249,272.104,272.104
20,75,136.052,102.61556196938375,272.104,102.61556196938375
20,76,136.052,76.12263173352545,272.104,76.12263173352545
20,77,136.052,66.81279325887502,272.104,66.81279325887502
20,78,136.052,71.69681349683262,272.104,71.69681349683262
20,79,136.052,83.79161160076426,272.104,272.104
20,80,136.052,83.04132517954498,272.104,272.104
20,81,136.052,67.85628253991194,272.104,67.85628253991194
20,82,136.052,86.48735498405743,272.104,86.48735498405743
20,83,136.052,115.37594148068166,272.104,115.37594148068166
20,84,136.052,77.16281772349605,272.104,77.16281772349605
20,85,136.052,65.35012916940047,272.104,272.104
20,86,136.052,90.13665181193184,272.104,90.13665181193184
20,87,136.052,79.21251078731642,272.104,79.21251078731642
20,88,136.052,106.24385368817858,272.104,106.24385368817858
20,89,136.052,87.58075116249147,272.104,272.104
20,90,136.052,126.77961324045734,272.104,126.77961324045735
20,91,136.052,113.21582354692298,272.104,113.21582354692299
20,92,136.052,110.27873433762788,272.104,110.2787343376279
20,93,136.052,65.90275711265292,272.104,65.90275711265292
20,94,136.052,83.18016857724731,272.104,83.18016857724731
20,95,136.052,95.58505964206432,272.104,95.58505964206432
20,96,136.052,123.03812835629512,272.104,123.03812835629513
20,97,136.052,126.34503266508821,272.104,126.34503266508821
20,98,136.052,62.64163891572889,272.104,62.64163891572889
20,99,136.052,104.16144841711167,272.104,104.16144841711169
21,0,133.0,120.79520365070128,266.0,120.79520365070128
21,1,133.0,106.34177250828908,266.0,106.3417725082891
21,2,133.0,112.13770385297127,266.0,266.0
21,3,133.0,69.55077545557117,266.0,266.0
21,4,133.0,83.32680087353667,266.0,83.32680087353667
21,5,133.0,63.40206427884269,266.0,63.40206427884269
21,6,133.0,80.59917529004186,266.0,80.59917529004186
21,7,133.0,116.89518505304822,266.0,116.89518505304824
21,8,133.0,97.65490763998939,266.0,266.0
21,9,133.0,123.62521055570987,266.0,123.62521055570987
21,10,133.0,62.73150692861608,266.0,62.73150692861608
21,11,133.0,92.71213143013492,266.0,92.71213143013492
21,12,133.0,102.76206770001214,266.0,102.76206770001215
21,13,133.0,60.90139501417138,266.0,60.90139501417138
21,14,133.0,93.01635960509115,266.0,266.0
21,15,133.0,64.63981690845628,266.0,64.63981690845628
21,16,133.0,99.96405813812123,266.0,266.0
21,17,133.0,114.42972271312298,266.0,114.429722713123
21,18,133.0,93.63857637436102,266.0,93.63857637436102
21,19,133.0,116.02868757133103,266.0,116.02868757133105
21,20,133.0,100.68175601786372,266.0,100.6817560178637
21,21,133.0,83.35072395183818,266.0,83.35072395183818
21,22,133.0,117.27843936440769,266.0,117.27843936440769
21,23,133.0,92.09536946127788,266.0,92.09536946127788
21,24,133.0,110.89749407525342,266.0,110.89749407525342
21,25,133.0,108.97672383464493,266.0,108.97672383464494
21,26,133.0,89.80246792840583,266.0,89.80246792840583
21,27,133.0,93.79413092464031,266.0,223.1150212129252
21,28,133.0,102.04653952412792,266.0,102.04653952412792
21,29,133.0,118.59943036384179,266.0,118.59943036384179
21,30,133.0,72.01392754663024,266.0,72.01392754663024
21,31,133.0,125.55716145207248,266.0,125.55716145207248
21,32,133.0,67.55882299140714,266.0,266.0
21,33,133.0,69.79607160490153,266.0,69.79607160490153
21,34,133.0,61.781951281660255,266.0,61.781951281660255
21,35,133.0,72.40746615069864,266.0,72.40746615069864
21,36,133.0,110.86535166081985,266.0,110.86535166081985
21,37,133.0,108.11782427844287,266.0,108.11782427844288
21,38,133.0,118.70117450777508,266.0,118.7011745077751
21,39,133.0,105.99472399339915,266.0,105.99472399339915
21,40,133.0,94.70490991315982,266.0,94.70490991315982
21,41,133.0,74.01367756287688,266.0,266.00000000000153
21,42,133.0,110.66180392797956,266.0,110.66180392797958
21,43,133.0,112.20889614294104,266.0,112.20889614294106
21,44,133.0,82.75303994746375,266.0,82.75303994746375
21,45,133.0,88.24234381382051,266.0,266.0
21,46,133.0,95.56546772689872,266.0,146.901271065589
21,47,133.0,63.531484007829036,266.0,266.0
21,48,133.0,109.44489126731567,266.0,109.44489126731567
21,49,133.0,95.98015566226891,266.0,95.98015566226891
21,50,133.0,62.074316086470816,266.0,62.074316086470816
21,51,133.0,77.65906619442435,266.0,77.65906619442435
21,52,133.0,83.32586201024127,266.0,83.32586201024127
21,53,133.0,109.91074534925148,266.0,109.9107453492515
21,54,133.0,77.80906370651385,266.0,266.0
21,55,133.0,116.99876593806495,266.0,116.99876593806495
21,56,133.0,65.47035900961504,266.0,266.0
21,57,133.0,66.13592823224334,266.0,66.13592823224334
21,58,133.0,124.7142164457577,266.0,124.71421644575771
21,59,133.0,104.66450739524771,266.0,104.66450739524771
21,60,133.0,109.38773876698278,266.0,109.38773876698278
21,61,133.0,122.17080635596412,266.0,122.17080635596412
21,62,133.0,77.15813027539446,266.0,77.15813027539446
21,63,133.0,112.2723700415778,266.0,112.2723700415778
21,64,133.0,85.45955890931869,266.0,265.99999999999903
21,65,133.0,111.5416756093199,266.0,111.5416756093199
21,66,133.0,111.83742540672532,266.0,111.83742540672532
21,67,133.0,62.57129489758223,266.0,266.0
21,68,133.0,69.42392999186276,266.0,266.0
21,69,133.0,83.97582257263194,266.0,83.97582257263194
21,70,133.0,95.47719065015127,266.0,95.47719065015127
21,71,133.0,120.76897014550627,266.0,120.76897014550627
21,72,133.0,81.63496966165997,266.0,266.00000000000034
21,73,133.0,62.39047377637373,266.0,62.39047377637373
21,74,133.0,116.79972095147126,266.0,116.79972095147126
21,75,133.0,106.76959861188807,266.0,106.76959861188809
21,76,133.0,105.5473471598123,266.0,105.5473471598123
21,77,133.0,87.04640223264532,266.0,87.04640223264532
21,78,133.0,120.88327034328657,266.0,120.88327034328657
21,79,133.0,70.21368262507202,266.0,266.0
21,80,133.0,101.3198391121122,266.0,101.31983911211219
21,81,133.0,119.8103147468717,266.0,119.8103147468717
21,82,133.0,61.14325014330475,266.0,61.14325014330475
21,83,133.0,93.51607813185815,266.0,266.0
21,84,133.0,114.61075644416717,266.0,266.0
21,85,133.0,81.028878645349,266.0,81.028878645349
21,86,133.0,90.26042898251288,266.0,90.26042898251288
21,87,133.0,125.44822480672408,266.0,125.44822480672408
21,88,133.0,102.195183409802,266.0,102.195183409802
21,89,133.0,64.60617335628496,266.0,265.99999999999903
21,90,133.0,95.67797241205113,266.0,95.67797241205113
21,91,133.0,103.9031388922885,266.0,103.90313889228851
21,92,133.0,112.31286660330788,266.0,112.31286660330788
21,93,133.0,63.14541472103766,266.0,63.14541472103766
21,94,133.0,90.7846746250513,266.0,90.7846746250513
21,95,133.0,91.1287121980114,266.0,91.1287121980114
21,96,133.0,74.462934780216,266.0,266.0000000000009
21,97,133.0,122.68174517325112,266.0,122.68174517325112
21,98,133.0,64.08048365665002,266.0,64.08048365665002
21,99,133.0,118.00461833217025,266.0,118.00461833217027
22,0,127.87599999999999,75.5291505999189,255.75199999999998,75.5291505999189
22,1,127.87599999999999,99.21551342715502,255.75199999999998,99.21551342715502
22,2,127.87599999999999,118.7126669327154,255.75199999999998,118.71266693271541
22,3,127.87599999999999,107.27978383833711,255.75199999999998,107.27978383833712
22,4,127.87599999999999,116.78834209747258,255.75199999999998,116.78834209747258
22,5,127.87599999999999,103.03423202857529,255.75199999999998,103.03423202857529
22,6,127.87599999999999,101.04564195102716,255.75199999999998,101.04564195102716
22,7,127.87599999999999,94.58612893975476,255.75199999999998,94.58612893975476
22,8,127.87599999999999,106.28521278072888,255.75199999999998,106.28521278072888
22,9,127.87599999999999,64.91901277407638,255.75199999999998,255.75199999999998
22,10,127.87599999999999,73.5922443020943,255.75199999999998,73.5922443020943
22,11,127.87599999999999,83.05953373117465,255.75199999999998,83.05953373117465
22,12,127.87599999999999,62.41756361718044,255.75199999999998,255.75199999999998
22,13,127.87599999999999,69.4054888804431,255.75199999999998,69.4054888804431
22,14,127.87599999999999,105.39640188769266,255.75199999999998,105.39640188769266
22,15,127.87599999999999,83.57184828299273,255.75199999999998,83.57184828299273
22,16,127.87599999999999,83.512257766663,255.75199999999998,83.512257766663
22,17,127.87599999999999,104.97193999064568,255.75199999999998,104.9719399906457
22,18,127.87599999999999,85.81469602121844,255.75199999999998,85.81469602121844
22,19,127.87599999999999,117.40743444336499,255.75199999999998,117.40743444336499
22,20,127.87599999999999,76.19435835501636,255.75199999999998,76.19435835501636
22,21,127.87599999999999,106.52886667133237,255.75199999999998,106.52886667133237
22,22,127.87599999999999,104.33389065302546,255.75199999999998,104.33389065302548
22,23,127.87599999999999,118.9909355469182,255.75199999999998,118.9909355469182
22,24,127.87599999999999,75.50125735993534,255.75199999999998,75.50125735993534
22,25,127.87599999999999,120.38196730161111,255.75199999999998,120.38196730161113
22,26,127.87599999999999,82.29126017335938,255.75199999999998,82.29126017335938
22,27,127.87599999999999,59.55594722164488,255.75199999999998,255.75199999999998
22,28,127.87599999999999,77.9491703542314,255.75199999999998,77.9491703542314
22,29,127.87599999999999,70.33609389454253,255.75199999999998,255.75199999999998
22,30,127.87599999999999,93.03643042426746,255.75199999999998,93.03643042426746
22,31,127.87599999999999,61.09304793009959,255.75199999999998,255.75199999999998
22,32,127.87599999999999,69.06328503027596,255.75199999999998,255.75199999999998
22,33,127.87599999999999,120.0238433675774,255.75199999999998,120.02384336757741
22,34,127.87599999999999,96.76258590976444,255.75199999999998,96.76258590976444
22,35,127.87599999999999,97.00481215517232,255.75199999999998,97.00481215517232
22,36,127.87599999999999,96.4728829572236,255.75199999999998,96.4728829572236
22,37,127.87599999999999,105.04813408830549,255.75199999999998,105.04813408830549
22,38,127.87599999999999,77.33414381139367,255.75199999999998,77.33414381139367
22,39,127.87599999999999,105.2925165627104,255.75199999999998,105.29251656271042
22,40,127.87599999999999,114.02415011291838,255.75199999999998,114.02415011291838
22,41,127.87599999999999,92.83282730725931,255.75199999999998,92.83282730725931
22,42,127.87599999999999,67.45456210993542,255.75199999999998,255.75199999999998
22,43,127.87599999999999,105.77309623223007,255.75199999999998,105.77309623223007
22,44,127.87599999999999,103.91080863711139,255.75199999999998,103.9108086371114
22,45,127.87599999999999,117.5200965470816,255.75199999999998,117.5200965470816
22,46,127.87599999999999,63.9489149535256,255.75199999999998,255.75199999999998
22,47,127.87599999999999,102.82373301684683,255.75199999999998,102.82373301684684
22,48,127.87599999999999,64.5829626701848,255.75199999999998,255.75199999999998
22,49,127.87599999999999,71.81806099826125,255.75199999999998,71.81806099826125
22,50,127.87599999999999,118.60320844221806,255.75199999999998,118.60320844221806
22,51,127.87599999999999,113.66415021226119,255.75199999999998,113.66415021226119
22,52,127.87599999999999,121.31655990761945,255.75199999999998,121.31655990761945
22,53,127.87599999999999,80.4175132859951,255.75199999999998,80.4175132859951
22,54,127.87599999999999,86.25139635022664,255.75199999999998,86.25139635022664
22,55,127.87599999999999,118.70630903290132,255.75199999999998,118.70630903290132
22,56,127.87599999999999,118.70694317279353,255.75199999999998,118.70694317279353
22,57,127.87599999999999,65.45577994690944,255.75199999999998,255.75199999999998
22,58,127.87599999999999,61.233679857872126,255.75199999999998,255.75199999999998
22,59,127.87599999999999,71.19410356806176,255.75199999999998,71.19410356806176
22,60,127.87599999999999,92.22205765235451,255.75199999999998,92.22205765235451
22,61,127.87599999999999,63.22395316545435,255.75199999999998,255.75199999999998
22,62,127.87599999999999,107.48922842766353,255.75199999999998,107.48922842766353
22,63,127.87599999999999,98.30404033733443,255.75199999999998,98.30404033733443
22,64,127.87599999999999,82.29935630669966,255.75199999999998,82.29935630669966
22,65,127.87599999999999,97.17223979986768,255.75199999999998,97.17223979986768
22,66,127.87599999999999,119.22119906867154,255.75199999999998,119.22119906867155
22,67,127.87599999999999,64.806581251958,255.75199999999998,255.75199999999998
22,68,127.87599999999999,101.53985546935017,255.75199999999998,101.53985546935019
22,69,127.87599999999999,109.84226814947829,255.75199999999998,109.84226814947829
22,70,127.87599999999999,117.71227171699212,255.75199999999998,117.71227171699212
22,71,127.87599999999999,70.73124947861267,255.75199999999998,70.73124947861267
22,72,127.87599999999999,107.87867169587734,255.75199999999998,107.87867169587734
22,73,127.87599999999999,97.15492383933301,255.75199999999998,97.15492383933301
22,74,127.87599999999999,96.14443898865846,255.75199999999998,96.14443898865846
22,75,127.87599999999999,103.33471881595452,255.75199999999998,103.33471881595453
22,76,127.87599999999999,61.23610122182681,255.75199999999998,255.75199999999998
22,77,127.87599999999999,87.61748711166294,255.75199999999998,87.61748711166294
22,78,127.87599999999999,61.84890024175051,255.75199999999998,255.75199999999998
22,79,127.87599999999999,118.77825153982187,255.75199999999998,118.77825153982187
22,80,127.87599999999999,116.2803681824488,255.75199999999998,116.2803681824488
22,81,127.87599999999999,106.72521674325924,255.75199999999998,106.72521674325924
22,82,127.87599999999999,103.22505663312187,255.75199999999998,103.22505663312187
22,83,127.87599999999999,86.96584375311838,255.75199999999998,86.96584375311838
22,84,127.87599999999999,97.78823598114319,255.75199999999998,97.78823598114319
22,85,127.87599999999999,102.46393371312737,255.75199999999998,102.46393371312739
22,86,127.87599999999999,62.84890810833769,255.75199999999998,255.75199999999998
22,87,127.87599999999999,119.00951922021275,255.75199999999998,119.00951922021275
22,88,127.87599999999999,111.84109302691476,255.75199999999998,111.84109302691476
22,89,127.87599999999999,63.57315125187943,255.75199999999998,255.75199999999998
22,90,127.87599999999999,95.19989263525774,255.75199999999998,95.19989263525774
22,91,127.87599999999999,99.4124338992378,255.75199999999998,99.4124338992378
22,92,127.87599999999999,66.14052072249609,255.75199999999998,255.75199999999998
22,93,127.87599999999999,68.91161694356526,255.75199999999998,145.68526631211475
22,94,127.87599999999999,114.71029534352165,255.75199999999998,114.71029534352166
22,95,127.87599999999999,84.59356676650074,255.75199999999998,84.59356676650074
22,96,127.87599999999999,90.41064540898815,255.75199999999998,90.41064540898815
22,97,127.87599999999999,101.45095554128993,255.75199999999998,101.45095554128993
22,98,127.87599999999999,102.42599944615105,255.75199999999998,102.42599944615105
22,99,127.87599999999999,78.51488857765749,255.75199999999998,78.51488857765749
23,0,121.226,68.22258810213864,242.452,68.22258810213864
23,1,121.226,64.22582532939484,242.452,64.22582532939484
23,2,121.226,59.526141300709895,242.452,242.45200000000003
23,3,121.226,92.86281425385519,242.452,92.86281425385519
23,4,121.226,74.16724608951725,242.452,74.16724608951725
23,5,121.226,84.92621736985159,242.452,84.92621736985159
23,6,121.226,87.11084019054476,242.452,87.11084019054476
23,7,121.226,81.72126862212984,242.452,81.72126862212984
23,8,121.226,96.436932827695,242.452,96.43693282769502
23,9,121.226,78.65876383776703,242.452,78.65876383776703
23,10,121.226,76.6520652438127,242.452,76.6520652438127
23,11,121.226,71.02639400033472,242.452,71.02639400033472
23,12,121.226,54.61024105429383,242.452,242.45200000000003
23,13,121.226,90.3862115180018,242.452,90.3862115180018
23,14,121.226,83.8008009103679,242.452,83.8008009103679
23,15,121.226,52.54367307877162,242.452,242.45200000000003
23,16,121.226,83.90910557449041,242.452,83.90910557449041
23,17,121.226,52.417913251311774,242.452,242.45200000000003
23,18,121.226,60.28406546931878,242.452,60.28406546931878
23,19,121.226,67.80929209363188,242.452,67.80929209363188
23,20,121.226,59.45786161072896,242.452,242.45200000000003
23,21,121.226,60.530868137671256,242.452,60.530868137671256
23,22,121.226,82.07157366289462,242.452,82.07157366289462
23,23,121.226,96.630473768327,242.452,96.630473768327
23,24,121.226,86.81870672246784,242.452,86.81870672246784
23,25,121.226,54.1137367112125,242.452,242.45200000000003
23,26,121.226,72.25917715824578,242.452,72.25917715824578
23,27,121.226,50.197674990095464,242.452,242.45200000000003
23,28,121.226,93.65697497196707,242.452,93.65697497196707
23,29,121.226,60.129449596877095,242.452,203.25149011464885
23,30,121.226,70.05329173688747,242.452,70.05329173688747
23,31,121.226,52.67837204281205,242.452,242.45200000000003
23,32,121.226,54.45865981108182,242.452,242.45200000000003
23,33,121.226,73.01962741220652,242.452,73.01962741220652
23,34,121.226,57.09921769251226,242.452,242.45200000000003
23,35,121.226,93.3187989201001,242.452,93.3187989201001
23,36,121.226,61.759300281031884,242.452,61.759300281031884
23,37,121.226,83.42635917577408,242.452,83.42635917577408
23,38,121.226,67.67436939366041,242.452,67.67436939366041
23,39,121.226,68.25112949003447,242.452,68.25112949003447
23,40,121.226,51.55461016995297,242.452,242.45200000000003
23,41,121.226,82.37804466221989,242.452,82.37804466221989
23,42,121.226,78.18333521302496,242.452,78.18333521302496
23,43,121.226,54.22151520084439,242.452,242.45200000000003
23,44,121.226,81.6285506390706,242.452,81.6285506390706
23,45,121.226,77.24097342272216,242.452,77.24097342272216
23,46,121.226,66.22410961448232,242.452,66.22410961448232
23,47,121.226,87.60699803993023,242.452,87.60699803993023
23,48,121.226,67.47658122631277,242.452,67.47658122631277
23,49,121.226,85.36594837333021,242.452,85.36594837333021
23,50,121.226,57.22590702577765,242.452,242.45200000000003
23,51,121.226,50.973353113495634,242.452,242.45200000000003
23,52,121.226,92.23048381149415,242.452,92.23048381149415
23,53,121.226,83.68847471636961,242.452,83.68847471636961
23,54,121.226,74.90714357842461,242.452,74.90714357842461
23,55,121.226,58.67395115117988,242.452,242.45200000000003
23,56,121.226,51.44489213751894,242.452,242.45200000000003
23,57,121.226,90.76385485913337,242.452,90.76385485913337
23,58,121.226,51.986557442361864,242.452,242.45200000000239
23,59,121.226,50.74299100750876,242.452,242.45200000000003
23,60,121.226,81.39171076206445,242.452,81.39171076206445
23,61,121.226,73.90970201646012,242.452,73.90970201646012
23,62,121.226,47.95395309647179,242.452,242.45200000000003
23,63,121.226,54.94334048798865,242.452,242.45200000000003
23,64,121.226,89.47961262351731,242.452,89.47961262351731
23,65,121.226,60.83631127887672,242.452,60.83631127887672
23,66,121.226,84.70078080478102,242.452,84.70078080478102
23,67,121.226,50.61299317734986,242.452,242.45200000000003
23,68,121.226,85.40496800531547,242.452,85.40496800531547
23,69,121.226,62.33242418437807,242.452,62.33242418437806
23,70,121.226,82.0358820988894,242.452,82.0358820988894
23,71,121.226,82.44863169713307,242.452,82.44863169713307
23,72,121.226,69.65440537757323,242.452,69.65440537757323
23,73,121.226,69.97851519393272,242.452,69.97851519393272
23,74,121.226,92.23255978390313,242.452,92.23255978390313
23,75,121.226,72.34287267165865,242.452,72.34287267165865
23,76,121.226,66.98323261805652,242.452,66.98323261805652
23,77,121.226,94.08776937998756,242.452,94.08776937998756
23,78,121.226,84.04429790279164,242.452,84.04429790279164
23,79,121.226,69.25235475096862,242.452,69.25235475096862
23,80,121.226,67.3247643991155,242.452,67.3247643991155
23,81,121.226,85.67376831162044,242.452,85.67376831162044
23,82,121.226,52.41954966378018,242.452,242.45200000000003
23,83,121.226,59.011189486408725,242.452,242.45199999999997
23,84,121.226,76.05498859143705,242.452,76.05498859143705
23,85,121.226,80.89125755995128,242.452,80.89125755995128
23,86,121.226,64.0307751750078,242.452,64.0307751750078
23,87,121.226,85.80194163615344,242.452,85.80194163615344
23,88,121.226,64.6486192430795,242.452,64.6486192430795
23,89,121.226,97.11557967527938,242.452,97.11557967527938
23,90,121.226,96.61121221896003,242.452,96.61121221896003
23,91,121.226,82.01817112207982,242.452,82.01817112207982
23,92,121.226,98.76674609166612,242.452,98.76674609166612
23,93,121.226,92.1376346231933,242.452,92.1376346231933
23,94,121.226,54.1264374033366,242.452,242.45200000000003
23,95,121.226,72.27004837804006,242.452,72.27004837804006
23,96,121.226,64.30638748127677,242.452,64.30638748127677
23,97,121.226,85.02921978077175,242.452,85.02921978077175
23,98,121.226,84.88578402679252,242.452,84.88578402679252
23,99,121.226,48.17458859001117,242.452,242.45200000000003
