t,s,P_DA,P_RT,P_PN,P_IN
0,0,106.722,82.21409733691692,213.444,213.44400000000002
0,1,106.722,56.89759800878734,213.444,213.44400000000002
0,2,106.722,78.98088209893237,213.444,213.44400000000002
0,3,106.722,43.79506380279336,213.444,213.44400000000002
0,4,106.722,46.77230784355286,213.444,213.44400000000002
0,5,106.722,68.77191079531278,213.444,213.44400000000002
0,6,106.722,65.8274070324791,213.444,213.44400000000002
0,7,106.722,60.81674311871775,213.444,213.44400000000002
0,8,106.722,57.052329893254054,213.444,213.44400000000002
0,9,106.722,70.0117074971451,213.444,213.44400000000002
0,10,106.722,61.68942325346288,213.444,213.44400000000002
0,11,106.722,75.12856724057671,213.444,213.44400000000002
0,12,106.722,65.29564937736578,213.444,213.44400000000002
0,13,106.722,68.04098516599268,213.444,213.44400000000002
0,14,106.722,71.04244260613912,213.444,213.44400000000002
0,15,106.722,86.6088291080797,213.444,213.44400000000002
0,16,106.722,78.91900250047631,213.444,213.44400000000002
0,17,106.722,60.56368237948525,213.444,213.44400000000002
0,18,106.722,81.46516055826581,213.444,213.44400000000002
0,19,106.722,79.09509287404582,213.444,213.44400000000002
0,20,106.722,44.37182004992438,213.444,213.44400000000002
0,21,106.722,74.35018422658548,213.444,213.44400000000002
0,22,106.722,78.12063438158144,213.444,213.44400000000002
0,23,106.722,75.15224332838184,213.444,213.44400000000002
0,24,106.722,73.92113438360576,213.444,213.44400000000002
0,25,106.722,66.32930840318046,213.444,213.44400000000002
0,26,106.722,47.547198360877154,213.444,213.44400000000002
0,27,106.722,85.13839964079101,213.444,213.44400000000002
0,28,106.722,60.11481057571337,213.444,213.44400000000002
0,29,106.722,51.70554121207533,213.444,213.44400000000002
0,30,106.722,74.28873505642859,213.444,213.44400000000002
0,31,106.722,86.78861762554627,213.444,213.44400000000002
0,32,106.722,53.450671290274556,213.444,213.44400000000002
0,33,106.722,72.21394546863037,213.444,213.44400000000002
0,34,106.722,68.95037597873824,213.444,213.44400000000002
0,35,106.722,74.29127623333501,213.444,213.44400000000002
0,36,106.722,84.22221804907743,213.444,213.44400000000002
0,37,106.722,57.79266458486642,213.444,213.44400000000002
0,38,106.722,53.3613017678816,213.444,213.44400000000002
0,39,106.722,60.079432599816606,213.444,213.44400000000002
0,40,106.722,75.60831166548,213.444,213.44400000000002
0,41,106.722,74.59542889899734,213.444,213.44400000000002
0,42,106.722,60.24351882974876,213.444,213.44400000000002
0,43,106.722,86.57071431795664,213.444,213.44400000000002
0,44,106.722,62.24722068878539,213.444,213.44400000000002
0,45,106.722,58.78562004448256,213.444,213.44400000000002
0,46,106.722,73.94356098347514,213.444,213.44400000000002
0,47,106.722,45.63493806379623,213.444,213.44400000000002
0,48,106.722,59.894389080455575,213.444,213.44400000000002
0,49,106.722,76.70831347477464,213.444,213.44400000000002
0,50,106.722,76.43162396925933,213.444,213.44400000000002
0,51,106.722,54.72558283098098,213.444,213.44400000000002
0,52,106.722,50.46838042691636,213.444,213.44400000000002
0,53,106.722,63.183891045332125,213.444,213.44400000000002
0,54,106.722,57.02516618502604,213.444,213.44400000000002
0,55,106.722,75.07679218618335,213.444,213.44400000000002
0,56,106.722,50.44874242059837,213.444,213.44400000000002
0,57,106.722,56.8580700631477,213.444,213.44400000000002
0,58,106.722,80.01900317131606,213.444,213.44400000000002
0,59,106.722,69.6733871467502,213.444,213.44400000000002
0,60,106.722,81.87123286434264,213.444,213.44400000000002
0,61,106.722,85.99174880160447,213.444,213.44400000000002
0,62,106.722,79.68860753563557,213.444,213.44400000000002
0,63,106.722,50.07489505722767,213.444,213.44400000000002
0,64,106.722,69.82624269015388,213.444,213.44400000000002
0,65,106.722,63.40316283669843,213.444,213.44400000000002
0,66,106.722,60.15545001093637,213.444,213.44400000000002
0,67,106.722,75.3994610728756,213.444,213.44400000000002
0,68,106.722,79.19321440655938,213.444,213.44400000000002
0,69,106.722,72.75199741486149,213.444,213.44400000000002
0,70,106.722,48.19931317024645,213.444,213.44400000000002
0,71,106.722,73.63646867925804,213.444,213.44400000000002
0,72,106.722,44.5687432920841,213.444,213.44400000000002
0,73,106.722,50.60935635426677,213.444,213.44400000000002
0,74,106.722,83.65548730676463,213.444,213.44400000000002
0,75,106.722,60.198140779765986,213.444,213.44400000000002
0,76,106.722,48.60644631404975,213.444,213.44400000000002
0,77,106.722,72.70944670088413,213.444,213.44400000000002
0,78,106.722,49.29240431932034,213.444,213.44400000000002
0,79,106.722,71.17199256949918,213.444,213.44400000000002
0,80,106.722,53.270126935219956,213.444,213.44400000000002
0,81,106.722,43.78056918494968,213.444,213.44400000000002
0,82,106.722,85.18693575835445,213.444,213.44400000000002
0,83,106.722,44.90199893635901,213.444,213.44400000000002
0,84,106.722,65.06562063628485,213.444,213.44400000000002
0,85,106.722,57.31813049147751,213.444,213.44400000000002
0,86,106.722,71.70391395418338,213.444,213.44400000000002
0,87,106.722,80.02798167147981,213.444,213.44400000000002
0,88,106.722,69.16977122136224,213.444,213.44400000000002
0,89,106.722,68.41810953985569,213.444,213.44400000000002
0,90,106.722,47.195529127468326,213.444,213.44400000000002
0,91,106.722,73.98065144090644,213.444,213.44400000000002
0,92,106.722,51.14458202191406,213.444,213.44400000000002
0,93,106.722,64.0467688048479,213.444,213.44400000000002
0,94,106.722,43.565402054331024,213.444,213.44400000000002
0,95,106.722,56.14939545316387,213.444,213.44400000000002
0,96,106.722,80.8676698721974,213.444,213.44400000000002
0,97,106.722,67.12055070575495,213.444,213.44400000000002
0,98,106.722,66.58979320908992,213.444,213.44400000000002
0,99,106.722,58.515529924513565,213.444,213.44400000000002
1,0,93.12799999999999,111.15170120815203,222.30340241630407,111.15170120815203
1,1,93.12799999999999,76.23781769779337,186.25599999999997,76.23781769779337
1,2,93.12799999999999,66.70322602250208,186.25599999999997,186.25599999999997
1,3,93.12799999999999,94.36085589023205,188.7217117804641,94.36085589023205
1,4,93.12799999999999,75.66764497659162,186.25599999999997,186.25599999999997
1,5,93.12799999999999,107.79058141237135,215.5811628247427,215.58116282474268
1,6,93.12799999999999,70.10396972354916,186.25599999999997,186.25599999999997
1,7,93.12799999999999,108.31078753743748,216.62157507487495,216.62157507487495
1,8,93.12799999999999,97.22171464039882,194.44342928079763,97.22171464039882
1,9,93.12799999999999,61.394106320559054,186.25599999999997,186.25599999999997
1,10,93.12799999999999,94.26557159259845,188.5311431851969,188.5311431851969
1,11,93.12799999999999,101.02698218654172,202.05396437308343,202.05396437308343
1,12,93.12799999999999,118.12654843757957,236.25309687515914,236.25309687515914
1,13,93.12799999999999,108.48473412732199,216.96946825464397,108.48473412732199
1,14,93.12799999999999,106.23380822263788,212.46761644527575,106.23380822263788
1,15,93.12799999999999,90.2019807715753,186.25599999999997,90.2019807715753
1,16,93.12799999999999,61.456342273152316,186.25599999999997,186.25599999999997
1,17,93.12799999999999,110.43741166368653,220.87482332737306,110.43741166368652
1,18,93.12799999999999,59.614572971077486,186.25599999999997,59.614572971077486
1,19,93.12799999999999,93.55477733113756,187.10955466227512,187.10955466227512
1,20,93.12799999999999,94.61493674385008,189.22987348770016,189.22987348770016
1,21,93.12799999999999,65.89714030722376,186.25599999999997,186.25599999999997
1,22,93.12799999999999,62.72454967517519,186.25599999999997,186.25599999999997
1,23,93.12799999999999,95.11652259068498,190.23304518136996,190.23304518136996
1,24,93.12799999999999,89.47019516567995,186.25599999999997,186.25599999999997
1,25,93.12799999999999,77.824150358506,186.25599999999997,186.25599999999997
1,26,93.12799999999999,61.27051597729772,186.25599999999997,186.25599999999997
1,27,93.12799999999999,98.86032123156153,197.72064246312306,98.86032123156153
1,28,93.12799999999999,66.61953877603624,186.25599999999997,186.25599999999997
1,29,93.12799999999999,59.48689641642183,186.25599999999997,59.48689641642183
1,30,93.12799999999999,76.25781982743948,186.25599999999997,186.25599999999997
1,31,93.12799999999999,77.8319608414092,186.25599999999997,77.8319608414092
1,32,93.12799999999999,70.16162860905104,186.25599999999997,70.16162860905104
1,33,93.12799999999999,62.99040110866202,186.25599999999997,186.25599999999997
1,34,93.12799999999999,108.05626213607022,216.11252427214043,108.05626213607023
1,35,93.12799999999999,84.10872888994547,186.25599999999997,84.10872888994547
1,36,93.12799999999999,74.3057687004523,186.25599999999997,186.25599999999997
1,37,93.12799999999999,91.89268529859635,186.25599999999997,186.25599999999997
1,38,93.12799999999999,74.88602625258294,186.25599999999997,74.88602625258294
1,39,93.12799999999999,112.65452362386117,225.30904724772233,225.30904724772233
1,40,93.12799999999999,89.34480982150265,186.25599999999997,186.25599999999997
1,41,93.12799999999999,98.18051513685319,196.36103027370638,98.18051513685319
1,42,93.12799999999999,120.32081495729237,240.64162991458474,240.64162991458474
1,43,93.12799999999999,81.19815711774395,186.25599999999997,186.25599999999997
1,44,93.12799999999999,72.96634999698391,186.25599999999997,72.96634999698391
1,45,93.12799999999999,120.67775133816951,241.35550267633903,241.35550267633903
1,46,93.12799999999999,95.89794419413488,191.79588838826976,191.79588838826976
1,47,93.12799999999999,120.86551625677059,241.73103251354118,120.8655162567706
1,48,93.12799999999999,120.04201166229024,240.08402332458047,240.0840233245805
1,49,93.12799999999999,103.3659076495351,206.7318152990702,206.7318152990702
1,50,93.12799999999999,59.97915033441713,186.25599999999997,186.25599999999997
1,51,93.12799999999999,97.52757582998466,195.0551516599693,195.0551516599693
1,52,93.12799999999999,74.54267917205912,186.25599999999997,186.25599999999997
1,53,93.12799999999999,66.9422274979482,186.25599999999997,186.25599999999997
1,54,93.12799999999999,81.92664595615578,186.25599999999997,186.25599999999997
1,55,93.12799999999999,71.41288768415836,186.25599999999997,186.25599999999997
1,56,93.12799999999999,107.24938343465847,214.49876686931694,214.49876686931694
1,57,93.12799999999999,117.86008210569152,235.72016421138304,235.72016421138304
1,58,93.12799999999999,60.423103958556624,186.25599999999997,2978.2208626765128
1,59,93.12799999999999,74.95422780032726,186.25599999999997,186.25599999999997
1,60,93.12799999999999,75.59545414409631,186.25599999999997,75.59545414409631
1,61,93.12799999999999,67.75793051082341,186.25599999999997,67.75793051082341
1,62,93.12799999999999,118.95583582338614,237.91167164677228,237.91167164677228
1,63,93.12799999999999,74.4194748928436,186.25599999999997,186.25599999999997
1,64,93.12799999999999,81.28918245044905,186.25599999999997,186.25599999999997
1,65,93.12799999999999,61.84904540866779,186.25599999999997,61.84904540866779
1,66,93.12799999999999,73.81957525739618,186.25599999999997,186.25599999999997
1,67,93.12799999999999,114.61065936253492,229.22131872506984,229.22131872506984
1,68,93.12799999999999,119.77417722369404,239.54835444738808,239.54835444738808
1,69,93.12799999999999,100.26076391594468,200.52152783188936,100.26076391594468
1,70,93.12799999999999,77.53556737997265,186.25599999999997,77.53556737997265
1,71,93.12799999999999,62.50687709311945,186.25599999999997,186.25599999999997
1,72,93.12799999999999,113.44719670320863,226.89439340641727,113.44719670320865
1,73,93.12799999999999,68.56864629017728,186.25599999999997,68.56864629017728
1,74,93.12799999999999,75.80741818009287,186.25599999999997,186.25599999999997
1,75,93.12799999999999,93.4385760883539,186.8771521767078,186.8771521767078
1,76,93.12799999999999,74.7146696150696,186.25599999999997,186.25599999999997
1,77,93.12799999999999,112.19704326284533,224.39408652569065,224.39408652569062
1,78,93.12799999999999,90.52871147705372,186.25599999999997,186.25599999999997
1,79,93.12799999999999,89.4198387175216,186.25599999999997,186.25599999999997
1,80,93.12799999999999,116.03009552375413,232.06019104750825,232.06019104750828
1,81,93.12799999999999,116.66343273127325,233.3268654625465,233.3268654625465
1,82,93.12799999999999,74.04083950372691,186.25599999999997,186.25599999999997
1,83,93.12799999999999,59.939990233819636,186.25599999999997,59.93999023381964
1,84,93.12799999999999,101.16314108494164,202.32628216988329,101.16314108494164
1,85,93.12799999999999,75.87165940400291,186.25599999999997,186.25599999999997
1,86,93.12799999999999,59.65776923042935,186.25599999999997,186.25599999999997
1,87,93.12799999999999,64.89820555135437,186.25599999999997,64.89820555135437
1,88,93.12799999999999,85.25327072584066,186.25599999999997,85.25327072584066
1,89,93.12799999999999,66.37989884842568,186.25599999999997,186.25599999999997
1,90,93.12799999999999,71.85550648143148,186.25599999999997,186.25599999999997
1,91,93.12799999999999,105.89372085983847,211.78744171967693,211.7874417196769
1,92,93.12799999999999,87.58486228378545,186.25599999999997,186.25599999999997
1,93,93.12799999999999,65.93455302821845,186.25599999999997,186.25599999999997
1,94,93.12799999999999,72.37653035867001,186.25599999999997,186.25599999999997
1,95,93.12799999999999,117.61092260624514,235.22184521249028,235.2218452124903
1,96,93.12799999999999,59.25208792029197,186.25599999999997,186.25599999999997
1,97,93.12799999999999,99.365086452549,198.730172905098,198.73017290509802
1,98,93.12799999999999,99.54165887753736,199.08331775507472,99.54165887753736
1,99,93.12799999999999,101.79343044057231,203.58686088114462,234.1459792473938
2,0,86.03,79.4871461696908,172.06,172.06
2,1,86.03,90.37442892098927,180.74885784197855,90.37442892098927
2,2,86.03,92.3431879456506,184.6863758913012,184.6863758913012
2,3,86.03,83.11013601681495,172.06,172.06
2,4,86.03,58.46358208834,172.06,172.06
2,5,86.03,87.3011801157576,174.6023602315152,87.3011801157576
2,6,86.03,64.00667079725633,172.06,172.06
2,7,86.03,93.3787336868818,186.7574673737636,93.3787336868818
2,8,86.03,79.06582860964264,172.06,172.06
2,9,86.03,53.4849946192945,172.06,172.06
2,10,86.03,97.04391553931455,194.0878310786291,194.0878310786291
2,11,86.03,73.38353139091566,172.06,73.38353139091566
2,12,86.03,98.7295145177935,197.459029035587,197.459029035587
2,13,86.03,51.12287530140173,172.06,172.06
2,14,86.03,54.6554862999846,172.06,172.06
2,15,86.03,88.85463220618459,177.70926441236918,177.70926441236918
2,16,86.03,51.19068130783661,172.06,172.06
2,17,86.03,72.80888493688907,172.06,172.06
2,18,86.03,92.03924839124774,184.07849678249548,184.07849678249548
2,19,86.03,71.10145012910466,172.06,172.06
2,20,86.03,59.0079860085377,172.06,172.06
2,21,86.03,93.48076348582102,186.96152697164203,186.96152697164203
2,22,86.03,54.64447893609445,172.06,172.06
2,23,86.03,64.18110496467487,172.06,172.06
2,24,86.03,60.432878684795874,172.06,172.06
2,25,86.03,73.47908701225823,172.06,73.47908701225823
2,26,86.03,65.84667256464702,172.06,172.06
2,27,86.03,96.9458958121023,193.8917916242046,193.89179162420461
2,28,86.03,90.43241517835548,180.86483035671097,180.86483035671097
2,29,86.03,86.21852688456433,172.43705376912865,86.21852688456433
2,30,86.03,56.36730319743853,172.06,172.06
2,31,86.03,81.26329188469722,172.06,172.06
2,32,86.03,93.90725752386417,187.81451504772835,93.90725752386417
2,33,86.03,97.72003673127168,195.44007346254335,97.72003673127168
2,34,86.03,83.92157267112175,172.06,83.92157267112175
2,35,86.03,62.6491488903867,172.06,172.06
2,36,86.03,63.58925209798478,172.06,172.06
2,37,86.03,82.51129683736568,172.06,172.06
2,38,86.03,87.20269223894272,174.40538447788543,174.40538447788543
2,39,86.03,65.10793845103197,172.06,172.06
2,40,86.03,84.7525681660717,172.06,172.06
2,41,86.03,75.70672765092013,172.06,172.06
2,42,86.03,92.74088462435888,185.48176924871777,185.48176924871777
2,43,86.03,85.03404051012464,172.06,85.03404051012464
2,44,86.03,96.99902216562715,193.9980443312543,96.99902216562715
2,45,86.03,55.314113027887835,172.06,55.314113027887835
2,46,86.03,93.28675978568732,186.57351957137465,93.28675978568732
2,47,86.03,99.01260554857019,198.02521109714039,198.02521109714039
2,48,86.03,79.24803279464905,172.06,172.06
2,49,86.03,49.20537890721564,172.06,172.06
2,50,86.03,50.75464608945371,172.06,172.06
2,51,86.03,70.74631853985372,172.06,70.74631853985372
2,52,86.03,73.1630863124328,172.06,172.06
2,53,86.03,74.18519013410592,172.06,172.06
2,54,86.03,84.93500872585372,172.06,172.06
2,55,86.03,88.81094305579118,177.62188611158237,177.62188611158237
2,56,86.03,92.28713782387034,184.57427564774068,92.28713782387034
2,57,86.03,67.25621886674844,172.06,172.06
2,58,86.03,81.42835040216525,172.06,81.42835040216525
2,59,86.03,69.71239245276098,172.06,172.06
2,60,86.03,87.2522578427305,174.504515685461,174.504515685461
2,61,86.03,78.71266049029899,172.06,172.06
2,62,86.03,80.36420042432468,172.06,172.06
2,63,86.03,69.44172126833836,172.06,172.06
2,64,86.03,82.45761048480867,172.06,172.06
2,65,86.03,94.7670281116624,189.5340562233248,189.5340562233248
2,66,86.03,83.36675917012985,172.06,172.06
2,67,86.03,55.77067512971635,172.06,172.06
2,68,86.03,53.66808887848642,172.06,1923.2647905099243
2,69,86.03,84.72639065564603,172.06,172.06
2,70,86.03,67.74604524487275,172.06,172.06
2,71,86.03,65.59007051288587,172.06,172.06
2,72,86.03,95.94141393636575,191.8828278727315,191.8828278727315
2,73,86.03,94.56249208546501,189.12498417093002,189.12498417093002
2,74,86.03,91.48935697659142,182.97871395318285,182.97871395318285
2,75,86.03,67.8372672253936,172.06,172.06
2,76,86.03,82.791070070253,172.06,172.06
2,77,86.03,80.57806946660463,172.06,80.57806946660463
2,78,86.03,61.4127256874927,172.06,61.41272568749271
2,79,86.03,80.09608552317141,172.06,172.06
2,80,86.03,101.58371014518497,203.16742029036993,203.16742029036993
2,81,86.03,51.755003435179034,172.06,172.06
2,82,86.03,61.51707902965744,172.06,172.06
2,83,86.03,66.44788764021972,172.06,172.06
2,84,86.03,91.2399247948266,182.4798495896532,182.4798495896532
2,85,86.03,72.39298025132267,172.06,172.06
2,86,86.03,52.29568203755734,172.06,172.06
2,87,86.03,65.776318439499,172.06,172.06
2,88,86.03,92.80068461395628,185.60136922791256,92.80068461395628
2,89,86.03,87.94343156895026,175.88686313790052,87.94343156895026
2,90,86.03,63.69662051327225,172.06,172.06
2,91,86.03,87.42394868848098,174.84789737696195,87.42394868848098
2,92,86.03,65.85210912166869,172.06,172.06
2,93,86.03,57.03401628321237,172.06,172.06
2,94,86.03,100.9438858752639,201.8877717505278,100.9438858752639
2,95,86.03,62.78897968142934,172.06,62.78897968142934
2,96,86.03,81.09478604308504,172.06,81.09478604308504
2,97,86.03,97.39382386695989,194.78764773391978,97.39382386695989
2,98,86.03,82.90761108233478,172.06,172.06
2,99,86.03,71.50142688814641,172.06,172.06
3,0,82.964,63.758663228382915,165.928,165.928
3,1,82.964,47.00805856223067,165.928,165.928
3,2,82.964,48.56332724396067,165.928,165.928
3,3,82.964,66.32983380574468,165.928,165.928
3,4,82.964,89.01149691225763,178.02299382451525,178.02299382451525
3,5,82.964,55.87909259421549,165.928,165.928
3,6,82.964,86.44053771669361,172.88107543338722,172.88107543338722
3,7,82.964,83.42848067421623,166.85696134843246,166.85696134843246
3,8,82.964,53.031353598467504,165.928,165.928
3,9,82.964,59.678680009986365,165.928,165.928
3,10,82.964,65.258206892942,165.928,165.928
3,11,82.964,85.97955758163732,171.95911516327465,171.95911516327465
3,12,82.964,75.15338213409684,165.928,165.928
3,13,82.964,84.32139457981697,168.64278915963394,168.64278915963394
3,14,82.964,68.55989825003294,165.928,165.928
3,15,82.964,72.66729986909357,165.928,165.928
3,16,82.964,66.48525222356123,165.928,165.928
3,17,82.964,57.076669412088926,165.928,165.928
3,18,82.964,74.39261317905228,165.928,165.928
3,19,82.964,72.32858323561048,165.928,165.928
3,20,82.964,86.3710003417254,172.7420006834508,172.7420006834508
3,21,82.964,89.12005048023141,178.24010096046283,178.24010096046283
3,22,82.964,72.26773496264532,165.928,165.928
3,23,82.964,78.03532363719233,165.928,165.928
3,24,82.964,63.517284285147625,165.928,165.928
3,25,82.964,77.18690353800591,165.928,165.928
3,26,82.964,92.66126591143536,185.32253182287073,185.32253182287073
3,27,82.964,89.88016115814816,179.7603223162963,179.7603223162963
3,28,82.964,51.44833848615932,165.928,8557.50165587561
3,29,82.964,89.77369234685719,179.54738469371438,179.54738469371438
3,30,82.964,46.51517133431159,165.928,165.928
3,31,82.964,45.86724333919702,165.928,165.928
3,32,82.964,53.2066341987186,165.928,165.928
3,33,82.964,59.32619378808276,165.928,165.928
3,34,82.964,92.01372959534058,184.02745919068116,184.02745919068116
3,35,82.964,90.02824506450665,180.0564901290133,180.0564901290133
3,36,82.964,81.39559787577848,165.928,165.928
3,37,82.964,74.62121233374573,165.928,165.928
3,38,82.964,91.25082506161985,182.5016501232397,182.5016501232397
3,39,82.964,72.21310422142345,165.928,165.928
3,40,82.964,54.910060048699734,165.928,165.928
3,41,82.964,51.07403044121848,165.928,165.928
3,42,82.964,81.38616510846303,165.928,165.928
3,43,82.964,70.01543580504305,165.928,165.928
3,44,82.964,83.96554333300448,167.93108666600895,167.93108666600895
3,45,82.964,82.83330676707605,165.928,165.928
3,46,82.964,76.88567731720433,165.928,165.928
3,47,82.964,82.01129046830245,165.928,165.928
3,48,82.964,77.74977162597153,165.928,165.928
3,49,82.964,65.27588098473603,165.928,165.928
3,50,82.964,84.57872430572702,169.15744861145404,169.15744861145404
3,51,82.964,88.70230504189641,177.40461008379282,177.40461008379282
3,52,82.964,82.0441662271374,165.928,165.928
3,53,82.964,48.78469352071608,165.928,165.928
3,54,82.964,90.32727752319362,180.65455504638723,180.65455504638723
3,55,82.964,67.60161494157674,165.928,165.928
3,56,82.964,87.24034188914068,174.48068377828136,174.48068377828136
3,57,82.964,48.74168589483536,165.928,165.928
3,58,82.964,89.77675847889637,179.55351695779274,179.55351695779274
3,59,82.964,59.797920181920134,165.928,165.928
3,60,82.964,64.90544527750268,165.928,165.928
3,61,82.964,77.61481079686311,165.928,165.928
3,62,82.964,49.02344641955167,165.928,165.928
3,63,82.964,54.65976952130487,165.928,165.928
3,64,82.964,72.69376799846125,165.928,165.928
3,65,82.964,63.18328280721851,165.928,165.928
3,66,82.964,49.77295995969664,165.928,165.928
3,67,82.964,45.14108160218503,165.928,165.928
3,68,82.964,87.75250241031947,175.50500482063893,175.50500482063893
3,69,82.964,76.78220332580378,165.928,165.928
3,70,82.964,60.23433837247772,165.928,165.928
3,71,82.964,87.26807122128837,174.53614244257673,174.53614244257673
3,72,82.964,91.17093238523888,182.34186477047777,182.34186477047777
3,73,82.964,48.577491566455976,165.928,165.928
3,74,82.964,57.182884962752226,165.928,165.928
3,75,82.964,70.12860615060012,165.928,165.928
3,76,82.964,88.93112955468652,177.86225910937304,177.86225910937304
3,77,82.964,55.86403625596447,165.928,165.928
3,78,82.964,89.6381946034496,179.2763892068992,179.2763892068992
3,79,82.964,87.99237953598434,175.98475907196868,175.98475907196868
3,80,82.964,60.92081007386987,165.928,165.928
3,81,82.964,55.4879211680225,165.928,165.928
3,82,82.964,53.47389469281764,165.928,165.928
3,83,82.964,47.30001502969348,165.928,165.928
3,84,82.964,90.63508352704758,181.27016705409517,181.27016705409517
3,85,82.964,51.71643858072186,165.928,165.928
3,86,82.964,90.71651833791043,181.43303667582086,181.43303667582086
3,87,82.964,60.965123717413285,165.928,165.928
3,88,82.964,47.50846846572128,165.928,165.928
3,89,82.964,84.05387420561703,168.10774841123407,168.10774841123407
3,90,82.964,83.29264763023622,166.58529526047244,166.58529526047244
3,91,82.964,66.93789551193703,165.928,165.928
3,92,82.964,81.79951844371357,165.928,165.928
3,93,82.964,80.6676730517774,165.928,165.928
3,94,82.964,66.33039488023323,165.928,165.928
3,95,82.964,58.283746458381636,165.928,165.928
3,96,82.964,51.50856975144105,165.928,165.928
3,97,82.964,88.42307541024901,176.84615082049802,176.84615082049802
3,98,82.964,48.46037102653768,165.928,165.928
3,99,82.964,79.55395917007276,165.928,165.928
4,0,82.726,51.62912074995287,165.452,51.629120749952875
4,1,82.726,82.01761587516184,165.452,165.452
4,2,82.726,50.73693438006163,165.452,165.452
4,3,82.726,53.351621850013714,165.452,165.452
4,4,82.726,72.03239232276367,165.452,165.452
4,5,82.726,51.79718297689918,165.452,165.452
4,6,82.726,49.28282802387539,165.452,165.452
4,7,82.726,80.46101975483724,165.452,165.452
4,8,82.726,93.57320036913637,187.14640073827275,187.14640073827275
4,9,82.726,72.43719438333903,165.452,165.452
4,10,82.726,90.62227030042628,181.24454060085256,181.24454060085256
4,11,82.726,84.02027673871628,168.04055347743255,168.04055347743255
4,12,82.726,95.51550788426319,191.03101576852637,191.03101576852637
4,13,82.726,97.63586716367082,195.27173432734165,195.27173432734168
4,14,82.726,77.82067580912899,165.452,165.452
4,15,82.726,96.1848448457993,192.3696896915986,192.3696896915986
4,16,82.726,83.8334019158112,167.6668038316224,167.6668038316224
4,17,82.726,71.48498842697987,165.452,165.452
4,18,82.726,94.59173525155893,189.18347050311786,189.18347050311786
4,19,82.726,77.38138500204005,165.452,165.452
4,20,82.726,59.91628608130772,165.452,165.452
4,21,82.726,67.62798779089584,165.452,165.452
4,22,82.726,69.30140317218047,165.452,165.452
4,23,82.726,56.06103263016024,165.452,56.06103263016025
4,24,82.726,48.92607083246742,165.452,165.452
4,25,82.726,50.34277135371454,165.452,165.452
4,26,82.726,82.44917400583698,165.452,165.452
4,27,82.726,60.66928554827274,165.452,165.452
4,28,82.726,55.4450497680738,165.452,165.452
4,29,82.726,57.78101468054282,165.452,165.452
4,30,82.726,89.62805911327408,179.25611822654815,179.25611822654815
4,31,82.726,93.39809649990548,186.79619299981096,93.39809649990548
4,32,82.726,70.95370171396718,165.452,70.95370171396718
4,33,82.726,85.65470294749653,171.30940589499306,171.30940589499306
4,34,82.726,77.14723412991367,165.452,165.452
4,35,82.726,72.70823250184182,165.452,165.452
4,36,82.726,80.70638822918137,165.452,80.70638822918137
4,37,82.726,96.29943886215928,192.59887772431856,192.59887772431856
4,38,82.726,88.81532130638097,177.63064261276193,177.63064261276193
4,39,82.726,68.70176665352095,165.452,165.452
4,40,82.726,60.54277992255232,165.452,165.452
4,41,82.726,47.77799511986546,165.452,165.452
4,42,82.726,62.588341851764575,165.452,165.452
4,43,82.726,97.88460176957864,195.76920353915727,195.76920353915727
4,44,82.726,69.39216930709216,165.452,3585.9337798442666
4,45,82.726,75.35413227920364,165.452,75.35413227920364
4,46,82.726,50.910154991503276,165.452,165.452
4,47,82.726,54.939972263408585,165.452,165.452
4,48,82.726,98.21252491275325,196.4250498255065,196.4250498255065
4,49,82.726,75.13060629405592,165.452,165.452
4,50,82.726,58.9906710094259,165.452,165.452
4,51,82.726,80.580059250693,165.452,165.452
4,52,82.726,84.93669832824831,169.87339665649662,169.87339665649662
4,53,82.726,73.50855297414476,165.452,165.452
4,54,82.726,64.51494231441082,165.452,165.452
4,55,82.726,84.69812398321356,169.39624796642713,84.69812398321356
4,56,82.726,54.3238108112844,165.452,165.452
4,57,82.726,84.61061855803158,169.22123711606315,84.61061855803158
4,58,82.726,70.61646035206425,165.452,165.452
4,59,82.726,74.14749925252447,165.452,165.452
4,60,82.726,79.80366505054644,165.452,1136.4727732253154
4,61,82.726,91.74762295280284,183.49524590560569,183.49524590560569
4,62,82.726,63.81968666747012,165.452,165.452
4,63,82.726,83.35984809321326,166.71969618642652,83.35984809321326
4,64,82.726,53.62523363718375,165.452,165.452
4,65,82.726,70.14540733971896,165.452,165.452
4,66,82.726,84.44049186758366,168.88098373516732,168.88098373516732
4,67,82.726,93.30372960240751,186.60745920481503,186.60745920481503
4,68,82.726,76.22996664352068,165.452,165.452
4,69,82.726,80.14113455502442,165.452,165.452
4,70,82.726,74.95171482546779,165.452,74.95171482546779
4,71,82.726,65.38367302184699,165.452,165.452
4,72,82.726,91.03827938667109,182.07655877334219,182.07655877334219
4,73,82.726,77.107342522818,165.452,77.107342522818
4,74,82.726,61.03221275743778,165.452,61.03221275743779
4,75,82.726,88.54177862935096,177.08355725870192,88.54177862935096
4,76,82.726,90.46065696113017,180.92131392226034,180.92131392226034
4,77,82.726,70.88011342042422,165.452,165.452
4,78,82.726,82.51318816713882,165.452,165.452
4,79,82.726,52.4287728318908,165.452,165.452
4,80,82.726,84.71719241018353,169.43438482036706,169.43438482036706
4,81,82.726,64.90727198658372,165.452,165.452
4,82,82.726,48.79998884528898,165.452,165.452
4,83,82.726,83.82158969889848,167.64317939779696,167.64317939779696
4,84,82.726,75.77309016380757,165.452,165.452
4,85,82.726,90.1403580196506,180.2807160393012,180.28071603930124
4,86,82.726,53.554937164928226,165.452,165.452
4,87,82.726,98.60310103717535,197.2062020743507,197.2062020743507
4,88,82.726,64.70442322537944,165.452,165.452
4,89,82.726,54.51592039595202,165.452,165.452
4,90,82.726,49.817533169229414,165.452,165.452
4,91,82.726,64.10585269632762,165.452,165.452
4,92,82.726,58.41238943560466,165.452,165.452
4,93,82.726,77.11073691756238,165.452,165.452
4,94,82.726,96.81653752191438,193.63307504382877,193.63307504382877
4,95,82.726,58.7668897856707,165.452,165.452
4,96,82.726,64.53009156434761,165.452,165.452
4,97,82.726,61.2973637848974,165.452,165.452
4,98,82.726,61.551131392351984,165.452,165.452
4,99,82.726,82.89694453459553,165.79388906919107,165.79388906919107
5,0,85.946,109.83583252855249,219.67166505710497,109.83583252855249
5,1,85.946,91.20784228758126,182.41568457516252,182.41568457516252
5,2,85.946,80.14015635827525,171.892,171.892
5,3,85.946,81.65188545760631,171.892,171.892
5,4,85.946,89.32287849827983,178.64575699655967,178.64575699655967
5,5,85.946,74.40009665445787,171.892,171.892
5,6,85.946,71.51971808406812,171.892,171.892
5,7,85.946,110.842264183235,221.68452836647,110.84226418323499
5,8,85.946,86.82196715629145,173.6439343125829,173.6439343125829
5,9,85.946,63.19327739684655,171.892,171.892
5,10,85.946,90.38395090994595,180.7679018198919,180.7679018198919
5,11,85.946,71.05372832915104,171.892,171.892
5,12,85.946,56.30868293680392,171.892,171.892
5,13,85.946,90.47539992715045,180.9507998543009,180.9507998543009
5,14,85.946,77.5791984844761,171.892,77.5791984844761
5,15,85.946,97.1784209220582,194.3568418441164,97.1784209220582
5,16,85.946,93.00105093636692,186.00210187273385,93.00105093636692
5,17,85.946,66.45678558518719,171.892,171.892
5,18,85.946,74.15235550587055,171.892,171.892
5,19,85.946,99.14305988159096,198.28611976318192,198.28611976318192
5,20,85.946,81.94935557340627,171.892,171.892
5,21,85.946,64.10582687130545,171.892,171.892
5,22,85.946,66.47117531022649,171.892,171.892
5,23,85.946,99.73430584609389,199.46861169218778,199.46861169218778
5,24,85.946,93.63154414914413,187.26308829828827,187.26308829828827
5,25,85.946,89.46873004281859,178.93746008563718,178.93746008563718
5,26,85.946,59.34661855727089,171.892,171.892
5,27,85.946,79.40488757160377,171.892,171.892
5,28,85.946,82.85660459056439,171.892,171.892
5,29,85.946,91.21363674224425,182.4272734844885,182.4272734844885
5,30,85.946,97.95040269959992,195.90080539919984,97.95040269959992
5,31,85.946,99.26461723866039,198.52923447732078,198.52923447732078
5,32,85.946,91.67447244946682,183.34894489893364,183.34894489893367
5,33,85.946,72.30522167945662,171.892,171.892
5,34,85.946,80.60029796018186,171.892,171.892
5,35,85.946,102.74650007404301,205.49300014808603,205.49300014808605
5,36,85.946,84.05301829407277,171.892,171.892
5,37,85.946,80.33639628316253,171.892,171.892
5,38,85.946,107.50289048275405,215.0057809655081,215.0057809655081
5,39,85.946,115.9776280303379,231.9552560606758,115.97762803033791
5,40,85.946,81.3157729149654,171.892,171.892
5,41,85.946,94.21885428789105,188.4377085757821,188.4377085757821
5,42,85.946,110.92526536653554,221.85053073307108,110.92526536653556
5,43,85.946,65.29641883482478,171.892,171.892
5,44,85.946,73.53933237774638,171.892,171.892
5,45,85.946,95.00661556111099,190.01323112222198,190.01323112222198
5,46,85.946,66.7373402615556,171.892,171.892
5,47,85.946,72.8707942248088,171.892,171.892
5,48,85.946,112.42693674124736,224.85387348249472,112.42693674124735
5,49,85.946,74.96823208281687,171.892,171.892
5,50,85.946,61.77478032657629,171.892,171.892
5,51,85.946,86.08793921405633,172.17587842811267,172.17587842811267
5,52,85.946,60.56660235555498,171.892,171.892
5,53,85.946,71.11486333352543,171.892,171.892
5,54,85.946,113.57057406760742,227.14114813521485,227.14114813521485
5,55,85.946,106.71898532798063,213.43797065596127,213.43797065596127
5,56,85.946,64.95036558103018,171.892,171.892
5,57,85.946,70.82668147972146,171.892,171.892
5,58,85.946,59.28486486865611,171.892,171.892
5,59,85.946,68.03159997104709,171.892,171.892
5,60,85.946,104.75920804457671,209.51841608915342,104.7592080445767
5,61,85.946,111.14244624733362,222.28489249466725,111.14244624733362
5,62,85.946,93.66281724469087,187.32563448938174,93.66281724469087
5,63,85.946,61.13582780033987,171.892,171.892
5,64,85.946,86.20650494461262,172.41300988922524,172.41300988922524
5,65,85.946,96.22528193115275,192.4505638623055,192.4505638623055
5,66,85.946,62.40809256165619,171.892,171.892
5,67,85.946,91.085073021938,182.170146043876,91.085073021938
5,68,85.946,101.54049593370695,203.0809918674139,203.0809918674139
5,69,85.946,79.23221122887212,171.892,79.23221122887212
5,70,85.946,105.7600426709444,211.5200853418888,105.76004267094442
5,71,85.946,66.21895526689151,171.892,171.892
5,72,85.946,71.89392447745107,171.892,171.892
5,73,85.946,104.51421197178048,209.02842394356097,209.02842394356097
5,74,85.946,97.25431684457261,194.50863368914523,194.50863368914523
5,75,85.946,103.1299233957277,206.2598467914554,206.2598467914554
5,76,85.946,66.75387256769353,171.892,171.892
5,77,85.946,113.46423439333633,226.92846878667265,113.46423439333633
5,78,85.946,66.65188426696152,171.892,171.892
5,79,85.946,98.00203547855914,196.00407095711827,98.00203547855914
5,80,85.946,74.58516877072515,171.892,171.892
5,81,85.946,86.68052342433668,173.36104684867337,173.36104684867337
5,82,85.946,111.11811940651668,222.23623881303337,111.11811940651668
5,83,85.946,102.87400817545156,205.74801635090313,102.87400817545156
5,84,85.946,101.14242103269744,202.28484206539488,202.28484206539488
5,85,85.946,62.6659232744579,171.892,171.892
5,86,85.946,111.04180886945572,222.08361773891144,111.04180886945572
5,87,85.946,110.42978604070171,220.85957208140343,110.42978604070173
5,88,85.946,115.31555291887915,230.6311058377583,230.63110583775833
5,89,85.946,62.79707100190811,171.892,171.892
5,90,85.946,79.0625253110633,171.892,171.892
5,91,85.946,72.56081401042682,171.892,171.892
5,92,85.946,107.15199699694821,214.30399399389643,214.30399399389643
5,93,85.946,110.19252268776974,220.38504537553948,110.19252268776974
5,94,85.946,86.44141023778357,172.88282047556714,86.44141023778357
5,95,85.946,69.3244988327133,171.892,171.892
5,96,85.946,58.89250713060378,171.892,171.892
5,97,85.946,109.09659060517724,218.19318121035448,109.09659060517724
5,98,85.946,113.16315305610318,226.32630611220637,113.16315305610318
5,99,85.946,101.48274082242125,202.9654816448425,101.48274082242126
6,0,93.54799999999999,87.60805829196877,187.09599999999998,87.60805829196877
6,1,93.54799999999999,61.96471381777812,187.09599999999998,187.09599999999998
6,2,93.54799999999999,52.86620454660563,187.09599999999998,52.86620454660563
6,3,93.54799999999999,51.45806314398211,187.09599999999998,51.458063143982116
6,4,93.54799999999999,80.0091845773141,187.09599999999998,80.0091845773141
6,5,93.54799999999999,53.5103002822062,187.09599999999998,53.5103002822062
6,6,93.54799999999999,92.55955776936844,187.09599999999998,92.55955776936844
6,7,93.54799999999999,58.66090323050259,187.09599999999998,58.66090323050259
6,8,93.54799999999999,83.81298021214666,187.09599999999998,187.09599999999998
6,9,93.54799999999999,76.96339868831942,187.09599999999998,76.96339868831942
6,10,93.54799999999999,63.65843181747976,187.09599999999998,187.09599999999998
6,11,93.54799999999999,77.97254862045432,187.09599999999998,318.98024775983885
6,12,93.54799999999999,47.31456024676071,187.09599999999998,187.09599999999998
6,13,93.54799999999999,84.63239848468672,187.09599999999998,187.09599999999998
6,14,93.54799999999999,55.014819994181885,187.09599999999998,55.014819994181885
6,15,93.54799999999999,77.03156073438551,187.09599999999998,77.03156073438551
6,16,93.54799999999999,52.29714141740346,187.09599999999998,52.29714141740346
6,17,93.54799999999999,74.93151251248477,187.09599999999998,74.93151251248477
6,18,93.54799999999999,83.09266755324815,187.09599999999998,187.09599999999998
6,19,93.54799999999999,86.23828295910859,187.09599999999998,86.23828295910859
6,20,93.54799999999999,53.22954333059535,187.09599999999998,53.229543330595355
6,21,93.54799999999999,70.2548447921323,187.09599999999998,187.09599999999998
6,22,93.54799999999999,66.96533754540775,187.09599999999998,66.96533754540775
6,23,93.54799999999999,66.36806317011003,187.09599999999998,187.09599999999998
6,24,93.54799999999999,87.94202587774437,187.09599999999998,187.09599999999998
6,25,93.54799999999999,55.801753635306895,187.09599999999998,187.09599999999998
6,26,93.54799999999999,84.48540046860663,187.09599999999998,84.48540046860663
6,27,93.54799999999999,83.19958944016022,187.09599999999998,187.09599999999998
6,28,93.54799999999999,67.53501915654952,187.09599999999998,67.53501915654952
6,29,93.54799999999999,53.268901495931445,187.09599999999998,187.09599999999998
6,30,93.54799999999999,81.63428566541323,187.09599999999998,81.63428566541323
6,31,93.54799999999999,90.16069415506243,187.09599999999998,187.09599999999998
6,32,93.54799999999999,55.209351370362164,187.09599999999998,55.20935137036217
6,33,93.54799999999999,52.2948876731601,187.09599999999998,187.09599999999998
6,34,93.54799999999999,56.945967199726994,187.09599999999998,187.09599999999998
6,35,93.54799999999999,68.587035131636,187.09599999999998,68.587035131636
6,36,93.54799999999999,69.43668666852803,187.09599999999998,187.09599999999998
6,37,93.54799999999999,84.25625376177993,187.09599999999998,84.25625376177993
6,38,93.54799999999999,54.627873946800804,187.09599999999998,54.62787394680081
6,39,93.54799999999999,91.38602096826459,187.09599999999998,187.09599999999998
6,40,93.54799999999999,72.49700242153125,187.09599999999998,187.09599999999998
6,41,93.54799999999999,60.38505863193125,187.09599999999998,60.38505863193125
6,42,93.54799999999999,47.55589329364197,187.09599999999998,187.09599999999998
6,43,93.54799999999999,75.70732283640714,187.09599999999998,75.70732283640714
6,44,93.54799999999999,56.51033313057449,187.09599999999998,187.09599999999998
6,45,93.54799999999999,68.489746403547,187.09599999999998,187.09599999999998
6,46,93.54799999999999,94.44625067937884,188.89250135875767,94.44625067937884
6,47,93.54799999999999,56.53670277369348,187.09599999999998,56.536702773693484
6,48,93.54799999999999,67.10076205985037,187.09599999999998,67.10076205985037
6,49,93.54799999999999,88.5957204972735,187.09599999999998,187.09599999999998
6,50,93.54799999999999,47.778597411003034,187.09599999999998,47.778597411003034
6,51,93.54799999999999,79.96499149934496,187.09599999999998,187.09599999999998
6,52,93.54799999999999,69.69359536287148,187.09599999999998,69.69359536287148
6,53,93.54799999999999,63.55473537513543,187.09599999999998,187.09599999999998
6,54,93.54799999999999,71.41146366468604,187.09599999999998,187.09599999999998
6,55,93.54799999999999,68.01913129315223,187.09599999999998,68.01913129315223
6,56,93.54799999999999,74.29045720960578,187.09599999999998,74.29045720960578
6,57,93.54799999999999,51.82207538010227,187.09599999999998,51.82207538010227
6,58,93.54799999999999,64.16567164166298,187.09599999999998,64.16567164166298
6,59,93.54799999999999,92.90093956443187,187.09599999999998,187.09599999999998
6,60,93.54799999999999,71.60652181937702,187.09599999999998,71.60652181937702
6,61,93.54799999999999,78.48473908495633,187.09599999999998,187.09599999999998
6,62,93.54799999999999,69.94440446774695,187.09599999999998,187.09599999999998
6,63,93.54799999999999,94.80296736950102,189.60593473900204,94.80296736950102
6,64,93.54799999999999,52.236586985043665,187.09599999999998,187.09599999999998
6,65,93.54799999999999,63.94288520783714,187.09599999999998,187.09599999999998
6,66,93.54799999999999,80.42087921069196,187.09599999999998,187.09599999999998
6,67,93.54799999999999,85.68078603169243,187.09599999999998,85.68078603169243
6,68,93.54799999999999,66.29877630518155,187.09599999999998,187.09599999999998
6,69,93.54799999999999,83.44823577676928,187.09599999999998,83.44823577676928
6,70,93.54799999999999,65.04773654929474,187.09599999999998,187.09599999999998
6,71,93.54799999999999,51.2969940267212,187.09599999999998,187.09599999999998
6,72,93.54799999999999,47.266532406389494,187.09599999999998,47.266532406389494
6,73,93.54799999999999,53.500709517431204,187.09599999999998,53.50070951743121
6,74,93.54799999999999,95.76069121904537,191.52138243809074,95.76069121904537
6,75,93.54799999999999,56.017881212928735,187.09599999999998,56.017881212928735
6,76,93.54799999999999,46.8181559936314,187.09599999999998,46.8181559936314
6,77,93.54799999999999,74.83401429842141,187.09599999999998,74.83401429842141
6,78,93.54799999999999,70.52756361655543,187.09599999999998,70.52756361655543
6,79,93.54799999999999,61.310291572258734,187.09599999999998,187.09599999999998
6,80,93.54799999999999,92.93806373618322,187.09599999999998,187.09599999999998
6,81,93.54799999999999,81.5006028203546,187.09599999999998,187.09599999999998
6,82,93.54799999999999,67.12421011245995,187.09599999999998,67.12421011245995
6,83,93.54799999999999,47.60177703182764,187.09599999999998,47.60177703182764
6,84,93.54799999999999,80.94705002864717,187.09599999999998,187.09599999999998
6,85,93.54799999999999,80.05795918952296,187.09599999999998,187.09599999999998
6,86,93.54799999999999,63.29159772698612,187.09599999999998,63.29159772698611
6,87,93.54799999999999,95.02330852613132,190.04661705226263,95.02330852613132
6,88,93.54799999999999,92.46664654902865,187.09599999999998,92.46664654902865
6,89,93.54799999999999,71.53904934372599,187.09599999999998,71.53904934372599
6,90,93.54799999999999,88.7375973875909,187.09599999999998,88.7375973875909
6,91,93.54799999999999,89.00950401707111,187.09599999999998,89.00950401707111
6,92,93.54799999999999,64.87414869537945,187.09599999999998,64.87414869537945
6,93,93.54799999999999,96.05690402689375,192.1138080537875,96.05690402689375
6,94,93.54799999999999,65.88001478950997,187.09599999999998,65.88001478950997
6,95,93.54799999999999,84.44325329934306,187.09599999999998,187.09599999999998
6,96,93.54799999999999,69.20469487688796,187.09599999999998,187.09599999999998
6,97,93.54799999999999,52.153987479173644,187.09599999999998,187.09599999999998
6,98,93.54799999999999,74.42766516638711,187.09599999999998,74.42766516638711
6,99,93.54799999999999,81.76480819164364,187.09599999999998,81.76480819164365
7,0,102.326,96.34786654349351,204.652,96.34786654349351
7,1,102.326,76.76708966090591,204.652,204.65200000000002
7,2,102.326,113.62935438563927,227.25870877127855,113.62935438563927
7,3,102.326,107.66519521593052,215.33039043186105,107.66519521593052
7,4,102.326,83.04978405967525,204.652,83.04978405967525
7,5,102.326,75.29255039463229,204.652,75.29255039463229
7,6,102.326,109.41556547439565,218.8311309487913,109.41556547439566
7,7,102.326,74.87541647421702,204.652,74.87541647421702
7,8,102.326,74.35845399346249,204.652,74.35845399346249
7,9,102.326,74.83885791309554,204.652,74.83885791309554
7,10,102.326,95.99685216253103,204.652,95.99685216253103
7,11,102.326,75.25271372687475,204.652,75.25271372687475
7,12,102.326,111.7574629608435,223.514925921687,223.514925921687
7,13,102.326,75.81525887115274,204.652,75.81525887115274
7,14,102.326,117.29600659852069,234.59201319704138,117.29600659852069
7,15,102.326,82.56106513190848,204.652,82.56106513190848
7,16,102.326,102.77694567072933,205.55389134145867,102.77694567072932
7,17,102.326,69.08499881727934,204.652,69.08499881727934
7,18,102.326,69.06729115059808,204.652,69.06729115059808
7,19,102.326,74.47270421532784,204.652,74.47270421532784
7,20,102.326,75.87030129990274,204.652,75.87030129990274
7,21,102.326,99.80491197110067,204.652,99.80491197110067
7,22,102.326,117.93283349309098,235.86566698618196,235.86566698618196
7,23,102.326,99.44850634831268,204.652,99.44850634831268
7,24,102.326,97.06066112513568,204.652,127.60050919279213
7,25,102.326,119.13353166451944,238.26706332903888,238.26706332903888
7,26,102.326,77.55944467006623,204.652,77.55944467006623
7,27,102.326,107.8803445603332,215.7606891206664,107.8803445603332
7,28,102.326,96.83092720016317,204.652,96.83092720016317
7,29,102.326,97.06387011837647,204.652,97.06387011837647
7,30,102.326,82.64004186445767,204.652,82.64004186445767
7,31,102.326,119.2070090457353,238.4140180914706,119.20700904573532
7,32,102.326,77.84552796306629,204.652,77.84552796306629
7,33,102.326,74.77032785974538,204.652,74.77032785974538
7,34,102.326,96.7729771626407,204.652,96.7729771626407
7,35,102.326,62.75585027019076,204.652,62.75585027019076
7,36,102.326,82.91363688774041,204.652,82.91363688774041
7,37,102.326,95.95296138353207,204.652,95.95296138353207
7,38,102.326,94.07291592820641,204.652,94.07291592820641
7,39,102.326,113.84113522875296,227.68227045750592,113.84113522875296
7,40,102.326,114.22670775010731,228.45341550021462,114.22670775010731
7,41,102.326,61.33202446369132,204.652,61.33202446369131
7,42,102.326,103.06443459367135,206.1288691873427,103.06443459367136
7,43,102.326,116.00755029276657,232.01510058553313,116.00755029276657
7,44,102.326,76.67199531809088,204.652,204.65200000000002
7,45,102.326,65.07546212067518,204.652,65.07546212067518
7,46,102.326,111.42112965523853,222.84225931047706,111.42112965523853
7,47,102.326,91.44015535022396,204.652,91.44015535022396
7,48,102.326,108.22388124538921,216.44776249077842,108.22388124538922
7,49,102.326,86.06436535024315,204.652,86.06436535024315
7,50,102.326,114.89782575484448,229.79565150968895,114.89782575484449
7,51,102.326,114.8114960739172,229.6229921478344,114.81149607391721
7,52,102.326,85.5831071562492,204.652,85.5831071562492
7,53,102.326,111.16020778654007,222.32041557308014,111.16020778654007
7,54,102.326,108.5898361140383,217.1796722280766,108.58983611403832
7,55,102.326,95.32288249967753,204.652,95.32288249967753
7,56,102.326,78.44370152914028,204.652,78.44370152914028
7,57,102.326,73.38536519281101,204.652,73.38536519281101
7,58,102.326,104.25872759784414,208.51745519568829,104.25872759784414
7,59,102.326,105.40655693656939,210.81311387313878,105.4065569365694
7,60,102.326,59.32858529365574,204.652,59.32858529365574
7,61,102.326,105.16404445559292,210.32808891118583,105.16404445559292
7,62,102.326,70.94883663602067,204.652,70.94883663602067
7,63,102.326,76.32441986043085,204.652,76.32441986043085
7,64,102.326,107.13887289400046,214.2777457880009,107.13887289400046
7,65,102.326,96.82805703345777,204.652,96.82805703345777
7,66,102.326,114.8745041811162,229.7490083622324,114.8745041811162
7,67,102.326,115.43708577286466,230.87417154572933,115.43708577286466
7,68,102.326,67.6685449909338,204.652,67.6685449909338
7,69,102.326,78.21873529145874,204.652,78.21873529145874
7,70,102.326,100.6249018142869,204.652,100.62490181428689
7,71,102.326,104.6970336317156,209.3940672634312,104.69703363171561
7,72,102.326,78.58149585451,204.652,78.58149585451
7,73,102.326,74.73512548894239,204.652,74.73512548894239
7,74,102.326,108.86918210817448,217.73836421634897,217.73836421634897
7,75,102.326,58.07748117357373,204.652,58.07748117357373
7,76,102.326,112.54946060234565,225.0989212046913,112.54946060234565
7,77,102.326,83.14978264837967,204.652,83.14978264837967
7,78,102.326,89.29330613632999,204.652,89.29330613632999
7,79,102.326,116.66143745146594,233.3228749029319,116.66143745146596
7,80,102.326,91.7603417570918,204.652,91.7603417570918
7,81,102.326,87.50820788383332,204.652,87.50820788383332
7,82,102.326,101.78401601040177,204.652,101.78401601040177
7,83,102.326,83.61387026345577,204.652,204.65200000000002
7,84,102.326,94.8584334565845,204.652,94.8584334565845
7,85,102.326,104.1845441996411,208.3690883992822,104.1845441996411
7,86,102.326,66.49917918133191,204.652,66.49917918133191
7,87,102.326,101.23144470753459,204.652,204.65200000000002
7,88,102.326,77.74646072787318,204.652,77.74646072787318
7,89,102.326,75.22622781400268,204.652,75.22622781400268
7,90,102.326,87.13971288456283,204.652,87.13971288456283
7,91,102.326,70.47992907170068,204.652,70.47992907170068
7,92,102.326,116.11318742761046,232.2263748552209,116.11318742761046
7,93,102.326,115.74456948110236,231.48913896220472,115.74456948110236
7,94,102.326,98.09105340172323,204.652,204.65200000000002
7,95,102.326,80.59315451450304,204.652,80.59315451450304
7,96,102.326,88.20628602562968,204.652,88.20628602562968
7,97,102.326,90.50462814929412,204.652,90.50462814929412
7,98,102.326,62.088935961478796,204.652,62.088935961478796
7,99,102.326,69.87095657080097,204.652,69.87095657080097
8,0,122.122,113.65429331030026,244.244,113.65429331030026
8,1,122.122,86.32934074546937,244.244,86.32934074546937
8,2,122.122,75.70437647046755,244.244,75.70437647046755
8,3,122.122,124.6371987858973,249.2743975717946,124.6371987858973
8,4,122.122,78.8267408558286,244.244,78.8267408558286
8,5,122.122,74.11215410575512,244.244,74.11215410575512
8,6,122.122,137.17312460841185,274.3462492168237,137.17312460841185
8,7,122.122,90.20831014139623,244.244,90.20831014139623
8,8,122.122,129.09602997645544,258.1920599529109,129.09602997645544
8,9,122.122,84.89888251401445,244.244,244.244
8,10,122.122,117.06026519460443,244.244,117.06026519460441
8,11,122.122,116.89106328898423,244.244,116.89106328898421
8,12,122.122,131.34051680605253,262.68103361210507,131.34051680605253
8,13,122.122,75.33696411565693,244.244,75.40044480591057
8,14,122.122,107.71323616801243,244.244,107.71323616801243
8,15,122.122,120.80216318851748,244.244,120.80216318851748
8,16,122.122,89.04173734130642,244.244,89.04173734130642
8,17,122.122,110.00433841637006,244.244,110.00433841637008
8,18,122.122,77.13773718931014,244.244,77.13773718931014
8,19,122.122,98.74231771073498,244.244,98.74231771073498
8,20,122.122,114.21469611861978,244.244,114.21469611861978
8,21,122.122,110.90314712140206,244.244,110.90314712140206
8,22,122.122,80.32500937805139,244.244,80.32500937805139
8,23,122.122,82.12520419013238,244.244,244.244
8,24,122.122,99.5779841913399,244.244,99.5779841913399
8,25,122.122,71.82584243269466,244.244,71.82584243269466
8,26,122.122,137.2283373536112,274.4566747072224,137.2283373536112
8,27,122.122,72.50832631165329,244.244,244.244
8,28,122.122,127.42776178055658,254.85552356111316,127.4277617805566
8,29,122.122,140.4742198206933,280.9484396413866,140.4742198206933
8,30,122.122,123.28066888259544,246.56133776519087,123.28066888259544
8,31,122.122,87.78258378527194,244.244,244.244
8,32,122.122,124.02702517367396,248.05405034734792,124.02702517367396
8,33,122.122,101.79143791479818,244.244,101.7914379147982
8,34,122.122,92.86045893013744,244.244,244.244
8,35,122.122,132.80386464964778,265.60772929929556,132.80386464964778
8,36,122.122,127.904594810847,255.809189621694,127.90459481084699
8,37,122.122,89.37628600333285,244.244,89.37628600333285
8,38,122.122,88.81634620433246,244.244,88.81634620433246
8,39,122.122,101.28455745043058,244.244,101.28455745043058
8,40,122.122,76.94226977375627,244.244,244.244
8,41,122.122,96.06684168049138,244.244,96.06684168049138
8,42,122.122,104.84307099214101,244.244,104.84307099214101
8,43,122.122,118.43143042146933,244.244,118.43143042146933
8,44,122.122,73.42897315321059,244.244,244.244
8,45,122.122,80.28328312517819,244.244,80.28328312517819
8,46,122.122,96.420183523047,244.244,96.420183523047
8,47,122.122,103.05148201354507,244.244,103.05148201354508
8,48,122.122,139.11436363654758,278.22872727309516,139.11436363654758
8,49,122.122,134.16702278523607,268.33404557047214,134.16702278523607
8,50,122.122,114.8753686209289,244.244,114.87536862092891
8,51,122.122,128.02598341136857,256.05196682273714,128.02598341136857
8,52,122.122,69.74337023184623,244.244,244.244
8,53,122.122,98.50566501961062,244.244,98.50566501961062
8,54,122.122,136.774912641749,273.549825283498,136.774912641749
8,55,122.122,111.67526729152976,244.244,111.67526729152976
8,56,122.122,72.4053266909671,244.244,72.4053266909671
8,57,122.122,114.93977169772973,244.244,114.93977169772973
8,58,122.122,94.96796591889546,244.244,94.96796591889546
8,59,122.122,106.14297141106852,244.244,106.14297141106852
8,60,122.122,87.53071421274305,244.244,87.53071421274305
8,61,122.122,78.70690856639342,244.244,244.244
8,62,122.122,95.30943851644315,244.244,95.30943851644315
8,63,122.122,75.66203288042745,244.244,75.66203288042745
8,64,122.122,96.94407865585835,244.244,96.94407865585835
8,65,122.122,136.89197082360576,273.7839416472115,136.89197082360576
8,66,122.122,109.00519630754363,244.244,109.00519630754364
8,67,122.122,84.46908793925057,244.244,84.46908793925057
8,68,122.122,122.95091598394215,245.9018319678843,122.95091598394217
8,69,122.122,122.66875288626142,245.33750577252283,122.66875288626142
8,70,122.122,127.27167302100194,254.5433460420039,127.27167302100196
8,71,122.122,118.66845096605775,244.244,118.66845096605776
8,72,122.122,140.62764700212455,281.2552940042491,140.62764700212455
8,73,122.122,81.45877330416813,244.244,81.45877330416813
8,74,122.122,99.07910652700335,244.244,99.07910652700335
8,75,122.122,105.01698326328979,244.244,105.01698326328979
8,76,122.122,83.44605779776833,244.244,83.44605779776833
8,77,122.122,96.69452679233392,244.244,96.69452679233392
8,78,122.122,137.92735064860923,275.85470129721847,137.92735064860923
8,79,122.122,111.39133952112714,244.244,111.39133952112714
8,80,122.122,126.83748731783129,253.67497463566258,126.83748731783129
8,81,122.122,89.29065754173445,244.244,89.29065754173445
8,82,122.122,114.25703145118855,244.244,114.25703145118855
8,83,122.122,85.20552907487712,244.244,85.20552907487712
8,84,122.122,84.50177469910507,244.244,84.50177469910507
8,85,122.122,139.86653482481785,279.7330696496357,139.86653482481785
8,86,122.122,90.30473866847298,244.244,90.30473866847298
8,87,122.122,85.10555172557737,244.244,85.10555172557737
8,88,122.122,89.10094763719393,244.244,89.10094763719393
8,89,122.122,70.45956801061861,244.244,70.45956801061861
8,90,122.122,110.30331742921862,244.244,110.30331742921862
8,91,122.122,80.49672579714057,244.244,80.49672579714057
8,92,122.122,98.495150523194,244.244,98.495150523194
8,93,122.122,122.85398950105638,245.70797900211275,122.85398950105638
8,94,122.122,132.08346587360697,264.16693174721394,132.08346587360697
8,95,122.122,85.27670968893042,244.244,85.27670968893042
8,96,122.122,106.3860470748874,244.244,106.38604707488741
8,97,122.122,74.37827415066407,244.244,74.37827415066407
8,98,122.122,77.78991615389808,244.244,244.244
8,99,122.122,96.64733045861414,244.244,244.244
9,0,132.146,110.5366142831498,264.292,264.292
9,1,132.146,85.89070866890785,264.292,264.292
9,2,132.146,70.75295064146036,264.292,70.75295064146036
9,3,132.146,95.1668790304648,264.292,95.1668790304648
9,4,132.146,100.14510857850675,264.292,100.14510857850676
9,5,132.146,126.16257590393965,264.292,126.16257590393967
9,6,132.146,87.13262850782024,264.292,87.13262850782024
9,7,132.146,87.16457350985807,264.292,87.16457350985807
9,8,132.146,69.28484163766471,264.292,69.28484163766471
9,9,132.146,93.17209248513961,264.292,135.41851495091004
9,10,132.146,77.65899219284016,264.292,77.65899219284016
9,11,132.146,105.41739976858253,264.292,105.41739976858253
9,12,132.146,96.38603521678719,264.292,96.38603521678719
9,13,132.146,79.72619305946967,264.292,79.72619305946967
9,14,132.146,65.99537811480889,264.292,65.99537811480889
9,15,132.146,134.04275381564736,268.0855076312947,134.04275381564736
9,16,132.146,132.97514684798574,265.9502936959715,265.9502936959715
9,17,132.146,73.24950513496047,264.292,264.292
9,18,132.146,126.01833107319027,264.292,126.01833107319027
9,19,132.146,133.82763385506803,267.65526771013606,133.82763385506803
9,20,132.146,82.33706311364725,264.292,82.33706311364725
9,21,132.146,123.36605537128399,264.292,123.366055371284
9,22,132.146,101.26961980707642,264.292,101.26961980707642
9,23,132.146,101.47726684354527,264.292,101.47726684354528
9,24,132.146,70.9967088967034,264.292,70.9967088967034
9,25,132.146,96.52322452169588,264.292,264.292
9,26,132.146,134.02240427903294,268.0448085580659,134.02240427903294
9,27,132.146,74.09810539381374,264.292,264.292
9,28,132.146,124.66820025263243,264.292,124.66820025263243
9,29,132.146,126.39672649496785,264.292,264.292
9,30,132.146,70.79892523213857,264.292,70.79892523213857
9,31,132.146,114.8409624787009,264.292,114.8409624787009
9,32,132.146,65.59255180936806,264.292,65.59255180936806
9,33,132.146,90.398297191323,264.292,90.398297191323
9,34,132.146,125.81928092802207,264.292,125.81928092802205
9,35,132.146,126.57531645302457,264.292,126.57531645302458
9,36,132.146,132.79201037683305,265.5840207536661,132.79201037683305
9,37,132.146,96.75202793583944,264.292,96.75202793583944
9,38,132.146,84.48568049406771,264.292,84.48568049406771
9,39,132.146,100.3240525852918,264.292,264.292
9,40,132.146,95.07756224919025,264.292,95.07756224919025
9,41,132.146,111.21184587910689,264.292,264.292
9,42,132.146,130.19910895832942,264.292,130.19910895832942
9,43,132.146,96.14344018951914,264.292,96.14344018951914
9,44,132.146,126.27283922132642,264.292,126.27283922132642
9,45,132.146,121.53347680810673,264.292,121.53347680810673
9,46,132.146,78.15360834825178,264.292,78.15360834825178
9,47,132.146,110.95211981505122,264.292,110.95211981505122
9,48,132.146,123.94718821355885,264.292,123.94718821355886
9,49,132.146,110.38264743508495,264.292,110.38264743508495
9,50,132.146,122.9655111539384,264.292,122.9655111539384
9,51,132.146,96.84566941745486,264.292,96.84566941745486
9,52,132.146,97.93764707288537,264.292,97.93764707288537
9,53,132.146,117.88198433059496,264.292,117.88198433059496
9,54,132.146,107.25622429084993,264.292,107.25622429084993
9,55,132.146,125.35759960065307,264.292,264.292
9,56,132.146,95.40340850802963,264.292,95.40340850802963
9,57,132.146,123.44252115778522,264.292,123.44252115778522
9,58,132.146,109.2230988552115,264.292,109.2230988552115
9,59,132.146,86.01428719696658,264.292,86.01428719696658
9,60,132.146,114.84469551831306,264.292,264.292
9,61,132.146,124.35937562350338,264.292,124.35937562350338
9,62,132.146,85.05538984672141,264.292,85.05538984672141
9,63,132.146,76.86763938725247,264.292,76.86763938725247
9,64,132.146,106.11363195075197,264.292,106.11363195075197
9,65,132.146,132.6893921766064,265.3787843532128,132.6893921766064
9,66,132.146,94.74888621409654,264.292,94.74888621409654
9,67,132.146,70.50381042421249,264.292,70.50381042421249
9,68,132.146,77.04842755656281,264.292,264.292
9,69,132.146,116.56078275014842,264.292,264.292
9,70,132.146,69.99134420616902,264.292,69.99134420616902
9,71,132.146,93.26164433330901,264.292,93.26164433330901
9,72,132.146,95.7096468820187,264.292,95.7096468820187
9,73,132.146,128.3896207966584,264.292,128.3896207966584
9,74,132.146,68.68148286619149,264.292,68.68148286619149
9,75,132.146,67.05212641083592,264.292,67.05212641083592
9,76,132.146,128.01292229631184,264.292,128.01292229631184
9,77,132.146,97.68828953053652,264.292,97.68828953053652
9,78,132.146,74.62162160631243,264.292,74.62162160631243
9,79,132.146,119.0232639618861,264.292,119.0232639618861
9,80,132.146,86.69654696489359,264.292,86.69654696489359
9,81,132.146,109.2857234417229,264.292,109.2857234417229
9,82,132.146,105.14922140482857,264.292,105.14922140482857
9,83,132.146,77.62326309592693,264.292,77.62326309592693
9,84,132.146,124.69405050040764,264.292,124.69405050040766
9,85,132.146,94.47794433495473,264.292,94.47794433495473
9,86,132.146,117.13742637701307,264.292,117.13742637701307
9,87,132.146,129.54586616917888,264.292,129.54586616917888
9,88,132.146,86.94780169381448,264.292,86.94780169381448
9,89,132.146,121.90264897334144,264.292,121.90264897334144
9,90,132.146,107.58895015488157,264.292,107.58895015488157
9,91,132.146,82.57735059878937,264.292,82.57735059878937
9,92,132.146,113.69501988943793,264.292,113.69501988943793
9,93,132.146,73.85579792383447,264.292,73.85579792383447
9,94,132.146,93.33991237745528,264.292,93.33991237745528
9,95,132.146,71.5444201143603,264.292,71.5444201143603
9,96,132.146,75.40742233986818,264.292,75.40742233986818
9,97,132.146,86.03936421177471,264.292,86.03936421177471
9,98,132.146,115.98026905043281,264.292,264.292
9,99,132.146,74.25426237966462,264.292,74.25426237966462
10,0,136.682,151.5733958577155,303.146791715431,151.5733958577155
10,1,136.682,105.87928381237592,273.364,250.28971536409367
10,2,136.682,96.48110957107386,273.364,96.48110957107386
10,3,136.682,93.76848435016298,273.364,93.76848435016298
10,4,136.682,101.91441626979159,273.364,273.364
10,5,136.682,98.32727998171387,273.364,98.32727998171387
10,6,136.682,84.24968221961713,273.364,84.24968221961713
10,7,136.682,90.56370909320464,273.364,90.56370909320464
10,8,136.682,145.0391013982565,290.078202796513,145.0391013982565
10,9,136.682,126.37367724828529,273.364,126.3736772482853
10,10,136.682,95.69980599715782,273.364,95.69980599715782
10,11,136.682,147.2724167290967,294.5448334581934,147.2724167290967
10,12,136.682,131.78897262194468,273.364,131.78897262194468
10,13,136.682,104.33239550346072,273.364,104.33239550346072
10,14,136.682,154.12488774292484,308.2497754858497,154.12488774292484
10,15,136.682,96.02569977540479,273.364,96.02569977540479
10,16,136.682,109.84072935336236,273.364,109.84072935336238
10,17,136.682,116.12254951191991,273.364,116.12254951191991
10,18,136.682,148.51542682059093,297.03085364118186,148.51542682059093
10,19,136.682,119.0070936923073,273.364,119.00709369230728
10,20,136.682,135.2767662051682,273.364,135.2767662051682
10,21,136.682,84.47159274427298,273.364,84.47159274427298
10,22,136.682,144.8856996409967,289.7713992819934,144.8856996409967
10,23,136.682,153.27660286919942,306.55320573839884,153.27660286919942
10,24,136.682,146.55992551513535,293.1198510302707,146.55992551513535
10,25,136.682,91.66474882463189,273.364,91.66474882463189
10,26,136.682,150.57836862912245,301.1567372582449,150.57836862912245
10,27,136.682,100.26858050151489,273.364,100.26858050151488
10,28,136.682,79.23129805031357,273.364,79.23129805031357
10,29,136.682,79.24754249574796,273.364,79.24754249574796
10,30,136.682,153.52689290545152,307.05378581090304,153.52689290545152
10,31,136.682,111.29727114511421,273.364,111.29727114511421
10,32,136.682,149.0103151885892,298.0206303771784,149.0103151885892
10,33,136.682,77.85048617408387,273.364,77.85048617408383
10,34,136.682,136.04458722722592,273.364,136.04458722722592
10,35,136.682,85.95538376123291,273.364,85.95538376123291
10,36,136.682,99.68674021630139,273.364,99.68674021630139
10,37,136.682,111.10478531413303,273.364,111.10478531413304
10,38,136.682,141.9769461147469,283.9538922294938,141.9769461147469
10,39,136.682,145.38558094304503,290.77116188609006,145.38558094304503
10,40,136.682,132.56226448102228,273.364,132.56226448102228
10,41,136.682,101.05921926456195,273.364,101.05921926456193
10,42,136.682,141.37223709986546,282.7444741997309,141.37223709986546
10,43,136.682,92.16878874572478,273.364,92.16878874572478
10,44,136.682,122.13248026409892,273.364,122.1324802640989
10,45,136.682,77.28737644451499,273.364,77.28737644451499
10,46,136.682,145.77394841464118,291.54789682928237,145.77394841464118
10,47,136.682,126.22985568240655,273.364,126.22985568240654
10,48,136.682,94.47576535203206,273.364,94.47576535203206
10,49,136.682,103.63678364652061,273.364,103.63678364652063
10,50,136.682,114.88076690907535,273.364,114.88076690907536
10,51,136.682,138.6988244120035,277.397648824007,277.397648824007
10,52,136.682,114.22009121674094,273.364,114.22009121674095
10,53,136.682,128.22301758771425,273.364,128.22301758771425
10,54,136.682,75.4855459931989,273.364,75.4855459931989
10,55,136.682,96.66304046610735,273.364,96.66304046610735
10,56,136.682,130.18368310642316,273.364,130.18368310642316
10,57,136.682,155.22811054313186,310.4562210862637,155.22811054313186
10,58,136.682,119.25187747275757,273.364,119.25187747275758
10,59,136.682,93.17108455655037,273.364,93.17108455655037
10,60,136.682,128.47967779459898,273.364,128.47967779459898
10,61,136.682,148.33037508616223,296.66075017232447,148.33037508616223
10,62,136.682,137.63917450806312,275.27834901612624,137.63917450806312
10,63,136.682,85.50251854710261,273.364,85.50251854710261
10,64,136.682,103.07165710125392,273.364,103.07165710125392
10,65,136.682,104.33599334362826,273.364,104.33599334362826
10,66,136.682,150.2935445704674,300.5870891409348,150.2935445704674
10,67,136.682,105.9832401416401,273.364,105.9832401416401
10,68,136.682,116.29206449364762,273.364,116.29206449364762
10,69,136.682,104.31194956523149,273.364,273.364
10,70,136.682,154.1121783922404,308.2243567844808,154.1121783922404
10,71,136.682,90.41297177166005,273.364,90.41297177166005
10,72,136.682,86.89032392195874,273.364,86.89032392195874
10,73,136.682,102.67629152311848,273.364,102.67629152311848
10,74,136.682,80.27021940076763,273.364,273.364
10,75,136.682,134.76591758688267,273.364,134.76591758688267
10,76,136.682,80.78029420619019,273.364,80.78029420619019
10,77,136.682,140.10261660670537,280.20523321341074,140.10261660670537
10,78,136.682,151.90163950225988,303.80327900451977,151.90163950225988
10,79,136.682,116.91349765918712,273.364,116.91349765918713
10,80,136.682,143.1462171419655,286.292434283931,143.1462171419655
10,81,136.682,126.66167004675525,273.364,126.66167004675526
10,82,136.682,98.75589445571364,273.364,98.75589445571364
10,83,136.682,139.16437355480494,278.3287471096099,139.16437355480494
10,84,136.682,152.70759088364355,305.4151817672871,152.70759088364355
10,85,136.682,146.6772418151752,293.3544836303504,146.6772418151752
10,86,136.682,101.29995322414766,273.364,101.29995322414767
10,87,136.682,114.5757121970078,273.364,114.57571219700779
10,88,136.682,78.0500781839302,273.364,78.0500781839302
10,89,136.682,131.3900409935595,273.364,131.3900409935595
10,90,136.682,95.90432066580323,273.364,95.90432066580323
10,91,136.682,107.78459915959138,273.364,107.78459915959138
10,92,136.682,103.33320174404214,273.364,103.33320174404214
10,93,136.682,82.64752674350272,273.364,82.64752674350274
10,94,136.682,83.38876143203255,273.364,83.38876143203255
10,95,136.682,133.0446659334837,273.364,133.0446659334837
10,96,136.682,115.0570718332181,273.364,115.05707183321812
10,97,136.682,127.65031034171282,273.364,127.65031034171284
10,98,136.682,122.921488290266,273.364,122.92148829026598
10,99,136.682,108.21315568032036,273.364,108.21315568032036
11,0,142.31,100.45235935495315,284.62,100.45235935495316
11,1,142.31,108.8815323459211,284.62,108.8815323459211
11,2,142.31,108.5923563521899,284.62,108.5923563521899
11,3,142.31,162.72531925218019,325.45063850436037,162.72531925218019
11,4,142.31,169.1440996130207,338.2881992260414,169.1440996130207
11,5,142.31,181.47872398008636,362.9574479601727,181.47872398008636
11,6,142.31,146.91413641773053,293.82827283546106,146.91413641773053
11,7,142.31,144.10475517110984,288.2095103422197,144.10475517110984
11,8,142.31,139.98524193642808,284.62,139.98524193642808
11,9,142.31,167.3672354357669,334.7344708715338,167.3672354357669
11,10,142.31,168.60790576988504,337.2158115397701,168.60790576988504
11,11,142.31,112.97445014717924,284.62,112.97445014717924
11,12,142.31,101.97859819761727,284.62,101.97859819761727
11,13,142.31,178.35502313538444,356.7100462707689,178.35502313538444
11,14,142.31,152.92557973210987,305.85115946421973,152.92557973210987
11,15,142.31,167.8074490622604,335.6148981245208,167.8074490622604
11,16,142.31,163.81604526261054,327.6320905252211,163.81604526261054
11,17,142.31,141.75894128737087,284.62,141.75894128737087
11,18,142.31,89.4914110353751,284.62,89.49141103537511
11,19,142.31,119.02294451762774,284.62,119.02294451762774
11,20,142.31,100.66673764014847,284.62,100.66673764014847
11,21,142.31,138.37924193188778,284.62,138.37924193188778
11,22,142.31,144.253970680792,288.507941361584,144.253970680792
11,23,142.31,107.19956369908851,284.62,107.19956369908851
11,24,142.31,137.8538170305477,284.62,137.8538170305477
11,25,142.31,161.60850456357113,323.21700912714226,161.60850456357113
11,26,142.31,95.12695236133577,284.62,95.12695236133577
11,27,142.31,121.17152441154909,284.62,121.17152441154909
11,28,142.31,119.3972571584149,284.62,119.39725715841492
11,29,142.31,149.73400363914212,299.46800727828423,149.73400363914212
11,30,142.31,158.59419347470237,317.18838694940473,158.59419347470237
11,31,142.31,125.60212778740991,284.62,125.60212778740991
11,32,142.31,174.0123902207959,348.0247804415918,174.0123902207959
11,33,142.31,165.48760952481527,330.97521904963054,165.48760952481527
11,34,142.31,98.41471786519782,284.62,98.41471786519782
11,35,142.31,93.93677813691612,284.62,93.93677813691612
11,36,142.31,126.33567328753584,284.62,126.33567328753583
11,37,142.31,90.03152661076132,284.62,90.03152661076132
11,38,142.31,149.1167649124116,298.2335298248232,149.1167649124116
11,39,142.31,150.57393854056687,301.14787708113374,150.57393854056687
11,40,142.31,164.1849280902489,328.3698561804978,164.1849280902489
11,41,142.31,144.67426531836884,289.3485306367377,144.67426531836884
11,42,142.31,128.90243831273077,284.62,128.90243831273077
11,43,142.31,122.46434940201802,284.62,122.46434940201803
11,44,142.31,115.95238016831486,284.62,115.95238016831486
11,45,142.31,91.3895327888385,284.62,91.3895327888385
11,46,142.31,98.53098390642367,284.62,98.53098390642367
11,47,142.31,138.55900731771007,284.62,138.55900731771007
11,48,142.31,107.723414041335,284.62,107.723414041335
11,49,142.31,114.77396146985811,284.62,114.77396146985812
11,50,142.31,95.59186340896295,284.62,95.59186340896295
11,51,142.31,142.40405938585315,284.8081187717063,142.40405938585315
11,52,142.31,138.33850325078598,284.62,138.33850325078598
11,53,142.31,173.0599267512068,346.1198535024136,173.0599267512068
11,54,142.31,122.43963932124637,284.62,122.43963932124637
11,55,142.31,147.96191480077536,295.9238296015507,147.96191480077536
11,56,142.31,135.19569047390604,284.62,135.19569047390604
11,57,142.31,118.55079127694277,284.62,118.55079127694277
11,58,142.31,177.98352313487968,355.96704626975935,177.98352313487968
11,59,142.31,133.62128320606047,284.62,133.62128320606047
11,60,142.31,113.6504028483058,284.62,113.65040284830582
11,61,142.31,167.12275237147216,334.2455047429443,167.12275237147216
11,62,142.31,96.65165891547947,284.62,96.65165891547947
11,63,142.31,106.64318221239381,284.62,106.64318221239381
11,64,142.31,175.69570775304632,351.39141550609264,175.69570775304632
11,65,142.31,105.6573458021055,284.62,105.65734580210551
11,66,142.31,127.76349922774239,284.62,127.7634992277424
11,67,142.31,170.57459770412063,341.14919540824127,170.57459770412063
11,68,142.31,171.40292738811675,342.8058547762335,171.40292738811675
11,69,142.31,124.04749645651438,284.62,124.04749645651438
11,70,142.31,143.4855928194888,286.9711856389776,143.4855928194888
11,71,142.31,176.4814506037507,352.9629012075014,176.4814506037507
11,72,142.31,152.9043545158591,305.8087090317182,152.9043545158591
11,73,142.31,136.94370381220702,284.62,136.94370381220702
11,74,142.31,145.71326997025753,291.42653994051506,145.71326997025753
11,75,142.31,89.86644438902225,284.62,89.86644438902225
11,76,142.31,93.79997750092801,284.62,93.79997750092801
11,77,142.31,144.62573703089288,289.25147406178576,144.62573703089288
11,78,142.31,148.53457599855284,297.0691519971057,148.53457599855284
11,79,142.31,145.83053144998587,291.66106289997174,145.83053144998587
11,80,142.31,117.34340527849044,284.62,117.34340527849044
11,81,142.31,140.93300492762373,284.62,140.93300492762373
11,82,142.31,136.36588260923395,284.62,136.36588260923395
11,83,142.31,114.7307629250218,284.62,114.7307629250218
11,84,142.31,178.60183237148573,357.20366474297145,178.60183237148573
11,85,142.31,97.33313444613255,284.62,97.33313444613255
11,86,142.31,182.51847845039157,365.03695690078314,182.51847845039157
11,87,142.31,91.0041869350261,284.62,91.0041869350261
11,88,142.31,112.46233025319974,284.62,112.46233025319974
11,89,142.31,108.81711127644868,284.62,108.81711127644868
11,90,142.31,100.07546429203961,284.62,100.07546429203961
11,91,142.31,118.67520755535799,284.62,118.67520755535799
11,92,142.31,119.89548503302217,284.62,119.89548503302217
11,93,142.31,94.33308992520276,284.62,94.33308992520276
11,94,142.31,150.92534264217022,301.85068528434044,150.92534264217022
11,95,142.31,88.64101795159668,284.62,88.64101795159668
11,96,142.31,152.13007370653048,304.26014741306096,152.13007370653048
11,97,142.31,179.47790849059345,358.9558169811869,179.47790849059345
11,98,142.31,174.3866958963308,348.7733917926616,174.3866958963308
11,99,142.31,179.6024763663765,359.204952732753,179.6024763663765
12,0,157.02399999999997,165.6322795220122,331.2645590440244,165.6322795220122
12,1,157.02399999999997,176.74112614335982,353.48225228671964,176.74112614335982
12,2,157.02399999999997,208.49981931988583,416.99963863977166,208.49981931988583
12,3,157.02399999999997,155.6516769018473,314.04799999999994,155.6516769018473
12,4,157.02399999999997,197.58876572611211,395.17753145222423,197.58876572611211
12,5,157.02399999999997,189.73661711597222,379.47323423194445,189.73661711597222
12,6,157.02399999999997,148.80353964953684,314.04799999999994,148.80353964953684
12,7,157.02399999999997,142.02577231859078,314.04799999999994,142.02577231859078
12,8,157.02399999999997,223.09866227115825,446.1973245423165,223.09866227115825
12,9,157.02399999999997,160.21470204675924,320.4294040935185,160.21470204675924
12,10,157.02399999999997,214.05965569366543,428.11931138733087,214.05965569366546
12,11,157.02399999999997,128.67414195494848,314.04799999999994,128.67414195494848
12,12,157.02399999999997,148.05866398455396,314.04799999999994,148.05866398455396
12,13,157.02399999999997,121.92440576020186,314.04799999999994,121.92440576020186
12,14,157.02399999999997,206.07298176471187,412.14596352942374,206.07298176471187
12,15,157.02399999999997,136.04683225966684,314.04799999999994,136.04683225966684
12,16,157.02399999999997,175.98864012271503,351.97728024543005,175.98864012271503
12,17,157.02399999999997,171.1732818257703,342.3465636515406,171.1732818257703
12,18,157.02399999999997,176.16890206501563,352.33780413003126,176.16890206501563
12,19,157.02399999999997,124.66042947747061,314.04799999999994,124.66042947747063
12,20,157.02399999999997,147.81681274169642,314.04799999999994,147.81681274169642
12,21,157.02399999999997,216.07612210516174,432.1522442103235,216.07612210516174
12,22,157.02399999999997,164.84966200237875,329.6993240047575,164.84966200237875
12,23,157.02399999999997,226.19386019288777,452.38772038577554,226.19386019288777
12,24,157.02399999999997,133.9416816102635,314.04799999999994,133.9416816102635
12,25,157.02399999999997,218.36503646562005,436.7300729312401,218.36503646562005
12,26,157.02399999999997,218.5397792384021,437.0795584768042,218.5397792384021
12,27,157.02399999999997,183.859474281647,367.718948563294,183.859474281647
12,28,157.02399999999997,150.18762755160657,314.04799999999994,150.18762755160657
12,29,157.02399999999997,149.18297479866246,314.04799999999994,149.18297479866246
12,30,157.02399999999997,155.82411101378116,314.04799999999994,155.82411101378116
12,31,157.02399999999997,162.31191983189595,324.6238396637919,162.31191983189595
12,32,157.02399999999997,196.48465732241635,392.9693146448327,196.48465732241635
12,33,157.02399999999997,152.8661676741347,314.04799999999994,152.86616767413472
12,34,157.02399999999997,214.05472018291266,428.1094403658253,214.05472018291266
12,35,157.02399999999997,126.05419221160133,314.04799999999994,126.05419221160135
12,36,157.02399999999997,227.50686342138604,455.0137268427721,227.50686342138607
12,37,157.02399999999997,153.2469550474409,314.04799999999994,153.2469550474409
12,38,157.02399999999997,204.79413060302286,409.58826120604573,204.79413060302284
12,39,157.02399999999997,176.85212116334316,353.7042423266863,176.85212116334316
12,40,157.02399999999997,119.99688899674662,314.04799999999994,119.99688899674663
12,41,157.02399999999997,150.63669720738844,314.04799999999994,150.63669720738844
12,42,157.02399999999997,193.68061387111482,387.36122774222963,193.68061387111482
12,43,157.02399999999997,234.27737347617835,468.5547469523567,234.27737347617835
12,44,157.02399999999997,215.7242921850399,431.4485843700798,215.72429218503993
12,45,157.02399999999997,237.80047977317145,475.6009595463429,237.80047977317147
12,46,157.02399999999997,167.01323170248324,334.0264634049665,167.01323170248324
12,47,157.02399999999997,190.33548909386465,380.6709781877293,190.33548909386465
12,48,157.02399999999997,152.48241944110197,314.04799999999994,152.48241944110197
12,49,157.02399999999997,145.79746710512117,314.04799999999994,145.79746710512117
12,50,157.02399999999997,116.53030231131162,314.04799999999994,116.53030231131163
12,51,157.02399999999997,140.62940179348863,314.04799999999994,140.62940179348863
12,52,157.02399999999997,172.232508933416,344.465017866832,172.232508933416
12,53,157.02399999999997,139.55941739792593,314.04799999999994,139.55941739792593
12,54,157.02399999999997,230.07254338041813,460.14508676083625,230.07254338041813
12,55,157.02399999999997,137.97419383491183,314.04799999999994,137.97419383491183
12,56,157.02399999999997,225.5501557352561,451.1003114705122,225.5501557352561
12,57,157.02399999999997,233.0230626953526,466.0461253907052,233.02306269535256
12,58,157.02399999999997,216.3439245863032,432.6878491726064,216.34392458630322
12,59,157.02399999999997,183.07826218009873,366.15652436019747,183.07826218009873
12,60,157.02399999999997,180.68579384091714,361.3715876818343,180.68579384091714
12,61,157.02399999999997,164.90163711098796,329.8032742219759,164.90163711098796
12,62,157.02399999999997,159.89196120225992,319.78392240451984,159.89196120225992
12,63,157.02399999999997,202.638539917243,405.277079834486,202.638539917243
12,64,157.02399999999997,208.60016364401568,417.20032728803136,208.6001636440157
12,65,157.02399999999997,182.99274588593144,365.9854917718629,182.99274588593144
12,66,157.02399999999997,146.60837690974157,314.04799999999994,146.60837690974157
12,67,157.02399999999997,118.80368642384296,314.04799999999994,118.80368642384296
12,68,157.02399999999997,180.48899640337527,360.97799280675054,180.48899640337527
12,69,157.02399999999997,125.62219509232416,314.04799999999994,125.62219509232418
12,70,157.02399999999997,119.31884311321386,314.04799999999994,119.31884311321386
12,71,157.02399999999997,188.0412000092416,376.0824000184832,188.0412000092416
12,72,157.02399999999997,123.9706040200428,314.04799999999994,123.97060402004281
12,73,157.02399999999997,169.60797543425076,339.2159508685015,169.60797543425076
12,74,157.02399999999997,189.5370709477603,379.0741418955206,189.5370709477603
12,75,157.02399999999997,144.71319648198372,314.04799999999994,144.71319648198372
12,76,157.02399999999997,228.09487312124043,456.18974624248085,228.09487312124043
12,77,157.02399999999997,166.84584899246815,333.6916979849363,166.84584899246815
12,78,157.02399999999997,129.43047065152098,314.04799999999994,129.43047065152098
12,79,157.02399999999997,154.87193153091312,314.04799999999994,154.87193153091312
12,80,157.02399999999997,152.4526809488379,314.04799999999994,152.4526809488379
12,81,157.02399999999997,154.15052758675185,314.04799999999994,154.15052758675185
12,82,157.02399999999997,192.690844949462,385.381689898924,192.690844949462
12,83,157.02399999999997,125.55435153337794,314.04799999999994,125.55435153337795
12,84,157.02399999999997,216.16210856131164,432.3242171226233,216.16210856131164
12,85,157.02399999999997,235.2178201464653,470.4356402929306,235.21782014646527
12,86,157.02399999999997,121.13743365766122,314.04799999999994,121.13743365766123
12,87,157.02399999999997,217.4465028496208,434.8930056992416,217.44650284962083
12,88,157.02399999999997,209.19092674217654,418.3818534843531,209.19092674217654
12,89,157.02399999999997,220.94838652131597,441.89677304263193,220.948386521316
12,90,157.02399999999997,190.23375135779517,380.46750271559034,190.23375135779517
12,91,157.02399999999997,124.57875859001581,314.04799999999994,124.57875859001581
12,92,157.02399999999997,171.42234567156498,342.84469134312997,171.42234567156498
12,93,157.02399999999997,211.68656127810877,423.37312255621754,211.6865612781088
12,94,157.02399999999997,232.4173252053744,464.8346504107488,232.41732520537442
12,95,157.02399999999997,164.33327735701235,328.6665547140247,164.33327735701235
12,96,157.02399999999997,150.60661227354484,314.04799999999994,150.60661227354484
12,97,157.02399999999997,199.53649983403542,399.07299966807085,199.53649983403542
12,98,157.02399999999997,231.0098568695341,462.0197137390682,231.0098568695341
12,99,157.02399999999997,182.0616814808812,364.1233629617624,182.0616814808812
13,0,155.48399999999998,286.36441901609874,572.7288380321975,286.36441901609874
13,1,155.48399999999998,192.4575763425868,384.9151526851736,192.4575763425868
13,2,155.48399999999998,170.9421314280447,341.8842628560894,170.9421314280447
13,3,155.48399999999998,276.9525787815462,553.9051575630924,276.9525787815462
13,4,155.48399999999998,351.17344731512605,702.3468946302521,351.17344731512605
13,5,155.48399999999998,264.51125981973735,529.0225196394747,264.51125981973735
13,6,155.48399999999998,217.1945677513115,434.389135502623,217.1945677513115
13,7,155.48399999999998,233.98089869580048,467.96179739160095,233.98089869580048
13,8,155.48399999999998,321.7471160645633,643.4942321291265,321.7471160645633
13,9,155.48399999999998,291.599832218856,583.199664437712,291.599832218856
13,10,155.48399999999998,252.58097960293495,505.1619592058699,252.58097960293492
13,11,155.48399999999998,298.9480178304553,597.8960356609106,298.9480178304553
13,12,155.48399999999998,212.8825747565624,425.7651495131248,212.8825747565624
13,13,155.48399999999998,342.1280273472664,684.2560546945328,342.1280273472664
13,14,155.48399999999998,229.37266037226283,458.74532074452566,229.37266037226283
13,15,155.48399999999998,341.61393384458347,683.2278676891669,341.61393384458347
13,16,155.48399999999998,287.16662689226064,574.3332537845213,287.16662689226064
13,17,155.48399999999998,186.55897149147066,373.1179429829413,186.55897149147066
13,18,155.48399999999998,236.03729149308563,472.07458298617127,236.03729149308563
13,19,155.48399999999998,175.0786273867576,350.1572547735152,175.0786273867576
13,20,155.48399999999998,305.1396944817326,610.2793889634652,305.1396944817326
13,21,155.48399999999998,180.96753849826425,361.9350769965285,180.96753849826425
13,22,155.48399999999998,347.68425345980455,695.3685069196091,347.68425345980455
13,23,155.48399999999998,232.27103071310674,464.5420614262135,232.27103071310674
13,24,155.48399999999998,211.70190272566404,423.4038054513281,211.70190272566404
13,25,155.48399999999998,228.35812796879804,456.7162559375961,228.35812796879807
13,26,155.48399999999998,316.777330866294,633.554661732588,-3323.602418358336
13,27,155.48399999999998,239.2639073798112,478.5278147596224,239.2639073798112
13,28,155.48399999999998,326.45143715632435,652.9028743126487,326.45143715632435
13,29,155.48399999999998,300.9356594415367,601.8713188830734,300.9356594415367
13,30,155.48399999999998,207.97521647139104,415.9504329427821,207.97521647139106
13,31,155.48399999999998,241.59310038190878,483.18620076381757,241.59310038190878
13,32,155.48399999999998,207.98427642079824,415.9685528415965,207.98427642079824
13,33,155.48399999999998,320.21192495248573,640.4238499049715,320.21192495248573
13,34,155.48399999999998,211.34586955736012,422.69173911472024,211.3458695573601
13,35,155.48399999999998,220.1533401887088,440.3066803774176,220.1533401887088
13,36,155.48399999999998,306.9646554166259,613.9293108332517,306.9646554166259
13,37,155.48399999999998,292.3233100847154,584.6466201694308,292.3233100847154
13,38,155.48399999999998,202.96930596810765,405.9386119362153,202.96930596810765
13,39,155.48399999999998,338.02288671561274,676.0457734312255,338.02288671561274
13,40,155.48399999999998,280.82844442050055,561.6568888410011,280.82844442050055
13,41,155.48399999999998,273.72939410049895,547.4587882009979,273.72939410049895
13,42,155.48399999999998,210.5568056565297,421.1136113130594,210.5568056565297
13,43,155.48399999999998,206.9885367926536,413.9770735853072,206.9885367926536
13,44,155.48399999999998,292.48280524519726,584.9656104903945,292.48280524519726
13,45,155.48399999999998,243.90816025705098,487.81632051410196,243.90816025705098
13,46,155.48399999999998,269.92773640832974,539.8554728166595,269.92773640832974
13,47,155.48399999999998,195.31490129609486,390.6298025921897,195.31490129609486
13,48,155.48399999999998,233.50455380771353,467.00910761542707,233.50455380771353
13,49,155.48399999999998,271.8839446686472,543.7678893372944,271.8839446686472
13,50,155.48399999999998,303.6011392370878,607.2022784741756,303.6011392370878
13,51,155.48399999999998,295.6685462062211,591.3370924124422,295.6685462062211
13,52,155.48399999999998,188.85233569906467,377.70467139812934,188.85233569906467
13,53,155.48399999999998,270.7881282996876,541.5762565993753,270.7881282996876
13,54,155.48399999999998,290.1137398532135,580.227479706427,290.1137398532135
13,55,155.48399999999998,323.28382489813043,646.5676497962609,323.28382489813043
13,56,155.48399999999998,236.57729996085155,473.1545999217031,236.57729996085158
13,57,155.48399999999998,316.88769509989703,633.7753901997941,316.88769509989703
13,58,155.48399999999998,169.52576771124146,339.0515354224829,169.52576771124146
13,59,155.48399999999998,274.2104025644207,548.4208051288414,274.2104025644207
13,60,155.48399999999998,197.7058470978747,395.4116941957494,197.7058470978747
13,61,155.48399999999998,178.88247995760642,357.76495991521284,178.88247995760642
13,62,155.48399999999998,260.298495124036,520.596990248072,260.298495124036
13,63,155.48399999999998,222.69277972529787,445.38555945059574,222.69277972529787
13,64,155.48399999999998,218.52090444257723,437.04180888515447,218.52090444257723
13,65,155.48399999999998,278.8822675887356,557.7645351774712,278.8822675887356
13,66,155.48399999999998,220.19066225660328,440.38132451320655,220.19066225660328
13,67,155.48399999999998,233.04793978240602,466.09587956481204,233.04793978240605
13,68,155.48399999999998,233.19756103662152,466.39512207324304,233.19756103662152
13,69,155.48399999999998,269.5179268066607,539.0358536133214,269.5179268066607
13,70,155.48399999999998,340.63430651063555,681.2686130212711,340.63430651063555
13,71,155.48399999999998,186.7330380122464,373.4660760244928,186.73303801224642
13,72,155.48399999999998,226.63436683881486,453.2687336776297,226.63436683881488
13,73,155.48399999999998,295.5893276489133,591.1786552978266,295.5893276489133
13,74,155.48399999999998,221.2585848271882,442.5171696543764,221.2585848271882
13,75,155.48399999999998,327.54998499432406,655.0999699886481,327.54998499432406
13,76,155.48399999999998,219.4870580376106,438.9741160752212,219.4870580376106
13,77,155.48399999999998,200.0862058793843,400.1724117587686,200.0862058793843
13,78,155.48399999999998,189.3877225862098,378.7754451724196,189.3877225862098
13,79,155.48399999999998,295.9074950064972,591.8149900129944,295.9074950064972
13,80,155.48399999999998,179.32341379181494,358.6468275836299,179.32341379181494
13,81,155.48399999999998,264.5195306005908,529.0390612011817,264.5195306005908
13,82,155.48399999999998,170.3210599253041,340.6421198506082,170.3210599253041
13,83,155.48399999999998,268.9172273918902,537.8344547837804,268.9172273918902
13,84,155.48399999999998,229.10393836478943,458.20787672957886,229.10393836478943
13,85,155.48399999999998,282.3352711890978,564.6705423781956,282.3352711890978
13,86,155.48399999999998,323.14809458202336,646.2961891640467,323.14809458202336
13,87,155.48399999999998,322.34621681072065,644.6924336214413,322.34621681072065
13,88,155.48399999999998,214.39712259225252,428.79424518450503,214.39712259225252
13,89,155.48399999999998,225.13117447832838,450.26234895665675,225.13117447832838
13,90,155.48399999999998,197.46264091894355,394.9252818378871,197.46264091894355
13,91,155.48399999999998,349.6493163233257,699.2986326466514,349.6493163233257
13,92,155.48399999999998,190.4563429148985,380.912685829797,190.4563429148985
13,93,155.48399999999998,178.77144897536652,357.54289795073305,178.77144897536652
13,94,155.48399999999998,345.2326538928209,690.4653077856418,345.2326538928209
13,95,155.48399999999998,182.813961061564,365.627922123128,182.813961061564
13,96,155.48399999999998,217.91208834013727,435.82417668027455,217.91208834013727
13,97,155.48399999999998,178.70068596597187,357.40137193194374,178.70068596597187
13,98,155.48399999999998,337.98957959503616,675.9791591900723,337.98957959503616
13,99,155.48399999999998,264.26805815381704,528.5361163076341,264.26805815381704
14,0,170.142,160.880032285518,340.284,160.880032285518
14,1,170.142,137.33251666008383,340.284,137.33251666008383
14,2,170.142,130.98220336793895,340.284,130.98220336793895
14,3,170.142,116.09914024660405,340.284,116.09914024660407
14,4,170.142,103.56134002487853,340.284,103.56134002487853
14,5,170.142,149.72992856100748,340.284,149.72992856100748
14,6,170.142,100.71091003516669,340.284,100.7109100351667
14,7,170.142,86.73817833383144,340.284,86.73817833383144
14,8,170.142,129.87293246225514,340.284,129.87293246225514
14,9,170.142,96.72281367880262,340.284,96.72281367880262
14,10,170.142,104.41161711565782,340.284,104.41161711565783
14,11,170.142,158.442104849808,340.284,158.442104849808
14,12,170.142,142.56982407603934,340.284,142.56982407603934
14,13,170.142,89.53535069789204,340.284,340.284
14,14,170.142,159.21282340103036,340.284,159.21282340103036
14,15,170.142,159.48211790310367,340.284,159.48211790310367
14,16,170.142,162.20298360952592,340.284,162.20298360952592
14,17,170.142,127.02138930887749,340.284,127.0213893088775
14,18,170.142,113.34792028885597,340.284,113.34792028885599
14,19,170.142,153.76770863599342,340.284,153.76770863599342
14,20,170.142,161.86037433311284,340.284,161.86037433311284
14,21,170.142,150.87371239723836,340.284,150.87371239723836
14,22,170.142,162.62855476694395,340.284,162.62855476694395
14,23,170.142,88.18249676728232,340.284,88.18249676728232
14,24,170.142,82.08444625730826,340.284,82.08444625730826
14,25,170.142,139.6216108624273,340.284,139.6216108624273
14,26,170.142,98.47696048850644,340.284,98.47696048850644
14,27,170.142,140.40579232368103,340.284,140.40579232368103
14,28,170.142,111.53672884401482,340.284,111.53672884401482
14,29,170.142,133.04317615198028,340.284,133.04317615198028
14,30,170.142,104.10949065501441,340.284,104.1094906550144
14,31,170.142,97.31755396696906,340.284,97.31755396696906
14,32,170.142,100.43974077539893,340.284,340.284
14,33,170.142,142.69502381279761,340.284,142.69502381279761
14,34,170.142,148.12305922527887,340.284,148.12305922527887
14,35,170.142,84.64244646898021,340.284,84.64244646898021
14,36,170.142,134.39333804158915,340.284,340.284
14,37,170.142,167.4963056811891,340.284,167.4963056811891
14,38,170.142,160.8586434748521,340.284,160.8586434748521
14,39,170.142,87.05190347197308,340.284,340.284
14,40,170.142,132.28735588652356,340.284,132.28735588652356
14,41,170.142,158.79149310171567,340.284,158.79149310171567
14,42,170.142,144.37355493713204,340.284,144.37355493713204
14,43,170.142,133.05167191833988,340.284,340.284
14,44,170.142,108.62644293334453,340.284,108.62644293334453
14,45,170.142,89.87828638833538,340.284,340.284
14,46,170.142,129.35704767089794,340.284,334.7451700161858
14,47,170.142,140.9780014338608,340.284,140.9780014338608
14,48,170.142,135.0501049612639,340.284,135.0501049612639
14,49,170.142,107.07579725813882,340.284,107.07579725813883
14,50,170.142,166.30517753768837,340.284,166.30517753768837
14,51,170.142,122.54665206971299,340.284,122.546652069713
14,52,170.142,106.19475794378272,340.284,106.19475794378272
14,53,170.142,151.6567921983863,340.284,151.6567921983863
14,54,170.142,139.81601404527757,340.284,139.81601404527757
14,55,170.142,150.98663968391725,340.284,150.98663968391725
14,56,170.142,108.90027606504557,340.284,108.90027606504557
14,57,170.142,110.87305354093779,340.284,110.87305354093779
14,58,170.142,92.12974530865372,340.284,92.12974530865372
14,59,170.142,81.27235276850712,340.284,81.27235276850712
14,60,170.142,81.749840261288,340.284,81.749840261288
14,61,170.142,159.1991490041095,340.284,159.1991490041095
14,62,170.142,156.38897761449525,340.284,156.38897761449525
14,63,170.142,139.4421338409802,340.284,139.4421338409802
14,64,170.142,88.88868069400318,340.284,340.284
14,65,170.142,98.12747435080566,340.284,98.12747435080566
14,66,170.142,148.3744175955289,340.284,148.3744175955289
14,67,170.142,81.1912055449299,340.284,81.1912055449299
14,68,170.142,138.38023439612783,340.284,138.38023439612783
14,69,170.142,82.21382889708798,340.284,82.21382889708799
14,70,170.142,139.75128387615604,340.284,139.75128387615604
14,71,170.142,103.36997175771998,340.284,103.36997175771998
14,72,170.142,150.92718020036904,340.284,150.92718020036904
14,73,170.142,131.21962961272123,340.284,131.21962961272123
14,74,170.142,106.99671614165518,340.284,106.99671614165518
14,75,170.142,140.94210167196,340.284,140.94210167196
14,76,170.142,88.71761166738459,340.284,88.71761166738459
14,77,170.142,85.31826902741977,340.284,85.31826902741977
14,78,170.142,117.12321772144298,340.284,117.12321772144298
14,79,170.142,136.3701637609762,340.284,340.284
14,80,170.142,141.6575152531493,340.284,141.6575152531493
14,81,170.142,166.15916523734575,340.284,166.15916523734575
14,82,170.142,98.2587333729321,340.284,98.2587333729321
14,83,170.142,109.58151021665863,340.284,109.58151021665863
14,84,170.142,109.42964117327878,340.284,109.42964117327878
14,85,170.142,89.00460391264683,340.284,340.284
14,86,170.142,96.30508293399045,340.284,96.30508293399045
14,87,170.142,95.10258691204474,340.284,95.10258691204474
14,88,170.142,82.7921055322119,340.284,340.284
14,89,170.142,157.27807552710556,340.284,157.27807552710556
14,90,170.142,98.70740287479053,340.284,98.70740287479053
14,91,170.142,113.51176856138174,340.284,113.51176856138174
14,92,170.142,159.57945956337048,340.284,159.57945956337048
14,93,170.142,162.24076039629168,340.284,162.24076039629168
14,94,170.142,161.42288212956845,340.284,161.42288212956845
14,95,170.142,150.3375221019235,340.284,150.3375221019235
14,96,170.142,135.99750842294313,340.284,135.99750842294313
14,97,170.142,158.07958413972634,340.284,158.07958413972634
14,98,170.142,164.3801812467701,340.284,164.3801812467701
14,99,170.142,158.9835719544424,340.284,158.9835719544424
15,0,183.98799999999997,284.0441307343062,568.0882614686124,284.0441307343062
15,1,183.98799999999997,369.33038531014665,738.6607706202933,369.33038531014665
15,2,183.98799999999997,270.50026889899897,541.0005377979979,270.50026889899897
15,3,183.98799999999997,208.69124120045555,417.3824824009111,208.69124120045558
15,4,183.98799999999997,299.67326992095127,599.3465398419025,299.67326992095127
15,5,183.98799999999997,369.92259089292105,739.8451817858421,369.92259089292105
15,6,183.98799999999997,221.55647779778542,443.11295559557084,221.55647779778542
15,7,183.98799999999997,228.0208513584111,456.0417027168222,228.02085135841114
15,8,183.98799999999997,382.51769716810037,765.0353943362007,382.51769716810037
15,9,183.98799999999997,356.0391219735556,712.0782439471112,356.0391219735556
15,10,183.98799999999997,267.51163158599513,535.0232631719903,267.51163158599513
15,11,183.98799999999997,328.0394622209355,656.078924441871,328.0394622209355
15,12,183.98799999999997,223.59922949807836,447.1984589961567,223.5992294980784
15,13,183.98799999999997,340.40778643718767,680.8155728743753,340.40778643718767
15,14,183.98799999999997,351.70676118965486,703.4135223793097,351.70676118965486
15,15,183.98799999999997,395.62076496191196,791.2415299238239,395.62076496191196
15,16,183.98799999999997,229.3705588860729,458.7411177721458,229.37055888607293
15,17,183.98799999999997,249.6026371650263,499.2052743300526,249.6026371650263
15,18,183.98799999999997,258.87470228909547,517.7494045781909,258.87470228909547
15,19,183.98799999999997,356.70231932210726,713.4046386442145,356.70231932210726
15,20,183.98799999999997,357.838978877101,715.677957754202,357.838978877101
15,21,183.98799999999997,350.90835292855604,701.8167058571121,350.90835292855604
15,22,183.98799999999997,206.88915535950687,413.77831071901375,206.88915535950687
15,23,183.98799999999997,265.6511214918857,531.3022429837714,265.6511214918857
15,24,183.98799999999997,254.88511358492252,509.77022716984504,254.88511358492252
15,25,183.98799999999997,282.5029101957762,565.0058203915524,282.5029101957762
15,26,183.98799999999997,205.37912257894365,410.7582451578873,205.37912257894365
15,27,183.98799999999997,300.8920189399019,601.7840378798038,300.8920189399019
15,28,183.98799999999997,246.7651238052695,493.530247610539,246.7651238052695
15,29,183.98799999999997,398.3932367981942,796.7864735963884,398.3932367981942
15,30,183.98799999999997,207.68001185321756,415.36002370643513,207.68001185321756
15,31,183.98799999999997,407.4656149440849,814.9312298881698,407.4656149440849
15,32,183.98799999999997,292.97843114738816,585.9568622947763,292.97843114738816
15,33,183.98799999999997,334.1193487330793,668.2386974661586,334.1193487330793
15,34,183.98799999999997,392.2754928270988,784.5509856541976,392.2754928270988
15,35,183.98799999999997,336.1673047124641,672.3346094249282,336.1673047124641
15,36,183.98799999999997,261.41873173141846,522.8374634628369,261.41873173141846
15,37,183.98799999999997,406.0112643934693,812.0225287869386,406.0112643934692
15,38,183.98799999999997,327.12074305620456,654.2414861124091,327.12074305620456
15,39,183.98799999999997,350.52622899454826,701.0524579890965,350.52622899454826
15,40,183.98799999999997,372.57625308348395,745.1525061669679,372.57625308348395
15,41,183.98799999999997,325.0652659131048,650.1305318262096,325.0652659131048
15,42,183.98799999999997,302.73450357076155,605.4690071415231,302.73450357076155
15,43,183.98799999999997,387.7612985524138,775.5225971048276,387.7612985524138
15,44,183.98799999999997,237.14203734031318,474.28407468062636,237.1420373403132
15,45,183.98799999999997,292.926609538125,585.85321907625,292.926609538125
15,46,183.98799999999997,288.67230775469903,577.3446155093981,288.67230775469903
15,47,183.98799999999997,298.43789087220915,596.8757817444183,298.43789087220915
15,48,183.98799999999997,263.95243166260326,527.9048633252065,263.95243166260326
15,49,183.98799999999997,249.8985476845161,499.7970953690322,249.8985476845161
15,50,183.98799999999997,258.1979924404589,516.3959848809178,258.1979924404589
15,51,183.98799999999997,311.720574816784,623.441149633568,311.720574816784
15,52,183.98799999999997,368.7610230004331,737.5220460008662,368.76102300043317
15,53,183.98799999999997,341.9319034706046,683.8638069412092,341.9319034706046
15,54,183.98799999999997,318.51809846250325,637.0361969250065,318.51809846250325
15,55,183.98799999999997,397.1160053379324,794.2320106758648,397.1160053379324
15,56,183.98799999999997,294.16194867074694,588.3238973414939,294.16194867074694
15,57,183.98799999999997,384.7032821763693,769.4065643527387,384.7032821763693
15,58,183.98799999999997,278.8094133534553,557.6188267069106,278.8094133534553
15,59,183.98799999999997,341.1549209861349,682.3098419722699,341.1549209861349
15,60,183.98799999999997,214.5135925736147,429.0271851472294,214.51359257361472
15,61,183.98799999999997,333.2939445551059,666.5878891102118,333.2939445551059
15,62,183.98799999999997,336.63936531838254,673.2787306367651,336.63936531838254
15,63,183.98799999999997,347.68739002348906,695.3747800469781,347.68739002348906
15,64,183.98799999999997,406.32605102962526,812.6521020592505,406.3260510296253
15,65,183.98799999999997,381.5120359492296,763.0240718984592,381.5120359492296
15,66,183.98799999999997,222.3872935282627,444.7745870565254,222.3872935282627
15,67,183.98799999999997,406.0454015630101,812.0908031260202,406.0454015630101
15,68,183.98799999999997,309.41862703917604,618.8372540783521,309.41862703917604
15,69,183.98799999999997,374.4103428269517,748.8206856539034,374.4103428269517
15,70,183.98799999999997,307.38201726969845,614.7640345393969,307.38201726969845
15,71,183.98799999999997,398.86566307402114,797.7313261480423,398.86566307402114
15,72,183.98799999999997,381.87839811406224,763.7567962281245,381.87839811406224
15,73,183.98799999999997,409.6768664620392,819.3537329240784,409.67686646203913
15,74,183.98799999999997,328.78931759395573,657.5786351879115,328.78931759395573
15,75,183.98799999999997,249.26392599978664,498.5278519995733,249.26392599978664
15,76,183.98799999999997,407.68076858041957,815.3615371608391,407.6807685804196
15,77,183.98799999999997,275.50633971466345,551.0126794293269,275.50633971466345
15,78,183.98799999999997,205.3863804185717,410.7727608371434,205.3863804185717
15,79,183.98799999999997,314.02570957345176,628.0514191469035,314.02570957345176
15,80,183.98799999999997,317.11579507569564,634.2315901513913,317.1157950756957
15,81,183.98799999999997,258.4427288442006,516.8854576884012,258.4427288442006
15,82,183.98799999999997,256.98934211457413,513.9786842291483,256.98934211457413
15,83,183.98799999999997,293.90398591127666,587.8079718225533,293.90398591127666
15,84,183.98799999999997,306.6445062165499,613.2890124330999,306.6445062165499
15,85,183.98799999999997,222.0000008114972,444.0000016229944,222.0000008114972
15,86,183.98799999999997,406.93394337870126,813.8678867574025,406.93394337870126
15,87,183.98799999999997,282.78371222998436,565.5674244599687,282.78371222998436
15,88,183.98799999999997,282.423181290787,564.846362581574,282.423181290787
15,89,183.98799999999997,352.8022388280585,705.604477656117,352.8022388280585
15,90,183.98799999999997,268.05787619527865,536.1157523905573,268.05787619527865
15,91,183.98799999999997,264.8644904423793,529.7289808847586,264.8644904423793
15,92,183.98799999999997,314.5210329223849,629.0420658447698,314.5210329223849
15,93,183.98799999999997,260.6437003323462,521.2874006646924,260.6437003323462
15,94,183.98799999999997,332.57628250056194,665.1525650011239,332.57628250056194
15,95,183.98799999999997,311.0789067310703,622.1578134621406,311.0789067310703
15,96,183.98799999999997,384.35757775356575,768.7151555071315,384.35757775356575
15,97,183.98799999999997,362.88353697562087,725.7670739512417,362.88353697562087
15,98,183.98799999999997,259.14783510353107,518.2956702070621,259.14783510353107
15,99,183.98799999999997,256.3164403489524,512.6328806979049,256.3164403489524
16,0,191.702,174.88967246447868,383.404,174.88967246447868
16,1,191.702,173.22925689561248,383.404,173.22925689561248
16,2,191.702,105.85920555751916,383.404,105.85920555751915
16,3,191.702,150.6516966269239,383.404,383.404
16,4,191.702,181.73166790287146,383.404,181.73166790287146
16,5,191.702,186.2996612475028,383.404,186.2996612475028
16,6,191.702,175.50612710469872,383.404,175.50612710469872
16,7,191.702,114.05715671145678,383.404,383.404
16,8,191.702,123.17556285004471,383.404,123.17556285004471
16,9,191.702,127.56447432587409,383.404,127.5644743258741
16,10,191.702,123.88470240263801,383.404,123.88470240263803
16,11,191.702,116.01471738016092,383.404,116.01471738016092
16,12,191.702,193.9808388720589,387.9616777441178,193.98083887205894
16,13,191.702,100.9457386575477,383.404,383.404
16,14,191.702,183.54365729140517,383.404,183.54365729140517
16,15,191.702,106.8803752336387,383.404,106.88037523363872
16,16,191.702,188.7892076261031,383.404,188.7892076261031
16,17,191.702,176.8143090756347,383.404,176.8143090756347
16,18,191.702,157.8336883661779,383.404,157.8336883661779
16,19,191.702,170.8878419584729,383.404,170.8878419584729
16,20,191.702,144.88122013396304,383.404,144.88122013396304
16,21,191.702,128.32036382311873,383.404,383.404
16,22,191.702,172.96062941847717,383.404,302.4501665978434
16,23,191.702,121.24964566021134,383.404,121.24964566021134
16,24,191.702,156.5323742845415,383.404,156.5323742845415
16,25,191.702,191.78042226947707,383.56084453895414,191.78042226947707
16,26,191.702,192.70859143351709,385.41718286703417,192.70859143351709
16,27,191.702,109.73487287091884,383.404,109.73487287091884
16,28,191.702,136.61803006590634,383.404,136.61803006590634
16,29,191.702,116.53037661901561,383.404,116.53037661901561
16,30,191.702,194.11793136434122,388.23586272868243,194.11793136434122
16,31,191.702,145.59219355174602,383.404,145.59219355174602
16,32,191.702,196.77326265996834,393.5465253199367,196.77326265996834
16,33,191.702,124.91149579152135,383.404,124.91149579152135
16,34,191.702,139.40848586882626,383.404,139.40848586882626
16,35,191.702,165.82743028099125,383.404,383.404
16,36,191.702,136.38995276657988,383.404,383.404
16,37,191.702,201.19063010032374,402.3812602006475,201.19063010032377
16,38,191.702,122.86222331421247,383.404,122.86222331421249
16,39,191.702,148.2811389913778,383.404,148.2811389913778
16,40,191.702,156.10281831686066,383.404,156.10281831686066
16,41,191.702,137.70146355390273,383.404,137.70146355390273
16,42,191.702,109.1967297602034,383.404,109.1967297602034
16,43,191.702,106.79338616555144,383.404,106.79338616555145
16,44,191.702,151.94393185784367,383.404,151.94393185784367
16,45,191.702,97.51391870811446,383.404,97.51391870811446
16,46,191.702,96.98847826987353,383.404,96.98847826987353
16,47,191.702,179.15988505907362,383.404,179.15988505907362
16,48,191.702,150.4773966978921,383.404,150.4773966978921
16,49,191.702,187.07535761402926,383.404,187.07535761402926
16,50,191.702,133.0610829305059,383.404,383.404
16,51,191.702,192.09182725528063,384.18365451056127,192.09182725528063
16,52,191.702,192.19517401560702,384.39034803121405,384.39034803121405
16,53,191.702,158.66023500315018,383.404,383.404
16,54,191.702,139.3505526492499,383.404,139.3505526492499
16,55,191.702,146.67991942455745,383.404,146.67991942455745
16,56,191.702,127.52373676606538,383.404,127.52373676606538
16,57,191.702,175.35493267131542,383.404,175.35493267131542
16,58,191.702,164.42208849810643,383.404,164.42208849810643
16,59,191.702,162.0847046911548,383.404,162.0847046911548
16,60,191.702,136.6075595653213,383.404,136.6075595653213
16,61,191.702,182.6975821655451,383.404,383.404
16,62,191.702,151.12095642913988,383.404,151.12095642913988
16,63,191.702,133.0596558155856,383.404,133.0596558155856
16,64,191.702,108.41017856892307,383.404,108.41017856892307
16,65,191.702,111.71497432171363,383.404,383.404
16,66,191.702,144.89060625710735,383.404,144.89060625710735
16,67,191.702,184.67544065709637,383.404,383.404
16,68,191.702,147.6396348683634,383.404,147.6396348683634
16,69,191.702,106.68402018134896,383.404,106.68402018134896
16,70,191.702,157.50881482196075,383.404,383.404
16,71,191.702,175.57246681728307,383.404,175.57246681728307
16,72,191.702,180.32288949344385,383.404,180.32288949344385
16,73,191.702,172.84013008523263,383.404,172.84013008523263
16,74,191.702,177.7395059734743,383.404,177.7395059734743
16,75,191.702,111.01533222064674,383.404,111.01533222064674
16,76,191.702,127.6126735293139,383.404,127.6126735293139
16,77,191.702,190.49264819806476,383.404,190.49264819806476
16,78,191.702,174.88212088923788,383.404,174.88212088923788
16,79,191.702,137.4388326726438,383.404,137.4388326726438
16,80,191.702,156.44587378827381,383.404,383.404
16,81,191.702,161.000469530595,383.404,161.000469530595
16,82,191.702,185.49628642194625,383.404,185.49628642194625
16,83,191.702,159.00548726170624,383.404,159.00548726170624
16,84,191.702,168.75552663417193,383.404,168.75552663417193
16,85,191.702,185.95623206226608,383.404,185.95623206226608
16,86,191.702,195.07434415031537,390.14868830063074,195.07434415031537
16,87,191.702,185.07665841509592,383.404,383.404
16,88,191.702,128.18701940129856,383.404,128.18701940129856
16,89,191.702,107.53300252969619,383.404,107.5330025296962
16,90,191.702,146.75082763695244,383.404,146.75082763695244
16,91,191.702,183.9025293130297,383.404,383.404
16,92,191.702,154.08700519470713,383.404,154.08700519470713
16,93,191.702,188.5203508573017,383.404,188.5203508573017
16,94,191.702,123.29825117628772,383.404,123.29825117628772
16,95,191.702,123.40656175983669,383.404,123.40656175983669
16,96,191.702,106.7329762401619,383.404,106.73297624016192
16,97,191.702,129.70351862084868,383.404,129.70351862084868
16,98,191.702,97.05667686221096,383.404,97.05667686221096
16,99,191.702,144.34497128590186,383.404,144.34497128590186
17,0,185.29,224.6561427770773,449.3122855541546,224.6561427770773
17,1,185.29,203.29941036814685,406.5988207362937,203.29941036814688
17,2,185.29,220.39600761122261,440.79201522244523,220.39600761122261
17,3,185.29,225.95363847709228,451.90727695418457,225.95363847709228
17,4,185.29,234.93803010080615,469.8760602016123,234.93803010080617
17,5,185.29,172.26386102452867,370.58,172.26386102452867
17,6,185.29,144.84335512946305,370.58,144.84335512946305
17,7,185.29,162.56536159617855,370.58,162.56536159617855
17,8,185.29,157.57730514694677,370.58,157.57730514694677
17,9,185.29,142.00788639186987,370.58,142.00788639186987
17,10,185.29,270.93185117500747,541.8637023500149,270.93185117500747
17,11,185.29,158.96723433126738,370.58,158.96723433126738
17,12,185.29,134.0318441317404,370.58,134.0318441317404
17,13,185.29,248.78427428738152,497.56854857476304,248.78427428738155
17,14,185.29,201.37943762750257,402.75887525500514,201.37943762750257
17,15,185.29,136.4299617244657,370.58,136.4299617244657
17,16,185.29,248.91932296968338,497.83864593936676,248.91932296968338
17,17,185.29,256.22681383014884,512.4536276602977,256.22681383014884
17,18,185.29,232.51295115230207,465.02590230460413,232.5129511523021
17,19,185.29,183.49820231903408,370.58,183.49820231903408
17,20,185.29,224.60187884676978,449.20375769353956,224.60187884676975
17,21,185.29,204.30097036771951,408.60194073543903,204.30097036771951
17,22,185.29,267.94131842309963,535.8826368461993,267.94131842309963
17,23,185.29,208.5898228489356,417.1796456978712,208.58982284893563
17,24,185.29,258.0504220368434,516.1008440736867,258.0504220368434
17,25,185.29,196.61631530302563,393.23263060605126,196.61631530302563
17,26,185.29,181.272427395993,370.58,181.272427395993
17,27,185.29,171.6377471834367,370.58,171.6377471834367
17,28,185.29,136.36621100411236,370.58,136.36621100411236
17,29,185.29,164.34237437388808,370.58,164.34237437388808
17,30,185.29,271.57037907473796,543.1407581494759,271.57037907473796
17,31,185.29,167.21518705086902,370.58,167.21518705086902
17,32,185.29,201.25162130132475,402.5032426026495,201.25162130132478
17,33,185.29,146.75398560277102,370.58,146.75398560277102
17,34,185.29,178.34159406093946,370.58,178.34159406093946
17,35,185.29,247.27504950201362,494.55009900402723,247.2750495020136
17,36,185.29,210.86923777987639,421.73847555975277,210.86923777987639
17,37,185.29,258.9509976293658,517.9019952587316,258.9509976293658
17,38,185.29,250.08003924477967,500.16007848955934,250.0800392447797
17,39,185.29,229.34565741919474,458.6913148383895,229.34565741919474
17,40,185.29,259.18828405780647,518.3765681156129,259.18828405780647
17,41,185.29,274.2435856192732,548.4871712385464,274.2435856192732
17,42,185.29,165.65294404816976,370.58,165.65294404816976
17,43,185.29,193.02098621517317,386.04197243034633,193.02098621517317
17,44,185.29,193.61094700366996,387.2218940073399,193.61094700366996
17,45,185.29,179.80173807108076,370.58,179.80173807108076
17,46,185.29,262.47239361385346,524.9447872277069,262.47239361385346
17,47,185.29,256.0459592338526,512.0919184677052,256.0459592338526
17,48,185.29,180.05914066011943,370.58,180.05914066011943
17,49,185.29,224.93364185748814,449.8672837149763,224.93364185748814
17,50,185.29,246.26401858935068,492.52803717870137,246.26401858935068
17,51,185.29,253.8943549636339,507.7887099272678,253.89435496363393
17,52,185.29,268.23801251500987,536.4760250300197,268.23801251500987
17,53,185.29,273.06197458801006,546.1239491760201,273.06197458801006
17,54,185.29,178.618957793455,370.58,178.618957793455
17,55,185.29,234.87284524312966,469.7456904862593,234.8728452431297
17,56,185.29,160.09244618196993,370.58,160.09244618196993
17,57,185.29,244.04194315555227,488.08388631110455,244.04194315555227
17,58,185.29,207.63212850677252,415.26425701354503,207.63212850677252
17,59,185.29,268.27830435229043,536.5566087045809,268.27830435229043
17,60,185.29,245.95083060814585,491.9016612162917,245.95083060814585
17,61,185.29,196.51370014185966,393.0274002837193,196.51370014185966
17,62,185.29,242.17425083941848,484.34850167883695,242.1742508394185
17,63,185.29,204.29325681117612,408.58651362235224,204.29325681117612
17,64,185.29,218.6076594945305,437.215318989061,218.60765949453048
17,65,185.29,237.7166733833531,475.4333467667062,237.7166733833531
17,66,185.29,223.24686127612327,446.49372255224654,223.24686127612327
17,67,185.29,261.9985538195844,523.9971076391688,261.9985538195844
17,68,185.29,153.83588424643472,370.58,153.83588424643472
17,69,185.29,168.85759031549475,370.58,168.85759031549475
17,70,185.29,143.8293881493362,370.58,143.8293881493362
17,71,185.29,219.47243203444248,438.94486406888495,219.47243203444248
17,72,185.29,261.10187294127917,522.2037458825583,261.10187294127917
17,73,185.29,218.65289105428786,437.3057821085757,218.6528910542879
17,74,185.29,263.6189832144566,527.2379664289132,263.6189832144566
17,75,185.29,137.53851387485904,370.58,137.53851387485904
17,76,185.29,184.17416607389373,370.58,184.17416607389373
17,77,185.29,211.21809923299904,422.4361984659981,211.21809923299907
17,78,185.29,245.320285165315,490.64057033063,245.320285165315
17,79,185.29,275.3975453836698,550.7950907673396,275.3975453836698
17,80,185.29,134.90662193290643,370.58,134.90662193290643
17,81,185.29,173.50975424069614,370.58,173.50975424069614
17,82,185.29,247.8729977785575,495.745995557115,247.8729977785575
17,83,185.29,167.26913520658834,370.58,167.26913520658834
17,84,185.29,206.96883115988751,413.93766231977503,206.96883115988754
17,85,185.29,138.88639948250605,370.58,138.88639948250605
17,86,185.29,203.85363098624626,407.7072619724925,203.85363098624626
17,87,185.29,185.4730562103423,370.9461124206846,185.4730562103423
17,88,185.29,166.24463356648343,370.58,166.24463356648343
17,89,185.29,252.69631266538448,505.39262533076896,252.6963126653845
17,90,185.29,143.43766348066612,370.58,143.43766348066612
17,91,185.29,219.89661676915256,439.7932335383051,219.89661676915256
17,92,185.29,216.17991839477372,432.35983678954744,216.17991839477372
17,93,185.29,158.40234700317646,370.58,158.40234700317646
17,94,185.29,190.14373920917282,380.28747841834564,190.14373920917282
17,95,185.29,176.2028563072318,370.58,176.2028563072318
17,96,185.29,245.86157240373834,491.7231448074767,245.86157240373834
17,97,185.29,209.96700499581283,419.93400999162566,209.96700499581286
17,98,185.29,267.81553235028895,535.6310647005779,267.81553235028895
17,99,185.29,254.85764795554013,509.71529591108026,254.85764795554013
18,0,155.512,174.1299048347585,348.259809669517,174.1299048347585
18,1,155.512,153.23524891268178,311.024,153.23524891268178
18,2,155.512,135.5262199082082,311.024,135.5262199082082
18,3,155.512,145.30618719140472,311.024,145.30618719140472
18,4,155.512,142.37598750781697,311.024,142.37598750781697
18,5,155.512,203.81286546722842,407.62573093445684,203.81286546722842
18,6,155.512,202.76056156818967,405.52112313637934,202.7605615681897
18,7,155.512,167.02678591721056,334.0535718344211,167.02678591721056
18,8,155.512,195.50747255375188,391.01494510750376,195.50747255375188
18,9,155.512,208.88493467529977,417.76986935059955,208.88493467529975
18,10,155.512,200.49629499004294,400.9925899800859,200.49629499004294
18,11,155.512,112.26755447701396,311.024,112.26755447701396
18,12,155.512,180.6002653261647,361.2005306523294,180.6002653261647
18,13,155.512,131.07447280831047,311.024,131.07447280831047
18,14,155.512,110.73114839075443,311.024,110.73114839075441
18,15,155.512,114.43865332180982,311.024,114.43865332180982
18,16,155.512,171.25169031743997,342.50338063487993,171.25169031743997
18,17,155.512,151.62459427779632,311.024,151.62459427779632
18,18,155.512,166.86090158613402,333.72180317226804,166.86090158613402
18,19,155.512,132.6656324529784,311.024,132.6656324529784
18,20,155.512,156.1696824345246,312.3393648690492,156.1696824345246
18,21,155.512,172.9259007464608,345.8518014929216,172.9259007464608
18,22,155.512,200.104633864379,400.209267728758,200.104633864379
18,23,155.512,161.04396454667545,322.0879290933509,161.04396454667545
18,24,155.512,182.40951104888765,364.8190220977753,182.40951104888765
18,25,155.512,143.9267331647197,311.024,143.9267331647197
18,26,155.512,159.18004412568303,318.36008825136605,159.18004412568303
18,27,155.512,144.7899507616112,311.024,144.7899507616112
18,28,155.512,166.58533557370978,333.17067114741957,166.58533557370978
18,29,155.512,106.97894730580494,311.024,106.97894730580495
18,30,155.512,143.29030733282704,311.024,143.29030733282704
18,31,155.512,187.4210175013184,374.8420350026368,187.4210175013184
18,32,155.512,172.86331859050463,345.72663718100927,172.86331859050463
18,33,155.512,187.4129492161787,374.8258984323574,187.4129492161787
18,34,155.512,142.78805455729972,311.024,142.78805455729972
18,35,155.512,164.54847194558673,329.09694389117345,164.54847194558673
18,36,155.512,159.2363742205807,318.4727484411614,159.2363742205807
18,37,155.512,114.75252054033895,311.024,114.75252054033895
18,38,155.512,199.7371983769049,399.4743967538098,199.7371983769049
18,39,155.512,163.59519598721798,327.19039197443595,163.59519598721798
18,40,155.512,166.75052629622968,333.50105259245936,166.75052629622968
18,41,155.512,113.98038304948683,311.024,113.98038304948683
18,42,155.512,184.06813559203687,368.13627118407373,184.06813559203687
18,43,155.512,176.03121807988737,352.06243615977473,176.03121807988737
18,44,155.512,140.02340351170977,311.024,140.02340351170977
18,45,155.512,166.93223956982624,333.8644791396525,166.93223956982624
18,46,155.512,153.89179858950195,311.024,153.89179858950195
18,47,155.512,180.99654431886492,361.99308863772984,180.99654431886492
18,48,155.512,117.51874652331766,311.024,117.51874652331766
18,49,155.512,107.03557629876072,311.024,107.03557629876073
18,50,155.512,144.79349585440255,311.024,144.79349585440255
18,51,155.512,189.38902869939656,378.7780573987931,189.38902869939656
18,52,155.512,124.54401189885057,311.024,124.54401189885058
18,53,155.512,105.42218016851682,311.024,105.4221801685168
18,54,155.512,173.48425692075375,346.9685138415075,173.48425692075375
18,55,155.512,143.26165316266477,311.024,143.26165316266477
18,56,155.512,107.74101151868044,311.024,107.74101151868042
18,57,155.512,176.95539333403792,353.91078666807584,176.95539333403792
18,58,155.512,149.16226084277545,311.024,149.16226084277545
18,59,155.512,124.0132739907021,311.024,124.0132739907021
18,60,155.512,130.22827828123772,311.024,130.22827828123772
18,61,155.512,188.69336926255679,377.38673852511357,188.69336926255679
18,62,155.512,103.12185374525562,311.024,103.12185374525562
18,63,155.512,104.32711066685127,311.024,104.32711066685127
18,64,155.512,122.9280737752284,311.024,122.92807377522841
18,65,155.512,174.76509647490454,349.5301929498091,174.76509647490454
18,66,155.512,210.7167372493982,421.4334744987964,210.7167372493982
18,67,155.512,132.5642818203695,311.024,132.5642818203695
18,68,155.512,173.378437898567,346.756875797134,173.378437898567
18,69,155.512,158.21261527214975,316.4252305442995,158.21261527214975
18,70,155.512,204.521928147475,409.04385629495,204.521928147475
18,71,155.512,146.4956280391761,311.024,146.4956280391761
18,72,155.512,127.892601394119,311.024,127.892601394119
18,73,155.512,134.99377353367515,311.024,134.99377353367515
18,74,155.512,203.30589149599402,406.61178299198804,203.30589149599402
18,75,155.512,181.94742173686836,363.8948434737367,181.94742173686836
18,76,155.512,145.2823078728297,311.024,145.2823078728297
18,77,155.512,151.9832844172971,311.024,151.9832844172971
18,78,155.512,178.41262307462594,356.8252461492519,178.41262307462594
18,79,155.512,141.57877063992657,311.024,141.57877063992657
18,80,155.512,177.8463777313981,355.6927554627962,177.8463777313981
18,81,155.512,108.66048491190097,311.024,108.66048491190097
18,82,155.512,141.34518011281966,311.024,141.34518011281966
18,83,155.512,197.4641281324716,394.9282562649432,197.4641281324716
18,84,155.512,117.93912543655397,311.024,117.93912543655397
18,85,155.512,184.08427713778192,368.16855427556385,184.08427713778192
18,86,155.512,168.9035257686638,337.8070515373276,168.9035257686638
18,87,155.512,109.72144428625708,311.024,109.72144428625708
18,88,155.512,188.12673200861988,376.25346401723976,188.12673200861988
18,89,155.512,202.97476176295837,405.94952352591673,202.9747617629584
18,90,155.512,121.7325394538542,311.024,121.7325394538542
18,91,155.512,143.17813975723283,311.024,143.17813975723283
18,92,155.512,188.8044480430228,377.6088960860456,188.8044480430228
18,93,155.512,208.9912904687041,417.9825809374082,208.99129046870414
18,94,155.512,168.321127270478,336.642254540956,168.321127270478
18,95,155.512,203.22881172816093,406.45762345632187,203.2288117281609
18,96,155.512,170.52017479886254,341.0403495977251,170.52017479886254
18,97,155.512,125.6384515904138,311.024,125.63845159041381
18,98,155.512,103.36235078448628,311.024,103.36235078448628
18,99,155.512,205.35954815427976,410.71909630855953,205.35954815427976
19,0,139.846,71.71423352653466,279.692,279.692
19,1,139.846,120.0457146509312,279.692,120.04571465093122
19,2,139.846,133.25333836695873,279.692,133.25333836695873
19,3,139.846,133.72921979417185,279.692,133.72921979417185
19,4,139.846,112.83159891215593,279.692,112.83159891215593
19,5,139.846,113.52663645796032,279.692,113.52663645796032
19,6,139.846,68.17263666195996,279.692,68.17263666195996
19,7,139.846,135.4401885961894,279.692,135.4401885961894
19,8,139.846,79.58537469520016,279.692,79.58537469520016
19,9,139.846,110.06519318155716,279.692,110.06519318155716
19,10,139.846,123.6579420625946,279.692,229.74819299177227
19,11,139.846,118.28184753077976,279.692,118.28184753077974
19,12,139.846,83.1940335017139,279.692,279.692
19,13,139.846,109.19497924513057,279.692,109.19497924513057
19,14,139.846,91.65922830601446,279.692,279.692
19,15,139.846,135.2810999036461,279.692,135.2810999036461
19,16,139.846,128.74154530759665,279.692,128.74154530759665
19,17,139.846,70.16521145692496,279.692,70.16521145692498
19,18,139.846,125.07738445101636,279.692,279.6920000000016
19,19,139.846,138.66744331338958,279.692,138.66744331338958
19,20,139.846,73.04039822008492,279.692,73.04039822008492
19,21,139.846,112.83378174256048,279.692,112.83378174256046
19,22,139.846,104.61017966795838,279.692,104.61017966795838
19,23,139.846,108.71941868534448,279.692,108.71941868534446
19,24,139.846,126.99531377759008,279.692,126.99531377759008
19,25,139.846,136.29665500575402,279.692,136.29665500575402
19,26,139.846,117.29175722455672,279.692,117.29175722455672
19,27,139.846,88.72570954972771,279.692,88.72570954972771
19,28,139.846,114.71601809689322,279.692,114.71601809689322
19,29,139.846,75.81870118143527,279.692,75.81870118143527
19,30,139.846,67.63669847475629,279.692,67.63669847475629
19,31,139.846,132.1560059459452,279.692,132.1560059459452
19,32,139.846,116.3616520718077,279.692,279.692
19,33,139.846,99.73955329086873,279.692,279.692
19,34,139.846,105.86329833516183,279.692,105.86329833516572
19,35,139.846,68.54444255152377,279.692,68.54444255152377
19,36,139.846,102.12245496080602,279.692,102.12245496080602
19,37,139.846,122.35532163120293,279.692,279.692
19,38,139.846,88.15249117876944,279.692,88.15249117876944
19,39,139.846,111.558970326993,279.692,111.558970326993
19,40,139.846,99.03271474622066,279.692,99.03271474622066
19,41,139.846,82.9859940541127,279.692,82.9859940541127
19,42,139.846,82.81863798269531,279.692,82.81863798269531
19,43,139.846,95.63677269509893,279.692,95.63677269509893
19,44,139.846,138.59663834296987,279.692,138.59663834296987
19,45,139.846,73.23310283595771,279.692,279.692
19,46,139.846,69.04868681236037,279.692,69.04868681236037
19,47,139.846,103.4001479492355,279.692,103.4001479492355
19,48,139.846,126.95554881692571,279.692,126.95554881692708
19,49,139.846,139.07564506669297,279.692,139.07564506669297
19,50,139.846,88.27767001626405,279.692,88.27767001626405
19,51,139.846,118.12755110789078,279.692,118.1275511078908
19,52,139.846,93.88288041927932,279.692,279.692
19,53,139.846,85.17284928130691,279.692,85.17284928130691
19,54,139.846,128.80892340719288,279.692,128.80892340719288
19,55,139.846,86.79032639089843,279.692,86.79032639089843
19,56,139.846,78.780656836075,279.692,78.780656836075
19,57,139.846,120.21298025957103,279.692,120.21298025957104
19,58,139.846,103.70794762401964,279.692,103.70794762401965
19,59,139.846,121.89742559784526,279.692,121.89742559784527
19,60,139.846,93.13461278375505,279.692,93.13461278375505
19,61,139.846,128.65317818338914,279.692,128.65317818338914
19,62,139.846,111.6680875517761,279.692,111.66808755177611
19,63,139.846,130.9030844302096,279.692,130.9030844302096
19,64,139.846,107.8024248265861,279.692,107.8024248265861
19,65,139.846,71.62104163317365,279.692,71.62104163317365
19,66,139.846,108.75135360371583,279.692,108.75135360371584
19,67,139.846,113.65518209623447,279.692,113.65518209623447
19,68,139.846,135.8694371257429,279.692,135.8694371257429
19,69,139.846,83.5135788913386,279.692,279.692
19,70,139.846,104.02620908087884,279.692,104.02620908087886
19,71,139.846,71.44327100180134,279.692,71.44327100180134
19,72,139.846,121.01628282234962,279.692,121.01628282234962
19,73,139.846,119.25719940704683,279.692,119.25719940704683
19,74,139.846,116.13451123169928,279.692,279.692
19,75,139.846,93.53953754537042,279.692,93.53953754537042
19,76,139.846,128.7373605291675,279.692,279.692
19,77,139.846,89.43219115683905,279.692,89.43219115683905
19,78,139.846,89.0638647209557,279.692,279.692
19,79,139.846,110.97441343552637,279.692,110.97441343552636
19,80,139.846,71.31010226352763,279.692,279.692
19,81,139.846,100.57060112493818,279.692,100.57060112493818
19,82,139.846,83.70548608070546,279.692,83.70548608070546
19,83,139.846,112.80003443093248,279.692,112.8000344309325
19,84,139.846,101.03417513498684,279.692,101.03417513498685
19,85,139.846,124.99868104048741,279.692,279.692000000003
19,86,139.846,115.23289650784676,279.692,115.23289650784676
19,87,139.846,123.9396305429234,279.692,123.93963054292341
19,88,139.846,92.53416059876206,279.692,279.692
19,89,139.846,104.30307033469175,279.692,104.30307033469175
19,90,139.846,122.6009297282996,279.692,122.60092972829962
19,91,139.846,108.75065599402295,279.692,108.75065599402296
19,92,139.846,115.59997418038364,279.692,115.59997418038364
19,93,139.846,105.39438723841826,279.692,279.692
19,94,139.846,131.5062181347599,279.692,131.5062181347599
19,95,139.846,118.60732783094207,279.692,118.60732783094208
19,96,139.846,121.30578985630808,279.692,121.30578985630808
19,97,139.846,126.69553591376159,279.692,126.69553591376159
19,98,139.846,75.83324878597833,279.692,279.692
19,99,139.846,110.60453454053261,279.692,110.60453454053261
20,0,136.052,75.616217620036,272.104,272.104
20,1,136.052,121.66658268539874,272.104,121.66658268539874
20,2,136.052,98.11649233996495,272.104,98.11649233996495
20,3,136.052,67.36376107713033,272.104,67.36376107713033
20,4,136.052,120.02831726454522,272.104,120.02831726454521
20,5,136.052,70.6211013067682,272.104,70.6211013067682
20,6,136.052,93.93092426130814,272.104,93.93092426130814
20,7,136.052,83.74670088640674,272.104,83.74670088640674
20,8,136.052,118.1227577051697,272.104,118.12275770516972
20,9,136.052,109.28191215067983,272.104,109.28191215067984
20,10,136.052,95.6520778800792,272.104,95.65207788007922
20,11,136.052,77.9202680168878,272.104,77.9202680168878
20,12,136.052,84.35980978672272,272.104,84.35980978672274
20,13,136.052,72.93440093570271,272.104,72.93440093570271
20,14,136.052,63.71512096040705,272.104,272.104
20,15,136.052,96.32988787719286,272.104,96.32988787719286
20,16,136.052,87.46301638111025,272.104,272.104
20,17,136.052,76.91277495712156,272.104,76.91277495712156
20,18,136.052,113.38450181277923,272.104,113.38450181277923
20,19,136.052,129.2378853382648,272.104,129.2378853382648
20,20,136.052,104.55340405166773,272.104,104.55340405166773
20,21,136.052,97.66453557359466,272.104,97.66453557359466
20,22,136.052,89.87701440111677,272.104,89.87701440111677
20,23,136.052,117.02845318482555,272.104,117.02845318482555
20,24,136.052,92.03659840467125,272.104,92.03659840467125
20,25,136.052,117.73428450874839,272.104,117.73428450874839
20,26,136.052,86.79896487137275,272.104,86.79896487137275
20,27,136.052,72.32771913853796,272.104,72.32771913853796
20,28,136.052,94.5545317142327,272.104,94.5545317142327
20,29,136.052,80.83824221800043,272.104,80.83824221800043
20,30,136.052,123.4110268700236,272.104,123.4110268700236
20,31,136.052,127.87969072652642,272.104,127.87969072652643
20,32,136.052,85.76181211122402,272.104,85.76181211122402
20,33,136.052,114.9676753399272,272.104,114.9676753399272
20,34,136.052,108.60342528342295,272.104,108.60342528342295
20,35,136.052,101.1890104626847,272.104,101.18901046268472
20,36,136.052,76.16997170337686,272.104,272.104
20,37,136.052,100.20863470753582,272.104,100.20863470753582
20,38,136.052,65.00713125665595,272.104,216.6497322980284
20,39,136.052,66.30276532508377,272.104,272.104
20,40,136.052,81.75107641652014,272.104,81.75107641652014
20,41,136.052,69.29420549815278,272.104,69.29420549815278
20,42,136.052,89.0605723242152,272.104,89.0605723242152
20,43,136.052,99.71383532412891,272.104,272.1040000000015
20,44,136.052,79.66085082257564,272.104,272.104
20,45,136.052,66.88364310586354,272.104,66.88364310586354
20,46,136.052,116.80333408156085,272.104,116.80333408156085
20,47,136.052,73.37080188193248,272.104,272.104
20,48,136.052,118.92306296787292,272.104,118.92306296787292
20,49,136.052,86.04062368622982,272.104,86.04062368622982
20,50,136.052,113.62100363458403,272.104,113.62100363458403
20,51,136.052,102.83137379770699,272.104,272.104
20,52,136.052,85.54043817312588,272.104,85.54043817312588
20,53,136.052,64.74910779944817,272.104,272.1040000000015
20,54,136.052,104.8871827678236,272.104,104.8871827678236
20,55,136.052,73.13641934266204,272.104,73.13641934266204
20,56,136.052,124.77165123803242,272.104,124.77165123803242
20,57,136.052,115.55661191729475,272.104,115.55661191729473
20,58,136.052,120.3333990312171,272.104,120.3333990312171
20,59,136.052,77.57577175831459,272.104,77.57577175831459
20,60,136.052,97.01308132173622,272.104,97.01308132173622
20,61,136.052,72.93800070711362,272.104,272.104
20,62,136.052,114.98873983644745,272.104,114.98873983644746
20,63,136.052,74.72650115110346,272.104,74.72650115110346
20,64,136.052,110.89498745222696,272.104,110.89498745222697
20,65,136.052,74.23982631980418,272.104,74.23982631980418
20,66,136.052,91.85696209769895,272.104,91.85696209769895
20,67,136.052,105.68966788009422,272.104,105.68966788009422
20,68,136.052,82.98903781785307,272.104,82.98903781785307
20,69,136.052,88.39186413163114,272.104,88.39186413163114
20,70,136.052,77.97348418787949,272.104,272.104
20,71,136.052,117.76420410565693,272.104,117.76420410565693
20,72,136.052,93.850867035596,272.104,93.850867035596
20,73,136.052,113.34739534140398,272.104,113.347395341404
20,74,136.052,120.96730704937313,272.104,120.96730704937313
20,75,136.052,87.27274337322314,272.104,272.104
20,76,136.052,93.85109364966081,272.104,93.85109364966081
20,77,136.052,129.40921420817537,272.104,129.40921420817537
20,78,136.052,114.89298415275289,272.104,114.89298415275289
20,79,136.052,72.3238353799877,272.104,272.1040000000015
20,80,136.052,96.43638498480242,272.104,272.104
20,81,136.052,71.19502127329434,272.104,272.104
20,82,136.052,108.72003004322421,272.104,108.72003004322421
20,83,136.052,113.63126637427224,272.104,113.63126637427226
20,84,136.052,94.61054454208478,272.104,94.61054454208478
20,85,136.052,125.38971717396363,272.104,125.38971717396363
20,86,136.052,81.0104667415816,272.104,272.1039999999983
20,87,136.052,120.31956701446533,272.104,120.31956701446533
20,88,136.052,83.991350351351,272.104,83.991350351351
20,89,136.052,97.62748758699256,272.104,97.62748758699256
20,90,136.052,80.14405578640142,272.104,272.104
20,91,136.052,67.98439348750075,272.104,272.104
20,92,136.052,82.65900175298347,272.104,82.65900175298347
20,93,136.052,97.66794780934329,272.104,272.104
20,94,136.052,111.60807224702465,272.104,111.60807224702465
20,95,136.052,81.64061524598037,272.104,81.64061524598037
20,96,136.052,92.56510486791919,272.104,92.56510486791919
20,97,136.052,72.28796401290076,272.104,72.28796401290076
20,98,136.052,67.6146470661801,272.104,272.104
20,99,136.052,75.21763714388763,272.104,75.21763714388763
21,0,133.0,114.93978661611752,266.0,114.93978661611752
21,1,133.0,81.17681765876141,266.0,81.17681765876141
21,2,133.0,121.50409584713016,266.0,121.50409584713016
21,3,133.0,94.66626948351661,266.0,94.66626948351661
21,4,133.0,122.17321164624626,266.0,122.17321164624626
21,5,133.0,61.54266200735056,266.0,61.54266200735056
21,6,133.0,87.07763187736963,266.0,265.99999999999966
21,7,133.0,64.12711831361179,266.0,64.12711831361179
21,8,133.0,111.95298656929587,266.0,111.95298656929589
21,9,133.0,107.06908675948037,266.0,107.06908675948037
21,10,133.0,94.00297028653152,266.0,94.00297028653154
21,11,133.0,94.02720121980295,266.0,94.02720121980295
21,12,133.0,122.00974561625107,266.0,122.00974561625107
21,13,133.0,68.68758654509676,266.0,68.68758654509676
21,14,133.0,109.66449126879596,266.0,109.66449126879596
21,15,133.0,86.72739467724122,266.0,266.0
21,16,133.0,111.07224715252892,266.0,111.07224715252893
21,17,133.0,71.50443530557325,266.0,266.0
21,18,133.0,73.38643458148232,266.0,266.0
21,19,133.0,125.33229738705957,266.0,125.33229738705958
21,20,133.0,117.9551150725063,266.0,117.95511507250632
21,21,133.0,89.69536102791982,266.0,89.69536102791982
21,22,133.0,79.4659246393209,266.0,79.4659246393209
21,23,133.0,72.78153926107544,266.0,72.78153926107544
21,24,133.0,81.46545360698627,266.0,81.46545360698627
21,25,133.0,94.12174865832827,266.0,94.12174865832827
21,26,133.0,63.63145842228796,266.0,63.63145842228797
21,27,133.0,67.34829214599897,266.0,266.0
21,28,133.0,104.41642256733653,266.0,104.41642256733653
21,29,133.0,70.86966320945656,266.0,70.86966320945656
21,30,133.0,86.63341971517491,266.0,86.63341971517491
21,31,133.0,77.19385178806291,266.0,266.0
21,32,133.0,78.93300563940684,266.0,78.93300563940684
21,33,133.0,123.3402530876097,266.0,123.3402530876097
21,34,133.0,81.49525209372007,266.0,266.0
21,35,133.0,65.92503130369734,266.0,266.0
21,36,133.0,86.77626932915311,266.0,86.77626932915311
21,37,133.0,105.19567099075935,266.0,105.19567099075935
21,38,133.0,82.89509038034164,266.0,82.89509038034164
21,39,133.0,109.29849937415852,266.0,109.29849937415852
21,40,133.0,64.86255808385539,266.0,64.86255808385539
21,41,133.0,116.82983144192809,266.0,116.82983144192809
21,42,133.0,82.59773544211424,266.0,265.99999999999966
21,43,133.0,107.25471021816209,266.0,107.25471021816209
21,44,133.0,91.19459173859275,266.0,91.19459173859275
21,45,133.0,74.0272097078904,266.0,266.0
21,46,133.0,75.4865197142847,266.0,75.4865197142847
21,47,133.0,63.275787890092325,266.0,266.0
21,48,133.0,116.87186444539856,266.0,116.87186444539857
21,49,133.0,93.97224108493829,266.0,93.97224108493829
21,50,133.0,106.7386661538659,266.0,266.0000000000011
21,51,133.0,119.99488713471095,266.0,119.99488713471096
21,52,133.0,119.03008694598023,266.0,119.03008694598023
21,53,133.0,77.70553442271877,266.0,77.70553442271877
21,54,133.0,79.55213810039675,266.0,266.0
21,55,133.0,64.77030602879873,266.0,64.77030602879873
21,56,133.0,64.22013894446023,266.0,265.99999999999966
21,57,133.0,99.69824938991108,266.0,99.69824938991108
21,58,133.0,67.23603110467661,266.0,67.23603110467661
21,59,133.0,105.4547286018015,266.0,105.45472860180152
21,60,133.0,103.00494184511658,266.0,103.00494184511658
21,61,133.0,103.2487726346509,266.0,103.2487726346509
21,62,133.0,99.60997456346604,266.0,266.0
21,63,133.0,118.80488171514777,266.0,118.80488171514779
21,64,133.0,72.52688696077013,266.0,266.0
21,65,133.0,118.26560509952874,266.0,118.26560509952874
21,66,133.0,90.95582998560793,266.0,266.0
21,67,133.0,82.18687640759894,266.0,82.18687640759894
21,68,133.0,63.9703449953027,266.0,63.97034499530271
21,69,133.0,76.63216602388603,266.0,76.63216602388603
21,70,133.0,98.06796783774608,266.0,98.06796783774608
21,71,133.0,69.99932552963688,266.0,69.99932552963688
21,72,133.0,110.56043458173387,266.0,110.56043458173389
21,73,133.0,90.22246313378943,266.0,90.22246313378943
21,74,133.0,63.424275047609356,266.0,266.0
21,75,133.0,73.0814288654508,266.0,73.0814288654508
21,76,133.0,92.43961320159373,266.0,92.43961320159373
21,77,133.0,107.26242867257328,266.0,107.26242867257328
21,78,133.0,123.87730043941242,266.0,123.87730043941244
21,79,133.0,99.28731826916265,266.0,99.28731826916265
21,80,133.0,76.37645243221314,266.0,76.37645243221314
21,81,133.0,72.67872172653803,266.0,72.67872172653803
21,82,133.0,101.99629870609132,266.0,101.99629870609132
21,83,133.0,109.78785606043402,266.0,109.78785606043402
21,84,133.0,63.40719150564358,266.0,266.0
21,85,133.0,98.96986806200354,266.0,98.96986806200354
21,86,133.0,88.86421532485816,266.0,88.86421532485816
21,87,133.0,93.1178993432969,266.0,93.1178993432969
21,88,133.0,74.08048510179866,266.0,265.99999999999966
21,89,133.0,124.0390216877459,266.0,124.0390216877459
21,90,133.0,118.94384639820379,266.0,118.94384639820379
21,91,133.0,109.49337861744432,266.0,109.49337861744432
21,92,133.0,106.16479131077818,266.0,106.16479131077818
21,93,133.0,97.95101640234991,266.0,97.95101640234991
21,94,133.0,104.23595324408198,266.0,220.6044372913631
21,95,133.0,71.30680415646854,266.0,71.30680415646854
21,96,133.0,95.00064523660593,266.0,95.00064523660595
21,97,133.0,106.86262667640906,266.0,106.86262667640906
21,98,133.0,119.14464159971625,266.0,119.14464159971625
21,99,133.0,68.00746643450076,266.0,266.0
22,0,127.87599999999999,65.34970224312951,255.75199999999998,255.75199999999998
22,1,127.87599999999999,96.95185499822988,255.75199999999998,96.95185499822988
22,2,127.87599999999999,61.183708594113234,255.75199999999998,255.75199999999998
22,3,127.87599999999999,109.40490035128238,255.75199999999998,109.40490035128238
22,4,127.87599999999999,94.34766082244185,255.75199999999998,94.34766082244185
22,5,127.87599999999999,105.5558360724223,255.75199999999998,105.5558360724223
22,6,127.87599999999999,81.93891484532517,255.75199999999998,81.93891484532517
22,7,127.87599999999999,100.16520879359332,255.75199999999998,100.16520879359332
22,8,127.87599999999999,76.92056090371375,255.75199999999998,76.92056090371375
22,9,127.87599999999999,81.52685146761273,255.75199999999998,81.52685146761273
22,10,127.87599999999999,83.75992166682857,255.75199999999998,83.75992166682857
22,11,127.87599999999999,107.95579205843758,255.75199999999998,107.9557920584376
22,12,127.87599999999999,121.73940971685504,255.75199999999998,214.3981726388355
22,13,127.87599999999999,87.37613571702279,255.75199999999998,87.37613571702279
22,14,127.87599999999999,117.04128749211927,255.75199999999998,117.04128749211927
22,15,127.87599999999999,64.58880728101363,255.75199999999998,255.75199999999998
22,16,127.87599999999999,70.2607727438079,255.75199999999998,70.2607727438079
22,17,127.87599999999999,66.73357303249865,255.75199999999998,255.75199999999998
22,18,127.87599999999999,89.16657305639669,255.75199999999998,89.16657305639669
22,19,127.87599999999999,65.19049078039795,255.75199999999998,255.75199999999998
22,20,127.87599999999999,107.79600296135861,255.75199999999998,107.79600296135861
22,21,127.87599999999999,87.52062111430529,255.75199999999998,87.52062111430529
22,22,127.87599999999999,86.66601701359238,255.75199999999998,86.66601701359238
22,23,127.87599999999999,108.55786178598704,255.75199999999998,108.55786178598706
22,24,127.87599999999999,91.18043934569543,255.75199999999998,91.18043934569543
22,25,127.87599999999999,83.1351576500807,255.75199999999998,83.1351576500807
22,26,127.87599999999999,105.10963260125469,255.75199999999998,105.1096326012547
22,27,127.87599999999999,97.95042918412132,255.75199999999998,97.95042918412132
22,28,127.87599999999999,107.01814876740735,255.75199999999998,107.01814876740737
22,29,127.87599999999999,82.27064402532554,255.75199999999998,255.75199999999998
22,30,127.87599999999999,84.59609010592898,255.75199999999998,84.59609010592898
22,31,127.87599999999999,117.84473560462625,255.75199999999998,255.75199999999998
22,32,127.87599999999999,60.85749353910184,255.75199999999998,255.75199999999998
22,33,127.87599999999999,80.84517366043045,255.75199999999998,80.84517366043045
22,34,127.87599999999999,78.78307060727506,255.75199999999998,255.75199999999998
22,35,127.87599999999999,115.76509694254395,255.75199999999998,115.76509694254395
22,36,127.87599999999999,69.82570475008474,255.75199999999998,255.75199999999998
22,37,127.87599999999999,110.65074185473115,255.75199999999998,110.65074185473117
22,38,127.87599999999999,93.04678732584667,255.75199999999998,93.04678732584667
22,39,127.87599999999999,96.7487114867992,255.75199999999998,96.7487114867992
22,40,127.87599999999999,101.71477754739281,255.75199999999998,101.71477754739283
22,41,127.87599999999999,112.08485672818777,255.75199999999998,112.08485672818777
22,42,127.87599999999999,118.89787772767757,255.75199999999998,118.89787772767757
22,43,127.87599999999999,79.04091754909366,255.75199999999998,79.04091754909366
22,44,127.87599999999999,59.64719922610468,255.75199999999998,255.75199999999998
22,45,127.87599999999999,82.32664192424053,255.75199999999998,82.32664192424053
22,46,127.87599999999999,63.68233243189259,255.75199999999998,255.75199999999998
22,47,127.87599999999999,107.58515295741057,255.75199999999998,107.58515295741059
22,48,127.87599999999999,82.72616919066303,255.75199999999998,82.72616919066303
22,49,127.87599999999999,99.04862025510693,255.75199999999998,99.04862025510693
22,50,127.87599999999999,118.74114526217149,255.75199999999998,118.7411452621715
22,51,127.87599999999999,119.8459246686075,255.75199999999998,119.84592466860751
22,52,127.87599999999999,99.02787455364452,255.75199999999998,99.02787455364452
22,53,127.87599999999999,97.73250673735974,255.75199999999998,97.73250673735974
22,54,127.87599999999999,110.06560661358856,255.75199999999998,110.06560661358856
22,55,127.87599999999999,112.96434368562514,255.75199999999998,112.96434368562514
22,56,127.87599999999999,117.79451416143213,255.75199999999998,117.79451416143215
22,57,127.87599999999999,95.9560230301174,255.75199999999998,95.9560230301174
22,58,127.87599999999999,81.03263934598706,255.75199999999998,81.03263934598706
22,59,127.87599999999999,99.01392772657613,255.75199999999998,99.01392772657613
22,60,127.87599999999999,121.06603023915672,255.75199999999998,121.06603023915672
22,61,127.87599999999999,76.06020027544817,255.75199999999998,76.06020027544817
22,62,127.87599999999999,96.58251655439267,255.75199999999998,96.58251655439267
22,63,127.87599999999999,78.82239444216663,255.75199999999998,78.82239444216663
22,64,127.87599999999999,67.71062794752119,255.75199999999998,67.71062794752119
22,65,127.87599999999999,120.94813219583877,255.75199999999998,120.94813219583878
22,66,127.87599999999999,119.00420327392041,255.75199999999998,119.00420327392041
22,67,127.87599999999999,100.65595048473094,255.75199999999998,100.65595048473095
22,68,127.87599999999999,90.07225470920585,255.75199999999998,90.07225470920585
22,69,127.87599999999999,95.16026744949257,255.75199999999998,95.16026744949257
22,70,127.87599999999999,119.56962872414717,255.75199999999998,119.56962872414717
22,71,127.87599999999999,75.20960611465763,255.75199999999998,255.75199999999998
22,72,127.87599999999999,110.65067263784064,255.75199999999998,110.65067263784066
22,73,127.87599999999999,96.75715854925929,255.75199999999998,96.75715854925929
22,74,127.87599999999999,86.62344834173818,255.75199999999998,86.62344834173818
22,75,127.87599999999999,76.55228109825205,255.75199999999998,76.55228109825205
22,76,127.87599999999999,71.56737850559358,255.75199999999998,255.75199999999998
22,77,127.87599999999999,110.88569861982816,255.75199999999998,110.88569861982816
22,78,127.87599999999999,65.63907004935244,255.75199999999998,65.63907004935244
22,79,127.87599999999999,88.73850594186679,255.75199999999998,88.73850594186679
22,80,127.87599999999999,103.98354760618098,255.75199999999998,103.98354760618098
22,81,127.87599999999999,100.03720409725655,255.75199999999998,100.03720409725656
22,82,127.87599999999999,91.38717489738637,255.75199999999998,91.38717489738637
22,83,127.87599999999999,90.06556717629473,255.75199999999998,90.06556717629473
22,84,127.87599999999999,76.29942700111106,255.75199999999998,255.75199999999998
22,85,127.87599999999999,70.05992551463841,255.75199999999998,70.05992551463841
22,86,127.87599999999999,92.7671861904907,255.75199999999998,92.7671861904907
22,87,127.87599999999999,63.900844418602354,255.75199999999998,255.75199999999998
22,88,127.87599999999999,115.75067746479124,255.75199999999998,115.75067746479124
22,89,127.87599999999999,73.13891237287359,255.75199999999998,255.75199999999998
22,90,127.87599999999999,68.74237978460924,255.75199999999998,68.74237978460924
22,91,127.87599999999999,119.07287462358617,255.75199999999998,119.07287462358617
22,92,127.87599999999999,84.54836484074572,255.75199999999998,84.54836484074573
22,93,127.87599999999999,71.04277346695446,255.75199999999998,71.04277346695446
22,94,127.87599999999999,87.23336419859434,255.75199999999998,87.23336419859434
22,95,127.87599999999999,104.17399622439513,255.75199999999998,104.17399622439514
22,96,127.87599999999999,73.5295702884717,255.75199999999998,255.75199999999998
22,97,127.87599999999999,65.54077546639121,255.75199999999998,255.75199999999998
22,98,127.87599999999999,89.02566255797278,255.75199999999998,89.02566255797278
22,99,127.87599999999999,109.9653847289128,255.75199999999998,109.9653847289128
23,0,121.226,91.90064553767246,242.452,91.90064553767246
23,1,121.226,78.4033055919361,242.452,78.4033055919361
23,2,121.226,61.75939967313494,242.452,242.45200000000003
23,3,121.226,71.65376554913635,242.452,71.65376554913635
23,4,121.226,65.36662087247609,242.452,65.36662087247609
23,5,121.226,47.890769948751434,242.452,242.45200000000003
23,6,121.226,59.03272641992236,242.452,242.45200000000003
23,7,121.226,79.5077470586305,242.452,79.50774705863051
23,8,121.226,66.75503804081188,242.452,66.75503804081188
23,9,121.226,68.02373657501502,242.452,68.02373657501502
23,10,121.226,85.98166597315549,242.452,242.45200000000003
23,11,121.226,58.74377523451129,242.452,242.45200000000003
23,12,121.226,80.59147211124333,242.452,80.59147211124333
23,13,121.226,74.39951640972609,242.452,74.39951640972609
23,14,121.226,62.81264647332476,242.452,62.81264647332476
23,15,121.226,94.0219901548673,242.452,94.0219901548673
23,16,121.226,75.57859098897175,242.452,75.57859098897175
23,17,121.226,73.07819254091409,242.452,73.07819254091409
23,18,121.226,58.472435458623714,242.452,58.472435458623714
23,19,121.226,87.25887033732154,242.452,87.25887033732154
23,20,121.226,66.82012761395052,242.452,242.45200000000003
23,21,121.226,74.78407945607826,242.452,74.78407945607826
23,22,121.226,57.56718919818553,242.452,57.56718919818553
23,23,121.226,90.23270451813717,242.452,90.23270451813717
23,24,121.226,84.00950290537153,242.452,84.00950290537153
23,25,121.226,56.41285541503663,242.452,242.45200000000003
23,26,121.226,86.01292832359066,242.452,86.01292832359066
23,27,121.226,84.38992812648283,242.452,242.45200000000003
23,28,121.226,57.372556058773036,242.452,57.372556058773036
23,29,121.226,67.76579535722448,242.452,67.76579535722448
23,30,121.226,77.57944439260946,242.452,77.57944439260946
23,31,121.226,92.94211198937877,242.452,92.94211198937877
23,32,121.226,80.96901950023586,242.452,80.96901950023586
23,33,121.226,58.84473991801451,242.452,242.45200000000003
23,34,121.226,90.76639990542661,242.452,90.76639990542661
23,35,121.226,63.45851587237745,242.452,63.458515872377454
23,36,121.226,85.24670927906097,242.452,85.24670927906098
23,37,121.226,72.54153767328995,242.452,72.54153767328995
23,38,121.226,63.74425152836342,242.452,242.45200000000003
23,39,121.226,96.8572660335827,242.452,96.8572660335827
23,40,121.226,80.24304230075346,242.452,80.24304230075346
23,41,121.226,54.11802555910178,242.452,242.45200000000003
23,42,121.226,88.23822917451332,242.452,242.45200000000003
23,43,121.226,73.38135724945622,242.452,93.79755988399388
23,44,121.226,52.08159149331743,242.452,242.45200000000003
23,45,121.226,68.31079306941379,242.452,68.31079306941379
23,46,121.226,83.31490689253509,242.452,83.31490689253509
23,47,121.226,81.82498184421787,242.452,81.82498184421787
23,48,121.226,65.74130364963746,242.452,65.74130364963746
23,49,121.226,77.7025273579776,242.452,242.45200000000003
23,50,121.226,61.249829103754834,242.452,242.45200000000003
23,51,121.226,56.02016828971099,242.452,242.45200000000003
23,52,121.226,90.01741755533465,242.452,90.01741755533465
23,53,121.226,67.97516259064427,242.452,242.45200000000003
23,54,121.226,66.13426325096107,242.452,66.13426325096107
23,55,121.226,83.35950972608681,242.452,83.35950972608681
23,56,121.226,94.40988216047018,242.452,94.40988216047018
23,57,121.226,59.92830065754799,242.452,59.92830065754799
23,58,121.226,58.16641107193345,242.452,58.16641107193345
23,59,121.226,49.85167966554122,242.452,242.45200000000003
23,60,121.226,72.67838872281816,242.452,72.67838872281816
23,61,121.226,56.497864642269036,242.452,56.497864642269036
23,62,121.226,51.147895303489754,242.452,242.45200000000003
23,63,121.226,95.17892720858985,242.452,95.17892720858985
23,64,121.226,80.83616307063595,242.452,80.83616307063595
23,65,121.226,57.44350493925679,242.452,242.45200000000003
23,66,121.226,92.68558485884145,242.452,242.45200000000003
23,67,121.226,62.35090744945867,242.452,62.35090744945867
23,68,121.226,73.96157281257217,242.452,73.96157281257217
23,69,121.226,99.14848515566443,242.452,99.14848515566443
23,70,121.226,89.68515269237655,242.452,89.68515269237655
23,71,121.226,73.3514925318866,242.452,73.3514925318866
23,72,121.226,76.80952155658711,242.452,76.80952155658711
23,73,121.226,86.82460939007473,242.452,86.82460939007473
23,74,121.226,89.30398530402049,242.452,89.30398530402049
23,75,121.226,54.644787033790074,242.452,54.644787033790074
23,76,121.226,65.89400872565598,242.452,242.45200000000003
23,77,121.226,95.41766307458903,242.452,95.41766307458903
23,78,121.226,55.96395742492916,242.452,242.45200000000003
23,79,121.226,65.4580794456927,242.452,242.45200000000003
23,80,121.226,89.65811284681011,242.452,89.65811284681011
23,81,121.226,64.24333549165215,242.452,242.45200000000003
23,82,121.226,84.4099228568532,242.452,84.4099228568532
23,83,121.226,62.96576814252521,242.452,62.9657681425252
23,84,121.226,83.53825268563395,242.452,83.53825268563395
23,85,121.226,89.73502799091263,242.452,242.45200000000003
23,86,121.226,67.98855095708605,242.452,242.45200000000003
23,87,121.226,98.32949538456478,242.452,98.32949538456478
23,88,121.226,80.41621548753406,242.452,242.45200000000003
23,89,121.226,62.99518479772795,242.452,62.99518479772795
23,90,121.226,65.47722123966251,242.452,242.45200000000003
23,91,121.226,97.05941367958935,242.452,97.05941367958935
23,92,121.226,95.37862366697892,242.452,95.37862366697892
23,93,121.226,87.58270701589382,242.452,87.58270701589382
23,94,121.226,92.19727636314785,242.452,92.19727636314785
23,95,121.226,97.65430301513088,242.452,97.65430301513088
23,96,121.226,73.80365120018375,242.452,73.80365120018375
23,97,121.226,59.37158222074714,242.452,242.45200000000003
23,98,121.226,97.1005461429612,242.452,97.1005461429612
23,99,121.226,53.498515329787146,242.452,53.498515329787146
