t,s,P_DA,P_RT,P_PN,P_IN
0,0,106.722,45.35733312734072,213.444,213.44400000000002
0,1,106.722,77.1162545190953,213.444,213.44400000000002
0,2,106.722,61.70151120333465,213.444,213.44400000000002
0,3,106.722,74.56810338292271,213.444,213.44400000000002
0,4,106.722,86.05658783295313,213.444,213.44400000000002
0,5,106.722,66.21912952547501,213.444,213.44400000000002
0,6,106.722,64.5321129159466,213.444,213.44400000000002
0,7,106.722,45.16517754885444,213.444,213.44400000000002
0,8,106.722,54.02955089401048,213.444,213.44400000000002
0,9,106.722,64.47623489226336,213.444,213.44400000000002
0,10,106.722,72.57145658337213,213.444,213.44400000000002
0,11,106.722,78.19143069872291,213.444,213.44400000000002
0,12,106.722,59.10756923008967,213.444,213.44400000000002
0,13,106.722,44.88917396231852,213.444,213.44400000000002
0,14,106.722,54.91905008101101,213.444,213.44400000000002
0,15,106.722,82.96939302941311,213.444,213.44400000000002
0,16,106.722,51.54459111879462,213.444,213.44400000000002
0,17,106.722,62.32055404333106,213.444,213.44400000000002
0,18,106.722,83.94491774193565,213.444,213.44400000000002
0,19,106.722,43.03687834926526,213.444,213.44400000000002
0,20,106.722,69.02002268364869,213.444,213.44400000000002
0,21,106.722,84.79906834705538,213.444,213.44400000000002
0,22,106.722,52.30819876597537,213.444,213.44400000000002
0,23,106.722,66.67023167608896,213.444,213.44400000000002
0,24,106.722,82.94839739021431,213.444,213.44400000000002
0,25,106.722,47.92387951703879,213.444,213.44400000000002
0,26,106.722,65.53831391637799,213.444,213.44400000000002
0,27,106.722,75.78430753412387,213.444,213.44400000000002
0,28,106.722,72.11030211633421,213.444,213.44400000000002
0,29,106.722,63.02599681129841,213.444,213.44400000000002
0,30,106.722,51.15928914639391,213.444,213.44400000000002
0,31,106.722,64.06473768712588,213.444,213.44400000000002
0,32,106.722,58.72135636974952,213.444,213.44400000000002
0,33,106.722,63.4614926497019,213.444,213.44400000000002
0,34,106.722,58.42822248839292,213.444,213.44400000000002
0,35,106.722,79.73416896436743,213.444,213.44400000000002
0,36,106.722,76.60750162850238,213.444,213.44400000000002
0,37,106.722,56.085801898784645,213.444,213.44400000000002
0,38,106.722,67.75963368765267,213.444,213.44400000000002
0,39,106.722,54.37304712904477,213.444,213.44400000000002
0,40,106.722,62.35300628041861,213.444,213.44400000000002
0,41,106.722,57.84541165581415,213.444,213.44400000000002
0,42,106.722,71.5860901206794,213.444,213.44400000000002
0,43,106.722,58.62956532137579,213.444,213.44400000000002
0,44,106.722,62.63511505793,213.444,213.44400000000002
0,45,106.722,74.38118825031543,213.444,213.44400000000002
0,46,106.722,60.554243959313396,213.444,213.44400000000002
0,47,106.722,82.82629682513763,213.444,213.44400000000002
0,48,106.722,50.05805861684522,213.444,213.44400000000002
0,49,106.722,75.36493957583009,213.444,213.44400000000002
0,50,106.722,60.97772969823148,213.444,213.44400000000002
0,51,106.722,61.16186771440122,213.444,213.44400000000002
0,52,106.722,70.54705292897702,213.444,213.44400000000002
0,53,106.722,65.51545741937035,213.444,213.44400000000002
0,54,106.722,60.639740323127185,213.444,213.44400000000002
0,55,106.722,41.97740521772126,213.444,213.44400000000002
0,56,106.722,46.07745260158838,213.444,213.44400000000002
0,57,106.722,73.93298931837445,213.444,213.44400000000002
0,58,106.722,65.58042753546738,213.444,213.44400000000002
0,59,106.722,73.33564839257032,213.444,213.44400000000002
0,60,106.722,85.04004719294639,213.444,213.44400000000002
0,61,106.722,72.73773517677817,213.444,213.44400000000002
0,62,106.722,44.31107379772765,213.444,213.44400000000002
0,63,106.722,55.85370739459605,213.444,213.44400000000002
0,64,106.722,68.6609919859218,213.444,213.44400000000002
0,65,106.722,52.52564790856535,213.444,213.44400000000002
0,66,106.722,85.46897023460059,213.444,213.44400000000002
0,67,106.722,84.56971437335257,213.444,213.44400000000002
0,68,106.722,80.20733581997699,213.444,213.44400000000002
0,69,106.722,63.232324553084716,213.444,213.44400000000002
0,70,106.722,79.89479920934703,213.444,213.44400000000002
0,71,106.722,47.83095114909182,213.444,213.44400000000002
0,72,106.722,55.84833483819527,213.444,213.44400000000002
0,73,106.722,62.811303858055176,213.444,213.44400000000002
0,74,106.722,75.39781416241892,213.444,213.44400000000002
0,75,106.722,63.84173071940491,213.444,213.44400000000002
0,76,106.722,48.09118790309275,213.444,213.44400000000002
0,77,106.722,57.419234767152524,213.444,213.44400000000002
0,78,106.722,56.556648976364265,213.444,213.44400000000002
0,79,106.722,55.47303119334985,213.444,213.44400000000002
0,80,106.722,49.38324944370121,213.444,213.44400000000002
0,81,106.722,60.64045322415985,213.444,213.44400000000002
0,82,106.722,62.13985658852023,213.444,213.44400000000002
0,83,106.722,76.88973787083852,213.444,213.44400000000002
0,84,106.722,77.85974832204504,213.444,213.44400000000002
0,85,106.722,65.49216339146476,213.444,213.44400000000002
0,86,106.722,62.70450511102154,213.444,213.44400000000002
0,87,106.722,77.0392871954716,213.444,213.44400000000002
0,88,106.722,81.96262967277319,213.444,213.44400000000002
0,89,106.722,72.37686043230566,213.444,213.44400000000002
0,90,106.722,78.04428440995511,213.444,213.44400000000002
0,91,106.722,84.30174141274456,213.444,213.44400000000002
0,92,106.722,43.74808439791365,213.444,213.44400000000002
0,93,106.722,81.43826200482441,213.444,213.44400000000002
0,94,106.722,54.396248675309344,213.444,213.44400000000002
0,95,106.722,63.3876188077813,213.444,213.44400000000002
0,96,106.722,77.87646060233966,213.444,213.44400000000002
0,97,106.722,74.28721781068647,213.444,213.44400000000002
0,98,106.722,48.554811273776195,213.444,213.44400000000002
0,99,106.722,71.64697083735626,213.444,213.44400000000002
1,0,93.12799999999999,63.13428840223375,186.25599999999997,63.13428840223375
1,1,93.12799999999999,81.3451442257148,186.25599999999997,186.25599999999997
1,2,93.12799999999999,110.18192272652948,220.36384545305896,110.18192272652949
1,3,93.12799999999999,85.81431162389062,186.25599999999997,85.81431162389062
1,4,93.12799999999999,96.70656140082038,193.41312280164075,96.70656140082038
1,5,93.12799999999999,104.82479213585691,209.64958427171382,209.64958427171382
1,6,93.12799999999999,110.71328466134408,221.42656932268815,221.42656932268812
1,7,93.12799999999999,106.8718840999639,213.7437681999278,213.7437681999278
1,8,93.12799999999999,59.204540742024236,186.25599999999997,2112.8651148181007
1,9,93.12799999999999,85.34306180870009,186.25599999999997,85.34306180870009
1,10,93.12799999999999,88.0561262162811,186.25599999999997,88.0561262162811
1,11,93.12799999999999,62.26413598951963,186.25599999999997,62.26413598951963
1,12,93.12799999999999,93.01069801050018,186.25599999999997,186.25599999999997
1,13,93.12799999999999,97.20744241392781,194.41488482785562,97.20744241392781
1,14,93.12799999999999,111.1704619823663,222.3409239647326,111.1704619823663
1,15,93.12799999999999,118.34272744558079,236.68545489116158,118.34272744558079
1,16,93.12799999999999,66.86074244703235,186.25599999999997,66.86074244703235
1,17,93.12799999999999,73.33238105985484,186.25599999999997,186.25599999999997
1,18,93.12799999999999,100.45884152801997,200.91768305603995,200.91768305603998
1,19,93.12799999999999,67.13446564898476,186.25599999999997,186.25599999999997
1,20,93.12799999999999,72.93047494543896,186.25599999999997,186.25599999999997
1,21,93.12799999999999,95.12527707051208,190.25055414102417,95.12527707051208
1,22,93.12799999999999,69.47867646605262,186.25599999999997,186.25599999999997
1,23,93.12799999999999,108.24583756312954,216.49167512625908,216.4916751262591
1,24,93.12799999999999,112.97513324391474,225.95026648782948,112.97513324391475
1,25,93.12799999999999,60.883205695875645,186.25599999999997,186.25599999999997
1,26,93.12799999999999,92.45407352696756,186.25599999999997,186.25599999999997
1,27,93.12799999999999,109.17727771674065,218.3545554334813,109.17727771674063
1,28,93.12799999999999,120.45160933474448,240.90321866948895,240.90321866948895
1,29,93.12799999999999,76.10546113716886,186.25599999999997,76.10546113716886
1,30,93.12799999999999,69.45193390982597,186.25599999999997,186.25599999999997
1,31,93.12799999999999,114.22319268302388,228.44638536604776,228.44638536604776
1,32,93.12799999999999,116.27836427564786,232.55672855129572,1980.044647683621
1,33,93.12799999999999,71.25087241093739,186.25599999999997,186.25599999999997
1,34,93.12799999999999,86.68904130885286,186.25599999999997,86.68904130885286
1,35,93.12799999999999,104.25982749772896,208.51965499545793,104.25982749772898
1,36,93.12799999999999,112.23925031388558,224.47850062777115,224.47850062777115
1,37,93.12799999999999,69.39968654976772,186.25599999999997,69.39968654976772
1,38,93.12799999999999,100.82648764948149,201.65297529896299,201.65297529896299
1,39,93.12799999999999,109.86593660915236,219.7318732183047,219.7318732183047
1,40,93.12799999999999,93.53408327987508,187.06816655975015,93.53408327987508
1,41,93.12799999999999,69.17452386283715,186.25599999999997,69.17452386283715
1,42,93.12799999999999,61.000549967798186,186.25599999999997,61.00054996779819
1,43,93.12799999999999,76.56577915148134,186.25599999999997,186.25599999999997
1,44,93.12799999999999,109.86817562538056,219.73635125076112,109.86817562538056
1,45,93.12799999999999,61.585022284765074,186.25599999999997,186.25599999999997
1,46,93.12799999999999,59.27244613541879,186.25599999999997,186.25599999999997
1,47,93.12799999999999,81.63277996260874,186.25599999999997,186.25599999999997
1,48,93.12799999999999,62.77808068929022,186.25599999999997,186.25599999999997
1,49,93.12799999999999,68.21086881250214,186.25599999999997,186.25599999999997
1,50,93.12799999999999,60.21987239895428,186.25599999999997,60.21987239895428
1,51,93.12799999999999,91.95264494059631,186.25599999999997,186.25599999999997
1,52,93.12799999999999,102.83391455189998,205.66782910379996,205.66782910379996
1,53,93.12799999999999,85.77310003853601,186.25599999999997,85.77310003853601
1,54,93.12799999999999,67.26711348793812,186.25599999999997,186.25599999999997
1,55,93.12799999999999,79.71820488058478,186.25599999999997,79.71820488058478
1,56,93.12799999999999,96.10493432224187,192.20986864448375,192.20986864448375
1,57,93.12799999999999,118.27009911154771,236.54019822309542,236.54019822309542
1,58,93.12799999999999,121.55368343606274,243.10736687212548,243.10736687212548
1,59,93.12799999999999,74.03927117109382,186.25599999999997,186.25599999999997
1,60,93.12799999999999,59.42198330037445,186.25599999999997,59.42198330037445
1,61,93.12799999999999,111.30884613485146,222.61769226970293,222.61769226970293
1,62,93.12799999999999,117.38122522715847,234.76245045431693,3258.69086565124
1,63,93.12799999999999,87.7693308004504,186.25599999999997,87.7693308004504
1,64,93.12799999999999,107.56327145380475,215.1265429076095,107.56327145380476
1,65,93.12799999999999,113.55871671315904,227.1174334263181,227.1174334263181
1,66,93.12799999999999,97.32411894879567,194.64823789759134,194.64823789759137
1,67,93.12799999999999,113.96543856047045,227.9308771209409,113.96543856047046
1,68,93.12799999999999,60.264963698649,186.25599999999997,186.25599999999997
1,69,93.12799999999999,75.93694420483456,186.25599999999997,75.93694420483456
1,70,93.12799999999999,76.2928088648049,186.25599999999997,186.25599999999997
1,71,93.12799999999999,66.38522643235868,186.25599999999997,186.25599999999997
1,72,93.12799999999999,116.37523310829687,232.75046621659374,232.75046621659374
1,73,93.12799999999999,60.67852470903874,186.25599999999997,60.67852470903874
1,74,93.12799999999999,101.30685288849457,202.61370577698915,202.61370577698915
1,75,93.12799999999999,63.26637612070946,186.25599999999997,63.26637612070945
1,76,93.12799999999999,81.57987483134995,186.25599999999997,186.25599999999997
1,77,93.12799999999999,85.20656569286639,186.25599999999997,186.25599999999997
1,78,93.12799999999999,70.23038360580917,186.25599999999997,70.23038360580917
1,79,93.12799999999999,91.7181757714413,186.25599999999997,91.7181757714413
1,80,93.12799999999999,92.60257012600252,186.25599999999997,186.25599999999997
1,81,93.12799999999999,78.81257192643844,186.25599999999997,78.81257192643844
1,82,93.12799999999999,105.389607132564,210.779214265128,210.779214265128
1,83,93.12799999999999,68.88889835326754,186.25599999999997,186.25599999999997
1,84,93.12799999999999,70.93295145859942,186.25599999999997,70.93295145859942
1,85,93.12799999999999,81.18319256235303,186.25599999999997,186.25599999999997
1,86,93.12799999999999,82.6931861430442,186.25599999999997,82.6931861430442
1,87,93.12799999999999,71.80469014108084,186.25599999999997,186.25599999999997
1,88,93.12799999999999,116.88114025633304,233.76228051266608,233.7622805126661
1,89,93.12799999999999,111.14770776094592,222.29541552189184,111.1477077609459
1,90,93.12799999999999,65.51487679117766,186.25599999999997,186.25599999999997
1,91,93.12799999999999,82.13068428423526,186.25599999999997,186.25599999999997
1,92,93.12799999999999,73.47413699139769,186.25599999999997,186.25599999999997
1,93,93.12799999999999,87.29321679445816,186.25599999999997,87.29321679445816
1,94,93.12799999999999,76.23571243450075,186.25599999999997,186.25599999999997
1,95,93.12799999999999,90.50289704341634,186.25599999999997,186.25599999999997
1,96,93.12799999999999,117.12751813011992,234.25503626023985,117.12751813011992
1,97,93.12799999999999,82.95481621093988,186.25599999999997,186.25599999999997
1,98,93.12799999999999,99.88749103756228,199.77498207512457,199.77498207512457
1,99,93.12799999999999,96.43871049159657,192.87742098319313,96.43871049159657
2,0,86.03,88.65595578859373,177.31191157718746,177.31191157718746
2,1,86.03,52.23985768766724,172.06,52.23985768766723
2,2,86.03,88.27981916977772,176.55963833955545,88.27981916977772
2,3,86.03,98.90741601498749,197.81483202997498,197.81483202997498
2,4,86.03,80.82744218639941,172.06,172.06
2,5,86.03,64.15796421487349,172.06,172.06
2,6,86.03,84.45749042080215,172.06,172.06
2,7,86.03,86.55078274258692,173.10156548517384,173.10156548517384
2,8,86.03,83.61768849548673,172.06,83.61768849548673
2,9,86.03,56.738004893553246,172.06,56.73800489355325
2,10,86.03,100.34233081443737,200.68466162887475,200.68466162887475
2,11,86.03,99.38788271885615,198.7757654377123,240.9897702572158
2,12,86.03,71.38779293050632,172.06,71.38779293050632
2,13,86.03,80.30399617652094,172.06,80.30399617652094
2,14,86.03,51.077310445300185,172.06,51.077310445300185
2,15,86.03,101.14203026695385,202.2840605339077,202.2840605339077
2,16,86.03,92.17953219042607,184.35906438085215,184.35906438085215
2,17,86.03,82.56533636634856,172.06,172.06
2,18,86.03,89.1376705910197,178.2753411820394,2420.688316006399
2,19,86.03,58.906211546546956,172.06,172.06
2,20,86.03,65.2170005957992,172.06,172.06
2,21,86.03,61.98518450482285,172.06,61.98518450482284
2,22,86.03,80.43122999477563,172.06,172.06
2,23,86.03,53.83514115049546,172.06,53.83514115049546
2,24,86.03,96.23453846918216,192.4690769383643,192.46907693836434
2,25,86.03,73.37403713744469,172.06,172.06
2,26,86.03,72.4527475788045,172.06,72.4527475788045
2,27,86.03,54.51074442739784,172.06,54.51074442739784
2,28,86.03,85.11876373310322,172.06,172.06
2,29,86.03,92.08188293036966,184.16376586073932,184.16376586073932
2,30,86.03,82.19857516631437,172.06,172.06
2,31,86.03,61.75459082155304,172.06,61.75459082155304
2,32,86.03,90.4215130488501,180.8430260977002,180.8430260977002
2,33,86.03,56.67201470152361,172.06,56.67201470152361
2,34,86.03,92.6296021289579,185.2592042579158,185.2592042579158
2,35,86.03,79.62177176784915,172.06,79.62177176784915
2,36,86.03,64.25254689375276,172.06,64.25254689375276
2,37,86.03,76.06282112180646,172.06,76.06282112180646
2,38,86.03,82.1617116977252,172.06,172.06
2,39,86.03,62.62857578246348,172.06,172.06
2,40,86.03,93.66519335485256,187.33038670970512,187.33038670970512
2,41,86.03,71.20991262601228,172.06,172.06
2,42,86.03,96.06189652937833,192.12379305875666,192.12379305875666
2,43,86.03,93.06178265429143,186.12356530858287,186.12356530858287
2,44,86.03,54.22777816386514,172.06,54.22777816386514
2,45,86.03,83.07979002279524,172.06,172.06
2,46,86.03,65.36682331426901,172.06,65.36682331426901
2,47,86.03,88.7667219024143,177.5334438048286,177.5334438048286
2,48,86.03,77.61319620268361,172.06,172.06
2,49,86.03,73.12729883234512,172.06,73.12729883234512
2,50,86.03,96.22170843768733,192.44341687537465,192.44341687537465
2,51,86.03,52.00711510946119,172.06,172.06
2,52,86.03,78.38795324286309,172.06,172.06
2,53,86.03,66.28563105080455,172.06,66.28563105080455
2,54,86.03,50.84755025110537,172.06,50.84755025110537
2,55,86.03,88.73851499429585,177.4770299885917,88.73851499429585
2,56,86.03,78.62128983252558,172.06,78.62128983252558
2,57,86.03,96.15727107234707,192.31454214469414,192.31454214469414
2,58,86.03,80.54792953878298,172.06,172.06
2,59,86.03,66.76692365848717,172.06,66.76692365848717
2,60,86.03,100.96188915124337,201.92377830248674,201.92377830248677
2,61,86.03,55.09119343038969,172.06,55.09119343038969
2,62,86.03,51.76170887959877,172.06,51.761708879598764
2,63,86.03,87.63611611465208,175.27223222930417,87.63611611465208
2,64,86.03,68.55218273910846,172.06,172.06
2,65,86.03,68.0557684342919,172.06,172.06
2,66,86.03,95.22808920459434,190.45617840918868,95.22808920459434
2,67,86.03,66.25305738078201,172.06,172.06
2,68,86.03,95.88522767957144,191.7704553591429,191.7704553591429
2,69,86.03,82.96024051203264,172.06,172.06
2,70,86.03,66.34568960028415,172.06,172.06
2,71,86.03,52.127348555808496,172.06,52.127348555808496
2,72,86.03,61.91743180610659,172.06,61.91743180610659
2,73,86.03,100.07526606242814,200.15053212485628,200.15053212485628
2,74,86.03,70.36656892157228,172.06,172.06
2,75,86.03,57.429260255759814,172.06,172.06
2,76,86.03,64.70837246048693,172.06,172.06
2,77,86.03,96.44375358251429,192.88750716502858,192.88750716502858
2,78,86.03,57.690041211924736,172.06,172.06
2,79,86.03,90.02265132341805,180.0453026468361,180.0453026468361
2,80,86.03,56.101480723957344,172.06,172.06
2,81,86.03,99.70495356960821,199.40990713921641,199.40990713921641
2,82,86.03,76.95764929281154,172.06,172.06
2,83,86.03,51.26413468828594,172.06,51.26413468828594
2,84,86.03,98.09914477796109,196.19828955592217,196.19828955592217
2,85,86.03,67.88486707914561,172.06,67.88486707914561
2,86,86.03,87.57277694993522,175.14555389987044,87.57277694993522
2,87,86.03,76.6148810117595,172.06,172.06
2,88,86.03,53.87085364309529,172.06,53.87085364309529
2,89,86.03,54.58185354173974,172.06,172.06
2,90,86.03,56.85905817162906,172.06,172.06
2,91,86.03,57.490801386234,172.06,172.06
2,92,86.03,51.76983580330041,172.06,51.76983580330041
2,93,86.03,51.46688393688023,172.06,172.06
2,94,86.03,99.02096405621968,198.04192811243936,198.04192811243936
2,95,86.03,53.80279910658627,172.06,53.80279910658628
2,96,86.03,75.80475863218568,172.06,75.80475863218568
2,97,86.03,55.24501462132298,172.06,172.06
2,98,86.03,60.31782352486126,172.06,60.31782352486126
2,99,86.03,89.24251194356,178.48502388712,89.24251194356
3,0,82.964,89.77208136721119,179.54416273442237,179.54416273442237
3,1,82.964,67.2451148207167,165.928,165.928
3,2,82.964,44.92741147957752,165.928,165.928
3,3,82.964,92.709176290549,185.418352581098,185.418352581098
3,4,82.964,46.95355286681479,165.928,165.928
3,5,82.964,63.38508739404988,165.928,165.928
3,6,82.964,70.57994896859734,165.928,165.928
3,7,82.964,87.5405847009929,175.0811694019858,175.0811694019858
3,8,82.964,84.2405050805524,168.4810101611048,168.4810101611048
3,9,82.964,73.96219785225054,165.928,165.928
3,10,82.964,63.825332542368855,165.928,165.928
3,11,82.964,84.78713849635244,169.57427699270488,169.57427699270488
3,12,82.964,86.45011503222369,172.90023006444738,172.90023006444738
3,13,82.964,86.58700754999369,173.17401509998737,173.17401509998737
3,14,82.964,79.16805675486926,165.928,165.928
3,15,82.964,49.358790790466024,165.928,165.928
3,16,82.964,59.01511637498274,165.928,165.928
3,17,82.964,68.02464191483622,165.928,165.928
3,18,82.964,68.94468899097424,165.928,165.928
3,19,82.964,84.70993743752857,169.41987487505713,169.41987487505713
3,20,82.964,56.09393125694287,165.928,165.928
3,21,82.964,76.61702812355938,165.928,165.928
3,22,82.964,62.65179296880844,165.928,165.928
3,23,82.964,81.94994404763426,165.928,165.928
3,24,82.964,54.07109923383437,165.928,165.928
3,25,82.964,67.57764593777965,165.928,165.928
3,26,82.964,49.63633628135332,165.928,165.928
3,27,82.964,54.85093812925806,165.928,165.928
3,28,82.964,89.62972503676335,179.2594500735267,179.2594500735267
3,29,82.964,59.85515759928373,165.928,165.928
3,30,82.964,87.60038926652612,175.20077853305224,175.20077853305224
3,31,82.964,69.87043049745226,165.928,165.928
3,32,82.964,46.53323312645364,165.928,165.928
3,33,82.964,82.79149758206457,165.928,165.928
3,34,82.964,47.15475103663241,165.928,165.928
3,35,82.964,84.42476237980735,168.8495247596147,168.8495247596147
3,36,82.964,45.07924283253893,165.928,165.928
3,37,82.964,77.07488352865015,165.928,165.928
3,38,82.964,52.62545930728633,165.928,165.928
3,39,82.964,61.145353555927684,165.928,165.928
3,40,82.964,90.47500945233556,180.9500189046711,180.9500189046711
3,41,82.964,68.03961832858138,165.928,165.928
3,42,82.964,76.27248519321644,165.928,165.928
3,43,82.964,80.27889830349378,165.928,165.928
3,44,82.964,49.94264797431382,165.928,165.928
3,45,82.964,84.9947499359414,169.9894998718828,169.9894998718828
3,46,82.964,88.60755942642936,177.21511885285872,177.21511885285872
3,47,82.964,52.13044382891082,165.928,165.928
3,48,82.964,70.92532665705004,165.928,165.928
3,49,82.964,58.29017546338568,165.928,165.928
3,50,82.964,80.27464870823326,165.928,165.928
3,51,82.964,46.01563950797548,165.928,165.928
3,52,82.964,69.30506670033365,165.928,165.928
3,53,82.964,82.78347467809868,165.928,165.928
3,54,82.964,79.99043842213506,165.928,165.928
3,55,82.964,49.858770001447134,165.928,165.928
3,56,82.964,84.7131449258008,169.4262898516016,169.4262898516016
3,57,82.964,56.09412152551519,165.928,165.928
3,58,82.964,83.50353293745383,167.00706587490765,167.00706587490765
3,59,82.964,68.56358884123553,165.928,165.928
3,60,82.964,52.39038200884514,165.928,165.928
3,61,82.964,79.95695589832123,165.928,165.928
3,62,82.964,83.50955976681814,167.01911953363629,167.01911953363629
3,63,82.964,78.2670550208326,165.928,165.928
3,64,82.964,91.05666943120212,182.11333886240425,182.11333886240425
3,65,82.964,56.974368827020605,165.928,165.928
3,66,82.964,55.99416869471444,165.928,165.928
3,67,82.964,51.73655021699363,165.928,165.928
3,68,82.964,70.59675727710538,165.928,165.928
3,69,82.964,63.86604322548852,165.928,165.928
3,70,82.964,61.808377361740675,165.928,165.928
3,71,82.964,66.79266861418097,165.928,165.928
3,72,82.964,57.8591393737084,165.928,165.928
3,73,82.964,44.86096986568667,165.928,165.928
3,74,82.964,67.34312433600141,165.928,165.928
3,75,82.964,57.92369159747936,165.928,165.928
3,76,82.964,66.28670183431541,165.928,165.928
3,77,82.964,89.32677125378389,178.65354250756778,178.65354250756778
3,78,82.964,53.26466218765641,165.928,165.928
3,79,82.964,75.31341233052181,165.928,165.928
3,80,82.964,75.64674751197308,165.928,165.928
3,81,82.964,58.183800705952585,165.928,165.928
3,82,82.964,67.30163646536374,165.928,165.928
3,83,82.964,91.28583839296562,182.57167678593123,182.57167678593123
3,84,82.964,61.12539030068715,165.928,165.928
3,85,82.964,78.91359422683834,165.928,165.928
3,86,82.964,85.06320278572915,170.1264055714583,170.1264055714583
3,87,82.964,62.00213950973456,165.928,165.928
3,88,82.964,92.26220893977624,184.5244178795525,92.26220893977624
3,89,82.964,74.75486528868319,165.928,165.928
3,90,82.964,68.74904947901076,165.928,165.928
3,91,82.964,79.03681990897935,165.928,165.928
3,92,82.964,65.03855932123234,165.928,165.928
3,93,82.964,78.91270648272504,165.928,165.928
3,94,82.964,57.87165055067494,165.928,165.928
3,95,82.964,89.2466129132509,178.4932258265018,178.4932258265018
3,96,82.964,70.71970849954543,165.928,165.928
3,97,82.964,56.277289404353645,165.928,165.928
3,98,82.964,65.68138118098412,165.928,165.928
3,99,82.964,87.70232025108957,175.40464050217915,175.40464050217915
4,0,82.726,89.05197107478175,178.1039421495635,89.05197107478175
4,1,82.726,72.50062910843775,165.452,72.50062910843775
4,2,82.726,65.68857255561204,165.452,65.68857255561204
4,3,82.726,66.94797138461387,165.452,66.94797138461387
4,4,82.726,97.98679170636179,195.97358341272357,97.98679170636179
4,5,82.726,53.40081663273353,165.452,53.40081663273353
4,6,82.726,93.25763528983889,186.51527057967778,93.25763528983889
4,7,82.726,91.64578547999544,183.29157095999088,91.64578547999544
4,8,82.726,59.15635142893218,165.452,59.15635142893218
4,9,82.726,65.56836027237422,165.452,65.56836027237422
4,10,82.726,76.86649605808022,165.452,76.86649605808022
4,11,82.726,88.81274044168052,177.62548088336104,88.81274044168052
4,12,82.726,96.40906546844043,192.81813093688086,192.81813093688086
4,13,82.726,98.53134391561765,197.0626878312353,98.53134391561765
4,14,82.726,62.072881724639934,165.452,62.07288172463994
4,15,82.726,57.51321336317395,165.452,57.51321336317395
4,16,82.726,72.66769906435165,165.452,72.66769906435165
4,17,82.726,76.25100302010041,165.452,76.25100302010041
4,18,82.726,81.33774291778825,165.452,81.33774291778825
4,19,82.726,53.16368771456706,165.452,53.16368771456707
4,20,82.726,80.80677123007905,165.452,80.80677123007905
4,21,82.726,94.91772321621434,189.83544643242868,94.91772321621434
4,22,82.726,94.60074018846508,189.20148037693016,189.20148037693016
4,23,82.726,96.0667672995881,192.1335345991762,96.0667672995881
4,24,82.726,94.9670056550653,189.9340113101306,94.9670056550653
4,25,82.726,96.93920396693629,193.87840793387258,96.93920396693629
4,26,82.726,50.14170386749994,165.452,50.14170386749994
4,27,82.726,94.64266533309956,189.28533066619912,94.64266533309956
4,28,82.726,61.558829550530014,165.452,61.558829550530014
4,29,82.726,64.09617272173138,165.452,165.4520000000027
4,30,82.726,71.17406912811832,165.452,71.17406912811832
4,31,82.726,96.65714032715049,193.31428065430097,96.65714032715049
4,32,82.726,78.68942768968586,165.452,165.452
4,33,82.726,65.73944673328687,165.452,65.73944673328687
4,34,82.726,66.84074912004928,165.452,165.45200000000057
4,35,82.726,94.07367213666129,188.14734427332257,94.07367213666129
4,36,82.726,89.83658961794323,179.67317923588647,89.83658961794323
4,37,82.726,54.70019473429751,165.452,54.70019473429751
4,38,82.726,60.40280635925855,165.452,60.402806359258555
4,39,82.726,66.72723236276082,165.452,66.72723236276082
4,40,82.726,58.764027223305774,165.452,58.76402722330577
4,41,82.726,76.55463763866847,165.452,76.55463763866847
4,42,82.726,59.11788840499837,165.452,59.11788840499837
4,43,82.726,77.14174479482666,165.452,77.14174479482666
4,44,82.726,95.66916028126406,191.3383205625281,191.3383205625281
4,45,82.726,91.18745412167112,182.37490824334225,91.18745412167112
4,46,82.726,52.73640957970618,165.452,52.73640957970618
4,47,82.726,58.259298120989506,165.452,58.25929812098951
4,48,82.726,68.82081630939186,165.452,68.82081630939186
4,49,82.726,80.79505023512684,165.452,80.79505023512684
4,50,82.726,67.47741858592299,165.452,67.47741858592299
4,51,82.726,60.553165297891525,165.452,60.55316529789153
4,52,82.726,65.32722704176058,165.452,65.32722704176058
4,53,82.726,58.110955101067155,165.452,58.110955101067155
4,54,82.726,91.86424811194969,183.72849622389938,91.86424811194969
4,55,82.726,83.4181401698396,166.8362803396792,83.4181401698396
4,56,82.726,68.73255894351972,165.452,68.73255894351972
4,57,82.726,83.58128582645423,167.16257165290847,83.58128582645423
4,58,82.726,74.30977675352786,165.452,74.30977675352786
4,59,82.726,74.64496809567672,165.452,74.64496809567672
4,60,82.726,66.49174839797062,165.452,165.45200000000293
4,61,82.726,72.69300459621758,165.452,72.69300459621758
4,62,82.726,98.20848870796644,196.41697741593288,98.20848870796645
4,63,82.726,87.89289452829931,175.78578905659862,87.89289452829931
4,64,82.726,90.11122854044883,180.22245708089767,90.11122854044883
4,65,82.726,54.02467704583477,165.452,54.02467704583477
4,66,82.726,73.5167905926032,165.452,165.451999999999
4,67,82.726,66.46842017538414,165.452,66.46842017538414
4,68,82.726,52.205036080831526,165.452,52.205036080831526
4,69,82.726,67.92434748139111,165.452,67.92434748139111
4,70,82.726,51.449814762081395,165.452,51.44981476208139
4,71,82.726,59.65051701471153,165.452,59.65051701471153
4,72,82.726,88.6264918795754,177.2529837591508,88.6264918795754
4,73,82.726,82.85199282549448,165.70398565098895,82.85199282549448
4,74,82.726,83.4845805569466,166.9691611138932,83.4845805569466
4,75,82.726,51.71508878903542,165.452,51.71508878903543
4,76,82.726,56.05701869401481,165.452,56.0570186940148
4,77,82.726,48.75081966002407,165.452,48.75081966002407
4,78,82.726,52.64667472533151,165.452,52.64667472533151
4,79,82.726,52.8367346196824,165.452,52.8367346196824
4,80,82.726,96.90671887386831,193.81343774773663,96.90671887386831
4,81,82.726,93.51044991400309,187.02089982800618,93.51044991400309
4,82,82.726,58.12328919511403,165.452,58.12328919511403
4,83,82.726,60.666073533377215,165.452,60.666073533377215
4,84,82.726,96.94433590292157,193.88867180584313,96.94433590292157
4,85,82.726,76.88895677812823,165.452,76.88895677812823
4,86,82.726,66.55166023214706,165.452,66.55166023214706
4,87,82.726,71.58094614307764,165.452,71.58094614307764
4,88,82.726,61.60999109925084,165.452,61.60999109925084
4,89,82.726,77.5857039760159,165.452,77.5857039760159
4,90,82.726,84.85580298113058,169.71160596226116,84.85580298113058
4,91,82.726,74.09012296747953,165.452,80.07269029618196
4,92,82.726,89.75032845908657,179.50065691817315,89.75032845908657
4,93,82.726,53.4520094355424,165.452,53.4520094355424
4,94,82.726,78.6157526959452,165.452,78.6157526959452
4,95,82.726,98.41813707072309,196.83627414144618,98.41813707072309
4,96,82.726,55.29236016036705,165.452,55.29236016036706
4,97,82.726,73.04280925365111,165.452,165.45199999999895
4,98,82.726,79.9750267904581,165.452,79.9750267904581
4,99,82.726,64.96141887458204,165.452,64.96141887458204
5,0,85.946,114.1400340748455,228.280068149691,228.280068149691
5,1,85.946,85.24872924469008,171.892,85.24872924469008
5,2,85.946,84.84408068164831,171.892,84.84408068164831
5,3,85.946,110.40486096258194,220.80972192516387,220.80972192516387
5,4,85.946,56.94265270885874,171.892,56.942652708858745
5,5,85.946,108.3683580871764,216.7367161743528,108.3683580871764
5,6,85.946,63.76523048792686,171.892,171.892
5,7,85.946,78.84341740679973,171.892,171.892
5,8,85.946,85.43235777258884,171.892,171.892
5,9,85.946,84.71506107726223,171.892,84.71506107726223
5,10,85.946,58.35935207052947,171.892,58.35935207052947
5,11,85.946,75.10175252608028,171.892,75.10175252608028
5,12,85.946,77.49450908313223,171.892,77.49450908313223
5,13,85.946,113.63130892007271,227.26261784014542,227.26261784014542
5,14,85.946,111.26831209323008,222.53662418646016,111.2683120932301
5,15,85.946,91.21369843094052,182.42739686188105,91.21369843094052
5,16,85.946,112.25600003605321,224.51200007210642,112.25600003605321
5,17,85.946,108.05649351223721,216.11298702447442,216.11298702447442
5,18,85.946,78.63567569653183,171.892,171.892
5,19,85.946,63.03532862233787,171.892,63.03532862233787
5,20,85.946,92.58763817968646,185.17527635937293,185.17527635937293
5,21,85.946,75.45760192102112,171.892,75.45760192102112
5,22,85.946,56.570790543458386,171.892,56.57079054345838
5,23,85.946,115.13855627636299,230.27711255272598,230.277112552726
5,24,85.946,114.42091091527092,228.84182183054185,114.42091091527094
5,25,85.946,88.34738781494617,176.69477562989235,88.34738781494617
5,26,85.946,93.25372962252742,186.50745924505483,186.50745924505483
5,27,85.946,96.30928466703926,192.61856933407853,96.30928466703926
5,28,85.946,111.84428101181432,223.68856202362863,111.84428101181432
5,29,85.946,84.1694369469388,171.892,84.1694369469388
5,30,85.946,91.1250447787531,182.2500895575062,91.1250447787531
5,31,85.946,69.64145480066955,171.892,171.892
5,32,85.946,70.59756630758804,171.892,171.892
5,33,85.946,87.46147386779253,174.92294773558507,87.46147386779253
5,34,85.946,69.80214498636451,171.892,69.80214498636451
5,35,85.946,57.80735205811413,171.892,2425.6668449643016
5,36,85.946,78.19467114247051,171.892,78.19467114247051
5,37,85.946,101.19748441580208,202.39496883160416,101.19748441580208
5,38,85.946,72.6879318090445,171.892,72.6879318090445
5,39,85.946,107.99569333412332,215.99138666824663,107.99569333412332
5,40,85.946,98.33716835850072,196.67433671700144,196.67433671700144
5,41,85.946,95.37191687068437,190.74383374136875,95.37191687068437
5,42,85.946,109.79107648452663,219.58215296905325,109.79107648452664
5,43,85.946,60.433471408742065,171.892,60.433471408742065
5,44,85.946,66.76115280858888,171.892,66.76115280858888
5,45,85.946,110.80316683370613,221.60633366741226,110.80316683370613
5,46,85.946,110.66854894223572,221.33709788447143,110.66854894223572
5,47,85.946,60.70213648024396,171.892,60.702136480243965
5,48,85.946,102.66170793162887,205.32341586325774,102.66170793162888
5,49,85.946,56.91383442128757,171.892,171.892
5,50,85.946,64.13674563999741,171.892,64.13674563999741
5,51,85.946,62.60086336123151,171.892,62.600863361231504
5,52,85.946,73.70836105407399,171.892,73.70836105407399
5,53,85.946,79.39205503586648,171.892,171.892
5,54,85.946,110.8998501312462,221.7997002624924,110.8998501312462
5,55,85.946,82.29376806577935,171.892,171.892
5,56,85.946,63.45025690121328,171.892,63.45025690121327
5,57,85.946,72.40327724092654,171.892,72.40327724092654
5,58,85.946,56.36787457008831,171.892,56.36787457008832
5,59,85.946,57.67451049237745,171.892,57.67451049237745
5,60,85.946,81.97245392255448,171.892,81.97245392255448
5,61,85.946,86.86316199123749,173.72632398247498,86.86316199123749
5,62,85.946,71.05355886229972,171.892,71.05355886229972
5,63,85.946,78.88706715365225,171.892,171.892
5,64,85.946,62.215514802077465,171.892,62.215514802077465
5,65,85.946,95.70365882245535,191.4073176449107,191.4073176449107
5,66,85.946,79.65354107589998,171.892,79.65354107589998
5,67,85.946,65.72176813806061,171.892,171.892
5,68,85.946,85.9711957979743,171.9423915959486,171.9423915959486
5,69,85.946,68.54630102623145,171.892,171.892
5,70,85.946,73.59584214704105,171.892,73.59584214704105
5,71,85.946,63.4696313688094,171.892,63.469631368809395
5,72,85.946,103.05352785724196,206.10705571448392,103.05352785724196
5,73,85.946,72.82328522686883,171.892,171.892
5,74,85.946,113.60100297175944,227.20200594351888,113.60100297175944
5,75,85.946,80.42683900265298,171.892,80.42683900265298
5,76,85.946,65.34006670443262,171.892,65.34006670443262
5,77,85.946,98.50058903178554,197.00117806357107,197.00117806357107
5,78,85.946,100.20951516549015,200.4190303309803,100.20951516549015
5,79,85.946,109.11803123880864,218.23606247761728,109.11803123880863
5,80,85.946,63.91228192173084,171.892,63.91228192173084
5,81,85.946,103.60550949179874,207.21101898359748,103.60550949179874
5,82,85.946,107.81814875654834,215.63629751309668,215.63629751309668
5,83,85.946,74.34277393097727,171.892,74.34277393097727
5,84,85.946,83.38407164897649,171.892,83.38407164897649
5,85,85.946,93.34152710364364,186.68305420728728,93.34152710364364
5,86,85.946,70.7853631584419,171.892,70.7853631584419
5,87,85.946,108.51731983526872,217.03463967053744,108.51731983526874
5,88,85.946,98.13772176288028,196.27544352576055,98.13772176288028
5,89,85.946,107.63269472162102,215.26538944324204,107.63269472162102
5,90,85.946,83.10872004041516,171.892,83.10872004041516
5,91,85.946,87.2737414681554,174.5474829363108,87.2737414681554
5,92,85.946,67.69498478179155,171.892,67.69498478179155
5,93,85.946,74.91589429568431,171.892,74.91589429568431
5,94,85.946,99.96558317876278,199.93116635752557,199.93116635752557
5,95,85.946,113.8018357777688,227.6036715555376,113.80183577776882
5,96,85.946,65.15367325328647,171.892,171.892
5,97,85.946,59.03670651311349,171.892,171.892
5,98,85.946,60.05012714722651,171.892,171.892
5,99,85.946,82.23793703031497,171.892,82.23793703031497
6,0,93.54799999999999,86.04277131397585,187.09599999999998,187.09599999999932
6,1,93.54799999999999,57.65945863267952,187.09599999999998,57.65945863267952
6,2,93.54799999999999,70.26936083395604,187.09599999999998,187.09599999999998
6,3,93.54799999999999,72.18243590860739,187.09599999999998,72.18243590860739
6,4,93.54799999999999,88.29382075188008,187.09599999999998,88.29382075188008
6,5,93.54799999999999,54.617939975590616,187.09599999999998,54.617939975590616
6,6,93.54799999999999,47.15388971971959,187.09599999999998,47.15388971971959
6,7,93.54799999999999,71.7451767471685,187.09599999999998,187.09599999999998
6,8,93.54799999999999,64.17642432246626,187.09599999999998,64.17642432246626
6,9,93.54799999999999,61.023106932360925,187.09599999999998,61.023106932360925
6,10,93.54799999999999,85.02129220548282,187.09599999999998,85.02129220548282
6,11,93.54799999999999,80.58378956447311,187.09599999999998,80.58378956447311
6,12,93.54799999999999,50.61403809109172,187.09599999999998,50.614038091091714
6,13,93.54799999999999,73.81712697348767,187.09599999999998,115.72565125294012
6,14,93.54799999999999,86.30138020356478,187.09599999999998,187.09599999999998
6,15,93.54799999999999,91.89210792496374,187.09599999999998,91.89210792496374
6,16,93.54799999999999,46.427368871157896,187.09599999999998,46.427368871157896
6,17,93.54799999999999,86.78654499567998,187.09599999999998,187.09599999999998
6,18,93.54799999999999,48.580034843843286,187.09599999999998,48.580034843843286
6,19,93.54799999999999,80.51648016399918,187.09599999999998,80.51648016399918
6,20,93.54799999999999,76.31175260261239,187.09599999999998,76.31175260261239
6,21,93.54799999999999,94.0082294287121,188.0164588574242,94.0082294287121
6,22,93.54799999999999,78.00497097222214,187.09599999999998,78.00497097222214
6,23,93.54799999999999,49.914291389733044,187.09599999999998,49.914291389733044
6,24,93.54799999999999,79.93048218009784,187.09599999999998,79.93048218009784
6,25,93.54799999999999,59.16127797774632,187.09599999999998,59.16127797774633
6,26,93.54799999999999,88.00596530680988,187.09599999999998,88.00596530680988
6,27,93.54799999999999,47.99087554701868,187.09599999999998,47.99087554701869
6,28,93.54799999999999,62.62126966056003,187.09599999999998,62.62126966056003
6,29,93.54799999999999,80.2323094452727,187.09599999999998,80.2323094452727
6,30,93.54799999999999,54.19811411549762,187.09599999999998,187.09599999999998
6,31,93.54799999999999,78.72445490268098,187.09599999999998,78.72445490268098
6,32,93.54799999999999,81.27152148485008,187.09599999999998,81.27152148485008
6,33,93.54799999999999,83.09875324946259,187.09599999999998,181.6942282744771
6,34,93.54799999999999,90.17503708664222,187.09599999999998,187.09599999999998
6,35,93.54799999999999,67.0717826837934,187.09599999999998,67.0717826837934
6,36,93.54799999999999,53.540670741110276,187.09599999999998,53.540670741110276
6,37,93.54799999999999,59.43074302159039,187.09599999999998,187.09599999999998
6,38,93.54799999999999,65.89801111136643,187.09599999999998,65.89801111136643
6,39,93.54799999999999,49.146389511167165,187.09599999999998,49.146389511167165
6,40,93.54799999999999,81.83759531313274,187.09599999999998,81.83759531313274
6,41,93.54799999999999,49.56794851891866,187.09599999999998,49.56794851891866
6,42,93.54799999999999,49.302913637904204,187.09599999999998,49.302913637904204
6,43,93.54799999999999,93.03261124129625,187.09599999999998,93.03261124129625
6,44,93.54799999999999,86.72134865091076,187.09599999999998,86.72134865091076
6,45,93.54799999999999,59.09932342890489,187.09599999999998,59.099323428904896
6,46,93.54799999999999,63.49968537428221,187.09599999999998,63.49968537428221
6,47,93.54799999999999,87.70481839343822,187.09599999999998,87.70481839343822
6,48,93.54799999999999,77.37293183394023,187.09599999999998,187.09599999999998
6,49,93.54799999999999,59.66102548730142,187.09599999999998,59.66102548730142
6,50,93.54799999999999,68.8640333310442,187.09599999999998,68.8640333310442
6,51,93.54799999999999,89.18647932048768,187.09599999999998,89.18647932048768
6,52,93.54799999999999,46.45268485388533,187.09599999999998,46.45268485388533
6,53,93.54799999999999,96.02665389172658,192.05330778345316,96.02665389172658
6,54,93.54799999999999,74.70843494701667,187.09599999999998,74.70843494701667
6,55,93.54799999999999,55.51708111365062,187.09599999999998,187.09599999999887
6,56,93.54799999999999,86.41876311896102,187.09599999999998,187.09599999999998
6,57,93.54799999999999,50.227027205506204,187.09599999999998,50.227027205506204
6,58,93.54799999999999,66.91351646760045,187.09599999999998,66.91351646760045
6,59,93.54799999999999,75.06829042544726,187.09599999999998,75.06829042544726
6,60,93.54799999999999,58.77506147768073,187.09599999999998,58.77506147768074
6,61,93.54799999999999,90.66980700268178,187.09599999999998,187.09599999999998
6,62,93.54799999999999,81.2549868708934,187.09599999999998,187.09599999999958
6,63,93.54799999999999,54.50771137827311,187.09599999999998,54.50771137827311
6,64,93.54799999999999,54.046383342043306,187.09599999999998,54.0463833420433
6,65,93.54799999999999,49.5140881272037,187.09599999999998,49.5140881272037
6,66,93.54799999999999,74.98662134733499,187.09599999999998,74.98662134733499
6,67,93.54799999999999,55.77936875275165,187.09599999999998,55.77936875275166
6,68,93.54799999999999,73.56115024967409,187.09599999999998,73.56115024967409
6,69,93.54799999999999,87.38252984078194,187.09599999999998,187.09599999999958
6,70,93.54799999999999,90.36748520693473,187.09599999999998,187.09599999999958
6,71,93.54799999999999,52.23433288889115,187.09599999999998,52.23433288889115
6,72,93.54799999999999,63.0262586428454,187.09599999999998,63.0262586428454
6,73,93.54799999999999,67.2822153936296,187.09599999999998,67.2822153936296
6,74,93.54799999999999,65.58468538122874,187.09599999999998,65.58468538122874
6,75,93.54799999999999,67.35486104693823,187.09599999999998,67.35486104693823
6,76,93.54799999999999,69.41232420850704,187.09599999999998,69.41232420850704
6,77,93.54799999999999,84.2371285829092,187.09599999999998,187.09599999999998
6,78,93.54799999999999,61.69047740965431,187.09599999999998,61.69047740965431
6,79,93.54799999999999,63.5854778726509,187.09599999999998,63.5854778726509
6,80,93.54799999999999,65.9259714984668,187.09599999999998,187.09599999999998
6,81,93.54799999999999,53.977347051723726,187.09599999999998,53.977347051723726
6,82,93.54799999999999,77.92970495610179,187.09599999999998,77.92970495610179
6,83,93.54799999999999,66.42592338283673,187.09599999999998,66.42592338283673
6,84,93.54799999999999,92.21544706901103,187.09599999999998,187.09599999999998
6,85,93.54799999999999,87.47967783529336,187.09599999999998,87.47967783529336
6,86,93.54799999999999,57.92453067056625,187.09599999999998,57.924530670566256
6,87,93.54799999999999,58.531097577373345,187.09599999999998,58.531097577373345
6,88,93.54799999999999,85.52285403071305,187.09599999999998,187.09599999999998
6,89,93.54799999999999,74.40617403979617,187.09599999999998,74.40617403979617
6,90,93.54799999999999,46.928545414440485,187.09599999999998,46.928545414440485
6,91,93.54799999999999,77.90519144832028,187.09599999999998,77.9051914483203
6,92,93.54799999999999,66.1593278471548,187.09599999999998,66.1593278471548
6,93,93.54799999999999,85.66997961072187,187.09599999999998,85.66997961072187
6,94,93.54799999999999,83.75207469503333,187.09599999999998,83.75207469503333
6,95,93.54799999999999,92.52414923699892,187.09599999999998,92.52414923699892
6,96,93.54799999999999,81.37455659604166,187.09599999999998,187.09599999999998
6,97,93.54799999999999,92.0567833330533,187.09599999999998,92.0567833330533
6,98,93.54799999999999,60.64766356634466,187.09599999999998,60.64766356634467
6,99,93.54799999999999,63.35009894465182,187.09599999999998,63.35009894465182
7,0,102.326,61.77791206818396,204.652,61.77791206818396
7,1,102.326,112.29582944515121,224.59165889030243,112.29582944515121
7,2,102.326,67.72051252713618,204.652,67.72051252713618
7,3,102.326,92.5563258090171,204.652,92.5563258090171
7,4,102.326,89.92177078031943,204.652,89.92177078031943
7,5,102.326,108.98100366412005,217.9620073282401,108.98100366412005
7,6,102.326,82.34122920123778,204.652,82.34122920123778
7,7,102.326,66.99796236723817,204.652,66.99796236723817
7,8,102.326,82.03424349950966,204.652,82.03424349950966
7,9,102.326,61.08050812997776,204.652,61.08050812997776
7,10,102.326,76.9300593694886,204.652,76.9300593694886
7,11,102.326,97.47738296269499,204.652,204.65200000000002
7,12,102.326,61.649217945105796,204.652,61.649217945105796
7,13,102.326,119.9735745256296,239.9471490512592,119.9735745256296
7,14,102.326,91.61002879280082,204.652,91.61002879280082
7,15,102.326,76.84262722387766,204.652,204.65200000000002
7,16,102.326,110.22261097139656,220.44522194279313,110.22261097139656
7,17,102.326,66.67277234376073,204.652,66.67277234376073
7,18,102.326,78.21181871047389,204.652,78.21181871047389
7,19,102.326,116.68719389858128,233.37438779716257,116.68719389858128
7,20,102.326,73.08138812550453,204.652,73.08138812550453
7,21,102.326,103.91234883860261,207.82469767720522,103.91234883860261
7,22,102.326,63.13693526973848,204.652,63.13693526973848
7,23,102.326,91.37771699696151,204.652,91.37771699696151
7,24,102.326,99.23535687781067,204.652,99.23535687781067
7,25,102.326,71.19197185116431,204.652,71.19197185116431
7,26,102.326,78.56619481534713,204.652,204.65200000000002
7,27,102.326,92.50563901629106,204.652,92.50563901629106
7,28,102.326,94.97456593197616,204.652,94.97456593197616
7,29,102.326,67.7205105402277,204.652,67.7205105402277
7,30,102.326,83.76627549675246,204.652,83.76627549675246
7,31,102.326,120.60130199406109,241.20260398812218,120.60130199406109
7,32,102.326,78.24127450327472,204.652,78.24127450327472
7,33,102.326,107.19359564030873,214.38719128061746,107.19359564030873
7,34,102.326,70.68480573596248,204.652,70.68480573596248
7,35,102.326,86.91963365828981,204.652,86.91963365828981
7,36,102.326,90.48303903133541,204.652,90.48303903133541
7,37,102.326,95.35190656741368,204.652,95.35190656741368
7,38,102.326,102.95926412047558,205.91852824095116,102.95926412047558
7,39,102.326,107.85369075159697,215.70738150319394,215.70738150319391
7,40,102.326,101.86556427891767,204.652,101.86556427891769
7,41,102.326,108.55980642074454,217.11961284148907,108.55980642074454
7,42,102.326,113.48574058255618,226.97148116511235,113.48574058255619
7,43,102.326,78.47170307307987,204.652,204.65200000000002
7,44,102.326,109.81746341977362,219.63492683954723,219.6349268395472
7,45,102.326,90.59615566946084,204.652,90.59615566946084
7,46,102.326,74.3006438945237,204.652,74.3006438945237
7,47,102.326,68.89982433646702,204.652,68.89982433646702
7,48,102.326,105.88601273564586,211.77202547129173,105.88601273564586
7,49,102.326,97.89204811644895,204.652,97.89204811644895
7,50,102.326,62.49906176181685,204.652,62.49906176181684
7,51,102.326,94.81625586448729,204.652,94.81625586448729
7,52,102.326,60.86139771128634,204.652,60.86139771128634
7,53,102.326,82.54553008314831,204.652,204.65200000000002
7,54,102.326,93.79728025065621,204.652,204.65200000000002
7,55,102.326,98.74024088788751,204.652,98.74024088788751
7,56,102.326,67.94786562228131,204.652,67.94786562228131
7,57,102.326,60.87953631418511,204.652,60.87953631418511
7,58,102.326,94.10139561289395,204.652,94.10139561289395
7,59,102.326,109.28428413157883,218.56856826315766,109.28428413157883
7,60,102.326,107.897549035981,215.795098071962,107.89754903598102
7,61,102.326,80.5694220429875,204.652,80.5694220429875
7,62,102.326,94.15939473467775,204.652,94.15939473467775
7,63,102.326,103.02461525676651,206.04923051353302,103.02461525676651
7,64,102.326,112.68686379082837,225.37372758165674,112.68686379082837
7,65,102.326,88.82301483261678,204.652,88.82301483261678
7,66,102.326,112.8314451740762,225.6628903481524,225.6628903481524
7,67,102.326,77.94694475901689,204.652,77.94694475901689
7,68,102.326,71.78794691920596,204.652,71.78794691920596
7,69,102.326,76.47058768153417,204.652,76.47058768153417
7,70,102.326,103.7169339937831,207.4338679875662,103.7169339937831
7,71,102.326,113.43437515630161,226.86875031260323,113.43437515630161
7,72,102.326,87.54432391944347,204.652,87.54432391944347
7,73,102.326,101.59988415920823,204.652,101.59988415920824
7,74,102.326,66.75711570323485,204.652,66.75711570323485
7,75,102.326,89.81131397470075,204.652,89.81131397470075
7,76,102.326,85.27145801000611,204.652,85.27145801000611
7,77,102.326,85.06901469665705,204.652,85.06901469665705
7,78,102.326,69.83614797743132,204.652,69.83614797743132
7,79,102.326,97.02572059871986,204.652,97.02572059871986
7,80,102.326,100.10852776313119,204.652,100.10852776313119
7,81,102.326,97.87272158486049,204.652,97.87272158486049
7,82,102.326,104.52929421388124,209.0585884277625,104.52929421388124
7,83,102.326,86.73384084476236,204.652,204.65200000000002
7,84,102.326,111.39917906776157,222.79835813552313,111.39917906776158
7,85,102.326,93.80046752652024,204.652,93.80046752652024
7,86,102.326,113.22608248418521,226.45216496837043,113.22608248418521
7,87,102.326,83.72750534367493,204.652,83.72750534367493
7,88,102.326,101.86386961783535,204.652,101.86386961783536
7,89,102.326,70.38404476932539,204.652,70.38404476932539
7,90,102.326,63.270564917773385,204.652,63.270564917773385
7,91,102.326,116.33397690697048,232.66795381394095,116.33397690697048
7,92,102.326,81.268514799396,204.652,81.268514799396
7,93,102.326,60.93344048693039,204.652,60.933440486930394
7,94,102.326,96.7550652130659,204.652,96.7550652130659
7,95,102.326,116.4439790643946,232.8879581287892,116.44397906439461
7,96,102.326,106.17120680775312,212.34241361550625,106.17120680775312
7,97,102.326,119.82040044121977,239.64080088243955,152.76614382386896
7,98,102.326,116.56003962327149,233.12007924654299,116.5600396232715
7,99,102.326,86.56561186494024,204.652,86.56561186494024
8,0,122.122,85.70004975120942,244.244,85.70004975120942
8,1,122.122,73.26532308214668,244.244,73.26532308214668
8,2,122.122,88.51724767340697,244.244,88.51724767340697
8,3,122.122,115.05914285809018,244.244,115.05914285809018
8,4,122.122,135.60826003562443,271.21652007124885,135.60826003562443
8,5,122.122,68.58174094907181,244.244,68.58174094907181
8,6,122.122,128.7221509035761,257.4443018071522,128.7221509035761
8,7,122.122,124.81345200858144,249.62690401716287,124.81345200858145
8,8,122.122,119.39621820708032,244.244,119.39621820708032
8,9,122.122,77.88315093512311,244.244,77.88315093512311
8,10,122.122,72.38192290919832,244.244,244.244
8,11,122.122,122.7705822490019,245.5411644980038,122.7705822490019
8,12,122.122,115.74159163469103,244.244,115.74159163469105
8,13,122.122,95.72533584160516,244.244,95.72533584160516
8,14,122.122,93.92726386188993,244.244,93.92726386188993
8,15,122.122,70.8623565712669,244.244,70.8623565712669
8,16,122.122,141.6934633119074,283.3869266238148,141.6934633119074
8,17,122.122,130.13448718850861,260.26897437701723,130.13448718850861
8,18,122.122,140.27480002838578,280.54960005677157,140.27480002838578
8,19,122.122,128.76291933521316,257.5258386704263,128.76291933521316
8,20,122.122,102.28323481573757,244.244,102.28323481573757
8,21,122.122,130.76279073567935,261.5255814713587,130.76279073567935
8,22,122.122,83.07907852081564,244.244,83.07907852081564
8,23,122.122,118.03178592762421,244.244,118.03178592762423
8,24,122.122,85.94403882403961,244.244,85.94403882403961
8,25,122.122,97.3899262822365,244.244,97.3899262822365
8,26,122.122,132.71754302103224,265.4350860420645,132.71754302103224
8,27,122.122,99.7839358118286,244.244,99.7839358118286
8,28,122.122,134.34206962388555,268.6841392477711,134.34206962388555
8,29,122.122,112.65634984839035,244.244,112.65634984839035
8,30,122.122,90.11128844143386,244.244,90.11128844143386
8,31,122.122,87.64978270712226,244.244,87.64978270712226
8,32,122.122,68.70457455282587,244.244,68.70457455282587
8,33,122.122,110.63185448129263,244.244,244.244
8,34,122.122,130.27657949388444,260.5531589877689,130.27657949388444
8,35,122.122,85.02245364480777,244.244,244.244
8,36,122.122,103.78643275303888,244.244,103.7864327530389
8,37,122.122,140.990291548095,281.98058309619,140.990291548095
8,38,122.122,97.45700463608105,244.244,97.45700463608105
8,39,122.122,137.63969789679572,275.27939579359145,137.63969789679572
8,40,122.122,129.39347848276347,258.78695696552694,129.39347848276347
8,41,122.122,104.91949716445467,244.244,182.56012213831343
8,42,122.122,115.29593839127179,244.244,115.29593839127179
8,43,122.122,73.29072928000778,244.244,73.29072928000778
8,44,122.122,106.52810577046976,244.244,244.244
8,45,122.122,124.47940335214432,248.95880670428863,124.47940335214432
8,46,122.122,85.43884241983076,244.244,85.43884241983076
8,47,122.122,72.25151878346956,244.244,72.25151878346956
8,48,122.122,70.62333817183855,244.244,70.62333817183855
8,49,122.122,80.27457696369676,244.244,80.27457696369676
8,50,122.122,85.98441271367416,244.244,85.98441271367416
8,51,122.122,127.83138806464727,255.66277612929454,127.83138806464727
8,52,122.122,102.3025224088152,244.244,102.3025224088152
8,53,122.122,107.93808951671825,244.244,107.93808951671826
8,54,122.122,91.53816517059037,244.244,91.53816517059037
8,55,122.122,90.48595572263977,244.244,90.48595572263977
8,56,122.122,109.2597063029871,244.244,109.2597063029871
8,57,122.122,123.43664237095113,246.87328474190227,123.43664237095113
8,58,122.122,81.77661353718965,244.244,81.77661353718965
8,59,122.122,100.49891519743615,244.244,100.49891519743615
8,60,122.122,115.93899693444516,244.244,115.93899693444516
8,61,122.122,139.23555436387306,278.4711087277461,139.23555436387306
8,62,122.122,88.31672213667754,244.244,88.31672213667754
8,63,122.122,97.4184253328092,244.244,244.244
8,64,122.122,110.42574743032677,244.244,110.42574743032677
8,65,122.122,78.91675759013192,244.244,78.91675759013192
8,66,122.122,113.54274931316148,244.244,113.54274931316148
8,67,122.122,140.29444566428268,280.58889132856535,140.29444566428268
8,68,122.122,88.6128304847205,244.244,88.6128304847205
8,69,122.122,103.88510680286659,244.244,103.8851068028666
8,70,122.122,77.12832227792308,244.244,244.244
8,71,122.122,106.64809851372067,244.244,106.64809851372068
8,72,122.122,140.082103049213,280.164206098426,140.082103049213
8,73,122.122,108.44071516353166,244.244,108.44071516353166
8,74,122.122,84.1955162318575,244.244,244.244
8,75,122.122,91.36537499678327,244.244,91.36537499678327
8,76,122.122,114.6356337963121,244.244,114.63563379631212
8,77,122.122,131.6370295412573,263.2740590825146,131.6370295412573
8,78,122.122,101.88401568461278,244.244,101.88401568461278
8,79,122.122,104.58830557863234,244.244,244.244
8,80,122.122,128.12285648054242,256.24571296108485,128.12285648054242
8,81,122.122,76.21826166167519,244.244,244.244
8,82,122.122,138.58324502538966,277.1664900507793,138.58324502538966
8,83,122.122,102.71908826914762,244.244,102.71908826914762
8,84,122.122,92.90561363400545,244.244,92.90561363400545
8,85,122.122,125.8514605481646,251.7029210963292,125.85146054816461
8,86,122.122,87.36342261698816,244.244,87.36342261698816
8,87,122.122,79.25138564244955,244.244,79.25138564244955
8,88,122.122,87.48499400104093,244.244,87.48499400104093
8,89,122.122,118.03592993909767,244.244,118.03592993909768
8,90,122.122,75.8772446147986,244.244,75.8772446147986
8,91,122.122,101.72709035720494,244.244,101.72709035720496
8,92,122.122,85.82165911053899,244.244,85.82165911053899
8,93,122.122,108.6841371774144,244.244,108.68413717741441
8,94,122.122,78.65009796855345,244.244,244.244
8,95,122.122,125.51391647560621,251.02783295121242,125.51391647560621
8,96,122.122,136.56820753878145,273.1364150775629,136.56820753878145
8,97,122.122,91.99952713109627,244.244,91.99952713109627
8,98,122.122,94.58858403294175,244.244,94.58858403294175
8,99,122.122,112.54767403282602,244.244,112.54767403282602
9,0,132.146,116.39728382425002,264.292,116.39728382425002
9,1,132.146,68.8897658049761,264.292,68.8897658049761
9,2,132.146,111.92676414966226,264.292,111.92676414966228
9,3,132.146,121.66290097928852,264.292,121.66290097928854
9,4,132.146,120.14617827697484,264.292,120.14617827697485
9,5,132.146,95.43971348850792,264.292,264.292
9,6,132.146,122.25781877810283,264.292,122.25781877810282
9,7,132.146,103.01216640535822,264.292,103.01216640535822
9,8,132.146,77.85671222247439,264.292,77.85671222247439
9,9,132.146,84.7685327353227,264.292,84.76853273532271
9,10,132.146,106.19955284607356,264.292,264.292
9,11,132.146,103.38899878455575,264.292,103.38899878455577
9,12,132.146,120.81962125246767,264.292,264.292
9,13,132.146,114.72713547157986,264.292,114.72713547157987
9,14,132.146,79.69511234930961,264.292,79.69511234930961
9,15,132.146,92.56256975559248,264.292,264.292
9,16,132.146,119.13765892175522,264.292,119.13765892175523
9,17,132.146,96.80214009338917,264.292,96.80214009338918
9,18,132.146,80.53072273686809,264.292,80.53072273686809
9,19,132.146,130.238581250563,264.292,130.238581250563
9,20,132.146,96.17089818853273,264.292,96.17089818853273
9,21,132.146,86.37342675029707,264.292,86.37342675029707
9,22,132.146,100.51175162786394,264.292,264.292
9,23,132.146,85.82832552284373,264.292,264.292
9,24,132.146,83.69676369757535,264.292,83.69676369757535
9,25,132.146,111.00205787884285,264.292,111.00205787884285
9,26,132.146,120.33550474014555,264.292,120.33550474014557
9,27,132.146,93.36155160723885,264.292,205.34418787402052
9,28,132.146,76.05671616955924,264.292,76.05671616955924
9,29,132.146,98.03615575412374,264.292,98.03615575412374
9,30,132.146,92.85676974718481,264.292,92.85676974718481
9,31,132.146,95.23796234749922,264.292,95.23796234749922
9,32,132.146,81.56707518693825,264.292,81.56707518693825
9,33,132.146,118.54590894376142,264.292,118.54590894376142
9,34,132.146,78.93891355555057,264.292,264.292
9,35,132.146,67.51963150033316,264.292,67.51963150033316
9,36,132.146,113.69538238035554,264.292,113.69538238035555
9,37,132.146,116.65437310720273,264.292,264.292
9,38,132.146,81.48912468434064,264.292,81.48912468434064
9,39,132.146,76.92692659928548,264.292,76.92692659928548
9,40,132.146,105.34756759706328,264.292,264.292
9,41,132.146,129.01942965668678,264.292,129.01942965668678
9,42,132.146,82.55187884370656,264.292,82.55187884370656
9,43,132.146,102.51844959511665,264.292,102.51844959511665
9,44,132.146,83.27752846400489,264.292,83.27752846400489
9,45,132.146,116.5948017803806,264.292,116.59480178038062
9,46,132.146,97.42889542660566,264.292,97.42889542660566
9,47,132.146,91.2760080584099,264.292,91.2760080584099
9,48,132.146,110.62570766106478,264.292,110.62570766106478
9,49,132.146,101.91917125049186,264.292,101.91917125049186
9,50,132.146,78.86364231457259,264.292,78.86364231457259
9,51,132.146,93.87677057516717,264.292,93.87677057516717
9,52,132.146,131.59277017507492,264.292,131.59277017507492
9,53,132.146,120.7475054516189,264.292,120.74750545161892
9,54,132.146,100.57111180760894,264.292,100.57111180760894
9,55,132.146,110.92746536834181,264.292,161.44616676399735
9,56,132.146,74.76046792774663,264.292,74.76046792774663
9,57,132.146,93.66602908278233,264.292,93.66602908278233
9,58,132.146,127.2872073555023,264.292,127.28720735550229
9,59,132.146,77.95411218234734,264.292,77.95411218234734
9,60,132.146,133.36783801216043,266.73567602432087,133.36783801216043
9,61,132.146,124.02680094980245,264.292,124.02680094980245
9,62,132.146,112.71907912692305,264.292,112.71907912692305
9,63,132.146,90.90377755599985,264.292,90.90377755599987
9,64,132.146,71.24954905513214,264.292,71.24954905513214
9,65,132.146,85.39310364743078,264.292,85.39310364743078
9,66,132.146,116.5493353089635,264.292,116.54933530896352
9,67,132.146,94.25437102427,264.292,94.25437102427
9,68,132.146,120.86972680889427,264.292,120.86972680889427
9,69,132.146,79.88613007422536,264.292,264.292
9,70,132.146,122.32593016156106,264.292,122.32593016156106
9,71,132.146,124.86453275250629,264.292,124.86453275250628
9,72,132.146,115.23699144807593,264.292,115.23699144807593
9,73,132.146,79.06362742824294,264.292,79.06362742824294
9,74,132.146,80.38141595274318,264.292,80.38141595274318
9,75,132.146,69.31006029623578,264.292,69.31006029623578
9,76,132.146,68.40304035168596,264.292,264.292
9,77,132.146,116.41482613928413,264.292,116.41482613928413
9,78,132.146,99.13362627679629,264.292,264.292
9,79,132.146,117.98143027054142,264.292,117.98143027054142
9,80,132.146,84.55975999034833,264.292,84.55975999034833
9,81,132.146,88.92421031519754,264.292,88.92421031519754
9,82,132.146,127.27933487287773,264.292,127.27933487287773
9,83,132.146,134.447215212048,268.894430424096,134.447215212048
9,84,132.146,71.9251789788825,264.292,71.9251789788825
9,85,132.146,119.2198866422011,264.292,119.21988664220112
9,86,132.146,103.64545793429923,264.292,103.64545793429923
9,87,132.146,65.13933388499557,264.292,65.13933388499557
9,88,132.146,107.86197558970392,264.292,107.86197558970392
9,89,132.146,84.36304190662318,264.292,84.36304190662318
9,90,132.146,89.2939274324423,264.292,89.2939274324423
9,91,132.146,132.48529300657648,264.97058601315297,132.48529300657648
9,92,132.146,116.6667133377032,264.292,116.6667133377032
9,93,132.146,68.62784986146758,264.292,68.62784986146758
9,94,132.146,112.35940685979979,264.292,264.292
9,95,132.146,65.728993657342,264.292,65.728993657342
9,96,132.146,126.68528624074902,264.292,126.68528624074902
9,97,132.146,106.47505450642049,264.292,106.47505450642049
9,98,132.146,108.85821825279989,264.292,108.85821825279989
9,99,132.146,65.9700476029719,264.292,65.9700476029719
10,0,136.682,81.66661019223938,273.364,81.66661019223938
10,1,136.682,117.3522486111333,273.364,117.35224861113332
10,2,136.682,105.70206041515904,273.364,105.70206041515904
10,3,136.682,140.9193164797375,281.838632959475,140.9193164797375
10,4,136.682,97.81558093574046,273.364,97.81558093574046
10,5,136.682,107.14855575667947,273.364,273.364
10,6,136.682,84.58789328424255,273.364,84.58789328424255
10,7,136.682,115.47409719946641,273.364,115.47409719946641
10,8,136.682,151.9489764432073,303.8979528864146,151.9489764432073
10,9,136.682,96.35745929721553,273.364,96.35745929721553
10,10,136.682,138.7038149841079,277.4076299682158,277.4076299682158
10,11,136.682,88.13392373568297,273.364,88.13392373568297
10,12,136.682,146.37319367179003,292.74638734358007,146.37319367179003
10,13,136.682,116.26161589465161,273.364,116.2616158946516
10,14,136.682,85.05653821457236,273.364,85.05653821457236
10,15,136.682,138.04756696149371,276.09513392298743,138.04756696149371
10,16,136.682,146.50902311341247,293.01804622682494,146.50902311341247
10,17,136.682,86.60967320508047,273.364,86.60967320508047
10,18,136.682,84.37953793758132,273.364,84.37953793758132
10,19,136.682,95.18706963452482,273.364,95.18706963452482
10,20,136.682,116.44838719724166,273.364,116.44838719724166
10,21,136.682,151.5527891964667,303.1055783929334,151.5527891964667
10,22,136.682,144.3319456444519,288.6638912889038,144.3319456444519
10,23,136.682,101.0951212792626,273.364,101.09512127926261
10,24,136.682,77.91337843961092,273.364,77.91337843961092
10,25,136.682,122.96322931922334,273.364,122.96322931922334
10,26,136.682,121.27353780177162,273.364,121.27353780177164
10,27,136.682,94.39241427371611,273.364,94.39241427371611
10,28,136.682,123.59671259284403,273.364,123.59671259284404
10,29,136.682,154.09259208926696,308.1851841785339,154.09259208926696
10,30,136.682,86.55528429206777,273.364,86.55528429206777
10,31,136.682,100.30265376409761,273.364,100.30265376409761
10,32,136.682,143.31021256850826,286.6204251370165,143.31021256850826
10,33,136.682,87.74822347099344,273.364,87.74822347099344
10,34,136.682,85.29537157583103,273.364,85.29537157583103
10,35,136.682,88.78458526001641,273.364,88.78458526001641
10,36,136.682,136.99893397208032,273.99786794416065,136.99893397208032
10,37,136.682,85.18737378290523,273.364,85.18737378290523
10,38,136.682,82.25862244219739,273.364,82.25862244219739
10,39,136.682,125.4840997597743,273.364,273.364
10,40,136.682,136.76762369959692,273.53524739919385,273.53524739919385
10,41,136.682,135.92190279702731,273.364,135.92190279702731
10,42,136.682,109.84592771407728,273.364,109.84592771407729
10,43,136.682,148.84954193134377,297.69908386268753,148.84954193134377
10,44,136.682,87.07869683449938,273.364,273.364
10,45,136.682,110.5250582768464,273.364,110.5250582768464
10,46,136.682,104.69792749206347,273.364,104.69792749206349
10,47,136.682,118.96831512901824,273.364,118.96831512901824
10,48,136.682,90.49804334810057,273.364,90.49804334810057
10,49,136.682,86.77599188427617,273.364,86.77599188427617
10,50,136.682,154.23489604098117,308.46979208196234,154.23489604098117
10,51,136.682,99.28006820068462,273.364,99.28006820068462
10,52,136.682,115.21845158911094,273.364,115.21845158911094
10,53,136.682,148.82276388061265,297.6455277612253,148.82276388061265
10,54,136.682,99.32247518447629,273.364,99.32247518447629
10,55,136.682,104.48083430808644,273.364,104.48083430808643
10,56,136.682,120.33720823853585,273.364,120.33720823853587
10,57,136.682,80.39819978464918,273.364,80.39819978464918
10,58,136.682,76.79345251757219,273.364,76.79345251757219
10,59,136.682,125.95210184661669,273.364,125.9521018466167
10,60,136.682,104.82652759242671,273.364,104.82652759242671
10,61,136.682,81.32096904841079,273.364,81.32096904841079
10,62,136.682,98.03061970776217,273.364,98.03061970776217
10,63,136.682,130.84858159411277,273.364,130.84858159411277
10,64,136.682,136.18490294674623,273.364,136.18490294674623
10,65,136.682,115.67780535277585,273.364,115.67780535277585
10,66,136.682,92.7166139909895,273.364,92.7166139909895
10,67,136.682,142.6295607437329,285.2591214874658,142.6295607437329
10,68,136.682,91.6621686976475,273.364,91.6621686976475
10,69,136.682,135.96781317795822,273.364,135.96781317795822
10,70,136.682,87.2681649472474,273.364,87.26816494724741
10,71,136.682,150.32199358628395,300.6439871725679,150.32199358628395
10,72,136.682,137.29525264302424,274.5905052860485,137.29525264302424
10,73,136.682,115.34251121271501,273.364,115.34251121271501
10,74,136.682,109.93211485222984,273.364,109.93211485222984
10,75,136.682,121.12943536569038,273.364,121.12943536569038
10,76,136.682,128.23955247694022,273.364,128.23955247694022
10,77,136.682,119.91187989675711,273.364,119.91187989675711
10,78,136.682,131.03902262161245,273.364,131.03902262161245
10,79,136.682,81.98083315285706,273.364,81.98083315285706
10,80,136.682,108.5605961355101,273.364,108.5605961355101
10,81,136.682,135.69084538065292,273.364,135.69084538065292
10,82,136.682,110.26937028478369,273.364,110.26937028478369
10,83,136.682,153.2108696934534,306.4217393869068,153.2108696934534
10,84,136.682,117.98404648710964,273.364,117.98404648710965
10,85,136.682,99.99212021526866,273.364,99.99212021526866
10,86,136.682,146.87183898999555,293.7436779799911,146.87183898999555
10,87,136.682,108.96796910911405,273.364,108.96796910911407
10,88,136.682,118.96829052813719,273.364,118.9682905281372
10,89,136.682,126.64711939522107,273.364,126.64711939522107
10,90,136.682,143.96158953185073,287.92317906370147,143.96158953185073
10,91,136.682,91.8029914271181,273.364,91.8029914271181
10,92,136.682,145.3968960712025,290.793792142405,145.3968960712025
10,93,136.682,121.19041681043514,273.364,121.19041681043514
10,94,136.682,104.46860547917127,273.364,104.46860547917125
10,95,136.682,101.95176639422301,273.364,101.95176639422301
10,96,136.682,154.1076364632852,308.2152729265704,154.1076364632852
10,97,136.682,151.3083192494848,302.6166384989696,151.3083192494848
10,98,136.682,118.92131045430865,273.364,118.92131045430865
10,99,136.682,102.84910448650152,273.364,249.74505215827384
11,0,142.31,181.12100120594204,362.2420024118841,181.12100120594204
11,1,142.31,89.95951835837471,284.62,89.95951835837471
11,2,142.31,93.06167557330201,284.62,93.06167557330201
11,3,142.31,134.73075586346488,284.62,134.73075586346488
11,4,142.31,144.28774213333799,288.57548426667597,144.28774213333799
11,5,142.31,89.02717121328327,284.62,89.02717121328327
11,6,142.31,106.2540701703599,284.62,106.25407017035991
11,7,142.31,96.61082374653347,284.62,96.61082374653347
11,8,142.31,112.18599365359749,284.62,112.18599365359749
11,9,142.31,105.8144128638087,284.62,105.8144128638087
11,10,142.31,100.23610762051298,284.62,100.23610762051298
11,11,142.31,100.72881948814207,284.62,100.72881948814208
11,12,142.31,123.7618403381762,284.62,123.76184033817621
11,13,142.31,100.66011985854851,284.62,100.66011985854853
11,14,142.31,162.0367123595151,324.0734247190302,162.0367123595151
11,15,142.31,126.75035831808306,284.62,126.75035831808306
11,16,142.31,99.52602050599887,284.62,99.52602050599887
11,17,142.31,150.41495567373852,300.82991134747704,150.41495567373852
11,18,142.31,163.44213145067465,326.8842629013493,163.44213145067465
11,19,142.31,122.64430547173632,284.62,122.64430547173633
11,20,142.31,88.98783151160022,284.62,88.98783151160022
11,21,142.31,150.30244074966788,300.60488149933576,150.30244074966788
11,22,142.31,160.1867108455285,320.373421691057,160.1867108455285
11,23,142.31,173.0679450812043,346.1358901624086,173.0679450812043
11,24,142.31,156.29872010086748,312.59744020173497,156.29872010086748
11,25,142.31,145.22585725108743,290.45171450217487,145.22585725108743
11,26,142.31,121.06681749379901,284.62,121.06681749379902
11,27,142.31,111.61777780439888,284.62,111.61777780439888
11,28,142.31,94.58011789280248,284.62,94.58011789280248
11,29,142.31,166.40484266961172,332.80968533922345,166.40484266961172
11,30,142.31,141.7470090640771,284.62,141.7470090640771
11,31,142.31,115.81268808817258,284.62,115.81268808817258
11,32,142.31,100.27096321686686,284.62,100.27096321686686
11,33,142.31,115.8569837007139,284.62,115.85698370071388
11,34,142.31,160.54787488327676,321.0957497665535,160.54787488327676
11,35,142.31,108.94794017750837,284.62,108.94794017750837
11,36,142.31,93.36418014583401,284.62,93.36418014583401
11,37,142.31,124.58588887287316,284.62,124.58588887287317
11,38,142.31,120.37426290782474,284.62,120.37426290782474
11,39,142.31,154.76480929759083,309.52961859518166,154.76480929759083
11,40,142.31,141.33733826195848,284.62,141.33733826195848
11,41,142.31,133.40777365871753,284.62,133.40777365871753
11,42,142.31,181.33006473578735,362.6601294715747,181.33006473578735
11,43,142.31,168.7676315509911,337.5352631019822,168.7676315509911
11,44,142.31,100.60439285532719,284.62,100.60439285532719
11,45,142.31,112.05197748386344,284.62,112.05197748386344
11,46,142.31,128.32895329244937,284.62,128.32895329244937
11,47,142.31,95.21311148389664,284.62,95.21311148389664
11,48,142.31,160.58200230250458,321.16400460500915,160.58200230250458
11,49,142.31,161.53707670290575,323.0741534058115,161.53707670290575
11,50,142.31,116.24381465679451,284.62,116.24381465679451
11,51,142.31,174.59732438989238,349.19464877978476,174.59732438989238
11,52,142.31,141.0025313334885,284.62,141.0025313334885
11,53,142.31,109.69272313032263,284.62,109.69272313032263
11,54,142.31,147.572560367455,295.14512073491,147.572560367455
11,55,142.31,152.43514569837978,304.87029139675957,152.43514569837978
11,56,142.31,156.7173548379124,313.4347096758248,156.7173548379124
11,57,142.31,180.87967016692542,361.75934033385084,180.87967016692542
11,58,142.31,175.3863988981081,350.7727977962162,175.3863988981081
11,59,142.31,127.74939071912122,284.62,127.74939071912124
11,60,142.31,129.51535687449342,284.62,129.51535687449342
11,61,142.31,90.63657785198488,284.62,90.63657785198488
11,62,142.31,128.1514009683728,284.62,128.1514009683728
11,63,142.31,105.2690672161349,284.62,105.26906721613489
11,64,142.31,99.8443026196849,284.62,99.8443026196849
11,65,142.31,166.07564056760415,332.1512811352083,166.07564056760415
11,66,142.31,90.48049354077864,284.62,90.48049354077864
11,67,142.31,100.6906068288073,284.62,100.6906068288073
11,68,142.31,151.65401516548152,303.30803033096305,151.65401516548152
11,69,142.31,142.4021218142607,284.8042436285214,142.4021218142607
11,70,142.31,129.2491013711605,284.62,129.2491013711605
11,71,142.31,165.28889930466707,330.57779860933414,165.28889930466707
11,72,142.31,111.0743853690045,284.62,111.07438536900452
11,73,142.31,108.07481114675508,284.62,108.07481114675508
11,74,142.31,137.30849370557323,284.62,137.30849370557323
11,75,142.31,98.55761780491335,284.62,98.55761780491335
11,76,142.31,154.00685840490436,308.0137168098087,154.00685840490436
11,77,142.31,177.4207611512033,354.8415223024066,177.4207611512033
11,78,142.31,165.65467769534268,331.30935539068537,165.65467769534268
11,79,142.31,172.29844933678984,344.5968986735797,172.29844933678984
11,80,142.31,95.34901732832368,284.62,95.34901732832368
11,81,142.31,128.7735922442363,284.62,128.7735922442363
11,82,142.31,174.36737920155412,348.73475840310823,174.36737920155412
11,83,142.31,168.5050546551487,337.0101093102974,168.5050546551487
11,84,142.31,144.93521577838587,289.87043155677173,144.93521577838587
11,85,142.31,150.70708143868944,301.4141628773789,150.70708143868944
11,86,142.31,113.72917515942333,284.62,113.72917515942333
11,87,142.31,113.65499807139935,284.62,113.65499807139936
11,88,142.31,94.75501418953343,284.62,94.75501418953343
11,89,142.31,174.27125128019773,348.54250256039546,174.27125128019773
11,90,142.31,115.91669218037225,284.62,115.91669218037227
11,91,142.31,182.89399428100685,365.7879885620137,182.89399428100685
11,92,142.31,89.0538086603609,284.62,89.0538086603609
11,93,142.31,164.48359971863863,328.96719943727726,164.48359971863863
11,94,142.31,138.46221009315806,284.62,138.46221009315806
11,95,142.31,92.40438860493005,284.62,92.40438860493005
11,96,142.31,151.54218078462847,303.08436156925694,151.54218078462847
11,97,142.31,155.2806426458619,310.5612852917238,155.2806426458619
11,98,142.31,155.01011155566187,310.02022311132373,155.01011155566187
11,99,142.31,154.65924946395876,309.3184989279175,154.65924946395876
12,0,157.02399999999997,198.41490427070164,396.8298085414033,198.41490427070164
12,1,157.02399999999997,209.45654440746495,418.9130888149299,209.45654440746492
12,2,157.02399999999997,161.6076297120076,323.2152594240152,161.6076297120076
12,3,157.02399999999997,232.93586425441987,465.87172850883974,232.93586425441987
12,4,157.02399999999997,174.2886085727028,348.5772171454056,174.2886085727028
12,5,157.02399999999997,147.74156821533845,314.04799999999994,147.74156821533845
12,6,157.02399999999997,237.27483334918952,474.54966669837904,237.27483334918952
12,7,157.02399999999997,149.18650984750116,314.04799999999994,149.18650984750116
12,8,157.02399999999997,169.09626793776786,338.1925358755357,169.09626793776786
12,9,157.02399999999997,200.8318720213998,401.6637440427996,200.8318720213998
12,10,157.02399999999997,213.2303554431132,426.4607108862264,213.23035544311318
12,11,157.02399999999997,153.771487076868,314.04799999999994,153.771487076868
12,12,157.02399999999997,119.02382743278024,314.04799999999994,119.02382743278024
12,13,157.02399999999997,186.05189175076634,372.1037835015327,186.05189175076634
12,14,157.02399999999997,187.77270243954942,375.54540487909884,187.77270243954942
12,15,157.02399999999997,204.76213533463684,409.5242706692737,204.76213533463687
12,16,157.02399999999997,146.89746100590722,314.04799999999994,146.89746100590722
12,17,157.02399999999997,216.01933327347848,432.03866654695696,216.01933327347845
12,18,157.02399999999997,210.24121764200868,420.48243528401736,210.24121764200868
12,19,157.02399999999997,221.07342200125515,442.1468440025103,221.07342200125518
12,20,157.02399999999997,208.02793726737335,416.0558745347467,208.02793726737337
12,21,157.02399999999997,197.79138974523187,395.58277949046374,197.79138974523187
12,22,157.02399999999997,183.09647200179205,366.1929440035841,183.09647200179205
12,23,157.02399999999997,220.55474599114987,441.10949198229974,220.55474599114987
12,24,157.02399999999997,142.57256309047827,314.04799999999994,142.57256309047827
12,25,157.02399999999997,196.79027479820596,393.5805495964119,196.79027479820596
12,26,157.02399999999997,212.4856113628121,424.9712227256242,212.4856113628121
12,27,157.02399999999997,210.34004244174224,420.6800848834845,210.3400424417422
12,28,157.02399999999997,130.67498063271597,314.04799999999994,130.67498063271597
12,29,157.02399999999997,153.42709553849033,314.04799999999994,153.42709553849033
12,30,157.02399999999997,229.85391550089136,459.7078310017827,229.85391550089136
12,31,157.02399999999997,210.31997359956793,420.63994719913586,210.31997359956796
12,32,157.02399999999997,133.7706192763351,314.04799999999994,133.7706192763351
12,33,157.02399999999997,174.34850572520878,348.69701145041756,174.34850572520878
12,34,157.02399999999997,214.7960568018372,429.5921136036744,214.7960568018372
12,35,157.02399999999997,220.81061131227995,441.6212226245599,220.81061131227995
12,36,157.02399999999997,178.8814117407146,357.7628234814292,178.8814117407146
12,37,157.02399999999997,127.19623790772559,314.04799999999994,127.19623790772559
12,38,157.02399999999997,141.75613800549942,314.04799999999994,141.75613800549942
12,39,157.02399999999997,117.68724889062062,314.04799999999994,117.68724889062064
12,40,157.02399999999997,135.13488720075065,314.04799999999994,135.13488720075065
12,41,157.02399999999997,122.21693351597165,314.04799999999994,122.21693351597165
12,42,157.02399999999997,201.1119047796735,402.223809559347,201.1119047796735
12,43,157.02399999999997,201.23050389244756,402.4610077848951,201.23050389244756
12,44,157.02399999999997,169.4134065800487,338.8268131600974,169.4134065800487
12,45,157.02399999999997,223.45852121931873,446.91704243863745,223.45852121931875
12,46,157.02399999999997,132.73363932451437,314.04799999999994,132.73363932451437
12,47,157.02399999999997,138.6262673414594,314.04799999999994,138.6262673414594
12,48,157.02399999999997,190.17084339837558,380.34168679675116,190.17084339837558
12,49,157.02399999999997,179.88027940522292,359.76055881044584,179.88027940522292
12,50,157.02399999999997,129.75735408061763,314.04799999999994,129.75735408061763
12,51,157.02399999999997,226.65496439311667,453.30992878623334,226.6549643931167
12,52,157.02399999999997,191.45942767347375,382.9188553469475,191.45942767347375
12,53,157.02399999999997,189.74426237967006,379.4885247593401,189.74426237967006
12,54,157.02399999999997,160.74398018009688,321.48796036019377,160.74398018009688
12,55,157.02399999999997,189.52877866445007,379.05755732890015,189.52877866445007
12,56,157.02399999999997,123.49917766109154,314.04799999999994,123.49917766109154
12,57,157.02399999999997,151.86455602001152,314.04799999999994,151.86455602001152
12,58,157.02399999999997,192.88403900886513,385.76807801773026,192.88403900886513
12,59,157.02399999999997,188.60333562944095,377.2066712588819,188.60333562944095
12,60,157.02399999999997,179.62696285177674,359.2539257035535,179.62696285177674
12,61,157.02399999999997,121.22537909564595,314.04799999999994,121.22537909564595
12,62,157.02399999999997,154.3863482474286,314.04799999999994,154.3863482474286
12,63,157.02399999999997,236.245894766173,472.491789532346,236.24589476617302
12,64,157.02399999999997,231.14266631829102,462.28533263658204,231.14266631829105
12,65,157.02399999999997,215.95834064439956,431.9166812887991,215.95834064439958
12,66,157.02399999999997,122.54256797359183,314.04799999999994,122.54256797359184
12,67,157.02399999999997,123.74303614396833,314.04799999999994,123.74303614396834
12,68,157.02399999999997,140.93081656330529,314.04799999999994,140.93081656330529
12,69,157.02399999999997,216.88781320631867,433.77562641263734,216.8878132063187
12,70,157.02399999999997,139.85113899570396,314.04799999999994,139.85113899570396
12,71,157.02399999999997,142.4912760730829,314.04799999999994,142.4912760730829
12,72,157.02399999999997,146.82506349738344,314.04799999999994,146.82506349738344
12,73,157.02399999999997,205.2130011810344,410.4260023620688,205.21300118103437
12,74,157.02399999999997,179.81919300406312,359.63838600812625,179.81919300406312
12,75,157.02399999999997,220.93463850496457,441.86927700992914,220.93463850496454
12,76,157.02399999999997,124.05901508081827,314.04799999999994,124.05901508081827
12,77,157.02399999999997,121.0350495638835,314.04799999999994,121.03504956388352
12,78,157.02399999999997,219.17309617973976,438.3461923594795,219.17309617973976
12,79,157.02399999999997,128.12486713356896,314.04799999999994,128.12486713356896
12,80,157.02399999999997,202.9559953431404,405.9119906862808,202.9559953431404
12,81,157.02399999999997,189.32645015379828,378.65290030759655,189.32645015379828
12,82,157.02399999999997,140.26173565732034,314.04799999999994,140.26173565732034
12,83,157.02399999999997,146.80220073920248,314.04799999999994,146.80220073920248
12,84,157.02399999999997,206.01947149726936,412.03894299453873,206.01947149726936
12,85,157.02399999999997,117.34756183306497,314.04799999999994,117.34756183306499
12,86,157.02399999999997,232.68331103873894,465.36662207747787,232.68331103873896
12,87,157.02399999999997,120.21722579723583,314.04799999999994,120.21722579723584
12,88,157.02399999999997,134.63245430509787,314.04799999999994,134.63245430509787
12,89,157.02399999999997,193.69586302104238,387.39172604208477,193.69586302104238
12,90,157.02399999999997,128.79336593730594,314.04799999999994,128.79336593730594
12,91,157.02399999999997,237.87093623115396,475.7418724623079,237.87093623115396
12,92,157.02399999999997,168.1393321624083,336.2786643248166,168.1393321624083
12,93,157.02399999999997,123.18361012316437,314.04799999999994,123.18361012316437
12,94,157.02399999999997,135.0469835406261,314.04799999999994,135.0469835406261
12,95,157.02399999999997,181.63190786191888,363.26381572383775,181.63190786191888
12,96,157.02399999999997,222.14083065135392,444.28166130270785,222.14083065135392
12,97,157.02399999999997,146.41122556992391,314.04799999999994,146.41122556992391
12,98,157.02399999999997,163.98775114986952,327.97550229973905,163.98775114986952
12,99,157.02399999999997,184.93012028776172,369.86024057552345,184.93012028776172
13,0,155.48399999999998,288.25478551218515,576.5095710243703,288.25478551218515
13,1,155.48399999999998,301.5030032432307,603.0060064864614,301.5030032432307
13,2,155.48399999999998,228.76325400396124,457.5265080079225,228.76325400396124
13,3,155.48399999999998,237.138197690878,474.276395381756,237.138197690878
13,4,155.48399999999998,328.9418556047839,657.8837112095678,328.9418556047839
13,5,155.48399999999998,334.87048684256024,669.7409736851205,334.87048684256024
13,6,155.48399999999998,245.67337481471387,491.34674962942773,245.67337481471387
13,7,155.48399999999998,351.3827465242526,702.7654930485052,351.3827465242526
13,8,155.48399999999998,201.46145287475596,402.9229057495119,201.461452874756
13,9,155.48399999999998,319.7587730265626,639.5175460531252,319.7587730265626
13,10,155.48399999999998,335.388781769346,670.777563538692,335.388781769346
13,11,155.48399999999998,272.55265812150617,545.1053162430123,272.55265812150617
13,12,155.48399999999998,295.78056906180115,591.5611381236023,295.78056906180115
13,13,155.48399999999998,180.45684728871865,360.9136945774373,180.45684728871865
13,14,155.48399999999998,323.28964695168173,646.5792939033635,323.28964695168173
13,15,155.48399999999998,294.1818609936921,588.3637219873842,294.1818609936921
13,16,155.48399999999998,275.06404001920004,550.1280800384001,275.06404001920004
13,17,155.48399999999998,275.5768397887736,551.1536795775472,275.5768397887736
13,18,155.48399999999998,198.6795755523324,397.3591511046648,198.6795755523324
13,19,155.48399999999998,324.14113649484256,648.2822729896851,324.14113649484256
13,20,155.48399999999998,266.0660024595184,532.1320049190368,266.0660024595184
13,21,155.48399999999998,280.44739988042267,560.8947997608453,280.44739988042267
13,22,155.48399999999998,200.53170481626464,401.0634096325293,200.53170481626466
13,23,155.48399999999998,284.1365939516556,568.2731879033112,284.1365939516556
13,24,155.48399999999998,212.9931529247292,425.9863058494584,212.99315292472923
13,25,155.48399999999998,308.6395875428853,617.2791750857706,308.6395875428853
13,26,155.48399999999998,174.528651736021,349.057303472042,174.528651736021
13,27,155.48399999999998,192.19757341750844,384.3951468350169,192.19757341750844
13,28,155.48399999999998,208.0249065242248,416.0498130484496,208.02490652422483
13,29,155.48399999999998,242.6705431841426,485.3410863682852,242.6705431841426
13,30,155.48399999999998,328.4088919566134,656.8177839132268,328.4088919566134
13,31,155.48399999999998,170.72916814735225,341.4583362947045,170.72916814735225
13,32,155.48399999999998,270.9601718406247,541.9203436812494,270.9601718406247
13,33,155.48399999999998,176.05944979703906,352.11889959407813,176.05944979703906
13,34,155.48399999999998,238.77738403918275,477.5547680783655,238.77738403918275
13,35,155.48399999999998,223.90984237198674,447.8196847439735,223.90984237198674
13,36,155.48399999999998,199.44735784900598,398.89471569801196,199.44735784900598
13,37,155.48399999999998,256.9779728298474,513.9559456596947,256.9779728298474
13,38,155.48399999999998,231.87837556284651,463.75675112569303,231.87837556284654
13,39,155.48399999999998,217.2844239075014,434.5688478150028,217.2844239075014
13,40,155.48399999999998,281.1354105811991,562.2708211623982,281.1354105811991
13,41,155.48399999999998,214.0871665648834,428.1743331297668,214.0871665648834
13,42,155.48399999999998,346.90374817942296,693.8074963588459,346.90374817942296
13,43,155.48399999999998,215.02545453680108,430.05090907360216,215.02545453680108
13,44,155.48399999999998,349.9226697224184,699.8453394448368,349.9226697224184
13,45,155.48399999999998,198.94195024074162,397.88390048148324,198.94195024074162
13,46,155.48399999999998,342.8686714940858,685.7373429881716,-3201.495943168812
13,47,155.48399999999998,180.93817415127816,361.8763483025563,180.93817415127816
13,48,155.48399999999998,170.84272480675364,341.6854496135073,170.84272480675364
13,49,155.48399999999998,187.2808148487006,374.5616296974012,187.2808148487006
13,50,155.48399999999998,298.5648667376688,597.1297334753376,298.5648667376688
13,51,155.48399999999998,211.9519623925522,423.9039247851044,211.9519623925522
13,52,155.48399999999998,219.7965943608787,439.5931887217574,219.79659436087871
13,53,155.48399999999998,292.3856793146598,584.7713586293196,292.3856793146598
13,54,155.48399999999998,174.8719311923062,349.7438623846124,174.8719311923062
13,55,155.48399999999998,268.0990238299306,536.1980476598612,268.0990238299306
13,56,155.48399999999998,242.55936059792887,485.11872119585774,242.55936059792887
13,57,155.48399999999998,198.93941918891468,397.87883837782937,198.93941918891468
13,58,155.48399999999998,335.9020538501213,671.8041077002426,335.9020538501213
13,59,155.48399999999998,235.2652851617664,470.5305703235328,235.2652851617664
13,60,155.48399999999998,222.66424420492496,445.3284884098499,222.66424420492496
13,61,155.48399999999998,296.2518698454971,592.5037396909942,296.2518698454971
13,62,155.48399999999998,325.6329469518176,651.2658939036352,325.6329469518176
13,63,155.48399999999998,211.10919287383197,422.21838574766394,211.10919287383197
13,64,155.48399999999998,192.69846277367918,385.39692554735836,192.69846277367918
13,65,155.48399999999998,344.7172219530861,689.4344439061722,344.7172219530861
13,66,155.48399999999998,247.50605402179897,495.01210804359795,247.506054021799
13,67,155.48399999999998,267.13673687134076,534.2734737426815,267.13673687134076
13,68,155.48399999999998,252.8904759529915,505.780951905983,252.89047595299147
13,69,155.48399999999998,320.60950185135385,641.2190037027077,320.60950185135385
13,70,155.48399999999998,247.77797635423806,495.5559527084761,247.7779763542381
13,71,155.48399999999998,307.67025988973535,615.3405197794707,307.67025988973535
13,72,155.48399999999998,264.90365699596117,529.8073139919223,264.90365699596117
13,73,155.48399999999998,184.03264164219755,368.0652832843951,184.03264164219755
13,74,155.48399999999998,262.4530471629606,524.9060943259212,262.4530471629606
13,75,155.48399999999998,325.65566324552816,651.3113264910563,325.65566324552816
13,76,155.48399999999998,266.4296234339414,532.8592468678828,266.4296234339414
13,77,155.48399999999998,241.18167911767242,482.36335823534483,241.18167911767242
13,78,155.48399999999998,174.167727090929,348.335454181858,174.167727090929
13,79,155.48399999999998,297.4913417319223,594.9826834638446,297.4913417319223
13,80,155.48399999999998,241.1468474246584,482.2936948493168,241.1468474246584
13,81,155.48399999999998,228.50569092858248,457.01138185716496,228.50569092858248
13,82,155.48399999999998,236.97982919480302,473.95965838960603,236.97982919480302
13,83,155.48399999999998,245.72858552034506,491.4571710406901,245.7285855203451
13,84,155.48399999999998,230.77244016120545,461.5448803224109,230.77244016120545
13,85,155.48399999999998,222.7275234876934,445.4550469753868,222.7275234876934
13,86,155.48399999999998,253.54010318046272,507.08020636092544,253.54010318046272
13,87,155.48399999999998,177.99793202948322,355.99586405896645,177.99793202948322
13,88,155.48399999999998,210.69445795773666,421.3889159154733,210.69445795773666
13,89,155.48399999999998,249.45736257142187,498.91472514284374,249.45736257142187
13,90,155.48399999999998,330.9807730029763,661.9615460059526,330.9807730029763
13,91,155.48399999999998,247.63211329469215,495.2642265893843,247.63211329469215
13,92,155.48399999999998,270.9518353624701,541.9036707249402,270.9518353624701
13,93,155.48399999999998,332.59051768349383,665.1810353669877,332.59051768349383
13,94,155.48399999999998,316.5705011056535,633.141002211307,316.5705011056535
13,95,155.48399999999998,299.49937990726187,598.9987598145237,299.49937990726187
13,96,155.48399999999998,282.55390651140675,565.1078130228135,282.55390651140675
13,97,155.48399999999998,278.2508613938062,556.5017227876124,278.2508613938062
13,98,155.48399999999998,204.26353389405995,408.5270677881199,204.26353389405995
13,99,155.48399999999998,194.153635931008,388.307271862016,194.153635931008
14,0,170.142,85.53915371449446,340.284,85.53915371449446
14,1,170.142,88.85367597750286,340.284,88.85367597750286
14,2,170.142,134.14697549218369,340.284,134.14697549218369
14,3,170.142,133.58192448030312,340.284,133.58192448030312
14,4,170.142,83.94061126084736,340.284,83.94061126084736
14,5,170.142,153.5579327680579,340.284,153.5579327680579
14,6,170.142,119.07253911062857,340.284,119.07253911062855
14,7,170.142,127.49483139421514,340.284,221.31197023820897
14,8,170.142,87.08995150627207,340.284,87.08995150627207
14,9,170.142,155.3092201579536,340.284,155.3092201579536
14,10,170.142,87.65866043309585,340.284,87.65866043309585
14,11,170.142,99.03791711199034,340.284,340.284
14,12,170.142,121.1265689546223,340.284,121.1265689546223
14,13,170.142,123.94985765592732,340.284,123.94985765592732
14,14,170.142,127.04152295390988,340.284,127.04152295390986
14,15,170.142,162.0496829281841,340.284,162.0496829281841
14,16,170.142,83.73964375976787,340.284,340.284
14,17,170.142,139.46927053479865,340.284,139.46927053479868
14,18,170.142,118.05172291251306,340.284,118.05172291251307
14,19,170.142,151.29019066317514,340.284,151.29019066317514
14,20,170.142,138.71227103128555,340.284,138.71227103128555
14,21,170.142,151.3222264146949,340.284,340.284
14,22,170.142,155.7476409388693,340.284,155.7476409388693
14,23,170.142,148.52330115239891,340.284,148.52330115239891
14,24,170.142,92.19425249426166,340.284,92.19425249426166
14,25,170.142,127.389137138745,340.284,127.389137138745
14,26,170.142,147.9057656065097,340.284,147.9057656065097
14,27,170.142,148.00203292354448,340.284,340.284
14,28,170.142,161.26917910589663,340.284,161.26917910589663
14,29,170.142,116.84584070072543,340.284,116.84584070072543
14,30,170.142,81.47935990432744,340.284,81.47935990432744
14,31,170.142,143.90296807036208,340.284,143.90296807036208
14,32,170.142,104.87482370810609,340.284,104.8748237081061
14,33,170.142,137.67765235712537,340.284,137.67765235712537
14,34,170.142,84.95736284635986,340.284,340.284
14,35,170.142,111.585018506121,340.284,111.58501850612102
14,36,170.142,135.7266223602831,340.284,135.7266223602831
14,37,170.142,91.65507613008846,340.284,91.65507613008846
14,38,170.142,108.26170831877324,340.284,108.26170831877324
14,39,170.142,93.30537728382679,340.284,93.30537728382679
14,40,170.142,158.14134149820674,340.284,158.14134149820674
14,41,170.142,147.99412872882286,340.284,147.99412872882286
14,42,170.142,136.19151433994176,340.284,136.19151433994176
14,43,170.142,125.88680870811427,340.284,125.88680870811429
14,44,170.142,165.66181746084413,340.284,165.66181746084413
14,45,170.142,103.1734798379585,340.284,103.17347983795851
14,46,170.142,142.01517842552792,340.284,340.284
14,47,170.142,88.19549301584934,340.284,340.284
14,48,170.142,134.7239939994386,340.284,134.7239939994386
14,49,170.142,97.67570352467897,340.284,97.67570352467897
14,50,170.142,81.51833269809022,340.284,81.51833269809022
14,51,170.142,159.71761882174428,340.284,159.71761882174428
14,52,170.142,104.9780236948143,340.284,104.97802369481431
14,53,170.142,166.76503042443443,340.284,166.76503042443443
14,54,170.142,139.78150407325626,340.284,139.78150407325626
14,55,170.142,139.00382594824438,340.284,139.00382594824438
14,56,170.142,139.22610878193953,340.284,139.22610878193953
14,57,170.142,166.94452507129333,340.284,166.94452507129333
14,58,170.142,100.2304510535483,340.284,100.23045105354828
14,59,170.142,166.53385735087684,340.284,166.53385735087684
14,60,170.142,108.65529111285191,340.284,108.65529111285193
14,61,170.142,88.89253181982968,340.284,88.89253181982968
14,62,170.142,160.85091213272534,340.284,160.85091213272534
14,63,170.142,89.15437055244756,340.284,89.15437055244756
14,64,170.142,122.00686429255131,340.284,122.00686429255131
14,65,170.142,153.18587137074203,340.284,153.18587137074203
14,66,170.142,104.73944606821647,340.284,340.284
14,67,170.142,143.29440815072982,340.284,143.29440815072982
14,68,170.142,136.4867377561485,340.284,136.4867377561485
14,69,170.142,140.76213714094376,340.284,140.76213714094376
14,70,170.142,93.79871055118464,340.284,93.79871055118464
14,71,170.142,141.79434202339164,340.284,340.284
14,72,170.142,153.6755595717288,340.284,153.6755595717288
14,73,170.142,92.98369242977057,340.284,92.98369242977057
14,74,170.142,164.1911867504627,340.284,164.1911867504627
14,75,170.142,163.41800937504598,340.284,163.41800937504598
14,76,170.142,108.41269113638748,340.284,340.284
14,77,170.142,163.7279282135131,340.284,163.7279282135131
14,78,170.142,162.25841432521935,340.284,162.25841432521935
14,79,170.142,90.82947069433855,340.284,90.82947069433855
14,80,170.142,145.36256362218649,340.284,145.36256362218649
14,81,170.142,164.34481256245428,340.284,164.34481256245428
14,82,170.142,152.27817775416906,340.284,340.284
14,83,170.142,92.23332962112796,340.284,92.23332962112796
14,84,170.142,116.15092095956534,340.284,340.284
14,85,170.142,129.71675172747447,340.284,129.71675172747447
14,86,170.142,112.97752615602825,340.284,112.97752615602825
14,87,170.142,114.2291285348458,340.284,114.22912853484578
14,88,170.142,89.07907935413569,340.284,89.07907935413569
14,89,170.142,81.31751561930187,340.284,81.31751561930187
14,90,170.142,107.30702876201454,340.284,107.30702876201454
14,91,170.142,117.50366295720158,340.284,117.50366295720158
14,92,170.142,131.0026627998025,340.284,131.00266279980252
14,93,170.142,163.72814121555382,340.284,163.72814121555382
14,94,170.142,88.4754462999309,340.284,88.47544629993088
14,95,170.142,110.86895064417884,340.284,340.284
14,96,170.142,156.31926446701075,340.284,156.31926446701075
14,97,170.142,152.45909680615273,340.284,152.45909680615273
14,98,170.142,90.42943468030441,340.284,90.42943468030441
14,99,170.142,139.4323602793483,340.284,139.4323602793483
15,0,183.98799999999997,217.0237994560252,434.0475989120504,217.02379945602522
15,1,183.98799999999997,399.58073924576195,799.1614784915239,399.58073924576195
15,2,183.98799999999997,253.38953890990658,506.77907781981315,253.38953890990658
15,3,183.98799999999997,327.18836197756366,654.3767239551273,327.18836197756366
15,4,183.98799999999997,298.2916875515629,596.5833751031258,298.2916875515629
15,5,183.98799999999997,307.1090359369809,614.2180718739618,307.1090359369809
15,6,183.98799999999997,243.58626438739134,487.1725287747827,243.58626438739134
15,7,183.98799999999997,274.454464328941,548.908928657882,274.454464328941
15,8,183.98799999999997,258.1670962486691,516.3341924973382,258.1670962486691
15,9,183.98799999999997,329.2336940087088,658.4673880174176,329.2336940087088
15,10,183.98799999999997,288.0034000460276,576.0068000920552,288.0034000460276
15,11,183.98799999999997,324.0940040997965,648.188008199593,324.0940040997965
15,12,183.98799999999997,312.378529738767,624.757059477534,312.378529738767
15,13,183.98799999999997,339.95149196026694,679.9029839205339,339.95149196026694
15,14,183.98799999999997,405.9411509460663,811.8823018921325,405.9411509460663
15,15,183.98799999999997,311.7088203283384,623.4176406566768,311.7088203283384
15,16,183.98799999999997,314.46609627899034,628.9321925579807,314.46609627899034
15,17,183.98799999999997,328.8765731511064,657.7531463022128,328.8765731511064
15,18,183.98799999999997,314.6748406174634,629.3496812349268,314.6748406174634
15,19,183.98799999999997,285.65089124561587,571.3017824912317,285.65089124561587
15,20,183.98799999999997,250.41211187880975,500.8242237576195,250.41211187880975
15,21,183.98799999999997,312.32417134862584,624.6483426972517,312.3241713486259
15,22,183.98799999999997,250.42195115423257,500.84390230846515,250.42195115423257
15,23,183.98799999999997,338.5586164030312,677.1172328060624,338.5586164030312
15,24,183.98799999999997,386.9271445754185,773.854289150837,386.9271445754185
15,25,183.98799999999997,368.5468827804475,737.093765560895,368.5468827804475
15,26,183.98799999999997,365.6249747677123,731.2499495354245,365.6249747677123
15,27,183.98799999999997,243.42150503745012,486.84301007490023,243.42150503745012
15,28,183.98799999999997,205.1331537625456,410.2663075250912,205.1331537625456
15,29,183.98799999999997,241.40329281466526,482.8065856293305,241.40329281466526
15,30,183.98799999999997,319.5300973841118,639.0601947682236,319.5300973841118
15,31,183.98799999999997,224.58158907861198,449.16317815722397,224.58158907861198
15,32,183.98799999999997,219.32258438575798,438.64516877151596,219.32258438575798
15,33,183.98799999999997,410.7005796423793,821.4011592847586,410.7005796423793
15,34,183.98799999999997,273.51085984458234,547.0217196891647,273.51085984458234
15,35,183.98799999999997,211.523462412558,423.046924825116,211.52346241255796
15,36,183.98799999999997,307.0151135343765,614.030227068753,307.0151135343765
15,37,183.98799999999997,346.65390692364184,693.3078138472837,346.65390692364184
15,38,183.98799999999997,296.0896623114956,592.1793246229912,296.0896623114956
15,39,183.98799999999997,225.97240217450917,451.94480434901834,225.97240217450917
15,40,183.98799999999997,307.72572997649223,615.4514599529845,307.72572997649223
15,41,183.98799999999997,212.69523196572106,425.3904639314421,212.69523196572106
15,42,183.98799999999997,353.68653489371343,707.3730697874269,353.68653489371343
15,43,183.98799999999997,398.16434629422116,796.3286925884423,398.16434629422116
15,44,183.98799999999997,206.90372575804864,413.8074515160973,206.90372575804867
15,45,183.98799999999997,319.5954574794041,639.1909149588082,319.5954574794041
15,46,183.98799999999997,375.1000000538751,750.2000001077502,375.1000000538751
15,47,183.98799999999997,334.5293186761197,669.0586373522394,334.5293186761197
15,48,183.98799999999997,229.75087769531362,459.50175539062724,229.75087769531362
15,49,183.98799999999997,212.49693613971195,424.9938722794239,212.49693613971195
15,50,183.98799999999997,295.49751657364965,590.9950331472993,295.49751657364965
15,51,183.98799999999997,208.25460022573907,416.50920045147814,208.25460022573904
15,52,183.98799999999997,376.3701325621422,752.7402651242844,376.3701325621422
15,53,183.98799999999997,308.03893844137923,616.0778768827585,308.03893844137923
15,54,183.98799999999997,265.49789759052356,530.9957951810471,265.49789759052356
15,55,183.98799999999997,362.31744492628735,724.6348898525747,362.31744492628735
15,56,183.98799999999997,243.70237201179134,487.4047440235827,243.7023720117913
15,57,183.98799999999997,307.50999480407387,615.0199896081477,307.50999480407387
15,58,183.98799999999997,305.87614028603224,611.7522805720645,305.87614028603224
15,59,183.98799999999997,220.14001894856378,440.28003789712756,220.14001894856378
15,60,183.98799999999997,368.7187746240663,737.4375492481327,368.7187746240663
15,61,183.98799999999997,346.90812918981794,693.8162583796359,346.90812918981794
15,62,183.98799999999997,240.38981677015175,480.7796335403035,240.38981677015175
15,63,183.98799999999997,289.82072144121344,579.6414428824269,289.82072144121344
15,64,183.98799999999997,263.91051954214294,527.8210390842859,263.91051954214294
15,65,183.98799999999997,397.8022061509547,795.6044123019094,397.8022061509547
15,66,183.98799999999997,340.3409228336076,680.6818456672152,340.3409228336076
15,67,183.98799999999997,399.2928846571927,798.5857693143854,399.2928846571927
15,68,183.98799999999997,361.42722958950276,722.8544591790055,361.42722958950276
15,69,183.98799999999997,366.73462925115854,733.4692585023171,366.73462925115854
15,70,183.98799999999997,264.09839318797265,528.1967863759453,264.09839318797265
15,71,183.98799999999997,378.9059825266351,757.8119650532702,378.9059825266351
15,72,183.98799999999997,269.33789353635433,538.6757870727087,269.33789353635433
15,73,183.98799999999997,374.27228104290987,748.5445620858197,374.27228104290987
15,74,183.98799999999997,349.2976484634129,698.5952969268258,349.2976484634129
15,75,183.98799999999997,306.60470266399017,613.2094053279803,306.60470266399017
15,76,183.98799999999997,234.28049624086475,468.5609924817295,234.28049624086475
15,77,183.98799999999997,326.06676192698245,652.1335238539649,326.06676192698245
15,78,183.98799999999997,331.1070255855087,662.2140511710174,331.1070255855087
15,79,183.98799999999997,344.12155556665726,688.2431111333145,344.12155556665726
15,80,183.98799999999997,212.10588788253574,424.2117757650715,212.10588788253574
15,81,183.98799999999997,251.17275558061118,502.34551116122236,251.17275558061118
15,82,183.98799999999997,317.5565104035797,635.1130208071594,317.5565104035797
15,83,183.98799999999997,379.7083166348175,759.416633269635,379.7083166348175
15,84,183.98799999999997,247.5334009279047,495.0668018558094,247.5334009279047
15,85,183.98799999999997,389.2051841808079,778.4103683616158,389.2051841808079
15,86,183.98799999999997,405.8641281208411,811.7282562416822,405.8641281208411
15,87,183.98799999999997,216.92662370147764,433.8532474029553,216.92662370147767
15,88,183.98799999999997,352.3298930456893,704.6597860913786,352.3298930456893
15,89,183.98799999999997,282.71018016559566,565.4203603311913,282.71018016559566
15,90,183.98799999999997,227.36463925271093,454.72927850542186,227.36463925271093
15,91,183.98799999999997,245.40550903058696,490.8110180611739,245.40550903058698
15,92,183.98799999999997,275.00956532341183,550.0191306468237,275.00956532341183
15,93,183.98799999999997,201.78543086348517,403.57086172697035,201.78543086348517
15,94,183.98799999999997,346.04292144092136,692.0858428818427,346.04292144092136
15,95,183.98799999999997,294.68442582289845,589.3688516457969,294.68442582289845
15,96,183.98799999999997,271.7235684652028,543.4471369304056,271.7235684652028
15,97,183.98799999999997,382.942730482525,765.88546096505,382.942730482525
15,98,183.98799999999997,403.98869835711065,807.9773967142213,403.98869835711065
15,99,183.98799999999997,295.67610440957924,591.3522088191585,295.67610440957924
16,0,191.702,129.3665835413297,383.404,129.3665835413297
16,1,191.702,159.89567360656204,383.404,159.89567360656204
16,2,191.702,139.25957281702154,383.404,139.25957281702154
16,3,191.702,189.9972598793265,383.404,383.404
16,4,191.702,127.03333942152814,383.404,127.03333942152814
16,5,191.702,110.29919966140884,383.404,110.29919966140884
16,6,191.702,98.50057787363674,383.404,98.50057787363674
16,7,191.702,114.70747501946866,383.404,114.70747501946865
16,8,191.702,106.79342260971904,383.404,106.79342260971904
16,9,191.702,191.99303681182954,383.9860736236591,191.99303681182954
16,10,191.702,167.90048184821583,383.404,167.90048184821583
16,11,191.702,157.57828096073638,383.404,157.57828096073638
16,12,191.702,195.54571694510093,391.09143389020187,195.54571694510093
16,13,191.702,161.4515835920576,383.404,161.4515835920576
16,14,191.702,170.63537415490902,383.404,170.63537415490902
16,15,191.702,113.47634938401018,383.404,113.47634938401019
16,16,191.702,126.94829528770197,383.404,126.94829528770197
16,17,191.702,161.37832890109425,383.404,161.37832890109425
16,18,191.702,184.18739013235125,383.404,184.18739013235125
16,19,191.702,126.37629596135808,383.404,126.37629596135808
16,20,191.702,144.28500347218002,383.404,144.28500347218002
16,21,191.702,126.3731463365467,383.404,126.37314633654671
16,22,191.702,127.12642892040358,383.404,127.12642892040358
16,23,191.702,156.93560475799148,383.404,156.93560475799148
16,24,191.702,192.86032139730153,385.72064279460307,385.72064279460307
16,25,191.702,198.82222765189516,397.6444553037903,198.82222765189516
16,26,191.702,155.98740244479814,383.404,155.98740244479814
16,27,191.702,99.45155453419702,383.404,383.404
16,28,191.702,125.77781349713094,383.404,383.404
16,29,191.702,165.3742805944853,383.404,165.3742805944853
16,30,191.702,193.46404586959397,386.92809173918795,193.46404586959397
16,31,191.702,112.1769491289522,383.404,112.1769491289522
16,32,191.702,183.41607173026557,383.404,183.41607173026557
16,33,191.702,188.73143903037155,383.404,188.73143903037155
16,34,191.702,106.30081817883747,383.404,106.30081817883747
16,35,191.702,191.3769664644946,383.404,383.404
16,36,191.702,159.07569239345585,383.404,159.07569239345585
16,37,191.702,185.25477512213433,383.404,185.25477512213433
16,38,191.702,167.2498150788592,383.404,167.2498150788592
16,39,191.702,167.7738840283069,383.404,167.7738840283069
16,40,191.702,188.2462902867176,383.404,188.2462902867176
16,41,191.702,176.57034462628116,383.404,176.57034462628116
16,42,191.702,139.59801076459274,383.404,383.404
16,43,191.702,136.85222268292563,383.404,136.85222268292563
16,44,191.702,198.04554998588813,396.09109997177626,198.04554998588813
16,45,191.702,124.48093505707975,383.404,124.48093505707976
16,46,191.702,136.25468812241698,383.404,136.25468812241698
16,47,191.702,111.95426377092768,383.404,111.95426377092768
16,48,191.702,132.3261958903093,383.404,132.3261958903093
16,49,191.702,157.90883743807723,383.404,157.90883743807723
16,50,191.702,117.16224811253437,383.404,117.16224811253437
16,51,191.702,141.38133871070724,383.404,141.38133871070724
16,52,191.702,160.46917993287653,383.404,160.46917993287653
16,53,191.702,137.1510933572357,383.404,137.1510933572357
16,54,191.702,175.75652639172162,383.404,175.75652639172162
16,55,191.702,150.72561080930726,383.404,150.72561080930726
16,56,191.702,130.86308200520838,383.404,130.86308200520838
16,57,191.702,172.58396612191092,383.404,172.58396612191092
16,58,191.702,154.75561664596842,383.404,154.75561664596842
16,59,191.702,144.07185547338253,383.404,144.07185547338253
16,60,191.702,113.74520949277304,383.404,383.404
16,61,191.702,199.9446385039184,399.8892770078368,399.8892770078368
16,62,191.702,115.08407662024042,383.404,115.08407662024042
16,63,191.702,137.0760056040668,383.404,137.07600560406678
16,64,191.702,158.052295847022,383.404,158.052295847022
16,65,191.702,194.34859583327713,388.69719166655426,194.34859583327713
16,66,191.702,128.39325554784676,383.404,128.39325554784676
16,67,191.702,108.89076858295653,383.404,108.89076858295653
16,68,191.702,170.69899555386317,383.404,170.69899555386317
16,69,191.702,196.19321867977155,392.3864373595431,196.19321867977155
16,70,191.702,144.10583952276926,383.404,144.10583952276926
16,71,191.702,201.10477915675463,402.20955831350926,201.10477915675463
16,72,191.702,130.53430878496192,383.404,130.53430878496192
16,73,191.702,188.84759488942453,383.404,188.84759488942453
16,74,191.702,97.07938897021606,383.404,97.07938897021606
16,75,191.702,167.86533685488152,383.404,167.86533685488152
16,76,191.702,189.3286704614213,383.404,189.3286704614213
16,77,191.702,126.14888686812168,383.404,126.14888686812169
16,78,191.702,185.41957648340932,383.404,185.41957648340932
16,79,191.702,159.50167188962646,383.404,159.50167188962646
16,80,191.702,130.35156909960412,383.404,130.35156909960412
16,81,191.702,101.4207919061757,383.404,383.404
16,82,191.702,165.99246776136212,383.404,383.404
16,83,191.702,136.11109041754412,383.404,383.404
16,84,191.702,153.68115099936153,383.404,153.68115099936153
16,85,191.702,117.66192274129008,383.404,117.66192274129008
16,86,191.702,98.94847201370037,383.404,98.94847201370037
16,87,191.702,107.03877393321292,383.404,107.03877393321292
16,88,191.702,163.830224577882,383.404,163.830224577882
16,89,191.702,110.23120562518174,383.404,110.23120562518174
16,90,191.702,127.987007027531,383.404,127.987007027531
16,91,191.702,158.71685708129465,383.404,158.71685708129465
16,92,191.702,125.42840262764989,383.404,383.404
16,93,191.702,146.27562583462824,383.404,383.404
16,94,191.702,139.98671551673215,383.404,139.98671551673215
16,95,191.702,178.0648405597935,383.404,178.0648405597935
16,96,191.702,139.03784275613546,383.404,383.404
16,97,191.702,126.47489889396512,383.404,126.47489889396513
16,98,191.702,199.84837363923134,399.6967472784627,199.84837363923134
16,99,191.702,114.9668704039044,383.404,114.96687040390438
17,0,185.29,224.25253491599548,448.50506983199097,224.25253491599548
17,1,185.29,221.87615476345223,443.75230952690447,221.87615476345223
17,2,185.29,182.69481604853019,370.58,182.69481604853019
17,3,185.29,239.02123128865642,478.04246257731285,239.02123128865642
17,4,185.29,240.46520698545967,480.93041397091935,240.46520698545967
17,5,185.29,200.81512265430402,401.63024530860804,200.81512265430402
17,6,185.29,178.90324849112167,370.58,178.90324849112167
17,7,185.29,148.91365706937628,370.58,148.91365706937628
17,8,185.29,257.06631201892486,514.1326240378497,257.06631201892486
17,9,185.29,273.3526715968458,546.7053431936916,273.3526715968458
17,10,185.29,172.81346816694162,370.58,172.81346816694162
17,11,185.29,178.48049424166572,370.58,178.48049424166572
17,12,185.29,225.03190255472256,450.0638051094451,225.0319025547226
17,13,185.29,244.04809206369893,488.09618412739786,244.04809206369893
17,14,185.29,253.55580082521118,507.11160165042236,253.55580082521118
17,15,185.29,242.4828608089114,484.9657216178228,242.4828608089114
17,16,185.29,229.9816212267208,459.9632424534416,229.98162122672082
17,17,185.29,221.63167485289352,443.26334970578705,221.63167485289352
17,18,185.29,134.7881943561203,370.58,134.7881943561203
17,19,185.29,202.7282833509422,405.4565667018844,202.7282833509422
17,20,185.29,234.00203497369588,468.00406994739177,234.00203497369588
17,21,185.29,175.99652207478337,370.58,175.99652207478337
17,22,185.29,168.0176452004376,370.58,168.0176452004376
17,23,185.29,191.72942379756546,383.4588475951309,191.72942379756546
17,24,185.29,210.52346353508725,421.0469270701745,210.52346353508727
17,25,185.29,134.30173227801225,370.58,134.30173227801225
17,26,185.29,240.15212168231358,480.30424336462715,240.15212168231358
17,27,185.29,234.0176662998529,468.0353325997058,234.0176662998529
17,28,185.29,164.8559550944781,370.58,164.8559550944781
17,29,185.29,168.25853227375663,370.58,168.25853227375663
17,30,185.29,157.66631718105293,370.58,157.66631718105293
17,31,185.29,191.59103046308792,383.18206092617584,191.59103046308792
17,32,185.29,269.9234732122241,539.8469464244482,269.9234732122241
17,33,185.29,188.56038635539576,377.1207727107915,188.56038635539576
17,34,185.29,265.08035357694706,530.1607071538941,265.08035357694706
17,35,185.29,158.6331886386025,370.58,158.6331886386025
17,36,185.29,166.9413107913363,370.58,166.9413107913363
17,37,185.29,205.18501352264903,410.37002704529806,205.18501352264903
17,38,185.29,154.31991400352226,370.58,154.31991400352226
17,39,185.29,148.92300722289508,370.58,148.92300722289508
17,40,185.29,228.4941266960816,456.9882533921632,228.4941266960816
17,41,185.29,181.66613625661205,370.58,181.66613625661205
17,42,185.29,232.60502679883018,465.21005359766036,232.60502679883018
17,43,185.29,165.20768297719536,370.58,165.20768297719536
17,44,185.29,175.57957817443423,370.58,175.57957817443423
17,45,185.29,260.34458433467177,520.6891686693435,260.34458433467177
17,46,185.29,215.57903139191464,431.1580627838293,215.57903139191464
17,47,185.29,150.25230010965566,370.58,150.25230010965566
17,48,185.29,192.85352567242194,385.7070513448439,192.85352567242194
17,49,185.29,147.03018888652167,370.58,147.03018888652167
17,50,185.29,142.19365389856077,370.58,142.19365389856077
17,51,185.29,213.3647745699474,426.7295491398948,213.3647745699474
17,52,185.29,148.69781968167413,370.58,148.69781968167413
17,53,185.29,163.36684304030447,370.58,163.3668430403045
17,54,185.29,143.10277714737455,370.58,143.10277714737455
17,55,185.29,148.6313999012746,370.58,148.6313999012746
17,56,185.29,196.82214751221983,393.64429502443966,196.82214751221983
17,57,185.29,156.4046600843178,370.58,156.4046600843178
17,58,185.29,177.66457414174684,370.58,177.66457414174684
17,59,185.29,194.92627770615914,389.8525554123183,194.92627770615914
17,60,185.29,160.4718988203549,370.58,160.4718988203549
17,61,185.29,152.00590352686746,370.58,152.00590352686746
17,62,185.29,153.8524032429703,370.58,153.8524032429703
17,63,185.29,267.2672729341296,534.5345458682592,267.2672729341296
17,64,185.29,182.56885562338138,370.58,182.56885562338138
17,65,185.29,197.84910800516292,395.69821601032584,197.84910800516292
17,66,185.29,240.34857089501222,480.69714179002443,240.34857089501222
17,67,185.29,245.24130545651624,490.4826109130325,245.24130545651624
17,68,185.29,232.16974129262084,464.3394825852417,232.16974129262087
17,69,185.29,260.21689595553437,520.4337919110687,260.21689595553437
17,70,185.29,208.86179598756937,417.72359197513873,208.86179598756937
17,71,185.29,156.45256564409377,370.58,156.45256564409377
17,72,185.29,220.234742988473,440.469485976946,220.23474298847302
17,73,185.29,197.39170935801164,394.7834187160233,197.39170935801164
17,74,185.29,251.30568045071564,502.6113609014313,251.30568045071567
17,75,185.29,167.45375566364038,370.58,167.45375566364038
17,76,185.29,229.5093834977786,459.0187669955572,229.5093834977786
17,77,185.29,134.16581272125293,370.58,134.16581272125293
17,78,185.29,187.47932038699528,374.95864077399057,187.47932038699528
17,79,185.29,182.19606151791044,370.58,182.19606151791044
17,80,185.29,146.21389186141414,370.58,146.21389186141414
17,81,185.29,250.0578992227876,500.1157984455752,250.05789922278757
17,82,185.29,250.9150466353345,501.830093270669,250.91504663533453
17,83,185.29,168.51512678612272,370.58,168.51512678612272
17,84,185.29,234.43481969790258,468.86963939580517,234.4348196979026
17,85,185.29,261.6662604679034,523.3325209358068,261.6662604679034
17,86,185.29,215.6409540579962,431.2819081159924,215.64095405799623
17,87,185.29,185.43564278255272,370.87128556510544,185.43564278255272
17,88,185.29,230.25122848477298,460.50245696954596,230.25122848477295
17,89,185.29,189.2539638553191,378.5079277106382,189.2539638553191
17,90,185.29,214.4065289498008,428.8130578996016,214.40652894980082
17,91,185.29,227.2622501217677,454.5245002435354,227.2622501217677
17,92,185.29,174.59032420537338,370.58,174.59032420537338
17,93,185.29,227.3927714821887,454.7855429643774,227.3927714821887
17,94,185.29,205.3171686506932,410.6343373013864,205.3171686506932
17,95,185.29,217.50246094995933,435.00492189991866,217.50246094995936
17,96,185.29,174.03461939599254,370.58,174.03461939599254
17,97,185.29,239.32977709010302,478.65955418020604,239.32977709010302
17,98,185.29,154.0680182497236,370.58,154.0680182497236
17,99,185.29,201.448457336987,402.896914673974,201.44845733698696
18,0,155.512,160.48246126742077,320.96492253484155,160.48246126742077
18,1,155.512,102.94802640426808,311.024,102.94802640426808
18,2,155.512,189.6656784414732,379.3313568829464,189.6656784414732
18,3,155.512,162.9838861642493,325.9677723284986,162.9838861642493
18,4,155.512,110.71643132343725,311.024,110.71643132343725
18,5,155.512,195.33661839748953,390.67323679497906,195.33661839748953
18,6,155.512,180.09916529245524,360.1983305849105,180.09916529245524
18,7,155.512,202.57409925098435,405.1481985019687,202.57409925098435
18,8,155.512,176.9903863768544,353.9807727537088,176.99038637685442
18,9,155.512,157.3799759833721,314.7599519667442,157.3799759833721
18,10,155.512,188.91132620186195,377.8226524037239,188.91132620186195
18,11,155.512,141.4431929715599,311.024,141.4431929715599
18,12,155.512,149.91928911258972,311.024,149.91928911258975
18,13,155.512,141.18359922931904,311.024,141.18359922931904
18,14,155.512,137.88081059708884,311.024,137.88081059708884
18,15,155.512,205.72267679060093,411.44535358120186,205.72267679060096
18,16,155.512,157.703338464982,315.406676929964,157.703338464982
18,17,155.512,157.8205608833202,315.6411217666404,157.8205608833202
18,18,155.512,143.6483639105869,311.024,143.6483639105869
18,19,155.512,138.059975645964,311.024,138.059975645964
18,20,155.512,127.42774812523832,311.024,127.42774812523831
18,21,155.512,206.35618390621522,412.71236781243044,206.35618390621522
18,22,155.512,182.5538484206295,365.107696841259,182.5538484206295
18,23,155.512,154.9105989982338,311.024,154.9105989982338
18,24,155.512,167.7141682969601,335.4283365939202,167.7141682969601
18,25,155.512,194.21150008366402,388.42300016732804,194.21150008366402
18,26,155.512,142.70436149771612,311.024,142.70436149771612
18,27,155.512,133.05148170606287,311.024,133.05148170606287
18,28,155.512,154.4954303033172,311.024,154.4954303033172
18,29,155.512,152.62319911276424,311.024,152.62319911276424
18,30,155.512,193.36074380079904,386.7214876015981,193.36074380079904
18,31,155.512,200.34869325948875,400.6973865189775,200.34869325948875
18,32,155.512,196.45044252385586,392.9008850477117,196.45044252385586
18,33,155.512,178.3504712173121,356.7009424346242,178.3504712173121
18,34,155.512,160.06502746147646,320.1300549229529,160.06502746147646
18,35,155.512,121.24304594534172,311.024,121.24304594534172
18,36,155.512,204.39583013762115,408.7916602752423,204.39583013762115
18,37,155.512,195.92123157876676,391.84246315753353,195.92123157876676
18,38,155.512,159.8666155461886,319.7332310923772,159.8666155461886
18,39,155.512,184.92837831604416,369.8567566320883,184.92837831604416
18,40,155.512,200.86019164021786,401.7203832804357,200.86019164021786
18,41,155.512,135.51327186502564,311.024,135.51327186502564
18,42,155.512,165.104974617234,330.209949234468,165.104974617234
18,43,155.512,207.44487062050197,414.88974124100395,-499.9138272659457
18,44,155.512,126.59971563714303,311.024,126.59971563714303
18,45,155.512,118.54606552441952,311.024,118.54606552441953
18,46,155.512,206.3696300011094,412.7392600022188,206.36963000110944
18,47,155.512,198.308247710849,396.616495421698,198.308247710849
18,48,155.512,106.85003917132696,311.024,106.85003917132696
18,49,155.512,165.79181726550735,331.5836345310147,165.79181726550735
18,50,155.512,172.9913237084274,345.9826474168548,172.9913237084274
18,51,155.512,180.8292221895894,361.6584443791788,180.8292221895894
18,52,155.512,169.77405081483184,339.5481016296637,169.77405081483184
18,53,155.512,163.8656749040742,327.7313498081484,163.8656749040742
18,54,155.512,168.8109113690137,337.6218227380274,168.8109113690137
18,55,155.512,170.14713375918913,340.29426751837826,170.14713375918913
18,56,155.512,112.1907935672753,311.024,112.1907935672753
18,57,155.512,121.1666893124337,311.024,121.1666893124337
18,58,155.512,133.4931583478228,311.024,133.4931583478228
18,59,155.512,204.02333519195622,408.04667038391244,204.02333519195622
18,60,155.512,153.3719955328084,311.024,153.3719955328084
18,61,155.512,169.48732302285168,338.97464604570337,169.48732302285168
18,62,155.512,208.47488657308435,416.9497731461687,208.47488657308438
18,63,155.512,113.08524571559234,311.024,113.08524571559234
18,64,155.512,123.2033278354472,311.024,123.20332783544721
18,65,155.512,132.97104628642907,311.024,132.97104628642907
18,66,155.512,203.05467936758316,406.1093587351663,203.05467936758313
18,67,155.512,180.95661469320794,361.9132293864159,180.95661469320794
18,68,155.512,116.39540897015713,311.024,116.39540897015715
18,69,155.512,109.84662904786428,311.024,109.84662904786428
18,70,155.512,120.72578384522943,311.024,120.72578384522943
18,71,155.512,202.66962342039295,405.3392468407859,202.66962342039295
18,72,155.512,148.32218820231128,311.024,148.32218820231128
18,73,155.512,197.630083207975,395.26016641595,197.630083207975
18,74,155.512,195.08911139045196,390.1782227809039,195.08911139045196
18,75,155.512,208.26038544766269,416.52077089532537,208.2603854476627
18,76,155.512,161.64159720266795,323.2831944053359,161.64159720266795
18,77,155.512,132.09170283534084,311.024,132.09170283534084
18,78,155.512,158.58166609913118,317.16333219826237,158.58166609913118
18,79,155.512,200.21437299280305,400.4287459856061,200.21437299280308
18,80,155.512,206.22844377227844,412.4568875445569,206.2284437722784
18,81,155.512,145.75435066986583,311.024,145.75435066986583
18,82,155.512,155.58230933135326,311.1646186627065,155.58230933135326
18,83,155.512,189.73235450418102,379.46470900836204,189.73235450418102
18,84,155.512,145.67395760319354,311.024,145.67395760319354
18,85,155.512,128.38705652034744,311.024,128.38705652034744
18,86,155.512,132.75004974410112,311.024,132.75004974410112
18,87,155.512,154.81176662014363,311.024,154.81176662014363
18,88,155.512,128.24278094952032,311.024,128.24278094952032
18,89,155.512,186.07855330796247,372.15710661592493,186.07855330796247
18,90,155.512,175.37281966531415,350.7456393306283,175.37281966531415
18,91,155.512,204.54525177845875,409.0905035569175,204.54525177845878
18,92,155.512,184.11982889190244,368.2396577838049,184.11982889190244
18,93,155.512,151.86563284806115,311.024,151.86563284806115
18,94,155.512,122.12007647962064,311.024,122.12007647962065
18,95,155.512,127.90750273249374,311.024,127.90750273249374
18,96,155.512,199.51211893584903,399.02423787169806,199.51211893584903
18,97,155.512,171.89803169114276,343.7960633822855,171.89803169114276
18,98,155.512,113.79406131735962,311.024,113.79406131735963
18,99,155.512,156.97809866878615,313.9561973375723,156.97809866878615
19,0,139.846,122.6352886529974,279.692,122.6352886529974
19,1,139.846,125.4248268775331,279.692,125.4248268775331
19,2,139.846,127.92981576391973,279.692,127.92981576391973
19,3,139.846,133.11214210571885,279.692,133.11214210571885
19,4,139.846,102.09069723479483,279.692,102.09069723479483
19,5,139.846,115.47324795664946,279.692,115.47324795664946
19,6,139.846,72.49850064039147,279.692,279.692
19,7,139.846,115.06380038649917,279.692,115.06380038649917
19,8,139.846,104.42931989790965,279.692,104.42931989790965
19,9,139.846,82.61338159544135,279.692,82.61338159544135
19,10,139.846,85.49080724636049,279.692,85.49080724636049
19,11,139.846,118.40308638005295,279.692,118.40308638005294
19,12,139.846,83.53700149936546,279.692,83.53700149936546
19,13,139.846,91.9876702269606,279.692,91.9876702269606
19,14,139.846,94.46728634660663,279.692,94.46728634660663
19,15,139.846,122.25248189179068,279.692,122.25248189179068
19,16,139.846,81.13113427236019,279.692,81.13113427236019
19,17,139.846,72.92290856863457,279.692,72.92290856863457
19,18,139.846,80.46161670913769,279.692,279.692
19,19,139.846,118.74913937680326,279.692,118.74913937680327
19,20,139.846,70.84338811031623,279.692,70.84338811031623
19,21,139.846,107.30305039477933,279.692,107.30305039477935
19,22,139.846,103.67291235464559,279.692,103.6729123546456
19,23,139.846,94.2662947580751,279.692,94.2662947580751
19,24,139.846,92.32305978066844,279.692,92.32305978066844
19,25,139.846,106.16906805108509,279.692,106.1690680510851
19,26,139.846,71.59333993136663,279.692,71.59333993136663
19,27,139.846,90.55344927925891,279.692,90.55344927925891
19,28,139.846,97.32597843192767,279.692,97.32597843192767
19,29,139.846,77.43518602062815,279.692,279.692
19,30,139.846,105.15257880052488,279.692,105.15257880052489
19,31,139.846,89.58074008503358,279.692,89.58074008504022
19,32,139.846,71.93747955148957,279.692,279.692
19,33,139.846,76.45969702232154,279.692,76.45969702232154
19,34,139.846,90.91407837976742,279.692,90.91407837976742
19,35,139.846,115.08081469921056,279.692,115.08081469921056
19,36,139.846,125.09628507399796,279.692,125.09628507399798
19,37,139.846,102.3737003524416,279.692,102.3737003524416
19,38,139.846,70.57114401124382,279.692,279.692
19,39,139.846,111.11235559109187,279.692,111.11235559109187
19,40,139.846,132.69966445448443,279.692,132.69966445448443
19,41,139.846,70.9194812828091,279.692,70.9194812828091
19,42,139.846,92.35069188404285,279.692,92.35069188404285
19,43,139.846,68.41081339525472,279.692,68.41081339525472
19,44,139.846,108.96400127839593,279.692,108.96400127839594
19,45,139.846,74.73718509511947,279.692,74.73718509511947
19,46,139.846,135.276827124148,279.692,135.276827124148
19,47,139.846,96.66923673725056,279.692,96.66923673725056
19,48,139.846,112.15219212939758,279.692,279.692
19,49,139.846,90.97563641147052,279.692,90.97563641147052
19,50,139.846,91.49851996415904,279.692,279.692
19,51,139.846,68.02601525944831,279.692,279.692
19,52,139.846,129.9014469092886,279.692,129.9014469092886
19,53,139.846,86.70815405982562,279.692,86.70815405982562
19,54,139.846,85.16221451539042,279.692,279.692
19,55,139.846,93.2359974958782,279.692,279.692
19,56,139.846,80.51375764797795,279.692,279.692
19,57,139.846,89.79081996021428,279.692,89.79081996021428
19,58,139.846,87.53234713047931,279.692,87.53234713047931
19,59,139.846,137.73849756388782,279.692,137.73849756388782
19,60,139.846,130.5979760725553,279.692,130.5979760725553
19,61,139.846,87.62541848450084,279.692,87.62541848450084
19,62,139.846,127.91427102577406,279.692,279.692
19,63,139.846,69.9501502140951,279.692,69.9501502140951
19,64,139.846,108.33497852666709,279.692,108.33497852666709
19,65,139.846,129.67429596200293,279.692,129.67429596199628
19,66,139.846,82.88546520488697,279.692,279.692
19,67,139.846,78.83718236123744,279.692,162.56466906678412
19,68,139.846,124.65335524710349,279.692,124.6533552471035
19,69,139.846,114.46356375534546,279.692,114.46356375534546
19,70,139.846,137.67986014261842,279.692,137.67986014261842
19,71,139.846,78.68066308529791,279.692,279.692
19,72,139.846,77.9316708213991,279.692,77.9316708213991
19,73,139.846,71.19872026317675,279.692,71.19872026317675
19,74,139.846,90.65627465450501,279.692,90.65627465450501
19,75,139.846,70.64456819332027,279.692,70.64456819332027
19,76,139.846,111.61684623106468,279.692,111.6168462310647
19,77,139.846,73.40433856481805,279.692,73.40433856481805
19,78,139.846,100.05961370805578,279.692,279.692
19,79,139.846,104.46120996523562,279.692,104.46120996523562
19,80,139.846,73.43941595631532,279.692,279.692
19,81,139.846,117.256266047414,279.692,279.692
19,82,139.846,138.86691998988428,279.692,138.86691998988428
19,83,139.846,95.35919527415565,279.692,95.35919527415565
19,84,139.846,104.58704417668028,279.692,279.692
19,85,139.846,94.34447987274395,279.692,94.34447987274395
19,86,139.846,138.08896223309063,279.692,138.08896223309063
19,87,139.846,128.73188010559292,279.692,128.73188010559292
19,88,139.846,137.28583416383813,279.692,279.692
19,89,139.846,95.15157732345372,279.692,95.15157732345372
19,90,139.846,90.08066332084353,279.692,90.08066332084353
19,91,139.846,68.3588756516146,279.692,68.3588756516146
19,92,139.846,72.7528210305919,279.692,72.7528210305919
19,93,139.846,136.39023449293182,279.692,136.39023449293182
19,94,139.846,109.47436779640964,279.692,109.47436779640964
19,95,139.846,99.46955745320129,279.692,279.692
19,96,139.846,78.61203584298102,279.692,78.61203584298102
19,97,139.846,135.06631737765346,279.692,135.06631737765346
19,98,139.846,70.03864023601825,279.692,279.692
19,99,139.846,114.12214285928056,279.692,114.12214285928056
20,0,136.052,102.6656323375035,272.104,102.6656323375035
20,1,136.052,111.5554418886829,272.104,111.55544188868292
20,2,136.052,112.39486506248586,272.104,112.39486506248586
20,3,136.052,107.74310829820855,272.104,107.74310829820857
20,4,136.052,99.6082174189031,272.104,99.6082174189031
20,5,136.052,91.55590234925143,272.104,91.55590234925143
20,6,136.052,116.30277114566343,272.104,116.30277114566343
20,7,136.052,71.33375107565647,272.104,71.33375107565647
20,8,136.052,81.39596329526172,272.104,272.104
20,9,136.052,114.95455192471539,272.104,272.104
20,10,136.052,122.16530375409762,272.104,122.16530375409762
20,11,136.052,106.9124775015811,272.104,106.91247750158111
20,12,136.052,65.76115347342134,272.104,65.76115347342134
20,13,136.052,118.22638262277523,272.104,118.22638262277523
20,14,136.052,127.5000136096801,272.104,127.50001360968011
20,15,136.052,93.35148070527083,272.104,93.35148070527083
20,16,136.052,88.64651273061034,272.104,88.64651273061034
20,17,136.052,86.08861977315445,272.104,86.08861977315445
20,18,136.052,103.17704531067182,272.104,103.17704531067182
20,19,136.052,73.8168832413219,272.104,272.10400000000294
20,20,136.052,71.45759171308652,272.104,272.104
20,21,136.052,129.0046753702944,272.104,129.0046753702944
20,22,136.052,96.08470607511642,272.104,96.08470607511642
20,23,136.052,97.00767164480179,272.104,97.0076716448018
20,24,136.052,82.66662184417335,272.104,82.66662184417335
20,25,136.052,65.41216825508116,272.104,272.104
20,26,136.052,66.74642221980832,272.104,66.74642221980832
20,27,136.052,66.37192179012996,272.104,272.104
20,28,136.052,109.66457241314865,272.104,109.66457241314865
20,29,136.052,114.81505235891498,272.104,114.81505235891498
20,30,136.052,126.34252448810858,272.104,126.34252448810858
20,31,136.052,128.31919734606686,272.104,128.31919734606686
20,32,136.052,72.57145750505462,272.104,72.57145750505462
20,33,136.052,63.42492704374296,272.104,63.42492704374296
20,34,136.052,108.40789383439501,272.104,108.40789383439503
20,35,136.052,82.04106790318319,272.104,272.104
20,36,136.052,124.41573114635244,272.104,124.41573114635244
20,37,136.052,95.18514195530864,272.104,272.104
20,38,136.052,91.863304571905,272.104,91.863304571905
20,39,136.052,90.67691170928222,272.104,272.104
20,40,136.052,83.04175283167186,272.104,83.04175283167186
20,41,136.052,100.31501515784701,272.104,100.31501515784701
20,42,136.052,74.8314886827697,272.104,74.8314886827697
20,43,136.052,128.08540902252687,272.104,128.08540902252687
20,44,136.052,116.61884406794763,272.104,116.61884406794765
20,45,136.052,119.7642474762941,272.104,119.7642474762941
20,46,136.052,125.98388737513278,272.104,125.98388737513278
20,47,136.052,108.29628484684261,272.104,108.29628484684261
20,48,136.052,123.02355194955862,272.104,123.02355194955862
20,49,136.052,112.0433948665687,272.104,112.04339486656872
20,50,136.052,94.28064399960743,272.104,272.104
20,51,136.052,63.81881460877178,272.104,272.104
20,52,136.052,97.04504340746469,272.104,97.04504340746469
20,53,136.052,98.66905950989985,272.104,272.104
20,54,136.052,111.90227683345822,272.104,111.90227683345822
20,55,136.052,120.80640750381149,272.104,120.80640750381149
20,56,136.052,104.66444815358932,272.104,104.66444815358933
20,57,136.052,68.2684693230624,272.104,272.104
20,58,136.052,68.5670406993605,272.104,68.5670406993605
20,59,136.052,120.95153082564003,272.104,120.95153082564003
20,60,136.052,121.61837305703773,272.104,121.61837305703773
20,61,136.052,89.33285659421547,272.104,89.33285659421547
20,62,136.052,66.99868451838567,272.104,272.104
20,63,136.052,69.62598766237949,272.104,69.62598766237949
20,64,136.052,70.09481002490753,272.104,272.104
20,65,136.052,123.82019732069902,272.104,123.82019732069902
20,66,136.052,89.72185974119158,272.104,89.72185974119158
20,67,136.052,93.57790120413466,272.104,272.104
20,68,136.052,117.45714176029831,272.104,117.45714176029831
20,69,136.052,78.7688548606677,272.104,78.7688548606677
20,70,136.052,98.20872974592788,272.104,98.20872974592788
20,71,136.052,101.27544639217717,272.104,101.27544639217719
20,72,136.052,90.30608169171404,272.104,90.30608169171404
20,73,136.052,70.51082026820603,272.104,70.51082026820603
20,74,136.052,90.89427552988542,272.104,90.89427552988542
20,75,136.052,69.9401940856625,272.104,272.104
20,76,136.052,83.74314179756787,272.104,272.104
20,77,136.052,89.31715784189112,272.104,89.31715784189112
20,78,136.052,75.2027266077479,272.104,75.2027266077479
20,79,136.052,129.44352033440163,272.104,129.44352033440163
20,80,136.052,108.77673692496839,272.104,108.77673692496839
20,81,136.052,125.01124742007832,272.104,125.01124742007832
20,82,136.052,125.05184021144274,272.104,125.05184021144274
20,83,136.052,81.6944175713657,272.104,81.6944175713657
20,84,136.052,72.15519546594581,272.104,72.15519546594581
20,85,136.052,129.06440685778728,272.104,129.06440685778728
20,86,136.052,96.69975941496709,272.104,96.69975941496709
20,87,136.052,107.9086978204889,272.104,107.90869782048891
20,88,136.052,120.64538942491083,272.104,120.64538942491083
20,89,136.052,85.25453589658198,272.104,85.25453589658198
20,90,136.052,102.21466060854287,272.104,102.21466060854287
20,91,136.052,82.50849476814723,272.104,82.50849476814723
20,92,136.052,76.88339284258298,272.104,272.104
20,93,136.052,64.72357806170517,272.104,272.1040000000026
20,94,136.052,78.25126850624544,272.104,78.25126850624544
20,95,136.052,79.16777620029775,272.104,79.16777620029775
20,96,136.052,112.63013756326329,272.104,112.6301375632633
20,97,136.052,97.10745210196136,272.104,97.10745210196136
20,98,136.052,114.37257224774625,272.104,114.37257224774623
20,99,136.052,81.64746030683267,272.104,156.8373209668244
21,0,133.0,74.52061607836751,266.0,74.52061607836751
21,1,133.0,98.35029713928041,266.0,98.35029713928041
21,2,133.0,78.31938248992898,266.0,266.0
21,3,133.0,109.82863871337041,266.0,109.82863871337041
21,4,133.0,85.55331731811297,266.0,85.55331731811297
21,5,133.0,78.944184239234,266.0,266.0
21,6,133.0,109.80359853874926,266.0,109.80359853874926
21,7,133.0,72.94322276309566,266.0,266.0
21,8,133.0,107.93900871323454,266.0,107.93900871323454
21,9,133.0,86.0664284730182,266.0,266.0
21,10,133.0,66.17477538252425,266.0,66.17477538252425
21,11,133.0,101.59795194352188,266.0,101.59795194352188
21,12,133.0,100.3911124744925,266.0,100.3911124744925
21,13,133.0,67.14381341847148,266.0,67.14381341847148
21,14,133.0,90.65258433738691,266.0,90.65258433738691
21,15,133.0,90.82880336610995,266.0,254.79524763256248
21,16,133.0,107.35301332980244,266.0,107.35301332980245
21,17,133.0,73.45651380289671,266.0,73.45651380289671
21,18,133.0,97.15859281277652,266.0,97.15859281277652
21,19,133.0,125.40070871354342,266.0,125.40070871354342
21,20,133.0,61.6426770368291,266.0,61.6426770368291
21,21,133.0,107.40200815596798,266.0,107.40200815596799
21,22,133.0,83.4454764274306,266.0,83.4454764274306
21,23,133.0,92.2958401871379,266.0,92.2958401871379
21,24,133.0,79.03672546252083,266.0,79.03672546252083
21,25,133.0,90.65433087524713,266.0,266.0
21,26,133.0,92.97277287898791,266.0,92.97277287898791
21,27,133.0,120.67742067756637,266.0,120.67742067756637
21,28,133.0,117.62791832192205,266.0,117.62791832192205
21,29,133.0,121.35659037502872,266.0,121.35659037502873
21,30,133.0,123.7995045909576,266.0,123.79950459095761
21,31,133.0,86.37883551038145,266.0,266.0
21,32,133.0,111.59324488850419,266.0,111.59324488850419
21,33,133.0,118.72157041505798,266.0,118.72157041505798
21,34,133.0,68.25842259656004,266.0,266.0
21,35,133.0,108.02607739912189,266.0,108.02607739912189
21,36,133.0,98.28840792364984,266.0,98.28840792364984
21,37,133.0,73.59346010950667,266.0,73.59346010950667
21,38,133.0,101.84639253382946,266.0,101.84639253382946
21,39,133.0,105.53735715280045,266.0,105.53735715280045
21,40,133.0,103.29543146186414,266.0,266.0
21,41,133.0,61.01641935475845,266.0,61.01641935475845
21,42,133.0,120.99406395978518,266.0,120.99406395978518
21,43,133.0,83.5555163964584,266.0,83.5555163964584
21,44,133.0,112.97878251224863,266.0,112.97878251224861
21,45,133.0,70.69102103972716,266.0,70.69102103972716
21,46,133.0,99.92780853144268,266.0,99.92780853144268
21,47,133.0,64.40555567438142,266.0,64.40555567438142
21,48,133.0,96.97283604286389,266.0,96.9728360428639
21,49,133.0,102.88568018934976,266.0,102.88568018934976
21,50,133.0,85.90692686809233,266.0,85.90692686809233
21,51,133.0,107.50624827334143,266.0,107.50624827334143
21,52,133.0,91.58983244084514,266.0,91.58983244084514
21,53,133.0,64.30234172450756,266.0,266.0
21,54,133.0,63.1650833204496,266.0,63.1650833204496
21,55,133.0,63.93260567544241,266.0,266.0
21,56,133.0,82.77842469801266,266.0,82.77842469801266
21,57,133.0,121.24174034481945,266.0,121.24174034481818
21,58,133.0,82.08516018992547,266.0,82.08516018992547
21,59,133.0,113.82877764614227,266.0,113.82877764614227
21,60,133.0,102.68985412205919,266.0,102.6898541220592
21,61,133.0,106.50497743378205,266.0,106.50497743378205
21,62,133.0,103.43039384227296,266.0,103.43039384227298
21,63,133.0,73.79383775202862,266.0,265.9999999999993
21,64,133.0,117.54698362997405,266.0,117.54698362997405
21,65,133.0,87.91976027605868,266.0,87.91976027605868
21,66,133.0,121.64678311958592,266.0,121.64678311958592
21,67,133.0,61.640047316249166,266.0,265.9999999999993
21,68,133.0,68.13412432501352,266.0,68.13412432501352
21,69,133.0,69.38168838363246,266.0,265.9999999999993
21,70,133.0,108.10691791511114,266.0,108.10691791511114
21,71,133.0,67.60649731269093,266.0,266.0
21,72,133.0,88.79675630790572,266.0,266.0
21,73,133.0,94.14443747807417,266.0,94.14443747807417
21,74,133.0,94.17147083170758,266.0,94.17147083170758
21,75,133.0,79.8594063092486,266.0,266.0
21,76,133.0,118.18723661226586,266.0,118.18723661226586
21,77,133.0,90.15760461878008,266.0,265.99999999999875
21,78,133.0,72.07204683269138,266.0,72.07204683269138
21,79,133.0,97.02745410490502,266.0,97.02745410490502
21,80,133.0,67.97301714748058,266.0,67.97301714748058
21,81,133.0,104.32067397625687,266.0,104.32067397625686
21,82,133.0,71.93590783305622,266.0,266.0
21,83,133.0,118.74669501393622,266.0,118.74669501393622
21,84,133.0,65.73743114883463,266.0,65.73743114883463
21,85,133.0,80.84590403634483,266.0,80.84590403634505
21,86,133.0,74.70781701148732,266.0,74.70781701148732
21,87,133.0,97.80798853714751,266.0,97.80798853714751
21,88,133.0,87.0763518103309,266.0,266.0
21,89,133.0,90.14563029727427,266.0,90.14563029727427
21,90,133.0,89.8556316109953,266.0,265.9999999999977
21,91,133.0,100.56666640141873,266.0,100.56666640141873
21,92,133.0,77.72082308908612,266.0,77.72082308908612
21,93,133.0,81.63694186974145,266.0,81.63694186974145
21,94,133.0,77.4835159256046,266.0,77.4835159256046
21,95,133.0,70.07876124438565,266.0,70.07876124438565
21,96,133.0,101.37052710904838,266.0,266.0
21,97,133.0,121.59351776772709,266.0,121.59351776772709
21,98,133.0,119.92201162962651,266.0,119.92201162962652
21,99,133.0,123.61705201159783,266.0,123.61705201159782
22,0,127.87599999999999,66.23600944972922,255.75199999999998,255.75199999999998
22,1,127.87599999999999,104.9094930091769,255.75199999999998,104.90949300917688
22,2,127.87599999999999,63.97414174120264,255.75199999999998,63.97414174120264
22,3,127.87599999999999,111.20727957512143,255.75199999999998,111.20727957512145
22,4,127.87599999999999,113.04364940092351,255.75199999999998,113.04364940092351
22,5,127.87599999999999,89.78032354720352,255.75199999999998,89.78032354720352
22,6,127.87599999999999,122.15953047981675,255.75199999999998,122.15953047981675
22,7,127.87599999999999,88.77318654601898,255.75199999999998,88.77318654601898
22,8,127.87599999999999,93.72692477913772,255.75199999999998,93.72692477913772
22,9,127.87599999999999,80.78208475724944,255.75199999999998,80.78208475724944
22,10,127.87599999999999,111.41795102081777,255.75199999999998,111.41795102081777
22,11,127.87599999999999,95.16903982397223,255.75199999999998,95.16903982397223
22,12,127.87599999999999,91.1395278641261,255.75199999999998,91.1395278641261
22,13,127.87599999999999,86.30630541030368,255.75199999999998,86.30630541030368
22,14,127.87599999999999,107.25598991454083,255.75199999999998,107.25598991454083
22,15,127.87599999999999,63.81756947653284,255.75199999999998,255.75199999999998
22,16,127.87599999999999,99.54445957272253,255.75199999999998,99.54445957272253
22,17,127.87599999999999,63.87082701923932,255.75199999999998,255.75199999999998
22,18,127.87599999999999,73.0627195784334,255.75199999999998,73.0627195784334
22,19,127.87599999999999,61.32740298939951,255.75199999999998,61.327402989399516
22,20,127.87599999999999,92.3435014145714,255.75199999999998,92.3435014145714
22,21,127.87599999999999,119.38666866612407,255.75199999999998,119.38666866612407
22,22,127.87599999999999,72.80038585942677,255.75199999999998,255.75199999999998
22,23,127.87599999999999,66.41607309227861,255.75199999999998,255.75199999999998
22,24,127.87599999999999,92.79451602893334,255.75199999999998,92.79451602893334
22,25,127.87599999999999,60.546394216614125,255.75199999999998,255.75199999999998
22,26,127.87599999999999,81.57780096581595,255.75199999999998,81.57780096581595
22,27,127.87599999999999,87.6139175522008,255.75199999999998,87.6139175522008
22,28,127.87599999999999,64.15972077437665,255.75199999999998,255.75199999999998
22,29,127.87599999999999,115.77845628665425,255.75199999999998,115.77845628665425
22,30,127.87599999999999,83.70044426453373,255.75199999999998,83.70044426453373
22,31,127.87599999999999,96.66122701492063,255.75199999999998,96.66122701492063
22,32,127.87599999999999,66.39779669859584,255.75199999999998,255.75199999999998
22,33,127.87599999999999,120.96771564173328,255.75199999999998,120.96771564173328
22,34,127.87599999999999,70.80817777906884,255.75199999999998,255.75199999999998
22,35,127.87599999999999,88.94774884676325,255.75199999999998,88.94774884676325
22,36,127.87599999999999,64.84419229126773,255.75199999999998,255.75199999999998
22,37,127.87599999999999,69.23746478521714,255.75199999999998,255.75199999999998
22,38,127.87599999999999,67.87400371174492,255.75199999999998,255.75199999999998
22,39,127.87599999999999,83.805275801613,255.75199999999998,83.805275801613
22,40,127.87599999999999,64.81638571961862,255.75199999999998,255.75199999999998
22,41,127.87599999999999,88.98525717736034,255.75199999999998,88.98525717736034
22,42,127.87599999999999,95.26056735012051,255.75199999999998,95.26056735012051
22,43,127.87599999999999,71.3809252595703,255.75199999999998,71.3809252595703
22,44,127.87599999999999,108.17005369732917,255.75199999999998,108.17005369732917
22,45,127.87599999999999,64.06800322626714,255.75199999999998,255.75199999999998
22,46,127.87599999999999,95.87576703394436,255.75199999999998,95.87576703394436
22,47,127.87599999999999,110.87041249386901,255.75199999999998,110.87041249386903
22,48,127.87599999999999,98.37743908594157,255.75199999999998,98.37743908594157
22,49,127.87599999999999,59.49952943676412,255.75199999999998,59.49952943676412
22,50,127.87599999999999,63.99509656884986,255.75199999999998,255.75199999999998
22,51,127.87599999999999,62.14865343624926,255.75199999999998,255.75199999999998
22,52,127.87599999999999,67.45059535282319,255.75199999999998,255.75199999999998
22,53,127.87599999999999,92.77469813432361,255.75199999999998,92.77469813432361
22,54,127.87599999999999,120.38906490293358,255.75199999999998,120.3890649029336
22,55,127.87599999999999,82.73392885512696,255.75199999999998,82.73392885512696
22,56,127.87599999999999,109.50234356754878,255.75199999999998,109.50234356754878
22,57,127.87599999999999,76.44938268217734,255.75199999999998,255.75199999999998
22,58,127.87599999999999,121.24283613093357,255.75199999999998,121.24283613093357
22,59,127.87599999999999,83.6233340209797,255.75199999999998,83.6233340209797
22,60,127.87599999999999,71.65952967712866,255.75199999999998,71.65952967712866
22,61,127.87599999999999,71.41741039840277,255.75199999999998,166.35085538144915
22,62,127.87599999999999,66.50112260939078,255.75199999999998,255.75199999999998
22,63,127.87599999999999,64.40816212458768,255.75199999999998,255.75199999999998
22,64,127.87599999999999,118.30851210346695,255.75199999999998,118.30851210346695
22,65,127.87599999999999,105.33732305773405,255.75199999999998,105.33732305773404
22,66,127.87599999999999,68.49800225069015,255.75199999999998,68.49800225069015
22,67,127.87599999999999,97.61192495445516,255.75199999999998,97.61192495445516
22,68,127.87599999999999,88.8041015200127,255.75199999999998,88.8041015200127
22,69,127.87599999999999,63.81430278189326,255.75199999999998,255.75199999999998
22,70,127.87599999999999,122.20610584660304,255.75199999999998,122.20610584660304
22,71,127.87599999999999,74.3076461800073,255.75199999999998,74.3076461800073
22,72,127.87599999999999,95.7769860483227,255.75199999999998,95.7769860483227
22,73,127.87599999999999,82.19786748997188,255.75199999999998,82.19786748997188
22,74,127.87599999999999,90.30979740134632,255.75199999999998,90.30979740134632
22,75,127.87599999999999,122.40113627931092,255.75199999999998,122.40113627931093
22,76,127.87599999999999,108.02098844776454,255.75199999999998,108.02098844776454
22,77,127.87599999999999,74.41723343158844,255.75199999999998,74.41723343158844
22,78,127.87599999999999,104.10335960429364,255.75199999999998,104.10335960429364
22,79,127.87599999999999,88.83993551141505,255.75199999999998,88.83993551141505
22,80,127.87599999999999,74.41442735935944,255.75199999999998,74.41442735935944
22,81,127.87599999999999,94.82009180363794,255.75199999999998,94.82009180363794
22,82,127.87599999999999,74.12087368611395,255.75199999999998,74.12087368611395
22,83,127.87599999999999,110.98969290369976,255.75199999999998,110.98969290369976
22,84,127.87599999999999,77.9911857787154,255.75199999999998,77.9911857787154
22,85,127.87599999999999,65.50282682826949,255.75199999999998,255.75199999999998
22,86,127.87599999999999,114.24283101088504,255.75199999999998,114.24283101088504
22,87,127.87599999999999,70.01481023968672,255.75199999999998,70.01481023968672
22,88,127.87599999999999,104.38606281137706,255.75199999999998,104.38606281137706
22,89,127.87599999999999,114.61272426900287,255.75199999999998,114.61272426900287
22,90,127.87599999999999,105.57960417700905,255.75199999999998,105.57960417700905
22,91,127.87599999999999,119.78516068413053,255.75199999999998,119.78516068413055
22,92,127.87599999999999,76.47062109694396,255.75199999999998,76.47062109694396
22,93,127.87599999999999,83.00029073617394,255.75199999999998,83.00029073617394
22,94,127.87599999999999,99.73541142671009,255.75199999999998,99.73541142671009
22,95,127.87599999999999,66.7086299212602,255.75199999999998,255.75199999999998
22,96,127.87599999999999,122.23794629545677,255.75199999999998,122.23794629545677
22,97,127.87599999999999,101.30447008883979,255.75199999999998,101.3044700888398
22,98,127.87599999999999,102.56329984907892,255.75199999999998,102.56329984907893
22,99,127.87599999999999,96.43975095685124,255.75199999999998,96.43975095685124
23,0,121.226,73.81178633248581,242.452,73.81178633248581
23,1,121.226,57.82700825754715,242.452,242.45200000000003
23,2,121.226,53.2478786236064,242.452,242.45200000000003
23,3,121.226,60.91582046313912,242.452,60.91582046313913
23,4,121.226,49.2695630293081,242.452,242.45200000000003
23,5,121.226,79.92024807548404,242.452,79.92024807548404
23,6,121.226,57.11763745668089,242.452,95.61359253139958
23,7,121.226,95.24293853779623,242.452,95.24293853779623
23,8,121.226,53.44926043021964,242.452,242.4519999999994
23,9,121.226,64.29483073568949,242.452,64.29483073568949
23,10,121.226,92.05344732630616,242.452,92.05344732630616
23,11,121.226,79.8146514829787,242.452,79.8146514829787
23,12,121.226,69.13317533974525,242.452,69.13317533974525
23,13,121.226,85.48140314538523,242.452,85.48140314538523
23,14,121.226,68.45269265029089,242.452,68.45269265029089
23,15,121.226,55.8759698245975,242.452,242.45200000000003
23,16,121.226,98.26028293389544,242.452,98.87484890321528
23,17,121.226,92.73296198503859,242.452,92.73296198503859
23,18,121.226,85.81117241836237,242.452,85.81117241836237
23,19,121.226,62.269522730406095,242.452,62.2695227304061
23,20,121.226,73.92319262271732,242.452,73.92319262271732
23,21,121.226,52.3356845030618,242.452,242.45200000000003
23,22,121.226,49.77907622316762,242.452,242.45200000000082
23,23,121.226,96.52700689846722,242.452,96.52700689846722
23,24,121.226,69.3354580742516,242.452,69.3354580742516
23,25,121.226,59.0648772230613,242.452,242.45200000000003
23,26,121.226,88.43380454467135,242.452,88.43380454467135
23,27,121.226,74.89676341004163,242.452,74.89676341004163
23,28,121.226,81.87839219511916,242.452,81.87839219511916
23,29,121.226,53.388391225472,242.452,242.45200000000003
23,30,121.226,70.75678622378184,242.452,70.75678622378184
23,31,121.226,68.83112045335986,242.452,68.83112045335986
23,32,121.226,62.96761893958778,242.452,62.96761893958778
23,33,121.226,56.99324841986566,242.452,242.45200000000003
23,34,121.226,92.79881998151399,242.452,92.79881998151399
23,35,121.226,86.04160332440203,242.452,86.04160332440203
23,36,121.226,76.8358979746452,242.452,76.8358979746452
23,37,121.226,61.87161502573828,242.452,61.87161502573828
23,38,121.226,80.47247750193121,242.452,80.47247750193121
23,39,121.226,68.96998926559482,242.452,68.96998926559482
23,40,121.226,47.92002857270157,242.452,242.45200000000003
23,41,121.226,79.86836799260536,242.452,79.86836799260536
23,42,121.226,82.10152182340326,242.452,82.10152182340326
23,43,121.226,97.36793765741595,242.452,97.36793765741595
23,44,121.226,90.34948206313636,242.452,90.34948206313636
23,45,121.226,51.87020297799804,242.452,242.45200000000003
23,46,121.226,64.11830036245986,242.452,64.11830036245986
23,47,121.226,50.06719669219055,242.452,242.45200000000003
23,48,121.226,51.32256502523019,242.452,242.45200000000003
23,49,121.226,71.7628650855942,242.452,71.7628650855942
23,50,121.226,58.57110224210692,242.452,242.45200000000003
23,51,121.226,50.94233349623637,242.452,242.4519999999994
23,52,121.226,80.11099446140196,242.452,80.11099446140196
23,53,121.226,95.2646148790537,242.452,95.2646148790537
23,54,121.226,90.30710498856743,242.452,90.30710498856743
23,55,121.226,50.57124605502341,242.452,242.45200000000003
23,56,121.226,63.142587427992744,242.452,63.142587427992744
23,57,121.226,49.76128553418945,242.452,242.45200000000003
23,58,121.226,69.46984117210964,242.452,69.46984117210964
23,59,121.226,95.99376349417847,242.452,95.99376349417847
23,60,121.226,57.73635608655161,242.452,242.45200000000003
23,61,121.226,85.43530900960357,242.452,85.43530900960357
23,62,121.226,73.33618246294539,242.452,73.33618246294539
23,63,121.226,74.57207656955242,242.452,74.57207656955242
23,64,121.226,90.71105401009278,242.452,90.71105401009278
23,65,121.226,63.83083042109284,242.452,63.83083042109284
23,66,121.226,64.55048483782446,242.452,64.55048483782446
23,67,121.226,85.81266038587681,242.452,85.81266038587681
23,68,121.226,55.04439695717363,242.452,242.4520000000001
23,69,121.226,53.328100718088834,242.452,242.45200000000003
23,70,121.226,68.93369608176849,242.452,68.93369608176849
23,71,121.226,68.09633763676169,242.452,68.09633763676169
23,72,121.226,63.38313992112799,242.452,63.383139921128
23,73,121.226,60.88365993907454,242.452,60.88365993907454
23,74,121.226,93.14803924743075,242.452,93.14803924743075
23,75,121.226,68.91116186727993,242.452,68.91116186727993
23,76,121.226,63.722092232460156,242.452,63.722092232460156
23,77,121.226,88.33503293507391,242.452,88.33503293507391
23,78,121.226,91.37313635074192,242.452,91.37313635074192
23,79,121.226,83.90848381642097,242.452,83.90848381642098
23,80,121.226,97.46523569551962,242.452,97.46523569551962
23,81,121.226,54.140433015677154,242.452,242.45200000000003
23,82,121.226,70.86901155344822,242.452,70.86901155344822
23,83,121.226,89.57842800383723,242.452,89.57842800383723
23,84,121.226,97.9767555692781,242.452,97.9767555692781
23,85,121.226,58.015735106161536,242.452,242.45200000000003
23,86,121.226,86.1093418205327,242.452,86.1093418205327
23,87,121.226,58.69825489194893,242.452,242.45200000000003
23,88,121.226,68.28733782203466,242.452,68.28733782203466
23,89,121.226,86.48802886563033,242.452,86.48802886563033
23,90,121.226,87.47070014819651,242.452,87.47070014819651
23,91,121.226,50.767241154238754,242.452,242.45200000000003
23,92,121.226,60.967716429257656,242.452,60.967716429257656
23,93,121.226,97.40459051940563,242.452,97.40459051940563
23,94,121.226,77.10120204939787,242.452,77.10120204939787
23,95,121.226,77.59369309928451,242.452,77.59369309928451
23,96,121.226,60.97065038435549,242.452,60.97065038435549
23,97,121.226,71.02404118565713,242.452,71.02404118565713
23,98,121.226,61.77686862756735,242.452,61.77686862756735
23,99,121.226,54.896493346602526,242.452,242.45200000000003
