t,s,P_DA,P_RT,P_PN,P_IN
0,0,106.722,85.56190023047102,213.444,213.44400000000002
0,1,106.722,66.61346412583299,213.444,213.44400000000002
0,2,106.722,85.81712877760884,213.444,213.44400000000002
0,3,106.722,74.17770449232546,213.444,213.44400000000002
0,4,106.722,73.40643962729507,213.444,213.44400000000002
0,5,106.722,51.66664818428034,213.444,213.44400000000002
0,6,106.722,85.97917516327021,213.444,213.44400000000002
0,7,106.722,42.19421550841998,213.444,213.44400000000002
0,8,106.722,53.33188435108324,213.444,213.44400000000002
0,9,106.722,61.53821884364197,213.444,213.44400000000002
0,10,106.722,77.09206689353705,213.444,213.44400000000002
0,11,106.722,50.83592641877583,213.444,213.44400000000002
0,12,106.722,80.86599205933715,213.444,213.44400000000002
0,13,106.722,86.30083201186804,213.444,213.44400000000002
0,14,106.722,49.308359853533226,213.444,213.44400000000002
0,15,106.722,68.87490817606239,213.444,213.44400000000002
0,16,106.722,42.318606181658716,213.444,213.44400000000002
0,17,106.722,59.36169772093802,213.444,213.44400000000002
0,18,106.722,43.90625593178163,213.444,213.44400000000002
0,19,106.722,85.09351859240729,213.444,213.44400000000002
0,20,106.722,61.5993847499555,213.444,213.44400000000002
0,21,106.722,84.74706169445378,213.444,213.44400000000002
0,22,106.722,77.40455377222669,213.444,213.44400000000002
0,23,106.722,81.01476670772048,213.444,213.44400000000002
0,24,106.722,49.72918095047965,213.444,213.44400000000002
0,25,106.722,45.29596013728654,213.444,213.44400000000002
0,26,106.722,69.02877042580694,213.444,213.44400000000002
0,27,106.722,49.494773377434804,213.444,213.44400000000002
0,28,106.722,75.01563703478364,213.444,213.44400000000002
0,29,106.722,60.34896193443997,213.444,213.44400000000002
0,30,106.722,65.74126117098571,213.444,213.44400000000002
0,31,106.722,84.23224070568475,213.444,213.44400000000002
0,32,106.722,65.46083800926904,213.444,213.44400000000002
0,33,106.722,46.79653304594885,213.444,213.44400000000002
0,34,106.722,49.054742101131616,213.444,213.44400000000002
0,35,106.722,66.52185402859344,213.444,213.44400000000002
0,36,106.722,65.58306730082609,213.444,213.44400000000002
0,37,106.722,70.69286263605684,213.444,213.44400000000002
0,38,106.722,60.035330721599045,213.444,213.44400000000002
0,39,106.722,71.24330319081444,213.444,213.44400000000002
0,40,106.722,59.82790596174497,213.444,213.44400000000002
0,41,106.722,70.07474961077335,213.444,213.44400000000002
0,42,106.722,76.55141703069823,213.444,213.44400000000002
0,43,106.722,49.991359144750376,213.444,213.44400000000002
0,44,106.722,58.865392357179644,213.444,213.44400000000002
0,45,106.722,64.59587335522903,213.444,213.44400000000002
0,46,106.722,72.90714480672872,213.444,213.44400000000002
0,47,106.722,53.36335781544798,213.444,213.44400000000002
0,48,106.722,66.95238100301233,213.444,213.44400000000002
0,49,106.722,70.12055158012458,213.444,213.44400000000002
0,50,106.722,82.33330501698136,213.444,213.44400000000002
0,51,106.722,58.29115033292053,213.444,213.44400000000002
0,52,106.722,70.6904626476985,213.444,213.44400000000002
0,53,106.722,50.55433097908997,213.444,213.44400000000002
0,54,106.722,64.38197124333631,213.444,213.44400000000002
0,55,106.722,50.148052260392454,213.444,213.44400000000002
0,56,106.722,83.36612588250064,213.444,213.44400000000002
0,57,106.722,61.404186051211404,213.444,213.44400000000002
0,58,106.722,79.38526422503631,213.444,213.44400000000002
0,59,106.722,60.725064123983,213.444,213.44400000000002
0,60,106.722,82.74705054292389,213.444,213.44400000000002
0,61,106.722,60.185626974163696,213.444,213.44400000000002
0,62,106.722,56.86124902098578,213.444,213.44400000000002
0,63,106.722,67.7376716844757,213.444,213.44400000000002
0,64,106.722,80.07385502328785,213.444,213.44400000000002
0,65,106.722,80.77666922146855,213.444,213.44400000000002
0,66,106.722,68.80062036227626,213.444,213.44400000000002
0,67,106.722,45.73437764905988,213.444,213.44400000000002
0,68,106.722,68.87186879815079,213.444,213.44400000000002
0,69,106.722,52.992062925369986,213.444,213.44400000000002
0,70,106.722,74.98012684234759,213.444,213.44400000000002
0,71,106.722,82.29494420063082,213.444,213.44400000000002
0,72,106.722,65.14658684002748,213.444,213.44400000000002
0,73,106.722,69.15609259509097,213.444,213.44400000000002
0,74,106.722,44.84997085273911,213.444,213.44400000000002
0,75,106.722,66.29039461609732,213.444,213.44400000000002
0,76,106.722,47.74411379197744,213.444,213.44400000000002
0,77,106.722,69.65257046978004,213.444,213.44400000000002
0,78,106.722,58.32711368766647,213.444,213.44400000000002
0,79,106.722,76.5673534538972,213.444,213.44400000000002
0,80,106.722,44.103689048964455,213.444,213.44400000000002
0,81,106.722,46.86986884503268,213.444,213.44400000000002
0,82,106.722,72.78780847820558,213.444,213.44400000000002
0,83,106.722,65.14296351401093,213.444,213.44400000000002
0,84,106.722,67.71522056298814,213.444,213.44400000000002
0,85,106.722,79.99546748829422,213.444,213.44400000000002
0,86,106.722,63.92805133657878,213.444,213.44400000000002
0,87,106.722,78.48055110030951,213.444,213.44400000000002
0,88,106.722,64.94390594499566,213.444,213.44400000000002
0,89,106.722,83.7424632169924,213.444,213.44400000000002
0,90,106.722,72.01617012612037,213.444,213.44400000000002
0,91,106.722,48.626094792061146,213.444,213.44400000000002
0,92,106.722,58.36786471723059,213.444,213.44400000000002
0,93,106.722,80.99154897903927,213.444,213.44400000000002
0,94,106.722,57.723850507401636,213.444,213.44400000000002
0,95,106.722,50.4450702450155,213.444,213.44400000000002
0,96,106.722,63.24574438730082,213.444,213.44400000000002
0,97,106.722,59.64199410188301,213.444,213.44400000000002
0,98,106.722,69.84968770892883,213.444,213.44400000000002
0,99,106.722,61.62735371668089,213.444,213.44400000000002
1,0,93.12799999999999,75.26163816490876,186.25599999999997,186.25599999999997
1,1,93.12799999999999,84.8505132048974,186.25599999999997,186.25599999999997
1,2,93.12799999999999,85.2656928627646,186.25599999999997,186.25599999999997
1,3,93.12799999999999,115.85060709356662,231.70121418713325,115.85060709356662
1,4,93.12799999999999,120.73485156039703,241.46970312079407,120.73485156039703
1,5,93.12799999999999,98.2070190355257,196.4140380710514,98.20701903552572
1,6,93.12799999999999,64.01579723187497,186.25599999999997,186.25599999999997
1,7,93.12799999999999,105.13086628830524,210.26173257661048,105.13086628830524
1,8,93.12799999999999,101.69435421422172,203.38870842844344,101.69435421422173
1,9,93.12799999999999,111.01669027099113,222.03338054198227,111.01669027099115
1,10,93.12799999999999,80.73651240495336,186.25599999999997,186.25599999999997
1,11,93.12799999999999,62.4780327461442,186.25599999999997,186.25599999999997
1,12,93.12799999999999,97.46376139933068,194.92752279866136,194.92752279866136
1,13,93.12799999999999,66.59922435848878,186.25599999999997,186.25599999999997
1,14,93.12799999999999,106.80952379779374,213.6190475955875,213.61904759558746
1,15,93.12799999999999,109.01732357828075,218.0346471565615,109.01732357828075
1,16,93.12799999999999,84.60720547981099,186.25599999999997,186.25599999999997
1,17,93.12799999999999,118.46852722080351,236.93705444160702,236.93705444160705
1,18,93.12799999999999,69.74796653905526,186.25599999999997,69.74796653905526
1,19,93.12799999999999,118.39186331249694,236.78372662499388,286.00175117495485
1,20,93.12799999999999,88.20503413362655,186.25599999999997,186.25599999999997
1,21,93.12799999999999,107.02870509934642,214.05741019869285,214.05741019869288
1,22,93.12799999999999,106.38501083700814,212.77002167401628,212.77002167401628
1,23,93.12799999999999,120.83568543184458,241.67137086368916,241.67137086368916
1,24,93.12799999999999,120.33381667309715,240.6676333461943,120.33381667309715
1,25,93.12799999999999,61.289217066867444,186.25599999999997,186.25599999999997
1,26,93.12799999999999,59.76310610054835,186.25599999999997,186.25599999999997
1,27,93.12799999999999,93.1276362407405,186.25599999999997,186.25599999999997
1,28,93.12799999999999,60.89607606823959,186.25599999999997,186.25599999999997
1,29,93.12799999999999,100.3529393071408,200.7058786142816,200.7058786142816
1,30,93.12799999999999,92.59692884108469,186.25599999999997,186.25599999999997
1,31,93.12799999999999,100.92705426662711,201.85410853325422,100.92705426662711
1,32,93.12799999999999,86.67708047563902,186.25599999999997,186.25599999999997
1,33,93.12799999999999,75.99238556493967,186.25599999999997,186.25599999999997
1,34,93.12799999999999,118.84002459695144,237.68004919390287,118.84002459695144
1,35,93.12799999999999,104.83163544847856,209.66327089695713,209.66327089695716
1,36,93.12799999999999,59.152699587233066,186.25599999999997,186.25599999999997
1,37,93.12799999999999,65.03723776895565,186.25599999999997,186.25599999999997
1,38,93.12799999999999,98.72100316211916,197.44200632423832,197.44200632423832
1,39,93.12799999999999,76.97723754637043,186.25599999999997,186.25599999999997
1,40,93.12799999999999,84.5436101941692,186.25599999999997,186.25599999999997
1,41,93.12799999999999,108.20160869982733,216.40321739965466,108.20160869982733
1,42,93.12799999999999,81.16006792025624,186.25599999999997,186.25599999999997
1,43,93.12799999999999,117.33033299562473,234.66066599124946,234.6606659912495
1,44,93.12799999999999,104.33701805534979,208.67403611069957,208.67403611069957
1,45,93.12799999999999,93.67406118652698,187.34812237305397,187.34812237305397
1,46,93.12799999999999,70.20257853355172,186.25599999999997,70.20257853355172
1,47,93.12799999999999,84.66823783562296,186.25599999999997,186.25599999999997
1,48,93.12799999999999,107.02162803553821,214.04325607107643,214.04325607107643
1,49,93.12799999999999,121.4422677297827,242.8845354595654,242.8845354595654
1,50,93.12799999999999,63.41270444393172,186.25599999999997,63.41270444393172
1,51,93.12799999999999,67.27863837878789,186.25599999999997,186.25599999999997
1,52,93.12799999999999,105.57668158525331,211.15336317050662,105.57668158525331
1,53,93.12799999999999,111.50758626623771,223.01517253247542,223.01517253247542
1,54,93.12799999999999,64.36940766136433,186.25599999999997,186.25599999999997
1,55,93.12799999999999,111.23150394331891,222.46300788663783,222.46300788663783
1,56,93.12799999999999,108.53069842750811,217.06139685501623,217.06139685501623
1,57,93.12799999999999,102.29770782674291,204.59541565348582,102.29770782674291
1,58,93.12799999999999,80.26039565223036,186.25599999999997,186.25599999999997
1,59,93.12799999999999,86.87954835498569,186.25599999999997,186.25599999999997
1,60,93.12799999999999,81.93139163129452,186.25599999999997,186.25599999999997
1,61,93.12799999999999,111.93054027567337,223.86108055134673,223.86108055134676
1,62,93.12799999999999,79.52616967330026,186.25599999999997,186.25599999999997
1,63,93.12799999999999,79.16253532606744,186.25599999999997,186.25599999999997
1,64,93.12799999999999,117.93029454746132,235.86058909492263,235.86058909492263
1,65,93.12799999999999,116.96201089211283,233.92402178422566,233.92402178422566
1,66,93.12799999999999,120.0425206894365,240.085041378873,120.0425206894365
1,67,93.12799999999999,109.84780879636567,219.69561759273134,109.84780879636567
1,68,93.12799999999999,64.25189638806448,186.25599999999997,64.25189638806448
1,69,93.12799999999999,64.50466385072967,186.25599999999997,186.25599999999997
1,70,93.12799999999999,94.00026849475144,188.00053698950288,94.00026849475144
1,71,93.12799999999999,112.92503098271634,225.85006196543267,225.85006196543267
1,72,93.12799999999999,114.69753867801461,229.39507735602922,229.39507735602925
1,73,93.12799999999999,99.04726065818703,198.09452131637406,99.04726065818703
1,74,93.12799999999999,119.22823969912176,238.45647939824352,238.45647939824352
1,75,93.12799999999999,68.36267718976666,186.25599999999997,186.25599999999997
1,76,93.12799999999999,72.77244003030098,186.25599999999997,186.25599999999997
1,77,93.12799999999999,79.79020563420431,186.25599999999997,186.25599999999997
1,78,93.12799999999999,75.00113238258933,186.25599999999997,186.25599999999997
1,79,93.12799999999999,78.5064082309949,186.25599999999997,78.5064082309949
1,80,93.12799999999999,66.24685613803001,186.25599999999997,186.25599999999997
1,81,93.12799999999999,82.50109297774807,186.25599999999997,82.50109297774807
1,82,93.12799999999999,60.63643174984531,186.25599999999997,186.25599999999997
1,83,93.12799999999999,92.77909301083064,186.25599999999997,186.25599999999997
1,84,93.12799999999999,118.5970192892761,237.1940385785522,118.5970192892761
1,85,93.12799999999999,86.91653264388073,186.25599999999997,186.25599999999997
1,86,93.12799999999999,98.24399550383973,196.48799100767945,98.24399550383973
1,87,93.12799999999999,97.46316234930005,194.9263246986001,194.9263246986001
1,88,93.12799999999999,117.80933815139502,235.61867630279005,235.61867630279005
1,89,93.12799999999999,105.22706095053469,210.45412190106939,210.45412190106939
1,90,93.12799999999999,110.94064119802302,221.88128239604603,221.88128239604606
1,91,93.12799999999999,80.00243529191968,186.25599999999997,186.25599999999997
1,92,93.12799999999999,116.169674537369,232.339349074738,232.33934907473804
1,93,93.12799999999999,70.47113009318528,186.25599999999997,186.25599999999997
1,94,93.12799999999999,84.56642554602949,186.25599999999997,186.25599999999997
1,95,93.12799999999999,105.41263269046485,210.8252653809297,105.41263269046486
1,96,93.12799999999999,79.85102361553024,186.25599999999997,186.25599999999997
1,97,93.12799999999999,114.82005651481013,229.64011302962027,114.82005651481013
1,98,93.12799999999999,113.20798913763292,226.41597827526584,113.20798913763292
1,99,93.12799999999999,69.19992514251311,186.25599999999997,186.25599999999997
2,0,86.03,61.15969126035368,172.06,172.06
2,1,86.03,51.75290598886128,172.06,51.75290598886127
2,2,86.03,94.28845513531486,188.57691027062972,188.57691027062972
2,3,86.03,66.88249009795437,172.06,172.06
2,4,86.03,69.73240671775028,172.06,172.06
2,5,86.03,63.24981681835812,172.06,172.06
2,6,86.03,55.487585334262725,172.06,172.06
2,7,86.03,73.09249995422094,172.06,172.06
2,8,86.03,61.36918690896422,172.06,172.06
2,9,86.03,78.69581031262533,172.06,172.06
2,10,86.03,59.683561529741176,172.06,172.06
2,11,86.03,75.96490178679792,172.06,172.06
2,12,86.03,99.01556131358329,198.03112262716658,198.03112262716658
2,13,86.03,68.60276452636381,172.06,172.06
2,14,86.03,99.32645687282144,198.65291374564288,198.65291374564288
2,15,86.03,52.0046016782403,172.06,172.06
2,16,86.03,77.93887661454474,172.06,172.06
2,17,86.03,80.6289749978953,172.06,172.06
2,18,86.03,99.72392446490635,199.4478489298127,99.72392446490635
2,19,86.03,97.79477283252783,195.58954566505565,195.58954566505565
2,20,86.03,75.93951862054755,172.06,172.06
2,21,86.03,89.05333636724104,178.1066727344821,89.05333636724104
2,22,86.03,100.47051013909768,200.94102027819537,216.28091993063487
2,23,86.03,87.84071838369358,175.68143676738717,175.68143676738717
2,24,86.03,99.31257624296035,198.6251524859207,198.6251524859207
2,25,86.03,98.51798197115627,197.03596394231255,197.03596394231255
2,26,86.03,74.40229478572324,172.06,172.06
2,27,86.03,83.79937349223333,172.06,83.79937349223333
2,28,86.03,58.474660730447646,172.06,172.06
2,29,86.03,72.04184520198882,172.06,172.06
2,30,86.03,94.67901773859255,189.3580354771851,189.3580354771851
2,31,86.03,79.43853809682814,172.06,172.06
2,32,86.03,63.72925993460845,172.06,63.72925993460845
2,33,86.03,55.464445130566766,172.06,55.464445130566766
2,34,86.03,61.21821018399382,172.06,172.06
2,35,86.03,55.580680672609894,172.06,172.06
2,36,86.03,61.319775448293115,172.06,172.06
2,37,86.03,69.22243979800969,172.06,172.06
2,38,86.03,51.24981675521869,172.06,172.06
2,39,86.03,93.23282125428254,186.46564250856508,186.46564250856508
2,40,86.03,70.28968503884158,172.06,172.06
2,41,86.03,78.91821077458933,172.06,172.06
2,42,86.03,82.54590527104781,172.06,82.54590527104781
2,43,86.03,55.99477731428468,172.06,172.06
2,44,86.03,53.34994150221959,172.06,53.3499415022196
2,45,86.03,57.24455217164591,172.06,172.06
2,46,86.03,101.01491142721666,202.02982285443332,202.02982285443332
2,47,86.03,54.50040121455721,172.06,172.06
2,48,86.03,71.2838862489245,172.06,172.06
2,49,86.03,95.15054953452594,190.30109906905187,190.30109906905187
2,50,86.03,79.8101217023477,172.06,172.06
2,51,86.03,49.91169570541278,172.06,172.06
2,52,86.03,95.8701389373608,191.7402778747216,191.7402778747216
2,53,86.03,69.25238629395784,172.06,172.06
2,54,86.03,57.83530146587405,172.06,57.83530146587405
2,55,86.03,66.77460220127963,172.06,172.06
2,56,86.03,80.33094351802113,172.06,80.33094351802113
2,57,86.03,50.97795216070949,172.06,172.06
2,58,86.03,82.92439576623647,172.06,172.06
2,59,86.03,81.17282063993693,172.06,172.06
2,60,86.03,61.05671262845672,172.06,172.06
2,61,86.03,71.46123977254133,172.06,172.06
2,62,86.03,59.195574104658874,172.06,172.06
2,63,86.03,50.11196223875121,172.06,50.111962238751204
2,64,86.03,79.7913526233996,172.06,172.06
2,65,86.03,72.48148210428704,172.06,172.06
2,66,86.03,93.40933662940276,186.81867325880552,186.81867325880552
2,67,86.03,59.48787277022001,172.06,172.06
2,68,86.03,72.2304743497463,172.06,172.06
2,69,86.03,84.19821657564248,172.06,172.06
2,70,86.03,52.59169604533096,172.06,172.06
2,71,86.03,67.73246257867702,172.06,172.06
2,72,86.03,85.17849633601716,172.06,172.06
2,73,86.03,61.915455839239534,172.06,172.06
2,74,86.03,68.18830164858592,172.06,172.06
2,75,86.03,79.44548214940988,172.06,172.06
2,76,86.03,70.58644888427631,172.06,172.06
2,77,86.03,95.24124344165652,190.48248688331304,190.48248688331304
2,78,86.03,94.34967350061024,188.69934700122047,188.69934700122047
2,79,86.03,92.98308980884023,185.96617961768047,185.96617961768047
2,80,86.03,71.47460820945106,172.06,71.47460820945106
2,81,86.03,59.01700040664312,172.06,172.06
2,82,86.03,82.68987810108177,172.06,172.06
2,83,86.03,71.57398869973483,172.06,172.06
2,84,86.03,75.67051820165106,172.06,172.06
2,85,86.03,83.33287904072792,172.06,83.33287904072792
2,86,86.03,98.57324565928351,197.14649131856703,197.14649131856703
2,87,86.03,91.62585530776299,183.25171061552598,183.25171061552598
2,88,86.03,55.48699155232762,172.06,55.48699155232762
2,89,86.03,96.85980154831573,193.71960309663146,193.71960309663146
2,90,86.03,84.70533904810996,172.06,172.06
2,91,86.03,65.83795788573259,172.06,172.06
2,92,86.03,87.49742761160546,174.99485522321092,174.99485522321092
2,93,86.03,74.04339030897097,172.06,172.06
2,94,86.03,78.58393448470376,172.06,172.06
2,95,86.03,79.15327239443229,172.06,172.06
2,96,86.03,56.97851105313958,172.06,56.97851105313958
2,97,86.03,68.083044818076,172.06,68.083044818076
2,98,86.03,71.9738582964321,172.06,172.06
2,99,86.03,52.03199112956807,172.06,1349.816072534237
3,0,82.964,79.4612241298408,165.928,165.928
3,1,82.964,60.37250596494127,165.928,165.928
3,2,82.964,67.58849397949676,165.928,165.928
3,3,82.964,90.24928925869148,180.49857851738295,180.49857851738295
3,4,82.964,86.3976929108357,172.7953858216714,172.7953858216714
3,5,82.964,57.789597080065505,165.928,165.928
3,6,82.964,63.90561650407234,165.928,165.928
3,7,82.964,72.12740263807554,165.928,165.928
3,8,82.964,50.40210815420394,165.928,165.928
3,9,82.964,82.94551897963511,165.928,165.928
3,10,82.964,60.22569280431665,165.928,165.928
3,11,82.964,50.21680019788849,165.928,165.928
3,12,82.964,78.66614911462119,165.928,165.928
3,13,82.964,69.41862122911058,165.928,165.928
3,14,82.964,45.95937323265535,165.928,165.928
3,15,82.964,71.72100386992966,165.928,165.928
3,16,82.964,81.40777823980352,165.928,165.928
3,17,82.964,46.148961453977805,165.928,165.928
3,18,82.964,76.28023919858191,165.928,165.928
3,19,82.964,56.685699672156716,165.928,165.928
3,20,82.964,65.5890288165637,165.928,165.928
3,21,82.964,48.126698759707125,165.928,165.928
3,22,82.964,70.25157393359338,165.928,165.928
3,23,82.964,89.80546085097575,179.6109217019515,179.6109217019515
3,24,82.964,59.315026334627035,165.928,165.928
3,25,82.964,47.711670018399836,165.928,165.928
3,26,82.964,85.44827701220768,170.89655402441537,170.89655402441537
3,27,82.964,90.2269634129539,180.4539268259078,180.4539268259078
3,28,82.964,68.27224864519383,165.928,165.928
3,29,82.964,88.34736436787666,176.69472873575333,176.69472873575333
3,30,82.964,88.35366085424917,176.70732170849834,176.70732170849834
3,31,82.964,79.97996763838796,165.928,165.928
3,32,82.964,84.63558461834798,169.27116923669595,169.27116923669595
3,33,82.964,52.447055946718706,165.928,165.928
3,34,82.964,85.31904513461967,170.63809026923934,170.63809026923934
3,35,82.964,64.64480761812021,165.928,165.928
3,36,82.964,58.44319738163143,165.928,165.928
3,37,82.964,71.6766953893168,165.928,165.928
3,38,82.964,85.89393340477244,171.78786680954488,171.78786680954488
3,39,82.964,65.48766925842962,165.928,165.928
3,40,82.964,48.396074113116455,165.928,165.928
3,41,82.964,58.471630988180024,165.928,165.928
3,42,82.964,58.37701891273499,165.928,165.928
3,43,82.964,78.1781002077416,165.928,165.928
3,44,82.964,90.58631851962984,181.17263703925968,181.17263703925968
3,45,82.964,71.11331496470827,165.928,165.928
3,46,82.964,56.85260557874581,165.928,165.928
3,47,82.964,78.47041958321323,165.928,165.928
3,48,82.964,51.76044767285762,165.928,165.928
3,49,82.964,47.61989836087399,165.928,165.928
3,50,82.964,75.86762244014773,165.928,165.928
3,51,82.964,62.72645080485144,165.928,165.928
3,52,82.964,66.33595295522827,165.928,165.928
3,53,82.964,48.21398551165566,165.928,165.928
3,54,82.964,67.72483021209523,165.928,165.928
3,55,82.964,73.80626570658833,165.928,165.928
3,56,82.964,91.90622532689964,183.8124506537993,183.8124506537993
3,57,82.964,45.68859535468097,165.928,165.928
3,58,82.964,69.50703807962093,165.928,165.928
3,59,82.964,68.06528171801624,165.928,165.928
3,60,82.964,74.7198527217087,165.928,165.928
3,61,82.964,85.68618910116814,171.37237820233628,171.37237820233628
3,62,82.964,68.60706697095587,165.928,165.928
3,63,82.964,72.19217968613508,165.928,165.928
3,64,82.964,68.82451640712065,165.928,165.928
3,65,82.964,82.95790992840547,165.928,165.928
3,66,82.964,88.27165105885045,176.5433021177009,176.5433021177009
3,67,82.964,60.173227918807065,165.928,165.928
3,68,82.964,79.49318047871208,165.928,165.928
3,69,82.964,76.14406077446372,165.928,165.928
3,70,82.964,62.60793068391766,165.928,165.928
3,71,82.964,83.29714335452593,166.59428670905186,166.59428670905186
3,72,82.964,78.08202556664763,165.928,165.928
3,73,82.964,68.3108427186181,165.928,165.928
3,74,82.964,72.16050409608405,165.928,165.928
3,75,82.964,90.29168767651193,180.58337535302385,180.58337535302385
3,76,82.964,75.44260996954277,165.928,165.928
3,77,82.964,75.18873822227408,165.928,165.928
3,78,82.964,62.961499801949685,165.928,165.928
3,79,82.964,82.25878241302937,165.928,165.928
3,80,82.964,86.61004691513752,173.22009383027503,173.22009383027503
3,81,82.964,59.53986553005583,165.928,165.928
3,82,82.964,60.35360622108749,165.928,165.928
3,83,82.964,77.0308870927314,165.928,165.928
3,84,82.964,58.54745364294035,165.928,165.928
3,85,82.964,48.58580615425954,165.928,165.928
3,86,82.964,58.511103803196406,165.928,165.928
3,87,82.964,78.17940441883418,165.928,165.928
3,88,82.964,68.8298530060668,165.928,165.928
3,89,82.964,72.55201352321694,165.928,165.928
3,90,82.964,74.77257697293823,165.928,165.928
3,91,82.964,70.38987208040619,165.928,165.928
3,92,82.964,90.88630445469032,181.77260890938064,181.77260890938066
3,93,82.964,83.64183243470889,167.28366486941778,167.28366486941778
3,94,82.964,90.9862557608432,181.9725115216864,181.9725115216864
3,95,82.964,77.9998287938348,165.928,165.928
3,96,82.964,83.21144923379926,166.42289846759851,166.42289846759851
3,97,82.964,80.7909901721742,165.928,165.928
3,98,82.964,89.91456072578254,179.82912145156507,179.82912145156507
3,99,82.964,61.02884725281513,165.928,165.928
4,0,82.726,64.28887896517448,165.452,64.28887896517448
4,1,82.726,48.25503747963219,165.452,48.25503747963219
4,2,82.726,51.1224930039448,165.452,165.452
4,3,82.726,96.98521508164573,193.97043016329147,96.98521508164573
4,4,82.726,72.01105195975408,165.452,72.01105195975408
4,5,82.726,53.88438922002761,165.452,165.452
4,6,82.726,53.178725823029296,165.452,165.452
4,7,82.726,74.20053153087008,165.452,165.452
4,8,82.726,81.07077114839733,165.452,81.07077114839733
4,9,82.726,90.44047612937247,180.88095225874494,180.88095225874494
4,10,82.726,76.96323448845355,165.452,165.452
4,11,82.726,64.77533067460062,165.452,64.77533067460062
4,12,82.726,83.60056757351299,167.20113514702598,167.20113514702598
4,13,82.726,57.27355992110519,165.452,57.27355992110519
4,14,82.726,64.71832977896693,165.452,64.71832977896693
4,15,82.726,53.84814635768317,165.452,165.452
4,16,82.726,82.56833814306827,165.452,82.56833814306827
4,17,82.726,75.33195694917212,165.452,165.452
4,18,82.726,70.19202636286292,165.452,165.452
4,19,82.726,59.4579298419533,165.452,165.452
4,20,82.726,90.93172814591044,181.86345629182088,181.86345629182088
4,21,82.726,67.98528631710903,165.452,67.98528631710903
4,22,82.726,94.45187727243014,188.90375454486028,188.90375454486028
4,23,82.726,61.5886196181411,165.452,165.452
4,24,82.726,80.33966574216895,165.452,80.33966574216895
4,25,82.726,85.48226882849605,170.9645376569921,85.48226882849605
4,26,82.726,56.3285053730907,165.452,165.452
4,27,82.726,56.98532501468244,165.452,165.452
4,28,82.726,86.8765607527535,173.753121505507,173.753121505507
4,29,82.726,52.23113582787803,165.452,52.23113582787803
4,30,82.726,72.18670347459137,165.452,72.18670347459137
4,31,82.726,51.89290502963569,165.452,165.452
4,32,82.726,97.091672314217,194.183344628434,194.18334462843404
4,33,82.726,90.49598664457774,180.99197328915548,180.99197328915548
4,34,82.726,59.56609379358884,165.452,59.56609379358885
4,35,82.726,90.91770782323748,181.83541564647496,90.91770782323748
4,36,82.726,85.9974144549419,171.9948289098838,171.9948289098838
4,37,82.726,53.20758277255996,165.452,165.452
4,38,82.726,61.3376647700561,165.452,61.3376647700561
4,39,82.726,80.57531453133956,165.452,165.452
4,40,82.726,83.9258310105467,167.8516620210934,83.9258310105467
4,41,82.726,65.27392975618,165.452,165.452
4,42,82.726,54.26130710834888,165.452,54.26130710834888
4,43,82.726,73.0342742172753,165.452,73.0342742172753
4,44,82.726,86.84246995004105,173.6849399000821,173.6849399000821
4,45,82.726,74.38114732979406,165.452,165.452
4,46,82.726,57.617642614568425,165.452,165.452
4,47,82.726,63.25860631497801,165.452,165.452
4,48,82.726,86.50303229615491,173.00606459230983,173.00606459230983
4,49,82.726,71.28111004414906,165.452,71.28111004414906
4,50,82.726,86.9066745000419,173.8133490000838,173.8133490000838
4,51,82.726,56.67431886506067,165.452,165.452
4,52,82.726,82.78587560377251,165.57175120754502,82.78587560377251
4,53,82.726,88.66850477976405,177.3370095595281,177.3370095595281
4,54,82.726,93.1775146455112,186.3550292910224,93.1775146455112
4,55,82.726,62.95001108688274,165.452,165.452
4,56,82.726,94.44446934709175,188.8889386941835,188.8889386941835
4,57,82.726,77.69376432975162,165.452,165.452
4,58,82.726,62.73657191927168,165.452,165.452
4,59,82.726,49.231719742027884,165.452,165.452
4,60,82.726,81.74647903391732,165.452,165.452
4,61,82.726,96.35550438751714,192.7110087750343,96.35550438751714
4,62,82.726,77.11996525375642,165.452,165.452
4,63,82.726,63.0502812503709,165.452,165.452
4,64,82.726,64.56289288009927,165.452,165.452
4,65,82.726,72.81889212672827,165.452,165.452
4,66,82.726,98.12893393579036,196.25786787158071,98.12893393579036
4,67,82.726,69.73396306198556,165.452,165.452
4,68,82.726,67.51023128026634,165.452,67.51023128026634
4,69,82.726,73.01713034655008,165.452,165.452
4,70,82.726,59.01922009746819,165.452,165.452
4,71,82.726,62.56100857369339,165.452,165.452
4,72,82.726,89.20727848136526,178.41455696273053,89.20727848136526
4,73,82.726,93.455269520464,186.910539040928,186.910539040928
4,74,82.726,66.63892716588742,165.452,66.63892716588742
4,75,82.726,72.37897186080907,165.452,165.452
4,76,82.726,94.00077408023037,188.00154816046074,188.00154816046074
4,77,82.726,84.24757500623288,168.49515001246576,168.49515001246576
4,78,82.726,71.13019862563591,165.452,165.452
4,79,82.726,96.80277343543654,193.60554687087307,96.80277343543654
4,80,82.726,93.0746707212605,186.149341442521,186.149341442521
4,81,82.726,71.3753211901062,165.452,165.452
4,82,82.726,57.567364090225304,165.452,165.452
4,83,82.726,90.53999135429443,181.07998270858886,181.07998270858886
4,84,82.726,93.6988704319357,187.3977408638714,187.3977408638714
4,85,82.726,82.1202823689223,165.452,165.452
4,86,82.726,88.96645045575116,177.93290091150232,177.93290091150232
4,87,82.726,48.619200475454555,165.452,165.452
4,88,82.726,79.48648006394951,165.452,165.452
4,89,82.726,89.05018634619775,178.1003726923955,178.1003726923955
4,90,82.726,62.31018590617412,165.452,62.31018590617412
4,91,82.726,55.61522210674237,165.452,165.452
4,92,82.726,93.33120839971039,186.66241679942078,93.33120839971039
4,93,82.726,87.78386346825731,175.56772693651462,175.56772693651462
4,94,82.726,66.02291607993392,165.452,66.02291607993392
4,95,82.726,77.28263945047837,165.452,165.452
4,96,82.726,59.33742279379673,165.452,165.452
4,97,82.726,64.64252858632841,165.452,165.452
4,98,82.726,82.87158273391637,165.74316546783274,165.74316546783274
4,99,82.726,86.69847375353514,173.39694750707028,173.39694750707028
5,0,85.946,109.01546556294262,218.03093112588525,109.01546556294261
5,1,85.946,95.70833147304491,191.41666294608982,191.41666294608982
5,2,85.946,104.18069566269283,208.36139132538565,104.18069566269284
5,3,85.946,67.4117692639686,171.892,67.4117692639686
5,4,85.946,99.33774501249968,198.67549002499936,99.33774501249968
5,5,85.946,115.1192803913207,230.2385607826414,115.11928039132071
5,6,85.946,110.77350646951153,221.54701293902306,110.77350646951155
5,7,85.946,103.26797847841783,206.53595695683566,206.5359569568357
5,8,85.946,109.82217935821974,219.64435871643948,109.82217935821974
5,9,85.946,83.42028927589134,171.892,171.892
5,10,85.946,75.13924718197529,171.892,75.13924718197529
5,11,85.946,94.50044961429602,189.00089922859203,94.50044961429602
5,12,85.946,91.2823500479319,182.5647000958638,91.2823500479319
5,13,85.946,58.41659952795974,171.892,58.41659952795975
5,14,85.946,72.25599107580018,171.892,72.25599107580018
5,15,85.946,91.21985102409833,182.43970204819666,91.21985102409833
5,16,85.946,59.89618828471064,171.892,59.89618828471064
5,17,85.946,59.76671301540681,171.892,59.766713015406815
5,18,85.946,78.67504014955558,171.892,78.67504014955558
5,19,85.946,63.28896529342178,171.892,63.28896529342178
5,20,85.946,80.98668051228127,171.892,171.892
5,21,85.946,96.67186274186977,193.34372548373955,193.34372548373955
5,22,85.946,84.45433436053875,171.892,171.892
5,23,85.946,57.10305280532884,171.892,57.10305280532884
5,24,85.946,111.963392048331,223.926784096662,111.96339204833102
5,25,85.946,71.11231771598109,171.892,171.892
5,26,85.946,56.42890407693568,171.892,56.42890407693568
5,27,85.946,82.66526452918612,171.892,82.66526452918612
5,28,85.946,107.26621809870618,214.53243619741235,107.26621809870618
5,29,85.946,112.27225416673038,224.54450833346075,112.27225416673039
5,30,85.946,64.01330515942914,171.892,64.01330515942914
5,31,85.946,60.14928141692758,171.892,171.892
5,32,85.946,106.30749459208315,212.6149891841663,106.30749459208315
5,33,85.946,106.88242874780774,213.76485749561547,106.88242874780774
5,34,85.946,111.14151943488174,222.2830388697635,111.14151943488176
5,35,85.946,103.641452173152,207.282904346304,103.64145217315202
5,36,85.946,106.40842285714955,212.8168457142991,212.81684571429912
5,37,85.946,105.28529067664414,210.57058135328828,105.28529067664414
5,38,85.946,58.38352298558165,171.892,171.892
5,39,85.946,66.60016573878096,171.892,66.60016573878096
5,40,85.946,58.6109632268108,171.892,58.61096322681081
5,41,85.946,56.03807966283474,171.892,56.03807966283474
5,42,85.946,114.86228742394142,229.72457484788285,114.86228742394142
5,43,85.946,116.23490805559541,232.46981611119082,116.23490805559543
5,44,85.946,89.47624478048446,178.95248956096893,178.95248956096893
5,45,85.946,64.90544262661746,171.892,64.90544262661746
5,46,85.946,64.19333958096516,171.892,64.19333958096516
5,47,85.946,110.93796871108938,221.87593742217877,110.93796871108938
5,48,85.946,111.3138893905113,222.6277787810226,111.3138893905113
5,49,85.946,91.23864030905796,182.4772806181159,91.23864030905796
5,50,85.946,99.53123388228083,199.06246776456166,99.53123388228083
5,51,85.946,92.13387875609223,184.26775751218446,184.26775751218446
5,52,85.946,98.96683118657707,197.93366237315414,197.93366237315414
5,53,85.946,114.96625297825157,229.93250595650315,114.96625297825159
5,54,85.946,82.1979035633259,171.892,82.1979035633259
5,55,85.946,60.638242298413665,171.892,60.63824229841367
5,56,85.946,60.68056576706491,171.892,60.680565767064905
5,57,85.946,95.42121946804197,190.84243893608394,95.42121946804197
5,58,85.946,59.53359402117722,171.892,59.53359402117723
5,59,85.946,62.495383595164604,171.892,62.49538359516461
5,60,85.946,109.2229910611313,218.4459821222626,109.2229910611313
5,61,85.946,112.53552432804985,225.0710486560997,225.0710486560997
5,62,85.946,62.82855508399381,171.892,62.828555083993805
5,63,85.946,69.30318063487393,171.892,69.30318063487393
5,64,85.946,115.71061400535366,231.42122801070732,115.71061400535368
5,65,85.946,111.42897481656067,222.85794963312134,111.42897481656067
5,66,85.946,93.85709366544863,187.71418733089726,93.85709366544863
5,67,85.946,84.55863232990836,171.892,84.55863232990836
5,68,85.946,103.60348946867754,207.20697893735507,103.60348946867755
5,69,85.946,85.39098543762613,171.892,85.39098543762613
5,70,85.946,114.80638624025826,229.61277248051653,114.80638624025828
5,71,85.946,102.30181624354186,204.60363248708373,102.30181624354186
5,72,85.946,94.39111973660887,188.78223947321774,94.39111973660887
5,73,85.946,62.740629663308354,171.892,62.740629663308354
5,74,85.946,99.41589761787144,198.83179523574287,99.41589761787144
5,75,85.946,63.06552212258337,171.892,63.065522122583374
5,76,85.946,64.80451911009872,171.892,171.892
5,77,85.946,107.98165688560964,215.96331377121928,107.98165688560964
5,78,85.946,90.55196147187505,181.1039229437501,90.55196147187505
5,79,85.946,89.92530493222802,179.85060986445603,179.85060986445603
5,80,85.946,98.09152512060908,196.18305024121815,98.09152512060908
5,81,85.946,106.94770150733724,213.89540301467449,106.94770150733726
5,82,85.946,113.0639938656077,226.1279877312154,113.0639938656077
5,83,85.946,59.87948424908281,171.892,59.87948424908281
5,84,85.946,58.406937893684045,171.892,58.40693789368404
5,85,85.946,60.659446038063955,171.892,60.659446038063955
5,86,85.946,114.94664311629832,229.89328623259664,114.94664311629832
5,87,85.946,88.1836202221725,176.367240444345,88.1836202221725
5,88,85.946,78.6261630473741,171.892,171.892
5,89,85.946,92.71581443205073,185.43162886410147,222.65424633367047
5,90,85.946,63.29419415941248,171.892,171.892
5,91,85.946,79.4234809829185,171.892,79.4234809829185
5,92,85.946,73.83347950080203,171.892,171.892
5,93,85.946,96.66868609461461,193.33737218922923,96.66868609461461
5,94,85.946,65.42315684018322,171.892,65.42315684018322
5,95,85.946,114.64822904392497,229.29645808784994,229.29645808784994
5,96,85.946,58.46453802308073,171.892,58.46453802308073
5,97,85.946,62.18849330538016,171.892,62.18849330538016
5,98,85.946,65.94697774853996,171.892,65.94697774853996
5,99,85.946,115.65945469322564,231.31890938645128,231.3189093864513
6,0,93.54799999999999,59.33065803412806,187.09599999999998,59.33065803412806
6,1,93.54799999999999,80.75857300275982,187.09599999999998,80.75857300275982
6,2,93.54799999999999,80.31462240024914,187.09599999999998,80.31462240024914
6,3,93.54799999999999,65.3393663872673,187.09599999999998,187.09599999999998
6,4,93.54799999999999,61.31542739818237,187.09599999999998,61.31542739818238
6,5,93.54799999999999,83.67512929455633,187.09599999999998,83.67512929455633
6,6,93.54799999999999,50.5178131340225,187.09599999999998,50.5178131340225
6,7,93.54799999999999,47.51498016745557,187.09599999999998,187.09599999999998
6,8,93.54799999999999,66.69670574063119,187.09599999999998,66.69670574063119
6,9,93.54799999999999,62.57542846390869,187.09599999999998,62.5754284639087
6,10,93.54799999999999,49.95422839531289,187.09599999999998,49.95422839531289
6,11,93.54799999999999,50.732324377992576,187.09599999999998,50.732324377992576
6,12,93.54799999999999,71.44829629650714,187.09599999999998,71.44829629650714
6,13,93.54799999999999,94.16244828422221,188.32489656844442,94.16244828422221
6,14,93.54799999999999,81.39197324880844,187.09599999999998,187.09599999999998
6,15,93.54799999999999,55.41260637919601,187.09599999999998,187.09599999999998
6,16,93.54799999999999,64.3192362904486,187.09599999999998,64.3192362904486
6,17,93.54799999999999,80.46412618244513,187.09599999999998,80.46412618244513
6,18,93.54799999999999,50.28881119192944,187.09599999999998,50.28881119192944
6,19,93.54799999999999,56.24931829141446,187.09599999999998,56.24931829141446
6,20,93.54799999999999,49.897107802128374,187.09599999999998,49.897107802128374
6,21,93.54799999999999,69.96019534413293,187.09599999999998,69.96019534413293
6,22,93.54799999999999,73.67816294056394,187.09599999999998,187.09599999999998
6,23,93.54799999999999,89.55827414563589,187.09599999999998,89.55827414563589
6,24,93.54799999999999,48.01233595772816,187.09599999999998,187.09599999999998
6,25,93.54799999999999,53.32350954035034,187.09599999999998,53.32350954035034
6,26,93.54799999999999,60.279880170118446,187.09599999999998,187.0960000000002
6,27,93.54799999999999,67.1177831199865,187.09599999999998,67.1177831199865
6,28,93.54799999999999,61.62801437124935,187.09599999999998,61.62801437124935
6,29,93.54799999999999,95.93329122927183,191.86658245854366,95.93329122927183
6,30,93.54799999999999,64.11622783921236,187.09599999999998,64.11622783921236
6,31,93.54799999999999,91.79304850475235,187.09599999999998,187.09599999999998
6,32,93.54799999999999,96.08139079971762,192.16278159943525,96.08139079971762
6,33,93.54799999999999,61.01208039631991,187.09599999999998,61.01208039631991
6,34,93.54799999999999,54.14505617510238,187.09599999999998,54.14505617510238
6,35,93.54799999999999,89.0532510832778,187.09599999999998,89.0532510832778
6,36,93.54799999999999,47.1476090528479,187.09599999999998,47.1476090528479
6,37,93.54799999999999,52.691043388097384,187.09599999999998,52.691043388097384
6,38,93.54799999999999,56.21821587781819,187.09599999999998,56.21821587781819
6,39,93.54799999999999,47.570286206374405,187.09599999999998,47.570286206374405
6,40,93.54799999999999,78.18935645543202,187.09599999999998,187.09599999999998
6,41,93.54799999999999,47.24311706930072,187.09599999999998,47.24311706930072
6,42,93.54799999999999,60.08661809990633,187.09599999999998,60.08661809990633
6,43,93.54799999999999,74.25624158850889,187.09599999999998,74.25624158850889
6,44,93.54799999999999,80.0031901855301,187.09599999999998,80.0031901855301
6,45,93.54799999999999,52.51243302727451,187.09599999999998,52.51243302727451
6,46,93.54799999999999,73.3631149221564,187.09599999999998,73.3631149221564
6,47,93.54799999999999,81.88404131447695,187.09599999999998,81.88404131447695
6,48,93.54799999999999,48.724394278409825,187.09599999999998,48.724394278409825
6,49,93.54799999999999,69.57317393576838,187.09599999999998,69.57317393576838
6,50,93.54799999999999,64.91813355376235,187.09599999999998,64.91813355376235
6,51,93.54799999999999,50.0266954699751,187.09599999999998,50.0266954699751
6,52,93.54799999999999,75.46999624983494,187.09599999999998,75.46999624983494
6,53,93.54799999999999,50.280034367180804,187.09599999999998,50.280034367180804
6,54,93.54799999999999,80.64330123563275,187.09599999999998,187.09599999999998
6,55,93.54799999999999,71.57090513100748,187.09599999999998,71.57090513100748
6,56,93.54799999999999,89.61554538537206,187.09599999999998,89.61554538537206
6,57,93.54799999999999,70.32245069904101,187.09599999999998,70.32245069904101
6,58,93.54799999999999,89.03727991874095,187.09599999999998,187.0960000000002
6,59,93.54799999999999,64.29735806576673,187.09599999999998,64.29735806576673
6,60,93.54799999999999,70.29821182489482,187.09599999999998,70.29821182489482
6,61,93.54799999999999,76.5154604986002,187.09599999999998,76.5154604986002
6,62,93.54799999999999,80.97013147433881,187.09599999999998,80.97013147433881
6,63,93.54799999999999,61.685019997729576,187.09599999999998,61.685019997729576
6,64,93.54799999999999,48.86247853312069,187.09599999999998,48.862478533120694
6,65,93.54799999999999,81.36046433191547,187.09599999999998,81.36046433191547
6,66,93.54799999999999,84.36558798857388,187.09599999999998,187.09599999999998
6,67,93.54799999999999,90.34833189621581,187.09599999999998,153.8938734170227
6,68,93.54799999999999,76.79048101415094,187.09599999999998,76.79048101415094
6,69,93.54799999999999,86.30242594166718,187.09599999999998,187.09599999999998
6,70,93.54799999999999,55.5233016144666,187.09599999999998,55.523301614466604
6,71,93.54799999999999,63.57012451597023,187.09599999999998,63.57012451597023
6,72,93.54799999999999,66.36134986209339,187.09599999999998,66.36134986209339
6,73,93.54799999999999,63.199292034305884,187.09599999999998,63.199292034305884
6,74,93.54799999999999,62.769523153935936,187.09599999999998,187.0960000000002
6,75,93.54799999999999,78.5600475376387,187.09599999999998,78.5600475376387
6,76,93.54799999999999,88.13803681616102,187.09599999999998,88.13803681616102
6,77,93.54799999999999,72.70474155619699,187.09599999999998,72.70474155619699
6,78,93.54799999999999,82.88349096848636,187.09599999999998,82.88349096848636
6,79,93.54799999999999,76.01518376731083,187.09599999999998,76.01518376731083
6,80,93.54799999999999,81.68075751522443,187.09599999999998,81.68075751522443
6,81,93.54799999999999,76.39350277215763,187.09599999999998,76.39350277215763
6,82,93.54799999999999,53.313989651026105,187.09599999999998,53.313989651026105
6,83,93.54799999999999,89.44728426974282,187.09599999999998,89.44728426974282
6,84,93.54799999999999,54.82275001827588,187.09599999999998,54.82275001827589
6,85,93.54799999999999,60.18072287053622,187.09599999999998,187.09599999999998
6,86,93.54799999999999,73.13774206350527,187.09599999999998,73.13774206350527
6,87,93.54799999999999,80.30392162121672,187.09599999999998,80.30392162121672
6,88,93.54799999999999,92.83248355671381,187.09599999999998,92.83248355671381
6,89,93.54799999999999,53.73545083646837,187.09599999999998,53.73545083646837
6,90,93.54799999999999,48.85280981867631,187.09599999999998,187.0960000000002
6,91,93.54799999999999,77.06584910186565,187.09599999999998,77.06584910186565
6,92,93.54799999999999,75.0881686803413,187.09599999999998,187.09599999999998
6,93,93.54799999999999,82.87760990837724,187.09599999999998,187.09599999999998
6,94,93.54799999999999,55.55027268065764,187.09599999999998,187.09599999999998
6,95,93.54799999999999,85.57835853669567,187.09599999999998,187.09599999999998
6,96,93.54799999999999,49.625732506090145,187.09599999999998,49.625732506090145
6,97,93.54799999999999,52.876348264053554,187.09599999999998,52.876348264053554
6,98,93.54799999999999,55.30939332151579,187.09599999999998,187.0960000000002
6,99,93.54799999999999,50.812571565752606,187.09599999999998,50.812571565752606
7,0,102.326,60.77752042307835,204.652,60.77752042307834
7,1,102.326,98.59333621349388,204.652,98.59333621349388
7,2,102.326,119.18939265723945,238.3787853144789,238.3787853144789
7,3,102.326,84.33719468689532,204.652,84.33719468689532
7,4,102.326,67.55605956942462,204.652,67.55605956942462
7,5,102.326,76.56246215882643,204.652,204.65200000000002
7,6,102.326,73.36066796512313,204.652,73.36066796512313
7,7,102.326,102.82797671859622,205.65595343719244,102.82797671859623
7,8,102.326,96.96933045049879,204.652,96.96933045049879
7,9,102.326,96.30992146191761,204.652,96.30992146191761
7,10,102.326,119.65809922579763,239.31619845159526,119.65809922579763
7,11,102.326,75.33156313460162,204.652,75.33156313460162
7,12,102.326,97.23622240027704,204.652,97.23622240027706
7,13,102.326,82.84740544036747,204.652,82.84740544036747
7,14,102.326,104.18492543390282,208.36985086780564,104.18492543390283
7,15,102.326,80.67839363044592,204.652,80.67839363044592
7,16,102.326,109.9090029173097,219.8180058346194,109.90900291730972
7,17,102.326,75.37820305501623,204.652,75.37820305501623
7,18,102.326,101.37233955646992,204.652,101.37233955646994
7,19,102.326,71.21806535581467,204.652,71.21806535581467
7,20,102.326,105.6636822143767,211.3273644287534,105.66368221437669
7,21,102.326,90.5083915082787,204.652,90.5083915082787
7,22,102.326,72.88881928769699,204.652,72.88881928769699
7,23,102.326,104.51281272534143,209.02562545068287,104.51281272534143
7,24,102.326,65.36421921254161,204.652,204.65200000000002
7,25,102.326,102.67024973564502,205.34049947129003,102.67024973564503
7,26,102.326,105.93629781450697,211.87259562901394,105.93629781450697
7,27,102.326,91.68045447323195,204.652,91.68045447323195
7,28,102.326,91.42375663128719,204.652,91.42375663128719
7,29,102.326,105.55852594682399,211.11705189364798,105.558525946824
7,30,102.326,93.4865645168956,204.652,93.4865645168956
7,31,102.326,62.74287784157895,204.652,62.74287784157896
7,32,102.326,62.69180035217741,204.652,62.69180035217741
7,33,102.326,117.86721227268384,235.7344245453677,117.86721227268384
7,34,102.326,88.92606045835332,204.652,88.92606045835332
7,35,102.326,99.62055422018253,204.652,204.65200000000002
7,36,102.326,80.8802254200291,204.652,80.8802254200291
7,37,102.326,80.4352948058024,204.652,80.4352948058024
7,38,102.326,100.9164452496919,204.652,100.9164452496919
7,39,102.326,77.51248050608899,204.652,77.51248050608899
7,40,102.326,64.41138730716025,204.652,64.41138730716025
7,41,102.326,78.753299776316,204.652,78.753299776316
7,42,102.326,65.48495249247436,204.652,65.48495249247436
7,43,102.326,119.1168999666904,238.2337999333808,238.2337999333808
7,44,102.326,111.18170235864251,222.36340471728502,111.18170235864251
7,45,102.326,97.89285762680706,204.652,97.89285762680706
7,46,102.326,62.60154003414346,204.652,62.60154003414347
7,47,102.326,85.48194026017495,204.652,85.48194026017495
7,48,102.326,114.00667201642301,228.01334403284602,114.00667201642301
7,49,102.326,96.59676299103192,204.652,96.59676299103192
7,50,102.326,82.63681698361849,204.652,82.63681698361849
7,51,102.326,81.39703297780962,204.652,81.39703297780962
7,52,102.326,69.08748384481666,204.652,69.08748384481666
7,53,102.326,58.26583719929766,204.652,58.26583719929766
7,54,102.326,91.76115252789414,204.652,91.76115252789414
7,55,102.326,99.78947541003262,204.652,99.78947541003262
7,56,102.326,71.01530194359842,204.652,71.01530194359842
7,57,102.326,94.73056466260984,204.652,94.73056466260984
7,58,102.326,83.59700742098157,204.652,83.59700742098157
7,59,102.326,65.27829493722292,204.652,65.27829493722292
7,60,102.326,91.37459942559774,204.652,91.37459942559774
7,61,102.326,109.95963019757372,219.91926039514743,109.95963019757372
7,62,102.326,95.77876832067308,204.652,95.77876832067308
7,63,102.326,82.85703028908331,204.652,82.85703028908331
7,64,102.326,59.540761333825635,204.652,59.54076133382563
7,65,102.326,74.08095993616467,204.652,189.46705743133552
7,66,102.326,95.88929158281628,204.652,95.88929158281628
7,67,102.326,101.0280711740579,204.652,101.0280711740579
7,68,102.326,78.61254818452333,204.652,204.65200000000002
7,69,102.326,70.69821732092056,204.652,70.69821732092056
7,70,102.326,106.22600500744328,212.45201001488655,106.22600500744328
7,71,102.326,63.76146116436083,204.652,63.76146116436083
7,72,102.326,84.10104150573102,204.652,84.10104150573102
7,73,102.326,96.5877173206316,204.652,96.5877173206316
7,74,102.326,89.79013798742884,204.652,204.65200000000002
7,75,102.326,61.49690458639913,204.652,61.49690458639914
7,76,102.326,71.07871995726754,204.652,71.07871995726754
7,77,102.326,68.92951853233939,204.652,68.92951853233939
7,78,102.326,90.07289329908849,204.652,90.07289329908849
7,79,102.326,70.93893012211446,204.652,70.93893012211446
7,80,102.326,104.95188253728293,209.90376507456585,104.95188253728294
7,81,102.326,63.4115350008015,204.652,63.4115350008015
7,82,102.326,82.77045214278243,204.652,82.77045214278243
7,83,102.326,113.27669727292565,226.5533945458513,113.27669727292565
7,84,102.326,117.58388606025844,235.16777212051687,117.58388606025845
7,85,102.326,77.5766953872032,204.652,204.65200000000002
7,86,102.326,70.91745144001462,204.652,70.91745144001462
7,87,102.326,59.361980049830976,204.652,59.361980049830976
7,88,102.326,101.80478028877255,204.652,101.80478028877256
7,89,102.326,62.61343147564251,204.652,62.613431475642514
7,90,102.326,120.44695027258263,240.89390054516525,120.44695027258263
7,91,102.326,76.84365015054574,204.652,204.65200000000002
7,92,102.326,118.28356654150025,236.5671330830005,118.28356654150025
7,93,102.326,103.33849962985484,206.67699925970967,103.33849962985484
7,94,102.326,83.870147684743,204.652,83.870147684743
7,95,102.326,78.18542572047889,204.652,78.18542572047889
7,96,102.326,100.04123948909518,204.652,204.65200000000002
7,97,102.326,116.2751263749022,232.5502527498044,116.2751263749022
7,98,102.326,74.77800684974859,204.652,204.65200000000002
7,99,102.326,98.42272151792646,204.652,98.42272151792646
8,0,122.122,100.44321115359456,244.244,100.44321115359456
8,1,122.122,71.30135519629614,244.244,71.30135519629614
8,2,122.122,72.22418203805798,244.244,244.244
8,3,122.122,71.81108674336274,244.244,244.244
8,4,122.122,71.8640579395815,244.244,71.8640579395815
8,5,122.122,91.08905365184648,244.244,91.08905365184648
8,6,122.122,127.25122668610184,254.5024533722037,127.25122668610184
8,7,122.122,138.03710987170015,276.0742197434003,138.03710987170015
8,8,122.122,98.7522315015913,244.244,98.7522315015913
8,9,122.122,125.61223918396881,251.22447836793762,125.61223918396882
8,10,122.122,133.87178071381717,267.74356142763435,133.87178071381717
8,11,122.122,87.36579999009244,244.244,87.36579999009244
8,12,122.122,114.71555073972168,244.244,114.71555073972168
8,13,122.122,138.7706745404653,277.5413490809306,138.7706745404653
8,14,122.122,110.90313505757788,244.244,110.9031350575779
8,15,122.122,121.73666096417666,244.244,121.73666096417665
8,16,122.122,77.17489846652336,244.244,77.17489846652336
8,17,122.122,98.46742296858132,244.244,98.46742296858132
8,18,122.122,94.77362643900186,244.244,94.77362643900186
8,19,122.122,126.00643599024866,252.01287198049732,126.00643599024866
8,20,122.122,78.57998212645492,244.244,78.57998212645492
8,21,122.122,124.97992891612533,249.95985783225066,124.97992891612533
8,22,122.122,108.88240258738988,244.244,108.88240258738988
8,23,122.122,115.66379625794661,244.244,115.66379625794663
8,24,122.122,137.15702668140946,274.3140533628189,137.15702668140946
8,25,122.122,124.99684511814917,249.99369023629833,124.99684511814917
8,26,122.122,108.01879032693863,244.244,108.01879032693864
8,27,122.122,88.608058410409,244.244,244.244
8,28,122.122,97.23380222833555,244.244,97.23380222833555
8,29,122.122,85.57855679294532,244.244,85.57855679294532
8,30,122.122,87.56733169188517,244.244,87.56733169188517
8,31,122.122,116.26617007442572,244.244,116.26617007442573
8,32,122.122,96.48504210798444,244.244,96.48504210798444
8,33,122.122,140.0895552344613,280.1791104689226,140.0895552344613
8,34,122.122,85.05818498671682,244.244,85.05818498671682
8,35,122.122,120.70357362819998,244.244,120.70357362819999
8,36,122.122,88.3881612320601,244.244,88.3881612320601
8,37,122.122,133.1222558362818,266.2445116725636,133.1222558362818
8,38,122.122,106.17360777834455,244.244,106.17360777834455
8,39,122.122,133.9125104791391,267.8250209582782,133.9125104791391
8,40,122.122,133.97951846865791,267.95903693731583,133.97951846865791
8,41,122.122,141.7434697906935,283.486939581387,141.7434697906935
8,42,122.122,124.79626904263446,249.59253808526893,124.79626904263445
8,43,122.122,114.76661974766536,244.244,114.76661974766536
8,44,122.122,104.12512124263294,244.244,104.12512124263293
8,45,122.122,132.99857667545717,265.99715335091435,132.99857667545717
8,46,122.122,104.43881166255777,244.244,104.43881166255777
8,47,122.122,138.12571240327262,276.25142480654523,138.12571240327262
8,48,122.122,123.61256897105034,247.22513794210067,123.61256897105034
8,49,122.122,109.95578401947212,244.244,109.95578401947212
8,50,122.122,88.04313113880254,244.244,244.244
8,51,122.122,92.72464982518659,244.244,92.72464982518659
8,52,122.122,79.90528046590224,244.244,79.90528046590224
8,53,122.122,125.07475599887766,250.14951199775533,125.07475599887768
8,54,122.122,117.67896892267923,244.244,117.67896892267925
8,55,122.122,123.25448640725759,246.50897281451518,123.25448640725757
8,56,122.122,102.90568639074,244.244,102.90568639074
8,57,122.122,138.94893053204567,277.89786106409133,138.94893053204567
8,58,122.122,80.29785001793441,244.244,80.29785001793441
8,59,122.122,91.81411833758027,244.244,91.81411833758027
8,60,122.122,102.00100686579111,244.244,102.00100686579113
8,61,122.122,71.52829136342336,244.244,71.52829136342336
8,62,122.122,121.57651434113708,244.244,121.57651434113707
8,63,122.122,89.25766628922374,244.244,89.25766628922374
8,64,122.122,85.5258720318216,244.244,85.5258720318216
8,65,122.122,114.33535799686311,244.244,114.33535799686312
8,66,122.122,131.39164842983442,262.78329685966884,131.39164842983442
8,67,122.122,70.718762696307,244.244,244.244
8,68,122.122,106.97528439297189,244.244,106.97528439297189
8,69,122.122,101.11043828715847,244.244,101.11043828715847
8,70,122.122,140.98437834335957,281.96875668671913,140.98437834335957
8,71,122.122,94.92331682518456,244.244,94.92331682518456
8,72,122.122,75.85111471472693,244.244,75.85111471472693
8,73,122.122,140.28804629366456,280.57609258732913,140.28804629366456
8,74,122.122,102.40483373502546,244.244,102.40483373502546
8,75,122.122,104.07677536562818,244.244,104.07677536562818
8,76,122.122,107.30726633252146,244.244,107.30726633252148
8,77,122.122,87.15685476724977,244.244,87.15685476724977
8,78,122.122,116.29192508647515,244.244,116.29192508647515
8,79,122.122,121.42065544017848,244.244,121.42065544017848
8,80,122.122,113.19212262077211,244.244,113.19212262077212
8,81,122.122,111.79989134352908,244.244,111.79989134352908
8,82,122.122,99.514008004451,244.244,99.514008004451
8,83,122.122,116.49839363885883,244.244,116.49839363885883
8,84,122.122,73.69268596169613,244.244,244.244
8,85,122.122,95.36507554559344,244.244,95.36507554559344
8,86,122.122,70.00206505006274,244.244,91.3259513392916
8,87,122.122,110.77942392812596,244.244,110.77942392812596
8,88,122.122,137.94476340325812,275.88952680651624,137.94476340325812
8,89,122.122,137.15274550885556,274.3054910177111,137.15274550885556
8,90,122.122,121.05239285564404,244.244,121.05239285564404
8,91,122.122,107.58742686045598,244.244,107.58742686045596
8,92,122.122,125.91045606002844,251.82091212005687,125.91045606002844
8,93,122.122,85.66657873075611,244.244,244.244
8,94,122.122,89.80916894865004,244.244,244.244
8,95,122.122,93.66821616305214,244.244,93.66821616305214
8,96,122.122,101.50470099953104,244.244,101.50470099953104
8,97,122.122,133.55635501345122,267.11271002690245,133.55635501345122
8,98,122.122,127.25467926754582,254.50935853509165,127.25467926754584
8,99,122.122,106.39608366979037,244.244,106.39608366979036
9,0,132.146,101.03052620230208,264.292,101.03052620230208
9,1,132.146,77.19759117531247,264.292,77.19759117531247
9,2,132.146,90.63260845421122,264.292,264.292
9,3,132.146,112.69119023329392,264.292,112.69119023329392
9,4,132.146,126.42926164868256,264.292,126.42926164868256
9,5,132.146,107.22504532651828,264.292,107.22504532651828
9,6,132.146,114.52566227798881,264.292,264.292
9,7,132.146,120.09032474673408,264.292,120.09032474673408
9,8,132.146,111.31419010886813,264.292,111.31419010886813
9,9,132.146,122.98676455091339,264.292,122.98676455091339
9,10,132.146,112.4602086534262,264.292,112.4602086534262
9,11,132.146,125.57625291216922,264.292,125.57625291216922
9,12,132.146,125.94036221981703,264.292,125.94036221981703
9,13,132.146,128.90888138121588,264.292,128.90888138121588
9,14,132.146,117.24110921334872,264.292,117.24110921334872
9,15,132.146,65.55859023883528,264.292,65.55859023883528
9,16,132.146,103.47048124566405,264.292,103.47048124566405
9,17,132.146,71.42572783621681,264.292,264.292
9,18,132.146,124.87532045605245,264.292,124.87532045605245
9,19,132.146,97.41051121335775,264.292,264.292
9,20,132.146,65.7579893850757,264.292,264.292
9,21,132.146,89.55409246716916,264.292,89.55409246716916
9,22,132.146,121.51251413008625,264.292,121.51251413008626
9,23,132.146,121.13554912712753,264.292,121.13554912712755
9,24,132.146,129.41858498731756,264.292,129.41858498731756
9,25,132.146,108.49648499297393,264.292,108.49648499297393
9,26,132.146,114.95842897751383,264.292,114.95842897751383
9,27,132.146,71.7155093359283,264.292,71.7155093359283
9,28,132.146,86.09222080829146,264.292,86.09222080829146
9,29,132.146,72.55500246847545,264.292,140.12553546158512
9,30,132.146,106.54084265846717,264.292,106.54084265846717
9,31,132.146,96.36593471378588,264.292,96.36593471378589
9,32,132.146,78.37499312292388,264.292,78.37499312292388
9,33,132.146,113.83993226615145,264.292,264.292
9,34,132.146,122.8459180264882,264.292,122.8459180264882
9,35,132.146,76.45853068535288,264.292,76.45853068535288
9,36,132.146,124.91757349358228,264.292,124.91757349358228
9,37,132.146,85.3635132777953,264.292,85.3635132777953
9,38,132.146,121.9305417565378,264.292,264.292
9,39,132.146,108.45200465510837,264.292,108.45200465510838
9,40,132.146,100.86478779201029,264.292,100.86478779201029
9,41,132.146,95.55162648614014,264.292,95.55162648614014
9,42,132.146,125.64410363019991,264.292,125.64410363019991
9,43,132.146,106.05507881352374,264.292,106.05507881352374
9,44,132.146,120.28014038958115,264.292,120.28014038958115
9,45,132.146,132.0909046476805,264.292,132.0909046476805
9,46,132.146,77.03027523886989,264.292,77.03027523886989
9,47,132.146,82.44429107895088,264.292,264.292
9,48,132.146,109.31193153866721,264.292,109.31193153866721
9,49,132.146,77.48392890673972,264.292,77.48392890673972
9,50,132.146,75.18362406472988,264.292,75.18362406472988
9,51,132.146,130.80498762363965,264.292,264.292
9,52,132.146,126.98798683531777,264.292,264.292
9,53,132.146,126.3059706088434,264.292,126.30597060884338
9,54,132.146,82.59719580909272,264.292,82.59719580909272
9,55,132.146,101.49668253365553,264.292,101.49668253365553
9,56,132.146,98.86158205276031,264.292,98.86158205276031
9,57,132.146,67.35927451891126,264.292,67.35927451891126
9,58,132.146,67.19911591992668,264.292,67.19911591992668
9,59,132.146,75.76037947727397,264.292,75.76037947727397
9,60,132.146,92.76214878570092,264.292,92.76214878570092
9,61,132.146,76.76589254223047,264.292,76.76589254223047
9,62,132.146,67.94352706722054,264.292,67.94352706722054
9,63,132.146,94.32896065035621,264.292,264.292
9,64,132.146,118.57098576349733,264.292,118.57098576349733
9,65,132.146,67.0713479691569,264.292,67.0713479691569
9,66,132.146,107.42758135992942,264.292,107.42758135992942
9,67,132.146,88.94036047235025,264.292,88.94036047235025
9,68,132.146,132.6808704124684,265.3617408249368,132.6808704124684
9,69,132.146,116.48117676739056,264.292,116.48117676739056
9,70,132.146,126.70765634245454,264.292,126.70765634245453
9,71,132.146,119.26461431060244,264.292,119.26461431060244
9,72,132.146,109.53630958702979,264.292,109.5363095870298
9,73,132.146,69.2826536651674,264.292,69.2826536651674
9,74,132.146,94.51391217176696,264.292,94.51391217176696
9,75,132.146,69.00054097182128,264.292,69.00054097182128
9,76,132.146,130.6753424175077,264.292,130.6753424175077
9,77,132.146,107.30632349965668,264.292,107.3063234996567
9,78,132.146,77.4865621058485,264.292,77.4865621058485
9,79,132.146,82.87123725182444,264.292,82.87123725182444
9,80,132.146,88.724385214087,264.292,88.724385214087
9,81,132.146,109.76861664505034,264.292,109.76861664505036
9,82,132.146,84.63464283263755,264.292,84.63464283263755
9,83,132.146,130.7171447125147,264.292,130.7171447125147
9,84,132.146,84.26411743050237,264.292,84.26411743050237
9,85,132.146,125.09674578230015,264.292,125.09674578230015
9,86,132.146,102.99351393969538,264.292,102.99351393969538
9,87,132.146,73.00938259274992,264.292,264.292
9,88,132.146,89.20023176238574,264.292,89.20023176238574
9,89,132.146,86.20806964094785,264.292,86.20806964094785
9,90,132.146,134.03582909337734,268.0716581867547,134.03582909337734
9,91,132.146,94.05801411846882,264.292,94.05801411846882
9,92,132.146,108.94856674553012,264.292,108.94856674553013
9,93,132.146,89.13550406752776,264.292,89.13550406752776
9,94,132.146,123.6643810846736,264.292,123.6643810846736
9,95,132.146,99.00734545099556,264.292,99.00734545099556
9,96,132.146,101.12198230393614,264.292,101.12198230393614
9,97,132.146,125.49886281888605,264.292,264.292
9,98,132.146,79.84062015730879,264.292,79.84062015730879
9,99,132.146,94.09453721705832,264.292,94.09453721705832
10,0,136.682,129.9695837019759,273.364,129.9695837019759
10,1,136.682,124.80072837368759,273.364,124.80072837368759
10,2,136.682,129.43416926712254,273.364,129.43416926712254
10,3,136.682,152.64523836617616,305.2904767323523,152.64523836617616
10,4,136.682,95.88542529998703,273.364,95.88542529998703
10,5,136.682,98.03045249389422,273.364,98.03045249389422
10,6,136.682,143.05868681286378,286.11737362572757,143.05868681286378
10,7,136.682,112.96092800348607,273.364,112.96092800348607
10,8,136.682,75.40408947124848,273.364,75.40408947124848
10,9,136.682,147.183507238896,294.367014477792,147.183507238896
10,10,136.682,146.60261331346092,293.20522662692184,146.60261331346092
10,11,136.682,105.86528530914045,273.364,105.86528530914046
10,12,136.682,106.16042415440572,273.364,106.16042415440572
10,13,136.682,152.7954864035267,305.5909728070534,152.7954864035267
10,14,136.682,101.9686546527904,273.364,101.96865465279042
10,15,136.682,84.86604457043018,273.364,84.86604457043018
10,16,136.682,129.3216119401058,273.364,129.3216119401058
10,17,136.682,95.98836792274169,273.364,95.98836792274169
10,18,136.682,88.65798319369517,273.364,88.65798319369517
10,19,136.682,129.66126389585926,273.364,129.66126389585926
10,20,136.682,80.99631578032817,273.364,80.99631578032817
10,21,136.682,154.91620529490106,309.8324105898021,154.91620529490106
10,22,136.682,93.75234049985337,273.364,93.75234049985337
10,23,136.682,104.30737753747533,273.364,104.30737753747535
10,24,136.682,150.37186562985354,300.7437312597071,150.37186562985354
10,25,136.682,124.98631842999316,273.364,124.98631842999318
10,26,136.682,75.68263074503088,273.364,75.68263074503088
10,27,136.682,149.47776021946518,298.95552043893036,149.47776021946518
10,28,136.682,101.40863954552056,273.364,273.364
10,29,136.682,86.2285895018517,273.364,86.2285895018517
10,30,136.682,95.50802040397153,273.364,95.50802040397153
10,31,136.682,120.09179962490028,273.364,120.09179962490029
10,32,136.682,136.33342505970438,273.364,136.33342505970438
10,33,136.682,118.6694931628316,273.364,118.6694931628316
10,34,136.682,113.94881286514533,273.364,113.94881286514533
10,35,136.682,135.87903106598895,273.364,135.87903106598895
10,36,136.682,150.01382769598686,300.0276553919737,150.01382769598686
10,37,136.682,114.43849992712916,273.364,114.43849992712916
10,38,136.682,82.6637685554319,273.364,170.15541898475823
10,39,136.682,86.15462128456521,273.364,86.15462128456521
10,40,136.682,150.17825758526365,300.3565151705273,150.17825758526365
10,41,136.682,150.56935052595438,301.13870105190875,150.56935052595438
10,42,136.682,133.89519133394958,273.364,133.89519133394958
10,43,136.682,123.95173831129934,273.364,123.95173831129934
10,44,136.682,145.52980107567225,291.0596021513445,145.52980107567225
10,45,136.682,138.31360145661748,276.62720291323495,138.31360145661748
10,46,136.682,133.36594064380964,273.364,133.36594064380964
10,47,136.682,119.2249132747216,273.364,119.2249132747216
10,48,136.682,133.28699157973924,273.364,133.28699157973924
10,49,136.682,103.65005688722782,273.364,103.65005688722782
10,50,136.682,143.99715284302246,287.9943056860449,143.99715284302246
10,51,136.682,139.72745368841495,279.4549073768299,139.72745368841495
10,52,136.682,119.03506191069998,273.364,119.0350619107
10,53,136.682,79.86728201636073,273.364,79.86728201636073
10,54,136.682,107.5856235269815,273.364,107.5856235269815
10,55,136.682,112.84531141511385,273.364,112.84531141511384
10,56,136.682,89.03490555129889,273.364,89.03490555129889
10,57,136.682,122.95321696055184,273.364,122.95321696055184
10,58,136.682,77.655665268984,273.364,77.655665268984
10,59,136.682,98.09311120672656,273.364,98.09311120672658
10,60,136.682,86.9666964241478,273.364,86.9666964241478
10,61,136.682,119.38995664745246,273.364,119.38995664745246
10,62,136.682,85.85442547981243,273.364,85.85442547981243
10,63,136.682,89.59900823927748,273.364,89.59900823927748
10,64,136.682,151.9553615007714,303.9107230015428,151.9553615007714
10,65,136.682,95.84087785728433,273.364,95.84087785728433
10,66,136.682,117.0042654316722,273.364,117.0042654316722
10,67,136.682,93.71773467317054,273.364,93.71773467317054
10,68,136.682,76.88304862705533,273.364,76.88304862705533
10,69,136.682,132.68425014802392,273.364,132.68425014802392
10,70,136.682,104.38832571171493,273.364,104.38832571171493
10,71,136.682,112.95453039128208,273.364,112.95453039128208
10,72,136.682,76.08774894440032,273.364,76.08774894440032
10,73,136.682,89.85833473315913,273.364,89.85833473315913
10,74,136.682,119.74376270118866,273.364,119.74376270118864
10,75,136.682,129.52854047436108,273.364,129.52854047436108
10,76,136.682,126.90161447338353,273.364,126.90161447338353
10,77,136.682,151.34635688356735,302.6927137671347,151.34635688356735
10,78,136.682,104.1345975832088,273.364,104.1345975832088
10,79,136.682,144.44873550835692,288.89747101671384,144.44873550835692
10,80,136.682,135.4808517782781,273.364,135.4808517782781
10,81,136.682,131.22279027550888,273.364,131.22279027550888
10,82,136.682,142.97475186164087,285.94950372328174,142.97475186164087
10,83,136.682,146.7872633183446,293.5745266366892,146.7872633183446
10,84,136.682,131.1405043490475,273.364,131.1405043490475
10,85,136.682,79.94259364422639,273.364,273.364
10,86,136.682,90.21987678292214,273.364,90.21987678292214
10,87,136.682,120.35307286975892,273.364,120.35307286975892
10,88,136.682,119.68071564661834,273.364,119.68071564661835
10,89,136.682,153.10680234043525,306.2136046808705,153.10680234043525
10,90,136.682,120.54363512424561,273.364,273.364
10,91,136.682,140.2926929771279,280.5853859542558,140.2926929771279
10,92,136.682,125.82160194726612,273.364,125.82160194726613
10,93,136.682,82.23735611792348,273.364,82.23735611792348
10,94,136.682,103.86446085150283,273.364,103.86446085150283
10,95,136.682,113.1837189390307,273.364,113.1837189390307
10,96,136.682,86.79461903829191,273.364,86.79461903829191
10,97,136.682,112.4913250637618,273.364,112.4913250637618
10,98,136.682,122.31249630281478,273.364,122.31249630281478
10,99,136.682,139.226830782174,278.453661564348,139.226830782174
11,0,142.31,151.08475915387604,302.16951830775207,151.08475915387604
11,1,142.31,169.38845112116914,338.7769022423383,169.38845112116914
11,2,142.31,170.27026466090086,340.5405293218017,170.27026466090086
11,3,142.31,94.53778254742656,284.62,94.53778254742656
11,4,142.31,176.67673248788597,353.35346497577194,176.67673248788597
11,5,142.31,129.14996244155574,284.62,129.14996244155574
11,6,142.31,148.10906323208786,296.2181264641757,148.10906323208786
11,7,142.31,115.4592467554328,284.62,115.4592467554328
11,8,142.31,116.26275957229551,284.62,116.26275957229551
11,9,142.31,135.33542943594045,284.62,135.33542943594045
11,10,142.31,178.2923010623187,356.5846021246374,178.2923010623187
11,11,142.31,129.67272182546088,284.62,129.67272182546088
11,12,142.31,179.99489668529952,359.98979337059905,179.99489668529952
11,13,142.31,177.7894960937039,355.5789921874078,177.7894960937039
11,14,142.31,162.75097426793494,325.5019485358699,162.75097426793494
11,15,142.31,128.31168222109147,284.62,128.31168222109147
11,16,142.31,125.35764312935828,284.62,125.35764312935828
11,17,142.31,162.6586055937444,325.3172111874888,162.6586055937444
11,18,142.31,126.75593519570872,284.62,126.75593519570872
11,19,142.31,94.91111632154151,284.62,94.91111632154151
11,20,142.31,171.0259179988947,342.0518359977894,171.0259179988947
11,21,142.31,117.8157185068452,284.62,117.8157185068452
11,22,142.31,152.12322414232224,304.2464482846445,152.12322414232224
11,23,142.31,161.8015241924589,323.6030483849178,161.8015241924589
11,24,142.31,154.46438114519944,308.9287622903989,154.46438114519944
11,25,142.31,180.77689851428735,361.5537970285747,180.77689851428735
11,26,142.31,136.89122376801902,284.62,136.89122376801902
11,27,142.31,177.52825126940513,355.05650253881026,177.52825126940513
11,28,142.31,92.79676900192057,284.62,92.79676900192057
11,29,142.31,131.93306135707303,284.62,131.93306135707303
11,30,142.31,139.5571920758478,284.62,139.5571920758478
11,31,142.31,144.65200260483684,289.3040052096737,144.65200260483684
11,32,142.31,109.95777737540489,284.62,109.95777737540489
11,33,142.31,165.52102633203026,331.0420526640605,165.52102633203026
11,34,142.31,173.66245752053663,347.32491504107327,173.66245752053663
11,35,142.31,178.65339941219293,357.30679882438585,178.65339941219293
11,36,142.31,123.39951757967563,284.62,123.39951757967565
11,37,142.31,182.95047122529968,365.90094245059936,182.95047122529968
11,38,142.31,124.97860470815284,284.62,124.97860470815286
11,39,142.31,112.77706130055171,284.62,112.77706130055172
11,40,142.31,156.0744366520725,312.148873304145,156.0744366520725
11,41,142.31,91.35244530772177,284.62,91.35244530772177
11,42,142.31,107.54670242942936,284.62,107.54670242942936
11,43,142.31,100.94622165106809,284.62,100.94622165106809
11,44,142.31,119.0211381454472,284.62,119.0211381454472
11,45,142.31,173.55115053187993,347.10230106375985,173.55115053187993
11,46,142.31,101.06302688736194,284.62,101.06302688736196
11,47,142.31,181.19220779041726,362.3844155808345,181.19220779041726
11,48,142.31,160.3770883906203,320.7541767812406,160.3770883906203
11,49,142.31,166.66930310948152,333.33860621896304,166.66930310948152
11,50,142.31,133.53587968194387,284.62,133.53587968194387
11,51,142.31,177.44572470035126,354.8914494007025,177.44572470035126
11,52,142.31,145.90891613080382,291.81783226160763,145.90891613080382
11,53,142.31,174.36036079799126,348.7207215959825,174.36036079799126
11,54,142.31,119.76263934576166,284.62,119.76263934576166
11,55,142.31,179.82255870203272,359.64511740406545,179.82255870203272
11,56,142.31,181.69408145012187,363.38816290024374,181.69408145012187
11,57,142.31,126.87146024959078,284.62,126.8714602495908
11,58,142.31,103.9221870319029,284.62,103.92218703190291
11,59,142.31,181.15684365338524,362.3136873067705,181.15684365338524
11,60,142.31,111.35360960280545,284.62,111.35360960280545
11,61,142.31,164.5409418765478,329.0818837530956,164.54094187654783
11,62,142.31,178.08147560338543,356.16295120677086,178.08147560338543
11,63,142.31,90.66735586857286,284.62,90.66735586857286
11,64,142.31,157.5531788515982,315.1063577031964,157.5531788515982
11,65,142.31,94.43202472548789,284.62,94.43202472548789
11,66,142.31,138.27115370530285,284.62,138.27115370530285
11,67,142.31,169.87190422028755,339.7438084405751,169.87190422028755
11,68,142.31,96.09292396571075,284.62,96.09292396571075
11,69,142.31,108.5835973582818,284.62,108.5835973582818
11,70,142.31,163.08883432986525,326.1776686597305,163.08883432986525
11,71,142.31,155.4014492101047,310.8028984202094,155.4014492101047
11,72,142.31,160.86371782996355,321.7274356599271,160.86371782996355
11,73,142.31,137.50813379248254,284.62,137.50813379248254
11,74,142.31,114.45738547264781,284.62,114.45738547264781
11,75,142.31,120.93221382403212,284.62,120.93221382403212
11,76,142.31,156.74749651039397,313.49499302078794,156.74749651039397
11,77,142.31,182.4775462381756,364.9550924763512,182.4775462381756
11,78,142.31,117.83639806269906,284.62,117.83639806269906
11,79,142.31,110.49878554297172,284.62,110.49878554297172
11,80,142.31,119.0570183023248,284.62,119.0570183023248
11,81,142.31,95.33393791560925,284.62,95.33393791560925
11,82,142.31,105.11409551766704,284.62,105.11409551766704
11,83,142.31,166.9974296612826,333.9948593225652,166.9974296612826
11,84,142.31,99.09526215565752,284.62,99.09526215565752
11,85,142.31,103.36144338553092,284.62,103.36144338553093
11,86,142.31,168.36031476514296,336.7206295302859,168.36031476514296
11,87,142.31,111.1602580558463,284.62,111.1602580558463
11,88,142.31,178.35897230092755,356.7179446018551,178.35897230092755
11,89,142.31,116.62562584596328,284.62,116.62562584596327
11,90,142.31,105.71134996127664,284.62,105.71134996127665
11,91,142.31,126.87267954002849,284.62,126.8726795400285
11,92,142.31,89.04534869098411,284.62,89.04534869098411
11,93,142.31,128.67484575683108,284.62,128.67484575683108
11,94,142.31,140.4163377632873,284.62,140.4163377632873
11,95,142.31,181.47639293110686,362.9527858622137,181.47639293110686
11,96,142.31,156.90600137991967,313.81200275983934,156.90600137991967
11,97,142.31,125.1372350699103,284.62,125.1372350699103
11,98,142.31,123.7300175988331,284.62,123.73001759883311
11,99,142.31,128.03859400965877,284.62,128.03859400965877
12,0,157.02399999999997,143.190298187004,314.04799999999994,143.190298187004
12,1,157.02399999999997,135.8366742437961,314.04799999999994,135.8366742437961
12,2,157.02399999999997,136.52848338807502,314.04799999999994,136.52848338807502
12,3,157.02399999999997,212.22135079874764,424.4427015974953,212.22135079874764
12,4,157.02399999999997,237.27220579645902,474.54441159291804,237.27220579645905
12,5,157.02399999999997,177.85671450986007,355.71342901972014,177.85671450986007
12,6,157.02399999999997,149.76529820558608,314.04799999999994,149.76529820558608
12,7,157.02399999999997,187.75006682785983,375.50013365571965,187.75006682785983
12,8,157.02399999999997,135.07880068132854,314.04799999999994,135.07880068132854
12,9,157.02399999999997,184.4392615841795,368.878523168359,184.4392615841795
12,10,157.02399999999997,153.76366401037322,314.04799999999994,153.76366401037322
12,11,157.02399999999997,209.0327019062425,418.065403812485,209.0327019062425
12,12,157.02399999999997,234.6611099492381,469.3222198984762,234.66110994923812
12,13,157.02399999999997,236.152678840889,472.305357681778,236.15267884088902
12,14,157.02399999999997,122.52331057072045,314.04799999999994,122.52331057072045
12,15,157.02399999999997,139.42904332081335,314.04799999999994,139.42904332081335
12,16,157.02399999999997,144.81528682057007,314.04799999999994,144.81528682057007
12,17,157.02399999999997,233.43036673166569,466.86073346333137,233.43036673166569
12,18,157.02399999999997,206.94659762242313,413.89319524484625,206.94659762242313
12,19,157.02399999999997,134.89468998148618,314.04799999999994,134.89468998148618
12,20,157.02399999999997,117.95821490691176,314.04799999999994,117.95821490691176
12,21,157.02399999999997,157.09760669673966,314.1952133934793,157.09760669673966
12,22,157.02399999999997,146.2344727453532,314.04799999999994,146.2344727453532
12,23,157.02399999999997,218.31035745686398,436.62071491372797,218.31035745686398
12,24,157.02399999999997,231.53592648328222,463.07185296656445,231.53592648328222
12,25,157.02399999999997,147.05796771525692,314.04799999999994,147.05796771525692
12,26,157.02399999999997,213.85846274190544,427.7169254838109,213.85846274190544
12,27,157.02399999999997,153.5042738986741,314.04799999999994,153.5042738986741
12,28,157.02399999999997,167.2038109881196,334.4076219762392,167.20381098811964
12,29,157.02399999999997,114.72287892308431,314.04799999999994,114.72287892308431
12,30,157.02399999999997,193.94630999083608,387.89261998167217,193.94630999083608
12,31,157.02399999999997,122.35788679980118,314.04799999999994,122.35788679980118
12,32,157.02399999999997,175.46078882837392,350.92157765674784,175.46078882837392
12,33,157.02399999999997,133.7124454346219,314.04799999999994,133.7124454346219
12,34,157.02399999999997,220.74611614877264,441.4922322975453,220.74611614877267
12,35,157.02399999999997,138.82279233928307,314.04799999999994,138.82279233928307
12,36,157.02399999999997,171.49269751856048,342.98539503712095,171.49269751856048
12,37,157.02399999999997,182.0909673052141,364.1819346104282,182.0909673052141
12,38,157.02399999999997,161.10594443554663,322.21188887109327,161.10594443554663
12,39,157.02399999999997,131.3311582926329,314.04799999999994,131.3311582926329
12,40,157.02399999999997,140.03976821896134,314.04799999999994,140.03976821896134
12,41,157.02399999999997,179.8089993217088,359.6179986434176,179.8089993217088
12,42,157.02399999999997,125.19218597437825,314.04799999999994,125.19218597437825
12,43,157.02399999999997,222.8899720409502,445.7799440819004,222.8899720409502
12,44,157.02399999999997,216.02324972715888,432.04649945431777,216.02324972715888
12,45,157.02399999999997,126.31129743558985,314.04799999999994,126.31129743558984
12,46,157.02399999999997,124.42885546027266,314.04799999999994,124.42885546027267
12,47,157.02399999999997,173.29417926775739,346.58835853551477,173.29417926775739
12,48,157.02399999999997,119.0410810891131,314.04799999999994,119.0410810891131
12,49,157.02399999999997,237.27650661627496,474.5530132325499,237.276506616275
12,50,157.02399999999997,126.905200386416,314.04799999999994,126.905200386416
12,51,157.02399999999997,179.85521442210666,359.7104288442133,179.85521442210666
12,52,157.02399999999997,177.100684182134,354.201368364268,177.100684182134
12,53,157.02399999999997,185.54923013875643,371.09846027751286,185.54923013875643
12,54,157.02399999999997,162.5521556533308,325.1043113066616,162.5521556533308
12,55,157.02399999999997,180.61210300789517,361.22420601579034,180.6121030078952
12,56,157.02399999999997,165.78542712435151,331.57085424870303,165.78542712435151
12,57,157.02399999999997,125.3539106419037,314.04799999999994,125.35391064190368
12,58,157.02399999999997,129.10474007557067,314.04799999999994,129.10474007557067
12,59,157.02399999999997,229.23187574898924,458.4637514979785,229.23187574898924
12,60,157.02399999999997,165.06861695431246,330.1372339086249,165.06861695431246
12,61,157.02399999999997,199.4303077372237,398.8606154744474,199.4303077372237
12,62,157.02399999999997,219.35679414704728,438.71358829409456,219.3567941470473
12,63,157.02399999999997,129.04109850420537,314.04799999999994,129.04109850420537
12,64,157.02399999999997,131.25188700278662,314.04799999999994,131.25188700278662
12,65,157.02399999999997,195.07072894536023,390.14145789072046,195.07072894536023
12,66,157.02399999999997,151.27414027239547,314.04799999999994,151.27414027239547
12,67,157.02399999999997,174.67901750363492,349.35803500726985,174.67901750363492
12,68,157.02399999999997,168.2740578279308,336.5481156558616,168.2740578279308
12,69,157.02399999999997,156.2359667015619,314.04799999999994,156.2359667015619
12,70,157.02399999999997,207.5402359857566,415.0804719715132,207.5402359857566
12,71,157.02399999999997,207.17533828193442,414.35067656386883,207.17533828193444
12,72,157.02399999999997,136.03827167097603,314.04799999999994,136.03827167097603
12,73,157.02399999999997,170.25167383888356,340.5033476777671,170.25167383888356
12,74,157.02399999999997,224.444902954332,448.889805908664,224.444902954332
12,75,157.02399999999997,231.39588875251798,462.79177750503595,231.395888752518
12,76,157.02399999999997,163.0471305375245,326.094261075049,163.0471305375245
12,77,157.02399999999997,218.3319951882515,436.663990376503,218.3319951882515
12,78,157.02399999999997,157.34864244183575,314.6972848836715,157.34864244183575
12,79,157.02399999999997,132.0205007814816,314.04799999999994,132.0205007814816
12,80,157.02399999999997,205.6622484707441,411.3244969414882,205.6622484707441
12,81,157.02399999999997,171.93813559328876,343.8762711865775,171.93813559328876
12,82,157.02399999999997,118.91580935906761,314.04799999999994,118.91580935906761
12,83,157.02399999999997,173.72609163637497,347.45218327274995,173.72609163637497
12,84,157.02399999999997,145.56759794304142,314.04799999999994,145.56759794304142
12,85,157.02399999999997,167.44938640003295,334.8987728000659,167.44938640003295
12,86,157.02399999999997,155.73528331340813,314.04799999999994,155.73528331340813
12,87,157.02399999999997,202.89961626340082,405.79923252680163,202.89961626340082
12,88,157.02399999999997,128.3870662023081,314.04799999999994,128.3870662023081
12,89,157.02399999999997,181.97564874903762,363.95129749807523,181.97564874903762
12,90,157.02399999999997,161.08326077408637,322.16652154817274,161.08326077408637
12,91,157.02399999999997,170.83010224131743,341.66020448263487,170.83010224131743
12,92,157.02399999999997,194.88696392269935,389.7739278453987,194.88696392269935
12,93,157.02399999999997,177.03201108461397,354.06402216922794,177.03201108461397
12,94,157.02399999999997,182.35692611989194,364.7138522397839,182.35692611989194
12,95,157.02399999999997,202.37522002547945,404.7504400509589,202.37522002547945
12,96,157.02399999999997,160.80193689408733,321.60387378817467,160.80193689408733
12,97,157.02399999999997,204.83472743817285,409.6694548763457,204.83472743817285
12,98,157.02399999999997,199.29363523479807,398.58727046959615,199.29363523479807
12,99,157.02399999999997,153.8944982125179,314.04799999999994,153.8944982125179
13,0,155.48399999999998,286.07948731178976,572.1589746235795,286.07948731178976
13,1,155.48399999999998,252.83499613385882,505.66999226771765,252.83499613385882
13,2,155.48399999999998,235.04352747326482,470.08705494652963,235.04352747326482
13,3,155.48399999999998,292.3448475437812,584.6896950875624,292.3448475437812
13,4,155.48399999999998,200.68381151152562,401.36762302305124,200.68381151152562
13,5,155.48399999999998,199.71934059526728,399.43868119053457,199.71934059526728
13,6,155.48399999999998,226.8596495681472,453.7192991362944,226.8596495681472
13,7,155.48399999999998,328.89163744743666,657.7832748948733,328.89163744743666
13,8,155.48399999999998,209.11078486154392,418.22156972308784,209.11078486154392
13,9,155.48399999999998,259.7062461895513,519.4124923791026,259.7062461895513
13,10,155.48399999999998,340.8839762438502,681.7679524877004,340.8839762438502
13,11,155.48399999999998,176.78967371767024,353.5793474353405,176.78967371767024
13,12,155.48399999999998,279.5746779250342,559.1493558500684,279.5746779250342
13,13,155.48399999999998,295.19692897910784,590.3938579582157,295.19692897910784
13,14,155.48399999999998,208.47926757513653,416.95853515027306,208.47926757513653
13,15,155.48399999999998,346.8346583141061,693.6693166282122,346.8346583141061
13,16,155.48399999999998,212.4963170340801,424.9926340681602,212.4963170340801
13,17,155.48399999999998,263.0177417751758,526.0354835503516,263.0177417751758
13,18,155.48399999999998,270.5343066527505,541.068613305501,270.5343066527505
13,19,155.48399999999998,261.27977594180874,522.5595518836175,261.27977594180874
13,20,155.48399999999998,317.3872816035467,634.7745632070934,317.3872816035467
13,21,155.48399999999998,279.54433227389154,559.0886645477831,279.54433227389154
13,22,155.48399999999998,256.81096028656054,513.6219205731211,256.81096028656054
13,23,155.48399999999998,232.8768119184064,465.7536238368128,232.87681191840642
13,24,155.48399999999998,326.4468860652351,652.8937721304702,326.4468860652351
13,25,155.48399999999998,246.59135911132805,493.1827182226561,246.59135911132805
13,26,155.48399999999998,181.95876014020365,363.9175202804073,181.95876014020365
13,27,155.48399999999998,199.30782572770076,398.6156514554015,199.30782572770076
13,28,155.48399999999998,299.8725130675388,599.7450261350776,299.8725130675388
13,29,155.48399999999998,215.33663374108616,430.6732674821723,215.33663374108616
13,30,155.48399999999998,266.3856243246592,532.7712486493184,266.3856243246592
13,31,155.48399999999998,328.3554198866502,656.7108397733004,328.3554198866502
13,32,155.48399999999998,184.3961476705696,368.7922953411392,184.3961476705696
13,33,155.48399999999998,198.54516643105399,397.09033286210797,198.54516643105399
13,34,155.48399999999998,345.3230874695495,690.646174939099,345.3230874695495
13,35,155.48399999999998,337.9173745211671,675.8347490423342,337.9173745211671
13,36,155.48399999999998,340.9203930873318,681.8407861746635,340.9203930873318
13,37,155.48399999999998,229.23242389953108,458.46484779906217,229.23242389953108
13,38,155.48399999999998,230.10141922396022,460.20283844792044,230.10141922396025
13,39,155.48399999999998,241.15276034462966,482.3055206892593,241.15276034462966
13,40,155.48399999999998,334.17660409748106,668.3532081949621,334.1766040974811
13,41,155.48399999999998,195.31591878306696,390.6318375661339,195.315918783067
13,42,155.48399999999998,264.23575927436167,528.4715185487233,264.23575927436167
13,43,155.48399999999998,217.6069957406904,435.2139914813808,217.6069957406904
13,44,155.48399999999998,218.9739677233707,437.9479354467414,218.97396772337066
13,45,155.48399999999998,182.84290182487996,365.6858036497599,182.84290182487996
13,46,155.48399999999998,241.43028764855006,482.8605752971001,241.4302876485501
13,47,155.48399999999998,179.94115925374905,359.8823185074981,179.94115925374905
13,48,155.48399999999998,253.33599685183253,506.67199370366507,253.33599685183253
13,49,155.48399999999998,298.6426830799062,597.2853661598124,298.6426830799062
13,50,155.48399999999998,222.18296653533113,444.36593307066227,222.1829665353311
13,51,155.48399999999998,231.7178518576611,463.4357037153222,231.71785185766106
13,52,155.48399999999998,183.82646948678817,367.65293897357634,183.82646948678817
13,53,155.48399999999998,342.7558625582723,685.5117251165447,342.7558625582723
13,54,155.48399999999998,182.91765931203898,365.83531862407796,182.91765931203898
13,55,155.48399999999998,309.8894932249527,619.7789864499053,309.8894932249527
13,56,155.48399999999998,290.09292951629675,580.1858590325935,290.09292951629675
13,57,155.48399999999998,201.26869295042772,402.53738590085544,201.26869295042772
13,58,155.48399999999998,188.53220616113208,377.06441232226416,188.53220616113208
13,59,155.48399999999998,215.9640045223379,431.9280090446758,215.9640045223379
13,60,155.48399999999998,210.73432612505275,421.4686522501055,210.73432612505277
13,61,155.48399999999998,251.5683246134031,503.1366492268062,251.5683246134031
13,62,155.48399999999998,230.6599368129654,461.3198736259308,230.6599368129654
13,63,155.48399999999998,199.6070749804224,399.2141499608448,199.6070749804224
13,64,155.48399999999998,289.31856718908296,578.6371343781659,289.31856718908296
13,65,155.48399999999998,180.37781128865885,360.7556225773177,180.37781128865885
13,66,155.48399999999998,214.97162041640172,429.94324083280344,214.97162041640175
13,67,155.48399999999998,310.179309239467,620.358618478934,310.179309239467
13,68,155.48399999999998,330.5273958306416,661.0547916612832,330.5273958306416
13,69,155.48399999999998,314.4118555523101,628.8237111046202,314.4118555523101
13,70,155.48399999999998,303.5781271857091,607.1562543714182,303.5781271857091
13,71,155.48399999999998,196.80104578271184,393.6020915654237,196.80104578271184
13,72,155.48399999999998,322.5974289335747,645.1948578671494,322.5974289335747
13,73,155.48399999999998,180.1067565995384,360.2135131990768,180.1067565995384
13,74,155.48399999999998,228.553744912966,457.107489825932,228.55374491296604
13,75,155.48399999999998,277.56054475573694,555.1210895114739,277.56054475573694
13,76,155.48399999999998,321.13333693613464,642.2666738722693,321.13333693613464
13,77,155.48399999999998,322.5279812152081,645.0559624304162,322.5279812152081
13,78,155.48399999999998,208.195355421246,416.390710842492,208.19535542124603
13,79,155.48399999999998,177.67429361986237,355.34858723972474,177.67429361986237
13,80,155.48399999999998,213.9311838921259,427.8623677842518,213.9311838921259
13,81,155.48399999999998,267.6083035324142,535.2166070648284,267.6083035324142
13,82,155.48399999999998,338.951384180253,677.902768360506,338.951384180253
13,83,155.48399999999998,311.85389356116036,623.7077871223207,311.85389356116036
13,84,155.48399999999998,244.1252011196533,488.2504022393066,244.1252011196533
13,85,155.48399999999998,331.80928833995677,663.6185766799135,331.80928833995677
13,86,155.48399999999998,227.24121254583864,454.48242509167727,227.24121254583864
13,87,155.48399999999998,242.6903720959697,485.3807441919394,242.6903720959697
13,88,155.48399999999998,339.6186906002957,679.2373812005914,339.6186906002957
13,89,155.48399999999998,178.82127417181997,357.64254834363993,178.82127417181997
13,90,155.48399999999998,208.63004826168685,417.2600965233737,208.63004826168688
13,91,155.48399999999998,330.7265378010095,661.453075602019,330.7265378010095
13,92,155.48399999999998,282.3715103054323,564.7430206108646,282.3715103054323
13,93,155.48399999999998,240.65776489478773,481.31552978957546,240.6577648947877
13,94,155.48399999999998,283.2621293565243,566.5242587130487,283.2621293565243
13,95,155.48399999999998,211.11487397124466,422.2297479424893,211.1148739712447
13,96,155.48399999999998,243.77818350107069,487.55636700214137,243.7781835010707
13,97,155.48399999999998,194.2693837904746,388.5387675809492,194.2693837904746
13,98,155.48399999999998,222.7757940834927,445.5515881669854,222.77579408349274
13,99,155.48399999999998,332.68238083416105,665.3647616683221,332.68238083416105
14,0,170.142,122.09139788714378,340.284,122.09139788714378
14,1,170.142,165.05452058357258,340.284,165.05452058357258
14,2,170.142,133.82848437763388,340.284,133.82848437763388
14,3,170.142,144.4572727269549,340.284,144.4572727269549
14,4,170.142,98.743840049147,340.284,340.284
14,5,170.142,160.67601221713022,340.284,160.67601221713022
14,6,170.142,93.95904832693805,340.284,93.95904832693805
14,7,170.142,143.67966870799518,340.284,143.67966870799518
14,8,170.142,142.11635517897716,340.284,142.11635517897716
14,9,170.142,87.12364175941039,340.284,340.284
14,10,170.142,132.07245380981715,340.284,132.07245380981715
14,11,170.142,133.0846782380047,340.284,133.0846782380047
14,12,170.142,154.11176752243725,340.284,154.11176752243725
14,13,170.142,129.0604669573454,340.284,129.0604669573454
14,14,170.142,158.88057338840312,340.284,158.88057338840312
14,15,170.142,148.49125436281997,340.284,148.49125436281997
14,16,170.142,84.32976461153872,340.284,84.32976461153872
14,17,170.142,139.24888480421419,340.284,139.24888480421419
14,18,170.142,127.56187569779847,340.284,127.56187569779847
14,19,170.142,124.74994946762644,340.284,124.74994946762644
14,20,170.142,153.52076839573257,340.284,153.52076839573257
14,21,170.142,118.37452052171041,340.284,118.37452052171041
14,22,170.142,127.84265156116625,340.284,179.13623443276987
14,23,170.142,158.67791558070599,340.284,158.67791558070599
14,24,170.142,109.30956635740677,340.284,340.284
14,25,170.142,156.2171653649512,340.284,156.2171653649512
14,26,170.142,80.78624727173317,340.284,80.78624727173317
14,27,170.142,98.93193037670669,340.284,340.284
14,28,170.142,148.28845659852945,340.284,148.28845659852945
14,29,170.142,127.31645841693239,340.284,127.31645841693239
14,30,170.142,124.73887248125358,340.284,124.7388724812536
14,31,170.142,146.3680921612833,340.284,146.3680921612833
14,32,170.142,95.29989415932108,340.284,95.29989415932108
14,33,170.142,121.58709698698607,340.284,121.58709698698607
14,34,170.142,105.93084866396731,340.284,340.284
14,35,170.142,153.73576518700577,340.284,153.73576518700577
14,36,170.142,98.14013276953706,340.284,340.284
14,37,170.142,80.97043347800954,340.284,80.97043347800954
14,38,170.142,135.53864164477648,340.284,135.53864164477648
14,39,170.142,89.7004257892494,340.284,89.7004257892494
14,40,170.142,97.5281086491365,340.284,126.92189706227097
14,41,170.142,124.28468116209918,340.284,124.28468116209919
14,42,170.142,111.91032745628857,340.284,111.91032745628857
14,43,170.142,133.1216094314722,340.284,133.1216094314722
14,44,170.142,148.15570950017346,340.284,148.15570950017346
14,45,170.142,165.4488545795956,340.284,165.4488545795956
14,46,170.142,133.18643902023052,340.284,133.18643902023052
14,47,170.142,108.68329300091817,340.284,108.68329300091817
14,48,170.142,104.27902615427934,340.284,104.27902615427934
14,49,170.142,120.65961941893562,340.284,120.65961941893562
14,50,170.142,142.188800366583,340.284,142.188800366583
14,51,170.142,145.24667395517997,340.284,145.24667395517997
14,52,170.142,104.96824910182244,340.284,104.96824910182244
14,53,170.142,85.85260195576173,340.284,85.85260195576173
14,54,170.142,160.32879119938755,340.284,160.32879119938755
14,55,170.142,131.4659506025737,340.284,131.4659506025737
14,56,170.142,93.30484572189908,340.284,93.30484572189908
14,57,170.142,119.80394760077559,340.284,119.8039476007756
14,58,170.142,85.08658272069586,340.284,85.08658272069586
14,59,170.142,114.84874583199175,340.284,114.84874583199176
14,60,170.142,117.94477141740607,340.284,117.94477141740607
14,61,170.142,104.91353897119176,340.284,340.284
14,62,170.142,126.06726260881206,340.284,340.284
14,63,170.142,92.02132427917421,340.284,92.02132427917421
14,64,170.142,82.3178262256712,340.284,340.284
14,65,170.142,164.00186265353523,340.284,164.00186265353523
14,66,170.142,134.94447895255675,340.284,134.94447895255675
14,67,170.142,151.672183847012,340.284,151.672183847012
14,68,170.142,125.027162343724,340.284,125.027162343724
14,69,170.142,130.07108006694443,340.284,130.07108006694443
14,70,170.142,89.68870440216595,340.284,89.68870440216595
14,71,170.142,128.47964853913638,340.284,340.284
14,72,170.142,137.34152281483586,340.284,137.34152281483586
14,73,170.142,157.2021642775581,340.284,157.2021642775581
14,74,170.142,116.90758751348604,340.284,116.90758751348605
14,75,170.142,106.29676100842441,340.284,106.29676100842443
14,76,170.142,101.24180637982901,340.284,101.24180637982903
14,77,170.142,153.46899661772494,340.284,153.46899661772494
14,78,170.142,142.6959180654267,340.284,142.6959180654267
14,79,170.142,161.17342512346798,340.284,161.17342512346798
14,80,170.142,119.02073674352826,340.284,119.02073674352826
14,81,170.142,131.1079193966819,340.284,131.1079193966819
14,82,170.142,97.26564191503161,340.284,97.26564191503161
14,83,170.142,120.459004354329,340.284,120.459004354329
14,84,170.142,136.56362570426955,340.284,136.56362570426955
14,85,170.142,118.32953833999046,340.284,118.32953833999046
14,86,170.142,141.59845205812485,340.284,141.59845205812485
14,87,170.142,151.22911988634755,340.284,151.22911988634755
14,88,170.142,148.13518931136258,340.284,148.13518931136258
14,89,170.142,163.86064061701364,340.284,163.86064061701364
14,90,170.142,84.10607046004108,340.284,84.10607046004108
14,91,170.142,98.65304735859146,340.284,98.65304735859148
14,92,170.142,142.9098763153517,340.284,142.9098763153517
14,93,170.142,85.0141278815874,340.284,85.0141278815874
14,94,170.142,118.84426205277357,340.284,118.84426205277359
14,95,170.142,134.55398952790014,340.284,134.55398952790014
14,96,170.142,164.70493730084146,340.284,340.284
14,97,170.142,156.63727397870645,340.284,156.63727397870645
14,98,170.142,137.79829604401755,340.284,137.79829604401755
14,99,170.142,139.98920349021037,340.284,139.98920349021037
15,0,183.98799999999997,385.52153282894653,771.0430656578931,385.52153282894653
15,1,183.98799999999997,226.71276294432693,453.42552588865385,226.71276294432693
15,2,183.98799999999997,326.37991406302916,652.7598281260583,326.37991406302916
15,3,183.98799999999997,221.99407443417692,443.98814886835385,221.99407443417692
15,4,183.98799999999997,312.74911117674907,625.4982223534981,312.74911117674907
15,5,183.98799999999997,210.66639072480493,421.33278144960985,210.66639072480493
15,6,183.98799999999997,332.80824989487996,665.6164997897599,332.80824989487996
15,7,183.98799999999997,384.6711401815742,769.3422803631483,384.6711401815742
15,8,183.98799999999997,337.11577058062613,674.2315411612523,337.1157705806262
15,9,183.98799999999997,356.9415817078671,713.8831634157342,356.9415817078671
15,10,183.98799999999997,313.6363246841323,627.2726493682646,313.6363246841323
15,11,183.98799999999997,280.4941216690105,560.988243338021,280.4941216690105
15,12,183.98799999999997,296.90988406751404,593.8197681350281,296.90988406751404
15,13,183.98799999999997,301.2622424467566,602.5244848935132,301.2622424467566
15,14,183.98799999999997,222.3077772318211,444.6155544636422,222.30777723182112
15,15,183.98799999999997,252.9328914290435,505.865782858087,252.93289142904348
15,16,183.98799999999997,316.52756546675016,633.0551309335003,316.52756546675016
15,17,183.98799999999997,328.30659158445934,656.6131831689187,328.30659158445934
15,18,183.98799999999997,312.97241545882486,625.9448309176497,312.97241545882486
15,19,183.98799999999997,391.59525203869845,783.1905040773969,391.59525203869845
15,20,183.98799999999997,261.37910396537393,522.7582079307479,261.37910396537393
15,21,183.98799999999997,368.74338481144974,737.4867696228995,368.74338481144974
15,22,183.98799999999997,279.0227071051979,558.0454142103958,279.0227071051979
15,23,183.98799999999997,372.9198078272072,745.8396156544144,372.9198078272072
15,24,183.98799999999997,400.45206865965616,800.9041373193123,400.4520686596562
15,25,183.98799999999997,265.5781859267732,531.1563718535464,265.5781859267732
15,26,183.98799999999997,313.9994220365919,627.9988440731838,313.9994220365919
15,27,183.98799999999997,302.42239477047946,604.8447895409589,302.42239477047946
15,28,183.98799999999997,225.16056897524905,450.3211379504981,225.16056897524908
15,29,183.98799999999997,198.1519450870726,396.3038901741452,198.1519450870726
15,30,183.98799999999997,219.3840266425736,438.7680532851472,219.3840266425736
15,31,183.98799999999997,359.21804918829537,718.4360983765907,359.21804918829537
15,32,183.98799999999997,208.81795797948175,417.6359159589635,208.81795797948178
15,33,183.98799999999997,237.17777640116702,474.35555280233405,237.17777640116702
15,34,183.98799999999997,260.1054282730362,520.2108565460724,260.1054282730362
15,35,183.98799999999997,239.75730393373908,479.51460786747816,239.7573039337391
15,36,183.98799999999997,402.4210583029986,804.8421166059971,402.42105830299863
15,37,183.98799999999997,301.84125236070935,603.6825047214187,301.84125236070935
15,38,183.98799999999997,287.5464590646858,575.0929181293716,287.5464590646858
15,39,183.98799999999997,247.66348771477863,495.32697542955725,247.66348771477863
15,40,183.98799999999997,312.49870466407214,624.9974093281443,312.49870466407214
15,41,183.98799999999997,347.22735747247054,694.4547149449411,347.22735747247054
15,42,183.98799999999997,202.31191293115572,404.62382586231143,202.31191293115575
15,43,183.98799999999997,318.75284220739553,637.5056844147911,318.75284220739553
15,44,183.98799999999997,374.3199242988457,748.6398485976914,374.3199242988457
15,45,183.98799999999997,226.43225333359365,452.8645066671873,226.43225333359368
15,46,183.98799999999997,331.7928315375728,663.5856630751456,331.7928315375728
15,47,183.98799999999997,332.7138685381869,665.4277370763738,332.7138685381869
15,48,183.98799999999997,233.17085501168006,466.3417100233601,233.17085501168003
15,49,183.98799999999997,261.39059800991606,522.7811960198321,261.39059800991606
15,50,183.98799999999997,238.55654102792636,477.1130820558527,238.55654102792636
15,51,183.98799999999997,369.33128688763,738.66257377526,369.33128688763
15,52,183.98799999999997,348.9630294250125,697.926058850025,348.9630294250125
15,53,183.98799999999997,343.64936607805157,687.2987321561031,343.64936607805157
15,54,183.98799999999997,275.00333736474045,550.0066747294809,275.00333736474045
15,55,183.98799999999997,294.40001226245676,588.8000245249135,294.40001226245676
15,56,183.98799999999997,299.9975770563491,599.9951541126982,299.9975770563491
15,57,183.98799999999997,238.195174903652,476.390349807304,238.19517490365203
15,58,183.98799999999997,323.3644311746165,646.728862349233,323.3644311746165
15,59,183.98799999999997,233.85812332550265,467.7162466510053,233.85812332550265
15,60,183.98799999999997,324.400337206523,648.800674413046,324.400337206523
15,61,183.98799999999997,408.07720135257415,816.1544027051483,408.0772013525742
15,62,183.98799999999997,213.15980448661512,426.31960897323023,213.15980448661512
15,63,183.98799999999997,284.5780163448216,569.1560326896432,284.5780163448216
15,64,183.98799999999997,268.0182533708821,536.0365067417642,268.0182533708821
15,65,183.98799999999997,315.76421478095915,631.5284295619183,315.76421478095915
15,66,183.98799999999997,331.0637580957368,662.1275161914735,331.0637580957368
15,67,183.98799999999997,309.53135936108947,619.0627187221789,309.53135936108947
15,68,183.98799999999997,305.1128056326117,610.2256112652234,305.1128056326117
15,69,183.98799999999997,374.6005522878138,749.2011045756276,374.6005522878138
15,70,183.98799999999997,385.6309820647536,771.2619641295072,385.6309820647536
15,71,183.98799999999997,245.04472543583634,490.0894508716727,245.04472543583634
15,72,183.98799999999997,357.6453467228542,715.2906934457084,357.6453467228542
15,73,183.98799999999997,300.12861231489177,600.2572246297835,300.12861231489177
15,74,183.98799999999997,238.67213796896021,477.34427593792043,238.67213796896021
15,75,183.98799999999997,219.389032383478,438.778064766956,219.389032383478
15,76,183.98799999999997,273.98032078126136,547.9606415625227,273.98032078126136
15,77,183.98799999999997,211.97176010093534,423.9435202018707,211.97176010093534
15,78,183.98799999999997,334.692850543579,669.385701087158,334.692850543579
15,79,183.98799999999997,242.95194058548972,485.90388117097945,242.95194058548972
15,80,183.98799999999997,326.4881901765305,652.976380353061,326.4881901765305
15,81,183.98799999999997,262.0368333060659,524.0736666121318,262.0368333060659
15,82,183.98799999999997,244.17600548297796,488.3520109659559,244.17600548297798
15,83,183.98799999999997,330.1672939657626,660.3345879315252,330.1672939657626
15,84,183.98799999999997,249.62965688590447,499.25931377180893,249.6296568859045
15,85,183.98799999999997,388.77930853294015,777.5586170658803,388.77930853294015
15,86,183.98799999999997,249.4000304968823,498.8000609937646,249.4000304968823
15,87,183.98799999999997,209.89867880650294,419.7973576130059,209.89867880650291
15,88,183.98799999999997,246.40474418470117,492.80948836940235,246.40474418470117
15,89,183.98799999999997,280.6704819259683,561.3409638519366,280.6704819259683
15,90,183.98799999999997,283.24444066617593,566.4888813323519,283.24444066617593
15,91,183.98799999999997,280.71948113616327,561.4389622723265,280.71948113616327
15,92,183.98799999999997,305.4202215415775,610.840443083155,305.4202215415775
15,93,183.98799999999997,252.514919474516,505.029838949032,252.51491947451603
15,94,183.98799999999997,328.7221051295729,657.4442102591458,328.7221051295729
15,95,183.98799999999997,292.8078697196778,585.6157394393556,292.8078697196778
15,96,183.98799999999997,375.72065668257886,751.4413133651577,375.72065668257886
15,97,183.98799999999997,326.85917987395027,653.7183597479005,326.85917987395027
15,98,183.98799999999997,351.60705289851603,703.2141057970321,351.60705289851603
15,99,183.98799999999997,283.4479557855212,566.8959115710423,283.4479557855212
16,0,191.702,199.84310171362708,399.68620342725416,199.84310171362708
16,1,191.702,189.54906750171654,383.404,189.54906750171654
16,2,191.702,184.52117997070997,383.404,184.52117997070997
16,3,191.702,132.93446247643254,383.404,132.93446247643254
16,4,191.702,189.4206622755752,383.404,189.4206622755752
16,5,191.702,168.7592294248072,383.404,168.7592294248072
16,6,191.702,130.45687010914284,383.404,130.45687010914284
16,7,191.702,126.19126338691683,383.404,126.19126338691684
16,8,191.702,104.22777778040427,383.404,104.22777778040427
16,9,191.702,177.4370819390494,383.404,383.404
16,10,191.702,166.38588594068477,383.404,166.38588594068477
16,11,191.702,185.05929561576096,383.404,185.05929561576096
16,12,191.702,99.95396418918244,383.404,99.95396418918244
16,13,191.702,115.3932146893612,383.404,115.39321468936122
16,14,191.702,179.92383813696708,383.404,179.92383813696708
16,15,191.702,117.95746662658523,383.404,117.95746662658524
16,16,191.702,101.91568191098774,383.404,101.91568191098774
16,17,191.702,177.81706845611248,383.404,177.81706845611248
16,18,191.702,101.93375982205927,383.404,383.404
16,19,191.702,156.6168329355826,383.404,156.6168329355826
16,20,191.702,199.03564245744482,398.07128491488965,199.03564245744482
16,21,191.702,116.471434835497,383.404,116.471434835497
16,22,191.702,145.46750095940837,383.404,145.46750095940837
16,23,191.702,152.36081115147374,383.404,152.36081115147374
16,24,191.702,103.1409598928609,383.404,103.14095989286092
16,25,191.702,123.46543838728472,383.404,123.46543838728472
16,26,191.702,188.06536122253485,383.404,188.06536122253485
16,27,191.702,193.844250651266,387.688501302532,193.844250651266
16,28,191.702,100.21997093854526,383.404,100.21997093854526
16,29,191.702,170.68303541541937,383.404,170.68303541541937
16,30,191.702,189.2952571077393,383.404,189.2952571077393
16,31,191.702,135.54950336319448,383.404,135.54950336319448
16,32,191.702,167.67713669820685,383.404,167.67713669820685
16,33,191.702,153.01548750065876,383.404,383.404
16,34,191.702,178.57595185412583,383.404,178.57595185412583
16,35,191.702,182.95618342858805,383.404,182.95618342858805
16,36,191.702,171.77710576515787,383.404,171.77710576515787
16,37,191.702,140.2694610553705,383.404,140.2694610553705
16,38,191.702,125.95738960551955,383.404,125.95738960551957
16,39,191.702,109.0793749215291,383.404,109.07937492152911
16,40,191.702,99.78758486317597,383.404,383.404
16,41,191.702,191.0059765068389,383.404,191.0059765068389
16,42,191.702,189.2514512401694,383.404,189.2514512401694
16,43,191.702,127.3467068033354,383.404,127.3467068033354
16,44,191.702,143.89925034587793,383.404,143.89925034587793
16,45,191.702,101.59681194643609,383.404,101.59681194643608
16,46,191.702,127.35402490695931,383.404,127.35402490695931
16,47,191.702,142.7239922178946,383.404,142.7239922178946
16,48,191.702,164.46724835002448,383.404,164.46724835002448
16,49,191.702,144.04616297114845,383.404,144.04616297114845
16,50,191.702,168.68335840349897,383.404,383.404
16,51,191.702,103.28109485791117,383.404,103.28109485791117
16,52,191.702,193.68522404636607,387.37044809273215,193.68522404636607
16,53,191.702,196.74741990991257,393.49483981982513,196.7474199099126
16,54,191.702,146.69734228482204,383.404,383.404
16,55,191.702,157.1567171935,383.404,383.404
16,56,191.702,176.54819771018046,383.404,176.54819771018046
16,57,191.702,165.1295586767692,383.404,165.1295586767692
16,58,191.702,168.4646657615449,383.404,168.4646657615449
16,59,191.702,137.2571262152723,383.404,137.2571262152723
16,60,191.702,125.35678922921754,383.404,125.35678922921754
16,61,191.702,167.1016797054043,383.404,167.1016797054043
16,62,191.702,200.25573819621658,400.51147639243317,200.25573819621658
16,63,191.702,108.88149445965637,383.404,108.88149445965635
16,64,191.702,113.25526734140574,383.404,113.25526734140574
16,65,191.702,151.33894692020516,383.404,151.33894692020516
16,66,191.702,150.523798432533,383.404,150.523798432533
16,67,191.702,150.97464206658506,383.404,383.404
16,68,191.702,102.61774477243796,383.404,383.404
16,69,191.702,150.56469316079057,383.404,150.56469316079057
16,70,191.702,115.85624202964743,383.404,115.85624202964743
16,71,191.702,162.2915506469957,383.404,162.2915506469957
16,72,191.702,112.25891159850957,383.404,112.25891159850958
16,73,191.702,141.2202054992975,383.404,383.404
16,74,191.702,190.9750358832129,383.404,190.9750358832129
16,75,191.702,123.3807458123475,383.404,123.3807458123475
16,76,191.702,189.67663038321948,383.404,189.67663038321948
16,77,191.702,167.4153089860799,383.404,167.4153089860799
16,78,191.702,184.03857369012266,383.404,184.03857369012266
16,79,191.702,129.02373588280398,383.404,129.02373588280398
16,80,191.702,197.8932863732168,395.7865727464336,197.8932863732168
16,81,191.702,162.02986282670065,383.404,162.02986282670065
16,82,191.702,150.00547582837766,383.404,150.00547582837766
16,83,191.702,178.75088135537428,383.404,178.75088135537428
16,84,191.702,170.49510737042075,383.404,383.404
16,85,191.702,119.22003369309982,383.404,119.22003369309981
16,86,191.702,152.47615285504656,383.404,383.404
16,87,191.702,109.36650605960004,383.404,109.36650605960006
16,88,191.702,131.84198350320148,383.404,131.84198350320148
16,89,191.702,148.7088563645892,383.404,148.7088563645892
16,90,191.702,135.45180950356652,383.404,383.404
16,91,191.702,127.95002207680092,383.404,127.95002207680093
16,92,191.702,163.52310070867927,383.404,163.52310070867927
16,93,191.702,97.97558361586073,383.404,97.97558361586073
16,94,191.702,187.7218831678002,383.404,187.7218831678002
16,95,191.702,163.69642867139493,383.404,383.404
16,96,191.702,162.56873603275787,383.404,383.404
16,97,191.702,149.53763067310462,383.404,149.53763067310462
16,98,191.702,127.63413213704716,383.404,127.63413213704717
16,99,191.702,160.53736192636032,383.404,160.53736192636032
17,0,185.29,161.76914409597052,370.58,161.76914409597052
17,1,185.29,231.18441733816724,462.3688346763345,231.18441733816724
17,2,185.29,183.68673541072909,370.58,183.68673541072909
17,3,185.29,147.82339140238432,370.58,147.82339140238432
17,4,185.29,254.21892930690817,508.43785861381633,254.2189293069082
17,5,185.29,272.73955645633646,545.4791129126729,272.73955645633646
17,6,185.29,260.0353693303713,520.0707386607426,260.0353693303713
17,7,185.29,164.55556599824956,370.58,164.55556599824956
17,8,185.29,241.58947012316628,483.17894024633256,241.58947012316628
17,9,185.29,229.8777848269764,459.7555696539528,229.8777848269764
17,10,185.29,249.39297507364122,498.78595014728245,249.39297507364122
17,11,185.29,141.68908930561386,370.58,141.68908930561386
17,12,185.29,215.19001638175789,430.38003276351577,215.19001638175789
17,13,185.29,139.18484576213984,370.58,139.18484576213984
17,14,185.29,178.75940988517618,370.58,178.75940988517618
17,15,185.29,231.4713104412594,462.9426208825188,231.4713104412594
17,16,185.29,232.7214306595759,465.4428613191518,232.7214306595759
17,17,185.29,243.26559252031547,486.53118504063093,243.26559252031547
17,18,185.29,250.03040035406386,500.0608007081277,250.0304003540639
17,19,185.29,190.90679699797516,381.8135939959503,190.90679699797516
17,20,185.29,256.1276077096822,512.2552154193644,256.1276077096822
17,21,185.29,234.48316964794114,468.9663392958823,234.48316964794117
17,22,185.29,202.24302631787245,404.4860526357449,202.24302631787245
17,23,185.29,241.61487454212389,483.22974908424777,241.61487454212386
17,24,185.29,185.85875352087365,371.7175070417473,185.85875352087365
17,25,185.29,158.2447499699927,370.58,158.2447499699927
17,26,185.29,232.31092064439406,464.6218412887881,232.31092064439406
17,27,185.29,174.0949401108041,370.58,174.0949401108041
17,28,185.29,153.76977891949613,370.58,153.76977891949616
17,29,185.29,161.88737175400087,370.58,161.88737175400087
17,30,185.29,245.42545510289273,490.85091020578545,245.42545510289276
17,31,185.29,180.54216932292866,370.58,180.54216932292866
17,32,185.29,138.00526968880314,370.58,138.00526968880314
17,33,185.29,171.99171722947494,370.58,171.99171722947494
17,34,185.29,260.3255868526096,520.6511737052192,260.3255868526096
17,35,185.29,226.1292309243638,452.2584618487276,226.12923092436384
17,36,185.29,133.03722882892285,370.58,133.03722882892285
17,37,185.29,253.153848775147,506.307697550294,253.15384877514703
17,38,185.29,145.45157896329718,370.58,145.45157896329718
17,39,185.29,222.3768295326128,444.7536590652256,222.37682953261276
17,40,185.29,260.6443174950021,521.2886349900042,260.6443174950021
17,41,185.29,153.92279712728646,370.58,153.92279712728646
17,42,185.29,135.94447615846815,370.58,135.94447615846815
17,43,185.29,274.469504760154,548.939009520308,274.469504760154
17,44,185.29,236.2366720267463,472.4733440534926,236.2366720267463
17,45,185.29,179.536226972211,370.58,179.536226972211
17,46,185.29,261.61315765665165,523.2263153133033,261.61315765665165
17,47,185.29,179.2797437694242,370.58,179.2797437694242
17,48,185.29,191.15289661315532,382.30579322631064,191.15289661315532
17,49,185.29,155.71357036830204,370.58,155.71357036830204
17,50,185.29,158.61156174887986,370.58,158.61156174887986
17,51,185.29,174.2257599822657,370.58,174.2257599822657
17,52,185.29,250.48997498963917,500.97994997927833,250.48997498963917
17,53,185.29,234.2337248540043,468.4674497080086,234.2337248540043
17,54,185.29,227.74721562114541,455.49443124229083,227.74721562114544
17,55,185.29,201.13069947610148,402.26139895220297,201.13069947610148
17,56,185.29,268.2363850820897,536.4727701641795,268.2363850820897
17,57,185.29,245.739734592498,491.479469184996,245.739734592498
17,58,185.29,167.29655254049567,370.58,167.29655254049567
17,59,185.29,203.2240432752714,406.4480865505428,203.22404327527144
17,60,185.29,163.33465865997803,370.58,163.33465865997803
17,61,185.29,219.98934396310477,439.97868792620955,219.9893439631048
17,62,185.29,240.65428389305865,481.3085677861173,240.65428389305868
17,63,185.29,147.26103843951608,370.58,147.26103843951608
17,64,185.29,224.93296295834136,449.8659259166827,224.93296295834136
17,65,185.29,247.53691435236664,495.0738287047333,247.53691435236664
17,66,185.29,240.3736123541292,480.7472247082584,240.37361235412922
17,67,185.29,183.18941601087553,370.58,183.18941601087553
17,68,185.29,250.48923707163075,500.9784741432615,250.48923707163078
17,69,185.29,212.96363664383531,425.92727328767063,212.96363664383531
17,70,185.29,204.4531435718259,408.9062871436518,204.45314357182588
17,71,185.29,251.11455273042262,502.22910546084523,251.1145527304226
17,72,185.29,133.16890416751255,370.58,133.16890416751255
17,73,185.29,255.83525103371255,511.6705020674251,255.83525103371255
17,74,185.29,242.28124758425375,484.5624951685075,242.28124758425372
17,75,185.29,163.78026503901538,370.58,163.78026503901538
17,76,185.29,150.49146149373883,370.58,150.49146149373883
17,77,185.29,266.7875476055472,533.5750952110944,266.7875476055472
17,78,185.29,147.00974237701098,370.58,147.00974237701098
17,79,185.29,246.74389248970903,493.48778497941805,246.74389248970905
17,80,185.29,145.7078407440834,370.58,145.7078407440834
17,81,185.29,213.1248597178849,426.2497194357698,213.12485971788487
17,82,185.29,180.45260963104857,370.58,180.45260963104857
17,83,185.29,159.03395631340987,370.58,159.03395631340987
17,84,185.29,140.73522381440856,370.58,140.73522381440856
17,85,185.29,231.92507618755496,463.85015237510993,231.92507618755496
17,86,185.29,247.7392170244921,495.4784340489842,247.7392170244921
17,87,185.29,240.98623303392534,481.9724660678507,240.98623303392537
17,88,185.29,155.282947722374,370.58,155.282947722374
17,89,185.29,224.05669835202963,448.11339670405926,224.05669835202963
17,90,185.29,186.1187476218838,372.2374952437676,186.1187476218838
17,91,185.29,177.2187578694396,370.58,177.21875786943963
17,92,185.29,227.87464406212985,455.7492881242597,227.87464406212985
17,93,185.29,168.68292632334206,370.58,168.68292632334206
17,94,185.29,176.17651371350195,370.58,176.17651371350195
17,95,185.29,217.12297355911886,434.2459471182377,217.12297355911886
17,96,185.29,179.27763744351284,370.58,179.27763744351284
17,97,185.29,141.33891023662557,370.58,141.33891023662557
17,98,185.29,184.51783990444858,370.58,184.51783990444858
17,99,185.29,151.00901734196998,370.58,151.00901734196998
18,0,155.512,137.15294534342357,311.024,137.15294534342357
18,1,155.512,119.07729938764581,311.024,119.07729938764582
18,2,155.512,210.18900079633048,420.37800159266095,210.18900079633048
18,3,155.512,150.27517020105458,311.024,150.27517020105458
18,4,155.512,182.93970470836223,365.87940941672446,182.93970470836223
18,5,155.512,125.14942197865743,311.024,125.14942197865744
18,6,155.512,139.24989811203892,311.024,139.24989811203892
18,7,155.512,117.25732708881739,311.024,117.25732708881739
18,8,155.512,202.2087840363473,404.4175680726946,202.2087840363473
18,9,155.512,108.55116529967917,311.024,108.55116529967917
18,10,155.512,115.31207896927216,311.024,115.31207896927216
18,11,155.512,146.47936535154938,311.024,234.65288424820386
18,12,155.512,117.08748175456726,311.024,117.08748175456726
18,13,155.512,181.0729714339663,362.1459428679326,181.0729714339663
18,14,155.512,176.27217377163555,352.5443475432711,176.27217377163555
18,15,155.512,145.48781119862045,311.024,145.48781119862045
18,16,155.512,177.13678781055108,354.27357562110217,177.13678781055108
18,17,155.512,210.5866475643418,421.1732951286836,210.58664756434183
18,18,155.512,121.4631115849895,311.024,121.4631115849895
18,19,155.512,113.77025677153004,311.024,113.77025677153006
18,20,155.512,114.73450009338126,311.024,114.73450009338126
18,21,155.512,128.52275475971274,311.024,128.52275475971274
18,22,155.512,155.7861685382901,311.5723370765802,155.7861685382901
18,23,155.512,143.08589520456377,311.024,143.08589520456377
18,24,155.512,149.05443943894946,311.024,149.05443943894946
18,25,155.512,186.4880869421584,372.9761738843168,186.4880869421584
18,26,155.512,199.02729381569068,398.05458763138137,199.02729381569068
18,27,155.512,136.77574908607488,311.024,136.77574908607488
18,28,155.512,184.4028338255697,368.8056676511394,184.4028338255697
18,29,155.512,176.75827900766802,353.51655801533605,176.75827900766802
18,30,155.512,138.2146917860294,311.024,138.2146917860294
18,31,155.512,201.68857930149812,403.37715860299625,201.6885793014981
18,32,155.512,183.60762869558766,367.2152573911753,183.60762869558766
18,33,155.512,121.15520745390253,311.024,121.15520745390253
18,34,155.512,190.74072311350676,381.4814462270135,190.74072311350676
18,35,155.512,192.18394859589154,384.3678971917831,192.18394859589154
18,36,155.512,129.85859141910612,311.024,129.85859141910612
18,37,155.512,120.01661523802558,311.024,120.01661523802558
18,38,155.512,149.41361198362986,311.024,149.41361198362986
18,39,155.512,185.84119519834678,371.68239039669356,185.84119519834678
18,40,155.512,156.65963026275628,313.31926052551256,156.65963026275628
18,41,155.512,207.28468686852403,414.56937373704807,207.28468686852403
18,42,155.512,164.57509290277014,329.1501858055403,164.57509290277014
18,43,155.512,133.2682143022541,311.024,133.2682143022541
18,44,155.512,205.02153743420953,410.04307486841907,205.02153743420953
18,45,155.512,102.62950228811465,311.024,102.62950228811465
18,46,155.512,175.39704735923212,350.79409471846424,175.39704735923212
18,47,155.512,144.76322588217346,311.024,144.76322588217346
18,48,155.512,116.57461788948778,311.024,116.57461788948777
18,49,155.512,132.44298620969312,311.024,132.44298620969312
18,50,155.512,211.27186010532856,422.5437202106571,211.27186010532856
18,51,155.512,104.39672524893663,311.024,104.39672524893663
18,52,155.512,181.86311940352851,363.72623880705703,181.86311940352851
18,53,155.512,211.86792508027833,423.73585016055665,211.86792508027833
18,54,155.512,138.63917483094818,311.024,138.63917483094818
18,55,155.512,105.98898574936607,311.024,105.98898574936607
18,56,155.512,124.13683400373492,311.024,124.13683400373492
18,57,155.512,118.5861727161868,311.024,118.5861727161868
18,58,155.512,198.84280555502863,397.68561111005727,198.84280555502863
18,59,155.512,112.19176022663058,311.024,112.19176022663058
18,60,155.512,161.89720291243415,323.7944058248683,161.89720291243415
18,61,155.512,198.7400157363195,397.480031472639,198.7400157363195
18,62,155.512,161.10396464217342,322.20792928434685,161.10396464217342
18,63,155.512,205.14709563710807,410.29419127421613,205.14709563710807
18,64,155.512,122.9159842596424,311.024,122.91598425964241
18,65,155.512,186.66899372177238,373.33798744354476,186.66899372177238
18,66,155.512,143.8654272649473,311.024,143.8654272649473
18,67,155.512,178.42708520260047,356.85417040520093,178.42708520260047
18,68,155.512,147.13354157211572,311.024,147.13354157211572
18,69,155.512,144.45526516475402,311.024,144.45526516475402
18,70,155.512,144.7386358184494,311.024,144.7386358184496
18,71,155.512,117.54520053095881,311.024,117.54520053095881
18,72,155.512,145.6701676011031,311.024,145.6701676011031
18,73,155.512,171.83345592716176,343.66691185432353,171.83345592716176
18,74,155.512,124.95583277984767,311.024,124.95583277984767
18,75,155.512,179.00020133690657,358.00040267381314,179.00020133690657
18,76,155.512,169.58945188886835,339.1789037777367,169.58945188886835
18,77,155.512,188.13602029148265,376.2720405829653,188.13602029148265
18,78,155.512,204.73323342624624,409.4664668524925,204.73323342624624
18,79,155.512,207.44195418995514,414.8839083799103,207.4419541899551
18,80,155.512,153.04612783588274,311.024,153.04612783588274
18,81,155.512,180.5929488599929,361.1858977199858,180.5929488599929
18,82,155.512,186.7968085101134,373.5936170202268,186.7968085101134
18,83,155.512,184.15357702837878,368.30715405675755,184.15357702837878
18,84,155.512,143.52500212533175,311.024,143.52500212533178
18,85,155.512,106.82032635584652,311.024,106.82032635584653
18,86,155.512,112.7569522244643,311.024,112.75695222446431
18,87,155.512,117.41064475786933,311.024,117.41064475786933
18,88,155.512,188.89536088417893,377.79072176835786,188.89536088417893
18,89,155.512,110.99927462586962,311.024,110.99927462586963
18,90,155.512,124.63395081036415,311.024,124.63395081036414
18,91,155.512,130.72046940909127,311.024,130.72046940909127
18,92,155.512,126.69432923304248,311.024,126.6943292330425
18,93,155.512,140.81661736191748,311.024,140.81661736191748
18,94,155.512,105.3508663558616,311.024,105.3508663558616
18,95,155.512,195.06869657916207,390.13739315832413,195.06869657916207
18,96,155.512,148.2732206617669,311.024,148.2732206617669
18,97,155.512,203.03524958741028,406.07049917482055,203.03524958741028
18,98,155.512,155.98688135290573,311.97376270581145,155.98688135290573
18,99,155.512,112.9723456589002,311.024,112.9723456589002
19,0,139.846,74.43064666901216,279.692,74.43064666901216
19,1,139.846,121.74609291518988,279.692,121.74609291518988
19,2,139.846,70.82537832300744,279.692,70.82537832300744
19,3,139.846,67.40332379363734,279.692,67.40332379363734
19,4,139.846,73.0036104518031,279.692,279.692
19,5,139.846,79.19328078345532,279.692,79.19328078345532
19,6,139.846,138.25973044800128,279.692,138.25973044800128
19,7,139.846,121.15346782703315,279.692,121.15346782703753
19,8,139.846,95.3873876060442,279.692,95.3873876060442
19,9,139.846,129.9647767294789,279.692,129.9647767294789
19,10,139.846,115.04961961954206,279.692,115.04961961954206
19,11,139.846,103.84603742590662,279.692,279.692
19,12,139.846,102.45063646716999,279.692,279.692
19,13,139.846,70.33854110365883,279.692,70.33854110365883
19,14,139.846,80.22128596236116,279.692,80.22128596236116
19,15,139.846,107.5609384894069,279.692,107.5609384894069
19,16,139.846,128.5496182380718,279.692,128.5496182380718
19,17,139.846,87.15523093823951,279.692,87.15523093823951
19,18,139.846,132.75182947735078,279.692,132.75182947735078
19,19,139.846,80.1007881753979,279.692,80.1007881753979
19,20,139.846,96.03940974911039,279.692,279.692
19,21,139.846,118.9925089008529,279.692,118.99250890085288
19,22,139.846,82.62812681088542,279.692,82.62812681088542
19,23,139.846,129.89798906140302,279.692,129.89798906140302
19,24,139.846,81.88646128225244,279.692,81.88646128225244
19,25,139.846,94.99558706111631,279.692,279.692
19,26,139.846,92.20704878216725,279.692,92.20704878216725
19,27,139.846,105.19204058547912,279.692,279.692
19,28,139.846,113.24166620002678,279.692,113.24166620002678
19,29,139.846,134.7174999588291,279.692,134.7174999588291
19,30,139.846,78.54295497365287,279.692,78.54295497365287
19,31,139.846,128.06454215135417,279.692,128.06454215135417
19,32,139.846,93.96265549870918,279.692,93.96265549870918
19,33,139.846,95.49122435321748,279.692,279.69199999999876
19,34,139.846,137.18264980464627,279.692,137.18264980464627
19,35,139.846,108.48722304595228,279.692,108.48722304595229
19,36,139.846,74.99238754538234,279.692,74.99238754538234
19,37,139.846,106.96121266729787,279.692,106.96121266729787
19,38,139.846,70.72972602251407,279.692,97.56297092887465
19,39,139.846,135.54008771581124,279.692,279.692
19,40,139.846,82.03951367538608,279.692,279.692
19,41,139.846,136.49981250143912,279.692,136.49981250143912
19,42,139.846,111.25853545310844,279.692,111.25853545310844
19,43,139.846,106.27469227970603,279.692,106.27469227970603
19,44,139.846,79.1015285289654,279.692,279.692
19,45,139.846,92.1303986197544,279.692,279.692
19,46,139.846,137.70623338172138,279.692,137.70623338172138
19,47,139.846,79.21110939835437,279.692,79.21110939835437
19,48,139.846,119.11050266970715,279.692,119.11050266970716
19,49,139.846,99.54797237948843,279.692,99.54797237948843
19,50,139.846,88.50487314799139,279.692,88.50487314799138
19,51,139.846,79.23463743148858,279.692,79.23463743148858
19,52,139.846,130.90313090790667,279.692,130.90313090790667
19,53,139.846,136.1811135045075,279.692,136.1811135045075
19,54,139.846,73.45533471262704,279.692,73.45533471262704
19,55,139.846,85.48373771116208,279.692,85.48373771116208
19,56,139.846,84.95073890561564,279.692,279.692
19,57,139.846,127.95727346501397,279.692,127.95727346501397
19,58,139.846,105.99646770196435,279.692,105.99646770196436
19,59,139.846,78.85750831252223,279.692,78.85750831252203
19,60,139.846,117.04123599735964,279.692,279.692
19,61,139.846,103.4181432733444,279.692,103.4181432733444
19,62,139.846,112.87224834180306,279.692,112.87224834180304
19,63,139.846,109.72668113017586,279.692,279.692
19,64,139.846,137.83880872125332,279.692,137.83880872125326
19,65,139.846,107.20511103723045,279.692,107.20511103723045
19,66,139.846,103.72265685660024,279.692,103.7226568566031
19,67,139.846,137.50857896635696,279.692,137.50857896635696
19,68,139.846,109.23458408075426,279.692,109.23458408075426
19,69,139.846,86.82523265805234,279.692,86.82523265805234
19,70,139.846,121.42450634137575,279.692,121.42450634137576
19,71,139.846,105.66188805030285,279.692,279.692
19,72,139.846,130.3975618301963,279.692,130.3975618301963
19,73,139.846,73.47131462657156,279.692,279.692
19,74,139.846,138.15827313321998,279.692,138.15827313321998
19,75,139.846,131.86989394642646,279.692,131.86989394642646
19,76,139.846,92.61839872011753,279.692,92.61839872011753
19,77,139.846,126.3372596511513,279.692,126.3372596511513
19,78,139.846,137.42131738828218,279.692,137.42131738828218
19,79,139.846,131.77232602210992,279.692,131.77232602210992
19,80,139.846,78.67608269571988,279.692,78.67608269571988
19,81,139.846,111.47913071027159,279.692,279.692
19,82,139.846,99.57855063476364,279.692,99.57855063476366
19,83,139.846,128.40351438699525,279.692,128.40351438699525
19,84,139.846,97.25497829934255,279.692,97.25497829934255
19,85,139.846,99.64417674159942,279.692,99.64417674159942
19,86,139.846,77.09889630749707,279.692,77.09889630749707
19,87,139.846,130.46401854995005,279.692,130.46401854995005
19,88,139.846,120.59417415508159,279.692,120.5941741550816
19,89,139.846,125.94960530458951,279.692,125.94960530458951
19,90,139.846,110.552096950541,279.692,110.552096950541
19,91,139.846,100.46587204790947,279.692,279.692
19,92,139.846,119.98618848980232,279.692,119.98618848980232
19,93,139.846,97.13056083604894,279.692,97.13056083604896
19,94,139.846,113.10389252872318,279.692,113.10389252872316
19,95,139.846,73.56209332404148,279.692,73.56209332404148
19,96,139.846,75.2751032636656,279.692,75.2751032636656
19,97,139.846,138.61269132029278,279.692,138.61269132029278
19,98,139.846,114.29804369201604,279.692,279.692
19,99,139.846,100.33770557318707,279.692,100.33770557318707
20,0,136.052,102.67688311067054,272.104,102.67688311067053
20,1,136.052,121.15205590198627,272.104,121.15205590198627
20,2,136.052,107.86529559984648,272.104,107.86529559984648
20,3,136.052,125.9640661110064,272.104,125.96406611100642
20,4,136.052,75.30073589205571,272.104,272.104
20,5,136.052,98.97900804305165,272.104,98.97900804305165
20,6,136.052,114.97283139383788,272.104,114.97283139383786
20,7,136.052,102.0451454010295,272.104,102.04514540102952
20,8,136.052,78.98343624057811,272.104,78.98343624057811
20,9,136.052,86.79558243793322,272.104,272.104
20,10,136.052,86.86153355909711,272.104,86.86153355909711
20,11,136.052,82.76391477176115,272.104,82.76391477176115
20,12,136.052,106.16859193452981,272.104,106.16859193452981
20,13,136.052,119.2645202244518,272.104,119.2645202244518
20,14,136.052,105.35906389214473,272.104,105.35906389214473
20,15,136.052,87.06821932432653,272.104,87.06821932432653
20,16,136.052,108.5095116666223,272.104,108.5095116666223
20,17,136.052,64.13789617967336,272.104,64.13789617967336
20,18,136.052,121.4582676084651,272.104,121.45826760846512
20,19,136.052,81.05537659287145,272.104,272.10399999999703
20,20,136.052,128.89972880637086,272.104,128.89972880637086
20,21,136.052,76.07815795093371,272.104,76.07815795093371
20,22,136.052,72.70438886165518,272.104,72.70438886165518
20,23,136.052,88.14742361327882,272.104,88.14742361327882
20,24,136.052,125.88618186673156,272.104,125.88618186673158
20,25,136.052,126.9925278635444,272.104,126.9925278635444
20,26,136.052,65.4233965654372,272.104,272.10400000000254
20,27,136.052,105.7467679686363,272.104,105.7467679686363
20,28,136.052,101.09973951235801,272.104,101.09973951235803
20,29,136.052,128.7924255009218,272.104,128.7924255009218
20,30,136.052,103.62653150958225,272.104,103.62653150958225
20,31,136.052,74.97705462349282,272.104,74.97705462349282
20,32,136.052,114.37785195360547,272.104,114.37785195360549
20,33,136.052,126.34834003852347,272.104,126.34834003852349
20,34,136.052,117.9452107290446,272.104,117.9452107290446
20,35,136.052,75.2869681846327,272.104,272.104
20,36,136.052,63.820141782943416,272.104,63.820141782943416
20,37,136.052,110.76828449559004,272.104,110.76828449559004
20,38,136.052,108.14839571769443,272.104,108.14839571769443
20,39,136.052,119.30669724443337,272.104,119.30669724443337
20,40,136.052,107.79670726022032,272.104,107.79670726022033
20,41,136.052,102.30342594504353,272.104,272.10399999999703
20,42,136.052,127.44598796748372,272.104,127.44598796748372
20,43,136.052,113.13264042573395,272.104,113.13264042573397
20,44,136.052,69.66828214540703,272.104,272.104
20,45,136.052,83.00623567375015,272.104,272.104
20,46,136.052,109.60716769858456,272.104,109.60716769858456
20,47,136.052,81.7464640079719,272.104,272.104
20,48,136.052,128.84547276003218,272.104,128.84547276003218
20,49,136.052,67.0962647929271,272.104,272.10400000000254
20,50,136.052,128.58420509590937,272.104,128.58420509590937
20,51,136.052,109.35144554782683,272.104,109.35144554782683
20,52,136.052,110.22500719399702,272.104,110.22500719399702
20,53,136.052,75.60523377592223,272.104,272.10400000000254
20,54,136.052,87.21940105698148,272.104,87.21940105698148
20,55,136.052,110.28169422046155,272.104,110.28169422046155
20,56,136.052,87.05236726878366,272.104,87.05236726878366
20,57,136.052,108.67411719744443,272.104,108.67411719744445
20,58,136.052,96.55158117692952,272.104,96.55158117692952
20,59,136.052,125.48098808380742,272.104,125.4809880838074
20,60,136.052,95.1646321632958,272.104,95.1646321632958
20,61,136.052,77.51085437780023,272.104,272.104
20,62,136.052,93.58008392859668,272.104,93.58008392859668
20,63,136.052,114.51313288935167,272.104,114.51313288935168
20,64,136.052,107.1684593422508,272.104,107.16845934225081
20,65,136.052,81.25932783041789,272.104,81.25932783041789
20,66,136.052,80.94324635785274,272.104,111.3044555689247
20,67,136.052,108.57104929487116,272.104,272.104
20,68,136.052,74.46540968379384,272.104,272.104
20,69,136.052,97.82105421137001,272.104,97.82105421137001
20,70,136.052,127.96895974200758,272.104,127.9689597420076
20,71,136.052,77.48975224827528,272.104,77.48975224827528
20,72,136.052,125.71532967558026,272.104,125.71532967558025
20,73,136.052,128.81046878866863,272.104,128.81046878866863
20,74,136.052,119.16452706107182,272.104,119.16452706107184
20,75,136.052,127.35392199992934,272.104,127.35392199992934
20,76,136.052,103.45370341160171,272.104,103.45370341160172
20,77,136.052,80.26443415000615,272.104,80.26443415000615
20,78,136.052,110.71308654762899,272.104,110.71308654762899
20,79,136.052,102.93105439732106,272.104,102.93105439732106
20,80,136.052,88.02412039649472,272.104,88.02412039649472
20,81,136.052,123.76136542387943,272.104,123.76136542387943
20,82,136.052,83.24685307398306,272.104,83.24685307398306
20,83,136.052,111.89097000898425,272.104,111.89097000898425
20,84,136.052,65.75383287721847,272.104,65.75383287721847
20,85,136.052,70.42510439531587,272.104,70.42510439531587
20,86,136.052,103.8318317633651,272.104,272.10399999999703
20,87,136.052,65.00800206436796,272.104,272.104
20,88,136.052,84.4424550478846,272.104,272.104
20,89,136.052,66.69195062750612,272.104,66.69195062750612
20,90,136.052,116.57543468123659,272.104,116.57543468123659
20,91,136.052,126.85335393303127,272.104,126.85335393303127
20,92,136.052,112.73338654026576,272.104,112.73338654026577
20,93,136.052,80.62694241287572,272.104,272.104
20,94,136.052,104.72613388123706,272.104,272.104
20,95,136.052,107.39310660711995,272.104,107.39310660711996
20,96,136.052,108.19387699363625,272.104,108.19387699363625
20,97,136.052,64.25292874456434,272.104,64.25292874456434
20,98,136.052,100.99293573873453,272.104,100.99293573873453
20,99,136.052,105.61352204511694,272.104,105.61352204511694
21,0,133.0,78.1649140651709,266.0,78.1649140651709
21,1,133.0,102.7643830895451,266.0,102.76438308954509
21,2,133.0,74.3496903897837,266.0,74.3496903897837
21,3,133.0,95.55525385299431,266.0,265.999999999999
21,4,133.0,97.91362607276925,266.0,97.91362607276925
21,5,133.0,116.79094384912429,266.0,116.79094384912429
21,6,133.0,63.207540020574044,266.0,63.20754002057405
21,7,133.0,84.97805534205791,266.0,84.97805534205791
21,8,133.0,88.8861095786816,266.0,266.0
21,9,133.0,64.57769562812298,266.0,266.0
21,10,133.0,116.02048894172061,266.0,116.02048894172061
21,11,133.0,72.35108957643943,266.0,266.00000000000045
21,12,133.0,86.5651110874637,266.0,86.5651110874637
21,13,133.0,73.9126852064543,266.0,266.0
21,14,133.0,87.65059965643735,266.0,87.65059965643735
21,15,133.0,97.47696071855336,266.0,266.0
21,16,133.0,73.96135409567279,266.0,266.0
21,17,133.0,86.22021808866721,266.0,86.22021808866721
21,18,133.0,125.1989583317657,266.0,125.19895833176571
21,19,133.0,109.71500870359574,266.0,109.71500870359574
21,20,133.0,117.92315504034268,266.0,117.92315504034268
21,21,133.0,105.63035669022332,266.0,123.25147695171603
21,22,133.0,69.7706018913647,266.0,266.00000000000045
21,23,133.0,70.40496093472602,266.0,70.40496093472602
21,24,133.0,69.06585435505232,266.0,69.06585435505232
21,25,133.0,80.35170358440196,266.0,266.0
21,26,133.0,118.22946311664717,266.0,118.22946311664717
21,27,133.0,85.6858265623217,266.0,85.6858265623217
21,28,133.0,83.62609954913275,266.0,83.62609954913275
21,29,133.0,67.64583442050406,266.0,67.64583442050406
21,30,133.0,72.23414472693638,266.0,72.23414472693638
21,31,133.0,121.49279348331004,266.0,121.49279348331004
21,32,133.0,118.47042960255305,266.0,118.47042960255305
21,33,133.0,65.7743647655813,266.0,65.7743647655813
21,34,133.0,80.21511343661734,266.0,266.0
21,35,133.0,106.25784114962063,266.0,266.0
21,36,133.0,60.773578631473626,266.0,266.00000000000045
21,37,133.0,83.03097261034613,266.0,83.03097261034613
21,38,133.0,122.23561864371116,266.0,122.23561864371118
21,39,133.0,69.61351367140219,266.0,69.61351367140219
21,40,133.0,101.92943772549002,266.0,101.92943772549002
21,41,133.0,76.71260362626248,266.0,266.0
21,42,133.0,102.68284038295423,266.0,102.68284038295423
21,43,133.0,109.54526286649157,266.0,109.54526286649158
21,44,133.0,90.62007802209952,266.0,90.62007802209952
21,45,133.0,99.19715850929562,266.0,265.99999999999716
21,46,133.0,108.72769884093837,266.0,108.72769884093839
21,47,133.0,69.24156550405455,266.0,266.0
21,48,133.0,91.49479472787688,266.0,91.49479472787688
21,49,133.0,85.19332488184808,266.0,85.19332488184808
21,50,133.0,97.31534176025086,266.0,97.31534176025086
21,51,133.0,99.88941394694037,266.0,99.88941394694037
21,52,133.0,100.05925887535415,266.0,100.05925887535415
21,53,133.0,89.97552735561294,266.0,89.97552735561294
21,54,133.0,96.48121087880506,266.0,96.48121087880506
21,55,133.0,111.12007030827529,266.0,111.12007030827529
21,56,133.0,72.46828402363292,266.0,72.46828402363292
21,57,133.0,119.710825320676,266.0,119.71082532067601
21,58,133.0,114.52638879227027,266.0,114.52638879227027
21,59,133.0,77.24352383367705,266.0,266.0
21,60,133.0,94.86512195305868,266.0,94.86512195305868
21,61,133.0,112.5121780309695,266.0,112.5121780309695
21,62,133.0,108.03940479986919,266.0,108.0394047998692
21,63,133.0,72.09215293675071,266.0,266.0
21,64,133.0,123.59082951570069,266.0,123.59082951570069
21,65,133.0,116.98055782850176,266.0,116.98055782850176
21,66,133.0,76.16974719122392,266.0,76.16974719122392
21,67,133.0,98.24204489060283,266.0,98.24204489060283
21,68,133.0,124.64392151531138,266.0,124.64392151531139
21,69,133.0,63.251957773712235,266.0,266.0
21,70,133.0,83.97942844379213,266.0,266.0
21,71,133.0,80.49716419989865,266.0,266.0
21,72,133.0,76.42316460072716,266.0,76.42316460072716
21,73,133.0,104.00759379558916,266.0,104.00759379558917
21,74,133.0,115.83428304606086,266.0,115.83428304606088
21,75,133.0,71.07818653677214,266.0,71.07818653677214
21,76,133.0,79.51338464051179,266.0,79.51338464051179
21,77,133.0,79.82069387223676,266.0,79.82069387223676
21,78,133.0,84.46600386177545,266.0,84.46600386177545
21,79,133.0,68.6297960538149,266.0,68.6297960538149
21,80,133.0,103.24500889378741,266.0,103.24500889378743
21,81,133.0,87.64403833079601,266.0,87.64403833079601
21,82,133.0,115.0021874793561,266.0,115.00218747935608
21,83,133.0,103.27653140070025,266.0,103.27653140070025
21,84,133.0,123.33353921404121,266.0,123.33353921404122
21,85,133.0,70.3716023934927,266.0,70.3716023934927
21,86,133.0,80.06176131488218,266.0,80.06176131488218
21,87,133.0,79.96917371514607,266.0,79.96917371514607
21,88,133.0,82.74507492690955,266.0,266.0
21,89,133.0,79.874513468432,266.0,79.874513468432
21,90,133.0,112.54666304354556,266.0,112.54666304354556
21,91,133.0,103.74627124215577,266.0,103.74627124215576
21,92,133.0,64.1215008283899,266.0,64.1215008283899
21,93,133.0,66.7229575874016,266.0,66.7229575874016
21,94,133.0,106.01175860487092,266.0,106.01175860487093
21,95,133.0,109.58196858265909,266.0,109.5819685826591
21,96,133.0,122.88631940560813,266.0,122.88631940560815
21,97,133.0,114.70874030959116,266.0,266.0
21,98,133.0,91.13858381202692,266.0,91.13858381202692
21,99,133.0,83.68490376751427,266.0,83.68490376751427
22,0,127.87599999999999,115.7502371904933,255.75199999999998,115.7502371904933
22,1,127.87599999999999,103.11786121861067,255.75199999999998,103.11786121861066
22,2,127.87599999999999,116.2747084940778,255.75199999999998,116.2747084940778
22,3,127.87599999999999,73.53220487046472,255.75199999999998,73.53220487046472
22,4,127.87599999999999,108.91351281332827,255.75199999999998,108.91351281332827
22,5,127.87599999999999,122.87621527409593,255.75199999999998,122.87621527409594
22,6,127.87599999999999,63.883080493827855,255.75199999999998,255.75199999999612
22,7,127.87599999999999,75.66511474660732,255.75199999999998,75.66511474660732
22,8,127.87599999999999,69.66932660925073,255.75199999999998,255.75199999999998
22,9,127.87599999999999,103.72516880632509,255.75199999999998,103.7251688063251
22,10,127.87599999999999,102.64579704265029,255.75199999999998,102.64579704265029
22,11,127.87599999999999,65.44870742613321,255.75199999999998,255.75200000000322
22,12,127.87599999999999,95.31810556310451,255.75199999999998,95.31810556310451
22,13,127.87599999999999,122.24434937788318,255.75199999999998,122.24434937788318
22,14,127.87599999999999,106.71691326507644,255.75199999999998,106.71691326507644
22,15,127.87599999999999,119.65446792820016,255.75199999999998,119.65446792820016
22,16,127.87599999999999,76.70263431562955,255.75199999999998,76.70263431562955
22,17,127.87599999999999,111.70057716386414,255.75199999999998,111.70057716386414
22,18,127.87599999999999,112.18997276259583,255.75199999999998,112.18997276259583
22,19,127.87599999999999,66.07710692004076,255.75199999999998,255.75199999999998
22,20,127.87599999999999,113.99755187598325,255.75199999999998,113.99755187598326
22,21,127.87599999999999,95.79056738047768,255.75199999999998,95.79056738047768
22,22,127.87599999999999,78.2208343506418,255.75199999999998,78.2208343506418
22,23,127.87599999999999,67.51995949199977,255.75199999999998,255.75199999999998
22,24,127.87599999999999,85.60803387590055,255.75199999999998,85.60803387590055
22,25,127.87599999999999,111.13132553077374,255.75199999999998,111.13132553077374
22,26,127.87599999999999,72.07588043534227,255.75199999999998,72.07588043534227
22,27,127.87599999999999,105.439907902553,255.75199999999998,105.439907902553
22,28,127.87599999999999,74.36217269953339,255.75199999999998,74.36217269953339
22,29,127.87599999999999,81.95732164615025,255.75199999999998,81.95732164615025
22,30,127.87599999999999,100.38029935997216,255.75199999999998,100.38029935997214
22,31,127.87599999999999,79.72651125252035,255.75199999999998,79.72651125252035
22,32,127.87599999999999,63.321764655691375,255.75199999999998,255.7520000000002
22,33,127.87599999999999,86.08959023852555,255.75199999999998,86.08959023852555
22,34,127.87599999999999,63.624280392309494,255.75199999999998,255.751999999997
22,35,127.87599999999999,62.77885524501402,255.75199999999998,255.751999999997
22,36,127.87599999999999,74.49821172620443,255.75199999999998,74.49821172620443
22,37,127.87599999999999,118.8885016257868,255.75199999999998,118.88850162578682
22,38,127.87599999999999,96.40108349157049,255.75199999999998,96.40108349157049
22,39,127.87599999999999,116.26407198437882,255.75199999999998,116.26407198437883
22,40,127.87599999999999,98.05809451529925,255.75199999999998,98.05809451529925
22,41,127.87599999999999,120.7649169430522,255.75199999999998,120.7649169430522
22,42,127.87599999999999,76.55443851878614,255.75199999999998,76.55443851878614
22,43,127.87599999999999,98.98573467973334,255.75199999999998,98.98573467973334
22,44,127.87599999999999,86.17646407632715,255.75199999999998,86.17646407632715
22,45,127.87599999999999,74.32188448163814,255.75199999999998,74.32188448163814
22,46,127.87599999999999,94.92608721147063,255.75199999999998,94.92608721147063
22,47,127.87599999999999,122.69013441056256,255.75199999999998,122.69013441056256
22,48,127.87599999999999,105.72092910999874,255.75199999999998,105.72092910999874
22,49,127.87599999999999,68.51470199316769,255.75199999999998,255.75199999999998
22,50,127.87599999999999,79.4214522003785,255.75199999999998,79.4214522003785
22,51,127.87599999999999,120.01230066799445,255.75199999999998,120.01230066799447
22,52,127.87599999999999,117.49518940245683,255.75199999999998,117.49518940245682
22,53,127.87599999999999,119.33883439493367,255.75199999999998,119.33883439493367
22,54,127.87599999999999,112.73295271087305,255.75199999999998,112.73295271087305
22,55,127.87599999999999,88.49161850542296,255.75199999999998,88.49161850542296
22,56,127.87599999999999,70.81929187804543,255.75199999999998,70.81929187804543
22,57,127.87599999999999,86.61205139068434,255.75199999999998,86.61205139068434
22,58,127.87599999999999,121.6432048789443,255.75199999999998,121.64320487894432
22,59,127.87599999999999,62.01348288817483,255.75199999999998,255.75200000000322
22,60,127.87599999999999,103.1990838265074,255.75199999999998,103.1990838265074
22,61,127.87599999999999,77.12036648680865,255.75199999999998,77.12036648680865
22,62,127.87599999999999,111.71586704644439,255.75199999999998,111.71586704644439
22,63,127.87599999999999,68.24519446338108,255.75199999999998,255.75199999999998
22,64,127.87599999999999,88.5662711731005,255.75199999999998,88.5662711731005
22,65,127.87599999999999,121.84978663199854,255.75199999999998,121.84978663199854
22,66,127.87599999999999,86.42191336076864,255.75199999999998,86.42191336076864
22,67,127.87599999999999,63.92252625836221,255.75199999999998,255.75199999999998
22,68,127.87599999999999,71.87362388628227,255.75199999999998,71.87362388628227
22,69,127.87599999999999,104.20090192529698,255.75199999999998,104.20090192529699
22,70,127.87599999999999,69.32776828426924,255.75199999999998,255.75199999999998
22,71,127.87599999999999,117.27562360381305,255.75199999999998,117.27562360381305
22,72,127.87599999999999,122.03573467493906,255.75199999999998,122.03573467493906
22,73,127.87599999999999,98.76516707898115,255.75199999999998,98.76516707898115
22,74,127.87599999999999,85.87366140728273,255.75199999999998,85.87366140728273
22,75,127.87599999999999,70.72958738398843,255.75199999999998,221.00552471657943
22,76,127.87599999999999,94.2088547843029,255.75199999999998,94.2088547843029
22,77,127.87599999999999,121.72895227432285,255.75199999999998,121.72895227432285
22,78,127.87599999999999,105.94819798663245,255.75199999999998,105.94819798663244
22,79,127.87599999999999,81.21211448251958,255.75199999999998,81.21211448251958
22,80,127.87599999999999,116.40142841054401,255.75199999999998,116.40142841054401
22,81,127.87599999999999,66.75236592648011,255.75199999999998,255.7520000000002
22,82,127.87599999999999,110.73793975698989,255.75199999999998,110.73793975698989
22,83,127.87599999999999,76.13563480227917,255.75199999999998,76.13563480227917
22,84,127.87599999999999,62.54593607484178,255.75199999999998,255.7520000000011
22,85,127.87599999999999,109.66946579118049,255.75199999999998,109.66946579118049
22,86,127.87599999999999,93.31292850175066,255.75199999999998,93.31292850175066
22,87,127.87599999999999,120.7151457904404,255.75199999999998,120.7151457904404
22,88,127.87599999999999,71.35278318170789,255.75199999999998,71.35278318170789
22,89,127.87599999999999,59.893698274346974,255.75199999999998,255.75199999999998
22,90,127.87599999999999,95.03852970926633,255.75199999999998,95.03852970926633
22,91,127.87599999999999,93.30033596992935,255.75199999999998,93.30033596992935
22,92,127.87599999999999,102.55023111789235,255.75199999999998,102.55023111789234
22,93,127.87599999999999,111.72312677512613,255.75199999999998,111.72312677512612
22,94,127.87599999999999,105.33568829494078,255.75199999999998,105.33568829494078
22,95,127.87599999999999,122.57594242013104,255.75199999999998,122.57594242013103
22,96,127.87599999999999,103.66985882045151,255.75199999999998,103.66985882045152
22,97,127.87599999999999,119.63977011621317,255.75199999999998,119.63977011621319
22,98,127.87599999999999,65.49160348550646,255.75199999999998,255.75199999999612
22,99,127.87599999999999,122.03025900865616,255.75199999999998,122.03025900865616
23,0,121.226,80.4240627216593,242.452,80.4240627216593
23,1,121.226,61.98819624284733,242.452,61.98819624284732
23,2,121.226,68.52235232896766,242.452,242.45200000000003
23,3,121.226,71.89703778574741,242.452,71.89703778574741
23,4,121.226,49.642090869222486,242.452,49.642090869222486
23,5,121.226,80.27090890220165,242.452,80.27090890220165
23,6,121.226,51.48651013032863,242.452,51.48651013032863
23,7,121.226,53.191783969379784,242.452,242.45200000000003
23,8,121.226,79.8116637763425,242.452,79.8116637763425
23,9,121.226,62.23173919870447,242.452,242.45200000000003
23,10,121.226,92.13564033723341,242.452,92.13564033723341
23,11,121.226,77.18605495360953,242.452,77.18605495360953
23,12,121.226,57.7972048323606,242.452,57.797204832360606
23,13,121.226,55.04620588239266,242.452,242.45200000000003
23,14,121.226,92.6752135809681,242.452,92.6752135809681
23,15,121.226,79.80671183478547,242.452,79.80671183478547
23,16,121.226,87.36856916699755,242.452,242.45200000000003
23,17,121.226,99.15155387589887,242.452,99.15155387589887
23,18,121.226,52.89191770139062,242.452,242.45200000000003
23,19,121.226,94.13888977083691,242.452,94.13888977083691
23,20,121.226,85.97418270395708,242.452,242.45200000000003
23,21,121.226,75.06900208256889,242.452,75.06900208256889
23,22,121.226,57.675727902821166,242.452,242.45200000000003
23,23,121.226,54.82878416139119,242.452,242.45200000000003
23,24,121.226,58.020007624778515,242.452,58.020007624778515
23,25,121.226,61.259411954664714,242.452,61.259411954664714
23,26,121.226,54.45893134486081,242.452,54.45893134486081
23,27,121.226,94.49929690521294,242.452,94.49929690521294
23,28,121.226,86.45525031744259,242.452,86.45525031744259
23,29,121.226,49.6235084950329,242.452,242.45200000000003
23,30,121.226,65.14091931432671,242.452,65.14091931432671
23,31,121.226,66.62987616194648,242.452,66.62987616194648
23,32,121.226,92.05661418209269,242.452,92.05661418209269
23,33,121.226,58.87251399897885,242.452,242.45200000000003
23,34,121.226,73.44165853899047,242.452,73.44165853899047
23,35,121.226,87.49594044495834,242.452,87.49594044495834
23,36,121.226,78.44761518403975,242.452,78.44761518403975
23,37,121.226,63.76106720361429,242.452,242.45200000000003
23,38,121.226,86.58481720062844,242.452,86.58481720062844
23,39,121.226,59.72661101445993,242.452,242.45200000000003
23,40,121.226,51.240834095507786,242.452,51.24083409550779
23,41,121.226,82.16636270031475,242.452,82.16636270031475
23,42,121.226,54.34936598334478,242.452,54.34936598334479
23,43,121.226,60.613479842905654,242.452,60.61347984290566
23,44,121.226,97.21354574217656,242.452,97.21354574217656
23,45,121.226,92.82301284269252,242.452,92.82301284269252
23,46,121.226,58.301409880363536,242.452,58.30140988036354
23,47,121.226,86.97495342344183,242.452,86.97495342344183
23,48,121.226,52.90066824299989,242.452,52.90066824299989
23,49,121.226,63.54009723707322,242.452,63.540097237073226
23,50,121.226,89.11269878703473,242.452,242.45200000000003
23,51,121.226,60.406577207327736,242.452,242.45200000000003
23,52,121.226,51.51263693489848,242.452,51.51263693489848
23,53,121.226,48.36778556130982,242.452,229.89675608098722
23,54,121.226,68.85334953178449,242.452,242.45200000000003
23,55,121.226,90.4099425239699,242.452,90.4099425239699
23,56,121.226,98.35218924781363,242.452,98.35218924781363
23,57,121.226,81.7954718191278,242.452,81.7954718191278
23,58,121.226,93.53949371715265,242.452,242.45200000000003
23,59,121.226,76.97732987167716,242.452,76.97732987167716
23,60,121.226,62.62568613864261,242.452,242.45200000000003
23,61,121.226,91.21056855415787,242.452,91.21056855415787
23,62,121.226,76.18803653187264,242.452,76.18803653187264
23,63,121.226,95.04549502467731,242.452,95.04549502467731
23,64,121.226,68.76802589440624,242.452,68.76802589440624
23,65,121.226,57.52716649658625,242.452,242.45200000000003
23,66,121.226,83.28204265847063,242.452,83.28204265847063
23,67,121.226,57.105287631187856,242.452,57.10528763118786
23,68,121.226,87.57110731163156,242.452,87.57110731163156
23,69,121.226,84.57531762558766,242.452,242.45200000000003
23,70,121.226,51.62264649727552,242.452,242.45200000000003
23,71,121.226,64.45263331634514,242.452,64.45263331634514
23,72,121.226,77.47450365238178,242.452,77.47450365238178
23,73,121.226,48.624626011185875,242.452,48.624626011185875
23,74,121.226,83.75611030016259,242.452,83.75611030016259
23,75,121.226,53.762995488254305,242.452,242.45200000000003
23,76,121.226,55.59127585313363,242.452,242.45200000000003
23,77,121.226,51.021977503845356,242.452,242.45200000000003
23,78,121.226,64.95138859843517,242.452,242.45200000000003
23,79,121.226,78.11741723499486,242.452,78.11741723499486
23,80,121.226,86.29215847688046,242.452,86.29215847688046
23,81,121.226,86.14468521864886,242.452,86.14468521864886
23,82,121.226,52.284971852526205,242.452,52.284971852526205
23,83,121.226,95.01475423701305,242.452,95.01475423701305
23,84,121.226,73.75653474719478,242.452,73.75653474719478
23,85,121.226,73.50186144508487,242.452,73.50186144508487
23,86,121.226,94.94283421326158,242.452,242.45200000000003
23,87,121.226,51.22248262465712,242.452,242.45200000000003
23,88,121.226,80.95479344211192,242.452,80.95479344211192
23,89,121.226,92.99868125443695,242.452,92.99868125443695
23,90,121.226,75.31346460441483,242.452,75.31346460441483
23,91,121.226,59.51741354333371,242.452,242.45200000000003
23,92,121.226,97.38606585010837,242.452,97.38606585010837
23,93,121.226,76.16918672426227,242.452,76.16918672426227
23,94,121.226,56.65437934103844,242.452,56.65437934103844
23,95,121.226,65.76493679105707,242.452,242.45200000000003
23,96,121.226,77.36391896950201,242.452,242.45200000000003
23,97,121.226,55.21131895988657,242.452,242.45200000000003
23,98,121.226,80.54561026717646,242.452,242.45200000000003
23,99,121.226,52.83341293293417,242.452,52.83341293293417
