t,s,P_DA,P_RT,P_PN,P_IN
0,0,106.722,60.73615430487584,213.444,213.44400000000002
0,1,106.722,74.42634207007512,213.444,213.44400000000002
0,2,106.722,41.91816254492856,213.444,213.44400000000002
0,3,106.722,55.5594085872351,213.444,213.44400000000002
0,4,106.722,48.537131932726716,213.444,213.44400000000002
0,5,106.722,46.08089425504806,213.444,213.44400000000002
0,6,106.722,50.320241488662504,213.444,213.44400000000002
0,7,106.722,57.51060111813644,213.444,213.44400000000002
0,8,106.722,59.82192400492469,213.444,213.44400000000002
0,9,106.722,66.23361237015061,213.444,213.44400000000002
0,10,106.722,60.8342150423534,213.444,213.44400000000002
0,11,106.722,72.84180529860087,213.444,213.44400000000002
0,12,106.722,51.14137692322764,213.444,213.44400000000002
0,13,106.722,81.54865427387323,213.444,213.44400000000002
0,14,106.722,43.14919590091274,213.444,213.44400000000002
0,15,106.722,72.1759435813464,213.444,213.44400000000002
0,16,106.722,60.74891896481442,213.444,213.44400000000002
0,17,106.722,67.13062576269654,213.444,213.44400000000002
0,18,106.722,48.249656046368344,213.444,213.44400000000002
0,19,106.722,50.85472215140026,213.444,213.44400000000002
0,20,106.722,78.05626919204376,213.444,213.44400000000002
0,21,106.722,85.61749722490612,213.444,213.44400000000002
0,22,106.722,56.06005123912591,213.444,213.44400000000002
0,23,106.722,73.16241915905167,213.444,213.44400000000002
0,24,106.722,81.47064458173647,213.444,213.44400000000002
0,25,106.722,82.29292978647035,213.444,213.44400000000002
0,26,106.722,45.75164711046008,213.444,213.44400000000002
0,27,106.722,43.675818754996705,213.444,213.44400000000002
0,28,106.722,49.57864871176438,213.444,213.44400000000002
0,29,106.722,81.54978572671676,213.444,213.44400000000002
0,30,106.722,46.35208860386345,213.444,213.44400000000002
0,31,106.722,60.92056726274728,213.444,213.44400000000002
0,32,106.722,85.14933340621323,213.444,213.44400000000002
0,33,106.722,65.9785224805413,213.444,213.44400000000002
0,34,106.722,73.14231051369899,213.444,213.44400000000002
0,35,106.722,56.15445330715382,213.444,213.44400000000002
0,36,106.722,72.89964518052732,213.444,213.44400000000002
0,37,106.722,79.5855631544065,213.444,213.44400000000002
0,38,106.722,42.738479381275354,213.444,213.44400000000002
0,39,106.722,75.77232164707985,213.444,213.44400000000002
0,40,106.722,86.54729903621008,213.444,213.44400000000002
0,41,106.722,75.683010692947,213.444,213.44400000000002
0,42,106.722,54.57142204242583,213.444,213.44400000000002
0,43,106.722,77.53876176210935,213.444,213.44400000000002
0,44,106.722,46.57232019935707,213.444,213.44400000000002
0,45,106.722,62.12960454435,213.444,213.44400000000002
0,46,106.722,82.92434511507483,213.444,213.44400000000002
0,47,106.722,55.165884400846494,213.444,213.44400000000002
0,48,106.722,54.90233759433654,213.444,213.44400000000002
0,49,106.722,47.782109661900556,213.444,213.44400000000002
0,50,106.722,42.78716786715759,213.444,213.44400000000002
0,51,106.722,72.55365166842579,213.444,213.44400000000002
0,52,106.722,51.46527455098052,213.444,213.44400000000002
0,53,106.722,53.89899999075028,213.444,213.44400000000002
0,54,106.722,64.10117550375658,213.444,213.44400000000002
0,55,106.722,44.32162930376082,213.444,213.44400000000002
0,56,106.722,67.82699052198573,213.444,213.44400000000002
0,57,106.722,48.53589897233701,213.444,213.44400000000002
0,58,106.722,68.5125293503987,213.444,213.44400000000002
0,59,106.722,73.49804692383093,213.444,213.44400000000002
0,60,106.722,46.53207698588072,213.444,213.44400000000002
0,61,106.722,60.60227697267246,213.444,213.44400000000002
0,62,106.722,73.25619333475399,213.444,213.44400000000002
0,63,106.722,60.607841548579614,213.444,213.44400000000002
0,64,106.722,44.1677531190233,213.444,213.44400000000002
0,65,106.722,66.10179729660891,213.444,213.44400000000002
0,66,106.722,71.87474996241217,213.444,213.44400000000002
0,67,106.722,65.15358945783065,213.444,213.44400000000002
0,68,106.722,84.54924616229243,213.444,213.44400000000002
0,69,106.722,68.38837998275696,213.444,213.44400000000002
0,70,106.722,82.68992174280423,213.444,213.44400000000002
0,71,106.722,48.11820629602597,213.444,213.44400000000002
0,72,106.722,48.19952719942266,213.444,213.44400000000002
0,73,106.722,78.35628270550399,213.444,213.44400000000002
0,74,106.722,59.86296998154195,213.444,213.44400000000002
0,75,106.722,49.37660511482062,213.444,213.44400000000002
0,76,106.722,83.77802614014966,213.444,213.44400000000002
0,77,106.722,57.61013436255291,213.444,213.44400000000002
0,78,106.722,75.80246365403383,213.444,213.44400000000002
0,79,106.722,74.68242691076222,213.444,213.44400000000002
0,80,106.722,81.78285498537905,213.444,213.44400000000002
0,81,106.722,70.06374038465418,213.444,213.44400000000002
0,82,106.722,75.80834640949455,213.444,213.44400000000002
0,83,106.722,57.66125130018788,213.444,213.44400000000002
0,84,106.722,54.096756014281965,213.444,213.44400000000002
0,85,106.722,82.35068514504034,213.444,213.44400000000002
0,86,106.722,61.23578496731217,213.444,213.44400000000002
0,87,106.722,85.46305942660184,213.444,213.44400000000002
0,88,106.722,71.85880992099267,213.444,213.44400000000002
0,89,106.722,69.97452754582685,213.444,213.44400000000002
0,90,106.722,47.09229780780981,213.444,213.44400000000002
0,91,106.722,84.77016970789637,213.444,213.44400000000002
0,92,106.722,62.22071857750973,213.444,213.44400000000002
0,93,106.722,68.01981651610078,213.444,213.44400000000002
0,94,106.722,60.33510226137462,213.444,213.44400000000002
0,95,106.722,52.61170504007418,213.444,213.44400000000002
0,96,106.722,82.6889109103508,213.444,213.44400000000002
0,97,106.722,67.80721511911825,213.444,213.44400000000002
0,98,106.722,42.042558171999815,213.444,213.44400000000002
0,99,106.722,69.76911743878428,213.444,213.44400000000002
1,0,93.12799999999999,79.4200476534955,186.25599999999997,79.4200476534955
1,1,93.12799999999999,92.1005916746149,186.25599999999997,186.25599999999997
1,2,93.12799999999999,114.80789993616277,229.61579987232554,114.80789993616278
1,3,93.12799999999999,81.35774368344961,186.25599999999997,186.25599999999997
1,4,93.12799999999999,116.23740749756898,232.47481499513796,116.237407497569
1,5,93.12799999999999,98.19381267495038,196.38762534990076,98.1938126749504
1,6,93.12799999999999,59.75361310595875,186.25599999999997,186.25599999999997
1,7,93.12799999999999,117.5599240820067,235.1198481640134,7480.56125787584
1,8,93.12799999999999,102.46700119370226,204.93400238740452,204.93400238740455
1,9,93.12799999999999,121.85518282233753,243.71036564467505,121.85518282233754
1,10,93.12799999999999,69.65690007259707,186.25599999999997,186.25599999999997
1,11,93.12799999999999,67.4294245790898,186.25599999999997,186.25599999999997
1,12,93.12799999999999,117.75975156585886,235.51950313171773,235.51950313171776
1,13,93.12799999999999,102.84165014236042,205.68330028472084,205.68330028472084
1,14,93.12799999999999,62.92853435704178,186.25599999999997,186.25599999999997
1,15,93.12799999999999,106.5522296928347,213.1044593856694,213.10445938566943
1,16,93.12799999999999,106.45182562489143,212.90365124978285,212.90365124978288
1,17,93.12799999999999,117.15417984166854,234.30835968333707,117.15417984166854
1,18,93.12799999999999,103.77216595651211,207.54433191302422,103.77216595651211
1,19,93.12799999999999,66.61544373447424,186.25599999999997,186.25599999999997
1,20,93.12799999999999,60.010427256882984,186.25599999999997,186.25599999999997
1,21,93.12799999999999,60.41099299029849,186.25599999999997,186.25599999999997
1,22,93.12799999999999,60.54357953862315,186.25599999999997,186.25599999999997
1,23,93.12799999999999,74.33083809795136,186.25599999999997,74.33083809795136
1,24,93.12799999999999,113.16825979763513,226.33651959527026,226.3365195952703
1,25,93.12799999999999,92.84549053159651,186.25599999999997,92.84549053159651
1,26,93.12799999999999,93.73072366397723,187.46144732795446,187.46144732795446
1,27,93.12799999999999,112.02955004994841,224.05910009989682,112.02955004994841
1,28,93.12799999999999,66.60926542283845,186.25599999999997,66.60926542283845
1,29,93.12799999999999,76.41708116696427,186.25599999999997,76.41708116696427
1,30,93.12799999999999,95.81473205228025,191.6294641045605,191.6294641045605
1,31,93.12799999999999,120.1008336162539,240.2016672325078,240.2016672325078
1,32,93.12799999999999,94.25007546131873,188.50015092263746,188.50015092263746
1,33,93.12799999999999,59.932422721776284,186.25599999999997,186.25599999999997
1,34,93.12799999999999,109.4102018944194,218.8204037888388,109.41020189441942
1,35,93.12799999999999,73.49331968304048,186.25599999999997,186.25599999999997
1,36,93.12799999999999,109.81973136576283,219.63946273152567,109.81973136576283
1,37,93.12799999999999,83.29329009979972,186.25599999999997,186.25599999999997
1,38,93.12799999999999,113.39059165025563,226.78118330051126,226.78118330051126
1,39,93.12799999999999,106.02445200783859,212.04890401567718,212.04890401567718
1,40,93.12799999999999,93.94700351361323,187.89400702722645,187.89400702722645
1,41,93.12799999999999,67.3863664665743,186.25599999999997,186.25599999999997
1,42,93.12799999999999,62.5436834793881,186.25599999999997,186.25599999999997
1,43,93.12799999999999,66.43021456019937,186.25599999999997,186.25599999999997
1,44,93.12799999999999,61.5714578878556,186.25599999999997,186.25599999999997
1,45,93.12799999999999,65.55393996537214,186.25599999999997,186.25599999999997
1,46,93.12799999999999,73.03365270096762,186.25599999999997,186.25599999999997
1,47,93.12799999999999,103.86481019534415,207.7296203906883,103.86481019534415
1,48,93.12799999999999,94.16698431710115,188.3339686342023,188.3339686342023
1,49,93.12799999999999,59.54701340519902,186.25599999999997,59.547013405199024
1,50,93.12799999999999,63.30652805308465,186.25599999999997,186.25599999999997
1,51,93.12799999999999,119.95407938034866,239.90815876069732,239.90815876069732
1,52,93.12799999999999,94.69742385517002,189.39484771034003,189.39484771034003
1,53,93.12799999999999,71.61534097204162,186.25599999999997,71.61534097204162
1,54,93.12799999999999,74.71772593902494,186.25599999999997,186.25599999999997
1,55,93.12799999999999,105.81592086761071,211.63184173522143,105.81592086761071
1,56,93.12799999999999,71.11778555732026,186.25599999999997,186.25599999999997
1,57,93.12799999999999,95.536313475005,191.07262695001,191.07262695001
1,58,93.12799999999999,120.12767617816715,240.2553523563343,120.12767617816715
1,59,93.12799999999999,112.33312335644895,224.6662467128979,224.66624671289793
1,60,93.12799999999999,73.92821884535752,186.25599999999997,73.92821884535752
1,61,93.12799999999999,89.99436878978253,186.25599999999997,89.99436878978253
1,62,93.12799999999999,97.97840964199811,195.95681928399623,195.95681928399623
1,63,93.12799999999999,111.20385090491035,222.4077018098207,222.40770180982074
1,64,93.12799999999999,68.67307655061849,186.25599999999997,186.25599999999997
1,65,93.12799999999999,59.92792489274049,186.25599999999997,186.25599999999997
1,66,93.12799999999999,63.18301250597407,186.25599999999997,186.25599999999997
1,67,93.12799999999999,89.52459928777932,186.25599999999997,186.25599999999997
1,68,93.12799999999999,97.11624912630096,194.2324982526019,194.2324982526019
1,69,93.12799999999999,94.7449395559073,189.4898791118146,189.4898791118146
1,70,93.12799999999999,78.8327257912032,186.25599999999997,186.25599999999997
1,71,93.12799999999999,121.30429275055592,242.60858550111183,121.30429275055592
1,72,93.12799999999999,95.43421094069151,190.86842188138303,95.43421094069151
1,73,93.12799999999999,82.80486370280872,186.25599999999997,186.25599999999997
1,74,93.12799999999999,93.61216714859901,187.22433429719803,93.61216714859901
1,75,93.12799999999999,105.91137154088764,211.8227430817753,211.82274308177531
1,76,93.12799999999999,101.09627506314133,202.19255012628267,202.19255012628267
1,77,93.12799999999999,75.51456168101271,186.25599999999997,186.25599999999997
1,78,93.12799999999999,62.94970907252779,186.25599999999997,186.25599999999997
1,79,93.12799999999999,82.16853879899277,186.25599999999997,186.25599999999997
1,80,93.12799999999999,98.59605753283988,197.19211506567976,98.59605753283988
1,81,93.12799999999999,72.05070138390316,186.25599999999997,72.05070138390316
1,82,93.12799999999999,106.38092082473368,212.76184164946736,212.76184164946733
1,83,93.12799999999999,62.96246767680899,186.25599999999997,186.25599999999997
1,84,93.12799999999999,75.2232283458329,186.25599999999997,186.25599999999997
1,85,93.12799999999999,109.67100218574039,219.34200437148078,219.34200437148078
1,86,93.12799999999999,70.99154535871463,186.25599999999997,186.25599999999997
1,87,93.12799999999999,99.21254028360701,198.42508056721402,99.21254028360701
1,88,93.12799999999999,91.94951122744833,186.25599999999997,186.25599999999997
1,89,93.12799999999999,117.26702133167916,234.53404266335832,234.53404266335832
1,90,93.12799999999999,75.41188469083193,186.25599999999997,186.25599999999997
1,91,93.12799999999999,62.926061558330986,186.25599999999997,62.92606155833099
1,92,93.12799999999999,105.26166505777213,210.52333011554427,105.26166505777215
1,93,93.12799999999999,107.60981971383177,215.21963942766354,107.60981971383177
1,94,93.12799999999999,116.19189604817443,232.38379209634886,232.38379209634888
1,95,93.12799999999999,117.72030819079373,235.44061638158746,235.44061638158746
1,96,93.12799999999999,59.635315353883406,186.25599999999997,186.25599999999997
1,97,93.12799999999999,73.58112934164596,186.25599999999997,186.25599999999997
1,98,93.12799999999999,97.77737163278033,195.55474326556066,195.55474326556066
1,99,93.12799999999999,118.79873207111832,237.59746414223665,118.79873207111832
2,0,86.03,99.11317032286975,198.2263406457395,198.2263406457395
2,1,86.03,78.35290088880312,172.06,172.06
2,2,86.03,97.28944501472401,194.57889002944802,194.57889002944802
2,3,86.03,82.83248022244662,172.06,172.06
2,4,86.03,69.56153279221193,172.06,69.56153279221193
2,5,86.03,74.62510547680854,172.06,172.06
2,6,86.03,80.86705750056962,172.06,172.06
2,7,86.03,77.97806313685743,172.06,172.06
2,8,86.03,97.84733231744674,195.69466463489348,195.69466463489348
2,9,86.03,97.45441416906459,194.90882833812918,194.90882833812918
2,10,86.03,69.81833838681439,172.06,172.06
2,11,86.03,99.80354274934572,199.60708549869145,199.60708549869145
2,12,86.03,58.16372503275567,172.06,172.06
2,13,86.03,55.65121160391144,172.06,172.06
2,14,86.03,56.112798059492135,172.06,172.06
2,15,86.03,75.66287374510422,172.06,75.66287374510422
2,16,86.03,50.12224764183988,172.06,172.06
2,17,86.03,98.9967978286045,197.993595657209,197.993595657209
2,18,86.03,92.62111608865607,185.24223217731213,185.24223217731213
2,19,86.03,49.77903341080227,172.06,172.06
2,20,86.03,58.28192711317408,172.06,172.06
2,21,86.03,66.50469452709129,172.06,172.06
2,22,86.03,55.897435964929514,172.06,172.06
2,23,86.03,91.6913223389135,183.382644677827,91.6913223389135
2,24,86.03,67.17326171758609,172.06,172.06
2,25,86.03,98.58200022153993,197.16400044307986,197.16400044307986
2,26,86.03,79.69081789525988,172.06,172.06
2,27,86.03,95.34941643498146,190.69883286996293,190.69883286996293
2,28,86.03,93.55060360546288,187.10120721092576,187.10120721092576
2,29,86.03,96.75060465744824,193.50120931489647,193.50120931489647
2,30,86.03,73.2476534331435,172.06,172.06
2,31,86.03,77.8091890835868,172.06,172.06
2,32,86.03,91.11697423425991,182.23394846851983,182.23394846851983
2,33,86.03,64.05978254666397,172.06,172.06
2,34,86.03,74.8499920646874,172.06,172.06
2,35,86.03,80.59272268733267,172.06,172.06
2,36,86.03,49.80616499057804,172.06,172.06
2,37,86.03,80.29577056596291,172.06,80.29577056596291
2,38,86.03,71.86526798457645,172.06,172.06
2,39,86.03,91.57894575460908,183.15789150921816,91.57894575460908
2,40,86.03,65.61742165022947,172.06,172.06
2,41,86.03,96.09097774418531,192.18195548837062,192.18195548837062
2,42,86.03,79.47151757090106,172.06,79.47151757090106
2,43,86.03,58.694151186006785,172.06,172.06
2,44,86.03,90.55384940302832,181.10769880605665,181.10769880605665
2,45,86.03,81.27436207574074,172.06,172.06
2,46,86.03,51.83068748914483,172.06,172.06
2,47,86.03,71.15399090565306,172.06,172.06
2,48,86.03,84.81092821727286,172.06,172.06
2,49,86.03,97.44746858038954,194.89493716077908,194.89493716077908
2,50,86.03,49.00791712297482,172.06,172.06
2,51,86.03,100.51555584387114,201.03111168774228,100.51555584387116
2,52,86.03,68.85317145605377,172.06,172.06
2,53,86.03,100.35857775079845,200.7171555015969,100.35857775079845
2,54,86.03,80.88845584721109,172.06,172.06
2,55,86.03,92.71239986287078,185.42479972574156,185.42479972574156
2,56,86.03,79.30556587158388,172.06,172.06
2,57,86.03,82.1208158353544,172.06,172.06
2,58,86.03,64.05226127616619,172.06,172.06
2,59,86.03,79.94505231686661,172.06,172.06
2,60,86.03,88.55404397565351,177.10808795130703,88.55404397565351
2,61,86.03,94.26698324799443,188.53396649598886,94.26698324799443
2,62,86.03,88.8210062624301,177.6420125248602,177.6420125248602
2,63,86.03,85.81266030373344,172.06,172.06
2,64,86.03,94.59224862591124,189.18449725182248,189.1844972518225
2,65,86.03,66.00971743137282,172.06,1027.4923748431668
2,66,86.03,84.37411509226659,172.06,172.06
2,67,86.03,72.77252527599153,172.06,72.77252527599153
2,68,86.03,69.14450717486002,172.06,172.06
2,69,86.03,70.65902686419908,172.06,172.06
2,70,86.03,70.16673030263699,172.06,172.06
2,71,86.03,65.73027195370007,172.06,172.06
2,72,86.03,81.79601276135483,172.06,172.06
2,73,86.03,71.6843672515699,172.06,172.06
2,74,86.03,100.35955580421236,200.71911160842473,100.35955580421236
2,75,86.03,84.7440378775428,172.06,172.06
2,76,86.03,59.46224624981487,172.06,172.06
2,77,86.03,71.49728452307136,172.06,172.06
2,78,86.03,67.09991060044638,172.06,172.06
2,79,86.03,91.06607696626719,182.13215393253438,91.06607696626719
2,80,86.03,95.41094471330646,190.82188942661293,190.82188942661293
2,81,86.03,96.6688153927906,193.3376307855812,193.3376307855812
2,82,86.03,83.94843680853926,172.06,172.06
2,83,86.03,63.241522679358035,172.06,172.06
2,84,86.03,62.3002926406495,172.06,172.06
2,85,86.03,94.08677805883957,188.17355611767914,188.17355611767914
2,86,86.03,76.82625052313074,172.06,172.06
2,87,86.03,91.3046494732389,182.6092989464778,182.6092989464778
2,88,86.03,79.18829235040009,172.06,172.06
2,89,86.03,87.66358115966554,175.32716231933108,175.32716231933108
2,90,86.03,76.36712348923064,172.06,172.06
2,91,86.03,89.65462479153456,179.30924958306912,179.30924958306912
2,92,86.03,78.99676422812804,172.06,172.06
2,93,86.03,73.55519416929674,172.06,172.06
2,94,86.03,67.06523311499971,172.06,172.06
2,95,86.03,52.585086824944185,172.06,172.06
2,96,86.03,68.92406692010563,172.06,172.06
2,97,86.03,53.18737542679816,172.06,172.06
2,98,86.03,100.83514326675682,201.67028653351363,100.83514326675682
2,99,86.03,58.5676791708835,172.06,172.06
3,0,82.964,83.69931527519476,167.39863055038953,167.39863055038953
3,1,82.964,86.73400962784827,173.46801925569653,173.46801925569653
3,2,82.964,77.76267978936781,165.928,165.928
3,3,82.964,72.04373405240666,165.928,165.928
3,4,82.964,52.397387529805584,165.928,165.928
3,5,82.964,67.10888832138063,165.928,165.928
3,6,82.964,61.25580997411398,165.928,165.928
3,7,82.964,55.47851745123011,165.928,165.928
3,8,82.964,73.1506703661274,165.928,165.928
3,9,82.964,59.673504143229174,165.928,165.928
3,10,82.964,88.72228642277204,177.4445728455441,177.4445728455441
3,11,82.964,88.40151696969949,176.80303393939897,176.80303393939897
3,12,82.964,57.0212020526619,165.928,165.928
3,13,82.964,49.988975359297896,165.928,165.928
3,14,82.964,53.93588623931983,165.928,165.928
3,15,82.964,68.6816689494801,165.928,165.928
3,16,82.964,79.69461812284432,165.928,165.928
3,17,82.964,54.668396769923596,165.928,165.928
3,18,82.964,56.584306528179134,165.928,165.928
3,19,82.964,85.61397741621066,171.22795483242132,171.22795483242132
3,20,82.964,64.65473335165672,165.928,165.928
3,21,82.964,74.31318767874032,165.928,165.928
3,22,82.964,55.893360579844654,165.928,165.928
3,23,82.964,49.5598078009226,165.928,165.928
3,24,82.964,69.4642491125364,165.928,165.928
3,25,82.964,67.60235006504226,165.928,165.928
3,26,82.964,51.99824081469166,165.928,165.928
3,27,82.964,74.55947045833362,165.928,165.928
3,28,82.964,70.81816462556756,165.928,165.928
3,29,82.964,76.11431150939457,165.928,165.928
3,30,82.964,51.60744699439171,165.928,165.928
3,31,82.964,80.79793284182054,165.928,165.928
3,32,82.964,55.33468552364139,165.928,165.928
3,33,82.964,69.63231847755762,165.928,165.928
3,34,82.964,82.42188550921058,165.928,165.928
3,35,82.964,45.72997966762529,165.928,165.928
3,36,82.964,60.25505244443533,165.928,165.928
3,37,82.964,86.6359388238538,173.2718776477076,173.2718776477076
3,38,82.964,85.27915385745908,170.55830771491816,170.55830771491816
3,39,82.964,70.55031961189631,165.928,165.928
3,40,82.964,86.33228628098747,172.66457256197495,172.66457256197495
3,41,82.964,90.33336156451915,180.6667231290383,180.6667231290383
3,42,82.964,84.3989599908256,168.7979199816512,168.7979199816512
3,43,82.964,85.7314914954503,171.4629829909006,171.4629829909006
3,44,82.964,49.40476872750934,165.928,165.928
3,45,82.964,75.97806853066601,165.928,165.928
3,46,82.964,78.48903606341393,165.928,165.928
3,47,82.964,74.00327596112452,165.928,165.928
3,48,82.964,83.11051415469096,166.22102830938192,166.22102830938192
3,49,82.964,46.31865363005008,165.928,165.928
3,50,82.964,81.69776268993931,165.928,165.928
3,51,82.964,79.84576542626472,165.928,165.928
3,52,82.964,57.14528204850998,165.928,165.928
3,53,82.964,57.018845827872326,165.928,165.928
3,54,82.964,75.06428755575185,165.928,165.928
3,55,82.964,61.261841108286966,165.928,165.928
3,56,82.964,82.96496221216147,165.92992442432293,165.92992442432293
3,57,82.964,66.11177613431694,165.928,165.928
3,58,82.964,82.29941589795474,165.928,165.928
3,59,82.964,92.28902695821806,184.57805391643612,184.57805391643612
3,60,82.964,59.09537627124805,165.928,9734.195579909481
3,61,82.964,51.533400454398304,165.928,165.928
3,62,82.964,88.001057563879,176.002115127758,176.002115127758
3,63,82.964,70.70030568330249,165.928,165.928
3,64,82.964,91.53248496485358,183.06496992970716,183.06496992970716
3,65,82.964,75.2711316345579,165.928,165.928
3,66,82.964,92.45452025204666,184.90904050409333,184.90904050409333
3,67,82.964,70.9172653871727,165.928,165.928
3,68,82.964,69.97252065843941,165.928,165.928
3,69,82.964,51.16896919129424,165.928,165.928
3,70,82.964,61.76235999531433,165.928,165.928
3,71,82.964,45.916964822944436,165.928,165.928
3,72,82.964,52.369674644142705,165.928,165.928
3,73,82.964,80.51464584069498,165.928,165.928
3,74,82.964,46.11803988831371,165.928,165.928
3,75,82.964,62.28356851339846,165.928,165.928
3,76,82.964,86.1273207029432,172.2546414058864,172.2546414058864
3,77,82.964,77.96776289226577,165.928,165.928
3,78,82.964,77.88429704446114,165.928,165.928
3,79,82.964,53.727847167542016,165.928,165.928
3,80,82.964,65.90777574951922,165.928,165.928
3,81,82.964,72.62481935949553,165.928,165.928
3,82,82.964,92.25439766520653,184.50879533041305,184.50879533041305
3,83,82.964,54.462171595390274,165.928,165.928
3,84,82.964,56.569847600803705,165.928,165.928
3,85,82.964,57.26429280057041,165.928,165.928
3,86,82.964,80.73274988998266,165.928,165.928
3,87,82.964,66.63255996759781,165.928,165.928
3,88,82.964,47.393886444201044,165.928,165.928
3,89,82.964,69.11122261322714,165.928,165.928
3,90,82.964,54.849494937906464,165.928,165.928
3,91,82.964,83.06189316880406,166.12378633760812,166.12378633760812
3,92,82.964,58.955096356629824,165.928,165.928
3,93,82.964,45.98368865523936,165.928,165.928
3,94,82.964,73.19494216594467,165.928,165.928
3,95,82.964,85.23735404113464,170.47470808226927,170.47470808226927
3,96,82.964,62.979593258296624,165.928,165.928
3,97,82.964,80.71764433084942,165.928,165.928
3,98,82.964,69.2374733563669,165.928,165.928
3,99,82.964,70.67108674440412,165.928,165.928
4,0,82.726,96.87027100361666,193.74054200723333,96.87027100361666
4,1,82.726,88.89320141123545,177.7864028224709,177.7864028224709
4,2,82.726,49.30181498308899,165.452,49.30181498308899
4,3,82.726,84.0407934329881,168.0815868659762,84.0407934329881
4,4,82.726,71.50178726643077,165.452,165.452
4,5,82.726,96.26045297233513,192.52090594467026,192.52090594467026
4,6,82.726,59.004701090853125,165.452,59.00470109085313
4,7,82.726,61.346372953970366,165.452,61.34637295397036
4,8,82.726,51.82366155841378,165.452,165.452
4,9,82.726,69.63505701578873,165.452,165.452
4,10,82.726,53.23693699898136,165.452,53.23693699898136
4,11,82.726,80.16186456016645,165.452,80.16186456016645
4,12,82.726,88.8420135239811,177.6840270479622,177.6840270479622
4,13,82.726,83.39498905505815,166.7899781101163,83.39498905505815
4,14,82.726,86.95634009308091,173.91268018616182,86.95634009308091
4,15,82.726,65.21409659446128,165.452,65.21409659446128
4,16,82.726,91.04253435405485,182.0850687081097,91.04253435405485
4,17,82.726,69.64275049986514,165.452,165.452
4,18,82.726,89.92187943358286,179.84375886716572,89.92187943358286
4,19,82.726,79.78779653073492,165.452,165.452
4,20,82.726,55.002160636935095,165.452,55.002160636935095
4,21,82.726,51.665269654482636,165.452,51.665269654482636
4,22,82.726,48.5839908257413,165.452,48.5839908257413
4,23,82.726,51.066917860129514,165.452,165.452
4,24,82.726,71.17250795970565,165.452,165.452
4,25,82.726,53.45875070884022,165.452,53.45875070884022
4,26,82.726,49.06889000856477,165.452,49.06889000856477
4,27,82.726,86.37399660255245,172.7479932051049,86.37399660255245
4,28,82.726,67.9024621640946,165.452,165.452
4,29,82.726,85.9674820672548,171.9349641345096,85.9674820672548
4,30,82.726,70.85547495191362,165.452,70.85547495191362
4,31,82.726,70.7365383368018,165.452,70.7365383368018
4,32,82.726,72.17243869280516,165.452,72.17243869280516
4,33,82.726,71.9636869650347,165.452,71.9636869650347
4,34,82.726,88.85228054802934,177.70456109605868,177.70456109605868
4,35,82.726,68.28943100699068,165.452,165.452
4,36,82.726,94.06123868645071,188.12247737290141,188.12247737290141
4,37,82.726,49.544912513687656,165.452,49.544912513687656
4,38,82.726,87.34951324488492,174.69902648976984,174.69902648976984
4,39,82.726,54.08981439376039,165.452,165.452
4,40,82.726,79.37822371951701,165.452,79.37822371951701
4,41,82.726,48.17514711165341,165.452,48.17514711165341
4,42,82.726,75.27939827124786,165.452,75.27939827124786
4,43,82.726,47.7982210727274,165.452,47.7982210727274
4,44,82.726,96.44746354437778,192.89492708875557,192.89492708875557
4,45,82.726,94.09796889573056,188.19593779146112,188.19593779146112
4,46,82.726,88.48304584890944,176.96609169781888,88.48304584890944
4,47,82.726,94.60449862476788,189.20899724953577,94.60449862476788
4,48,82.726,55.11171311383283,165.452,165.452
4,49,82.726,55.73622885743479,165.452,165.452
4,50,82.726,57.27042778119631,165.452,165.452
4,51,82.726,79.58255037917993,165.452,79.58255037917993
4,52,82.726,94.11887507356795,188.2377501471359,94.11887507356795
4,53,82.726,98.43624278004195,196.8724855600839,196.8724855600839
4,54,82.726,84.12982389497117,168.25964778994233,84.12982389497117
4,55,82.726,85.19077334237518,170.38154668475036,85.19077334237518
4,56,82.726,94.29761806205775,188.5952361241155,188.5952361241155
4,57,82.726,68.21150467893057,165.452,68.21150467893057
4,58,82.726,60.462776163656244,165.452,60.46277616365624
4,59,82.726,56.5417735602884,165.452,165.452
4,60,82.726,53.772507202785555,165.452,53.772507202785555
4,61,82.726,89.33700220343539,178.67400440687078,89.33700220343539
4,62,82.726,55.17503479338527,165.452,55.17503479338527
4,63,82.726,61.204016318122505,165.452,61.20401631812251
4,64,82.726,89.66940734962385,179.3388146992477,89.66940734962385
4,65,82.726,63.579063361870276,165.452,63.57906336187028
4,66,82.726,98.04949509268464,196.09899018536927,196.09899018536927
4,67,82.726,61.32414018967164,165.452,165.452
4,68,82.726,75.02419423711916,165.452,75.02419423711916
4,69,82.726,63.77812702667637,165.452,165.452
4,70,82.726,94.37353511507506,188.74707023015011,94.37353511507506
4,71,82.726,66.4507549218801,165.452,66.4507549218801
4,72,82.726,69.89023852581334,165.452,69.89023852581334
4,73,82.726,73.92821652859124,165.452,73.92821652859124
4,74,82.726,95.8159971025046,191.6319942050092,95.8159971025046
4,75,82.726,49.23131435101177,165.452,165.452
4,76,82.726,84.42516469328062,168.85032938656124,168.85032938656124
4,77,82.726,93.3599982615699,186.7199965231398,93.3599982615699
4,78,82.726,49.04343468604017,165.452,49.04343468604017
4,79,82.726,74.42891090684364,165.452,74.42891090684364
4,80,82.726,64.3693417597494,165.452,64.3693417597494
4,81,82.726,91.7422679473017,183.4845358946034,91.7422679473017
4,82,82.726,76.29988182387028,165.452,165.452
4,83,82.726,83.05775901666131,166.11551803332262,83.05775901666131
4,84,82.726,70.87849558888847,165.452,165.452
4,85,82.726,79.88081217440518,165.452,165.452
4,86,82.726,62.52773679059137,165.452,62.52773679059137
4,87,82.726,48.123034175450485,165.452,48.123034175450485
4,88,82.726,77.2357127013014,165.452,165.452
4,89,82.726,63.623032599761935,165.452,63.62303259976193
4,90,82.726,74.18347026079559,165.452,165.452
4,91,82.726,94.66255560995266,189.32511121990532,94.66255560995266
4,92,82.726,69.52505006712676,165.452,69.52505006712676
4,93,82.726,60.33683269500435,165.452,165.452
4,94,82.726,66.69380812714606,165.452,66.69380812714606
4,95,82.726,95.45553813766679,190.91107627533358,190.91107627533358
4,96,82.726,95.71245212530232,191.42490425060464,191.42490425060464
4,97,82.726,90.96446708349676,181.9289341669935,90.96446708349676
4,98,82.726,94.85756088762342,189.71512177524684,94.85756088762342
4,99,82.726,59.336540051894666,165.452,59.33654005189467
5,0,85.946,61.2577045002844,171.892,61.25770450028439
5,1,85.946,69.6878827823145,171.892,171.892
5,2,85.946,74.93713045608008,171.892,171.892
5,3,85.946,66.52002222454263,171.892,66.52002222454263
5,4,85.946,92.58502250962597,185.17004501925194,185.17004501925194
5,5,85.946,80.91847269601752,171.892,171.892
5,6,85.946,105.2011132561441,210.4022265122882,105.2011132561441
5,7,85.946,67.14489752324015,171.892,67.14489752324015
5,8,85.946,98.29943566625299,196.59887133250598,196.59887133250598
5,9,85.946,70.47441722955044,171.892,171.892
5,10,85.946,90.60298982970063,181.20597965940127,90.60298982970063
5,11,85.946,77.02382073850849,171.892,171.892
5,12,85.946,59.41779081742007,171.892,171.892
5,13,85.946,69.7785547532559,171.892,69.7785547532559
5,14,85.946,96.02204904524794,192.04409809049588,96.02204904524794
5,15,85.946,85.96254192035754,171.92508384071508,85.96254192035754
5,16,85.946,87.27480384380475,174.5496076876095,87.27480384380475
5,17,85.946,66.5172653967086,171.892,66.5172653967086
5,18,85.946,90.39178023708189,180.78356047416378,90.39178023708189
5,19,85.946,116.07751454689878,232.15502909379757,116.07751454689878
5,20,85.946,105.23026923652877,210.46053847305754,210.4605384730575
5,21,85.946,91.81804309533236,183.6360861906647,91.81804309533236
5,22,85.946,114.8256349314922,229.6512698629844,229.6512698629844
5,23,85.946,110.33847463594927,220.67694927189854,220.67694927189856
5,24,85.946,91.89251971558124,183.7850394311625,91.89251971558124
5,25,85.946,57.938394415487736,171.892,171.892
5,26,85.946,61.62516417731994,171.892,61.62516417731994
5,27,85.946,59.92466647127665,171.892,59.92466647127665
5,28,85.946,83.2183329124176,171.892,83.2183329124176
5,29,85.946,78.61832018588461,171.892,78.61832018588461
5,30,85.946,114.78710767448321,229.57421534896642,114.78710767448321
5,31,85.946,66.11110141645591,171.892,171.892
5,32,85.946,114.63261845302112,229.26523690604225,114.63261845302112
5,33,85.946,102.25434859793958,204.50869719587917,102.25434859793958
5,34,85.946,105.67657864465437,211.35315728930874,105.67657864465436
5,35,85.946,94.12371882424266,188.24743764848532,94.12371882424266
5,36,85.946,96.30120392696884,192.60240785393768,192.60240785393768
5,37,85.946,84.7345730742705,171.892,84.7345730742705
5,38,85.946,56.775405436165876,171.892,171.892
5,39,85.946,77.2660947296357,171.892,77.26609472963571
5,40,85.946,85.65034356674639,171.892,85.6503435667463
5,41,85.946,100.00049410142054,200.00098820284109,100.00049410142053
5,42,85.946,84.2369413461058,171.892,171.892
5,43,85.946,83.56028282354582,171.892,171.892
5,44,85.946,64.28308037448691,171.892,64.28308037448691
5,45,85.946,56.639896612889444,171.892,171.892
5,46,85.946,101.69988661111468,203.39977322222936,101.69988661111469
5,47,85.946,75.27331994889688,171.892,75.27331994889688
5,48,85.946,115.33173081492505,230.6634616298501,115.33173081492505
5,49,85.946,69.26130145609781,171.892,171.892
5,50,85.946,76.40406707161955,171.892,76.40406707161955
5,51,85.946,87.56902736995514,175.13805473991027,87.56902736995514
5,52,85.946,101.49569679760334,202.9913935952067,101.49569679760336
5,53,85.946,83.94932514838484,171.892,83.94932514838484
5,54,85.946,63.508946987112445,171.892,171.892
5,55,85.946,74.82407269238925,171.892,74.82407269238925
5,56,85.946,86.40079332141136,172.8015866428227,86.40079332141136
5,57,85.946,96.60966105183562,193.21932210367123,96.60966105183562
5,58,85.946,102.41562917439666,204.8312583487933,102.41562917439666
5,59,85.946,63.84133917777453,171.892,63.84133917777453
5,60,85.946,57.364966114904504,171.892,57.364966114904504
5,61,85.946,87.27880335910714,174.5576067182143,87.27880335910714
5,62,85.946,104.8175010343853,209.6350020687706,104.8175010343853
5,63,85.946,56.74329568027007,171.892,171.892
5,64,85.946,96.52651152253286,193.05302304506571,96.52651152253286
5,65,85.946,97.39097018377892,194.78194036755784,97.39097018377892
5,66,85.946,83.06842856594612,171.892,83.06842856594612
5,67,85.946,111.13587412555675,222.2717482511135,111.13587412555677
5,68,85.946,94.83183907315164,189.66367814630328,94.83183907315164
5,69,85.946,56.299325605367265,171.892,56.299325605367265
5,70,85.946,85.18952690865412,171.892,171.892
5,71,85.946,107.79154397665663,215.58308795331325,107.79154397665663
5,72,85.946,106.04806834428952,212.09613668857904,106.04806834428953
5,73,85.946,95.12081501821177,190.24163003642354,95.12081501821177
5,74,85.946,96.60058236044452,193.20116472088904,193.20116472088904
5,75,85.946,90.86105991556093,181.72211983112186,90.86105991556093
5,76,85.946,72.51005222484699,171.892,72.51005222484699
5,77,85.946,89.77767637442057,179.55535274884113,89.77767637442057
5,78,85.946,96.4818934383448,192.9637868766896,96.4818934383448
5,79,85.946,77.23134033414226,171.892,77.23134033414226
5,80,85.946,107.58116629034477,215.16233258068954,107.58116629034478
5,81,85.946,67.74219419188397,171.892,67.74219419188397
5,82,85.946,101.03926376810993,202.07852753621987,101.03926376810995
5,83,85.946,73.44351796714915,171.892,73.44351796714915
5,84,85.946,102.63564672807053,205.27129345614105,102.63564672807053
5,85,85.946,81.77162896278382,171.892,171.892
5,86,85.946,104.67941913564026,209.35883827128052,104.67941913564025
5,87,85.946,77.2979746144427,171.892,171.892
5,88,85.946,68.8669463478145,171.892,68.8669463478145
5,89,85.946,102.24287179866357,204.48574359732714,204.48574359732717
5,90,85.946,74.59138824899401,171.892,74.59138824899401
5,91,85.946,100.1906395923817,200.3812791847634,100.1906395923817
5,92,85.946,100.86757898686429,201.73515797372858,100.86757898686429
5,93,85.946,69.33138686497196,171.892,69.33138686497196
5,94,85.946,68.89220171022743,171.892,68.89220171022743
5,95,85.946,67.97795381209728,171.892,171.892
5,96,85.946,64.57582349751316,171.892,64.57582349751316
5,97,85.946,78.71766372577697,171.892,78.71766372577697
5,98,85.946,57.58880739674374,171.892,171.892
5,99,85.946,62.670787229012866,171.892,62.67078722901287
6,0,93.54799999999999,80.1387373429032,187.09599999999998,80.1387373429032
6,1,93.54799999999999,86.39795435882924,187.09599999999998,187.09599999999998
6,2,93.54799999999999,50.443695399239104,187.09599999999998,187.0960000000002
6,3,93.54799999999999,58.00063387329665,187.09599999999998,58.00063387329665
6,4,93.54799999999999,56.79707230149544,187.09599999999998,56.79707230149545
6,5,93.54799999999999,92.27448315149687,187.09599999999998,92.27448315149687
6,6,93.54799999999999,81.97584861849532,187.09599999999998,81.97584861849532
6,7,93.54799999999999,74.1061243506964,187.09599999999998,74.1061243506964
6,8,93.54799999999999,61.64059856866692,187.09599999999998,61.64059856866692
6,9,93.54799999999999,88.15143527355407,187.09599999999998,88.15143527355407
6,10,93.54799999999999,68.17852568945267,187.09599999999998,68.17852568945267
6,11,93.54799999999999,92.58054687351868,187.09599999999998,202.74554269391083
6,12,93.54799999999999,81.71277213399789,187.09599999999998,81.71277213399789
6,13,93.54799999999999,70.31431254604958,187.09599999999998,70.31431254604958
6,14,93.54799999999999,52.72721032380076,187.09599999999998,52.72721032380077
6,15,93.54799999999999,95.20932203344464,190.41864406688927,95.20932203344464
6,16,93.54799999999999,54.408009388638305,187.09599999999998,187.09599999999998
6,17,93.54799999999999,56.54595198707442,187.09599999999998,56.54595198707442
6,18,93.54799999999999,67.972361963273,187.09599999999998,187.09599999999998
6,19,93.54799999999999,66.6236730173174,187.09599999999998,66.6236730173174
6,20,93.54799999999999,53.754048084056116,187.09599999999998,209.58819113622727
6,21,93.54799999999999,82.87586613021337,187.09599999999998,82.87586613021337
6,22,93.54799999999999,55.85325496185694,187.09599999999998,55.85325496185695
6,23,93.54799999999999,78.60566338958465,187.09599999999998,187.09599999999998
6,24,93.54799999999999,84.12493658687096,187.09599999999998,84.12493658687096
6,25,93.54799999999999,56.95237386475511,187.09599999999998,56.95237386475511
6,26,93.54799999999999,76.4590766700908,187.09599999999998,76.4590766700908
6,27,93.54799999999999,83.85611831807033,187.09599999999998,187.09599999999998
6,28,93.54799999999999,78.32188057052221,187.09599999999998,78.32188057052221
6,29,93.54799999999999,76.26777246517432,187.09599999999998,76.26777246517432
6,30,93.54799999999999,61.18891510706124,187.09599999999998,61.18891510706125
6,31,93.54799999999999,82.99021798927399,187.09599999999998,82.99021798927399
6,32,93.54799999999999,93.67291228004751,187.34582456009502,93.67291228004751
6,33,93.54799999999999,67.69140694743692,187.09599999999998,67.69140694743692
6,34,93.54799999999999,85.51841629613092,187.09599999999998,85.51841629613092
6,35,93.54799999999999,49.22454539639958,187.09599999999998,49.22454539639958
6,36,93.54799999999999,88.1723083189703,187.09599999999998,88.1723083189703
6,37,93.54799999999999,56.02846302841815,187.09599999999998,56.02846302841815
6,38,93.54799999999999,66.16852360472366,187.09599999999998,66.16852360472366
6,39,93.54799999999999,61.41880138450117,187.09599999999998,61.41880138450118
6,40,93.54799999999999,50.42240602430966,187.09599999999998,50.422406024309666
6,41,93.54799999999999,91.63949804802913,187.09599999999998,91.63949804802913
6,42,93.54799999999999,64.92166964318945,187.09599999999998,187.0959999999995
6,43,93.54799999999999,72.94702657762414,187.09599999999998,72.94702657762414
6,44,93.54799999999999,71.11837948682494,187.09599999999998,71.11837948682494
6,45,93.54799999999999,53.02469528430006,187.09599999999998,53.02469528430006
6,46,93.54799999999999,56.73850533630915,187.09599999999998,187.09599999999998
6,47,93.54799999999999,50.22670832751445,187.09599999999998,50.22670832751446
6,48,93.54799999999999,71.80849587814001,187.09599999999998,71.80849587814001
6,49,93.54799999999999,59.492660159191246,187.09599999999998,187.09599999999998
6,50,93.54799999999999,64.26718850103967,187.09599999999998,187.09599999999998
6,51,93.54799999999999,51.820175699914,187.09599999999998,51.820175699914
6,52,93.54799999999999,85.7868570244293,187.09599999999998,85.7868570244293
6,53,93.54799999999999,51.74611977082619,187.09599999999998,51.74611977082619
6,54,93.54799999999999,95.69247696139264,191.3849539227853,95.69247696139264
6,55,93.54799999999999,55.27419015882094,187.09599999999998,55.27419015882094
6,56,93.54799999999999,75.03194106421759,187.09599999999998,75.03194106421759
6,57,93.54799999999999,48.65988721944029,187.09599999999998,48.65988721944029
6,58,93.54799999999999,85.76508442453309,187.09599999999998,85.76508442453309
6,59,93.54799999999999,55.89628932400188,187.09599999999998,55.89628932400188
6,60,93.54799999999999,72.80738500064926,187.09599999999998,72.80738500064926
6,61,93.54799999999999,83.41367628559306,187.09599999999998,83.41367628559306
6,62,93.54799999999999,53.91301251665749,187.09599999999998,53.91301251665749
6,63,93.54799999999999,73.966283978639,187.09599999999998,73.966283978639
6,64,93.54799999999999,57.24654847284528,187.09599999999998,57.246548472845284
6,65,93.54799999999999,84.36938651030243,187.09599999999998,84.36938651030243
6,66,93.54799999999999,82.5557518818832,187.09599999999998,82.5557518818832
6,67,93.54799999999999,55.243590537218545,187.09599999999998,55.243590537218545
6,68,93.54799999999999,89.50675575957993,187.09599999999998,134.01350665081412
6,69,93.54799999999999,47.40665750594766,187.09599999999998,47.40665750594766
6,70,93.54799999999999,89.42029720493477,187.09599999999998,187.09599999999998
6,71,93.54799999999999,74.35702789017137,187.09599999999998,187.09599999999998
6,72,93.54799999999999,66.57461237498127,187.09599999999998,66.57461237498127
6,73,93.54799999999999,84.34693564814283,187.09599999999998,84.34693564814283
6,74,93.54799999999999,82.25650963335447,187.09599999999998,82.25650963335447
6,75,93.54799999999999,95.77332632095475,191.5466526419095,95.77332632095475
6,76,93.54799999999999,60.319248973852254,187.09599999999998,60.319248973852254
6,77,93.54799999999999,46.60776594165253,187.09599999999998,46.60776594165253
6,78,93.54799999999999,93.10274901140086,187.09599999999998,93.10274901140086
6,79,93.54799999999999,89.30332888446866,187.09599999999998,89.30332888446866
6,80,93.54799999999999,82.85246930359072,187.09599999999998,82.85246930359072
6,81,93.54799999999999,72.24675139726908,187.09599999999998,187.09599999999998
6,82,93.54799999999999,81.75798400467902,187.09599999999998,187.0959999999995
6,83,93.54799999999999,85.4358218863223,187.09599999999998,85.4358218863223
6,84,93.54799999999999,65.15770482247818,187.09599999999998,65.15770482247818
6,85,93.54799999999999,84.92558513808792,187.09599999999998,84.92558513808792
6,86,93.54799999999999,83.94089643516806,187.09599999999998,83.94089643516806
6,87,93.54799999999999,77.07178695108313,187.09599999999998,77.07178695108313
6,88,93.54799999999999,66.50690020674725,187.09599999999998,187.0959999999995
6,89,93.54799999999999,81.27568124800034,187.09599999999998,81.27568124800034
6,90,93.54799999999999,46.57373287160908,187.09599999999998,46.57373287160908
6,91,93.54799999999999,85.15423974895425,187.09599999999998,187.09599999999998
6,92,93.54799999999999,91.22887043606472,187.09599999999998,91.22887043606472
6,93,93.54799999999999,58.381218070166575,187.09599999999998,58.381218070166575
6,94,93.54799999999999,52.45512558463801,187.09599999999998,52.455125584638004
6,95,93.54799999999999,57.42984619482371,187.09599999999998,57.42984619482371
6,96,93.54799999999999,61.51956297627791,187.09599999999998,61.51956297627791
6,97,93.54799999999999,90.55961635747039,187.09599999999998,187.09599999999998
6,98,93.54799999999999,73.57033588956456,187.09599999999998,73.57033588956456
6,99,93.54799999999999,60.75048197426347,187.09599999999998,60.75048197426347
7,0,102.326,66.72840457882367,204.652,66.72840457882367
7,1,102.326,76.22174177445966,204.652,76.22174177445966
7,2,102.326,96.46846827532394,204.652,96.46846827532394
7,3,102.326,78.34782136253273,204.652,78.34782136253273
7,4,102.326,86.67985872343957,204.652,86.67985872343957
7,5,102.326,85.85160151843779,204.652,85.85160151843779
7,6,102.326,109.86912715444407,219.73825430888814,109.86912715444407
7,7,102.326,84.74028382767851,204.652,84.74028382767851
7,8,102.326,79.6962594731724,204.652,79.6962594731724
7,9,102.326,100.28985742237428,204.652,100.28985742237428
7,10,102.326,71.92741171772352,204.652,71.92741171772352
7,11,102.326,87.29813315056383,204.652,87.29813315056383
7,12,102.326,77.76161879374354,204.652,77.76161879374354
7,13,102.326,97.28055430753614,204.652,97.28055430753614
7,14,102.326,112.94779704867945,225.8955940973589,112.94779704867946
7,15,102.326,86.07499723977467,204.652,86.07499723977467
7,16,102.326,107.13739219103034,214.2747843820607,107.13739219103036
7,17,102.326,86.65518682165421,204.652,86.65518682165421
7,18,102.326,99.11766568380732,204.652,99.11766568380732
7,19,102.326,66.32101948748674,204.652,204.65200000000002
7,20,102.326,85.15515139644198,204.652,85.15515139644198
7,21,102.326,114.94612993578284,229.89225987156567,114.94612993578284
7,22,102.326,95.94360466847742,204.652,95.94360466847742
7,23,102.326,106.03146075137435,212.0629215027487,106.03146075137435
7,24,102.326,89.64065523193884,204.652,89.64065523193884
7,25,102.326,89.22506025840981,204.652,89.22506025840981
7,26,102.326,110.79253707190136,221.58507414380273,110.79253707190138
7,27,102.326,62.316159825508166,204.652,62.316159825508166
7,28,102.326,93.92930992210809,204.652,93.92930992210809
7,29,102.326,117.03821883444448,234.07643766888896,117.03821883444448
7,30,102.326,90.46368170615882,204.652,90.46368170615882
7,31,102.326,70.23774363669932,204.652,70.23774363669932
7,32,102.326,111.10772410846154,222.21544821692308,111.10772410846155
7,33,102.326,73.81351633398133,204.652,73.81351633398133
7,34,102.326,101.90060825771522,204.652,101.90060825771523
7,35,102.326,91.86469324159653,204.652,91.86469324159653
7,36,102.326,117.41808503248038,234.83617006496075,234.83617006496078
7,37,102.326,97.12301559946978,204.652,97.12301559946978
7,38,102.326,110.48470968769715,220.9694193753943,110.48470968769715
7,39,102.326,58.57147656487534,204.652,58.57147656487535
7,40,102.326,119.95129868614467,239.90259737228934,119.95129868614467
7,41,102.326,62.93580980077502,204.652,62.93580980077502
7,42,102.326,78.22217212683735,204.652,78.22217212683735
7,43,102.326,117.25022721825401,234.50045443650802,117.25022721825403
7,44,102.326,58.63440863323733,204.652,58.634408633237335
7,45,102.326,109.53106181910232,219.06212363820464,219.06212363820464
7,46,102.326,111.93780576116164,223.87561152232328,111.93780576116164
7,47,102.326,85.58352533610869,204.652,85.58352533610869
7,48,102.326,74.07031974113977,204.652,74.07031974113977
7,49,102.326,108.27767639658553,216.55535279317107,108.27767639658555
7,50,102.326,87.96209738920295,204.652,204.65200000000002
7,51,102.326,66.47722815495034,204.652,66.47722815495034
7,52,102.326,116.1054836085904,232.2109672171808,116.1054836085904
7,53,102.326,114.1116843231745,228.223368646349,114.11168432317452
7,54,102.326,88.81787780245921,204.652,204.65200000000002
7,55,102.326,111.6557920055468,223.3115840110936,111.6557920055468
7,56,102.326,84.25431927268879,204.652,84.25431927268879
7,57,102.326,100.82105076280094,204.652,100.82105076280095
7,58,102.326,82.96672923027657,204.652,82.96672923027657
7,59,102.326,89.7057877500869,204.652,89.7057877500869
7,60,102.326,69.93040229977471,204.652,69.93040229977471
7,61,102.326,118.42831395102753,236.85662790205507,118.42831395102753
7,62,102.326,76.47636705129769,204.652,76.47636705129769
7,63,102.326,64.54596986500273,204.652,64.54596986500273
7,64,102.326,67.10120330472529,204.652,67.10120330472529
7,65,102.326,58.9567029915799,204.652,58.9567029915799
7,66,102.326,102.8524865662434,205.7049731324868,102.8524865662434
7,67,102.326,93.3805636100516,204.652,93.3805636100516
7,68,102.326,107.77038229203092,215.54076458406183,107.7703822920309
7,69,102.326,89.789463948652,204.652,89.789463948652
7,70,102.326,107.59793266669514,215.1958653333903,107.59793266669516
7,71,102.326,101.59028266513225,204.652,204.65200000000002
7,72,102.326,106.72405133871115,213.4481026774223,213.4481026774223
7,73,102.326,83.49785591347761,204.652,83.49785591347761
7,74,102.326,98.58863612123359,204.652,98.58863612123359
7,75,102.326,69.32014816251248,204.652,69.32014816251248
7,76,102.326,78.2028120301819,204.652,78.2028120301819
7,77,102.326,68.87048655461216,204.652,68.87048655461216
7,78,102.326,83.63259508492948,204.652,83.63259508492948
7,79,102.326,73.17430561442981,204.652,73.17430561442981
7,80,102.326,83.52531997150108,204.652,83.52531997150108
7,81,102.326,119.06833922227601,238.13667844455202,119.06833922227602
7,82,102.326,78.10895815511203,204.652,78.10895815511203
7,83,102.326,119.52293700791657,239.04587401583314,239.04587401583314
7,84,102.326,97.87161526070219,204.652,97.87161526070219
7,85,102.326,81.53452586640427,204.652,154.13493966810336
7,86,102.326,111.70470053135237,223.40940106270475,111.70470053135237
7,87,102.326,96.82594024474894,204.652,96.82594024474895
7,88,102.326,73.83815425292973,204.652,73.83815425292973
7,89,102.326,107.66264171581585,215.3252834316317,107.66264171581585
7,90,102.326,85.15246217225786,204.652,85.15246217225786
7,91,102.326,80.43503510129203,204.652,80.43503510129203
7,92,102.326,78.73173368210931,204.652,78.73173368210931
7,93,102.326,101.69064246451406,204.652,101.69064246451404
7,94,102.326,74.87742848275917,204.652,204.65200000000002
7,95,102.326,108.62719571850438,217.25439143700876,108.62719571850438
7,96,102.326,76.5434819718849,204.652,76.5434819718849
7,97,102.326,92.10613565311782,204.652,92.10613565311782
7,98,102.326,88.59124455480885,204.652,88.59124455480885
7,99,102.326,111.57160432748137,223.14320865496273,111.57160432748137
8,0,122.122,133.94916192101851,267.89832384203703,133.94916192101851
8,1,122.122,82.04896173208905,244.244,82.04896173208905
8,2,122.122,111.6086973070261,244.244,111.60869730702612
8,3,122.122,134.6730063341267,269.3460126682534,134.6730063341267
8,4,122.122,101.34433824924989,244.244,101.34433824924989
8,5,122.122,136.41750126077602,272.83500252155204,136.41750126077602
8,6,122.122,89.02350676263866,244.244,89.02350676263866
8,7,122.122,113.33988221352362,244.244,113.33988221352362
8,8,122.122,118.76745824019257,244.244,118.76745824019257
8,9,122.122,85.27954033881994,244.244,85.27954033881994
8,10,122.122,69.47079730494248,244.244,69.47079730494248
8,11,122.122,99.17741837923833,244.244,99.17741837923833
8,12,122.122,137.6422825374982,275.2845650749964,137.6422825374982
8,13,122.122,93.7444373035473,244.244,93.7444373035473
8,14,122.122,125.93988237013642,251.87976474027283,125.93988237013643
8,15,122.122,81.33768554215786,244.244,81.33768554215786
8,16,122.122,93.66516634694396,244.244,93.66516634694396
8,17,122.122,79.11581830971923,244.244,79.11581830971923
8,18,122.122,121.29737237022775,244.244,121.29737237022775
8,19,122.122,120.00995686496863,244.244,244.244
8,20,122.122,119.21300310805753,244.244,119.21300310805753
8,21,122.122,87.1366113223875,244.244,244.244
8,22,122.122,119.4977754329471,244.244,119.49777543294711
8,23,122.122,85.212586878892,244.244,244.244
8,24,122.122,99.76167390831824,244.244,99.76167390831824
8,25,122.122,95.87455201287801,244.244,95.87455201287801
8,26,122.122,94.64972475782145,244.244,244.244
8,27,122.122,72.70624181450415,244.244,72.70624181450415
8,28,122.122,115.0218754102685,244.244,115.02187541026852
8,29,122.122,120.6003921440327,244.244,120.60039214403271
8,30,122.122,113.69061453990653,244.244,113.69061453990655
8,31,122.122,116.25053023893916,244.244,116.25053023893916
8,32,122.122,80.98414601995327,244.244,244.244
8,33,122.122,79.4733004291045,244.244,79.4733004291045
8,34,122.122,106.3616745004673,244.244,106.3616745004673
8,35,122.122,132.98682080806722,265.97364161613444,132.98682080806722
8,36,122.122,82.01718763326379,244.244,244.244
8,37,122.122,102.57710456303742,244.244,102.57710456303744
8,38,122.122,100.07743988524116,244.244,100.07743988524116
8,39,122.122,105.11682093462994,244.244,105.11682093462996
8,40,122.122,80.36267651817961,244.244,80.36267651817961
8,41,122.122,93.70112813219346,244.244,93.70112813219347
8,42,122.122,87.76209319118502,244.244,87.76209319118502
8,43,122.122,130.71576713311592,261.43153426623184,130.71576713311592
8,44,122.122,127.45766037904596,254.91532075809192,127.45766037904596
8,45,122.122,99.90838314612466,244.244,244.244
8,46,122.122,113.20602479513595,244.244,113.20602479513595
8,47,122.122,79.17980056484285,244.244,79.17980056484285
8,48,122.122,106.02537473854211,244.244,106.02537473854213
8,49,122.122,90.34726740935358,244.244,90.34726740935358
8,50,122.122,131.83073438204414,263.6614687640883,131.83073438204414
8,51,122.122,117.96718530438724,244.244,117.96718530438726
8,52,122.122,115.15659333387924,244.244,115.15659333387924
8,53,122.122,77.65270709326668,244.244,77.65270709326668
8,54,122.122,103.14835612312369,244.244,103.14835612312369
8,55,122.122,141.18762293244424,282.3752458648885,141.18762293244424
8,56,122.122,138.36602894459367,276.73205788918733,138.36602894459367
8,57,122.122,116.01262187606702,244.244,116.01262187606703
8,58,122.122,79.64124370059548,244.244,79.64124370059548
8,59,122.122,115.57332983237926,244.244,115.57332983237927
8,60,122.122,110.15738704025924,244.244,110.15738704025924
8,61,122.122,103.00665999545028,244.244,103.00665999545029
8,62,122.122,100.01146897831666,244.244,100.01146897831666
8,63,122.122,112.6349985033694,244.244,112.6349985033694
8,64,122.122,131.11703013121118,262.23406026242236,131.11703013121118
8,65,122.122,123.82972829795317,247.65945659590633,123.82972829795318
8,66,122.122,111.16725796494585,244.244,111.16725796494585
8,67,122.122,136.62656676980524,273.2531335396105,136.62656676980524
8,68,122.122,73.22857281261672,244.244,244.244
8,69,122.122,141.53955020122353,283.07910040244707,141.53955020122353
8,70,122.122,72.3626793430553,244.244,72.3626793430553
8,71,122.122,83.16297748724497,244.244,244.244
8,72,122.122,99.62186413753977,244.244,99.62186413753977
8,73,122.122,76.38156686716421,244.244,76.38156686716421
8,74,122.122,114.4338554827689,244.244,114.4338554827689
8,75,122.122,71.99392514262259,244.244,71.99392514262259
8,76,122.122,89.43878021430012,244.244,89.43878021430012
8,77,122.122,72.95555919327735,244.244,72.95555919327735
8,78,122.122,120.32045095461844,244.244,120.32045095461842
8,79,122.122,117.7355361016426,244.244,117.7355361016426
8,80,122.122,96.36542563542315,244.244,96.36542563542315
8,81,122.122,82.32982783983181,244.244,174.22747571875658
8,82,122.122,123.52627433746927,247.05254867493855,123.52627433746927
8,83,122.122,93.54916194738152,244.244,93.54916194738152
8,84,122.122,127.086760896423,254.173521792846,127.08676089642302
8,85,122.122,104.4247037378869,244.244,104.4247037378869
8,86,122.122,107.20906088662812,244.244,107.20906088662812
8,87,122.122,70.55622624260081,244.244,70.55622624260081
8,88,122.122,115.94969155884868,244.244,115.94969155884868
8,89,122.122,94.30681512013678,244.244,94.30681512013678
8,90,122.122,85.35320995368323,244.244,85.35320995368323
8,91,122.122,100.44243896662026,244.244,100.44243896662026
8,92,122.122,96.6519717291075,244.244,96.6519717291075
8,93,122.122,103.08946435023329,244.244,103.0894643502333
8,94,122.122,140.66497867572562,281.32995735145124,140.66497867572562
8,95,122.122,95.31839197766323,244.244,244.244
8,96,122.122,125.54663904642172,251.09327809284343,125.54663904642172
8,97,122.122,109.20678183031899,244.244,109.206781830319
8,98,122.122,134.0040591074855,268.008118214971,134.0040591074855
8,99,122.122,94.62354910816504,244.244,94.62354910816504
9,0,132.146,81.96098015301641,264.292,81.96098015301641
9,1,132.146,128.4182986669103,264.292,128.4182986669103
9,2,132.146,67.86083517892406,264.292,67.86083517892406
9,3,132.146,131.1920662022015,264.292,131.1920662022015
9,4,132.146,103.66349200306561,264.292,103.66349200306561
9,5,132.146,91.09498646076027,264.292,91.09498646076027
9,6,132.146,134.2844871055422,268.5689742110844,134.2844871055422
9,7,132.146,68.8959761324944,264.292,68.8959761324944
9,8,132.146,100.89207228818746,264.292,100.89207228818746
9,9,132.146,66.99261890149052,264.292,66.99261890149052
9,10,132.146,104.69447526575753,264.292,104.69447526575752
9,11,132.146,77.41995238164012,264.292,77.41995238164012
9,12,132.146,108.867844103902,264.292,108.867844103902
9,13,132.146,133.29819336710293,266.59638673420585,133.29819336710293
9,14,132.146,125.8970618702465,264.292,264.292
9,15,132.146,96.3636142192596,264.292,96.3636142192596
9,16,132.146,114.27808712164278,264.292,114.27808712164278
9,17,132.146,119.09539495595183,264.292,119.09539495595183
9,18,132.146,99.36583892420677,264.292,99.36583892420677
9,19,132.146,101.71770159343967,264.292,101.71770159343967
9,20,132.146,75.34776151359922,264.292,75.34776151359922
9,21,132.146,90.60889245710976,264.292,90.60889245710976
9,22,132.146,74.74998475294285,264.292,74.74998475294285
9,23,132.146,115.56485137462336,264.292,115.56485137462336
9,24,132.146,98.12115453098274,264.292,264.292
9,25,132.146,96.1571629060623,264.292,96.1571629060623
9,26,132.146,126.67161187094179,264.292,126.67161187094177
9,27,132.146,101.65384689242318,264.292,101.65384689242319
9,28,132.146,93.37963855202149,264.292,93.37963855202149
9,29,132.146,83.59262836095559,264.292,87.17155123817871
9,30,132.146,69.8488138188009,264.292,69.8488138188009
9,31,132.146,94.01107373444134,264.292,94.01107373444134
9,32,132.146,66.61959291262897,264.292,66.61959291262897
9,33,132.146,85.14669021157896,264.292,85.14669021157896
9,34,132.146,99.97082548928935,264.292,99.97082548928937
9,35,132.146,132.25172756398555,264.5034551279711,132.25172756398555
9,36,132.146,72.45760325593528,264.292,72.45760325593528
9,37,132.146,111.80549766617516,264.292,111.80549766617516
9,38,132.146,99.72111228939056,264.292,99.72111228939056
9,39,132.146,119.06952961413633,264.292,119.06952961413633
9,40,132.146,74.8467209415193,264.292,74.8467209415193
9,41,132.146,70.63000824453532,264.292,70.63000824453532
9,42,132.146,92.69047733732788,264.292,264.292
9,43,132.146,120.45619896640054,264.292,120.45619896640054
9,44,132.146,78.20230762146653,264.292,78.20230762146653
9,45,132.146,118.41884587751626,264.292,118.41884587751625
9,46,132.146,85.08693843706133,264.292,85.08693843706133
9,47,132.146,79.96257070816152,264.292,79.96257070816154
9,48,132.146,65.98867490192009,264.292,65.98867490192009
9,49,132.146,92.65141654331642,264.292,92.65141654331642
9,50,132.146,91.42436016767094,264.292,91.42436016767094
9,51,132.146,110.84939791800404,264.292,110.84939791800406
9,52,132.146,69.77246927657018,264.292,69.77246927657018
9,53,132.146,75.47478351111252,264.292,75.47478351111252
9,54,132.146,65.97892228153866,264.292,65.97892228153866
9,55,132.146,72.76569720057695,264.292,72.76569720057695
9,56,132.146,110.32195176215208,264.292,110.3219517621521
9,57,132.146,92.93049475803112,264.292,264.292
9,58,132.146,87.23202335825151,264.292,87.23202335825151
9,59,132.146,103.76855865350213,264.292,103.76855865350211
9,60,132.146,134.17336246311294,268.3467249262259,134.17336246311294
9,61,132.146,123.07569577778014,264.292,264.292
9,62,132.146,113.6611450855487,264.292,264.292
9,63,132.146,128.92366377834648,264.292,128.92366377834648
9,64,132.146,67.59517653352502,264.292,67.59517653352502
9,65,132.146,69.7316344200834,264.292,69.7316344200834
9,66,132.146,97.91126225867696,264.292,264.292
9,67,132.146,89.19649952765874,264.292,264.292
9,68,132.146,130.24956172406797,264.292,130.24956172406797
9,69,132.146,98.9973832713687,264.292,264.292
9,70,132.146,102.49366171482247,264.292,102.49366171482247
9,71,132.146,127.31820188266222,264.292,264.292
9,72,132.146,96.00052816511402,264.292,264.292
9,73,132.146,126.04588139905051,264.292,126.0458813990505
9,74,132.146,82.52384755861377,264.292,264.292
9,75,132.146,83.93592231201127,264.292,83.93592231201127
9,76,132.146,87.74407094935034,264.292,87.74407094935034
9,77,132.146,103.04620389075694,264.292,103.04620389075694
9,78,132.146,80.18855248719835,264.292,80.18855248719835
9,79,132.146,111.69297519393913,264.292,111.69297519393912
9,80,132.146,74.78991705201877,264.292,74.78991705201877
9,81,132.146,71.39075147062705,264.292,71.39075147062705
9,82,132.146,125.56820960175054,264.292,125.56820960175055
9,83,132.146,81.35714186363226,264.292,264.292
9,84,132.146,91.76799183513295,264.292,264.292
9,85,132.146,104.72004970414442,264.292,104.72004970414442
9,86,132.146,101.52701940186974,264.292,101.52701940186975
9,87,132.146,70.12887297808456,264.292,70.12887297808456
9,88,132.146,125.84284782272181,264.292,125.84284782272181
9,89,132.146,131.21874617854027,264.292,131.21874617854027
9,90,132.146,121.54136926543417,264.292,121.54136926543417
9,91,132.146,84.633453810791,264.292,264.292
9,92,132.146,101.6697647973022,264.292,101.6697647973022
9,93,132.146,88.51582262161496,264.292,88.51582262161496
9,94,132.146,103.542053520408,264.292,103.54205352040799
9,95,132.146,132.84303022483465,265.6860604496693,132.84303022483465
9,96,132.146,86.58117492203648,264.292,86.58117492203648
9,97,132.146,111.50920086598087,264.292,111.50920086598089
9,98,132.146,87.5769376384263,264.292,87.5769376384263
9,99,132.146,118.88656519241952,264.292,118.88656519241954
10,0,136.682,101.19063355419559,273.364,101.1906335541956
10,1,136.682,146.68977417772442,293.37954835544883,146.68977417772442
10,2,136.682,135.54769891962704,273.364,135.54769891962704
10,3,136.682,136.42896548153323,273.364,136.42896548153323
10,4,136.682,112.78038086417209,273.364,112.78038086417209
10,5,136.682,91.90994472302485,273.364,91.90994472302485
10,6,136.682,78.25340930066628,273.364,78.25340930066628
10,7,136.682,100.86947383639964,273.364,100.86947383639964
10,8,136.682,77.9014943665644,273.364,77.9014943665644
10,9,136.682,130.88076757167968,273.364,130.88076757167968
10,10,136.682,128.98459448878273,273.364,128.98459448878273
10,11,136.682,109.63367609609146,273.364,109.63367609609148
10,12,136.682,136.8449698804404,273.6899397608808,273.6899397608808
10,13,136.682,118.14729626851693,273.364,118.14729626851693
10,14,136.682,78.12311531670031,273.364,78.12311531670031
10,15,136.682,85.7813521276085,273.364,85.7813521276085
10,16,136.682,90.51047755443372,273.364,90.51047755443372
10,17,136.682,101.98553992400203,273.364,101.98553992400204
10,18,136.682,79.12769731087464,273.364,79.12769731087464
10,19,136.682,123.72224440376942,273.364,123.72224440376942
10,20,136.682,116.21546007509765,273.364,116.21546007509767
10,21,136.682,124.718050474171,273.364,124.718050474171
10,22,136.682,109.78564274074095,273.364,109.78564274074097
10,23,136.682,143.29140984759704,286.5828196951941,143.29140984759704
10,24,136.682,111.53645553752773,273.364,111.53645553752773
10,25,136.682,76.15022309073433,273.364,76.15022309073433
10,26,136.682,145.3378142681904,290.6756285363808,145.3378142681904
10,27,136.682,127.84323980612953,273.364,127.84323980612953
10,28,136.682,141.29907453835202,282.59814907670403,141.29907453835202
10,29,136.682,151.6871322131176,303.3742644262352,151.6871322131176
10,30,136.682,79.01471425021143,273.364,79.01471425021143
10,31,136.682,93.87081350825613,273.364,93.87081350825613
10,32,136.682,80.01752474776207,273.364,80.01752474776207
10,33,136.682,108.92266125176631,273.364,108.9226612517663
10,34,136.682,144.59250621031578,289.18501242063155,144.59250621031578
10,35,136.682,81.49221127962888,273.364,81.49221127962888
10,36,136.682,113.07344796131561,273.364,113.07344796131562
10,37,136.682,85.03515628249228,273.364,85.03515628249228
10,38,136.682,137.25611330542088,274.51222661084176,137.25611330542088
10,39,136.682,142.7849400331815,285.569880066363,142.7849400331815
10,40,136.682,78.39989416074287,273.364,273.364
10,41,136.682,114.14867814136997,273.364,273.364
10,42,136.682,94.22085407783175,273.364,94.22085407783175
10,43,136.682,151.74344685074982,303.48689370149964,151.74344685074982
10,44,136.682,151.0512073101619,302.1024146203238,151.05120731016194
10,45,136.682,124.43352748887324,273.364,124.43352748887324
10,46,136.682,153.43860997037427,306.87721994074855,153.43860997037427
10,47,136.682,102.72750338225404,273.364,102.72750338225404
10,48,136.682,147.3370179315725,294.674035863145,147.3370179315725
10,49,136.682,109.96629285612113,273.364,109.96629285612114
10,50,136.682,93.93073282503065,273.364,93.93073282503065
10,51,136.682,150.8039815844661,301.6079631689322,150.8039815844661
10,52,136.682,130.10332411830424,273.364,130.10332411830424
10,53,136.682,80.14402636141124,273.364,80.14402636141124
10,54,136.682,145.12458059370255,290.2491611874051,145.12458059370255
10,55,136.682,131.48779802299842,273.364,131.48779802299842
10,56,136.682,123.70692461111707,273.364,123.70692461111707
10,57,136.682,133.9881250230718,273.364,133.9881250230718
10,58,136.682,95.3524891986967,273.364,95.3524891986967
10,59,136.682,123.34891889975869,273.364,123.3489188997587
10,60,136.682,140.62275069758243,281.24550139516487,140.62275069758243
10,61,136.682,79.272960449922,273.364,79.27296044992201
10,62,136.682,85.43588822927076,273.364,85.43588822927076
10,63,136.682,142.86751787773142,285.73503575546283,142.86751787773142
10,64,136.682,124.7894316922132,273.364,124.7894316922132
10,65,136.682,117.76647984955433,273.364,117.76647984955433
10,66,136.682,94.9371760355137,273.364,94.9371760355137
10,67,136.682,98.71153989573303,273.364,98.71153989573303
10,68,136.682,145.30699975251179,290.61399950502357,145.30699975251179
10,69,136.682,108.92331054784235,273.364,108.92331054784235
10,70,136.682,80.10519761004299,273.364,80.105197610043
10,71,136.682,147.26718631090932,294.53437262181865,147.26718631090932
10,72,136.682,91.314305938708,273.364,91.314305938708
10,73,136.682,141.55919373128737,283.11838746257473,141.55919373128737
10,74,136.682,146.0398407214343,292.0796814428686,146.0398407214343
10,75,136.682,114.17368589680915,273.364,114.17368589680915
10,76,136.682,123.18562217657777,273.364,123.18562217657775
10,77,136.682,117.44215889781448,273.364,117.44215889781448
10,78,136.682,125.31180259662068,273.364,125.3118025966207
10,79,136.682,143.88362690066052,287.76725380132103,143.88362690066052
10,80,136.682,97.66774376795802,273.364,97.66774376795802
10,81,136.682,146.19996090605204,292.3999218121041,146.19996090605204
10,82,136.682,120.70306200812927,273.364,120.70306200812925
10,83,136.682,84.19295853903986,273.364,84.19295853903986
10,84,136.682,93.21975224757516,273.364,93.21975224757516
10,85,136.682,122.98537505180542,273.364,122.98537505180542
10,86,136.682,94.22369306954135,273.364,273.364
10,87,136.682,85.50889348164182,273.364,170.25705386850888
10,88,136.682,87.96383963644126,273.364,87.96383963644126
10,89,136.682,143.06327982794753,286.12655965589505,143.06327982794753
10,90,136.682,123.48562981361152,273.364,123.48562981361152
10,91,136.682,152.63834103171175,305.2766820634235,152.63834103171175
10,92,136.682,102.79348071678706,273.364,102.79348071678707
10,93,136.682,122.95655276027188,273.364,122.95655276027189
10,94,136.682,123.22761851516354,273.364,123.22761851516356
10,95,136.682,124.57633592267076,273.364,124.57633592267076
10,96,136.682,79.68143550937043,273.364,79.68143550937043
10,97,136.682,135.4355247003438,273.364,135.4355247003438
10,98,136.682,151.39944816642122,302.79889633284245,151.39944816642122
10,99,136.682,118.04005087291313,273.364,118.04005087291314
11,0,142.31,106.73591113200807,284.62,106.73591113200807
11,1,142.31,160.08541322024334,320.1708264404867,160.08541322024334
11,2,142.31,89.10058743247072,284.62,89.10058743247072
11,3,142.31,119.65511311331092,284.62,119.65511311331092
11,4,142.31,175.7636628549991,351.5273257099982,175.7636628549991
11,5,142.31,144.4187642581064,288.8375285162128,144.4187642581064
11,6,142.31,169.82139872133297,339.64279744266594,169.82139872133297
11,7,142.31,145.97104012785644,291.9420802557129,145.97104012785644
11,8,142.31,166.71659064772865,333.4331812954573,166.71659064772865
11,9,142.31,172.13421432152498,344.26842864304996,172.13421432152498
11,10,142.31,118.96300521575726,284.62,118.96300521575726
11,11,142.31,100.10958798375124,284.62,100.10958798375125
11,12,142.31,157.07481535521697,314.14963071043394,157.07481535521697
11,13,142.31,130.32663241693842,284.62,130.32663241693842
11,14,142.31,100.46954868113156,284.62,100.46954868113156
11,15,142.31,144.55741141329122,289.11482282658244,144.55741141329122
11,16,142.31,91.8376424926685,284.62,91.8376424926685
11,17,142.31,107.4619465593013,284.62,107.4619465593013
11,18,142.31,163.45328381958177,326.90656763916354,163.45328381958177
11,19,142.31,89.55545261523213,284.62,89.55545261523213
11,20,142.31,117.28353827481524,284.62,117.28353827481524
11,21,142.31,90.43887044742544,284.62,90.43887044742544
11,22,142.31,183.36843603812395,366.7368720762479,183.36843603812395
11,23,142.31,143.81542203696765,287.6308440739353,143.81542203696765
11,24,142.31,116.33441133167642,284.62,116.3344113316764
11,25,142.31,176.843573649194,353.687147298388,176.843573649194
11,26,142.31,136.6836315261019,284.62,136.6836315261019
11,27,142.31,131.692348389585,284.62,131.692348389585
11,28,142.31,144.371559541381,288.743119082762,144.371559541381
11,29,142.31,113.5507739575601,284.62,113.5507739575601
11,30,142.31,117.46848435843131,284.62,117.46848435843131
11,31,142.31,123.78682496033046,284.62,123.78682496033046
11,32,142.31,111.67623936950812,284.62,111.67623936950812
11,33,142.31,144.05507830230647,288.11015660461294,144.05507830230647
11,34,142.31,154.65118498873773,309.30236997747545,154.65118498873773
11,35,142.31,95.25346081076191,284.62,95.25346081076191
11,36,142.31,180.8548889518993,361.7097779037986,180.8548889518993
11,37,142.31,160.09919314395023,320.19838628790046,160.09919314395023
11,38,142.31,165.15381661274654,330.3076332254931,165.15381661274654
11,39,142.31,159.9630273335222,319.9260546670444,159.9630273335222
11,40,142.31,96.02592361854374,284.62,96.02592361854374
11,41,142.31,134.26324473677172,284.62,134.26324473677172
11,42,142.31,130.83367694734295,284.62,130.83367694734295
11,43,142.31,152.42593392662965,304.8518678532593,152.42593392662965
11,44,142.31,131.125411050549,284.62,131.125411050549
11,45,142.31,155.4573031391916,310.9146062783832,155.4573031391916
11,46,142.31,153.29921119156492,306.59842238312984,153.29921119156492
11,47,142.31,154.77517829375478,309.55035658750955,154.77517829375478
11,48,142.31,147.29710831155705,294.5942166231141,147.29710831155705
11,49,142.31,102.77777397954983,284.62,102.77777397954983
11,50,142.31,160.83529211700454,321.6705842340091,160.83529211700454
11,51,142.31,162.762543209972,325.525086419944,162.762543209972
11,52,142.31,174.47808767952006,348.9561753590401,174.47808767952006
11,53,142.31,110.65952575807235,284.62,110.65952575807233
11,54,142.31,105.22434372596695,284.62,105.22434372596695
11,55,142.31,125.63802517451646,284.62,125.63802517451646
11,56,142.31,118.92285569934307,284.62,118.92285569934306
11,57,142.31,166.04052517212907,332.08105034425813,166.04052517212907
11,58,142.31,146.81396254585835,293.6279250917167,146.81396254585835
11,59,142.31,160.75906183085152,321.51812366170304,160.75906183085152
11,60,142.31,129.11925545697477,284.62,129.11925545697477
11,61,142.31,97.870939305196,284.62,97.870939305196
11,62,142.31,99.35559454014931,284.62,99.35559454014931
11,63,142.31,123.95367535383559,284.62,123.95367535383559
11,64,142.31,106.85889067862242,284.62,106.85889067862242
11,65,142.31,166.54220971710646,333.0844194342129,166.54220971710646
11,66,142.31,145.49158818230555,290.9831763646111,145.49158818230555
11,67,142.31,153.98467311005123,307.96934622010247,153.98467311005123
11,68,142.31,135.159465348511,284.62,135.159465348511
11,69,142.31,96.79828616345404,284.62,96.79828616345404
11,70,142.31,110.78414257953989,284.62,110.7841425795399
11,71,142.31,132.35019464271272,284.62,132.35019464271272
11,72,142.31,107.31051367270459,284.62,107.31051367270459
11,73,142.31,90.82923334077311,284.62,90.82923334077311
11,74,142.31,157.84543091458693,315.69086182917385,157.84543091458693
11,75,142.31,157.41882607864463,314.83765215728926,157.41882607864463
11,76,142.31,119.85843501993175,284.62,119.85843501993175
11,77,142.31,168.7078767356081,337.4157534712162,168.7078767356081
11,78,142.31,129.19326485065233,284.62,129.19326485065233
11,79,142.31,170.72544344991294,341.4508868998259,170.72544344991294
11,80,142.31,150.9591031079163,301.9182062158326,150.9591031079163
11,81,142.31,143.72075881513663,287.44151763027327,143.72075881513663
11,82,142.31,107.51386816485014,284.62,107.51386816485014
11,83,142.31,138.818791299536,284.62,138.818791299536
11,84,142.31,173.55741016668014,347.1148203333603,173.55741016668014
11,85,142.31,117.44046355824723,284.62,117.44046355824725
11,86,142.31,171.32137002003634,342.6427400400727,171.32137002003634
11,87,142.31,174.92005235264938,349.84010470529876,174.92005235264938
11,88,142.31,119.80634089927948,284.62,119.80634089927949
11,89,142.31,153.43526056223678,306.87052112447356,153.43526056223678
11,90,142.31,174.0132978842243,348.0265957684486,174.0132978842243
11,91,142.31,95.61044390565766,284.62,95.61044390565766
11,92,142.31,172.0489438108689,344.0978876217378,172.0489438108689
11,93,142.31,106.57247831055938,284.62,106.57247831055938
11,94,142.31,169.30526179008956,338.6105235801791,169.30526179008956
11,95,142.31,151.91622441921808,303.83244883843616,151.91622441921808
11,96,142.31,121.18628912522655,284.62,121.18628912522655
11,97,142.31,102.81536404689193,284.62,102.81536404689193
11,98,142.31,148.8937016317935,297.787403263587,148.8937016317935
11,99,142.31,169.11667522948858,338.23335045897716,169.11667522948858
12,0,157.02399999999997,216.15829805669117,432.31659611338233,216.15829805669117
12,1,157.02399999999997,192.2495556899335,384.499111379867,192.2495556899335
12,2,157.02399999999997,232.76170257200044,465.5234051440009,232.76170257200044
12,3,157.02399999999997,187.51788034716876,375.0357606943375,187.51788034716876
12,4,157.02399999999997,139.09890535431512,314.04799999999994,139.09890535431512
12,5,157.02399999999997,167.68643138209555,335.3728627641911,167.68643138209555
12,6,157.02399999999997,156.25320554894137,314.04799999999994,156.25320554894137
12,7,157.02399999999997,237.1632948904222,474.3265897808444,237.16329489042224
12,8,157.02399999999997,161.62381808119028,323.24763616238056,161.62381808119028
12,9,157.02399999999997,237.2566357549526,474.5132715099052,237.25663575495264
12,10,157.02399999999997,178.7354577202355,357.470915440471,178.7354577202355
12,11,157.02399999999997,135.9433721489426,314.04799999999994,135.9433721489426
12,12,157.02399999999997,123.87776900946442,314.04799999999994,123.87776900946442
12,13,157.02399999999997,160.39746992034154,320.79493984068307,160.39746992034154
12,14,157.02399999999997,129.90957938594778,314.04799999999994,129.90957938594778
12,15,157.02399999999997,193.02495992906867,386.04991985813734,193.02495992906867
12,16,157.02399999999997,165.78335246922757,331.56670493845513,165.78335246922757
12,17,157.02399999999997,237.0361775168128,474.0723550336256,237.03617751681284
12,18,157.02399999999997,229.50826666119912,459.01653332239823,229.50826666119912
12,19,157.02399999999997,133.09772480590948,314.04799999999994,133.09772480590948
12,20,157.02399999999997,163.43241401249446,326.8648280249889,163.43241401249446
12,21,157.02399999999997,171.66883745360443,343.33767490720885,171.66883745360445
12,22,157.02399999999997,183.93985447083895,367.8797089416779,183.93985447083895
12,23,157.02399999999997,211.0352379153096,422.0704758306192,211.03523791530964
12,24,157.02399999999997,174.83191770220438,349.66383540440876,174.83191770220438
12,25,157.02399999999997,166.53339040870995,333.0667808174199,166.53339040870995
12,26,157.02399999999997,147.0228355359876,314.04799999999994,147.0228355359876
12,27,157.02399999999997,227.14350957839775,454.2870191567955,227.14350957839775
12,28,157.02399999999997,117.41896077817829,314.04799999999994,117.41896077817829
12,29,157.02399999999997,216.0684624631278,432.1369249262556,216.06846246312782
12,30,157.02399999999997,137.94250369587292,314.04799999999994,137.94250369587292
12,31,157.02399999999997,199.3523289742184,398.7046579484368,199.3523289742184
12,32,157.02399999999997,158.53323734995973,317.06647469991947,158.53323734995973
12,33,157.02399999999997,234.97353461034623,469.94706922069247,234.97353461034623
12,34,157.02399999999997,129.82971508428923,314.04799999999994,129.82971508428923
12,35,157.02399999999997,137.8315476593745,314.04799999999994,137.8315476593745
12,36,157.02399999999997,224.50532500012486,449.0106500002497,224.50532500012486
12,37,157.02399999999997,186.71312352009366,373.4262470401873,186.71312352009366
12,38,157.02399999999997,152.85729654392293,314.04799999999994,152.85729654392293
12,39,157.02399999999997,114.76306011977779,314.04799999999994,114.76306011977779
12,40,157.02399999999997,142.77455964025614,314.04799999999994,142.77455964025614
12,41,157.02399999999997,132.62446451471644,314.04799999999994,132.62446451471644
12,42,157.02399999999997,139.79057401557958,314.04799999999994,139.79057401557958
12,43,157.02399999999997,225.35494165802203,450.70988331604406,225.354941658022
12,44,157.02399999999997,222.48650937626573,444.97301875253146,222.48650937626576
12,45,157.02399999999997,201.1469424603963,402.2938849207926,201.1469424603963
12,46,157.02399999999997,172.77011102958554,345.54022205917107,172.77011102958554
12,47,157.02399999999997,216.8111401706794,433.6222803413588,216.8111401706794
12,48,157.02399999999997,175.89793789178813,351.79587578357626,175.89793789178813
12,49,157.02399999999997,159.55564183973075,319.1112836794615,159.55564183973075
12,50,157.02399999999997,148.70271009120327,314.04799999999994,148.70271009120327
12,51,157.02399999999997,228.8642932366445,457.728586473289,228.86429323664453
12,52,157.02399999999997,162.45770921215336,324.9154184243067,162.45770921215336
12,53,157.02399999999997,175.53419713945144,351.0683942789029,175.53419713945144
12,54,157.02399999999997,146.08905829607312,314.04799999999994,146.08905829607312
12,55,157.02399999999997,223.9525921002999,447.9051842005998,223.9525921002999
12,56,157.02399999999997,161.99761543858034,323.9952308771607,161.99761543858034
12,57,157.02399999999997,151.4159698776336,314.04799999999994,151.4159698776336
12,58,157.02399999999997,203.2839901514554,406.5679803029108,203.2839901514554
12,59,157.02399999999997,138.23906870238613,314.04799999999994,138.23906870238613
12,60,157.02399999999997,129.2641956696462,314.04799999999994,129.2641956696462
12,61,157.02399999999997,218.0289647936918,436.0579295873836,218.0289647936918
12,62,157.02399999999997,206.5615155059763,413.1230310119526,206.5615155059763
12,63,157.02399999999997,187.59165541524405,375.1833108304881,187.59165541524405
12,64,157.02399999999997,144.6631853313619,314.04799999999994,144.6631853313619
12,65,157.02399999999997,191.63304112778462,383.26608225556924,191.63304112778462
12,66,157.02399999999997,193.4987396547803,386.9974793095606,193.4987396547803
12,67,157.02399999999997,155.1199989404683,314.04799999999994,155.1199989404683
12,68,157.02399999999997,123.00288064918207,314.04799999999994,123.00288064918207
12,69,157.02399999999997,223.40579105415367,446.81158210830733,223.40579105415367
12,70,157.02399999999997,171.4684167492061,342.9368334984122,171.4684167492061
12,71,157.02399999999997,208.99879937221138,417.99759874442276,208.99879937221138
12,72,157.02399999999997,146.02120320780494,314.04799999999994,146.02120320780494
12,73,157.02399999999997,187.6986755467608,375.3973510935216,187.6986755467608
12,74,157.02399999999997,167.62029515469948,335.24059030939895,167.62029515469948
12,75,157.02399999999997,161.8540202812982,323.7080405625964,161.8540202812982
12,76,157.02399999999997,130.31641796233393,314.04799999999994,130.31641796233393
12,77,157.02399999999997,144.83299406190093,314.04799999999994,144.83299406190093
12,78,157.02399999999997,124.46650585180085,314.04799999999994,124.46650585180086
12,79,157.02399999999997,152.06843681070396,314.04799999999994,152.06843681070396
12,80,157.02399999999997,206.2612979773946,412.5225959547892,206.2612979773946
12,81,157.02399999999997,190.61654853285816,381.2330970657163,190.61654853285816
12,82,157.02399999999997,197.70426499995122,395.40852999990244,197.70426499995122
12,83,157.02399999999997,115.70388756849313,314.04799999999994,115.70388756849313
12,84,157.02399999999997,198.44098671866732,396.88197343733464,198.44098671866732
12,85,157.02399999999997,176.8061146880141,353.6122293760282,176.8061146880141
12,86,157.02399999999997,143.18339727799096,314.04799999999994,143.18339727799096
12,87,157.02399999999997,136.2665199631716,314.04799999999994,136.2665199631716
12,88,157.02399999999997,137.5120897605616,314.04799999999994,137.5120897605616
12,89,157.02399999999997,218.92577185338718,437.85154370677435,218.9257718533872
12,90,157.02399999999997,236.00802468809212,472.01604937618424,236.00802468809215
12,91,157.02399999999997,227.50576377860986,455.0115275572197,227.50576377860986
12,92,157.02399999999997,157.56508480889173,315.13016961778345,157.56508480889173
12,93,157.02399999999997,211.0180798630334,422.0361597260668,211.0180798630334
12,94,157.02399999999997,182.14997976932588,364.29995953865176,182.14997976932588
12,95,157.02399999999997,215.49059404591773,430.98118809183546,215.49059404591776
12,96,157.02399999999997,174.40378538435053,348.80757076870105,174.40378538435053
12,97,157.02399999999997,187.5213591927945,375.042718385589,187.5213591927945
12,98,157.02399999999997,211.88730495913939,423.77460991827877,211.88730495913939
12,99,157.02399999999997,127.04657592037708,314.04799999999994,127.0465759203771
13,0,155.48399999999998,267.5047240013197,535.0094480026394,267.5047240013197
13,1,155.48399999999998,236.28861035087866,472.5772207017573,236.28861035087866
13,2,155.48399999999998,279.78860664066093,559.5772132813219,279.78860664066093
13,3,155.48399999999998,344.49292916664353,688.9858583332871,344.49292916664353
13,4,155.48399999999998,241.1875080355706,482.3750160711412,241.18750803557057
13,5,155.48399999999998,241.21489644929355,482.4297928985871,241.21489644929355
13,6,155.48399999999998,313.79851725494154,627.5970345098831,313.79851725494154
13,7,155.48399999999998,287.23043479306745,574.4608695861349,287.23043479306745
13,8,155.48399999999998,241.38117853380263,482.76235706760525,241.3811785338026
13,9,155.48399999999998,295.2390201782266,590.4780403564532,295.2390201782266
13,10,155.48399999999998,243.22789369265053,486.45578738530105,243.22789369265055
13,11,155.48399999999998,194.3315534791385,388.663106958277,194.3315534791385
13,12,155.48399999999998,251.74116261438135,503.4823252287627,251.74116261438138
13,13,155.48399999999998,230.5273996520697,461.0547993041394,230.52739965206973
13,14,155.48399999999998,209.27227895941468,418.54455791882936,209.27227895941468
13,15,155.48399999999998,338.46454566869124,676.9290913373825,338.46454566869124
13,16,155.48399999999998,295.3639313169963,590.7278626339926,295.3639313169963
13,17,155.48399999999998,278.7872830610401,557.5745661220802,278.7872830610401
13,18,155.48399999999998,305.77115509925153,611.5423101985031,305.77115509925153
13,19,155.48399999999998,268.41076804983237,536.8215360996647,268.41076804983237
13,20,155.48399999999998,297.35229907987474,594.7045981597495,297.35229907987474
13,21,155.48399999999998,339.33793100857804,678.6758620171561,339.33793100857804
13,22,155.48399999999998,326.93661216456564,653.8732243291313,326.93661216456564
13,23,155.48399999999998,200.0498250413778,400.0996500827556,200.0498250413778
13,24,155.48399999999998,217.51695034170515,435.0339006834103,217.51695034170515
13,25,155.48399999999998,182.55816625511537,365.11633251023073,182.55816625511537
13,26,155.48399999999998,348.1197537615273,696.2395075230546,348.1197537615273
13,27,155.48399999999998,212.63350760798505,425.2670152159701,212.63350760798505
13,28,155.48399999999998,290.0632149158675,580.126429831735,290.0632149158675
13,29,155.48399999999998,185.847343321735,371.69468664347,185.847343321735
13,30,155.48399999999998,207.9584662044331,415.9169324088662,207.9584662044331
13,31,155.48399999999998,261.26552060169684,522.5310412033937,261.26552060169684
13,32,155.48399999999998,188.64416831192014,377.2883366238403,188.64416831192014
13,33,155.48399999999998,240.4666178268546,480.9332356537092,240.4666178268546
13,34,155.48399999999998,267.68370861849525,535.3674172369905,267.68370861849525
13,35,155.48399999999998,231.4007438461529,462.8014876923058,231.4007438461529
13,36,155.48399999999998,270.9531860358782,541.9063720717564,270.9531860358782
13,37,155.48399999999998,267.46113796254826,534.9222759250965,267.46113796254826
13,38,155.48399999999998,240.78368128195376,481.5673625639075,240.78368128195376
13,39,155.48399999999998,296.57419691802886,593.1483938360577,296.57419691802886
13,40,155.48399999999998,293.3275099159711,586.6550198319422,293.3275099159711
13,41,155.48399999999998,294.9375073395605,589.875014679121,294.9375073395605
13,42,155.48399999999998,271.9736920123558,543.9473840247116,271.9736920123558
13,43,155.48399999999998,234.84603630521113,469.69207261042226,234.84603630521113
13,44,155.48399999999998,281.3958290128639,562.7916580257278,281.3958290128639
13,45,155.48399999999998,340.2827620626617,680.5655241253233,340.28276206266173
13,46,155.48399999999998,278.43457801576375,556.8691560315275,278.43457801576375
13,47,155.48399999999998,348.28719657495407,696.5743931499081,348.28719657495407
13,48,155.48399999999998,249.98223339012924,499.9644667802585,249.98223339012924
13,49,155.48399999999998,304.48517345669,608.97034691338,304.48517345669
13,50,155.48399999999998,176.35114795051825,352.7022959010365,176.35114795051825
13,51,155.48399999999998,309.06922978356374,618.1384595671275,309.06922978356374
13,52,155.48399999999998,264.08684544915144,528.1736908983029,264.08684544915144
13,53,155.48399999999998,170.4579001787254,340.9158003574508,170.4579001787254
13,54,155.48399999999998,220.0834491254438,440.1668982508876,220.0834491254438
13,55,155.48399999999998,267.1077532406786,534.2155064813572,267.1077532406786
13,56,155.48399999999998,309.65992435829645,619.3198487165929,309.6599243582965
13,57,155.48399999999998,179.17822598497213,358.35645196994426,179.17822598497213
13,58,155.48399999999998,269.7034798388161,539.4069596776322,269.7034798388161
13,59,155.48399999999998,315.6890312970949,631.3780625941898,315.6890312970949
13,60,155.48399999999998,288.0526470916944,576.1052941833888,288.0526470916944
13,61,155.48399999999998,339.499866411581,678.999732823162,339.499866411581
13,62,155.48399999999998,183.12785700131928,366.25571400263857,183.12785700131928
13,63,155.48399999999998,220.01159958617208,440.02319917234416,220.01159958617208
13,64,155.48399999999998,337.2713254643579,674.5426509287158,337.2713254643579
13,65,155.48399999999998,309.12006469311854,618.2401293862371,309.12006469311854
13,66,155.48399999999998,278.9551063747698,557.9102127495396,278.9551063747698
13,67,155.48399999999998,321.52501045386134,643.0500209077227,321.52501045386134
13,68,155.48399999999998,333.0378382997273,666.0756765994546,333.0378382997273
13,69,155.48399999999998,347.0332824044619,694.0665648089238,347.0332824044619
13,70,155.48399999999998,351.7424555565669,703.4849111131338,351.7424555565669
13,71,155.48399999999998,194.976994630691,389.953989261382,194.976994630691
13,72,155.48399999999998,182.3631867168437,364.7263734336874,182.3631867168437
13,73,155.48399999999998,182.89700108708152,365.79400217416304,182.89700108708155
13,74,155.48399999999998,172.1786104340128,344.3572208680256,172.1786104340128
13,75,155.48399999999998,346.868958820296,693.737917640592,346.868958820296
13,76,155.48399999999998,186.78483142635574,373.5696628527115,186.78483142635574
13,77,155.48399999999998,323.1255141995722,646.2510283991444,323.1255141995722
13,78,155.48399999999998,294.5487012605779,589.0974025211558,294.5487012605779
13,79,155.48399999999998,258.47887199481966,516.9577439896393,258.47887199481966
13,80,155.48399999999998,232.7679832199745,465.535966439949,232.7679832199745
13,81,155.48399999999998,234.03706233440514,468.07412466881027,234.03706233440516
13,82,155.48399999999998,215.81944200042037,431.63888400084073,215.8194420004204
13,83,155.48399999999998,335.77105564934186,671.5421112986837,335.77105564934186
13,84,155.48399999999998,301.93540561645096,603.8708112329019,301.93540561645096
13,85,155.48399999999998,174.21960532794887,348.43921065589774,174.21960532794887
13,86,155.48399999999998,253.7266667489296,507.4533334978592,253.7266667489296
13,87,155.48399999999998,220.8320147697815,441.664029539563,220.8320147697815
13,88,155.48399999999998,174.77455313212093,349.54910626424186,174.77455313212093
13,89,155.48399999999998,330.964062758804,661.928125517608,330.964062758804
13,90,155.48399999999998,310.2152529606784,620.4305059213568,310.2152529606784
13,91,155.48399999999998,229.6723953390587,459.3447906781174,229.6723953390587
13,92,155.48399999999998,314.8793561901382,629.7587123802764,314.8793561901382
13,93,155.48399999999998,228.74210976010195,457.4842195202039,228.74210976010195
13,94,155.48399999999998,225.68374305781597,451.36748611563195,225.68374305781597
13,95,155.48399999999998,338.89060955334503,677.7812191066901,338.89060955334503
13,96,155.48399999999998,347.7991224591663,695.5982449183326,347.7991224591663
13,97,155.48399999999998,265.04943199345087,530.0988639869017,265.04943199345087
13,98,155.48399999999998,343.2394664603355,686.478932920671,343.2394664603355
13,99,155.48399999999998,331.569060053928,663.138120107856,331.569060053928
14,0,170.142,125.72133902700006,340.284,340.284
14,1,170.142,113.09503016362143,340.284,113.09503016362143
14,2,170.142,142.43564482971908,340.284,142.43564482971908
14,3,170.142,120.29922911183958,340.284,120.2992291118396
14,4,170.142,133.29800018829357,340.284,133.29800018829357
14,5,170.142,166.77434755879509,340.284,166.7743475587951
14,6,170.142,147.95965729152925,340.284,147.95965729152925
14,7,170.142,109.7514742821697,340.284,109.7514742821697
14,8,170.142,88.43485829204614,340.284,340.284
14,9,170.142,96.76996796445005,340.284,96.76996796445005
14,10,170.142,126.48780725901787,340.284,126.48780725901787
14,11,170.142,116.94971052762929,340.284,116.9497105276293
14,12,170.142,150.2838711803911,340.284,150.2838711803911
14,13,170.142,161.80287937359995,340.284,161.80287937359995
14,14,170.142,96.1580630262268,340.284,96.1580630262268
14,15,170.142,155.44681958441262,340.284,155.44681958441262
14,16,170.142,163.90540680762092,340.284,163.90540680762092
14,17,170.142,164.0857998775503,340.284,164.0857998775503
14,18,170.142,83.99076695172486,340.284,83.99076695172486
14,19,170.142,85.70467084010302,340.284,85.70467084010302
14,20,170.142,81.20404767390777,340.284,81.20404767390777
14,21,170.142,107.87467619573046,340.284,107.87467619573046
14,22,170.142,85.54084134378253,340.284,340.284
14,23,170.142,106.23918473206693,340.284,340.284
14,24,170.142,111.64085943329118,340.284,111.64085943329118
14,25,170.142,163.58229118178005,340.284,163.58229118178005
14,26,170.142,122.15101935890402,340.284,122.15101935890402
14,27,170.142,104.88133170074944,340.284,104.88133170074944
14,28,170.142,124.41534190772211,340.284,124.41534190772212
14,29,170.142,136.61310523558,340.284,136.61310523558
14,30,170.142,90.36833797435126,340.284,90.36833797435126
14,31,170.142,146.58176774656067,340.284,146.58176774656067
14,32,170.142,154.74104042888868,340.284,154.74104042888868
14,33,170.142,154.07220477463824,340.284,154.07220477463824
14,34,170.142,158.09230191570052,340.284,158.09230191570052
14,35,170.142,113.88533553038329,340.284,113.88533553038329
14,36,170.142,119.27039352920418,340.284,119.27039352920418
14,37,170.142,89.52844277973975,340.284,89.52844277973975
14,38,170.142,100.32461753074358,340.284,100.32461753074358
14,39,170.142,165.11564673355713,340.284,165.11564673355713
14,40,170.142,105.43628450980411,340.284,105.43628450980411
14,41,170.142,159.56011664686872,340.284,159.56011664686872
14,42,170.142,158.09625222520904,340.284,158.09625222520904
14,43,170.142,160.87315230586483,340.284,160.87315230586483
14,44,170.142,94.27084166729021,340.284,94.27084166729021
14,45,170.142,157.15502707057271,340.284,157.15502707057271
14,46,170.142,135.62557282193777,340.284,135.62557282193777
14,47,170.142,99.00546451100641,340.284,99.00546451100641
14,48,170.142,110.69351349538105,340.284,110.69351349538105
14,49,170.142,94.59841708548504,340.284,94.59841708548504
14,50,170.142,119.31758097164823,340.284,119.31758097164821
14,51,170.142,87.98091504088846,340.284,87.98091504088846
14,52,170.142,95.06769392744913,340.284,95.06769392744913
14,53,170.142,97.83813197902975,340.284,340.284
14,54,170.142,140.7559549477316,340.284,140.7559549477316
14,55,170.142,130.56822026985006,340.284,340.284
14,56,170.142,156.5989024892698,340.284,156.5989024892698
14,57,170.142,101.96084533068613,340.284,101.96084533068613
14,58,170.142,135.4181241685309,340.284,135.4181241685309
14,59,170.142,83.69255786937029,340.284,340.284
14,60,170.142,125.56194117208082,340.284,125.56194117208082
14,61,170.142,155.72142347058042,340.284,155.72142347058042
14,62,170.142,166.22859599873837,340.284,166.22859599873837
14,63,170.142,81.55824805307827,340.284,81.55824805307827
14,64,170.142,102.67413478754167,340.284,102.67413478754167
14,65,170.142,100.1545168280187,340.284,340.284
14,66,170.142,84.83160161101335,340.284,340.284
14,67,170.142,81.58427531442705,340.284,81.58427531442705
14,68,170.142,123.30206168024567,340.284,123.30206168024567
14,69,170.142,84.65296685906844,340.284,84.65296685906844
14,70,170.142,104.88912633496497,340.284,104.88912633496497
14,71,170.142,136.31906485423656,340.284,136.31906485423656
14,72,170.142,106.31127972363826,340.284,340.284
14,73,170.142,104.13533663043907,340.284,104.13533663043908
14,74,170.142,132.02337627626704,340.284,132.02337627626704
14,75,170.142,113.77163220429563,340.284,113.77163220429563
14,76,170.142,141.75502162526462,340.284,141.75502162526462
14,77,170.142,123.81730734489365,340.284,123.81730734489365
14,78,170.142,135.73110643860386,340.284,135.73110643860386
14,79,170.142,111.41297479302202,340.284,111.41297479302202
14,80,170.142,105.64659968548743,340.284,105.64659968548744
14,81,170.142,92.27696107462128,340.284,92.27696107462128
14,82,170.142,162.13991232540963,340.284,162.13991232540963
14,83,170.142,150.64681496922017,340.284,150.64681496922017
14,84,170.142,162.22231479292034,340.284,162.22231479292034
14,85,170.142,96.81124352104747,340.284,340.284
14,86,170.142,161.79883160579396,340.284,161.79883160579396
14,87,170.142,162.02457012800727,340.284,162.02457012800727
14,88,170.142,105.34247129289027,340.284,105.34247129289027
14,89,170.142,104.56809870916705,340.284,104.56809870916706
14,90,170.142,128.62397758550765,340.284,128.62397758550765
14,91,170.142,96.80331010760553,340.284,96.80331010760554
14,92,170.142,119.12229481392507,340.284,119.12229481392507
14,93,170.142,96.80577886334844,340.284,96.80577886334844
14,94,170.142,163.03467566288288,340.284,163.03467566288288
14,95,170.142,123.61748051451382,340.284,123.61748051451383
14,96,170.142,164.47229333813752,340.284,164.47229333813752
14,97,170.142,136.75074546288525,340.284,136.75074546288525
14,98,170.142,122.79108317638415,340.284,122.79108317638415
14,99,170.142,164.80058612805857,340.284,164.80058612805857
15,0,183.98799999999997,228.49279152417256,456.9855830483451,228.49279152417256
15,1,183.98799999999997,332.7744022171804,665.5488044343608,332.7744022171804
15,2,183.98799999999997,339.0760882205063,678.1521764410126,339.0760882205063
15,3,183.98799999999997,290.4575646500415,580.915129300083,290.4575646500415
15,4,183.98799999999997,210.62021445960738,421.24042891921476,210.62021445960738
15,5,183.98799999999997,303.01100405234104,606.0220081046821,303.01100405234104
15,6,183.98799999999997,297.12927467090714,594.2585493418143,297.12927467090714
15,7,183.98799999999997,369.9590028896336,739.9180057792672,369.9590028896336
15,8,183.98799999999997,252.68414392678733,505.36828785357466,252.68414392678733
15,9,183.98799999999997,281.4161319484774,562.8322638969548,281.4161319484774
15,10,183.98799999999997,249.1688385033025,498.337677006605,249.16883850330254
15,11,183.98799999999997,344.3110708434032,688.6221416868063,344.3110708434032
15,12,183.98799999999997,409.0025904798897,818.0051809597794,409.0025904798897
15,13,183.98799999999997,235.79249332570802,471.58498665141605,235.79249332570802
15,14,183.98799999999997,373.09293597412017,746.1858719482403,373.09293597412017
15,15,183.98799999999997,247.2109421603487,494.4218843206974,247.21094216034874
15,16,183.98799999999997,210.32570606224036,420.6514121244807,210.32570606224036
15,17,183.98799999999997,227.56043904409984,455.1208780881997,227.56043904409987
15,18,183.98799999999997,397.33442452666515,794.6688490533303,397.33442452666515
15,19,183.98799999999997,387.3972480474019,774.7944960948038,387.3972480474019
15,20,183.98799999999997,259.63415475885967,519.2683095177193,259.63415475885967
15,21,183.98799999999997,400.02300036744947,800.0460007348989,400.02300036744947
15,22,183.98799999999997,379.1655030454933,758.3310060909866,379.1655030454933
15,23,183.98799999999997,290.63131050361784,581.2626210072357,290.63131050361784
15,24,183.98799999999997,297.7508647878141,595.5017295756282,297.7508647878141
15,25,183.98799999999997,332.2463526202008,664.4927052404016,332.2463526202008
15,26,183.98799999999997,231.65702451531635,463.3140490306327,231.65702451531635
15,27,183.98799999999997,201.11707350537208,402.23414701074415,201.1170735053721
15,28,183.98799999999997,254.57112767500348,509.14225535000696,254.57112767500348
15,29,183.98799999999997,201.258110807497,402.516221614994,201.258110807497
15,30,183.98799999999997,341.76456295761733,683.5291259152347,341.76456295761733
15,31,183.98799999999997,315.53533411506015,631.0706682301203,315.53533411506015
15,32,183.98799999999997,266.5389993416022,533.0779986832044,266.5389993416022
15,33,183.98799999999997,364.2998870093256,728.5997740186511,364.2998870093256
15,34,183.98799999999997,229.0461677760454,458.0923355520908,229.0461677760454
15,35,183.98799999999997,250.1726466800413,500.3452933600826,250.1726466800413
15,36,183.98799999999997,260.28509210576254,520.5701842115251,260.28509210576254
15,37,183.98799999999997,239.73709141891953,479.47418283783907,239.73709141891953
15,38,183.98799999999997,216.71360276311904,433.4272055262381,216.71360276311904
15,39,183.98799999999997,383.43910928278007,766.8782185655601,383.43910928278007
15,40,183.98799999999997,216.76689305681114,433.5337861136223,216.76689305681114
15,41,183.98799999999997,343.72839540757434,687.4567908151487,343.72839540757434
15,42,183.98799999999997,223.63433944058627,447.26867888117255,223.63433944058627
15,43,183.98799999999997,200.24658560156828,400.49317120313657,200.24658560156828
15,44,183.98799999999997,316.77172872553365,633.5434574510673,316.77172872553365
15,45,183.98799999999997,391.35560614138797,782.7112122827759,391.35560614138797
15,46,183.98799999999997,381.4096086220531,762.8192172441062,381.4096086220531
15,47,183.98799999999997,270.1213447728602,540.2426895457204,270.1213447728602
15,48,183.98799999999997,203.75571766959055,407.5114353391811,203.75571766959055
15,49,183.98799999999997,368.7038341427535,737.407668285507,368.7038341427535
15,50,183.98799999999997,369.79657515833003,739.5931503166601,369.79657515833003
15,51,183.98799999999997,383.12186334502417,766.2437266900483,383.12186334502417
15,52,183.98799999999997,340.73009480221447,681.4601896044289,340.73009480221447
15,53,183.98799999999997,370.1790298276849,740.3580596553697,370.1790298276849
15,54,183.98799999999997,389.3066494226969,778.6132988453938,389.3066494226969
15,55,183.98799999999997,294.71933400728005,589.4386680145601,294.71933400728005
15,56,183.98799999999997,316.89049334387073,633.7809866877415,316.89049334387073
15,57,183.98799999999997,305.86961834662446,611.7392366932489,305.86961834662446
15,58,183.98799999999997,345.49226854516013,690.9845370903203,345.49226854516013
15,59,183.98799999999997,343.5571010107667,687.1142020215334,343.5571010107667
15,60,183.98799999999997,308.89324020583496,617.7864804116699,308.89324020583496
15,61,183.98799999999997,374.58985624589695,749.1797124917939,374.58985624589695
15,62,183.98799999999997,305.7946291424321,611.5892582848642,305.7946291424321
15,63,183.98799999999997,373.82031513451653,747.6406302690331,373.82031513451653
15,64,183.98799999999997,258.0532362603385,516.106472520677,258.0532362603385
15,65,183.98799999999997,236.0196077980944,472.0392155961888,236.0196077980944
15,66,183.98799999999997,404.7359689064284,809.4719378128568,404.7359689064284
15,67,183.98799999999997,356.1424947052015,712.284989410403,356.1424947052015
15,68,183.98799999999997,253.35159031441802,506.70318062883604,253.35159031441802
15,69,183.98799999999997,321.8813672555885,643.762734511177,321.8813672555885
15,70,183.98799999999997,401.62156706525684,803.2431341305137,401.6215670652569
15,71,183.98799999999997,215.18185343361137,430.36370686722273,215.18185343361137
15,72,183.98799999999997,215.77459585676908,431.54919171353816,215.77459585676908
15,73,183.98799999999997,329.96130146602786,659.9226029320557,329.96130146602786
15,74,183.98799999999997,245.82623160358347,491.65246320716693,245.82623160358347
15,75,183.98799999999997,361.09806217585435,722.1961243517087,361.09806217585435
15,76,183.98799999999997,319.0921962033558,638.1843924067116,319.0921962033558
15,77,183.98799999999997,339.99276216008536,679.9855243201707,339.99276216008536
15,78,183.98799999999997,220.95087481252713,441.90174962505426,220.95087481252716
15,79,183.98799999999997,215.93424479720244,431.8684895944049,215.93424479720244
15,80,183.98799999999997,331.2375297560535,662.475059512107,331.2375297560535
15,81,183.98799999999997,285.3177690533911,570.6355381067822,285.3177690533911
15,82,183.98799999999997,216.56731776123235,433.1346355224647,216.56731776123235
15,83,183.98799999999997,277.07413892779516,554.1482778555903,277.07413892779516
15,84,183.98799999999997,341.26261223627984,682.5252244725597,341.26261223627984
15,85,183.98799999999997,238.38447379959487,476.76894759918974,238.38447379959487
15,86,183.98799999999997,388.92947263139143,777.8589452627829,388.92947263139143
15,87,183.98799999999997,400.46693856930415,800.9338771386083,400.46693856930415
15,88,183.98799999999997,402.9668812186524,805.9337624373048,402.9668812186524
15,89,183.98799999999997,353.61466329423763,707.2293265884753,353.61466329423763
15,90,183.98799999999997,284.58377848047576,569.1675569609515,284.58377848047576
15,91,183.98799999999997,356.5283052296029,713.0566104592058,356.5283052296029
15,92,183.98799999999997,259.36262774338155,518.7252554867631,259.36262774338155
15,93,183.98799999999997,264.99741170606717,529.9948234121343,264.99741170606717
15,94,183.98799999999997,327.1389423593897,654.2778847187794,327.1389423593897
15,95,183.98799999999997,324.7833160479843,649.5666320959685,324.7833160479843
15,96,183.98799999999997,385.290653519429,770.581307038858,385.29065351942904
15,97,183.98799999999997,252.24491485211215,504.4898297042243,252.24491485211215
15,98,183.98799999999997,361.3121957839591,722.6243915679182,361.3121957839591
15,99,183.98799999999997,398.5837721528722,797.1675443057444,398.5837721528722
16,0,191.702,97.03618315535213,383.404,97.03618315535213
16,1,191.702,146.62463275041097,383.404,383.404
16,2,191.702,165.513114331712,383.404,165.513114331712
16,3,191.702,184.95813943191422,383.404,184.95813943191422
16,4,191.702,116.10788733459142,383.404,116.10788733459142
16,5,191.702,186.29801995999975,383.404,186.29801995999975
16,6,191.702,134.96242905819375,383.404,383.404
16,7,191.702,190.06782994009208,383.404,190.06782994009208
16,8,191.702,99.82103416883189,383.404,99.82103416883189
16,9,191.702,105.84175860062048,383.404,105.84175860062048
16,10,191.702,199.372292828014,398.744585656028,199.372292828014
16,11,191.702,160.5508471595785,383.404,160.5508471595785
16,12,191.702,140.52265841354216,383.404,140.52265841354216
16,13,191.702,114.59168037169358,383.404,383.404
16,14,191.702,164.76789581456265,383.404,164.76789581456265
16,15,191.702,100.78798102592759,383.404,100.78798102592759
16,16,191.702,129.4559890369819,383.404,129.4559890369819
16,17,191.702,130.69453940708428,383.404,130.69453940708428
16,18,191.702,160.33581195113732,383.404,160.33581195113732
16,19,191.702,164.86498410899134,383.404,164.86498410899134
16,20,191.702,185.24325341904378,383.404,185.2432534190438
16,21,191.702,193.75333094913523,387.50666189827047,387.50666189827047
16,22,191.702,165.86983739474002,383.404,165.86983739474002
16,23,191.702,157.2806922556807,383.404,157.2806922556807
16,24,191.702,138.5480394733263,383.404,383.404
16,25,191.702,197.82761544792675,395.6552308958535,197.82761544792675
16,26,191.702,113.01182130333785,383.404,383.404
16,27,191.702,190.3614506344061,383.404,190.3614506344061
16,28,191.702,129.39327013872884,383.404,129.39327013872884
16,29,191.702,154.18205954813038,383.404,354.2250156936264
16,30,191.702,168.12543067935147,383.404,168.12543067935147
16,31,191.702,121.61210115556048,383.404,121.6121011555605
16,32,191.702,114.43745247433176,383.404,114.43745247433176
16,33,191.702,150.00594534395339,383.404,150.00594534395339
16,34,191.702,179.58658784720424,383.404,179.58658784720424
16,35,191.702,169.20562160225,383.404,169.20562160225
16,36,191.702,109.34732020598801,383.404,109.34732020598801
16,37,191.702,190.9517867777981,383.404,383.404
16,38,191.702,147.00547387457954,383.404,147.00547387457954
16,39,191.702,195.74662774890444,391.4932554978089,195.74662774890444
16,40,191.702,154.6982003283492,383.404,154.6982003283492
16,41,191.702,105.78034744179159,383.404,383.404
16,42,191.702,118.06234136258684,383.404,118.06234136258684
16,43,191.702,186.09746987967097,383.404,186.09746987967097
16,44,191.702,170.61615789078888,383.404,170.61615789078888
16,45,191.702,190.34607601478962,383.404,190.34607601478962
16,46,191.702,131.28606536363023,383.404,131.28606536363023
16,47,191.702,152.04346423160956,383.404,152.04346423160956
16,48,191.702,164.8197727049406,383.404,164.8197727049406
16,49,191.702,158.96304868501124,383.404,158.96304868501124
16,50,191.702,121.08947818728186,383.404,121.08947818728186
16,51,191.702,141.4818468379961,383.404,141.4818468379961
16,52,191.702,122.82732466335999,383.404,122.82732466335999
16,53,191.702,185.19736217891014,383.404,185.19736217891014
16,54,191.702,199.92208323455475,399.8441664691095,199.92208323455475
16,55,191.702,103.87731371392707,383.404,103.87731371392708
16,56,191.702,171.45130246994486,383.404,171.45130246994486
16,57,191.702,131.3872712901296,383.404,131.3872712901296
16,58,191.702,162.2140508656411,383.404,162.21405086564113
16,59,191.702,123.87306680550246,383.404,123.87306680550248
16,60,191.702,164.88339257079494,383.404,383.404
16,61,191.702,135.67033314908488,383.404,135.67033314908488
16,62,191.702,127.7030584532618,383.404,127.7030584532618
16,63,191.702,192.10220280894973,384.20440561789945,192.10220280894973
16,64,191.702,195.31053012567958,390.62106025135915,195.31053012567958
16,65,191.702,160.9734056863524,383.404,160.9734056863524
16,66,191.702,119.31544934947912,383.404,119.31544934947912
16,67,191.702,194.9890258613406,389.9780517226812,194.9890258613406
16,68,191.702,175.26399597532455,383.404,175.26399597532455
16,69,191.702,175.33041164917557,383.404,175.33041164917557
16,70,191.702,119.02876326401017,383.404,119.02876326401017
16,71,191.702,183.58374277668565,383.404,183.58374277668565
16,72,191.702,121.99054705341261,383.404,121.99054705341261
16,73,191.702,162.85970661359366,383.404,162.85970661359366
16,74,191.702,171.11847677423117,383.404,171.11847677423117
16,75,191.702,174.42160174232436,383.404,174.42160174232436
16,76,191.702,137.66590380564114,383.404,137.66590380564114
16,77,191.702,176.24227080957854,383.404,176.24227080957854
16,78,191.702,191.18077345992344,383.404,383.404
16,79,191.702,158.24584084032495,383.404,158.24584084032495
16,80,191.702,106.36572403353087,383.404,106.36572403353087
16,81,191.702,110.39144039714564,383.404,110.39144039714566
16,82,191.702,107.91612562970651,383.404,107.91612562970651
16,83,191.702,114.95841181439793,383.404,114.95841181439795
16,84,191.702,110.12577233067806,383.404,110.12577233067806
16,85,191.702,178.17082389249873,383.404,178.17082389249873
16,86,191.702,101.04230772567134,383.404,101.04230772567134
16,87,191.702,122.1432888862044,383.404,383.404
16,88,191.702,188.68917020966927,383.404,188.68917020966927
16,89,191.702,198.54853247131493,397.09706494262986,198.54853247131496
16,90,191.702,160.12496740758323,383.404,383.404
16,91,191.702,198.83239576719672,397.66479153439343,198.83239576719672
16,92,191.702,101.46402373930904,383.404,101.46402373930906
16,93,191.702,195.94454985468224,391.8890997093645,195.94454985468224
16,94,191.702,129.4228124418033,383.404,129.4228124418033
16,95,191.702,180.32865279107583,383.404,180.32865279107583
16,96,191.702,181.54538468996384,383.404,181.54538468996384
16,97,191.702,186.6987885385306,383.404,186.6987885385306
16,98,191.702,144.79390728167314,383.404,144.7939072816731
16,99,191.702,194.07310726017292,388.14621452034584,194.07310726017292
17,0,185.29,169.58811227037586,370.58,169.58811227037586
17,1,185.29,266.29161339851873,532.5832267970375,266.29161339851873
17,2,185.29,221.22029340011065,442.4405868002213,221.22029340011068
17,3,185.29,273.58125114873434,547.1625022974687,273.58125114873434
17,4,185.29,137.39197358096266,370.58,137.39197358096266
17,5,185.29,236.3781984187093,472.7563968374186,236.3781984187093
17,6,185.29,213.56388617164237,427.12777234328473,213.56388617164237
17,7,185.29,203.1109721238347,406.2219442476694,203.1109721238347
17,8,185.29,169.7775222485905,370.58,169.7775222485905
17,9,185.29,179.44177020877257,370.58,179.44177020877257
17,10,185.29,168.38305321946748,370.58,168.38305321946748
17,11,185.29,164.06721056317357,370.58,164.06721056317357
17,12,185.29,247.02607542296192,494.05215084592385,247.02607542296192
17,13,185.29,204.53617797999473,409.07235595998947,204.53617797999476
17,14,185.29,144.61680433390524,370.58,144.61680433390524
17,15,185.29,243.78477339956657,487.56954679913315,243.78477339956657
17,16,185.29,209.00350013938848,418.00700027877696,209.00350013938848
17,17,185.29,238.4109052682079,476.8218105364158,238.41090526820793
17,18,185.29,206.3941543404304,412.7883086808608,206.3941543404304
17,19,185.29,189.8925475304545,379.785095060909,189.8925475304545
17,20,185.29,273.69586663376583,547.3917332675317,273.69586663376583
17,21,185.29,136.76287846556912,370.58,136.76287846556912
17,22,185.29,266.0512549445856,532.1025098891712,266.0512549445856
17,23,185.29,265.7783992548257,531.5567985096513,265.7783992548257
17,24,185.29,188.60223666449195,377.2044733289839,188.60223666449195
17,25,185.29,163.3806848311211,370.58,163.3806848311211
17,26,185.29,221.23368142621683,442.46736285243367,221.23368142621683
17,27,185.29,158.16459898204553,370.58,158.16459898204553
17,28,185.29,247.53311932348535,495.0662386469707,247.53311932348535
17,29,185.29,169.02221149024584,370.58,169.02221149024584
17,30,185.29,174.29257909693393,370.58,174.29257909693393
17,31,185.29,263.64305754062013,527.2861150812403,263.64305754062013
17,32,185.29,261.78504268893397,523.5700853778679,261.78504268893397
17,33,185.29,209.25103840781182,418.50207681562364,209.25103840781182
17,34,185.29,256.0564870390679,512.1129740781358,256.0564870390679
17,35,185.29,183.1154867831607,370.58,183.1154867831607
17,36,185.29,275.35928015103826,550.7185603020765,275.35928015103826
17,37,185.29,194.71574314859305,389.4314862971861,194.71574314859305
17,38,185.29,174.86515900704148,370.58,174.86515900704148
17,39,185.29,138.6684419116862,370.58,138.6684419116862
17,40,185.29,274.1904486212452,548.3808972424904,274.1904486212452
17,41,185.29,199.1750353696643,398.3500707393286,199.1750353696643
17,42,185.29,237.72441754214563,475.44883508429126,237.7244175421456
17,43,185.29,224.3202813790445,448.640562758089,224.3202813790445
17,44,185.29,236.08185568438395,472.1637113687679,236.08185568438395
17,45,185.29,140.0315724228578,370.58,140.0315724228578
17,46,185.29,264.23332697674886,528.4666539534977,264.23332697674886
17,47,185.29,265.20469114016163,530.4093822803233,265.20469114016163
17,48,185.29,211.62579135668858,423.25158271337716,211.62579135668858
17,49,185.29,270.5039848755108,541.0079697510216,270.5039848755108
17,50,185.29,172.88457418739762,370.58,172.88457418739762
17,51,185.29,218.79424502050398,437.58849004100796,218.794245020504
17,52,185.29,189.39466907684184,378.7893381536837,189.39466907684184
17,53,185.29,222.49293541624786,444.9858708324957,222.4929354162479
17,54,185.29,175.69708429018783,370.58,175.69708429018783
17,55,185.29,249.84155795892073,499.68311591784146,249.84155795892073
17,56,185.29,142.7009071508688,370.58,142.7009071508688
17,57,185.29,138.711799502994,370.58,138.711799502994
17,58,185.29,139.78650643505983,370.58,139.78650643505983
17,59,185.29,154.23139364090545,370.58,154.23139364090545
17,60,185.29,189.23569367601823,378.47138735203646,189.23569367601823
17,61,185.29,269.285329538313,538.570659076626,269.285329538313
17,62,185.29,148.56262287747668,370.58,148.56262287747668
17,63,185.29,225.28443433358427,450.56886866716854,225.2844343335843
17,64,185.29,208.14194558763722,416.28389117527445,208.14194558763722
17,65,185.29,183.21694785162344,370.58,183.21694785162344
17,66,185.29,161.0557440577327,370.58,161.0557440577327
17,67,185.29,164.25676780782868,370.58,164.25676780782868
17,68,185.29,138.98965783081803,370.58,138.98965783081803
17,69,185.29,234.6625862325026,469.3251724650052,234.6625862325026
17,70,185.29,226.18310153071616,452.3662030614323,226.18310153071616
17,71,185.29,196.1565425483493,392.3130850966986,196.1565425483493
17,72,185.29,235.48811345745972,470.97622691491944,235.4881134574597
17,73,185.29,148.44549175868357,370.58,148.44549175868357
17,74,185.29,266.9024749279928,533.8049498559856,266.9024749279928
17,75,185.29,253.8821105036229,507.7642210072458,253.8821105036229
17,76,185.29,226.92571826979972,453.85143653959943,226.92571826979972
17,77,185.29,186.8744953603968,373.7489907207936,186.8744953603968
17,78,185.29,192.2682538040738,384.5365076081476,192.2682538040738
17,79,185.29,201.6430046624468,403.2860093248936,201.6430046624468
17,80,185.29,266.41143317007055,532.8228663401411,266.41143317007055
17,81,185.29,256.1642568832647,512.3285137665295,256.1642568832647
17,82,185.29,201.03837625812608,402.07675251625216,201.03837625812608
17,83,185.29,211.98648544881172,423.97297089762344,211.98648544881172
17,84,185.29,257.8524571037226,515.7049142074452,257.8524571037226
17,85,185.29,268.4097690243118,536.8195380486236,268.4097690243118
17,86,185.29,224.08831559255103,448.17663118510205,224.08831559255106
17,87,185.29,239.7162701584044,479.4325403168088,239.7162701584044
17,88,185.29,182.98574942325735,370.58,182.98574942325735
17,89,185.29,263.9450133466502,527.8900266933005,263.9450133466502
17,90,185.29,252.32773353573805,504.6554670714761,252.32773353573808
17,91,185.29,211.6344895753946,423.2689791507892,211.63448957539464
17,92,185.29,256.74089587133614,513.4817917426723,256.74089587133614
17,93,185.29,254.20302574651492,508.40605149302985,254.20302574651492
17,94,185.29,248.27683692589963,496.55367385179926,248.27683692589963
17,95,185.29,151.4066693348883,370.58,151.4066693348883
17,96,185.29,209.33989911086135,418.6797982217227,209.33989911086135
17,97,185.29,261.48005811971245,522.9601162394249,261.48005811971245
17,98,185.29,242.90538135301753,485.81076270603506,242.90538135301753
17,99,185.29,192.86093236564972,385.72186473129943,192.86093236564972
18,0,155.512,209.51460684267576,419.0292136853515,209.5146068426758
18,1,155.512,129.60721811433072,311.024,129.60721811433072
18,2,155.512,138.71081905985,311.024,138.71081905985
18,3,155.512,206.9122426319945,413.824485263989,206.91224263199453
18,4,155.512,190.9237630964176,381.8475261928352,190.9237630964176
18,5,155.512,200.99309903571123,401.98619807142245,200.9930990357112
18,6,155.512,103.32150216710552,311.024,103.32150216710552
18,7,155.512,143.78305840675895,311.024,143.78305840675895
18,8,155.512,127.9311468135259,311.024,127.93114681352591
18,9,155.512,134.5704050206388,311.024,134.5704050206388
18,10,155.512,183.15181639862385,366.3036327972477,183.15181639862385
18,11,155.512,181.6230682525904,363.2461365051808,181.6230682525904
18,12,155.512,152.79851098225305,311.024,152.79851098225305
18,13,155.512,142.1906443129168,311.024,142.1906443129168
18,14,155.512,166.30407732210037,332.60815464420074,166.30407732210037
18,15,155.512,160.70107024954615,321.4021404990923,160.70107024954615
18,16,155.512,162.5552421826597,325.1104843653194,162.5552421826597
18,17,155.512,169.68732733566833,339.37465467133666,169.68732733566833
18,18,155.512,145.528655276235,311.024,145.528655276235
18,19,155.512,186.85789387433326,373.7157877486665,186.85789387433326
18,20,155.512,129.65447704266978,311.024,129.65447704266978
18,21,155.512,174.1144116174548,348.2288232349096,174.1144116174548
18,22,155.512,207.59323899603416,415.1864779920683,207.59323899603416
18,23,155.512,102.43849321393269,311.024,102.43849321393267
18,24,155.512,181.5435242698307,363.0870485396614,181.5435242698307
18,25,155.512,114.02613324045534,311.024,114.02613324045534
18,26,155.512,161.8088098297072,323.6176196594144,161.8088098297072
18,27,155.512,170.9444407624632,341.8888815249264,170.9444407624632
18,28,155.512,128.74715557891759,311.024,128.74715557891759
18,29,155.512,202.47714292056003,404.95428584112005,202.47714292056003
18,30,155.512,170.4385281739752,340.8770563479504,170.4385281739752
18,31,155.512,127.51053929668184,311.024,127.51053929668184
18,32,155.512,186.6835637754478,373.3671275508956,186.6835637754478
18,33,155.512,113.64281524185377,311.024,113.64281524185378
18,34,155.512,163.06580031418486,326.1316006283697,163.06580031418486
18,35,155.512,112.4832838404643,311.024,112.48328384046428
18,36,155.512,165.89662729081508,331.79325458163015,165.89662729081508
18,37,155.512,129.84975743435237,311.024,129.84975743435237
18,38,155.512,173.42272010500807,346.84544021001614,173.42272010500807
18,39,155.512,180.71554518955733,361.43109037911466,180.71554518955733
18,40,155.512,159.6546092746619,319.3092185493238,159.6546092746619
18,41,155.512,174.30790182328718,348.61580364657436,174.30790182328718
18,42,155.512,191.42692924891787,382.85385849783574,191.42692924891787
18,43,155.512,190.79154779160206,381.5830955832041,190.79154779160206
18,44,155.512,170.14943833540474,340.2988766708095,170.14943833540474
18,45,155.512,151.6229413479949,311.024,151.6229413479949
18,46,155.512,146.88058524633124,311.024,146.88058524633124
18,47,155.512,198.1805556830431,396.3611113660862,198.1805556830431
18,48,155.512,179.29839051866117,358.59678103732233,179.29839051866117
18,49,155.512,122.37176077711798,311.024,122.37176077711797
18,50,155.512,164.2204762062139,328.4409524124278,164.2204762062139
18,51,155.512,201.92371553103425,403.8474310620685,201.92371553103422
18,52,155.512,118.60831187143643,311.024,118.60831187143643
18,53,155.512,194.96825299958175,389.9365059991635,194.96825299958175
18,54,155.512,192.18617057563557,384.37234115127114,192.18617057563557
18,55,155.512,156.92425523672898,313.84851047345796,156.92425523672898
18,56,155.512,106.17821091595864,311.024,106.17821091595864
18,57,155.512,118.25801450394394,311.024,118.25801450394395
18,58,155.512,203.44367305599738,406.88734611199476,203.44367305599738
18,59,155.512,106.90034238937761,311.024,106.90034238937763
18,60,155.512,142.98457859749408,311.024,142.98457859749408
18,61,155.512,170.07884476384825,340.1576895276965,170.07884476384825
18,62,155.512,123.69196326455965,311.024,123.69196326455965
18,63,155.512,209.8662094679418,419.7324189358836,209.86620946794181
18,64,155.512,119.18914750259503,311.024,119.18914750259503
18,65,155.512,161.35731763010202,322.71463526020403,161.35731763010202
18,66,155.512,169.96583585260612,339.93167170521224,169.96583585260612
18,67,155.512,127.4330897155869,311.024,127.43308971558692
18,68,155.512,153.2941031931318,311.024,153.2941031931318
18,69,155.512,156.0085249984743,312.0170499969486,156.0085249984743
18,70,155.512,186.32421914607556,372.6484382921511,186.32421914607556
18,71,155.512,171.75380807475887,343.50761614951773,171.75380807475887
18,72,155.512,153.43049321509034,311.024,153.43049321509034
18,73,155.512,175.34326263108377,350.68652526216755,175.34326263108377
18,74,155.512,151.87295462746107,311.024,151.87295462746107
18,75,155.512,159.82231056137448,319.64462112274896,159.82231056137448
18,76,155.512,174.4229244418337,348.8458488836674,174.4229244418337
18,77,155.512,121.96078302083818,311.024,121.96078302083816
18,78,155.512,188.65264022488384,377.3052804497677,188.65264022488384
18,79,155.512,168.30132724301563,336.60265448603127,168.30132724301563
18,80,155.512,209.78412996652702,419.56825993305404,209.78412996652702
18,81,155.512,126.48722740829132,311.024,126.48722740829132
18,82,155.512,153.2894308891334,311.024,153.2894308891334
18,83,155.512,200.4767776081398,400.9535552162796,200.4767776081398
18,84,155.512,168.14396171460754,336.2879234292151,168.14396171460754
18,85,155.512,181.82901658814447,363.65803317628894,181.82901658814447
18,86,155.512,147.5092191486797,311.024,147.5092191486797
18,87,155.512,177.25186405014446,354.5037281002889,177.25186405014446
18,88,155.512,206.01707365184424,412.0341473036885,206.01707365184424
18,89,155.512,124.04781485726477,311.024,124.04781485726477
18,90,155.512,190.77539198116847,381.55078396233694,190.77539198116847
18,91,155.512,208.5977986077504,417.1955972155008,208.59779860775043
18,92,155.512,103.64890296041605,311.024,103.64890296041605
18,93,155.512,125.69886474435889,311.024,125.6988647443589
18,94,155.512,114.94728299626557,311.024,114.94728299626557
18,95,155.512,186.38588727824435,372.7717745564887,186.38588727824435
18,96,155.512,110.97334662307253,311.024,110.97334662307252
18,97,155.512,211.77115379083736,423.5423075816747,211.7711537908374
18,98,155.512,144.86528478376525,311.024,144.86528478376525
18,99,155.512,201.52750516958733,403.05501033917466,201.52750516958733
19,0,139.846,80.8364384818867,279.692,279.692
19,1,139.846,99.09237034905772,279.692,99.09237034905772
19,2,139.846,128.32127288503096,279.692,128.32127288503096
19,3,139.846,110.26451496710821,279.692,279.692
19,4,139.846,100.63260897737965,279.692,100.63260897737965
19,5,139.846,104.28616373795055,279.692,279.692
19,6,139.846,108.71715927362739,279.692,108.7171592736274
19,7,139.846,99.0523560612237,279.692,99.05235606122372
19,8,139.846,81.19688719799588,279.692,81.19688719799588
19,9,139.846,75.43755668011946,279.692,75.43755668011946
19,10,139.846,78.13383147953417,279.692,78.13383147953417
19,11,139.846,70.9892659398445,279.692,279.692
19,12,139.846,107.61663398939312,279.692,107.61663398939312
19,13,139.846,128.5317810252232,279.692,128.5317810252232
19,14,139.846,93.17676739815745,279.692,93.17676739815745
19,15,139.846,72.64050503106418,279.692,72.64050503106418
19,16,139.846,97.99628273273802,279.692,97.99628273273802
19,17,139.846,110.75207802190134,279.692,279.69199999999825
19,18,139.846,97.97305918427583,279.692,97.97305918427583
19,19,139.846,125.85449232998197,279.692,125.85449232998197
19,20,139.846,135.34553798813408,279.692,135.34553798813408
19,21,139.846,130.1374227575426,279.692,130.1374227575426
19,22,139.846,118.13215202907513,279.692,118.13215202907512
19,23,139.846,101.22167590601956,279.692,101.22167590601956
19,24,139.846,116.59078759362806,279.692,279.692
19,25,139.846,68.16198502757442,279.692,68.16198502757442
19,26,139.846,138.28274895559187,279.692,138.28274895559187
19,27,139.846,79.64248569891733,279.692,279.692
19,28,139.846,132.76766630995567,279.692,132.76766630995567
19,29,139.846,125.59317785543375,279.692,125.59317785543375
19,30,139.846,125.08881583737396,279.692,125.08881583737397
19,31,139.846,86.65114275130323,279.692,86.65114275130323
19,32,139.846,83.04891973717613,279.692,83.04891973717613
19,33,139.846,98.21888113897475,279.692,279.692
19,34,139.846,128.65118061091158,279.692,279.692000000001
19,35,139.846,99.78032493773598,279.692,99.78032493773598
19,36,139.846,134.87765135783684,279.692,134.87765135783684
19,37,139.846,92.71077083688276,279.692,92.71077083688276
19,38,139.846,112.01000069641518,279.692,112.01000069641518
19,39,139.846,138.15401531277246,279.692,138.15401531277246
19,40,139.846,113.75172166662706,279.692,113.75172166662706
19,41,139.846,70.48327362177474,279.692,70.48327362177474
19,42,139.846,100.73383961914465,279.692,100.73383961914463
19,43,139.846,91.41350941806084,279.692,91.41350941806084
19,44,139.846,105.69947677538318,279.692,279.692
19,45,139.846,87.79515867765927,279.692,87.79515867765927
19,46,139.846,76.03781334393041,279.692,76.03781334393041
19,47,139.846,115.54815443892937,279.692,115.54815443892939
19,48,139.846,116.49394963070372,279.692,116.49394963070372
19,49,139.846,129.93688010655904,279.692,129.93688010655904
19,50,139.846,76.77011138191071,279.692,76.77011138191071
19,51,139.846,124.97887441520321,279.692,279.692
19,52,139.846,127.01568309068749,279.692,127.01568309068749
19,53,139.846,113.97512562181348,279.692,113.97512562181349
19,54,139.846,82.01912275112593,279.692,82.01912275112593
19,55,139.846,86.10733563577544,279.692,279.692
19,56,139.846,97.47329701012745,279.692,279.692
19,57,139.846,106.39539682361145,279.692,106.39539682361145
19,58,139.846,101.738253200838,279.692,101.738253200838
19,59,139.846,101.01624468011458,279.692,101.01624468011458
19,60,139.846,127.96156552294065,279.692,274.00627700320416
19,61,139.846,130.15128627767007,279.692,130.15128627767007
19,62,139.846,126.2910182148177,279.692,126.2910182148177
19,63,139.846,130.70838656848244,279.692,130.70838656848244
19,64,139.846,108.5089977601158,279.692,279.692
19,65,139.846,136.94829459336043,279.692,136.94829459336043
19,66,139.846,111.08033797925874,279.692,111.08033797925873
19,67,139.846,110.89244856630032,279.692,110.89244856630032
19,68,139.846,90.29529288066232,279.692,90.29529288066232
19,69,139.846,116.48269259429745,279.692,279.69199999999904
19,70,139.846,70.95125723454439,279.692,70.95125723454439
19,71,139.846,76.92676463008206,279.692,76.92676463008206
19,72,139.846,76.61531064466213,279.692,76.61531064466215
19,73,139.846,114.60113380971221,279.692,114.60113380971222
19,74,139.846,79.87803495199415,279.692,79.87803495199415
19,75,139.846,91.87628365263895,279.692,91.87628365263895
19,76,139.846,70.39741461956018,279.692,70.39741461956018
19,77,139.846,84.10396257538066,279.692,84.10396257538066
19,78,139.846,136.96191205262625,279.692,136.96191205262625
19,79,139.846,104.03215669133333,279.692,104.03215669133333
19,80,139.846,78.12273087554345,279.692,78.12273087554345
19,81,139.846,105.03572110275095,279.692,105.03572110275097
19,82,139.846,135.4629875575625,279.692,135.4629875575625
19,83,139.846,129.83172093765918,279.692,129.83172093765918
19,84,139.846,95.56076458169075,279.692,95.56076458169075
19,85,139.846,87.73157684437042,279.692,279.692
19,86,139.846,122.30949714367068,279.692,122.30949714367068
19,87,139.846,84.5923872076161,279.692,279.692
19,88,139.846,85.58718891952492,279.692,85.58718891952492
19,89,139.846,73.27549521914547,279.692,279.692
19,90,139.846,129.72014830375218,279.692,129.72014830375218
19,91,139.846,99.60082057640194,279.692,99.60082057640194
19,92,139.846,107.84166140679578,279.692,107.84166140679578
19,93,139.846,120.49913960247073,279.692,279.692
19,94,139.846,124.82464422191867,279.692,124.82464422191867
19,95,139.846,99.5725441422812,279.692,99.57254414227998
19,96,139.846,80.51443491173237,279.692,80.51443491173237
19,97,139.846,127.1578054978998,279.692,127.15780549789982
19,98,139.846,69.43404112402267,279.692,69.43404112402267
19,99,139.846,135.69590478538578,279.692,135.69590478538578
20,0,136.052,101.18871955067613,272.104,101.18871955067613
20,1,136.052,121.24506480563991,272.104,121.24506480563993
20,2,136.052,103.31173730171137,272.104,103.31173730171137
20,3,136.052,79.32391648066977,272.104,272.104
20,4,136.052,82.31279022312148,272.104,272.104
20,5,136.052,98.22774165379694,272.104,98.22774165379694
20,6,136.052,127.0715077245596,272.104,127.0715077245596
20,7,136.052,74.80979182558708,272.104,74.8097918255871
20,8,136.052,96.68027494418743,272.104,96.68027494418745
20,9,136.052,85.51592032604204,272.104,85.51592032604204
20,10,136.052,114.14337529724493,272.104,114.14337529724494
20,11,136.052,116.37080798636644,272.104,116.37080798636646
20,12,136.052,90.94463385136714,272.104,90.94463385136714
20,13,136.052,76.12892528586931,272.104,76.12892528586931
20,14,136.052,66.91886617343253,272.104,66.91886617343253
20,15,136.052,75.76099917583815,272.104,272.104
20,16,136.052,80.71794733762084,272.104,272.104
20,17,136.052,102.65465256713698,272.104,102.65465256713698
20,18,136.052,121.09012839356346,272.104,121.09012839356346
20,19,136.052,71.02821551527455,272.104,71.02821551527455
20,20,136.052,126.81009442502904,272.104,126.81009442502904
20,21,136.052,108.32600400085913,272.104,108.32600400085911
20,22,136.052,112.27753726206177,272.104,112.27753726206177
20,23,136.052,128.46965906214274,272.104,128.46965906214274
20,24,136.052,90.37609097805164,272.104,90.37609097805164
20,25,136.052,98.13774053459652,272.104,98.13774053459652
20,26,136.052,108.05999198912934,272.104,108.05999198912934
20,27,136.052,96.88034477104462,272.104,96.88034477104462
20,28,136.052,82.51324024082709,272.104,272.104
20,29,136.052,69.4927065465223,272.104,69.4927065465223
20,30,136.052,81.56018198005822,272.104,81.56018198005822
20,31,136.052,114.08473435984435,272.104,114.08473435984435
20,32,136.052,105.47707595756081,272.104,105.47707595756081
20,33,136.052,116.26758722763819,272.104,116.26758722763819
20,34,136.052,97.16567951399837,272.104,97.16567951399837
20,35,136.052,78.0093085183031,272.104,78.0093085183031
20,36,136.052,104.61538509341719,272.104,272.104
20,37,136.052,82.84211098714401,272.104,272.104
20,38,136.052,64.3943917119257,272.104,64.3943917119257
20,39,136.052,123.12309005945063,272.104,123.12309005945063
20,40,136.052,90.66299890401959,272.104,90.66299890401959
20,41,136.052,91.05021281773513,272.104,272.104
20,42,136.052,112.22964975752193,272.104,112.22964975752193
20,43,136.052,126.15611358259456,272.104,126.15611358259456
20,44,136.052,67.28355489769962,272.104,67.28355489769962
20,45,136.052,74.01707648391427,272.104,74.01707648391427
20,46,136.052,84.07555802335405,272.104,84.07555802335405
20,47,136.052,79.10646780797585,272.104,272.104
20,48,136.052,95.71221544477648,272.104,95.71221544477649
20,49,136.052,117.82209267151772,272.104,117.82209267151774
20,50,136.052,119.80566299447112,272.104,119.80566299447113
20,51,136.052,102.45577832073636,272.104,102.45577832073636
20,52,136.052,78.55194673765291,272.104,272.104
20,53,136.052,74.94401682515132,272.104,74.94401682515132
20,54,136.052,112.37339803379724,272.104,112.37339803379724
20,55,136.052,78.35302542125166,272.104,78.35302542125166
20,56,136.052,98.66920252461888,272.104,98.66920252461888
20,57,136.052,112.76928634321213,272.104,112.76928634321213
20,58,136.052,77.7504864457524,272.104,77.7504864457524
20,59,136.052,74.13806206735792,272.104,272.1040000000027
20,60,136.052,65.08040536260624,272.104,272.1039999999997
20,61,136.052,72.32792536623232,272.104,72.32792536623232
20,62,136.052,119.63538465536074,272.104,119.63538465536074
20,63,136.052,69.44238194633455,272.104,272.104
20,64,136.052,77.44104533241381,272.104,77.44104533241381
20,65,136.052,64.611377773527,272.104,64.611377773527
20,66,136.052,107.86801764699817,272.104,107.86801764699818
20,67,136.052,77.98263398941454,272.104,77.98263398941454
20,68,136.052,90.20745614931549,272.104,272.104
20,69,136.052,71.77225137525333,272.104,272.104
20,70,136.052,87.76271250901316,272.104,87.76271250901316
20,71,136.052,90.93640432469768,272.104,90.93640432469768
20,72,136.052,94.19796089698742,272.104,94.19796089698742
20,73,136.052,90.82915967523171,272.104,90.82915967523171
20,74,136.052,69.31607003626453,272.104,165.6684001632442
20,75,136.052,114.3352560104394,272.104,114.3352560104394
20,76,136.052,71.6314340975587,272.104,71.6314340975587
20,77,136.052,90.92665262462499,272.104,272.104
20,78,136.052,80.68805629600755,272.104,272.1040000000027
20,79,136.052,82.64064435837204,272.104,82.64064435837204
20,80,136.052,107.60348633592044,272.104,107.60348633592042
20,81,136.052,97.2104546008615,272.104,97.2104546008615
20,82,136.052,75.18559570628204,272.104,75.18559570628204
20,83,136.052,93.94051026842119,272.104,93.94051026842119
20,84,136.052,85.23046156223396,272.104,85.23046156223396
20,85,136.052,109.75935894285568,272.104,109.75935894285568
20,86,136.052,77.60572160309283,272.104,272.1039999999997
20,87,136.052,119.20182520592307,272.104,119.20182520592309
20,88,136.052,97.77790889219894,272.104,97.77790889219894
20,89,136.052,96.05664180594728,272.104,96.05664180594728
20,90,136.052,79.46009992382443,272.104,272.104
20,91,136.052,74.92136564083606,272.104,272.104
20,92,136.052,94.12094511612526,272.104,272.104
20,93,136.052,128.39866003424447,272.104,128.39866003424447
20,94,136.052,71.34244468637023,272.104,71.34244468637023
20,95,136.052,81.46140181470594,272.104,272.104
20,96,136.052,116.22124364417823,272.104,116.22124364417823
20,97,136.052,107.08973773735711,272.104,107.0897377373571
20,98,136.052,81.14524202749026,272.104,81.14524202749026
20,99,136.052,83.55737297515866,272.104,83.55737297515866
21,0,133.0,88.03406194386673,266.0,266.0
21,1,133.0,99.97012541270158,266.0,266.0
21,2,133.0,107.57887340172627,266.0,107.57887340172627
21,3,133.0,116.58528036836326,266.0,116.58528036836327
21,4,133.0,105.08331901446591,266.0,105.08331901446593
21,5,133.0,76.08966313284142,266.0,76.08966313284142
21,6,133.0,121.05188798782173,266.0,121.05188798782174
21,7,133.0,111.61699814691538,266.0,111.61699814691539
21,8,133.0,80.68547780529055,266.0,266.0
21,9,133.0,80.52776701767718,266.0,266.0
21,10,133.0,118.14343016367577,266.0,118.14343016367576
21,11,133.0,68.84965535728992,266.0,68.84965535728992
21,12,133.0,101.97259018057666,266.0,266.0000000000032
21,13,133.0,78.74864260133009,266.0,78.74864260133009
21,14,133.0,114.62029162574419,266.0,114.62029162574419
21,15,133.0,84.4158197033435,266.0,236.80272781675774
21,16,133.0,108.49460537911445,266.0,108.49460537911443
21,17,133.0,73.18042472198971,266.0,266.0000000000031
21,18,133.0,92.04875108325456,266.0,92.04875108325456
21,19,133.0,113.07926440267033,266.0,113.07926440267033
21,20,133.0,86.53518443439592,266.0,86.53518443439592
21,21,133.0,71.16687646988527,266.0,265.99999999999966
21,22,133.0,102.98585745894901,266.0,102.98585745894901
21,23,133.0,109.79761526039775,266.0,109.79761526039775
21,24,133.0,78.91053562242631,266.0,266.0
21,25,133.0,90.08480502497366,266.0,90.08480502497366
21,26,133.0,119.40210589838712,266.0,119.4021058983871
21,27,133.0,117.54396597540556,266.0,117.54396597540556
21,28,133.0,106.785621541931,266.0,106.785621541931
21,29,133.0,99.19417293593276,266.0,99.19417293593276
21,30,133.0,113.97934937606516,266.0,113.97934937606516
21,31,133.0,119.8718577866897,266.0,119.8718577866897
21,32,133.0,60.78269851024136,266.0,60.78269851024136
21,33,133.0,86.55082303527244,266.0,86.55082303527244
21,34,133.0,97.26894697250992,266.0,97.26894697250992
21,35,133.0,108.53097018294933,266.0,108.53097018294933
21,36,133.0,66.32939686096401,266.0,266.0000000000031
21,37,133.0,86.71580510578221,266.0,86.71580510578221
21,38,133.0,78.87322983684504,266.0,78.87322983684504
21,39,133.0,88.26658328681256,266.0,266.0000000000032
21,40,133.0,93.12804109817762,266.0,93.12804109817762
21,41,133.0,103.70611382222766,266.0,103.70611382222768
21,42,133.0,93.01428762425778,266.0,266.0
21,43,133.0,101.12440507190804,266.0,266.0
21,44,133.0,98.64183906385225,266.0,98.64183906385225
21,45,133.0,88.58139560877264,266.0,88.58139560877264
21,46,133.0,60.94386704108083,266.0,60.943867041080836
21,47,133.0,73.31742052958253,266.0,73.31742052958253
21,48,133.0,81.52273080511752,266.0,81.52273080511752
21,49,133.0,70.21402601206164,266.0,70.21402601206164
21,50,133.0,99.70097551903136,266.0,99.70097551903136
21,51,133.0,100.53890883529218,266.0,100.53890883529218
21,52,133.0,93.26608817300676,266.0,93.26608817300676
21,53,133.0,81.56465799430765,266.0,81.56465799430765
21,54,133.0,103.26499215226045,266.0,103.26499215226046
21,55,133.0,73.04108631625334,266.0,73.04108631625334
21,56,133.0,61.002922230668226,266.0,266.0
21,57,133.0,108.59748486372638,266.0,108.59748486372638
21,58,133.0,89.5718178071727,266.0,89.5718178071727
21,59,133.0,106.17549899024623,266.0,106.17549899024623
21,60,133.0,72.69899995100107,266.0,266.0
21,61,133.0,64.70694591311397,266.0,64.70694591311397
21,62,133.0,85.30268476236921,266.0,85.30268476236921
21,63,133.0,106.05504419490275,266.0,106.05504419490275
21,64,133.0,67.33118866415265,266.0,67.33118866415265
21,65,133.0,73.40345044277086,266.0,73.40345044277086
21,66,133.0,90.25393692383844,266.0,90.25393692383844
21,67,133.0,101.16886140158063,266.0,101.16886140158063
21,68,133.0,109.58861116243949,266.0,109.58861116243949
21,69,133.0,67.78272165957024,266.0,67.78272165957024
21,70,133.0,101.39567832233458,266.0,101.39567832233458
21,71,133.0,85.90666960663602,266.0,266.0
21,72,133.0,104.36383945259435,266.0,104.36383945259435
21,73,133.0,73.90782857452427,266.0,266.0
21,74,133.0,95.0825949404012,266.0,95.0825949404012
21,75,133.0,71.85811591263321,266.0,266.0
21,76,133.0,61.83853343345538,266.0,61.83853343345538
21,77,133.0,92.40808598704878,266.0,92.40808598704878
21,78,133.0,72.64249360944822,266.0,265.9999999999916
21,79,133.0,102.29132926928115,266.0,266.0
21,80,133.0,95.64767735618216,266.0,95.64767735618216
21,81,133.0,111.20898429701285,266.0,111.20898429701285
21,82,133.0,86.27220836376607,266.0,86.27220836376607
21,83,133.0,125.21241400525227,266.0,125.21241400525227
21,84,133.0,94.25324579485252,266.0,94.25324579485252
21,85,133.0,91.87754927618998,266.0,91.87754927618998
21,86,133.0,109.54410337564315,266.0,266.0
21,87,133.0,98.00523716271547,266.0,98.00523716271547
21,88,133.0,84.28146084398027,266.0,84.28146084398027
21,89,133.0,92.55787808440901,266.0,266.0
21,90,133.0,72.966331392758,266.0,72.966331392758
21,91,133.0,86.31291245212775,266.0,86.31291245212776
21,92,133.0,62.574963128274945,266.0,266.0
21,93,133.0,90.8138221172597,266.0,90.8138221172597
21,94,133.0,78.53721903204271,266.0,78.53721903204271
21,95,133.0,95.00406479593116,266.0,95.00406479593116
21,96,133.0,62.529942629438,266.0,62.529942629438
21,97,133.0,96.85617429210062,266.0,96.85617429210062
21,98,133.0,79.74648783902643,266.0,79.74648783902643
21,99,133.0,98.31874663792641,266.0,98.31874663792641
22,0,127.87599999999999,105.94518721609896,255.75199999999998,105.94518721609896
22,1,127.87599999999999,87.29654101040728,255.75199999999998,87.29654101040728
22,2,127.87599999999999,101.50590335740296,255.75199999999998,101.50590335740294
22,3,127.87599999999999,74.45130936828393,255.75199999999998,74.45130936828393
22,4,127.87599999999999,122.89735015336232,255.75199999999998,122.89735015336231
22,5,127.87599999999999,74.70438834239899,255.75199999999998,74.70438834239899
22,6,127.87599999999999,119.21326370997241,255.75199999999998,119.21326370997241
22,7,127.87599999999999,73.0681060497168,255.75199999999998,255.75199999999998
22,8,127.87599999999999,90.94592867510168,255.75199999999998,255.75199999999998
22,9,127.87599999999999,111.58298608105405,255.75199999999998,165.91156520059198
22,10,127.87599999999999,104.91325925864113,255.75199999999998,104.91325925864115
22,11,127.87599999999999,104.21129276379567,255.75199999999998,255.75199999999998
22,12,127.87599999999999,87.30309239514152,255.75199999999998,87.30309239514152
22,13,127.87599999999999,107.31021377642278,255.75199999999998,107.31021377642278
22,14,127.87599999999999,117.88205706561743,255.75199999999998,117.88205706561743
22,15,127.87599999999999,87.36119948156814,255.75199999999998,255.75199999999998
22,16,127.87599999999999,92.8846333943439,255.75199999999998,92.8846333943439
22,17,127.87599999999999,63.42695947387697,255.75199999999998,255.75199999999998
22,18,127.87599999999999,84.13575333441953,255.75199999999998,255.75199999999998
22,19,127.87599999999999,89.01202470881664,255.75199999999998,89.01202470881664
22,20,127.87599999999999,116.29952756344082,255.75199999999998,116.29952756344082
22,21,127.87599999999999,66.2661572028497,255.75199999999998,255.75199999999998
22,22,127.87599999999999,105.8410972014009,255.75199999999998,105.84109720140088
22,23,127.87599999999999,94.00098620562432,255.75199999999998,94.00098620562432
22,24,127.87599999999999,97.89510762254169,255.75199999999998,255.75199999999998
22,25,127.87599999999999,61.115096907218174,255.75199999999998,255.75199999999998
22,26,127.87599999999999,68.5740213113022,255.75199999999998,255.75199999999998
22,27,127.87599999999999,77.3256712733009,255.75199999999998,77.3256712733009
22,28,127.87599999999999,59.52650726104341,255.75199999999998,59.52650726104341
22,29,127.87599999999999,101.8885907785965,255.75199999999998,101.8885907785965
22,30,127.87599999999999,114.7129233784994,255.75199999999998,114.71292337849941
22,31,127.87599999999999,94.09646017949764,255.75199999999998,94.09646017949764
22,32,127.87599999999999,93.8538590788412,255.75199999999998,93.8538590788412
22,33,127.87599999999999,98.48119372784093,255.75199999999998,98.48119372784093
22,34,127.87599999999999,78.48619119032868,255.75199999999998,255.75199999999998
22,35,127.87599999999999,82.60263186100221,255.75199999999998,82.60263186100221
22,36,127.87599999999999,95.88022198076453,255.75199999999998,95.88022198076453
22,37,127.87599999999999,110.82026210816582,255.75199999999998,110.82026210816582
22,38,127.87599999999999,72.07180627326417,255.75199999999998,72.07180627326417
22,39,127.87599999999999,80.10230812499427,255.75199999999998,255.75199999999998
22,40,127.87599999999999,106.59255069344506,255.75199999999998,106.59255069344506
22,41,127.87599999999999,80.95659509238745,255.75199999999998,80.95659509238745
22,42,127.87599999999999,62.25200308317963,255.75199999999998,255.75199999999998
22,43,127.87599999999999,69.18683065399716,255.75199999999998,69.18683065399716
22,44,127.87599999999999,71.5787442322415,255.75199999999998,255.75199999999998
22,45,127.87599999999999,90.78956108384357,255.75199999999998,90.78956108384358
22,46,127.87599999999999,99.7182870031356,255.75199999999998,99.7182870031356
22,47,127.87599999999999,115.34821063970911,255.75199999999998,115.34821063970911
22,48,127.87599999999999,116.77135842253342,255.75199999999998,116.77135842253344
22,49,127.87599999999999,78.80372347196693,255.75199999999998,78.80372347196693
22,50,127.87599999999999,107.25951897078258,255.75199999999998,107.25951897078258
22,51,127.87599999999999,77.22649513327242,255.75199999999998,77.22649513327242
22,52,127.87599999999999,82.7202819896927,255.75199999999998,82.7202819896927
22,53,127.87599999999999,77.88324150042075,255.75199999999998,77.88324150042075
22,54,127.87599999999999,85.59723272681087,255.75199999999998,85.59723272681087
22,55,127.87599999999999,72.90842028900634,255.75199999999998,72.90842028900634
22,56,127.87599999999999,79.55782924535961,255.75199999999998,79.55782924535961
22,57,127.87599999999999,66.99074571160804,255.75199999999998,66.99074571160804
22,58,127.87599999999999,120.62832827996688,255.75199999999998,120.62832827996688
22,59,127.87599999999999,91.35524999449359,255.75199999999998,91.35524999449359
22,60,127.87599999999999,118.08275074177637,255.75199999999998,118.08275074177637
22,61,127.87599999999999,106.79909756724425,255.75199999999998,106.79909756724425
22,62,127.87599999999999,88.40407918750705,255.75199999999998,88.40407918750705
22,63,127.87599999999999,107.3387321023467,255.75199999999998,107.3387321023467
22,64,127.87599999999999,99.26539374295744,255.75199999999998,99.26539374295744
22,65,127.87599999999999,78.58675363449454,255.75199999999998,78.58675363449454
22,66,127.87599999999999,92.48248336826359,255.75199999999998,92.48248336826359
22,67,127.87599999999999,104.64058448960775,255.75199999999998,104.64058448960776
22,68,127.87599999999999,78.68592354979853,255.75199999999998,255.75199999999998
22,69,127.87599999999999,60.01440476573268,255.75199999999998,255.75199999999998
22,70,127.87599999999999,76.32316784397415,255.75199999999998,76.32316784397415
22,71,127.87599999999999,110.02496863067081,255.75199999999998,110.02496863067081
22,72,127.87599999999999,118.5222855271553,255.75199999999998,118.52228552715532
22,73,127.87599999999999,99.09372741294112,255.75199999999998,99.09372741294112
22,74,127.87599999999999,67.68506199824182,255.75199999999998,255.75199999999998
22,75,127.87599999999999,107.52673718327239,255.75199999999998,107.52673718327239
22,76,127.87599999999999,92.81702745961691,255.75199999999998,92.81702745961691
22,77,127.87599999999999,107.29070283272242,255.75199999999998,107.29070283272242
22,78,127.87599999999999,113.97023209001489,255.75199999999998,113.97023209001489
22,79,127.87599999999999,119.64136631262055,255.75199999999998,119.64136631262055
22,80,127.87599999999999,100.95624380324077,255.75199999999998,100.95624380324078
22,81,127.87599999999999,113.69260601759919,255.75199999999998,113.69260601759919
22,82,127.87599999999999,106.57130270385927,255.75199999999998,106.57130270385929
22,83,127.87599999999999,105.58369149804234,255.75199999999998,105.58369149804234
22,84,127.87599999999999,113.98165046905608,255.75199999999998,113.98165046905608
22,85,127.87599999999999,118.07652403652189,255.75199999999998,118.07652403652189
22,86,127.87599999999999,116.74198843374067,255.75199999999998,116.74198843374069
22,87,127.87599999999999,84.45315296149045,255.75199999999998,255.75199999999998
22,88,127.87599999999999,64.57392303138452,255.75199999999998,64.57392303138452
22,89,127.87599999999999,112.11845440307982,255.75199999999998,112.11845440307984
22,90,127.87599999999999,93.58394921953699,255.75199999999998,93.58394921953699
22,91,127.87599999999999,93.78448320434927,255.75199999999998,93.78448320434927
22,92,127.87599999999999,111.83796535863482,255.75199999999998,111.83796535863482
22,93,127.87599999999999,61.25547192380442,255.75199999999998,61.25547192380443
22,94,127.87599999999999,115.20411661746962,255.75199999999998,115.20411661746964
22,95,127.87599999999999,61.424453070057595,255.75199999999998,255.75199999999998
22,96,127.87599999999999,103.4214360330284,255.75199999999998,103.4214360330284
22,97,127.87599999999999,96.68021179709501,255.75199999999998,255.75199999999998
22,98,127.87599999999999,100.14071929229169,255.75199999999998,100.14071929229169
22,99,127.87599999999999,83.07123339223287,255.75199999999998,255.75199999999998
23,0,121.226,61.99809067626717,242.452,61.99809067626717
23,1,121.226,74.04446667544477,242.452,74.04446667544477
23,2,121.226,93.42680394827347,242.452,93.42680394827347
23,3,121.226,76.92189570646384,242.452,76.92189570646384
23,4,121.226,81.96086271928061,242.452,81.96086271928061
23,5,121.226,70.54149936025767,242.452,70.54149936025767
23,6,121.226,97.87138587405782,242.452,97.87138587405782
23,7,121.226,86.04796611649425,242.452,86.04796611649425
23,8,121.226,66.08864008872803,242.452,66.08864008872803
23,9,121.226,81.46561993391715,242.452,81.46561993391715
23,10,121.226,75.75440428009864,242.452,75.75440428009864
23,11,121.226,93.33582248780331,242.452,93.33582248780331
23,12,121.226,61.97708319746018,242.452,61.97708319746018
23,13,121.226,53.378610946494,242.452,242.45200000000003
23,14,121.226,57.66298048825634,242.452,242.45200000000003
23,15,121.226,67.74378460930109,242.452,67.74378460930109
23,16,121.226,91.79124696075772,242.452,91.79124696075772
23,17,121.226,61.76034630323902,242.452,242.45200000000003
23,18,121.226,80.06646749482155,242.452,80.06646749482155
23,19,121.226,79.9219293394379,242.452,79.9219293394379
23,20,121.226,68.82516309333555,242.452,68.82516309333555
23,21,121.226,50.4058564964245,242.452,242.45200000000003
23,22,121.226,86.16698579018912,242.452,86.16698579018912
23,23,121.226,63.04149921855449,242.452,242.45200000000003
23,24,121.226,68.33140945670318,242.452,68.33140945670318
23,25,121.226,67.238819811281,242.452,67.238819811281
23,26,121.226,81.98422671000796,242.452,81.98422671000796
23,27,121.226,52.25947360468643,242.452,242.45200000000003
23,28,121.226,76.12893178494326,242.452,76.12893178494326
23,29,121.226,48.60810047609893,242.452,242.45200000000003
23,30,121.226,98.43264334041166,242.452,98.43264334041166
23,31,121.226,78.62821453520367,242.452,78.62821453520367
23,32,121.226,67.59280982798171,242.452,67.59280982798171
23,33,121.226,55.37034444901955,242.452,242.45200000000003
23,34,121.226,83.69765878488397,242.452,83.69765878488397
23,35,121.226,94.4558869930538,242.452,94.4558869930538
23,36,121.226,64.194055875729,242.452,64.194055875729
23,37,121.226,87.28221351263859,242.452,87.28221351263859
23,38,121.226,62.617852270304844,242.452,242.45200000000003
23,39,121.226,97.10344732954226,242.452,97.10344732954226
23,40,121.226,83.97764284589424,242.452,83.97764284589424
23,41,121.226,79.9973029247105,242.452,79.9973029247105
23,42,121.226,95.73939287936741,242.452,95.73939287936741
23,43,121.226,61.6675306043758,242.452,242.45200000000003
23,44,121.226,95.37282201057847,242.452,95.37282201057847
23,45,121.226,82.72984644391212,242.452,82.72984644391212
23,46,121.226,87.53299822081769,242.452,87.53299822081769
23,47,121.226,77.24864674370852,242.452,77.24864674370852
23,48,121.226,90.75341965379053,242.452,90.75341965379053
23,49,121.226,83.7699264091366,242.452,83.7699264091366
23,50,121.226,55.3631752718966,242.452,242.45200000000003
23,51,121.226,79.35084843531685,242.452,79.35084843531685
23,52,121.226,62.19676272155617,242.452,62.196762721556176
23,53,121.226,94.97442720818142,242.452,94.97442720818142
23,54,121.226,58.02137708750124,242.452,242.45200000000003
23,55,121.226,62.52611377965913,242.452,242.45200000000003
23,56,121.226,50.26783606829871,242.452,242.45200000000003
23,57,121.226,70.86074528545547,242.452,70.86074528545547
23,58,121.226,76.5253117787909,242.452,76.5253117787909
23,59,121.226,77.3478072640598,242.452,77.3478072640598
23,60,121.226,94.43369204888349,242.452,94.43369204888349
23,61,121.226,65.70303822776876,242.452,65.70303822776876
23,62,121.226,70.85813132191292,242.452,70.85813132191292
23,63,121.226,91.64592971752711,242.452,91.64592971752711
23,64,121.226,77.51609448202343,242.452,77.51609448202343
23,65,121.226,81.48940420272427,242.452,81.48940420272427
23,66,121.226,62.147278640664126,242.452,62.147278640664126
23,67,121.226,72.91487226331823,242.452,72.91487226331823
23,68,121.226,79.78808034129368,242.452,79.78808034129368
23,69,121.226,54.6827254002387,242.452,242.45200000000003
23,70,121.226,49.50853563478279,242.452,242.45200000000003
23,71,121.226,53.653759270228505,242.452,242.45200000000003
23,72,121.226,72.39942574288142,242.452,72.39942574288142
23,73,121.226,49.0511846196096,242.452,242.45200000000003
23,74,121.226,80.05875017913382,242.452,80.05875017913382
23,75,121.226,52.83872416482454,242.452,242.45200000000003
23,76,121.226,60.73651150008494,242.452,242.45200000000003
23,77,121.226,69.7749747680284,242.452,69.7749747680284
23,78,121.226,53.77815084139818,242.452,242.45200000000003
23,79,121.226,61.74526326461914,242.452,242.45200000000003
23,80,121.226,48.89943451364615,242.452,242.45200000000003
23,81,121.226,98.5359656465103,242.452,98.5359656465103
23,82,121.226,79.30514822938768,242.452,79.30514822938768
23,83,121.226,67.29619586930465,242.452,67.29619586930465
23,84,121.226,49.179997855379256,242.452,242.45200000000003
23,85,121.226,67.8875768313247,242.452,67.8875768313247
23,86,121.226,71.11714878989028,242.452,71.11714878989028
23,87,121.226,95.75321645332178,242.452,95.75321645332178
23,88,121.226,62.15473681628522,242.452,242.45200000000003
23,89,121.226,79.47034913566125,242.452,79.47034913566125
23,90,121.226,82.06484891414631,242.452,82.06484891414631
23,91,121.226,57.38950225675308,242.452,242.45200000000003
23,92,121.226,73.85676636600937,242.452,73.85676636600937
23,93,121.226,88.31249728118377,242.452,88.31249728118377
23,94,121.226,52.787047640787875,242.452,242.45200000000003
23,95,121.226,79.01996957331622,242.452,79.01996957331622
23,96,121.226,49.15587805399075,242.452,242.45200000000003
23,97,121.226,48.176849902428415,242.452,242.45200000000003
23,98,121.226,50.879247038856555,242.452,242.45200000000003
23,99,121.226,72.6022724425022,242.452,72.6022724425022
