t,s,P_DA,P_RT,P_PN,P_IN
0,0,106.722,51.93312283987535,213.444,213.44400000000002
0,1,106.722,81.2153110833364,213.444,213.44400000000002
0,2,106.722,51.243698416029176,213.444,213.44400000000002
0,3,106.722,83.37641121397151,213.444,213.44400000000002
0,4,106.722,63.958453398723655,213.444,213.44400000000002
0,5,106.722,69.52532979705695,213.444,213.44400000000002
0,6,106.722,76.48384183394097,213.444,213.44400000000002
0,7,106.722,65.3128725969278,213.444,213.44400000000002
0,8,106.722,55.30970707045375,213.444,213.44400000000002
0,9,106.722,50.386187538177424,213.444,213.44400000000002
0,10,106.722,45.55742485910699,213.444,213.44400000000002
0,11,106.722,75.24403645263263,213.444,213.44400000000002
0,12,106.722,61.83240834071794,213.444,213.44400000000002
0,13,106.722,49.05864467662807,213.444,213.44400000000002
0,14,106.722,81.63078546479608,213.444,213.44400000000002
0,15,106.722,54.28446171851705,213.444,213.44400000000002
0,16,106.722,60.610357920493655,213.444,213.44400000000002
0,17,106.722,55.27718269917811,213.444,213.44400000000002
0,18,106.722,70.29464821139393,213.444,213.44400000000002
0,19,106.722,68.08518384143397,213.444,213.44400000000002
0,20,106.722,68.99205029646181,213.444,213.44400000000002
0,21,106.722,53.911297955824615,213.444,213.44400000000002
0,22,106.722,54.76288849342314,213.444,213.44400000000002
0,23,106.722,53.35923035079651,213.444,213.44400000000002
0,24,106.722,56.698279104053135,213.444,213.44400000000002
0,25,106.722,48.42015512815503,213.444,213.44400000000002
0,26,106.722,49.388280455492485,213.444,213.44400000000002
0,27,106.722,85.42200643904192,213.444,213.44400000000002
0,28,106.722,85.25482711144386,213.444,213.44400000000002
0,29,106.722,50.417486803068776,213.444,213.44400000000002
0,30,106.722,43.010127142005665,213.444,213.44400000000002
0,31,106.722,51.14603943199387,213.444,213.44400000000002
0,32,106.722,73.50189504495461,213.444,213.44400000000002
0,33,106.722,77.09800981088038,213.444,213.44400000000002
0,34,106.722,42.94813275750686,213.444,213.44400000000002
0,35,106.722,67.98701286300728,213.444,213.44400000000002
0,36,106.722,41.98712287620511,213.444,213.44400000000002
0,37,106.722,65.17992693531312,213.444,213.44400000000002
0,38,106.722,70.79148408003205,213.444,213.44400000000002
0,39,106.722,86.40120448663444,213.444,213.44400000000002
0,40,106.722,53.60790813979242,213.444,213.44400000000002
0,41,106.722,78.13536364063981,213.444,213.44400000000002
0,42,106.722,81.20406205822341,213.444,213.44400000000002
0,43,106.722,83.56322030540524,213.444,213.44400000000002
0,44,106.722,42.01294308140095,213.444,213.44400000000002
0,45,106.722,63.10433275051191,213.444,213.44400000000002
0,46,106.722,86.2136299069177,213.444,213.44400000000002
0,47,106.722,59.9202023018248,213.444,213.44400000000002
0,48,106.722,78.6425054356467,213.444,213.44400000000002
0,49,106.722,66.57844898409897,213.444,213.44400000000002
0,50,106.722,76.70710022771657,213.444,213.44400000000002
0,51,106.722,63.80137123414442,213.444,213.44400000000002
0,52,106.722,43.227010888846515,213.444,213.44400000000002
0,53,106.722,45.81851665323252,213.444,213.44400000000002
0,54,106.722,46.943699302677025,213.444,213.44400000000002
0,55,106.722,53.25346993292331,213.444,213.44400000000002
0,56,106.722,85.46645578301582,213.444,213.44400000000002
0,57,106.722,70.42907291981228,213.444,213.44400000000002
0,58,106.722,78.77465438546518,213.444,213.44400000000002
0,59,106.722,67.46428660240767,213.444,213.44400000000002
0,60,106.722,70.59112192490419,213.444,213.44400000000002
0,61,106.722,78.55990068474028,213.444,213.44400000000002
0,62,106.722,83.74074448754085,213.444,213.44400000000002
0,63,106.722,83.1063044353564,213.444,213.44400000000002
0,64,106.722,79.14254493541222,213.444,213.44400000000002
0,65,106.722,46.16503596865183,213.444,213.44400000000002
0,66,106.722,58.209670237156224,213.444,213.44400000000002
0,67,106.722,43.51577389803001,213.444,213.44400000000002
0,68,106.722,66.57401880565168,213.444,213.44400000000002
0,69,106.722,77.84855523302522,213.444,213.44400000000002
0,70,106.722,44.22143663764728,213.444,213.44400000000002
0,71,106.722,50.42891010339627,213.444,213.44400000000002
0,72,106.722,58.409598123925846,213.444,213.44400000000002
0,73,106.722,52.93957565348426,213.444,213.44400000000002
0,74,106.722,77.80092442581147,213.444,213.44400000000002
0,75,106.722,57.80553619991241,213.444,213.44400000000002
0,76,106.722,70.7500710795958,213.444,213.44400000000002
0,77,106.722,64.18431315246804,213.444,213.44400000000002
0,78,106.722,68.25047281688786,213.444,213.44400000000002
0,79,106.722,84.31022710343383,213.444,213.44400000000002
0,80,106.722,84.50164126195708,213.444,213.44400000000002
0,81,106.722,46.95446967751003,213.444,213.44400000000002
0,82,106.722,79.98860539416071,213.444,213.44400000000002
0,83,106.722,57.53169930335856,213.444,213.44400000000002
0,84,106.722,46.46404837114528,213.444,213.44400000000002
0,85,106.722,59.21896450807647,213.444,213.44400000000002
0,86,106.722,64.94892374556298,213.444,213.44400000000002
0,87,106.722,85.29438374166638,213.444,213.44400000000002
0,88,106.722,58.681993495953755,213.444,213.44400000000002
0,89,106.722,42.471319082898546,213.444,213.44400000000002
0,90,106.722,80.71765588928501,213.444,213.44400000000002
0,91,106.722,46.92821444898421,213.444,213.44400000000002
0,92,106.722,63.50382622374259,213.444,213.44400000000002
0,93,106.722,80.27861410489504,213.444,213.44400000000002
0,94,106.722,65.14676721173788,213.444,213.44400000000002
0,95,106.722,62.07157188337776,213.444,213.44400000000002
0,96,106.722,78.04416577852777,213.444,213.44400000000002
0,97,106.722,42.83340721758175,213.444,213.44400000000002
0,98,106.722,67.75933199882601,213.444,213.44400000000002
0,99,106.722,60.481653910327246,213.444,213.44400000000002
1,0,93.12799999999999,121.08414689238039,242.16829378476078,121.08414689238039
1,1,93.12799999999999,109.45884906074068,218.91769812148135,109.45884906074068
1,2,93.12799999999999,62.16686155549917,186.25599999999997,186.25599999999997
1,3,93.12799999999999,70.804481110648,186.25599999999997,186.25599999999997
1,4,93.12799999999999,87.37801664110312,186.25599999999997,186.25599999999997
1,5,93.12799999999999,103.22912253198017,206.45824506396033,103.22912253198018
1,6,93.12799999999999,79.76192194599281,186.25599999999997,186.25599999999997
1,7,93.12799999999999,81.52942815345041,186.25599999999997,186.25599999999997
1,8,93.12799999999999,117.05585707794049,234.11171415588097,117.05585707794049
1,9,93.12799999999999,119.09068078695215,238.1813615739043,238.1813615739043
1,10,93.12799999999999,84.54766285343166,186.25599999999997,186.25599999999997
1,11,93.12799999999999,115.60696554043766,231.2139310808753,231.2139310808753
1,12,93.12799999999999,79.64835518655332,186.25599999999997,186.25599999999997
1,13,93.12799999999999,63.98760617140042,186.25599999999997,186.25599999999997
1,14,93.12799999999999,92.07904523026745,186.25599999999997,92.07904523026745
1,15,93.12799999999999,100.56551773329039,201.13103546658078,201.13103546658078
1,16,93.12799999999999,115.2534737010199,230.5069474020398,115.2534737010199
1,17,93.12799999999999,119.8200197432628,239.6400394865256,119.82001974326282
1,18,93.12799999999999,107.46775176083871,214.93550352167742,214.93550352167742
1,19,93.12799999999999,106.78229084097367,213.56458168194735,213.56458168194737
1,20,93.12799999999999,103.67879475278147,207.35758950556294,103.67879475278147
1,21,93.12799999999999,103.14122225166004,206.28244450332008,103.14122225166005
1,22,93.12799999999999,107.30316257465584,214.6063251493117,107.30316257465584
1,23,93.12799999999999,120.40161165662391,240.80322331324783,120.40161165662391
1,24,93.12799999999999,82.3982363732492,186.25599999999997,82.3982363732492
1,25,93.12799999999999,64.00759214849992,186.25599999999997,1619.2094453919935
1,26,93.12799999999999,73.91510132371613,186.25599999999997,73.91510132371613
1,27,93.12799999999999,72.76622862201184,186.25599999999997,72.76622862201184
1,28,93.12799999999999,81.75825777196084,186.25599999999997,81.75825777196084
1,29,93.12799999999999,110.02277352278418,220.04554704556836,110.02277352278418
1,30,93.12799999999999,62.55497628835512,186.25599999999997,186.25599999999997
1,31,93.12799999999999,87.20874582380235,186.25599999999997,87.20874582380235
1,32,93.12799999999999,110.20349704349765,220.4069940869953,220.40699408699533
1,33,93.12799999999999,75.47146186250737,186.25599999999997,75.47146186250737
1,34,93.12799999999999,62.764078359990414,186.25599999999997,7186.046917584126
1,35,93.12799999999999,74.07120806754895,186.25599999999997,74.07120806754895
1,36,93.12799999999999,64.13514968443108,186.25599999999997,186.25599999999997
1,37,93.12799999999999,109.8622653178691,219.7245306357382,219.72453063573823
1,38,93.12799999999999,69.52463421434418,186.25599999999997,186.25599999999997
1,39,93.12799999999999,71.11241657715806,186.25599999999997,186.25599999999997
1,40,93.12799999999999,110.29660078386037,220.59320156772074,110.29660078386037
1,41,93.12799999999999,110.0209574310063,220.0419148620126,220.04191486201262
1,42,93.12799999999999,96.04343545217681,192.08687090435362,192.08687090435362
1,43,93.12799999999999,116.6296425964835,233.259285192967,116.62964259648352
1,44,93.12799999999999,62.53760602931068,186.25599999999997,62.53760602931068
1,45,93.12799999999999,119.80983885175591,239.61967770351183,239.61967770351183
1,46,93.12799999999999,94.87931534947198,189.75863069894396,189.75863069894396
1,47,93.12799999999999,77.89349744269639,186.25599999999997,77.89349744269639
1,48,93.12799999999999,110.99663048277509,221.99326096555018,221.99326096555018
1,49,93.12799999999999,100.47522159108678,200.95044318217356,100.47522159108678
1,50,93.12799999999999,121.17049062904711,242.34098125809422,121.1704906290471
1,51,93.12799999999999,65.5536491969351,186.25599999999997,186.25599999999997
1,52,93.12799999999999,95.50844850899163,191.01689701798327,191.01689701798327
1,53,93.12799999999999,88.6693544553561,186.25599999999997,186.25599999999997
1,54,93.12799999999999,100.02304859958524,200.04609719917048,200.04609719917048
1,55,93.12799999999999,74.05547749942399,186.25599999999997,186.25599999999997
1,56,93.12799999999999,60.72223280118083,186.25599999999997,60.72223280118083
1,57,93.12799999999999,93.1872408515281,186.3744817030562,186.3744817030562
1,58,93.12799999999999,81.82851386112323,186.25599999999997,81.82851386112323
1,59,93.12799999999999,115.21228242325883,230.42456484651765,115.21228242325883
1,60,93.12799999999999,87.81628590014039,186.25599999999997,186.25599999999997
1,61,93.12799999999999,85.24165364610616,186.25599999999997,186.25599999999997
1,62,93.12799999999999,98.79777080549752,197.59554161099504,98.79777080549752
1,63,93.12799999999999,92.10823054676632,186.25599999999997,92.10823054676632
1,64,93.12799999999999,119.57032268966806,239.14064537933612,119.57032268966807
1,65,93.12799999999999,108.6748193967741,217.3496387935482,108.6748193967741
1,66,93.12799999999999,90.17948968177625,186.25599999999997,186.25599999999997
1,67,93.12799999999999,72.11188483715165,186.25599999999997,186.25599999999997
1,68,93.12799999999999,96.9678560040155,193.935712008031,96.9678560040155
1,69,93.12799999999999,106.11646011399588,212.23292022799177,106.11646011399588
1,70,93.12799999999999,106.57758776009302,213.15517552018605,106.57758776009302
1,71,93.12799999999999,121.61355701848717,243.22711403697434,121.61355701848717
1,72,93.12799999999999,72.57736304952218,186.25599999999997,186.25599999999997
1,73,93.12799999999999,85.68349679599712,186.25599999999997,186.25599999999997
1,74,93.12799999999999,85.57038349726349,186.25599999999997,186.25599999999997
1,75,93.12799999999999,78.91396883360791,186.25599999999997,78.91396883360791
1,76,93.12799999999999,81.867922202589,186.25599999999997,81.867922202589
1,77,93.12799999999999,88.99287400150693,186.25599999999997,186.25599999999997
1,78,93.12799999999999,93.05171579169192,186.25599999999997,186.25599999999997
1,79,93.12799999999999,75.5342195931422,186.25599999999997,186.25599999999997
1,80,93.12799999999999,67.25403321724588,186.25599999999997,186.25599999999997
1,81,93.12799999999999,77.85350860431673,186.25599999999997,77.85350860431673
1,82,93.12799999999999,67.38793992483116,186.25599999999997,67.38793992483116
1,83,93.12799999999999,78.8540986950965,186.25599999999997,186.25599999999997
1,84,93.12799999999999,101.72581801264712,203.45163602529425,101.72581801264712
1,85,93.12799999999999,96.80062904438444,193.60125808876887,96.80062904438444
1,86,93.12799999999999,121.84902114894065,243.6980422978813,243.6980422978813
1,87,93.12799999999999,94.24275935503938,188.48551871007876,188.48551871007876
1,88,93.12799999999999,93.47157537105119,186.94315074210238,93.47157537105119
1,89,93.12799999999999,99.39531153327266,198.79062306654532,99.39531153327266
1,90,93.12799999999999,104.73798848729908,209.47597697459815,104.73798848729908
1,91,93.12799999999999,97.71632570098568,195.43265140197136,195.43265140197136
1,92,93.12799999999999,95.98814753954761,191.97629507909522,95.98814753954761
1,93,93.12799999999999,97.03240435172353,194.06480870344706,194.06480870344706
1,94,93.12799999999999,81.20055709785285,186.25599999999997,81.20055709785285
1,95,93.12799999999999,107.9390849927068,215.8781699854136,107.9390849927068
1,96,93.12799999999999,97.00703232673975,194.0140646534795,97.00703232673975
1,97,93.12799999999999,78.31822080124128,186.25599999999997,186.25599999999997
1,98,93.12799999999999,74.29413596845758,186.25599999999997,74.29413596845758
1,99,93.12799999999999,63.261712774228236,186.25599999999997,186.25599999999997
2,0,86.03,67.33113159618227,172.06,172.06
2,1,86.03,49.66450740549669,172.06,172.06
2,2,86.03,57.725129094151114,172.06,172.06
2,3,86.03,52.171334444997164,172.06,172.06
2,4,86.03,63.660801445887,172.06,172.06
2,5,86.03,67.36293366702166,172.06,172.06
2,6,86.03,80.17659210216871,172.06,80.17659210216871
2,7,86.03,89.87246142396074,179.7449228479215,89.87246142396074
2,8,86.03,81.94557818561276,172.06,172.06
2,9,86.03,57.41066266400861,172.06,57.41066266400862
2,10,86.03,96.13708262438153,192.27416524876307,96.13708262438153
2,11,86.03,87.5289896889114,175.0579793778228,5590.154059400664
2,12,86.03,75.246418708948,172.06,172.06
2,13,86.03,82.94189447062028,172.06,172.06
2,14,86.03,75.86402447726354,172.06,172.06
2,15,86.03,57.86051569225877,172.06,172.06
2,16,86.03,82.82712895316894,172.06,82.82712895316894
2,17,86.03,101.1174163211237,202.2348326422474,202.2348326422474
2,18,86.03,89.62536969048827,179.25073938097654,179.25073938097654
2,19,86.03,58.56073439699614,172.06,445.13303667031846
2,20,86.03,55.305113042695375,172.06,172.06
2,21,86.03,98.06681473166479,196.13362946332958,98.06681473166479
2,22,86.03,96.99882256780629,193.99764513561257,96.99882256780629
2,23,86.03,88.50988261902673,177.01976523805345,177.01976523805345
2,24,86.03,89.10848637039017,178.21697274078034,178.21697274078034
2,25,86.03,56.52410914414093,172.06,172.06
2,26,86.03,91.82075649692929,183.64151299385858,183.64151299385858
2,27,86.03,59.13038655869387,172.06,172.06
2,28,86.03,57.150273691760816,172.06,172.06
2,29,86.03,70.46212476137708,172.06,172.06
2,30,86.03,49.006907893781396,172.06,172.06
2,31,86.03,93.5919302652371,187.1838605304742,93.5919302652371
2,32,86.03,57.487237481788476,172.06,57.487237481788476
2,33,86.03,87.98581924836772,175.97163849673544,175.97163849673544
2,34,86.03,79.7381198514717,172.06,79.7381198514717
2,35,86.03,89.62171060175918,179.24342120351835,179.24342120351835
2,36,86.03,80.63929784514939,172.06,172.06
2,37,86.03,99.70884542685765,199.4176908537153,199.4176908537153
2,38,86.03,69.02188561889227,172.06,172.06
2,39,86.03,75.2064479340137,172.06,172.06
2,40,86.03,66.83573556500932,172.06,172.06
2,41,86.03,88.17046180619556,176.34092361239112,176.34092361239112
2,42,86.03,64.83934290190864,172.06,172.06
2,43,86.03,91.12661168257503,182.25322336515006,182.25322336515006
2,44,86.03,53.520981779395754,172.06,172.06
2,45,86.03,61.41912389972304,172.06,172.06
2,46,86.03,72.10227174869694,172.06,172.06
2,47,86.03,55.63624681131863,172.06,172.06
2,48,86.03,59.69764356046288,172.06,59.69764356046288
2,49,86.03,93.3822255517612,186.7644511035224,186.7644511035224
2,50,86.03,68.63435145641459,172.06,172.06
2,51,86.03,60.52324474739454,172.06,172.06
2,52,86.03,93.62437487065493,187.24874974130987,187.24874974130987
2,53,86.03,79.34055084064015,172.06,172.06
2,54,86.03,82.41836828309621,172.06,172.06
2,55,86.03,95.88205957758821,191.76411915517642,191.76411915517642
2,56,86.03,86.65155899261345,173.3031179852269,86.65155899261345
2,57,86.03,62.972705054200134,172.06,62.97270505420014
2,58,86.03,49.49886933042289,172.06,172.06
2,59,86.03,77.9736073521636,172.06,172.06
2,60,86.03,86.31219538809381,172.62439077618762,86.31219538809381
2,61,86.03,91.49106032367527,182.98212064735054,182.98212064735054
2,62,86.03,59.044767355936386,172.06,172.06
2,63,86.03,82.44462961382332,172.06,172.06
2,64,86.03,98.4999901595297,196.9999803190594,98.4999901595297
2,65,86.03,62.60730951866273,172.06,172.06
2,66,86.03,64.41649060778282,172.06,172.06
2,67,86.03,71.44152271812833,172.06,172.06
2,68,86.03,79.11918786229931,172.06,172.06
2,69,86.03,101.21700654426247,202.43401308852495,202.43401308852492
2,70,86.03,80.01712988493136,172.06,172.06
2,71,86.03,95.8277670284986,191.6555340569972,191.6555340569972
2,72,86.03,83.60507967502973,172.06,172.06
2,73,86.03,73.92811843876724,172.06,172.06
2,74,86.03,65.10589555667765,172.06,172.06
2,75,86.03,67.46040279419304,172.06,172.06
2,76,86.03,89.98436315964493,179.96872631928986,179.96872631928986
2,77,86.03,58.351183332285316,172.06,172.06
2,78,86.03,56.263476670907046,172.06,172.06
2,79,86.03,60.2258776709401,172.06,172.06
2,80,86.03,84.27518112524585,172.06,172.06
2,81,86.03,68.58014536272097,172.06,172.06
2,82,86.03,59.88073993341402,172.06,172.06
2,83,86.03,66.4329915658712,172.06,172.06
2,84,86.03,53.29306909608043,172.06,172.06
2,85,86.03,72.01610507866836,172.06,172.06
2,86,86.03,91.78233989054017,183.56467978108034,183.56467978108034
2,87,86.03,72.50445247407646,172.06,172.06
2,88,86.03,72.58451823140157,172.06,172.06
2,89,86.03,50.43897013006057,172.06,172.06
2,90,86.03,63.70415217547613,172.06,63.70415217547614
2,91,86.03,52.952321790644824,172.06,52.95232179064483
2,92,86.03,51.50514243976317,172.06,172.06
2,93,86.03,94.54509363291366,189.09018726582732,189.09018726582732
2,94,86.03,86.67047328378553,173.34094656757105,173.34094656757105
2,95,86.03,92.79638001354023,185.59276002708046,185.59276002708046
2,96,86.03,55.998142546626084,172.06,172.06
2,97,86.03,68.25736506609293,172.06,172.06
2,98,86.03,97.16342367674244,194.32684735348488,194.32684735348488
2,99,86.03,71.85005040672695,172.06,172.06
3,0,82.964,89.17175895164273,178.34351790328546,178.34351790328546
3,1,82.964,90.88939571058364,181.77879142116728,90.88939571058364
3,2,82.964,44.9738749560113,165.928,165.928
3,3,82.964,65.47622027635492,165.928,165.928
3,4,82.964,72.6986499524885,165.928,165.928
3,5,82.964,61.43160824704297,165.928,165.928
3,6,82.964,62.739901778395875,165.928,165.928
3,7,82.964,61.767958055934045,165.928,165.928
3,8,82.964,55.76672383875786,165.928,165.928
3,9,82.964,45.908244794582124,165.928,165.928
3,10,82.964,79.81957493499698,165.928,165.928
3,11,82.964,92.67587151606484,185.3517430321297,185.3517430321297
3,12,82.964,46.499991486980775,165.928,165.928
3,13,82.964,85.97111886785876,171.94223773571753,171.94223773571753
3,14,82.964,70.83234248612196,165.928,165.928
3,15,82.964,45.59482092642551,165.928,165.928
3,16,82.964,47.96554470745045,165.928,165.928
3,17,82.964,69.92556190274445,165.928,165.928
3,18,82.964,49.68450564804301,165.928,165.928
3,19,82.964,58.890944959847396,165.928,165.928
3,20,82.964,57.873190462399,165.928,165.928
3,21,82.964,91.33364418330393,182.66728836660786,182.66728836660786
3,22,82.964,67.24289253824233,165.928,165.928
3,23,82.964,58.37077342534213,165.928,165.928
3,24,82.964,89.777240217933,179.554480435866,179.554480435866
3,25,82.964,91.14709668545996,182.2941933709199,182.2941933709199
3,26,82.964,79.25286299877374,165.928,165.928
3,27,82.964,51.238755689848944,165.928,165.928
3,28,82.964,87.45236375876759,174.90472751753518,174.90472751753518
3,29,82.964,65.8768056540546,165.928,165.928
3,30,82.964,82.46186609943791,165.928,82.46186609943791
3,31,82.964,79.35331801662929,165.928,165.928
3,32,82.964,76.06750585711417,165.928,165.928
3,33,82.964,81.54071608354506,165.928,165.928
3,34,82.964,83.69794745271105,167.3958949054221,83.69794745271105
3,35,82.964,66.85792542996218,165.928,165.928
3,36,82.964,67.9620537621036,165.928,165.928
3,37,82.964,49.33950145988779,165.928,165.928
3,38,82.964,62.49130644525282,165.928,165.928
3,39,82.964,87.2713152987712,174.5426305975424,87.2713152987712
3,40,82.964,55.24922205345121,165.928,165.928
3,41,82.964,80.67228514897904,165.928,165.928
3,42,82.964,83.44784499851585,166.8956899970317,166.8956899970317
3,43,82.964,54.10925959727895,165.928,165.928
3,44,82.964,81.42671681759067,165.928,165.928
3,45,82.964,76.26863201286002,165.928,165.928
3,46,82.964,91.56705483107775,183.1341096621555,91.56705483107775
3,47,82.964,63.32955390884253,165.928,165.928
3,48,82.964,81.04907352662991,165.928,165.928
3,49,82.964,85.24279763537483,170.48559527074966,170.48559527074966
3,50,82.964,62.8861289773646,165.928,165.928
3,51,82.964,55.41350394485629,165.928,165.928
3,52,82.964,62.36529005327718,165.928,165.928
3,53,82.964,76.05143391795596,165.928,165.928
3,54,82.964,57.03414133515354,165.928,165.928
3,55,82.964,85.94229858850856,171.88459717701713,171.88459717701713
3,56,82.964,58.852186018631045,165.928,165.928
3,57,82.964,81.399401778758,165.928,165.928
3,58,82.964,60.09545114790234,165.928,165.928
3,59,82.964,68.90953660482009,165.928,165.928
3,60,82.964,86.696598327687,173.393196655374,86.696598327687
3,61,82.964,67.99937563726944,165.928,165.928
3,62,82.964,74.67403711712996,165.928,165.928
3,63,82.964,61.14212173275321,165.928,165.928
3,64,82.964,67.19032975147486,165.928,165.928
3,65,82.964,47.60955527664074,165.928,165.928
3,66,82.964,69.65226015722878,165.928,165.928
3,67,82.964,66.256430161749,165.928,165.928
3,68,82.964,59.034517954217016,165.928,165.928
3,69,82.964,52.969945095729194,165.928,165.928
3,70,82.964,61.03899911321691,165.928,165.928
3,71,82.964,58.83578894343885,165.928,165.928
3,72,82.964,62.09094408597008,165.928,165.928
3,73,82.964,83.55000967130317,167.10001934260634,83.55000967130317
3,74,82.964,87.72651104666238,175.45302209332476,175.45302209332476
3,75,82.964,88.66110334751123,177.32220669502246,88.66110334751123
3,76,82.964,64.92918496162211,165.928,165.928
3,77,82.964,87.86347237331037,175.72694474662075,175.72694474662075
3,78,82.964,72.88932969118342,165.928,165.928
3,79,82.964,92.58427384128086,185.16854768256172,92.58427384128086
3,80,82.964,50.632028263889495,165.928,165.928
3,81,82.964,81.05299596510389,165.928,165.928
3,82,82.964,72.94660517329244,165.928,165.928
3,83,82.964,69.40216357702528,165.928,165.928
3,84,82.964,81.11955586248463,165.928,165.928
3,85,82.964,84.72957361296007,169.45914722592013,169.45914722592016
3,86,82.964,84.62406657174817,169.24813314349635,169.24813314349635
3,87,82.964,61.20516459541367,165.928,165.928
3,88,82.964,62.96328714324883,165.928,165.928
3,89,82.964,73.28403961555895,165.928,165.928
3,90,82.964,46.71784519350907,165.928,165.928
3,91,82.964,83.83621060182332,167.67242120364665,83.83621060182332
3,92,82.964,72.83861796390404,165.928,165.928
3,93,82.964,65.98474281160684,165.928,165.928
3,94,82.964,75.34473394438768,165.928,165.928
3,95,82.964,90.6000552740263,181.2001105480526,181.2001105480526
3,96,82.964,83.33153578817046,166.6630715763409,83.33153578817046
3,97,82.964,76.2110875165081,165.928,165.928
3,98,82.964,54.63703665078038,165.928,165.928
3,99,82.964,91.3880021367453,182.7760042734906,91.3880021367453
4,0,82.726,67.50550389902152,165.452,165.452
4,1,82.726,94.08946583412444,188.17893166824888,94.08946583412444
4,2,82.726,73.35161090157999,165.452,165.452
4,3,82.726,82.1434672584016,165.452,165.452
4,4,82.726,93.17446854919467,186.34893709838934,186.34893709838934
4,5,82.726,50.639045902852416,165.452,165.452
4,6,82.726,62.76630954570315,165.452,165.452
4,7,82.726,56.76052199957045,165.452,165.452
4,8,82.726,50.03257566388316,165.452,165.452
4,9,82.726,65.18095972184878,165.452,165.452
4,10,82.726,94.61098475382613,189.22196950765226,94.61098475382613
4,11,82.726,60.609805009312346,165.452,165.452
4,12,82.726,53.44314765561462,165.452,165.452
4,13,82.726,95.96779047712249,191.93558095424498,95.96779047712249
4,14,82.726,72.95429862896282,165.452,165.452
4,15,82.726,71.85014665508001,165.452,165.452
4,16,82.726,82.9355883253612,165.8711766507224,165.8711766507224
4,17,82.726,89.56656760855357,179.13313521710714,179.13313521710714
4,18,82.726,59.28559184526915,165.452,165.452
4,19,82.726,58.02574584326229,165.452,165.452
4,20,82.726,69.4236645687481,165.452,165.452
4,21,82.726,91.13188590902655,182.2637718180531,91.13188590902655
4,22,82.726,95.21235174365933,190.42470348731865,95.21235174365933
4,23,82.726,57.4126383636129,165.452,165.452
4,24,82.726,83.01832030747758,166.03664061495516,166.03664061495516
4,25,82.726,70.52011669607059,165.452,165.452
4,26,82.726,92.69767676059178,185.39535352118355,92.69767676059178
4,27,82.726,62.81066328176308,165.452,165.452
4,28,82.726,61.50706160833072,165.452,165.452
4,29,82.726,48.768662146952025,165.452,165.452
4,30,82.726,92.35086381358855,184.7017276271771,184.7017276271771
4,31,82.726,56.163611698778354,165.452,165.452
4,32,82.726,61.934323332618554,165.452,165.452
4,33,82.726,60.28219759252871,165.452,165.452
4,34,82.726,94.9522587833377,189.9045175666754,94.9522587833377
4,35,82.726,51.83157302822429,165.452,165.452
4,36,82.726,64.91673064581293,165.452,165.452
4,37,82.726,82.55530570325733,165.452,82.55530570325733
4,38,82.726,56.13823341550498,165.452,165.452
4,39,82.726,77.28202197647849,165.452,165.452
4,40,82.726,69.43178661546219,165.452,165.452
4,41,82.726,48.317569587820515,165.452,165.452
4,42,82.726,78.76710762705636,165.452,165.452
4,43,82.726,65.4430731201777,165.452,165.452
4,44,82.726,58.49644981343446,165.452,165.452
4,45,82.726,97.67661646145268,195.35323292290536,97.67661646145268
4,46,82.726,90.69008400230453,181.38016800460906,181.38016800460906
4,47,82.726,70.66586439871475,165.452,165.452
4,48,82.726,64.1261011747262,165.452,165.452
4,49,82.726,48.36671276269578,165.452,165.452
4,50,82.726,84.99936448032821,169.99872896065642,169.99872896065642
4,51,82.726,61.307970275395235,165.452,165.452
4,52,82.726,73.89729100912976,165.452,165.452
4,53,82.726,79.76331802591048,165.452,165.452
4,54,82.726,86.27366395681933,172.54732791363867,172.54732791363867
4,55,82.726,55.75757843656168,165.452,165.452
4,56,82.726,52.32867053514929,165.452,165.452
4,57,82.726,87.35940581780895,174.7188116356179,174.7188116356179
4,58,82.726,50.2835914156204,165.452,165.452
4,59,82.726,68.50619841508862,165.452,68.50619841508862
4,60,82.726,49.49167749084364,165.452,165.452
4,61,82.726,58.30465711887942,165.452,165.452
4,62,82.726,57.36103962486339,165.452,165.452
4,63,82.726,90.73721633583754,181.4744326716751,181.4744326716751
4,64,82.726,85.76241467377008,171.52482934754016,171.52482934754016
4,65,82.726,60.197283695304876,165.452,165.452
4,66,82.726,77.71863415788249,165.452,165.452
4,67,82.726,73.0203745130804,165.452,165.452
4,68,82.726,52.32072182201788,165.452,165.452
4,69,82.726,66.00236851493527,165.452,165.452
4,70,82.726,86.1605288899882,172.3210577799764,172.3210577799764
4,71,82.726,54.250211891318955,165.452,165.452
4,72,82.726,59.952259079898724,165.452,165.452
4,73,82.726,65.93088936570568,165.452,165.452
4,74,82.726,47.849725617220706,165.452,165.452
4,75,82.726,87.32792146366081,174.65584292732163,174.65584292732163
4,76,82.726,67.91484537678197,165.452,165.452
4,77,82.726,80.4122458101457,165.452,80.4122458101457
4,78,82.726,74.63327330607538,165.452,74.63327330607538
4,79,82.726,87.63137796761659,175.26275593523317,175.26275593523317
4,80,82.726,81.44756840138895,165.452,165.452
4,81,82.726,68.10290517293365,165.452,165.452
4,82,82.726,53.9882364434837,165.452,165.452
4,83,82.726,69.39838938528762,165.452,165.452
4,84,82.726,47.91467506900549,165.452,165.452
4,85,82.726,51.65393097328456,165.452,165.452
4,86,82.726,90.2193919862439,180.4387839724878,180.43878397248784
4,87,82.726,74.15789656711544,165.452,165.452
4,88,82.726,88.12275694941876,176.24551389883752,176.24551389883752
4,89,82.726,85.56586213079296,171.13172426158593,171.13172426158593
4,90,82.726,74.72383639418041,165.452,165.452
4,91,82.726,84.95963310400246,169.91926620800493,169.91926620800493
4,92,82.726,96.0692769508517,192.1385539017034,96.0692769508517
4,93,82.726,96.30545799538123,192.61091599076246,96.30545799538123
4,94,82.726,60.6978076709521,165.452,165.452
4,95,82.726,94.25096219676372,188.50192439352745,188.50192439352745
4,96,82.726,71.81088001151764,165.452,165.452
4,97,82.726,58.33515817018108,165.452,58.33515817018108
4,98,82.726,68.68733575903285,165.452,165.452
4,99,82.726,77.60385870922792,165.452,165.452
5,0,85.946,109.58103963970606,219.16207927941213,219.16207927941213
5,1,85.946,110.44769868580588,220.89539737161175,220.89539737161178
5,2,85.946,89.73218074408294,179.46436148816588,89.73218074408294
5,3,85.946,104.64704820860067,209.29409641720133,209.29409641720133
5,4,85.946,87.8836935108315,175.767387021663,87.8836935108315
5,5,85.946,61.71559701510472,171.892,171.892
5,6,85.946,82.25402728643654,171.892,171.892
5,7,85.946,98.1360406268357,196.2720812536714,1137.5361181731596
5,8,85.946,101.47496886616297,202.94993773232594,101.47496886616297
5,9,85.946,96.85109267465685,193.7021853493137,193.7021853493137
5,10,85.946,56.11031764406963,171.892,171.892
5,11,85.946,97.12142918105033,194.24285836210066,97.12142918105033
5,12,85.946,115.06873438065591,230.13746876131182,230.13746876131185
5,13,85.946,68.82538398992745,171.892,171.892
5,14,85.946,98.98315010066251,197.96630020132503,98.98315010066253
5,15,85.946,67.90206059439846,171.892,67.90206059439846
5,16,85.946,102.19492818350072,204.38985636700144,204.38985636700147
5,17,85.946,112.40245918734635,224.8049183746927,224.8049183746927
5,18,85.946,68.5358302810384,171.892,171.892
5,19,85.946,105.9842245007662,211.9684490015324,211.96844900153243
5,20,85.946,74.02536846626323,171.892,171.892
5,21,85.946,109.08097430792002,218.16194861584003,218.16194861584
5,22,85.946,57.899119337018526,171.892,57.899119337018526
5,23,85.946,101.5161502867954,203.0323005735908,203.0323005735908
5,24,85.946,68.96754367103345,171.892,68.96754367103345
5,25,85.946,78.10296935102149,171.892,171.892
5,26,85.946,65.49166284241417,171.892,65.49166284241417
5,27,85.946,104.66329844842312,209.32659689684624,209.32659689684624
5,28,85.946,68.10492036108337,171.892,171.892
5,29,85.946,77.36091888875814,171.892,171.892
5,30,85.946,78.02524468757183,171.892,78.02524468757183
5,31,85.946,72.11232797171272,171.892,171.892
5,32,85.946,69.48367414368636,171.892,69.48367414368636
5,33,85.946,101.05670669084837,202.11341338169674,202.11341338169672
5,34,85.946,90.79372435969319,181.58744871938637,90.79372435969319
5,35,85.946,102.63948670598057,205.27897341196115,205.27897341196115
5,36,85.946,65.44624136990198,171.892,171.892
5,37,85.946,88.84526099330485,177.6905219866097,88.84526099330485
5,38,85.946,60.78882579477397,171.892,60.78882579477397
5,39,85.946,61.91662933082152,171.892,171.892
5,40,85.946,82.02695236966058,171.892,82.02695236966058
5,41,85.946,91.69006116531376,183.38012233062753,183.38012233062753
5,42,85.946,99.18966719449239,198.37933438898477,198.37933438898477
5,43,85.946,90.24544169730798,180.49088339461596,90.24544169730798
5,44,85.946,60.628795959653274,171.892,171.892
5,45,85.946,78.70642902757938,171.892,171.892
5,46,85.946,100.47293835280979,200.94587670561958,200.94587670561958
5,47,85.946,113.29198921130346,226.58397842260692,113.29198921130346
5,48,85.946,110.56540685566686,221.13081371133373,110.56540685566686
5,49,85.946,85.62131413198483,171.892,171.892
5,50,85.946,112.3861284299607,224.7722568599214,224.77225685992144
5,51,85.946,71.13927261411146,171.892,171.892
5,52,85.946,93.17730895489717,186.35461790979434,186.35461790979434
5,53,85.946,101.97362953777784,203.94725907555568,101.97362953777784
5,54,85.946,56.08462936441013,171.892,171.892
5,55,85.946,60.934423230384404,171.892,60.934423230384404
5,56,85.946,75.34723955300863,171.892,75.34723955300863
5,57,85.946,69.02711028748294,171.892,171.892
5,58,85.946,66.51951664423423,171.892,171.892
5,59,85.946,89.25378397358176,178.50756794716352,89.25378397358176
5,60,85.946,94.54652506029535,189.0930501205907,94.54652506029535
5,61,85.946,85.22562854292269,171.892,85.22562854292269
5,62,85.946,98.15969287349861,196.31938574699723,196.31938574699723
5,63,85.946,75.16576755369826,171.892,171.892
5,64,85.946,78.04774620214907,171.892,171.892
5,65,85.946,64.00173076029365,171.892,64.00173076029365
5,66,85.946,69.06293488834955,171.892,171.892
5,67,85.946,85.33338330980943,171.892,171.892
5,68,85.946,105.80724712790999,211.61449425581998,211.61449425581998
5,69,85.946,84.53377459612017,171.892,171.892
5,70,85.946,109.22998560083651,218.45997120167303,218.45997120167306
5,71,85.946,112.47300933428033,224.94601866856067,224.94601866856067
5,72,85.946,102.49448604088307,204.98897208176615,204.98897208176615
5,73,85.946,102.9500128533296,205.9000257066592,205.90002570665922
5,74,85.946,56.86628911496201,171.892,171.892
5,75,85.946,97.75558633574276,195.51117267148553,97.75558633574276
5,76,85.946,58.05258576882138,171.892,58.05258576882139
5,77,85.946,101.49468083522646,202.98936167045292,202.98936167045292
5,78,85.946,81.60237657018122,171.892,171.892
5,79,85.946,61.026108276361974,171.892,171.892
5,80,85.946,112.07942138686938,224.15884277373877,224.1588427737388
5,81,85.946,67.14952663772289,171.892,67.14952663772289
5,82,85.946,113.88486242775039,227.76972485550078,227.7697248555008
5,83,85.946,103.25480526191463,206.50961052382925,103.25480526191461
5,84,85.946,111.61246748514846,223.2249349702969,111.61246748514846
5,85,85.946,93.72524999454903,187.45049998909806,187.45049998909806
5,86,85.946,77.1921503172123,171.892,77.1921503172123
5,87,85.946,98.13329970258482,196.26659940516964,98.13329970258482
5,88,85.946,83.74603137570173,171.892,171.892
5,89,85.946,100.27440985918432,200.54881971836863,200.54881971836863
5,90,85.946,113.48490655512484,226.96981311024967,113.48490655512484
5,91,85.946,59.40442146501745,171.892,59.40442146501746
5,92,85.946,65.96477947228891,171.892,171.892
5,93,85.946,81.92964187420422,171.892,171.892
5,94,85.946,57.63828305307939,171.892,171.892
5,95,85.946,77.66381095769779,171.892,171.892
5,96,85.946,81.49675038913395,171.892,171.892
5,97,85.946,66.5057238822812,171.892,66.5057238822812
5,98,85.946,58.51488028307778,171.892,171.892
5,99,85.946,94.27324115902925,188.5464823180585,94.27324115902925
6,0,93.54799999999999,58.26598076233895,187.09599999999998,187.096
6,1,93.54799999999999,81.41027038703339,187.09599999999998,81.41027038703339
6,2,93.54799999999999,67.25373597565921,187.09599999999998,67.25373597565921
6,3,93.54799999999999,91.31120336318838,187.09599999999998,91.31120336318838
6,4,93.54799999999999,61.30903013424458,187.09599999999998,61.30903013424458
6,5,93.54799999999999,73.45089518568612,187.09599999999998,73.45089518568612
6,6,93.54799999999999,60.66464683320194,187.09599999999998,60.66464683320194
6,7,93.54799999999999,93.83633974670877,187.67267949341755,93.83633974670877
6,8,93.54799999999999,60.30339157057324,187.09599999999998,60.30339157057324
6,9,93.54799999999999,80.22244374961376,187.09599999999998,80.22244374961376
6,10,93.54799999999999,64.13240651609162,187.09599999999998,64.13240651609162
6,11,93.54799999999999,80.58492174531648,187.09599999999998,80.58492174531648
6,12,93.54799999999999,77.40506703822135,187.09599999999998,77.40506703822135
6,13,93.54799999999999,85.05905458829754,187.09599999999998,85.05905458829754
6,14,93.54799999999999,77.7236161408026,187.09599999999998,77.7236161408026
6,15,93.54799999999999,69.21802226349159,187.09599999999998,69.21802226349159
6,16,93.54799999999999,68.94165679726125,187.09599999999998,68.94165679726125
6,17,93.54799999999999,54.23434125437732,187.09599999999998,54.23434125437731
6,18,93.54799999999999,52.2947078123648,187.09599999999998,52.294707812364805
6,19,93.54799999999999,54.15368334335698,187.09599999999998,54.15368334335698
6,20,93.54799999999999,92.88433323374848,187.09599999999998,92.88433323374848
6,21,93.54799999999999,79.93348082357838,187.09599999999998,79.93348082357838
6,22,93.54799999999999,91.65099584912787,187.09599999999998,91.65099584912787
6,23,93.54799999999999,77.14595655986916,187.09599999999998,77.14595655986916
6,24,93.54799999999999,57.05633708996671,187.09599999999998,57.05633708996671
6,25,93.54799999999999,47.04341820313924,187.09599999999998,47.04341820313924
6,26,93.54799999999999,73.0960550530028,187.09599999999998,187.09599999999998
6,27,93.54799999999999,95.05694671408506,190.11389342817012,95.05694671408506
6,28,93.54799999999999,86.09408333820025,187.09599999999998,86.09408333820025
6,29,93.54799999999999,49.86362875133555,187.09599999999998,49.86362875133555
6,30,93.54799999999999,64.610166171846,187.09599999999998,64.610166171846
6,31,93.54799999999999,53.08635750451094,187.09599999999998,187.09599999999998
6,32,93.54799999999999,59.93598760385572,187.09599999999998,59.93598760385572
6,33,93.54799999999999,80.29147434925608,187.09599999999998,80.29147434925608
6,34,93.54799999999999,62.69682589593222,187.09599999999998,62.69682589593222
6,35,93.54799999999999,71.88475643155168,187.09599999999998,71.88475643155168
6,36,93.54799999999999,60.87737660007199,187.09599999999998,60.87737660007198
6,37,93.54799999999999,66.89763731955964,187.09599999999998,66.89763731955964
6,38,93.54799999999999,65.30515244696682,187.09599999999998,187.09599999999998
6,39,93.54799999999999,75.58248845328733,187.09599999999998,75.58248845328733
6,40,93.54799999999999,50.36446373829822,187.09599999999998,50.36446373829821
6,41,93.54799999999999,96.08749327088353,192.17498654176705,96.08749327088353
6,42,93.54799999999999,53.20334416895856,187.09599999999998,53.20334416895855
6,43,93.54799999999999,49.10831511319182,187.09599999999998,213.6432319634917
6,44,93.54799999999999,91.90941864229029,187.09599999999998,187.096
6,45,93.54799999999999,64.67045920014777,187.09599999999998,64.67045920014777
6,46,93.54799999999999,46.641745948717826,187.09599999999998,46.641745948717826
6,47,93.54799999999999,58.95878676794406,187.09599999999998,58.95878676794406
6,48,93.54799999999999,86.82609661018188,187.09599999999998,86.82609661018188
6,49,93.54799999999999,83.55073340826868,187.09599999999998,187.09599999999998
6,50,93.54799999999999,78.66806043793915,187.09599999999998,78.66806043793915
6,51,93.54799999999999,87.69104410638795,187.09599999999998,87.69104410638795
6,52,93.54799999999999,70.0540739764707,187.09599999999998,70.0540739764707
6,53,93.54799999999999,92.35289071219314,187.09599999999998,92.35289071219314
6,54,93.54799999999999,59.89776188168414,187.09599999999998,187.09599999999998
6,55,93.54799999999999,71.24479142127352,187.09599999999998,71.24479142127352
6,56,93.54799999999999,87.87778750773928,187.09599999999998,187.09599999999998
6,57,93.54799999999999,73.6044282060156,187.09599999999998,73.6044282060156
6,58,93.54799999999999,58.40752969895593,187.09599999999998,58.40752969895594
6,59,93.54799999999999,63.096986658754744,187.09599999999998,63.09698665875475
6,60,93.54799999999999,89.43497635630159,187.09599999999998,89.43497635630159
6,61,93.54799999999999,72.86193889364365,187.09599999999998,187.09599999999998
6,62,93.54799999999999,63.70278808972002,187.09599999999998,63.702788089720016
6,63,93.54799999999999,77.61213746583725,187.09599999999998,187.09599999999998
6,64,93.54799999999999,53.817061334562126,187.09599999999998,187.09599999999998
6,65,93.54799999999999,83.47851067214708,187.09599999999998,187.09599999999935
6,66,93.54799999999999,64.60787848032057,187.09599999999998,64.60787848032057
6,67,93.54799999999999,72.2487858375939,187.09599999999998,187.09599999999998
6,68,93.54799999999999,63.74762294733872,187.09599999999998,63.74762294733872
6,69,93.54799999999999,89.27281140121192,187.09599999999998,89.27281140121192
6,70,93.54799999999999,55.242870272354196,187.09599999999998,55.242870272354196
6,71,93.54799999999999,89.86455457287076,187.09599999999998,187.096
6,72,93.54799999999999,79.50306829318271,187.09599999999998,187.09599999999998
6,73,93.54799999999999,55.49475568291478,187.09599999999998,55.49475568291478
6,74,93.54799999999999,54.24646713708402,187.09599999999998,54.24646713708402
6,75,93.54799999999999,59.40178269909584,187.09599999999998,187.09599999999998
6,76,93.54799999999999,68.59644276306156,187.09599999999998,68.59644276306156
6,77,93.54799999999999,93.61692090191683,187.23384180383366,93.61692090191683
6,78,93.54799999999999,85.63948477794901,187.09599999999998,85.63948477794901
6,79,93.54799999999999,60.817279860232674,187.09599999999998,60.817279860232674
6,80,93.54799999999999,70.19808158612628,187.09599999999998,70.19808158612628
6,81,93.54799999999999,48.541971400209114,187.09599999999998,48.541971400209114
6,82,93.54799999999999,85.2111978111339,187.09599999999998,85.2111978111339
6,83,93.54799999999999,82.14812927532654,187.09599999999998,82.14812927532654
6,84,93.54799999999999,78.52200967924595,187.09599999999998,187.09599999999998
6,85,93.54799999999999,76.56269298120996,187.09599999999998,187.09599999999998
6,86,93.54799999999999,50.14270499448916,187.09599999999998,50.142704994489165
6,87,93.54799999999999,72.61121154485826,187.09599999999998,72.61121154485826
6,88,93.54799999999999,76.45172177124114,187.09599999999998,76.45172177124114
6,89,93.54799999999999,77.38028052163438,187.09599999999998,77.38028052163438
6,90,93.54799999999999,91.29040310069385,187.09599999999998,91.29040310069385
6,91,93.54799999999999,62.92614390786381,187.09599999999998,62.92614390786381
6,92,93.54799999999999,58.629146398300634,187.09599999999998,58.629146398300634
6,93,93.54799999999999,68.31289751339041,187.09599999999998,68.31289751339041
6,94,93.54799999999999,77.271334933143,187.09599999999998,77.271334933143
6,95,93.54799999999999,88.98934382107998,187.09599999999998,88.98934382107998
6,96,93.54799999999999,83.57383015365639,187.09599999999998,83.57383015365639
6,97,93.54799999999999,72.29316263953625,187.09599999999998,87.3625115237751
6,98,93.54799999999999,65.89542327775908,187.09599999999998,65.89542327775908
6,99,93.54799999999999,83.73184503789378,187.09599999999998,83.73184503789378
7,0,102.326,81.25506918183028,204.652,81.25506918183028
7,1,102.326,84.61254981441824,204.652,204.65200000000002
7,2,102.326,59.22365977146413,204.652,59.223659771464135
7,3,102.326,89.83209011435149,204.652,89.83209011435149
7,4,102.326,70.89328921795027,204.652,70.89328921795027
7,5,102.326,118.51337800132544,237.02675600265087,118.51337800132544
7,6,102.326,63.85904248741617,204.652,63.859042487416176
7,7,102.326,60.678311094377136,204.652,60.678311094377136
7,8,102.326,90.41634477747185,204.652,162.0412301095967
7,9,102.326,119.58338809079348,239.16677618158695,119.58338809079348
7,10,102.326,75.20862812767889,204.652,75.20862812767889
7,11,102.326,66.39808405183184,204.652,66.39808405183184
7,12,102.326,63.73785675284118,204.652,63.73785675284118
7,13,102.326,58.29325194777036,204.652,58.293251947770365
7,14,102.326,96.58363227249548,204.652,96.58363227249548
7,15,102.326,80.16771725453712,204.652,80.16771725453712
7,16,102.326,109.36079152251136,218.72158304502273,109.36079152251136
7,17,102.326,71.94083811045182,204.652,71.94083811045182
7,18,102.326,92.34871340673402,204.652,92.34871340673402
7,19,102.326,61.47751883907171,204.652,61.477518839071706
7,20,102.326,78.27042652220585,204.652,78.27042652220585
7,21,102.326,114.83507978017875,229.6701595603575,114.83507978017875
7,22,102.326,95.81512913255641,204.652,95.81512913255641
7,23,102.326,87.07881990627,204.652,87.07881990627
7,24,102.326,116.31235373256015,232.6247074651203,116.31235373256015
7,25,102.326,79.9281669362684,204.652,79.9281669362684
7,26,102.326,62.60709490082814,204.652,62.607094900828145
7,27,102.326,86.54760730790159,204.652,86.54760730790159
7,28,102.326,94.92163174051548,204.652,94.92163174051548
7,29,102.326,108.07789073808196,216.15578147616392,108.07789073808196
7,30,102.326,81.1157400350526,204.652,81.1157400350526
7,31,102.326,90.57972871500333,204.652,90.57972871500333
7,32,102.326,113.6486080368412,227.2972160736824,113.64860803684121
7,33,102.326,97.65858541218488,204.652,204.65200000000002
7,34,102.326,75.18740432030026,204.652,75.18740432030026
7,35,102.326,116.34174736637002,232.68349473274003,116.34174736637002
7,36,102.326,93.7075077493916,204.652,93.7075077493916
7,37,102.326,110.483015791775,220.96603158355,110.483015791775
7,38,102.326,108.51659743584331,217.03319487168662,108.51659743584332
7,39,102.326,100.08308752159961,204.652,100.0830875215996
7,40,102.326,76.77130114172927,204.652,204.65200000000002
7,41,102.326,98.92373041061686,204.652,98.92373041061686
7,42,102.326,65.29149590064951,204.652,65.29149590064951
7,43,102.326,99.96834097389969,204.652,99.96834097389969
7,44,102.326,90.9208288104182,204.652,90.9208288104182
7,45,102.326,78.2734206780956,204.652,78.2734206780956
7,46,102.326,85.73851124837246,204.652,85.73851124837246
7,47,102.326,75.90413282677302,204.652,75.90413282677302
7,48,102.326,87.46485361073385,204.652,87.46485361073385
7,49,102.326,84.72197765517602,204.652,84.72197765517602
7,50,102.326,88.85804751414021,204.652,88.85804751414021
7,51,102.326,59.75862192313425,204.652,59.75862192313425
7,52,102.326,64.86365716562025,204.652,64.86365716562025
7,53,102.326,111.4809575988559,222.9619151977118,111.4809575988559
7,54,102.326,69.07001870684381,204.652,69.07001870684381
7,55,102.326,77.5053480173824,204.652,77.5053480173824
7,56,102.326,101.58192518019055,204.652,101.58192518019055
7,57,102.326,82.15164498911686,204.652,204.65200000000002
7,58,102.326,83.33566865722105,204.652,83.33566865722105
7,59,102.326,60.44934745844353,204.652,60.44934745844353
7,60,102.326,85.2554399010731,204.652,85.2554399010731
7,61,102.326,93.77018375265057,204.652,93.77018375265057
7,62,102.326,85.68789233598318,204.652,85.68789233598318
7,63,102.326,81.94146339752591,204.652,81.94146339752591
7,64,102.326,68.89263057530819,204.652,68.89263057530819
7,65,102.326,82.29287179582991,204.652,82.29287179582991
7,66,102.326,61.25383994430428,204.652,61.253839944304275
7,67,102.326,75.78592270281675,204.652,204.65200000000002
7,68,102.326,58.59865044981631,204.652,58.59865044981631
7,69,102.326,68.27922398132472,204.652,68.27922398132472
7,70,102.326,62.15634178811619,204.652,62.15634178811619
7,71,102.326,116.14306058038166,232.28612116076332,116.14306058038166
7,72,102.326,91.10125378234399,204.652,91.10125378234399
7,73,102.326,72.415224682219,204.652,204.65200000000002
7,74,102.326,96.56644863809443,204.652,204.65200000000002
7,75,102.326,74.48527932875086,204.652,74.48527932875086
7,76,102.326,98.64837991627083,204.652,98.64837991627084
7,77,102.326,90.27946006474883,204.652,204.65200000000002
7,78,102.326,82.84833437909096,204.652,204.65200000000002
7,79,102.326,114.65637491145287,229.31274982290574,114.65637491145289
7,80,102.326,100.91970632909499,204.652,204.65200000000002
7,81,102.326,117.29060543001158,234.58121086002316,117.29060543001157
7,82,102.326,75.14268940429642,204.652,75.14268940429642
7,83,102.326,82.07966520026103,204.652,82.07966520026103
7,84,102.326,99.97512930438597,204.652,204.65200000000002
7,85,102.326,97.02098789236774,204.652,97.02098789236774
7,86,102.326,75.0757236450849,204.652,75.0757236450849
7,87,102.326,64.02098527226913,204.652,64.02098527226913
7,88,102.326,109.8946257190706,219.7892514381412,109.8946257190706
7,89,102.326,79.2842004036731,204.652,79.2842004036731
7,90,102.326,58.14869329476344,204.652,204.65200000000002
7,91,102.326,101.38032759427612,204.652,101.38032759427614
7,92,102.326,78.76600020775948,204.652,78.76600020775948
7,93,102.326,103.8462155862729,207.6924311725458,207.69243117254584
7,94,102.326,65.58844503660455,204.652,65.58844503660455
7,95,102.326,74.16524878935721,204.652,74.16524878935721
7,96,102.326,115.15346186692861,230.30692373385722,115.15346186692861
7,97,102.326,96.38603110068694,204.652,96.38603110068694
7,98,102.326,83.43466046122748,204.652,83.43466046122748
7,99,102.326,111.67201200130334,223.3440240026067,111.67201200130334
8,0,122.122,118.07185222967153,244.244,118.07185222967153
8,1,122.122,81.66914143243616,244.244,244.244
8,2,122.122,88.42252316959812,244.244,88.42252316959812
8,3,122.122,133.36972591722378,266.73945183444755,133.36972591722378
8,4,122.122,137.50816755331806,275.0163351066361,137.50816755331806
8,5,122.122,120.23210548769359,244.244,120.23210548769359
8,6,122.122,107.68091127568455,244.244,107.68091127568455
8,7,122.122,135.59720206619443,271.19440413238885,135.59720206619443
8,8,122.122,117.13746249467307,244.244,117.13746249467307
8,9,122.122,137.71877782197814,275.4375556439563,137.71877782197814
8,10,122.122,120.45131172080302,244.244,120.451311720803
8,11,122.122,84.45234986661241,244.244,84.45234986661241
8,12,122.122,133.064073304768,266.128146609536,133.064073304768
8,13,122.122,107.90385235390501,244.244,107.90385235390501
8,14,122.122,93.6489899885741,244.244,93.6489899885741
8,15,122.122,85.60874595196347,244.244,85.60874595196347
8,16,122.122,88.43453560034413,244.244,88.43453560034413
8,17,122.122,108.52023330007388,244.244,108.52023330007387
8,18,122.122,71.87959165641163,244.244,244.244
8,19,122.122,95.32187645021664,244.244,95.32187645021664
8,20,122.122,87.26824762259308,244.244,87.2682476225931
8,21,122.122,75.62394051312128,244.244,75.62394051312128
8,22,122.122,105.51469660970214,244.244,105.51469660970214
8,23,122.122,94.68411181619537,244.244,94.68411181619537
8,24,122.122,133.19684546197863,266.39369092395725,133.19684546197863
8,25,122.122,107.28627357422762,244.244,107.28627357422762
8,26,122.122,79.20682929669206,244.244,79.20682929669206
8,27,122.122,74.165766261115,244.244,244.244
8,28,122.122,110.37720374650664,244.244,110.37720374650664
8,29,122.122,125.91553230152059,251.83106460304117,125.9155323015206
8,30,122.122,98.69211623514985,244.244,98.69211623514985
8,31,122.122,107.87740221893053,244.244,107.87740221893054
8,32,122.122,127.90351504415118,255.80703008830235,127.90351504415118
8,33,122.122,116.49787763433798,244.244,116.49787763433798
8,34,122.122,113.228090927798,244.244,113.228090927798
8,35,122.122,134.3353169359522,268.6706338719044,134.3353169359522
8,36,122.122,80.59149595345885,244.244,244.244
8,37,122.122,81.19208322854324,244.244,244.244
8,38,122.122,138.10825369037042,276.21650738074084,138.10825369037042
8,39,122.122,127.96974105149387,255.93948210298774,127.96974105149388
8,40,122.122,140.46426683985797,280.92853367971594,140.46426683985797
8,41,122.122,107.22110768728874,244.244,107.22110768728874
8,42,122.122,99.78606553905779,244.244,99.78606553905779
8,43,122.122,138.75584015810574,277.5116803162115,138.75584015810574
8,44,122.122,114.22669646540159,244.244,114.2266964654016
8,45,122.122,99.17615271344403,244.244,99.17615271344403
8,46,122.122,100.47745823611187,244.244,100.47745823611187
8,47,122.122,103.75316645858037,244.244,103.75316645858037
8,48,122.122,72.9027497112468,244.244,72.9027497112468
8,49,122.122,80.00935978976274,244.244,80.00935978976274
8,50,122.122,115.25096640311416,244.244,115.25096640311416
8,51,122.122,119.29993265779696,244.244,119.29993265779697
8,52,122.122,133.62533865816303,267.25067731632606,133.62533865816303
8,53,122.122,110.80413127763306,244.244,244.244
8,54,122.122,79.2981351424316,244.244,79.2981351424316
8,55,122.122,119.21616168732749,244.244,119.2161616873275
8,56,122.122,80.3499984055427,244.244,244.244
8,57,122.122,107.66578397887245,244.244,107.66578397887245
8,58,122.122,83.32325354792347,244.244,83.32325354792347
8,59,122.122,88.82703099017729,244.244,88.82703099017729
8,60,122.122,132.63901750212963,265.27803500425927,132.63901750212963
8,61,122.122,109.33048156562516,244.244,109.33048156562518
8,62,122.122,123.60671490487707,247.21342980975413,123.60671490487707
8,63,122.122,79.66896091802889,244.244,79.66896091802889
8,64,122.122,101.32919903186219,244.244,101.32919903186219
8,65,122.122,97.3866140613353,244.244,97.3866140613353
8,66,122.122,140.46047665499609,280.92095330999217,140.46047665499609
8,67,122.122,123.10833636699415,246.2166727339883,123.10833636699417
8,68,122.122,129.1294988061812,258.2589976123624,129.1294988061812
8,69,122.122,118.62602882728443,244.244,118.62602882728443
8,70,122.122,73.4032921714661,244.244,244.244
8,71,122.122,126.20290540531042,252.40581081062084,126.20290540531043
8,72,122.122,121.9440964235927,244.244,216.70035590306293
8,73,122.122,119.98274298776434,244.244,119.98274298776434
8,74,122.122,99.9869966424974,244.244,99.9869966424974
8,75,122.122,88.5410172340214,244.244,88.5410172340214
8,76,122.122,104.8981650981612,244.244,104.89816509816121
8,77,122.122,98.3903952202585,244.244,98.3903952202585
8,78,122.122,76.26680391261435,244.244,76.26680391261435
8,79,122.122,125.41185126035457,250.82370252070913,125.41185126035457
8,80,122.122,117.2544097793755,244.244,117.2544097793755
8,81,122.122,79.55224957430613,244.244,79.55224957430613
8,82,122.122,113.6496360300381,244.244,113.64963603003811
8,83,122.122,138.47878240698873,276.95756481397746,138.47878240698873
8,84,122.122,107.71093395605294,244.244,107.71093395605294
8,85,122.122,71.7630479395984,244.244,71.7630479395984
8,86,122.122,139.7484859357644,279.4969718715288,139.7484859357644
8,87,122.122,116.30430415948523,244.244,116.30430415948523
8,88,122.122,103.87110115075131,244.244,103.87110115075131
8,89,122.122,138.7400522598742,277.4801045197484,138.7400522598742
8,90,122.122,101.31983426849021,244.244,101.31983426849021
8,91,122.122,84.2328592660901,244.244,84.2328592660901
8,92,122.122,68.72138114002345,244.244,68.72138114002345
8,93,122.122,127.06714336898753,254.13428673797506,127.06714336898753
8,94,122.122,79.38964926986938,244.244,79.38964926986938
8,95,122.122,127.20854943412064,254.41709886824128,127.20854943412066
8,96,122.122,74.44998632146188,244.244,74.44998632146188
8,97,122.122,115.15053074121889,244.244,115.15053074121889
8,98,122.122,70.18369477380135,244.244,70.18369477380135
8,99,122.122,121.59467829663333,244.244,121.59467829663333
9,0,132.146,65.800561211278,264.292,65.800561211278
9,1,132.146,127.42128739059845,264.292,127.42128739059847
9,2,132.146,105.87351803117755,264.292,105.87351803117755
9,3,132.146,120.16735035649111,264.292,120.16735035649111
9,4,132.146,129.32161242624414,264.292,129.32161242624414
9,5,132.146,105.19852840464787,264.292,105.19852840464787
9,6,132.146,103.25848814181064,264.292,103.25848814181064
9,7,132.146,129.62714314706102,264.292,264.292
9,8,132.146,113.09232261870922,264.292,113.09232261870923
9,9,132.146,120.14198445391632,264.292,120.14198445391632
9,10,132.146,100.17440651770745,264.292,264.292
9,11,132.146,134.22807733714822,268.45615467429644,134.22807733714822
9,12,132.146,104.09329935202699,264.292,104.09329935202697
9,13,132.146,74.66612762070858,264.292,74.66612762070858
9,14,132.146,67.67035999050263,264.292,67.67035999050263
9,15,132.146,123.57272975913666,264.292,123.57272975913666
9,16,132.146,71.25453640487862,264.292,71.25453640487862
9,17,132.146,105.78519922172013,264.292,207.0219478723017
9,18,132.146,99.65700016102554,264.292,99.65700016102554
9,19,132.146,121.68588569730152,264.292,121.68588569730152
9,20,132.146,90.6233510365988,264.292,90.6233510365988
9,21,132.146,76.37036868687095,264.292,76.37036868687095
9,22,132.146,77.28910126539347,264.292,77.28910126539347
9,23,132.146,73.0231460298326,264.292,73.0231460298326
9,24,132.146,101.07384351997221,264.292,101.07384351997221
9,25,132.146,69.78989452219611,264.292,157.13129440076003
9,26,132.146,94.18211433900902,264.292,94.18211433900902
9,27,132.146,80.9253048892593,264.292,80.9253048892593
9,28,132.146,74.75118103839519,264.292,264.292
9,29,132.146,115.84410326780615,264.292,115.84410326780615
9,30,132.146,120.56563473224303,264.292,120.56563473224303
9,31,132.146,116.55035599708788,264.292,116.55035599708788
9,32,132.146,92.37346644583778,264.292,264.292
9,33,132.146,97.9021111146446,264.292,264.292
9,34,132.146,115.01397974844748,264.292,264.292
9,35,132.146,109.71701299659684,264.292,109.71701299659684
9,36,132.146,102.12488237228386,264.292,102.12488237228388
9,37,132.146,81.54703292145669,264.292,81.54703292145669
9,38,132.146,82.37050699446709,264.292,82.37050699446709
9,39,132.146,103.23409768022584,264.292,264.292
9,40,132.146,119.8645757127188,264.292,119.8645757127188
9,41,132.146,91.15094632943962,264.292,264.292
9,42,132.146,104.11289422643226,264.292,104.11289422643226
9,43,132.146,133.8791583243306,267.7583166486612,133.8791583243306
9,44,132.146,89.69005690325503,264.292,264.292
9,45,132.146,120.21149878736767,264.292,120.21149878736767
9,46,132.146,105.7220494704625,264.292,264.292
9,47,132.146,91.91109676857336,264.292,91.91109676857336
9,48,132.146,100.42992300863285,264.292,100.42992300863285
9,49,132.146,69.54617291763158,264.292,69.54617291763158
9,50,132.146,105.7249929753311,264.292,105.7249929753311
9,51,132.146,122.93952216723414,264.292,122.93952216723414
9,52,132.146,69.61191959086892,264.292,69.61191959086892
9,53,132.146,109.9878160990661,264.292,109.9878160990661
9,54,132.146,68.3791835456192,264.292,68.3791835456192
9,55,132.146,72.71514189513879,264.292,72.71514189513879
9,56,132.146,108.54555460090779,264.292,108.5455546009078
9,57,132.146,102.1470494735105,264.292,102.14704947351049
9,58,132.146,78.04463869968515,264.292,78.04463869968515
9,59,132.146,88.84757598720834,264.292,88.84757598720834
9,60,132.146,72.75915399456929,264.292,72.75915399456929
9,61,132.146,113.06416935183847,264.292,113.06416935183847
9,62,132.146,112.31122615180787,264.292,112.31122615180789
9,63,132.146,131.98473057353192,264.292,264.292
9,64,132.146,112.86660496075622,264.292,264.292
9,65,132.146,128.8962385670684,264.292,128.8962385670684
9,66,132.146,120.85976697137718,264.292,120.8597669713772
9,67,132.146,105.47634078982377,264.292,105.47634078982378
9,68,132.146,102.6229301778727,264.292,102.62293017787269
9,69,132.146,71.72494450606118,264.292,71.72494450606118
9,70,132.146,76.86789860608664,264.292,264.292
9,71,132.146,106.95769195230102,264.292,106.95769195230102
9,72,132.146,91.28936953264154,264.292,91.28936953264156
9,73,132.146,73.05600338842068,264.292,73.05600338842068
9,74,132.146,121.31623137360116,264.292,121.31623137360117
9,75,132.146,90.73417097110834,264.292,90.73417097110834
9,76,132.146,69.78913288474469,264.292,69.78913288474469
9,77,132.146,72.17663061674426,264.292,72.17663061674426
9,78,132.146,68.94235882051711,264.292,68.94235882051711
9,79,132.146,79.9847680251637,264.292,79.9847680251637
9,80,132.146,103.47032116156515,264.292,103.47032116156515
9,81,132.146,99.95423011675918,264.292,99.95423011675918
9,82,132.146,78.79558381037305,264.292,78.79558381037305
9,83,132.146,73.66904491411469,264.292,73.66904491411469
9,84,132.146,97.86456716423416,264.292,97.86456716423416
9,85,132.146,108.17383663919075,264.292,108.17383663919075
9,86,132.146,98.96226750036043,264.292,98.96226750036043
9,87,132.146,100.28640496158084,264.292,100.28640496158086
9,88,132.146,129.04144495806094,264.292,129.04144495806094
9,89,132.146,123.34865959677845,264.292,123.34865959677845
9,90,132.146,117.00739329947864,264.292,117.00739329947865
9,91,132.146,92.48638759778089,264.292,92.48638759778089
9,92,132.146,104.65340067239718,264.292,104.6534006723972
9,93,132.146,115.54508688951456,264.292,115.54508688951456
9,94,132.146,95.34836706266044,264.292,95.34836706266044
9,95,132.146,68.11462520214228,264.292,68.11462520214228
9,96,132.146,111.29464756546561,264.292,111.29464756546561
9,97,132.146,125.52694869345399,264.292,125.526948693454
9,98,132.146,86.48978299299871,264.292,86.48978299299871
9,99,132.146,120.0115803003065,264.292,120.01158030030649
10,0,136.682,132.68702277718637,273.364,132.68702277718637
10,1,136.682,126.84360333152594,273.364,126.84360333152594
10,2,136.682,77.5260468533817,273.364,77.52604685338167
10,3,136.682,76.07911191276393,273.364,76.07911191276393
10,4,136.682,115.93873786341001,273.364,115.93873786341003
10,5,136.682,118.0196614993025,273.364,118.0196614993025
10,6,136.682,83.86385427190496,273.364,83.86385427190496
10,7,136.682,153.31485999640148,306.62971999280296,153.31485999640148
10,8,136.682,94.07137826035516,273.364,94.07137826035516
10,9,136.682,136.3403422919443,273.364,136.3403422919443
10,10,136.682,108.44840831060485,273.364,108.44840831060485
10,11,136.682,111.3503367029329,273.364,111.3503367029329
10,12,136.682,141.03850178251835,282.0770035650367,141.03850178251835
10,13,136.682,153.42116442162896,306.8423288432579,153.42116442162896
10,14,136.682,78.3160791047907,273.364,78.3160791047907
10,15,136.682,134.71547513000547,273.364,134.71547513000547
10,16,136.682,127.3953485053681,273.364,127.3953485053681
10,17,136.682,118.32667045393569,273.364,118.3266704539357
10,18,136.682,105.90422401045818,273.364,105.90422401045818
10,19,136.682,115.12846439495434,273.364,115.12846439495435
10,20,136.682,96.88661821015073,273.364,96.88661821015073
10,21,136.682,150.17402536538862,300.34805073077723,150.17402536538862
10,22,136.682,85.70510903378468,273.364,85.70510903378468
10,23,136.682,87.23958675703497,273.364,273.364
10,24,136.682,132.0546823952034,273.364,132.0546823952034
10,25,136.682,112.4468882068967,273.364,112.4468882068967
10,26,136.682,126.11849380929266,273.364,126.11849380929266
10,27,136.682,124.33165603565199,273.364,124.33165603565199
10,28,136.682,132.86999320227338,273.364,132.86999320227338
10,29,136.682,86.40855283916146,273.364,86.40855283916146
10,30,136.682,131.62514752492493,273.364,131.62514752492493
10,31,136.682,101.53080027576708,273.364,101.53080027576709
10,32,136.682,130.72867486140473,273.364,130.72867486140473
10,33,136.682,103.19326132232413,273.364,103.19326132232413
10,34,136.682,141.47385864472932,282.94771728945864,141.47385864472932
10,35,136.682,143.18487189266642,286.36974378533284,143.18487189266642
10,36,136.682,126.10930056251522,273.364,126.10930056251522
10,37,136.682,96.44315757082703,273.364,96.44315757082703
10,38,136.682,107.81585024751334,273.364,107.81585024751334
10,39,136.682,104.15771470912263,273.364,104.15771470912263
10,40,136.682,89.59174502122066,273.364,273.364
10,41,136.682,80.27160041194249,273.364,80.27160041194249
10,42,136.682,125.06143835411736,273.364,125.06143835411736
10,43,136.682,111.30036860736159,273.364,111.30036860736159
10,44,136.682,80.32163176677396,273.364,80.32163176677396
10,45,136.682,125.72321922815533,273.364,125.72321922815533
10,46,136.682,123.1952481607856,273.364,123.1952481607856
10,47,136.682,117.18351128904652,273.364,117.18351128904652
10,48,136.682,83.79851096590774,273.364,83.79851096590774
10,49,136.682,112.53971398144215,273.364,112.53971398144216
10,50,136.682,115.6800871628269,273.364,115.6800871628269
10,51,136.682,84.53245859266798,273.364,84.53245859266798
10,52,136.682,95.14960305727594,273.364,95.14960305727594
10,53,136.682,155.354700077944,310.709400155888,155.354700077944
10,54,136.682,153.5204239356286,307.0408478712572,153.52042393562863
10,55,136.682,147.06039550609955,294.1207910121991,147.06039550609955
10,56,136.682,114.4709869891242,273.364,114.47098698912421
10,57,136.682,133.95297228445966,273.364,133.95297228445966
10,58,136.682,83.46770267624154,273.364,83.46770267624154
10,59,136.682,109.35051234431232,273.364,109.35051234431232
10,60,136.682,131.16082515161798,273.364,131.16082515161798
10,61,136.682,99.82133980648061,273.364,99.82133980648061
10,62,136.682,142.91180677199415,285.8236135439883,142.91180677199415
10,63,136.682,139.03237496167048,278.06474992334097,139.03237496167048
10,64,136.682,97.66038615226111,273.364,97.66038615226111
10,65,136.682,78.46798639068764,273.364,78.46798639068764
10,66,136.682,125.43480038260066,273.364,125.43480038260067
10,67,136.682,93.79785431899846,273.364,93.79785431899846
10,68,136.682,135.41393789631053,273.364,135.41393789631053
10,69,136.682,120.17130491647885,273.364,120.17130491647885
10,70,136.682,144.8159113975908,289.6318227951816,144.8159113975908
10,71,136.682,80.94594069202043,273.364,80.94594069202043
10,72,136.682,110.70034167819593,273.364,110.70034167819594
10,73,136.682,144.04765280923942,288.09530561847885,144.04765280923942
10,74,136.682,141.29255492164043,282.58510984328086,141.29255492164043
10,75,136.682,142.1529615915493,284.3059231830986,142.1529615915493
10,76,136.682,81.20232912482304,273.364,81.20232912482304
10,77,136.682,113.52296203463092,273.364,113.52296203463092
10,78,136.682,122.96897605354222,273.364,122.96897605354222
10,79,136.682,118.43095893171066,273.364,118.43095893171068
10,80,136.682,75.83183014193568,273.364,75.83183014193568
10,81,136.682,136.99423302207876,273.9884660441575,136.99423302207876
10,82,136.682,134.78862418161947,273.364,134.78862418161947
10,83,136.682,114.7729867515089,273.364,114.77298675150888
10,84,136.682,86.93564327242376,273.364,86.93564327242376
10,85,136.682,88.74546727863155,273.364,88.74546727863155
10,86,136.682,75.72954121343204,273.364,75.72954121343204
10,87,136.682,119.29137769222963,273.364,264.86192867092393
10,88,136.682,131.5881752708391,273.364,131.5881752708391
10,89,136.682,129.04237360441388,273.364,129.04237360441388
10,90,136.682,117.46152148450993,273.364,117.46152148450992
10,91,136.682,108.80859598382351,273.364,108.80859598382351
10,92,136.682,131.73028447355833,273.364,131.73028447355833
10,93,136.682,119.34179224750058,273.364,119.34179224750059
10,94,136.682,122.34956023162773,273.364,122.34956023162773
10,95,136.682,82.54456740211378,273.364,82.54456740211378
10,96,136.682,153.7946466320975,307.589293264195,153.7946466320975
10,97,136.682,76.529856999592,273.364,273.364
10,98,136.682,128.060320701287,273.364,128.060320701287
10,99,136.682,132.40842497785383,273.364,132.40842497785383
11,0,142.31,126.77884848591398,284.62,126.77884848591398
11,1,142.31,156.10884071817034,312.2176814363407,156.10884071817034
11,2,142.31,179.83855998953152,359.67711997906304,179.83855998953152
11,3,142.31,158.41199916048657,316.82399832097315,158.41199916048657
11,4,142.31,164.07211114228807,328.14422228457613,164.07211114228807
11,5,142.31,109.01342302050561,284.62,109.01342302050561
11,6,142.31,146.23729599164488,292.47459198328977,146.23729599164488
11,7,142.31,109.01428084308,284.62,109.01428084308
11,8,142.31,149.3497798182064,298.6995596364128,149.3497798182064
11,9,142.31,169.21118406534376,338.4223681306875,169.21118406534376
11,10,142.31,125.08428324596849,284.62,125.08428324596849
11,11,142.31,109.05075790214296,284.62,109.05075790214296
11,12,142.31,174.39573579856287,348.79147159712574,174.39573579856287
11,13,142.31,113.96750234041019,284.62,113.96750234041019
11,14,142.31,116.76741541694064,284.62,116.76741541694065
11,15,142.31,182.1869485732593,364.3738971465186,182.1869485732593
11,16,142.31,178.54446460267803,357.08892920535607,178.54446460267803
11,17,142.31,168.71008853808542,337.42017707617083,168.71008853808542
11,18,142.31,100.18376783453449,284.62,100.18376783453449
11,19,142.31,162.98057841973937,325.96115683947875,162.98057841973937
11,20,142.31,128.03516115981878,284.62,128.03516115981878
11,21,142.31,128.69128062740933,284.62,128.69128062740933
11,22,142.31,115.17025705313078,284.62,115.17025705313077
11,23,142.31,115.81493731857013,284.62,115.81493731857013
11,24,142.31,107.63933488062457,284.62,107.63933488062456
11,25,142.31,119.64953915786035,284.62,119.64953915786035
11,26,142.31,93.75610292697354,284.62,93.75610292697354
11,27,142.31,126.36684179154042,284.62,126.36684179154042
11,28,142.31,136.78083902157053,284.62,136.78083902157053
11,29,142.31,183.09667135681616,366.1933427136323,183.09667135681616
11,30,142.31,106.71411214373671,284.62,106.71411214373671
11,31,142.31,154.30450992591528,308.60901985183057,154.30450992591528
11,32,142.31,113.55442804180684,284.62,113.55442804180684
11,33,142.31,118.09540375584591,284.62,118.09540375584591
11,34,142.31,177.18266415065978,354.36532830131955,177.18266415065978
11,35,142.31,141.27235735364292,284.62,141.27235735364292
11,36,142.31,168.61673341709158,337.23346683418316,168.61673341709158
11,37,142.31,180.38221893016393,360.76443786032786,180.38221893016393
11,38,142.31,140.93034169513157,284.62,140.93034169513157
11,39,142.31,169.41688776511378,338.83377553022757,169.41688776511378
11,40,142.31,176.58752335351815,353.1750467070363,176.58752335351815
11,41,142.31,128.6197227906225,284.62,128.6197227906225
11,42,142.31,98.96640736825108,284.62,98.96640736825108
11,43,142.31,134.29305537079176,284.62,134.29305537079176
11,44,142.31,116.65444826974176,284.62,116.65444826974176
11,45,142.31,170.59143530305283,341.18287060610567,170.59143530305283
11,46,142.31,178.45629686010523,356.91259372021045,178.45629686010523
11,47,142.31,92.78932584939794,284.62,92.78932584939794
11,48,142.31,132.62760374465157,284.62,132.62760374465157
11,49,142.31,108.8849895460242,284.62,108.88498954602422
11,50,142.31,134.14469468281095,284.62,134.14469468281095
11,51,142.31,95.94761440614437,284.62,95.94761440614437
11,52,142.31,119.25400798120896,284.62,119.25400798120896
11,53,142.31,98.87436749615564,284.62,98.87436749615564
11,54,142.31,127.47130689820078,284.62,127.4713068982008
11,55,142.31,93.61502637238526,284.62,93.61502637238526
11,56,142.31,152.84194719029892,305.68389438059785,152.84194719029892
11,57,142.31,175.76942100537087,351.53884201074175,175.76942100537087
11,58,142.31,172.66013618076738,345.32027236153476,172.66013618076738
11,59,142.31,135.97295514094742,284.62,135.97295514094742
11,60,142.31,98.44629720884461,284.62,98.44629720884461
11,61,142.31,165.95172145875213,331.90344291750426,165.95172145875213
11,62,142.31,139.61497772891886,284.62,139.61497772891886
11,63,142.31,106.49120783452602,284.62,106.49120783452601
11,64,142.31,149.49652234715256,298.9930446943051,149.49652234715256
11,65,142.31,164.21193281225143,328.42386562450287,164.21193281225143
11,66,142.31,118.20653270454886,284.62,118.20653270454886
11,67,142.31,157.61825698930784,315.2365139786157,157.61825698930784
11,68,142.31,120.18438262117199,284.62,120.18438262117199
11,69,142.31,161.86562772736573,323.73125545473147,161.86562772736573
11,70,142.31,143.47624260333413,286.95248520666826,143.47624260333413
11,71,142.31,169.2109346372644,338.4218692745288,169.2109346372644
11,72,142.31,113.1642160100006,284.62,113.1642160100006
11,73,142.31,161.15918066378762,322.31836132757525,161.15918066378762
11,74,142.31,115.93521702903828,284.62,115.93521702903828
11,75,142.31,133.65809607131592,284.62,133.65809607131592
11,76,142.31,171.97963625743634,343.9592725148727,171.97963625743634
11,77,142.31,153.52113039208348,307.04226078416696,153.52113039208348
11,78,142.31,167.25736831016252,334.51473662032504,167.25736831016252
11,79,142.31,146.46886543389581,292.93773086779163,146.46886543389581
11,80,142.31,146.76430259243762,293.52860518487523,146.76430259243762
11,81,142.31,177.36199515701438,354.72399031402875,177.36199515701438
11,82,142.31,109.54110241576451,284.62,109.54110241576451
11,83,142.31,167.2201225942328,334.4402451884656,167.2201225942328
11,84,142.31,147.56445731789594,295.1289146357919,147.56445731789594
11,85,142.31,170.8202421237313,341.6404842474626,170.8202421237313
11,86,142.31,181.7889150594691,363.5778301189382,181.7889150594691
11,87,142.31,115.2511523771082,284.62,115.25115237710818
11,88,142.31,174.30597570783,348.61195141566,174.30597570783
11,89,142.31,107.24368678028652,284.62,107.24368678028652
11,90,142.31,125.89712819755732,284.62,125.89712819755732
11,91,142.31,180.68083468888506,361.3616693777701,180.68083468888506
11,92,142.31,104.67510603953211,284.62,104.67510603953212
11,93,142.31,117.59040636403113,284.62,117.59040636403113
11,94,142.31,174.94726659478349,349.89453318956697,174.94726659478349
11,95,142.31,124.76913435139852,284.62,124.76913435139852
11,96,142.31,138.39379238272653,284.62,138.39379238272653
11,97,142.31,113.3466777309918,284.62,113.34667773099181
11,98,142.31,136.1512635934965,284.62,136.1512635934965
11,99,142.31,137.7838633798075,284.62,137.7838633798075
12,0,157.02399999999997,234.06566526534235,468.1313305306847,234.06566526534235
12,1,157.02399999999997,168.63391874453012,337.26783748906024,168.63391874453012
12,2,157.02399999999997,236.66257991838242,473.32515983676484,236.66257991838245
12,3,157.02399999999997,166.70076329639832,333.40152659279664,166.70076329639835
12,4,157.02399999999997,128.48353330059345,314.04799999999994,128.48353330059345
12,5,157.02399999999997,191.4894887326801,382.9789774653602,191.4894887326801
12,6,157.02399999999997,186.11286821756332,372.22573643512663,186.11286821756332
12,7,157.02399999999997,213.98947853372712,427.97895706745425,213.98947853372712
12,8,157.02399999999997,186.0304942140916,372.0609884281832,186.0304942140916
12,9,157.02399999999997,216.3729096781267,432.7458193562534,216.3729096781267
12,10,157.02399999999997,183.1992739419401,366.3985478838802,183.1992739419401
12,11,157.02399999999997,218.69415989075603,437.38831978151205,218.69415989075605
12,12,157.02399999999997,177.65477748567037,355.30955497134073,177.65477748567037
12,13,157.02399999999997,179.4665148465745,358.933029693149,179.4665148465745
12,14,157.02399999999997,178.66728124143103,357.33456248286205,178.66728124143103
12,15,157.02399999999997,212.2765644210749,424.5531288421498,212.2765644210749
12,16,157.02399999999997,172.07083978534567,344.14167957069134,172.07083978534567
12,17,157.02399999999997,138.44611472372623,314.04799999999994,138.44611472372623
12,18,157.02399999999997,198.20633118263342,396.41266236526684,198.20633118263342
12,19,157.02399999999997,225.79844761696788,451.59689523393575,225.79844761696788
12,20,157.02399999999997,131.69928718568622,314.04799999999994,131.69928718568622
12,21,157.02399999999997,145.4639091961674,314.04799999999994,145.4639091961674
12,22,157.02399999999997,164.0352144773919,328.0704289547838,164.0352144773919
12,23,157.02399999999997,132.77505987293418,314.04799999999994,132.77505987293418
12,24,157.02399999999997,209.1509654348486,418.3019308696972,209.1509654348486
12,25,157.02399999999997,207.87867501097156,415.7573500219431,207.87867501097156
12,26,157.02399999999997,172.6520724949256,345.3041449898512,172.6520724949256
12,27,157.02399999999997,229.41659599694677,458.83319199389354,229.4165959969468
12,28,157.02399999999997,226.09121333978783,452.18242667957566,226.09121333978783
12,29,157.02399999999997,215.7129151042402,431.4258302084804,215.7129151042402
12,30,157.02399999999997,196.360834300944,392.721668601888,196.360834300944
12,31,157.02399999999997,233.02832790715664,466.0566558143133,233.02832790715664
12,32,157.02399999999997,209.15113547145955,418.3022709429191,209.15113547145955
12,33,157.02399999999997,220.7349098866314,441.4698197732628,220.7349098866314
12,34,157.02399999999997,174.785866405594,349.571732811188,174.785866405594
12,35,157.02399999999997,230.6277330044986,461.2554660089972,230.62773300449862
12,36,157.02399999999997,212.2309839134494,424.4619678268988,212.2309839134494
12,37,157.02399999999997,176.99689217650243,353.99378435300486,176.99689217650243
12,38,157.02399999999997,222.25161321906234,444.50322643812467,222.25161321906234
12,39,157.02399999999997,132.12334688301425,314.04799999999994,132.12334688301425
12,40,157.02399999999997,164.68195713482874,329.36391426965747,164.68195713482874
12,41,157.02399999999997,184.38653600669033,368.77307201338067,184.38653600669033
12,42,157.02399999999997,216.11603144330275,432.2320628866055,216.11603144330275
12,43,157.02399999999997,216.82185813865334,433.6437162773067,216.82185813865337
12,44,157.02399999999997,160.37417930978125,320.7483586195625,160.37417930978125
12,45,157.02399999999997,183.27931182867243,366.55862365734487,183.27931182867243
12,46,157.02399999999997,169.1035933493537,338.2071866987074,169.1035933493537
12,47,157.02399999999997,146.99475678251713,314.04799999999994,146.99475678251713
12,48,157.02399999999997,131.80800055561156,314.04799999999994,131.80800055561156
12,49,157.02399999999997,180.7443376755125,361.488675351025,180.7443376755125
12,50,157.02399999999997,200.2186688239705,400.437337647941,200.2186688239705
12,51,157.02399999999997,202.68950536165522,405.37901072331044,202.68950536165522
12,52,157.02399999999997,213.9065949464876,427.8131898929752,213.90659494648762
12,53,157.02399999999997,205.58601886796077,411.17203773592155,205.5860188679608
12,54,157.02399999999997,170.19605786124174,340.3921157224835,170.19605786124174
12,55,157.02399999999997,133.09738086526954,314.04799999999994,133.09738086526954
12,56,157.02399999999997,181.2252100242896,362.4504200485792,181.2252100242896
12,57,157.02399999999997,164.51068278865048,329.02136557730097,164.51068278865048
12,58,157.02399999999997,116.5079845048923,314.04799999999994,116.5079845048923
12,59,157.02399999999997,227.4719622867584,454.9439245735168,227.47196228675844
12,60,157.02399999999997,190.25193792041347,380.50387584082694,190.25193792041347
12,61,157.02399999999997,218.1576607232109,436.3153214464218,218.1576607232109
12,62,157.02399999999997,176.8347916863523,353.6695833727046,176.8347916863523
12,63,157.02399999999997,128.67971138421268,314.04799999999994,128.67971138421268
12,64,157.02399999999997,149.12817623720602,314.04799999999994,149.12817623720602
12,65,157.02399999999997,196.71348009349674,393.4269601869935,196.71348009349674
12,66,157.02399999999997,228.6666014331476,457.3332028662952,228.66660143314763
12,67,157.02399999999997,191.57172135453138,383.14344270906275,191.57172135453138
12,68,157.02399999999997,227.28857228186894,454.5771445637379,227.28857228186894
12,69,157.02399999999997,224.26355312601393,448.52710625202786,224.26355312601393
12,70,157.02399999999997,147.3217217867643,314.04799999999994,147.3217217867643
12,71,157.02399999999997,137.02546283816642,314.04799999999994,137.02546283816642
12,72,157.02399999999997,197.15626863259754,394.3125372651951,197.15626863259754
12,73,157.02399999999997,209.0203282321843,418.0406564643686,209.0203282321843
12,74,157.02399999999997,183.2267245776517,366.4534491553034,183.22672457765174
12,75,157.02399999999997,213.2689231601332,426.5378463202664,213.2689231601332
12,76,157.02399999999997,234.43122749737648,468.86245499475297,234.4312274973765
12,77,157.02399999999997,135.70660719758845,314.04799999999994,135.70660719758845
12,78,157.02399999999997,173.73747443188276,347.4749488637655,173.73747443188276
12,79,157.02399999999997,127.45645958760706,314.04799999999994,127.45645958760706
12,80,157.02399999999997,155.53817673433997,314.04799999999994,155.53817673433997
12,81,157.02399999999997,125.21427553171414,314.04799999999994,125.21427553171414
12,82,157.02399999999997,208.24109339180006,416.4821867836001,208.24109339180006
12,83,157.02399999999997,186.6562520977355,373.312504195471,186.6562520977355
12,84,157.02399999999997,202.21896200835917,404.43792401671834,202.21896200835917
12,85,157.02399999999997,178.73966319507352,357.47932639014704,178.73966319507352
12,86,157.02399999999997,117.23507901858126,314.04799999999994,117.23507901858126
12,87,157.02399999999997,140.35205104766544,314.04799999999994,140.35205104766544
12,88,157.02399999999997,171.17391255026726,342.3478251005345,171.17391255026726
12,89,157.02399999999997,135.88012960859663,314.04799999999994,135.88012960859663
12,90,157.02399999999997,216.65215896522966,433.3043179304593,216.65215896522966
12,91,157.02399999999997,116.24087531221134,314.04799999999994,116.24087531221134
12,92,157.02399999999997,155.0670505908436,314.04799999999994,155.0670505908436
12,93,157.02399999999997,176.9681076332185,353.936215266437,176.9681076332185
12,94,157.02399999999997,170.27119444889223,340.54238889778446,170.27119444889223
12,95,157.02399999999997,144.3980241217293,314.04799999999994,144.3980241217293
12,96,157.02399999999997,232.19424866306744,464.3884973261349,232.19424866306744
12,97,157.02399999999997,193.46802067344152,386.93604134688303,193.46802067344152
12,98,157.02399999999997,130.1117114491342,314.04799999999994,130.1117114491342
12,99,157.02399999999997,233.04985049316377,466.09970098632755,233.04985049316377
13,0,155.48399999999998,178.02219151408977,356.04438302817954,178.02219151408977
13,1,155.48399999999998,294.6055165496906,589.2110330993812,294.6055165496906
13,2,155.48399999999998,349.58435712788844,699.1687142557769,349.58435712788844
13,3,155.48399999999998,294.25435827287225,588.5087165457445,294.25435827287225
13,4,155.48399999999998,264.1894623546171,528.3789247092342,264.1894623546171
13,5,155.48399999999998,201.69958051783976,403.3991610356795,201.6995805178398
13,6,155.48399999999998,273.3644197527715,546.728839505543,273.3644197527715
13,7,155.48399999999998,303.98209284577064,607.9641856915413,303.98209284577064
13,8,155.48399999999998,187.54768678639138,375.09537357278276,187.54768678639138
13,9,155.48399999999998,315.31272805669613,630.6254561133923,315.31272805669613
13,10,155.48399999999998,281.449784377893,562.899568755786,281.449784377893
13,11,155.48399999999998,181.83061163715993,363.66122327431987,181.83061163715993
13,12,155.48399999999998,315.13702631042105,630.2740526208421,315.13702631042105
13,13,155.48399999999998,280.26769292381044,560.5353858476209,280.26769292381044
13,14,155.48399999999998,318.8907373627113,637.7814747254226,318.8907373627113
13,15,155.48399999999998,205.97851645880357,411.95703291760714,205.9785164588036
13,16,155.48399999999998,227.7801674631153,455.5603349262306,227.78016746311528
13,17,155.48399999999998,336.11138868487075,672.2227773697415,336.11138868487075
13,18,155.48399999999998,340.57712528155076,681.1542505631015,340.57712528155076
13,19,155.48399999999998,346.83083228661997,693.6616645732399,346.83083228661997
13,20,155.48399999999998,173.66187104944595,347.3237420988919,173.66187104944595
13,21,155.48399999999998,247.65021161579207,495.30042323158415,247.65021161579205
13,22,155.48399999999998,344.8586240607435,689.717248121487,344.8586240607435
13,23,155.48399999999998,289.7908414631812,579.5816829263624,289.7908414631812
13,24,155.48399999999998,255.0709442327482,510.1418884654964,255.07094423274822
13,25,155.48399999999998,195.7464017613639,391.4928035227278,195.7464017613639
13,26,155.48399999999998,261.7978655117042,523.5957310234083,261.7978655117042
13,27,155.48399999999998,311.11253651077544,622.2250730215509,311.11253651077544
13,28,155.48399999999998,275.76732524786104,551.5346504957221,275.76732524786104
13,29,155.48399999999998,242.4351595867284,484.8703191734568,242.43515958672842
13,30,155.48399999999998,351.9877893759565,703.975578751913,351.9877893759565
13,31,155.48399999999998,193.19955867617102,386.39911735234205,193.19955867617102
13,32,155.48399999999998,328.05555287622946,656.1111057524589,328.05555287622946
13,33,155.48399999999998,201.7787476638563,403.5574953277126,201.7787476638563
13,34,155.48399999999998,218.04722572548351,436.09445145096703,218.04722572548351
13,35,155.48399999999998,330.3955454364517,660.7910908729034,330.3955454364517
13,36,155.48399999999998,223.51958367375101,447.03916734750203,223.519583673751
13,37,155.48399999999998,207.82865103735185,415.6573020747037,207.82865103735185
13,38,155.48399999999998,212.26594400462722,424.53188800925443,212.26594400462724
13,39,155.48399999999998,345.115270353696,690.230540707392,345.115270353696
13,40,155.48399999999998,341.6842260895809,683.3684521791617,341.6842260895809
13,41,155.48399999999998,303.56701343980575,607.1340268796115,303.56701343980575
13,42,155.48399999999998,270.4138967993204,540.8277935986408,270.4138967993204
13,43,155.48399999999998,349.3248877266583,698.6497754533166,349.3248877266583
13,44,155.48399999999998,288.8594338086863,577.7188676173726,288.8594338086863
13,45,155.48399999999998,257.661546520402,515.323093040804,257.661546520402
13,46,155.48399999999998,327.58226365729047,655.1645273145809,327.58226365729047
13,47,155.48399999999998,280.3930200236955,560.786040047391,280.3930200236955
13,48,155.48399999999998,263.2684887870766,526.5369775741532,263.2684887870766
13,49,155.48399999999998,289.48269177951045,578.9653835590209,289.48269177951045
13,50,155.48399999999998,216.7088183590702,433.4176367181404,216.7088183590702
13,51,155.48399999999998,184.784872707786,369.569745415572,184.784872707786
13,52,155.48399999999998,299.81189775412525,599.6237955082505,299.81189775412525
13,53,155.48399999999998,264.5491015901362,529.0982031802724,264.5491015901362
13,54,155.48399999999998,252.3327289058892,504.6654578117784,252.3327289058892
13,55,155.48399999999998,326.87379761562755,653.7475952312551,326.87379761562755
13,56,155.48399999999998,322.87247069637357,645.7449413927471,322.87247069637357
13,57,155.48399999999998,222.52526979986246,445.0505395997249,222.52526979986246
13,58,155.48399999999998,251.16081827566182,502.32163655132365,251.16081827566182
13,59,155.48399999999998,295.6909281794087,591.3818563588173,295.6909281794087
13,60,155.48399999999998,271.0846364322232,542.1692728644464,271.0846364322232
13,61,155.48399999999998,304.23697667438864,608.4739533487773,304.23697667438864
13,62,155.48399999999998,181.206541448891,362.413082897782,181.206541448891
13,63,155.48399999999998,303.8038441159595,607.607688231919,303.8038441159595
13,64,155.48399999999998,216.84173244506164,433.6834648901233,216.84173244506164
13,65,155.48399999999998,192.85243187285897,385.70486374571794,192.852431872859
13,66,155.48399999999998,233.1262649465187,466.2525298930374,233.12626494651872
13,67,155.48399999999998,288.3267383413263,576.6534766826526,288.3267383413263
13,68,155.48399999999998,269.77050135716013,539.5410027143203,269.77050135716013
13,69,155.48399999999998,172.70642895407295,345.4128579081459,172.70642895407295
13,70,155.48399999999998,236.9551344166435,473.910268833287,236.9551344166435
13,71,155.48399999999998,198.6594452659288,397.3188905318576,198.65944526592884
13,72,155.48399999999998,284.88416374832195,569.7683274966439,284.88416374832195
13,73,155.48399999999998,214.2379762926394,428.4759525852788,214.23797629263942
13,74,155.48399999999998,214.0882618759001,428.1765237518002,214.0882618759001
13,75,155.48399999999998,286.0922159126416,572.1844318252832,286.0922159126416
13,76,155.48399999999998,237.24817175851996,474.4963435170399,237.24817175852
13,77,155.48399999999998,297.18501175758536,594.3700235151707,297.18501175758536
13,78,155.48399999999998,247.63582850568824,495.2716570113765,247.63582850568824
13,79,155.48399999999998,246.6671976286117,493.3343952572234,246.66719762861172
13,80,155.48399999999998,237.9248595539484,475.8497191078968,237.9248595539484
13,81,155.48399999999998,265.66559213646366,531.3311842729273,265.66559213646366
13,82,155.48399999999998,347.47029430856344,694.9405886171269,347.47029430856344
13,83,155.48399999999998,238.13993765156934,476.2798753031387,238.13993765156934
13,84,155.48399999999998,179.24324331206554,358.4864866241311,179.24324331206554
13,85,155.48399999999998,200.07548352029102,400.15096704058203,200.07548352029102
13,86,155.48399999999998,240.20088492896042,480.40176985792084,240.20088492896042
13,87,155.48399999999998,327.2154382301703,654.4308764603406,327.2154382301703
13,88,155.48399999999998,241.28899256820597,482.57798513641194,241.28899256820597
13,89,155.48399999999998,320.1371306423965,640.274261284793,320.1371306423965
13,90,155.48399999999998,218.52817844173592,437.05635688347184,218.52817844173592
13,91,155.48399999999998,301.89845384333194,603.7969076866639,301.89845384333194
13,92,155.48399999999998,201.3112987481977,402.6225974963954,201.31129874819771
13,93,155.48399999999998,324.4574575710655,648.914915142131,324.4574575710655
13,94,155.48399999999998,287.57205307208955,575.1441061441791,287.57205307208955
13,95,155.48399999999998,263.12469744256845,526.2493948851369,263.12469744256845
13,96,155.48399999999998,350.7111046734899,701.4222093469798,350.7111046734899
13,97,155.48399999999998,289.13654014864176,578.2730802972835,289.13654014864176
13,98,155.48399999999998,348.8355751444871,697.6711502889742,348.8355751444871
13,99,155.48399999999998,284.19129431880737,568.3825886376147,284.19129431880737
14,0,170.142,162.6521189300707,340.284,162.6521189300707
14,1,170.142,140.7175225790026,340.284,140.7175225790026
14,2,170.142,128.03939435568162,340.284,128.03939435568162
14,3,170.142,113.03407344710155,340.284,113.03407344710155
14,4,170.142,115.32383728561298,340.284,115.32383728561297
14,5,170.142,118.24250227622669,340.284,118.24250227622667
14,6,170.142,94.24381131505517,340.284,94.24381131505517
14,7,170.142,127.15885614814859,340.284,127.15885614814859
14,8,170.142,167.41817516144187,340.284,167.41817516144187
14,9,170.142,138.78312466098208,340.284,138.78312466098208
14,10,170.142,83.95207104349281,340.284,83.95207104349281
14,11,170.142,102.89699330202482,340.284,164.83119010176782
14,12,170.142,154.876649817342,340.284,154.876649817342
14,13,170.142,130.99823852773574,340.284,130.99823852773574
14,14,170.142,90.05484594238006,340.284,340.284
14,15,170.142,125.32940808522288,340.284,125.32940808522288
14,16,170.142,99.5632275040045,340.284,99.5632275040045
14,17,170.142,162.41798800508352,340.284,162.41798800508352
14,18,170.142,139.48993762133884,340.284,139.48993762133884
14,19,170.142,125.01144904795487,340.284,125.01144904795487
14,20,170.142,143.99468889590128,340.284,143.99468889590128
14,21,170.142,125.03509053702363,340.284,125.03509053702363
14,22,170.142,112.90347517729076,340.284,112.90347517729076
14,23,170.142,138.28807940206164,340.284,138.28807940206164
14,24,170.142,105.11070424855511,340.284,105.11070424855511
14,25,170.142,137.40132633791532,340.284,340.284
14,26,170.142,150.2710831188811,340.284,150.2710831188811
14,27,170.142,150.2100659860997,340.284,150.2100659860997
14,28,170.142,100.73406693932604,340.284,340.284
14,29,170.142,121.61167484409522,340.284,216.05173652161528
14,30,170.142,160.78521234804109,340.284,160.78521234804109
14,31,170.142,93.09640323503046,340.284,93.09640323503046
14,32,170.142,96.59333533831241,340.284,96.59333533831241
14,33,170.142,93.70266015210424,340.284,93.70266015210424
14,34,170.142,82.62520737421326,340.284,340.284
14,35,170.142,106.9341790017109,340.284,340.284
14,36,170.142,119.21349916352592,340.284,119.21349916352592
14,37,170.142,164.8202083484016,340.284,164.8202083484016
14,38,170.142,103.85626421370714,340.284,103.85626421370714
14,39,170.142,158.26445311211273,340.284,158.26445311211273
14,40,170.142,123.70340192470007,340.284,123.70340192470006
14,41,170.142,101.23095870616083,340.284,101.23095870616083
14,42,170.142,112.55657151730816,340.284,112.55657151730816
14,43,170.142,143.15123029834464,340.284,143.15123029834464
14,44,170.142,112.4253549554205,340.284,112.4253549554205
14,45,170.142,117.92063770046266,340.284,340.284
14,46,170.142,117.2264387079884,340.284,117.2264387079884
14,47,170.142,136.2860286001081,340.284,136.2860286001081
14,48,170.142,159.30417671407062,340.284,340.284
14,49,170.142,81.05392648505503,340.284,81.05392648505503
14,50,170.142,129.0240266476114,340.284,129.0240266476114
14,51,170.142,156.4051591026598,340.284,156.4051591026598
14,52,170.142,92.31394111908374,340.284,92.31394111908374
14,53,170.142,83.73189322766092,340.284,340.284
14,54,170.142,163.9884662481321,340.284,163.9884662481321
14,55,170.142,149.79190231984472,340.284,149.79190231984472
14,56,170.142,146.3488412288663,340.284,146.3488412288663
14,57,170.142,87.07279738315324,340.284,87.07279738315324
14,58,170.142,130.15384705144632,340.284,130.15384705144632
14,59,170.142,130.69955648090112,340.284,130.69955648090112
14,60,170.142,99.50141077041972,340.284,340.284
14,61,170.142,154.22782271329552,340.284,154.22782271329552
14,62,170.142,133.8513752549406,340.284,133.8513752549406
14,63,170.142,144.50712481776327,340.284,144.50712481776327
14,64,170.142,163.56090414951603,340.284,163.56090414951603
14,65,170.142,133.26909835710913,340.284,133.26909835710913
14,66,170.142,147.35222949619902,340.284,147.352229496199
14,67,170.142,100.84486674711594,340.284,100.84486674711594
14,68,170.142,96.78441403509903,340.284,96.78441403509902
14,69,170.142,92.02416731997202,340.284,92.02416731997204
14,70,170.142,127.17155857153452,340.284,127.17155857153453
14,71,170.142,93.0504651676746,340.284,93.0504651676746
14,72,170.142,100.78885740234368,340.284,100.7888574023437
14,73,170.142,131.07548592455484,340.284,131.07548592455484
14,74,170.142,146.4998840281269,340.284,146.4998840281269
14,75,170.142,163.52038977489298,340.284,163.52038977489298
14,76,170.142,156.78757460099268,340.284,156.78757460099268
14,77,170.142,147.6665449061975,340.284,147.6665449061975
14,78,170.142,137.57212471180188,340.284,137.57212471180188
14,79,170.142,139.53631890949444,340.284,139.53631890949444
14,80,170.142,131.81273269651055,340.284,131.81273269651055
14,81,170.142,80.79509758319311,340.284,80.79509758319311
14,82,170.142,148.94323317842702,340.284,148.94323317842702
14,83,170.142,112.55763911488329,340.284,112.55763911488327
14,84,170.142,149.87882726961405,340.284,149.87882726961405
14,85,170.142,166.57177117733622,340.284,166.57177117733622
14,86,170.142,109.793063135422,340.284,340.284
14,87,170.142,161.68827463391548,340.284,161.68827463391548
14,88,170.142,147.74042399364532,340.284,147.74042399364532
14,89,170.142,104.5230890788086,340.284,104.52308907880861
14,90,170.142,107.80142074161364,340.284,107.80142074161365
14,91,170.142,154.7806084627618,340.284,154.7806084627618
14,92,170.142,93.15841958301723,340.284,93.15841958301723
14,93,170.142,150.44621188358363,340.284,150.44621188358363
14,94,170.142,100.61699945752554,340.284,100.61699945752554
14,95,170.142,104.36980590504162,340.284,104.36980590504163
14,96,170.142,141.5144275971299,340.284,141.5144275971299
14,97,170.142,158.28315190389455,340.284,158.28315190389455
14,98,170.142,146.24145598578033,340.284,146.24145598578033
14,99,170.142,158.9962627479843,340.284,158.9962627479843
15,0,183.98799999999997,390.0533812163827,780.1067624327654,390.0533812163827
15,1,183.98799999999997,311.3046064720772,622.6092129441544,311.3046064720772
15,2,183.98799999999997,325.8259453144586,651.6518906289172,325.8259453144586
15,3,183.98799999999997,262.4598453203219,524.9196906406438,262.4598453203219
15,4,183.98799999999997,291.6073552935639,583.2147105871278,291.6073552935639
15,5,183.98799999999997,228.51203682368308,457.02407364736615,228.51203682368308
15,6,183.98799999999997,329.498531408576,658.997062817152,329.498531408576
15,7,183.98799999999997,407.7597396741852,815.5194793483704,407.7597396741852
15,8,183.98799999999997,230.31004849222182,460.62009698444365,230.3100484922218
15,9,183.98799999999997,343.2772278031765,686.554455606353,343.2772278031765
15,10,183.98799999999997,326.1923769223936,652.3847538447872,326.1923769223936
15,11,183.98799999999997,337.81216907879974,675.6243381575995,337.81216907879974
15,12,183.98799999999997,375.25867762637097,750.5173552527419,375.25867762637097
15,13,183.98799999999997,356.1925946446303,712.3851892892606,356.1925946446303
15,14,183.98799999999997,256.99735749010944,513.9947149802189,256.99735749010944
15,15,183.98799999999997,293.99161918064806,587.9832383612961,293.99161918064806
15,16,183.98799999999997,321.44615822694664,642.8923164538933,321.44615822694664
15,17,183.98799999999997,250.55271616076286,501.1054323215257,250.55271616076286
15,18,183.98799999999997,310.2154535095628,620.4309070191256,310.2154535095628
15,19,183.98799999999997,295.0799878954986,590.1599757909972,295.0799878954986
15,20,183.98799999999997,354.84789126810335,709.6957825362067,354.84789126810335
15,21,183.98799999999997,210.450997717442,420.901995434884,210.45099771744196
15,22,183.98799999999997,243.47411538085188,486.94823076170377,243.4741153808519
15,23,183.98799999999997,209.10202331542337,418.20404663084673,209.10202331542337
15,24,183.98799999999997,230.03838436415145,460.0767687283029,230.03838436415145
15,25,183.98799999999997,338.6842751691693,677.3685503383387,338.6842751691693
15,26,183.98799999999997,254.4255318033857,508.8510636067714,254.42553180338572
15,27,183.98799999999997,287.41506385269076,574.8301277053815,287.41506385269076
15,28,183.98799999999997,402.45424605136924,804.9084921027385,402.45424605136924
15,29,183.98799999999997,274.0172593873105,548.034518774621,274.0172593873105
15,30,183.98799999999997,268.1913578500222,536.3827157000444,268.1913578500222
15,31,183.98799999999997,338.7610802343023,677.5221604686046,338.7610802343023
15,32,183.98799999999997,247.35704178452897,494.71408356905795,247.357041784529
15,33,183.98799999999997,402.5059168738758,805.0118337477516,402.5059168738758
15,34,183.98799999999997,320.74704147995953,641.4940829599191,320.74704147995953
15,35,183.98799999999997,382.5912509785531,765.1825019571062,382.5912509785531
15,36,183.98799999999997,339.4215175138543,678.8430350277087,339.4215175138543
15,37,183.98799999999997,204.06251999329052,408.12503998658104,204.06251999329052
15,38,183.98799999999997,390.0659436833547,780.1318873667094,390.0659436833547
15,39,183.98799999999997,202.3027489152375,404.605497830475,202.3027489152375
15,40,183.98799999999997,348.7308408566549,697.4616817133098,348.7308408566549
15,41,183.98799999999997,313.35500169968805,626.7100033993761,313.35500169968805
15,42,183.98799999999997,330.0577035841479,660.1154071682957,330.0577035841479
15,43,183.98799999999997,350.5124670949347,701.0249341898694,350.5124670949347
15,44,183.98799999999997,277.7082993833129,555.4165987666258,277.7082993833129
15,45,183.98799999999997,216.58933081675332,433.17866163350664,216.58933081675335
15,46,183.98799999999997,337.09120677979234,674.1824135595847,337.09120677979234
15,47,183.98799999999997,382.6562292809208,765.3124585618416,382.6562292809208
15,48,183.98799999999997,341.3443048433407,682.6886096866814,341.3443048433407
15,49,183.98799999999997,288.80363042517257,577.6072608503451,288.80363042517257
15,50,183.98799999999997,309.96632579443065,619.9326515888613,309.96632579443065
15,51,183.98799999999997,328.5750413574182,657.1500827148363,328.5750413574182
15,52,183.98799999999997,308.4307715968391,616.8615431936782,308.4307715968391
15,53,183.98799999999997,201.14814352136412,402.29628704272824,201.14814352136415
15,54,183.98799999999997,234.24169653945555,468.4833930789111,234.24169653945555
15,55,183.98799999999997,213.8961231005106,427.7922462010212,213.89612310051064
15,56,183.98799999999997,259.57877612161906,519.1575522432381,259.57877612161906
15,57,183.98799999999997,266.0052855972237,532.0105711944474,266.0052855972237
15,58,183.98799999999997,248.76941943404202,497.53883886808404,248.769419434042
15,59,183.98799999999997,390.22805633369035,780.4561126673807,390.22805633369035
15,60,183.98799999999997,357.0952910835019,714.1905821670038,357.0952910835019
15,61,183.98799999999997,200.11383603712844,400.2276720742569,200.11383603712844
15,62,183.98799999999997,239.73738295585795,479.4747659117159,239.73738295585795
15,63,183.98799999999997,400.1953567136813,800.3907134273626,400.19535671368135
15,64,183.98799999999997,314.6981250014303,629.3962500028606,314.6981250014303
15,65,183.98799999999997,307.8041712024999,615.6083424049998,307.8041712024999
15,66,183.98799999999997,309.5610402235843,619.1220804471686,309.5610402235843
15,67,183.98799999999997,404.9061625437892,809.8123250875784,404.90616254378915
15,68,183.98799999999997,397.10844532672934,794.2168906534587,397.10844532672934
15,69,183.98799999999997,342.38696873873334,684.7739374774667,342.38696873873334
15,70,183.98799999999997,313.51949422028304,627.0389884405661,313.51949422028304
15,71,183.98799999999997,364.34469574848686,728.6893914969737,364.34469574848686
15,72,183.98799999999997,253.86122956337275,507.7224591267455,253.86122956337275
15,73,183.98799999999997,350.9936920101233,701.9873840202466,350.9936920101233
15,74,183.98799999999997,291.3220892657344,582.6441785314688,291.3220892657344
15,75,183.98799999999997,218.24570833523512,436.49141667047024,218.24570833523512
15,76,183.98799999999997,258.311437177257,516.622874354514,258.311437177257
15,77,183.98799999999997,357.4704380427057,714.9408760854114,357.4704380427057
15,78,183.98799999999997,274.18151683666787,548.3630336733357,274.18151683666787
15,79,183.98799999999997,352.46316295786147,704.9263259157229,352.46316295786147
15,80,183.98799999999997,317.1766628023575,634.353325604715,317.1766628023575
15,81,183.98799999999997,408.73050374449264,817.4610074889853,408.7305037444926
15,82,183.98799999999997,283.44684753702563,566.8936950740513,283.44684753702563
15,83,183.98799999999997,344.4169674376729,688.8339348753458,344.4169674376729
15,84,183.98799999999997,282.6411457367542,565.2822914735084,282.6411457367542
15,85,183.98799999999997,216.76582061585833,433.53164123171666,216.76582061585833
15,86,183.98799999999997,378.7128333170656,757.4256666341312,378.7128333170656
15,87,183.98799999999997,200.11486085559395,400.2297217111879,200.11486085559395
15,88,183.98799999999997,358.6713444818103,717.3426889636206,358.6713444818103
15,89,183.98799999999997,361.5164491857475,723.032898371495,361.5164491857475
15,90,183.98799999999997,268.64459481921705,537.2891896384341,268.64459481921705
15,91,183.98799999999997,246.95950513643515,493.9190102728703,246.95950513643515
15,92,183.98799999999997,332.92570994509794,665.8514198901959,332.92570994509794
15,93,183.98799999999997,285.605200128003,571.210400256006,285.605200128003
15,94,183.98799999999997,376.814774264444,753.629548528888,376.814774264444
15,95,183.98799999999997,354.9190807253758,709.8381614507516,354.9190807253758
15,96,183.98799999999997,309.802378912416,619.604757824832,309.802378912416
15,97,183.98799999999997,268.8069819722,537.6139639444,268.8069819722
15,98,183.98799999999997,384.60377372139993,769.2075474427999,384.60377372139993
15,99,183.98799999999997,292.35535586521803,584.7107117304361,292.35535586521803
16,0,191.702,160.85188940755958,383.404,160.85188940755958
16,1,191.702,137.13422406983693,383.404,137.13422406983693
16,2,191.702,175.962360444122,383.404,383.404
16,3,191.702,177.90867961316414,383.404,177.90867961316414
16,4,191.702,160.84625029770672,383.404,270.14249797401817
16,5,191.702,143.0857879721395,383.404,143.0857879721395
16,6,191.702,184.82680268000905,383.404,184.82680268000905
16,7,191.702,180.3240797295387,383.404,180.3240797295387
16,8,191.702,121.06904148090413,383.404,383.404
16,9,191.702,192.33115509852172,384.66231019704344,384.66231019704344
16,10,191.702,184.34202681164578,383.404,184.34202681164578
16,11,191.702,183.7447922329023,383.404,183.7447922329023
16,12,191.702,164.3937614798915,383.404,164.3937614798915
16,13,191.702,176.05932565643863,383.404,176.05932565643863
16,14,191.702,175.29573673585617,383.404,175.29573673585617
16,15,191.702,110.20849551922102,383.404,110.20849551922103
16,16,191.702,135.62131898159663,383.404,383.404
16,17,191.702,182.23170716106696,383.404,182.23170716106696
16,18,191.702,183.44717855720089,383.404,183.44717855720089
16,19,191.702,151.33474430144176,383.404,151.33474430144176
16,20,191.702,126.9298490571129,383.404,126.9298490571129
16,21,191.702,189.73799678596313,383.404,189.73799678596316
16,22,191.702,109.27412772189687,383.404,109.27412772189689
16,23,191.702,103.1867558893454,383.404,103.1867558893454
16,24,191.702,176.34567602028463,383.404,176.34567602028463
16,25,191.702,167.58968932978576,383.404,167.58968932978576
16,26,191.702,165.03811076269733,383.404,165.03811076269733
16,27,191.702,188.00311125732014,383.404,188.00311125732014
16,28,191.702,142.5930800569024,383.404,142.5930800569024
16,29,191.702,160.1752442334066,383.404,160.1752442334066
16,30,191.702,184.57216212654458,383.404,184.57216212654458
16,31,191.702,171.2552718956403,383.404,171.2552718956403
16,32,191.702,199.86271767889508,399.72543535779016,199.86271767889508
16,33,191.702,179.91960219571794,383.404,179.91960219571794
16,34,191.702,122.89419790330076,383.404,122.89419790330076
16,35,191.702,117.01817039893159,383.404,383.404
16,36,191.702,197.01134345259848,394.02268690519696,197.01134345259848
16,37,191.702,185.54838835093352,383.404,185.54838835093352
16,38,191.702,195.0349680171786,390.0699360343572,195.0349680171786
16,39,191.702,121.75693120771467,383.404,121.75693120771467
16,40,191.702,170.39238597820165,383.404,170.39238597820165
16,41,191.702,106.80887243490284,383.404,106.80887243490285
16,42,191.702,195.88278313514797,391.76556627029595,195.88278313514797
16,43,191.702,151.60866323139206,383.404,151.60866323139206
16,44,191.702,138.79417117641725,383.404,383.404
16,45,191.702,178.3803124757639,383.404,178.3803124757639
16,46,191.702,193.417580998249,386.835161996498,193.417580998249
16,47,191.702,167.95183333016467,383.404,167.95183333016467
16,48,191.702,111.01739490969766,383.404,111.01739490969766
16,49,191.702,100.31763734382683,383.404,100.31763734382683
16,50,191.702,197.47573861567108,394.95147723134215,197.47573861567108
16,51,191.702,169.54850447021934,383.404,169.54850447021934
16,52,191.702,147.66080682596117,383.404,383.404
16,53,191.702,127.38926156371623,383.404,127.38926156371623
16,54,191.702,139.35429457752502,383.404,139.35429457752502
16,55,191.702,127.64564453956608,383.404,383.404
16,56,191.702,173.4361080952699,383.404,173.4361080952699
16,57,191.702,129.4697196576452,383.404,383.404
16,58,191.702,117.22969712354437,383.404,117.22969712354437
16,59,191.702,119.69250642537456,383.404,119.69250642537457
16,60,191.702,141.09930150235382,383.404,383.404
16,61,191.702,193.53804574566698,387.07609149133395,193.53804574566698
16,62,191.702,164.44067761067498,383.404,164.44067761067498
16,63,191.702,130.11087971826697,383.404,130.11087971826697
16,64,191.702,136.44509620326264,383.404,136.44509620326264
16,65,191.702,187.06199518699077,383.404,187.06199518699077
16,66,191.702,139.9212776481023,383.404,383.404
16,67,191.702,127.61534356870692,383.404,127.61534356870692
16,68,191.702,168.6060715141337,383.404,168.6060715141337
16,69,191.702,137.469449085212,383.404,137.469449085212
16,70,191.702,177.29256463188494,383.404,177.29256463188494
16,71,191.702,121.13673239504165,383.404,383.404
16,72,191.702,157.12628776306408,383.404,157.1262877630641
16,73,191.702,183.64649087318432,383.404,183.64649087318432
16,74,191.702,183.8116724498384,383.404,183.8116724498384
16,75,191.702,104.47584775053957,383.404,104.47584775053957
16,76,191.702,97.06453550700394,383.404,97.06453550700394
16,77,191.702,100.82400988345366,383.404,100.82400988345366
16,78,191.702,182.61658370296647,383.404,182.61658370296647
16,79,191.702,157.19767785285757,383.404,157.19767785285757
16,80,191.702,127.04063703804145,383.404,127.04063703804145
16,81,191.702,160.13164036623556,383.404,160.13164036623556
16,82,191.702,133.60129613872013,383.404,133.60129613872013
16,83,191.702,199.9500319833719,399.9000639667438,199.9500319833719
16,84,191.702,138.3821141396732,383.404,138.3821141396732
16,85,191.702,153.9924292879164,383.404,153.9924292879164
16,86,191.702,178.44227031937103,383.404,178.44227031937103
16,87,191.702,122.14430141819014,383.404,383.404
16,88,191.702,156.99217296106718,383.404,156.99217296106718
16,89,191.702,134.25983981308363,383.404,134.25983981308363
16,90,191.702,147.20353268770555,383.404,147.20353268770555
16,91,191.702,165.37056956094298,383.404,165.37056956094298
16,92,191.702,156.68942800189265,383.404,156.68942800189265
16,93,191.702,140.22325945765738,383.404,140.22325945765738
16,94,191.702,128.46481992541524,383.404,128.46481992541524
16,95,191.702,133.31815850600037,383.404,133.31815850600037
16,96,191.702,133.98594078846477,383.404,133.98594078846477
16,97,191.702,119.93669504935193,383.404,119.93669504935194
16,98,191.702,167.31494592985277,383.404,167.31494592985277
16,99,191.702,141.4341047536707,383.404,141.4341047536707
17,0,185.29,183.06177145285562,370.58,183.06177145285562
17,1,185.29,191.93447060825605,383.8689412165121,191.93447060825605
17,2,185.29,194.03203251043985,388.0640650208797,194.03203251043985
17,3,185.29,173.82413744683288,370.58,173.82413744683288
17,4,185.29,188.7210282448464,377.4420564896928,188.7210282448464
17,5,185.29,220.07139569779795,440.1427913955959,220.07139569779795
17,6,185.29,260.18902254904765,520.3780450980953,260.18902254904765
17,7,185.29,174.14233896910295,370.58,174.14233896910295
17,8,185.29,160.1899812378401,370.58,160.1899812378401
17,9,185.29,155.34441770656636,370.58,155.34441770656636
17,10,185.29,137.31416367967995,370.58,137.31416367967995
17,11,185.29,261.24093098485383,522.4818619697077,261.24093098485383
17,12,185.29,231.31580895552557,462.63161791105114,231.31580895552557
17,13,185.29,143.93093816044615,370.58,143.93093816044615
17,14,185.29,236.21224398279986,472.4244879655997,236.21224398279986
17,15,185.29,183.25391634763196,370.58,183.25391634763196
17,16,185.29,213.99061778666533,427.98123557333065,213.99061778666533
17,17,185.29,181.80095755095005,370.58,181.80095755095005
17,18,185.29,200.05705100832947,400.11410201665893,200.0570510083295
17,19,185.29,260.89096201903493,521.7819240380699,260.89096201903493
17,20,185.29,250.82584135815864,501.6516827163173,250.82584135815864
17,21,185.29,187.0253205922397,374.0506411844794,187.0253205922397
17,22,185.29,188.6590489667834,377.3180979335668,188.6590489667834
17,23,185.29,154.1342663465414,370.58,154.1342663465414
17,24,185.29,213.87919347378772,427.75838694757545,213.87919347378772
17,25,185.29,149.07504463456752,370.58,149.07504463456752
17,26,185.29,258.554821894555,517.10964378911,258.554821894555
17,27,185.29,256.4532522983307,512.9065045966614,256.4532522983307
17,28,185.29,250.39570393423762,500.79140786847523,250.39570393423762
17,29,185.29,136.74531786013742,370.58,136.74531786013742
17,30,185.29,175.5345368973214,370.58,175.5345368973214
17,31,185.29,165.17196578947784,370.58,165.17196578947784
17,32,185.29,191.46788339370852,382.93576678741704,191.46788339370852
17,33,185.29,268.4522126405315,536.904425281063,268.4522126405315
17,34,185.29,243.8635689130137,487.7271378260274,243.8635689130137
17,35,185.29,208.26141953673752,416.52283907347504,208.26141953673752
17,36,185.29,274.731386417407,549.462772834814,274.731386417407
17,37,185.29,141.48615187140544,370.58,141.48615187140544
17,38,185.29,197.47464301028833,394.94928602057666,197.47464301028833
17,39,185.29,182.94082260809137,370.58,182.94082260809137
17,40,185.29,249.9983226960623,499.9966453921246,249.9983226960623
17,41,185.29,202.21762757791413,404.43525515582826,202.21762757791413
17,42,185.29,195.77348710384086,391.5469742076817,195.77348710384086
17,43,185.29,154.04801283798395,370.58,154.04801283798395
17,44,185.29,246.19169530396246,492.3833906079249,246.19169530396246
17,45,185.29,270.516406919416,541.032813838832,270.516406919416
17,46,185.29,245.0509917730043,490.1019835460086,245.05099177300434
17,47,185.29,272.16553309700066,544.3310661940013,272.16553309700066
17,48,185.29,159.07491027039507,370.58,159.07491027039507
17,49,185.29,222.43480425212772,444.86960850425544,222.43480425212772
17,50,185.29,195.73510799007673,391.47021598015345,195.73510799007673
17,51,185.29,137.95981703848548,370.58,137.95981703848548
17,52,185.29,244.10464760841256,488.2092952168251,244.10464760841256
17,53,185.29,157.71641341360305,370.58,157.71641341360305
17,54,185.29,264.96920440752893,529.9384088150579,264.96920440752893
17,55,185.29,164.820650640092,370.58,164.820650640092
17,56,185.29,170.02804625984172,370.58,170.02804625984172
17,57,185.29,271.4007680788971,542.8015361577942,271.4007680788971
17,58,185.29,176.18263234449188,370.58,176.18263234449188
17,59,185.29,253.90932135665406,507.8186427133081,253.90932135665406
17,60,185.29,238.57228243167046,477.1445648633409,238.57228243167046
17,61,185.29,256.5074594126233,513.0149188252466,256.5074594126233
17,62,185.29,142.9975601974253,370.58,142.9975601974253
17,63,185.29,200.28930246360667,400.57860492721335,200.28930246360667
17,64,185.29,187.8832996943979,375.7665993887958,187.8832996943979
17,65,185.29,226.70866192597865,453.4173238519573,226.70866192597865
17,66,185.29,262.5378059950174,525.0756119900348,262.5378059950174
17,67,185.29,219.31958705864307,438.63917411728613,219.31958705864307
17,68,185.29,252.03936060828207,504.07872121656413,252.03936060828207
17,69,185.29,258.96842373460873,517.9368474692175,258.96842373460873
17,70,185.29,200.95786902553618,401.91573805107237,200.9578690255362
17,71,185.29,192.45303420343646,384.9060684068729,192.45303420343646
17,72,185.29,200.6747990305087,401.3495980610174,200.67479903050872
17,73,185.29,176.6547135323493,370.58,176.6547135323493
17,74,185.29,159.28071536160274,370.58,159.28071536160274
17,75,185.29,239.66332238160888,479.32664476321776,239.66332238160888
17,76,185.29,267.99567380820224,535.9913476164045,267.99567380820224
17,77,185.29,206.10919260833285,412.2183852166657,206.10919260833285
17,78,185.29,180.7516637523642,370.58,180.7516637523642
17,79,185.29,148.99487653813594,370.58,148.99487653813594
17,80,185.29,224.30506995472547,448.61013990945094,224.30506995472547
17,81,185.29,157.96260462222432,370.58,157.96260462222432
17,82,185.29,245.3790496583083,490.7580993166166,245.37904965830833
17,83,185.29,195.23716578229315,390.4743315645863,195.23716578229315
17,84,185.29,180.49978210686365,370.58,180.49978210686365
17,85,185.29,225.11497908824907,450.22995817649814,225.1149790882491
17,86,185.29,257.76609761833,515.53219523666,257.76609761833
17,87,185.29,249.81889122894802,499.63778245789604,249.81889122894802
17,88,185.29,268.39698115387085,536.7939623077417,268.39698115387085
17,89,185.29,229.57117301272626,459.1423460254525,229.57117301272626
17,90,185.29,258.9429135697863,517.8858271395726,258.9429135697863
17,91,185.29,190.0705162770548,380.1410325541096,190.0705162770548
17,92,185.29,236.896563772595,473.79312754519,236.89656377259502
17,93,185.29,256.99945089754726,513.9989017950945,256.99945089754726
17,94,185.29,139.35260024536916,370.58,139.35260024536916
17,95,185.29,238.62503004515267,477.25006009030534,238.62503004515267
17,96,185.29,246.8430372551906,493.6860745103812,246.84303725519064
17,97,185.29,182.5911616986854,370.58,182.59116169868543
17,98,185.29,178.68901267381605,370.58,178.68901267381605
17,99,185.29,273.21391050832005,546.4278210166401,273.21391050832005
18,0,155.512,172.0557575065625,344.111515013125,172.0557575065625
18,1,155.512,135.75548547012946,311.024,135.75548547012946
18,2,155.512,122.63062309934817,311.024,122.63062309934818
18,3,155.512,181.07044360128674,362.1408872025735,181.07044360128674
18,4,155.512,112.44884288973738,311.024,112.44884288973738
18,5,155.512,115.33735406686424,311.024,115.33735406686422
18,6,155.512,170.11339257359938,340.22678514719877,170.11339257359938
18,7,155.512,159.43938925078209,318.87877850156417,159.4393892507913
18,8,155.512,106.96236934499957,311.024,106.96236934499959
18,9,155.512,159.78378833257793,319.56757666515585,159.78378833257793
18,10,155.512,204.6821557410557,409.3643114821114,204.68215574105574
18,11,155.512,172.00258013927927,344.00516027855855,172.00258013927927
18,12,155.512,190.40639747326867,380.81279494653734,190.40639747326867
18,13,155.512,201.44585804256926,402.8917160851385,201.44585804256928
18,14,155.512,154.357856249726,311.024,154.357856249726
18,15,155.512,181.97782308294785,363.9556461658957,181.97782308294785
18,16,155.512,166.03051939710443,332.06103879420886,166.03051939710443
18,17,155.512,198.96747584574018,397.93495169148036,198.96747584574018
18,18,155.512,168.71880846816447,337.43761693632894,168.71880846816447
18,19,155.512,191.04834881779644,382.0966976355929,191.04834881779644
18,20,155.512,179.50281346636646,359.0056269327329,179.50281346636646
18,21,155.512,126.99617218642076,311.024,126.99617218642076
18,22,155.512,150.46631402707925,311.024,150.46631402707925
18,23,155.512,196.02192945450474,392.0438589090095,196.02192945450474
18,24,155.512,150.88376834256167,311.024,150.88376834256167
18,25,155.512,143.0816936137895,311.024,143.0816936137895
18,26,155.512,205.56071148009207,411.12142296018413,205.56071148009204
18,27,155.512,159.61082904638883,319.22165809277766,159.61082904638883
18,28,155.512,192.72287971112442,385.44575942224884,192.72287971112442
18,29,155.512,139.0185229403641,311.024,139.0185229403641
18,30,155.512,126.70400951779818,311.024,126.70400951779818
18,31,155.512,145.5636405505141,311.024,145.5636405505141
18,32,155.512,117.80656767115417,311.024,117.80656767115418
18,33,155.512,182.43915454765707,364.87830909531414,182.43915454765707
18,34,155.512,173.9848158191342,347.9696316382684,173.9848158191342
18,35,155.512,177.43582377615425,354.8716475523085,177.43582377615425
18,36,155.512,115.24459508686436,311.024,115.24459508686438
18,37,155.512,211.67283377309175,423.3456675461835,79.81343301816138
18,38,155.512,189.77535719313482,379.55071438626965,189.77535719313482
18,39,155.512,210.20502772343588,420.41005544687175,210.20502772343588
18,40,155.512,116.710451108205,311.024,116.71045110820502
18,41,155.512,131.03178645658522,311.024,131.03178645658522
18,42,155.512,195.6730236927426,391.3460473854852,195.6730236927426
18,43,155.512,164.42508494492282,328.85016988984563,164.42508494492282
18,44,155.512,119.02884008691193,311.024,119.02884008691193
18,45,155.512,196.07737162138076,392.1547432427615,196.07737162138076
18,46,155.512,176.3853711799355,352.770742359871,176.3853711799355
18,47,155.512,188.3220401135432,376.6440802270864,188.3220401135432
18,48,155.512,126.09333579822386,311.024,126.09333579822386
18,49,155.512,125.35383023514383,311.024,125.35383023514383
18,50,155.512,208.23183062856035,416.4636612571207,208.23183062856035
18,51,155.512,109.66305591178396,311.024,109.66305591178396
18,52,155.512,155.14493921576195,311.024,155.14493921576195
18,53,155.512,140.6470553393801,311.024,140.6470553393801
18,54,155.512,195.69321794470747,391.38643588941494,195.69321794470747
18,55,155.512,125.07100121473574,311.024,125.07100121473576
18,56,155.512,132.2121537526754,311.024,132.2121537526754
18,57,155.512,117.61707263825163,311.024,117.61707263825163
18,58,155.512,117.7564906722591,311.024,117.7564906722591
18,59,155.512,127.53678125178367,311.024,127.53678125178367
18,60,155.512,103.38422942061234,311.024,103.38422942061234
18,61,155.512,124.83010947106932,311.024,124.83010947106932
18,62,155.512,113.70570904681284,311.024,113.70570904681286
18,63,155.512,134.27559886609663,311.024,134.27559886609663
18,64,155.512,150.99286867204208,311.024,150.99286867204208
18,65,155.512,195.69629906608384,391.3925981321677,195.69629906608384
18,66,155.512,191.59990439541312,383.19980879082624,191.59990439541312
18,67,155.512,195.4699779219141,390.9399558438282,195.4699779219141
18,68,155.512,143.92385550002015,311.024,143.92385550002015
18,69,155.512,150.09783837637056,311.024,150.09783837637056
18,70,155.512,114.82050720384517,311.024,114.82050720384518
18,71,155.512,196.33015903317192,392.66031806634385,196.33015903317192
18,72,155.512,204.1408799026971,408.2817598053942,204.1408799026971
18,73,155.512,127.53088281252509,311.024,127.53088281252509
18,74,155.512,122.99596859385494,311.024,122.99596859385493
18,75,155.512,108.37392100116402,311.024,108.37392100116404
18,76,155.512,125.7916163741595,311.024,125.7916163741595
18,77,155.512,207.60675023735192,415.21350047470384,207.60675023735195
18,78,155.512,200.0404965393332,400.0809930786664,200.0404965393332
18,79,155.512,121.4734285884894,311.024,121.4734285884894
18,80,155.512,145.17132836803114,311.024,145.17132836803114
18,81,155.512,121.82139353917267,311.024,121.82139353917267
18,82,155.512,123.8642019336894,311.024,123.86420193368942
18,83,155.512,155.87713157072935,311.7542631414587,155.87713157072935
18,84,155.512,107.47544942098845,311.024,107.47544942098845
18,85,155.512,191.34439836039195,382.6887967207839,191.34439836039195
18,86,155.512,129.56329429050544,311.024,129.56329429050544
18,87,155.512,197.11895790828103,394.23791581656207,197.11895790828103
18,88,155.512,127.19422659040478,311.024,127.19422659040478
18,89,155.512,179.59637717771687,359.19275435543375,179.59637717771687
18,90,155.512,157.98577781463072,315.97155562926145,157.98577781463072
18,91,155.512,150.92182408355993,311.024,150.92182408355993
18,92,155.512,172.90205051744022,345.80410103488043,172.90205051744022
18,93,155.512,159.84927394700713,319.69854789401427,159.84927394700713
18,94,155.512,210.96327946355257,421.92655892710513,210.96327946355257
18,95,155.512,161.54143767434968,323.08287534869936,161.54143767434968
18,96,155.512,153.75855232441705,311.024,153.75855232441705
18,97,155.512,158.9044339100241,317.8088678200482,158.9044339100241
18,98,155.512,118.04146815739969,311.024,118.04146815739969
18,99,155.512,197.47607955094406,394.9521591018881,197.47607955094406
19,0,139.846,74.08719795793434,279.692,279.692
19,1,139.846,70.2239285771862,279.692,70.2239285771862
19,2,139.846,97.4908180974681,279.692,97.4908180974681
19,3,139.846,98.94942718173587,279.692,98.94942718173587
19,4,139.846,138.35435453875576,279.692,138.35435453875576
19,5,139.846,85.42367550961127,279.692,85.42367550961127
19,6,139.846,75.83937888213288,279.692,149.22992679152287
19,7,139.846,124.29201547504476,279.692,124.29201547504476
19,8,139.846,86.79133924094903,279.692,86.79133924094903
19,9,139.846,107.70417909002325,279.692,107.70417909002326
19,10,139.846,97.81692507137176,279.692,279.692
19,11,139.846,73.7263365509623,279.692,73.7263365509623
19,12,139.846,76.14642800123684,279.692,279.692
19,13,139.846,83.4996714421005,279.692,279.6919999999993
19,14,139.846,86.52267472536523,279.692,86.52267472536523
19,15,139.846,121.02690561385964,279.692,121.02690561385965
19,16,139.846,82.12255534544431,279.692,82.12255534544431
19,17,139.846,82.96638735778122,279.692,82.96638735778122
19,18,139.846,80.98253178583138,279.692,279.692
19,19,139.846,112.29151357302341,279.692,112.29151357302341
19,20,139.846,90.7654318049366,279.692,90.7654318049366
19,21,139.846,90.03702716567739,279.692,90.03702716567739
19,22,139.846,80.44183849397844,279.692,279.692
19,23,139.846,72.05965560054254,279.692,72.05965560054254
19,24,139.846,70.72368291629854,279.692,279.692
19,25,139.846,136.92923083942728,279.692,136.92923083942728
19,26,139.846,71.64130549466496,279.692,71.64130549466496
19,27,139.846,85.1410730528986,279.692,85.1410730528986
19,28,139.846,126.3774243131548,279.692,126.37742431315482
19,29,139.846,74.93539046821734,279.692,74.93539046821734
19,30,139.846,100.10819862071851,279.692,279.692
19,31,139.846,88.41115963533984,279.692,88.41115963533984
19,32,139.846,95.38393515086916,279.692,95.38393515086916
19,33,139.846,100.40891104687108,279.692,279.692
19,34,139.846,96.88527024428242,279.692,96.88527024428242
19,35,139.846,72.83594277897768,279.692,72.83594277897768
19,36,139.846,98.5007419148701,279.692,98.5007419148701
19,37,139.846,124.98581227534184,279.692,124.98581227534184
19,38,139.846,103.15936046143278,279.692,103.1593604614328
19,39,139.846,129.41254209216115,279.692,129.41254209216115
19,40,139.846,71.2450928976927,279.692,71.2450928976927
19,41,139.846,80.08864250494707,279.692,80.08864250494707
19,42,139.846,70.19639167390415,279.692,279.69199999999785
19,43,139.846,75.10263336070598,279.692,75.10263336070598
19,44,139.846,90.81290132968533,279.692,279.692
19,45,139.846,113.35482795341603,279.692,113.35482795341602
19,46,139.846,69.88700953299329,279.692,69.88700953299329
19,47,139.846,138.78597886487853,279.692,138.78597886487853
19,48,139.846,98.44197090559864,279.692,98.44197090559864
19,49,139.846,85.32296250517578,279.692,85.32296250517578
19,50,139.846,92.95934676635858,279.692,92.95934676635858
19,51,139.846,71.40362309919308,279.692,71.40362309919308
19,52,139.846,81.32886759511312,279.692,81.32886759511312
19,53,139.846,107.42688990913122,279.692,107.42688990913123
19,54,139.846,71.94832448064358,279.692,279.692
19,55,139.846,104.09658376247853,279.692,104.09658376247852
19,56,139.846,100.09913339025488,279.692,100.09913339025486
19,57,139.846,118.97180943606375,279.692,118.97180943606375
19,58,139.846,130.67911134393847,279.692,130.67911134393847
19,59,139.846,133.88351526333963,279.692,133.88351526333963
19,60,139.846,119.55190334945858,279.692,119.55190334945857
19,61,139.846,96.87595534764974,279.692,96.87595534764974
19,62,139.846,109.58099495124983,279.692,109.58099495124985
19,63,139.846,96.07827699849217,279.692,96.07827699849217
19,64,139.846,72.40357395677336,279.692,279.692
19,65,139.846,114.67301896022451,279.692,114.67301896022451
19,66,139.846,96.71453922153175,279.692,96.71453922153175
19,67,139.846,70.62735318196931,279.692,70.62735318196931
19,68,139.846,74.22974042536197,279.692,279.692
19,69,139.846,109.3589960512581,279.692,109.35899605125809
19,70,139.846,131.97381170301176,279.692,131.97381170301176
19,71,139.846,130.98084660460708,279.692,130.98084660460708
19,72,139.846,133.72568567950418,279.692,133.72568567950418
19,73,139.846,115.57228681536346,279.692,279.6919999999968
19,74,139.846,125.41114283285252,279.692,125.41114283285253
19,75,139.846,101.53703218864202,279.692,101.537032188642
19,76,139.846,125.62208284879401,279.692,125.62208284879401
19,77,139.846,138.6940352767982,279.692,138.6940352767982
19,78,139.846,103.26243844356702,279.692,103.26243844356702
19,79,139.846,75.96925920716521,279.692,279.692
19,80,139.846,114.20904731733113,279.692,114.20904731733113
19,81,139.846,130.56598057088146,279.692,130.56598057088146
19,82,139.846,113.28984531127074,279.692,113.28984531127074
19,83,139.846,119.37135593110945,279.692,119.37135593110946
19,84,139.846,114.34199067339514,279.692,114.34199067339514
19,85,139.846,68.6542445291033,279.692,279.692
19,86,139.846,74.1090088415624,279.692,279.692
19,87,139.846,131.78632680759446,279.692,131.78632680759446
19,88,139.846,139.382626826372,279.692,279.692
19,89,139.846,127.05262056829719,279.692,127.05262056829719
19,90,139.846,115.61984663087416,279.692,115.61984663087416
19,91,139.846,92.41268047457781,279.692,92.41268047457781
19,92,139.846,82.46244414858458,279.692,82.46244414858458
19,93,139.846,137.98460710208457,279.692,137.98460710208457
19,94,139.846,124.26285398899873,279.692,124.26285398899873
19,95,139.846,90.12393627783423,279.692,279.692
19,96,139.846,130.75719072319518,279.692,130.75719072319518
19,97,139.846,102.66870735852234,279.692,102.66870735852234
19,98,139.846,105.26738448143209,279.692,105.26738448143209
19,99,139.846,96.38366421943607,279.692,96.38366421943607
20,0,136.052,115.10011947496447,272.104,115.10011947496449
20,1,136.052,93.25860568634005,272.104,93.25860568634005
20,2,136.052,103.95345934988593,272.104,103.95345934988593
20,3,136.052,105.10788254498087,272.104,105.10788254498087
20,4,136.052,100.83931756149485,272.104,100.83931756149485
20,5,136.052,63.03025146789123,272.104,272.104
20,6,136.052,93.20053802625236,272.104,93.20053802625236
20,7,136.052,68.39347702184006,272.104,68.39347702184006
20,8,136.052,126.9221920546826,272.104,126.9221920546826
20,9,136.052,101.4025141163413,272.104,101.4025141163413
20,10,136.052,86.58398124472546,272.104,207.5684223571091
20,11,136.052,110.62001427907789,272.104,110.6200142790779
20,12,136.052,125.12834982008182,272.104,125.12834982008184
20,13,136.052,104.24889941464193,272.104,104.24889941464193
20,14,136.052,79.7501866634996,272.104,272.1040000000002
20,15,136.052,94.45955673613068,272.104,94.45955673613068
20,16,136.052,78.1519217707192,272.104,272.104
20,17,136.052,64.4295064908497,272.104,64.4295064908497
20,18,136.052,72.99243803708468,272.104,72.99243803708468
20,19,136.052,78.59951758632133,272.104,78.59951758632133
20,20,136.052,99.33041145511577,272.104,99.33041145511577
20,21,136.052,72.64069429834919,272.104,272.104
20,22,136.052,78.14954836571764,272.104,78.14954836571764
20,23,136.052,70.20691703988548,272.104,70.20691703988548
20,24,136.052,65.16200945368303,272.104,65.16200945368303
20,25,136.052,124.76482217715147,272.104,124.76482217715147
20,26,136.052,66.31180820132717,272.104,272.1040000000002
20,27,136.052,111.30320493058697,272.104,111.30320493058699
20,28,136.052,117.22077436420243,272.104,117.22077436420244
20,29,136.052,117.31151171921584,272.104,117.31151171921586
20,30,136.052,69.78475039061242,272.104,69.78475039061242
20,31,136.052,74.23481458745425,272.104,74.23481458745425
20,32,136.052,63.619392452623686,272.104,272.104
20,33,136.052,120.24509989412408,272.104,120.24509989412408
20,34,136.052,121.8416295955388,272.104,121.84162959553882
20,35,136.052,125.66064196261028,272.104,272.104
20,36,136.052,125.29628304193355,272.104,125.29628304193355
20,37,136.052,109.83636439798265,272.104,109.83636439798265
20,38,136.052,77.25941412468109,272.104,77.25941412468109
20,39,136.052,125.87483427890663,272.104,125.87483427890665
20,40,136.052,81.26432134484821,272.104,81.26432134484821
20,41,136.052,120.77447971855243,272.104,120.77447971855244
20,42,136.052,110.03372576524758,272.104,110.0337257652476
20,43,136.052,106.94553781026312,272.104,106.94553781026312
20,44,136.052,117.68741321082283,272.104,272.104
20,45,136.052,93.04848627744883,272.104,93.04848627744883
20,46,136.052,115.25281057448518,272.104,115.25281057448518
20,47,136.052,118.79995178842026,272.104,118.79995178842026
20,48,136.052,89.87892337152344,272.104,89.87892337152344
20,49,136.052,104.1132715134617,272.104,104.1132715134617
20,50,136.052,79.34082707580501,272.104,272.104
20,51,136.052,115.22389490988057,272.104,115.22389490988057
20,52,136.052,86.24134342773934,272.104,272.104
20,53,136.052,96.70048557209563,272.104,96.70048557209563
20,54,136.052,87.17086848051684,272.104,87.17086848051684
20,55,136.052,128.79742260929595,272.104,128.79742260929595
20,56,136.052,63.17304991380691,272.104,63.17304991380691
20,57,136.052,80.25773027284053,272.104,80.25773027284053
20,58,136.052,113.26451616469582,272.104,272.104
20,59,136.052,108.02512020362174,272.104,108.02512020362174
20,60,136.052,107.63243092300684,272.104,107.63243092300685
20,61,136.052,87.71048793736092,272.104,272.104
20,62,136.052,86.1458556421945,272.104,86.1458556421945
20,63,136.052,67.91944478057295,272.104,272.10399999999976
20,64,136.052,101.8139920528057,272.104,101.8139920528057
20,65,136.052,74.09233233387485,272.104,272.104
20,66,136.052,79.04970465639563,272.104,79.04970465639563
20,67,136.052,70.69959390457416,272.104,70.69959390457416
20,68,136.052,73.51310681880679,272.104,73.51310681880679
20,69,136.052,94.34998669327277,272.104,272.104
20,70,136.052,70.0941316897033,272.104,70.0941316897033
20,71,136.052,112.72693118281842,272.104,112.72693118281842
20,72,136.052,90.15227104573636,272.104,90.15227104573636
20,73,136.052,119.23211864795479,272.104,119.23211864795479
20,74,136.052,115.06738096174405,272.104,115.06738096174405
20,75,136.052,122.59854103503918,272.104,122.59854103503918
20,76,136.052,110.49503746833595,272.104,110.49503746833595
20,77,136.052,107.8492205527089,272.104,107.84922055270891
20,78,136.052,101.74221402075226,272.104,101.74221402075226
20,79,136.052,62.572338081361096,272.104,272.104
20,80,136.052,73.35430991257242,272.104,272.104
20,81,136.052,92.60001201674565,272.104,272.10399999999987
20,82,136.052,66.0409478971444,272.104,272.1040000000002
20,83,136.052,113.72678315028247,272.104,113.72678315028249
20,84,136.052,69.165434437661,272.104,69.165434437661
20,85,136.052,83.70692199395867,272.104,83.70692199395867
20,86,136.052,71.10033975376248,272.104,272.104
20,87,136.052,112.77723153614987,272.104,112.77723153614987
20,88,136.052,71.9888300121902,272.104,71.9888300121902
20,89,136.052,119.41518152782307,272.104,119.41518152782307
20,90,136.052,72.83467777621094,272.104,72.83467777621094
20,91,136.052,95.89996863924276,272.104,95.89996863924276
20,92,136.052,79.25408501038692,272.104,79.25408501038692
20,93,136.052,114.28900534227404,272.104,114.28900534227404
20,94,136.052,90.90178605381922,272.104,90.90178605381922
20,95,136.052,86.67818160000293,272.104,86.67818160000293
20,96,136.052,116.07488725687577,272.104,116.07488725687578
20,97,136.052,125.94117629787964,272.104,125.94117629787964
20,98,136.052,76.04203826148343,272.104,76.04203826148343
20,99,136.052,77.74495999461006,272.104,272.104
21,0,133.0,65.98087997103435,266.0,266.0
21,1,133.0,96.7427850422241,266.0,266.0
21,2,133.0,122.54881069089761,266.0,122.5488106908976
21,3,133.0,91.1604436541197,266.0,91.1604436541197
21,4,133.0,80.88563714315885,266.0,80.88563714315885
21,5,133.0,77.7124915106234,266.0,77.7124915106234
21,6,133.0,66.1190335066736,266.0,66.1190335066736
21,7,133.0,115.17603112634035,266.0,115.17603112634036
21,8,133.0,97.82224205660316,266.0,97.82224205660316
21,9,133.0,114.93479663915785,266.0,266.0
21,10,133.0,80.97506266891418,266.0,80.97506266891418
21,11,133.0,118.66252194598714,266.0,118.66252194598714
21,12,133.0,66.54986360822377,266.0,66.54986360822377
21,13,133.0,76.21710389078228,266.0,266.0
21,14,133.0,107.9802666103477,266.0,107.9802666103477
21,15,133.0,78.26913960920001,266.0,78.26913960920001
21,16,133.0,62.9685711950876,266.0,62.9685711950876
21,17,133.0,123.59235980470737,266.0,123.59235980470737
21,18,133.0,122.80880482552249,266.0,122.8088048255225
21,19,133.0,112.11128599146444,266.0,112.11128599146446
21,20,133.0,83.6137050085922,266.0,83.6137050085922
21,21,133.0,77.86492701768226,266.0,77.86492701768226
21,22,133.0,101.72956791867274,266.0,266.0
21,23,133.0,86.65631657911321,266.0,86.65631657911321
21,24,133.0,66.62831042835245,266.0,266.0
21,25,133.0,72.30308593284406,266.0,72.30308593284406
21,26,133.0,106.8971255714087,266.0,106.8971255714087
21,27,133.0,79.23200355410604,266.0,79.23200355410604
21,28,133.0,99.5196780861927,266.0,99.5196780861927
21,29,133.0,88.31540276018586,266.0,88.31540276018586
21,30,133.0,92.64884123302464,266.0,92.64884123302464
21,31,133.0,101.49665250436776,266.0,101.49665250436777
21,32,133.0,84.3077567311514,266.0,84.3077567311514
21,33,133.0,102.0728972283956,266.0,102.0728972283956
21,34,133.0,112.82904919155983,266.0,112.82904919155983
21,35,133.0,83.74092239110703,266.0,83.74092239110703
21,36,133.0,63.33801003927996,266.0,266.0
21,37,133.0,92.07985526528586,266.0,92.07985526528586
21,38,133.0,64.17594415899276,266.0,265.9999999999986
21,39,133.0,91.48405986540821,266.0,91.48405986540821
21,40,133.0,110.20269461726895,266.0,110.20269461726895
21,41,133.0,76.71496548078466,266.0,266.0
21,42,133.0,89.74683242610966,266.0,265.99999999999886
21,43,133.0,83.15416671017344,266.0,83.15416671017344
21,44,133.0,67.53259291732066,266.0,67.53259291732066
21,45,133.0,69.31310774126892,266.0,69.31310774126892
21,46,133.0,120.83614342313003,266.0,120.83614342313003
21,47,133.0,89.23278700118881,266.0,89.23278700118883
21,48,133.0,63.02921328513381,266.0,266.0000000000009
21,49,133.0,95.77865558646457,266.0,95.77865558646457
21,50,133.0,94.22367008649572,266.0,94.22367008649572
21,51,133.0,92.44222006287141,266.0,92.44222006287141
21,52,133.0,67.64306649359989,266.0,67.64306649359989
21,53,133.0,125.63569693297535,266.0,125.63569693297518
21,54,133.0,106.75536469009461,266.0,106.75536469009461
21,55,133.0,72.35840070256431,266.0,266.0
21,56,133.0,102.12875340342939,266.0,266.0
21,57,133.0,78.07286210461398,266.0,266.0
21,58,133.0,86.34345515208389,266.0,86.34345515208389
21,59,133.0,78.260505457063,266.0,78.260505457063
21,60,133.0,72.21359968356593,266.0,266.0
21,61,133.0,92.90435483544083,266.0,92.90435483544083
21,62,133.0,91.08828512783325,266.0,266.0
21,63,133.0,122.21416364526496,266.0,122.21416364526496
21,64,133.0,106.05027008830616,266.0,106.05027008830616
21,65,133.0,110.27762827477306,266.0,110.27762827477308
21,66,133.0,73.57587330146923,266.0,73.57587330146923
21,67,133.0,85.74143396918143,266.0,85.74143396918143
21,68,133.0,115.8359657731389,266.0,115.83596577313891
21,69,133.0,83.79048021210602,266.0,83.79048021210602
21,70,133.0,99.82043549440961,266.0,99.82043549440961
21,71,133.0,82.30280299856786,266.0,82.30280299856786
21,72,133.0,97.92370562041172,266.0,97.92370562041172
21,73,133.0,77.98167321043069,266.0,266.0
21,74,133.0,111.03754220696025,266.0,111.03754220696025
21,75,133.0,63.267174917676876,266.0,63.26717491767687
21,76,133.0,70.41291172568047,266.0,70.41291172568047
21,77,133.0,103.52280807340259,266.0,103.5228080734026
21,78,133.0,92.06122847522148,266.0,92.0612284752215
21,79,133.0,74.49365778350497,266.0,74.49365778350497
21,80,133.0,74.30066472247884,266.0,228.15523228250018
21,81,133.0,99.56850906741238,266.0,99.56850906741238
21,82,133.0,107.12725812052688,266.0,107.12725812052688
21,83,133.0,121.28504766504687,266.0,121.28504766504689
21,84,133.0,86.36228193453803,266.0,86.36228193453803
21,85,133.0,88.53599722598247,266.0,88.53599722598247
21,86,133.0,63.8449822338772,266.0,265.9999999999993
21,87,133.0,107.95369982763447,266.0,266.0
21,88,133.0,124.06383834966749,266.0,124.06383834966749
21,89,133.0,105.75209521314075,266.0,105.75209521314075
21,90,133.0,66.5955051579103,266.0,66.5955051579103
21,91,133.0,68.77583562933717,266.0,266.0
21,92,133.0,119.65993854890453,266.0,119.65993854890453
21,93,133.0,115.78915416743428,266.0,115.78915416743428
21,94,133.0,62.73309999479934,266.0,62.73309999479933
21,95,133.0,79.33888766001502,266.0,79.33888766001502
21,96,133.0,62.613990516549535,266.0,266.0
21,97,133.0,87.22611567960395,266.0,87.22611567960395
21,98,133.0,60.65100491239945,266.0,265.99999999999955
21,99,133.0,102.81562979671128,266.0,102.81562979671128
22,0,127.87599999999999,83.4739879207248,255.75199999999998,83.4739879207248
22,1,127.87599999999999,78.97796935214022,255.75199999999998,78.97796935214022
22,2,127.87599999999999,93.83496486333424,255.75199999999998,93.83496486333424
22,3,127.87599999999999,100.91568384149961,255.75199999999998,100.91568384149963
22,4,127.87599999999999,68.89132193321824,255.75199999999998,255.75199999999998
22,5,127.87599999999999,103.23168814413727,255.75199999999998,103.23168814413725
22,6,127.87599999999999,115.26931484085486,255.75199999999998,115.26931484085485
22,7,127.87599999999999,89.5001699955072,255.75199999999998,255.75199999999998
22,8,127.87599999999999,78.58441857226033,255.75199999999998,78.58441857226033
22,9,127.87599999999999,72.49787450096782,255.75199999999998,255.75199999999998
22,10,127.87599999999999,68.97177337540664,255.75199999999998,255.75199999999998
22,11,127.87599999999999,74.13798073747601,255.75199999999998,255.75199999999998
22,12,127.87599999999999,69.39099983745776,255.75199999999998,255.75199999999998
22,13,127.87599999999999,104.15108666443903,255.75199999999998,104.15108666443903
22,14,127.87599999999999,119.67826484598699,255.75199999999998,119.67826484598699
22,15,127.87599999999999,104.19261003822446,255.75199999999998,104.19261003822446
22,16,127.87599999999999,109.66411167914349,255.75199999999998,109.66411167914349
22,17,127.87599999999999,116.27055799138512,255.75199999999998,116.27055799138513
22,18,127.87599999999999,61.341970365090816,255.75199999999998,255.75199999999998
22,19,127.87599999999999,107.3315268805745,255.75199999999998,107.3315268805745
22,20,127.87599999999999,66.06591754590762,255.75199999999998,255.75199999999998
22,21,127.87599999999999,120.72702332597741,255.75199999999998,120.72702332597743
22,22,127.87599999999999,82.94710847472851,255.75199999999998,82.94710847472851
22,23,127.87599999999999,82.39977500300476,255.75199999999998,82.39977500300476
22,24,127.87599999999999,92.01620771742036,255.75199999999998,92.01620771742036
22,25,127.87599999999999,77.63363107814807,255.75199999999998,77.63363107814807
22,26,127.87599999999999,109.71172818651216,255.75199999999998,109.71172818651216
22,27,127.87599999999999,112.59762240505775,255.75199999999998,112.59762240505775
22,28,127.87599999999999,87.7605060773349,255.75199999999998,87.7605060773349
22,29,127.87599999999999,108.69707854415245,255.75199999999998,108.69707854415245
22,30,127.87599999999999,94.51327346034685,255.75199999999998,94.51327346034685
22,31,127.87599999999999,114.84358624843752,255.75199999999998,114.84358624843752
22,32,127.87599999999999,75.70058314737624,255.75199999999998,75.70058314737624
22,33,127.87599999999999,108.6763515122191,255.75199999999998,108.6763515122191
22,34,127.87599999999999,64.67516198090546,255.75199999999998,255.75199999999998
22,35,127.87599999999999,87.80743491352551,255.75199999999998,87.80743491352551
22,36,127.87599999999999,84.78943969502892,255.75199999999998,84.78943969502892
22,37,127.87599999999999,87.83575163560724,255.75199999999998,87.83575163560724
22,38,127.87599999999999,67.74568819095113,255.75199999999998,255.75199999999998
22,39,127.87599999999999,65.92389624625152,255.75199999999998,65.92389624625152
22,40,127.87599999999999,99.3054461512434,255.75199999999998,99.3054461512434
22,41,127.87599999999999,114.17148835672917,255.75199999999998,114.17148835672917
22,42,127.87599999999999,114.17402647874319,255.75199999999998,114.1740264787432
22,43,127.87599999999999,67.25708549945652,255.75199999999998,255.75199999999998
22,44,127.87599999999999,65.05110590139125,255.75199999999998,255.75199999999998
22,45,127.87599999999999,69.80749095131108,255.75199999999998,255.75199999999998
22,46,127.87599999999999,91.19010941798622,255.75199999999998,91.19010941798622
22,47,127.87599999999999,95.25907503599932,255.75199999999998,95.25907503599932
22,48,127.87599999999999,69.00821168353404,255.75199999999998,255.75199999999998
22,49,127.87599999999999,99.52594365718632,255.75199999999998,99.52594365718632
22,50,127.87599999999999,80.51916958897493,255.75199999999998,80.51916958897493
22,51,127.87599999999999,109.39163678301456,255.75199999999998,109.39163678301456
22,52,127.87599999999999,92.87313474273256,255.75199999999998,92.87313474273256
22,53,127.87599999999999,92.63150044249572,255.75199999999998,255.75199999999998
22,54,127.87599999999999,87.29812008650087,255.75199999999998,87.29812008650087
22,55,127.87599999999999,80.56292586631251,255.75199999999998,255.75199999999998
22,56,127.87599999999999,81.7130277199875,255.75199999999998,81.7130277199875
22,57,127.87599999999999,76.01881733703016,255.75199999999998,76.01881733703016
22,58,127.87599999999999,97.19777422797769,255.75199999999998,97.19777422797769
22,59,127.87599999999999,71.24491864994333,255.75199999999998,71.24491864994333
22,60,127.87599999999999,62.401310159593315,255.75199999999998,255.75199999999998
22,61,127.87599999999999,111.99568363101727,255.75199999999998,111.99568363101729
22,62,127.87599999999999,93.23332091726202,255.75199999999998,93.23332091726202
22,63,127.87599999999999,111.6617024655074,255.75199999999998,111.66170246550739
22,64,127.87599999999999,97.22900362898125,255.75199999999998,97.22900362898125
22,65,127.87599999999999,108.10571839015043,255.75199999999998,108.10571839015044
22,66,127.87599999999999,101.3577696397311,255.75199999999998,101.35776963973112
22,67,127.87599999999999,98.46713961988533,255.75199999999998,98.46713961988533
22,68,127.87599999999999,102.81683456320128,255.75199999999998,102.81683456320127
22,69,127.87599999999999,85.71446446446897,255.75199999999998,85.71446446446897
22,70,127.87599999999999,75.14844916545971,255.75199999999998,75.14844916545971
22,71,127.87599999999999,76.49371320435077,255.75199999999998,76.49371320435077
22,72,127.87599999999999,75.83192501587011,255.75199999999998,75.83192501587011
22,73,127.87599999999999,106.5928898008338,255.75199999999998,106.59288980083382
22,74,127.87599999999999,121.15622643455231,255.75199999999998,121.15622643455231
22,75,127.87599999999999,64.67079495307122,255.75199999999998,255.75199999999998
22,76,127.87599999999999,103.94086389095727,255.75199999999998,103.94086389095727
22,77,127.87599999999999,74.96441087830551,255.75199999999998,74.96441087830551
22,78,127.87599999999999,59.523982565853295,255.75199999999998,255.75199999999998
22,79,127.87599999999999,100.98409860680553,255.75199999999998,100.98409860680553
22,80,127.87599999999999,64.72189511641386,255.75199999999998,64.72189511641386
22,81,127.87599999999999,79.09129261829005,255.75199999999998,255.75199999999998
22,82,127.87599999999999,73.73892359627025,255.75199999999998,73.73892359627025
22,83,127.87599999999999,77.0839607122446,255.75199999999998,77.0839607122446
22,84,127.87599999999999,73.7803968397344,255.75199999999998,73.7803968397344
22,85,127.87599999999999,117.12525412340305,255.75199999999998,117.12525412340307
22,86,127.87599999999999,100.11490029765078,255.75199999999998,100.11490029765078
22,87,127.87599999999999,88.39216128547929,255.75199999999998,88.39216128547929
22,88,127.87599999999999,74.06894082301156,255.75199999999998,255.75199999999998
22,89,127.87599999999999,99.95885364231104,255.75199999999998,99.95885364231104
22,90,127.87599999999999,65.91695801957246,255.75199999999998,255.75199999999998
22,91,127.87599999999999,102.42742473138813,255.75199999999998,102.42742473138813
22,92,127.87599999999999,96.88659161083966,255.75199999999998,228.12950494763152
22,93,127.87599999999999,59.39430273204665,255.75199999999998,59.394302732046626
22,94,127.87599999999999,102.60051586915124,255.75199999999998,102.60051586915124
22,95,127.87599999999999,87.94795648720692,255.75199999999998,87.94795648720692
22,96,127.87599999999999,70.00424992993439,255.75199999999998,70.00424992993439
22,97,127.87599999999999,64.40613052384046,255.75199999999998,255.75199999999998
22,98,127.87599999999999,95.63344865593373,255.75199999999998,95.63344865593373
22,99,127.87599999999999,110.91616517598906,255.75199999999998,110.91616517598905
23,0,121.226,64.78027419819944,242.452,64.78027419819944
23,1,121.226,80.30332663118435,242.452,80.30332663118435
23,2,121.226,63.09288504432239,242.452,242.45200000000003
23,3,121.226,98.02007638827979,242.452,98.0200763882798
23,4,121.226,87.80101630729219,242.452,87.80101630729219
23,5,121.226,86.47116562104917,242.452,86.47116562104917
23,6,121.226,63.271870703833116,242.452,242.45200000000003
23,7,121.226,69.15767751124035,242.452,69.15767751124035
23,8,121.226,83.58737254420977,242.452,83.58737254420977
23,9,121.226,94.35336557325286,242.452,94.35336557325286
23,10,121.226,48.37197767332223,242.452,242.45200000000003
23,11,121.226,80.45433080197817,242.452,80.45433080197817
23,12,121.226,88.53128971263041,242.452,88.53128971263041
23,13,121.226,52.70957732374481,242.452,242.45200000000003
23,14,121.226,94.30107378523886,242.452,94.30107378523886
23,15,121.226,75.82884269994706,242.452,75.82884269994706
23,16,121.226,69.42697734341019,242.452,69.42697734341019
23,17,121.226,87.05519545513108,242.452,87.05519545513108
23,18,121.226,68.19868123369082,242.452,68.19868123369082
23,19,121.226,88.68849338337412,242.452,88.68849338337412
23,20,121.226,91.52567788759407,242.452,91.52567788759407
23,21,121.226,97.70945749097072,242.452,97.70945749097072
23,22,121.226,65.95563928212141,242.452,65.95563928212141
23,23,121.226,52.720355240677634,242.452,242.45200000000003
23,24,121.226,87.34979504925559,242.452,87.34979504925559
23,25,121.226,48.78620841507046,242.452,242.45200000000003
23,26,121.226,87.052340696054,242.452,87.052340696054
23,27,121.226,90.8998695362648,242.452,90.8998695362648
23,28,121.226,95.21596415907334,242.452,95.21596415907334
23,29,121.226,49.333768508220835,242.452,242.45200000000003
23,30,121.226,93.5512551886477,242.452,93.5512551886477
23,31,121.226,98.70502399675492,242.452,98.70502399675492
23,32,121.226,54.18007405260637,242.452,242.45200000000003
23,33,121.226,72.73425638595047,242.452,72.73425638595047
23,34,121.226,66.76635061272074,242.452,66.76635061272074
23,35,121.226,92.27467203010055,242.452,92.27467203010055
23,36,121.226,52.08045780117815,242.452,242.45200000000003
23,37,121.226,71.98294433861892,242.452,71.98294433861892
23,38,121.226,49.28613550205269,242.452,242.45200000000003
23,39,121.226,95.74943103032429,242.452,95.74943103032429
23,40,121.226,70.65952378542491,242.452,242.45200000000003
23,41,121.226,84.76186009962726,242.452,84.76186009962726
23,42,121.226,49.30094564299168,242.452,242.45200000000003
23,43,121.226,58.12896767902563,242.452,242.45200000000003
23,44,121.226,80.17912860141078,242.452,80.17912860141078
23,45,121.226,61.69558095120772,242.452,61.69558095120772
23,46,121.226,94.464111689505,242.452,94.464111689505
23,47,121.226,96.43266135922194,242.452,96.43266135922194
23,48,121.226,56.25590297503503,242.452,242.45200000000003
23,49,121.226,97.7598869012046,242.452,97.7598869012046
23,50,121.226,95.16990967041096,242.452,95.16990967041096
23,51,121.226,71.81304308940723,242.452,71.81304308940723
23,52,121.226,64.53457911840592,242.452,64.53457911840592
23,53,121.226,77.62551964847283,242.452,77.62551964847283
23,54,121.226,79.85550172070619,242.452,79.85550172070619
23,55,121.226,48.32173055006567,242.452,242.45200000000003
23,56,121.226,80.21364026561191,242.452,80.21364026561191
23,57,121.226,72.72151045705584,242.452,72.72151045705584
23,58,121.226,89.81240441561948,242.452,89.81240441561948
23,59,121.226,89.70194922469501,242.452,89.70194922469501
23,60,121.226,84.22302719656928,242.452,84.22302719656928
23,61,121.226,82.19127160983078,242.452,82.19127160983078
23,62,121.226,94.75739803992649,242.452,94.75739803992649
23,63,121.226,74.18283146927827,242.452,74.18283146927827
23,64,121.226,80.14116456741583,242.452,80.14116456741583
23,65,121.226,94.51016656231802,242.452,94.51016656231802
23,66,121.226,95.79885960819212,242.452,95.79885960819212
23,67,121.226,73.26685636728952,242.452,73.26685636728952
23,68,121.226,54.979428898114406,242.452,54.97942889811441
23,69,121.226,80.89964067332133,242.452,80.89964067332133
23,70,121.226,72.94009677012994,242.452,72.94009677012994
23,71,121.226,56.748928109248936,242.452,56.74892810924894
23,72,121.226,59.50509578695305,242.452,242.45200000000003
23,73,121.226,51.023509424673925,242.452,242.45200000000003
23,74,121.226,89.09997563254319,242.452,89.09997563254319
23,75,121.226,72.57119806565055,242.452,72.57119806565055
23,76,121.226,50.74981640646983,242.452,242.45200000000003
23,77,121.226,61.65618720291697,242.452,242.45200000000003
23,78,121.226,96.47329232058408,242.452,96.47329232058408
23,79,121.226,50.456989990479514,242.452,242.45200000000003
23,80,121.226,83.79195439935914,242.452,83.79195439935914
23,81,121.226,51.385118134299525,242.452,51.385118134299525
23,82,121.226,91.00192107071865,242.452,91.00192107071865
23,83,121.226,79.68043797380324,242.452,79.68043797380324
23,84,121.226,89.45508575206844,242.452,89.45508575206844
23,85,121.226,57.48092779837993,242.452,242.45200000000003
23,86,121.226,64.75958303774655,242.452,242.45200000000003
23,87,121.226,78.15573788565976,242.452,78.15573788565976
23,88,121.226,54.07758286973992,242.452,242.45200000000003
23,89,121.226,79.311837787289,242.452,242.45200000000003
23,90,121.226,62.922880297165555,242.452,242.45200000000003
23,91,121.226,52.866077412195175,242.452,242.45200000000003
23,92,121.226,54.41012210531343,242.452,54.41012210531343
23,93,121.226,66.3551139817171,242.452,242.45200000000003
23,94,121.226,96.61290206375554,242.452,96.61290206375554
23,95,121.226,80.05124687816736,242.452,80.05124687816736
23,96,121.226,55.83793871190847,242.452,242.45200000000003
23,97,121.226,68.6207599340404,242.452,68.6207599340404
23,98,121.226,98.85572988676296,242.452,98.85572988676296
23,99,121.226,91.20779418520335,242.452,91.20779418520335
