datetime_beginning_utc,datetime_beginning_ept,pnode_id,pnode_name,voltage,equipment,type,zone,system_energy_price_rt,total_lmp_rt,congestion_price_rt,marginal_loss_price_rt,row_is_current,version_nbr
9/1/2025 4:00:00 AM,9/1/2025 12:00:00 AM,1,PJM-RTO,,,ZONE,,16.450000,16.501561,0.041772,0.009789,True,1
9/1/2025 4:05:00 AM,9/1/2025 12:05:00 AM,1,PJM-RTO,,,ZONE,,18.670000,18.686130,0.009298,0.006832,True,1
9/1/2025 4:10:00 AM,9/1/2025 12:10:00 AM,1,PJM-RTO,,,ZONE,,19.790000,19.805603,0.010102,0.005501,True,1
9/1/2025 4:15:00 AM,9/1/2025 12:15:00 AM,1,PJM-RTO,,,ZONE,,18.830000,18.848066,0.008900,0.009166,True,1
9/1/2025 4:20:00 AM,9/1/2025 12:20:00 AM,1,PJM-RTO,,,ZONE,,16.490000,16.506197,0.006829,0.009368,True,1
9/1/2025 4:25:00 AM,9/1/2025 12:25:00 AM,1,PJM-RTO,,,ZONE,,17.080000,17.111735,0.024439,0.007296,True,1
9/1/2025 4:30:00 AM,9/1/2025 12:30:00 AM,1,PJM-RTO,,,ZONE,,15.230000,15.251576,0.017021,0.004555,True,1
9/1/2025 4:35:00 AM,9/1/2025 12:35:00 AM,1,PJM-RTO,,,ZONE,,15.230000,15.251576,0.017021,0.004555,True,1
9/1/2025 4:40:00 AM,9/1/2025 12:40:00 AM,1,PJM-RTO,,,ZONE,,16.080000,16.122117,0.034546,0.007571,True,1
9/1/2025 4:45:00 AM,9/1/2025 12:45:00 AM,1,PJM-RTO,,,ZONE,,16.030000,16.066860,0.033004,0.003856,True,1
9/1/2025 4:50:00 AM,9/1/2025 12:50:00 AM,1,PJM-RTO,,,ZONE,,15.930000,15.965244,0.024711,0.010533,True,1
9/1/2025 4:55:00 AM,9/1/2025 12:55:00 AM,1,PJM-RTO,,,ZONE,,15.240000,15.256474,0.005264,0.011210,True,1
9/1/2025 5:00:00 AM,9/1/2025 1:00:00 AM,1,PJM-RTO,,,ZONE,,13.290000,13.330021,0.036518,0.003503,True,1
9/1/2025 5:05:00 AM,9/1/2025 1:05:00 AM,1,PJM-RTO,,,ZONE,,15.710000,15.748278,0.031205,0.007074,True,1
9/1/2025 5:10:00 AM,9/1/2025 1:10:00 AM,1,PJM-RTO,,,ZONE,,20.970000,21.030675,0.046915,0.013760,True,1
9/1/2025 5:15:00 AM,9/1/2025 1:15:00 AM,1,PJM-RTO,,,ZONE,,17.520000,17.563260,0.031648,0.011613,True,1
9/1/2025 5:20:00 AM,9/1/2025 1:20:00 AM,1,PJM-RTO,,,ZONE,,16.690000,16.719068,0.016613,0.012455,True,1
9/1/2025 5:25:00 AM,9/1/2025 1:25:00 AM,1,PJM-RTO,,,ZONE,,16.690000,16.719068,0.016613,0.012455,True,1
9/1/2025 5:30:00 AM,9/1/2025 1:30:00 AM,1,PJM-RTO,,,ZONE,,23.420000,23.480552,0.047016,0.013535,True,1
9/1/2025 5:35:00 AM,9/1/2025 1:35:00 AM,1,PJM-RTO,,,ZONE,,21.060000,21.113893,0.042366,0.011527,True,1
9/1/2025 5:40:00 AM,9/1/2025 1:40:00 AM,1,PJM-RTO,,,ZONE,,25.010000,25.070398,0.047664,0.012734,True,1
9/1/2025 5:45:00 AM,9/1/2025 1:45:00 AM,1,PJM-RTO,,,ZONE,,18.040000,18.080101,0.033059,0.007041,True,1
9/1/2025 5:50:00 AM,9/1/2025 1:50:00 AM,1,PJM-RTO,,,ZONE,,21.000000,21.050498,0.040053,0.010445,True,1
9/1/2025 5:55:00 AM,9/1/2025 1:55:00 AM,1,PJM-RTO,,,ZONE,,24.190000,24.266315,0.063346,0.012968,True,1
9/1/2025 6:00:00 AM,9/1/2025 2:00:00 AM,1,PJM-RTO,,,ZONE,,16.600000,16.621256,0.017453,0.003803,True,1
9/1/2025 6:05:00 AM,9/1/2025 2:05:00 AM,1,PJM-RTO,,,ZONE,,17.880000,17.926902,0.039882,0.007020,True,1
9/1/2025 6:10:00 AM,9/1/2025 2:10:00 AM,1,PJM-RTO,,,ZONE,,14.020000,14.028803,0.000000,0.008803,True,1
9/1/2025 6:15:00 AM,9/1/2025 2:15:00 AM,1,PJM-RTO,,,ZONE,,15.160000,15.198891,0.032986,0.005906,True,1
9/1/2025 6:20:00 AM,9/1/2025 2:20:00 AM,1,PJM-RTO,,,ZONE,,16.310000,16.326724,0.007273,0.009451,True,1
9/1/2025 6:25:00 AM,9/1/2025 2:25:00 AM,1,PJM-RTO,,,ZONE,,16.600000,16.625242,0.015598,0.009644,True,1
9/1/2025 6:30:00 AM,9/1/2025 2:30:00 AM,1,PJM-RTO,,,ZONE,,16.350000,16.366646,0.006190,0.010456,True,1
9/1/2025 6:35:00 AM,9/1/2025 2:35:00 AM,1,PJM-RTO,,,ZONE,,16.410000,16.427304,0.005691,0.011612,True,1
9/1/2025 6:40:00 AM,9/1/2025 2:40:00 AM,1,PJM-RTO,,,ZONE,,20.050000,20.096924,0.040808,0.006115,True,1
9/1/2025 6:45:00 AM,9/1/2025 2:45:00 AM,1,PJM-RTO,,,ZONE,,16.560000,16.569585,0.005053,0.004532,True,1
9/1/2025 6:50:00 AM,9/1/2025 2:50:00 AM,1,PJM-RTO,,,ZONE,,14.680000,14.713128,0.028513,0.004615,True,1
9/1/2025 6:55:00 AM,9/1/2025 2:55:00 AM,1,PJM-RTO,,,ZONE,,13.570000,13.579303,0.004036,0.005267,True,1
9/1/2025 7:00:00 AM,9/1/2025 3:00:00 AM,1,PJM-RTO,,,ZONE,,15.330000,15.367164,0.029545,0.007619,True,1
9/1/2025 7:05:00 AM,9/1/2025 3:05:00 AM,1,PJM-RTO,,,ZONE,,14.820000,14.866122,0.033784,0.012339,True,1
9/1/2025 7:10:00 AM,9/1/2025 3:10:00 AM,1,PJM-RTO,,,ZONE,,22.910000,23.048003,0.121935,0.016068,True,1
9/1/2025 7:15:00 AM,9/1/2025 3:15:00 AM,1,PJM-RTO,,,ZONE,,15.470000,15.486935,0.007700,0.009235,True,1
9/1/2025 7:20:00 AM,9/1/2025 3:20:00 AM,1,PJM-RTO,,,ZONE,,17.540000,17.596956,0.042986,0.013970,True,1
9/1/2025 7:25:00 AM,9/1/2025 3:25:00 AM,1,PJM-RTO,,,ZONE,,15.920000,15.931498,0.005765,0.005732,True,1
9/1/2025 7:30:00 AM,9/1/2025 3:30:00 AM,1,PJM-RTO,,,ZONE,,15.240000,15.274321,0.029904,0.004417,True,1
9/1/2025 7:35:00 AM,9/1/2025 3:35:00 AM,1,PJM-RTO,,,ZONE,,15.580000,15.600617,0.017299,0.003318,True,1
9/1/2025 7:40:00 AM,9/1/2025 3:40:00 AM,1,PJM-RTO,,,ZONE,,12.800000,12.811878,0.003205,0.008673,True,1
9/1/2025 7:45:00 AM,9/1/2025 3:45:00 AM,1,PJM-RTO,,,ZONE,,14.650000,14.683999,0.025753,0.008246,True,1
9/1/2025 7:50:00 AM,9/1/2025 3:50:00 AM,1,PJM-RTO,,,ZONE,,14.150000,14.159020,0.005919,0.003100,True,1
9/1/2025 7:55:00 AM,9/1/2025 3:55:00 AM,1,PJM-RTO,,,ZONE,,15.950000,15.991438,0.030186,0.011252,True,1
9/1/2025 8:00:00 AM,9/1/2025 4:00:00 AM,1,PJM-RTO,,,ZONE,,15.410000,15.428236,0.006051,0.012184,True,1
9/1/2025 8:05:00 AM,9/1/2025 4:05:00 AM,1,PJM-RTO,,,ZONE,,16.640000,16.677484,0.027115,0.010369,True,1
9/1/2025 8:10:00 AM,9/1/2025 4:10:00 AM,1,PJM-RTO,,,ZONE,,15.790000,15.796582,0.000000,0.006582,True,1
9/1/2025 8:15:00 AM,9/1/2025 4:15:00 AM,1,PJM-RTO,,,ZONE,,16.370000,16.408654,0.032462,0.006192,True,1
9/1/2025 8:20:00 AM,9/1/2025 4:20:00 AM,1,PJM-RTO,,,ZONE,,16.290000,16.301795,0.006932,0.004863,True,1
9/1/2025 8:25:00 AM,9/1/2025 4:25:00 AM,1,PJM-RTO,,,ZONE,,19.880000,19.929101,0.038711,0.010390,True,1
9/1/2025 8:30:00 AM,9/1/2025 4:30:00 AM,1,PJM-RTO,,,ZONE,,16.500000,16.511914,0.007222,0.004693,True,1
9/1/2025 8:35:00 AM,9/1/2025 4:35:00 AM,1,PJM-RTO,,,ZONE,,16.690000,16.724803,0.026416,0.008387,True,1
9/1/2025 8:40:00 AM,9/1/2025 4:40:00 AM,1,PJM-RTO,,,ZONE,,16.670000,16.681379,0.005878,0.005501,True,1
9/1/2025 8:45:00 AM,9/1/2025 4:45:00 AM,1,PJM-RTO,,,ZONE,,16.470000,16.510338,0.031160,0.009177,True,1
9/1/2025 8:50:00 AM,9/1/2025 4:50:00 AM,1,PJM-RTO,,,ZONE,,16.740000,16.781574,0.029415,0.012159,True,1
9/1/2025 8:55:00 AM,9/1/2025 4:55:00 AM,1,PJM-RTO,,,ZONE,,14.110000,14.123371,0.004026,0.009345,True,1
9/1/2025 9:00:00 AM,9/1/2025 5:00:00 AM,1,PJM-RTO,,,ZONE,,15.230000,15.262455,0.027210,0.005245,True,1
9/1/2025 9:05:00 AM,9/1/2025 5:05:00 AM,1,PJM-RTO,,,ZONE,,15.260000,15.276649,0.006114,0.010535,True,1
9/1/2025 9:10:00 AM,9/1/2025 5:10:00 AM,1,PJM-RTO,,,ZONE,,16.120000,16.180958,0.054033,0.006925,True,1
9/1/2025 9:15:00 AM,9/1/2025 5:15:00 AM,1,PJM-RTO,,,ZONE,,14.770000,14.783325,0.006763,0.006562,True,1
9/1/2025 9:20:00 AM,9/1/2025 5:20:00 AM,1,PJM-RTO,,,ZONE,,15.260000,15.302081,0.034666,0.007414,True,1
9/1/2025 9:25:00 AM,9/1/2025 5:25:00 AM,1,PJM-RTO,,,ZONE,,16.000000,16.017607,0.005234,0.012374,True,1
9/1/2025 9:30:00 AM,9/1/2025 5:30:00 AM,1,PJM-RTO,,,ZONE,,17.720000,17.754785,0.030071,0.004715,True,1
9/1/2025 9:35:00 AM,9/1/2025 5:35:00 AM,1,PJM-RTO,,,ZONE,,17.720000,17.765702,0.034857,0.010844,True,1
9/1/2025 9:40:00 AM,9/1/2025 5:40:00 AM,1,PJM-RTO,,,ZONE,,17.760000,17.802954,0.033805,0.009149,True,1
9/1/2025 9:45:00 AM,9/1/2025 5:45:00 AM,1,PJM-RTO,,,ZONE,,17.930000,17.987766,0.044637,0.013129,True,1
9/1/2025 9:50:00 AM,9/1/2025 5:50:00 AM,1,PJM-RTO,,,ZONE,,19.170000,19.216940,0.036150,0.010790,True,1
9/1/2025 9:55:00 AM,9/1/2025 5:55:00 AM,1,PJM-RTO,,,ZONE,,18.370000,18.421254,0.040777,0.010477,True,1
9/1/2025 10:00:00 AM,9/1/2025 6:00:00 AM,1,PJM-RTO,,,ZONE,,17.830000,17.876118,0.031085,0.015033,True,1
9/1/2025 10:05:00 AM,9/1/2025 6:05:00 AM,1,PJM-RTO,,,ZONE,,22.200000,22.264998,0.051673,0.013325,True,1
9/1/2025 10:10:00 AM,9/1/2025 6:10:00 AM,1,PJM-RTO,,,ZONE,,20.200000,20.216876,0.009139,0.007737,True,1
9/1/2025 10:15:00 AM,9/1/2025 6:15:00 AM,1,PJM-RTO,,,ZONE,,20.070000,20.122402,0.041745,0.010658,True,1
9/1/2025 10:20:00 AM,9/1/2025 6:20:00 AM,1,PJM-RTO,,,ZONE,,20.450000,20.486086,0.024080,0.012006,True,1
9/1/2025 10:25:00 AM,9/1/2025 6:25:00 AM,1,PJM-RTO,,,ZONE,,21.060000,21.110148,0.039644,0.010504,True,1
9/1/2025 10:30:00 AM,9/1/2025 6:30:00 AM,1,PJM-RTO,,,ZONE,,18.020000,18.064313,0.040106,0.004207,True,1
9/1/2025 10:35:00 AM,9/1/2025 6:35:00 AM,1,PJM-RTO,,,ZONE,,20.780000,20.820898,0.029524,0.011374,True,1
9/1/2025 10:40:00 AM,9/1/2025 6:40:00 AM,1,PJM-RTO,,,ZONE,,15.310000,15.346395,0.029270,0.007125,True,1
9/1/2025 10:45:00 AM,9/1/2025 6:45:00 AM,1,PJM-RTO,,,ZONE,,17.840000,17.875520,0.029596,0.005924,True,1
9/1/2025 10:50:00 AM,9/1/2025 6:50:00 AM,1,PJM-RTO,,,ZONE,,14.170000,14.205907,0.024512,0.011395,True,1
9/1/2025 10:55:00 AM,9/1/2025 6:55:00 AM,1,PJM-RTO,,,ZONE,,13.640000,13.659617,0.013308,0.006309,True,1
9/1/2025 11:00:00 AM,9/1/2025 7:00:00 AM,1,PJM-RTO,,,ZONE,,16.610000,16.620701,0.006065,0.004636,True,1
9/1/2025 11:05:00 AM,9/1/2025 7:05:00 AM,1,PJM-RTO,,,ZONE,,14.050000,14.060691,0.000000,0.010691,True,1
9/1/2025 11:10:00 AM,9/1/2025 7:10:00 AM,1,PJM-RTO,,,ZONE,,13.570000,13.580566,0.004425,0.006141,True,1
9/1/2025 11:15:00 AM,9/1/2025 7:15:00 AM,1,PJM-RTO,,,ZONE,,14.120000,14.123497,-0.001220,0.004717,True,1
9/1/2025 11:20:00 AM,9/1/2025 7:20:00 AM,1,PJM-RTO,,,ZONE,,13.340000,13.353060,0.003477,0.009583,True,1
9/1/2025 11:25:00 AM,9/1/2025 7:25:00 AM,1,PJM-RTO,,,ZONE,,13.960000,13.974327,0.003604,0.010722,True,1
9/1/2025 11:30:00 AM,9/1/2025 7:30:00 AM,1,PJM-RTO,,,ZONE,,12.460000,12.466620,0.000000,0.006620,True,1
9/1/2025 11:35:00 AM,9/1/2025 7:35:00 AM,1,PJM-RTO,,,ZONE,,12.170000,12.181123,0.003097,0.008026,True,1
9/1/2025 11:40:00 AM,9/1/2025 7:40:00 AM,1,PJM-RTO,,,ZONE,,11.520000,11.524468,0.002192,0.002276,True,1
9/1/2025 11:45:00 AM,9/1/2025 7:45:00 AM,1,PJM-RTO,,,ZONE,,10.930000,10.934796,0.001765,0.003031,True,1
9/1/2025 11:50:00 AM,9/1/2025 7:50:00 AM,1,PJM-RTO,,,ZONE,,10.850000,10.856769,0.000000,0.006769,True,1
9/1/2025 11:55:00 AM,9/1/2025 7:55:00 AM,1,PJM-RTO,,,ZONE,,10.870000,10.875878,0.002322,0.003556,True,1
9/1/2025 12:00:00 PM,9/1/2025 8:00:00 AM,1,PJM-RTO,,,ZONE,,10.600000,10.599331,0.000000,-0.000669,True,1
9/1/2025 12:05:00 PM,9/1/2025 8:05:00 AM,1,PJM-RTO,,,ZONE,,13.150000,13.160378,0.000000,0.010378,True,1
9/1/2025 12:10:00 PM,9/1/2025 8:10:00 AM,1,PJM-RTO,,,ZONE,,12.880000,12.887029,0.000000,0.007029,True,1
9/1/2025 12:15:00 PM,9/1/2025 8:15:00 AM,1,PJM-RTO,,,ZONE,,11.420000,11.425185,0.000000,0.005185,True,1
9/1/2025 12:20:00 PM,9/1/2025 8:20:00 AM,1,PJM-RTO,,,ZONE,,10.550000,10.556334,0.000000,0.006334,True,1
9/1/2025 12:25:00 PM,9/1/2025 8:25:00 AM,1,PJM-RTO,,,ZONE,,10.820000,10.825379,0.001593,0.003786,True,1
9/1/2025 12:30:00 PM,9/1/2025 8:30:00 AM,1,PJM-RTO,,,ZONE,,9.630000,9.631717,0.000000,0.001717,True,1
9/1/2025 12:35:00 PM,9/1/2025 8:35:00 AM,1,PJM-RTO,,,ZONE,,9.630000,9.631717,0.000000,0.001717,True,1
9/1/2025 12:40:00 PM,9/1/2025 8:40:00 AM,1,PJM-RTO,,,ZONE,,9.840000,9.845208,0.000000,0.005208,True,1
9/1/2025 12:45:00 PM,9/1/2025 8:45:00 AM,1,PJM-RTO,,,ZONE,,10.050000,10.049447,0.000000,-0.000553,True,1
9/1/2025 12:50:00 PM,9/1/2025 8:50:00 AM,1,PJM-RTO,,,ZONE,,10.410000,10.411643,0.000000,0.001643,True,1
9/1/2025 12:55:00 PM,9/1/2025 8:55:00 AM,1,PJM-RTO,,,ZONE,,10.160000,10.167173,0.000000,0.007173,True,1
9/1/2025 1:00:00 PM,9/1/2025 9:00:00 AM,1,PJM-RTO,,,ZONE,,11.890000,11.898619,0.000000,0.008619,True,1
9/1/2025 1:05:00 PM,9/1/2025 9:05:00 AM,1,PJM-RTO,,,ZONE,,11.400000,11.405053,0.000000,0.005053,True,1
9/1/2025 1:10:00 PM,9/1/2025 9:10:00 AM,1,PJM-RTO,,,ZONE,,11.850000,11.853084,0.000000,0.003084,True,1
9/1/2025 1:15:00 PM,9/1/2025 9:15:00 AM,1,PJM-RTO,,,ZONE,,10.780000,10.786418,0.000000,0.006418,True,1
9/1/2025 1:20:00 PM,9/1/2025 9:20:00 AM,1,PJM-RTO,,,ZONE,,11.650000,11.659833,0.000000,0.009833,True,1
9/1/2025 1:25:00 PM,9/1/2025 9:25:00 AM,1,PJM-RTO,,,ZONE,,11.870000,11.871204,0.000000,0.001204,True,1
9/1/2025 1:30:00 PM,9/1/2025 9:30:00 AM,1,PJM-RTO,,,ZONE,,12.250000,12.258376,0.000000,0.008376,True,1
9/1/2025 1:35:00 PM,9/1/2025 9:35:00 AM,1,PJM-RTO,,,ZONE,,12.430000,12.435715,0.000000,0.005715,True,1
9/1/2025 1:40:00 PM,9/1/2025 9:40:00 AM,1,PJM-RTO,,,ZONE,,12.780000,12.789432,0.000000,0.009432,True,1
9/1/2025 1:45:00 PM,9/1/2025 9:45:00 AM,1,PJM-RTO,,,ZONE,,12.830000,12.837071,0.000000,0.007071,True,1
9/1/2025 1:50:00 PM,9/1/2025 9:50:00 AM,1,PJM-RTO,,,ZONE,,12.970000,12.978082,0.000000,0.008082,True,1
9/1/2025 1:55:00 PM,9/1/2025 9:55:00 AM,1,PJM-RTO,,,ZONE,,15.460000,15.462792,0.000000,0.002792,True,1
9/1/2025 2:00:00 PM,9/1/2025 10:00:00 AM,1,PJM-RTO,,,ZONE,,16.550000,16.554718,0.000000,0.004718,True,1
9/1/2025 2:05:00 PM,9/1/2025 10:05:00 AM,1,PJM-RTO,,,ZONE,,19.580000,19.582322,-0.004237,0.006559,True,1
9/1/2025 2:10:00 PM,9/1/2025 10:10:00 AM,1,PJM-RTO,,,ZONE,,13.340000,13.347811,-0.002949,0.010760,True,1
9/1/2025 2:15:00 PM,9/1/2025 10:15:00 AM,1,PJM-RTO,,,ZONE,,15.090000,15.366958,0.270015,0.006943,True,1
9/1/2025 2:20:00 PM,9/1/2025 10:20:00 AM,1,PJM-RTO,,,ZONE,,13.850000,14.154479,0.295464,0.009015,True,1
9/1/2025 2:25:00 PM,9/1/2025 10:25:00 AM,1,PJM-RTO,,,ZONE,,13.410000,13.424584,0.009687,0.004897,True,1
9/1/2025 2:30:00 PM,9/1/2025 10:30:00 AM,1,PJM-RTO,,,ZONE,,14.890000,14.916318,0.021824,0.004494,True,1
9/1/2025 2:35:00 PM,9/1/2025 10:35:00 AM,1,PJM-RTO,,,ZONE,,13.620000,13.635441,0.005030,0.010411,True,1
9/1/2025 2:40:00 PM,9/1/2025 10:40:00 AM,1,PJM-RTO,,,ZONE,,14.650000,14.699051,0.044560,0.004492,True,1
9/1/2025 2:45:00 PM,9/1/2025 10:45:00 AM,1,PJM-RTO,,,ZONE,,18.200000,18.491360,0.278610,0.012751,True,1
9/1/2025 2:50:00 PM,9/1/2025 10:50:00 AM,1,PJM-RTO,,,ZONE,,16.420000,16.454904,0.022816,0.012088,True,1
9/1/2025 2:55:00 PM,9/1/2025 10:55:00 AM,1,PJM-RTO,,,ZONE,,25.650000,25.647726,-0.015716,0.013443,True,1
9/1/2025 3:00:00 PM,9/1/2025 11:00:00 AM,1,PJM-RTO,,,ZONE,,22.510000,22.524385,0.000000,0.014385,True,1
9/1/2025 3:05:00 PM,9/1/2025 11:05:00 AM,1,PJM-RTO,,,ZONE,,17.700000,17.708409,0.000000,0.008409,True,1
9/1/2025 3:10:00 PM,9/1/2025 11:10:00 AM,1,PJM-RTO,,,ZONE,,15.160000,15.166365,0.000000,0.006365,True,1
9/1/2025 3:15:00 PM,9/1/2025 11:15:00 AM,1,PJM-RTO,,,ZONE,,14.900000,14.901609,0.000000,0.001609,True,1
9/1/2025 3:20:00 PM,9/1/2025 11:20:00 AM,1,PJM-RTO,,,ZONE,,16.160000,16.168663,0.000000,0.008663,True,1
9/1/2025 3:25:00 PM,9/1/2025 11:25:00 AM,1,PJM-RTO,,,ZONE,,16.280000,16.291980,0.000000,0.011980,True,1
9/1/2025 3:30:00 PM,9/1/2025 11:30:00 AM,1,PJM-RTO,,,ZONE,,16.820000,16.824536,0.000000,0.004536,True,1
9/1/2025 3:35:00 PM,9/1/2025 11:35:00 AM,1,PJM-RTO,,,ZONE,,16.640000,16.644558,0.000000,0.004558,True,1
9/1/2025 3:40:00 PM,9/1/2025 11:40:00 AM,1,PJM-RTO,,,ZONE,,16.510000,16.516441,0.000000,0.006441,True,1
9/1/2025 3:45:00 PM,9/1/2025 11:45:00 AM,1,PJM-RTO,,,ZONE,,16.960000,16.966417,0.000000,0.006417,True,1
9/1/2025 3:50:00 PM,9/1/2025 11:50:00 AM,1,PJM-RTO,,,ZONE,,18.030000,18.039038,0.000000,0.009038,True,1
9/1/2025 3:55:00 PM,9/1/2025 11:55:00 AM,1,PJM-RTO,,,ZONE,,17.380000,17.389669,0.000000,0.009669,True,1
9/1/2025 4:00:00 PM,9/1/2025 12:00:00 PM,1,PJM-RTO,,,ZONE,,15.910000,15.921411,0.000000,0.011411,True,1
9/1/2025 4:05:00 PM,9/1/2025 12:05:00 PM,1,PJM-RTO,,,ZONE,,16.870000,16.876198,0.000000,0.006198,True,1
9/1/2025 4:10:00 PM,9/1/2025 12:10:00 PM,1,PJM-RTO,,,ZONE,,18.040000,18.048898,0.000000,0.008898,True,1
9/1/2025 4:15:00 PM,9/1/2025 12:15:00 PM,1,PJM-RTO,,,ZONE,,17.130000,17.134426,0.000000,0.004426,True,1
9/1/2025 4:20:00 PM,9/1/2025 12:20:00 PM,1,PJM-RTO,,,ZONE,,17.190000,17.202304,0.000000,0.012304,True,1
9/1/2025 4:25:00 PM,9/1/2025 12:25:00 PM,1,PJM-RTO,,,ZONE,,17.360000,17.364760,0.000674,0.004086,True,1
9/1/2025 4:30:00 PM,9/1/2025 12:30:00 PM,1,PJM-RTO,,,ZONE,,19.040000,19.056309,0.013228,0.003080,True,1
9/1/2025 4:35:00 PM,9/1/2025 12:35:00 PM,1,PJM-RTO,,,ZONE,,20.040000,20.055200,0.005191,0.010009,True,1
9/1/2025 4:40:00 PM,9/1/2025 12:40:00 PM,1,PJM-RTO,,,ZONE,,17.920000,17.935483,0.009878,0.005605,True,1
9/1/2025 4:45:00 PM,9/1/2025 12:45:00 PM,1,PJM-RTO,,,ZONE,,17.420000,17.427836,0.003795,0.004041,True,1
9/1/2025 4:50:00 PM,9/1/2025 12:50:00 PM,1,PJM-RTO,,,ZONE,,15.730000,15.738093,-0.003635,0.011728,True,1
9/1/2025 4:55:00 PM,9/1/2025 12:55:00 PM,1,PJM-RTO,,,ZONE,,19.340000,19.570363,0.219503,0.010860,True,1
9/1/2025 5:00:00 PM,9/1/2025 1:00:00 PM,1,PJM-RTO,,,ZONE,,17.200000,17.210499,0.007503,0.002995,True,1
9/1/2025 5:05:00 PM,9/1/2025 1:05:00 PM,1,PJM-RTO,,,ZONE,,20.900000,20.926882,0.021339,0.005543,True,1
9/1/2025 5:10:00 PM,9/1/2025 1:10:00 PM,1,PJM-RTO,,,ZONE,,19.630000,19.658238,0.014542,0.013696,True,1
9/1/2025 5:15:00 PM,9/1/2025 1:15:00 PM,1,PJM-RTO,,,ZONE,,20.320000,20.609013,0.283111,0.005902,True,1
9/1/2025 5:20:00 PM,9/1/2025 1:20:00 PM,1,PJM-RTO,,,ZONE,,22.670000,22.955320,0.272525,0.012795,True,1
9/1/2025 5:25:00 PM,9/1/2025 1:25:00 PM,1,PJM-RTO,,,ZONE,,24.380000,24.546044,0.157835,0.008209,True,1
9/1/2025 5:30:00 PM,9/1/2025 1:30:00 PM,1,PJM-RTO,,,ZONE,,22.520000,22.534196,0.000000,0.014196,True,1
9/1/2025 5:35:00 PM,9/1/2025 1:35:00 PM,1,PJM-RTO,,,ZONE,,23.190000,23.204069,0.005884,0.008186,True,1
9/1/2025 5:40:00 PM,9/1/2025 1:40:00 PM,1,PJM-RTO,,,ZONE,,20.470000,20.484422,0.000000,0.014422,True,1
9/1/2025 5:45:00 PM,9/1/2025 1:45:00 PM,1,PJM-RTO,,,ZONE,,17.540000,17.552553,0.003637,0.008915,True,1
9/1/2025 5:50:00 PM,9/1/2025 1:50:00 PM,1,PJM-RTO,,,ZONE,,18.340000,18.351897,0.000000,0.011897,True,1
9/1/2025 5:55:00 PM,9/1/2025 1:55:00 PM,1,PJM-RTO,,,ZONE,,22.920000,23.191751,0.265540,0.006211,True,1
9/1/2025 6:00:00 PM,9/1/2025 2:00:00 PM,1,PJM-RTO,,,ZONE,,19.990000,20.065043,0.069448,0.005595,True,1
9/1/2025 6:05:00 PM,9/1/2025 2:05:00 PM,1,PJM-RTO,,,ZONE,,20.020000,20.027461,0.000000,0.007461,True,1
9/1/2025 6:10:00 PM,9/1/2025 2:10:00 PM,1,PJM-RTO,,,ZONE,,19.980000,19.989346,0.000000,0.009346,True,1
9/1/2025 6:15:00 PM,9/1/2025 2:15:00 PM,1,PJM-RTO,,,ZONE,,20.140000,20.149340,0.000000,0.009340,True,1
9/1/2025 6:20:00 PM,9/1/2025 2:20:00 PM,1,PJM-RTO,,,ZONE,,20.350000,20.368063,0.009093,0.008971,True,1
9/1/2025 6:25:00 PM,9/1/2025 2:25:00 PM,1,PJM-RTO,,,ZONE,,22.360000,22.368443,0.000000,0.008443,True,1
9/1/2025 6:30:00 PM,9/1/2025 2:30:00 PM,1,PJM-RTO,,,ZONE,,29.740000,29.750200,0.000000,0.010200,True,1
9/1/2025 6:35:00 PM,9/1/2025 2:35:00 PM,1,PJM-RTO,,,ZONE,,21.940000,21.954787,0.000000,0.014787,True,1
9/1/2025 6:40:00 PM,9/1/2025 2:40:00 PM,1,PJM-RTO,,,ZONE,,34.260000,34.360190,0.085789,0.014401,True,1
9/1/2025 6:45:00 PM,9/1/2025 2:45:00 PM,1,PJM-RTO,,,ZONE,,28.850000,28.907734,0.042472,0.015261,True,1
9/1/2025 6:50:00 PM,9/1/2025 2:50:00 PM,1,PJM-RTO,,,ZONE,,22.490000,22.502943,0.000000,0.012943,True,1
9/1/2025 6:55:00 PM,9/1/2025 2:55:00 PM,1,PJM-RTO,,,ZONE,,22.370000,22.380704,0.000000,0.010704,True,1
9/1/2025 7:00:00 PM,9/1/2025 3:00:00 PM,1,PJM-RTO,,,ZONE,,22.160000,22.418577,0.243211,0.015365,True,1
9/1/2025 7:05:00 PM,9/1/2025 3:05:00 PM,1,PJM-RTO,,,ZONE,,19.260000,19.308660,0.042195,0.006465,True,1
9/1/2025 7:10:00 PM,9/1/2025 3:10:00 PM,1,PJM-RTO,,,ZONE,,19.080000,19.343615,0.253932,0.009683,True,1
9/1/2025 7:15:00 PM,9/1/2025 3:15:00 PM,1,PJM-RTO,,,ZONE,,22.380000,22.387968,0.000000,0.007968,True,1
9/1/2025 7:20:00 PM,9/1/2025 3:20:00 PM,1,PJM-RTO,,,ZONE,,22.390000,22.398669,0.000000,0.008669,True,1
9/1/2025 7:25:00 PM,9/1/2025 3:25:00 PM,1,PJM-RTO,,,ZONE,,23.070000,23.079773,0.000000,0.009773,True,1
9/1/2025 7:30:00 PM,9/1/2025 3:30:00 PM,1,PJM-RTO,,,ZONE,,24.110000,24.122605,0.000000,0.012605,True,1
9/1/2025 7:35:00 PM,9/1/2025 3:35:00 PM,1,PJM-RTO,,,ZONE,,29.580000,29.598368,0.000000,0.018368,True,1
9/1/2025 7:40:00 PM,9/1/2025 3:40:00 PM,1,PJM-RTO,,,ZONE,,35.340000,35.354446,0.000000,0.014446,True,1
9/1/2025 7:45:00 PM,9/1/2025 3:45:00 PM,1,PJM-RTO,,,ZONE,,33.690000,33.949161,0.242551,0.016610,True,1
9/1/2025 7:50:00 PM,9/1/2025 3:50:00 PM,1,PJM-RTO,,,ZONE,,32.710000,32.991185,0.259065,0.022120,True,1
9/1/2025 7:55:00 PM,9/1/2025 3:55:00 PM,1,PJM-RTO,,,ZONE,,26.290000,26.566395,0.265458,0.010937,True,1
9/1/2025 8:00:00 PM,9/1/2025 4:00:00 PM,1,PJM-RTO,,,ZONE,,28.080000,28.353549,0.261649,0.011900,True,1
9/1/2025 8:05:00 PM,9/1/2025 4:05:00 PM,1,PJM-RTO,,,ZONE,,29.170000,29.240503,0.060476,0.010027,True,1
9/1/2025 8:10:00 PM,9/1/2025 4:10:00 PM,1,PJM-RTO,,,ZONE,,26.820000,27.063922,0.228094,0.015828,True,1
9/1/2025 8:15:00 PM,9/1/2025 4:15:00 PM,1,PJM-RTO,,,ZONE,,23.360000,23.394095,0.017736,0.016359,True,1
9/1/2025 8:20:00 PM,9/1/2025 4:20:00 PM,1,PJM-RTO,,,ZONE,,24.900000,24.926223,0.014076,0.012147,True,1
9/1/2025 8:25:00 PM,9/1/2025 4:25:00 PM,1,PJM-RTO,,,ZONE,,28.260000,28.329130,0.057355,0.011775,True,1
9/1/2025 8:30:00 PM,9/1/2025 4:30:00 PM,1,PJM-RTO,,,ZONE,,26.890000,26.958931,0.052326,0.016604,True,1
9/1/2025 8:35:00 PM,9/1/2025 4:35:00 PM,1,PJM-RTO,,,ZONE,,25.990000,26.047910,0.045250,0.012660,True,1
9/1/2025 8:40:00 PM,9/1/2025 4:40:00 PM,1,PJM-RTO,,,ZONE,,21.870000,21.926826,0.043012,0.013814,True,1
9/1/2025 8:45:00 PM,9/1/2025 4:45:00 PM,1,PJM-RTO,,,ZONE,,22.310000,22.349348,0.027416,0.011932,True,1
9/1/2025 8:50:00 PM,9/1/2025 4:50:00 PM,1,PJM-RTO,,,ZONE,,23.720000,23.741761,0.013690,0.008071,True,1
9/1/2025 8:55:00 PM,9/1/2025 4:55:00 PM,1,PJM-RTO,,,ZONE,,20.390000,20.411149,0.012595,0.008554,True,1
9/1/2025 9:00:00 PM,9/1/2025 5:00:00 PM,1,PJM-RTO,,,ZONE,,21.940000,21.983002,0.033253,0.009749,True,1
9/1/2025 9:05:00 PM,9/1/2025 5:05:00 PM,1,PJM-RTO,,,ZONE,,20.410000,20.451308,0.035257,0.006051,True,1
9/1/2025 9:10:00 PM,9/1/2025 5:10:00 PM,1,PJM-RTO,,,ZONE,,22.280000,22.333565,0.043667,0.009899,True,1
9/1/2025 9:15:00 PM,9/1/2025 5:15:00 PM,1,PJM-RTO,,,ZONE,,22.490000,22.512219,0.012634,0.009584,True,1
9/1/2025 9:20:00 PM,9/1/2025 5:20:00 PM,1,PJM-RTO,,,ZONE,,27.110000,27.136014,0.017013,0.009001,True,1
9/1/2025 9:25:00 PM,9/1/2025 5:25:00 PM,1,PJM-RTO,,,ZONE,,24.470000,24.539755,0.053388,0.016367,True,1
9/1/2025 9:30:00 PM,9/1/2025 5:30:00 PM,1,PJM-RTO,,,ZONE,,28.520000,28.589097,0.056659,0.012439,True,1
9/1/2025 9:35:00 PM,9/1/2025 5:35:00 PM,1,PJM-RTO,,,ZONE,,28.400000,28.409836,0.000000,0.009836,True,1
9/1/2025 9:40:00 PM,9/1/2025 5:40:00 PM,1,PJM-RTO,,,ZONE,,30.400000,30.431668,0.016067,0.015601,True,1
9/1/2025 9:45:00 PM,9/1/2025 5:45:00 PM,1,PJM-RTO,,,ZONE,,31.060000,31.099844,0.019082,0.020763,True,1
9/1/2025 9:50:00 PM,9/1/2025 5:50:00 PM,1,PJM-RTO,,,ZONE,,40.350000,40.388504,0.021161,0.017342,True,1
9/1/2025 9:55:00 PM,9/1/2025 5:55:00 PM,1,PJM-RTO,,,ZONE,,29.240000,29.266932,0.016309,0.010622,True,1
9/1/2025 10:00:00 PM,9/1/2025 6:00:00 PM,1,PJM-RTO,,,ZONE,,28.710000,28.766176,0.047547,0.008629,True,1
9/1/2025 10:05:00 PM,9/1/2025 6:05:00 PM,1,PJM-RTO,,,ZONE,,28.330000,28.356183,0.017073,0.009110,True,1
9/1/2025 10:10:00 PM,9/1/2025 6:10:00 PM,1,PJM-RTO,,,ZONE,,28.490000,28.524372,0.017209,0.017163,True,1
9/1/2025 10:15:00 PM,9/1/2025 6:15:00 PM,1,PJM-RTO,,,ZONE,,28.080000,28.095984,0.000000,0.015984,True,1
9/1/2025 10:20:00 PM,9/1/2025 6:20:00 PM,1,PJM-RTO,,,ZONE,,31.110000,31.136190,0.009026,0.017164,True,1
9/1/2025 10:25:00 PM,9/1/2025 6:25:00 PM,1,PJM-RTO,,,ZONE,,78.740000,78.790472,0.009716,0.040756,True,1
9/1/2025 10:30:00 PM,9/1/2025 6:30:00 PM,1,PJM-RTO,,,ZONE,,44.780000,44.815977,0.014593,0.021384,True,1
9/1/2025 10:35:00 PM,9/1/2025 6:35:00 PM,1,PJM-RTO,,,ZONE,,84.120000,84.209940,0.044122,0.045818,True,1
9/1/2025 10:40:00 PM,9/1/2025 6:40:00 PM,1,PJM-RTO,,,ZONE,,84.970000,85.051892,0.043317,0.038576,True,1
9/1/2025 10:45:00 PM,9/1/2025 6:45:00 PM,1,PJM-RTO,,,ZONE,,85.390000,85.459451,0.025332,0.044119,True,1
9/1/2025 10:50:00 PM,9/1/2025 6:50:00 PM,1,PJM-RTO,,,ZONE,,108.360000,108.475712,0.058877,0.056835,True,1
9/1/2025 10:55:00 PM,9/1/2025 6:55:00 PM,1,PJM-RTO,,,ZONE,,108.170000,108.233606,0.006653,0.056953,True,1
9/1/2025 11:00:00 PM,9/1/2025 7:00:00 PM,1,PJM-RTO,,,ZONE,,84.800000,84.894689,0.050423,0.044266,True,1
9/1/2025 11:05:00 PM,9/1/2025 7:05:00 PM,1,PJM-RTO,,,ZONE,,51.600000,51.664828,0.041667,0.023161,True,1
9/1/2025 11:10:00 PM,9/1/2025 7:10:00 PM,1,PJM-RTO,,,ZONE,,52.350000,52.427276,0.054753,0.022523,True,1
9/1/2025 11:15:00 PM,9/1/2025 7:15:00 PM,1,PJM-RTO,,,ZONE,,116.840000,117.050180,0.154208,0.055973,True,1
9/1/2025 11:20:00 PM,9/1/2025 7:20:00 PM,1,PJM-RTO,,,ZONE,,114.570000,114.701568,0.079981,0.051587,True,1
9/1/2025 11:25:00 PM,9/1/2025 7:25:00 PM,1,PJM-RTO,,,ZONE,,38.850000,38.898418,0.028931,0.019487,True,1
9/1/2025 11:30:00 PM,9/1/2025 7:30:00 PM,1,PJM-RTO,,,ZONE,,39.450000,39.499445,0.029318,0.020127,True,1
9/1/2025 11:35:00 PM,9/1/2025 7:35:00 PM,1,PJM-RTO,,,ZONE,,34.350000,34.390860,0.025598,0.015262,True,1
9/1/2025 11:40:00 PM,9/1/2025 7:40:00 PM,1,PJM-RTO,,,ZONE,,41.160000,41.217644,0.033883,0.023761,True,1
9/1/2025 11:45:00 PM,9/1/2025 7:45:00 PM,1,PJM-RTO,,,ZONE,,50.080000,50.131099,0.026712,0.024387,True,1
9/1/2025 11:50:00 PM,9/1/2025 7:50:00 PM,1,PJM-RTO,,,ZONE,,53.640000,53.726485,0.053347,0.033138,True,1
9/1/2025 11:55:00 PM,9/1/2025 7:55:00 PM,1,PJM-RTO,,,ZONE,,83.010000,83.163226,0.106310,0.046916,True,1
9/2/2025 12:00:00 AM,9/1/2025 8:00:00 PM,1,PJM-RTO,,,ZONE,,66.710000,66.793950,0.048514,0.035436,True,1
9/2/2025 12:05:00 AM,9/1/2025 8:05:00 PM,1,PJM-RTO,,,ZONE,,67.480000,67.515376,0.000000,0.035376,True,1
9/2/2025 12:10:00 AM,9/1/2025 8:10:00 PM,1,PJM-RTO,,,ZONE,,86.140000,86.235045,0.050632,0.044413,True,1
9/2/2025 12:15:00 AM,9/1/2025 8:15:00 PM,1,PJM-RTO,,,ZONE,,90.570000,90.618837,0.000000,0.048837,True,1
9/2/2025 12:20:00 AM,9/1/2025 8:20:00 PM,1,PJM-RTO,,,ZONE,,43.000000,43.052767,0.030585,0.022183,True,1
9/2/2025 12:25:00 AM,9/1/2025 8:25:00 PM,1,PJM-RTO,,,ZONE,,56.450000,56.499987,0.022676,0.027311,True,1
9/2/2025 12:30:00 AM,9/1/2025 8:30:00 PM,1,PJM-RTO,,,ZONE,,42.700000,42.735102,0.014978,0.020125,True,1
9/2/2025 12:35:00 AM,9/1/2025 8:35:00 PM,1,PJM-RTO,,,ZONE,,48.750000,48.784547,0.016889,0.017658,True,1
9/2/2025 12:40:00 AM,9/1/2025 8:40:00 PM,1,PJM-RTO,,,ZONE,,35.770000,35.791289,0.008013,0.013275,True,1
9/2/2025 12:45:00 AM,9/1/2025 8:45:00 PM,1,PJM-RTO,,,ZONE,,34.680000,34.707644,0.014662,0.012982,True,1
9/2/2025 12:50:00 AM,9/1/2025 8:50:00 PM,1,PJM-RTO,,,ZONE,,38.800000,38.843724,0.027589,0.016134,True,1
9/2/2025 12:55:00 AM,9/1/2025 8:55:00 PM,1,PJM-RTO,,,ZONE,,40.090000,40.143205,0.034477,0.018728,True,1
9/2/2025 1:00:00 AM,9/1/2025 9:00:00 PM,1,PJM-RTO,,,ZONE,,40.380000,40.480892,0.082750,0.018142,True,1
9/2/2025 1:05:00 AM,9/1/2025 9:05:00 PM,1,PJM-RTO,,,ZONE,,39.500000,39.590476,0.071384,0.019093,True,1
9/2/2025 1:10:00 AM,9/1/2025 9:10:00 PM,1,PJM-RTO,,,ZONE,,39.480000,39.589416,0.087112,0.022304,True,1
9/2/2025 1:15:00 AM,9/1/2025 9:15:00 PM,1,PJM-RTO,,,ZONE,,40.430000,40.528854,0.080168,0.018685,True,1
9/2/2025 1:20:00 AM,9/1/2025 9:20:00 PM,1,PJM-RTO,,,ZONE,,38.740000,38.818130,0.063066,0.015064,True,1
9/2/2025 1:25:00 AM,9/1/2025 9:25:00 PM,1,PJM-RTO,,,ZONE,,33.680000,33.739343,0.043825,0.015518,True,1
9/2/2025 1:30:00 AM,9/1/2025 9:30:00 PM,1,PJM-RTO,,,ZONE,,29.010000,29.060664,0.042088,0.008576,True,1
9/2/2025 1:35:00 AM,9/1/2025 9:35:00 PM,1,PJM-RTO,,,ZONE,,29.730000,29.767466,0.018708,0.018759,True,1
9/2/2025 1:40:00 AM,9/1/2025 9:40:00 PM,1,PJM-RTO,,,ZONE,,27.510000,27.547989,0.027215,0.010775,True,1
9/2/2025 1:45:00 AM,9/1/2025 9:45:00 PM,1,PJM-RTO,,,ZONE,,30.240000,30.304788,0.044569,0.020219,True,1
9/2/2025 1:50:00 AM,9/1/2025 9:50:00 PM,1,PJM-RTO,,,ZONE,,29.130000,29.184749,0.043764,0.010985,True,1
9/2/2025 1:55:00 AM,9/1/2025 9:55:00 PM,1,PJM-RTO,,,ZONE,,22.810000,22.836348,0.017131,0.009217,True,1
9/2/2025 2:00:00 AM,9/1/2025 10:00:00 PM,1,PJM-RTO,,,ZONE,,30.700000,30.732773,0.016081,0.016692,True,1
9/2/2025 2:05:00 AM,9/1/2025 10:05:00 PM,1,PJM-RTO,,,ZONE,,33.990000,34.025461,0.020110,0.015351,True,1
9/2/2025 2:10:00 AM,9/1/2025 10:10:00 PM,1,PJM-RTO,,,ZONE,,41.140000,41.183140,0.025880,0.017260,True,1
9/2/2025 2:15:00 AM,9/1/2025 10:15:00 PM,1,PJM-RTO,,,ZONE,,56.620000,56.681281,0.036433,0.024848,True,1
9/2/2025 2:20:00 AM,9/1/2025 10:20:00 PM,1,PJM-RTO,,,ZONE,,51.500000,51.559239,0.032707,0.026532,True,1
9/2/2025 2:25:00 AM,9/1/2025 10:25:00 PM,1,PJM-RTO,,,ZONE,,33.270000,33.305883,0.017710,0.018173,True,1
9/2/2025 2:30:00 AM,9/1/2025 10:30:00 PM,1,PJM-RTO,,,ZONE,,27.650000,27.673838,0.012866,0.010972,True,1
9/2/2025 2:35:00 AM,9/1/2025 10:35:00 PM,1,PJM-RTO,,,ZONE,,20.870000,20.891805,0.006708,0.015097,True,1
9/2/2025 2:40:00 AM,9/1/2025 10:40:00 PM,1,PJM-RTO,,,ZONE,,22.460000,22.478653,0.008287,0.010366,True,1
9/2/2025 2:45:00 AM,9/1/2025 10:45:00 PM,1,PJM-RTO,,,ZONE,,17.850000,17.866232,0.004016,0.012216,True,1
9/2/2025 2:50:00 AM,9/1/2025 10:50:00 PM,1,PJM-RTO,,,ZONE,,17.950000,17.968012,0.005716,0.012296,True,1
9/2/2025 2:55:00 AM,9/1/2025 10:55:00 PM,1,PJM-RTO,,,ZONE,,19.670000,19.683462,0.005639,0.007823,True,1
9/2/2025 3:00:00 AM,9/1/2025 11:00:00 PM,1,PJM-RTO,,,ZONE,,19.600000,19.610152,0.000328,0.009824,True,1
9/2/2025 3:05:00 AM,9/1/2025 11:05:00 PM,1,PJM-RTO,,,ZONE,,27.130000,27.164810,0.015503,0.019307,True,1
9/2/2025 3:10:00 AM,9/1/2025 11:10:00 PM,1,PJM-RTO,,,ZONE,,28.330000,28.345270,0.000000,0.015270,True,1
9/2/2025 3:15:00 AM,9/1/2025 11:15:00 PM,1,PJM-RTO,,,ZONE,,31.230000,31.331440,0.086898,0.014542,True,1
9/2/2025 3:20:00 AM,9/1/2025 11:20:00 PM,1,PJM-RTO,,,ZONE,,29.110000,29.208965,0.078802,0.020163,True,1
9/2/2025 3:25:00 AM,9/1/2025 11:25:00 PM,1,PJM-RTO,,,ZONE,,32.560000,32.653990,0.076453,0.017537,True,1
9/2/2025 3:30:00 AM,9/1/2025 11:30:00 PM,1,PJM-RTO,,,ZONE,,27.770000,27.862365,0.074462,0.017904,True,1
9/2/2025 3:35:00 AM,9/1/2025 11:35:00 PM,1,PJM-RTO,,,ZONE,,27.780000,27.891209,0.095294,0.015915,True,1
9/2/2025 3:40:00 AM,9/1/2025 11:40:00 PM,1,PJM-RTO,,,ZONE,,15.660000,15.781486,0.111956,0.009530,True,1
9/2/2025 3:45:00 AM,9/1/2025 11:45:00 PM,1,PJM-RTO,,,ZONE,,16.500000,16.566628,0.054024,0.012603,True,1
9/2/2025 3:50:00 AM,9/1/2025 11:50:00 PM,1,PJM-RTO,,,ZONE,,14.390000,14.448398,0.049990,0.008408,True,1
9/2/2025 3:55:00 AM,9/1/2025 11:55:00 PM,1,PJM-RTO,,,ZONE,,12.060000,12.103696,0.034184,0.009511,True,1
9/2/2025 4:00:00 AM,9/2/2025 12:00:00 AM,1,PJM-RTO,,,ZONE,,14.080000,14.145311,0.056422,0.008889,True,1
9/2/2025 4:05:00 AM,9/2/2025 12:05:00 AM,1,PJM-RTO,,,ZONE,,12.020000,12.061830,0.037097,0.004733,True,1
9/2/2025 4:10:00 AM,9/2/2025 12:10:00 AM,1,PJM-RTO,,,ZONE,,13.530000,13.573241,0.039637,0.003605,True,1
9/2/2025 4:15:00 AM,9/2/2025 12:15:00 AM,1,PJM-RTO,,,ZONE,,13.710000,13.751914,0.036135,0.005779,True,1
9/2/2025 4:20:00 AM,9/2/2025 12:20:00 AM,1,PJM-RTO,,,ZONE,,13.990000,14.029808,0.032496,0.007312,True,1
9/2/2025 4:25:00 AM,9/2/2025 12:25:00 AM,1,PJM-RTO,,,ZONE,,18.700000,18.781371,0.066857,0.014513,True,1
9/2/2025 4:30:00 AM,9/2/2025 12:30:00 AM,1,PJM-RTO,,,ZONE,,16.200000,16.248577,0.041643,0.006934,True,1
9/2/2025 4:35:00 AM,9/2/2025 12:35:00 AM,1,PJM-RTO,,,ZONE,,16.670000,16.735587,0.052096,0.013491,True,1
9/2/2025 4:40:00 AM,9/2/2025 12:40:00 AM,1,PJM-RTO,,,ZONE,,16.010000,16.056810,0.036769,0.010042,True,1
9/2/2025 4:45:00 AM,9/2/2025 12:45:00 AM,1,PJM-RTO,,,ZONE,,15.480000,15.529709,0.036995,0.012714,True,1
9/2/2025 4:50:00 AM,9/2/2025 12:50:00 AM,1,PJM-RTO,,,ZONE,,15.440000,15.499367,0.048349,0.011018,True,1
9/2/2025 4:55:00 AM,9/2/2025 12:55:00 AM,1,PJM-RTO,,,ZONE,,16.250000,16.308391,0.045330,0.013061,True,1
9/2/2025 5:00:00 AM,9/2/2025 1:00:00 AM,1,PJM-RTO,,,ZONE,,16.250000,16.318746,0.055811,0.012935,True,1
9/2/2025 5:05:00 AM,9/2/2025 1:05:00 AM,1,PJM-RTO,,,ZONE,,15.830000,15.897480,0.056569,0.010912,True,1
9/2/2025 5:10:00 AM,9/2/2025 1:10:00 AM,1,PJM-RTO,,,ZONE,,20.720000,20.811631,0.078634,0.012997,True,1
9/2/2025 5:15:00 AM,9/2/2025 1:15:00 AM,1,PJM-RTO,,,ZONE,,16.490000,16.546732,0.047769,0.008963,True,1
9/2/2025 5:20:00 AM,9/2/2025 1:20:00 AM,1,PJM-RTO,,,ZONE,,17.270000,17.333651,0.053918,0.009733,True,1
9/2/2025 5:25:00 AM,9/2/2025 1:25:00 AM,1,PJM-RTO,,,ZONE,,20.520000,20.615660,0.081762,0.013898,True,1
9/2/2025 5:30:00 AM,9/2/2025 1:30:00 AM,1,PJM-RTO,,,ZONE,,18.960000,19.039440,0.065107,0.014333,True,1
9/2/2025 5:35:00 AM,9/2/2025 1:35:00 AM,1,PJM-RTO,,,ZONE,,18.990000,19.074651,0.069227,0.015425,True,1
9/2/2025 5:40:00 AM,9/2/2025 1:40:00 AM,1,PJM-RTO,,,ZONE,,17.150000,17.207687,0.052555,0.005133,True,1
9/2/2025 5:45:00 AM,9/2/2025 1:45:00 AM,1,PJM-RTO,,,ZONE,,17.770000,17.834584,0.059766,0.004818,True,1
9/2/2025 5:50:00 AM,9/2/2025 1:50:00 AM,1,PJM-RTO,,,ZONE,,16.760000,16.822056,0.053562,0.008494,True,1
9/2/2025 5:55:00 AM,9/2/2025 1:55:00 AM,1,PJM-RTO,,,ZONE,,16.490000,16.547461,0.050897,0.006563,True,1
9/2/2025 6:00:00 AM,9/2/2025 2:00:00 AM,1,PJM-RTO,,,ZONE,,15.770000,15.826050,0.051833,0.004216,True,1
9/2/2025 6:05:00 AM,9/2/2025 2:05:00 AM,1,PJM-RTO,,,ZONE,,15.840000,15.895459,0.051091,0.004367,True,1
9/2/2025 6:10:00 AM,9/2/2025 2:10:00 AM,1,PJM-RTO,,,ZONE,,14.190000,14.235417,0.034771,0.010647,True,1
9/2/2025 6:15:00 AM,9/2/2025 2:15:00 AM,1,PJM-RTO,,,ZONE,,15.290000,15.350745,0.051594,0.009150,True,1
9/2/2025 6:20:00 AM,9/2/2025 2:20:00 AM,1,PJM-RTO,,,ZONE,,14.040000,14.075756,0.031091,0.004665,True,1
9/2/2025 6:25:00 AM,9/2/2025 2:25:00 AM,1,PJM-RTO,,,ZONE,,15.340000,15.391608,0.038712,0.012897,True,1
9/2/2025 6:30:00 AM,9/2/2025 2:30:00 AM,1,PJM-RTO,,,ZONE,,15.350000,15.381336,0.022786,0.008550,True,1
9/2/2025 6:35:00 AM,9/2/2025 2:35:00 AM,1,PJM-RTO,,,ZONE,,15.520000,15.562898,0.031292,0.011606,True,1
9/2/2025 6:40:00 AM,9/2/2025 2:40:00 AM,1,PJM-RTO,,,ZONE,,15.440000,15.499265,0.048832,0.010432,True,1
9/2/2025 6:45:00 AM,9/2/2025 2:45:00 AM,1,PJM-RTO,,,ZONE,,15.780000,15.835044,0.042684,0.012360,True,1
9/2/2025 6:50:00 AM,9/2/2025 2:50:00 AM,1,PJM-RTO,,,ZONE,,15.770000,15.817359,0.039569,0.007790,True,1
9/2/2025 6:55:00 AM,9/2/2025 2:55:00 AM,1,PJM-RTO,,,ZONE,,13.100000,13.116851,0.006750,0.010101,True,1
9/2/2025 7:00:00 AM,9/2/2025 3:00:00 AM,1,PJM-RTO,,,ZONE,,15.120000,15.192095,0.057938,0.014157,True,1
9/2/2025 7:05:00 AM,9/2/2025 3:05:00 AM,1,PJM-RTO,,,ZONE,,14.910000,14.968223,0.050273,0.007950,True,1
9/2/2025 7:10:00 AM,9/2/2025 3:10:00 AM,1,PJM-RTO,,,ZONE,,18.710000,18.897007,0.179641,0.007366,True,1
9/2/2025 7:15:00 AM,9/2/2025 3:15:00 AM,1,PJM-RTO,,,ZONE,,15.280000,15.293911,0.006081,0.007830,True,1
9/2/2025 7:20:00 AM,9/2/2025 3:20:00 AM,1,PJM-RTO,,,ZONE,,15.970000,16.027248,0.049970,0.007278,True,1
9/2/2025 7:25:00 AM,9/2/2025 3:25:00 AM,1,PJM-RTO,,,ZONE,,15.370000,15.410351,0.028460,0.011891,True,1
9/2/2025 7:30:00 AM,9/2/2025 3:30:00 AM,1,PJM-RTO,,,ZONE,,15.620000,15.676836,0.049246,0.007590,True,1
9/2/2025 7:35:00 AM,9/2/2025 3:35:00 AM,1,PJM-RTO,,,ZONE,,15.510000,15.558346,0.042555,0.005791,True,1
9/2/2025 7:40:00 AM,9/2/2025 3:40:00 AM,1,PJM-RTO,,,ZONE,,15.610000,15.657203,0.041250,0.005954,True,1
9/2/2025 7:45:00 AM,9/2/2025 3:45:00 AM,1,PJM-RTO,,,ZONE,,13.890000,13.932874,0.030861,0.012013,True,1
9/2/2025 7:50:00 AM,9/2/2025 3:50:00 AM,1,PJM-RTO,,,ZONE,,13.830000,13.859859,0.021205,0.008654,True,1
9/2/2025 7:55:00 AM,9/2/2025 3:55:00 AM,1,PJM-RTO,,,ZONE,,15.260000,15.347613,0.075005,0.012608,True,1
9/2/2025 8:00:00 AM,9/2/2025 4:00:00 AM,1,PJM-RTO,,,ZONE,,14.570000,14.584111,0.006912,0.007199,True,1
9/2/2025 8:05:00 AM,9/2/2025 4:05:00 AM,1,PJM-RTO,,,ZONE,,16.110000,16.156706,0.037804,0.008902,True,1
9/2/2025 8:10:00 AM,9/2/2025 4:10:00 AM,1,PJM-RTO,,,ZONE,,15.710000,15.720294,0.005471,0.004823,True,1
9/2/2025 8:15:00 AM,9/2/2025 4:15:00 AM,1,PJM-RTO,,,ZONE,,16.160000,16.203377,0.033742,0.009635,True,1
9/2/2025 8:20:00 AM,9/2/2025 4:20:00 AM,1,PJM-RTO,,,ZONE,,16.860000,16.889224,0.016539,0.012685,True,1
9/2/2025 8:25:00 AM,9/2/2025 4:25:00 AM,1,PJM-RTO,,,ZONE,,16.710000,16.735595,0.018658,0.006937,True,1
9/2/2025 8:30:00 AM,9/2/2025 4:30:00 AM,1,PJM-RTO,,,ZONE,,17.040000,17.061130,0.008304,0.012827,True,1
9/2/2025 8:35:00 AM,9/2/2025 4:35:00 AM,1,PJM-RTO,,,ZONE,,17.080000,17.104402,0.012324,0.012077,True,1
9/2/2025 8:40:00 AM,9/2/2025 4:40:00 AM,1,PJM-RTO,,,ZONE,,17.010000,17.028013,0.010558,0.007455,True,1
9/2/2025 8:45:00 AM,9/2/2025 4:45:00 AM,1,PJM-RTO,,,ZONE,,15.930000,15.983809,0.045276,0.008533,True,1
9/2/2025 8:50:00 AM,9/2/2025 4:50:00 AM,1,PJM-RTO,,,ZONE,,16.000000,16.052567,0.046412,0.006155,True,1
9/2/2025 8:55:00 AM,9/2/2025 4:55:00 AM,1,PJM-RTO,,,ZONE,,13.840000,13.879960,0.034446,0.005515,True,1
9/2/2025 9:00:00 AM,9/2/2025 5:00:00 AM,1,PJM-RTO,,,ZONE,,14.720000,14.763895,0.035539,0.008356,True,1
9/2/2025 9:05:00 AM,9/2/2025 5:05:00 AM,1,PJM-RTO,,,ZONE,,16.110000,16.123614,0.006111,0.007503,True,1
9/2/2025 9:10:00 AM,9/2/2025 5:10:00 AM,1,PJM-RTO,,,ZONE,,15.840000,15.875675,0.030457,0.005217,True,1
9/2/2025 9:15:00 AM,9/2/2025 5:15:00 AM,1,PJM-RTO,,,ZONE,,20.480000,20.505788,0.010213,0.015575,True,1
9/2/2025 9:20:00 AM,9/2/2025 5:20:00 AM,1,PJM-RTO,,,ZONE,,16.990000,17.003682,0.008511,0.005170,True,1
9/2/2025 9:25:00 AM,9/2/2025 5:25:00 AM,1,PJM-RTO,,,ZONE,,18.080000,18.139730,0.052069,0.007662,True,1
9/2/2025 9:30:00 AM,9/2/2025 5:30:00 AM,1,PJM-RTO,,,ZONE,,17.180000,17.206927,0.014137,0.012790,True,1
9/2/2025 9:35:00 AM,9/2/2025 5:35:00 AM,1,PJM-RTO,,,ZONE,,17.670000,17.734838,0.051394,0.013444,True,1
9/2/2025 9:40:00 AM,9/2/2025 5:40:00 AM,1,PJM-RTO,,,ZONE,,18.560000,18.625996,0.059480,0.006516,True,1
9/2/2025 9:45:00 AM,9/2/2025 5:45:00 AM,1,PJM-RTO,,,ZONE,,19.880000,19.950652,0.060501,0.010150,True,1
9/2/2025 9:50:00 AM,9/2/2025 5:50:00 AM,1,PJM-RTO,,,ZONE,,26.440000,26.541607,0.085451,0.016157,True,1
9/2/2025 9:55:00 AM,9/2/2025 5:55:00 AM,1,PJM-RTO,,,ZONE,,35.450000,35.483254,0.014637,0.018617,True,1
9/2/2025 10:00:00 AM,9/2/2025 6:00:00 AM,1,PJM-RTO,,,ZONE,,35.670000,35.818186,0.124528,0.023658,True,1
9/2/2025 10:05:00 AM,9/2/2025 6:05:00 AM,1,PJM-RTO,,,ZONE,,26.580000,26.616757,0.016607,0.020150,True,1
9/2/2025 10:10:00 AM,9/2/2025 6:10:00 AM,1,PJM-RTO,,,ZONE,,25.380000,25.408653,0.015685,0.012968,True,1
9/2/2025 10:15:00 AM,9/2/2025 6:15:00 AM,1,PJM-RTO,,,ZONE,,27.070000,27.096914,0.015940,0.010974,True,1
9/2/2025 10:20:00 AM,9/2/2025 6:20:00 AM,1,PJM-RTO,,,ZONE,,29.530000,29.566909,0.019735,0.017173,True,1
9/2/2025 10:25:00 AM,9/2/2025 6:25:00 AM,1,PJM-RTO,,,ZONE,,27.330000,27.366792,0.017840,0.018952,True,1
9/2/2025 10:30:00 AM,9/2/2025 6:30:00 AM,1,PJM-RTO,,,ZONE,,27.290000,27.321990,0.014162,0.017828,True,1
9/2/2025 10:35:00 AM,9/2/2025 6:35:00 AM,1,PJM-RTO,,,ZONE,,25.850000,25.878668,0.014880,0.013788,True,1
9/2/2025 10:40:00 AM,9/2/2025 6:40:00 AM,1,PJM-RTO,,,ZONE,,23.440000,23.466120,0.014265,0.011855,True,1
9/2/2025 10:45:00 AM,9/2/2025 6:45:00 AM,1,PJM-RTO,,,ZONE,,32.320000,32.364511,0.024241,0.020271,True,1
9/2/2025 10:50:00 AM,9/2/2025 6:50:00 AM,1,PJM-RTO,,,ZONE,,35.210000,35.227149,0.000000,0.017149,True,1
9/2/2025 10:55:00 AM,9/2/2025 6:55:00 AM,1,PJM-RTO,,,ZONE,,71.910000,71.974275,0.019809,0.044466,True,1
9/2/2025 11:00:00 AM,9/2/2025 7:00:00 AM,1,PJM-RTO,,,ZONE,,60.400000,60.429721,0.000000,0.029721,True,1
9/2/2025 11:05:00 AM,9/2/2025 7:05:00 AM,1,PJM-RTO,,,ZONE,,58.970000,59.003791,0.000000,0.033791,True,1
9/2/2025 11:10:00 AM,9/2/2025 7:10:00 AM,1,PJM-RTO,,,ZONE,,57.080000,57.112061,0.000000,0.032061,True,1
9/2/2025 11:15:00 AM,9/2/2025 7:15:00 AM,1,PJM-RTO,,,ZONE,,88.050000,88.142344,0.040660,0.051684,True,1
9/2/2025 11:20:00 AM,9/2/2025 7:20:00 AM,1,PJM-RTO,,,ZONE,,85.130000,85.207605,0.020728,0.056877,True,1
9/2/2025 11:25:00 AM,9/2/2025 7:25:00 AM,1,PJM-RTO,,,ZONE,,83.650000,83.777454,0.073751,0.053703,True,1
9/2/2025 11:30:00 AM,9/2/2025 7:30:00 AM,1,PJM-RTO,,,ZONE,,34.200000,34.215205,0.000000,0.015205,True,1
9/2/2025 11:35:00 AM,9/2/2025 7:35:00 AM,1,PJM-RTO,,,ZONE,,30.330000,30.349216,0.000000,0.019216,True,1
9/2/2025 11:40:00 AM,9/2/2025 7:40:00 AM,1,PJM-RTO,,,ZONE,,26.270000,26.288007,0.000000,0.018007,True,1
9/2/2025 11:45:00 AM,9/2/2025 7:45:00 AM,1,PJM-RTO,,,ZONE,,24.340000,24.362828,0.006980,0.015848,True,1
9/2/2025 11:50:00 AM,9/2/2025 7:50:00 AM,1,PJM-RTO,,,ZONE,,19.040000,19.053699,0.000000,0.013699,True,1
9/2/2025 11:55:00 AM,9/2/2025 7:55:00 AM,1,PJM-RTO,,,ZONE,,29.090000,29.131132,0.020401,0.020732,True,1
9/2/2025 12:00:00 PM,9/2/2025 8:00:00 AM,1,PJM-RTO,,,ZONE,,21.700000,21.722939,0.012499,0.010440,True,1
9/2/2025 12:05:00 PM,9/2/2025 8:05:00 AM,1,PJM-RTO,,,ZONE,,22.240000,22.266600,0.013184,0.013415,True,1
9/2/2025 12:10:00 PM,9/2/2025 8:10:00 AM,1,PJM-RTO,,,ZONE,,17.630000,17.644923,0.008909,0.006014,True,1
9/2/2025 12:15:00 PM,9/2/2025 8:15:00 AM,1,PJM-RTO,,,ZONE,,18.230000,18.249506,0.008730,0.010776,True,1
9/2/2025 12:20:00 PM,9/2/2025 8:20:00 AM,1,PJM-RTO,,,ZONE,,18.230000,18.249506,0.008730,0.010776,True,1
9/2/2025 12:25:00 PM,9/2/2025 8:25:00 AM,1,PJM-RTO,,,ZONE,,14.820000,14.864171,0.038016,0.006155,True,1
9/2/2025 12:30:00 PM,9/2/2025 8:30:00 AM,1,PJM-RTO,,,ZONE,,16.130000,16.148590,0.006621,0.011969,True,1
9/2/2025 12:35:00 PM,9/2/2025 8:35:00 AM,1,PJM-RTO,,,ZONE,,16.870000,16.886131,0.007753,0.008378,True,1
9/2/2025 12:40:00 PM,9/2/2025 8:40:00 AM,1,PJM-RTO,,,ZONE,,15.140000,15.153895,0.005361,0.008534,True,1
9/2/2025 12:45:00 PM,9/2/2025 8:45:00 AM,1,PJM-RTO,,,ZONE,,12.250000,12.256307,0.003123,0.003185,True,1
9/2/2025 12:50:00 PM,9/2/2025 8:50:00 AM,1,PJM-RTO,,,ZONE,,15.500000,15.510671,0.005754,0.004917,True,1
9/2/2025 12:55:00 PM,9/2/2025 8:55:00 AM,1,PJM-RTO,,,ZONE,,15.860000,15.867276,0.000000,0.007276,True,1
9/2/2025 1:00:00 PM,9/2/2025 9:00:00 AM,1,PJM-RTO,,,ZONE,,15.140000,15.149557,0.006083,0.003473,True,1
9/2/2025 1:05:00 PM,9/2/2025 9:05:00 AM,1,PJM-RTO,,,ZONE,,15.300000,15.315777,0.006143,0.009633,True,1
9/2/2025 1:10:00 PM,9/2/2025 9:10:00 AM,1,PJM-RTO,,,ZONE,,15.140000,15.154548,0.006409,0.008139,True,1
9/2/2025 1:15:00 PM,9/2/2025 9:15:00 AM,1,PJM-RTO,,,ZONE,,16.580000,16.587044,0.000000,0.007044,True,1
9/2/2025 1:20:00 PM,9/2/2025 9:20:00 AM,1,PJM-RTO,,,ZONE,,16.210000,16.216709,0.000000,0.006709,True,1
9/2/2025 1:25:00 PM,9/2/2025 9:25:00 AM,1,PJM-RTO,,,ZONE,,16.050000,16.055641,0.000000,0.005641,True,1
9/2/2025 1:30:00 PM,9/2/2025 9:30:00 AM,1,PJM-RTO,,,ZONE,,16.370000,16.375681,-0.000298,0.005980,True,1
9/2/2025 1:35:00 PM,9/2/2025 9:35:00 AM,1,PJM-RTO,,,ZONE,,16.690000,16.696479,0.000000,0.006479,True,1
9/2/2025 1:40:00 PM,9/2/2025 9:40:00 AM,1,PJM-RTO,,,ZONE,,16.780000,16.791371,0.000000,0.011371,True,1
9/2/2025 1:45:00 PM,9/2/2025 9:45:00 AM,1,PJM-RTO,,,ZONE,,16.850000,16.854847,0.000000,0.004847,True,1
9/2/2025 1:50:00 PM,9/2/2025 9:50:00 AM,1,PJM-RTO,,,ZONE,,16.950000,16.958367,0.000000,0.008367,True,1
9/2/2025 1:55:00 PM,9/2/2025 9:55:00 AM,1,PJM-RTO,,,ZONE,,18.500000,18.507502,0.000000,0.007502,True,1
9/2/2025 2:00:00 PM,9/2/2025 10:00:00 AM,1,PJM-RTO,,,ZONE,,17.860000,17.868475,0.000000,0.008475,True,1
9/2/2025 2:05:00 PM,9/2/2025 10:05:00 AM,1,PJM-RTO,,,ZONE,,18.070000,18.079416,0.000000,0.009416,True,1
9/2/2025 2:10:00 PM,9/2/2025 10:10:00 AM,1,PJM-RTO,,,ZONE,,18.030000,18.036263,0.000000,0.006263,True,1
9/2/2025 2:15:00 PM,9/2/2025 10:15:00 AM,1,PJM-RTO,,,ZONE,,18.520000,18.534101,0.000000,0.014101,True,1
9/2/2025 2:20:00 PM,9/2/2025 10:20:00 AM,1,PJM-RTO,,,ZONE,,19.380000,19.386933,0.000000,0.006933,True,1
9/2/2025 2:25:00 PM,9/2/2025 10:25:00 AM,1,PJM-RTO,,,ZONE,,19.730000,19.742122,0.000000,0.012122,True,1
9/2/2025 2:30:00 PM,9/2/2025 10:30:00 AM,1,PJM-RTO,,,ZONE,,20.660000,20.676084,0.000000,0.016084,True,1
9/2/2025 2:35:00 PM,9/2/2025 10:35:00 AM,1,PJM-RTO,,,ZONE,,20.690000,20.699245,0.000000,0.009245,True,1
9/2/2025 2:40:00 PM,9/2/2025 10:40:00 AM,1,PJM-RTO,,,ZONE,,20.870000,20.885833,0.000000,0.015833,True,1
9/2/2025 2:45:00 PM,9/2/2025 10:45:00 AM,1,PJM-RTO,,,ZONE,,20.410000,20.424802,0.000000,0.014802,True,1
9/2/2025 2:50:00 PM,9/2/2025 10:50:00 AM,1,PJM-RTO,,,ZONE,,19.930000,19.937589,0.000000,0.007589,True,1
9/2/2025 2:55:00 PM,9/2/2025 10:55:00 AM,1,PJM-RTO,,,ZONE,,19.610000,19.620019,0.000000,0.010019,True,1
9/2/2025 3:00:00 PM,9/2/2025 11:00:00 AM,1,PJM-RTO,,,ZONE,,20.380000,20.448433,0.062341,0.006093,True,1
9/2/2025 3:05:00 PM,9/2/2025 11:05:00 AM,1,PJM-RTO,,,ZONE,,20.080000,20.090217,0.000000,0.010217,True,1
9/2/2025 3:10:00 PM,9/2/2025 11:10:00 AM,1,PJM-RTO,,,ZONE,,21.360000,21.367727,0.000000,0.007727,True,1
9/2/2025 3:15:00 PM,9/2/2025 11:15:00 AM,1,PJM-RTO,,,ZONE,,22.800000,22.811632,0.000000,0.011632,True,1
9/2/2025 3:20:00 PM,9/2/2025 11:20:00 AM,1,PJM-RTO,,,ZONE,,24.050000,24.063418,0.000000,0.013418,True,1
9/2/2025 3:25:00 PM,9/2/2025 11:25:00 AM,1,PJM-RTO,,,ZONE,,23.170000,23.181648,0.000000,0.011648,True,1
9/2/2025 3:30:00 PM,9/2/2025 11:30:00 AM,1,PJM-RTO,,,ZONE,,27.180000,27.193057,0.000000,0.013057,True,1
9/2/2025 3:35:00 PM,9/2/2025 11:35:00 AM,1,PJM-RTO,,,ZONE,,29.380000,29.395041,0.000000,0.015041,True,1
9/2/2025 3:40:00 PM,9/2/2025 11:40:00 AM,1,PJM-RTO,,,ZONE,,32.360000,32.375890,0.000000,0.015890,True,1
9/2/2025 3:45:00 PM,9/2/2025 11:45:00 AM,1,PJM-RTO,,,ZONE,,27.370000,27.421951,0.040347,0.011604,True,1
9/2/2025 3:50:00 PM,9/2/2025 11:50:00 AM,1,PJM-RTO,,,ZONE,,22.890000,23.183186,0.283938,0.009248,True,1
9/2/2025 3:55:00 PM,9/2/2025 11:55:00 AM,1,PJM-RTO,,,ZONE,,19.350000,19.414118,0.052480,0.011637,True,1
9/2/2025 4:00:00 PM,9/2/2025 12:00:00 PM,1,PJM-RTO,,,ZONE,,22.430000,22.574605,0.136823,0.007782,True,1
9/2/2025 4:05:00 PM,9/2/2025 12:05:00 PM,1,PJM-RTO,,,ZONE,,24.270000,24.470110,0.189525,0.010585,True,1
9/2/2025 4:10:00 PM,9/2/2025 12:10:00 PM,1,PJM-RTO,,,ZONE,,25.480000,25.764029,0.269189,0.014840,True,1
9/2/2025 4:15:00 PM,9/2/2025 12:15:00 PM,1,PJM-RTO,,,ZONE,,24.130000,24.146562,0.000000,0.016562,True,1
9/2/2025 4:20:00 PM,9/2/2025 12:20:00 PM,1,PJM-RTO,,,ZONE,,32.480000,32.642288,0.141958,0.020330,True,1
9/2/2025 4:25:00 PM,9/2/2025 12:25:00 PM,1,PJM-RTO,,,ZONE,,30.720000,30.737864,0.000000,0.017864,True,1
9/2/2025 4:30:00 PM,9/2/2025 12:30:00 PM,1,PJM-RTO,,,ZONE,,29.750000,30.039576,0.272285,0.017292,True,1
9/2/2025 4:35:00 PM,9/2/2025 12:35:00 PM,1,PJM-RTO,,,ZONE,,35.770000,36.060069,0.267743,0.022326,True,1
9/2/2025 4:40:00 PM,9/2/2025 12:40:00 PM,1,PJM-RTO,,,ZONE,,30.300000,30.314287,0.000000,0.014287,True,1
9/2/2025 4:45:00 PM,9/2/2025 12:45:00 PM,1,PJM-RTO,,,ZONE,,24.100000,24.113958,0.000000,0.013958,True,1
9/2/2025 4:50:00 PM,9/2/2025 12:50:00 PM,1,PJM-RTO,,,ZONE,,30.490000,30.508782,0.000000,0.018782,True,1
9/2/2025 4:55:00 PM,9/2/2025 12:55:00 PM,1,PJM-RTO,,,ZONE,,29.470000,29.484601,0.000000,0.014601,True,1
9/2/2025 5:00:00 PM,9/2/2025 1:00:00 PM,1,PJM-RTO,,,ZONE,,27.250000,27.265837,0.000000,0.015837,True,1
9/2/2025 5:05:00 PM,9/2/2025 1:05:00 PM,1,PJM-RTO,,,ZONE,,44.020000,44.048621,0.000000,0.028621,True,1
9/2/2025 5:10:00 PM,9/2/2025 1:10:00 PM,1,PJM-RTO,,,ZONE,,30.210000,30.227463,0.000000,0.017463,True,1
9/2/2025 5:15:00 PM,9/2/2025 1:15:00 PM,1,PJM-RTO,,,ZONE,,29.930000,29.946274,0.000000,0.016274,True,1
9/2/2025 5:20:00 PM,9/2/2025 1:20:00 PM,1,PJM-RTO,,,ZONE,,26.380000,26.392364,0.000000,0.012364,True,1
9/2/2025 5:25:00 PM,9/2/2025 1:25:00 PM,1,PJM-RTO,,,ZONE,,24.880000,24.888524,0.000000,0.008524,True,1
9/2/2025 5:30:00 PM,9/2/2025 1:30:00 PM,1,PJM-RTO,,,ZONE,,25.240000,25.254369,0.000000,0.014369,True,1
9/2/2025 5:35:00 PM,9/2/2025 1:35:00 PM,1,PJM-RTO,,,ZONE,,27.350000,27.363960,0.000000,0.013960,True,1
9/2/2025 5:40:00 PM,9/2/2025 1:40:00 PM,1,PJM-RTO,,,ZONE,,29.270000,29.285562,0.000000,0.015562,True,1
9/2/2025 5:45:00 PM,9/2/2025 1:45:00 PM,1,PJM-RTO,,,ZONE,,29.670000,29.686736,0.000000,0.016736,True,1
9/2/2025 5:50:00 PM,9/2/2025 1:50:00 PM,1,PJM-RTO,,,ZONE,,34.720000,34.997438,0.257755,0.019684,True,1
9/2/2025 5:55:00 PM,9/2/2025 1:55:00 PM,1,PJM-RTO,,,ZONE,,31.280000,31.556902,0.262222,0.014680,True,1
9/2/2025 6:00:00 PM,9/2/2025 2:00:00 PM,1,PJM-RTO,,,ZONE,,40.740000,41.004025,0.240315,0.023711,True,1
9/2/2025 6:05:00 PM,9/2/2025 2:05:00 PM,1,PJM-RTO,,,ZONE,,33.820000,33.834521,0.000000,0.014521,True,1
9/2/2025 6:10:00 PM,9/2/2025 2:10:00 PM,1,PJM-RTO,,,ZONE,,30.380000,30.389930,0.002343,0.007587,True,1
9/2/2025 6:15:00 PM,9/2/2025 2:15:00 PM,1,PJM-RTO,,,ZONE,,32.570000,32.582773,0.001328,0.011446,True,1
9/2/2025 6:20:00 PM,9/2/2025 2:20:00 PM,1,PJM-RTO,,,ZONE,,33.680000,33.698975,0.008461,0.010514,True,1
9/2/2025 6:25:00 PM,9/2/2025 2:25:00 PM,1,PJM-RTO,,,ZONE,,33.190000,33.215953,0.011842,0.014111,True,1
9/2/2025 6:30:00 PM,9/2/2025 2:30:00 PM,1,PJM-RTO,,,ZONE,,29.110000,29.137967,0.016668,0.011299,True,1
9/2/2025 6:35:00 PM,9/2/2025 2:35:00 PM,1,PJM-RTO,,,ZONE,,31.090000,31.110734,0.000000,0.020734,True,1
9/2/2025 6:40:00 PM,9/2/2025 2:40:00 PM,1,PJM-RTO,,,ZONE,,29.100000,29.114145,0.000000,0.014145,True,1
9/2/2025 6:45:00 PM,9/2/2025 2:45:00 PM,1,PJM-RTO,,,ZONE,,31.300000,31.315128,0.000000,0.015128,True,1
9/2/2025 6:50:00 PM,9/2/2025 2:50:00 PM,1,PJM-RTO,,,ZONE,,34.190000,34.204994,0.000000,0.014994,True,1
9/2/2025 6:55:00 PM,9/2/2025 2:55:00 PM,1,PJM-RTO,,,ZONE,,23.850000,23.895875,0.029329,0.016546,True,1
9/2/2025 7:00:00 PM,9/2/2025 3:00:00 PM,1,PJM-RTO,,,ZONE,,24.020000,24.031738,0.000000,0.011738,True,1
9/2/2025 7:05:00 PM,9/2/2025 3:05:00 PM,1,PJM-RTO,,,ZONE,,23.670000,23.680708,0.001792,0.008916,True,1
9/2/2025 7:10:00 PM,9/2/2025 3:10:00 PM,1,PJM-RTO,,,ZONE,,27.730000,27.744304,0.003206,0.011098,True,1
9/2/2025 7:15:00 PM,9/2/2025 3:15:00 PM,1,PJM-RTO,,,ZONE,,28.710000,28.999323,0.272675,0.016648,True,1
9/2/2025 7:20:00 PM,9/2/2025 3:20:00 PM,1,PJM-RTO,,,ZONE,,28.540000,28.838963,0.286652,0.012311,True,1
9/2/2025 7:25:00 PM,9/2/2025 3:25:00 PM,1,PJM-RTO,,,ZONE,,28.540000,28.838963,0.286652,0.012311,True,1
9/2/2025 7:30:00 PM,9/2/2025 3:30:00 PM,1,PJM-RTO,,,ZONE,,28.540000,28.838963,0.286652,0.012311,True,1
9/2/2025 7:35:00 PM,9/2/2025 3:35:00 PM,1,PJM-RTO,,,ZONE,,28.540000,28.838963,0.286652,0.012311,True,1
9/2/2025 7:40:00 PM,9/2/2025 3:40:00 PM,1,PJM-RTO,,,ZONE,,31.170000,31.191309,0.009016,0.012293,True,1
9/2/2025 7:45:00 PM,9/2/2025 3:45:00 PM,1,PJM-RTO,,,ZONE,,31.080000,31.113055,0.015792,0.017263,True,1
9/2/2025 7:50:00 PM,9/2/2025 3:50:00 PM,1,PJM-RTO,,,ZONE,,35.980000,36.024639,0.024874,0.019765,True,1
9/2/2025 7:55:00 PM,9/2/2025 3:55:00 PM,1,PJM-RTO,,,ZONE,,30.810000,30.847748,0.014321,0.023427,True,1
9/2/2025 8:00:00 PM,9/2/2025 4:00:00 PM,1,PJM-RTO,,,ZONE,,27.890000,27.913456,0.012298,0.011158,True,1
9/2/2025 8:05:00 PM,9/2/2025 4:05:00 PM,1,PJM-RTO,,,ZONE,,29.640000,29.661998,0.009146,0.012852,True,1
9/2/2025 8:10:00 PM,9/2/2025 4:10:00 PM,1,PJM-RTO,,,ZONE,,30.840000,30.873660,0.017326,0.016334,True,1
9/2/2025 8:15:00 PM,9/2/2025 4:15:00 PM,1,PJM-RTO,,,ZONE,,25.960000,25.980681,0.010482,0.010199,True,1
9/2/2025 8:20:00 PM,9/2/2025 4:20:00 PM,1,PJM-RTO,,,ZONE,,25.410000,25.433738,0.012280,0.011458,True,1
9/2/2025 8:25:00 PM,9/2/2025 4:25:00 PM,1,PJM-RTO,,,ZONE,,24.370000,24.384356,0.000000,0.014356,True,1
9/2/2025 8:30:00 PM,9/2/2025 4:30:00 PM,1,PJM-RTO,,,ZONE,,30.750000,30.764954,0.004471,0.010484,True,1
9/2/2025 8:35:00 PM,9/2/2025 4:35:00 PM,1,PJM-RTO,,,ZONE,,30.530000,30.568297,0.019247,0.019050,True,1
9/2/2025 8:40:00 PM,9/2/2025 4:40:00 PM,1,PJM-RTO,,,ZONE,,31.530000,31.566886,0.024691,0.012196,True,1
9/2/2025 8:45:00 PM,9/2/2025 4:45:00 PM,1,PJM-RTO,,,ZONE,,35.650000,35.691353,0.019992,0.021361,True,1
9/2/2025 8:50:00 PM,9/2/2025 4:50:00 PM,1,PJM-RTO,,,ZONE,,34.680000,34.728374,0.033380,0.014994,True,1
9/2/2025 8:55:00 PM,9/2/2025 4:55:00 PM,1,PJM-RTO,,,ZONE,,28.790000,28.807334,0.005952,0.011383,True,1
9/2/2025 9:00:00 PM,9/2/2025 5:00:00 PM,1,PJM-RTO,,,ZONE,,33.470000,33.502614,0.015476,0.017138,True,1
9/2/2025 9:05:00 PM,9/2/2025 5:05:00 PM,1,PJM-RTO,,,ZONE,,28.420000,28.441631,0.013286,0.008346,True,1
9/2/2025 9:10:00 PM,9/2/2025 5:10:00 PM,1,PJM-RTO,,,ZONE,,34.080000,34.104622,0.013353,0.011270,True,1
9/2/2025 9:15:00 PM,9/2/2025 5:15:00 PM,1,PJM-RTO,,,ZONE,,43.720000,43.749774,0.003177,0.026597,True,1
9/2/2025 9:20:00 PM,9/2/2025 5:20:00 PM,1,PJM-RTO,,,ZONE,,36.370000,36.426904,0.034743,0.022161,True,1
9/2/2025 9:25:00 PM,9/2/2025 5:25:00 PM,1,PJM-RTO,,,ZONE,,43.820000,43.842150,0.000000,0.022150,True,1
9/2/2025 9:30:00 PM,9/2/2025 5:30:00 PM,1,PJM-RTO,,,ZONE,,41.690000,41.721536,0.013554,0.017982,True,1
9/2/2025 9:35:00 PM,9/2/2025 5:35:00 PM,1,PJM-RTO,,,ZONE,,82.480000,82.616829,0.095458,0.041372,True,1
9/2/2025 9:40:00 PM,9/2/2025 5:40:00 PM,1,PJM-RTO,,,ZONE,,47.960000,47.996497,0.018584,0.017913,True,1
9/2/2025 9:45:00 PM,9/2/2025 5:45:00 PM,1,PJM-RTO,,,ZONE,,83.420000,83.585714,0.125601,0.040113,True,1
9/2/2025 9:50:00 PM,9/2/2025 5:50:00 PM,1,PJM-RTO,,,ZONE,,82.500000,82.689195,0.142498,0.046697,True,1
9/2/2025 9:55:00 PM,9/2/2025 5:55:00 PM,1,PJM-RTO,,,ZONE,,48.120000,48.204827,0.060765,0.024062,True,1
9/2/2025 10:00:00 PM,9/2/2025 6:00:00 PM,1,PJM-RTO,,,ZONE,,84.480000,84.592573,0.077335,0.035238,True,1
9/2/2025 10:05:00 PM,9/2/2025 6:05:00 PM,1,PJM-RTO,,,ZONE,,86.370000,86.415147,0.003852,0.041295,True,1
9/2/2025 10:10:00 PM,9/2/2025 6:10:00 PM,1,PJM-RTO,,,ZONE,,42.090000,42.106752,0.000000,0.016752,True,1
9/2/2025 10:15:00 PM,9/2/2025 6:15:00 PM,1,PJM-RTO,,,ZONE,,44.320000,44.362592,0.018131,0.024461,True,1
9/2/2025 10:20:00 PM,9/2/2025 6:20:00 PM,1,PJM-RTO,,,ZONE,,35.880000,35.899139,0.004288,0.014851,True,1
9/2/2025 10:25:00 PM,9/2/2025 6:25:00 PM,1,PJM-RTO,,,ZONE,,42.360000,42.406102,0.023571,0.022531,True,1
9/2/2025 10:30:00 PM,9/2/2025 6:30:00 PM,1,PJM-RTO,,,ZONE,,44.820000,44.862745,0.023113,0.019632,True,1
9/2/2025 10:35:00 PM,9/2/2025 6:35:00 PM,1,PJM-RTO,,,ZONE,,46.400000,46.472147,0.050082,0.022065,True,1
9/2/2025 10:40:00 PM,9/2/2025 6:40:00 PM,1,PJM-RTO,,,ZONE,,84.960000,85.132951,0.125753,0.047199,True,1
9/2/2025 10:45:00 PM,9/2/2025 6:45:00 PM,1,PJM-RTO,,,ZONE,,84.440000,84.552512,0.065286,0.047226,True,1
9/2/2025 10:50:00 PM,9/2/2025 6:50:00 PM,1,PJM-RTO,,,ZONE,,85.890000,85.992509,0.059246,0.043262,True,1
9/2/2025 10:55:00 PM,9/2/2025 6:55:00 PM,1,PJM-RTO,,,ZONE,,77.670000,77.785955,0.071196,0.044759,True,1
9/2/2025 11:00:00 PM,9/2/2025 7:00:00 PM,1,PJM-RTO,,,ZONE,,116.850000,117.012911,0.101231,0.061680,True,1
9/2/2025 11:05:00 PM,9/2/2025 7:05:00 PM,1,PJM-RTO,,,ZONE,,73.980000,74.037500,0.018588,0.038912,True,1
9/2/2025 11:10:00 PM,9/2/2025 7:10:00 PM,1,PJM-RTO,,,ZONE,,52.430000,52.492275,0.033607,0.028668,True,1
9/2/2025 11:15:00 PM,9/2/2025 7:15:00 PM,1,PJM-RTO,,,ZONE,,66.640000,66.770956,0.100096,0.030860,True,1
9/2/2025 11:20:00 PM,9/2/2025 7:20:00 PM,1,PJM-RTO,,,ZONE,,177.110000,177.450975,0.261128,0.079847,True,1
9/2/2025 11:25:00 PM,9/2/2025 7:25:00 PM,1,PJM-RTO,,,ZONE,,82.000000,82.135307,0.099258,0.036049,True,1
9/2/2025 11:30:00 PM,9/2/2025 7:30:00 PM,1,PJM-RTO,,,ZONE,,63.530000,63.642000,0.084371,0.027629,True,1
9/2/2025 11:35:00 PM,9/2/2025 7:35:00 PM,1,PJM-RTO,,,ZONE,,60.870000,60.925820,0.030669,0.025152,True,1
9/2/2025 11:40:00 PM,9/2/2025 7:40:00 PM,1,PJM-RTO,,,ZONE,,56.690000,56.759597,0.045681,0.023917,True,1
9/2/2025 11:45:00 PM,9/2/2025 7:45:00 PM,1,PJM-RTO,,,ZONE,,51.930000,51.982947,0.027092,0.025856,True,1
9/2/2025 11:50:00 PM,9/2/2025 7:50:00 PM,1,PJM-RTO,,,ZONE,,50.940000,51.013082,0.041438,0.031644,True,1
9/2/2025 11:55:00 PM,9/2/2025 7:55:00 PM,1,PJM-RTO,,,ZONE,,144.510000,144.645501,0.041438,0.094063,True,1
9/3/2025 12:00:00 AM,9/2/2025 8:00:00 PM,1,PJM-RTO,,,ZONE,,55.200000,55.303716,0.067723,0.035993,True,1
9/3/2025 12:05:00 AM,9/2/2025 8:05:00 PM,1,PJM-RTO,,,ZONE,,55.000000,55.119539,0.082713,0.036826,True,1
9/3/2025 12:10:00 AM,9/2/2025 8:10:00 PM,1,PJM-RTO,,,ZONE,,55.230000,55.320619,0.055628,0.034991,True,1
9/3/2025 12:15:00 AM,9/2/2025 8:15:00 PM,1,PJM-RTO,,,ZONE,,51.890000,51.999176,0.076849,0.032327,True,1
9/3/2025 12:20:00 AM,9/2/2025 8:20:00 PM,1,PJM-RTO,,,ZONE,,60.860000,60.977664,0.089553,0.028111,True,1
9/3/2025 12:25:00 AM,9/2/2025 8:25:00 PM,1,PJM-RTO,,,ZONE,,50.630000,50.736047,0.077989,0.028058,True,1
9/3/2025 12:30:00 AM,9/2/2025 8:30:00 PM,1,PJM-RTO,,,ZONE,,43.090000,43.159288,0.048754,0.020533,True,1
9/3/2025 12:35:00 AM,9/2/2025 8:35:00 PM,1,PJM-RTO,,,ZONE,,39.590000,39.659658,0.044689,0.024969,True,1
9/3/2025 12:40:00 AM,9/2/2025 8:40:00 PM,1,PJM-RTO,,,ZONE,,32.170000,32.219821,0.035999,0.013821,True,1
9/3/2025 12:45:00 AM,9/2/2025 8:45:00 PM,1,PJM-RTO,,,ZONE,,29.560000,29.594738,0.025428,0.009310,True,1
9/3/2025 12:50:00 AM,9/2/2025 8:50:00 PM,1,PJM-RTO,,,ZONE,,31.080000,31.124044,0.029263,0.014781,True,1
9/3/2025 12:55:00 AM,9/2/2025 8:55:00 PM,1,PJM-RTO,,,ZONE,,29.550000,29.577483,0.016661,0.010822,True,1
9/3/2025 1:00:00 AM,9/2/2025 9:00:00 PM,1,PJM-RTO,,,ZONE,,28.330000,28.386018,0.042020,0.013998,True,1
9/3/2025 1:05:00 AM,9/2/2025 9:05:00 PM,1,PJM-RTO,,,ZONE,,40.190000,40.278870,0.067369,0.021501,True,1
9/3/2025 1:10:00 AM,9/2/2025 9:10:00 PM,1,PJM-RTO,,,ZONE,,31.240000,31.345569,0.092468,0.013101,True,1
9/3/2025 1:15:00 AM,9/2/2025 9:15:00 PM,1,PJM-RTO,,,ZONE,,42.080000,42.225108,0.120304,0.024804,True,1
9/3/2025 1:20:00 AM,9/2/2025 9:20:00 PM,1,PJM-RTO,,,ZONE,,30.200000,30.269907,0.051003,0.018904,True,1
9/3/2025 1:25:00 AM,9/2/2025 9:25:00 PM,1,PJM-RTO,,,ZONE,,27.630000,27.673321,0.030326,0.012995,True,1
9/3/2025 1:30:00 AM,9/2/2025 9:30:00 PM,1,PJM-RTO,,,ZONE,,25.340000,25.377796,0.024953,0.012843,True,1
9/3/2025 1:35:00 AM,9/2/2025 9:35:00 PM,1,PJM-RTO,,,ZONE,,24.490000,24.525670,0.021796,0.013874,True,1
9/3/2025 1:40:00 AM,9/2/2025 9:40:00 PM,1,PJM-RTO,,,ZONE,,22.880000,22.902145,0.011915,0.010229,True,1
9/3/2025 1:45:00 AM,9/2/2025 9:45:00 PM,1,PJM-RTO,,,ZONE,,22.570000,22.594923,0.017474,0.007449,True,1
9/3/2025 1:50:00 AM,9/2/2025 9:50:00 PM,1,PJM-RTO,,,ZONE,,22.870000,22.903582,0.019485,0.014097,True,1
9/3/2025 1:55:00 AM,9/2/2025 9:55:00 PM,1,PJM-RTO,,,ZONE,,25.190000,25.231653,0.024802,0.016851,True,1
9/3/2025 2:00:00 AM,9/2/2025 10:00:00 PM,1,PJM-RTO,,,ZONE,,25.550000,25.601507,0.039252,0.012256,True,1
9/3/2025 2:05:00 AM,9/2/2025 10:05:00 PM,1,PJM-RTO,,,ZONE,,28.420000,28.483079,0.048145,0.014934,True,1
9/3/2025 2:10:00 AM,9/2/2025 10:10:00 PM,1,PJM-RTO,,,ZONE,,31.630000,31.695856,0.045536,0.020320,True,1
9/3/2025 2:15:00 AM,9/2/2025 10:15:00 PM,1,PJM-RTO,,,ZONE,,27.440000,27.463360,0.009416,0.013945,True,1
9/3/2025 2:20:00 AM,9/2/2025 10:20:00 PM,1,PJM-RTO,,,ZONE,,28.940000,28.957150,0.001785,0.015365,True,1
9/3/2025 2:25:00 AM,9/2/2025 10:25:00 PM,1,PJM-RTO,,,ZONE,,30.910000,30.933074,0.004802,0.018272,True,1
9/3/2025 2:30:00 AM,9/2/2025 10:30:00 PM,1,PJM-RTO,,,ZONE,,27.740000,27.756341,0.000000,0.016341,True,1
9/3/2025 2:35:00 AM,9/2/2025 10:35:00 PM,1,PJM-RTO,,,ZONE,,28.070000,28.081472,0.000000,0.011472,True,1
9/3/2025 2:40:00 AM,9/2/2025 10:40:00 PM,1,PJM-RTO,,,ZONE,,24.550000,24.569101,0.000000,0.019101,True,1
9/3/2025 2:45:00 AM,9/2/2025 10:45:00 PM,1,PJM-RTO,,,ZONE,,23.670000,23.693399,0.011469,0.011930,True,1
9/3/2025 2:50:00 AM,9/2/2025 10:50:00 PM,1,PJM-RTO,,,ZONE,,23.100000,23.122913,0.011878,0.011035,True,1
9/3/2025 2:55:00 AM,9/2/2025 10:55:00 PM,1,PJM-RTO,,,ZONE,,26.160000,26.254549,0.085295,0.009254,True,1
9/3/2025 3:00:00 AM,9/2/2025 11:00:00 PM,1,PJM-RTO,,,ZONE,,31.060000,31.103468,0.026640,0.016829,True,1
9/3/2025 3:05:00 AM,9/2/2025 11:05:00 PM,1,PJM-RTO,,,ZONE,,32.440000,32.482964,0.022737,0.020227,True,1
9/3/2025 3:10:00 AM,9/2/2025 11:10:00 PM,1,PJM-RTO,,,ZONE,,34.230000,34.255054,0.000000,0.025054,True,1
9/3/2025 3:15:00 AM,9/2/2025 11:15:00 PM,1,PJM-RTO,,,ZONE,,30.830000,30.932492,0.087004,0.015488,True,1
9/3/2025 3:20:00 AM,9/2/2025 11:20:00 PM,1,PJM-RTO,,,ZONE,,39.220000,39.274147,0.033434,0.020713,True,1
9/3/2025 3:25:00 AM,9/2/2025 11:25:00 PM,1,PJM-RTO,,,ZONE,,29.070000,29.105246,0.015475,0.019771,True,1
9/3/2025 3:30:00 AM,9/2/2025 11:30:00 PM,1,PJM-RTO,,,ZONE,,28.430000,28.460860,0.017001,0.013859,True,1
9/3/2025 3:35:00 AM,9/2/2025 11:35:00 PM,1,PJM-RTO,,,ZONE,,23.790000,23.823045,0.015033,0.018013,True,1
9/3/2025 3:40:00 AM,9/2/2025 11:40:00 PM,1,PJM-RTO,,,ZONE,,17.770000,17.786342,0.008843,0.007499,True,1
9/3/2025 3:45:00 AM,9/2/2025 11:45:00 PM,1,PJM-RTO,,,ZONE,,19.750000,19.880855,0.123869,0.006986,True,1
9/3/2025 3:50:00 AM,9/2/2025 11:50:00 PM,1,PJM-RTO,,,ZONE,,19.070000,19.169708,0.084585,0.015123,True,1
9/3/2025 3:55:00 AM,9/2/2025 11:55:00 PM,1,PJM-RTO,,,ZONE,,13.980000,13.989300,0.005616,0.003684,True,1
9/3/2025 4:00:00 AM,9/3/2025 12:00:00 AM,1,PJM-RTO,,,ZONE,,14.560000,14.648183,0.079677,0.008506,True,1
9/3/2025 4:05:00 AM,9/3/2025 12:05:00 AM,1,PJM-RTO,,,ZONE,,14.380000,14.454815,0.064769,0.010046,True,1
9/3/2025 4:10:00 AM,9/3/2025 12:10:00 AM,1,PJM-RTO,,,ZONE,,17.220000,17.348449,0.117893,0.010556,True,1
9/3/2025 4:15:00 AM,9/3/2025 12:15:00 AM,1,PJM-RTO,,,ZONE,,15.360000,15.392212,0.023912,0.008299,True,1
9/3/2025 4:20:00 AM,9/3/2025 12:20:00 AM,1,PJM-RTO,,,ZONE,,18.000000,18.090605,0.083869,0.006737,True,1
9/3/2025 4:25:00 AM,9/3/2025 12:25:00 AM,1,PJM-RTO,,,ZONE,,15.160000,15.180035,0.007575,0.012459,True,1
9/3/2025 4:30:00 AM,9/3/2025 12:30:00 AM,1,PJM-RTO,,,ZONE,,15.910000,15.972045,0.049624,0.012421,True,1
9/3/2025 4:35:00 AM,9/3/2025 12:35:00 AM,1,PJM-RTO,,,ZONE,,17.290000,17.306570,0.008849,0.007721,True,1
9/3/2025 4:40:00 AM,9/3/2025 12:40:00 AM,1,PJM-RTO,,,ZONE,,17.320000,17.342685,0.011080,0.011605,True,1
9/3/2025 4:45:00 AM,9/3/2025 12:45:00 AM,1,PJM-RTO,,,ZONE,,15.550000,15.565574,0.011160,0.004414,True,1
9/3/2025 4:50:00 AM,9/3/2025 12:50:00 AM,1,PJM-RTO,,,ZONE,,17.590000,17.621098,0.022833,0.008265,True,1
9/3/2025 4:55:00 AM,9/3/2025 12:55:00 AM,1,PJM-RTO,,,ZONE,,17.350000,17.369884,0.009972,0.009912,True,1
9/3/2025 5:00:00 AM,9/3/2025 1:00:00 AM,1,PJM-RTO,,,ZONE,,17.580000,17.597944,0.010936,0.007008,True,1
9/3/2025 5:05:00 AM,9/3/2025 1:05:00 AM,1,PJM-RTO,,,ZONE,,23.340000,23.373530,0.016633,0.016897,True,1
9/3/2025 5:10:00 AM,9/3/2025 1:10:00 AM,1,PJM-RTO,,,ZONE,,21.690000,21.720661,0.016633,0.014028,True,1
9/3/2025 5:15:00 AM,9/3/2025 1:15:00 AM,1,PJM-RTO,,,ZONE,,19.710000,19.732487,0.014005,0.008482,True,1
9/3/2025 5:20:00 AM,9/3/2025 1:20:00 AM,1,PJM-RTO,,,ZONE,,19.770000,19.797565,0.013317,0.014248,True,1
9/3/2025 5:25:00 AM,9/3/2025 1:25:00 AM,1,PJM-RTO,,,ZONE,,20.690000,20.717216,0.015218,0.011999,True,1
9/3/2025 5:30:00 AM,9/3/2025 1:30:00 AM,1,PJM-RTO,,,ZONE,,19.090000,19.118528,0.012899,0.015628,True,1
9/3/2025 5:35:00 AM,9/3/2025 1:35:00 AM,1,PJM-RTO,,,ZONE,,19.100000,19.122690,0.013002,0.009688,True,1
9/3/2025 5:40:00 AM,9/3/2025 1:40:00 AM,1,PJM-RTO,,,ZONE,,20.900000,20.929268,0.015598,0.013670,True,1
9/3/2025 5:45:00 AM,9/3/2025 1:45:00 AM,1,PJM-RTO,,,ZONE,,17.980000,17.999179,0.012380,0.006799,True,1
9/3/2025 5:50:00 AM,9/3/2025 1:50:00 AM,1,PJM-RTO,,,ZONE,,17.950000,17.972870,0.010968,0.011902,True,1
9/3/2025 5:55:00 AM,9/3/2025 1:55:00 AM,1,PJM-RTO,,,ZONE,,16.860000,16.881805,0.010011,0.011794,True,1
9/3/2025 6:00:00 AM,9/3/2025 2:00:00 AM,1,PJM-RTO,,,ZONE,,17.310000,17.363417,0.045602,0.007814,True,1
9/3/2025 6:05:00 AM,9/3/2025 2:05:00 AM,1,PJM-RTO,,,ZONE,,18.460000,18.481924,0.012347,0.009577,True,1
9/3/2025 6:10:00 AM,9/3/2025 2:10:00 AM,1,PJM-RTO,,,ZONE,,17.170000,17.189742,0.011172,0.008570,True,1
9/3/2025 6:15:00 AM,9/3/2025 2:15:00 AM,1,PJM-RTO,,,ZONE,,17.460000,17.481120,0.010075,0.011045,True,1
9/3/2025 6:20:00 AM,9/3/2025 2:20:00 AM,1,PJM-RTO,,,ZONE,,15.760000,15.769147,0.000000,0.009147,True,1
9/3/2025 6:25:00 AM,9/3/2025 2:25:00 AM,1,PJM-RTO,,,ZONE,,16.540000,16.553678,0.000000,0.013678,True,1
9/3/2025 6:30:00 AM,9/3/2025 2:30:00 AM,1,PJM-RTO,,,ZONE,,16.500000,16.508990,0.000000,0.008990,True,1
9/3/2025 6:35:00 AM,9/3/2025 2:35:00 AM,1,PJM-RTO,,,ZONE,,16.430000,16.440621,0.000000,0.010621,True,1
9/3/2025 6:40:00 AM,9/3/2025 2:40:00 AM,1,PJM-RTO,,,ZONE,,15.740000,15.745403,0.000000,0.005403,True,1
9/3/2025 6:45:00 AM,9/3/2025 2:45:00 AM,1,PJM-RTO,,,ZONE,,15.730000,15.737043,0.000000,0.007043,True,1
9/3/2025 6:50:00 AM,9/3/2025 2:50:00 AM,1,PJM-RTO,,,ZONE,,16.090000,16.100397,0.000000,0.010397,True,1
9/3/2025 6:55:00 AM,9/3/2025 2:55:00 AM,1,PJM-RTO,,,ZONE,,18.360000,18.444222,0.073782,0.010440,True,1
9/3/2025 7:00:00 AM,9/3/2025 3:00:00 AM,1,PJM-RTO,,,ZONE,,16.160000,16.177944,0.008832,0.009112,True,1
9/3/2025 7:05:00 AM,9/3/2025 3:05:00 AM,1,PJM-RTO,,,ZONE,,18.300000,18.323055,0.012300,0.010755,True,1
9/3/2025 7:10:00 AM,9/3/2025 3:10:00 AM,1,PJM-RTO,,,ZONE,,16.390000,16.402668,0.000000,0.012668,True,1
9/3/2025 7:15:00 AM,9/3/2025 3:15:00 AM,1,PJM-RTO,,,ZONE,,19.970000,20.078749,0.098322,0.010427,True,1
9/3/2025 7:20:00 AM,9/3/2025 3:20:00 AM,1,PJM-RTO,,,ZONE,,16.540000,16.563489,0.010646,0.012843,True,1
9/3/2025 7:25:00 AM,9/3/2025 3:25:00 AM,1,PJM-RTO,,,ZONE,,16.840000,16.911992,0.066295,0.005696,True,1
9/3/2025 7:30:00 AM,9/3/2025 3:30:00 AM,1,PJM-RTO,,,ZONE,,15.560000,15.580778,0.010943,0.009834,True,1
9/3/2025 7:35:00 AM,9/3/2025 3:35:00 AM,1,PJM-RTO,,,ZONE,,16.230000,16.249716,0.012783,0.006933,True,1
9/3/2025 7:40:00 AM,9/3/2025 3:40:00 AM,1,PJM-RTO,,,ZONE,,15.820000,15.840048,0.009699,0.010348,True,1
9/3/2025 7:45:00 AM,9/3/2025 3:45:00 AM,1,PJM-RTO,,,ZONE,,16.200000,16.226485,0.012805,0.013679,True,1
9/3/2025 7:50:00 AM,9/3/2025 3:50:00 AM,1,PJM-RTO,,,ZONE,,16.690000,16.707978,0.010738,0.007239,True,1
9/3/2025 7:55:00 AM,9/3/2025 3:55:00 AM,1,PJM-RTO,,,ZONE,,15.660000,15.675142,0.007852,0.007290,True,1
9/3/2025 8:00:00 AM,9/3/2025 4:00:00 AM,1,PJM-RTO,,,ZONE,,16.370000,16.388608,0.014245,0.004364,True,1
9/3/2025 8:05:00 AM,9/3/2025 4:05:00 AM,1,PJM-RTO,,,ZONE,,16.340000,16.356386,0.008876,0.007511,True,1
9/3/2025 8:10:00 AM,9/3/2025 4:10:00 AM,1,PJM-RTO,,,ZONE,,16.640000,16.729125,0.075866,0.013259,True,1
9/3/2025 8:15:00 AM,9/3/2025 4:15:00 AM,1,PJM-RTO,,,ZONE,,15.830000,15.842013,0.000000,0.012013,True,1
9/3/2025 8:20:00 AM,9/3/2025 4:20:00 AM,1,PJM-RTO,,,ZONE,,16.300000,16.322484,0.011073,0.011411,True,1
9/3/2025 8:25:00 AM,9/3/2025 4:25:00 AM,1,PJM-RTO,,,ZONE,,15.820000,15.826101,0.000000,0.006101,True,1
9/3/2025 8:30:00 AM,9/3/2025 4:30:00 AM,1,PJM-RTO,,,ZONE,,15.660000,15.682919,0.011278,0.011641,True,1
9/3/2025 8:35:00 AM,9/3/2025 4:35:00 AM,1,PJM-RTO,,,ZONE,,16.260000,16.277692,0.009628,0.008064,True,1
9/3/2025 8:40:00 AM,9/3/2025 4:40:00 AM,1,PJM-RTO,,,ZONE,,15.440000,15.456085,0.008077,0.008007,True,1
9/3/2025 8:45:00 AM,9/3/2025 4:45:00 AM,1,PJM-RTO,,,ZONE,,16.430000,16.447662,0.010533,0.007129,True,1
9/3/2025 8:50:00 AM,9/3/2025 4:50:00 AM,1,PJM-RTO,,,ZONE,,15.640000,15.656715,0.009158,0.007557,True,1
9/3/2025 8:55:00 AM,9/3/2025 4:55:00 AM,1,PJM-RTO,,,ZONE,,15.700000,15.719593,0.009365,0.010227,True,1
9/3/2025 9:00:00 AM,9/3/2025 5:00:00 AM,1,PJM-RTO,,,ZONE,,15.720000,15.735353,0.007717,0.007636,True,1
9/3/2025 9:05:00 AM,9/3/2025 5:05:00 AM,1,PJM-RTO,,,ZONE,,17.540000,17.548963,0.000000,0.008963,True,1
9/3/2025 9:10:00 AM,9/3/2025 5:10:00 AM,1,PJM-RTO,,,ZONE,,17.130000,17.143957,0.000000,0.013957,True,1
9/3/2025 9:15:00 AM,9/3/2025 5:15:00 AM,1,PJM-RTO,,,ZONE,,17.240000,17.266602,0.010660,0.015942,True,1
9/3/2025 9:20:00 AM,9/3/2025 5:20:00 AM,1,PJM-RTO,,,ZONE,,19.540000,19.569287,0.013635,0.015652,True,1
9/3/2025 9:25:00 AM,9/3/2025 5:25:00 AM,1,PJM-RTO,,,ZONE,,19.030000,19.036345,0.000000,0.006345,True,1
9/3/2025 9:30:00 AM,9/3/2025 5:30:00 AM,1,PJM-RTO,,,ZONE,,18.260000,18.266892,0.000000,0.006892,True,1
9/3/2025 9:35:00 AM,9/3/2025 5:35:00 AM,1,PJM-RTO,,,ZONE,,18.380000,18.395585,0.000881,0.014704,True,1
9/3/2025 9:40:00 AM,9/3/2025 5:40:00 AM,1,PJM-RTO,,,ZONE,,18.350000,18.378500,0.012652,0.015847,True,1
9/3/2025 9:45:00 AM,9/3/2025 5:45:00 AM,1,PJM-RTO,,,ZONE,,18.590000,18.606119,0.000606,0.015513,True,1
9/3/2025 9:50:00 AM,9/3/2025 5:50:00 AM,1,PJM-RTO,,,ZONE,,17.380000,17.393029,-0.001334,0.014362,True,1
9/3/2025 9:55:00 AM,9/3/2025 5:55:00 AM,1,PJM-RTO,,,ZONE,,17.330000,17.333239,-0.006128,0.009367,True,1
9/3/2025 10:00:00 AM,9/3/2025 6:00:00 AM,1,PJM-RTO,,,ZONE,,20.080000,20.112915,0.023545,0.009370,True,1
9/3/2025 10:05:00 AM,9/3/2025 6:05:00 AM,1,PJM-RTO,,,ZONE,,17.810000,17.837055,0.015504,0.011550,True,1
9/3/2025 10:10:00 AM,9/3/2025 6:10:00 AM,1,PJM-RTO,,,ZONE,,15.550000,15.563959,0.005020,0.008940,True,1
9/3/2025 10:15:00 AM,9/3/2025 6:15:00 AM,1,PJM-RTO,,,ZONE,,19.310000,19.317135,0.000000,0.007135,True,1
9/3/2025 10:20:00 AM,9/3/2025 6:20:00 AM,1,PJM-RTO,,,ZONE,,18.810000,18.820350,0.000557,0.009793,True,1
9/3/2025 10:25:00 AM,9/3/2025 6:25:00 AM,1,PJM-RTO,,,ZONE,,19.970000,19.990250,0.009482,0.010768,True,1
9/3/2025 10:30:00 AM,9/3/2025 6:30:00 AM,1,PJM-RTO,,,ZONE,,15.990000,16.032066,0.036907,0.005158,True,1
9/3/2025 10:35:00 AM,9/3/2025 6:35:00 AM,1,PJM-RTO,,,ZONE,,23.560000,23.574950,0.000000,0.014950,True,1
9/3/2025 10:40:00 AM,9/3/2025 6:40:00 AM,1,PJM-RTO,,,ZONE,,22.650000,22.673351,0.007684,0.015667,True,1
9/3/2025 10:45:00 AM,9/3/2025 6:45:00 AM,1,PJM-RTO,,,ZONE,,19.050000,19.057737,0.000000,0.007737,True,1
9/3/2025 10:50:00 AM,9/3/2025 6:50:00 AM,1,PJM-RTO,,,ZONE,,18.850000,18.868969,0.003132,0.015837,True,1
9/3/2025 10:55:00 AM,9/3/2025 6:55:00 AM,1,PJM-RTO,,,ZONE,,21.120000,21.127960,0.000000,0.007960,True,1
9/3/2025 11:00:00 AM,9/3/2025 7:00:00 AM,1,PJM-RTO,,,ZONE,,19.820000,19.818657,-0.008818,0.007475,True,1
9/3/2025 11:05:00 AM,9/3/2025 7:05:00 AM,1,PJM-RTO,,,ZONE,,20.760000,20.765148,-0.003032,0.008180,True,1
9/3/2025 11:10:00 AM,9/3/2025 7:10:00 AM,1,PJM-RTO,,,ZONE,,21.200000,21.175874,-0.032757,0.008631,True,1
9/3/2025 11:15:00 AM,9/3/2025 7:15:00 AM,1,PJM-RTO,,,ZONE,,21.400000,21.429538,0.012878,0.016659,True,1
9/3/2025 11:20:00 AM,9/3/2025 7:20:00 AM,1,PJM-RTO,,,ZONE,,20.900000,20.930174,0.014028,0.016146,True,1
9/3/2025 11:25:00 AM,9/3/2025 7:25:00 AM,1,PJM-RTO,,,ZONE,,17.430000,17.442301,0.000000,0.012301,True,1
9/3/2025 11:30:00 AM,9/3/2025 7:30:00 AM,1,PJM-RTO,,,ZONE,,17.470000,17.486212,0.000000,0.016212,True,1
9/3/2025 11:35:00 AM,9/3/2025 7:35:00 AM,1,PJM-RTO,,,ZONE,,17.550000,17.565257,0.000000,0.015257,True,1
9/3/2025 11:40:00 AM,9/3/2025 7:40:00 AM,1,PJM-RTO,,,ZONE,,17.570000,17.583320,0.000000,0.013320,True,1
9/3/2025 11:45:00 AM,9/3/2025 7:45:00 AM,1,PJM-RTO,,,ZONE,,16.090000,16.099956,0.000000,0.009956,True,1
9/3/2025 11:50:00 AM,9/3/2025 7:50:00 AM,1,PJM-RTO,,,ZONE,,15.500000,15.518109,0.009791,0.008318,True,1
9/3/2025 11:55:00 AM,9/3/2025 7:55:00 AM,1,PJM-RTO,,,ZONE,,16.940000,16.947234,0.000000,0.007234,True,1
9/3/2025 12:00:00 PM,9/3/2025 8:00:00 AM,1,PJM-RTO,,,ZONE,,17.590000,17.597197,0.000000,0.007197,True,1
9/3/2025 12:05:00 PM,9/3/2025 8:05:00 AM,1,PJM-RTO,,,ZONE,,18.780000,18.793814,0.000000,0.013814,True,1
9/3/2025 12:10:00 PM,9/3/2025 8:10:00 AM,1,PJM-RTO,,,ZONE,,15.000000,15.012844,0.000000,0.012844,True,1
9/3/2025 12:15:00 PM,9/3/2025 8:15:00 AM,1,PJM-RTO,,,ZONE,,17.670000,17.676160,0.000000,0.006160,True,1
9/3/2025 12:20:00 PM,9/3/2025 8:20:00 AM,1,PJM-RTO,,,ZONE,,17.390000,17.405268,0.000000,0.015268,True,1
9/3/2025 12:25:00 PM,9/3/2025 8:25:00 AM,1,PJM-RTO,,,ZONE,,16.080000,16.094996,0.000000,0.014996,True,1
9/3/2025 12:30:00 PM,9/3/2025 8:30:00 AM,1,PJM-RTO,,,ZONE,,15.840000,15.858397,0.008901,0.009496,True,1
9/3/2025 12:35:00 PM,9/3/2025 8:35:00 AM,1,PJM-RTO,,,ZONE,,16.040000,16.046104,0.000000,0.006104,True,1
9/3/2025 12:40:00 PM,9/3/2025 8:40:00 AM,1,PJM-RTO,,,ZONE,,12.690000,12.694145,0.000000,0.004145,True,1
9/3/2025 12:45:00 PM,9/3/2025 8:45:00 AM,1,PJM-RTO,,,ZONE,,14.990000,14.995737,0.000000,0.005737,True,1
9/3/2025 12:50:00 PM,9/3/2025 8:50:00 AM,1,PJM-RTO,,,ZONE,,13.270000,13.281499,0.000000,0.011499,True,1
9/3/2025 12:55:00 PM,9/3/2025 8:55:00 AM,1,PJM-RTO,,,ZONE,,13.010000,13.015079,0.000000,0.005079,True,1
9/3/2025 1:00:00 PM,9/3/2025 9:00:00 AM,1,PJM-RTO,,,ZONE,,12.410000,12.419845,0.000000,0.009845,True,1
9/3/2025 1:05:00 PM,9/3/2025 9:05:00 AM,1,PJM-RTO,,,ZONE,,14.060000,14.065685,0.000000,0.005685,True,1
9/3/2025 1:10:00 PM,9/3/2025 9:10:00 AM,1,PJM-RTO,,,ZONE,,15.170000,15.180166,0.001725,0.008441,True,1
9/3/2025 1:15:00 PM,9/3/2025 9:15:00 AM,1,PJM-RTO,,,ZONE,,15.860000,15.870439,0.000000,0.010439,True,1
9/3/2025 1:20:00 PM,9/3/2025 9:20:00 AM,1,PJM-RTO,,,ZONE,,14.900000,14.908576,0.000000,0.008576,True,1
9/3/2025 1:25:00 PM,9/3/2025 9:25:00 AM,1,PJM-RTO,,,ZONE,,15.960000,15.973771,0.000000,0.013771,True,1
9/3/2025 1:30:00 PM,9/3/2025 9:30:00 AM,1,PJM-RTO,,,ZONE,,15.920000,15.927671,0.000000,0.007671,True,1
9/3/2025 1:35:00 PM,9/3/2025 9:35:00 AM,1,PJM-RTO,,,ZONE,,15.890000,15.899925,0.000000,0.009925,True,1
9/3/2025 1:40:00 PM,9/3/2025 9:40:00 AM,1,PJM-RTO,,,ZONE,,15.920000,15.928136,0.000000,0.008136,True,1
9/3/2025 1:45:00 PM,9/3/2025 9:45:00 AM,1,PJM-RTO,,,ZONE,,16.030000,16.049756,0.011802,0.007954,True,1
9/3/2025 1:50:00 PM,9/3/2025 9:50:00 AM,1,PJM-RTO,,,ZONE,,16.510000,16.526317,0.011064,0.005252,True,1
9/3/2025 1:55:00 PM,9/3/2025 9:55:00 AM,1,PJM-RTO,,,ZONE,,16.740000,16.755660,0.008309,0.007351,True,1
9/3/2025 2:00:00 PM,9/3/2025 10:00:00 AM,1,PJM-RTO,,,ZONE,,17.170000,17.216749,0.031060,0.015689,True,1
9/3/2025 2:05:00 PM,9/3/2025 10:05:00 AM,1,PJM-RTO,,,ZONE,,17.100000,17.122239,0.008699,0.013540,True,1
9/3/2025 2:10:00 PM,9/3/2025 10:10:00 AM,1,PJM-RTO,,,ZONE,,18.910000,18.928973,0.009762,0.009210,True,1
9/3/2025 2:15:00 PM,9/3/2025 10:15:00 AM,1,PJM-RTO,,,ZONE,,18.290000,18.325156,0.021901,0.013255,True,1
9/3/2025 2:20:00 PM,9/3/2025 10:20:00 AM,1,PJM-RTO,,,ZONE,,19.330000,19.379371,0.037740,0.011631,True,1
9/3/2025 2:25:00 PM,9/3/2025 10:25:00 AM,1,PJM-RTO,,,ZONE,,19.170000,19.226236,0.044063,0.012173,True,1
9/3/2025 2:30:00 PM,9/3/2025 10:30:00 AM,1,PJM-RTO,,,ZONE,,20.560000,20.614929,0.043777,0.011151,True,1
9/3/2025 2:35:00 PM,9/3/2025 10:35:00 AM,1,PJM-RTO,,,ZONE,,19.400000,19.433881,0.022084,0.011798,True,1
9/3/2025 2:40:00 PM,9/3/2025 10:40:00 AM,1,PJM-RTO,,,ZONE,,18.430000,18.464842,0.024354,0.010488,True,1
9/3/2025 2:45:00 PM,9/3/2025 10:45:00 AM,1,PJM-RTO,,,ZONE,,18.440000,18.507349,0.052353,0.014996,True,1
9/3/2025 2:50:00 PM,9/3/2025 10:50:00 AM,1,PJM-RTO,,,ZONE,,18.460000,18.530643,0.055052,0.015591,True,1
9/3/2025 2:55:00 PM,9/3/2025 10:55:00 AM,1,PJM-RTO,,,ZONE,,20.250000,20.283823,0.022133,0.011690,True,1
9/3/2025 3:00:00 PM,9/3/2025 11:00:00 AM,1,PJM-RTO,,,ZONE,,19.740000,19.775165,0.020309,0.014856,True,1
9/3/2025 3:05:00 PM,9/3/2025 11:05:00 AM,1,PJM-RTO,,,ZONE,,21.480000,21.431144,-0.060770,0.011914,True,1
9/3/2025 3:10:00 PM,9/3/2025 11:10:00 AM,1,PJM-RTO,,,ZONE,,20.940000,20.896564,-0.060171,0.016735,True,1
9/3/2025 3:15:00 PM,9/3/2025 11:15:00 AM,1,PJM-RTO,,,ZONE,,17.800000,17.810781,0.000000,0.010781,True,1
9/3/2025 3:20:00 PM,9/3/2025 11:20:00 AM,1,PJM-RTO,,,ZONE,,18.080000,18.096884,0.002152,0.014733,True,1
9/3/2025 3:25:00 PM,9/3/2025 11:25:00 AM,1,PJM-RTO,,,ZONE,,19.710000,19.729997,0.005212,0.014785,True,1
9/3/2025 3:30:00 PM,9/3/2025 11:30:00 AM,1,PJM-RTO,,,ZONE,,18.580000,18.595207,0.002688,0.012519,True,1
9/3/2025 3:35:00 PM,9/3/2025 11:35:00 AM,1,PJM-RTO,,,ZONE,,18.570000,18.576164,0.000703,0.005460,True,1
9/3/2025 3:40:00 PM,9/3/2025 11:40:00 AM,1,PJM-RTO,,,ZONE,,18.460000,18.473034,0.001448,0.011585,True,1
9/3/2025 3:45:00 PM,9/3/2025 11:45:00 AM,1,PJM-RTO,,,ZONE,,21.590000,21.601118,0.000000,0.011118,True,1
9/3/2025 3:50:00 PM,9/3/2025 11:50:00 AM,1,PJM-RTO,,,ZONE,,18.960000,18.973487,0.000000,0.013487,True,1
9/3/2025 3:55:00 PM,9/3/2025 11:55:00 AM,1,PJM-RTO,,,ZONE,,18.750000,18.767390,0.002207,0.015183,True,1
9/3/2025 4:00:00 PM,9/3/2025 12:00:00 PM,1,PJM-RTO,,,ZONE,,20.080000,20.087093,-0.007218,0.014311,True,1
9/3/2025 4:05:00 PM,9/3/2025 12:05:00 PM,1,PJM-RTO,,,ZONE,,18.640000,18.655503,0.000379,0.015124,True,1
9/3/2025 4:10:00 PM,9/3/2025 12:10:00 PM,1,PJM-RTO,,,ZONE,,18.780000,18.793559,0.000544,0.013015,True,1
9/3/2025 4:15:00 PM,9/3/2025 12:15:00 PM,1,PJM-RTO,,,ZONE,,20.760000,20.797424,0.021433,0.015991,True,1
9/3/2025 4:20:00 PM,9/3/2025 12:20:00 PM,1,PJM-RTO,,,ZONE,,20.920000,20.895354,-0.035233,0.010587,True,1
9/3/2025 4:25:00 PM,9/3/2025 12:25:00 PM,1,PJM-RTO,,,ZONE,,19.940000,19.981193,0.027786,0.013407,True,1
9/3/2025 4:30:00 PM,9/3/2025 12:30:00 PM,1,PJM-RTO,,,ZONE,,20.950000,20.978870,0.020152,0.008718,True,1
9/3/2025 4:35:00 PM,9/3/2025 12:35:00 PM,1,PJM-RTO,,,ZONE,,21.250000,21.262330,0.001893,0.010437,True,1
9/3/2025 4:40:00 PM,9/3/2025 12:40:00 PM,1,PJM-RTO,,,ZONE,,19.600000,19.629336,0.012921,0.016415,True,1
9/3/2025 4:45:00 PM,9/3/2025 12:45:00 PM,1,PJM-RTO,,,ZONE,,23.870000,23.887218,-0.000860,0.018078,True,1
9/3/2025 4:50:00 PM,9/3/2025 12:50:00 PM,1,PJM-RTO,,,ZONE,,22.290000,22.303591,0.001258,0.012333,True,1
9/3/2025 4:55:00 PM,9/3/2025 12:55:00 PM,1,PJM-RTO,,,ZONE,,24.470000,24.483081,-0.000665,0.013746,True,1
9/3/2025 5:00:00 PM,9/3/2025 1:00:00 PM,1,PJM-RTO,,,ZONE,,22.300000,22.320700,0.010270,0.010430,True,1
9/3/2025 5:05:00 PM,9/3/2025 1:05:00 PM,1,PJM-RTO,,,ZONE,,23.170000,23.196181,0.008307,0.017873,True,1
9/3/2025 5:10:00 PM,9/3/2025 1:10:00 PM,1,PJM-RTO,,,ZONE,,23.470000,23.497446,0.008696,0.018749,True,1
9/3/2025 5:15:00 PM,9/3/2025 1:15:00 PM,1,PJM-RTO,,,ZONE,,26.620000,26.640334,0.003576,0.016758,True,1
9/3/2025 5:20:00 PM,9/3/2025 1:20:00 PM,1,PJM-RTO,,,ZONE,,26.310000,26.325825,0.002596,0.013229,True,1
9/3/2025 5:25:00 PM,9/3/2025 1:25:00 PM,1,PJM-RTO,,,ZONE,,26.750000,26.770675,0.002299,0.018376,True,1
9/3/2025 5:30:00 PM,9/3/2025 1:30:00 PM,1,PJM-RTO,,,ZONE,,26.780000,26.793452,0.000815,0.012637,True,1
9/3/2025 5:35:00 PM,9/3/2025 1:35:00 PM,1,PJM-RTO,,,ZONE,,26.550000,26.562490,0.001648,0.010842,True,1
9/3/2025 5:40:00 PM,9/3/2025 1:40:00 PM,1,PJM-RTO,,,ZONE,,33.030000,33.048892,-0.001036,0.019928,True,1
9/3/2025 5:45:00 PM,9/3/2025 1:45:00 PM,1,PJM-RTO,,,ZONE,,27.470000,27.488414,0.000657,0.017757,True,1
9/3/2025 5:50:00 PM,9/3/2025 1:50:00 PM,1,PJM-RTO,,,ZONE,,32.330000,32.349979,0.003585,0.016394,True,1
9/3/2025 5:55:00 PM,9/3/2025 1:55:00 PM,1,PJM-RTO,,,ZONE,,42.980000,43.033919,0.029358,0.024561,True,1
9/3/2025 6:00:00 PM,9/3/2025 2:00:00 PM,1,PJM-RTO,,,ZONE,,36.060000,36.191725,0.108916,0.022809,True,1
9/3/2025 6:05:00 PM,9/3/2025 2:05:00 PM,1,PJM-RTO,,,ZONE,,33.470000,33.582561,0.088011,0.024550,True,1
9/3/2025 6:10:00 PM,9/3/2025 2:10:00 PM,1,PJM-RTO,,,ZONE,,33.050000,33.165378,0.091980,0.023398,True,1
9/3/2025 6:15:00 PM,9/3/2025 2:15:00 PM,1,PJM-RTO,,,ZONE,,29.800000,29.847941,0.028504,0.019437,True,1
9/3/2025 6:20:00 PM,9/3/2025 2:20:00 PM,1,PJM-RTO,,,ZONE,,27.170000,27.208050,0.019582,0.018469,True,1
9/3/2025 6:25:00 PM,9/3/2025 2:25:00 PM,1,PJM-RTO,,,ZONE,,22.310000,22.338900,0.019429,0.009471,True,1
9/3/2025 6:30:00 PM,9/3/2025 2:30:00 PM,1,PJM-RTO,,,ZONE,,27.580000,27.615359,0.016137,0.019222,True,1
9/3/2025 6:35:00 PM,9/3/2025 2:35:00 PM,1,PJM-RTO,,,ZONE,,29.250000,29.289293,0.020776,0.018517,True,1
9/3/2025 6:40:00 PM,9/3/2025 2:40:00 PM,1,PJM-RTO,,,ZONE,,26.910000,26.940818,0.017673,0.013145,True,1
9/3/2025 6:45:00 PM,9/3/2025 2:45:00 PM,1,PJM-RTO,,,ZONE,,27.090000,27.121937,0.017490,0.014447,True,1
9/3/2025 6:50:00 PM,9/3/2025 2:50:00 PM,1,PJM-RTO,,,ZONE,,29.530000,29.569530,0.017939,0.021591,True,1
9/3/2025 6:55:00 PM,9/3/2025 2:55:00 PM,1,PJM-RTO,,,ZONE,,24.810000,24.826841,0.004775,0.012066,True,1
9/3/2025 7:00:00 PM,9/3/2025 3:00:00 PM,1,PJM-RTO,,,ZONE,,24.170000,24.221460,0.030323,0.021137,True,1
9/3/2025 7:05:00 PM,9/3/2025 3:05:00 PM,1,PJM-RTO,,,ZONE,,27.810000,27.866089,0.037246,0.018843,True,1
9/3/2025 7:10:00 PM,9/3/2025 3:10:00 PM,1,PJM-RTO,,,ZONE,,23.420000,23.464603,0.024425,0.020178,True,1
9/3/2025 7:15:00 PM,9/3/2025 3:15:00 PM,1,PJM-RTO,,,ZONE,,23.470000,23.489189,0.008981,0.010208,True,1
9/3/2025 7:20:00 PM,9/3/2025 3:20:00 PM,1,PJM-RTO,,,ZONE,,24.350000,24.371126,0.011822,0.009304,True,1
9/3/2025 7:25:00 PM,9/3/2025 3:25:00 PM,1,PJM-RTO,,,ZONE,,23.170000,23.198663,0.010912,0.017751,True,1
9/3/2025 7:30:00 PM,9/3/2025 3:30:00 PM,1,PJM-RTO,,,ZONE,,25.890000,25.914803,0.010656,0.014147,True,1
9/3/2025 7:35:00 PM,9/3/2025 3:35:00 PM,1,PJM-RTO,,,ZONE,,26.120000,26.148858,0.010470,0.018388,True,1
9/3/2025 7:40:00 PM,9/3/2025 3:40:00 PM,1,PJM-RTO,,,ZONE,,22.490000,22.513037,0.006461,0.016576,True,1
9/3/2025 7:45:00 PM,9/3/2025 3:45:00 PM,1,PJM-RTO,,,ZONE,,25.190000,25.211670,0.007891,0.013779,True,1
9/3/2025 7:50:00 PM,9/3/2025 3:50:00 PM,1,PJM-RTO,,,ZONE,,24.020000,24.043233,0.007604,0.015629,True,1
9/3/2025 7:55:00 PM,9/3/2025 3:55:00 PM,1,PJM-RTO,,,ZONE,,26.210000,26.231688,0.008866,0.012822,True,1
9/3/2025 8:00:00 PM,9/3/2025 4:00:00 PM,1,PJM-RTO,,,ZONE,,29.780000,29.837086,0.040541,0.016545,True,1
9/3/2025 8:05:00 PM,9/3/2025 4:05:00 PM,1,PJM-RTO,,,ZONE,,43.050000,43.455597,0.374612,0.030985,True,1
9/3/2025 8:10:00 PM,9/3/2025 4:10:00 PM,1,PJM-RTO,,,ZONE,,57.560000,58.016433,0.416595,0.039838,True,1
9/3/2025 8:15:00 PM,9/3/2025 4:15:00 PM,1,PJM-RTO,,,ZONE,,58.130000,58.489475,0.317539,0.041936,True,1
9/3/2025 8:20:00 PM,9/3/2025 4:20:00 PM,1,PJM-RTO,,,ZONE,,51.920000,52.306849,0.353151,0.033697,True,1
9/3/2025 8:25:00 PM,9/3/2025 4:25:00 PM,1,PJM-RTO,,,ZONE,,75.330000,75.731727,0.349257,0.052470,True,1
9/3/2025 8:30:00 PM,9/3/2025 4:30:00 PM,1,PJM-RTO,,,ZONE,,64.170000,64.543092,0.334131,0.038961,True,1
9/3/2025 8:35:00 PM,9/3/2025 4:35:00 PM,1,PJM-RTO,,,ZONE,,56.490000,56.667753,0.147912,0.029841,True,1
9/3/2025 8:40:00 PM,9/3/2025 4:40:00 PM,1,PJM-RTO,,,ZONE,,49.070000,49.223792,0.126690,0.027102,True,1
9/3/2025 8:45:00 PM,9/3/2025 4:45:00 PM,1,PJM-RTO,,,ZONE,,51.320000,51.523412,0.175503,0.027908,True,1
9/3/2025 8:50:00 PM,9/3/2025 4:50:00 PM,1,PJM-RTO,,,ZONE,,50.070000,50.369315,0.267977,0.031337,True,1
9/3/2025 8:55:00 PM,9/3/2025 4:55:00 PM,1,PJM-RTO,,,ZONE,,40.090000,40.316175,0.209833,0.016342,True,1
9/3/2025 9:00:00 PM,9/3/2025 5:00:00 PM,1,PJM-RTO,,,ZONE,,41.520000,41.738437,0.188019,0.030418,True,1
9/3/2025 9:05:00 PM,9/3/2025 5:05:00 PM,1,PJM-RTO,,,ZONE,,37.970000,38.123042,0.130228,0.022815,True,1
9/3/2025 9:10:00 PM,9/3/2025 5:10:00 PM,1,PJM-RTO,,,ZONE,,37.720000,37.878830,0.132470,0.026360,True,1
9/3/2025 9:15:00 PM,9/3/2025 5:15:00 PM,1,PJM-RTO,,,ZONE,,21.680000,21.727022,0.034630,0.012393,True,1
9/3/2025 9:20:00 PM,9/3/2025 5:20:00 PM,1,PJM-RTO,,,ZONE,,42.130000,42.270562,0.115708,0.024854,True,1
9/3/2025 9:25:00 PM,9/3/2025 5:25:00 PM,1,PJM-RTO,,,ZONE,,31.350000,31.444527,0.076743,0.017784,True,1
9/3/2025 9:30:00 PM,9/3/2025 5:30:00 PM,1,PJM-RTO,,,ZONE,,30.390000,30.469258,0.063384,0.015874,True,1
9/3/2025 9:35:00 PM,9/3/2025 5:35:00 PM,1,PJM-RTO,,,ZONE,,33.990000,34.063427,0.055351,0.018076,True,1
9/3/2025 9:40:00 PM,9/3/2025 5:40:00 PM,1,PJM-RTO,,,ZONE,,29.560000,29.622293,0.041621,0.020672,True,1
9/3/2025 9:45:00 PM,9/3/2025 5:45:00 PM,1,PJM-RTO,,,ZONE,,29.980000,30.025543,0.025104,0.020438,True,1
9/3/2025 9:50:00 PM,9/3/2025 5:50:00 PM,1,PJM-RTO,,,ZONE,,31.460000,31.530206,0.050670,0.019535,True,1
9/3/2025 9:55:00 PM,9/3/2025 5:55:00 PM,1,PJM-RTO,,,ZONE,,33.870000,33.935111,0.042140,0.022970,True,1
9/3/2025 10:00:00 PM,9/3/2025 6:00:00 PM,1,PJM-RTO,,,ZONE,,28.560000,28.589475,0.014358,0.015117,True,1
9/3/2025 10:05:00 PM,9/3/2025 6:05:00 PM,1,PJM-RTO,,,ZONE,,24.830000,24.853050,0.008721,0.014329,True,1
9/3/2025 10:10:00 PM,9/3/2025 6:10:00 PM,1,PJM-RTO,,,ZONE,,26.450000,26.472012,0.011004,0.011008,True,1
9/3/2025 10:15:00 PM,9/3/2025 6:15:00 PM,1,PJM-RTO,,,ZONE,,36.750000,36.802985,0.035528,0.017457,True,1
9/3/2025 10:20:00 PM,9/3/2025 6:20:00 PM,1,PJM-RTO,,,ZONE,,32.090000,32.141573,0.036495,0.015078,True,1
9/3/2025 10:25:00 PM,9/3/2025 6:25:00 PM,1,PJM-RTO,,,ZONE,,34.880000,34.943795,0.043281,0.020514,True,1
9/3/2025 10:30:00 PM,9/3/2025 6:30:00 PM,1,PJM-RTO,,,ZONE,,60.770000,60.905997,0.096829,0.039168,True,1
9/3/2025 10:35:00 PM,9/3/2025 6:35:00 PM,1,PJM-RTO,,,ZONE,,35.600000,35.654566,0.033636,0.020929,True,1
9/3/2025 10:40:00 PM,9/3/2025 6:40:00 PM,1,PJM-RTO,,,ZONE,,37.360000,37.432310,0.051160,0.021150,True,1
9/3/2025 10:45:00 PM,9/3/2025 6:45:00 PM,1,PJM-RTO,,,ZONE,,43.230000,43.326588,0.068700,0.027888,True,1
9/3/2025 10:50:00 PM,9/3/2025 6:50:00 PM,1,PJM-RTO,,,ZONE,,56.040000,56.133541,0.062441,0.031099,True,1
9/3/2025 10:55:00 PM,9/3/2025 6:55:00 PM,1,PJM-RTO,,,ZONE,,42.190000,42.285032,0.067239,0.027794,True,1
9/3/2025 11:00:00 PM,9/3/2025 7:00:00 PM,1,PJM-RTO,,,ZONE,,43.100000,43.167484,0.039777,0.027707,True,1
9/3/2025 11:05:00 PM,9/3/2025 7:05:00 PM,1,PJM-RTO,,,ZONE,,85.830000,86.033778,0.153100,0.050678,True,1
9/3/2025 11:10:00 PM,9/3/2025 7:10:00 PM,1,PJM-RTO,,,ZONE,,54.980000,55.096262,0.080332,0.035929,True,1
9/3/2025 11:15:00 PM,9/3/2025 7:15:00 PM,1,PJM-RTO,,,ZONE,,47.750000,47.857406,0.083674,0.023732,True,1
9/3/2025 11:20:00 PM,9/3/2025 7:20:00 PM,1,PJM-RTO,,,ZONE,,35.910000,35.971844,0.036437,0.025406,True,1
9/3/2025 11:25:00 PM,9/3/2025 7:25:00 PM,1,PJM-RTO,,,ZONE,,41.580000,41.683010,0.072613,0.030397,True,1
9/3/2025 11:30:00 PM,9/3/2025 7:30:00 PM,1,PJM-RTO,,,ZONE,,31.980000,32.030375,0.026656,0.023719,True,1
9/3/2025 11:35:00 PM,9/3/2025 7:35:00 PM,1,PJM-RTO,,,ZONE,,53.750000,53.892833,0.106051,0.036782,True,1
9/3/2025 11:40:00 PM,9/3/2025 7:40:00 PM,1,PJM-RTO,,,ZONE,,44.030000,44.143560,0.081460,0.032100,True,1
9/3/2025 11:45:00 PM,9/3/2025 7:45:00 PM,1,PJM-RTO,,,ZONE,,48.640000,48.784963,0.105978,0.038985,True,1
9/3/2025 11:50:00 PM,9/3/2025 7:50:00 PM,1,PJM-RTO,,,ZONE,,38.940000,39.031847,0.063921,0.027925,True,1
9/3/2025 11:55:00 PM,9/3/2025 7:55:00 PM,1,PJM-RTO,,,ZONE,,53.030000,53.400308,0.330315,0.039993,True,1
9/4/2025 12:00:00 AM,9/3/2025 8:00:00 PM,1,PJM-RTO,,,ZONE,,46.100000,46.264833,0.136971,0.027862,True,1
9/4/2025 12:05:00 AM,9/3/2025 8:05:00 PM,1,PJM-RTO,,,ZONE,,47.870000,48.060079,0.166533,0.023546,True,1
9/4/2025 12:10:00 AM,9/3/2025 8:10:00 PM,1,PJM-RTO,,,ZONE,,38.750000,38.849078,0.079249,0.019829,True,1
9/4/2025 12:15:00 AM,9/3/2025 8:15:00 PM,1,PJM-RTO,,,ZONE,,51.090000,51.282831,0.161123,0.031708,True,1
9/4/2025 12:20:00 AM,9/3/2025 8:20:00 PM,1,PJM-RTO,,,ZONE,,50.940000,51.094244,0.120417,0.033827,True,1
9/4/2025 12:25:00 AM,9/3/2025 8:25:00 PM,1,PJM-RTO,,,ZONE,,36.230000,36.309557,0.058327,0.021230,True,1
9/4/2025 12:30:00 AM,9/3/2025 8:30:00 PM,1,PJM-RTO,,,ZONE,,32.530000,32.579291,0.028749,0.020542,True,1
9/4/2025 12:35:00 AM,9/3/2025 8:35:00 PM,1,PJM-RTO,,,ZONE,,35.480000,35.560836,0.058809,0.022026,True,1
9/4/2025 12:40:00 AM,9/3/2025 8:40:00 PM,1,PJM-RTO,,,ZONE,,32.510000,32.579750,0.051870,0.017880,True,1
9/4/2025 12:45:00 AM,9/3/2025 8:45:00 PM,1,PJM-RTO,,,ZONE,,34.450000,34.601653,0.128499,0.023154,True,1
9/4/2025 12:50:00 AM,9/3/2025 8:50:00 PM,1,PJM-RTO,,,ZONE,,28.400000,28.527339,0.106177,0.021162,True,1
9/4/2025 12:55:00 AM,9/3/2025 8:55:00 PM,1,PJM-RTO,,,ZONE,,33.760000,33.897184,0.111450,0.025734,True,1
9/4/2025 1:00:00 AM,9/3/2025 9:00:00 PM,1,PJM-RTO,,,ZONE,,54.910000,55.135373,0.201462,0.023911,True,1
9/4/2025 1:05:00 AM,9/3/2025 9:05:00 PM,1,PJM-RTO,,,ZONE,,53.950000,54.094236,0.112462,0.031775,True,1
9/4/2025 1:10:00 AM,9/3/2025 9:10:00 PM,1,PJM-RTO,,,ZONE,,50.040000,50.194911,0.120882,0.034029,True,1
9/4/2025 1:15:00 AM,9/3/2025 9:15:00 PM,1,PJM-RTO,,,ZONE,,38.690000,38.857319,0.143757,0.023562,True,1
9/4/2025 1:20:00 AM,9/3/2025 9:20:00 PM,1,PJM-RTO,,,ZONE,,32.980000,33.108103,0.104708,0.023395,True,1
9/4/2025 1:25:00 AM,9/3/2025 9:25:00 PM,1,PJM-RTO,,,ZONE,,32.790000,32.886330,0.072833,0.023497,True,1
9/4/2025 1:30:00 AM,9/3/2025 9:30:00 PM,1,PJM-RTO,,,ZONE,,32.630000,32.715107,0.060106,0.025002,True,1
9/4/2025 1:35:00 AM,9/3/2025 9:35:00 PM,1,PJM-RTO,,,ZONE,,25.770000,25.819575,0.031749,0.017826,True,1
9/4/2025 1:40:00 AM,9/3/2025 9:40:00 PM,1,PJM-RTO,,,ZONE,,26.420000,26.466404,0.034544,0.011860,True,1
9/4/2025 1:45:00 AM,9/3/2025 9:45:00 PM,1,PJM-RTO,,,ZONE,,22.190000,22.227238,0.022842,0.014395,True,1
9/4/2025 1:50:00 AM,9/3/2025 9:50:00 PM,1,PJM-RTO,,,ZONE,,22.700000,22.732648,0.021844,0.010804,True,1
9/4/2025 1:55:00 AM,9/3/2025 9:55:00 PM,1,PJM-RTO,,,ZONE,,21.900000,21.933630,0.021929,0.011701,True,1
9/4/2025 2:00:00 AM,9/3/2025 10:00:00 PM,1,PJM-RTO,,,ZONE,,24.680000,24.763855,0.070277,0.013579,True,1
9/4/2025 2:05:00 AM,9/3/2025 10:05:00 PM,1,PJM-RTO,,,ZONE,,23.790000,23.835659,0.032140,0.013518,True,1
9/4/2025 2:10:00 AM,9/3/2025 10:10:00 PM,1,PJM-RTO,,,ZONE,,27.450000,27.702338,0.237611,0.014728,True,1
9/4/2025 2:15:00 AM,9/3/2025 10:15:00 PM,1,PJM-RTO,,,ZONE,,28.130000,28.170607,0.017435,0.023172,True,1
9/4/2025 2:20:00 AM,9/3/2025 10:20:00 PM,1,PJM-RTO,,,ZONE,,25.340000,25.398197,0.037261,0.020936,True,1
9/4/2025 2:25:00 AM,9/3/2025 10:25:00 PM,1,PJM-RTO,,,ZONE,,26.820000,26.873349,0.040785,0.012564,True,1
9/4/2025 2:30:00 AM,9/3/2025 10:30:00 PM,1,PJM-RTO,,,ZONE,,23.290000,23.309932,0.002997,0.016936,True,1
9/4/2025 2:35:00 AM,9/3/2025 10:35:00 PM,1,PJM-RTO,,,ZONE,,20.240000,20.254922,0.000000,0.014922,True,1
9/4/2025 2:40:00 AM,9/3/2025 10:40:00 PM,1,PJM-RTO,,,ZONE,,19.940000,19.948053,0.000000,0.008053,True,1
9/4/2025 2:45:00 AM,9/3/2025 10:45:00 PM,1,PJM-RTO,,,ZONE,,18.360000,18.384184,0.010816,0.013368,True,1
9/4/2025 2:50:00 AM,9/3/2025 10:50:00 PM,1,PJM-RTO,,,ZONE,,20.810000,20.869797,0.043620,0.016178,True,1
9/4/2025 2:55:00 AM,9/3/2025 10:55:00 PM,1,PJM-RTO,,,ZONE,,21.570000,21.612476,0.025907,0.016569,True,1
9/4/2025 3:00:00 AM,9/3/2025 11:00:00 PM,1,PJM-RTO,,,ZONE,,21.950000,21.980939,0.019164,0.011775,True,1
9/4/2025 3:05:00 AM,9/3/2025 11:05:00 PM,1,PJM-RTO,,,ZONE,,22.510000,22.543383,0.018314,0.015069,True,1
9/4/2025 3:10:00 AM,9/3/2025 11:10:00 PM,1,PJM-RTO,,,ZONE,,21.720000,21.748700,0.017713,0.010986,True,1
9/4/2025 3:15:00 AM,9/3/2025 11:15:00 PM,1,PJM-RTO,,,ZONE,,22.980000,23.093715,0.103294,0.010422,True,1
9/4/2025 3:20:00 AM,9/3/2025 11:20:00 PM,1,PJM-RTO,,,ZONE,,22.460000,22.534512,0.056708,0.017804,True,1
9/4/2025 3:25:00 AM,9/3/2025 11:25:00 PM,1,PJM-RTO,,,ZONE,,31.360000,31.425985,0.048003,0.017981,True,1
9/4/2025 3:30:00 AM,9/3/2025 11:30:00 PM,1,PJM-RTO,,,ZONE,,30.950000,31.009518,0.039092,0.020427,True,1
9/4/2025 3:35:00 AM,9/3/2025 11:35:00 PM,1,PJM-RTO,,,ZONE,,26.410000,26.435430,0.011306,0.014124,True,1
9/4/2025 3:40:00 AM,9/3/2025 11:40:00 PM,1,PJM-RTO,,,ZONE,,20.930000,20.940138,0.002151,0.007987,True,1
9/4/2025 3:45:00 AM,9/3/2025 11:45:00 PM,1,PJM-RTO,,,ZONE,,18.150000,18.170836,0.014558,0.006278,True,1
9/4/2025 3:50:00 AM,9/3/2025 11:50:00 PM,1,PJM-RTO,,,ZONE,,20.490000,20.545457,0.042398,0.013058,True,1
9/4/2025 3:55:00 AM,9/3/2025 11:55:00 PM,1,PJM-RTO,,,ZONE,,18.800000,18.824596,0.014255,0.010340,True,1
9/4/2025 4:00:00 AM,9/4/2025 12:00:00 AM,1,PJM-RTO,,,ZONE,,20.840000,20.865362,0.015322,0.010040,True,1
9/4/2025 4:05:00 AM,9/4/2025 12:05:00 AM,1,PJM-RTO,,,ZONE,,18.570000,18.592495,0.011846,0.010649,True,1
9/4/2025 4:10:00 AM,9/4/2025 12:10:00 AM,1,PJM-RTO,,,ZONE,,20.220000,20.234569,0.001358,0.013211,True,1
9/4/2025 4:15:00 AM,9/4/2025 12:15:00 AM,1,PJM-RTO,,,ZONE,,25.440000,25.516678,0.060290,0.016388,True,1
9/4/2025 4:20:00 AM,9/4/2025 12:20:00 AM,1,PJM-RTO,,,ZONE,,25.890000,25.936039,0.025256,0.020783,True,1
9/4/2025 4:25:00 AM,9/4/2025 12:25:00 AM,1,PJM-RTO,,,ZONE,,22.820000,22.858869,0.019206,0.019663,True,1
9/4/2025 4:30:00 AM,9/4/2025 12:30:00 AM,1,PJM-RTO,,,ZONE,,26.250000,26.324107,0.060061,0.014046,True,1
9/4/2025 4:35:00 AM,9/4/2025 12:35:00 AM,1,PJM-RTO,,,ZONE,,26.540000,26.562849,0.000000,0.022849,True,1
9/4/2025 4:40:00 AM,9/4/2025 12:40:00 AM,1,PJM-RTO,,,ZONE,,22.630000,22.734050,0.092027,0.012023,True,1
9/4/2025 4:45:00 AM,9/4/2025 12:45:00 AM,1,PJM-RTO,,,ZONE,,25.270000,25.305722,0.021944,0.013778,True,1
9/4/2025 4:50:00 AM,9/4/2025 12:50:00 AM,1,PJM-RTO,,,ZONE,,20.390000,20.415190,0.013989,0.011201,True,1
9/4/2025 4:55:00 AM,9/4/2025 12:55:00 AM,1,PJM-RTO,,,ZONE,,22.230000,22.266928,0.019734,0.017194,True,1
9/4/2025 5:00:00 AM,9/4/2025 1:00:00 AM,1,PJM-RTO,,,ZONE,,23.870000,23.914571,0.022981,0.021589,True,1
9/4/2025 5:05:00 AM,9/4/2025 1:05:00 AM,1,PJM-RTO,,,ZONE,,22.550000,22.591844,0.021297,0.020547,True,1
9/4/2025 5:10:00 AM,9/4/2025 1:10:00 AM,1,PJM-RTO,,,ZONE,,23.090000,23.123805,0.021854,0.011951,True,1
9/4/2025 5:15:00 AM,9/4/2025 1:15:00 AM,1,PJM-RTO,,,ZONE,,25.820000,25.895048,0.058566,0.016481,True,1
9/4/2025 5:20:00 AM,9/4/2025 1:20:00 AM,1,PJM-RTO,,,ZONE,,24.260000,24.297769,0.021844,0.015926,True,1
9/4/2025 5:25:00 AM,9/4/2025 1:25:00 AM,1,PJM-RTO,,,ZONE,,27.550000,27.653760,0.085803,0.017956,True,1
9/4/2025 5:30:00 AM,9/4/2025 1:30:00 AM,1,PJM-RTO,,,ZONE,,24.730000,24.867593,0.117870,0.019723,True,1
9/4/2025 5:35:00 AM,9/4/2025 1:35:00 AM,1,PJM-RTO,,,ZONE,,24.340000,24.371341,0.021573,0.009767,True,1
9/4/2025 5:40:00 AM,9/4/2025 1:40:00 AM,1,PJM-RTO,,,ZONE,,26.030000,26.112954,0.065778,0.017175,True,1
9/4/2025 5:45:00 AM,9/4/2025 1:45:00 AM,1,PJM-RTO,,,ZONE,,26.490000,26.571920,0.068224,0.013696,True,1
9/4/2025 5:50:00 AM,9/4/2025 1:50:00 AM,1,PJM-RTO,,,ZONE,,25.180000,25.232690,0.031568,0.021122,True,1
9/4/2025 5:55:00 AM,9/4/2025 1:55:00 AM,1,PJM-RTO,,,ZONE,,21.940000,21.978950,0.023388,0.015562,True,1
9/4/2025 6:00:00 AM,9/4/2025 2:00:00 AM,1,PJM-RTO,,,ZONE,,19.150000,19.207206,0.047660,0.009545,True,1
9/4/2025 6:05:00 AM,9/4/2025 2:05:00 AM,1,PJM-RTO,,,ZONE,,19.520000,19.529099,0.000000,0.009099,True,1
9/4/2025 6:10:00 AM,9/4/2025 2:10:00 AM,1,PJM-RTO,,,ZONE,,21.400000,21.534324,0.118426,0.015899,True,1
9/4/2025 6:15:00 AM,9/4/2025 2:15:00 AM,1,PJM-RTO,,,ZONE,,19.910000,19.938728,0.016549,0.012179,True,1
9/4/2025 6:20:00 AM,9/4/2025 2:20:00 AM,1,PJM-RTO,,,ZONE,,21.010000,21.152348,0.124753,0.017594,True,1
9/4/2025 6:25:00 AM,9/4/2025 2:25:00 AM,1,PJM-RTO,,,ZONE,,20.580000,20.611199,0.019428,0.011771,True,1
9/4/2025 6:30:00 AM,9/4/2025 2:30:00 AM,1,PJM-RTO,,,ZONE,,22.380000,22.454301,0.064671,0.009630,True,1
9/4/2025 6:35:00 AM,9/4/2025 2:35:00 AM,1,PJM-RTO,,,ZONE,,21.310000,21.429545,0.108910,0.010635,True,1
9/4/2025 6:40:00 AM,9/4/2025 2:40:00 AM,1,PJM-RTO,,,ZONE,,22.120000,22.250245,0.121433,0.008812,True,1
9/4/2025 6:45:00 AM,9/4/2025 2:45:00 AM,1,PJM-RTO,,,ZONE,,21.450000,21.562123,0.102399,0.009724,True,1
9/4/2025 6:50:00 AM,9/4/2025 2:50:00 AM,1,PJM-RTO,,,ZONE,,21.920000,22.041326,0.107287,0.014040,True,1
9/4/2025 6:55:00 AM,9/4/2025 2:55:00 AM,1,PJM-RTO,,,ZONE,,22.310000,22.436903,0.110253,0.016650,True,1
9/4/2025 7:00:00 AM,9/4/2025 3:00:00 AM,1,PJM-RTO,,,ZONE,,22.310000,22.424441,0.099011,0.015430,True,1
9/4/2025 7:05:00 AM,9/4/2025 3:05:00 AM,1,PJM-RTO,,,ZONE,,22.340000,22.372455,0.022032,0.010423,True,1
9/4/2025 7:10:00 AM,9/4/2025 3:10:00 AM,1,PJM-RTO,,,ZONE,,18.680000,18.708615,0.013220,0.015396,True,1
9/4/2025 7:15:00 AM,9/4/2025 3:15:00 AM,1,PJM-RTO,,,ZONE,,20.680000,20.748498,0.052602,0.015895,True,1
9/4/2025 7:20:00 AM,9/4/2025 3:20:00 AM,1,PJM-RTO,,,ZONE,,20.920000,20.949639,0.017631,0.012008,True,1
9/4/2025 7:25:00 AM,9/4/2025 3:25:00 AM,1,PJM-RTO,,,ZONE,,21.260000,21.381997,0.106097,0.015901,True,1
9/4/2025 7:30:00 AM,9/4/2025 3:30:00 AM,1,PJM-RTO,,,ZONE,,21.030000,21.054632,0.005830,0.018802,True,1
9/4/2025 7:35:00 AM,9/4/2025 3:35:00 AM,1,PJM-RTO,,,ZONE,,21.480000,21.523079,0.025132,0.017947,True,1
9/4/2025 7:40:00 AM,9/4/2025 3:40:00 AM,1,PJM-RTO,,,ZONE,,21.360000,21.400258,0.024584,0.015673,True,1
9/4/2025 7:45:00 AM,9/4/2025 3:45:00 AM,1,PJM-RTO,,,ZONE,,21.100000,21.139375,0.021954,0.017421,True,1
9/4/2025 7:50:00 AM,9/4/2025 3:50:00 AM,1,PJM-RTO,,,ZONE,,20.820000,20.861142,0.030393,0.010750,True,1
9/4/2025 7:55:00 AM,9/4/2025 3:55:00 AM,1,PJM-RTO,,,ZONE,,20.750000,20.786370,0.020024,0.016346,True,1
9/4/2025 8:00:00 AM,9/4/2025 4:00:00 AM,1,PJM-RTO,,,ZONE,,19.060000,19.085701,0.017369,0.008332,True,1
9/4/2025 8:05:00 AM,9/4/2025 4:05:00 AM,1,PJM-RTO,,,ZONE,,23.170000,23.210228,0.028655,0.011573,True,1
9/4/2025 8:10:00 AM,9/4/2025 4:10:00 AM,1,PJM-RTO,,,ZONE,,18.610000,18.634455,0.013171,0.011285,True,1
9/4/2025 8:15:00 AM,9/4/2025 4:15:00 AM,1,PJM-RTO,,,ZONE,,19.700000,19.813288,0.097770,0.015518,True,1
9/4/2025 8:20:00 AM,9/4/2025 4:20:00 AM,1,PJM-RTO,,,ZONE,,19.880000,19.949896,0.056092,0.013803,True,1
9/4/2025 8:25:00 AM,9/4/2025 4:25:00 AM,1,PJM-RTO,,,ZONE,,20.290000,20.317024,0.017820,0.009203,True,1
9/4/2025 8:30:00 AM,9/4/2025 4:30:00 AM,1,PJM-RTO,,,ZONE,,21.700000,21.826574,0.112785,0.013789,True,1
9/4/2025 8:35:00 AM,9/4/2025 4:35:00 AM,1,PJM-RTO,,,ZONE,,21.540000,21.574675,0.016614,0.018060,True,1
9/4/2025 8:40:00 AM,9/4/2025 4:40:00 AM,1,PJM-RTO,,,ZONE,,21.580000,21.723259,0.123706,0.019553,True,1
9/4/2025 8:45:00 AM,9/4/2025 4:45:00 AM,1,PJM-RTO,,,ZONE,,19.980000,20.008410,0.015804,0.012606,True,1
9/4/2025 8:50:00 AM,9/4/2025 4:50:00 AM,1,PJM-RTO,,,ZONE,,22.030000,22.064810,0.021554,0.013257,True,1
9/4/2025 8:55:00 AM,9/4/2025 4:55:00 AM,1,PJM-RTO,,,ZONE,,20.760000,20.778528,0.001783,0.016745,True,1
9/4/2025 9:00:00 AM,9/4/2025 5:00:00 AM,1,PJM-RTO,,,ZONE,,24.610000,24.646066,0.020665,0.015401,True,1
9/4/2025 9:05:00 AM,9/4/2025 5:05:00 AM,1,PJM-RTO,,,ZONE,,26.730000,26.770081,0.022198,0.017882,True,1
9/4/2025 9:10:00 AM,9/4/2025 5:10:00 AM,1,PJM-RTO,,,ZONE,,22.410000,22.449644,0.022541,0.017104,True,1
9/4/2025 9:15:00 AM,9/4/2025 5:15:00 AM,1,PJM-RTO,,,ZONE,,25.020000,25.058493,0.023562,0.014931,True,1
9/4/2025 9:20:00 AM,9/4/2025 5:20:00 AM,1,PJM-RTO,,,ZONE,,25.840000,25.879845,0.023221,0.016624,True,1
9/4/2025 9:25:00 AM,9/4/2025 5:25:00 AM,1,PJM-RTO,,,ZONE,,25.730000,25.745894,0.000000,0.015894,True,1
9/4/2025 9:30:00 AM,9/4/2025 5:30:00 AM,1,PJM-RTO,,,ZONE,,25.190000,25.201689,0.000000,0.011689,True,1
9/4/2025 9:35:00 AM,9/4/2025 5:35:00 AM,1,PJM-RTO,,,ZONE,,24.650000,24.688726,0.021960,0.016766,True,1
9/4/2025 9:40:00 AM,9/4/2025 5:40:00 AM,1,PJM-RTO,,,ZONE,,27.710000,27.755836,0.026033,0.019802,True,1
9/4/2025 9:45:00 AM,9/4/2025 5:45:00 AM,1,PJM-RTO,,,ZONE,,27.900000,27.948610,0.032732,0.015877,True,1
9/4/2025 9:50:00 AM,9/4/2025 5:50:00 AM,1,PJM-RTO,,,ZONE,,27.540000,27.555355,0.000000,0.015355,True,1
9/4/2025 9:55:00 AM,9/4/2025 5:55:00 AM,1,PJM-RTO,,,ZONE,,44.040000,44.070942,0.000000,0.030942,True,1
9/4/2025 10:00:00 AM,9/4/2025 6:00:00 AM,1,PJM-RTO,,,ZONE,,32.160000,32.183136,0.000000,0.023136,True,1
9/4/2025 10:05:00 AM,9/4/2025 6:05:00 AM,1,PJM-RTO,,,ZONE,,28.940000,28.956863,0.000000,0.016863,True,1
9/4/2025 10:10:00 AM,9/4/2025 6:10:00 AM,1,PJM-RTO,,,ZONE,,29.880000,29.899669,0.000000,0.019669,True,1
9/4/2025 10:15:00 AM,9/4/2025 6:15:00 AM,1,PJM-RTO,,,ZONE,,28.450000,28.492725,0.024464,0.018262,True,1
9/4/2025 10:20:00 AM,9/4/2025 6:20:00 AM,1,PJM-RTO,,,ZONE,,28.760000,28.783913,0.000000,0.023913,True,1
9/4/2025 10:25:00 AM,9/4/2025 6:25:00 AM,1,PJM-RTO,,,ZONE,,32.030000,32.048885,0.000000,0.018885,True,1
9/4/2025 10:30:00 AM,9/4/2025 6:30:00 AM,1,PJM-RTO,,,ZONE,,119.190000,119.379676,0.111511,0.078165,True,1
9/4/2025 10:35:00 AM,9/4/2025 6:35:00 AM,1,PJM-RTO,,,ZONE,,109.470000,109.651356,0.102433,0.078924,True,1
9/4/2025 10:40:00 AM,9/4/2025 6:40:00 AM,1,PJM-RTO,,,ZONE,,43.450000,43.576427,0.097049,0.029378,True,1
9/4/2025 10:45:00 AM,9/4/2025 6:45:00 AM,1,PJM-RTO,,,ZONE,,45.540000,45.615294,0.047068,0.028226,True,1
9/4/2025 10:50:00 AM,9/4/2025 6:50:00 AM,1,PJM-RTO,,,ZONE,,80.770000,80.953966,0.133691,0.050275,True,1
9/4/2025 10:55:00 AM,9/4/2025 6:55:00 AM,1,PJM-RTO,,,ZONE,,59.590000,59.706708,0.080552,0.036156,True,1
9/4/2025 11:00:00 AM,9/4/2025 7:00:00 AM,1,PJM-RTO,,,ZONE,,56.080000,56.103002,0.000000,0.023002,True,1
9/4/2025 11:05:00 AM,9/4/2025 7:05:00 AM,1,PJM-RTO,,,ZONE,,54.680000,54.782505,0.069165,0.033340,True,1
9/4/2025 11:10:00 AM,9/4/2025 7:10:00 AM,1,PJM-RTO,,,ZONE,,44.460000,44.488118,0.000000,0.028118,True,1
9/4/2025 11:15:00 AM,9/4/2025 7:15:00 AM,1,PJM-RTO,,,ZONE,,49.360000,49.457729,0.066237,0.031492,True,1
9/4/2025 11:20:00 AM,9/4/2025 7:20:00 AM,1,PJM-RTO,,,ZONE,,60.510000,60.582992,0.034084,0.038908,True,1
9/4/2025 11:25:00 AM,9/4/2025 7:25:00 AM,1,PJM-RTO,,,ZONE,,30.130000,30.241613,0.092381,0.019232,True,1
9/4/2025 11:30:00 AM,9/4/2025 7:30:00 AM,1,PJM-RTO,,,ZONE,,28.490000,28.516906,0.004682,0.022225,True,1
9/4/2025 11:35:00 AM,9/4/2025 7:35:00 AM,1,PJM-RTO,,,ZONE,,26.760000,26.799556,0.024162,0.015394,True,1
9/4/2025 11:40:00 AM,9/4/2025 7:40:00 AM,1,PJM-RTO,,,ZONE,,25.230000,25.244970,0.000000,0.014970,True,1
9/4/2025 11:45:00 AM,9/4/2025 7:45:00 AM,1,PJM-RTO,,,ZONE,,28.470000,28.520550,0.030478,0.020072,True,1
9/4/2025 11:50:00 AM,9/4/2025 7:50:00 AM,1,PJM-RTO,,,ZONE,,28.470000,28.492445,0.000000,0.022445,True,1
9/4/2025 11:55:00 AM,9/4/2025 7:55:00 AM,1,PJM-RTO,,,ZONE,,34.480000,34.501728,0.000000,0.021728,True,1
9/4/2025 12:00:00 PM,9/4/2025 8:00:00 AM,1,PJM-RTO,,,ZONE,,37.640000,37.665735,0.000000,0.025735,True,1
9/4/2025 12:05:00 PM,9/4/2025 8:05:00 AM,1,PJM-RTO,,,ZONE,,31.530000,31.547619,0.000000,0.017619,True,1
9/4/2025 12:10:00 PM,9/4/2025 8:10:00 AM,1,PJM-RTO,,,ZONE,,32.270000,32.295628,0.000000,0.025628,True,1
9/4/2025 12:15:00 PM,9/4/2025 8:15:00 AM,1,PJM-RTO,,,ZONE,,33.400000,33.453294,0.030426,0.022868,True,1
9/4/2025 12:20:00 PM,9/4/2025 8:20:00 AM,1,PJM-RTO,,,ZONE,,32.380000,32.430555,0.029385,0.021169,True,1
9/4/2025 12:25:00 PM,9/4/2025 8:25:00 AM,1,PJM-RTO,,,ZONE,,28.840000,28.887538,0.026125,0.021413,True,1
9/4/2025 12:30:00 PM,9/4/2025 8:30:00 AM,1,PJM-RTO,,,ZONE,,27.320000,27.333627,0.000000,0.013627,True,1
9/4/2025 12:35:00 PM,9/4/2025 8:35:00 AM,1,PJM-RTO,,,ZONE,,26.780000,26.798661,0.000000,0.018661,True,1
9/4/2025 12:40:00 PM,9/4/2025 8:40:00 AM,1,PJM-RTO,,,ZONE,,26.810000,26.827362,0.000000,0.017362,True,1
9/4/2025 12:45:00 PM,9/4/2025 8:45:00 AM,1,PJM-RTO,,,ZONE,,27.930000,27.943170,0.000000,0.013170,True,1
9/4/2025 12:50:00 PM,9/4/2025 8:50:00 AM,1,PJM-RTO,,,ZONE,,27.510000,27.526278,0.000000,0.016278,True,1
9/4/2025 12:55:00 PM,9/4/2025 8:55:00 AM,1,PJM-RTO,,,ZONE,,27.360000,27.372264,0.000000,0.012264,True,1
9/4/2025 1:00:00 PM,9/4/2025 9:00:00 AM,1,PJM-RTO,,,ZONE,,27.360000,27.379219,0.000000,0.019219,True,1
9/4/2025 1:05:00 PM,9/4/2025 9:05:00 AM,1,PJM-RTO,,,ZONE,,27.550000,27.572149,0.000000,0.022149,True,1
9/4/2025 1:10:00 PM,9/4/2025 9:10:00 AM,1,PJM-RTO,,,ZONE,,26.250000,26.271240,0.000000,0.021240,True,1
9/4/2025 1:15:00 PM,9/4/2025 9:15:00 AM,1,PJM-RTO,,,ZONE,,23.190000,23.202374,0.000000,0.012374,True,1
9/4/2025 1:20:00 PM,9/4/2025 9:20:00 AM,1,PJM-RTO,,,ZONE,,27.310000,27.329041,0.000000,0.019041,True,1
9/4/2025 1:25:00 PM,9/4/2025 9:25:00 AM,1,PJM-RTO,,,ZONE,,27.310000,27.327047,0.002120,0.014927,True,1
9/4/2025 1:30:00 PM,9/4/2025 9:30:00 AM,1,PJM-RTO,,,ZONE,,27.540000,27.561273,0.003170,0.018103,True,1
9/4/2025 1:35:00 PM,9/4/2025 9:35:00 AM,1,PJM-RTO,,,ZONE,,24.370000,24.384654,0.005565,0.009089,True,1
9/4/2025 1:40:00 PM,9/4/2025 9:40:00 AM,1,PJM-RTO,,,ZONE,,23.080000,23.101901,0.005244,0.016656,True,1
9/4/2025 1:45:00 PM,9/4/2025 9:45:00 AM,1,PJM-RTO,,,ZONE,,24.240000,24.261404,0.004489,0.016915,True,1
9/4/2025 1:50:00 PM,9/4/2025 9:50:00 AM,1,PJM-RTO,,,ZONE,,24.980000,25.002287,0.005200,0.017087,True,1
9/4/2025 1:55:00 PM,9/4/2025 9:55:00 AM,1,PJM-RTO,,,ZONE,,27.290000,27.312522,0.002893,0.019629,True,1
9/4/2025 2:00:00 PM,9/4/2025 10:00:00 AM,1,PJM-RTO,,,ZONE,,26.170000,26.192159,0.004482,0.017678,True,1
9/4/2025 2:05:00 PM,9/4/2025 10:05:00 AM,1,PJM-RTO,,,ZONE,,27.150000,27.175584,0.004290,0.021293,True,1
9/4/2025 2:10:00 PM,9/4/2025 10:10:00 AM,1,PJM-RTO,,,ZONE,,24.890000,24.914429,0.004114,0.020316,True,1
9/4/2025 2:15:00 PM,9/4/2025 10:15:00 AM,1,PJM-RTO,,,ZONE,,26.850000,26.867585,0.003614,0.013971,True,1
9/4/2025 2:20:00 PM,9/4/2025 10:20:00 AM,1,PJM-RTO,,,ZONE,,26.200000,26.221177,0.001238,0.019939,True,1
9/4/2025 2:25:00 PM,9/4/2025 10:25:00 AM,1,PJM-RTO,,,ZONE,,26.370000,26.388645,0.001637,0.017008,True,1
9/4/2025 2:30:00 PM,9/4/2025 10:30:00 AM,1,PJM-RTO,,,ZONE,,25.950000,25.965882,0.001636,0.014246,True,1
9/4/2025 2:35:00 PM,9/4/2025 10:35:00 AM,1,PJM-RTO,,,ZONE,,23.400000,23.415146,0.000000,0.015146,True,1
9/4/2025 2:40:00 PM,9/4/2025 10:40:00 AM,1,PJM-RTO,,,ZONE,,24.770000,24.783102,0.000000,0.013102,True,1
9/4/2025 2:45:00 PM,9/4/2025 10:45:00 AM,1,PJM-RTO,,,ZONE,,30.120000,30.138915,0.003570,0.015346,True,1
9/4/2025 2:50:00 PM,9/4/2025 10:50:00 AM,1,PJM-RTO,,,ZONE,,27.490000,27.506103,0.002711,0.013391,True,1
9/4/2025 2:55:00 PM,9/4/2025 10:55:00 AM,1,PJM-RTO,,,ZONE,,36.660000,36.689450,0.001989,0.027461,True,1
9/4/2025 3:00:00 PM,9/4/2025 11:00:00 AM,1,PJM-RTO,,,ZONE,,27.770000,27.786479,0.002431,0.014048,True,1
9/4/2025 3:05:00 PM,9/4/2025 11:05:00 AM,1,PJM-RTO,,,ZONE,,27.760000,27.782572,0.002147,0.020425,True,1
9/4/2025 3:10:00 PM,9/4/2025 11:10:00 AM,1,PJM-RTO,,,ZONE,,28.250000,28.287787,0.025004,0.012783,True,1
9/4/2025 3:15:00 PM,9/4/2025 11:15:00 AM,1,PJM-RTO,,,ZONE,,25.580000,25.605334,0.012895,0.012439,True,1
9/4/2025 3:20:00 PM,9/4/2025 11:20:00 AM,1,PJM-RTO,,,ZONE,,25.200000,25.242982,0.029584,0.013398,True,1
9/4/2025 3:25:00 PM,9/4/2025 11:25:00 AM,1,PJM-RTO,,,ZONE,,26.770000,26.824765,0.035019,0.019747,True,1
9/4/2025 3:30:00 PM,9/4/2025 11:30:00 AM,1,PJM-RTO,,,ZONE,,25.170000,25.208330,0.026244,0.012086,True,1
9/4/2025 3:35:00 PM,9/4/2025 11:35:00 AM,1,PJM-RTO,,,ZONE,,26.900000,26.943804,0.025557,0.018247,True,1
9/4/2025 3:40:00 PM,9/4/2025 11:40:00 AM,1,PJM-RTO,,,ZONE,,26.370000,26.418058,0.031650,0.016407,True,1
9/4/2025 3:45:00 PM,9/4/2025 11:45:00 AM,1,PJM-RTO,,,ZONE,,29.780000,29.801805,0.001884,0.019922,True,1
9/4/2025 3:50:00 PM,9/4/2025 11:50:00 AM,1,PJM-RTO,,,ZONE,,27.480000,27.512129,0.015273,0.016856,True,1
9/4/2025 3:55:00 PM,9/4/2025 11:55:00 AM,1,PJM-RTO,,,ZONE,,27.390000,27.433527,0.023841,0.019686,True,1
9/4/2025 4:00:00 PM,9/4/2025 12:00:00 PM,1,PJM-RTO,,,ZONE,,25.950000,25.956328,-0.013294,0.019622,True,1
9/4/2025 4:05:00 PM,9/4/2025 12:05:00 PM,1,PJM-RTO,,,ZONE,,25.710000,25.730978,0.001125,0.019853,True,1
9/4/2025 4:10:00 PM,9/4/2025 12:10:00 PM,1,PJM-RTO,,,ZONE,,32.050000,32.070598,0.001026,0.019572,True,1
9/4/2025 4:15:00 PM,9/4/2025 12:15:00 PM,1,PJM-RTO,,,ZONE,,27.510000,27.533944,0.005427,0.018518,True,1
9/4/2025 4:20:00 PM,9/4/2025 12:20:00 PM,1,PJM-RTO,,,ZONE,,28.090000,28.106686,0.000000,0.016686,True,1
9/4/2025 4:25:00 PM,9/4/2025 12:25:00 PM,1,PJM-RTO,,,ZONE,,27.800000,27.825150,0.002045,0.023105,True,1
9/4/2025 4:30:00 PM,9/4/2025 12:30:00 PM,1,PJM-RTO,,,ZONE,,27.400000,27.419706,-0.000312,0.020018,True,1
9/4/2025 4:35:00 PM,9/4/2025 12:35:00 PM,1,PJM-RTO,,,ZONE,,25.990000,26.013625,0.004321,0.019304,True,1
9/4/2025 4:40:00 PM,9/4/2025 12:40:00 PM,1,PJM-RTO,,,ZONE,,30.690000,30.718037,0.006856,0.021180,True,1
9/4/2025 4:45:00 PM,9/4/2025 12:45:00 PM,1,PJM-RTO,,,ZONE,,22.230000,22.249301,0.001764,0.017537,True,1
9/4/2025 4:50:00 PM,9/4/2025 12:50:00 PM,1,PJM-RTO,,,ZONE,,26.420000,26.440852,0.001577,0.019275,True,1
9/4/2025 4:55:00 PM,9/4/2025 12:55:00 PM,1,PJM-RTO,,,ZONE,,27.590000,27.615093,0.007203,0.017890,True,1
9/4/2025 5:00:00 PM,9/4/2025 1:00:00 PM,1,PJM-RTO,,,ZONE,,27.260000,27.281844,0.005955,0.015889,True,1
9/4/2025 5:05:00 PM,9/4/2025 1:05:00 PM,1,PJM-RTO,,,ZONE,,31.060000,31.101342,0.020202,0.021140,True,1
9/4/2025 5:10:00 PM,9/4/2025 1:10:00 PM,1,PJM-RTO,,,ZONE,,26.720000,26.746978,0.006884,0.020094,True,1
9/4/2025 5:15:00 PM,9/4/2025 1:15:00 PM,1,PJM-RTO,,,ZONE,,28.900000,28.935917,0.021685,0.014232,True,1
9/4/2025 5:20:00 PM,9/4/2025 1:20:00 PM,1,PJM-RTO,,,ZONE,,30.600000,30.622596,0.006519,0.016077,True,1
9/4/2025 5:25:00 PM,9/4/2025 1:25:00 PM,1,PJM-RTO,,,ZONE,,33.050000,33.100561,0.034263,0.016298,True,1
9/4/2025 5:30:00 PM,9/4/2025 1:30:00 PM,1,PJM-RTO,,,ZONE,,154.700000,154.796233,0.006741,0.089492,True,1
9/4/2025 5:35:00 PM,9/4/2025 1:35:00 PM,1,PJM-RTO,,,ZONE,,428.810000,429.779670,0.675954,0.293716,True,1
9/4/2025 5:40:00 PM,9/4/2025 1:40:00 PM,1,PJM-RTO,,,ZONE,,47.280000,47.419595,0.114238,0.025357,True,1
9/4/2025 5:45:00 PM,9/4/2025 1:45:00 PM,1,PJM-RTO,,,ZONE,,27.710000,27.725259,0.000000,0.015259,True,1
9/4/2025 5:50:00 PM,9/4/2025 1:50:00 PM,1,PJM-RTO,,,ZONE,,27.910000,27.924600,0.000000,0.014600,True,1
9/4/2025 5:55:00 PM,9/4/2025 1:55:00 PM,1,PJM-RTO,,,ZONE,,27.830000,27.842533,-0.000056,0.012588,True,1
9/4/2025 6:00:00 PM,9/4/2025 2:00:00 PM,1,PJM-RTO,,,ZONE,,27.660000,27.678918,0.000000,0.018918,True,1
9/4/2025 6:05:00 PM,9/4/2025 2:05:00 PM,1,PJM-RTO,,,ZONE,,26.150000,26.164470,0.000000,0.014470,True,1
9/4/2025 6:10:00 PM,9/4/2025 2:10:00 PM,1,PJM-RTO,,,ZONE,,27.740000,27.759950,0.000000,0.019950,True,1
9/4/2025 6:15:00 PM,9/4/2025 2:15:00 PM,1,PJM-RTO,,,ZONE,,27.280000,27.302114,0.003471,0.018643,True,1
9/4/2025 6:20:00 PM,9/4/2025 2:20:00 PM,1,PJM-RTO,,,ZONE,,28.160000,28.178655,0.000191,0.018464,True,1
9/4/2025 6:25:00 PM,9/4/2025 2:25:00 PM,1,PJM-RTO,,,ZONE,,28.860000,28.888412,0.009644,0.018767,True,1
9/4/2025 6:30:00 PM,9/4/2025 2:30:00 PM,1,PJM-RTO,,,ZONE,,33.570000,33.604388,0.016931,0.017457,True,1
9/4/2025 6:35:00 PM,9/4/2025 2:35:00 PM,1,PJM-RTO,,,ZONE,,31.320000,31.368849,0.029863,0.018986,True,1
9/4/2025 6:40:00 PM,9/4/2025 2:40:00 PM,1,PJM-RTO,,,ZONE,,28.520000,28.563339,0.031234,0.012105,True,1
9/4/2025 6:45:00 PM,9/4/2025 2:45:00 PM,1,PJM-RTO,,,ZONE,,34.630000,34.699053,0.045190,0.023864,True,1
9/4/2025 6:50:00 PM,9/4/2025 2:50:00 PM,1,PJM-RTO,,,ZONE,,31.910000,31.974292,0.042975,0.021318,True,1
9/4/2025 6:55:00 PM,9/4/2025 2:55:00 PM,1,PJM-RTO,,,ZONE,,27.460000,27.511805,0.033555,0.018250,True,1
9/4/2025 7:00:00 PM,9/4/2025 3:00:00 PM,1,PJM-RTO,,,ZONE,,29.860000,29.894517,0.013704,0.020813,True,1
9/4/2025 7:05:00 PM,9/4/2025 3:05:00 PM,1,PJM-RTO,,,ZONE,,23.580000,23.602102,0.008832,0.013269,True,1
9/4/2025 7:10:00 PM,9/4/2025 3:10:00 PM,1,PJM-RTO,,,ZONE,,26.100000,26.139332,0.018691,0.020641,True,1
9/4/2025 7:15:00 PM,9/4/2025 3:15:00 PM,1,PJM-RTO,,,ZONE,,26.840000,26.884229,0.021884,0.022346,True,1
9/4/2025 7:20:00 PM,9/4/2025 3:20:00 PM,1,PJM-RTO,,,ZONE,,26.800000,26.854684,0.036343,0.018340,True,1
9/4/2025 7:25:00 PM,9/4/2025 3:25:00 PM,1,PJM-RTO,,,ZONE,,27.520000,27.566812,0.030993,0.015819,True,1
9/4/2025 7:30:00 PM,9/4/2025 3:30:00 PM,1,PJM-RTO,,,ZONE,,27.890000,27.943135,0.031482,0.021653,True,1
9/4/2025 7:35:00 PM,9/4/2025 3:35:00 PM,1,PJM-RTO,,,ZONE,,27.770000,27.821893,0.032619,0.019273,True,1
9/4/2025 7:40:00 PM,9/4/2025 3:40:00 PM,1,PJM-RTO,,,ZONE,,32.140000,32.195635,0.035488,0.020147,True,1
9/4/2025 7:45:00 PM,9/4/2025 3:45:00 PM,1,PJM-RTO,,,ZONE,,33.350000,33.421945,0.053461,0.018484,True,1
9/4/2025 7:50:00 PM,9/4/2025 3:50:00 PM,1,PJM-RTO,,,ZONE,,28.760000,28.836283,0.057002,0.019281,True,1
9/4/2025 7:55:00 PM,9/4/2025 3:55:00 PM,1,PJM-RTO,,,ZONE,,21.760000,21.789668,0.018281,0.011387,True,1
9/4/2025 8:00:00 PM,9/4/2025 4:00:00 PM,1,PJM-RTO,,,ZONE,,25.970000,26.050205,0.063524,0.016681,True,1
9/4/2025 8:05:00 PM,9/4/2025 4:05:00 PM,1,PJM-RTO,,,ZONE,,22.610000,22.655026,0.030481,0.014545,True,1
9/4/2025 8:10:00 PM,9/4/2025 4:10:00 PM,1,PJM-RTO,,,ZONE,,24.500000,24.555100,0.043648,0.011452,True,1
9/4/2025 8:15:00 PM,9/4/2025 4:15:00 PM,1,PJM-RTO,,,ZONE,,26.250000,26.286525,0.019487,0.017038,True,1
9/4/2025 8:20:00 PM,9/4/2025 4:20:00 PM,1,PJM-RTO,,,ZONE,,26.010000,26.044016,0.021646,0.012369,True,1
9/4/2025 8:25:00 PM,9/4/2025 4:25:00 PM,1,PJM-RTO,,,ZONE,,26.810000,26.845840,0.019130,0.016710,True,1
9/4/2025 8:30:00 PM,9/4/2025 4:30:00 PM,1,PJM-RTO,,,ZONE,,26.820000,26.850942,0.013304,0.017638,True,1
9/4/2025 8:35:00 PM,9/4/2025 4:35:00 PM,1,PJM-RTO,,,ZONE,,27.520000,27.543247,0.006004,0.017243,True,1
9/4/2025 8:40:00 PM,9/4/2025 4:40:00 PM,1,PJM-RTO,,,ZONE,,26.560000,26.597677,0.014980,0.022698,True,1
9/4/2025 8:45:00 PM,9/4/2025 4:45:00 PM,1,PJM-RTO,,,ZONE,,26.760000,26.794296,0.012011,0.022285,True,1
9/4/2025 8:50:00 PM,9/4/2025 4:50:00 PM,1,PJM-RTO,,,ZONE,,29.040000,29.068180,0.009114,0.019066,True,1
9/4/2025 8:55:00 PM,9/4/2025 4:55:00 PM,1,PJM-RTO,,,ZONE,,26.220000,26.238305,-0.000804,0.019109,True,1
9/4/2025 9:00:00 PM,9/4/2025 5:00:00 PM,1,PJM-RTO,,,ZONE,,26.700000,26.732405,0.016727,0.015678,True,1
9/4/2025 9:05:00 PM,9/4/2025 5:05:00 PM,1,PJM-RTO,,,ZONE,,27.530000,27.561792,0.016786,0.015005,True,1
9/4/2025 9:10:00 PM,9/4/2025 5:10:00 PM,1,PJM-RTO,,,ZONE,,26.540000,26.580688,0.025231,0.015457,True,1
9/4/2025 9:15:00 PM,9/4/2025 5:15:00 PM,1,PJM-RTO,,,ZONE,,26.830000,26.860871,0.017332,0.013539,True,1
9/4/2025 9:20:00 PM,9/4/2025 5:20:00 PM,1,PJM-RTO,,,ZONE,,28.100000,28.127217,0.012186,0.015031,True,1
9/4/2025 9:25:00 PM,9/4/2025 5:25:00 PM,1,PJM-RTO,,,ZONE,,31.830000,31.877061,0.020069,0.026992,True,1
9/4/2025 9:30:00 PM,9/4/2025 5:30:00 PM,1,PJM-RTO,,,ZONE,,29.920000,29.948975,0.010213,0.018762,True,1
9/4/2025 9:35:00 PM,9/4/2025 5:35:00 PM,1,PJM-RTO,,,ZONE,,29.100000,29.131311,0.012434,0.018877,True,1
9/4/2025 9:40:00 PM,9/4/2025 5:40:00 PM,1,PJM-RTO,,,ZONE,,31.240000,31.275894,0.018641,0.017253,True,1
9/4/2025 9:45:00 PM,9/4/2025 5:45:00 PM,1,PJM-RTO,,,ZONE,,30.830000,30.875827,0.020921,0.024906,True,1
9/4/2025 9:50:00 PM,9/4/2025 5:50:00 PM,1,PJM-RTO,,,ZONE,,33.530000,33.605171,0.054505,0.020666,True,1
9/4/2025 9:55:00 PM,9/4/2025 5:55:00 PM,1,PJM-RTO,,,ZONE,,34.550000,34.614473,0.043358,0.021115,True,1
9/4/2025 10:00:00 PM,9/4/2025 6:00:00 PM,1,PJM-RTO,,,ZONE,,30.260000,30.283939,0.009644,0.014294,True,1
9/4/2025 10:05:00 PM,9/4/2025 6:05:00 PM,1,PJM-RTO,,,ZONE,,28.950000,28.980446,0.016700,0.013745,True,1
9/4/2025 10:10:00 PM,9/4/2025 6:10:00 PM,1,PJM-RTO,,,ZONE,,26.300000,26.326660,0.013127,0.013533,True,1
9/4/2025 10:15:00 PM,9/4/2025 6:15:00 PM,1,PJM-RTO,,,ZONE,,28.600000,28.632019,0.013447,0.018572,True,1
9/4/2025 10:20:00 PM,9/4/2025 6:20:00 PM,1,PJM-RTO,,,ZONE,,28.950000,28.980118,0.011363,0.018755,True,1
9/4/2025 10:25:00 PM,9/4/2025 6:25:00 PM,1,PJM-RTO,,,ZONE,,33.380000,33.428022,0.025853,0.022168,True,1
9/4/2025 10:30:00 PM,9/4/2025 6:30:00 PM,1,PJM-RTO,,,ZONE,,28.230000,28.266740,0.016610,0.020130,True,1
9/4/2025 10:35:00 PM,9/4/2025 6:35:00 PM,1,PJM-RTO,,,ZONE,,51.260000,51.415590,0.117087,0.038503,True,1
9/4/2025 10:40:00 PM,9/4/2025 6:40:00 PM,1,PJM-RTO,,,ZONE,,34.230000,34.288882,0.039952,0.018931,True,1
9/4/2025 10:45:00 PM,9/4/2025 6:45:00 PM,1,PJM-RTO,,,ZONE,,71.770000,72.066062,0.249030,0.047032,True,1
9/4/2025 10:50:00 PM,9/4/2025 6:50:00 PM,1,PJM-RTO,,,ZONE,,41.890000,42.011719,0.094335,0.027384,True,1
9/4/2025 10:55:00 PM,9/4/2025 6:55:00 PM,1,PJM-RTO,,,ZONE,,79.420000,79.700128,0.220798,0.059329,True,1
9/4/2025 11:00:00 PM,9/4/2025 7:00:00 PM,1,PJM-RTO,,,ZONE,,40.640000,40.700990,0.044449,0.016541,True,1
9/4/2025 11:05:00 PM,9/4/2025 7:05:00 PM,1,PJM-RTO,,,ZONE,,38.620000,38.688312,0.050855,0.017457,True,1
9/4/2025 11:10:00 PM,9/4/2025 7:10:00 PM,1,PJM-RTO,,,ZONE,,39.940000,40.044052,0.081671,0.022381,True,1
9/4/2025 11:15:00 PM,9/4/2025 7:15:00 PM,1,PJM-RTO,,,ZONE,,53.880000,54.017411,0.110531,0.026880,True,1
9/4/2025 11:20:00 PM,9/4/2025 7:20:00 PM,1,PJM-RTO,,,ZONE,,69.000000,69.233574,0.194370,0.039204,True,1
9/4/2025 11:25:00 PM,9/4/2025 7:25:00 PM,1,PJM-RTO,,,ZONE,,73.340000,73.522774,0.140596,0.042177,True,1
9/4/2025 11:30:00 PM,9/4/2025 7:30:00 PM,1,PJM-RTO,,,ZONE,,71.890000,72.084573,0.148630,0.045943,True,1
9/4/2025 11:35:00 PM,9/4/2025 7:35:00 PM,1,PJM-RTO,,,ZONE,,70.070000,70.302705,0.195719,0.036987,True,1
9/4/2025 11:40:00 PM,9/4/2025 7:40:00 PM,1,PJM-RTO,,,ZONE,,395.990000,396.831295,0.570805,0.270490,True,1
9/4/2025 11:45:00 PM,9/4/2025 7:45:00 PM,1,PJM-RTO,,,ZONE,,143.200000,143.625846,0.333347,0.092499,True,1
9/4/2025 11:50:00 PM,9/4/2025 7:50:00 PM,1,PJM-RTO,,,ZONE,,83.130000,83.429707,0.246604,0.053103,True,1
9/4/2025 11:55:00 PM,9/4/2025 7:55:00 PM,1,PJM-RTO,,,ZONE,,158.310000,158.692704,0.280899,0.101805,True,1
9/5/2025 12:00:00 AM,9/4/2025 8:00:00 PM,1,PJM-RTO,,,ZONE,,2555.390000,2557.973704,1.322313,1.261391,True,1
9/5/2025 12:05:00 AM,9/4/2025 8:05:00 PM,1,PJM-RTO,,,ZONE,,166.830000,167.180534,0.256989,0.093545,True,1
9/5/2025 12:10:00 AM,9/4/2025 8:10:00 PM,1,PJM-RTO,,,ZONE,,81.180000,81.338733,0.116197,0.042537,True,1
9/5/2025 12:15:00 AM,9/4/2025 8:15:00 PM,1,PJM-RTO,,,ZONE,,55.420000,55.536496,0.092637,0.023859,True,1
9/5/2025 12:20:00 AM,9/4/2025 8:20:00 PM,1,PJM-RTO,,,ZONE,,62.960000,63.107545,0.108474,0.039071,True,1
9/5/2025 12:25:00 AM,9/4/2025 8:25:00 PM,1,PJM-RTO,,,ZONE,,35.760000,35.803981,0.026101,0.017879,True,1
9/5/2025 12:30:00 AM,9/4/2025 8:30:00 PM,1,PJM-RTO,,,ZONE,,31.610000,31.656700,0.033912,0.012787,True,1
9/5/2025 12:35:00 AM,9/4/2025 8:35:00 PM,1,PJM-RTO,,,ZONE,,28.230000,28.274178,0.029840,0.014338,True,1
9/5/2025 12:40:00 AM,9/4/2025 8:40:00 PM,1,PJM-RTO,,,ZONE,,26.480000,26.523140,0.031372,0.011768,True,1
9/5/2025 12:45:00 AM,9/4/2025 8:45:00 PM,1,PJM-RTO,,,ZONE,,21.490000,21.598377,0.092376,0.016001,True,1
9/5/2025 12:50:00 AM,9/4/2025 8:50:00 PM,1,PJM-RTO,,,ZONE,,23.950000,23.993432,0.023505,0.019928,True,1
9/5/2025 12:55:00 AM,9/4/2025 8:55:00 PM,1,PJM-RTO,,,ZONE,,26.270000,26.326487,0.042089,0.014398,True,1
9/5/2025 1:00:00 AM,9/4/2025 9:00:00 PM,1,PJM-RTO,,,ZONE,,23.320000,23.346492,0.011683,0.014809,True,1
9/5/2025 1:05:00 AM,9/4/2025 9:05:00 PM,1,PJM-RTO,,,ZONE,,29.420000,29.478270,0.040607,0.017663,True,1
9/5/2025 1:10:00 AM,9/4/2025 9:10:00 PM,1,PJM-RTO,,,ZONE,,27.660000,27.704381,0.033996,0.010385,True,1
9/5/2025 1:15:00 AM,9/4/2025 9:15:00 PM,1,PJM-RTO,,,ZONE,,25.900000,25.951422,0.033504,0.017918,True,1
9/5/2025 1:20:00 AM,9/4/2025 9:20:00 PM,1,PJM-RTO,,,ZONE,,34.750000,34.821239,0.054832,0.016407,True,1
9/5/2025 1:25:00 AM,9/4/2025 9:25:00 PM,1,PJM-RTO,,,ZONE,,26.740000,26.806543,0.049116,0.017427,True,1
9/5/2025 1:30:00 AM,9/4/2025 9:30:00 PM,1,PJM-RTO,,,ZONE,,27.790000,27.858148,0.049486,0.018662,True,1
9/5/2025 1:35:00 AM,9/4/2025 9:35:00 PM,1,PJM-RTO,,,ZONE,,26.110000,26.171730,0.043721,0.018009,True,1
9/5/2025 1:40:00 AM,9/4/2025 9:40:00 PM,1,PJM-RTO,,,ZONE,,27.060000,27.207710,0.132948,0.014763,True,1
9/5/2025 1:45:00 AM,9/4/2025 9:45:00 PM,1,PJM-RTO,,,ZONE,,25.960000,26.017075,0.036981,0.020094,True,1
9/5/2025 1:50:00 AM,9/4/2025 9:50:00 PM,1,PJM-RTO,,,ZONE,,27.160000,27.227715,0.046987,0.020728,True,1
9/5/2025 1:55:00 AM,9/4/2025 9:55:00 PM,1,PJM-RTO,,,ZONE,,29.280000,29.339690,0.035991,0.023699,True,1
9/5/2025 2:00:00 AM,9/4/2025 10:00:00 PM,1,PJM-RTO,,,ZONE,,30.210000,30.272516,0.050300,0.012216,True,1
9/5/2025 2:05:00 AM,9/4/2025 10:05:00 PM,1,PJM-RTO,,,ZONE,,26.540000,26.597495,0.040755,0.016740,True,1
9/5/2025 2:10:00 AM,9/4/2025 10:10:00 PM,1,PJM-RTO,,,ZONE,,46.090000,46.183499,0.067712,0.025788,True,1
9/5/2025 2:15:00 AM,9/4/2025 10:15:00 PM,1,PJM-RTO,,,ZONE,,41.320000,41.350262,0.009344,0.020918,True,1
9/5/2025 2:20:00 AM,9/4/2025 10:20:00 PM,1,PJM-RTO,,,ZONE,,37.050000,37.090153,0.022588,0.017565,True,1
9/5/2025 2:25:00 AM,9/4/2025 10:25:00 PM,1,PJM-RTO,,,ZONE,,34.480000,34.512335,0.014781,0.017554,True,1
9/5/2025 2:30:00 AM,9/4/2025 10:30:00 PM,1,PJM-RTO,,,ZONE,,40.390000,40.426405,0.012264,0.024141,True,1
9/5/2025 2:35:00 AM,9/4/2025 10:35:00 PM,1,PJM-RTO,,,ZONE,,39.770000,39.807064,0.016004,0.021060,True,1
9/5/2025 2:40:00 AM,9/4/2025 10:40:00 PM,1,PJM-RTO,,,ZONE,,21.480000,21.520244,0.026901,0.013342,True,1
9/5/2025 2:45:00 AM,9/4/2025 10:45:00 PM,1,PJM-RTO,,,ZONE,,29.090000,29.127556,0.017263,0.020292,True,1
9/5/2025 2:50:00 AM,9/4/2025 10:50:00 PM,1,PJM-RTO,,,ZONE,,23.380000,23.413820,0.019636,0.014184,True,1
9/5/2025 2:55:00 AM,9/4/2025 10:55:00 PM,1,PJM-RTO,,,ZONE,,27.680000,27.741593,0.039328,0.022265,True,1
9/5/2025 3:00:00 AM,9/4/2025 11:00:00 PM,1,PJM-RTO,,,ZONE,,27.660000,27.689294,0.008976,0.020318,True,1
9/5/2025 3:05:00 AM,9/4/2025 11:05:00 PM,1,PJM-RTO,,,ZONE,,24.460000,24.481446,0.006110,0.015336,True,1
9/5/2025 3:10:00 AM,9/4/2025 11:10:00 PM,1,PJM-RTO,,,ZONE,,27.050000,27.083432,0.014914,0.018517,True,1
9/5/2025 3:15:00 AM,9/4/2025 11:15:00 PM,1,PJM-RTO,,,ZONE,,31.300000,31.354904,0.030376,0.024528,True,1
9/5/2025 3:20:00 AM,9/4/2025 11:20:00 PM,1,PJM-RTO,,,ZONE,,29.020000,29.052573,0.016267,0.016307,True,1
9/5/2025 3:25:00 AM,9/4/2025 11:25:00 PM,1,PJM-RTO,,,ZONE,,28.380000,28.398231,0.006221,0.012010,True,1
9/5/2025 3:30:00 AM,9/4/2025 11:30:00 PM,1,PJM-RTO,,,ZONE,,22.700000,22.721325,0.006404,0.014921,True,1
9/5/2025 3:35:00 AM,9/4/2025 11:35:00 PM,1,PJM-RTO,,,ZONE,,22.730000,22.764704,0.019567,0.015137,True,1
9/5/2025 3:40:00 AM,9/4/2025 11:40:00 PM,1,PJM-RTO,,,ZONE,,25.400000,25.450507,0.034875,0.015633,True,1
9/5/2025 3:45:00 AM,9/4/2025 11:45:00 PM,1,PJM-RTO,,,ZONE,,17.790000,17.849969,0.044647,0.015322,True,1
9/5/2025 3:50:00 AM,9/4/2025 11:50:00 PM,1,PJM-RTO,,,ZONE,,18.570000,18.632490,0.054827,0.007663,True,1
9/5/2025 3:55:00 AM,9/4/2025 11:55:00 PM,1,PJM-RTO,,,ZONE,,19.690000,19.718943,0.015827,0.013116,True,1
9/5/2025 4:00:00 AM,9/5/2025 12:00:00 AM,1,PJM-RTO,,,ZONE,,22.810000,22.832684,0.011980,0.010703,True,1
9/5/2025 4:05:00 AM,9/5/2025 12:05:00 AM,1,PJM-RTO,,,ZONE,,17.310000,17.364921,0.048677,0.006244,True,1
9/5/2025 4:10:00 AM,9/5/2025 12:10:00 AM,1,PJM-RTO,,,ZONE,,23.440000,23.457847,0.006675,0.011173,True,1
9/5/2025 4:15:00 AM,9/5/2025 12:15:00 AM,1,PJM-RTO,,,ZONE,,27.220000,27.270495,0.038676,0.011819,True,1
9/5/2025 4:20:00 AM,9/5/2025 12:20:00 AM,1,PJM-RTO,,,ZONE,,27.070000,27.122022,0.035472,0.016550,True,1
9/5/2025 4:25:00 AM,9/5/2025 12:25:00 AM,1,PJM-RTO,,,ZONE,,29.210000,29.278235,0.047697,0.020538,True,1
9/5/2025 4:30:00 AM,9/5/2025 12:30:00 AM,1,PJM-RTO,,,ZONE,,27.780000,27.930379,0.128148,0.022231,True,1
9/5/2025 4:35:00 AM,9/5/2025 12:35:00 AM,1,PJM-RTO,,,ZONE,,27.200000,27.258346,0.042453,0.015892,True,1
9/5/2025 4:40:00 AM,9/5/2025 12:40:00 AM,1,PJM-RTO,,,ZONE,,25.330000,25.508985,0.165614,0.013372,True,1
9/5/2025 4:45:00 AM,9/5/2025 12:45:00 AM,1,PJM-RTO,,,ZONE,,20.150000,20.332091,0.175910,0.006181,True,1
9/5/2025 4:50:00 AM,9/5/2025 12:50:00 AM,1,PJM-RTO,,,ZONE,,21.820000,21.974441,0.143046,0.011396,True,1
9/5/2025 4:55:00 AM,9/5/2025 12:55:00 AM,1,PJM-RTO,,,ZONE,,21.530000,21.708462,0.163395,0.015068,True,1
9/5/2025 5:00:00 AM,9/5/2025 1:00:00 AM,1,PJM-RTO,,,ZONE,,24.100000,24.340567,0.232038,0.008530,True,1
9/5/2025 5:05:00 AM,9/5/2025 1:05:00 AM,1,PJM-RTO,,,ZONE,,22.600000,22.788836,0.179459,0.009377,True,1
9/5/2025 5:10:00 AM,9/5/2025 1:10:00 AM,1,PJM-RTO,,,ZONE,,18.110000,18.209756,0.093423,0.006333,True,1
9/5/2025 5:15:00 AM,9/5/2025 1:15:00 AM,1,PJM-RTO,,,ZONE,,18.870000,19.043008,0.161016,0.011992,True,1
9/5/2025 5:20:00 AM,9/5/2025 1:20:00 AM,1,PJM-RTO,,,ZONE,,21.680000,21.857247,0.160052,0.017195,True,1
9/5/2025 5:25:00 AM,9/5/2025 1:25:00 AM,1,PJM-RTO,,,ZONE,,20.650000,20.696678,0.029241,0.017436,True,1
9/5/2025 5:30:00 AM,9/5/2025 1:30:00 AM,1,PJM-RTO,,,ZONE,,17.090000,17.120599,0.019973,0.010627,True,1
9/5/2025 5:35:00 AM,9/5/2025 1:35:00 AM,1,PJM-RTO,,,ZONE,,14.960000,14.998793,0.024118,0.014675,True,1
9/5/2025 5:40:00 AM,9/5/2025 1:40:00 AM,1,PJM-RTO,,,ZONE,,13.240000,13.275751,0.031057,0.004694,True,1
9/5/2025 5:45:00 AM,9/5/2025 1:45:00 AM,1,PJM-RTO,,,ZONE,,15.920000,15.940467,0.008938,0.011530,True,1
9/5/2025 5:50:00 AM,9/5/2025 1:50:00 AM,1,PJM-RTO,,,ZONE,,16.860000,16.883552,0.011749,0.011803,True,1
9/5/2025 5:55:00 AM,9/5/2025 1:55:00 AM,1,PJM-RTO,,,ZONE,,19.690000,19.858321,0.151716,0.016605,True,1
9/5/2025 6:00:00 AM,9/5/2025 2:00:00 AM,1,PJM-RTO,,,ZONE,,15.060000,15.111294,0.040845,0.010449,True,1
9/5/2025 6:05:00 AM,9/5/2025 2:05:00 AM,1,PJM-RTO,,,ZONE,,15.010000,15.116454,0.093228,0.013226,True,1
9/5/2025 6:10:00 AM,9/5/2025 2:10:00 AM,1,PJM-RTO,,,ZONE,,13.720000,13.735142,0.006238,0.008904,True,1
9/5/2025 6:15:00 AM,9/5/2025 2:15:00 AM,1,PJM-RTO,,,ZONE,,16.580000,16.746205,0.155661,0.010544,True,1
9/5/2025 6:20:00 AM,9/5/2025 2:20:00 AM,1,PJM-RTO,,,ZONE,,17.610000,17.660825,0.041631,0.009194,True,1
9/5/2025 6:25:00 AM,9/5/2025 2:25:00 AM,1,PJM-RTO,,,ZONE,,17.960000,18.086745,0.115126,0.011619,True,1
9/5/2025 6:30:00 AM,9/5/2025 2:30:00 AM,1,PJM-RTO,,,ZONE,,16.380000,16.428052,0.040359,0.007693,True,1
9/5/2025 6:35:00 AM,9/5/2025 2:35:00 AM,1,PJM-RTO,,,ZONE,,13.830000,13.926695,0.084038,0.012657,True,1
9/5/2025 6:40:00 AM,9/5/2025 2:40:00 AM,1,PJM-RTO,,,ZONE,,15.650000,15.784505,0.125674,0.008831,True,1
9/5/2025 6:45:00 AM,9/5/2025 2:45:00 AM,1,PJM-RTO,,,ZONE,,15.390000,15.516555,0.111810,0.014746,True,1
9/5/2025 6:50:00 AM,9/5/2025 2:50:00 AM,1,PJM-RTO,,,ZONE,,15.990000,16.147157,0.149577,0.007580,True,1
9/5/2025 6:55:00 AM,9/5/2025 2:55:00 AM,1,PJM-RTO,,,ZONE,,15.050000,15.069436,0.014899,0.004537,True,1
9/5/2025 7:00:00 AM,9/5/2025 3:00:00 AM,1,PJM-RTO,,,ZONE,,16.040000,16.113194,0.064353,0.008842,True,1
9/5/2025 7:05:00 AM,9/5/2025 3:05:00 AM,1,PJM-RTO,,,ZONE,,11.950000,11.959842,0.002897,0.006946,True,1
9/5/2025 7:10:00 AM,9/5/2025 3:10:00 AM,1,PJM-RTO,,,ZONE,,12.030000,12.047392,0.014551,0.002841,True,1
9/5/2025 7:15:00 AM,9/5/2025 3:15:00 AM,1,PJM-RTO,,,ZONE,,12.520000,12.560311,0.031008,0.009303,True,1
9/5/2025 7:20:00 AM,9/5/2025 3:20:00 AM,1,PJM-RTO,,,ZONE,,12.990000,13.057974,0.057941,0.010033,True,1
9/5/2025 7:25:00 AM,9/5/2025 3:25:00 AM,1,PJM-RTO,,,ZONE,,12.400000,12.452968,0.046837,0.006131,True,1
9/5/2025 7:30:00 AM,9/5/2025 3:30:00 AM,1,PJM-RTO,,,ZONE,,13.480000,13.504380,0.014384,0.009996,True,1
9/5/2025 7:35:00 AM,9/5/2025 3:35:00 AM,1,PJM-RTO,,,ZONE,,13.040000,13.064383,0.011646,0.012737,True,1
9/5/2025 7:40:00 AM,9/5/2025 3:40:00 AM,1,PJM-RTO,,,ZONE,,12.780000,12.806682,0.022892,0.003791,True,1
9/5/2025 7:45:00 AM,9/5/2025 3:45:00 AM,1,PJM-RTO,,,ZONE,,12.990000,13.024943,0.023867,0.011076,True,1
9/5/2025 7:50:00 AM,9/5/2025 3:50:00 AM,1,PJM-RTO,,,ZONE,,13.080000,13.103513,0.014156,0.009357,True,1
9/5/2025 7:55:00 AM,9/5/2025 3:55:00 AM,1,PJM-RTO,,,ZONE,,14.780000,14.805120,0.014885,0.010234,True,1
9/5/2025 8:00:00 AM,9/5/2025 4:00:00 AM,1,PJM-RTO,,,ZONE,,17.350000,17.362400,0.006972,0.005427,True,1
9/5/2025 8:05:00 AM,9/5/2025 4:05:00 AM,1,PJM-RTO,,,ZONE,,16.360000,16.383403,0.014007,0.009396,True,1
9/5/2025 8:10:00 AM,9/5/2025 4:10:00 AM,1,PJM-RTO,,,ZONE,,16.690000,16.713552,0.014802,0.008750,True,1
9/5/2025 8:15:00 AM,9/5/2025 4:15:00 AM,1,PJM-RTO,,,ZONE,,15.320000,15.421117,0.091290,0.009828,True,1
9/5/2025 8:20:00 AM,9/5/2025 4:20:00 AM,1,PJM-RTO,,,ZONE,,13.890000,13.926094,0.022650,0.013445,True,1
9/5/2025 8:25:00 AM,9/5/2025 4:25:00 AM,1,PJM-RTO,,,ZONE,,14.940000,14.965691,0.013835,0.011856,True,1
9/5/2025 8:30:00 AM,9/5/2025 4:30:00 AM,1,PJM-RTO,,,ZONE,,13.840000,13.860197,0.010882,0.009315,True,1
9/5/2025 8:35:00 AM,9/5/2025 4:35:00 AM,1,PJM-RTO,,,ZONE,,14.300000,14.336353,0.028318,0.008035,True,1
9/5/2025 8:40:00 AM,9/5/2025 4:40:00 AM,1,PJM-RTO,,,ZONE,,11.380000,11.418787,0.034977,0.003810,True,1
9/5/2025 8:45:00 AM,9/5/2025 4:45:00 AM,1,PJM-RTO,,,ZONE,,15.410000,15.434336,0.016669,0.007667,True,1
9/5/2025 8:50:00 AM,9/5/2025 4:50:00 AM,1,PJM-RTO,,,ZONE,,13.970000,14.018303,0.043357,0.004947,True,1
9/5/2025 8:55:00 AM,9/5/2025 4:55:00 AM,1,PJM-RTO,,,ZONE,,18.940000,18.969895,0.023070,0.006825,True,1
9/5/2025 9:00:00 AM,9/5/2025 5:00:00 AM,1,PJM-RTO,,,ZONE,,14.230000,14.318485,0.076794,0.011692,True,1
9/5/2025 9:05:00 AM,9/5/2025 5:05:00 AM,1,PJM-RTO,,,ZONE,,19.910000,19.954734,0.033897,0.010836,True,1
9/5/2025 9:10:00 AM,9/5/2025 5:10:00 AM,1,PJM-RTO,,,ZONE,,19.750000,19.814667,0.053723,0.010944,True,1
9/5/2025 9:15:00 AM,9/5/2025 5:15:00 AM,1,PJM-RTO,,,ZONE,,20.870000,20.921338,0.035329,0.016009,True,1
9/5/2025 9:20:00 AM,9/5/2025 5:20:00 AM,1,PJM-RTO,,,ZONE,,18.390000,18.598619,0.201248,0.007371,True,1
9/5/2025 9:25:00 AM,9/5/2025 5:25:00 AM,1,PJM-RTO,,,ZONE,,20.190000,20.212541,0.014154,0.008387,True,1
9/5/2025 9:30:00 AM,9/5/2025 5:30:00 AM,1,PJM-RTO,,,ZONE,,19.220000,19.330908,0.094896,0.016012,True,1
9/5/2025 9:35:00 AM,9/5/2025 5:35:00 AM,1,PJM-RTO,,,ZONE,,20.500000,20.535583,0.023049,0.012534,True,1
9/5/2025 9:40:00 AM,9/5/2025 5:40:00 AM,1,PJM-RTO,,,ZONE,,20.750000,20.784195,0.017640,0.016556,True,1
9/5/2025 9:45:00 AM,9/5/2025 5:45:00 AM,1,PJM-RTO,,,ZONE,,21.630000,21.662402,0.022301,0.010102,True,1
9/5/2025 9:50:00 AM,9/5/2025 5:50:00 AM,1,PJM-RTO,,,ZONE,,21.770000,21.799227,0.018128,0.011099,True,1
9/5/2025 9:55:00 AM,9/5/2025 5:55:00 AM,1,PJM-RTO,,,ZONE,,22.150000,22.303544,0.135142,0.018402,True,1
9/5/2025 10:00:00 AM,9/5/2025 6:00:00 AM,1,PJM-RTO,,,ZONE,,22.930000,23.087939,0.137905,0.020034,True,1
9/5/2025 10:05:00 AM,9/5/2025 6:05:00 AM,1,PJM-RTO,,,ZONE,,22.250000,22.296828,0.036560,0.010267,True,1
9/5/2025 10:10:00 AM,9/5/2025 6:10:00 AM,1,PJM-RTO,,,ZONE,,22.530000,22.581757,0.033939,0.017819,True,1
9/5/2025 10:15:00 AM,9/5/2025 6:15:00 AM,1,PJM-RTO,,,ZONE,,24.600000,24.768214,0.154775,0.013438,True,1
9/5/2025 10:20:00 AM,9/5/2025 6:20:00 AM,1,PJM-RTO,,,ZONE,,29.920000,30.109706,0.170289,0.019417,True,1
9/5/2025 10:25:00 AM,9/5/2025 6:25:00 AM,1,PJM-RTO,,,ZONE,,154.770000,155.178613,0.313937,0.094676,True,1
9/5/2025 10:30:00 AM,9/5/2025 6:30:00 AM,1,PJM-RTO,,,ZONE,,79.750000,80.129665,0.335726,0.043939,True,1
9/5/2025 10:35:00 AM,9/5/2025 6:35:00 AM,1,PJM-RTO,,,ZONE,,62.370000,62.527905,0.118699,0.039205,True,1
9/5/2025 10:40:00 AM,9/5/2025 6:40:00 AM,1,PJM-RTO,,,ZONE,,32.820000,32.844632,0.006291,0.018341,True,1
9/5/2025 10:45:00 AM,9/5/2025 6:45:00 AM,1,PJM-RTO,,,ZONE,,41.650000,41.872664,0.193344,0.029321,True,1
9/5/2025 10:50:00 AM,9/5/2025 6:50:00 AM,1,PJM-RTO,,,ZONE,,36.820000,36.969803,0.125554,0.024249,True,1
9/5/2025 10:55:00 AM,9/5/2025 6:55:00 AM,1,PJM-RTO,,,ZONE,,37.170000,37.430298,0.233644,0.026653,True,1
9/5/2025 11:00:00 AM,9/5/2025 7:00:00 AM,1,PJM-RTO,,,ZONE,,47.540000,47.712099,0.140424,0.031675,True,1
9/5/2025 11:05:00 AM,9/5/2025 7:05:00 AM,1,PJM-RTO,,,ZONE,,35.210000,35.273707,0.050754,0.012953,True,1
9/5/2025 11:10:00 AM,9/5/2025 7:10:00 AM,1,PJM-RTO,,,ZONE,,30.780000,30.807715,0.008783,0.018932,True,1
9/5/2025 11:15:00 AM,9/5/2025 7:15:00 AM,1,PJM-RTO,,,ZONE,,37.610000,37.679239,0.049622,0.019617,True,1
9/5/2025 11:20:00 AM,9/5/2025 7:20:00 AM,1,PJM-RTO,,,ZONE,,29.910000,29.930516,0.006238,0.014278,True,1
9/5/2025 11:25:00 AM,9/5/2025 7:25:00 AM,1,PJM-RTO,,,ZONE,,28.030000,28.093393,0.041452,0.021942,True,1
9/5/2025 11:30:00 AM,9/5/2025 7:30:00 AM,1,PJM-RTO,,,ZONE,,27.500000,27.557859,0.043495,0.014364,True,1
9/5/2025 11:35:00 AM,9/5/2025 7:35:00 AM,1,PJM-RTO,,,ZONE,,24.490000,24.534075,0.030445,0.013630,True,1
9/5/2025 11:40:00 AM,9/5/2025 7:40:00 AM,1,PJM-RTO,,,ZONE,,26.210000,26.258867,0.035894,0.012973,True,1
9/5/2025 11:45:00 AM,9/5/2025 7:45:00 AM,1,PJM-RTO,,,ZONE,,26.760000,26.818502,0.040455,0.018048,True,1
9/5/2025 11:50:00 AM,9/5/2025 7:50:00 AM,1,PJM-RTO,,,ZONE,,21.450000,21.548989,0.081421,0.017567,True,1
9/5/2025 11:55:00 AM,9/5/2025 7:55:00 AM,1,PJM-RTO,,,ZONE,,22.770000,22.796616,0.010929,0.015688,True,1
9/5/2025 12:00:00 PM,9/5/2025 8:00:00 AM,1,PJM-RTO,,,ZONE,,22.570000,22.600991,0.013025,0.017965,True,1
9/5/2025 12:05:00 PM,9/5/2025 8:05:00 AM,1,PJM-RTO,,,ZONE,,19.630000,19.698579,0.056053,0.012525,True,1
9/5/2025 12:10:00 PM,9/5/2025 8:10:00 AM,1,PJM-RTO,,,ZONE,,23.840000,23.893299,0.035114,0.018185,True,1
9/5/2025 12:15:00 PM,9/5/2025 8:15:00 AM,1,PJM-RTO,,,ZONE,,20.340000,20.383234,0.025818,0.017416,True,1
9/5/2025 12:20:00 PM,9/5/2025 8:20:00 AM,1,PJM-RTO,,,ZONE,,22.570000,22.603975,0.022592,0.011383,True,1
9/5/2025 12:25:00 PM,9/5/2025 8:25:00 AM,1,PJM-RTO,,,ZONE,,22.110000,22.156287,0.030079,0.016209,True,1
9/5/2025 12:30:00 PM,9/5/2025 8:30:00 AM,1,PJM-RTO,,,ZONE,,20.920000,20.955953,0.024754,0.011199,True,1
9/5/2025 12:35:00 PM,9/5/2025 8:35:00 AM,1,PJM-RTO,,,ZONE,,20.620000,20.662606,0.027746,0.014859,True,1
9/5/2025 12:40:00 PM,9/5/2025 8:40:00 AM,1,PJM-RTO,,,ZONE,,18.610000,18.634883,0.013284,0.011600,True,1
9/5/2025 12:45:00 PM,9/5/2025 8:45:00 AM,1,PJM-RTO,,,ZONE,,19.160000,19.179598,0.013275,0.006323,True,1
9/5/2025 12:50:00 PM,9/5/2025 8:50:00 AM,1,PJM-RTO,,,ZONE,,19.120000,19.139474,0.013284,0.006190,True,1
9/5/2025 12:55:00 PM,9/5/2025 8:55:00 AM,1,PJM-RTO,,,ZONE,,19.300000,19.323843,0.013284,0.010560,True,1
9/5/2025 1:00:00 PM,9/5/2025 9:00:00 AM,1,PJM-RTO,,,ZONE,,18.620000,18.639751,0.006646,0.013105,True,1
9/5/2025 1:05:00 PM,9/5/2025 9:05:00 AM,1,PJM-RTO,,,ZONE,,18.250000,18.266066,0.006632,0.009434,True,1
9/5/2025 1:10:00 PM,9/5/2025 9:10:00 AM,1,PJM-RTO,,,ZONE,,18.720000,18.739851,0.006646,0.013205,True,1
9/5/2025 1:15:00 PM,9/5/2025 9:15:00 AM,1,PJM-RTO,,,ZONE,,18.200000,18.219371,0.006646,0.012725,True,1
9/5/2025 1:20:00 PM,9/5/2025 9:20:00 AM,1,PJM-RTO,,,ZONE,,18.200000,18.219371,0.006646,0.012725,True,1
9/5/2025 1:25:00 PM,9/5/2025 9:25:00 AM,1,PJM-RTO,,,ZONE,,18.520000,18.542871,0.006683,0.016188,True,1
9/5/2025 1:30:00 PM,9/5/2025 9:30:00 AM,1,PJM-RTO,,,ZONE,,16.460000,16.484676,0.006672,0.018004,True,1
9/5/2025 1:35:00 PM,9/5/2025 9:35:00 AM,1,PJM-RTO,,,ZONE,,17.920000,17.944018,0.013797,0.010221,True,1
9/5/2025 1:40:00 PM,9/5/2025 9:40:00 AM,1,PJM-RTO,,,ZONE,,18.210000,18.229225,0.012692,0.006533,True,1
9/5/2025 1:45:00 PM,9/5/2025 9:45:00 AM,1,PJM-RTO,,,ZONE,,18.360000,18.379686,0.016645,0.003040,True,1
9/5/2025 1:50:00 PM,9/5/2025 9:50:00 AM,1,PJM-RTO,,,ZONE,,18.820000,18.840250,0.011723,0.008528,True,1
9/5/2025 1:55:00 PM,9/5/2025 9:55:00 AM,1,PJM-RTO,,,ZONE,,16.710000,16.734681,0.013266,0.011416,True,1
9/5/2025 2:00:00 PM,9/5/2025 10:00:00 AM,1,PJM-RTO,,,ZONE,,15.830000,15.868034,0.022607,0.015427,True,1
9/5/2025 2:05:00 PM,9/5/2025 10:05:00 AM,1,PJM-RTO,,,ZONE,,17.720000,17.749760,0.013899,0.015862,True,1
9/5/2025 2:10:00 PM,9/5/2025 10:10:00 AM,1,PJM-RTO,,,ZONE,,17.660000,17.686031,0.010357,0.015674,True,1
9/5/2025 2:15:00 PM,9/5/2025 10:15:00 AM,1,PJM-RTO,,,ZONE,,18.050000,18.071824,0.011736,0.010088,True,1
9/5/2025 2:20:00 PM,9/5/2025 10:20:00 AM,1,PJM-RTO,,,ZONE,,16.520000,16.535527,0.005420,0.010108,True,1
9/5/2025 2:25:00 PM,9/5/2025 10:25:00 AM,1,PJM-RTO,,,ZONE,,14.810000,14.836227,0.022379,0.003848,True,1
9/5/2025 2:30:00 PM,9/5/2025 10:30:00 AM,1,PJM-RTO,,,ZONE,,15.450000,15.478339,0.015381,0.012958,True,1
9/5/2025 2:35:00 PM,9/5/2025 10:35:00 AM,1,PJM-RTO,,,ZONE,,17.960000,18.022476,0.051295,0.011181,True,1
9/5/2025 2:40:00 PM,9/5/2025 10:40:00 AM,1,PJM-RTO,,,ZONE,,17.030000,17.102171,0.057632,0.014539,True,1
9/5/2025 2:45:00 PM,9/5/2025 10:45:00 AM,1,PJM-RTO,,,ZONE,,16.950000,17.004363,0.047356,0.007006,True,1
9/5/2025 2:50:00 PM,9/5/2025 10:50:00 AM,1,PJM-RTO,,,ZONE,,21.210000,21.237730,0.016475,0.011255,True,1
9/5/2025 2:55:00 PM,9/5/2025 10:55:00 AM,1,PJM-RTO,,,ZONE,,19.060000,19.088197,0.016052,0.012145,True,1
9/5/2025 3:00:00 PM,9/5/2025 11:00:00 AM,1,PJM-RTO,,,ZONE,,19.870000,19.902160,0.014395,0.017766,True,1
9/5/2025 3:05:00 PM,9/5/2025 11:05:00 AM,1,PJM-RTO,,,ZONE,,18.780000,18.826272,0.027669,0.018603,True,1
9/5/2025 3:10:00 PM,9/5/2025 11:10:00 AM,1,PJM-RTO,,,ZONE,,18.180000,18.213554,0.024226,0.009328,True,1
9/5/2025 3:15:00 PM,9/5/2025 11:15:00 AM,1,PJM-RTO,,,ZONE,,18.800000,18.829085,0.018352,0.010733,True,1
9/5/2025 3:20:00 PM,9/5/2025 11:20:00 AM,1,PJM-RTO,,,ZONE,,20.870000,20.898237,0.013413,0.014824,True,1
9/5/2025 3:25:00 PM,9/5/2025 11:25:00 AM,1,PJM-RTO,,,ZONE,,20.290000,20.318973,0.015140,0.013833,True,1
9/5/2025 3:30:00 PM,9/5/2025 11:30:00 AM,1,PJM-RTO,,,ZONE,,19.830000,19.863197,0.025644,0.007553,True,1
9/5/2025 3:35:00 PM,9/5/2025 11:35:00 AM,1,PJM-RTO,,,ZONE,,20.590000,20.638160,0.032173,0.015987,True,1
9/5/2025 3:40:00 PM,9/5/2025 11:40:00 AM,1,PJM-RTO,,,ZONE,,19.850000,19.901630,0.035999,0.015631,True,1
9/5/2025 3:45:00 PM,9/5/2025 11:45:00 AM,1,PJM-RTO,,,ZONE,,20.720000,20.750114,0.023019,0.007095,True,1
9/5/2025 3:50:00 PM,9/5/2025 11:50:00 AM,1,PJM-RTO,,,ZONE,,21.070000,21.096351,0.011823,0.014528,True,1
9/5/2025 3:55:00 PM,9/5/2025 11:55:00 AM,1,PJM-RTO,,,ZONE,,22.070000,22.093225,0.009102,0.014123,True,1
9/5/2025 4:00:00 PM,9/5/2025 12:00:00 PM,1,PJM-RTO,,,ZONE,,21.510000,21.552852,0.023350,0.019501,True,1
9/5/2025 4:05:00 PM,9/5/2025 12:05:00 PM,1,PJM-RTO,,,ZONE,,21.050000,21.099224,0.032663,0.016561,True,1
9/5/2025 4:10:00 PM,9/5/2025 12:10:00 PM,1,PJM-RTO,,,ZONE,,21.120000,21.183248,0.044674,0.018574,True,1
9/5/2025 4:15:00 PM,9/5/2025 12:15:00 PM,1,PJM-RTO,,,ZONE,,23.210000,23.285017,0.060464,0.014553,True,1
9/5/2025 4:20:00 PM,9/5/2025 12:20:00 PM,1,PJM-RTO,,,ZONE,,22.720000,22.799238,0.070035,0.009203,True,1
9/5/2025 4:25:00 PM,9/5/2025 12:25:00 PM,1,PJM-RTO,,,ZONE,,29.570000,29.841599,0.248449,0.023150,True,1
9/5/2025 4:30:00 PM,9/5/2025 12:30:00 PM,1,PJM-RTO,,,ZONE,,24.580000,24.804279,0.213633,0.010646,True,1
9/5/2025 4:35:00 PM,9/5/2025 12:35:00 PM,1,PJM-RTO,,,ZONE,,21.950000,21.974842,0.015030,0.009812,True,1
9/5/2025 4:40:00 PM,9/5/2025 12:40:00 PM,1,PJM-RTO,,,ZONE,,22.130000,22.159457,0.012902,0.016555,True,1
9/5/2025 4:45:00 PM,9/5/2025 12:45:00 PM,1,PJM-RTO,,,ZONE,,27.600000,27.613980,0.000922,0.013058,True,1
9/5/2025 4:50:00 PM,9/5/2025 12:50:00 PM,1,PJM-RTO,,,ZONE,,25.260000,25.283636,0.011633,0.012003,True,1
9/5/2025 4:55:00 PM,9/5/2025 12:55:00 PM,1,PJM-RTO,,,ZONE,,25.550000,25.557914,-0.004727,0.012641,True,1
9/5/2025 5:00:00 PM,9/5/2025 1:00:00 PM,1,PJM-RTO,,,ZONE,,22.360000,22.438259,0.059918,0.018341,True,1
9/5/2025 5:05:00 PM,9/5/2025 1:05:00 PM,1,PJM-RTO,,,ZONE,,21.890000,21.978715,0.066006,0.022709,True,1
9/5/2025 5:10:00 PM,9/5/2025 1:10:00 PM,1,PJM-RTO,,,ZONE,,22.520000,22.596954,0.062244,0.014711,True,1
9/5/2025 5:15:00 PM,9/5/2025 1:15:00 PM,1,PJM-RTO,,,ZONE,,26.070000,26.357871,0.271673,0.016198,True,1
9/5/2025 5:20:00 PM,9/5/2025 1:20:00 PM,1,PJM-RTO,,,ZONE,,24.040000,24.154668,0.093873,0.020795,True,1
9/5/2025 5:25:00 PM,9/5/2025 1:25:00 PM,1,PJM-RTO,,,ZONE,,24.650000,24.718470,0.055431,0.013039,True,1
9/5/2025 5:30:00 PM,9/5/2025 1:30:00 PM,1,PJM-RTO,,,ZONE,,27.670000,27.751503,0.067838,0.013665,True,1
9/5/2025 5:35:00 PM,9/5/2025 1:35:00 PM,1,PJM-RTO,,,ZONE,,35.720000,35.780769,0.044073,0.016696,True,1
9/5/2025 5:40:00 PM,9/5/2025 1:40:00 PM,1,PJM-RTO,,,ZONE,,46.970000,47.037638,0.043146,0.024492,True,1
9/5/2025 5:45:00 PM,9/5/2025 1:45:00 PM,1,PJM-RTO,,,ZONE,,39.980000,40.045046,0.047106,0.017940,True,1
9/5/2025 5:50:00 PM,9/5/2025 1:50:00 PM,1,PJM-RTO,,,ZONE,,36.590000,36.646883,0.039478,0.017404,True,1
9/5/2025 5:55:00 PM,9/5/2025 1:55:00 PM,1,PJM-RTO,,,ZONE,,34.550000,34.584104,0.022834,0.011270,True,1
9/5/2025 6:00:00 PM,9/5/2025 2:00:00 PM,1,PJM-RTO,,,ZONE,,27.680000,27.770943,0.070820,0.020123,True,1
9/5/2025 6:05:00 PM,9/5/2025 2:05:00 PM,1,PJM-RTO,,,ZONE,,32.300000,32.433879,0.108729,0.025150,True,1
9/5/2025 6:10:00 PM,9/5/2025 2:10:00 PM,1,PJM-RTO,,,ZONE,,24.830000,24.929390,0.074709,0.024682,True,1
9/5/2025 6:15:00 PM,9/5/2025 2:15:00 PM,1,PJM-RTO,,,ZONE,,24.180000,24.281023,0.078971,0.022052,True,1
9/5/2025 6:20:00 PM,9/5/2025 2:20:00 PM,1,PJM-RTO,,,ZONE,,24.700000,24.779115,0.053946,0.025169,True,1
9/5/2025 6:25:00 PM,9/5/2025 2:25:00 PM,1,PJM-RTO,,,ZONE,,26.610000,26.649618,0.022782,0.016837,True,1
9/5/2025 6:30:00 PM,9/5/2025 2:30:00 PM,1,PJM-RTO,,,ZONE,,23.460000,23.482073,0.010105,0.011968,True,1
9/5/2025 6:35:00 PM,9/5/2025 2:35:00 PM,1,PJM-RTO,,,ZONE,,36.200000,36.294609,0.071326,0.023282,True,1
9/5/2025 6:40:00 PM,9/5/2025 2:40:00 PM,1,PJM-RTO,,,ZONE,,28.400000,28.467415,0.052532,0.014882,True,1
9/5/2025 6:45:00 PM,9/5/2025 2:45:00 PM,1,PJM-RTO,,,ZONE,,36.200000,36.265190,0.050872,0.014318,True,1
9/5/2025 6:50:00 PM,9/5/2025 2:50:00 PM,1,PJM-RTO,,,ZONE,,31.700000,31.732545,0.025554,0.006991,True,1
9/5/2025 6:55:00 PM,9/5/2025 2:55:00 PM,1,PJM-RTO,,,ZONE,,26.880000,26.904983,0.014087,0.010896,True,1
9/5/2025 7:00:00 PM,9/5/2025 3:00:00 PM,1,PJM-RTO,,,ZONE,,26.800000,26.867291,0.044583,0.022708,True,1
9/5/2025 7:05:00 PM,9/5/2025 3:05:00 PM,1,PJM-RTO,,,ZONE,,25.610000,25.673605,0.043528,0.020077,True,1
9/5/2025 7:10:00 PM,9/5/2025 3:10:00 PM,1,PJM-RTO,,,ZONE,,29.820000,29.983708,0.141296,0.022412,True,1
9/5/2025 7:15:00 PM,9/5/2025 3:15:00 PM,1,PJM-RTO,,,ZONE,,27.870000,27.990307,0.090963,0.029345,True,1
9/5/2025 7:20:00 PM,9/5/2025 3:20:00 PM,1,PJM-RTO,,,ZONE,,28.750000,28.840690,0.058050,0.032639,True,1
9/5/2025 7:25:00 PM,9/5/2025 3:25:00 PM,1,PJM-RTO,,,ZONE,,31.860000,31.931705,0.047598,0.024107,True,1
9/5/2025 7:30:00 PM,9/5/2025 3:30:00 PM,1,PJM-RTO,,,ZONE,,26.540000,26.600458,0.043917,0.016541,True,1
9/5/2025 7:35:00 PM,9/5/2025 3:35:00 PM,1,PJM-RTO,,,ZONE,,31.200000,31.282991,0.059341,0.023649,True,1
9/5/2025 7:40:00 PM,9/5/2025 3:40:00 PM,1,PJM-RTO,,,ZONE,,27.980000,28.044487,0.047855,0.016631,True,1
9/5/2025 7:45:00 PM,9/5/2025 3:45:00 PM,1,PJM-RTO,,,ZONE,,30.700000,30.750553,0.038789,0.011764,True,1
9/5/2025 7:50:00 PM,9/5/2025 3:50:00 PM,1,PJM-RTO,,,ZONE,,31.500000,31.546440,0.034165,0.012275,True,1
9/5/2025 7:55:00 PM,9/5/2025 3:55:00 PM,1,PJM-RTO,,,ZONE,,30.540000,30.593203,0.040690,0.012513,True,1
9/5/2025 8:00:00 PM,9/5/2025 4:00:00 PM,1,PJM-RTO,,,ZONE,,32.170000,32.258823,0.065326,0.023497,True,1
9/5/2025 8:05:00 PM,9/5/2025 4:05:00 PM,1,PJM-RTO,,,ZONE,,25.810000,25.893790,0.059744,0.024047,True,1
9/5/2025 8:10:00 PM,9/5/2025 4:10:00 PM,1,PJM-RTO,,,ZONE,,26.470000,26.619633,0.130351,0.019282,True,1
9/5/2025 8:15:00 PM,9/5/2025 4:15:00 PM,1,PJM-RTO,,,ZONE,,24.490000,24.558887,0.054582,0.014305,True,1
9/5/2025 8:20:00 PM,9/5/2025 4:20:00 PM,1,PJM-RTO,,,ZONE,,30.480000,30.588155,0.086232,0.021923,True,1
9/5/2025 8:25:00 PM,9/5/2025 4:25:00 PM,1,PJM-RTO,,,ZONE,,33.130000,33.199131,0.047947,0.021184,True,1
9/5/2025 8:30:00 PM,9/5/2025 4:30:00 PM,1,PJM-RTO,,,ZONE,,71.940000,72.203258,0.226153,0.037105,True,1
9/5/2025 8:35:00 PM,9/5/2025 4:35:00 PM,1,PJM-RTO,,,ZONE,,38.890000,39.021661,0.105654,0.026007,True,1
9/5/2025 8:40:00 PM,9/5/2025 4:40:00 PM,1,PJM-RTO,,,ZONE,,81.570000,81.799340,0.181816,0.047523,True,1
9/5/2025 8:45:00 PM,9/5/2025 4:45:00 PM,1,PJM-RTO,,,ZONE,,38.840000,38.933136,0.068702,0.024434,True,1
9/5/2025 8:50:00 PM,9/5/2025 4:50:00 PM,1,PJM-RTO,,,ZONE,,42.010000,42.137717,0.100575,0.027143,True,1
9/5/2025 8:55:00 PM,9/5/2025 4:55:00 PM,1,PJM-RTO,,,ZONE,,37.950000,38.007936,0.034818,0.023117,True,1
9/5/2025 9:00:00 PM,9/5/2025 5:00:00 PM,1,PJM-RTO,,,ZONE,,37.350000,37.437870,0.068088,0.019782,True,1
9/5/2025 9:05:00 PM,9/5/2025 5:05:00 PM,1,PJM-RTO,,,ZONE,,36.170000,36.242020,0.051703,0.020317,True,1
9/5/2025 9:10:00 PM,9/5/2025 5:10:00 PM,1,PJM-RTO,,,ZONE,,33.130000,33.200633,0.048840,0.021792,True,1
9/5/2025 9:15:00 PM,9/5/2025 5:15:00 PM,1,PJM-RTO,,,ZONE,,38.710000,38.793680,0.056274,0.027406,True,1
9/5/2025 9:20:00 PM,9/5/2025 5:20:00 PM,1,PJM-RTO,,,ZONE,,46.560000,46.629859,0.040827,0.029033,True,1
9/5/2025 9:25:00 PM,9/5/2025 5:25:00 PM,1,PJM-RTO,,,ZONE,,67.750000,67.867358,0.075852,0.041506,True,1
9/5/2025 9:30:00 PM,9/5/2025 5:30:00 PM,1,PJM-RTO,,,ZONE,,96.470000,96.825555,0.289541,0.066015,True,1
9/5/2025 9:35:00 PM,9/5/2025 5:35:00 PM,1,PJM-RTO,,,ZONE,,61.070000,61.183551,0.078406,0.035146,True,1
9/5/2025 9:40:00 PM,9/5/2025 5:40:00 PM,1,PJM-RTO,,,ZONE,,62.000000,62.144364,0.101387,0.042977,True,1
9/5/2025 9:45:00 PM,9/5/2025 5:45:00 PM,1,PJM-RTO,,,ZONE,,418.710000,420.015175,0.984333,0.320842,True,1
9/5/2025 9:50:00 PM,9/5/2025 5:50:00 PM,1,PJM-RTO,,,ZONE,,279.090000,279.931068,0.633647,0.207421,True,1
9/5/2025 9:55:00 PM,9/5/2025 5:55:00 PM,1,PJM-RTO,,,ZONE,,59.540000,59.793813,0.216923,0.036890,True,1
9/5/2025 10:00:00 PM,9/5/2025 6:00:00 PM,1,PJM-RTO,,,ZONE,,33.300000,33.348751,0.035485,0.013266,True,1
9/5/2025 10:05:00 PM,9/5/2025 6:05:00 PM,1,PJM-RTO,,,ZONE,,42.970000,43.025410,0.035885,0.019525,True,1
9/5/2025 10:10:00 PM,9/5/2025 6:10:00 PM,1,PJM-RTO,,,ZONE,,29.150000,29.187481,0.020030,0.017452,True,1
9/5/2025 10:15:00 PM,9/5/2025 6:15:00 PM,1,PJM-RTO,,,ZONE,,34.020000,34.078496,0.038098,0.020397,True,1
9/5/2025 10:20:00 PM,9/5/2025 6:20:00 PM,1,PJM-RTO,,,ZONE,,29.740000,29.783143,0.028396,0.014747,True,1
9/5/2025 10:25:00 PM,9/5/2025 6:25:00 PM,1,PJM-RTO,,,ZONE,,32.460000,32.533845,0.056090,0.017755,True,1
9/5/2025 10:30:00 PM,9/5/2025 6:30:00 PM,1,PJM-RTO,,,ZONE,,31.720000,31.794982,0.057272,0.017710,True,1
9/5/2025 10:35:00 PM,9/5/2025 6:35:00 PM,1,PJM-RTO,,,ZONE,,40.080000,40.238813,0.130970,0.027844,True,1
9/5/2025 10:40:00 PM,9/5/2025 6:40:00 PM,1,PJM-RTO,,,ZONE,,36.810000,36.921941,0.084262,0.027679,True,1
9/5/2025 10:45:00 PM,9/5/2025 6:45:00 PM,1,PJM-RTO,,,ZONE,,35.550000,35.650178,0.073764,0.026414,True,1
9/5/2025 10:50:00 PM,9/5/2025 6:50:00 PM,1,PJM-RTO,,,ZONE,,38.060000,38.166981,0.071582,0.035399,True,1
9/5/2025 10:55:00 PM,9/5/2025 6:55:00 PM,1,PJM-RTO,,,ZONE,,32.720000,32.843871,0.093988,0.029883,True,1
9/5/2025 11:00:00 PM,9/5/2025 7:00:00 PM,1,PJM-RTO,,,ZONE,,37.270000,37.334040,0.045388,0.018653,True,1
9/5/2025 11:05:00 PM,9/5/2025 7:05:00 PM,1,PJM-RTO,,,ZONE,,50.730000,50.871904,0.114416,0.027487,True,1
9/5/2025 11:10:00 PM,9/5/2025 7:10:00 PM,1,PJM-RTO,,,ZONE,,51.650000,51.780243,0.103745,0.026498,True,1
9/5/2025 11:15:00 PM,9/5/2025 7:15:00 PM,1,PJM-RTO,,,ZONE,,52.430000,52.616739,0.156969,0.029770,True,1
9/5/2025 11:20:00 PM,9/5/2025 7:20:00 PM,1,PJM-RTO,,,ZONE,,33.990000,34.075089,0.058070,0.027019,True,1
9/5/2025 11:25:00 PM,9/5/2025 7:25:00 PM,1,PJM-RTO,,,ZONE,,31.350000,31.413238,0.042295,0.020943,True,1
9/5/2025 11:30:00 PM,9/5/2025 7:30:00 PM,1,PJM-RTO,,,ZONE,,31.650000,31.693526,0.021108,0.022419,True,1
9/5/2025 11:35:00 PM,9/5/2025 7:35:00 PM,1,PJM-RTO,,,ZONE,,32.110000,32.188959,0.054993,0.023966,True,1
9/5/2025 11:40:00 PM,9/5/2025 7:40:00 PM,1,PJM-RTO,,,ZONE,,36.220000,36.263407,0.026034,0.017373,True,1
9/5/2025 11:45:00 PM,9/5/2025 7:45:00 PM,1,PJM-RTO,,,ZONE,,32.830000,32.903881,0.058255,0.015627,True,1
9/5/2025 11:50:00 PM,9/5/2025 7:50:00 PM,1,PJM-RTO,,,ZONE,,28.150000,28.199208,0.024579,0.024628,True,1
9/5/2025 11:55:00 PM,9/5/2025 7:55:00 PM,1,PJM-RTO,,,ZONE,,33.640000,33.697421,0.026695,0.030726,True,1
9/6/2025 12:00:00 AM,9/5/2025 8:00:00 PM,1,PJM-RTO,,,ZONE,,28.400000,28.421823,0.010417,0.011406,True,1
9/6/2025 12:05:00 AM,9/5/2025 8:05:00 PM,1,PJM-RTO,,,ZONE,,34.120000,34.160388,0.030459,0.009928,True,1
9/6/2025 12:10:00 AM,9/5/2025 8:10:00 PM,1,PJM-RTO,,,ZONE,,28.250000,28.278859,0.016146,0.012713,True,1
9/6/2025 12:15:00 AM,9/5/2025 8:15:00 PM,1,PJM-RTO,,,ZONE,,32.140000,32.170201,0.016286,0.013914,True,1
9/6/2025 12:20:00 AM,9/5/2025 8:20:00 PM,1,PJM-RTO,,,ZONE,,31.120000,31.155748,0.021423,0.014325,True,1
9/6/2025 12:25:00 AM,9/5/2025 8:25:00 PM,1,PJM-RTO,,,ZONE,,35.420000,35.470542,0.035869,0.014673,True,1
9/6/2025 12:30:00 AM,9/5/2025 8:30:00 PM,1,PJM-RTO,,,ZONE,,33.430000,33.487219,0.031172,0.026047,True,1
9/6/2025 12:35:00 AM,9/5/2025 8:35:00 PM,1,PJM-RTO,,,ZONE,,35.670000,35.725594,0.032233,0.023361,True,1
9/6/2025 12:40:00 AM,9/5/2025 8:40:00 PM,1,PJM-RTO,,,ZONE,,33.550000,33.606534,0.028704,0.027830,True,1
9/6/2025 12:45:00 AM,9/5/2025 8:45:00 PM,1,PJM-RTO,,,ZONE,,34.230000,34.288880,0.030040,0.028839,True,1
9/6/2025 12:50:00 AM,9/5/2025 8:50:00 PM,1,PJM-RTO,,,ZONE,,31.850000,31.894922,0.021422,0.023499,True,1
9/6/2025 12:55:00 AM,9/5/2025 8:55:00 PM,1,PJM-RTO,,,ZONE,,28.520000,28.584655,0.040551,0.024105,True,1
9/6/2025 1:00:00 AM,9/5/2025 9:00:00 PM,1,PJM-RTO,,,ZONE,,31.020000,31.061549,0.020955,0.020594,True,1
9/6/2025 1:05:00 AM,9/5/2025 9:05:00 PM,1,PJM-RTO,,,ZONE,,33.490000,33.533164,0.029386,0.013778,True,1
9/6/2025 1:10:00 AM,9/5/2025 9:10:00 PM,1,PJM-RTO,,,ZONE,,30.360000,30.389150,0.013009,0.016140,True,1
9/6/2025 1:15:00 AM,9/5/2025 9:15:00 PM,1,PJM-RTO,,,ZONE,,37.550000,37.615078,0.041445,0.023633,True,1
9/6/2025 1:20:00 AM,9/5/2025 9:20:00 PM,1,PJM-RTO,,,ZONE,,33.360000,33.415432,0.030324,0.025108,True,1
9/6/2025 1:25:00 AM,9/5/2025 9:25:00 PM,1,PJM-RTO,,,ZONE,,33.790000,33.850150,0.034359,0.025791,True,1
9/6/2025 1:30:00 AM,9/5/2025 9:30:00 PM,1,PJM-RTO,,,ZONE,,30.770000,30.824023,0.034259,0.019764,True,1
9/6/2025 1:35:00 AM,9/5/2025 9:35:00 PM,1,PJM-RTO,,,ZONE,,29.970000,30.029408,0.034391,0.025017,True,1
9/6/2025 1:40:00 AM,9/5/2025 9:40:00 PM,1,PJM-RTO,,,ZONE,,28.080000,28.123039,0.026099,0.016941,True,1
9/6/2025 1:45:00 AM,9/5/2025 9:45:00 PM,1,PJM-RTO,,,ZONE,,27.930000,27.959219,0.013777,0.015442,True,1
9/6/2025 1:50:00 AM,9/5/2025 9:50:00 PM,1,PJM-RTO,,,ZONE,,34.650000,34.708452,0.031681,0.026771,True,1
9/6/2025 1:55:00 AM,9/5/2025 9:55:00 PM,1,PJM-RTO,,,ZONE,,32.590000,32.637176,0.024597,0.022579,True,1
9/6/2025 2:00:00 AM,9/5/2025 10:00:00 PM,1,PJM-RTO,,,ZONE,,32.160000,32.199599,0.025105,0.014494,True,1
9/6/2025 2:05:00 AM,9/5/2025 10:05:00 PM,1,PJM-RTO,,,ZONE,,157.300000,157.670348,0.286573,0.083775,True,1
9/6/2025 2:10:00 AM,9/5/2025 10:10:00 PM,1,PJM-RTO,,,ZONE,,124.480000,124.791677,0.234772,0.076906,True,1
9/6/2025 2:15:00 AM,9/5/2025 10:15:00 PM,1,PJM-RTO,,,ZONE,,63.550000,63.725786,0.142501,0.033285,True,1
9/6/2025 2:20:00 AM,9/5/2025 10:20:00 PM,1,PJM-RTO,,,ZONE,,66.330000,66.471033,0.095644,0.045388,True,1
9/6/2025 2:25:00 AM,9/5/2025 10:25:00 PM,1,PJM-RTO,,,ZONE,,42.910000,42.942904,0.006941,0.025963,True,1
9/6/2025 2:30:00 AM,9/5/2025 10:30:00 PM,1,PJM-RTO,,,ZONE,,42.610000,42.651833,0.010238,0.031595,True,1
9/6/2025 2:35:00 AM,9/5/2025 10:35:00 PM,1,PJM-RTO,,,ZONE,,137.820000,138.059554,0.153363,0.086191,True,1
9/6/2025 2:40:00 AM,9/5/2025 10:40:00 PM,1,PJM-RTO,,,ZONE,,35.850000,35.883354,0.011602,0.021752,True,1
9/6/2025 2:45:00 AM,9/5/2025 10:45:00 PM,1,PJM-RTO,,,ZONE,,24.350000,24.374987,0.010238,0.014750,True,1
9/6/2025 2:50:00 AM,9/5/2025 10:50:00 PM,1,PJM-RTO,,,ZONE,,33.300000,33.350745,0.026273,0.024472,True,1
9/6/2025 2:55:00 AM,9/5/2025 10:55:00 PM,1,PJM-RTO,,,ZONE,,32.410000,32.457241,0.028018,0.019224,True,1
9/6/2025 3:00:00 AM,9/5/2025 11:00:00 PM,1,PJM-RTO,,,ZONE,,462.630000,464.582385,1.688524,0.263861,True,1
9/6/2025 3:05:00 AM,9/5/2025 11:05:00 PM,1,PJM-RTO,,,ZONE,,87.650000,87.925760,0.222408,0.053352,True,1
9/6/2025 3:10:00 AM,9/5/2025 11:10:00 PM,1,PJM-RTO,,,ZONE,,174.810000,175.391632,0.452801,0.128830,True,1
9/6/2025 3:15:00 AM,9/5/2025 11:15:00 PM,1,PJM-RTO,,,ZONE,,118.070000,118.427306,0.277686,0.079621,True,1
9/6/2025 3:20:00 AM,9/5/2025 11:20:00 PM,1,PJM-RTO,,,ZONE,,55.280000,55.390235,0.069321,0.040914,True,1
9/6/2025 3:25:00 AM,9/5/2025 11:25:00 PM,1,PJM-RTO,,,ZONE,,28.110000,28.139410,0.015765,0.013645,True,1
9/6/2025 3:30:00 AM,9/5/2025 11:30:00 PM,1,PJM-RTO,,,ZONE,,28.370000,28.396616,0.011656,0.014960,True,1
9/6/2025 3:35:00 AM,9/5/2025 11:35:00 PM,1,PJM-RTO,,,ZONE,,20.500000,20.519980,0.006240,0.013740,True,1
9/6/2025 3:40:00 AM,9/5/2025 11:40:00 PM,1,PJM-RTO,,,ZONE,,28.110000,28.135462,0.002062,0.023400,True,1
9/6/2025 3:45:00 AM,9/5/2025 11:45:00 PM,1,PJM-RTO,,,ZONE,,26.260000,26.373677,0.097073,0.016604,True,1
9/6/2025 3:50:00 AM,9/5/2025 11:50:00 PM,1,PJM-RTO,,,ZONE,,20.800000,20.822812,0.011314,0.011498,True,1
9/6/2025 3:55:00 AM,9/5/2025 11:55:00 PM,1,PJM-RTO,,,ZONE,,23.220000,23.366859,0.127721,0.019138,True,1
9/6/2025 4:00:00 AM,9/6/2025 12:00:00 AM,1,PJM-RTO,,,ZONE,,25.610000,25.781401,0.155174,0.016228,True,1
9/6/2025 4:05:00 AM,9/6/2025 12:05:00 AM,1,PJM-RTO,,,ZONE,,24.610000,24.639724,0.009604,0.020120,True,1
9/6/2025 4:10:00 AM,9/6/2025 12:10:00 AM,1,PJM-RTO,,,ZONE,,27.030000,27.210549,0.164041,0.016508,True,1
9/6/2025 4:15:00 AM,9/6/2025 12:15:00 AM,1,PJM-RTO,,,ZONE,,26.960000,26.994908,0.014326,0.020582,True,1
9/6/2025 4:20:00 AM,9/6/2025 12:20:00 AM,1,PJM-RTO,,,ZONE,,27.050000,27.100148,0.031591,0.018557,True,1
9/6/2025 4:25:00 AM,9/6/2025 12:25:00 AM,1,PJM-RTO,,,ZONE,,23.080000,23.122503,0.027868,0.014636,True,1
9/6/2025 4:30:00 AM,9/6/2025 12:30:00 AM,1,PJM-RTO,,,ZONE,,22.660000,22.695895,0.024455,0.011440,True,1
9/6/2025 4:35:00 AM,9/6/2025 12:35:00 AM,1,PJM-RTO,,,ZONE,,24.890000,24.928773,0.027347,0.011426,True,1
9/6/2025 4:40:00 AM,9/6/2025 12:40:00 AM,1,PJM-RTO,,,ZONE,,28.650000,28.850047,0.182589,0.017458,True,1
9/6/2025 4:45:00 AM,9/6/2025 12:45:00 AM,1,PJM-RTO,,,ZONE,,27.920000,27.976572,0.037423,0.019150,True,1
9/6/2025 4:50:00 AM,9/6/2025 12:50:00 AM,1,PJM-RTO,,,ZONE,,25.960000,26.009733,0.034392,0.015341,True,1
9/6/2025 4:55:00 AM,9/6/2025 12:55:00 AM,1,PJM-RTO,,,ZONE,,23.910000,23.944587,0.016241,0.018346,True,1
9/6/2025 5:00:00 AM,9/6/2025 1:00:00 AM,1,PJM-RTO,,,ZONE,,23.570000,23.615811,0.033847,0.011964,True,1
9/6/2025 5:05:00 AM,9/6/2025 1:05:00 AM,1,PJM-RTO,,,ZONE,,24.160000,24.200906,0.027585,0.013321,True,1
9/6/2025 5:10:00 AM,9/6/2025 1:10:00 AM,1,PJM-RTO,,,ZONE,,25.840000,25.888376,0.030642,0.017734,True,1
9/6/2025 5:15:00 AM,9/6/2025 1:15:00 AM,1,PJM-RTO,,,ZONE,,27.610000,27.716816,0.085755,0.021062,True,1
9/6/2025 5:20:00 AM,9/6/2025 1:20:00 AM,1,PJM-RTO,,,ZONE,,25.870000,25.920217,0.032861,0.017356,True,1
9/6/2025 5:25:00 AM,9/6/2025 1:25:00 AM,1,PJM-RTO,,,ZONE,,27.010000,27.190554,0.162995,0.017559,True,1
9/6/2025 5:30:00 AM,9/6/2025 1:30:00 AM,1,PJM-RTO,,,ZONE,,27.350000,27.406381,0.035812,0.020569,True,1
9/6/2025 5:35:00 AM,9/6/2025 1:35:00 AM,1,PJM-RTO,,,ZONE,,24.040000,24.088511,0.032488,0.016023,True,1
9/6/2025 5:40:00 AM,9/6/2025 1:40:00 AM,1,PJM-RTO,,,ZONE,,21.440000,21.469517,0.018528,0.010989,True,1
9/6/2025 5:45:00 AM,9/6/2025 1:45:00 AM,1,PJM-RTO,,,ZONE,,22.260000,22.296666,0.020567,0.016099,True,1
9/6/2025 5:50:00 AM,9/6/2025 1:50:00 AM,1,PJM-RTO,,,ZONE,,23.310000,23.346718,0.022584,0.014133,True,1
9/6/2025 5:55:00 AM,9/6/2025 1:55:00 AM,1,PJM-RTO,,,ZONE,,26.000000,26.167930,0.146307,0.021623,True,1
9/6/2025 6:00:00 AM,9/6/2025 2:00:00 AM,1,PJM-RTO,,,ZONE,,22.960000,23.120426,0.148782,0.011644,True,1
9/6/2025 6:05:00 AM,9/6/2025 2:05:00 AM,1,PJM-RTO,,,ZONE,,23.000000,23.159028,0.147380,0.011648,True,1
9/6/2025 6:10:00 AM,9/6/2025 2:10:00 AM,1,PJM-RTO,,,ZONE,,23.230000,23.427051,0.182516,0.014535,True,1
9/6/2025 6:15:00 AM,9/6/2025 2:15:00 AM,1,PJM-RTO,,,ZONE,,22.650000,22.761323,0.101398,0.009925,True,1
9/6/2025 6:20:00 AM,9/6/2025 2:20:00 AM,1,PJM-RTO,,,ZONE,,22.180000,22.226869,0.030239,0.016630,True,1
9/6/2025 6:25:00 AM,9/6/2025 2:25:00 AM,1,PJM-RTO,,,ZONE,,20.410000,20.445229,0.022891,0.012339,True,1
9/6/2025 6:30:00 AM,9/6/2025 2:30:00 AM,1,PJM-RTO,,,ZONE,,21.830000,21.874432,0.028668,0.015764,True,1
9/6/2025 6:35:00 AM,9/6/2025 2:35:00 AM,1,PJM-RTO,,,ZONE,,22.690000,22.842953,0.141490,0.011463,True,1
9/6/2025 6:40:00 AM,9/6/2025 2:40:00 AM,1,PJM-RTO,,,ZONE,,21.310000,21.333488,0.008910,0.014578,True,1
9/6/2025 6:45:00 AM,9/6/2025 2:45:00 AM,1,PJM-RTO,,,ZONE,,22.880000,23.030568,0.136667,0.013901,True,1
9/6/2025 6:50:00 AM,9/6/2025 2:50:00 AM,1,PJM-RTO,,,ZONE,,21.710000,21.856653,0.137418,0.009235,True,1
9/6/2025 6:55:00 AM,9/6/2025 2:55:00 AM,1,PJM-RTO,,,ZONE,,29.120000,29.363281,0.224687,0.018594,True,1
9/6/2025 7:00:00 AM,9/6/2025 3:00:00 AM,1,PJM-RTO,,,ZONE,,24.570000,24.627902,0.045892,0.012010,True,1
9/6/2025 7:05:00 AM,9/6/2025 3:05:00 AM,1,PJM-RTO,,,ZONE,,25.490000,25.561437,0.052340,0.019098,True,1
9/6/2025 7:10:00 AM,9/6/2025 3:10:00 AM,1,PJM-RTO,,,ZONE,,32.280000,32.353486,0.052991,0.020495,True,1
9/6/2025 7:15:00 AM,9/6/2025 3:15:00 AM,1,PJM-RTO,,,ZONE,,24.500000,24.682944,0.161995,0.020949,True,1
9/6/2025 7:20:00 AM,9/6/2025 3:20:00 AM,1,PJM-RTO,,,ZONE,,25.790000,25.825975,0.021365,0.014610,True,1
9/6/2025 7:25:00 AM,9/6/2025 3:25:00 AM,1,PJM-RTO,,,ZONE,,24.590000,24.931690,0.327944,0.013746,True,1
9/6/2025 7:30:00 AM,9/6/2025 3:30:00 AM,1,PJM-RTO,,,ZONE,,23.730000,23.781250,0.035132,0.016118,True,1
9/6/2025 7:35:00 AM,9/6/2025 3:35:00 AM,1,PJM-RTO,,,ZONE,,24.060000,24.370713,0.290594,0.020119,True,1
9/6/2025 7:40:00 AM,9/6/2025 3:40:00 AM,1,PJM-RTO,,,ZONE,,21.320000,21.357686,0.020475,0.017212,True,1
9/6/2025 7:45:00 AM,9/6/2025 3:45:00 AM,1,PJM-RTO,,,ZONE,,22.050000,22.212179,0.148410,0.013769,True,1
9/6/2025 7:50:00 AM,9/6/2025 3:50:00 AM,1,PJM-RTO,,,ZONE,,21.840000,21.875372,0.025077,0.010295,True,1
9/6/2025 7:55:00 AM,9/6/2025 3:55:00 AM,1,PJM-RTO,,,ZONE,,17.790000,17.821352,0.016328,0.015024,True,1
9/6/2025 8:00:00 AM,9/6/2025 4:00:00 AM,1,PJM-RTO,,,ZONE,,21.910000,22.078774,0.151810,0.016964,True,1
9/6/2025 8:05:00 AM,9/6/2025 4:05:00 AM,1,PJM-RTO,,,ZONE,,18.290000,18.418948,0.114680,0.014268,True,1
9/6/2025 8:10:00 AM,9/6/2025 4:10:00 AM,1,PJM-RTO,,,ZONE,,24.710000,25.055178,0.330214,0.014963,True,1
9/6/2025 8:15:00 AM,9/6/2025 4:15:00 AM,1,PJM-RTO,,,ZONE,,20.390000,20.416358,0.017976,0.008381,True,1
9/6/2025 8:20:00 AM,9/6/2025 4:20:00 AM,1,PJM-RTO,,,ZONE,,21.340000,21.491147,0.134262,0.016884,True,1
9/6/2025 8:25:00 AM,9/6/2025 4:25:00 AM,1,PJM-RTO,,,ZONE,,18.180000,18.190254,0.000000,0.010254,True,1
9/6/2025 8:30:00 AM,9/6/2025 4:30:00 AM,1,PJM-RTO,,,ZONE,,20.280000,20.427458,0.133968,0.013490,True,1
9/6/2025 8:35:00 AM,9/6/2025 4:35:00 AM,1,PJM-RTO,,,ZONE,,20.160000,20.203138,0.030628,0.012510,True,1
9/6/2025 8:40:00 AM,9/6/2025 4:40:00 AM,1,PJM-RTO,,,ZONE,,21.400000,21.543660,0.134871,0.008789,True,1
9/6/2025 8:45:00 AM,9/6/2025 4:45:00 AM,1,PJM-RTO,,,ZONE,,19.180000,19.204239,0.015227,0.009013,True,1
9/6/2025 8:50:00 AM,9/6/2025 4:50:00 AM,1,PJM-RTO,,,ZONE,,20.070000,20.110907,0.023697,0.017210,True,1
9/6/2025 8:55:00 AM,9/6/2025 4:55:00 AM,1,PJM-RTO,,,ZONE,,22.070000,22.236548,0.150546,0.016003,True,1
9/6/2025 9:00:00 AM,9/6/2025 5:00:00 AM,1,PJM-RTO,,,ZONE,,19.630000,19.657124,0.016532,0.010592,True,1
9/6/2025 9:05:00 AM,9/6/2025 5:05:00 AM,1,PJM-RTO,,,ZONE,,22.000000,22.044662,0.026331,0.018331,True,1
9/6/2025 9:10:00 AM,9/6/2025 5:10:00 AM,1,PJM-RTO,,,ZONE,,21.880000,21.919332,0.024775,0.014557,True,1
9/6/2025 9:15:00 AM,9/6/2025 5:15:00 AM,1,PJM-RTO,,,ZONE,,23.660000,24.004429,0.330407,0.014021,True,1
9/6/2025 9:20:00 AM,9/6/2025 5:20:00 AM,1,PJM-RTO,,,ZONE,,22.510000,22.690857,0.164157,0.016700,True,1
9/6/2025 9:25:00 AM,9/6/2025 5:25:00 AM,1,PJM-RTO,,,ZONE,,22.160000,22.371960,0.201196,0.010763,True,1
9/6/2025 9:30:00 AM,9/6/2025 5:30:00 AM,1,PJM-RTO,,,ZONE,,19.130000,19.162744,0.016596,0.016149,True,1
9/6/2025 9:35:00 AM,9/6/2025 5:35:00 AM,1,PJM-RTO,,,ZONE,,22.500000,22.678475,0.166824,0.011651,True,1
9/6/2025 9:40:00 AM,9/6/2025 5:40:00 AM,1,PJM-RTO,,,ZONE,,20.380000,20.411346,0.019918,0.011428,True,1
9/6/2025 9:45:00 AM,9/6/2025 5:45:00 AM,1,PJM-RTO,,,ZONE,,17.570000,17.697831,0.112894,0.014936,True,1
9/6/2025 9:50:00 AM,9/6/2025 5:50:00 AM,1,PJM-RTO,,,ZONE,,17.690000,17.805540,0.100138,0.015402,True,1
9/6/2025 9:55:00 AM,9/6/2025 5:55:00 AM,1,PJM-RTO,,,ZONE,,18.790000,18.819823,0.016743,0.013081,True,1
9/6/2025 10:00:00 AM,9/6/2025 6:00:00 AM,1,PJM-RTO,,,ZONE,,18.120000,18.198736,0.066195,0.012541,True,1
9/6/2025 10:05:00 AM,9/6/2025 6:05:00 AM,1,PJM-RTO,,,ZONE,,20.950000,20.988900,0.027567,0.011333,True,1
9/6/2025 10:10:00 AM,9/6/2025 6:10:00 AM,1,PJM-RTO,,,ZONE,,23.370000,23.719703,0.334231,0.015472,True,1
9/6/2025 10:15:00 AM,9/6/2025 6:15:00 AM,1,PJM-RTO,,,ZONE,,20.460000,20.597562,0.122641,0.014922,True,1
9/6/2025 10:20:00 AM,9/6/2025 6:20:00 AM,1,PJM-RTO,,,ZONE,,22.020000,22.199642,0.167557,0.012085,True,1
9/6/2025 10:25:00 AM,9/6/2025 6:25:00 AM,1,PJM-RTO,,,ZONE,,21.450000,21.611427,0.148712,0.012715,True,1
9/6/2025 10:30:00 AM,9/6/2025 6:30:00 AM,1,PJM-RTO,,,ZONE,,21.600000,21.790757,0.177852,0.012905,True,1
9/6/2025 10:35:00 AM,9/6/2025 6:35:00 AM,1,PJM-RTO,,,ZONE,,22.300000,22.490821,0.173882,0.016938,True,1
9/6/2025 10:40:00 AM,9/6/2025 6:40:00 AM,1,PJM-RTO,,,ZONE,,22.890000,23.084335,0.180724,0.013611,True,1
9/6/2025 10:45:00 AM,9/6/2025 6:45:00 AM,1,PJM-RTO,,,ZONE,,23.260000,23.470010,0.194632,0.015378,True,1
9/6/2025 10:50:00 AM,9/6/2025 6:50:00 AM,1,PJM-RTO,,,ZONE,,23.650000,23.839116,0.178393,0.010724,True,1
9/6/2025 10:55:00 AM,9/6/2025 6:55:00 AM,1,PJM-RTO,,,ZONE,,22.890000,23.053100,0.147393,0.015707,True,1
9/6/2025 11:00:00 AM,9/6/2025 7:00:00 AM,1,PJM-RTO,,,ZONE,,23.110000,23.316444,0.183750,0.022695,True,1
9/6/2025 11:05:00 AM,9/6/2025 7:05:00 AM,1,PJM-RTO,,,ZONE,,23.020000,23.230144,0.191912,0.018233,True,1
9/6/2025 11:10:00 AM,9/6/2025 7:10:00 AM,1,PJM-RTO,,,ZONE,,23.450000,23.643785,0.180959,0.012826,True,1
9/6/2025 11:15:00 AM,9/6/2025 7:15:00 AM,1,PJM-RTO,,,ZONE,,23.430000,23.626609,0.184018,0.012591,True,1
9/6/2025 11:20:00 AM,9/6/2025 7:20:00 AM,1,PJM-RTO,,,ZONE,,21.680000,21.851390,0.157067,0.014323,True,1
9/6/2025 11:25:00 AM,9/6/2025 7:25:00 AM,1,PJM-RTO,,,ZONE,,22.450000,22.634696,0.164390,0.020306,True,1
9/6/2025 11:30:00 AM,9/6/2025 7:30:00 AM,1,PJM-RTO,,,ZONE,,21.050000,21.200211,0.142149,0.008063,True,1
9/6/2025 11:35:00 AM,9/6/2025 7:35:00 AM,1,PJM-RTO,,,ZONE,,21.010000,21.152050,0.132092,0.009957,True,1
9/6/2025 11:40:00 AM,9/6/2025 7:40:00 AM,1,PJM-RTO,,,ZONE,,22.010000,22.049729,0.024648,0.015080,True,1
9/6/2025 11:45:00 AM,9/6/2025 7:45:00 AM,1,PJM-RTO,,,ZONE,,21.040000,21.191826,0.136191,0.015635,True,1
9/6/2025 11:50:00 AM,9/6/2025 7:50:00 AM,1,PJM-RTO,,,ZONE,,21.830000,21.989317,0.152193,0.007124,True,1
9/6/2025 11:55:00 AM,9/6/2025 7:55:00 AM,1,PJM-RTO,,,ZONE,,22.410000,22.588240,0.165575,0.012665,True,1
9/6/2025 12:00:00 PM,9/6/2025 8:00:00 AM,1,PJM-RTO,,,ZONE,,21.770000,21.884438,0.093680,0.020758,True,1
9/6/2025 12:05:00 PM,9/6/2025 8:05:00 AM,1,PJM-RTO,,,ZONE,,20.330000,20.437308,0.089478,0.017830,True,1
9/6/2025 12:10:00 PM,9/6/2025 8:10:00 AM,1,PJM-RTO,,,ZONE,,22.600000,22.732021,0.114848,0.017173,True,1
9/6/2025 12:15:00 PM,9/6/2025 8:15:00 AM,1,PJM-RTO,,,ZONE,,22.510000,22.642518,0.112340,0.020178,True,1
9/6/2025 12:20:00 PM,9/6/2025 8:20:00 AM,1,PJM-RTO,,,ZONE,,20.990000,21.161557,0.154962,0.016595,True,1
9/6/2025 12:25:00 PM,9/6/2025 8:25:00 AM,1,PJM-RTO,,,ZONE,,22.120000,22.278431,0.140034,0.018397,True,1
9/6/2025 12:30:00 PM,9/6/2025 8:30:00 AM,1,PJM-RTO,,,ZONE,,22.960000,23.133543,0.153430,0.020113,True,1
9/6/2025 12:35:00 PM,9/6/2025 8:35:00 AM,1,PJM-RTO,,,ZONE,,22.560000,22.684162,0.113539,0.010624,True,1
9/6/2025 12:40:00 PM,9/6/2025 8:40:00 AM,1,PJM-RTO,,,ZONE,,22.390000,22.538596,0.134549,0.014046,True,1
9/6/2025 12:45:00 PM,9/6/2025 8:45:00 AM,1,PJM-RTO,,,ZONE,,22.260000,22.395408,0.127816,0.007592,True,1
9/6/2025 12:50:00 PM,9/6/2025 8:50:00 AM,1,PJM-RTO,,,ZONE,,21.640000,21.772341,0.121088,0.011254,True,1
9/6/2025 12:55:00 PM,9/6/2025 8:55:00 AM,1,PJM-RTO,,,ZONE,,22.210000,22.361406,0.141193,0.010213,True,1
9/6/2025 1:00:00 PM,9/6/2025 9:00:00 AM,1,PJM-RTO,,,ZONE,,22.910000,23.009991,0.077047,0.022944,True,1
9/6/2025 1:05:00 PM,9/6/2025 9:05:00 AM,1,PJM-RTO,,,ZONE,,24.630000,24.746548,0.088738,0.027811,True,1
9/6/2025 1:10:00 PM,9/6/2025 9:10:00 AM,1,PJM-RTO,,,ZONE,,25.970000,26.005558,0.017046,0.018512,True,1
9/6/2025 1:15:00 PM,9/6/2025 9:15:00 AM,1,PJM-RTO,,,ZONE,,27.770000,27.904046,0.114364,0.019682,True,1
9/6/2025 1:20:00 PM,9/6/2025 9:20:00 AM,1,PJM-RTO,,,ZONE,,26.130000,26.254575,0.108853,0.015722,True,1
9/6/2025 1:25:00 PM,9/6/2025 9:25:00 AM,1,PJM-RTO,,,ZONE,,26.790000,27.018692,0.211546,0.017146,True,1
9/6/2025 1:30:00 PM,9/6/2025 9:30:00 AM,1,PJM-RTO,,,ZONE,,26.170000,26.213809,0.023164,0.020645,True,1
9/6/2025 1:35:00 PM,9/6/2025 9:35:00 AM,1,PJM-RTO,,,ZONE,,26.140000,26.177638,0.024146,0.013491,True,1
9/6/2025 1:40:00 PM,9/6/2025 9:40:00 AM,1,PJM-RTO,,,ZONE,,26.080000,26.111737,0.023150,0.008587,True,1
9/6/2025 1:45:00 PM,9/6/2025 9:45:00 AM,1,PJM-RTO,,,ZONE,,26.190000,26.326303,0.124015,0.012287,True,1
9/6/2025 1:50:00 PM,9/6/2025 9:50:00 AM,1,PJM-RTO,,,ZONE,,28.970000,29.010740,0.029222,0.011518,True,1
9/6/2025 1:55:00 PM,9/6/2025 9:55:00 AM,1,PJM-RTO,,,ZONE,,28.510000,28.551461,0.024728,0.016733,True,1
9/6/2025 2:00:00 PM,9/6/2025 10:00:00 AM,1,PJM-RTO,,,ZONE,,25.170000,25.210324,0.015540,0.024784,True,1
9/6/2025 2:05:00 PM,9/6/2025 10:05:00 AM,1,PJM-RTO,,,ZONE,,25.820000,25.922942,0.084623,0.018319,True,1
9/6/2025 2:10:00 PM,9/6/2025 10:10:00 AM,1,PJM-RTO,,,ZONE,,26.150000,26.253340,0.085728,0.017612,True,1
9/6/2025 2:15:00 PM,9/6/2025 10:15:00 AM,1,PJM-RTO,,,ZONE,,26.430000,26.469789,0.017485,0.022304,True,1
9/6/2025 2:20:00 PM,9/6/2025 10:20:00 AM,1,PJM-RTO,,,ZONE,,27.020000,27.071627,0.025805,0.025821,True,1
9/6/2025 2:25:00 PM,9/6/2025 10:25:00 AM,1,PJM-RTO,,,ZONE,,25.680000,25.726092,0.028328,0.017764,True,1
9/6/2025 2:30:00 PM,9/6/2025 10:30:00 AM,1,PJM-RTO,,,ZONE,,25.370000,25.414802,0.029288,0.015514,True,1
9/6/2025 2:35:00 PM,9/6/2025 10:35:00 AM,1,PJM-RTO,,,ZONE,,27.670000,27.713247,0.030328,0.012919,True,1
9/6/2025 2:40:00 PM,9/6/2025 10:40:00 AM,1,PJM-RTO,,,ZONE,,25.530000,25.547904,-0.000758,0.018662,True,1
9/6/2025 2:45:00 PM,9/6/2025 10:45:00 AM,1,PJM-RTO,,,ZONE,,24.560000,24.603589,0.030230,0.013359,True,1
9/6/2025 2:50:00 PM,9/6/2025 10:50:00 AM,1,PJM-RTO,,,ZONE,,25.580000,25.604097,0.009202,0.014895,True,1
9/6/2025 2:55:00 PM,9/6/2025 10:55:00 AM,1,PJM-RTO,,,ZONE,,25.940000,25.961585,0.009213,0.012371,True,1
9/6/2025 3:00:00 PM,9/6/2025 11:00:00 AM,1,PJM-RTO,,,ZONE,,23.050000,23.096409,0.023401,0.023008,True,1
9/6/2025 3:05:00 PM,9/6/2025 11:05:00 AM,1,PJM-RTO,,,ZONE,,22.700000,22.741750,0.022673,0.019077,True,1
9/6/2025 3:10:00 PM,9/6/2025 11:10:00 AM,1,PJM-RTO,,,ZONE,,23.060000,23.108077,0.029008,0.019069,True,1
9/6/2025 3:15:00 PM,9/6/2025 11:15:00 AM,1,PJM-RTO,,,ZONE,,21.800000,21.822836,0.008407,0.014430,True,1
9/6/2025 3:20:00 PM,9/6/2025 11:20:00 AM,1,PJM-RTO,,,ZONE,,25.150000,25.183004,0.018406,0.014599,True,1
9/6/2025 3:25:00 PM,9/6/2025 11:25:00 AM,1,PJM-RTO,,,ZONE,,25.120000,25.151392,0.008423,0.022970,True,1
9/6/2025 3:30:00 PM,9/6/2025 11:30:00 AM,1,PJM-RTO,,,ZONE,,26.660000,26.679580,0.008405,0.011175,True,1
9/6/2025 3:35:00 PM,9/6/2025 11:35:00 AM,1,PJM-RTO,,,ZONE,,25.230000,25.249114,0.001552,0.017562,True,1
9/6/2025 3:40:00 PM,9/6/2025 11:40:00 AM,1,PJM-RTO,,,ZONE,,23.500000,23.529940,0.019548,0.010391,True,1
9/6/2025 3:45:00 PM,9/6/2025 11:45:00 AM,1,PJM-RTO,,,ZONE,,22.980000,22.984616,-0.001582,0.006198,True,1
9/6/2025 3:50:00 PM,9/6/2025 11:50:00 AM,1,PJM-RTO,,,ZONE,,24.640000,24.655970,0.007496,0.008475,True,1
9/6/2025 3:55:00 PM,9/6/2025 11:55:00 AM,1,PJM-RTO,,,ZONE,,23.830000,23.877378,0.036662,0.010717,True,1
9/6/2025 4:00:00 PM,9/6/2025 12:00:00 PM,1,PJM-RTO,,,ZONE,,24.300000,24.336530,0.008340,0.028190,True,1
9/6/2025 4:05:00 PM,9/6/2025 12:05:00 PM,1,PJM-RTO,,,ZONE,,24.960000,25.001185,0.019731,0.021453,True,1
9/6/2025 4:10:00 PM,9/6/2025 12:10:00 PM,1,PJM-RTO,,,ZONE,,24.120000,24.175831,0.033490,0.022341,True,1
9/6/2025 4:15:00 PM,9/6/2025 12:15:00 PM,1,PJM-RTO,,,ZONE,,30.170000,30.333579,0.136163,0.027416,True,1
9/6/2025 4:20:00 PM,9/6/2025 12:20:00 PM,1,PJM-RTO,,,ZONE,,26.670000,26.802163,0.114246,0.017917,True,1
9/6/2025 4:25:00 PM,9/6/2025 12:25:00 PM,1,PJM-RTO,,,ZONE,,25.790000,25.897352,0.096200,0.011152,True,1
9/6/2025 4:30:00 PM,9/6/2025 12:30:00 PM,1,PJM-RTO,,,ZONE,,50.270000,50.588721,0.289445,0.029276,True,1
9/6/2025 4:35:00 PM,9/6/2025 12:35:00 PM,1,PJM-RTO,,,ZONE,,51.230000,51.618634,0.362877,0.025756,True,1
9/6/2025 4:40:00 PM,9/6/2025 12:40:00 PM,1,PJM-RTO,,,ZONE,,53.730000,54.086176,0.331886,0.024290,True,1
9/6/2025 4:45:00 PM,9/6/2025 12:45:00 PM,1,PJM-RTO,,,ZONE,,51.430000,51.847233,0.389961,0.027272,True,1
9/6/2025 4:50:00 PM,9/6/2025 12:50:00 PM,1,PJM-RTO,,,ZONE,,56.850000,57.327340,0.444907,0.032434,True,1
9/6/2025 4:55:00 PM,9/6/2025 12:55:00 PM,1,PJM-RTO,,,ZONE,,55.000000,55.354069,0.335269,0.018800,True,1
9/6/2025 5:00:00 PM,9/6/2025 1:00:00 PM,1,PJM-RTO,,,ZONE,,56.510000,57.002653,0.434908,0.057744,True,1
9/6/2025 5:05:00 PM,9/6/2025 1:05:00 PM,1,PJM-RTO,,,ZONE,,47.410000,47.807303,0.349197,0.048106,True,1
9/6/2025 5:10:00 PM,9/6/2025 1:10:00 PM,1,PJM-RTO,,,ZONE,,47.890000,48.282438,0.342733,0.049705,True,1
9/6/2025 5:15:00 PM,9/6/2025 1:15:00 PM,1,PJM-RTO,,,ZONE,,48.170000,48.599045,0.384996,0.044049,True,1
9/6/2025 5:20:00 PM,9/6/2025 1:20:00 PM,1,PJM-RTO,,,ZONE,,52.430000,52.809286,0.344522,0.034764,True,1
9/6/2025 5:25:00 PM,9/6/2025 1:25:00 PM,1,PJM-RTO,,,ZONE,,51.480000,51.884650,0.364061,0.040588,True,1
9/6/2025 5:30:00 PM,9/6/2025 1:30:00 PM,1,PJM-RTO,,,ZONE,,55.080000,55.474913,0.361564,0.033348,True,1
9/6/2025 5:35:00 PM,9/6/2025 1:35:00 PM,1,PJM-RTO,,,ZONE,,54.140000,54.531968,0.367233,0.024735,True,1
9/6/2025 5:40:00 PM,9/6/2025 1:40:00 PM,1,PJM-RTO,,,ZONE,,53.180000,53.604892,0.396087,0.028805,True,1
9/6/2025 5:45:00 PM,9/6/2025 1:45:00 PM,1,PJM-RTO,,,ZONE,,54.940000,55.352880,0.377046,0.035834,True,1
9/6/2025 5:50:00 PM,9/6/2025 1:50:00 PM,1,PJM-RTO,,,ZONE,,54.020000,54.418868,0.367796,0.031073,True,1
9/6/2025 5:55:00 PM,9/6/2025 1:55:00 PM,1,PJM-RTO,,,ZONE,,53.850000,54.329027,0.445479,0.033547,True,1
9/6/2025 6:00:00 PM,9/6/2025 2:00:00 PM,1,PJM-RTO,,,ZONE,,52.680000,53.040375,0.319624,0.040752,True,1
9/6/2025 6:05:00 PM,9/6/2025 2:05:00 PM,1,PJM-RTO,,,ZONE,,53.810000,54.196583,0.352891,0.033692,True,1
9/6/2025 6:10:00 PM,9/6/2025 2:10:00 PM,1,PJM-RTO,,,ZONE,,55.340000,55.745316,0.364307,0.041009,True,1
9/6/2025 6:15:00 PM,9/6/2025 2:15:00 PM,1,PJM-RTO,,,ZONE,,63.820000,64.299485,0.442044,0.037441,True,1
9/6/2025 6:20:00 PM,9/6/2025 2:20:00 PM,1,PJM-RTO,,,ZONE,,55.250000,55.646004,0.364632,0.031373,True,1
9/6/2025 6:25:00 PM,9/6/2025 2:25:00 PM,1,PJM-RTO,,,ZONE,,55.840000,56.293395,0.408536,0.044858,True,1
9/6/2025 6:30:00 PM,9/6/2025 2:30:00 PM,1,PJM-RTO,,,ZONE,,55.100000,55.473173,0.337315,0.035859,True,1
9/6/2025 6:35:00 PM,9/6/2025 2:35:00 PM,1,PJM-RTO,,,ZONE,,55.140000,55.545600,0.363009,0.042591,True,1
9/6/2025 6:40:00 PM,9/6/2025 2:40:00 PM,1,PJM-RTO,,,ZONE,,58.640000,59.072391,0.388233,0.044158,True,1
9/6/2025 6:45:00 PM,9/6/2025 2:45:00 PM,1,PJM-RTO,,,ZONE,,55.780000,56.179466,0.356295,0.043170,True,1
9/6/2025 6:50:00 PM,9/6/2025 2:50:00 PM,1,PJM-RTO,,,ZONE,,53.660000,54.074324,0.371568,0.042757,True,1
9/6/2025 6:55:00 PM,9/6/2025 2:55:00 PM,1,PJM-RTO,,,ZONE,,55.250000,55.625275,0.330487,0.044787,True,1
9/6/2025 7:00:00 PM,9/6/2025 3:00:00 PM,1,PJM-RTO,,,ZONE,,54.910000,55.372265,0.431529,0.030736,True,1
9/6/2025 7:05:00 PM,9/6/2025 3:05:00 PM,1,PJM-RTO,,,ZONE,,53.430000,53.812192,0.353606,0.028586,True,1
9/6/2025 7:10:00 PM,9/6/2025 3:10:00 PM,1,PJM-RTO,,,ZONE,,55.190000,55.598867,0.375675,0.033192,True,1
9/6/2025 7:15:00 PM,9/6/2025 3:15:00 PM,1,PJM-RTO,,,ZONE,,64.600000,65.113491,0.481378,0.032113,True,1
9/6/2025 7:20:00 PM,9/6/2025 3:20:00 PM,1,PJM-RTO,,,ZONE,,78.410000,79.006379,0.546206,0.050173,True,1
9/6/2025 7:25:00 PM,9/6/2025 3:25:00 PM,1,PJM-RTO,,,ZONE,,94.510000,95.151778,0.573779,0.067999,True,1
9/6/2025 7:30:00 PM,9/6/2025 3:30:00 PM,1,PJM-RTO,,,ZONE,,91.530000,92.109078,0.515256,0.063822,True,1
9/6/2025 7:35:00 PM,9/6/2025 3:35:00 PM,1,PJM-RTO,,,ZONE,,49.780000,50.272847,0.446528,0.046319,True,1
9/6/2025 7:40:00 PM,9/6/2025 3:40:00 PM,1,PJM-RTO,,,ZONE,,49.390000,49.913420,0.474692,0.048728,True,1
9/6/2025 7:45:00 PM,9/6/2025 3:45:00 PM,1,PJM-RTO,,,ZONE,,52.710000,53.124374,0.374407,0.039966,True,1
9/6/2025 7:50:00 PM,9/6/2025 3:50:00 PM,1,PJM-RTO,,,ZONE,,48.830000,49.225777,0.351694,0.044082,True,1
9/6/2025 7:55:00 PM,9/6/2025 3:55:00 PM,1,PJM-RTO,,,ZONE,,48.180000,48.537519,0.313011,0.044508,True,1
9/6/2025 8:00:00 PM,9/6/2025 4:00:00 PM,1,PJM-RTO,,,ZONE,,31.290000,31.288716,-0.011175,0.009892,True,1
9/6/2025 8:05:00 PM,9/6/2025 4:05:00 PM,1,PJM-RTO,,,ZONE,,48.030000,48.063869,0.009424,0.024445,True,1
9/6/2025 8:10:00 PM,9/6/2025 4:10:00 PM,1,PJM-RTO,,,ZONE,,48.120000,48.156041,0.008206,0.027835,True,1
9/6/2025 8:15:00 PM,9/6/2025 4:15:00 PM,1,PJM-RTO,,,ZONE,,50.730000,50.922825,0.161074,0.031751,True,1
9/6/2025 8:20:00 PM,9/6/2025 4:20:00 PM,1,PJM-RTO,,,ZONE,,50.040000,50.276886,0.202428,0.034458,True,1
9/6/2025 8:25:00 PM,9/6/2025 4:25:00 PM,1,PJM-RTO,,,ZONE,,43.110000,43.385141,0.235500,0.039641,True,1
9/6/2025 8:30:00 PM,9/6/2025 4:30:00 PM,1,PJM-RTO,,,ZONE,,49.750000,50.118689,0.335150,0.033539,True,1
9/6/2025 8:35:00 PM,9/6/2025 4:35:00 PM,1,PJM-RTO,,,ZONE,,47.670000,48.172822,0.475459,0.027363,True,1
9/6/2025 8:40:00 PM,9/6/2025 4:40:00 PM,1,PJM-RTO,,,ZONE,,34.600000,34.846627,0.214759,0.031868,True,1
9/6/2025 8:45:00 PM,9/6/2025 4:45:00 PM,1,PJM-RTO,,,ZONE,,25.140000,25.195806,0.032060,0.023746,True,1
9/6/2025 8:50:00 PM,9/6/2025 4:50:00 PM,1,PJM-RTO,,,ZONE,,30.880000,30.956917,0.055545,0.021371,True,1
9/6/2025 8:55:00 PM,9/6/2025 4:55:00 PM,1,PJM-RTO,,,ZONE,,29.790000,29.840672,0.030944,0.019729,True,1
9/6/2025 9:00:00 PM,9/6/2025 5:00:00 PM,1,PJM-RTO,,,ZONE,,27.830000,27.834862,-0.004114,0.008976,True,1
9/6/2025 9:05:00 PM,9/6/2025 5:05:00 PM,1,PJM-RTO,,,ZONE,,26.450000,26.465143,0.005752,0.009390,True,1
9/6/2025 9:10:00 PM,9/6/2025 5:10:00 PM,1,PJM-RTO,,,ZONE,,26.720000,26.728395,0.005350,0.003045,True,1
9/6/2025 9:15:00 PM,9/6/2025 5:15:00 PM,1,PJM-RTO,,,ZONE,,26.920000,26.953039,0.019656,0.013383,True,1
9/6/2025 9:20:00 PM,9/6/2025 5:20:00 PM,1,PJM-RTO,,,ZONE,,32.260000,32.302119,0.030677,0.011441,True,1
9/6/2025 9:25:00 PM,9/6/2025 5:25:00 PM,1,PJM-RTO,,,ZONE,,29.370000,29.410122,0.027898,0.012224,True,1
9/6/2025 9:30:00 PM,9/6/2025 5:30:00 PM,1,PJM-RTO,,,ZONE,,26.880000,26.935384,0.036533,0.018851,True,1
9/6/2025 9:35:00 PM,9/6/2025 5:35:00 PM,1,PJM-RTO,,,ZONE,,28.260000,28.330102,0.050576,0.019526,True,1
9/6/2025 9:40:00 PM,9/6/2025 5:40:00 PM,1,PJM-RTO,,,ZONE,,28.150000,28.212850,0.046577,0.016273,True,1
9/6/2025 9:45:00 PM,9/6/2025 5:45:00 PM,1,PJM-RTO,,,ZONE,,27.120000,27.195292,0.051745,0.023547,True,1
9/6/2025 9:50:00 PM,9/6/2025 5:50:00 PM,1,PJM-RTO,,,ZONE,,26.380000,26.470330,0.060121,0.030208,True,1
9/6/2025 9:55:00 PM,9/6/2025 5:55:00 PM,1,PJM-RTO,,,ZONE,,25.910000,26.005990,0.068016,0.027974,True,1
9/6/2025 10:00:00 PM,9/6/2025 6:00:00 PM,1,PJM-RTO,,,ZONE,,28.390000,28.404481,0.007148,0.007333,True,1
9/6/2025 10:05:00 PM,9/6/2025 6:05:00 PM,1,PJM-RTO,,,ZONE,,28.620000,28.647725,0.014395,0.013330,True,1
9/6/2025 10:10:00 PM,9/6/2025 6:10:00 PM,1,PJM-RTO,,,ZONE,,26.150000,26.171726,0.013327,0.008398,True,1
9/6/2025 10:15:00 PM,9/6/2025 6:15:00 PM,1,PJM-RTO,,,ZONE,,28.150000,28.190965,0.028783,0.012182,True,1
9/6/2025 10:20:00 PM,9/6/2025 6:20:00 PM,1,PJM-RTO,,,ZONE,,27.620000,27.663638,0.031743,0.011895,True,1
9/6/2025 10:25:00 PM,9/6/2025 6:25:00 PM,1,PJM-RTO,,,ZONE,,26.700000,26.738101,0.021567,0.016534,True,1
9/6/2025 10:30:00 PM,9/6/2025 6:30:00 PM,1,PJM-RTO,,,ZONE,,26.500000,26.544929,0.023368,0.021561,True,1
9/6/2025 10:35:00 PM,9/6/2025 6:35:00 PM,1,PJM-RTO,,,ZONE,,27.080000,27.122760,0.023650,0.019110,True,1
9/6/2025 10:40:00 PM,9/6/2025 6:40:00 PM,1,PJM-RTO,,,ZONE,,26.790000,26.836328,0.024190,0.022138,True,1
9/6/2025 10:45:00 PM,9/6/2025 6:45:00 PM,1,PJM-RTO,,,ZONE,,27.130000,27.161412,0.016418,0.014994,True,1
9/6/2025 10:50:00 PM,9/6/2025 6:50:00 PM,1,PJM-RTO,,,ZONE,,27.580000,27.618668,0.015852,0.022816,True,1
9/6/2025 10:55:00 PM,9/6/2025 6:55:00 PM,1,PJM-RTO,,,ZONE,,31.940000,31.988612,0.017226,0.031386,True,1
9/6/2025 11:00:00 PM,9/6/2025 7:00:00 PM,1,PJM-RTO,,,ZONE,,31.040000,31.107096,0.051928,0.015167,True,1
9/6/2025 11:05:00 PM,9/6/2025 7:05:00 PM,1,PJM-RTO,,,ZONE,,42.360000,42.472815,0.085965,0.026851,True,1
9/6/2025 11:10:00 PM,9/6/2025 7:10:00 PM,1,PJM-RTO,,,ZONE,,41.500000,41.605879,0.081614,0.024265,True,1
9/6/2025 11:15:00 PM,9/6/2025 7:15:00 PM,1,PJM-RTO,,,ZONE,,30.390000,30.444068,0.040527,0.013541,True,1
9/6/2025 11:20:00 PM,9/6/2025 7:20:00 PM,1,PJM-RTO,,,ZONE,,29.780000,29.838635,0.037970,0.020665,True,1
9/6/2025 11:25:00 PM,9/6/2025 7:25:00 PM,1,PJM-RTO,,,ZONE,,28.690000,28.736909,0.025281,0.021628,True,1
9/6/2025 11:30:00 PM,9/6/2025 7:30:00 PM,1,PJM-RTO,,,ZONE,,30.550000,30.608633,0.040115,0.018518,True,1
9/6/2025 11:35:00 PM,9/6/2025 7:35:00 PM,1,PJM-RTO,,,ZONE,,31.930000,31.990812,0.042607,0.018205,True,1
9/6/2025 11:40:00 PM,9/6/2025 7:40:00 PM,1,PJM-RTO,,,ZONE,,31.770000,31.826998,0.041063,0.015935,True,1
9/6/2025 11:45:00 PM,9/6/2025 7:45:00 PM,1,PJM-RTO,,,ZONE,,29.190000,29.231891,0.022336,0.019556,True,1
9/6/2025 11:50:00 PM,9/6/2025 7:50:00 PM,1,PJM-RTO,,,ZONE,,31.910000,31.967862,0.033443,0.024419,True,1
9/6/2025 11:55:00 PM,9/6/2025 7:55:00 PM,1,PJM-RTO,,,ZONE,,32.970000,33.026301,0.030492,0.025809,True,1
9/7/2025 12:00:00 AM,9/6/2025 8:00:00 PM,1,PJM-RTO,,,ZONE,,31.170000,31.220321,0.040679,0.009642,True,1
9/7/2025 12:05:00 AM,9/6/2025 8:05:00 PM,1,PJM-RTO,,,ZONE,,33.670000,33.721301,0.038446,0.012855,True,1
9/7/2025 12:10:00 AM,9/6/2025 8:10:00 PM,1,PJM-RTO,,,ZONE,,30.320000,30.362581,0.027464,0.015118,True,1
9/7/2025 12:15:00 AM,9/6/2025 8:15:00 PM,1,PJM-RTO,,,ZONE,,29.300000,29.354378,0.037987,0.016392,True,1
9/7/2025 12:20:00 AM,9/6/2025 8:20:00 PM,1,PJM-RTO,,,ZONE,,31.360000,31.429695,0.057887,0.011808,True,1
9/7/2025 12:25:00 AM,9/6/2025 8:25:00 PM,1,PJM-RTO,,,ZONE,,28.880000,28.915076,0.020965,0.014112,True,1
9/7/2025 12:30:00 AM,9/6/2025 8:30:00 PM,1,PJM-RTO,,,ZONE,,31.000000,31.041463,0.023769,0.017693,True,1
9/7/2025 12:35:00 AM,9/6/2025 8:35:00 PM,1,PJM-RTO,,,ZONE,,27.690000,27.745147,0.035573,0.019574,True,1
9/7/2025 12:40:00 AM,9/6/2025 8:40:00 PM,1,PJM-RTO,,,ZONE,,26.340000,26.367871,0.013575,0.014296,True,1
9/7/2025 12:45:00 AM,9/6/2025 8:45:00 PM,1,PJM-RTO,,,ZONE,,27.140000,27.183617,0.023099,0.020519,True,1
9/7/2025 12:50:00 AM,9/6/2025 8:50:00 PM,1,PJM-RTO,,,ZONE,,24.350000,24.377142,0.007204,0.019938,True,1
9/7/2025 12:55:00 AM,9/6/2025 8:55:00 PM,1,PJM-RTO,,,ZONE,,31.130000,31.286072,0.132203,0.023869,True,1
9/7/2025 1:00:00 AM,9/6/2025 9:00:00 PM,1,PJM-RTO,,,ZONE,,39.660000,39.756896,0.076589,0.020307,True,1
9/7/2025 1:05:00 AM,9/6/2025 9:05:00 PM,1,PJM-RTO,,,ZONE,,37.150000,37.246696,0.076275,0.020420,True,1
9/7/2025 1:10:00 AM,9/6/2025 9:10:00 PM,1,PJM-RTO,,,ZONE,,172.840000,173.566650,0.641499,0.085151,True,1
9/7/2025 1:15:00 AM,9/6/2025 9:15:00 PM,1,PJM-RTO,,,ZONE,,48.510000,48.794695,0.259213,0.025482,True,1
9/7/2025 1:20:00 AM,9/6/2025 9:20:00 PM,1,PJM-RTO,,,ZONE,,41.560000,41.650161,0.066174,0.023987,True,1
9/7/2025 1:25:00 AM,9/6/2025 9:25:00 PM,1,PJM-RTO,,,ZONE,,45.130000,45.225031,0.072508,0.022523,True,1
9/7/2025 1:30:00 AM,9/6/2025 9:30:00 PM,1,PJM-RTO,,,ZONE,,41.190000,41.279522,0.069182,0.020340,True,1
9/7/2025 1:35:00 AM,9/6/2025 9:35:00 PM,1,PJM-RTO,,,ZONE,,36.040000,36.123538,0.056943,0.026594,True,1
9/7/2025 1:40:00 AM,9/6/2025 9:40:00 PM,1,PJM-RTO,,,ZONE,,36.980000,37.072799,0.065377,0.027423,True,1
9/7/2025 1:45:00 AM,9/6/2025 9:45:00 PM,1,PJM-RTO,,,ZONE,,125.160000,125.479697,0.244983,0.074714,True,1
9/7/2025 1:50:00 AM,9/6/2025 9:50:00 PM,1,PJM-RTO,,,ZONE,,35.890000,35.978043,0.059322,0.028721,True,1
9/7/2025 1:55:00 AM,9/6/2025 9:55:00 PM,1,PJM-RTO,,,ZONE,,162.010000,162.561710,0.433019,0.118691,True,1
9/7/2025 2:00:00 AM,9/6/2025 10:00:00 PM,1,PJM-RTO,,,ZONE,,126.950000,127.387999,0.374512,0.063487,True,1
9/7/2025 2:05:00 AM,9/6/2025 10:05:00 PM,1,PJM-RTO,,,ZONE,,118.550000,118.931720,0.309270,0.072449,True,1
9/7/2025 2:10:00 AM,9/6/2025 10:10:00 PM,1,PJM-RTO,,,ZONE,,39.930000,40.050902,0.096909,0.023993,True,1
9/7/2025 2:15:00 AM,9/6/2025 10:15:00 PM,1,PJM-RTO,,,ZONE,,96.580000,96.843623,0.196978,0.066645,True,1
9/7/2025 2:20:00 AM,9/6/2025 10:20:00 PM,1,PJM-RTO,,,ZONE,,24.270000,24.314870,0.026517,0.018353,True,1
9/7/2025 2:25:00 AM,9/6/2025 10:25:00 PM,1,PJM-RTO,,,ZONE,,26.270000,26.335933,0.045288,0.020645,True,1
9/7/2025 2:30:00 AM,9/6/2025 10:30:00 PM,1,PJM-RTO,,,ZONE,,27.640000,27.707753,0.054765,0.012988,True,1
9/7/2025 2:35:00 AM,9/6/2025 10:35:00 PM,1,PJM-RTO,,,ZONE,,26.230000,26.302512,0.053814,0.018698,True,1
9/7/2025 2:40:00 AM,9/6/2025 10:40:00 PM,1,PJM-RTO,,,ZONE,,26.000000,26.062497,0.046858,0.015638,True,1
9/7/2025 2:45:00 AM,9/6/2025 10:45:00 PM,1,PJM-RTO,,,ZONE,,25.870000,25.923587,0.041861,0.011726,True,1
9/7/2025 2:50:00 AM,9/6/2025 10:50:00 PM,1,PJM-RTO,,,ZONE,,25.420000,25.469034,0.035965,0.013068,True,1
9/7/2025 2:55:00 AM,9/6/2025 10:55:00 PM,1,PJM-RTO,,,ZONE,,32.370000,32.463072,0.065933,0.027139,True,1
9/7/2025 3:00:00 AM,9/6/2025 11:00:00 PM,1,PJM-RTO,,,ZONE,,31.350000,31.434253,0.063465,0.020788,True,1
9/7/2025 3:05:00 AM,9/6/2025 11:05:00 PM,1,PJM-RTO,,,ZONE,,33.720000,33.938802,0.196737,0.022065,True,1
9/7/2025 3:10:00 AM,9/6/2025 11:10:00 PM,1,PJM-RTO,,,ZONE,,49.370000,49.698689,0.295634,0.033055,True,1
9/7/2025 3:15:00 AM,9/6/2025 11:15:00 PM,1,PJM-RTO,,,ZONE,,27.530000,27.578054,0.033672,0.014383,True,1
9/7/2025 3:20:00 AM,9/6/2025 11:20:00 PM,1,PJM-RTO,,,ZONE,,25.530000,25.575507,0.029658,0.015849,True,1
9/7/2025 3:25:00 AM,9/6/2025 11:25:00 PM,1,PJM-RTO,,,ZONE,,29.670000,29.728260,0.040142,0.018119,True,1
9/7/2025 3:30:00 AM,9/6/2025 11:30:00 PM,1,PJM-RTO,,,ZONE,,28.870000,28.919851,0.037451,0.012400,True,1
9/7/2025 3:35:00 AM,9/6/2025 11:35:00 PM,1,PJM-RTO,,,ZONE,,27.810000,27.858951,0.034603,0.014348,True,1
9/7/2025 3:40:00 AM,9/6/2025 11:40:00 PM,1,PJM-RTO,,,ZONE,,24.090000,24.136710,0.027022,0.019688,True,1
9/7/2025 3:45:00 AM,9/6/2025 11:45:00 PM,1,PJM-RTO,,,ZONE,,26.290000,26.457071,0.149401,0.017669,True,1
9/7/2025 3:50:00 AM,9/6/2025 11:50:00 PM,1,PJM-RTO,,,ZONE,,26.510000,26.561090,0.028616,0.022473,True,1
9/7/2025 3:55:00 AM,9/6/2025 11:55:00 PM,1,PJM-RTO,,,ZONE,,23.230000,23.269761,0.023330,0.016431,True,1
9/7/2025 4:00:00 AM,9/7/2025 12:00:00 AM,1,PJM-RTO,,,ZONE,,23.150000,23.193025,0.028199,0.014826,True,1
9/7/2025 4:05:00 AM,9/7/2025 12:05:00 AM,1,PJM-RTO,,,ZONE,,24.980000,25.031512,0.032586,0.018926,True,1
9/7/2025 4:10:00 AM,9/7/2025 12:10:00 AM,1,PJM-RTO,,,ZONE,,23.590000,23.636176,0.028762,0.017415,True,1
9/7/2025 4:15:00 AM,9/7/2025 12:15:00 AM,1,PJM-RTO,,,ZONE,,24.330000,24.343213,0.000000,0.013213,True,1
9/7/2025 4:20:00 AM,9/7/2025 12:20:00 AM,1,PJM-RTO,,,ZONE,,20.770000,20.785039,0.000000,0.015039,True,1
9/7/2025 4:25:00 AM,9/7/2025 12:25:00 AM,1,PJM-RTO,,,ZONE,,22.680000,22.693412,0.000000,0.013412,True,1
9/7/2025 4:30:00 AM,9/7/2025 12:30:00 AM,1,PJM-RTO,,,ZONE,,20.930000,20.944184,0.000000,0.014184,True,1
9/7/2025 4:35:00 AM,9/7/2025 12:35:00 AM,1,PJM-RTO,,,ZONE,,19.800000,19.814791,0.000000,0.014791,True,1
9/7/2025 4:40:00 AM,9/7/2025 12:40:00 AM,1,PJM-RTO,,,ZONE,,26.080000,26.279465,0.184093,0.015372,True,1
9/7/2025 4:45:00 AM,9/7/2025 12:45:00 AM,1,PJM-RTO,,,ZONE,,23.670000,23.706194,0.026467,0.009727,True,1
9/7/2025 4:50:00 AM,9/7/2025 12:50:00 AM,1,PJM-RTO,,,ZONE,,23.810000,23.846923,0.026130,0.010793,True,1
9/7/2025 4:55:00 AM,9/7/2025 12:55:00 AM,1,PJM-RTO,,,ZONE,,22.490000,22.508255,0.000000,0.018255,True,1
9/7/2025 5:00:00 AM,9/7/2025 1:00:00 AM,1,PJM-RTO,,,ZONE,,22.600000,22.763266,0.145364,0.017902,True,1
9/7/2025 5:05:00 AM,9/7/2025 1:05:00 AM,1,PJM-RTO,,,ZONE,,21.620000,21.653817,0.023672,0.010145,True,1
9/7/2025 5:10:00 AM,9/7/2025 1:10:00 AM,1,PJM-RTO,,,ZONE,,27.400000,27.411819,0.000000,0.011819,True,1
9/7/2025 5:15:00 AM,9/7/2025 1:15:00 AM,1,PJM-RTO,,,ZONE,,24.040000,24.059476,0.000000,0.019476,True,1
9/7/2025 5:20:00 AM,9/7/2025 1:20:00 AM,1,PJM-RTO,,,ZONE,,22.500000,22.514411,0.000000,0.014411,True,1
9/7/2025 5:25:00 AM,9/7/2025 1:25:00 AM,1,PJM-RTO,,,ZONE,,23.760000,23.776418,0.000000,0.016418,True,1
9/7/2025 5:30:00 AM,9/7/2025 1:30:00 AM,1,PJM-RTO,,,ZONE,,20.700000,20.715656,0.000000,0.015656,True,1
9/7/2025 5:35:00 AM,9/7/2025 1:35:00 AM,1,PJM-RTO,,,ZONE,,22.830000,22.841902,0.000000,0.011902,True,1
9/7/2025 5:40:00 AM,9/7/2025 1:40:00 AM,1,PJM-RTO,,,ZONE,,22.660000,22.669662,0.000000,0.009662,True,1
9/7/2025 5:45:00 AM,9/7/2025 1:45:00 AM,1,PJM-RTO,,,ZONE,,22.510000,22.526015,0.000000,0.016015,True,1
9/7/2025 5:50:00 AM,9/7/2025 1:50:00 AM,1,PJM-RTO,,,ZONE,,21.020000,21.028806,0.000000,0.008806,True,1
9/7/2025 5:55:00 AM,9/7/2025 1:55:00 AM,1,PJM-RTO,,,ZONE,,26.570000,26.623225,0.034646,0.018579,True,1
9/7/2025 6:00:00 AM,9/7/2025 2:00:00 AM,1,PJM-RTO,,,ZONE,,22.650000,22.659543,0.000000,0.009543,True,1
9/7/2025 6:05:00 AM,9/7/2025 2:05:00 AM,1,PJM-RTO,,,ZONE,,26.840000,26.852550,0.000000,0.012550,True,1
9/7/2025 6:10:00 AM,9/7/2025 2:10:00 AM,1,PJM-RTO,,,ZONE,,201.790000,201.910060,0.000000,0.120060,True,1
9/7/2025 6:15:00 AM,9/7/2025 2:15:00 AM,1,PJM-RTO,,,ZONE,,33.930000,33.988249,0.044519,0.013729,True,1
9/7/2025 6:20:00 AM,9/7/2025 2:20:00 AM,1,PJM-RTO,,,ZONE,,32.920000,32.983612,0.043174,0.020438,True,1
9/7/2025 6:25:00 AM,9/7/2025 2:25:00 AM,1,PJM-RTO,,,ZONE,,29.550000,29.600963,0.037421,0.013542,True,1
9/7/2025 6:30:00 AM,9/7/2025 2:30:00 AM,1,PJM-RTO,,,ZONE,,25.600000,25.619259,0.000000,0.019259,True,1
9/7/2025 6:35:00 AM,9/7/2025 2:35:00 AM,1,PJM-RTO,,,ZONE,,24.080000,24.124190,0.030056,0.014135,True,1
9/7/2025 6:40:00 AM,9/7/2025 2:40:00 AM,1,PJM-RTO,,,ZONE,,22.940000,22.950834,0.000000,0.010834,True,1
9/7/2025 6:45:00 AM,9/7/2025 2:45:00 AM,1,PJM-RTO,,,ZONE,,21.710000,21.746284,0.026007,0.010277,True,1
9/7/2025 6:50:00 AM,9/7/2025 2:50:00 AM,1,PJM-RTO,,,ZONE,,23.820000,23.862987,0.029717,0.013270,True,1
9/7/2025 6:55:00 AM,9/7/2025 2:55:00 AM,1,PJM-RTO,,,ZONE,,23.280000,23.293307,0.000000,0.013307,True,1
9/7/2025 7:00:00 AM,9/7/2025 3:00:00 AM,1,PJM-RTO,,,ZONE,,29.490000,29.551435,0.046691,0.014744,True,1
9/7/2025 7:05:00 AM,9/7/2025 3:05:00 AM,1,PJM-RTO,,,ZONE,,29.710000,29.765450,0.039508,0.015942,True,1
9/7/2025 7:10:00 AM,9/7/2025 3:10:00 AM,1,PJM-RTO,,,ZONE,,22.490000,22.534867,0.028514,0.016353,True,1
9/7/2025 7:15:00 AM,9/7/2025 3:15:00 AM,1,PJM-RTO,,,ZONE,,32.730000,32.751587,0.000000,0.021587,True,1
9/7/2025 7:20:00 AM,9/7/2025 3:20:00 AM,1,PJM-RTO,,,ZONE,,28.890000,28.942572,0.038713,0.013860,True,1
9/7/2025 7:25:00 AM,9/7/2025 3:25:00 AM,1,PJM-RTO,,,ZONE,,28.760000,28.774492,0.000000,0.014492,True,1
9/7/2025 7:30:00 AM,9/7/2025 3:30:00 AM,1,PJM-RTO,,,ZONE,,35.150000,35.220904,0.046997,0.023907,True,1
9/7/2025 7:35:00 AM,9/7/2025 3:35:00 AM,1,PJM-RTO,,,ZONE,,32.660000,32.700047,0.017783,0.022264,True,1
9/7/2025 7:40:00 AM,9/7/2025 3:40:00 AM,1,PJM-RTO,,,ZONE,,28.560000,28.613089,0.036388,0.016701,True,1
9/7/2025 7:45:00 AM,9/7/2025 3:45:00 AM,1,PJM-RTO,,,ZONE,,26.500000,26.553100,0.036274,0.016826,True,1
9/7/2025 7:50:00 AM,9/7/2025 3:50:00 AM,1,PJM-RTO,,,ZONE,,23.430000,23.473223,0.029849,0.013373,True,1
9/7/2025 7:55:00 AM,9/7/2025 3:55:00 AM,1,PJM-RTO,,,ZONE,,20.940000,20.972864,0.022518,0.010347,True,1
9/7/2025 8:00:00 AM,9/7/2025 4:00:00 AM,1,PJM-RTO,,,ZONE,,20.290000,20.444635,0.142050,0.012585,True,1
9/7/2025 8:05:00 AM,9/7/2025 4:05:00 AM,1,PJM-RTO,,,ZONE,,20.630000,20.670653,0.024260,0.016392,True,1
9/7/2025 8:10:00 AM,9/7/2025 4:10:00 AM,1,PJM-RTO,,,ZONE,,20.770000,20.929014,0.142655,0.016359,True,1
9/7/2025 8:15:00 AM,9/7/2025 4:15:00 AM,1,PJM-RTO,,,ZONE,,20.190000,20.203301,0.000000,0.013301,True,1
9/7/2025 8:20:00 AM,9/7/2025 4:20:00 AM,1,PJM-RTO,,,ZONE,,19.160000,19.195058,0.023270,0.011788,True,1
9/7/2025 8:25:00 AM,9/7/2025 4:25:00 AM,1,PJM-RTO,,,ZONE,,19.240000,19.271172,0.021600,0.009572,True,1
9/7/2025 8:30:00 AM,9/7/2025 4:30:00 AM,1,PJM-RTO,,,ZONE,,18.520000,18.548695,0.020031,0.008664,True,1
9/7/2025 8:35:00 AM,9/7/2025 4:35:00 AM,1,PJM-RTO,,,ZONE,,17.930000,17.956594,0.017760,0.008834,True,1
9/7/2025 8:40:00 AM,9/7/2025 4:40:00 AM,1,PJM-RTO,,,ZONE,,20.400000,20.437837,0.024472,0.013365,True,1
9/7/2025 8:45:00 AM,9/7/2025 4:45:00 AM,1,PJM-RTO,,,ZONE,,19.790000,19.796970,0.000000,0.006970,True,1
9/7/2025 8:50:00 AM,9/7/2025 4:50:00 AM,1,PJM-RTO,,,ZONE,,20.620000,20.657489,0.026128,0.011360,True,1
9/7/2025 8:55:00 AM,9/7/2025 4:55:00 AM,1,PJM-RTO,,,ZONE,,18.410000,18.445170,0.018889,0.016281,True,1
9/7/2025 9:00:00 AM,9/7/2025 5:00:00 AM,1,PJM-RTO,,,ZONE,,20.340000,20.411252,0.054445,0.016807,True,1
9/7/2025 9:05:00 AM,9/7/2025 5:05:00 AM,1,PJM-RTO,,,ZONE,,18.570000,18.607568,0.021498,0.016069,True,1
9/7/2025 9:10:00 AM,9/7/2025 5:10:00 AM,1,PJM-RTO,,,ZONE,,18.610000,18.649267,0.026328,0.012938,True,1
9/7/2025 9:15:00 AM,9/7/2025 5:15:00 AM,1,PJM-RTO,,,ZONE,,18.660000,18.671964,0.000000,0.011964,True,1
9/7/2025 9:20:00 AM,9/7/2025 5:20:00 AM,1,PJM-RTO,,,ZONE,,18.880000,18.910774,0.019835,0.010939,True,1
9/7/2025 9:25:00 AM,9/7/2025 5:25:00 AM,1,PJM-RTO,,,ZONE,,20.450000,20.484236,0.024452,0.009784,True,1
9/7/2025 9:30:00 AM,9/7/2025 5:30:00 AM,1,PJM-RTO,,,ZONE,,20.760000,20.794125,0.024161,0.009964,True,1
9/7/2025 9:35:00 AM,9/7/2025 5:35:00 AM,1,PJM-RTO,,,ZONE,,20.370000,20.408752,0.022634,0.016118,True,1
9/7/2025 9:40:00 AM,9/7/2025 5:40:00 AM,1,PJM-RTO,,,ZONE,,20.730000,20.764803,0.023140,0.011663,True,1
9/7/2025 9:45:00 AM,9/7/2025 5:45:00 AM,1,PJM-RTO,,,ZONE,,22.310000,22.350316,0.027326,0.012990,True,1
9/7/2025 9:50:00 AM,9/7/2025 5:50:00 AM,1,PJM-RTO,,,ZONE,,22.150000,22.191017,0.026628,0.014389,True,1
9/7/2025 9:55:00 AM,9/7/2025 5:55:00 AM,1,PJM-RTO,,,ZONE,,17.770000,17.794194,0.016862,0.007331,True,1
9/7/2025 10:00:00 AM,9/7/2025 6:00:00 AM,1,PJM-RTO,,,ZONE,,21.140000,21.180851,0.026203,0.014648,True,1
9/7/2025 10:05:00 AM,9/7/2025 6:05:00 AM,1,PJM-RTO,,,ZONE,,21.000000,21.009940,0.000000,0.009940,True,1
9/7/2025 10:10:00 AM,9/7/2025 6:10:00 AM,1,PJM-RTO,,,ZONE,,22.480000,22.499469,0.000000,0.019469,True,1
9/7/2025 10:15:00 AM,9/7/2025 6:15:00 AM,1,PJM-RTO,,,ZONE,,21.560000,21.596197,0.025947,0.010249,True,1
9/7/2025 10:20:00 AM,9/7/2025 6:20:00 AM,1,PJM-RTO,,,ZONE,,22.940000,22.981797,0.027585,0.014212,True,1
9/7/2025 10:25:00 AM,9/7/2025 6:25:00 AM,1,PJM-RTO,,,ZONE,,25.120000,25.299165,0.166257,0.012907,True,1
9/7/2025 10:30:00 AM,9/7/2025 6:30:00 AM,1,PJM-RTO,,,ZONE,,23.020000,23.067366,0.028407,0.018959,True,1
9/7/2025 10:35:00 AM,9/7/2025 6:35:00 AM,1,PJM-RTO,,,ZONE,,25.050000,25.234158,0.169610,0.014548,True,1
9/7/2025 10:40:00 AM,9/7/2025 6:40:00 AM,1,PJM-RTO,,,ZONE,,22.310000,22.353676,0.028646,0.015030,True,1
9/7/2025 10:45:00 AM,9/7/2025 6:45:00 AM,1,PJM-RTO,,,ZONE,,21.910000,22.077898,0.150348,0.017550,True,1
9/7/2025 10:50:00 AM,9/7/2025 6:50:00 AM,1,PJM-RTO,,,ZONE,,21.130000,21.172867,0.028033,0.014834,True,1
9/7/2025 10:55:00 AM,9/7/2025 6:55:00 AM,1,PJM-RTO,,,ZONE,,20.420000,20.460165,0.027456,0.012710,True,1
9/7/2025 11:00:00 AM,9/7/2025 7:00:00 AM,1,PJM-RTO,,,ZONE,,24.670000,24.719209,0.032509,0.016700,True,1
9/7/2025 11:05:00 AM,9/7/2025 7:05:00 AM,1,PJM-RTO,,,ZONE,,26.090000,26.140076,0.032175,0.017901,True,1
9/7/2025 11:10:00 AM,9/7/2025 7:10:00 AM,1,PJM-RTO,,,ZONE,,21.190000,21.228895,0.024097,0.014798,True,1
9/7/2025 11:15:00 AM,9/7/2025 7:15:00 AM,1,PJM-RTO,,,ZONE,,21.780000,21.815736,0.024380,0.011356,True,1
9/7/2025 11:20:00 AM,9/7/2025 7:20:00 AM,1,PJM-RTO,,,ZONE,,21.790000,21.822874,0.024304,0.008570,True,1
9/7/2025 11:25:00 AM,9/7/2025 7:25:00 AM,1,PJM-RTO,,,ZONE,,22.350000,22.393525,0.024799,0.018726,True,1
9/7/2025 11:30:00 AM,9/7/2025 7:30:00 AM,1,PJM-RTO,,,ZONE,,23.020000,23.064762,0.027036,0.017727,True,1
9/7/2025 11:35:00 AM,9/7/2025 7:35:00 AM,1,PJM-RTO,,,ZONE,,22.340000,22.383123,0.025536,0.017587,True,1
9/7/2025 11:40:00 AM,9/7/2025 7:40:00 AM,1,PJM-RTO,,,ZONE,,24.620000,24.663510,0.032214,0.011296,True,1
9/7/2025 11:45:00 AM,9/7/2025 7:45:00 AM,1,PJM-RTO,,,ZONE,,24.460000,24.506602,0.033316,0.013286,True,1
9/7/2025 11:50:00 AM,9/7/2025 7:50:00 AM,1,PJM-RTO,,,ZONE,,25.530000,25.580511,0.036380,0.014131,True,1
9/7/2025 11:55:00 AM,9/7/2025 7:55:00 AM,1,PJM-RTO,,,ZONE,,24.650000,24.695836,0.033442,0.012395,True,1
9/7/2025 12:00:00 PM,9/7/2025 8:00:00 AM,1,PJM-RTO,,,ZONE,,25.230000,25.279712,0.030241,0.019471,True,1
9/7/2025 12:05:00 PM,9/7/2025 8:05:00 AM,1,PJM-RTO,,,ZONE,,32.360000,32.426193,0.046931,0.019263,True,1
9/7/2025 12:10:00 PM,9/7/2025 8:10:00 AM,1,PJM-RTO,,,ZONE,,28.240000,28.295235,0.032799,0.022437,True,1
9/7/2025 12:15:00 PM,9/7/2025 8:15:00 AM,1,PJM-RTO,,,ZONE,,53.820000,54.127962,0.273749,0.034213,True,1
9/7/2025 12:20:00 PM,9/7/2025 8:20:00 AM,1,PJM-RTO,,,ZONE,,33.640000,33.710820,0.048807,0.022012,True,1
9/7/2025 12:25:00 PM,9/7/2025 8:25:00 AM,1,PJM-RTO,,,ZONE,,32.920000,32.987194,0.046570,0.020623,True,1
9/7/2025 12:30:00 PM,9/7/2025 8:30:00 AM,1,PJM-RTO,,,ZONE,,32.470000,32.539886,0.045781,0.024105,True,1
9/7/2025 12:35:00 PM,9/7/2025 8:35:00 AM,1,PJM-RTO,,,ZONE,,27.010000,27.060498,0.038560,0.011937,True,1
9/7/2025 12:40:00 PM,9/7/2025 8:40:00 AM,1,PJM-RTO,,,ZONE,,25.890000,25.942965,0.033948,0.019018,True,1
9/7/2025 12:45:00 PM,9/7/2025 8:45:00 AM,1,PJM-RTO,,,ZONE,,23.550000,23.595821,0.029567,0.016254,True,1
9/7/2025 12:50:00 PM,9/7/2025 8:50:00 AM,1,PJM-RTO,,,ZONE,,19.260000,19.293399,0.021430,0.011969,True,1
9/7/2025 12:55:00 PM,9/7/2025 8:55:00 AM,1,PJM-RTO,,,ZONE,,20.510000,20.547346,0.023775,0.013571,True,1
9/7/2025 1:00:00 PM,9/7/2025 9:00:00 AM,1,PJM-RTO,,,ZONE,,22.290000,22.329012,0.024593,0.014419,True,1
9/7/2025 1:05:00 PM,9/7/2025 9:05:00 AM,1,PJM-RTO,,,ZONE,,22.450000,22.484345,0.023583,0.010762,True,1
9/7/2025 1:10:00 PM,9/7/2025 9:10:00 AM,1,PJM-RTO,,,ZONE,,20.860000,20.897456,0.020509,0.016948,True,1
9/7/2025 1:15:00 PM,9/7/2025 9:15:00 AM,1,PJM-RTO,,,ZONE,,21.300000,21.335443,0.022827,0.012616,True,1
9/7/2025 1:20:00 PM,9/7/2025 9:20:00 AM,1,PJM-RTO,,,ZONE,,21.050000,21.084297,0.022077,0.012220,True,1
9/7/2025 1:25:00 PM,9/7/2025 9:25:00 AM,1,PJM-RTO,,,ZONE,,23.610000,23.621676,0.000000,0.011676,True,1
9/7/2025 1:30:00 PM,9/7/2025 9:30:00 AM,1,PJM-RTO,,,ZONE,,23.600000,23.615399,0.000000,0.015399,True,1
9/7/2025 1:35:00 PM,9/7/2025 9:35:00 AM,1,PJM-RTO,,,ZONE,,22.470000,22.482430,0.000000,0.012430,True,1
9/7/2025 1:40:00 PM,9/7/2025 9:40:00 AM,1,PJM-RTO,,,ZONE,,21.000000,21.013170,0.000000,0.013170,True,1
9/7/2025 1:45:00 PM,9/7/2025 9:45:00 AM,1,PJM-RTO,,,ZONE,,26.390000,26.401065,0.000000,0.011065,True,1
9/7/2025 1:50:00 PM,9/7/2025 9:50:00 AM,1,PJM-RTO,,,ZONE,,23.590000,23.601523,0.000000,0.011523,True,1
9/7/2025 1:55:00 PM,9/7/2025 9:55:00 AM,1,PJM-RTO,,,ZONE,,21.200000,21.212722,0.000000,0.012722,True,1
9/7/2025 2:00:00 PM,9/7/2025 10:00:00 AM,1,PJM-RTO,,,ZONE,,23.550000,23.560009,0.000000,0.010009,True,1
9/7/2025 2:05:00 PM,9/7/2025 10:05:00 AM,1,PJM-RTO,,,ZONE,,23.480000,23.494456,0.000000,0.014456,True,1
9/7/2025 2:10:00 PM,9/7/2025 10:10:00 AM,1,PJM-RTO,,,ZONE,,25.580000,25.620476,0.029197,0.011278,True,1
9/7/2025 2:15:00 PM,9/7/2025 10:15:00 AM,1,PJM-RTO,,,ZONE,,25.520000,25.531671,0.000000,0.011671,True,1
9/7/2025 2:20:00 PM,9/7/2025 10:20:00 AM,1,PJM-RTO,,,ZONE,,26.970000,26.986044,0.000000,0.016044,True,1
9/7/2025 2:25:00 PM,9/7/2025 10:25:00 AM,1,PJM-RTO,,,ZONE,,26.970000,26.985380,0.000000,0.015380,True,1
9/7/2025 2:30:00 PM,9/7/2025 10:30:00 AM,1,PJM-RTO,,,ZONE,,23.590000,23.606804,0.000000,0.016804,True,1
9/7/2025 2:35:00 PM,9/7/2025 10:35:00 AM,1,PJM-RTO,,,ZONE,,23.640000,23.650229,0.000000,0.010229,True,1
9/7/2025 2:40:00 PM,9/7/2025 10:40:00 AM,1,PJM-RTO,,,ZONE,,26.680000,26.696681,0.000000,0.016681,True,1
9/7/2025 2:45:00 PM,9/7/2025 10:45:00 AM,1,PJM-RTO,,,ZONE,,25.950000,25.967141,0.000000,0.017141,True,1
9/7/2025 2:50:00 PM,9/7/2025 10:50:00 AM,1,PJM-RTO,,,ZONE,,23.560000,23.574473,0.000000,0.014473,True,1
9/7/2025 2:55:00 PM,9/7/2025 10:55:00 AM,1,PJM-RTO,,,ZONE,,28.130000,28.145132,0.000000,0.015132,True,1
9/7/2025 3:00:00 PM,9/7/2025 11:00:00 AM,1,PJM-RTO,,,ZONE,,26.260000,26.271171,0.000000,0.011171,True,1
9/7/2025 3:05:00 PM,9/7/2025 11:05:00 AM,1,PJM-RTO,,,ZONE,,25.580000,25.597970,0.000000,0.017970,True,1
9/7/2025 3:10:00 PM,9/7/2025 11:10:00 AM,1,PJM-RTO,,,ZONE,,22.910000,22.920851,0.000000,0.010851,True,1
9/7/2025 3:15:00 PM,9/7/2025 11:15:00 AM,1,PJM-RTO,,,ZONE,,22.080000,22.091898,0.000000,0.011898,True,1
9/7/2025 3:20:00 PM,9/7/2025 11:20:00 AM,1,PJM-RTO,,,ZONE,,21.150000,21.162876,0.000000,0.012876,True,1
9/7/2025 3:25:00 PM,9/7/2025 11:25:00 AM,1,PJM-RTO,,,ZONE,,20.740000,20.752757,0.000000,0.012757,True,1
9/7/2025 3:30:00 PM,9/7/2025 11:30:00 AM,1,PJM-RTO,,,ZONE,,19.800000,19.806733,0.000000,0.006733,True,1
9/7/2025 3:35:00 PM,9/7/2025 11:35:00 AM,1,PJM-RTO,,,ZONE,,19.830000,19.841093,0.000000,0.011093,True,1
9/7/2025 3:40:00 PM,9/7/2025 11:40:00 AM,1,PJM-RTO,,,ZONE,,20.010000,20.020219,0.000000,0.010219,True,1
9/7/2025 3:45:00 PM,9/7/2025 11:45:00 AM,1,PJM-RTO,,,ZONE,,19.690000,19.699454,0.000000,0.009454,True,1
9/7/2025 3:50:00 PM,9/7/2025 11:50:00 AM,1,PJM-RTO,,,ZONE,,19.570000,19.581021,0.000000,0.011021,True,1
9/7/2025 3:55:00 PM,9/7/2025 11:55:00 AM,1,PJM-RTO,,,ZONE,,20.170000,20.181903,0.000000,0.011903,True,1
9/7/2025 4:00:00 PM,9/7/2025 12:00:00 PM,1,PJM-RTO,,,ZONE,,20.550000,20.561605,0.000000,0.011605,True,1
9/7/2025 4:05:00 PM,9/7/2025 12:05:00 PM,1,PJM-RTO,,,ZONE,,20.680000,20.696988,0.000000,0.016988,True,1
9/7/2025 4:10:00 PM,9/7/2025 12:10:00 PM,1,PJM-RTO,,,ZONE,,19.380000,19.388478,0.000000,0.008478,True,1
9/7/2025 4:15:00 PM,9/7/2025 12:15:00 PM,1,PJM-RTO,,,ZONE,,19.420000,19.432024,0.000000,0.012024,True,1
9/7/2025 4:20:00 PM,9/7/2025 12:20:00 PM,1,PJM-RTO,,,ZONE,,26.750000,26.761369,0.000000,0.011369,True,1
9/7/2025 4:25:00 PM,9/7/2025 12:25:00 PM,1,PJM-RTO,,,ZONE,,27.150000,27.161207,0.000000,0.011207,True,1
9/7/2025 4:30:00 PM,9/7/2025 12:30:00 PM,1,PJM-RTO,,,ZONE,,26.600000,26.613747,0.000000,0.013747,True,1
9/7/2025 4:35:00 PM,9/7/2025 12:35:00 PM,1,PJM-RTO,,,ZONE,,26.140000,26.151701,0.000000,0.011701,True,1
9/7/2025 4:40:00 PM,9/7/2025 12:40:00 PM,1,PJM-RTO,,,ZONE,,23.650000,23.667875,0.000000,0.017875,True,1
9/7/2025 4:45:00 PM,9/7/2025 12:45:00 PM,1,PJM-RTO,,,ZONE,,24.540000,24.552573,0.000000,0.012573,True,1
9/7/2025 4:50:00 PM,9/7/2025 12:50:00 PM,1,PJM-RTO,,,ZONE,,20.810000,20.818834,0.000000,0.008834,True,1
9/7/2025 4:55:00 PM,9/7/2025 12:55:00 PM,1,PJM-RTO,,,ZONE,,20.860000,20.872221,0.000000,0.012221,True,1
9/7/2025 5:00:00 PM,9/7/2025 1:00:00 PM,1,PJM-RTO,,,ZONE,,21.270000,21.279846,0.000000,0.009846,True,1
9/7/2025 5:05:00 PM,9/7/2025 1:05:00 PM,1,PJM-RTO,,,ZONE,,20.770000,20.781680,0.000000,0.011680,True,1
9/7/2025 5:10:00 PM,9/7/2025 1:10:00 PM,1,PJM-RTO,,,ZONE,,21.220000,21.231038,0.000000,0.011038,True,1
9/7/2025 5:15:00 PM,9/7/2025 1:15:00 PM,1,PJM-RTO,,,ZONE,,21.500000,21.519079,0.000000,0.019079,True,1
9/7/2025 5:20:00 PM,9/7/2025 1:20:00 PM,1,PJM-RTO,,,ZONE,,26.570000,26.608220,0.020395,0.017824,True,1
9/7/2025 5:25:00 PM,9/7/2025 1:25:00 PM,1,PJM-RTO,,,ZONE,,19.160000,19.174215,0.005277,0.008938,True,1
9/7/2025 5:30:00 PM,9/7/2025 1:30:00 PM,1,PJM-RTO,,,ZONE,,21.030000,21.042014,0.000000,0.012014,True,1
9/7/2025 5:35:00 PM,9/7/2025 1:35:00 PM,1,PJM-RTO,,,ZONE,,21.340000,21.351902,0.000000,0.011902,True,1
9/7/2025 5:40:00 PM,9/7/2025 1:40:00 PM,1,PJM-RTO,,,ZONE,,26.110000,26.296108,0.165367,0.020742,True,1
9/7/2025 5:45:00 PM,9/7/2025 1:45:00 PM,1,PJM-RTO,,,ZONE,,22.850000,22.862036,0.000000,0.012036,True,1
9/7/2025 5:50:00 PM,9/7/2025 1:50:00 PM,1,PJM-RTO,,,ZONE,,22.990000,23.006690,0.000000,0.016690,True,1
9/7/2025 5:55:00 PM,9/7/2025 1:55:00 PM,1,PJM-RTO,,,ZONE,,22.750000,22.767270,0.000000,0.017270,True,1
9/7/2025 6:00:00 PM,9/7/2025 2:00:00 PM,1,PJM-RTO,,,ZONE,,10.140000,10.150165,0.000000,0.010165,True,1
9/7/2025 6:05:00 PM,9/7/2025 2:05:00 PM,1,PJM-RTO,,,ZONE,,21.090000,21.126802,0.025139,0.011663,True,1
9/7/2025 6:10:00 PM,9/7/2025 2:10:00 PM,1,PJM-RTO,,,ZONE,,18.970000,18.987182,0.005338,0.011844,True,1
9/7/2025 6:15:00 PM,9/7/2025 2:15:00 PM,1,PJM-RTO,,,ZONE,,19.600000,19.667936,0.057087,0.010849,True,1
9/7/2025 6:20:00 PM,9/7/2025 2:20:00 PM,1,PJM-RTO,,,ZONE,,19.080000,19.095830,0.000000,0.015830,True,1
9/7/2025 6:25:00 PM,9/7/2025 2:25:00 PM,1,PJM-RTO,,,ZONE,,18.860000,18.884227,0.013984,0.010243,True,1
9/7/2025 6:30:00 PM,9/7/2025 2:30:00 PM,1,PJM-RTO,,,ZONE,,19.130000,19.143656,0.000000,0.013656,True,1
9/7/2025 6:35:00 PM,9/7/2025 2:35:00 PM,1,PJM-RTO,,,ZONE,,19.900000,19.921025,0.009282,0.011744,True,1
9/7/2025 6:40:00 PM,9/7/2025 2:40:00 PM,1,PJM-RTO,,,ZONE,,25.100000,25.124494,0.006386,0.018108,True,1
9/7/2025 6:45:00 PM,9/7/2025 2:45:00 PM,1,PJM-RTO,,,ZONE,,22.340000,22.363762,0.008293,0.015469,True,1
9/7/2025 6:50:00 PM,9/7/2025 2:50:00 PM,1,PJM-RTO,,,ZONE,,23.030000,23.057868,0.016177,0.011692,True,1
9/7/2025 6:55:00 PM,9/7/2025 2:55:00 PM,1,PJM-RTO,,,ZONE,,23.340000,23.367562,0.012134,0.015428,True,1
9/7/2025 7:00:00 PM,9/7/2025 3:00:00 PM,1,PJM-RTO,,,ZONE,,21.780000,21.812182,0.023463,0.008720,True,1
9/7/2025 7:05:00 PM,9/7/2025 3:05:00 PM,1,PJM-RTO,,,ZONE,,20.170000,20.203843,0.016744,0.017099,True,1
9/7/2025 7:10:00 PM,9/7/2025 3:10:00 PM,1,PJM-RTO,,,ZONE,,20.130000,20.163245,0.018676,0.014569,True,1
9/7/2025 7:15:00 PM,9/7/2025 3:15:00 PM,1,PJM-RTO,,,ZONE,,21.800000,21.827314,0.012209,0.015106,True,1
9/7/2025 7:20:00 PM,9/7/2025 3:20:00 PM,1,PJM-RTO,,,ZONE,,21.840000,21.862283,0.011791,0.010492,True,1
9/7/2025 7:25:00 PM,9/7/2025 3:25:00 PM,1,PJM-RTO,,,ZONE,,21.430000,21.470185,0.029208,0.010977,True,1
9/7/2025 7:30:00 PM,9/7/2025 3:30:00 PM,1,PJM-RTO,,,ZONE,,20.490000,20.523167,0.021622,0.011545,True,1
9/7/2025 7:35:00 PM,9/7/2025 3:35:00 PM,1,PJM-RTO,,,ZONE,,22.560000,22.596308,0.026593,0.009715,True,1
9/7/2025 7:40:00 PM,9/7/2025 3:40:00 PM,1,PJM-RTO,,,ZONE,,22.030000,22.072536,0.031722,0.010813,True,1
9/7/2025 7:45:00 PM,9/7/2025 3:45:00 PM,1,PJM-RTO,,,ZONE,,24.540000,24.611887,0.056554,0.015333,True,1
9/7/2025 7:50:00 PM,9/7/2025 3:50:00 PM,1,PJM-RTO,,,ZONE,,24.510000,24.559495,0.037474,0.012021,True,1
9/7/2025 7:55:00 PM,9/7/2025 3:55:00 PM,1,PJM-RTO,,,ZONE,,21.200000,21.254423,0.037887,0.016536,True,1
9/7/2025 8:00:00 PM,9/7/2025 4:00:00 PM,1,PJM-RTO,,,ZONE,,21.330000,21.377369,0.032513,0.014855,True,1
9/7/2025 8:05:00 PM,9/7/2025 4:05:00 PM,1,PJM-RTO,,,ZONE,,21.340000,21.383198,0.032310,0.010888,True,1
9/7/2025 8:10:00 PM,9/7/2025 4:10:00 PM,1,PJM-RTO,,,ZONE,,27.340000,27.420837,0.060187,0.020651,True,1
9/7/2025 8:15:00 PM,9/7/2025 4:15:00 PM,1,PJM-RTO,,,ZONE,,23.940000,23.977391,0.027244,0.010147,True,1
9/7/2025 8:20:00 PM,9/7/2025 4:20:00 PM,1,PJM-RTO,,,ZONE,,27.300000,27.379840,0.061588,0.018252,True,1
9/7/2025 8:25:00 PM,9/7/2025 4:25:00 PM,1,PJM-RTO,,,ZONE,,23.530000,23.568263,0.022498,0.015765,True,1
9/7/2025 8:30:00 PM,9/7/2025 4:30:00 PM,1,PJM-RTO,,,ZONE,,21.990000,22.034667,0.028947,0.015719,True,1
9/7/2025 8:35:00 PM,9/7/2025 4:35:00 PM,1,PJM-RTO,,,ZONE,,24.500000,24.530295,0.012917,0.017378,True,1
9/7/2025 8:40:00 PM,9/7/2025 4:40:00 PM,1,PJM-RTO,,,ZONE,,23.360000,23.397671,0.024558,0.013114,True,1
9/7/2025 8:45:00 PM,9/7/2025 4:45:00 PM,1,PJM-RTO,,,ZONE,,29.580000,29.665595,0.067689,0.017906,True,1
9/7/2025 8:50:00 PM,9/7/2025 4:50:00 PM,1,PJM-RTO,,,ZONE,,36.360000,36.467057,0.078041,0.029016,True,1
9/7/2025 8:55:00 PM,9/7/2025 4:55:00 PM,1,PJM-RTO,,,ZONE,,26.070000,26.121715,0.037557,0.014158,True,1
9/7/2025 9:00:00 PM,9/7/2025 5:00:00 PM,1,PJM-RTO,,,ZONE,,24.990000,25.033628,0.031879,0.011749,True,1
9/7/2025 9:05:00 PM,9/7/2025 5:05:00 PM,1,PJM-RTO,,,ZONE,,28.180000,28.219134,0.026110,0.013024,True,1
9/7/2025 9:10:00 PM,9/7/2025 5:10:00 PM,1,PJM-RTO,,,ZONE,,24.860000,24.905235,0.027728,0.017507,True,1
9/7/2025 9:15:00 PM,9/7/2025 5:15:00 PM,1,PJM-RTO,,,ZONE,,23.500000,23.511929,0.000000,0.011929,True,1
9/7/2025 9:20:00 PM,9/7/2025 5:20:00 PM,1,PJM-RTO,,,ZONE,,23.300000,23.329653,0.015144,0.014510,True,1
9/7/2025 9:25:00 PM,9/7/2025 5:25:00 PM,1,PJM-RTO,,,ZONE,,26.080000,26.093301,0.000000,0.013301,True,1
9/7/2025 9:30:00 PM,9/7/2025 5:30:00 PM,1,PJM-RTO,,,ZONE,,26.820000,26.834978,0.000000,0.014978,True,1
9/7/2025 9:35:00 PM,9/7/2025 5:35:00 PM,1,PJM-RTO,,,ZONE,,23.290000,23.343351,0.043992,0.009359,True,1
9/7/2025 9:40:00 PM,9/7/2025 5:40:00 PM,1,PJM-RTO,,,ZONE,,23.250000,23.281954,0.013382,0.018571,True,1
9/7/2025 9:45:00 PM,9/7/2025 5:45:00 PM,1,PJM-RTO,,,ZONE,,25.380000,25.416787,0.025849,0.010938,True,1
9/7/2025 9:50:00 PM,9/7/2025 5:50:00 PM,1,PJM-RTO,,,ZONE,,28.050000,28.084131,0.022489,0.011642,True,1
9/7/2025 9:55:00 PM,9/7/2025 5:55:00 PM,1,PJM-RTO,,,ZONE,,27.090000,27.133863,0.027679,0.016184,True,1
9/7/2025 10:00:00 PM,9/7/2025 6:00:00 PM,1,PJM-RTO,,,ZONE,,26.850000,26.899361,0.034291,0.015070,True,1
9/7/2025 10:05:00 PM,9/7/2025 6:05:00 PM,1,PJM-RTO,,,ZONE,,26.700000,26.717363,0.004480,0.012883,True,1
9/7/2025 10:10:00 PM,9/7/2025 6:10:00 PM,1,PJM-RTO,,,ZONE,,27.360000,27.409265,0.033242,0.016022,True,1
9/7/2025 10:15:00 PM,9/7/2025 6:15:00 PM,1,PJM-RTO,,,ZONE,,26.630000,26.674695,0.031456,0.013239,True,1
9/7/2025 10:20:00 PM,9/7/2025 6:20:00 PM,1,PJM-RTO,,,ZONE,,26.270000,26.314898,0.028500,0.016398,True,1
9/7/2025 10:25:00 PM,9/7/2025 6:25:00 PM,1,PJM-RTO,,,ZONE,,30.680000,30.737439,0.039706,0.017733,True,1
9/7/2025 10:30:00 PM,9/7/2025 6:30:00 PM,1,PJM-RTO,,,ZONE,,27.050000,27.093264,0.031374,0.011890,True,1
9/7/2025 10:35:00 PM,9/7/2025 6:35:00 PM,1,PJM-RTO,,,ZONE,,29.550000,29.596142,0.034736,0.011406,True,1
9/7/2025 10:40:00 PM,9/7/2025 6:40:00 PM,1,PJM-RTO,,,ZONE,,48.430000,48.530137,0.070853,0.029283,True,1
9/7/2025 10:45:00 PM,9/7/2025 6:45:00 PM,1,PJM-RTO,,,ZONE,,48.200000,48.295468,0.069221,0.026246,True,1
9/7/2025 10:50:00 PM,9/7/2025 6:50:00 PM,1,PJM-RTO,,,ZONE,,33.760000,33.815888,0.038598,0.017290,True,1
9/7/2025 10:55:00 PM,9/7/2025 6:55:00 PM,1,PJM-RTO,,,ZONE,,155.480000,155.835047,0.261015,0.094031,True,1
9/7/2025 11:00:00 PM,9/7/2025 7:00:00 PM,1,PJM-RTO,,,ZONE,,40.610000,40.686383,0.056465,0.019918,True,1
9/7/2025 11:05:00 PM,9/7/2025 7:05:00 PM,1,PJM-RTO,,,ZONE,,46.000000,46.086805,0.067120,0.019685,True,1
9/7/2025 11:10:00 PM,9/7/2025 7:10:00 PM,1,PJM-RTO,,,ZONE,,90.690000,90.774414,0.040891,0.043522,True,1
9/7/2025 11:15:00 PM,9/7/2025 7:15:00 PM,1,PJM-RTO,,,ZONE,,88.200000,88.538049,0.293232,0.044817,True,1
9/7/2025 11:20:00 PM,9/7/2025 7:20:00 PM,1,PJM-RTO,,,ZONE,,44.290000,44.383940,0.063727,0.030213,True,1
9/7/2025 11:25:00 PM,9/7/2025 7:25:00 PM,1,PJM-RTO,,,ZONE,,45.850000,46.004572,0.131079,0.023493,True,1
9/7/2025 11:30:00 PM,9/7/2025 7:30:00 PM,1,PJM-RTO,,,ZONE,,73.000000,73.158273,0.115092,0.043181,True,1
9/7/2025 11:35:00 PM,9/7/2025 7:35:00 PM,1,PJM-RTO,,,ZONE,,41.830000,41.989614,0.132704,0.026910,True,1
9/7/2025 11:40:00 PM,9/7/2025 7:40:00 PM,1,PJM-RTO,,,ZONE,,43.050000,43.312310,0.242340,0.019970,True,1
9/7/2025 11:45:00 PM,9/7/2025 7:45:00 PM,1,PJM-RTO,,,ZONE,,90.430000,90.576179,0.096858,0.049321,True,1
9/7/2025 11:50:00 PM,9/7/2025 7:50:00 PM,1,PJM-RTO,,,ZONE,,103.430000,103.495601,0.006293,0.059308,True,1
9/7/2025 11:55:00 PM,9/7/2025 7:55:00 PM,1,PJM-RTO,,,ZONE,,91.690000,91.750686,0.001721,0.058966,True,1
9/8/2025 12:00:00 AM,9/7/2025 8:00:00 PM,1,PJM-RTO,,,ZONE,,73.100000,73.273897,0.135341,0.038556,True,1
9/8/2025 12:05:00 AM,9/7/2025 8:05:00 PM,1,PJM-RTO,,,ZONE,,108.130000,108.400481,0.214968,0.055513,True,1
9/8/2025 12:10:00 AM,9/7/2025 8:10:00 PM,1,PJM-RTO,,,ZONE,,53.190000,53.558207,0.341683,0.026523,True,1
9/8/2025 12:15:00 AM,9/7/2025 8:15:00 PM,1,PJM-RTO,,,ZONE,,88.040000,88.103368,0.014562,0.048805,True,1
9/8/2025 12:20:00 AM,9/7/2025 8:20:00 PM,1,PJM-RTO,,,ZONE,,57.390000,57.482199,0.059676,0.032523,True,1
9/8/2025 12:25:00 AM,9/7/2025 8:25:00 PM,1,PJM-RTO,,,ZONE,,27.270000,27.317030,0.031139,0.015890,True,1
9/8/2025 12:30:00 AM,9/7/2025 8:30:00 PM,1,PJM-RTO,,,ZONE,,32.000000,32.052426,0.040156,0.012270,True,1
9/8/2025 12:35:00 AM,9/7/2025 8:35:00 PM,1,PJM-RTO,,,ZONE,,28.350000,28.396166,0.028688,0.017479,True,1
9/8/2025 12:40:00 AM,9/7/2025 8:40:00 PM,1,PJM-RTO,,,ZONE,,27.100000,27.141247,0.030166,0.011081,True,1
9/8/2025 12:45:00 AM,9/7/2025 8:45:00 PM,1,PJM-RTO,,,ZONE,,25.500000,25.536126,0.026394,0.009732,True,1
9/8/2025 12:50:00 AM,9/7/2025 8:50:00 PM,1,PJM-RTO,,,ZONE,,25.750000,25.792622,0.028049,0.014573,True,1
9/8/2025 12:55:00 AM,9/7/2025 8:55:00 PM,1,PJM-RTO,,,ZONE,,24.490000,24.531094,0.028864,0.012229,True,1
9/8/2025 1:00:00 AM,9/7/2025 9:00:00 PM,1,PJM-RTO,,,ZONE,,27.040000,27.137534,0.087939,0.009595,True,1
9/8/2025 1:05:00 AM,9/7/2025 9:05:00 PM,1,PJM-RTO,,,ZONE,,31.230000,31.441950,0.191057,0.020893,True,1
9/8/2025 1:10:00 AM,9/7/2025 9:10:00 PM,1,PJM-RTO,,,ZONE,,27.750000,27.965032,0.201931,0.013101,True,1
9/8/2025 1:15:00 AM,9/7/2025 9:15:00 PM,1,PJM-RTO,,,ZONE,,29.170000,29.353658,0.173304,0.010354,True,1
9/8/2025 1:20:00 AM,9/7/2025 9:20:00 PM,1,PJM-RTO,,,ZONE,,27.650000,27.752213,0.086449,0.015764,True,1
9/8/2025 1:25:00 AM,9/7/2025 9:25:00 PM,1,PJM-RTO,,,ZONE,,29.030000,29.181599,0.135817,0.015782,True,1
9/8/2025 1:30:00 AM,9/7/2025 9:30:00 PM,1,PJM-RTO,,,ZONE,,24.010000,24.090655,0.069581,0.011074,True,1
9/8/2025 1:35:00 AM,9/7/2025 9:35:00 PM,1,PJM-RTO,,,ZONE,,28.680000,28.739329,0.045243,0.014086,True,1
9/8/2025 1:40:00 AM,9/7/2025 9:40:00 PM,1,PJM-RTO,,,ZONE,,32.820000,32.896148,0.062536,0.013612,True,1
9/8/2025 1:45:00 AM,9/7/2025 9:45:00 PM,1,PJM-RTO,,,ZONE,,30.420000,30.492086,0.058493,0.013593,True,1
9/8/2025 1:50:00 AM,9/7/2025 9:50:00 PM,1,PJM-RTO,,,ZONE,,26.230000,26.292304,0.046898,0.015406,True,1
9/8/2025 1:55:00 AM,9/7/2025 9:55:00 PM,1,PJM-RTO,,,ZONE,,29.740000,29.842769,0.083551,0.019218,True,1
9/8/2025 2:00:00 AM,9/7/2025 10:00:00 PM,1,PJM-RTO,,,ZONE,,35.670000,35.907284,0.217380,0.019904,True,1
9/8/2025 2:05:00 AM,9/7/2025 10:05:00 PM,1,PJM-RTO,,,ZONE,,30.320000,30.455758,0.116919,0.018839,True,1
9/8/2025 2:10:00 AM,9/7/2025 10:10:00 PM,1,PJM-RTO,,,ZONE,,25.140000,25.488068,0.328559,0.019509,True,1
9/8/2025 2:15:00 AM,9/7/2025 10:15:00 PM,1,PJM-RTO,,,ZONE,,18.920000,18.955060,0.021612,0.013448,True,1
9/8/2025 2:20:00 AM,9/7/2025 10:20:00 PM,1,PJM-RTO,,,ZONE,,25.570000,25.739331,0.157863,0.011468,True,1
9/8/2025 2:25:00 AM,9/7/2025 10:25:00 PM,1,PJM-RTO,,,ZONE,,18.820000,18.857256,0.026849,0.010407,True,1
9/8/2025 2:30:00 AM,9/7/2025 10:30:00 PM,1,PJM-RTO,,,ZONE,,21.920000,21.982038,0.050364,0.011674,True,1
9/8/2025 2:35:00 AM,9/7/2025 10:35:00 PM,1,PJM-RTO,,,ZONE,,19.460000,19.494339,0.023616,0.010723,True,1
9/8/2025 2:40:00 AM,9/7/2025 10:40:00 PM,1,PJM-RTO,,,ZONE,,21.780000,21.827538,0.036033,0.011504,True,1
9/8/2025 2:45:00 AM,9/7/2025 10:45:00 PM,1,PJM-RTO,,,ZONE,,20.320000,20.349006,0.017994,0.011012,True,1
9/8/2025 2:50:00 AM,9/7/2025 10:50:00 PM,1,PJM-RTO,,,ZONE,,19.500000,19.532218,0.024507,0.007711,True,1
9/8/2025 2:55:00 AM,9/7/2025 10:55:00 PM,1,PJM-RTO,,,ZONE,,24.780000,24.935569,0.139029,0.016541,True,1
9/8/2025 3:00:00 AM,9/7/2025 11:00:00 PM,1,PJM-RTO,,,ZONE,,23.290000,23.358374,0.054552,0.013822,True,1
9/8/2025 3:05:00 AM,9/7/2025 11:05:00 PM,1,PJM-RTO,,,ZONE,,26.480000,26.545103,0.045029,0.020074,True,1
9/8/2025 3:10:00 AM,9/7/2025 11:10:00 PM,1,PJM-RTO,,,ZONE,,20.890000,20.940237,0.036326,0.013912,True,1
9/8/2025 3:15:00 AM,9/7/2025 11:15:00 PM,1,PJM-RTO,,,ZONE,,20.890000,20.940237,0.036326,0.013912,True,1
9/8/2025 3:20:00 AM,9/7/2025 11:20:00 PM,1,PJM-RTO,,,ZONE,,23.490000,23.693395,0.185628,0.017767,True,1
9/8/2025 3:25:00 AM,9/7/2025 11:25:00 PM,1,PJM-RTO,,,ZONE,,25.000000,25.072241,0.054957,0.017284,True,1
9/8/2025 3:30:00 AM,9/7/2025 11:30:00 PM,1,PJM-RTO,,,ZONE,,23.960000,24.141980,0.169649,0.012331,True,1
9/8/2025 3:35:00 AM,9/7/2025 11:35:00 PM,1,PJM-RTO,,,ZONE,,16.250000,16.285849,0.026580,0.009270,True,1
9/8/2025 3:40:00 AM,9/7/2025 11:40:00 PM,1,PJM-RTO,,,ZONE,,16.250000,16.363464,0.103595,0.009869,True,1
9/8/2025 3:45:00 AM,9/7/2025 11:45:00 PM,1,PJM-RTO,,,ZONE,,18.130000,18.171177,0.031964,0.009213,True,1
9/8/2025 3:50:00 AM,9/7/2025 11:50:00 PM,1,PJM-RTO,,,ZONE,,15.750000,15.794672,0.032877,0.011795,True,1
9/8/2025 3:55:00 AM,9/7/2025 11:55:00 PM,1,PJM-RTO,,,ZONE,,23.390000,23.608109,0.201572,0.016537,True,1
9/8/2025 4:00:00 AM,9/8/2025 12:00:00 AM,1,PJM-RTO,,,ZONE,,21.680000,21.733304,0.041986,0.011318,True,1
9/8/2025 4:05:00 AM,9/8/2025 12:05:00 AM,1,PJM-RTO,,,ZONE,,21.070000,21.239716,0.156989,0.012727,True,1
9/8/2025 4:10:00 AM,9/8/2025 12:10:00 AM,1,PJM-RTO,,,ZONE,,19.680000,19.708743,0.014859,0.013884,True,1
9/8/2025 4:15:00 AM,9/8/2025 12:15:00 AM,1,PJM-RTO,,,ZONE,,24.160000,24.364326,0.186775,0.017551,True,1
9/8/2025 4:20:00 AM,9/8/2025 12:20:00 AM,1,PJM-RTO,,,ZONE,,19.570000,19.614505,0.035592,0.008913,True,1
9/8/2025 4:25:00 AM,9/8/2025 12:25:00 AM,1,PJM-RTO,,,ZONE,,21.690000,21.750592,0.052330,0.008262,True,1
9/8/2025 4:30:00 AM,9/8/2025 12:30:00 AM,1,PJM-RTO,,,ZONE,,16.880000,16.924458,0.033401,0.011057,True,1
9/8/2025 4:35:00 AM,9/8/2025 12:35:00 AM,1,PJM-RTO,,,ZONE,,19.480000,19.566087,0.073681,0.012407,True,1
9/8/2025 4:40:00 AM,9/8/2025 12:40:00 AM,1,PJM-RTO,,,ZONE,,18.860000,18.922294,0.052927,0.009367,True,1
9/8/2025 4:45:00 AM,9/8/2025 12:45:00 AM,1,PJM-RTO,,,ZONE,,18.080000,18.264863,0.171655,0.013209,True,1
9/8/2025 4:50:00 AM,9/8/2025 12:50:00 AM,1,PJM-RTO,,,ZONE,,17.290000,17.363934,0.066632,0.007303,True,1
9/8/2025 4:55:00 AM,9/8/2025 12:55:00 AM,1,PJM-RTO,,,ZONE,,23.630000,23.834297,0.189437,0.014860,True,1
9/8/2025 5:00:00 AM,9/8/2025 1:00:00 AM,1,PJM-RTO,,,ZONE,,18.140000,18.203481,0.049059,0.014421,True,1
9/8/2025 5:05:00 AM,9/8/2025 1:05:00 AM,1,PJM-RTO,,,ZONE,,20.380000,20.573804,0.184606,0.009197,True,1
9/8/2025 5:10:00 AM,9/8/2025 1:10:00 AM,1,PJM-RTO,,,ZONE,,21.510000,21.706069,0.178510,0.017559,True,1
9/8/2025 5:15:00 AM,9/8/2025 1:15:00 AM,1,PJM-RTO,,,ZONE,,19.360000,19.567367,0.190731,0.016636,True,1
9/8/2025 5:20:00 AM,9/8/2025 1:20:00 AM,1,PJM-RTO,,,ZONE,,19.230000,19.437726,0.194312,0.013414,True,1
9/8/2025 5:25:00 AM,9/8/2025 1:25:00 AM,1,PJM-RTO,,,ZONE,,19.010000,19.059144,0.043185,0.005959,True,1
9/8/2025 5:30:00 AM,9/8/2025 1:30:00 AM,1,PJM-RTO,,,ZONE,,18.940000,19.001900,0.050133,0.011767,True,1
9/8/2025 5:35:00 AM,9/8/2025 1:35:00 AM,1,PJM-RTO,,,ZONE,,18.070000,18.171747,0.091111,0.010636,True,1
9/8/2025 5:40:00 AM,9/8/2025 1:40:00 AM,1,PJM-RTO,,,ZONE,,19.360000,19.535894,0.166860,0.009033,True,1
9/8/2025 5:45:00 AM,9/8/2025 1:45:00 AM,1,PJM-RTO,,,ZONE,,16.840000,16.912019,0.064530,0.007489,True,1
9/8/2025 5:50:00 AM,9/8/2025 1:50:00 AM,1,PJM-RTO,,,ZONE,,18.480000,18.536498,0.047391,0.009107,True,1
9/8/2025 5:55:00 AM,9/8/2025 1:55:00 AM,1,PJM-RTO,,,ZONE,,19.750000,19.797199,0.035496,0.011703,True,1
9/8/2025 6:00:00 AM,9/8/2025 2:00:00 AM,1,PJM-RTO,,,ZONE,,17.430000,17.487197,0.046591,0.010607,True,1
9/8/2025 6:05:00 AM,9/8/2025 2:05:00 AM,1,PJM-RTO,,,ZONE,,25.160000,25.395328,0.221148,0.014180,True,1
9/8/2025 6:10:00 AM,9/8/2025 2:10:00 AM,1,PJM-RTO,,,ZONE,,18.100000,18.147042,0.034455,0.012587,True,1
9/8/2025 6:15:00 AM,9/8/2025 2:15:00 AM,1,PJM-RTO,,,ZONE,,20.280000,20.359363,0.062781,0.016581,True,1
9/8/2025 6:20:00 AM,9/8/2025 2:20:00 AM,1,PJM-RTO,,,ZONE,,17.860000,17.937757,0.070300,0.007457,True,1
9/8/2025 6:25:00 AM,9/8/2025 2:25:00 AM,1,PJM-RTO,,,ZONE,,17.660000,17.845880,0.177683,0.008197,True,1
9/8/2025 6:30:00 AM,9/8/2025 2:30:00 AM,1,PJM-RTO,,,ZONE,,18.340000,18.543667,0.192171,0.011496,True,1
9/8/2025 6:35:00 AM,9/8/2025 2:35:00 AM,1,PJM-RTO,,,ZONE,,15.730000,15.867569,0.128254,0.009316,True,1
9/8/2025 6:40:00 AM,9/8/2025 2:40:00 AM,1,PJM-RTO,,,ZONE,,16.170000,16.293389,0.111909,0.011480,True,1
9/8/2025 6:45:00 AM,9/8/2025 2:45:00 AM,1,PJM-RTO,,,ZONE,,14.450000,14.526128,0.066429,0.009699,True,1
9/8/2025 6:50:00 AM,9/8/2025 2:50:00 AM,1,PJM-RTO,,,ZONE,,15.030000,15.182407,0.146156,0.006251,True,1
9/8/2025 6:55:00 AM,9/8/2025 2:55:00 AM,1,PJM-RTO,,,ZONE,,15.300000,15.454134,0.142490,0.011644,True,1
9/8/2025 7:00:00 AM,9/8/2025 3:00:00 AM,1,PJM-RTO,,,ZONE,,15.570000,15.636381,0.057567,0.008815,True,1
9/8/2025 7:05:00 AM,9/8/2025 3:05:00 AM,1,PJM-RTO,,,ZONE,,15.710000,15.805233,0.081337,0.013896,True,1
9/8/2025 7:10:00 AM,9/8/2025 3:10:00 AM,1,PJM-RTO,,,ZONE,,15.520000,15.600689,0.066380,0.014309,True,1
9/8/2025 7:15:00 AM,9/8/2025 3:15:00 AM,1,PJM-RTO,,,ZONE,,15.010000,15.175013,0.154811,0.010202,True,1
9/8/2025 7:20:00 AM,9/8/2025 3:20:00 AM,1,PJM-RTO,,,ZONE,,14.900000,15.024170,0.118020,0.006150,True,1
9/8/2025 7:25:00 AM,9/8/2025 3:25:00 AM,1,PJM-RTO,,,ZONE,,14.500000,14.572204,0.062711,0.009494,True,1
9/8/2025 7:30:00 AM,9/8/2025 3:30:00 AM,1,PJM-RTO,,,ZONE,,15.130000,15.310366,0.174365,0.006001,True,1
9/8/2025 7:35:00 AM,9/8/2025 3:35:00 AM,1,PJM-RTO,,,ZONE,,15.050000,15.182087,0.123348,0.008739,True,1
9/8/2025 7:40:00 AM,9/8/2025 3:40:00 AM,1,PJM-RTO,,,ZONE,,14.990000,15.162648,0.163594,0.009054,True,1
9/8/2025 7:45:00 AM,9/8/2025 3:45:00 AM,1,PJM-RTO,,,ZONE,,13.830000,13.887625,0.047614,0.010011,True,1
9/8/2025 7:50:00 AM,9/8/2025 3:50:00 AM,1,PJM-RTO,,,ZONE,,15.540000,15.609824,0.056476,0.013348,True,1
9/8/2025 7:55:00 AM,9/8/2025 3:55:00 AM,1,PJM-RTO,,,ZONE,,15.290000,15.394690,0.092700,0.011991,True,1
9/8/2025 8:00:00 AM,9/8/2025 4:00:00 AM,1,PJM-RTO,,,ZONE,,17.530000,17.763978,0.219957,0.014021,True,1
9/8/2025 8:05:00 AM,9/8/2025 4:05:00 AM,1,PJM-RTO,,,ZONE,,15.980000,16.167537,0.177678,0.009859,True,1
9/8/2025 8:10:00 AM,9/8/2025 4:10:00 AM,1,PJM-RTO,,,ZONE,,16.660000,16.855150,0.190489,0.004661,True,1
9/8/2025 8:15:00 AM,9/8/2025 4:15:00 AM,1,PJM-RTO,,,ZONE,,16.800000,17.010734,0.203548,0.007187,True,1
9/8/2025 8:20:00 AM,9/8/2025 4:20:00 AM,1,PJM-RTO,,,ZONE,,17.720000,17.910629,0.176473,0.014156,True,1
9/8/2025 8:25:00 AM,9/8/2025 4:25:00 AM,1,PJM-RTO,,,ZONE,,16.040000,16.241315,0.186478,0.014837,True,1
9/8/2025 8:30:00 AM,9/8/2025 4:30:00 AM,1,PJM-RTO,,,ZONE,,16.390000,16.572509,0.172320,0.010189,True,1
9/8/2025 8:35:00 AM,9/8/2025 4:35:00 AM,1,PJM-RTO,,,ZONE,,17.710000,17.910721,0.189646,0.011075,True,1
9/8/2025 8:40:00 AM,9/8/2025 4:40:00 AM,1,PJM-RTO,,,ZONE,,13.300000,13.350389,0.042133,0.008256,True,1
9/8/2025 8:45:00 AM,9/8/2025 4:45:00 AM,1,PJM-RTO,,,ZONE,,13.900000,14.059693,0.151377,0.008316,True,1
9/8/2025 8:50:00 AM,9/8/2025 4:50:00 AM,1,PJM-RTO,,,ZONE,,16.020000,16.214303,0.179791,0.014513,True,1
9/8/2025 8:55:00 AM,9/8/2025 4:55:00 AM,1,PJM-RTO,,,ZONE,,13.350000,13.486164,0.128540,0.007624,True,1
9/8/2025 9:00:00 AM,9/8/2025 5:00:00 AM,1,PJM-RTO,,,ZONE,,15.980000,16.161001,0.173440,0.007561,True,1
9/8/2025 9:05:00 AM,9/8/2025 5:05:00 AM,1,PJM-RTO,,,ZONE,,17.260000,17.359582,0.089261,0.010321,True,1
9/8/2025 9:10:00 AM,9/8/2025 5:10:00 AM,1,PJM-RTO,,,ZONE,,17.320000,17.423094,0.089184,0.013910,True,1
9/8/2025 9:15:00 AM,9/8/2025 5:15:00 AM,1,PJM-RTO,,,ZONE,,16.090000,16.268870,0.173417,0.005452,True,1
9/8/2025 9:20:00 AM,9/8/2025 5:20:00 AM,1,PJM-RTO,,,ZONE,,16.040000,16.220619,0.174977,0.005641,True,1
9/8/2025 9:25:00 AM,9/8/2025 5:25:00 AM,1,PJM-RTO,,,ZONE,,14.490000,14.562205,0.067363,0.004842,True,1
9/8/2025 9:30:00 AM,9/8/2025 5:30:00 AM,1,PJM-RTO,,,ZONE,,15.680000,15.825707,0.139181,0.006525,True,1
9/8/2025 9:35:00 AM,9/8/2025 5:35:00 AM,1,PJM-RTO,,,ZONE,,17.340000,17.392813,0.044077,0.008736,True,1
9/8/2025 9:40:00 AM,9/8/2025 5:40:00 AM,1,PJM-RTO,,,ZONE,,16.740000,16.905496,0.152697,0.012799,True,1
9/8/2025 9:45:00 AM,9/8/2025 5:45:00 AM,1,PJM-RTO,,,ZONE,,17.330000,17.390730,0.048642,0.012089,True,1
9/8/2025 9:50:00 AM,9/8/2025 5:50:00 AM,1,PJM-RTO,,,ZONE,,17.390000,17.427065,0.028492,0.008574,True,1
9/8/2025 9:55:00 AM,9/8/2025 5:55:00 AM,1,PJM-RTO,,,ZONE,,17.740000,17.755808,0.003887,0.011920,True,1
9/8/2025 10:00:00 AM,9/8/2025 6:00:00 AM,1,PJM-RTO,,,ZONE,,19.410000,19.511328,0.088285,0.013042,True,1
9/8/2025 10:05:00 AM,9/8/2025 6:05:00 AM,1,PJM-RTO,,,ZONE,,19.480000,19.576597,0.085096,0.011501,True,1
9/8/2025 10:10:00 AM,9/8/2025 6:10:00 AM,1,PJM-RTO,,,ZONE,,18.170000,18.367503,0.186719,0.010784,True,1
9/8/2025 10:15:00 AM,9/8/2025 6:15:00 AM,1,PJM-RTO,,,ZONE,,23.890000,23.932535,0.027289,0.015245,True,1
9/8/2025 10:20:00 AM,9/8/2025 6:20:00 AM,1,PJM-RTO,,,ZONE,,24.050000,24.094547,0.026898,0.017649,True,1
9/8/2025 10:25:00 AM,9/8/2025 6:25:00 AM,1,PJM-RTO,,,ZONE,,23.470000,23.540004,0.059351,0.010653,True,1
9/8/2025 10:30:00 AM,9/8/2025 6:30:00 AM,1,PJM-RTO,,,ZONE,,24.160000,24.178128,0.000000,0.018128,True,1
9/8/2025 10:35:00 AM,9/8/2025 6:35:00 AM,1,PJM-RTO,,,ZONE,,22.280000,22.289042,0.000000,0.009042,True,1
9/8/2025 10:40:00 AM,9/8/2025 6:40:00 AM,1,PJM-RTO,,,ZONE,,22.980000,22.997182,0.000643,0.016539,True,1
9/8/2025 10:45:00 AM,9/8/2025 6:45:00 AM,1,PJM-RTO,,,ZONE,,26.380000,26.414411,0.019014,0.015397,True,1
9/8/2025 10:50:00 AM,9/8/2025 6:50:00 AM,1,PJM-RTO,,,ZONE,,41.090000,41.157067,0.040971,0.026095,True,1
9/8/2025 10:55:00 AM,9/8/2025 6:55:00 AM,1,PJM-RTO,,,ZONE,,48.300000,48.396056,0.063087,0.032968,True,1
9/8/2025 11:00:00 AM,9/8/2025 7:00:00 AM,1,PJM-RTO,,,ZONE,,31.020000,31.008643,-0.025525,0.014168,True,1
9/8/2025 11:05:00 AM,9/8/2025 7:05:00 AM,1,PJM-RTO,,,ZONE,,32.850000,32.913980,0.045235,0.018745,True,1
9/8/2025 11:10:00 AM,9/8/2025 7:10:00 AM,1,PJM-RTO,,,ZONE,,30.780000,30.783183,-0.009403,0.012587,True,1
9/8/2025 11:15:00 AM,9/8/2025 7:15:00 AM,1,PJM-RTO,,,ZONE,,37.860000,37.885973,0.002368,0.023605,True,1
9/8/2025 11:20:00 AM,9/8/2025 7:20:00 AM,1,PJM-RTO,,,ZONE,,34.120000,34.147696,0.001727,0.025969,True,1
9/8/2025 11:25:00 AM,9/8/2025 7:25:00 AM,1,PJM-RTO,,,ZONE,,33.220000,33.246769,0.006468,0.020301,True,1
9/8/2025 11:30:00 AM,9/8/2025 7:30:00 AM,1,PJM-RTO,,,ZONE,,43.110000,43.194916,0.059888,0.025028,True,1
9/8/2025 11:35:00 AM,9/8/2025 7:35:00 AM,1,PJM-RTO,,,ZONE,,38.080000,38.118775,0.012818,0.025956,True,1
9/8/2025 11:40:00 AM,9/8/2025 7:40:00 AM,1,PJM-RTO,,,ZONE,,37.830000,37.875085,0.026267,0.018818,True,1
9/8/2025 11:45:00 AM,9/8/2025 7:45:00 AM,1,PJM-RTO,,,ZONE,,33.290000,33.359134,0.044736,0.024398,True,1
9/8/2025 11:50:00 AM,9/8/2025 7:50:00 AM,1,PJM-RTO,,,ZONE,,23.170000,23.217441,0.033302,0.014139,True,1
9/8/2025 11:55:00 AM,9/8/2025 7:55:00 AM,1,PJM-RTO,,,ZONE,,21.080000,21.428549,0.337791,0.010757,True,1
9/8/2025 12:00:00 PM,9/8/2025 8:00:00 AM,1,PJM-RTO,,,ZONE,,17.280000,17.306375,0.015366,0.011009,True,1
9/8/2025 12:05:00 PM,9/8/2025 8:05:00 AM,1,PJM-RTO,,,ZONE,,23.680000,23.710765,0.021964,0.008800,True,1
9/8/2025 12:10:00 PM,9/8/2025 8:10:00 AM,1,PJM-RTO,,,ZONE,,20.460000,20.466674,0.001059,0.005615,True,1
9/8/2025 12:15:00 PM,9/8/2025 8:15:00 AM,1,PJM-RTO,,,ZONE,,19.240000,19.265797,0.016330,0.009467,True,1
9/8/2025 12:20:00 PM,9/8/2025 8:20:00 AM,1,PJM-RTO,,,ZONE,,18.910000,18.942342,0.019569,0.012773,True,1
9/8/2025 12:25:00 PM,9/8/2025 8:25:00 AM,1,PJM-RTO,,,ZONE,,17.080000,17.105999,0.012446,0.013553,True,1
9/8/2025 12:30:00 PM,9/8/2025 8:30:00 AM,1,PJM-RTO,,,ZONE,,17.200000,17.206043,0.000000,0.006043,True,1
9/8/2025 12:35:00 PM,9/8/2025 8:35:00 AM,1,PJM-RTO,,,ZONE,,16.330000,16.343117,0.002091,0.011026,True,1
9/8/2025 12:40:00 PM,9/8/2025 8:40:00 AM,1,PJM-RTO,,,ZONE,,13.270000,13.283500,0.002601,0.010899,True,1
9/8/2025 12:45:00 PM,9/8/2025 8:45:00 AM,1,PJM-RTO,,,ZONE,,15.040000,15.045737,0.000000,0.005737,True,1
9/8/2025 12:50:00 PM,9/8/2025 8:50:00 AM,1,PJM-RTO,,,ZONE,,11.360000,11.364676,0.000000,0.004676,True,1
9/8/2025 12:55:00 PM,9/8/2025 8:55:00 AM,1,PJM-RTO,,,ZONE,,14.140000,14.145515,0.000000,0.005515,True,1
9/8/2025 1:00:00 PM,9/8/2025 9:00:00 AM,1,PJM-RTO,,,ZONE,,13.660000,13.670097,0.000000,0.010097,True,1
9/8/2025 1:05:00 PM,9/8/2025 9:05:00 AM,1,PJM-RTO,,,ZONE,,13.310000,13.322179,0.005153,0.007026,True,1
9/8/2025 1:10:00 PM,9/8/2025 9:10:00 AM,1,PJM-RTO,,,ZONE,,13.740000,13.755246,0.003296,0.011950,True,1
9/8/2025 1:15:00 PM,9/8/2025 9:15:00 AM,1,PJM-RTO,,,ZONE,,14.830000,14.836936,0.000347,0.006588,True,1
9/8/2025 1:20:00 PM,9/8/2025 9:20:00 AM,1,PJM-RTO,,,ZONE,,14.450000,14.461781,0.003046,0.008735,True,1
9/8/2025 1:25:00 PM,9/8/2025 9:25:00 AM,1,PJM-RTO,,,ZONE,,15.770000,15.777961,0.001397,0.006563,True,1
9/8/2025 1:30:00 PM,9/8/2025 9:30:00 AM,1,PJM-RTO,,,ZONE,,16.870000,16.881043,0.003788,0.007255,True,1
9/8/2025 1:35:00 PM,9/8/2025 9:35:00 AM,1,PJM-RTO,,,ZONE,,18.270000,18.281636,0.001041,0.010595,True,1
9/8/2025 1:40:00 PM,9/8/2025 9:40:00 AM,1,PJM-RTO,,,ZONE,,16.860000,16.866086,0.001778,0.004308,True,1
9/8/2025 1:45:00 PM,9/8/2025 9:45:00 AM,1,PJM-RTO,,,ZONE,,18.420000,18.433078,0.001530,0.011548,True,1
9/8/2025 1:50:00 PM,9/8/2025 9:50:00 AM,1,PJM-RTO,,,ZONE,,18.370000,18.383226,0.001874,0.011352,True,1
9/8/2025 1:55:00 PM,9/8/2025 9:55:00 AM,1,PJM-RTO,,,ZONE,,18.460000,18.465919,0.000901,0.005018,True,1
9/8/2025 2:00:00 PM,9/8/2025 10:00:00 AM,1,PJM-RTO,,,ZONE,,19.500000,19.514390,0.001576,0.012814,True,1
9/8/2025 2:05:00 PM,9/8/2025 10:05:00 AM,1,PJM-RTO,,,ZONE,,17.520000,17.542647,0.010846,0.011801,True,1
9/8/2025 2:10:00 PM,9/8/2025 10:10:00 AM,1,PJM-RTO,,,ZONE,,18.340000,18.366571,0.013155,0.013416,True,1
9/8/2025 2:15:00 PM,9/8/2025 10:15:00 AM,1,PJM-RTO,,,ZONE,,18.290000,18.299902,0.002545,0.007357,True,1
9/8/2025 2:20:00 PM,9/8/2025 10:20:00 AM,1,PJM-RTO,,,ZONE,,19.820000,19.835503,0.008541,0.006962,True,1
9/8/2025 2:25:00 PM,9/8/2025 10:25:00 AM,1,PJM-RTO,,,ZONE,,17.750000,17.797541,0.036925,0.010616,True,1
9/8/2025 2:30:00 PM,9/8/2025 10:30:00 AM,1,PJM-RTO,,,ZONE,,18.270000,18.291262,0.012396,0.008867,True,1
9/8/2025 2:35:00 PM,9/8/2025 10:35:00 AM,1,PJM-RTO,,,ZONE,,19.570000,19.634874,0.055159,0.009714,True,1
9/8/2025 2:40:00 PM,9/8/2025 10:40:00 AM,1,PJM-RTO,,,ZONE,,20.000000,20.074740,0.061057,0.013683,True,1
9/8/2025 2:45:00 PM,9/8/2025 10:45:00 AM,1,PJM-RTO,,,ZONE,,19.930000,20.050950,0.106964,0.013986,True,1
9/8/2025 2:50:00 PM,9/8/2025 10:50:00 AM,1,PJM-RTO,,,ZONE,,22.230000,22.347922,0.111573,0.006349,True,1
9/8/2025 2:55:00 PM,9/8/2025 10:55:00 AM,1,PJM-RTO,,,ZONE,,21.470000,21.597749,0.113645,0.014104,True,1
9/8/2025 3:00:00 PM,9/8/2025 11:00:00 AM,1,PJM-RTO,,,ZONE,,22.170000,22.219275,0.042408,0.006867,True,1
9/8/2025 3:05:00 PM,9/8/2025 11:05:00 AM,1,PJM-RTO,,,ZONE,,20.820000,20.846874,0.016688,0.010187,True,1
9/8/2025 3:10:00 PM,9/8/2025 11:10:00 AM,1,PJM-RTO,,,ZONE,,20.530000,20.560149,0.016543,0.013606,True,1
9/8/2025 3:15:00 PM,9/8/2025 11:15:00 AM,1,PJM-RTO,,,ZONE,,17.140000,17.147433,0.000000,0.007433,True,1
9/8/2025 3:20:00 PM,9/8/2025 11:20:00 AM,1,PJM-RTO,,,ZONE,,16.560000,16.571588,0.000000,0.011588,True,1
9/8/2025 3:25:00 PM,9/8/2025 11:25:00 AM,1,PJM-RTO,,,ZONE,,17.720000,17.758129,0.028402,0.009727,True,1
9/8/2025 3:30:00 PM,9/8/2025 11:30:00 AM,1,PJM-RTO,,,ZONE,,17.690000,17.704392,0.010310,0.004082,True,1
9/8/2025 3:35:00 PM,9/8/2025 11:35:00 AM,1,PJM-RTO,,,ZONE,,18.600000,18.642136,0.030442,0.011695,True,1
9/8/2025 3:40:00 PM,9/8/2025 11:40:00 AM,1,PJM-RTO,,,ZONE,,20.720000,20.784317,0.052637,0.011679,True,1
9/8/2025 3:45:00 PM,9/8/2025 11:45:00 AM,1,PJM-RTO,,,ZONE,,20.960000,21.050311,0.080794,0.009517,True,1
9/8/2025 3:50:00 PM,9/8/2025 11:50:00 AM,1,PJM-RTO,,,ZONE,,20.960000,21.035110,0.067896,0.007214,True,1
9/8/2025 3:55:00 PM,9/8/2025 11:55:00 AM,1,PJM-RTO,,,ZONE,,18.920000,18.937796,0.011201,0.006595,True,1
9/8/2025 4:00:00 PM,9/8/2025 12:00:00 PM,1,PJM-RTO,,,ZONE,,19.080000,19.092461,0.002240,0.010221,True,1
9/8/2025 4:05:00 PM,9/8/2025 12:05:00 PM,1,PJM-RTO,,,ZONE,,16.530000,16.551828,0.017399,0.004429,True,1
9/8/2025 4:10:00 PM,9/8/2025 12:10:00 PM,1,PJM-RTO,,,ZONE,,19.090000,19.114054,0.015310,0.008744,True,1
9/8/2025 4:15:00 PM,9/8/2025 12:15:00 PM,1,PJM-RTO,,,ZONE,,19.190000,19.251885,0.054628,0.007256,True,1
9/8/2025 4:20:00 PM,9/8/2025 12:20:00 PM,1,PJM-RTO,,,ZONE,,19.980000,20.023124,0.028589,0.014535,True,1
9/8/2025 4:25:00 PM,9/8/2025 12:25:00 PM,1,PJM-RTO,,,ZONE,,20.490000,20.609022,0.107816,0.011206,True,1
9/8/2025 4:30:00 PM,9/8/2025 12:30:00 PM,1,PJM-RTO,,,ZONE,,19.210000,19.325796,0.103931,0.011865,True,1
9/8/2025 4:35:00 PM,9/8/2025 12:35:00 PM,1,PJM-RTO,,,ZONE,,22.560000,22.671793,0.098675,0.013118,True,1
9/8/2025 4:40:00 PM,9/8/2025 12:40:00 PM,1,PJM-RTO,,,ZONE,,21.910000,22.007159,0.084522,0.012637,True,1
9/8/2025 4:45:00 PM,9/8/2025 12:45:00 PM,1,PJM-RTO,,,ZONE,,24.340000,24.419236,0.063616,0.015620,True,1
9/8/2025 4:50:00 PM,9/8/2025 12:50:00 PM,1,PJM-RTO,,,ZONE,,23.980000,24.093574,0.101497,0.012077,True,1
9/8/2025 4:55:00 PM,9/8/2025 12:55:00 PM,1,PJM-RTO,,,ZONE,,24.200000,24.308449,0.089270,0.019179,True,1
9/8/2025 5:00:00 PM,9/8/2025 1:00:00 PM,1,PJM-RTO,,,ZONE,,21.480000,21.537960,0.047342,0.010618,True,1
9/8/2025 5:05:00 PM,9/8/2025 1:05:00 PM,1,PJM-RTO,,,ZONE,,22.300000,22.356837,0.042171,0.014666,True,1
9/8/2025 5:10:00 PM,9/8/2025 1:10:00 PM,1,PJM-RTO,,,ZONE,,25.030000,25.071413,0.029720,0.011693,True,1
9/8/2025 5:15:00 PM,9/8/2025 1:15:00 PM,1,PJM-RTO,,,ZONE,,21.140000,21.176127,0.025258,0.010869,True,1
9/8/2025 5:20:00 PM,9/8/2025 1:20:00 PM,1,PJM-RTO,,,ZONE,,21.700000,21.729540,0.019020,0.010520,True,1
9/8/2025 5:25:00 PM,9/8/2025 1:25:00 PM,1,PJM-RTO,,,ZONE,,21.910000,21.954771,0.032767,0.012005,True,1
9/8/2025 5:30:00 PM,9/8/2025 1:30:00 PM,1,PJM-RTO,,,ZONE,,21.220000,21.247090,0.019216,0.007874,True,1
9/8/2025 5:35:00 PM,9/8/2025 1:35:00 PM,1,PJM-RTO,,,ZONE,,21.540000,21.577029,0.025098,0.011931,True,1
9/8/2025 5:40:00 PM,9/8/2025 1:40:00 PM,1,PJM-RTO,,,ZONE,,21.260000,21.289763,0.023070,0.006693,True,1
9/8/2025 5:45:00 PM,9/8/2025 1:45:00 PM,1,PJM-RTO,,,ZONE,,19.890000,19.945530,0.043155,0.012375,True,1
9/8/2025 5:50:00 PM,9/8/2025 1:50:00 PM,1,PJM-RTO,,,ZONE,,20.980000,21.002178,0.010821,0.011357,True,1
9/8/2025 5:55:00 PM,9/8/2025 1:55:00 PM,1,PJM-RTO,,,ZONE,,20.500000,20.540546,0.024168,0.016377,True,1
9/8/2025 6:00:00 PM,9/8/2025 2:00:00 PM,1,PJM-RTO,,,ZONE,,21.500000,21.532994,0.019951,0.013043,True,1
9/8/2025 6:05:00 PM,9/8/2025 2:05:00 PM,1,PJM-RTO,,,ZONE,,20.600000,20.642953,0.028092,0.014861,True,1
9/8/2025 6:10:00 PM,9/8/2025 2:10:00 PM,1,PJM-RTO,,,ZONE,,20.780000,20.809180,0.023535,0.005645,True,1
9/8/2025 6:15:00 PM,9/8/2025 2:15:00 PM,1,PJM-RTO,,,ZONE,,22.910000,22.962267,0.036962,0.015305,True,1
9/8/2025 6:20:00 PM,9/8/2025 2:20:00 PM,1,PJM-RTO,,,ZONE,,22.840000,22.875463,0.023521,0.011943,True,1
9/8/2025 6:25:00 PM,9/8/2025 2:25:00 PM,1,PJM-RTO,,,ZONE,,22.680000,22.728185,0.030418,0.017767,True,1
9/8/2025 6:30:00 PM,9/8/2025 2:30:00 PM,1,PJM-RTO,,,ZONE,,22.400000,22.452338,0.035524,0.016815,True,1
9/8/2025 6:35:00 PM,9/8/2025 2:35:00 PM,1,PJM-RTO,,,ZONE,,21.450000,21.488789,0.030271,0.008518,True,1
9/8/2025 6:40:00 PM,9/8/2025 2:40:00 PM,1,PJM-RTO,,,ZONE,,21.080000,21.129610,0.033452,0.016159,True,1
9/8/2025 6:45:00 PM,9/8/2025 2:45:00 PM,1,PJM-RTO,,,ZONE,,22.930000,22.984257,0.039928,0.014328,True,1
9/8/2025 6:50:00 PM,9/8/2025 2:50:00 PM,1,PJM-RTO,,,ZONE,,23.320000,23.374524,0.039646,0.014878,True,1
9/8/2025 6:55:00 PM,9/8/2025 2:55:00 PM,1,PJM-RTO,,,ZONE,,29.720000,29.795862,0.057791,0.018070,True,1
9/8/2025 7:00:00 PM,9/8/2025 3:00:00 PM,1,PJM-RTO,,,ZONE,,29.060000,29.133820,0.057341,0.016479,True,1
9/8/2025 7:05:00 PM,9/8/2025 3:05:00 PM,1,PJM-RTO,,,ZONE,,28.960000,29.029151,0.056423,0.012728,True,1
9/8/2025 7:10:00 PM,9/8/2025 3:10:00 PM,1,PJM-RTO,,,ZONE,,34.790000,34.887793,0.080296,0.017497,True,1
9/8/2025 7:15:00 PM,9/8/2025 3:15:00 PM,1,PJM-RTO,,,ZONE,,25.120000,25.157820,0.021616,0.016204,True,1
9/8/2025 7:20:00 PM,9/8/2025 3:20:00 PM,1,PJM-RTO,,,ZONE,,28.830000,28.878036,0.036401,0.011636,True,1
9/8/2025 7:25:00 PM,9/8/2025 3:25:00 PM,1,PJM-RTO,,,ZONE,,25.430000,25.462235,0.021442,0.010792,True,1
9/8/2025 7:30:00 PM,9/8/2025 3:30:00 PM,1,PJM-RTO,,,ZONE,,29.140000,29.185030,0.033910,0.011120,True,1
9/8/2025 7:35:00 PM,9/8/2025 3:35:00 PM,1,PJM-RTO,,,ZONE,,24.550000,24.563941,0.004065,0.009876,True,1
9/8/2025 7:40:00 PM,9/8/2025 3:40:00 PM,1,PJM-RTO,,,ZONE,,24.530000,24.566797,0.022219,0.014578,True,1
9/8/2025 7:45:00 PM,9/8/2025 3:45:00 PM,1,PJM-RTO,,,ZONE,,23.780000,23.798391,0.008057,0.010334,True,1
9/8/2025 7:50:00 PM,9/8/2025 3:50:00 PM,1,PJM-RTO,,,ZONE,,25.180000,25.205282,0.006547,0.018735,True,1
9/8/2025 7:55:00 PM,9/8/2025 3:55:00 PM,1,PJM-RTO,,,ZONE,,22.580000,22.605628,0.010290,0.015338,True,1
9/8/2025 8:00:00 PM,9/8/2025 4:00:00 PM,1,PJM-RTO,,,ZONE,,21.240000,21.261902,0.010315,0.011586,True,1
9/8/2025 8:05:00 PM,9/8/2025 4:05:00 PM,1,PJM-RTO,,,ZONE,,22.610000,22.635355,0.012181,0.013174,True,1
9/8/2025 8:10:00 PM,9/8/2025 4:10:00 PM,1,PJM-RTO,,,ZONE,,21.280000,21.301220,0.008718,0.012502,True,1
9/8/2025 8:15:00 PM,9/8/2025 4:15:00 PM,1,PJM-RTO,,,ZONE,,21.190000,21.208144,0.008503,0.009641,True,1
9/8/2025 8:20:00 PM,9/8/2025 4:20:00 PM,1,PJM-RTO,,,ZONE,,21.870000,21.898417,0.011933,0.016485,True,1
9/8/2025 8:25:00 PM,9/8/2025 4:25:00 PM,1,PJM-RTO,,,ZONE,,20.850000,20.868971,0.007995,0.010976,True,1
9/8/2025 8:30:00 PM,9/8/2025 4:30:00 PM,1,PJM-RTO,,,ZONE,,21.370000,21.393565,0.011455,0.012110,True,1
9/8/2025 8:35:00 PM,9/8/2025 4:35:00 PM,1,PJM-RTO,,,ZONE,,20.720000,20.740987,0.008491,0.012495,True,1
9/8/2025 8:40:00 PM,9/8/2025 4:40:00 PM,1,PJM-RTO,,,ZONE,,20.670000,20.693575,0.007108,0.016467,True,1
9/8/2025 8:45:00 PM,9/8/2025 4:45:00 PM,1,PJM-RTO,,,ZONE,,21.270000,21.289170,0.005495,0.013675,True,1
9/8/2025 8:50:00 PM,9/8/2025 4:50:00 PM,1,PJM-RTO,,,ZONE,,20.900000,20.920802,0.005870,0.014932,True,1
9/8/2025 8:55:00 PM,9/8/2025 4:55:00 PM,1,PJM-RTO,,,ZONE,,21.310000,21.328044,0.007043,0.011001,True,1
9/8/2025 9:00:00 PM,9/8/2025 5:00:00 PM,1,PJM-RTO,,,ZONE,,20.420000,20.439526,0.009372,0.010153,True,1
9/8/2025 9:05:00 PM,9/8/2025 5:05:00 PM,1,PJM-RTO,,,ZONE,,20.070000,20.100973,0.022656,0.008317,True,1
9/8/2025 9:10:00 PM,9/8/2025 5:10:00 PM,1,PJM-RTO,,,ZONE,,19.490000,19.505888,0.007348,0.008540,True,1
9/8/2025 9:15:00 PM,9/8/2025 5:15:00 PM,1,PJM-RTO,,,ZONE,,19.940000,19.961539,0.009458,0.012081,True,1
9/8/2025 9:20:00 PM,9/8/2025 5:20:00 PM,1,PJM-RTO,,,ZONE,,19.780000,19.795023,0.006317,0.008706,True,1
9/8/2025 9:25:00 PM,9/8/2025 5:25:00 PM,1,PJM-RTO,,,ZONE,,21.520000,21.538757,0.011071,0.007685,True,1
9/8/2025 9:30:00 PM,9/8/2025 5:30:00 PM,1,PJM-RTO,,,ZONE,,22.830000,22.849109,0.005305,0.013805,True,1
9/8/2025 9:35:00 PM,9/8/2025 5:35:00 PM,1,PJM-RTO,,,ZONE,,22.040000,22.054700,0.005989,0.008712,True,1
9/8/2025 9:40:00 PM,9/8/2025 5:40:00 PM,1,PJM-RTO,,,ZONE,,25.810000,25.839738,0.013370,0.016368,True,1
9/8/2025 9:45:00 PM,9/8/2025 5:45:00 PM,1,PJM-RTO,,,ZONE,,27.130000,27.156982,0.013505,0.013477,True,1
9/8/2025 9:50:00 PM,9/8/2025 5:50:00 PM,1,PJM-RTO,,,ZONE,,33.250000,33.296972,0.030536,0.016436,True,1
9/8/2025 9:55:00 PM,9/8/2025 5:55:00 PM,1,PJM-RTO,,,ZONE,,26.310000,26.347107,0.020788,0.016319,True,1
9/8/2025 10:00:00 PM,9/8/2025 6:00:00 PM,1,PJM-RTO,,,ZONE,,26.080000,26.103133,0.007827,0.015306,True,1
9/8/2025 10:05:00 PM,9/8/2025 6:05:00 PM,1,PJM-RTO,,,ZONE,,29.280000,29.428505,0.138959,0.009546,True,1
9/8/2025 10:10:00 PM,9/8/2025 6:10:00 PM,1,PJM-RTO,,,ZONE,,25.510000,25.529328,0.004581,0.014747,True,1
9/8/2025 10:15:00 PM,9/8/2025 6:15:00 PM,1,PJM-RTO,,,ZONE,,23.100000,23.118712,0.005973,0.012739,True,1
9/8/2025 10:20:00 PM,9/8/2025 6:20:00 PM,1,PJM-RTO,,,ZONE,,30.160000,30.236826,0.061577,0.015249,True,1
9/8/2025 10:25:00 PM,9/8/2025 6:25:00 PM,1,PJM-RTO,,,ZONE,,28.170000,28.216576,0.033785,0.012791,True,1
9/8/2025 10:30:00 PM,9/8/2025 6:30:00 PM,1,PJM-RTO,,,ZONE,,40.510000,40.732312,0.195872,0.026440,True,1
9/8/2025 10:35:00 PM,9/8/2025 6:35:00 PM,1,PJM-RTO,,,ZONE,,42.240000,42.339895,0.074213,0.025682,True,1
9/8/2025 10:40:00 PM,9/8/2025 6:40:00 PM,1,PJM-RTO,,,ZONE,,37.970000,38.057239,0.063973,0.023266,True,1
9/8/2025 10:45:00 PM,9/8/2025 6:45:00 PM,1,PJM-RTO,,,ZONE,,67.990000,68.431506,0.399803,0.041703,True,1
9/8/2025 10:50:00 PM,9/8/2025 6:50:00 PM,1,PJM-RTO,,,ZONE,,42.470000,42.659725,0.161462,0.028263,True,1
9/8/2025 10:55:00 PM,9/8/2025 6:55:00 PM,1,PJM-RTO,,,ZONE,,47.190000,47.424897,0.207144,0.027753,True,1
9/8/2025 11:00:00 PM,9/8/2025 7:00:00 PM,1,PJM-RTO,,,ZONE,,33.350000,33.422500,0.058059,0.014442,True,1
9/8/2025 11:05:00 PM,9/8/2025 7:05:00 PM,1,PJM-RTO,,,ZONE,,28.820000,28.886792,0.046913,0.019878,True,1
9/8/2025 11:10:00 PM,9/8/2025 7:10:00 PM,1,PJM-RTO,,,ZONE,,33.460000,33.656425,0.181034,0.015391,True,1
9/8/2025 11:15:00 PM,9/8/2025 7:15:00 PM,1,PJM-RTO,,,ZONE,,37.850000,37.897073,0.028813,0.018260,True,1
9/8/2025 11:20:00 PM,9/8/2025 7:20:00 PM,1,PJM-RTO,,,ZONE,,62.750000,62.884913,0.096137,0.038776,True,1
9/8/2025 11:25:00 PM,9/8/2025 7:25:00 PM,1,PJM-RTO,,,ZONE,,49.360000,49.521792,0.139382,0.022410,True,1
9/8/2025 11:30:00 PM,9/8/2025 7:30:00 PM,1,PJM-RTO,,,ZONE,,59.110000,59.467274,0.328984,0.028290,True,1
9/8/2025 11:35:00 PM,9/8/2025 7:35:00 PM,1,PJM-RTO,,,ZONE,,64.890000,65.248939,0.320570,0.038369,True,1
9/8/2025 11:40:00 PM,9/8/2025 7:40:00 PM,1,PJM-RTO,,,ZONE,,41.730000,41.820725,0.061214,0.029512,True,1
9/8/2025 11:45:00 PM,9/8/2025 7:45:00 PM,1,PJM-RTO,,,ZONE,,45.490000,45.575313,0.056769,0.028544,True,1
9/8/2025 11:50:00 PM,9/8/2025 7:50:00 PM,1,PJM-RTO,,,ZONE,,40.820000,40.896146,0.053637,0.022509,True,1
9/8/2025 11:55:00 PM,9/8/2025 7:55:00 PM,1,PJM-RTO,,,ZONE,,40.660000,40.764284,0.072240,0.032044,True,1
9/9/2025 12:00:00 AM,9/8/2025 8:00:00 PM,1,PJM-RTO,,,ZONE,,132.830000,132.951918,0.042775,0.079143,True,1
9/9/2025 12:05:00 AM,9/8/2025 8:05:00 PM,1,PJM-RTO,,,ZONE,,62.580000,62.818355,0.204719,0.033636,True,1
9/9/2025 12:10:00 AM,9/8/2025 8:10:00 PM,1,PJM-RTO,,,ZONE,,39.810000,40.037541,0.204743,0.022798,True,1
9/9/2025 12:15:00 AM,9/8/2025 8:15:00 PM,1,PJM-RTO,,,ZONE,,53.710000,53.951798,0.208457,0.033341,True,1
9/9/2025 12:20:00 AM,9/8/2025 8:20:00 PM,1,PJM-RTO,,,ZONE,,32.140000,32.202224,0.046024,0.016200,True,1
9/9/2025 12:25:00 AM,9/8/2025 8:25:00 PM,1,PJM-RTO,,,ZONE,,41.210000,41.296618,0.062486,0.024131,True,1
9/9/2025 12:30:00 AM,9/8/2025 8:30:00 PM,1,PJM-RTO,,,ZONE,,26.560000,26.606235,0.032593,0.013642,True,1
9/9/2025 12:35:00 AM,9/8/2025 8:35:00 PM,1,PJM-RTO,,,ZONE,,27.940000,27.975507,0.020558,0.014949,True,1
9/9/2025 12:40:00 AM,9/8/2025 8:40:00 PM,1,PJM-RTO,,,ZONE,,33.850000,33.896436,0.030592,0.015844,True,1
9/9/2025 12:45:00 AM,9/8/2025 8:45:00 PM,1,PJM-RTO,,,ZONE,,39.990000,40.051924,0.035962,0.025962,True,1
9/9/2025 12:50:00 AM,9/8/2025 8:50:00 PM,1,PJM-RTO,,,ZONE,,25.420000,25.463704,0.026420,0.017283,True,1
9/9/2025 12:55:00 AM,9/8/2025 8:55:00 PM,1,PJM-RTO,,,ZONE,,34.590000,34.772306,0.160212,0.022094,True,1
9/9/2025 1:00:00 AM,9/8/2025 9:00:00 PM,1,PJM-RTO,,,ZONE,,27.880000,27.896069,0.004227,0.011842,True,1
9/9/2025 1:05:00 AM,9/8/2025 9:05:00 PM,1,PJM-RTO,,,ZONE,,30.780000,30.826760,0.034914,0.011847,True,1
9/9/2025 1:10:00 AM,9/8/2025 9:10:00 PM,1,PJM-RTO,,,ZONE,,36.110000,36.131744,0.005728,0.016015,True,1
9/9/2025 1:15:00 AM,9/8/2025 9:15:00 PM,1,PJM-RTO,,,ZONE,,29.810000,29.990363,0.162396,0.017967,True,1
9/9/2025 1:20:00 AM,9/8/2025 9:20:00 PM,1,PJM-RTO,,,ZONE,,33.790000,33.861578,0.051954,0.019624,True,1
9/9/2025 1:25:00 AM,9/8/2025 9:25:00 PM,1,PJM-RTO,,,ZONE,,26.980000,27.120405,0.127112,0.013293,True,1
9/9/2025 1:30:00 AM,9/8/2025 9:30:00 PM,1,PJM-RTO,,,ZONE,,30.930000,30.988119,0.036812,0.021307,True,1
9/9/2025 1:35:00 AM,9/8/2025 9:35:00 PM,1,PJM-RTO,,,ZONE,,25.260000,25.303450,0.028566,0.014885,True,1
9/9/2025 1:40:00 AM,9/8/2025 9:40:00 PM,1,PJM-RTO,,,ZONE,,25.400000,25.444115,0.031042,0.013074,True,1
9/9/2025 1:45:00 AM,9/8/2025 9:45:00 PM,1,PJM-RTO,,,ZONE,,23.240000,23.283344,0.026339,0.017005,True,1
9/9/2025 1:50:00 AM,9/8/2025 9:50:00 PM,1,PJM-RTO,,,ZONE,,26.400000,26.445813,0.033238,0.012575,True,1
9/9/2025 1:55:00 AM,9/8/2025 9:55:00 PM,1,PJM-RTO,,,ZONE,,22.850000,22.886211,0.024548,0.011663,True,1
9/9/2025 2:00:00 AM,9/8/2025 10:00:00 PM,1,PJM-RTO,,,ZONE,,23.260000,23.300371,0.029442,0.010929,True,1
9/9/2025 2:05:00 AM,9/8/2025 10:05:00 PM,1,PJM-RTO,,,ZONE,,23.260000,23.409072,0.138938,0.010134,True,1
9/9/2025 2:10:00 AM,9/8/2025 10:10:00 PM,1,PJM-RTO,,,ZONE,,24.860000,25.024501,0.148872,0.015629,True,1
9/9/2025 2:15:00 AM,9/8/2025 10:15:00 PM,1,PJM-RTO,,,ZONE,,20.180000,20.185855,0.000000,0.005855,True,1
9/9/2025 2:20:00 AM,9/8/2025 10:20:00 PM,1,PJM-RTO,,,ZONE,,21.850000,21.862271,0.002287,0.009984,True,1
9/9/2025 2:25:00 AM,9/8/2025 10:25:00 PM,1,PJM-RTO,,,ZONE,,21.480000,21.520836,0.023924,0.016912,True,1
9/9/2025 2:30:00 AM,9/8/2025 10:30:00 PM,1,PJM-RTO,,,ZONE,,18.640000,18.656325,0.000047,0.016278,True,1
9/9/2025 2:35:00 AM,9/8/2025 10:35:00 PM,1,PJM-RTO,,,ZONE,,18.370000,18.395069,0.014317,0.010752,True,1
9/9/2025 2:40:00 AM,9/8/2025 10:40:00 PM,1,PJM-RTO,,,ZONE,,18.410000,18.425269,0.000665,0.014604,True,1
9/9/2025 2:45:00 AM,9/8/2025 10:45:00 PM,1,PJM-RTO,,,ZONE,,17.470000,17.483770,0.000387,0.013383,True,1
9/9/2025 2:50:00 AM,9/8/2025 10:50:00 PM,1,PJM-RTO,,,ZONE,,18.260000,18.275620,0.000172,0.015448,True,1
9/9/2025 2:55:00 AM,9/8/2025 10:55:00 PM,1,PJM-RTO,,,ZONE,,18.800000,18.834178,0.019553,0.014624,True,1
9/9/2025 3:00:00 AM,9/8/2025 11:00:00 PM,1,PJM-RTO,,,ZONE,,19.610000,19.642733,0.024555,0.008178,True,1
9/9/2025 3:05:00 AM,9/8/2025 11:05:00 PM,1,PJM-RTO,,,ZONE,,20.320000,20.357892,0.022069,0.015823,True,1
9/9/2025 3:10:00 AM,9/8/2025 11:10:00 PM,1,PJM-RTO,,,ZONE,,24.430000,24.531345,0.081981,0.019364,True,1
9/9/2025 3:15:00 AM,9/8/2025 11:15:00 PM,1,PJM-RTO,,,ZONE,,19.220000,19.253881,0.018440,0.015440,True,1
9/9/2025 3:20:00 AM,9/8/2025 11:20:00 PM,1,PJM-RTO,,,ZONE,,27.680000,27.854967,0.157417,0.017550,True,1
9/9/2025 3:25:00 AM,9/8/2025 11:25:00 PM,1,PJM-RTO,,,ZONE,,22.430000,22.443598,0.002474,0.011124,True,1
9/9/2025 3:30:00 AM,9/8/2025 11:30:00 PM,1,PJM-RTO,,,ZONE,,21.560000,21.597797,0.024037,0.013760,True,1
9/9/2025 3:35:00 AM,9/8/2025 11:35:00 PM,1,PJM-RTO,,,ZONE,,18.410000,18.439475,0.016698,0.012778,True,1
9/9/2025 3:40:00 AM,9/8/2025 11:40:00 PM,1,PJM-RTO,,,ZONE,,19.330000,19.345199,0.001521,0.013678,True,1
9/9/2025 3:45:00 AM,9/8/2025 11:45:00 PM,1,PJM-RTO,,,ZONE,,20.350000,20.359673,0.000898,0.008775,True,1
9/9/2025 3:50:00 AM,9/8/2025 11:50:00 PM,1,PJM-RTO,,,ZONE,,22.920000,22.955088,0.027358,0.007730,True,1
9/9/2025 3:55:00 AM,9/8/2025 11:55:00 PM,1,PJM-RTO,,,ZONE,,18.820000,18.826937,0.000396,0.006540,True,1
9/9/2025 4:00:00 AM,9/9/2025 12:00:00 AM,1,PJM-RTO,,,ZONE,,22.760000,22.782391,0.007826,0.014565,True,1
9/9/2025 4:05:00 AM,9/9/2025 12:05:00 AM,1,PJM-RTO,,,ZONE,,24.330000,24.348494,0.003349,0.015145,True,1
9/9/2025 4:10:00 AM,9/9/2025 12:10:00 AM,1,PJM-RTO,,,ZONE,,23.010000,23.025823,0.002921,0.012902,True,1
9/9/2025 4:15:00 AM,9/9/2025 12:15:00 AM,1,PJM-RTO,,,ZONE,,22.790000,22.810141,0.003196,0.016945,True,1
9/9/2025 4:20:00 AM,9/9/2025 12:20:00 AM,1,PJM-RTO,,,ZONE,,19.700000,19.714148,0.002414,0.011735,True,1
9/9/2025 4:25:00 AM,9/9/2025 12:25:00 AM,1,PJM-RTO,,,ZONE,,21.650000,21.667522,0.005803,0.011719,True,1
9/9/2025 4:30:00 AM,9/9/2025 12:30:00 AM,1,PJM-RTO,,,ZONE,,22.910000,22.930784,0.002797,0.017987,True,1
9/9/2025 4:35:00 AM,9/9/2025 12:35:00 AM,1,PJM-RTO,,,ZONE,,17.490000,17.521168,0.020034,0.011134,True,1
9/9/2025 4:40:00 AM,9/9/2025 12:40:00 AM,1,PJM-RTO,,,ZONE,,18.860000,18.895017,0.025081,0.009935,True,1
9/9/2025 4:45:00 AM,9/9/2025 12:45:00 AM,1,PJM-RTO,,,ZONE,,16.130000,16.151424,0.015893,0.005531,True,1
9/9/2025 4:50:00 AM,9/9/2025 12:50:00 AM,1,PJM-RTO,,,ZONE,,17.590000,17.621007,0.021767,0.009240,True,1
9/9/2025 4:55:00 AM,9/9/2025 12:55:00 AM,1,PJM-RTO,,,ZONE,,18.410000,18.430403,0.014445,0.005958,True,1
9/9/2025 5:00:00 AM,9/9/2025 1:00:00 AM,1,PJM-RTO,,,ZONE,,17.880000,17.921964,0.027135,0.014829,True,1
9/9/2025 5:05:00 AM,9/9/2025 1:05:00 AM,1,PJM-RTO,,,ZONE,,18.030000,18.071073,0.025996,0.015077,True,1
9/9/2025 5:10:00 AM,9/9/2025 1:10:00 AM,1,PJM-RTO,,,ZONE,,23.920000,23.995745,0.057526,0.018219,True,1
9/9/2025 5:15:00 AM,9/9/2025 1:15:00 AM,1,PJM-RTO,,,ZONE,,17.820000,17.852886,0.020516,0.012370,True,1
9/9/2025 5:20:00 AM,9/9/2025 1:20:00 AM,1,PJM-RTO,,,ZONE,,18.010000,18.042714,0.017958,0.014755,True,1
9/9/2025 5:25:00 AM,9/9/2025 1:25:00 AM,1,PJM-RTO,,,ZONE,,17.740000,17.774560,0.018231,0.016329,True,1
9/9/2025 5:30:00 AM,9/9/2025 1:30:00 AM,1,PJM-RTO,,,ZONE,,17.950000,17.981589,0.021215,0.010374,True,1
9/9/2025 5:35:00 AM,9/9/2025 1:35:00 AM,1,PJM-RTO,,,ZONE,,17.780000,17.816196,0.021369,0.014827,True,1
9/9/2025 5:40:00 AM,9/9/2025 1:40:00 AM,1,PJM-RTO,,,ZONE,,18.140000,18.173575,0.018743,0.014832,True,1
9/9/2025 5:45:00 AM,9/9/2025 1:45:00 AM,1,PJM-RTO,,,ZONE,,17.800000,17.830313,0.018297,0.012015,True,1
9/9/2025 5:50:00 AM,9/9/2025 1:50:00 AM,1,PJM-RTO,,,ZONE,,17.870000,17.896343,0.012724,0.013619,True,1
9/9/2025 5:55:00 AM,9/9/2025 1:55:00 AM,1,PJM-RTO,,,ZONE,,16.710000,16.730306,0.009554,0.010751,True,1
9/9/2025 6:00:00 AM,9/9/2025 2:00:00 AM,1,PJM-RTO,,,ZONE,,16.890000,16.920021,0.019190,0.010831,True,1
9/9/2025 6:05:00 AM,9/9/2025 2:05:00 AM,1,PJM-RTO,,,ZONE,,16.570000,16.599235,0.017768,0.011467,True,1
9/9/2025 6:10:00 AM,9/9/2025 2:10:00 AM,1,PJM-RTO,,,ZONE,,16.030000,16.056375,0.012640,0.013735,True,1
9/9/2025 6:15:00 AM,9/9/2025 2:15:00 AM,1,PJM-RTO,,,ZONE,,15.400000,15.423893,0.009048,0.014845,True,1
9/9/2025 6:20:00 AM,9/9/2025 2:20:00 AM,1,PJM-RTO,,,ZONE,,15.150000,15.166103,0.004510,0.011593,True,1
9/9/2025 6:25:00 AM,9/9/2025 2:25:00 AM,1,PJM-RTO,,,ZONE,,14.780000,14.794239,0.006390,0.007849,True,1
9/9/2025 6:30:00 AM,9/9/2025 2:30:00 AM,1,PJM-RTO,,,ZONE,,14.690000,14.711339,0.006376,0.014963,True,1
9/9/2025 6:35:00 AM,9/9/2025 2:35:00 AM,1,PJM-RTO,,,ZONE,,15.580000,15.597262,0.009695,0.007567,True,1
9/9/2025 6:40:00 AM,9/9/2025 2:40:00 AM,1,PJM-RTO,,,ZONE,,14.780000,14.790982,0.006801,0.004181,True,1
9/9/2025 6:45:00 AM,9/9/2025 2:45:00 AM,1,PJM-RTO,,,ZONE,,15.170000,15.186080,0.006450,0.009631,True,1
9/9/2025 6:50:00 AM,9/9/2025 2:50:00 AM,1,PJM-RTO,,,ZONE,,14.590000,14.608428,0.004479,0.013949,True,1
9/9/2025 6:55:00 AM,9/9/2025 2:55:00 AM,1,PJM-RTO,,,ZONE,,14.950000,14.970223,0.007009,0.013215,True,1
9/9/2025 7:00:00 AM,9/9/2025 3:00:00 AM,1,PJM-RTO,,,ZONE,,15.900000,15.932923,0.018510,0.014413,True,1
9/9/2025 7:05:00 AM,9/9/2025 3:05:00 AM,1,PJM-RTO,,,ZONE,,16.570000,16.608168,0.026697,0.011471,True,1
9/9/2025 7:10:00 AM,9/9/2025 3:10:00 AM,1,PJM-RTO,,,ZONE,,15.890000,15.907106,0.011324,0.005782,True,1
9/9/2025 7:15:00 AM,9/9/2025 3:15:00 AM,1,PJM-RTO,,,ZONE,,15.620000,15.651317,0.017055,0.014262,True,1
9/9/2025 7:20:00 AM,9/9/2025 3:20:00 AM,1,PJM-RTO,,,ZONE,,15.170000,15.192464,0.008413,0.014051,True,1
9/9/2025 7:25:00 AM,9/9/2025 3:25:00 AM,1,PJM-RTO,,,ZONE,,15.100000,15.122007,0.014717,0.007290,True,1
9/9/2025 7:30:00 AM,9/9/2025 3:30:00 AM,1,PJM-RTO,,,ZONE,,15.370000,15.387178,0.010173,0.007005,True,1
9/9/2025 7:35:00 AM,9/9/2025 3:35:00 AM,1,PJM-RTO,,,ZONE,,15.820000,15.839070,0.007999,0.011071,True,1
9/9/2025 7:40:00 AM,9/9/2025 3:40:00 AM,1,PJM-RTO,,,ZONE,,16.610000,16.635038,0.015846,0.009192,True,1
9/9/2025 7:45:00 AM,9/9/2025 3:45:00 AM,1,PJM-RTO,,,ZONE,,16.660000,16.686134,0.012852,0.013282,True,1
9/9/2025 7:50:00 AM,9/9/2025 3:50:00 AM,1,PJM-RTO,,,ZONE,,16.030000,16.053230,0.012094,0.011135,True,1
9/9/2025 7:55:00 AM,9/9/2025 3:55:00 AM,1,PJM-RTO,,,ZONE,,15.790000,15.812512,0.011288,0.011224,True,1
9/9/2025 8:00:00 AM,9/9/2025 4:00:00 AM,1,PJM-RTO,,,ZONE,,15.020000,15.036591,0.006742,0.009849,True,1
9/9/2025 8:05:00 AM,9/9/2025 4:05:00 AM,1,PJM-RTO,,,ZONE,,15.270000,15.292651,0.008572,0.014079,True,1
9/9/2025 8:10:00 AM,9/9/2025 4:10:00 AM,1,PJM-RTO,,,ZONE,,15.200000,15.223027,0.010102,0.012925,True,1
9/9/2025 8:15:00 AM,9/9/2025 4:15:00 AM,1,PJM-RTO,,,ZONE,,15.860000,15.886598,0.017255,0.009343,True,1
9/9/2025 8:20:00 AM,9/9/2025 4:20:00 AM,1,PJM-RTO,,,ZONE,,16.190000,16.219268,0.017540,0.011727,True,1
9/9/2025 8:25:00 AM,9/9/2025 4:25:00 AM,1,PJM-RTO,,,ZONE,,15.940000,15.964363,0.013909,0.010453,True,1
9/9/2025 8:30:00 AM,9/9/2025 4:30:00 AM,1,PJM-RTO,,,ZONE,,16.190000,16.221341,0.016864,0.014476,True,1
9/9/2025 8:35:00 AM,9/9/2025 4:35:00 AM,1,PJM-RTO,,,ZONE,,15.970000,15.995951,0.014148,0.011803,True,1
9/9/2025 8:40:00 AM,9/9/2025 4:40:00 AM,1,PJM-RTO,,,ZONE,,16.580000,16.603644,0.015751,0.007893,True,1
9/9/2025 8:45:00 AM,9/9/2025 4:45:00 AM,1,PJM-RTO,,,ZONE,,15.250000,15.273411,0.009915,0.013495,True,1
9/9/2025 8:50:00 AM,9/9/2025 4:50:00 AM,1,PJM-RTO,,,ZONE,,16.290000,16.314487,0.012381,0.012106,True,1
9/9/2025 8:55:00 AM,9/9/2025 4:55:00 AM,1,PJM-RTO,,,ZONE,,17.750000,17.786534,0.027005,0.009530,True,1
9/9/2025 9:00:00 AM,9/9/2025 5:00:00 AM,1,PJM-RTO,,,ZONE,,17.790000,17.815928,0.011685,0.014243,True,1
9/9/2025 9:05:00 AM,9/9/2025 5:05:00 AM,1,PJM-RTO,,,ZONE,,17.750000,17.774247,0.011377,0.012869,True,1
9/9/2025 9:10:00 AM,9/9/2025 5:10:00 AM,1,PJM-RTO,,,ZONE,,16.810000,16.826485,0.004222,0.012263,True,1
9/9/2025 9:15:00 AM,9/9/2025 5:15:00 AM,1,PJM-RTO,,,ZONE,,17.550000,17.573223,0.013668,0.009554,True,1
9/9/2025 9:20:00 AM,9/9/2025 5:20:00 AM,1,PJM-RTO,,,ZONE,,18.890000,18.902501,0.000000,0.012501,True,1
9/9/2025 9:25:00 AM,9/9/2025 5:25:00 AM,1,PJM-RTO,,,ZONE,,19.170000,19.187009,0.002041,0.014968,True,1
9/9/2025 9:30:00 AM,9/9/2025 5:30:00 AM,1,PJM-RTO,,,ZONE,,19.300000,19.316488,0.004845,0.011643,True,1
9/9/2025 9:35:00 AM,9/9/2025 5:35:00 AM,1,PJM-RTO,,,ZONE,,19.350000,19.363793,0.002370,0.011424,True,1
9/9/2025 9:40:00 AM,9/9/2025 5:40:00 AM,1,PJM-RTO,,,ZONE,,22.710000,22.726200,0.000628,0.015572,True,1
9/9/2025 9:45:00 AM,9/9/2025 5:45:00 AM,1,PJM-RTO,,,ZONE,,21.210000,21.225133,0.001129,0.014004,True,1
9/9/2025 9:50:00 AM,9/9/2025 5:50:00 AM,1,PJM-RTO,,,ZONE,,21.050000,21.058427,0.000000,0.008427,True,1
9/9/2025 9:55:00 AM,9/9/2025 5:55:00 AM,1,PJM-RTO,,,ZONE,,21.570000,21.583888,0.001549,0.012340,True,1
9/9/2025 10:00:00 AM,9/9/2025 6:00:00 AM,1,PJM-RTO,,,ZONE,,22.450000,22.471883,0.002283,0.019601,True,1
9/9/2025 10:05:00 AM,9/9/2025 6:05:00 AM,1,PJM-RTO,,,ZONE,,25.540000,25.582310,0.024017,0.018293,True,1
9/9/2025 10:10:00 AM,9/9/2025 6:10:00 AM,1,PJM-RTO,,,ZONE,,26.740000,26.777029,0.014762,0.022267,True,1
9/9/2025 10:15:00 AM,9/9/2025 6:15:00 AM,1,PJM-RTO,,,ZONE,,25.750000,25.776657,0.014238,0.012418,True,1
9/9/2025 10:20:00 AM,9/9/2025 6:20:00 AM,1,PJM-RTO,,,ZONE,,28.360000,28.386980,0.006482,0.020497,True,1
9/9/2025 10:25:00 AM,9/9/2025 6:25:00 AM,1,PJM-RTO,,,ZONE,,30.630000,30.661514,0.011763,0.019750,True,1
9/9/2025 10:30:00 AM,9/9/2025 6:30:00 AM,1,PJM-RTO,,,ZONE,,31.600000,31.634200,0.011260,0.022940,True,1
9/9/2025 10:35:00 AM,9/9/2025 6:35:00 AM,1,PJM-RTO,,,ZONE,,32.120000,32.149711,0.010759,0.018953,True,1
9/9/2025 10:40:00 AM,9/9/2025 6:40:00 AM,1,PJM-RTO,,,ZONE,,27.280000,27.300746,0.009123,0.011623,True,1
9/9/2025 10:45:00 AM,9/9/2025 6:45:00 AM,1,PJM-RTO,,,ZONE,,26.150000,26.316637,0.152336,0.014300,True,1
9/9/2025 10:50:00 AM,9/9/2025 6:50:00 AM,1,PJM-RTO,,,ZONE,,29.660000,29.698298,0.023891,0.014408,True,1
9/9/2025 10:55:00 AM,9/9/2025 6:55:00 AM,1,PJM-RTO,,,ZONE,,51.620000,51.831886,0.184745,0.027142,True,1
9/9/2025 11:00:00 AM,9/9/2025 7:00:00 AM,1,PJM-RTO,,,ZONE,,32.910000,32.948598,0.019899,0.018699,True,1
9/9/2025 11:05:00 AM,9/9/2025 7:05:00 AM,1,PJM-RTO,,,ZONE,,30.250000,30.264948,0.000834,0.014114,True,1
9/9/2025 11:10:00 AM,9/9/2025 7:10:00 AM,1,PJM-RTO,,,ZONE,,27.740000,27.782412,0.028878,0.013534,True,1
9/9/2025 11:15:00 AM,9/9/2025 7:15:00 AM,1,PJM-RTO,,,ZONE,,27.450000,27.465155,0.004090,0.011064,True,1
9/9/2025 11:20:00 AM,9/9/2025 7:20:00 AM,1,PJM-RTO,,,ZONE,,26.680000,26.698024,0.003739,0.014285,True,1
9/9/2025 11:25:00 AM,9/9/2025 7:25:00 AM,1,PJM-RTO,,,ZONE,,28.400000,28.423072,0.004998,0.018074,True,1
9/9/2025 11:30:00 AM,9/9/2025 7:30:00 AM,1,PJM-RTO,,,ZONE,,27.270000,27.292163,0.003953,0.018210,True,1
9/9/2025 11:35:00 AM,9/9/2025 7:35:00 AM,1,PJM-RTO,,,ZONE,,26.380000,26.402458,0.003469,0.018989,True,1
9/9/2025 11:40:00 AM,9/9/2025 7:40:00 AM,1,PJM-RTO,,,ZONE,,26.710000,26.734041,0.004764,0.019277,True,1
9/9/2025 11:45:00 AM,9/9/2025 7:45:00 AM,1,PJM-RTO,,,ZONE,,27.710000,27.735985,0.005025,0.020960,True,1
9/9/2025 11:50:00 AM,9/9/2025 7:50:00 AM,1,PJM-RTO,,,ZONE,,18.540000,18.555546,0.000648,0.014898,True,1
9/9/2025 11:55:00 AM,9/9/2025 7:55:00 AM,1,PJM-RTO,,,ZONE,,19.610000,19.623531,0.000000,0.013531,True,1
9/9/2025 12:00:00 PM,9/9/2025 8:00:00 AM,1,PJM-RTO,,,ZONE,,19.730000,19.745860,0.000392,0.015468,True,1
9/9/2025 12:05:00 PM,9/9/2025 8:05:00 AM,1,PJM-RTO,,,ZONE,,26.460000,26.479231,0.000000,0.019231,True,1
9/9/2025 12:10:00 PM,9/9/2025 8:10:00 AM,1,PJM-RTO,,,ZONE,,21.430000,21.446828,0.001483,0.015345,True,1
9/9/2025 12:15:00 PM,9/9/2025 8:15:00 AM,1,PJM-RTO,,,ZONE,,19.020000,19.032253,0.000000,0.012253,True,1
9/9/2025 12:20:00 PM,9/9/2025 8:20:00 AM,1,PJM-RTO,,,ZONE,,19.140000,19.146424,0.000000,0.006424,True,1
9/9/2025 12:25:00 PM,9/9/2025 8:25:00 AM,1,PJM-RTO,,,ZONE,,18.790000,18.804496,0.000265,0.014231,True,1
9/9/2025 12:30:00 PM,9/9/2025 8:30:00 AM,1,PJM-RTO,,,ZONE,,18.410000,18.421691,0.000000,0.011691,True,1
9/9/2025 12:35:00 PM,9/9/2025 8:35:00 AM,1,PJM-RTO,,,ZONE,,17.800000,17.804752,0.000000,0.004752,True,1
9/9/2025 12:40:00 PM,9/9/2025 8:40:00 AM,1,PJM-RTO,,,ZONE,,18.060000,18.069850,0.000000,0.009850,True,1
9/9/2025 12:45:00 PM,9/9/2025 8:45:00 AM,1,PJM-RTO,,,ZONE,,18.570000,18.578608,0.000000,0.008608,True,1
9/9/2025 12:50:00 PM,9/9/2025 8:50:00 AM,1,PJM-RTO,,,ZONE,,18.090000,18.104661,0.000000,0.014661,True,1
9/9/2025 12:55:00 PM,9/9/2025 8:55:00 AM,1,PJM-RTO,,,ZONE,,17.470000,17.478335,0.000000,0.008335,True,1
9/9/2025 1:00:00 PM,9/9/2025 9:00:00 AM,1,PJM-RTO,,,ZONE,,17.080000,17.088959,0.000000,0.008959,True,1
9/9/2025 1:05:00 PM,9/9/2025 9:05:00 AM,1,PJM-RTO,,,ZONE,,16.610000,16.617068,0.000000,0.007068,True,1
9/9/2025 1:10:00 PM,9/9/2025 9:10:00 AM,1,PJM-RTO,,,ZONE,,16.690000,16.701234,0.000000,0.011234,True,1
9/9/2025 1:15:00 PM,9/9/2025 9:15:00 AM,1,PJM-RTO,,,ZONE,,16.810000,16.821643,0.000000,0.011643,True,1
9/9/2025 1:20:00 PM,9/9/2025 9:20:00 AM,1,PJM-RTO,,,ZONE,,16.730000,16.741292,0.000000,0.011292,True,1
9/9/2025 1:25:00 PM,9/9/2025 9:25:00 AM,1,PJM-RTO,,,ZONE,,17.290000,17.300605,0.000000,0.010605,True,1
9/9/2025 1:30:00 PM,9/9/2025 9:30:00 AM,1,PJM-RTO,,,ZONE,,16.720000,16.729327,0.000000,0.009327,True,1
9/9/2025 1:35:00 PM,9/9/2025 9:35:00 AM,1,PJM-RTO,,,ZONE,,16.430000,16.438917,0.000000,0.008917,True,1
9/9/2025 1:40:00 PM,9/9/2025 9:40:00 AM,1,PJM-RTO,,,ZONE,,17.190000,17.202629,0.000000,0.012629,True,1
9/9/2025 1:45:00 PM,9/9/2025 9:45:00 AM,1,PJM-RTO,,,ZONE,,16.780000,16.791273,0.000000,0.011273,True,1
9/9/2025 1:50:00 PM,9/9/2025 9:50:00 AM,1,PJM-RTO,,,ZONE,,17.250000,17.260806,0.000000,0.010806,True,1
9/9/2025 1:55:00 PM,9/9/2025 9:55:00 AM,1,PJM-RTO,,,ZONE,,16.960000,16.965521,0.000000,0.005521,True,1
9/9/2025 2:00:00 PM,9/9/2025 10:00:00 AM,1,PJM-RTO,,,ZONE,,17.900000,17.914161,0.000000,0.014161,True,1
9/9/2025 2:05:00 PM,9/9/2025 10:05:00 AM,1,PJM-RTO,,,ZONE,,18.500000,18.506730,-0.000030,0.006761,True,1
9/9/2025 2:10:00 PM,9/9/2025 10:10:00 AM,1,PJM-RTO,,,ZONE,,18.610000,18.624048,0.000338,0.013709,True,1
9/9/2025 2:15:00 PM,9/9/2025 10:15:00 AM,1,PJM-RTO,,,ZONE,,19.490000,19.504646,0.000000,0.014646,True,1
9/9/2025 2:20:00 PM,9/9/2025 10:20:00 AM,1,PJM-RTO,,,ZONE,,19.050000,19.063505,0.000000,0.013505,True,1
9/9/2025 2:25:00 PM,9/9/2025 10:25:00 AM,1,PJM-RTO,,,ZONE,,20.420000,20.432754,0.001386,0.011368,True,1
9/9/2025 2:30:00 PM,9/9/2025 10:30:00 AM,1,PJM-RTO,,,ZONE,,24.440000,24.459532,0.002779,0.016753,True,1
9/9/2025 2:35:00 PM,9/9/2025 10:35:00 AM,1,PJM-RTO,,,ZONE,,21.490000,21.504390,0.001002,0.013388,True,1
9/9/2025 2:40:00 PM,9/9/2025 10:40:00 AM,1,PJM-RTO,,,ZONE,,21.740000,21.757730,0.001443,0.016286,True,1
9/9/2025 2:45:00 PM,9/9/2025 10:45:00 AM,1,PJM-RTO,,,ZONE,,21.780000,21.788396,0.001524,0.006872,True,1
9/9/2025 2:50:00 PM,9/9/2025 10:50:00 AM,1,PJM-RTO,,,ZONE,,22.680000,22.698702,0.002322,0.016380,True,1
9/9/2025 2:55:00 PM,9/9/2025 10:55:00 AM,1,PJM-RTO,,,ZONE,,23.940000,23.954161,0.000000,0.014161,True,1
9/9/2025 3:00:00 PM,9/9/2025 11:00:00 AM,1,PJM-RTO,,,ZONE,,24.250000,24.267119,0.000000,0.017119,True,1
9/9/2025 3:05:00 PM,9/9/2025 11:05:00 AM,1,PJM-RTO,,,ZONE,,23.660000,23.670205,0.000000,0.010205,True,1
9/9/2025 3:10:00 PM,9/9/2025 11:10:00 AM,1,PJM-RTO,,,ZONE,,23.750000,23.767474,0.000000,0.017474,True,1
9/9/2025 3:15:00 PM,9/9/2025 11:15:00 AM,1,PJM-RTO,,,ZONE,,25.540000,25.557026,0.003316,0.013710,True,1
9/9/2025 3:20:00 PM,9/9/2025 11:20:00 AM,1,PJM-RTO,,,ZONE,,23.990000,24.002219,0.003038,0.009181,True,1
9/9/2025 3:25:00 PM,9/9/2025 11:25:00 AM,1,PJM-RTO,,,ZONE,,23.710000,23.730325,0.002652,0.017673,True,1
9/9/2025 3:30:00 PM,9/9/2025 11:30:00 AM,1,PJM-RTO,,,ZONE,,23.240000,23.252020,0.001837,0.010183,True,1
9/9/2025 3:35:00 PM,9/9/2025 11:35:00 AM,1,PJM-RTO,,,ZONE,,21.010000,21.019314,0.001002,0.008313,True,1
9/9/2025 3:40:00 PM,9/9/2025 11:40:00 AM,1,PJM-RTO,,,ZONE,,23.100000,23.112798,0.001364,0.011434,True,1
9/9/2025 3:45:00 PM,9/9/2025 11:45:00 AM,1,PJM-RTO,,,ZONE,,22.990000,23.005863,0.001177,0.014686,True,1
9/9/2025 3:50:00 PM,9/9/2025 11:50:00 AM,1,PJM-RTO,,,ZONE,,21.090000,21.100500,0.000860,0.009640,True,1
9/9/2025 3:55:00 PM,9/9/2025 11:55:00 AM,1,PJM-RTO,,,ZONE,,21.930000,21.942364,0.001154,0.011210,True,1
9/9/2025 4:00:00 PM,9/9/2025 12:00:00 PM,1,PJM-RTO,,,ZONE,,20.840000,20.850694,0.001210,0.009484,True,1
9/9/2025 4:05:00 PM,9/9/2025 12:05:00 PM,1,PJM-RTO,,,ZONE,,19.910000,19.918138,0.001078,0.007061,True,1
9/9/2025 4:10:00 PM,9/9/2025 12:10:00 PM,1,PJM-RTO,,,ZONE,,26.490000,26.505675,0.004022,0.011653,True,1
9/9/2025 4:15:00 PM,9/9/2025 12:15:00 PM,1,PJM-RTO,,,ZONE,,21.600000,21.612978,0.001636,0.011342,True,1
9/9/2025 4:20:00 PM,9/9/2025 12:20:00 PM,1,PJM-RTO,,,ZONE,,22.900000,22.913586,0.001795,0.011790,True,1
9/9/2025 4:25:00 PM,9/9/2025 12:25:00 PM,1,PJM-RTO,,,ZONE,,22.990000,23.007291,0.001998,0.015293,True,1
9/9/2025 4:30:00 PM,9/9/2025 12:30:00 PM,1,PJM-RTO,,,ZONE,,25.080000,25.097314,0.002573,0.014741,True,1
9/9/2025 4:35:00 PM,9/9/2025 12:35:00 PM,1,PJM-RTO,,,ZONE,,23.440000,23.449797,0.002135,0.007662,True,1
9/9/2025 4:40:00 PM,9/9/2025 12:40:00 PM,1,PJM-RTO,,,ZONE,,24.520000,24.535956,0.001898,0.014057,True,1
9/9/2025 4:45:00 PM,9/9/2025 12:45:00 PM,1,PJM-RTO,,,ZONE,,23.800000,23.817612,0.002668,0.014944,True,1
9/9/2025 4:50:00 PM,9/9/2025 12:50:00 PM,1,PJM-RTO,,,ZONE,,23.640000,23.655912,0.002503,0.013409,True,1
9/9/2025 4:55:00 PM,9/9/2025 12:55:00 PM,1,PJM-RTO,,,ZONE,,23.760000,23.772843,0.002573,0.010270,True,1
9/9/2025 5:00:00 PM,9/9/2025 1:00:00 PM,1,PJM-RTO,,,ZONE,,22.220000,22.231001,0.001755,0.009245,True,1
9/9/2025 5:05:00 PM,9/9/2025 1:05:00 PM,1,PJM-RTO,,,ZONE,,23.740000,23.753679,0.002725,0.010953,True,1
9/9/2025 5:10:00 PM,9/9/2025 1:10:00 PM,1,PJM-RTO,,,ZONE,,23.810000,23.830243,0.002866,0.017377,True,1
9/9/2025 5:15:00 PM,9/9/2025 1:15:00 PM,1,PJM-RTO,,,ZONE,,23.440000,23.458676,0.002558,0.016118,True,1
9/9/2025 5:20:00 PM,9/9/2025 1:20:00 PM,1,PJM-RTO,,,ZONE,,23.060000,23.069693,0.001921,0.007772,True,1
9/9/2025 5:25:00 PM,9/9/2025 1:25:00 PM,1,PJM-RTO,,,ZONE,,22.600000,22.611623,0.002178,0.009445,True,1
9/9/2025 5:30:00 PM,9/9/2025 1:30:00 PM,1,PJM-RTO,,,ZONE,,21.960000,21.972181,0.005490,0.006691,True,1
9/9/2025 5:35:00 PM,9/9/2025 1:35:00 PM,1,PJM-RTO,,,ZONE,,19.100000,19.107672,0.000206,0.007466,True,1
9/9/2025 5:40:00 PM,9/9/2025 1:40:00 PM,1,PJM-RTO,,,ZONE,,25.930000,25.948690,0.003126,0.015565,True,1
9/9/2025 5:45:00 PM,9/9/2025 1:45:00 PM,1,PJM-RTO,,,ZONE,,25.790000,25.810664,0.002155,0.018510,True,1
9/9/2025 5:50:00 PM,9/9/2025 1:50:00 PM,1,PJM-RTO,,,ZONE,,24.030000,24.043170,0.001701,0.011469,True,1
9/9/2025 5:55:00 PM,9/9/2025 1:55:00 PM,1,PJM-RTO,,,ZONE,,23.310000,23.329964,0.001768,0.018196,True,1
9/9/2025 6:00:00 PM,9/9/2025 2:00:00 PM,1,PJM-RTO,,,ZONE,,25.770000,25.788112,0.002100,0.016012,True,1
9/9/2025 6:05:00 PM,9/9/2025 2:05:00 PM,1,PJM-RTO,,,ZONE,,26.470000,26.490181,0.003715,0.016466,True,1
9/9/2025 6:10:00 PM,9/9/2025 2:10:00 PM,1,PJM-RTO,,,ZONE,,24.250000,24.264560,0.001416,0.013143,True,1
9/9/2025 6:15:00 PM,9/9/2025 2:15:00 PM,1,PJM-RTO,,,ZONE,,25.880000,25.907904,0.010872,0.017032,True,1
9/9/2025 6:20:00 PM,9/9/2025 2:20:00 PM,1,PJM-RTO,,,ZONE,,55.730000,55.918957,0.164070,0.024888,True,1
9/9/2025 6:25:00 PM,9/9/2025 2:25:00 PM,1,PJM-RTO,,,ZONE,,48.890000,49.060272,0.146014,0.024258,True,1
9/9/2025 6:30:00 PM,9/9/2025 2:30:00 PM,1,PJM-RTO,,,ZONE,,44.930000,45.111916,0.156208,0.025708,True,1
9/9/2025 6:35:00 PM,9/9/2025 2:35:00 PM,1,PJM-RTO,,,ZONE,,47.060000,47.318089,0.229172,0.028917,True,1
9/9/2025 6:40:00 PM,9/9/2025 2:40:00 PM,1,PJM-RTO,,,ZONE,,29.220000,29.285976,0.054623,0.011352,True,1
9/9/2025 6:45:00 PM,9/9/2025 2:45:00 PM,1,PJM-RTO,,,ZONE,,29.560000,29.625736,0.050521,0.015215,True,1
9/9/2025 6:50:00 PM,9/9/2025 2:50:00 PM,1,PJM-RTO,,,ZONE,,24.380000,24.399865,0.009060,0.010805,True,1
9/9/2025 6:55:00 PM,9/9/2025 2:55:00 PM,1,PJM-RTO,,,ZONE,,29.080000,29.172996,0.078555,0.014441,True,1
9/9/2025 7:00:00 PM,9/9/2025 3:00:00 PM,1,PJM-RTO,,,ZONE,,28.990000,29.020832,0.017061,0.013771,True,1
9/9/2025 7:05:00 PM,9/9/2025 3:05:00 PM,1,PJM-RTO,,,ZONE,,29.490000,29.529618,0.022504,0.017114,True,1
9/9/2025 7:10:00 PM,9/9/2025 3:10:00 PM,1,PJM-RTO,,,ZONE,,29.100000,29.138181,0.021446,0.016735,True,1
9/9/2025 7:15:00 PM,9/9/2025 3:15:00 PM,1,PJM-RTO,,,ZONE,,27.680000,27.710724,0.013257,0.017468,True,1
9/9/2025 7:20:00 PM,9/9/2025 3:20:00 PM,1,PJM-RTO,,,ZONE,,49.580000,49.849489,0.243168,0.026321,True,1
9/9/2025 7:25:00 PM,9/9/2025 3:25:00 PM,1,PJM-RTO,,,ZONE,,31.080000,31.246959,0.152936,0.014023,True,1
9/9/2025 7:30:00 PM,9/9/2025 3:30:00 PM,1,PJM-RTO,,,ZONE,,35.890000,36.081719,0.170053,0.021667,True,1
9/9/2025 7:35:00 PM,9/9/2025 3:35:00 PM,1,PJM-RTO,,,ZONE,,29.110000,29.242991,0.112849,0.020141,True,1
9/9/2025 7:40:00 PM,9/9/2025 3:40:00 PM,1,PJM-RTO,,,ZONE,,30.490000,30.580806,0.077294,0.013512,True,1
9/9/2025 7:45:00 PM,9/9/2025 3:45:00 PM,1,PJM-RTO,,,ZONE,,27.660000,27.759677,0.087551,0.012126,True,1
9/9/2025 7:50:00 PM,9/9/2025 3:50:00 PM,1,PJM-RTO,,,ZONE,,31.010000,31.123842,0.101115,0.012726,True,1
9/9/2025 7:55:00 PM,9/9/2025 3:55:00 PM,1,PJM-RTO,,,ZONE,,27.590000,27.607183,0.006176,0.011007,True,1
9/9/2025 8:00:00 PM,9/9/2025 4:00:00 PM,1,PJM-RTO,,,ZONE,,25.500000,25.633630,0.116842,0.016788,True,1
9/9/2025 8:05:00 PM,9/9/2025 4:05:00 PM,1,PJM-RTO,,,ZONE,,23.180000,23.224253,0.031737,0.012516,True,1
9/9/2025 8:10:00 PM,9/9/2025 4:10:00 PM,1,PJM-RTO,,,ZONE,,30.540000,30.815083,0.257640,0.017443,True,1
9/9/2025 8:15:00 PM,9/9/2025 4:15:00 PM,1,PJM-RTO,,,ZONE,,25.260000,25.528941,0.256198,0.012744,True,1
9/9/2025 8:20:00 PM,9/9/2025 4:20:00 PM,1,PJM-RTO,,,ZONE,,22.880000,22.925132,0.034501,0.010631,True,1
9/9/2025 8:25:00 PM,9/9/2025 4:25:00 PM,1,PJM-RTO,,,ZONE,,23.570000,23.585829,0.002351,0.013478,True,1
9/9/2025 8:30:00 PM,9/9/2025 4:30:00 PM,1,PJM-RTO,,,ZONE,,23.030000,23.045795,0.002224,0.013570,True,1
9/9/2025 8:35:00 PM,9/9/2025 4:35:00 PM,1,PJM-RTO,,,ZONE,,28.570000,28.585947,0.003226,0.012721,True,1
9/9/2025 8:40:00 PM,9/9/2025 4:40:00 PM,1,PJM-RTO,,,ZONE,,27.670000,27.689357,0.006356,0.013001,True,1
9/9/2025 8:45:00 PM,9/9/2025 4:45:00 PM,1,PJM-RTO,,,ZONE,,25.990000,26.008498,0.002450,0.016047,True,1
9/9/2025 8:50:00 PM,9/9/2025 4:50:00 PM,1,PJM-RTO,,,ZONE,,32.510000,32.603267,0.077431,0.015836,True,1
9/9/2025 8:55:00 PM,9/9/2025 4:55:00 PM,1,PJM-RTO,,,ZONE,,31.600000,31.805809,0.187077,0.018732,True,1
9/9/2025 9:00:00 PM,9/9/2025 5:00:00 PM,1,PJM-RTO,,,ZONE,,23.470000,23.479925,0.002064,0.007861,True,1
9/9/2025 9:05:00 PM,9/9/2025 5:05:00 PM,1,PJM-RTO,,,ZONE,,25.580000,25.728559,0.135324,0.013235,True,1
9/9/2025 9:10:00 PM,9/9/2025 5:10:00 PM,1,PJM-RTO,,,ZONE,,32.420000,32.685020,0.248093,0.016926,True,1
9/9/2025 9:15:00 PM,9/9/2025 5:15:00 PM,1,PJM-RTO,,,ZONE,,27.180000,27.193734,0.002506,0.011228,True,1
9/9/2025 9:20:00 PM,9/9/2025 5:20:00 PM,1,PJM-RTO,,,ZONE,,32.740000,32.882938,0.130477,0.012461,True,1
9/9/2025 9:25:00 PM,9/9/2025 5:25:00 PM,1,PJM-RTO,,,ZONE,,29.080000,29.094940,0.002940,0.012000,True,1
9/9/2025 9:30:00 PM,9/9/2025 5:30:00 PM,1,PJM-RTO,,,ZONE,,36.460000,36.551201,0.076505,0.014696,True,1
9/9/2025 9:35:00 PM,9/9/2025 5:35:00 PM,1,PJM-RTO,,,ZONE,,40.520000,40.543376,0.004562,0.018814,True,1
9/9/2025 9:40:00 PM,9/9/2025 5:40:00 PM,1,PJM-RTO,,,ZONE,,36.150000,36.245521,0.076065,0.019456,True,1
9/9/2025 9:45:00 PM,9/9/2025 5:45:00 PM,1,PJM-RTO,,,ZONE,,32.520000,32.549691,0.014076,0.015614,True,1
9/9/2025 9:50:00 PM,9/9/2025 5:50:00 PM,1,PJM-RTO,,,ZONE,,34.860000,34.885409,0.005160,0.020249,True,1
9/9/2025 9:55:00 PM,9/9/2025 5:55:00 PM,1,PJM-RTO,,,ZONE,,26.890000,26.910503,0.004425,0.016079,True,1
9/9/2025 10:00:00 PM,9/9/2025 6:00:00 PM,1,PJM-RTO,,,ZONE,,25.780000,25.795288,0.001843,0.013445,True,1
9/9/2025 10:05:00 PM,9/9/2025 6:05:00 PM,1,PJM-RTO,,,ZONE,,25.070000,25.078767,0.001077,0.007689,True,1
9/9/2025 10:10:00 PM,9/9/2025 6:10:00 PM,1,PJM-RTO,,,ZONE,,29.040000,29.055451,0.001350,0.014101,True,1
9/9/2025 10:15:00 PM,9/9/2025 6:15:00 PM,1,PJM-RTO,,,ZONE,,39.400000,39.584188,0.168699,0.015489,True,1
9/9/2025 10:20:00 PM,9/9/2025 6:20:00 PM,1,PJM-RTO,,,ZONE,,46.520000,46.622111,0.074775,0.027336,True,1
9/9/2025 10:25:00 PM,9/9/2025 6:25:00 PM,1,PJM-RTO,,,ZONE,,55.040000,55.274820,0.204350,0.030470,True,1
9/9/2025 10:30:00 PM,9/9/2025 6:30:00 PM,1,PJM-RTO,,,ZONE,,44.010000,44.081376,0.050090,0.021286,True,1
9/9/2025 10:35:00 PM,9/9/2025 6:35:00 PM,1,PJM-RTO,,,ZONE,,39.370000,39.519334,0.131625,0.017709,True,1
9/9/2025 10:40:00 PM,9/9/2025 6:40:00 PM,1,PJM-RTO,,,ZONE,,42.890000,42.979061,0.060107,0.028954,True,1
9/9/2025 10:45:00 PM,9/9/2025 6:45:00 PM,1,PJM-RTO,,,ZONE,,58.330000,58.712636,0.352321,0.030315,True,1
9/9/2025 10:50:00 PM,9/9/2025 6:50:00 PM,1,PJM-RTO,,,ZONE,,56.570000,56.690581,0.086147,0.034434,True,1
9/9/2025 10:55:00 PM,9/9/2025 6:55:00 PM,1,PJM-RTO,,,ZONE,,43.550000,43.647984,0.069038,0.028946,True,1
9/9/2025 11:00:00 PM,9/9/2025 7:00:00 PM,1,PJM-RTO,,,ZONE,,44.630000,44.666868,0.014095,0.022773,True,1
9/9/2025 11:05:00 PM,9/9/2025 7:05:00 PM,1,PJM-RTO,,,ZONE,,50.350000,50.415518,0.049539,0.015978,True,1
9/9/2025 11:10:00 PM,9/9/2025 7:10:00 PM,1,PJM-RTO,,,ZONE,,40.940000,40.994125,0.036778,0.017347,True,1
9/9/2025 11:15:00 PM,9/9/2025 7:15:00 PM,1,PJM-RTO,,,ZONE,,35.530000,35.712842,0.163487,0.019354,True,1
9/9/2025 11:20:00 PM,9/9/2025 7:20:00 PM,1,PJM-RTO,,,ZONE,,53.170000,53.388774,0.193260,0.025514,True,1
9/9/2025 11:25:00 PM,9/9/2025 7:25:00 PM,1,PJM-RTO,,,ZONE,,41.270000,41.418322,0.128250,0.020072,True,1
9/9/2025 11:30:00 PM,9/9/2025 7:30:00 PM,1,PJM-RTO,,,ZONE,,39.400000,39.578454,0.155712,0.022742,True,1
9/9/2025 11:35:00 PM,9/9/2025 7:35:00 PM,1,PJM-RTO,,,ZONE,,31.440000,31.491876,0.028724,0.023153,True,1
9/9/2025 11:40:00 PM,9/9/2025 7:40:00 PM,1,PJM-RTO,,,ZONE,,40.850000,40.942568,0.070020,0.022548,True,1
9/9/2025 11:45:00 PM,9/9/2025 7:45:00 PM,1,PJM-RTO,,,ZONE,,42.740000,42.850974,0.076583,0.034391,True,1
9/9/2025 11:50:00 PM,9/9/2025 7:50:00 PM,1,PJM-RTO,,,ZONE,,139.890000,140.216290,0.249055,0.077234,True,1
9/9/2025 11:55:00 PM,9/9/2025 7:55:00 PM,1,PJM-RTO,,,ZONE,,141.480000,141.831207,0.270484,0.080722,True,1
9/10/2025 12:00:00 AM,9/9/2025 8:00:00 PM,1,PJM-RTO,,,ZONE,,115.370000,115.796244,0.353387,0.072858,True,1
9/10/2025 12:05:00 AM,9/9/2025 8:05:00 PM,1,PJM-RTO,,,ZONE,,73.170000,73.462007,0.246511,0.045496,True,1
9/10/2025 12:10:00 AM,9/9/2025 8:10:00 PM,1,PJM-RTO,,,ZONE,,70.680000,70.980043,0.257108,0.042935,True,1
9/10/2025 12:15:00 AM,9/9/2025 8:15:00 PM,1,PJM-RTO,,,ZONE,,96.830000,97.009741,0.123973,0.055769,True,1
9/10/2025 12:20:00 AM,9/9/2025 8:20:00 PM,1,PJM-RTO,,,ZONE,,41.960000,42.046249,0.059179,0.027070,True,1
9/10/2025 12:25:00 AM,9/9/2025 8:25:00 PM,1,PJM-RTO,,,ZONE,,34.970000,35.017877,0.032898,0.014979,True,1
9/10/2025 12:30:00 AM,9/9/2025 8:30:00 PM,1,PJM-RTO,,,ZONE,,38.520000,38.575214,0.037709,0.017505,True,1
9/10/2025 12:35:00 AM,9/9/2025 8:35:00 PM,1,PJM-RTO,,,ZONE,,36.920000,37.100084,0.162808,0.017276,True,1
9/10/2025 12:40:00 AM,9/9/2025 8:40:00 PM,1,PJM-RTO,,,ZONE,,35.730000,35.871263,0.120090,0.021173,True,1
9/10/2025 12:45:00 AM,9/9/2025 8:45:00 PM,1,PJM-RTO,,,ZONE,,39.570000,39.701837,0.115561,0.016276,True,1
9/10/2025 12:50:00 AM,9/9/2025 8:50:00 PM,1,PJM-RTO,,,ZONE,,38.830000,39.014236,0.169742,0.014494,True,1
9/10/2025 12:55:00 AM,9/9/2025 8:55:00 PM,1,PJM-RTO,,,ZONE,,41.140000,41.354553,0.194230,0.020323,True,1
9/10/2025 1:00:00 AM,9/9/2025 9:00:00 PM,1,PJM-RTO,,,ZONE,,63.140000,63.295870,0.117168,0.038702,True,1
9/10/2025 1:05:00 AM,9/9/2025 9:05:00 PM,1,PJM-RTO,,,ZONE,,42.430000,42.500494,0.047565,0.022929,True,1
9/10/2025 1:10:00 AM,9/9/2025 9:10:00 PM,1,PJM-RTO,,,ZONE,,43.030000,43.134917,0.074911,0.030005,True,1
9/10/2025 1:15:00 AM,9/9/2025 9:15:00 PM,1,PJM-RTO,,,ZONE,,36.810000,36.866305,0.038468,0.017837,True,1
9/10/2025 1:20:00 AM,9/9/2025 9:20:00 PM,1,PJM-RTO,,,ZONE,,45.540000,45.784297,0.221416,0.022882,True,1
9/10/2025 1:25:00 AM,9/9/2025 9:25:00 PM,1,PJM-RTO,,,ZONE,,39.080000,39.247906,0.146984,0.020921,True,1
9/10/2025 1:30:00 AM,9/9/2025 9:30:00 PM,1,PJM-RTO,,,ZONE,,29.690000,29.747503,0.037125,0.020378,True,1
9/10/2025 1:35:00 AM,9/9/2025 9:35:00 PM,1,PJM-RTO,,,ZONE,,32.980000,33.041735,0.045943,0.015792,True,1
9/10/2025 1:40:00 AM,9/9/2025 9:40:00 PM,1,PJM-RTO,,,ZONE,,31.140000,31.200753,0.039616,0.021137,True,1
9/10/2025 1:45:00 AM,9/9/2025 9:45:00 PM,1,PJM-RTO,,,ZONE,,26.760000,26.862242,0.082790,0.019452,True,1
9/10/2025 1:50:00 AM,9/9/2025 9:50:00 PM,1,PJM-RTO,,,ZONE,,27.720000,27.759185,0.026459,0.012726,True,1
9/10/2025 1:55:00 AM,9/9/2025 9:55:00 PM,1,PJM-RTO,,,ZONE,,22.690000,22.739908,0.034742,0.015166,True,1
9/10/2025 2:00:00 AM,9/9/2025 10:00:00 PM,1,PJM-RTO,,,ZONE,,36.110000,36.236904,0.105564,0.021340,True,1
9/10/2025 2:05:00 AM,9/9/2025 10:05:00 PM,1,PJM-RTO,,,ZONE,,42.540000,42.828606,0.266038,0.022568,True,1
9/10/2025 2:10:00 AM,9/9/2025 10:10:00 PM,1,PJM-RTO,,,ZONE,,29.840000,30.026663,0.173075,0.013588,True,1
9/10/2025 2:15:00 AM,9/9/2025 10:15:00 PM,1,PJM-RTO,,,ZONE,,40.810000,40.889877,0.053748,0.026129,True,1
9/10/2025 2:20:00 AM,9/9/2025 10:20:00 PM,1,PJM-RTO,,,ZONE,,28.300000,28.367513,0.050976,0.016537,True,1
9/10/2025 2:25:00 AM,9/9/2025 10:25:00 PM,1,PJM-RTO,,,ZONE,,31.830000,31.904003,0.053001,0.021002,True,1
9/10/2025 2:30:00 AM,9/9/2025 10:30:00 PM,1,PJM-RTO,,,ZONE,,38.580000,38.664696,0.059132,0.025564,True,1
9/10/2025 2:35:00 AM,9/9/2025 10:35:00 PM,1,PJM-RTO,,,ZONE,,33.280000,33.352669,0.055679,0.016989,True,1
9/10/2025 2:40:00 AM,9/9/2025 10:40:00 PM,1,PJM-RTO,,,ZONE,,19.410000,19.434138,0.011607,0.012531,True,1
9/10/2025 2:45:00 AM,9/9/2025 10:45:00 PM,1,PJM-RTO,,,ZONE,,19.200000,19.348445,0.137343,0.011102,True,1
9/10/2025 2:50:00 AM,9/9/2025 10:50:00 PM,1,PJM-RTO,,,ZONE,,19.740000,19.888920,0.134103,0.014817,True,1
9/10/2025 2:55:00 AM,9/9/2025 10:55:00 PM,1,PJM-RTO,,,ZONE,,24.270000,24.344411,0.058996,0.015415,True,1
9/10/2025 3:00:00 AM,9/9/2025 11:00:00 PM,1,PJM-RTO,,,ZONE,,21.260000,21.270078,0.003861,0.006217,True,1
9/10/2025 3:05:00 AM,9/9/2025 11:05:00 PM,1,PJM-RTO,,,ZONE,,21.290000,21.318300,0.016306,0.011993,True,1
9/10/2025 3:10:00 AM,9/9/2025 11:10:00 PM,1,PJM-RTO,,,ZONE,,26.540000,26.567815,0.009017,0.018798,True,1
9/10/2025 3:15:00 AM,9/9/2025 11:15:00 PM,1,PJM-RTO,,,ZONE,,22.820000,22.846975,0.011135,0.015840,True,1
9/10/2025 3:20:00 AM,9/9/2025 11:20:00 PM,1,PJM-RTO,,,ZONE,,22.070000,22.090243,0.008706,0.011536,True,1
9/10/2025 3:25:00 AM,9/9/2025 11:25:00 PM,1,PJM-RTO,,,ZONE,,24.560000,24.595095,0.014785,0.020311,True,1
9/10/2025 3:30:00 AM,9/9/2025 11:30:00 PM,1,PJM-RTO,,,ZONE,,23.620000,23.648431,0.012205,0.016226,True,1
9/10/2025 3:35:00 AM,9/9/2025 11:35:00 PM,1,PJM-RTO,,,ZONE,,19.970000,19.990209,0.011082,0.009128,True,1
9/10/2025 3:40:00 AM,9/9/2025 11:40:00 PM,1,PJM-RTO,,,ZONE,,19.930000,19.942601,0.001309,0.011292,True,1
9/10/2025 3:45:00 AM,9/9/2025 11:45:00 PM,1,PJM-RTO,,,ZONE,,24.810000,24.825142,0.002905,0.012238,True,1
9/10/2025 3:50:00 AM,9/9/2025 11:50:00 PM,1,PJM-RTO,,,ZONE,,21.260000,21.277296,0.005344,0.011952,True,1
9/10/2025 3:55:00 AM,9/9/2025 11:55:00 PM,1,PJM-RTO,,,ZONE,,24.810000,24.829545,0.003191,0.016354,True,1
9/10/2025 4:00:00 AM,9/10/2025 12:00:00 AM,1,PJM-RTO,,,ZONE,,25.010000,25.035031,0.006790,0.018241,True,1
9/10/2025 4:05:00 AM,9/10/2025 12:05:00 AM,1,PJM-RTO,,,ZONE,,24.340000,24.358283,0.004187,0.014097,True,1
9/10/2025 4:10:00 AM,9/10/2025 12:10:00 AM,1,PJM-RTO,,,ZONE,,23.050000,23.065811,0.003169,0.012642,True,1
9/10/2025 4:15:00 AM,9/10/2025 12:15:00 AM,1,PJM-RTO,,,ZONE,,22.690000,22.705479,0.002690,0.012789,True,1
9/10/2025 4:20:00 AM,9/10/2025 12:20:00 AM,1,PJM-RTO,,,ZONE,,22.310000,22.324455,0.002356,0.012099,True,1
9/10/2025 4:25:00 AM,9/10/2025 12:25:00 AM,1,PJM-RTO,,,ZONE,,20.750000,20.760797,0.001122,0.009675,True,1
9/10/2025 4:30:00 AM,9/10/2025 12:30:00 AM,1,PJM-RTO,,,ZONE,,17.540000,17.551291,0.000926,0.010365,True,1
9/10/2025 4:35:00 AM,9/10/2025 12:35:00 AM,1,PJM-RTO,,,ZONE,,20.360000,20.376224,0.001736,0.014488,True,1
9/10/2025 4:40:00 AM,9/10/2025 12:40:00 AM,1,PJM-RTO,,,ZONE,,19.750000,19.766747,0.001417,0.015331,True,1
9/10/2025 4:45:00 AM,9/10/2025 12:45:00 AM,1,PJM-RTO,,,ZONE,,19.410000,19.427861,0.001305,0.016556,True,1
9/10/2025 4:50:00 AM,9/10/2025 12:50:00 AM,1,PJM-RTO,,,ZONE,,19.730000,19.745091,0.001726,0.013365,True,1
9/10/2025 4:55:00 AM,9/10/2025 12:55:00 AM,1,PJM-RTO,,,ZONE,,21.580000,21.598719,0.002678,0.016041,True,1
9/10/2025 5:00:00 AM,9/10/2025 1:00:00 AM,1,PJM-RTO,,,ZONE,,21.580000,21.600335,0.003501,0.016835,True,1
9/10/2025 5:05:00 AM,9/10/2025 1:05:00 AM,1,PJM-RTO,,,ZONE,,21.580000,21.600335,0.003501,0.016835,True,1
9/10/2025 5:10:00 AM,9/10/2025 1:10:00 AM,1,PJM-RTO,,,ZONE,,21.670000,21.684129,0.002831,0.011298,True,1
9/10/2025 5:15:00 AM,9/10/2025 1:15:00 AM,1,PJM-RTO,,,ZONE,,21.440000,21.456083,0.002485,0.013599,True,1
9/10/2025 5:20:00 AM,9/10/2025 1:20:00 AM,1,PJM-RTO,,,ZONE,,21.950000,21.969624,0.001870,0.017754,True,1
9/10/2025 5:25:00 AM,9/10/2025 1:25:00 AM,1,PJM-RTO,,,ZONE,,26.720000,26.738424,0.003587,0.014838,True,1
9/10/2025 5:30:00 AM,9/10/2025 1:30:00 AM,1,PJM-RTO,,,ZONE,,23.140000,23.166367,0.005877,0.020490,True,1
9/10/2025 5:35:00 AM,9/10/2025 1:35:00 AM,1,PJM-RTO,,,ZONE,,22.080000,22.101362,0.006893,0.014470,True,1
9/10/2025 5:40:00 AM,9/10/2025 1:40:00 AM,1,PJM-RTO,,,ZONE,,24.970000,25.000210,0.015585,0.014625,True,1
9/10/2025 5:45:00 AM,9/10/2025 1:45:00 AM,1,PJM-RTO,,,ZONE,,22.440000,22.461075,0.008077,0.012999,True,1
9/10/2025 5:50:00 AM,9/10/2025 1:50:00 AM,1,PJM-RTO,,,ZONE,,22.440000,22.456081,0.004908,0.011173,True,1
9/10/2025 5:55:00 AM,9/10/2025 1:55:00 AM,1,PJM-RTO,,,ZONE,,20.930000,20.966601,0.019759,0.016842,True,1
9/10/2025 6:00:00 AM,9/10/2025 2:00:00 AM,1,PJM-RTO,,,ZONE,,20.590000,20.617642,0.015719,0.011923,True,1
9/10/2025 6:05:00 AM,9/10/2025 2:05:00 AM,1,PJM-RTO,,,ZONE,,20.430000,20.463903,0.018959,0.014944,True,1
9/10/2025 6:10:00 AM,9/10/2025 2:10:00 AM,1,PJM-RTO,,,ZONE,,21.220000,21.245805,0.012416,0.013389,True,1
9/10/2025 6:15:00 AM,9/10/2025 2:15:00 AM,1,PJM-RTO,,,ZONE,,21.100000,21.139753,0.027712,0.012040,True,1
9/10/2025 6:20:00 AM,9/10/2025 2:20:00 AM,1,PJM-RTO,,,ZONE,,20.130000,20.168587,0.022473,0.016114,True,1
9/10/2025 6:25:00 AM,9/10/2025 2:25:00 AM,1,PJM-RTO,,,ZONE,,21.780000,21.817979,0.021113,0.016866,True,1
9/10/2025 6:30:00 AM,9/10/2025 2:30:00 AM,1,PJM-RTO,,,ZONE,,20.560000,20.589028,0.020711,0.008317,True,1
9/10/2025 6:35:00 AM,9/10/2025 2:35:00 AM,1,PJM-RTO,,,ZONE,,20.010000,20.036161,0.017511,0.008651,True,1
9/10/2025 6:40:00 AM,9/10/2025 2:40:00 AM,1,PJM-RTO,,,ZONE,,20.250000,20.285477,0.018693,0.016784,True,1
9/10/2025 6:45:00 AM,9/10/2025 2:45:00 AM,1,PJM-RTO,,,ZONE,,21.250000,21.288280,0.020064,0.018216,True,1
9/10/2025 6:50:00 AM,9/10/2025 2:50:00 AM,1,PJM-RTO,,,ZONE,,20.470000,20.502524,0.015535,0.016989,True,1
9/10/2025 6:55:00 AM,9/10/2025 2:55:00 AM,1,PJM-RTO,,,ZONE,,20.290000,20.314240,0.014782,0.009458,True,1
9/10/2025 7:00:00 AM,9/10/2025 3:00:00 AM,1,PJM-RTO,,,ZONE,,20.340000,20.367798,0.014047,0.013751,True,1
9/10/2025 7:05:00 AM,9/10/2025 3:05:00 AM,1,PJM-RTO,,,ZONE,,20.600000,20.628113,0.013772,0.014341,True,1
9/10/2025 7:10:00 AM,9/10/2025 3:10:00 AM,1,PJM-RTO,,,ZONE,,20.360000,20.383199,0.009235,0.013964,True,1
9/10/2025 7:15:00 AM,9/10/2025 3:15:00 AM,1,PJM-RTO,,,ZONE,,20.380000,20.413892,0.015773,0.018119,True,1
9/10/2025 7:20:00 AM,9/10/2025 3:20:00 AM,1,PJM-RTO,,,ZONE,,20.260000,20.288417,0.013655,0.014763,True,1
9/10/2025 7:25:00 AM,9/10/2025 3:25:00 AM,1,PJM-RTO,,,ZONE,,20.470000,20.494711,0.013598,0.011113,True,1
9/10/2025 7:30:00 AM,9/10/2025 3:30:00 AM,1,PJM-RTO,,,ZONE,,20.460000,20.485704,0.014971,0.010733,True,1
9/10/2025 7:35:00 AM,9/10/2025 3:35:00 AM,1,PJM-RTO,,,ZONE,,20.340000,20.369523,0.016781,0.012742,True,1
9/10/2025 7:40:00 AM,9/10/2025 3:40:00 AM,1,PJM-RTO,,,ZONE,,20.180000,20.205155,0.013133,0.012021,True,1
9/10/2025 7:45:00 AM,9/10/2025 3:45:00 AM,1,PJM-RTO,,,ZONE,,20.150000,20.175864,0.014030,0.011834,True,1
9/10/2025 7:50:00 AM,9/10/2025 3:50:00 AM,1,PJM-RTO,,,ZONE,,20.220000,20.243575,0.012802,0.010773,True,1
9/10/2025 7:55:00 AM,9/10/2025 3:55:00 AM,1,PJM-RTO,,,ZONE,,19.070000,19.094371,0.014866,0.009504,True,1
9/10/2025 8:00:00 AM,9/10/2025 4:00:00 AM,1,PJM-RTO,,,ZONE,,18.740000,18.760773,0.009873,0.010900,True,1
9/10/2025 8:05:00 AM,9/10/2025 4:05:00 AM,1,PJM-RTO,,,ZONE,,18.610000,18.633181,0.010514,0.012667,True,1
9/10/2025 8:10:00 AM,9/10/2025 4:10:00 AM,1,PJM-RTO,,,ZONE,,18.510000,18.533823,0.008384,0.015439,True,1
9/10/2025 8:15:00 AM,9/10/2025 4:15:00 AM,1,PJM-RTO,,,ZONE,,18.720000,18.739313,0.011178,0.008134,True,1
9/10/2025 8:20:00 AM,9/10/2025 4:20:00 AM,1,PJM-RTO,,,ZONE,,21.020000,21.052490,0.020240,0.012250,True,1
9/10/2025 8:25:00 AM,9/10/2025 4:25:00 AM,1,PJM-RTO,,,ZONE,,22.590000,22.633063,0.028150,0.014913,True,1
9/10/2025 8:30:00 AM,9/10/2025 4:30:00 AM,1,PJM-RTO,,,ZONE,,20.410000,20.433656,0.011517,0.012139,True,1
9/10/2025 8:35:00 AM,9/10/2025 4:35:00 AM,1,PJM-RTO,,,ZONE,,20.730000,20.752555,0.012681,0.009874,True,1
9/10/2025 8:40:00 AM,9/10/2025 4:40:00 AM,1,PJM-RTO,,,ZONE,,20.770000,20.791973,0.012906,0.009067,True,1
9/10/2025 8:45:00 AM,9/10/2025 4:45:00 AM,1,PJM-RTO,,,ZONE,,22.530000,22.557071,0.009416,0.017655,True,1
9/10/2025 8:50:00 AM,9/10/2025 4:50:00 AM,1,PJM-RTO,,,ZONE,,23.770000,23.787152,0.000000,0.017152,True,1
9/10/2025 8:55:00 AM,9/10/2025 4:55:00 AM,1,PJM-RTO,,,ZONE,,22.080000,22.096910,0.006539,0.010371,True,1
9/10/2025 9:00:00 AM,9/10/2025 5:00:00 AM,1,PJM-RTO,,,ZONE,,24.930000,24.959628,0.014600,0.015028,True,1
9/10/2025 9:05:00 AM,9/10/2025 5:05:00 AM,1,PJM-RTO,,,ZONE,,23.050000,23.065211,0.004288,0.010924,True,1
9/10/2025 9:10:00 AM,9/10/2025 5:10:00 AM,1,PJM-RTO,,,ZONE,,26.580000,26.621695,0.025800,0.015895,True,1
9/10/2025 9:15:00 AM,9/10/2025 5:15:00 AM,1,PJM-RTO,,,ZONE,,114.540000,114.964314,0.357760,0.066554,True,1
9/10/2025 9:20:00 AM,9/10/2025 5:20:00 AM,1,PJM-RTO,,,ZONE,,70.360000,70.518799,0.112797,0.046002,True,1
9/10/2025 9:25:00 AM,9/10/2025 5:25:00 AM,1,PJM-RTO,,,ZONE,,38.150000,38.218949,0.046568,0.022382,True,1
9/10/2025 9:30:00 AM,9/10/2025 5:30:00 AM,1,PJM-RTO,,,ZONE,,36.880000,36.956253,0.053872,0.022381,True,1
9/10/2025 9:35:00 AM,9/10/2025 5:35:00 AM,1,PJM-RTO,,,ZONE,,33.750000,33.803480,0.035467,0.018014,True,1
9/10/2025 9:40:00 AM,9/10/2025 5:40:00 AM,1,PJM-RTO,,,ZONE,,33.260000,33.341132,0.054194,0.026938,True,1
9/10/2025 9:45:00 AM,9/10/2025 5:45:00 AM,1,PJM-RTO,,,ZONE,,63.060000,63.204356,0.101087,0.043268,True,1
9/10/2025 9:50:00 AM,9/10/2025 5:50:00 AM,1,PJM-RTO,,,ZONE,,41.430000,41.527309,0.063307,0.034003,True,1
9/10/2025 9:55:00 AM,9/10/2025 5:55:00 AM,1,PJM-RTO,,,ZONE,,78.300000,78.387298,0.028012,0.059287,True,1
9/10/2025 10:00:00 AM,9/10/2025 6:00:00 AM,1,PJM-RTO,,,ZONE,,25.940000,25.960327,0.004734,0.015593,True,1
9/10/2025 10:05:00 AM,9/10/2025 6:05:00 AM,1,PJM-RTO,,,ZONE,,27.150000,27.172671,0.004315,0.018356,True,1
9/10/2025 10:10:00 AM,9/10/2025 6:10:00 AM,1,PJM-RTO,,,ZONE,,22.670000,22.695044,0.008970,0.016074,True,1
9/10/2025 10:15:00 AM,9/10/2025 6:15:00 AM,1,PJM-RTO,,,ZONE,,27.050000,27.070976,0.000000,0.020976,True,1
9/10/2025 10:20:00 AM,9/10/2025 6:20:00 AM,1,PJM-RTO,,,ZONE,,28.070000,28.084992,0.000000,0.014992,True,1
9/10/2025 10:25:00 AM,9/10/2025 6:25:00 AM,1,PJM-RTO,,,ZONE,,29.620000,29.634992,0.000000,0.014992,True,1
9/10/2025 10:30:00 AM,9/10/2025 6:30:00 AM,1,PJM-RTO,,,ZONE,,46.410000,46.442289,0.000000,0.032289,True,1
9/10/2025 10:35:00 AM,9/10/2025 6:35:00 AM,1,PJM-RTO,,,ZONE,,46.410000,46.440317,0.000000,0.030317,True,1
9/10/2025 10:40:00 AM,9/10/2025 6:40:00 AM,1,PJM-RTO,,,ZONE,,79.570000,79.656080,0.027475,0.058605,True,1
9/10/2025 10:45:00 AM,9/10/2025 6:45:00 AM,1,PJM-RTO,,,ZONE,,79.540000,79.620962,0.024337,0.056624,True,1
9/10/2025 10:50:00 AM,9/10/2025 6:50:00 AM,1,PJM-RTO,,,ZONE,,46.120000,46.162263,0.012625,0.029639,True,1
9/10/2025 10:55:00 AM,9/10/2025 6:55:00 AM,1,PJM-RTO,,,ZONE,,44.040000,44.073128,0.000000,0.033128,True,1
9/10/2025 11:00:00 AM,9/10/2025 7:00:00 AM,1,PJM-RTO,,,ZONE,,46.540000,46.568260,0.000000,0.028260,True,1
9/10/2025 11:05:00 AM,9/10/2025 7:05:00 AM,1,PJM-RTO,,,ZONE,,90.200000,90.245284,0.000000,0.045284,True,1
9/10/2025 11:10:00 AM,9/10/2025 7:10:00 AM,1,PJM-RTO,,,ZONE,,92.980000,93.038639,0.000000,0.058639,True,1
9/10/2025 11:15:00 AM,9/10/2025 7:15:00 AM,1,PJM-RTO,,,ZONE,,88.860000,88.910600,0.000000,0.050600,True,1
9/10/2025 11:20:00 AM,9/10/2025 7:20:00 AM,1,PJM-RTO,,,ZONE,,88.160000,88.213977,0.000000,0.053977,True,1
9/10/2025 11:25:00 AM,9/10/2025 7:25:00 AM,1,PJM-RTO,,,ZONE,,93.170000,93.230246,0.000000,0.060246,True,1
9/10/2025 11:30:00 AM,9/10/2025 7:30:00 AM,1,PJM-RTO,,,ZONE,,46.450000,46.476378,0.000000,0.026378,True,1
9/10/2025 11:35:00 AM,9/10/2025 7:35:00 AM,1,PJM-RTO,,,ZONE,,86.120000,86.201273,0.020619,0.060655,True,1
9/10/2025 11:40:00 AM,9/10/2025 7:40:00 AM,1,PJM-RTO,,,ZONE,,57.280000,57.329488,0.013109,0.036379,True,1
9/10/2025 11:45:00 AM,9/10/2025 7:45:00 AM,1,PJM-RTO,,,ZONE,,57.260000,57.314997,0.017395,0.037602,True,1
9/10/2025 11:50:00 AM,9/10/2025 7:50:00 AM,1,PJM-RTO,,,ZONE,,29.500000,29.526557,0.005773,0.020784,True,1
9/10/2025 11:55:00 AM,9/10/2025 7:55:00 AM,1,PJM-RTO,,,ZONE,,34.340000,34.368285,0.000000,0.028285,True,1
9/10/2025 12:00:00 PM,9/10/2025 8:00:00 AM,1,PJM-RTO,,,ZONE,,70.090000,70.147753,0.014236,0.043517,True,1
9/10/2025 12:05:00 PM,9/10/2025 8:05:00 AM,1,PJM-RTO,,,ZONE,,61.420000,61.461329,0.000000,0.041329,True,1
9/10/2025 12:10:00 PM,9/10/2025 8:10:00 AM,1,PJM-RTO,,,ZONE,,29.260000,29.279499,0.000000,0.019499,True,1
9/10/2025 12:15:00 PM,9/10/2025 8:15:00 AM,1,PJM-RTO,,,ZONE,,28.900000,28.919056,0.003386,0.015670,True,1
9/10/2025 12:20:00 PM,9/10/2025 8:20:00 AM,1,PJM-RTO,,,ZONE,,28.080000,28.097181,0.000000,0.017181,True,1
9/10/2025 12:25:00 PM,9/10/2025 8:25:00 AM,1,PJM-RTO,,,ZONE,,23.670000,23.689590,0.002155,0.017436,True,1
9/10/2025 12:30:00 PM,9/10/2025 8:30:00 AM,1,PJM-RTO,,,ZONE,,26.450000,26.469026,0.000708,0.018318,True,1
9/10/2025 12:35:00 PM,9/10/2025 8:35:00 AM,1,PJM-RTO,,,ZONE,,20.890000,20.901122,0.000000,0.011122,True,1
9/10/2025 12:40:00 PM,9/10/2025 8:40:00 AM,1,PJM-RTO,,,ZONE,,24.390000,24.404207,0.002609,0.011598,True,1
9/10/2025 12:45:00 PM,9/10/2025 8:45:00 AM,1,PJM-RTO,,,ZONE,,23.400000,23.419588,0.002693,0.016894,True,1
9/10/2025 12:50:00 PM,9/10/2025 8:50:00 AM,1,PJM-RTO,,,ZONE,,19.820000,19.833450,0.001200,0.012250,True,1
9/10/2025 12:55:00 PM,9/10/2025 8:55:00 AM,1,PJM-RTO,,,ZONE,,26.790000,26.809430,0.003222,0.016208,True,1
9/10/2025 1:00:00 PM,9/10/2025 9:00:00 AM,1,PJM-RTO,,,ZONE,,24.460000,24.479138,0.001239,0.017899,True,1
9/10/2025 1:05:00 PM,9/10/2025 9:05:00 AM,1,PJM-RTO,,,ZONE,,28.520000,28.533934,0.000355,0.013578,True,1
9/10/2025 1:10:00 PM,9/10/2025 9:10:00 AM,1,PJM-RTO,,,ZONE,,28.240000,28.254794,0.003285,0.011509,True,1
9/10/2025 1:15:00 PM,9/10/2025 9:15:00 AM,1,PJM-RTO,,,ZONE,,32.030000,32.044072,0.000000,0.014072,True,1
9/10/2025 1:20:00 PM,9/10/2025 9:20:00 AM,1,PJM-RTO,,,ZONE,,29.010000,29.028343,0.000000,0.018343,True,1
9/10/2025 1:25:00 PM,9/10/2025 9:25:00 AM,1,PJM-RTO,,,ZONE,,32.010000,32.022754,0.000000,0.012754,True,1
9/10/2025 1:30:00 PM,9/10/2025 9:30:00 AM,1,PJM-RTO,,,ZONE,,35.260000,35.282223,0.000000,0.022223,True,1
9/10/2025 1:35:00 PM,9/10/2025 9:35:00 AM,1,PJM-RTO,,,ZONE,,33.670000,33.689274,0.000000,0.019274,True,1
9/10/2025 1:40:00 PM,9/10/2025 9:40:00 AM,1,PJM-RTO,,,ZONE,,32.940000,32.959225,0.000000,0.019225,True,1
9/10/2025 1:45:00 PM,9/10/2025 9:45:00 AM,1,PJM-RTO,,,ZONE,,29.860000,29.880666,0.000000,0.020666,True,1
9/10/2025 1:50:00 PM,9/10/2025 9:50:00 AM,1,PJM-RTO,,,ZONE,,29.130000,29.152220,0.000000,0.022220,True,1
9/10/2025 1:55:00 PM,9/10/2025 9:55:00 AM,1,PJM-RTO,,,ZONE,,28.550000,28.570604,0.000000,0.020604,True,1
9/10/2025 2:00:00 PM,9/10/2025 10:00:00 AM,1,PJM-RTO,,,ZONE,,28.620000,28.639257,0.000000,0.019257,True,1
9/10/2025 2:05:00 PM,9/10/2025 10:05:00 AM,1,PJM-RTO,,,ZONE,,27.670000,27.683487,0.000000,0.013487,True,1
9/10/2025 2:10:00 PM,9/10/2025 10:10:00 AM,1,PJM-RTO,,,ZONE,,25.690000,25.704467,0.000000,0.014467,True,1
9/10/2025 2:15:00 PM,9/10/2025 10:15:00 AM,1,PJM-RTO,,,ZONE,,23.500000,23.509605,0.000000,0.009605,True,1
9/10/2025 2:20:00 PM,9/10/2025 10:20:00 AM,1,PJM-RTO,,,ZONE,,24.410000,24.422860,0.000000,0.012860,True,1
9/10/2025 2:25:00 PM,9/10/2025 10:25:00 AM,1,PJM-RTO,,,ZONE,,20.350000,20.364939,0.000000,0.014939,True,1
9/10/2025 2:30:00 PM,9/10/2025 10:30:00 AM,1,PJM-RTO,,,ZONE,,25.840000,25.851985,0.000000,0.011985,True,1
9/10/2025 2:35:00 PM,9/10/2025 10:35:00 AM,1,PJM-RTO,,,ZONE,,27.200000,27.209785,0.000000,0.009785,True,1
9/10/2025 2:40:00 PM,9/10/2025 10:40:00 AM,1,PJM-RTO,,,ZONE,,27.910000,27.927264,0.000000,0.017264,True,1
9/10/2025 2:45:00 PM,9/10/2025 10:45:00 AM,1,PJM-RTO,,,ZONE,,27.650000,27.669152,0.000000,0.019152,True,1
9/10/2025 2:50:00 PM,9/10/2025 10:50:00 AM,1,PJM-RTO,,,ZONE,,27.220000,27.242205,0.000000,0.022205,True,1
9/10/2025 2:55:00 PM,9/10/2025 10:55:00 AM,1,PJM-RTO,,,ZONE,,27.230000,27.249519,0.000000,0.019519,True,1
9/10/2025 3:00:00 PM,9/10/2025 11:00:00 AM,1,PJM-RTO,,,ZONE,,27.420000,27.430714,0.000000,0.010714,True,1
9/10/2025 3:05:00 PM,9/10/2025 11:05:00 AM,1,PJM-RTO,,,ZONE,,26.110000,26.122050,0.000000,0.012050,True,1
9/10/2025 3:10:00 PM,9/10/2025 11:10:00 AM,1,PJM-RTO,,,ZONE,,26.090000,26.101143,0.000000,0.011143,True,1
9/10/2025 3:15:00 PM,9/10/2025 11:15:00 AM,1,PJM-RTO,,,ZONE,,23.870000,23.888386,0.002016,0.016370,True,1
9/10/2025 3:20:00 PM,9/10/2025 11:20:00 AM,1,PJM-RTO,,,ZONE,,25.640000,25.655057,0.002099,0.012958,True,1
9/10/2025 3:25:00 PM,9/10/2025 11:25:00 AM,1,PJM-RTO,,,ZONE,,26.790000,26.808839,0.001824,0.017016,True,1
9/10/2025 3:30:00 PM,9/10/2025 11:30:00 AM,1,PJM-RTO,,,ZONE,,26.160000,26.174677,0.002525,0.012152,True,1
9/10/2025 3:35:00 PM,9/10/2025 11:35:00 AM,1,PJM-RTO,,,ZONE,,26.970000,26.991433,0.003457,0.017976,True,1
9/10/2025 3:40:00 PM,9/10/2025 11:40:00 AM,1,PJM-RTO,,,ZONE,,27.020000,27.042164,0.002505,0.019659,True,1
9/10/2025 3:45:00 PM,9/10/2025 11:45:00 AM,1,PJM-RTO,,,ZONE,,29.500000,29.522766,0.005783,0.016983,True,1
9/10/2025 3:50:00 PM,9/10/2025 11:50:00 AM,1,PJM-RTO,,,ZONE,,27.570000,27.592500,0.004589,0.017911,True,1
9/10/2025 3:55:00 PM,9/10/2025 11:55:00 AM,1,PJM-RTO,,,ZONE,,27.660000,27.677289,0.003817,0.013472,True,1
9/10/2025 4:00:00 PM,9/10/2025 12:00:00 PM,1,PJM-RTO,,,ZONE,,26.460000,26.483248,0.003821,0.019426,True,1
9/10/2025 4:05:00 PM,9/10/2025 12:05:00 PM,1,PJM-RTO,,,ZONE,,26.490000,26.505514,0.003663,0.011851,True,1
9/10/2025 4:10:00 PM,9/10/2025 12:10:00 PM,1,PJM-RTO,,,ZONE,,24.230000,24.247924,0.003337,0.014586,True,1
9/10/2025 4:15:00 PM,9/10/2025 12:15:00 PM,1,PJM-RTO,,,ZONE,,26.380000,26.396524,0.002750,0.013774,True,1
9/10/2025 4:20:00 PM,9/10/2025 12:20:00 PM,1,PJM-RTO,,,ZONE,,27.350000,27.362300,0.001910,0.010390,True,1
9/10/2025 4:25:00 PM,9/10/2025 12:25:00 PM,1,PJM-RTO,,,ZONE,,26.650000,26.667764,0.001668,0.016096,True,1
9/10/2025 4:30:00 PM,9/10/2025 12:30:00 PM,1,PJM-RTO,,,ZONE,,26.600000,26.621733,0.003911,0.017822,True,1
9/10/2025 4:35:00 PM,9/10/2025 12:35:00 PM,1,PJM-RTO,,,ZONE,,26.460000,26.478222,0.004453,0.013769,True,1
9/10/2025 4:40:00 PM,9/10/2025 12:40:00 PM,1,PJM-RTO,,,ZONE,,26.560000,26.575860,0.004124,0.011736,True,1
9/10/2025 4:45:00 PM,9/10/2025 12:45:00 PM,1,PJM-RTO,,,ZONE,,27.720000,27.740531,0.003245,0.017286,True,1
9/10/2025 4:50:00 PM,9/10/2025 12:50:00 PM,1,PJM-RTO,,,ZONE,,28.020000,28.039922,0.003532,0.016391,True,1
9/10/2025 4:55:00 PM,9/10/2025 12:55:00 PM,1,PJM-RTO,,,ZONE,,27.540000,27.561892,0.004614,0.017277,True,1
9/10/2025 5:00:00 PM,9/10/2025 1:00:00 PM,1,PJM-RTO,,,ZONE,,26.870000,26.886290,0.004028,0.012262,True,1
9/10/2025 5:05:00 PM,9/10/2025 1:05:00 PM,1,PJM-RTO,,,ZONE,,27.700000,27.720923,0.004339,0.016584,True,1
9/10/2025 5:10:00 PM,9/10/2025 1:10:00 PM,1,PJM-RTO,,,ZONE,,26.490000,26.511185,0.004130,0.017054,True,1
9/10/2025 5:15:00 PM,9/10/2025 1:15:00 PM,1,PJM-RTO,,,ZONE,,30.560000,30.694223,0.113436,0.020786,True,1
9/10/2025 5:20:00 PM,9/10/2025 1:20:00 PM,1,PJM-RTO,,,ZONE,,27.300000,27.323507,0.007387,0.016120,True,1
9/10/2025 5:25:00 PM,9/10/2025 1:25:00 PM,1,PJM-RTO,,,ZONE,,33.420000,33.623818,0.190937,0.012881,True,1
9/10/2025 5:30:00 PM,9/10/2025 1:30:00 PM,1,PJM-RTO,,,ZONE,,26.890000,26.905881,0.003170,0.012711,True,1
9/10/2025 5:35:00 PM,9/10/2025 1:35:00 PM,1,PJM-RTO,,,ZONE,,28.060000,28.108527,0.037308,0.011219,True,1
9/10/2025 5:40:00 PM,9/10/2025 1:40:00 PM,1,PJM-RTO,,,ZONE,,28.630000,28.719000,0.074533,0.014467,True,1
9/10/2025 5:45:00 PM,9/10/2025 1:45:00 PM,1,PJM-RTO,,,ZONE,,32.330000,32.524446,0.176220,0.018226,True,1
9/10/2025 5:50:00 PM,9/10/2025 1:50:00 PM,1,PJM-RTO,,,ZONE,,40.670000,40.770614,0.079109,0.021505,True,1
9/10/2025 5:55:00 PM,9/10/2025 1:55:00 PM,1,PJM-RTO,,,ZONE,,51.550000,51.851941,0.269284,0.032657,True,1
9/10/2025 6:00:00 PM,9/10/2025 2:00:00 PM,1,PJM-RTO,,,ZONE,,45.750000,45.793320,0.011559,0.031761,True,1
9/10/2025 6:05:00 PM,9/10/2025 2:05:00 PM,1,PJM-RTO,,,ZONE,,42.680000,42.982397,0.280099,0.022298,True,1
9/10/2025 6:10:00 PM,9/10/2025 2:10:00 PM,1,PJM-RTO,,,ZONE,,61.950000,62.095461,0.108793,0.036668,True,1
9/10/2025 6:15:00 PM,9/10/2025 2:15:00 PM,1,PJM-RTO,,,ZONE,,42.410000,42.615275,0.184505,0.020770,True,1
9/10/2025 6:20:00 PM,9/10/2025 2:20:00 PM,1,PJM-RTO,,,ZONE,,45.290000,45.394337,0.082586,0.021750,True,1
9/10/2025 6:25:00 PM,9/10/2025 2:25:00 PM,1,PJM-RTO,,,ZONE,,61.090000,61.202351,0.080362,0.031989,True,1
9/10/2025 6:30:00 PM,9/10/2025 2:30:00 PM,1,PJM-RTO,,,ZONE,,45.420000,45.524729,0.084803,0.019925,True,1
9/10/2025 6:35:00 PM,9/10/2025 2:35:00 PM,1,PJM-RTO,,,ZONE,,60.570000,60.677460,0.074832,0.032628,True,1
9/10/2025 6:40:00 PM,9/10/2025 2:40:00 PM,1,PJM-RTO,,,ZONE,,34.550000,34.656728,0.094314,0.012414,True,1
9/10/2025 6:45:00 PM,9/10/2025 2:45:00 PM,1,PJM-RTO,,,ZONE,,37.980000,38.084335,0.083559,0.020776,True,1
9/10/2025 6:50:00 PM,9/10/2025 2:50:00 PM,1,PJM-RTO,,,ZONE,,45.940000,45.970874,0.012887,0.017987,True,1
9/10/2025 6:55:00 PM,9/10/2025 2:55:00 PM,1,PJM-RTO,,,ZONE,,31.430000,31.448307,0.005756,0.012551,True,1
9/10/2025 7:00:00 PM,9/10/2025 3:00:00 PM,1,PJM-RTO,,,ZONE,,28.440000,28.462073,0.004568,0.017505,True,1
9/10/2025 7:05:00 PM,9/10/2025 3:05:00 PM,1,PJM-RTO,,,ZONE,,28.490000,28.510468,0.003371,0.017097,True,1
9/10/2025 7:10:00 PM,9/10/2025 3:10:00 PM,1,PJM-RTO,,,ZONE,,27.110000,27.127672,0.002700,0.014972,True,1
9/10/2025 7:15:00 PM,9/10/2025 3:15:00 PM,1,PJM-RTO,,,ZONE,,28.680000,28.693852,0.004246,0.009606,True,1
9/10/2025 7:20:00 PM,9/10/2025 3:20:00 PM,1,PJM-RTO,,,ZONE,,28.700000,28.722486,0.003132,0.019354,True,1
9/10/2025 7:25:00 PM,9/10/2025 3:25:00 PM,1,PJM-RTO,,,ZONE,,28.700000,28.722486,0.003132,0.019354,True,1
9/10/2025 7:30:00 PM,9/10/2025 3:30:00 PM,1,PJM-RTO,,,ZONE,,28.700000,28.722486,0.003132,0.019354,True,1
9/10/2025 7:35:00 PM,9/10/2025 3:35:00 PM,1,PJM-RTO,,,ZONE,,28.700000,28.722486,0.003132,0.019354,True,1
9/10/2025 7:40:00 PM,9/10/2025 3:40:00 PM,1,PJM-RTO,,,ZONE,,28.700000,28.722486,0.003132,0.019354,True,1
9/10/2025 7:45:00 PM,9/10/2025 3:45:00 PM,1,PJM-RTO,,,ZONE,,28.700000,28.722486,0.003132,0.019354,True,1
9/10/2025 7:50:00 PM,9/10/2025 3:50:00 PM,1,PJM-RTO,,,ZONE,,28.700000,28.722486,0.003132,0.019354,True,1
9/10/2025 7:55:00 PM,9/10/2025 3:55:00 PM,1,PJM-RTO,,,ZONE,,28.700000,28.722486,0.003132,0.019354,True,1
9/10/2025 8:00:00 PM,9/10/2025 4:00:00 PM,1,PJM-RTO,,,ZONE,,28.700000,28.721786,0.003100,0.018686,True,1
9/10/2025 8:05:00 PM,9/10/2025 4:05:00 PM,1,PJM-RTO,,,ZONE,,28.700000,28.721786,0.003100,0.018686,True,1
9/10/2025 8:10:00 PM,9/10/2025 4:10:00 PM,1,PJM-RTO,,,ZONE,,28.700000,28.721786,0.003100,0.018686,True,1
9/10/2025 8:15:00 PM,9/10/2025 4:15:00 PM,1,PJM-RTO,,,ZONE,,28.700000,28.721786,0.003100,0.018686,True,1
9/10/2025 8:20:00 PM,9/10/2025 4:20:00 PM,1,PJM-RTO,,,ZONE,,28.700000,28.721786,0.003100,0.018686,True,1
9/10/2025 8:25:00 PM,9/10/2025 4:25:00 PM,1,PJM-RTO,,,ZONE,,28.700000,28.721786,0.003100,0.018686,True,1
9/10/2025 8:30:00 PM,9/10/2025 4:30:00 PM,1,PJM-RTO,,,ZONE,,28.700000,28.721786,0.003100,0.018686,True,1
9/10/2025 8:35:00 PM,9/10/2025 4:35:00 PM,1,PJM-RTO,,,ZONE,,28.700000,28.721786,0.003100,0.018686,True,1
9/10/2025 8:40:00 PM,9/10/2025 4:40:00 PM,1,PJM-RTO,,,ZONE,,28.700000,28.721786,0.003100,0.018686,True,1
9/10/2025 8:45:00 PM,9/10/2025 4:45:00 PM,1,PJM-RTO,,,ZONE,,68.080000,68.330404,0.221528,0.028875,True,1
9/10/2025 8:50:00 PM,9/10/2025 4:50:00 PM,1,PJM-RTO,,,ZONE,,63.710000,63.930282,0.195626,0.024656,True,1
9/10/2025 8:55:00 PM,9/10/2025 4:55:00 PM,1,PJM-RTO,,,ZONE,,36.390000,36.519218,0.111697,0.017521,True,1
9/10/2025 9:00:00 PM,9/10/2025 5:00:00 PM,1,PJM-RTO,,,ZONE,,34.520000,34.576244,0.036954,0.019290,True,1
9/10/2025 9:05:00 PM,9/10/2025 5:05:00 PM,1,PJM-RTO,,,ZONE,,30.950000,30.988957,0.018887,0.020070,True,1
9/10/2025 9:10:00 PM,9/10/2025 5:10:00 PM,1,PJM-RTO,,,ZONE,,34.740000,34.779622,0.021643,0.017979,True,1
9/10/2025 9:15:00 PM,9/10/2025 5:15:00 PM,1,PJM-RTO,,,ZONE,,29.960000,29.977655,0.000000,0.017655,True,1
9/10/2025 9:20:00 PM,9/10/2025 5:20:00 PM,1,PJM-RTO,,,ZONE,,31.610000,31.629780,0.001808,0.017972,True,1
9/10/2025 9:25:00 PM,9/10/2025 5:25:00 PM,1,PJM-RTO,,,ZONE,,35.290000,35.328253,0.016074,0.022179,True,1
9/10/2025 9:30:00 PM,9/10/2025 5:30:00 PM,1,PJM-RTO,,,ZONE,,38.900000,39.035954,0.115988,0.019965,True,1
9/10/2025 9:35:00 PM,9/10/2025 5:35:00 PM,1,PJM-RTO,,,ZONE,,36.810000,36.928161,0.100325,0.017836,True,1
9/10/2025 9:40:00 PM,9/10/2025 5:40:00 PM,1,PJM-RTO,,,ZONE,,38.210000,38.278785,0.047019,0.021766,True,1
9/10/2025 9:45:00 PM,9/10/2025 5:45:00 PM,1,PJM-RTO,,,ZONE,,38.360000,38.411129,0.032597,0.018532,True,1
9/10/2025 9:50:00 PM,9/10/2025 5:50:00 PM,1,PJM-RTO,,,ZONE,,40.090000,40.173064,0.058076,0.024988,True,1
9/10/2025 9:55:00 PM,9/10/2025 5:55:00 PM,1,PJM-RTO,,,ZONE,,43.230000,43.299899,0.046720,0.023180,True,1
9/10/2025 10:00:00 PM,9/10/2025 6:00:00 PM,1,PJM-RTO,,,ZONE,,41.940000,41.990663,0.031139,0.019524,True,1
9/10/2025 10:05:00 PM,9/10/2025 6:05:00 PM,1,PJM-RTO,,,ZONE,,32.290000,32.322679,0.020873,0.011806,True,1
9/10/2025 10:10:00 PM,9/10/2025 6:10:00 PM,1,PJM-RTO,,,ZONE,,34.310000,34.343513,0.016954,0.016559,True,1
9/10/2025 10:15:00 PM,9/10/2025 6:15:00 PM,1,PJM-RTO,,,ZONE,,34.820000,34.850364,0.015500,0.014864,True,1
9/10/2025 10:20:00 PM,9/10/2025 6:20:00 PM,1,PJM-RTO,,,ZONE,,35.410000,35.448159,0.019080,0.019079,True,1
9/10/2025 10:25:00 PM,9/10/2025 6:25:00 PM,1,PJM-RTO,,,ZONE,,42.160000,42.219198,0.035076,0.024122,True,1
9/10/2025 10:30:00 PM,9/10/2025 6:30:00 PM,1,PJM-RTO,,,ZONE,,52.190000,52.289662,0.066060,0.033602,True,1
9/10/2025 10:35:00 PM,9/10/2025 6:35:00 PM,1,PJM-RTO,,,ZONE,,52.030000,52.143269,0.080032,0.033237,True,1
9/10/2025 10:40:00 PM,9/10/2025 6:40:00 PM,1,PJM-RTO,,,ZONE,,53.380000,53.474787,0.067275,0.027512,True,1
9/10/2025 10:45:00 PM,9/10/2025 6:45:00 PM,1,PJM-RTO,,,ZONE,,56.030000,56.144324,0.080908,0.033416,True,1
9/10/2025 10:50:00 PM,9/10/2025 6:50:00 PM,1,PJM-RTO,,,ZONE,,56.460000,56.588222,0.096536,0.031686,True,1
9/10/2025 10:55:00 PM,9/10/2025 6:55:00 PM,1,PJM-RTO,,,ZONE,,109.550000,109.941880,0.317669,0.074211,True,1
9/10/2025 11:00:00 PM,9/10/2025 7:00:00 PM,1,PJM-RTO,,,ZONE,,126.240000,126.249903,-0.023312,0.033215,True,1
9/10/2025 11:05:00 PM,9/10/2025 7:05:00 PM,1,PJM-RTO,,,ZONE,,118.560000,118.698201,0.090492,0.047709,True,1
9/10/2025 11:10:00 PM,9/10/2025 7:10:00 PM,1,PJM-RTO,,,ZONE,,130.050000,130.168920,0.065399,0.053521,True,1
9/10/2025 11:15:00 PM,9/10/2025 7:15:00 PM,1,PJM-RTO,,,ZONE,,172.320000,172.526613,0.139283,0.067330,True,1
9/10/2025 11:20:00 PM,9/10/2025 7:20:00 PM,1,PJM-RTO,,,ZONE,,119.410000,119.608957,0.152042,0.046915,True,1
9/10/2025 11:25:00 PM,9/10/2025 7:25:00 PM,1,PJM-RTO,,,ZONE,,138.540000,138.700798,0.098931,0.061867,True,1
9/10/2025 11:30:00 PM,9/10/2025 7:30:00 PM,1,PJM-RTO,,,ZONE,,143.310000,143.457163,0.078809,0.068354,True,1
9/10/2025 11:35:00 PM,9/10/2025 7:35:00 PM,1,PJM-RTO,,,ZONE,,140.180000,140.375286,0.113369,0.081917,True,1
9/10/2025 11:40:00 PM,9/10/2025 7:40:00 PM,1,PJM-RTO,,,ZONE,,125.930000,126.340113,0.332243,0.077869,True,1
9/10/2025 11:45:00 PM,9/10/2025 7:45:00 PM,1,PJM-RTO,,,ZONE,,121.190000,121.525052,0.255197,0.079856,True,1
9/10/2025 11:50:00 PM,9/10/2025 7:50:00 PM,1,PJM-RTO,,,ZONE,,119.530000,119.923970,0.318950,0.075020,True,1
9/10/2025 11:55:00 PM,9/10/2025 7:55:00 PM,1,PJM-RTO,,,ZONE,,141.750000,141.966359,0.108365,0.107994,True,1
9/11/2025 12:00:00 AM,9/10/2025 8:00:00 PM,1,PJM-RTO,,,ZONE,,120.940000,121.314444,0.301913,0.072532,True,1
9/11/2025 12:05:00 AM,9/10/2025 8:05:00 PM,1,PJM-RTO,,,ZONE,,123.910000,124.201293,0.213779,0.077514,True,1
9/11/2025 12:10:00 AM,9/10/2025 8:10:00 PM,1,PJM-RTO,,,ZONE,,117.410000,117.728713,0.250461,0.068251,True,1
9/11/2025 12:15:00 AM,9/10/2025 8:15:00 PM,1,PJM-RTO,,,ZONE,,84.970000,85.108701,0.098166,0.040535,True,1
9/11/2025 12:20:00 AM,9/10/2025 8:20:00 PM,1,PJM-RTO,,,ZONE,,55.620000,55.725677,0.079487,0.026190,True,1
9/11/2025 12:25:00 AM,9/10/2025 8:25:00 PM,1,PJM-RTO,,,ZONE,,44.960000,44.998739,0.014691,0.024048,True,1
9/11/2025 12:30:00 AM,9/10/2025 8:30:00 PM,1,PJM-RTO,,,ZONE,,44.830000,44.867815,0.015105,0.022711,True,1
9/11/2025 12:35:00 AM,9/10/2025 8:35:00 PM,1,PJM-RTO,,,ZONE,,54.340000,54.409387,0.041053,0.028334,True,1
9/11/2025 12:40:00 AM,9/10/2025 8:40:00 PM,1,PJM-RTO,,,ZONE,,58.140000,58.235457,0.063796,0.031660,True,1
9/11/2025 12:45:00 AM,9/10/2025 8:45:00 PM,1,PJM-RTO,,,ZONE,,55.730000,55.825738,0.070204,0.025534,True,1
9/11/2025 12:50:00 AM,9/10/2025 8:50:00 PM,1,PJM-RTO,,,ZONE,,55.870000,55.970596,0.073867,0.026729,True,1
9/11/2025 12:55:00 AM,9/10/2025 8:55:00 PM,1,PJM-RTO,,,ZONE,,67.690000,67.747124,0.027653,0.029472,True,1
9/11/2025 1:00:00 AM,9/10/2025 9:00:00 PM,1,PJM-RTO,,,ZONE,,55.350000,55.488811,0.113533,0.025278,True,1
9/11/2025 1:05:00 AM,9/10/2025 9:05:00 PM,1,PJM-RTO,,,ZONE,,57.390000,57.489859,0.071503,0.028356,True,1
9/11/2025 1:10:00 AM,9/10/2025 9:10:00 PM,1,PJM-RTO,,,ZONE,,56.650000,56.776881,0.100142,0.026738,True,1
9/11/2025 1:15:00 AM,9/10/2025 9:15:00 PM,1,PJM-RTO,,,ZONE,,39.500000,39.559230,0.041149,0.018081,True,1
9/11/2025 1:20:00 AM,9/10/2025 9:20:00 PM,1,PJM-RTO,,,ZONE,,54.360000,54.464106,0.076076,0.028030,True,1
9/11/2025 1:25:00 AM,9/10/2025 9:25:00 PM,1,PJM-RTO,,,ZONE,,54.760000,54.882885,0.089321,0.033565,True,1
9/11/2025 1:30:00 AM,9/10/2025 9:30:00 PM,1,PJM-RTO,,,ZONE,,34.770000,34.833240,0.046254,0.016987,True,1
9/11/2025 1:35:00 AM,9/10/2025 9:35:00 PM,1,PJM-RTO,,,ZONE,,29.870000,29.920951,0.031667,0.019284,True,1
9/11/2025 1:40:00 AM,9/10/2025 9:40:00 PM,1,PJM-RTO,,,ZONE,,27.540000,27.580707,0.021520,0.019188,True,1
9/11/2025 1:45:00 AM,9/10/2025 9:45:00 PM,1,PJM-RTO,,,ZONE,,26.730000,26.763093,0.016429,0.016664,True,1
9/11/2025 1:50:00 AM,9/10/2025 9:50:00 PM,1,PJM-RTO,,,ZONE,,27.390000,27.425426,0.015255,0.020171,True,1
9/11/2025 1:55:00 AM,9/10/2025 9:55:00 PM,1,PJM-RTO,,,ZONE,,35.300000,35.357523,0.033135,0.024388,True,1
9/11/2025 2:00:00 AM,9/10/2025 10:00:00 PM,1,PJM-RTO,,,ZONE,,32.670000,32.725821,0.035523,0.020298,True,1
9/11/2025 2:05:00 AM,9/10/2025 10:05:00 PM,1,PJM-RTO,,,ZONE,,32.900000,32.976592,0.061320,0.015272,True,1
9/11/2025 2:10:00 AM,9/10/2025 10:10:00 PM,1,PJM-RTO,,,ZONE,,32.880000,32.914323,0.016253,0.018069,True,1
9/11/2025 2:15:00 AM,9/10/2025 10:15:00 PM,1,PJM-RTO,,,ZONE,,32.230000,32.262472,0.016204,0.016268,True,1
9/11/2025 2:20:00 AM,9/10/2025 10:20:00 PM,1,PJM-RTO,,,ZONE,,41.380000,41.451202,0.041941,0.029261,True,1
9/11/2025 2:25:00 AM,9/10/2025 10:25:00 PM,1,PJM-RTO,,,ZONE,,69.000000,69.184713,0.146566,0.038147,True,1
9/11/2025 2:30:00 AM,9/10/2025 10:30:00 PM,1,PJM-RTO,,,ZONE,,32.980000,33.039527,0.038598,0.020930,True,1
9/11/2025 2:35:00 AM,9/10/2025 10:35:00 PM,1,PJM-RTO,,,ZONE,,29.590000,29.639940,0.029146,0.020795,True,1
9/11/2025 2:40:00 AM,9/10/2025 10:40:00 PM,1,PJM-RTO,,,ZONE,,26.620000,26.650913,0.012382,0.018531,True,1
9/11/2025 2:45:00 AM,9/10/2025 10:45:00 PM,1,PJM-RTO,,,ZONE,,31.000000,31.037341,0.024298,0.013043,True,1
9/11/2025 2:50:00 AM,9/10/2025 10:50:00 PM,1,PJM-RTO,,,ZONE,,22.640000,22.648826,0.000887,0.007939,True,1
9/11/2025 2:55:00 AM,9/10/2025 10:55:00 PM,1,PJM-RTO,,,ZONE,,26.770000,26.798727,0.015057,0.013669,True,1
9/11/2025 3:00:00 AM,9/10/2025 11:00:00 PM,1,PJM-RTO,,,ZONE,,33.490000,33.573614,0.067089,0.016524,True,1
9/11/2025 3:05:00 AM,9/10/2025 11:05:00 PM,1,PJM-RTO,,,ZONE,,62.910000,63.160542,0.209174,0.041368,True,1
9/11/2025 3:10:00 AM,9/10/2025 11:10:00 PM,1,PJM-RTO,,,ZONE,,27.000000,27.078717,0.057542,0.021174,True,1
9/11/2025 3:15:00 AM,9/10/2025 11:15:00 PM,1,PJM-RTO,,,ZONE,,64.480000,64.713398,0.192383,0.041015,True,1
9/11/2025 3:20:00 AM,9/10/2025 11:20:00 PM,1,PJM-RTO,,,ZONE,,33.670000,33.743109,0.055573,0.017536,True,1
9/11/2025 3:25:00 AM,9/10/2025 11:25:00 PM,1,PJM-RTO,,,ZONE,,22.120000,22.133018,0.003230,0.009788,True,1
9/11/2025 3:30:00 AM,9/10/2025 11:30:00 PM,1,PJM-RTO,,,ZONE,,30.540000,30.589870,0.029059,0.020810,True,1
9/11/2025 3:35:00 AM,9/10/2025 11:35:00 PM,1,PJM-RTO,,,ZONE,,22.530000,22.546626,0.005800,0.010827,True,1
9/11/2025 3:40:00 AM,9/10/2025 11:40:00 PM,1,PJM-RTO,,,ZONE,,20.060000,20.080935,0.007660,0.013275,True,1
9/11/2025 3:45:00 AM,9/10/2025 11:45:00 PM,1,PJM-RTO,,,ZONE,,20.560000,20.582313,0.006738,0.015575,True,1
9/11/2025 3:50:00 AM,9/10/2025 11:50:00 PM,1,PJM-RTO,,,ZONE,,61.640000,61.785700,0.108372,0.037328,True,1
9/11/2025 3:55:00 AM,9/10/2025 11:55:00 PM,1,PJM-RTO,,,ZONE,,19.610000,19.630730,0.004693,0.016038,True,1
9/11/2025 4:00:00 AM,9/11/2025 12:00:00 AM,1,PJM-RTO,,,ZONE,,24.670000,24.716725,0.027254,0.019471,True,1
9/11/2025 4:05:00 AM,9/11/2025 12:05:00 AM,1,PJM-RTO,,,ZONE,,25.380000,25.433024,0.037794,0.015230,True,1
9/11/2025 4:10:00 AM,9/11/2025 12:10:00 AM,1,PJM-RTO,,,ZONE,,20.220000,20.253885,0.019723,0.014163,True,1
9/11/2025 4:15:00 AM,9/11/2025 12:15:00 AM,1,PJM-RTO,,,ZONE,,20.370000,20.399462,0.013642,0.015820,True,1
9/11/2025 4:20:00 AM,9/11/2025 12:20:00 AM,1,PJM-RTO,,,ZONE,,21.370000,21.405505,0.018116,0.017390,True,1
9/11/2025 4:25:00 AM,9/11/2025 12:25:00 AM,1,PJM-RTO,,,ZONE,,21.740000,21.779280,0.020357,0.018922,True,1
9/11/2025 4:30:00 AM,9/11/2025 12:30:00 AM,1,PJM-RTO,,,ZONE,,22.610000,22.645163,0.020074,0.015089,True,1
9/11/2025 4:35:00 AM,9/11/2025 12:35:00 AM,1,PJM-RTO,,,ZONE,,20.750000,20.786493,0.019690,0.016803,True,1
9/11/2025 4:40:00 AM,9/11/2025 12:40:00 AM,1,PJM-RTO,,,ZONE,,20.440000,20.474654,0.016725,0.017929,True,1
9/11/2025 4:45:00 AM,9/11/2025 12:45:00 AM,1,PJM-RTO,,,ZONE,,20.860000,20.899837,0.023659,0.016178,True,1
9/11/2025 4:50:00 AM,9/11/2025 12:50:00 AM,1,PJM-RTO,,,ZONE,,19.500000,19.528354,0.017329,0.011024,True,1
9/11/2025 4:55:00 AM,9/11/2025 12:55:00 AM,1,PJM-RTO,,,ZONE,,18.290000,18.312849,0.012976,0.009873,True,1
9/11/2025 5:00:00 AM,9/11/2025 1:00:00 AM,1,PJM-RTO,,,ZONE,,17.690000,17.723029,0.020529,0.012500,True,1
9/11/2025 5:05:00 AM,9/11/2025 1:05:00 AM,1,PJM-RTO,,,ZONE,,17.900000,17.926376,0.017695,0.008682,True,1
9/11/2025 5:10:00 AM,9/11/2025 1:10:00 AM,1,PJM-RTO,,,ZONE,,18.050000,18.089439,0.022935,0.016505,True,1
9/11/2025 5:15:00 AM,9/11/2025 1:15:00 AM,1,PJM-RTO,,,ZONE,,17.650000,17.677369,0.018710,0.008659,True,1
9/11/2025 5:20:00 AM,9/11/2025 1:20:00 AM,1,PJM-RTO,,,ZONE,,18.490000,18.526565,0.021457,0.015108,True,1
9/11/2025 5:25:00 AM,9/11/2025 1:25:00 AM,1,PJM-RTO,,,ZONE,,18.240000,18.262434,0.013197,0.009238,True,1
9/11/2025 5:30:00 AM,9/11/2025 1:30:00 AM,1,PJM-RTO,,,ZONE,,18.280000,18.310977,0.017162,0.013816,True,1
9/11/2025 5:35:00 AM,9/11/2025 1:35:00 AM,1,PJM-RTO,,,ZONE,,18.240000,18.266795,0.012940,0.013855,True,1
9/11/2025 5:40:00 AM,9/11/2025 1:40:00 AM,1,PJM-RTO,,,ZONE,,18.890000,18.916821,0.016538,0.010282,True,1
9/11/2025 5:45:00 AM,9/11/2025 1:45:00 AM,1,PJM-RTO,,,ZONE,,18.490000,18.519028,0.015935,0.013093,True,1
9/11/2025 5:50:00 AM,9/11/2025 1:50:00 AM,1,PJM-RTO,,,ZONE,,18.460000,18.490244,0.015675,0.014569,True,1
9/11/2025 5:55:00 AM,9/11/2025 1:55:00 AM,1,PJM-RTO,,,ZONE,,18.000000,18.121176,0.105320,0.015855,True,1
9/11/2025 6:00:00 AM,9/11/2025 2:00:00 AM,1,PJM-RTO,,,ZONE,,17.210000,17.233780,0.011846,0.011934,True,1
9/11/2025 6:05:00 AM,9/11/2025 2:05:00 AM,1,PJM-RTO,,,ZONE,,17.940000,17.975132,0.024341,0.010791,True,1
9/11/2025 6:10:00 AM,9/11/2025 2:10:00 AM,1,PJM-RTO,,,ZONE,,18.110000,18.127549,0.000000,0.017549,True,1
9/11/2025 6:15:00 AM,9/11/2025 2:15:00 AM,1,PJM-RTO,,,ZONE,,18.090000,18.205569,0.102605,0.012964,True,1
9/11/2025 6:20:00 AM,9/11/2025 2:20:00 AM,1,PJM-RTO,,,ZONE,,18.220000,18.298402,0.068212,0.010189,True,1
9/11/2025 6:25:00 AM,9/11/2025 2:25:00 AM,1,PJM-RTO,,,ZONE,,18.070000,18.156714,0.075236,0.011478,True,1
9/11/2025 6:30:00 AM,9/11/2025 2:30:00 AM,1,PJM-RTO,,,ZONE,,18.530000,18.559863,0.013765,0.016097,True,1
9/11/2025 6:35:00 AM,9/11/2025 2:35:00 AM,1,PJM-RTO,,,ZONE,,18.140000,18.164169,0.016015,0.008153,True,1
9/11/2025 6:40:00 AM,9/11/2025 2:40:00 AM,1,PJM-RTO,,,ZONE,,17.920000,18.005637,0.075122,0.010515,True,1
9/11/2025 6:45:00 AM,9/11/2025 2:45:00 AM,1,PJM-RTO,,,ZONE,,18.120000,18.150006,0.014924,0.015081,True,1
9/11/2025 6:50:00 AM,9/11/2025 2:50:00 AM,1,PJM-RTO,,,ZONE,,18.180000,18.272459,0.080094,0.012365,True,1
9/11/2025 6:55:00 AM,9/11/2025 2:55:00 AM,1,PJM-RTO,,,ZONE,,16.900000,16.919047,0.012024,0.007023,True,1
9/11/2025 7:00:00 AM,9/11/2025 3:00:00 AM,1,PJM-RTO,,,ZONE,,17.310000,17.409246,0.089308,0.009938,True,1
9/11/2025 7:05:00 AM,9/11/2025 3:05:00 AM,1,PJM-RTO,,,ZONE,,16.910000,16.929669,0.011524,0.008146,True,1
9/11/2025 7:10:00 AM,9/11/2025 3:10:00 AM,1,PJM-RTO,,,ZONE,,21.780000,22.129570,0.330416,0.019153,True,1
9/11/2025 7:15:00 AM,9/11/2025 3:15:00 AM,1,PJM-RTO,,,ZONE,,17.960000,17.988928,0.012753,0.016175,True,1
9/11/2025 7:20:00 AM,9/11/2025 3:20:00 AM,1,PJM-RTO,,,ZONE,,18.120000,18.244775,0.113177,0.011597,True,1
9/11/2025 7:25:00 AM,9/11/2025 3:25:00 AM,1,PJM-RTO,,,ZONE,,16.640000,16.652380,0.000000,0.012380,True,1
9/11/2025 7:30:00 AM,9/11/2025 3:30:00 AM,1,PJM-RTO,,,ZONE,,17.800000,17.924168,0.114707,0.009461,True,1
9/11/2025 7:35:00 AM,9/11/2025 3:35:00 AM,1,PJM-RTO,,,ZONE,,16.950000,16.975431,0.009081,0.016350,True,1
9/11/2025 7:40:00 AM,9/11/2025 3:40:00 AM,1,PJM-RTO,,,ZONE,,16.970000,17.011940,0.027762,0.014179,True,1
9/11/2025 7:45:00 AM,9/11/2025 3:45:00 AM,1,PJM-RTO,,,ZONE,,16.910000,16.928256,0.010862,0.007394,True,1
9/11/2025 7:50:00 AM,9/11/2025 3:50:00 AM,1,PJM-RTO,,,ZONE,,18.060000,18.090344,0.016910,0.013435,True,1
9/11/2025 7:55:00 AM,9/11/2025 3:55:00 AM,1,PJM-RTO,,,ZONE,,17.360000,17.412137,0.042534,0.009603,True,1
9/11/2025 8:00:00 AM,9/11/2025 4:00:00 AM,1,PJM-RTO,,,ZONE,,17.780000,17.802934,0.011636,0.011298,True,1
9/11/2025 8:05:00 AM,9/11/2025 4:05:00 AM,1,PJM-RTO,,,ZONE,,18.260000,18.293020,0.019590,0.013430,True,1
9/11/2025 8:10:00 AM,9/11/2025 4:10:00 AM,1,PJM-RTO,,,ZONE,,17.930000,17.958962,0.011396,0.017566,True,1
9/11/2025 8:15:00 AM,9/11/2025 4:15:00 AM,1,PJM-RTO,,,ZONE,,18.300000,18.320278,0.011735,0.008542,True,1
9/11/2025 8:20:00 AM,9/11/2025 4:20:00 AM,1,PJM-RTO,,,ZONE,,18.090000,18.111059,0.009037,0.012022,True,1
9/11/2025 8:25:00 AM,9/11/2025 4:25:00 AM,1,PJM-RTO,,,ZONE,,20.850000,20.989658,0.122388,0.017269,True,1
9/11/2025 8:30:00 AM,9/11/2025 4:30:00 AM,1,PJM-RTO,,,ZONE,,18.840000,18.856392,0.005376,0.011016,True,1
9/11/2025 8:35:00 AM,9/11/2025 4:35:00 AM,1,PJM-RTO,,,ZONE,,18.520000,18.547605,0.017555,0.010050,True,1
9/11/2025 8:40:00 AM,9/11/2025 4:40:00 AM,1,PJM-RTO,,,ZONE,,16.960000,16.982751,0.006807,0.015944,True,1
9/11/2025 8:45:00 AM,9/11/2025 4:45:00 AM,1,PJM-RTO,,,ZONE,,19.200000,19.323105,0.111011,0.012094,True,1
9/11/2025 8:50:00 AM,9/11/2025 4:50:00 AM,1,PJM-RTO,,,ZONE,,18.070000,18.102134,0.018241,0.013893,True,1
9/11/2025 8:55:00 AM,9/11/2025 4:55:00 AM,1,PJM-RTO,,,ZONE,,18.080000,18.116244,0.022940,0.013304,True,1
9/11/2025 9:00:00 AM,9/11/2025 5:00:00 AM,1,PJM-RTO,,,ZONE,,18.220000,18.243529,0.010175,0.013354,True,1
9/11/2025 9:05:00 AM,9/11/2025 5:05:00 AM,1,PJM-RTO,,,ZONE,,19.350000,19.390799,0.030161,0.010639,True,1
9/11/2025 9:10:00 AM,9/11/2025 5:10:00 AM,1,PJM-RTO,,,ZONE,,18.670000,18.704461,0.018257,0.016204,True,1
9/11/2025 9:15:00 AM,9/11/2025 5:15:00 AM,1,PJM-RTO,,,ZONE,,23.300000,23.404485,0.089554,0.014931,True,1
9/11/2025 9:20:00 AM,9/11/2025 5:20:00 AM,1,PJM-RTO,,,ZONE,,22.860000,22.937207,0.066638,0.010569,True,1
9/11/2025 9:25:00 AM,9/11/2025 5:25:00 AM,1,PJM-RTO,,,ZONE,,25.240000,25.326166,0.072762,0.013404,True,1
9/11/2025 9:30:00 AM,9/11/2025 5:30:00 AM,1,PJM-RTO,,,ZONE,,23.710000,23.758248,0.028177,0.020071,True,1
9/11/2025 9:35:00 AM,9/11/2025 5:35:00 AM,1,PJM-RTO,,,ZONE,,24.400000,24.464847,0.047521,0.017326,True,1
9/11/2025 9:40:00 AM,9/11/2025 5:40:00 AM,1,PJM-RTO,,,ZONE,,22.440000,22.481114,0.030142,0.010972,True,1
9/11/2025 9:45:00 AM,9/11/2025 5:45:00 AM,1,PJM-RTO,,,ZONE,,32.940000,33.046183,0.085977,0.020206,True,1
9/11/2025 9:50:00 AM,9/11/2025 5:50:00 AM,1,PJM-RTO,,,ZONE,,28.050000,28.122520,0.052171,0.020349,True,1
9/11/2025 9:55:00 AM,9/11/2025 5:55:00 AM,1,PJM-RTO,,,ZONE,,23.340000,23.408228,0.048927,0.019301,True,1
9/11/2025 10:00:00 AM,9/11/2025 6:00:00 AM,1,PJM-RTO,,,ZONE,,23.480000,23.538241,0.041111,0.017129,True,1
9/11/2025 10:05:00 AM,9/11/2025 6:05:00 AM,1,PJM-RTO,,,ZONE,,23.580000,23.628913,0.033228,0.015685,True,1
9/11/2025 10:10:00 AM,9/11/2025 6:10:00 AM,1,PJM-RTO,,,ZONE,,22.220000,22.259078,0.025354,0.013723,True,1
9/11/2025 10:15:00 AM,9/11/2025 6:15:00 AM,1,PJM-RTO,,,ZONE,,25.920000,25.970824,0.030556,0.020268,True,1
9/11/2025 10:20:00 AM,9/11/2025 6:20:00 AM,1,PJM-RTO,,,ZONE,,22.400000,22.428475,0.014504,0.013971,True,1
9/11/2025 10:25:00 AM,9/11/2025 6:25:00 AM,1,PJM-RTO,,,ZONE,,27.320000,27.397301,0.053674,0.023626,True,1
9/11/2025 10:30:00 AM,9/11/2025 6:30:00 AM,1,PJM-RTO,,,ZONE,,25.710000,25.765814,0.042192,0.013622,True,1
9/11/2025 10:35:00 AM,9/11/2025 6:35:00 AM,1,PJM-RTO,,,ZONE,,40.810000,40.947982,0.118763,0.019219,True,1
9/11/2025 10:40:00 AM,9/11/2025 6:40:00 AM,1,PJM-RTO,,,ZONE,,28.170000,28.213215,0.021424,0.021791,True,1
9/11/2025 10:45:00 AM,9/11/2025 6:45:00 AM,1,PJM-RTO,,,ZONE,,28.810000,28.865288,0.041328,0.013960,True,1
9/11/2025 10:50:00 AM,9/11/2025 6:50:00 AM,1,PJM-RTO,,,ZONE,,35.950000,36.025995,0.055285,0.020710,True,1
9/11/2025 10:55:00 AM,9/11/2025 6:55:00 AM,1,PJM-RTO,,,ZONE,,31.250000,31.339136,0.062813,0.026323,True,1
9/11/2025 11:00:00 AM,9/11/2025 7:00:00 AM,1,PJM-RTO,,,ZONE,,159.520000,159.847001,0.236229,0.090772,True,1
9/11/2025 11:05:00 AM,9/11/2025 7:05:00 AM,1,PJM-RTO,,,ZONE,,69.750000,69.917991,0.128618,0.039373,True,1
9/11/2025 11:10:00 AM,9/11/2025 7:10:00 AM,1,PJM-RTO,,,ZONE,,33.340000,33.380455,0.020957,0.019497,True,1
9/11/2025 11:15:00 AM,9/11/2025 7:15:00 AM,1,PJM-RTO,,,ZONE,,32.630000,32.709086,0.052090,0.026996,True,1
9/11/2025 11:20:00 AM,9/11/2025 7:20:00 AM,1,PJM-RTO,,,ZONE,,26.450000,26.488769,0.023543,0.015226,True,1
9/11/2025 11:25:00 AM,9/11/2025 7:25:00 AM,1,PJM-RTO,,,ZONE,,28.460000,28.517332,0.035810,0.021522,True,1
9/11/2025 11:30:00 AM,9/11/2025 7:30:00 AM,1,PJM-RTO,,,ZONE,,28.300000,28.352557,0.027966,0.024592,True,1
9/11/2025 11:35:00 AM,9/11/2025 7:35:00 AM,1,PJM-RTO,,,ZONE,,29.610000,29.665957,0.034875,0.021082,True,1
9/11/2025 11:40:00 AM,9/11/2025 7:40:00 AM,1,PJM-RTO,,,ZONE,,27.390000,27.442436,0.036543,0.015893,True,1
9/11/2025 11:45:00 AM,9/11/2025 7:45:00 AM,1,PJM-RTO,,,ZONE,,25.450000,25.489089,0.021952,0.017137,True,1
9/11/2025 11:50:00 AM,9/11/2025 7:50:00 AM,1,PJM-RTO,,,ZONE,,23.660000,23.700000,0.023751,0.016249,True,1
9/11/2025 11:55:00 AM,9/11/2025 7:55:00 AM,1,PJM-RTO,,,ZONE,,26.420000,26.460902,0.019146,0.021757,True,1
9/11/2025 12:00:00 PM,9/11/2025 8:00:00 AM,1,PJM-RTO,,,ZONE,,26.030000,26.085696,0.038223,0.017473,True,1
9/11/2025 12:05:00 PM,9/11/2025 8:05:00 AM,1,PJM-RTO,,,ZONE,,27.020000,27.066522,0.034490,0.012032,True,1
9/11/2025 12:10:00 PM,9/11/2025 8:10:00 AM,1,PJM-RTO,,,ZONE,,24.840000,24.898756,0.047298,0.011458,True,1
9/11/2025 12:15:00 PM,9/11/2025 8:15:00 AM,1,PJM-RTO,,,ZONE,,24.690000,24.706807,0.003377,0.013431,True,1
9/11/2025 12:20:00 PM,9/11/2025 8:20:00 AM,1,PJM-RTO,,,ZONE,,23.790000,23.825842,0.021715,0.014127,True,1
9/11/2025 12:25:00 PM,9/11/2025 8:25:00 AM,1,PJM-RTO,,,ZONE,,24.670000,24.698838,0.014793,0.014045,True,1
9/11/2025 12:30:00 PM,9/11/2025 8:30:00 AM,1,PJM-RTO,,,ZONE,,19.200000,19.221189,0.006371,0.014818,True,1
9/11/2025 12:35:00 PM,9/11/2025 8:35:00 AM,1,PJM-RTO,,,ZONE,,21.770000,21.804926,0.018336,0.016590,True,1
9/11/2025 12:40:00 PM,9/11/2025 8:40:00 AM,1,PJM-RTO,,,ZONE,,17.650000,17.665897,0.001259,0.014638,True,1
9/11/2025 12:45:00 PM,9/11/2025 8:45:00 AM,1,PJM-RTO,,,ZONE,,19.220000,19.245154,0.012129,0.013025,True,1
9/11/2025 12:50:00 PM,9/11/2025 8:50:00 AM,1,PJM-RTO,,,ZONE,,19.080000,19.097185,0.008214,0.008971,True,1
9/11/2025 12:55:00 PM,9/11/2025 8:55:00 AM,1,PJM-RTO,,,ZONE,,19.900000,19.924527,0.009327,0.015200,True,1
9/11/2025 1:00:00 PM,9/11/2025 9:00:00 AM,1,PJM-RTO,,,ZONE,,21.780000,21.800970,0.005493,0.015478,True,1
9/11/2025 1:05:00 PM,9/11/2025 9:05:00 AM,1,PJM-RTO,,,ZONE,,22.910000,22.923606,0.000000,0.013606,True,1
9/11/2025 1:10:00 PM,9/11/2025 9:10:00 AM,1,PJM-RTO,,,ZONE,,20.520000,20.534029,0.000000,0.014029,True,1
9/11/2025 1:15:00 PM,9/11/2025 9:15:00 AM,1,PJM-RTO,,,ZONE,,21.290000,21.300874,0.001930,0.008944,True,1
9/11/2025 1:20:00 PM,9/11/2025 9:20:00 AM,1,PJM-RTO,,,ZONE,,19.470000,19.485491,0.003755,0.011736,True,1
9/11/2025 1:25:00 PM,9/11/2025 9:25:00 AM,1,PJM-RTO,,,ZONE,,25.000000,25.025189,0.009229,0.015960,True,1
9/11/2025 1:30:00 PM,9/11/2025 9:30:00 AM,1,PJM-RTO,,,ZONE,,21.100000,21.118085,0.000000,0.018085,True,1
9/11/2025 1:35:00 PM,9/11/2025 9:35:00 AM,1,PJM-RTO,,,ZONE,,22.170000,22.188104,0.002750,0.015354,True,1
9/11/2025 1:40:00 PM,9/11/2025 9:40:00 AM,1,PJM-RTO,,,ZONE,,19.010000,19.023851,0.004970,0.008881,True,1
9/11/2025 1:45:00 PM,9/11/2025 9:45:00 AM,1,PJM-RTO,,,ZONE,,20.500000,20.512055,0.000000,0.012055,True,1
9/11/2025 1:50:00 PM,9/11/2025 9:50:00 AM,1,PJM-RTO,,,ZONE,,19.570000,19.579120,0.000000,0.009120,True,1
9/11/2025 1:55:00 PM,9/11/2025 9:55:00 AM,1,PJM-RTO,,,ZONE,,23.830000,23.847069,0.003871,0.013197,True,1
9/11/2025 2:00:00 PM,9/11/2025 10:00:00 AM,1,PJM-RTO,,,ZONE,,22.910000,22.930673,0.005277,0.015396,True,1
9/11/2025 2:05:00 PM,9/11/2025 10:05:00 AM,1,PJM-RTO,,,ZONE,,21.320000,21.335102,0.000000,0.015102,True,1
9/11/2025 2:10:00 PM,9/11/2025 10:10:00 AM,1,PJM-RTO,,,ZONE,,24.400000,24.416037,0.001770,0.014267,True,1
9/11/2025 2:15:00 PM,9/11/2025 10:15:00 AM,1,PJM-RTO,,,ZONE,,26.360000,26.384810,0.004836,0.019974,True,1
9/11/2025 2:20:00 PM,9/11/2025 10:20:00 AM,1,PJM-RTO,,,ZONE,,78.610000,78.796440,0.136537,0.049903,True,1
9/11/2025 2:25:00 PM,9/11/2025 10:25:00 AM,1,PJM-RTO,,,ZONE,,67.710000,67.837007,0.084726,0.042281,True,1
9/11/2025 2:30:00 PM,9/11/2025 10:30:00 AM,1,PJM-RTO,,,ZONE,,31.000000,31.039376,0.016304,0.023072,True,1
9/11/2025 2:35:00 PM,9/11/2025 10:35:00 AM,1,PJM-RTO,,,ZONE,,32.160000,32.202007,0.026532,0.015476,True,1
9/11/2025 2:40:00 PM,9/11/2025 10:40:00 AM,1,PJM-RTO,,,ZONE,,29.060000,29.090499,0.015030,0.015469,True,1
9/11/2025 2:45:00 PM,9/11/2025 10:45:00 AM,1,PJM-RTO,,,ZONE,,27.760000,27.788097,0.016386,0.011712,True,1
9/11/2025 2:50:00 PM,9/11/2025 10:50:00 AM,1,PJM-RTO,,,ZONE,,25.480000,25.496384,0.001359,0.015024,True,1
9/11/2025 2:55:00 PM,9/11/2025 10:55:00 AM,1,PJM-RTO,,,ZONE,,25.580000,25.600961,0.005149,0.015812,True,1
9/11/2025 3:00:00 PM,9/11/2025 11:00:00 AM,1,PJM-RTO,,,ZONE,,27.210000,27.231628,0.009474,0.012154,True,1
9/11/2025 3:05:00 PM,9/11/2025 11:05:00 AM,1,PJM-RTO,,,ZONE,,27.070000,27.106492,0.018681,0.017811,True,1
9/11/2025 3:10:00 PM,9/11/2025 11:10:00 AM,1,PJM-RTO,,,ZONE,,28.310000,28.386494,0.060776,0.015718,True,1
9/11/2025 3:15:00 PM,9/11/2025 11:15:00 AM,1,PJM-RTO,,,ZONE,,28.380000,28.432107,0.031154,0.020953,True,1
9/11/2025 3:20:00 PM,9/11/2025 11:20:00 AM,1,PJM-RTO,,,ZONE,,66.250000,66.502455,0.209260,0.043195,True,1
9/11/2025 3:25:00 PM,9/11/2025 11:25:00 AM,1,PJM-RTO,,,ZONE,,65.930000,66.300741,0.332734,0.038007,True,1
9/11/2025 3:30:00 PM,9/11/2025 11:30:00 AM,1,PJM-RTO,,,ZONE,,29.650000,29.717746,0.053516,0.014230,True,1
9/11/2025 3:35:00 PM,9/11/2025 11:35:00 AM,1,PJM-RTO,,,ZONE,,26.550000,26.584545,0.021887,0.012658,True,1
9/11/2025 3:40:00 PM,9/11/2025 11:40:00 AM,1,PJM-RTO,,,ZONE,,21.150000,21.167572,0.000000,0.017572,True,1
9/11/2025 3:45:00 PM,9/11/2025 11:45:00 AM,1,PJM-RTO,,,ZONE,,25.470000,25.497461,0.007715,0.019745,True,1
9/11/2025 3:50:00 PM,9/11/2025 11:50:00 AM,1,PJM-RTO,,,ZONE,,20.750000,20.768604,0.000000,0.018604,True,1
9/11/2025 3:55:00 PM,9/11/2025 11:55:00 AM,1,PJM-RTO,,,ZONE,,18.260000,18.274730,0.007120,0.007611,True,1
9/11/2025 4:00:00 PM,9/11/2025 12:00:00 PM,1,PJM-RTO,,,ZONE,,17.320000,17.325832,0.000000,0.005832,True,1
9/11/2025 4:05:00 PM,9/11/2025 12:05:00 PM,1,PJM-RTO,,,ZONE,,17.260000,17.272196,0.001180,0.011016,True,1
9/11/2025 4:10:00 PM,9/11/2025 12:10:00 PM,1,PJM-RTO,,,ZONE,,18.830000,18.835519,0.000000,0.005519,True,1
9/11/2025 4:15:00 PM,9/11/2025 12:15:00 PM,1,PJM-RTO,,,ZONE,,21.850000,21.875949,0.013991,0.011958,True,1
9/11/2025 4:20:00 PM,9/11/2025 12:20:00 PM,1,PJM-RTO,,,ZONE,,21.010000,21.028682,0.001391,0.017291,True,1
9/11/2025 4:25:00 PM,9/11/2025 12:25:00 PM,1,PJM-RTO,,,ZONE,,19.850000,19.888399,0.023454,0.014945,True,1
9/11/2025 4:30:00 PM,9/11/2025 12:30:00 PM,1,PJM-RTO,,,ZONE,,19.670000,19.691483,0.009429,0.012053,True,1
9/11/2025 4:35:00 PM,9/11/2025 12:35:00 PM,1,PJM-RTO,,,ZONE,,23.330000,23.364429,0.023690,0.010739,True,1
9/11/2025 4:40:00 PM,9/11/2025 12:40:00 PM,1,PJM-RTO,,,ZONE,,23.970000,23.995583,0.012425,0.013158,True,1
9/11/2025 4:45:00 PM,9/11/2025 12:45:00 PM,1,PJM-RTO,,,ZONE,,24.940000,24.971461,0.015637,0.015824,True,1
9/11/2025 4:50:00 PM,9/11/2025 12:50:00 PM,1,PJM-RTO,,,ZONE,,25.960000,25.987421,0.016843,0.010578,True,1
9/11/2025 4:55:00 PM,9/11/2025 12:55:00 PM,1,PJM-RTO,,,ZONE,,18.620000,18.646418,0.010570,0.015848,True,1
9/11/2025 5:00:00 PM,9/11/2025 1:00:00 PM,1,PJM-RTO,,,ZONE,,20.210000,20.220421,0.001490,0.008931,True,1
9/11/2025 5:05:00 PM,9/11/2025 1:05:00 PM,1,PJM-RTO,,,ZONE,,18.530000,18.545683,0.006361,0.009322,True,1
9/11/2025 5:10:00 PM,9/11/2025 1:10:00 PM,1,PJM-RTO,,,ZONE,,18.580000,18.588859,0.000000,0.008859,True,1
9/11/2025 5:15:00 PM,9/11/2025 1:15:00 PM,1,PJM-RTO,,,ZONE,,24.120000,24.151062,0.019103,0.011959,True,1
9/11/2025 5:20:00 PM,9/11/2025 1:20:00 PM,1,PJM-RTO,,,ZONE,,23.890000,23.928160,0.024659,0.013501,True,1
9/11/2025 5:25:00 PM,9/11/2025 1:25:00 PM,1,PJM-RTO,,,ZONE,,25.580000,25.630764,0.032212,0.018552,True,1
9/11/2025 5:30:00 PM,9/11/2025 1:30:00 PM,1,PJM-RTO,,,ZONE,,24.750000,24.791679,0.028310,0.013368,True,1
9/11/2025 5:35:00 PM,9/11/2025 1:35:00 PM,1,PJM-RTO,,,ZONE,,27.190000,27.243279,0.042452,0.010827,True,1
9/11/2025 5:40:00 PM,9/11/2025 1:40:00 PM,1,PJM-RTO,,,ZONE,,26.930000,26.980742,0.031275,0.019467,True,1
9/11/2025 5:45:00 PM,9/11/2025 1:45:00 PM,1,PJM-RTO,,,ZONE,,25.920000,25.952412,0.022910,0.009502,True,1
9/11/2025 5:50:00 PM,9/11/2025 1:50:00 PM,1,PJM-RTO,,,ZONE,,24.120000,24.159107,0.022439,0.016668,True,1
9/11/2025 5:55:00 PM,9/11/2025 1:55:00 PM,1,PJM-RTO,,,ZONE,,19.220000,19.227777,0.000000,0.007777,True,1
9/11/2025 6:00:00 PM,9/11/2025 2:00:00 PM,1,PJM-RTO,,,ZONE,,21.140000,21.146152,-0.000486,0.006637,True,1
9/11/2025 6:05:00 PM,9/11/2025 2:05:00 PM,1,PJM-RTO,,,ZONE,,25.530000,25.547650,0.002533,0.015117,True,1
9/11/2025 6:10:00 PM,9/11/2025 2:10:00 PM,1,PJM-RTO,,,ZONE,,25.210000,25.228796,0.003611,0.015185,True,1
9/11/2025 6:15:00 PM,9/11/2025 2:15:00 PM,1,PJM-RTO,,,ZONE,,21.840000,21.854994,0.001259,0.013735,True,1
9/11/2025 6:20:00 PM,9/11/2025 2:20:00 PM,1,PJM-RTO,,,ZONE,,26.640000,26.661949,0.005956,0.015993,True,1
9/11/2025 6:25:00 PM,9/11/2025 2:25:00 PM,1,PJM-RTO,,,ZONE,,25.980000,26.000630,0.005307,0.015323,True,1
9/11/2025 6:30:00 PM,9/11/2025 2:30:00 PM,1,PJM-RTO,,,ZONE,,25.460000,25.478270,0.009292,0.008979,True,1
9/11/2025 6:35:00 PM,9/11/2025 2:35:00 PM,1,PJM-RTO,,,ZONE,,31.070000,31.123238,0.033279,0.019959,True,1
9/11/2025 6:40:00 PM,9/11/2025 2:40:00 PM,1,PJM-RTO,,,ZONE,,28.880000,28.933384,0.038903,0.014481,True,1
9/11/2025 6:45:00 PM,9/11/2025 2:45:00 PM,1,PJM-RTO,,,ZONE,,29.460000,29.521726,0.042029,0.019698,True,1
9/11/2025 6:50:00 PM,9/11/2025 2:50:00 PM,1,PJM-RTO,,,ZONE,,28.750000,28.789290,0.023733,0.015556,True,1
9/11/2025 6:55:00 PM,9/11/2025 2:55:00 PM,1,PJM-RTO,,,ZONE,,30.630000,30.649557,0.003350,0.016207,True,1
9/11/2025 7:00:00 PM,9/11/2025 3:00:00 PM,1,PJM-RTO,,,ZONE,,69.560000,69.605522,0.014970,0.030553,True,1
9/11/2025 7:05:00 PM,9/11/2025 3:05:00 PM,1,PJM-RTO,,,ZONE,,34.290000,34.312224,0.007210,0.015014,True,1
9/11/2025 7:10:00 PM,9/11/2025 3:10:00 PM,1,PJM-RTO,,,ZONE,,35.190000,35.219870,0.010650,0.019220,True,1
9/11/2025 7:15:00 PM,9/11/2025 3:15:00 PM,1,PJM-RTO,,,ZONE,,33.310000,33.331116,0.000000,0.021116,True,1
9/11/2025 7:20:00 PM,9/11/2025 3:20:00 PM,1,PJM-RTO,,,ZONE,,29.810000,29.829388,0.004558,0.014829,True,1
9/11/2025 7:25:00 PM,9/11/2025 3:25:00 PM,1,PJM-RTO,,,ZONE,,31.680000,31.697038,0.000000,0.017038,True,1
9/11/2025 7:30:00 PM,9/11/2025 3:30:00 PM,1,PJM-RTO,,,ZONE,,28.200000,28.213211,0.000000,0.013211,True,1
9/11/2025 7:35:00 PM,9/11/2025 3:35:00 PM,1,PJM-RTO,,,ZONE,,28.150000,28.170785,0.002318,0.018467,True,1
9/11/2025 7:40:00 PM,9/11/2025 3:40:00 PM,1,PJM-RTO,,,ZONE,,23.410000,23.427312,0.000000,0.017312,True,1
9/11/2025 7:45:00 PM,9/11/2025 3:45:00 PM,1,PJM-RTO,,,ZONE,,27.790000,27.807092,0.000000,0.017092,True,1
9/11/2025 7:50:00 PM,9/11/2025 3:50:00 PM,1,PJM-RTO,,,ZONE,,22.830000,22.839569,0.000000,0.009569,True,1
9/11/2025 7:55:00 PM,9/11/2025 3:55:00 PM,1,PJM-RTO,,,ZONE,,23.050000,23.059725,0.000000,0.009725,True,1
9/11/2025 8:00:00 PM,9/11/2025 4:00:00 PM,1,PJM-RTO,,,ZONE,,27.040000,27.059556,0.000000,0.019556,True,1
9/11/2025 8:05:00 PM,9/11/2025 4:05:00 PM,1,PJM-RTO,,,ZONE,,26.780000,26.799327,0.000000,0.019327,True,1
9/11/2025 8:10:00 PM,9/11/2025 4:10:00 PM,1,PJM-RTO,,,ZONE,,25.980000,25.991968,0.000000,0.011968,True,1
9/11/2025 8:15:00 PM,9/11/2025 4:15:00 PM,1,PJM-RTO,,,ZONE,,29.110000,29.125833,0.000000,0.015833,True,1
9/11/2025 8:20:00 PM,9/11/2025 4:20:00 PM,1,PJM-RTO,,,ZONE,,28.750000,28.762106,0.000000,0.012106,True,1
9/11/2025 8:25:00 PM,9/11/2025 4:25:00 PM,1,PJM-RTO,,,ZONE,,29.420000,29.437689,0.000000,0.017689,True,1
9/11/2025 8:30:00 PM,9/11/2025 4:30:00 PM,1,PJM-RTO,,,ZONE,,29.050000,29.065268,0.000000,0.015268,True,1
9/11/2025 8:35:00 PM,9/11/2025 4:35:00 PM,1,PJM-RTO,,,ZONE,,31.690000,31.707639,0.000000,0.017639,True,1
9/11/2025 8:40:00 PM,9/11/2025 4:40:00 PM,1,PJM-RTO,,,ZONE,,28.610000,28.622051,0.000000,0.012051,True,1
9/11/2025 8:45:00 PM,9/11/2025 4:45:00 PM,1,PJM-RTO,,,ZONE,,31.020000,31.038695,0.000000,0.018695,True,1
9/11/2025 8:50:00 PM,9/11/2025 4:50:00 PM,1,PJM-RTO,,,ZONE,,29.940000,29.961088,0.000000,0.021088,True,1
9/11/2025 8:55:00 PM,9/11/2025 4:55:00 PM,1,PJM-RTO,,,ZONE,,28.340000,28.354829,0.001387,0.013442,True,1
9/11/2025 9:00:00 PM,9/11/2025 5:00:00 PM,1,PJM-RTO,,,ZONE,,30.930000,30.948200,0.000000,0.018200,True,1
9/11/2025 9:05:00 PM,9/11/2025 5:05:00 PM,1,PJM-RTO,,,ZONE,,25.960000,25.975832,0.000000,0.015832,True,1
9/11/2025 9:10:00 PM,9/11/2025 5:10:00 PM,1,PJM-RTO,,,ZONE,,27.010000,27.024056,0.000000,0.014056,True,1
9/11/2025 9:15:00 PM,9/11/2025 5:15:00 PM,1,PJM-RTO,,,ZONE,,28.030000,28.046492,0.000000,0.016492,True,1
9/11/2025 9:20:00 PM,9/11/2025 5:20:00 PM,1,PJM-RTO,,,ZONE,,28.640000,28.658882,0.000864,0.018018,True,1
9/11/2025 9:25:00 PM,9/11/2025 5:25:00 PM,1,PJM-RTO,,,ZONE,,32.820000,32.837347,0.000000,0.017347,True,1
9/11/2025 9:30:00 PM,9/11/2025 5:30:00 PM,1,PJM-RTO,,,ZONE,,29.940000,29.952341,0.000000,0.012341,True,1
9/11/2025 9:35:00 PM,9/11/2025 5:35:00 PM,1,PJM-RTO,,,ZONE,,31.500000,31.524083,0.008084,0.015999,True,1
9/11/2025 9:40:00 PM,9/11/2025 5:40:00 PM,1,PJM-RTO,,,ZONE,,32.330000,32.352249,0.008515,0.013733,True,1
9/11/2025 9:45:00 PM,9/11/2025 5:45:00 PM,1,PJM-RTO,,,ZONE,,34.870000,34.903704,0.017758,0.015947,True,1
9/11/2025 9:50:00 PM,9/11/2025 5:50:00 PM,1,PJM-RTO,,,ZONE,,35.930000,35.973780,0.018283,0.025498,True,1
9/11/2025 9:55:00 PM,9/11/2025 5:55:00 PM,1,PJM-RTO,,,ZONE,,33.230000,33.262827,0.014546,0.018280,True,1
9/11/2025 10:00:00 PM,9/11/2025 6:00:00 PM,1,PJM-RTO,,,ZONE,,35.830000,35.869779,0.022271,0.017508,True,1
9/11/2025 10:05:00 PM,9/11/2025 6:05:00 PM,1,PJM-RTO,,,ZONE,,35.120000,35.157509,0.025836,0.011673,True,1
9/11/2025 10:10:00 PM,9/11/2025 6:10:00 PM,1,PJM-RTO,,,ZONE,,40.650000,40.722751,0.048397,0.024354,True,1
9/11/2025 10:15:00 PM,9/11/2025 6:15:00 PM,1,PJM-RTO,,,ZONE,,42.670000,42.730429,0.036244,0.024185,True,1
9/11/2025 10:20:00 PM,9/11/2025 6:20:00 PM,1,PJM-RTO,,,ZONE,,39.300000,39.352255,0.026689,0.025566,True,1
9/11/2025 10:25:00 PM,9/11/2025 6:25:00 PM,1,PJM-RTO,,,ZONE,,36.940000,36.973195,0.017363,0.015832,True,1
9/11/2025 10:30:00 PM,9/11/2025 6:30:00 PM,1,PJM-RTO,,,ZONE,,43.990000,44.046734,0.029453,0.027281,True,1
9/11/2025 10:35:00 PM,9/11/2025 6:35:00 PM,1,PJM-RTO,,,ZONE,,41.810000,41.858409,0.025184,0.023225,True,1
9/11/2025 10:40:00 PM,9/11/2025 6:40:00 PM,1,PJM-RTO,,,ZONE,,52.650000,52.743141,0.067008,0.026133,True,1
9/11/2025 10:45:00 PM,9/11/2025 6:45:00 PM,1,PJM-RTO,,,ZONE,,52.850000,52.949068,0.066285,0.032782,True,1
9/11/2025 10:50:00 PM,9/11/2025 6:50:00 PM,1,PJM-RTO,,,ZONE,,53.810000,53.885936,0.043242,0.032694,True,1
9/11/2025 10:55:00 PM,9/11/2025 6:55:00 PM,1,PJM-RTO,,,ZONE,,109.730000,109.884727,0.096387,0.058340,True,1
9/11/2025 11:00:00 PM,9/11/2025 7:00:00 PM,1,PJM-RTO,,,ZONE,,52.890000,52.950901,0.028967,0.031934,True,1
9/11/2025 11:05:00 PM,9/11/2025 7:05:00 PM,1,PJM-RTO,,,ZONE,,65.300000,65.406562,0.075638,0.030924,True,1
9/11/2025 11:10:00 PM,9/11/2025 7:10:00 PM,1,PJM-RTO,,,ZONE,,54.030000,54.108654,0.051888,0.026766,True,1
9/11/2025 11:15:00 PM,9/11/2025 7:15:00 PM,1,PJM-RTO,,,ZONE,,52.530000,52.601829,0.044310,0.027518,True,1
9/11/2025 11:20:00 PM,9/11/2025 7:20:00 PM,1,PJM-RTO,,,ZONE,,64.060000,64.166942,0.071403,0.035539,True,1
9/11/2025 11:25:00 PM,9/11/2025 7:25:00 PM,1,PJM-RTO,,,ZONE,,70.640000,70.774728,0.091242,0.043486,True,1
9/11/2025 11:30:00 PM,9/11/2025 7:30:00 PM,1,PJM-RTO,,,ZONE,,52.380000,52.440789,0.035182,0.025607,True,1
9/11/2025 11:35:00 PM,9/11/2025 7:35:00 PM,1,PJM-RTO,,,ZONE,,53.500000,53.583938,0.060929,0.023009,True,1
9/11/2025 11:40:00 PM,9/11/2025 7:40:00 PM,1,PJM-RTO,,,ZONE,,36.040000,36.076323,0.019085,0.017237,True,1
9/11/2025 11:45:00 PM,9/11/2025 7:45:00 PM,1,PJM-RTO,,,ZONE,,35.260000,35.304387,0.028785,0.015602,True,1
9/11/2025 11:50:00 PM,9/11/2025 7:50:00 PM,1,PJM-RTO,,,ZONE,,32.060000,32.091241,0.012796,0.018445,True,1
9/11/2025 11:55:00 PM,9/11/2025 7:55:00 PM,1,PJM-RTO,,,ZONE,,38.280000,38.340640,0.040806,0.019834,True,1
9/12/2025 12:00:00 AM,9/11/2025 8:00:00 PM,1,PJM-RTO,,,ZONE,,33.870000,33.925277,0.031855,0.023422,True,1
9/12/2025 12:05:00 AM,9/11/2025 8:05:00 PM,1,PJM-RTO,,,ZONE,,37.410000,37.463590,0.033380,0.020210,True,1
9/12/2025 12:10:00 AM,9/11/2025 8:10:00 PM,1,PJM-RTO,,,ZONE,,34.690000,34.742244,0.030399,0.021845,True,1
9/12/2025 12:15:00 AM,9/11/2025 8:15:00 PM,1,PJM-RTO,,,ZONE,,35.630000,35.690602,0.044289,0.016313,True,1
9/12/2025 12:20:00 AM,9/11/2025 8:20:00 PM,1,PJM-RTO,,,ZONE,,34.350000,34.403200,0.030506,0.022694,True,1
9/12/2025 12:25:00 AM,9/11/2025 8:25:00 PM,1,PJM-RTO,,,ZONE,,35.420000,35.479816,0.036081,0.023735,True,1
9/12/2025 12:30:00 AM,9/11/2025 8:30:00 PM,1,PJM-RTO,,,ZONE,,35.430000,35.487647,0.039765,0.017882,True,1
9/12/2025 12:35:00 AM,9/11/2025 8:35:00 PM,1,PJM-RTO,,,ZONE,,35.230000,35.276788,0.030113,0.016675,True,1
9/12/2025 12:40:00 AM,9/11/2025 8:40:00 PM,1,PJM-RTO,,,ZONE,,32.200000,32.236470,0.023130,0.013340,True,1
9/12/2025 12:45:00 AM,9/11/2025 8:45:00 PM,1,PJM-RTO,,,ZONE,,31.570000,31.607170,0.017673,0.019497,True,1
9/12/2025 12:50:00 AM,9/11/2025 8:50:00 PM,1,PJM-RTO,,,ZONE,,30.110000,30.141566,0.013802,0.017764,True,1
9/12/2025 12:55:00 AM,9/11/2025 8:55:00 PM,1,PJM-RTO,,,ZONE,,27.910000,27.955798,0.025676,0.020121,True,1
9/12/2025 1:00:00 AM,9/11/2025 9:00:00 PM,1,PJM-RTO,,,ZONE,,33.450000,33.502486,0.036998,0.015488,True,1
9/12/2025 1:05:00 AM,9/11/2025 9:05:00 PM,1,PJM-RTO,,,ZONE,,33.920000,33.982883,0.044349,0.018534,True,1
9/12/2025 1:10:00 AM,9/11/2025 9:10:00 PM,1,PJM-RTO,,,ZONE,,33.300000,33.368920,0.048261,0.020659,True,1
9/12/2025 1:15:00 AM,9/11/2025 9:15:00 PM,1,PJM-RTO,,,ZONE,,31.340000,31.401585,0.040963,0.020623,True,1
9/12/2025 1:20:00 AM,9/11/2025 9:20:00 PM,1,PJM-RTO,,,ZONE,,29.150000,29.198837,0.027893,0.020943,True,1
9/12/2025 1:25:00 AM,9/11/2025 9:25:00 PM,1,PJM-RTO,,,ZONE,,26.770000,26.811903,0.019855,0.022048,True,1
9/12/2025 1:30:00 AM,9/11/2025 9:30:00 PM,1,PJM-RTO,,,ZONE,,26.780000,26.815503,0.018845,0.016657,True,1
9/12/2025 1:35:00 AM,9/11/2025 9:35:00 PM,1,PJM-RTO,,,ZONE,,26.820000,26.851781,0.014903,0.016877,True,1
9/12/2025 1:40:00 AM,9/11/2025 9:40:00 PM,1,PJM-RTO,,,ZONE,,26.260000,26.293357,0.014431,0.018926,True,1
9/12/2025 1:45:00 AM,9/11/2025 9:45:00 PM,1,PJM-RTO,,,ZONE,,22.870000,22.987172,0.097119,0.020053,True,1
9/12/2025 1:50:00 AM,9/11/2025 9:50:00 PM,1,PJM-RTO,,,ZONE,,28.390000,28.428851,0.019019,0.019831,True,1
9/12/2025 1:55:00 AM,9/11/2025 9:55:00 PM,1,PJM-RTO,,,ZONE,,27.360000,27.393652,0.014658,0.018994,True,1
9/12/2025 2:00:00 AM,9/11/2025 10:00:00 PM,1,PJM-RTO,,,ZONE,,26.930000,27.005758,0.057029,0.018729,True,1
9/12/2025 2:05:00 AM,9/11/2025 10:05:00 PM,1,PJM-RTO,,,ZONE,,28.080000,28.136590,0.043805,0.012786,True,1
9/12/2025 2:10:00 AM,9/11/2025 10:10:00 PM,1,PJM-RTO,,,ZONE,,26.380000,26.535505,0.140881,0.014624,True,1
9/12/2025 2:15:00 AM,9/11/2025 10:15:00 PM,1,PJM-RTO,,,ZONE,,25.540000,25.577163,0.018704,0.018459,True,1
9/12/2025 2:20:00 AM,9/11/2025 10:20:00 PM,1,PJM-RTO,,,ZONE,,28.340000,28.403143,0.044686,0.018457,True,1
9/12/2025 2:25:00 AM,9/11/2025 10:25:00 PM,1,PJM-RTO,,,ZONE,,26.000000,26.045351,0.025793,0.019558,True,1
9/12/2025 2:30:00 AM,9/11/2025 10:30:00 PM,1,PJM-RTO,,,ZONE,,22.270000,22.288571,0.003171,0.015400,True,1
9/12/2025 2:35:00 AM,9/11/2025 10:35:00 PM,1,PJM-RTO,,,ZONE,,21.720000,21.738475,0.001607,0.016867,True,1
9/12/2025 2:40:00 AM,9/11/2025 10:40:00 PM,1,PJM-RTO,,,ZONE,,20.490000,20.510770,0.006949,0.013821,True,1
9/12/2025 2:45:00 AM,9/11/2025 10:45:00 PM,1,PJM-RTO,,,ZONE,,19.550000,19.578050,0.011668,0.016383,True,1
9/12/2025 2:50:00 AM,9/11/2025 10:50:00 PM,1,PJM-RTO,,,ZONE,,25.410000,25.441046,0.017669,0.013378,True,1
9/12/2025 2:55:00 AM,9/11/2025 10:55:00 PM,1,PJM-RTO,,,ZONE,,26.460000,26.491286,0.018347,0.012939,True,1
9/12/2025 3:00:00 AM,9/11/2025 11:00:00 PM,1,PJM-RTO,,,ZONE,,24.700000,24.753458,0.038128,0.015330,True,1
9/12/2025 3:05:00 AM,9/11/2025 11:05:00 PM,1,PJM-RTO,,,ZONE,,31.200000,31.288390,0.068824,0.019566,True,1
9/12/2025 3:10:00 AM,9/11/2025 11:10:00 PM,1,PJM-RTO,,,ZONE,,27.490000,27.565885,0.059699,0.016186,True,1
9/12/2025 3:15:00 AM,9/11/2025 11:15:00 PM,1,PJM-RTO,,,ZONE,,28.530000,28.605459,0.055728,0.019731,True,1
9/12/2025 3:20:00 AM,9/11/2025 11:20:00 PM,1,PJM-RTO,,,ZONE,,26.820000,26.886838,0.045678,0.021161,True,1
9/12/2025 3:25:00 AM,9/11/2025 11:25:00 PM,1,PJM-RTO,,,ZONE,,22.110000,22.183533,0.064609,0.008924,True,1
9/12/2025 3:30:00 AM,9/11/2025 11:30:00 PM,1,PJM-RTO,,,ZONE,,13.470000,13.482229,0.000000,0.012229,True,1
9/12/2025 3:35:00 AM,9/11/2025 11:35:00 PM,1,PJM-RTO,,,ZONE,,20.040000,20.069383,0.014656,0.014727,True,1
9/12/2025 3:40:00 AM,9/11/2025 11:40:00 PM,1,PJM-RTO,,,ZONE,,19.700000,19.710522,0.000000,0.010522,True,1
9/12/2025 3:45:00 AM,9/11/2025 11:45:00 PM,1,PJM-RTO,,,ZONE,,19.240000,19.263100,0.006011,0.017090,True,1
9/12/2025 3:50:00 AM,9/11/2025 11:50:00 PM,1,PJM-RTO,,,ZONE,,20.460000,20.474392,0.000000,0.014392,True,1
9/12/2025 3:55:00 AM,9/11/2025 11:55:00 PM,1,PJM-RTO,,,ZONE,,19.260000,19.371604,0.100572,0.011032,True,1
9/12/2025 4:00:00 AM,9/12/2025 12:00:00 AM,1,PJM-RTO,,,ZONE,,19.510000,19.540490,0.014455,0.016035,True,1
9/12/2025 4:05:00 AM,9/12/2025 12:05:00 AM,1,PJM-RTO,,,ZONE,,18.650000,18.678621,0.011328,0.017293,True,1
9/12/2025 4:10:00 AM,9/12/2025 12:10:00 AM,1,PJM-RTO,,,ZONE,,18.280000,18.300183,0.010656,0.009527,True,1
9/12/2025 4:15:00 AM,9/12/2025 12:15:00 AM,1,PJM-RTO,,,ZONE,,18.900000,18.928977,0.020739,0.008238,True,1
9/12/2025 4:20:00 AM,9/12/2025 12:20:00 AM,1,PJM-RTO,,,ZONE,,18.630000,18.653685,0.012805,0.010880,True,1
9/12/2025 4:25:00 AM,9/12/2025 12:25:00 AM,1,PJM-RTO,,,ZONE,,18.720000,18.845400,0.114095,0.011305,True,1
9/12/2025 4:30:00 AM,9/12/2025 12:30:00 AM,1,PJM-RTO,,,ZONE,,18.550000,18.579327,0.021474,0.007853,True,1
9/12/2025 4:35:00 AM,9/12/2025 12:35:00 AM,1,PJM-RTO,,,ZONE,,18.440000,18.471289,0.021518,0.009771,True,1
9/12/2025 4:40:00 AM,9/12/2025 12:40:00 AM,1,PJM-RTO,,,ZONE,,18.460000,18.481395,0.012285,0.009109,True,1
9/12/2025 4:45:00 AM,9/12/2025 12:45:00 AM,1,PJM-RTO,,,ZONE,,18.480000,18.516228,0.021096,0.015132,True,1
9/12/2025 4:50:00 AM,9/12/2025 12:50:00 AM,1,PJM-RTO,,,ZONE,,18.150000,18.198866,0.036113,0.012753,True,1
9/12/2025 4:55:00 AM,9/12/2025 12:55:00 AM,1,PJM-RTO,,,ZONE,,15.180000,15.195196,0.004748,0.010448,True,1
9/12/2025 5:00:00 AM,9/12/2025 1:00:00 AM,1,PJM-RTO,,,ZONE,,16.430000,16.505898,0.062329,0.013569,True,1
9/12/2025 5:05:00 AM,9/12/2025 1:05:00 AM,1,PJM-RTO,,,ZONE,,16.670000,16.698165,0.019691,0.008474,True,1
9/12/2025 5:10:00 AM,9/12/2025 1:10:00 AM,1,PJM-RTO,,,ZONE,,18.530000,18.650845,0.111518,0.009327,True,1
9/12/2025 5:15:00 AM,9/12/2025 1:15:00 AM,1,PJM-RTO,,,ZONE,,17.330000,17.351283,0.010668,0.010615,True,1
9/12/2025 5:20:00 AM,9/12/2025 1:20:00 AM,1,PJM-RTO,,,ZONE,,17.130000,17.152304,0.009356,0.012948,True,1
9/12/2025 5:25:00 AM,9/12/2025 1:25:00 AM,1,PJM-RTO,,,ZONE,,17.340000,17.361618,0.011985,0.009633,True,1
9/12/2025 5:30:00 AM,9/12/2025 1:30:00 AM,1,PJM-RTO,,,ZONE,,17.240000,17.258835,0.008970,0.009865,True,1
9/12/2025 5:35:00 AM,9/12/2025 1:35:00 AM,1,PJM-RTO,,,ZONE,,17.130000,17.147217,0.009319,0.007898,True,1
9/12/2025 5:40:00 AM,9/12/2025 1:40:00 AM,1,PJM-RTO,,,ZONE,,17.270000,17.314513,0.034113,0.010400,True,1
9/12/2025 5:45:00 AM,9/12/2025 1:45:00 AM,1,PJM-RTO,,,ZONE,,17.200000,17.216647,0.009235,0.007412,True,1
9/12/2025 5:50:00 AM,9/12/2025 1:50:00 AM,1,PJM-RTO,,,ZONE,,17.570000,17.596255,0.012778,0.013476,True,1
9/12/2025 5:55:00 AM,9/12/2025 1:55:00 AM,1,PJM-RTO,,,ZONE,,17.890000,17.919238,0.014602,0.014636,True,1
9/12/2025 6:00:00 AM,9/12/2025 2:00:00 AM,1,PJM-RTO,,,ZONE,,17.320000,17.346989,0.014981,0.012008,True,1
9/12/2025 6:05:00 AM,9/12/2025 2:05:00 AM,1,PJM-RTO,,,ZONE,,17.060000,17.093110,0.024487,0.008623,True,1
9/12/2025 6:10:00 AM,9/12/2025 2:10:00 AM,1,PJM-RTO,,,ZONE,,17.260000,17.294935,0.019829,0.015106,True,1
9/12/2025 6:15:00 AM,9/12/2025 2:15:00 AM,1,PJM-RTO,,,ZONE,,16.730000,16.748448,0.011881,0.006567,True,1
9/12/2025 6:20:00 AM,9/12/2025 2:20:00 AM,1,PJM-RTO,,,ZONE,,16.470000,16.490498,0.008504,0.011994,True,1
9/12/2025 6:25:00 AM,9/12/2025 2:25:00 AM,1,PJM-RTO,,,ZONE,,16.630000,16.649531,0.010089,0.009442,True,1
9/12/2025 6:30:00 AM,9/12/2025 2:30:00 AM,1,PJM-RTO,,,ZONE,,16.570000,16.589575,0.011593,0.007982,True,1
9/12/2025 6:35:00 AM,9/12/2025 2:35:00 AM,1,PJM-RTO,,,ZONE,,16.370000,16.409672,0.024484,0.015189,True,1
9/12/2025 6:40:00 AM,9/12/2025 2:40:00 AM,1,PJM-RTO,,,ZONE,,16.710000,16.729297,0.010865,0.008432,True,1
9/12/2025 6:45:00 AM,9/12/2025 2:45:00 AM,1,PJM-RTO,,,ZONE,,16.670000,16.690872,0.010251,0.010620,True,1
9/12/2025 6:50:00 AM,9/12/2025 2:50:00 AM,1,PJM-RTO,,,ZONE,,16.100000,16.118441,0.007877,0.010564,True,1
9/12/2025 6:55:00 AM,9/12/2025 2:55:00 AM,1,PJM-RTO,,,ZONE,,16.490000,16.521211,0.019060,0.012151,True,1
9/12/2025 7:00:00 AM,9/12/2025 3:00:00 AM,1,PJM-RTO,,,ZONE,,16.630000,16.651117,0.008236,0.012881,True,1
9/12/2025 7:05:00 AM,9/12/2025 3:05:00 AM,1,PJM-RTO,,,ZONE,,16.610000,16.633394,0.008959,0.014436,True,1
9/12/2025 7:10:00 AM,9/12/2025 3:10:00 AM,1,PJM-RTO,,,ZONE,,16.580000,16.604974,0.009560,0.015414,True,1
9/12/2025 7:15:00 AM,9/12/2025 3:15:00 AM,1,PJM-RTO,,,ZONE,,16.590000,16.608649,0.011737,0.006912,True,1
9/12/2025 7:20:00 AM,9/12/2025 3:20:00 AM,1,PJM-RTO,,,ZONE,,16.540000,16.564486,0.011717,0.012769,True,1
9/12/2025 7:25:00 AM,9/12/2025 3:25:00 AM,1,PJM-RTO,,,ZONE,,16.540000,16.563961,0.011903,0.012058,True,1
9/12/2025 7:30:00 AM,9/12/2025 3:30:00 AM,1,PJM-RTO,,,ZONE,,16.560000,16.578189,0.010234,0.007955,True,1
9/12/2025 7:35:00 AM,9/12/2025 3:35:00 AM,1,PJM-RTO,,,ZONE,,16.480000,16.514067,0.022550,0.011517,True,1
9/12/2025 7:40:00 AM,9/12/2025 3:40:00 AM,1,PJM-RTO,,,ZONE,,16.410000,16.428065,0.010376,0.007689,True,1
9/12/2025 7:45:00 AM,9/12/2025 3:45:00 AM,1,PJM-RTO,,,ZONE,,16.070000,16.101298,0.021499,0.009799,True,1
9/12/2025 7:50:00 AM,9/12/2025 3:50:00 AM,1,PJM-RTO,,,ZONE,,16.190000,16.219020,0.013419,0.015601,True,1
9/12/2025 7:55:00 AM,9/12/2025 3:55:00 AM,1,PJM-RTO,,,ZONE,,16.370000,16.385919,0.010644,0.005275,True,1
9/12/2025 8:00:00 AM,9/12/2025 4:00:00 AM,1,PJM-RTO,,,ZONE,,16.280000,16.300625,0.010324,0.010301,True,1
9/12/2025 8:05:00 AM,9/12/2025 4:05:00 AM,1,PJM-RTO,,,ZONE,,16.330000,16.351301,0.012746,0.008556,True,1
9/12/2025 8:10:00 AM,9/12/2025 4:10:00 AM,1,PJM-RTO,,,ZONE,,16.400000,16.424290,0.013678,0.010612,True,1
9/12/2025 8:15:00 AM,9/12/2025 4:15:00 AM,1,PJM-RTO,,,ZONE,,16.420000,16.449100,0.015127,0.013973,True,1
9/12/2025 8:20:00 AM,9/12/2025 4:20:00 AM,1,PJM-RTO,,,ZONE,,16.530000,16.552376,0.014550,0.007826,True,1
9/12/2025 8:25:00 AM,9/12/2025 4:25:00 AM,1,PJM-RTO,,,ZONE,,16.410000,16.438682,0.021765,0.006917,True,1
9/12/2025 8:30:00 AM,9/12/2025 4:30:00 AM,1,PJM-RTO,,,ZONE,,16.490000,16.514190,0.012082,0.012107,True,1
9/12/2025 8:35:00 AM,9/12/2025 4:35:00 AM,1,PJM-RTO,,,ZONE,,16.560000,16.582793,0.012919,0.009874,True,1
9/12/2025 8:40:00 AM,9/12/2025 4:40:00 AM,1,PJM-RTO,,,ZONE,,16.030000,16.050324,0.009354,0.010970,True,1
9/12/2025 8:45:00 AM,9/12/2025 4:45:00 AM,1,PJM-RTO,,,ZONE,,16.480000,16.509047,0.015633,0.013414,True,1
9/12/2025 8:50:00 AM,9/12/2025 4:50:00 AM,1,PJM-RTO,,,ZONE,,16.480000,16.505167,0.011996,0.013171,True,1
9/12/2025 8:55:00 AM,9/12/2025 4:55:00 AM,1,PJM-RTO,,,ZONE,,16.280000,16.300240,0.012917,0.007323,True,1
9/12/2025 9:00:00 AM,9/12/2025 5:00:00 AM,1,PJM-RTO,,,ZONE,,15.930000,15.956220,0.011426,0.014794,True,1
9/12/2025 9:05:00 AM,9/12/2025 5:05:00 AM,1,PJM-RTO,,,ZONE,,16.010000,16.044623,0.021230,0.013392,True,1
9/12/2025 9:10:00 AM,9/12/2025 5:10:00 AM,1,PJM-RTO,,,ZONE,,15.870000,15.947173,0.067708,0.009465,True,1
9/12/2025 9:15:00 AM,9/12/2025 5:15:00 AM,1,PJM-RTO,,,ZONE,,16.690000,16.716463,0.010405,0.016057,True,1
9/12/2025 9:20:00 AM,9/12/2025 5:20:00 AM,1,PJM-RTO,,,ZONE,,16.700000,16.737311,0.023386,0.013925,True,1
9/12/2025 9:25:00 AM,9/12/2025 5:25:00 AM,1,PJM-RTO,,,ZONE,,16.750000,16.780334,0.023206,0.007128,True,1
9/12/2025 9:30:00 AM,9/12/2025 5:30:00 AM,1,PJM-RTO,,,ZONE,,16.690000,16.711332,0.012411,0.008921,True,1
9/12/2025 9:35:00 AM,9/12/2025 5:35:00 AM,1,PJM-RTO,,,ZONE,,17.270000,17.298610,0.012601,0.016009,True,1
9/12/2025 9:40:00 AM,9/12/2025 5:40:00 AM,1,PJM-RTO,,,ZONE,,17.400000,17.421181,0.013191,0.007989,True,1
9/12/2025 9:45:00 AM,9/12/2025 5:45:00 AM,1,PJM-RTO,,,ZONE,,17.480000,17.505522,0.017212,0.008311,True,1
9/12/2025 9:50:00 AM,9/12/2025 5:50:00 AM,1,PJM-RTO,,,ZONE,,17.740000,17.769259,0.017556,0.011702,True,1
9/12/2025 9:55:00 AM,9/12/2025 5:55:00 AM,1,PJM-RTO,,,ZONE,,17.670000,17.697054,0.015505,0.011549,True,1
9/12/2025 10:00:00 AM,9/12/2025 6:00:00 AM,1,PJM-RTO,,,ZONE,,18.250000,18.279883,0.022004,0.007879,True,1
9/12/2025 10:05:00 AM,9/12/2025 6:05:00 AM,1,PJM-RTO,,,ZONE,,18.900000,18.916201,0.000000,0.016201,True,1
9/12/2025 10:10:00 AM,9/12/2025 6:10:00 AM,1,PJM-RTO,,,ZONE,,19.300000,19.325163,0.014753,0.010410,True,1
9/12/2025 10:15:00 AM,9/12/2025 6:15:00 AM,1,PJM-RTO,,,ZONE,,19.530000,19.556760,0.009250,0.017510,True,1
9/12/2025 10:20:00 AM,9/12/2025 6:20:00 AM,1,PJM-RTO,,,ZONE,,21.000000,21.049394,0.037364,0.012030,True,1
9/12/2025 10:25:00 AM,9/12/2025 6:25:00 AM,1,PJM-RTO,,,ZONE,,24.630000,24.682587,0.036557,0.016030,True,1
9/12/2025 10:30:00 AM,9/12/2025 6:30:00 AM,1,PJM-RTO,,,ZONE,,24.530000,24.585083,0.037727,0.017356,True,1
9/12/2025 10:35:00 AM,9/12/2025 6:35:00 AM,1,PJM-RTO,,,ZONE,,24.380000,24.410954,0.012452,0.018501,True,1
9/12/2025 10:40:00 AM,9/12/2025 6:40:00 AM,1,PJM-RTO,,,ZONE,,23.970000,23.999068,0.010109,0.018959,True,1
9/12/2025 10:45:00 AM,9/12/2025 6:45:00 AM,1,PJM-RTO,,,ZONE,,23.590000,23.608833,0.007047,0.011786,True,1
9/12/2025 10:50:00 AM,9/12/2025 6:50:00 AM,1,PJM-RTO,,,ZONE,,23.320000,23.356867,0.022646,0.014221,True,1
9/12/2025 10:55:00 AM,9/12/2025 6:55:00 AM,1,PJM-RTO,,,ZONE,,26.350000,26.427451,0.061252,0.016199,True,1
9/12/2025 11:00:00 AM,9/12/2025 7:00:00 AM,1,PJM-RTO,,,ZONE,,27.840000,27.892818,0.036335,0.016483,True,1
9/12/2025 11:05:00 AM,9/12/2025 7:05:00 AM,1,PJM-RTO,,,ZONE,,30.390000,30.571691,0.162257,0.019434,True,1
9/12/2025 11:10:00 AM,9/12/2025 7:10:00 AM,1,PJM-RTO,,,ZONE,,25.200000,25.345753,0.130533,0.015220,True,1
9/12/2025 11:15:00 AM,9/12/2025 7:15:00 AM,1,PJM-RTO,,,ZONE,,25.050000,25.195700,0.132515,0.013185,True,1
9/12/2025 11:20:00 AM,9/12/2025 7:20:00 AM,1,PJM-RTO,,,ZONE,,26.740000,26.786273,0.030498,0.015775,True,1
9/12/2025 11:25:00 AM,9/12/2025 7:25:00 AM,1,PJM-RTO,,,ZONE,,26.950000,27.003567,0.030129,0.023438,True,1
9/12/2025 11:30:00 AM,9/12/2025 7:30:00 AM,1,PJM-RTO,,,ZONE,,25.980000,26.025035,0.029902,0.015133,True,1
9/12/2025 11:35:00 AM,9/12/2025 7:35:00 AM,1,PJM-RTO,,,ZONE,,24.360000,24.399512,0.026323,0.013189,True,1
9/12/2025 11:40:00 AM,9/12/2025 7:40:00 AM,1,PJM-RTO,,,ZONE,,19.160000,19.172773,0.002143,0.010630,True,1
9/12/2025 11:45:00 AM,9/12/2025 7:45:00 AM,1,PJM-RTO,,,ZONE,,19.640000,19.761546,0.104602,0.016944,True,1
9/12/2025 11:50:00 AM,9/12/2025 7:50:00 AM,1,PJM-RTO,,,ZONE,,16.860000,16.891203,0.017652,0.013551,True,1
9/12/2025 11:55:00 AM,9/12/2025 7:55:00 AM,1,PJM-RTO,,,ZONE,,17.680000,17.787634,0.095455,0.012179,True,1
9/12/2025 12:00:00 PM,9/12/2025 8:00:00 AM,1,PJM-RTO,,,ZONE,,18.170000,18.187493,0.009297,0.008196,True,1
9/12/2025 12:05:00 PM,9/12/2025 8:05:00 AM,1,PJM-RTO,,,ZONE,,18.580000,18.605144,0.013035,0.012110,True,1
9/12/2025 12:10:00 PM,9/12/2025 8:10:00 AM,1,PJM-RTO,,,ZONE,,18.740000,18.757966,0.010404,0.007562,True,1
9/12/2025 12:15:00 PM,9/12/2025 8:15:00 AM,1,PJM-RTO,,,ZONE,,18.670000,18.697150,0.011993,0.015157,True,1
9/12/2025 12:20:00 PM,9/12/2025 8:20:00 AM,1,PJM-RTO,,,ZONE,,19.180000,19.203507,0.013285,0.010221,True,1
9/12/2025 12:25:00 PM,9/12/2025 8:25:00 AM,1,PJM-RTO,,,ZONE,,18.250000,18.271513,0.011929,0.009584,True,1
9/12/2025 12:30:00 PM,9/12/2025 8:30:00 AM,1,PJM-RTO,,,ZONE,,16.690000,16.714522,0.009927,0.014595,True,1
9/12/2025 12:35:00 PM,9/12/2025 8:35:00 AM,1,PJM-RTO,,,ZONE,,18.360000,18.387024,0.012454,0.014571,True,1
9/12/2025 12:40:00 PM,9/12/2025 8:40:00 AM,1,PJM-RTO,,,ZONE,,17.800000,17.863115,0.051386,0.011730,True,1
9/12/2025 12:45:00 PM,9/12/2025 8:45:00 AM,1,PJM-RTO,,,ZONE,,16.280000,16.296350,0.006125,0.010224,True,1
9/12/2025 12:50:00 PM,9/12/2025 8:50:00 AM,1,PJM-RTO,,,ZONE,,15.910000,15.928879,0.008410,0.010469,True,1
9/12/2025 12:55:00 PM,9/12/2025 8:55:00 AM,1,PJM-RTO,,,ZONE,,15.690000,15.693947,0.000000,0.003947,True,1
9/12/2025 1:00:00 PM,9/12/2025 9:00:00 AM,1,PJM-RTO,,,ZONE,,16.210000,16.236740,0.016590,0.010150,True,1
9/12/2025 1:05:00 PM,9/12/2025 9:05:00 AM,1,PJM-RTO,,,ZONE,,16.740000,16.760410,0.009904,0.010505,True,1
9/12/2025 1:10:00 PM,9/12/2025 9:10:00 AM,1,PJM-RTO,,,ZONE,,16.490000,16.558599,0.061416,0.007183,True,1
9/12/2025 1:15:00 PM,9/12/2025 9:15:00 AM,1,PJM-RTO,,,ZONE,,16.510000,16.523115,0.000000,0.013115,True,1
9/12/2025 1:20:00 PM,9/12/2025 9:20:00 AM,1,PJM-RTO,,,ZONE,,16.960000,16.981075,0.007456,0.013619,True,1
9/12/2025 1:25:00 PM,9/12/2025 9:25:00 AM,1,PJM-RTO,,,ZONE,,16.880000,16.892554,0.000000,0.012554,True,1
9/12/2025 1:30:00 PM,9/12/2025 9:30:00 AM,1,PJM-RTO,,,ZONE,,17.360000,17.381644,0.007479,0.014164,True,1
9/12/2025 1:35:00 PM,9/12/2025 9:35:00 AM,1,PJM-RTO,,,ZONE,,17.340000,17.350673,0.000000,0.010673,True,1
9/12/2025 1:40:00 PM,9/12/2025 9:40:00 AM,1,PJM-RTO,,,ZONE,,18.020000,18.034490,0.009175,0.005315,True,1
9/12/2025 1:45:00 PM,9/12/2025 9:45:00 AM,1,PJM-RTO,,,ZONE,,18.480000,18.492136,0.000000,0.012136,True,1
9/12/2025 1:50:00 PM,9/12/2025 9:50:00 AM,1,PJM-RTO,,,ZONE,,17.920000,17.942371,0.009833,0.012538,True,1
9/12/2025 1:55:00 PM,9/12/2025 9:55:00 AM,1,PJM-RTO,,,ZONE,,20.420000,20.441430,0.012386,0.009044,True,1
9/12/2025 2:00:00 PM,9/12/2025 10:00:00 AM,1,PJM-RTO,,,ZONE,,22.140000,22.150035,0.000000,0.010035,True,1
9/12/2025 2:05:00 PM,9/12/2025 10:05:00 AM,1,PJM-RTO,,,ZONE,,21.220000,21.248474,0.014479,0.013996,True,1
9/12/2025 2:10:00 PM,9/12/2025 10:10:00 AM,1,PJM-RTO,,,ZONE,,21.290000,21.298989,0.000000,0.008989,True,1
9/12/2025 2:15:00 PM,9/12/2025 10:15:00 AM,1,PJM-RTO,,,ZONE,,22.070000,22.100810,0.018647,0.012163,True,1
9/12/2025 2:20:00 PM,9/12/2025 10:20:00 AM,1,PJM-RTO,,,ZONE,,21.150000,21.174349,0.015017,0.009332,True,1
9/12/2025 2:25:00 PM,9/12/2025 10:25:00 AM,1,PJM-RTO,,,ZONE,,21.560000,21.585254,0.016792,0.008462,True,1
9/12/2025 2:30:00 PM,9/12/2025 10:30:00 AM,1,PJM-RTO,,,ZONE,,25.970000,26.014357,0.027269,0.017088,True,1
9/12/2025 2:35:00 PM,9/12/2025 10:35:00 AM,1,PJM-RTO,,,ZONE,,24.360000,24.398874,0.022980,0.015894,True,1
9/12/2025 2:40:00 PM,9/12/2025 10:40:00 AM,1,PJM-RTO,,,ZONE,,20.370000,20.396637,0.015929,0.010708,True,1
9/12/2025 2:45:00 PM,9/12/2025 10:45:00 AM,1,PJM-RTO,,,ZONE,,23.160000,23.194680,0.017945,0.016735,True,1
9/12/2025 2:50:00 PM,9/12/2025 10:50:00 AM,1,PJM-RTO,,,ZONE,,24.590000,24.624649,0.019315,0.015334,True,1
9/12/2025 2:55:00 PM,9/12/2025 10:55:00 AM,1,PJM-RTO,,,ZONE,,26.610000,26.642127,0.011952,0.020175,True,1
9/12/2025 3:00:00 PM,9/12/2025 11:00:00 AM,1,PJM-RTO,,,ZONE,,21.520000,21.544530,0.014954,0.009576,True,1
9/12/2025 3:05:00 PM,9/12/2025 11:05:00 AM,1,PJM-RTO,,,ZONE,,27.640000,27.675511,0.025386,0.010125,True,1
9/12/2025 3:10:00 PM,9/12/2025 11:10:00 AM,1,PJM-RTO,,,ZONE,,25.060000,25.092332,0.020457,0.011875,True,1
9/12/2025 3:15:00 PM,9/12/2025 11:15:00 AM,1,PJM-RTO,,,ZONE,,24.990000,25.022836,0.018889,0.013947,True,1
9/12/2025 3:20:00 PM,9/12/2025 11:20:00 AM,1,PJM-RTO,,,ZONE,,26.250000,26.287922,0.022665,0.015257,True,1
9/12/2025 3:25:00 PM,9/12/2025 11:25:00 AM,1,PJM-RTO,,,ZONE,,26.540000,26.559060,0.000000,0.019060,True,1
9/12/2025 3:30:00 PM,9/12/2025 11:30:00 AM,1,PJM-RTO,,,ZONE,,28.250000,28.298435,0.027726,0.020709,True,1
9/12/2025 3:35:00 PM,9/12/2025 11:35:00 AM,1,PJM-RTO,,,ZONE,,29.050000,29.069836,0.006628,0.013207,True,1
9/12/2025 3:40:00 PM,9/12/2025 11:40:00 AM,1,PJM-RTO,,,ZONE,,30.910000,30.965575,0.035024,0.020551,True,1
9/12/2025 3:45:00 PM,9/12/2025 11:45:00 AM,1,PJM-RTO,,,ZONE,,31.880000,31.939709,0.038172,0.021536,True,1
9/12/2025 3:50:00 PM,9/12/2025 11:50:00 AM,1,PJM-RTO,,,ZONE,,41.860000,41.929800,0.042424,0.027376,True,1
9/12/2025 3:55:00 PM,9/12/2025 11:55:00 AM,1,PJM-RTO,,,ZONE,,23.800000,24.108119,0.296548,0.011572,True,1
9/12/2025 4:00:00 PM,9/12/2025 12:00:00 PM,1,PJM-RTO,,,ZONE,,26.610000,26.928593,0.303790,0.014803,True,1
9/12/2025 4:05:00 PM,9/12/2025 12:05:00 PM,1,PJM-RTO,,,ZONE,,24.820000,24.998620,0.159428,0.019192,True,1
9/12/2025 4:10:00 PM,9/12/2025 12:10:00 PM,1,PJM-RTO,,,ZONE,,24.320000,24.623510,0.291375,0.012135,True,1
9/12/2025 4:15:00 PM,9/12/2025 12:15:00 PM,1,PJM-RTO,,,ZONE,,22.550000,22.566061,0.009066,0.006996,True,1
9/12/2025 4:20:00 PM,9/12/2025 12:20:00 PM,1,PJM-RTO,,,ZONE,,24.230000,24.366736,0.125320,0.011416,True,1
9/12/2025 4:25:00 PM,9/12/2025 12:25:00 PM,1,PJM-RTO,,,ZONE,,21.480000,21.588127,0.100456,0.007671,True,1
9/12/2025 4:30:00 PM,9/12/2025 12:30:00 PM,1,PJM-RTO,,,ZONE,,22.260000,22.383903,0.110899,0.013004,True,1
9/12/2025 4:35:00 PM,9/12/2025 12:35:00 PM,1,PJM-RTO,,,ZONE,,24.460000,24.586340,0.106804,0.019536,True,1
9/12/2025 4:40:00 PM,9/12/2025 12:40:00 PM,1,PJM-RTO,,,ZONE,,26.570000,26.697958,0.109319,0.018639,True,1
9/12/2025 4:45:00 PM,9/12/2025 12:45:00 PM,1,PJM-RTO,,,ZONE,,25.960000,26.093144,0.114310,0.018833,True,1
9/12/2025 4:50:00 PM,9/12/2025 12:50:00 PM,1,PJM-RTO,,,ZONE,,24.700000,24.827824,0.112206,0.015618,True,1
9/12/2025 4:55:00 PM,9/12/2025 12:55:00 PM,1,PJM-RTO,,,ZONE,,38.300000,38.376174,0.053571,0.022604,True,1
9/12/2025 5:00:00 PM,9/12/2025 1:00:00 PM,1,PJM-RTO,,,ZONE,,27.950000,27.981987,0.018835,0.013151,True,1
9/12/2025 5:05:00 PM,9/12/2025 1:05:00 PM,1,PJM-RTO,,,ZONE,,31.220000,31.280054,0.043201,0.016852,True,1
9/12/2025 5:10:00 PM,9/12/2025 1:10:00 PM,1,PJM-RTO,,,ZONE,,32.330000,32.364280,0.013886,0.020393,True,1
9/12/2025 5:15:00 PM,9/12/2025 1:15:00 PM,1,PJM-RTO,,,ZONE,,36.830000,36.909998,0.059662,0.020335,True,1
9/12/2025 5:20:00 PM,9/12/2025 1:20:00 PM,1,PJM-RTO,,,ZONE,,38.270000,38.329398,0.034792,0.024607,True,1
9/12/2025 5:25:00 PM,9/12/2025 1:25:00 PM,1,PJM-RTO,,,ZONE,,29.120000,29.160904,0.028030,0.012874,True,1
9/12/2025 5:30:00 PM,9/12/2025 1:30:00 PM,1,PJM-RTO,,,ZONE,,27.220000,27.265566,0.030069,0.015498,True,1
9/12/2025 5:35:00 PM,9/12/2025 1:35:00 PM,1,PJM-RTO,,,ZONE,,29.250000,29.299060,0.036315,0.012745,True,1
9/12/2025 5:40:00 PM,9/12/2025 1:40:00 PM,1,PJM-RTO,,,ZONE,,28.840000,28.862968,0.008116,0.014851,True,1
9/12/2025 5:45:00 PM,9/12/2025 1:45:00 PM,1,PJM-RTO,,,ZONE,,28.470000,28.522747,0.034967,0.017780,True,1
9/12/2025 5:50:00 PM,9/12/2025 1:50:00 PM,1,PJM-RTO,,,ZONE,,29.330000,29.375419,0.030511,0.014908,True,1
9/12/2025 5:55:00 PM,9/12/2025 1:55:00 PM,1,PJM-RTO,,,ZONE,,27.830000,27.884114,0.033925,0.020189,True,1
9/12/2025 6:00:00 PM,9/12/2025 2:00:00 PM,1,PJM-RTO,,,ZONE,,22.930000,22.957964,0.017324,0.010640,True,1
9/12/2025 6:05:00 PM,9/12/2025 2:05:00 PM,1,PJM-RTO,,,ZONE,,27.210000,27.255849,0.025728,0.020121,True,1
9/12/2025 6:10:00 PM,9/12/2025 2:10:00 PM,1,PJM-RTO,,,ZONE,,26.400000,26.440704,0.023942,0.016762,True,1
9/12/2025 6:15:00 PM,9/12/2025 2:15:00 PM,1,PJM-RTO,,,ZONE,,27.010000,27.032742,0.007850,0.014892,True,1
9/12/2025 6:20:00 PM,9/12/2025 2:20:00 PM,1,PJM-RTO,,,ZONE,,27.100000,27.142163,0.033729,0.008435,True,1
9/12/2025 6:25:00 PM,9/12/2025 2:25:00 PM,1,PJM-RTO,,,ZONE,,27.570000,27.598662,0.013113,0.015549,True,1
9/12/2025 6:30:00 PM,9/12/2025 2:30:00 PM,1,PJM-RTO,,,ZONE,,32.080000,32.148651,0.045439,0.023212,True,1
9/12/2025 6:35:00 PM,9/12/2025 2:35:00 PM,1,PJM-RTO,,,ZONE,,28.940000,28.987629,0.034635,0.012993,True,1
9/12/2025 6:40:00 PM,9/12/2025 2:40:00 PM,1,PJM-RTO,,,ZONE,,27.830000,27.869240,0.028304,0.010936,True,1
9/12/2025 6:45:00 PM,9/12/2025 2:45:00 PM,1,PJM-RTO,,,ZONE,,27.730000,27.758465,0.011484,0.016981,True,1
9/12/2025 6:50:00 PM,9/12/2025 2:50:00 PM,1,PJM-RTO,,,ZONE,,29.020000,29.035407,-0.001118,0.016525,True,1
9/12/2025 6:55:00 PM,9/12/2025 2:55:00 PM,1,PJM-RTO,,,ZONE,,30.650000,30.703109,0.033157,0.019952,True,1
9/12/2025 7:00:00 PM,9/12/2025 3:00:00 PM,1,PJM-RTO,,,ZONE,,30.140000,30.168593,0.014070,0.014523,True,1
9/12/2025 7:05:00 PM,9/12/2025 3:05:00 PM,1,PJM-RTO,,,ZONE,,28.660000,28.698710,0.019152,0.019558,True,1
9/12/2025 7:10:00 PM,9/12/2025 3:10:00 PM,1,PJM-RTO,,,ZONE,,27.720000,27.746514,0.012792,0.013722,True,1
9/12/2025 7:15:00 PM,9/12/2025 3:15:00 PM,1,PJM-RTO,,,ZONE,,31.240000,31.301647,0.043319,0.018328,True,1
9/12/2025 7:20:00 PM,9/12/2025 3:20:00 PM,1,PJM-RTO,,,ZONE,,31.100000,31.156913,0.045302,0.011611,True,1
9/12/2025 7:25:00 PM,9/12/2025 3:25:00 PM,1,PJM-RTO,,,ZONE,,32.080000,32.146864,0.046693,0.020171,True,1
9/12/2025 7:30:00 PM,9/12/2025 3:30:00 PM,1,PJM-RTO,,,ZONE,,32.080000,32.146864,0.046693,0.020171,True,1
9/12/2025 7:35:00 PM,9/12/2025 3:35:00 PM,1,PJM-RTO,,,ZONE,,32.080000,32.146864,0.046693,0.020171,True,1
9/12/2025 7:40:00 PM,9/12/2025 3:40:00 PM,1,PJM-RTO,,,ZONE,,32.080000,32.146864,0.046693,0.020171,True,1
9/12/2025 7:45:00 PM,9/12/2025 3:45:00 PM,1,PJM-RTO,,,ZONE,,32.080000,32.146864,0.046693,0.020171,True,1
9/12/2025 7:50:00 PM,9/12/2025 3:50:00 PM,1,PJM-RTO,,,ZONE,,32.080000,32.146864,0.046693,0.020171,True,1
9/12/2025 7:55:00 PM,9/12/2025 3:55:00 PM,1,PJM-RTO,,,ZONE,,32.080000,32.146864,0.046693,0.020171,True,1
9/12/2025 8:00:00 PM,9/12/2025 4:00:00 PM,1,PJM-RTO,,,ZONE,,32.080000,32.143050,0.041900,0.021150,True,1
9/12/2025 8:05:00 PM,9/12/2025 4:05:00 PM,1,PJM-RTO,,,ZONE,,32.080000,32.143050,0.041900,0.021150,True,1
9/12/2025 8:10:00 PM,9/12/2025 4:10:00 PM,1,PJM-RTO,,,ZONE,,32.080000,32.143050,0.041900,0.021150,True,1
9/12/2025 8:15:00 PM,9/12/2025 4:15:00 PM,1,PJM-RTO,,,ZONE,,32.080000,32.143050,0.041900,0.021150,True,1
9/12/2025 8:20:00 PM,9/12/2025 4:20:00 PM,1,PJM-RTO,,,ZONE,,32.080000,32.143050,0.041900,0.021150,True,1
9/12/2025 8:25:00 PM,9/12/2025 4:25:00 PM,1,PJM-RTO,,,ZONE,,32.080000,32.143050,0.041900,0.021150,True,1
9/12/2025 8:30:00 PM,9/12/2025 4:30:00 PM,1,PJM-RTO,,,ZONE,,32.080000,32.143050,0.041900,0.021150,True,1
9/12/2025 8:35:00 PM,9/12/2025 4:35:00 PM,1,PJM-RTO,,,ZONE,,34.000000,34.065018,0.044422,0.020596,True,1
9/12/2025 8:40:00 PM,9/12/2025 4:40:00 PM,1,PJM-RTO,,,ZONE,,33.270000,33.312552,0.027379,0.015174,True,1
9/12/2025 8:45:00 PM,9/12/2025 4:45:00 PM,1,PJM-RTO,,,ZONE,,31.300000,31.303144,-0.010388,0.013532,True,1
9/12/2025 8:50:00 PM,9/12/2025 4:50:00 PM,1,PJM-RTO,,,ZONE,,34.400000,34.426555,0.014668,0.011887,True,1
9/12/2025 8:55:00 PM,9/12/2025 4:55:00 PM,1,PJM-RTO,,,ZONE,,30.920000,30.954303,0.014848,0.019456,True,1
9/12/2025 9:00:00 PM,9/12/2025 5:00:00 PM,1,PJM-RTO,,,ZONE,,39.820000,40.013517,0.173539,0.019979,True,1
9/12/2025 9:05:00 PM,9/12/2025 5:05:00 PM,1,PJM-RTO,,,ZONE,,40.880000,40.930941,0.029120,0.021820,True,1
9/12/2025 9:10:00 PM,9/12/2025 5:10:00 PM,1,PJM-RTO,,,ZONE,,33.050000,33.080303,0.017222,0.013081,True,1
9/12/2025 9:15:00 PM,9/12/2025 5:15:00 PM,1,PJM-RTO,,,ZONE,,37.670000,37.706209,0.017087,0.019122,True,1
9/12/2025 9:20:00 PM,9/12/2025 5:20:00 PM,1,PJM-RTO,,,ZONE,,38.330000,38.364895,0.018568,0.016327,True,1
9/12/2025 9:25:00 PM,9/12/2025 5:25:00 PM,1,PJM-RTO,,,ZONE,,34.540000,34.579075,0.024029,0.015046,True,1
9/12/2025 9:30:00 PM,9/12/2025 5:30:00 PM,1,PJM-RTO,,,ZONE,,46.770000,46.835980,0.044943,0.021038,True,1
9/12/2025 9:35:00 PM,9/12/2025 5:35:00 PM,1,PJM-RTO,,,ZONE,,45.100000,45.182503,0.053096,0.029407,True,1
9/12/2025 9:40:00 PM,9/12/2025 5:40:00 PM,1,PJM-RTO,,,ZONE,,45.230000,45.309444,0.050823,0.028621,True,1
9/12/2025 9:45:00 PM,9/12/2025 5:45:00 PM,1,PJM-RTO,,,ZONE,,44.160000,44.254640,0.072396,0.022244,True,1
9/12/2025 9:50:00 PM,9/12/2025 5:50:00 PM,1,PJM-RTO,,,ZONE,,87.450000,87.677077,0.176034,0.051042,True,1
9/12/2025 9:55:00 PM,9/12/2025 5:55:00 PM,1,PJM-RTO,,,ZONE,,42.580000,42.649538,0.037800,0.031737,True,1
9/12/2025 10:00:00 PM,9/12/2025 6:00:00 PM,1,PJM-RTO,,,ZONE,,43.830000,43.906254,0.051411,0.024842,True,1
9/12/2025 10:05:00 PM,9/12/2025 6:05:00 PM,1,PJM-RTO,,,ZONE,,39.540000,39.602066,0.046315,0.015751,True,1
9/12/2025 10:10:00 PM,9/12/2025 6:10:00 PM,1,PJM-RTO,,,ZONE,,38.830000,38.883762,0.040852,0.012910,True,1
9/12/2025 10:15:00 PM,9/12/2025 6:15:00 PM,1,PJM-RTO,,,ZONE,,35.660000,35.724173,0.047735,0.016439,True,1
9/12/2025 10:20:00 PM,9/12/2025 6:20:00 PM,1,PJM-RTO,,,ZONE,,40.360000,40.393539,0.016824,0.016715,True,1
9/12/2025 10:25:00 PM,9/12/2025 6:25:00 PM,1,PJM-RTO,,,ZONE,,35.840000,35.893704,0.036923,0.016781,True,1
9/12/2025 10:30:00 PM,9/12/2025 6:30:00 PM,1,PJM-RTO,,,ZONE,,36.230000,36.285952,0.033202,0.022749,True,1
9/12/2025 10:35:00 PM,9/12/2025 6:35:00 PM,1,PJM-RTO,,,ZONE,,37.490000,37.514851,0.003371,0.021480,True,1
9/12/2025 10:40:00 PM,9/12/2025 6:40:00 PM,1,PJM-RTO,,,ZONE,,37.510000,37.564268,0.031367,0.022900,True,1
9/12/2025 10:45:00 PM,9/12/2025 6:45:00 PM,1,PJM-RTO,,,ZONE,,37.510000,37.558826,0.029674,0.019152,True,1
9/12/2025 10:50:00 PM,9/12/2025 6:50:00 PM,1,PJM-RTO,,,ZONE,,46.950000,47.042249,0.065550,0.026699,True,1
9/12/2025 10:55:00 PM,9/12/2025 6:55:00 PM,1,PJM-RTO,,,ZONE,,55.240000,55.425457,0.154854,0.030603,True,1
9/12/2025 11:00:00 PM,9/12/2025 7:00:00 PM,1,PJM-RTO,,,ZONE,,48.660000,48.670328,-0.014925,0.025253,True,1
9/12/2025 11:05:00 PM,9/12/2025 7:05:00 PM,1,PJM-RTO,,,ZONE,,49.880000,49.932977,0.023949,0.029028,True,1
9/12/2025 11:10:00 PM,9/12/2025 7:10:00 PM,1,PJM-RTO,,,ZONE,,52.780000,52.794888,-0.009567,0.024455,True,1
9/12/2025 11:15:00 PM,9/12/2025 7:15:00 PM,1,PJM-RTO,,,ZONE,,54.760000,54.809001,0.025686,0.023316,True,1
9/12/2025 11:20:00 PM,9/12/2025 7:20:00 PM,1,PJM-RTO,,,ZONE,,50.520000,50.574436,0.032364,0.022072,True,1
9/12/2025 11:25:00 PM,9/12/2025 7:25:00 PM,1,PJM-RTO,,,ZONE,,47.620000,47.685253,0.045200,0.020053,True,1
9/12/2025 11:30:00 PM,9/12/2025 7:30:00 PM,1,PJM-RTO,,,ZONE,,41.750000,41.807057,0.033674,0.023383,True,1
9/12/2025 11:35:00 PM,9/12/2025 7:35:00 PM,1,PJM-RTO,,,ZONE,,43.500000,43.562972,0.036605,0.026367,True,1
9/12/2025 11:40:00 PM,9/12/2025 7:40:00 PM,1,PJM-RTO,,,ZONE,,35.500000,35.554446,0.037169,0.017277,True,1
9/12/2025 11:45:00 PM,9/12/2025 7:45:00 PM,1,PJM-RTO,,,ZONE,,37.390000,37.479862,0.063863,0.025998,True,1
9/12/2025 11:50:00 PM,9/12/2025 7:50:00 PM,1,PJM-RTO,,,ZONE,,36.640000,36.717362,0.052584,0.024777,True,1
9/12/2025 11:55:00 PM,9/12/2025 7:55:00 PM,1,PJM-RTO,,,ZONE,,41.390000,41.455467,0.041261,0.024206,True,1
9/13/2025 12:00:00 AM,9/12/2025 8:00:00 PM,1,PJM-RTO,,,ZONE,,36.160000,36.207186,0.029081,0.018105,True,1
9/13/2025 12:05:00 AM,9/12/2025 8:05:00 PM,1,PJM-RTO,,,ZONE,,36.340000,36.416392,0.056194,0.020198,True,1
9/13/2025 12:10:00 AM,9/12/2025 8:10:00 PM,1,PJM-RTO,,,ZONE,,33.950000,34.003227,0.030406,0.022821,True,1
9/13/2025 12:15:00 AM,9/12/2025 8:15:00 PM,1,PJM-RTO,,,ZONE,,34.630000,34.668182,0.024396,0.013786,True,1
9/13/2025 12:20:00 AM,9/12/2025 8:20:00 PM,1,PJM-RTO,,,ZONE,,33.480000,33.539798,0.038333,0.021465,True,1
9/13/2025 12:25:00 AM,9/12/2025 8:25:00 PM,1,PJM-RTO,,,ZONE,,41.510000,41.728700,0.193674,0.025026,True,1
9/13/2025 12:30:00 AM,9/12/2025 8:30:00 PM,1,PJM-RTO,,,ZONE,,37.990000,38.053310,0.043196,0.020114,True,1
9/13/2025 12:35:00 AM,9/12/2025 8:35:00 PM,1,PJM-RTO,,,ZONE,,30.700000,30.862203,0.145621,0.016582,True,1
9/13/2025 12:40:00 AM,9/12/2025 8:40:00 PM,1,PJM-RTO,,,ZONE,,33.380000,33.551101,0.152799,0.018301,True,1
9/13/2025 12:45:00 AM,9/12/2025 8:45:00 PM,1,PJM-RTO,,,ZONE,,29.970000,30.127857,0.140894,0.016962,True,1
9/13/2025 12:50:00 AM,9/12/2025 8:50:00 PM,1,PJM-RTO,,,ZONE,,29.460000,29.632648,0.153906,0.018742,True,1
9/13/2025 12:55:00 AM,9/12/2025 8:55:00 PM,1,PJM-RTO,,,ZONE,,30.930000,31.001532,0.055905,0.015627,True,1
9/13/2025 1:00:00 AM,9/12/2025 9:00:00 PM,1,PJM-RTO,,,ZONE,,29.350000,29.569923,0.206146,0.013777,True,1
9/13/2025 1:05:00 AM,9/12/2025 9:05:00 PM,1,PJM-RTO,,,ZONE,,29.620000,29.774719,0.140499,0.014220,True,1
9/13/2025 1:10:00 AM,9/12/2025 9:10:00 PM,1,PJM-RTO,,,ZONE,,29.920000,30.190050,0.252550,0.017500,True,1
9/13/2025 1:15:00 AM,9/12/2025 9:15:00 PM,1,PJM-RTO,,,ZONE,,34.460000,34.548197,0.071202,0.016995,True,1
9/13/2025 1:20:00 AM,9/12/2025 9:20:00 PM,1,PJM-RTO,,,ZONE,,34.090000,34.177174,0.065818,0.021356,True,1
9/13/2025 1:25:00 AM,9/12/2025 9:25:00 PM,1,PJM-RTO,,,ZONE,,34.300000,34.372666,0.057101,0.015566,True,1
9/13/2025 1:30:00 AM,9/12/2025 9:30:00 PM,1,PJM-RTO,,,ZONE,,32.400000,32.468569,0.051515,0.017054,True,1
9/13/2025 1:35:00 AM,9/12/2025 9:35:00 PM,1,PJM-RTO,,,ZONE,,22.700000,22.744423,0.035823,0.008600,True,1
9/13/2025 1:40:00 AM,9/12/2025 9:40:00 PM,1,PJM-RTO,,,ZONE,,22.550000,22.590446,0.024603,0.015843,True,1
9/13/2025 1:45:00 AM,9/12/2025 9:45:00 PM,1,PJM-RTO,,,ZONE,,21.370000,21.405974,0.027636,0.008338,True,1
9/13/2025 1:50:00 AM,9/12/2025 9:50:00 PM,1,PJM-RTO,,,ZONE,,22.330000,22.365527,0.025210,0.010317,True,1
9/13/2025 1:55:00 AM,9/12/2025 9:55:00 PM,1,PJM-RTO,,,ZONE,,22.520000,22.561341,0.027043,0.014298,True,1
9/13/2025 2:00:00 AM,9/12/2025 10:00:00 PM,1,PJM-RTO,,,ZONE,,20.000000,20.028837,0.015375,0.013463,True,1
9/13/2025 2:05:00 AM,9/12/2025 10:05:00 PM,1,PJM-RTO,,,ZONE,,37.530000,37.637152,0.080816,0.026336,True,1
9/13/2025 2:10:00 AM,9/12/2025 10:10:00 PM,1,PJM-RTO,,,ZONE,,26.070000,26.127962,0.036978,0.020984,True,1
9/13/2025 2:15:00 AM,9/12/2025 10:15:00 PM,1,PJM-RTO,,,ZONE,,27.680000,27.755548,0.057786,0.017763,True,1
9/13/2025 2:20:00 AM,9/12/2025 10:20:00 PM,1,PJM-RTO,,,ZONE,,26.260000,26.298170,0.022944,0.015226,True,1
9/13/2025 2:25:00 AM,9/12/2025 10:25:00 PM,1,PJM-RTO,,,ZONE,,21.080000,21.098882,0.000262,0.018620,True,1
9/13/2025 2:30:00 AM,9/12/2025 10:30:00 PM,1,PJM-RTO,,,ZONE,,21.460000,21.477675,0.000000,0.017675,True,1
9/13/2025 2:35:00 AM,9/12/2025 10:35:00 PM,1,PJM-RTO,,,ZONE,,21.520000,21.553488,0.017574,0.015914,True,1
9/13/2025 2:40:00 AM,9/12/2025 10:40:00 PM,1,PJM-RTO,,,ZONE,,20.170000,20.208813,0.020873,0.017940,True,1
9/13/2025 2:45:00 AM,9/12/2025 10:45:00 PM,1,PJM-RTO,,,ZONE,,24.650000,24.688391,0.024410,0.013981,True,1
9/13/2025 2:50:00 AM,9/12/2025 10:50:00 PM,1,PJM-RTO,,,ZONE,,22.350000,22.386578,0.020669,0.015910,True,1
9/13/2025 2:55:00 AM,9/12/2025 10:55:00 PM,1,PJM-RTO,,,ZONE,,27.320000,27.362075,0.028689,0.013385,True,1
9/13/2025 3:00:00 AM,9/12/2025 11:00:00 PM,1,PJM-RTO,,,ZONE,,24.940000,24.979321,0.026713,0.012608,True,1
9/13/2025 3:05:00 AM,9/12/2025 11:05:00 PM,1,PJM-RTO,,,ZONE,,26.410000,26.456878,0.031544,0.015335,True,1
9/13/2025 3:10:00 AM,9/12/2025 11:10:00 PM,1,PJM-RTO,,,ZONE,,26.170000,26.219439,0.030600,0.018840,True,1
9/13/2025 3:15:00 AM,9/12/2025 11:15:00 PM,1,PJM-RTO,,,ZONE,,24.870000,25.024099,0.141655,0.012445,True,1
9/13/2025 3:20:00 AM,9/12/2025 11:20:00 PM,1,PJM-RTO,,,ZONE,,26.910000,26.962819,0.031190,0.021629,True,1
9/13/2025 3:25:00 AM,9/12/2025 11:25:00 PM,1,PJM-RTO,,,ZONE,,28.670000,28.724791,0.035430,0.019360,True,1
9/13/2025 3:30:00 AM,9/12/2025 11:30:00 PM,1,PJM-RTO,,,ZONE,,25.330000,25.374789,0.029223,0.015566,True,1
9/13/2025 3:35:00 AM,9/12/2025 11:35:00 PM,1,PJM-RTO,,,ZONE,,24.980000,25.019459,0.027701,0.011758,True,1
9/13/2025 3:40:00 AM,9/12/2025 11:40:00 PM,1,PJM-RTO,,,ZONE,,25.040000,25.079734,0.026860,0.012874,True,1
9/13/2025 3:45:00 AM,9/12/2025 11:45:00 PM,1,PJM-RTO,,,ZONE,,27.590000,27.637094,0.031680,0.015413,True,1
9/13/2025 3:50:00 AM,9/12/2025 11:50:00 PM,1,PJM-RTO,,,ZONE,,26.400000,26.444403,0.028960,0.015443,True,1
9/13/2025 3:55:00 AM,9/12/2025 11:55:00 PM,1,PJM-RTO,,,ZONE,,23.750000,23.788964,0.024719,0.014245,True,1
9/13/2025 4:00:00 AM,9/13/2025 12:00:00 AM,1,PJM-RTO,,,ZONE,,28.740000,28.923602,0.161151,0.022451,True,1
9/13/2025 4:05:00 AM,9/13/2025 12:05:00 AM,1,PJM-RTO,,,ZONE,,31.010000,31.343541,0.306535,0.027006,True,1
9/13/2025 4:10:00 AM,9/13/2025 12:10:00 AM,1,PJM-RTO,,,ZONE,,25.470000,25.797236,0.313202,0.014034,True,1
9/13/2025 4:15:00 AM,9/13/2025 12:15:00 AM,1,PJM-RTO,,,ZONE,,20.850000,20.881652,0.017414,0.014239,True,1
9/13/2025 4:20:00 AM,9/13/2025 12:20:00 AM,1,PJM-RTO,,,ZONE,,21.880000,22.035467,0.138572,0.016896,True,1
9/13/2025 4:25:00 AM,9/13/2025 12:25:00 AM,1,PJM-RTO,,,ZONE,,20.090000,20.122155,0.016698,0.015457,True,1
9/13/2025 4:30:00 AM,9/13/2025 12:30:00 AM,1,PJM-RTO,,,ZONE,,22.690000,23.020381,0.322493,0.007888,True,1
9/13/2025 4:35:00 AM,9/13/2025 12:35:00 AM,1,PJM-RTO,,,ZONE,,20.450000,20.669010,0.210443,0.008567,True,1
9/13/2025 4:40:00 AM,9/13/2025 12:40:00 AM,1,PJM-RTO,,,ZONE,,22.220000,22.498939,0.262000,0.016939,True,1
9/13/2025 4:45:00 AM,9/13/2025 12:45:00 AM,1,PJM-RTO,,,ZONE,,19.200000,19.227466,0.015523,0.011943,True,1
9/13/2025 4:50:00 AM,9/13/2025 12:50:00 AM,1,PJM-RTO,,,ZONE,,18.530000,18.669209,0.124997,0.014213,True,1
9/13/2025 4:55:00 AM,9/13/2025 12:55:00 AM,1,PJM-RTO,,,ZONE,,17.000000,17.026896,0.019702,0.007194,True,1
9/13/2025 5:00:00 AM,9/13/2025 1:00:00 AM,1,PJM-RTO,,,ZONE,,17.690000,17.781589,0.077787,0.013803,True,1
9/13/2025 5:05:00 AM,9/13/2025 1:05:00 AM,1,PJM-RTO,,,ZONE,,17.270000,17.376140,0.094162,0.011978,True,1
9/13/2025 5:10:00 AM,9/13/2025 1:10:00 AM,1,PJM-RTO,,,ZONE,,19.720000,19.857194,0.125425,0.011769,True,1
9/13/2025 5:15:00 AM,9/13/2025 1:15:00 AM,1,PJM-RTO,,,ZONE,,18.550000,18.572124,0.013234,0.008890,True,1
9/13/2025 5:20:00 AM,9/13/2025 1:20:00 AM,1,PJM-RTO,,,ZONE,,19.090000,19.143982,0.044998,0.008984,True,1
9/13/2025 5:25:00 AM,9/13/2025 1:25:00 AM,1,PJM-RTO,,,ZONE,,20.690000,21.026026,0.326011,0.010014,True,1
9/13/2025 5:30:00 AM,9/13/2025 1:30:00 AM,1,PJM-RTO,,,ZONE,,18.980000,19.122180,0.124971,0.017209,True,1
9/13/2025 5:35:00 AM,9/13/2025 1:35:00 AM,1,PJM-RTO,,,ZONE,,18.660000,18.798806,0.129010,0.009796,True,1
9/13/2025 5:40:00 AM,9/13/2025 1:40:00 AM,1,PJM-RTO,,,ZONE,,17.520000,17.541879,0.012277,0.009602,True,1
9/13/2025 5:45:00 AM,9/13/2025 1:45:00 AM,1,PJM-RTO,,,ZONE,,18.500000,18.713312,0.207090,0.006222,True,1
9/13/2025 5:50:00 AM,9/13/2025 1:50:00 AM,1,PJM-RTO,,,ZONE,,18.700000,18.853050,0.147761,0.005289,True,1
9/13/2025 5:55:00 AM,9/13/2025 1:55:00 AM,1,PJM-RTO,,,ZONE,,17.310000,17.449135,0.127531,0.011604,True,1
9/13/2025 6:00:00 AM,9/13/2025 2:00:00 AM,1,PJM-RTO,,,ZONE,,17.720000,17.883851,0.150905,0.012946,True,1
9/13/2025 6:05:00 AM,9/13/2025 2:05:00 AM,1,PJM-RTO,,,ZONE,,18.220000,18.387682,0.160588,0.007094,True,1
9/13/2025 6:10:00 AM,9/13/2025 2:10:00 AM,1,PJM-RTO,,,ZONE,,18.020000,18.199026,0.162884,0.016142,True,1
9/13/2025 6:15:00 AM,9/13/2025 2:15:00 AM,1,PJM-RTO,,,ZONE,,18.990000,19.173569,0.166091,0.017478,True,1
9/13/2025 6:20:00 AM,9/13/2025 2:20:00 AM,1,PJM-RTO,,,ZONE,,18.770000,18.944812,0.167717,0.007095,True,1
9/13/2025 6:25:00 AM,9/13/2025 2:25:00 AM,1,PJM-RTO,,,ZONE,,17.440000,17.572343,0.118759,0.013584,True,1
9/13/2025 6:30:00 AM,9/13/2025 2:30:00 AM,1,PJM-RTO,,,ZONE,,17.770000,17.911567,0.130362,0.011205,True,1
9/13/2025 6:35:00 AM,9/13/2025 2:35:00 AM,1,PJM-RTO,,,ZONE,,17.580000,17.708585,0.122400,0.006185,True,1
9/13/2025 6:40:00 AM,9/13/2025 2:40:00 AM,1,PJM-RTO,,,ZONE,,17.840000,17.999817,0.147159,0.012658,True,1
9/13/2025 6:45:00 AM,9/13/2025 2:45:00 AM,1,PJM-RTO,,,ZONE,,17.650000,17.780885,0.123041,0.007844,True,1
9/13/2025 6:50:00 AM,9/13/2025 2:50:00 AM,1,PJM-RTO,,,ZONE,,17.790000,17.926299,0.121661,0.014638,True,1
9/13/2025 6:55:00 AM,9/13/2025 2:55:00 AM,1,PJM-RTO,,,ZONE,,17.190000,17.302582,0.100990,0.011592,True,1
9/13/2025 7:00:00 AM,9/13/2025 3:00:00 AM,1,PJM-RTO,,,ZONE,,17.440000,17.617473,0.168256,0.009217,True,1
9/13/2025 7:05:00 AM,9/13/2025 3:05:00 AM,1,PJM-RTO,,,ZONE,,16.240000,16.260446,0.008307,0.012138,True,1
9/13/2025 7:10:00 AM,9/13/2025 3:10:00 AM,1,PJM-RTO,,,ZONE,,17.020000,17.131724,0.102755,0.008969,True,1
9/13/2025 7:15:00 AM,9/13/2025 3:15:00 AM,1,PJM-RTO,,,ZONE,,17.050000,17.199308,0.140121,0.009188,True,1
9/13/2025 7:20:00 AM,9/13/2025 3:20:00 AM,1,PJM-RTO,,,ZONE,,17.510000,17.697899,0.179411,0.008488,True,1
9/13/2025 7:25:00 AM,9/13/2025 3:25:00 AM,1,PJM-RTO,,,ZONE,,15.720000,15.834035,0.101561,0.012474,True,1
9/13/2025 7:30:00 AM,9/13/2025 3:30:00 AM,1,PJM-RTO,,,ZONE,,16.210000,16.346982,0.129343,0.007640,True,1
9/13/2025 7:35:00 AM,9/13/2025 3:35:00 AM,1,PJM-RTO,,,ZONE,,15.220000,15.276007,0.051559,0.004448,True,1
9/13/2025 7:40:00 AM,9/13/2025 3:40:00 AM,1,PJM-RTO,,,ZONE,,16.090000,16.210966,0.110897,0.010069,True,1
9/13/2025 7:45:00 AM,9/13/2025 3:45:00 AM,1,PJM-RTO,,,ZONE,,15.670000,15.698008,0.019866,0.008141,True,1
9/13/2025 7:50:00 AM,9/13/2025 3:50:00 AM,1,PJM-RTO,,,ZONE,,16.040000,16.175214,0.121439,0.013774,True,1
9/13/2025 7:55:00 AM,9/13/2025 3:55:00 AM,1,PJM-RTO,,,ZONE,,16.030000,16.161847,0.119821,0.012027,True,1
9/13/2025 8:00:00 AM,9/13/2025 4:00:00 AM,1,PJM-RTO,,,ZONE,,16.070000,16.196006,0.116500,0.009507,True,1
9/13/2025 8:05:00 AM,9/13/2025 4:05:00 AM,1,PJM-RTO,,,ZONE,,15.880000,16.003715,0.108434,0.015280,True,1
9/13/2025 8:10:00 AM,9/13/2025 4:10:00 AM,1,PJM-RTO,,,ZONE,,16.080000,16.195652,0.109882,0.005770,True,1
9/13/2025 8:15:00 AM,9/13/2025 4:15:00 AM,1,PJM-RTO,,,ZONE,,16.890000,17.063204,0.160099,0.013105,True,1
9/13/2025 8:20:00 AM,9/13/2025 4:20:00 AM,1,PJM-RTO,,,ZONE,,17.200000,17.393913,0.178976,0.014937,True,1
9/13/2025 8:25:00 AM,9/13/2025 4:25:00 AM,1,PJM-RTO,,,ZONE,,17.210000,17.409232,0.185177,0.014055,True,1
9/13/2025 8:30:00 AM,9/13/2025 4:30:00 AM,1,PJM-RTO,,,ZONE,,17.050000,17.248166,0.190262,0.007904,True,1
9/13/2025 8:35:00 AM,9/13/2025 4:35:00 AM,1,PJM-RTO,,,ZONE,,16.820000,16.975974,0.145013,0.010961,True,1
9/13/2025 8:40:00 AM,9/13/2025 4:40:00 AM,1,PJM-RTO,,,ZONE,,16.660000,16.834558,0.166432,0.008127,True,1
9/13/2025 8:45:00 AM,9/13/2025 4:45:00 AM,1,PJM-RTO,,,ZONE,,16.820000,16.994431,0.163223,0.011208,True,1
9/13/2025 8:50:00 AM,9/13/2025 4:50:00 AM,1,PJM-RTO,,,ZONE,,16.920000,17.104524,0.179697,0.004827,True,1
9/13/2025 8:55:00 AM,9/13/2025 4:55:00 AM,1,PJM-RTO,,,ZONE,,14.220000,14.241457,0.017879,0.003578,True,1
9/13/2025 9:00:00 AM,9/13/2025 5:00:00 AM,1,PJM-RTO,,,ZONE,,16.100000,16.261803,0.148271,0.013531,True,1
9/13/2025 9:05:00 AM,9/13/2025 5:05:00 AM,1,PJM-RTO,,,ZONE,,15.380000,15.515457,0.125890,0.009567,True,1
9/13/2025 9:10:00 AM,9/13/2025 5:10:00 AM,1,PJM-RTO,,,ZONE,,15.470000,15.662857,0.184963,0.007894,True,1
9/13/2025 9:15:00 AM,9/13/2025 5:15:00 AM,1,PJM-RTO,,,ZONE,,14.180000,14.205929,0.017519,0.008410,True,1
9/13/2025 9:20:00 AM,9/13/2025 5:20:00 AM,1,PJM-RTO,,,ZONE,,15.510000,15.619856,0.099642,0.010214,True,1
9/13/2025 9:25:00 AM,9/13/2025 5:25:00 AM,1,PJM-RTO,,,ZONE,,15.600000,15.672511,0.065357,0.007154,True,1
9/13/2025 9:30:00 AM,9/13/2025 5:30:00 AM,1,PJM-RTO,,,ZONE,,16.040000,16.154110,0.108039,0.006071,True,1
9/13/2025 9:35:00 AM,9/13/2025 5:35:00 AM,1,PJM-RTO,,,ZONE,,15.800000,15.879555,0.073070,0.006485,True,1
9/13/2025 9:40:00 AM,9/13/2025 5:40:00 AM,1,PJM-RTO,,,ZONE,,15.940000,16.073455,0.123493,0.009963,True,1
9/13/2025 9:45:00 AM,9/13/2025 5:45:00 AM,1,PJM-RTO,,,ZONE,,15.800000,15.918026,0.106717,0.011309,True,1
9/13/2025 9:50:00 AM,9/13/2025 5:50:00 AM,1,PJM-RTO,,,ZONE,,15.920000,16.030410,0.104002,0.006407,True,1
9/13/2025 9:55:00 AM,9/13/2025 5:55:00 AM,1,PJM-RTO,,,ZONE,,15.980000,16.106133,0.113326,0.012807,True,1
9/13/2025 10:00:00 AM,9/13/2025 6:00:00 AM,1,PJM-RTO,,,ZONE,,16.050000,16.150130,0.091619,0.008511,True,1
9/13/2025 10:05:00 AM,9/13/2025 6:05:00 AM,1,PJM-RTO,,,ZONE,,17.430000,17.557098,0.119451,0.007647,True,1
9/13/2025 10:10:00 AM,9/13/2025 6:10:00 AM,1,PJM-RTO,,,ZONE,,17.280000,17.388519,0.098220,0.010299,True,1
9/13/2025 10:15:00 AM,9/13/2025 6:15:00 AM,1,PJM-RTO,,,ZONE,,17.710000,17.735644,0.019785,0.005859,True,1
9/13/2025 10:20:00 AM,9/13/2025 6:20:00 AM,1,PJM-RTO,,,ZONE,,17.860000,17.894962,0.020276,0.014685,True,1
9/13/2025 10:25:00 AM,9/13/2025 6:25:00 AM,1,PJM-RTO,,,ZONE,,17.130000,17.150782,0.010239,0.010543,True,1
9/13/2025 10:30:00 AM,9/13/2025 6:30:00 AM,1,PJM-RTO,,,ZONE,,17.670000,17.702550,0.019681,0.012869,True,1
9/13/2025 10:35:00 AM,9/13/2025 6:35:00 AM,1,PJM-RTO,,,ZONE,,19.040000,19.166925,0.115869,0.011056,True,1
9/13/2025 10:40:00 AM,9/13/2025 6:40:00 AM,1,PJM-RTO,,,ZONE,,16.940000,16.959456,0.009238,0.010218,True,1
9/13/2025 10:45:00 AM,9/13/2025 6:45:00 AM,1,PJM-RTO,,,ZONE,,17.130000,17.251128,0.106826,0.014302,True,1
9/13/2025 10:50:00 AM,9/13/2025 6:50:00 AM,1,PJM-RTO,,,ZONE,,16.200000,16.268496,0.061212,0.007283,True,1
9/13/2025 10:55:00 AM,9/13/2025 6:55:00 AM,1,PJM-RTO,,,ZONE,,16.900000,16.931016,0.019407,0.011609,True,1
9/13/2025 11:00:00 AM,9/13/2025 7:00:00 AM,1,PJM-RTO,,,ZONE,,16.690000,16.717784,0.013388,0.014395,True,1
9/13/2025 11:05:00 AM,9/13/2025 7:05:00 AM,1,PJM-RTO,,,ZONE,,18.010000,18.093354,0.075665,0.007688,True,1
9/13/2025 11:10:00 AM,9/13/2025 7:10:00 AM,1,PJM-RTO,,,ZONE,,17.800000,17.831743,0.016081,0.015662,True,1
9/13/2025 11:15:00 AM,9/13/2025 7:15:00 AM,1,PJM-RTO,,,ZONE,,18.030000,18.066500,0.019357,0.017143,True,1
9/13/2025 11:20:00 AM,9/13/2025 7:20:00 AM,1,PJM-RTO,,,ZONE,,16.780000,16.804525,0.013402,0.011123,True,1
9/13/2025 11:25:00 AM,9/13/2025 7:25:00 AM,1,PJM-RTO,,,ZONE,,17.160000,17.271852,0.099905,0.011947,True,1
9/13/2025 11:30:00 AM,9/13/2025 7:30:00 AM,1,PJM-RTO,,,ZONE,,17.480000,17.514161,0.017141,0.017019,True,1
9/13/2025 11:35:00 AM,9/13/2025 7:35:00 AM,1,PJM-RTO,,,ZONE,,17.440000,17.470250,0.020768,0.009483,True,1
9/13/2025 11:40:00 AM,9/13/2025 7:40:00 AM,1,PJM-RTO,,,ZONE,,17.390000,17.415106,0.015196,0.009910,True,1
9/13/2025 11:45:00 AM,9/13/2025 7:45:00 AM,1,PJM-RTO,,,ZONE,,16.080000,16.112987,0.017280,0.015706,True,1
9/13/2025 11:50:00 AM,9/13/2025 7:50:00 AM,1,PJM-RTO,,,ZONE,,15.820000,15.842847,0.016907,0.005940,True,1
9/13/2025 11:55:00 AM,9/13/2025 7:55:00 AM,1,PJM-RTO,,,ZONE,,18.270000,18.449967,0.172875,0.007091,True,1
9/13/2025 12:00:00 PM,9/13/2025 8:00:00 AM,1,PJM-RTO,,,ZONE,,16.010000,16.025886,0.006681,0.009205,True,1
9/13/2025 12:05:00 PM,9/13/2025 8:05:00 AM,1,PJM-RTO,,,ZONE,,16.010000,16.109729,0.089255,0.010473,True,1
9/13/2025 12:10:00 PM,9/13/2025 8:10:00 AM,1,PJM-RTO,,,ZONE,,15.380000,15.394510,0.005333,0.009177,True,1
9/13/2025 12:15:00 PM,9/13/2025 8:15:00 AM,1,PJM-RTO,,,ZONE,,18.150000,18.474451,0.311605,0.012845,True,1
9/13/2025 12:20:00 PM,9/13/2025 8:20:00 AM,1,PJM-RTO,,,ZONE,,15.840000,15.943719,0.095474,0.008245,True,1
9/13/2025 12:25:00 PM,9/13/2025 8:25:00 AM,1,PJM-RTO,,,ZONE,,15.810000,15.916735,0.101749,0.004986,True,1
9/13/2025 12:30:00 PM,9/13/2025 8:30:00 AM,1,PJM-RTO,,,ZONE,,14.640000,14.688603,0.039091,0.009511,True,1
9/13/2025 12:35:00 PM,9/13/2025 8:35:00 AM,1,PJM-RTO,,,ZONE,,15.200000,15.300497,0.089709,0.010788,True,1
9/13/2025 12:40:00 PM,9/13/2025 8:40:00 AM,1,PJM-RTO,,,ZONE,,15.020000,15.086330,0.061004,0.005326,True,1
9/13/2025 12:45:00 PM,9/13/2025 8:45:00 AM,1,PJM-RTO,,,ZONE,,14.950000,15.014647,0.052324,0.012323,True,1
9/13/2025 12:50:00 PM,9/13/2025 8:50:00 AM,1,PJM-RTO,,,ZONE,,14.840000,14.891325,0.048282,0.003043,True,1
9/13/2025 12:55:00 PM,9/13/2025 8:55:00 AM,1,PJM-RTO,,,ZONE,,15.270000,15.333811,0.058498,0.005313,True,1
9/13/2025 1:00:00 PM,9/13/2025 9:00:00 AM,1,PJM-RTO,,,ZONE,,15.270000,15.514128,0.232682,0.011446,True,1
9/13/2025 1:05:00 PM,9/13/2025 9:05:00 AM,1,PJM-RTO,,,ZONE,,14.570000,14.649160,0.069411,0.009750,True,1
9/13/2025 1:10:00 PM,9/13/2025 9:10:00 AM,1,PJM-RTO,,,ZONE,,14.700000,14.993499,0.285114,0.008385,True,1
9/13/2025 1:15:00 PM,9/13/2025 9:15:00 AM,1,PJM-RTO,,,ZONE,,14.060000,14.282274,0.212750,0.009525,True,1
9/13/2025 1:20:00 PM,9/13/2025 9:20:00 AM,1,PJM-RTO,,,ZONE,,16.220000,16.450021,0.220699,0.009322,True,1
9/13/2025 1:25:00 PM,9/13/2025 9:25:00 AM,1,PJM-RTO,,,ZONE,,15.790000,16.062200,0.258632,0.013567,True,1
9/13/2025 1:30:00 PM,9/13/2025 9:30:00 AM,1,PJM-RTO,,,ZONE,,16.490000,16.758994,0.262521,0.006473,True,1
9/13/2025 1:35:00 PM,9/13/2025 9:35:00 AM,1,PJM-RTO,,,ZONE,,17.260000,17.621471,0.354502,0.006969,True,1
9/13/2025 1:40:00 PM,9/13/2025 9:40:00 AM,1,PJM-RTO,,,ZONE,,15.660000,15.829658,0.162401,0.007257,True,1
9/13/2025 1:45:00 PM,9/13/2025 9:45:00 AM,1,PJM-RTO,,,ZONE,,21.120000,21.292207,0.160578,0.011629,True,1
9/13/2025 1:50:00 PM,9/13/2025 9:50:00 AM,1,PJM-RTO,,,ZONE,,16.500000,16.526659,0.018463,0.008197,True,1
9/13/2025 1:55:00 PM,9/13/2025 9:55:00 AM,1,PJM-RTO,,,ZONE,,20.460000,20.772736,0.297995,0.014741,True,1
9/13/2025 2:00:00 PM,9/13/2025 10:00:00 AM,1,PJM-RTO,,,ZONE,,16.040000,16.087999,0.035596,0.012403,True,1
9/13/2025 2:05:00 PM,9/13/2025 10:05:00 AM,1,PJM-RTO,,,ZONE,,20.410000,20.529361,0.103707,0.015655,True,1
9/13/2025 2:10:00 PM,9/13/2025 10:10:00 AM,1,PJM-RTO,,,ZONE,,20.410000,20.529361,0.103707,0.015655,True,1
9/13/2025 2:15:00 PM,9/13/2025 10:15:00 AM,1,PJM-RTO,,,ZONE,,19.780000,20.030546,0.237964,0.012582,True,1
9/13/2025 2:20:00 PM,9/13/2025 10:20:00 AM,1,PJM-RTO,,,ZONE,,27.360000,27.629217,0.249793,0.019424,True,1
9/13/2025 2:25:00 PM,9/13/2025 10:25:00 AM,1,PJM-RTO,,,ZONE,,25.000000,25.245238,0.227409,0.017829,True,1
9/13/2025 2:30:00 PM,9/13/2025 10:30:00 AM,1,PJM-RTO,,,ZONE,,21.140000,21.200994,0.047354,0.013639,True,1
9/13/2025 2:35:00 PM,9/13/2025 10:35:00 AM,1,PJM-RTO,,,ZONE,,22.260000,22.322199,0.052405,0.009794,True,1
9/13/2025 2:40:00 PM,9/13/2025 10:40:00 AM,1,PJM-RTO,,,ZONE,,19.310000,19.358780,0.037893,0.010887,True,1
9/13/2025 2:45:00 PM,9/13/2025 10:45:00 AM,1,PJM-RTO,,,ZONE,,21.940000,21.996215,0.040481,0.015734,True,1
9/13/2025 2:50:00 PM,9/13/2025 10:50:00 AM,1,PJM-RTO,,,ZONE,,22.400000,22.443451,0.035804,0.007647,True,1
9/13/2025 2:55:00 PM,9/13/2025 10:55:00 AM,1,PJM-RTO,,,ZONE,,20.600000,20.653052,0.039454,0.013598,True,1
9/13/2025 3:00:00 PM,9/13/2025 11:00:00 AM,1,PJM-RTO,,,ZONE,,20.430000,20.493337,0.050900,0.012437,True,1
9/13/2025 3:05:00 PM,9/13/2025 11:05:00 AM,1,PJM-RTO,,,ZONE,,22.760000,22.818789,0.042228,0.016561,True,1
9/13/2025 3:10:00 PM,9/13/2025 11:10:00 AM,1,PJM-RTO,,,ZONE,,29.990000,30.241443,0.229976,0.021467,True,1
9/13/2025 3:15:00 PM,9/13/2025 11:15:00 AM,1,PJM-RTO,,,ZONE,,24.710000,24.718813,0.000000,0.008813,True,1
9/13/2025 3:20:00 PM,9/13/2025 11:20:00 AM,1,PJM-RTO,,,ZONE,,22.750000,22.809809,0.049274,0.010535,True,1
9/13/2025 3:25:00 PM,9/13/2025 11:25:00 AM,1,PJM-RTO,,,ZONE,,21.580000,21.608077,0.017908,0.010169,True,1
9/13/2025 3:30:00 PM,9/13/2025 11:30:00 AM,1,PJM-RTO,,,ZONE,,20.310000,20.348498,0.030745,0.007752,True,1
9/13/2025 3:35:00 PM,9/13/2025 11:35:00 AM,1,PJM-RTO,,,ZONE,,20.800000,20.844553,0.033887,0.010666,True,1
9/13/2025 3:40:00 PM,9/13/2025 11:40:00 AM,1,PJM-RTO,,,ZONE,,25.710000,25.766625,0.039189,0.017436,True,1
9/13/2025 3:45:00 PM,9/13/2025 11:45:00 AM,1,PJM-RTO,,,ZONE,,25.640000,25.695498,0.044980,0.010519,True,1
9/13/2025 3:50:00 PM,9/13/2025 11:50:00 AM,1,PJM-RTO,,,ZONE,,23.570000,23.624481,0.041660,0.012820,True,1
9/13/2025 3:55:00 PM,9/13/2025 11:55:00 AM,1,PJM-RTO,,,ZONE,,26.610000,26.648885,0.024958,0.013926,True,1
9/13/2025 4:00:00 PM,9/13/2025 12:00:00 PM,1,PJM-RTO,,,ZONE,,20.640000,20.675312,0.019946,0.015366,True,1
9/13/2025 4:05:00 PM,9/13/2025 12:05:00 PM,1,PJM-RTO,,,ZONE,,19.030000,19.053780,0.015741,0.008039,True,1
9/13/2025 4:10:00 PM,9/13/2025 12:10:00 PM,1,PJM-RTO,,,ZONE,,21.010000,21.026810,0.002281,0.014529,True,1
9/13/2025 4:15:00 PM,9/13/2025 12:15:00 PM,1,PJM-RTO,,,ZONE,,25.960000,26.039732,0.064383,0.015350,True,1
9/13/2025 4:20:00 PM,9/13/2025 12:20:00 PM,1,PJM-RTO,,,ZONE,,23.500000,23.526487,0.014933,0.011554,True,1
9/13/2025 4:25:00 PM,9/13/2025 12:25:00 PM,1,PJM-RTO,,,ZONE,,24.130000,24.152417,0.011446,0.010971,True,1
9/13/2025 4:30:00 PM,9/13/2025 12:30:00 PM,1,PJM-RTO,,,ZONE,,27.250000,27.280432,0.020048,0.010384,True,1
9/13/2025 4:35:00 PM,9/13/2025 12:35:00 PM,1,PJM-RTO,,,ZONE,,27.160000,27.195892,0.026365,0.009527,True,1
9/13/2025 4:40:00 PM,9/13/2025 12:40:00 PM,1,PJM-RTO,,,ZONE,,28.310000,28.377363,0.047231,0.020133,True,1
9/13/2025 4:45:00 PM,9/13/2025 12:45:00 PM,1,PJM-RTO,,,ZONE,,26.440000,26.484484,0.030475,0.014009,True,1
9/13/2025 4:50:00 PM,9/13/2025 12:50:00 PM,1,PJM-RTO,,,ZONE,,25.710000,25.772569,0.043598,0.018971,True,1
9/13/2025 4:55:00 PM,9/13/2025 12:55:00 PM,1,PJM-RTO,,,ZONE,,25.540000,25.594383,0.036553,0.017830,True,1
9/13/2025 5:00:00 PM,9/13/2025 1:00:00 PM,1,PJM-RTO,,,ZONE,,22.690000,22.725154,0.020603,0.014551,True,1
9/13/2025 5:05:00 PM,9/13/2025 1:05:00 PM,1,PJM-RTO,,,ZONE,,22.760000,22.779590,0.011667,0.007923,True,1
9/13/2025 5:10:00 PM,9/13/2025 1:10:00 PM,1,PJM-RTO,,,ZONE,,24.620000,24.649283,0.019847,0.009436,True,1
9/13/2025 5:15:00 PM,9/13/2025 1:15:00 PM,1,PJM-RTO,,,ZONE,,27.640000,27.695746,0.038737,0.017009,True,1
9/13/2025 5:20:00 PM,9/13/2025 1:20:00 PM,1,PJM-RTO,,,ZONE,,24.710000,24.749310,0.029276,0.010034,True,1
9/13/2025 5:25:00 PM,9/13/2025 1:25:00 PM,1,PJM-RTO,,,ZONE,,25.340000,25.385057,0.027960,0.017097,True,1
9/13/2025 5:30:00 PM,9/13/2025 1:30:00 PM,1,PJM-RTO,,,ZONE,,27.560000,27.599738,0.023009,0.016730,True,1
9/13/2025 5:35:00 PM,9/13/2025 1:35:00 PM,1,PJM-RTO,,,ZONE,,31.780000,31.863658,0.060447,0.023212,True,1
9/13/2025 5:40:00 PM,9/13/2025 1:40:00 PM,1,PJM-RTO,,,ZONE,,25.930000,25.964871,0.020527,0.014344,True,1
9/13/2025 5:45:00 PM,9/13/2025 1:45:00 PM,1,PJM-RTO,,,ZONE,,26.070000,26.106943,0.024449,0.012495,True,1
9/13/2025 5:50:00 PM,9/13/2025 1:50:00 PM,1,PJM-RTO,,,ZONE,,27.260000,27.290797,0.010366,0.020431,True,1
9/13/2025 5:55:00 PM,9/13/2025 1:55:00 PM,1,PJM-RTO,,,ZONE,,27.430000,27.455881,0.011004,0.014877,True,1
9/13/2025 6:00:00 PM,9/13/2025 2:00:00 PM,1,PJM-RTO,,,ZONE,,27.090000,27.123589,0.015605,0.017983,True,1
9/13/2025 6:05:00 PM,9/13/2025 2:05:00 PM,1,PJM-RTO,,,ZONE,,35.600000,35.633228,0.014990,0.018238,True,1
9/13/2025 6:10:00 PM,9/13/2025 2:10:00 PM,1,PJM-RTO,,,ZONE,,45.480000,45.521584,0.017069,0.024515,True,1
9/13/2025 6:15:00 PM,9/13/2025 2:15:00 PM,1,PJM-RTO,,,ZONE,,121.510000,121.951052,0.371622,0.069430,True,1
9/13/2025 6:20:00 PM,9/13/2025 2:20:00 PM,1,PJM-RTO,,,ZONE,,38.130000,38.209691,0.053727,0.025964,True,1
9/13/2025 6:25:00 PM,9/13/2025 2:25:00 PM,1,PJM-RTO,,,ZONE,,27.000000,27.015060,0.004608,0.010453,True,1
9/13/2025 6:30:00 PM,9/13/2025 2:30:00 PM,1,PJM-RTO,,,ZONE,,28.940000,29.204776,0.244911,0.019865,True,1
9/13/2025 6:35:00 PM,9/13/2025 2:35:00 PM,1,PJM-RTO,,,ZONE,,30.460000,30.524054,0.050396,0.013658,True,1
9/13/2025 6:40:00 PM,9/13/2025 2:40:00 PM,1,PJM-RTO,,,ZONE,,26.200000,26.284851,0.068486,0.016366,True,1
9/13/2025 6:45:00 PM,9/13/2025 2:45:00 PM,1,PJM-RTO,,,ZONE,,25.410000,25.508611,0.085345,0.013265,True,1
9/13/2025 6:50:00 PM,9/13/2025 2:50:00 PM,1,PJM-RTO,,,ZONE,,29.590000,29.674020,0.068308,0.015712,True,1
9/13/2025 6:55:00 PM,9/13/2025 2:55:00 PM,1,PJM-RTO,,,ZONE,,28.510000,28.530440,0.000000,0.020440,True,1
9/13/2025 7:00:00 PM,9/13/2025 3:00:00 PM,1,PJM-RTO,,,ZONE,,24.670000,24.691085,0.000000,0.021085,True,1
9/13/2025 7:05:00 PM,9/13/2025 3:05:00 PM,1,PJM-RTO,,,ZONE,,24.980000,24.996626,0.001559,0.015067,True,1
9/13/2025 7:10:00 PM,9/13/2025 3:10:00 PM,1,PJM-RTO,,,ZONE,,24.760000,24.773953,0.000000,0.013953,True,1
9/13/2025 7:15:00 PM,9/13/2025 3:15:00 PM,1,PJM-RTO,,,ZONE,,27.760000,27.798996,0.025511,0.013485,True,1
9/13/2025 7:20:00 PM,9/13/2025 3:20:00 PM,1,PJM-RTO,,,ZONE,,27.300000,27.350457,0.039621,0.010836,True,1
9/13/2025 7:25:00 PM,9/13/2025 3:25:00 PM,1,PJM-RTO,,,ZONE,,27.050000,27.111989,0.050135,0.011854,True,1
9/13/2025 7:30:00 PM,9/13/2025 3:30:00 PM,1,PJM-RTO,,,ZONE,,29.390000,29.454876,0.048475,0.016401,True,1
9/13/2025 7:35:00 PM,9/13/2025 3:35:00 PM,1,PJM-RTO,,,ZONE,,33.440000,33.480439,0.017522,0.022917,True,1
9/13/2025 7:40:00 PM,9/13/2025 3:40:00 PM,1,PJM-RTO,,,ZONE,,39.470000,39.560100,0.065548,0.024552,True,1
9/13/2025 7:45:00 PM,9/13/2025 3:45:00 PM,1,PJM-RTO,,,ZONE,,39.340000,39.404000,0.042481,0.021519,True,1
9/13/2025 7:50:00 PM,9/13/2025 3:50:00 PM,1,PJM-RTO,,,ZONE,,38.350000,38.444903,0.070646,0.024257,True,1
9/13/2025 7:55:00 PM,9/13/2025 3:55:00 PM,1,PJM-RTO,,,ZONE,,34.840000,34.905666,0.044625,0.021041,True,1
9/13/2025 8:00:00 PM,9/13/2025 4:00:00 PM,1,PJM-RTO,,,ZONE,,33.310000,33.367478,0.038961,0.018518,True,1
9/13/2025 8:05:00 PM,9/13/2025 4:05:00 PM,1,PJM-RTO,,,ZONE,,28.950000,29.010639,0.043456,0.017183,True,1
9/13/2025 8:10:00 PM,9/13/2025 4:10:00 PM,1,PJM-RTO,,,ZONE,,28.430000,28.492715,0.042711,0.020005,True,1
9/13/2025 8:15:00 PM,9/13/2025 4:15:00 PM,1,PJM-RTO,,,ZONE,,28.350000,28.427140,0.055972,0.021168,True,1
9/13/2025 8:20:00 PM,9/13/2025 4:20:00 PM,1,PJM-RTO,,,ZONE,,32.850000,32.922499,0.052985,0.019514,True,1
9/13/2025 8:25:00 PM,9/13/2025 4:25:00 PM,1,PJM-RTO,,,ZONE,,28.500000,28.565545,0.052385,0.013159,True,1
9/13/2025 8:30:00 PM,9/13/2025 4:30:00 PM,1,PJM-RTO,,,ZONE,,33.820000,33.887469,0.045768,0.021702,True,1
9/13/2025 8:35:00 PM,9/13/2025 4:35:00 PM,1,PJM-RTO,,,ZONE,,43.020000,43.102755,0.064218,0.018537,True,1
9/13/2025 8:40:00 PM,9/13/2025 4:40:00 PM,1,PJM-RTO,,,ZONE,,42.060000,42.139859,0.054618,0.025241,True,1
9/13/2025 8:45:00 PM,9/13/2025 4:45:00 PM,1,PJM-RTO,,,ZONE,,34.580000,34.639287,0.040922,0.018365,True,1
9/13/2025 8:50:00 PM,9/13/2025 4:50:00 PM,1,PJM-RTO,,,ZONE,,39.460000,39.529818,0.049166,0.020651,True,1
9/13/2025 8:55:00 PM,9/13/2025 4:55:00 PM,1,PJM-RTO,,,ZONE,,26.350000,26.397205,0.029374,0.017831,True,1
9/13/2025 9:00:00 PM,9/13/2025 5:00:00 PM,1,PJM-RTO,,,ZONE,,28.950000,28.994689,0.029523,0.015167,True,1
9/13/2025 9:05:00 PM,9/13/2025 5:05:00 PM,1,PJM-RTO,,,ZONE,,26.870000,26.909469,0.026675,0.012794,True,1
9/13/2025 9:10:00 PM,9/13/2025 5:10:00 PM,1,PJM-RTO,,,ZONE,,27.820000,27.860633,0.028118,0.012515,True,1
9/13/2025 9:15:00 PM,9/13/2025 5:15:00 PM,1,PJM-RTO,,,ZONE,,28.190000,28.236056,0.029560,0.016495,True,1
9/13/2025 9:20:00 PM,9/13/2025 5:20:00 PM,1,PJM-RTO,,,ZONE,,29.540000,29.588968,0.031305,0.017663,True,1
9/13/2025 9:25:00 PM,9/13/2025 5:25:00 PM,1,PJM-RTO,,,ZONE,,33.490000,33.547949,0.036384,0.021565,True,1
9/13/2025 9:30:00 PM,9/13/2025 5:30:00 PM,1,PJM-RTO,,,ZONE,,33.480000,33.539873,0.040026,0.019847,True,1
9/13/2025 9:35:00 PM,9/13/2025 5:35:00 PM,1,PJM-RTO,,,ZONE,,72.280000,72.415650,0.104124,0.031526,True,1
9/13/2025 9:40:00 PM,9/13/2025 5:40:00 PM,1,PJM-RTO,,,ZONE,,44.290000,44.366925,0.056108,0.020817,True,1
9/13/2025 9:45:00 PM,9/13/2025 5:45:00 PM,1,PJM-RTO,,,ZONE,,51.830000,51.928102,0.068469,0.029632,True,1
9/13/2025 9:50:00 PM,9/13/2025 5:50:00 PM,1,PJM-RTO,,,ZONE,,39.500000,39.573550,0.048097,0.025453,True,1
9/13/2025 9:55:00 PM,9/13/2025 5:55:00 PM,1,PJM-RTO,,,ZONE,,43.220000,43.283331,0.039222,0.024109,True,1
9/13/2025 10:00:00 PM,9/13/2025 6:00:00 PM,1,PJM-RTO,,,ZONE,,111.200000,111.386463,0.134368,0.052095,True,1
9/13/2025 10:05:00 PM,9/13/2025 6:05:00 PM,1,PJM-RTO,,,ZONE,,49.220000,49.304984,0.064819,0.020165,True,1
9/13/2025 10:10:00 PM,9/13/2025 6:10:00 PM,1,PJM-RTO,,,ZONE,,43.060000,43.132282,0.054647,0.017635,True,1
9/13/2025 10:15:00 PM,9/13/2025 6:15:00 PM,1,PJM-RTO,,,ZONE,,42.280000,42.346096,0.039642,0.026454,True,1
9/13/2025 10:20:00 PM,9/13/2025 6:20:00 PM,1,PJM-RTO,,,ZONE,,52.860000,52.947920,0.061611,0.026309,True,1
9/13/2025 10:25:00 PM,9/13/2025 6:25:00 PM,1,PJM-RTO,,,ZONE,,52.780000,52.871917,0.058524,0.033394,True,1
9/13/2025 10:30:00 PM,9/13/2025 6:30:00 PM,1,PJM-RTO,,,ZONE,,41.090000,41.159882,0.046034,0.023847,True,1
9/13/2025 10:35:00 PM,9/13/2025 6:35:00 PM,1,PJM-RTO,,,ZONE,,40.670000,40.737863,0.043939,0.023925,True,1
9/13/2025 10:40:00 PM,9/13/2025 6:40:00 PM,1,PJM-RTO,,,ZONE,,50.760000,50.858090,0.067552,0.030538,True,1
9/13/2025 10:45:00 PM,9/13/2025 6:45:00 PM,1,PJM-RTO,,,ZONE,,40.440000,40.498597,0.035088,0.023508,True,1
9/13/2025 10:50:00 PM,9/13/2025 6:50:00 PM,1,PJM-RTO,,,ZONE,,79.170000,79.312070,0.090064,0.052007,True,1
9/13/2025 10:55:00 PM,9/13/2025 6:55:00 PM,1,PJM-RTO,,,ZONE,,38.970000,39.163224,0.171479,0.021745,True,1
9/13/2025 11:00:00 PM,9/13/2025 7:00:00 PM,1,PJM-RTO,,,ZONE,,55.030000,55.079483,0.023560,0.025922,True,1
9/13/2025 11:05:00 PM,9/13/2025 7:05:00 PM,1,PJM-RTO,,,ZONE,,35.850000,35.906024,0.039935,0.016089,True,1
9/13/2025 11:10:00 PM,9/13/2025 7:10:00 PM,1,PJM-RTO,,,ZONE,,39.440000,39.511848,0.047235,0.024612,True,1
9/13/2025 11:15:00 PM,9/13/2025 7:15:00 PM,1,PJM-RTO,,,ZONE,,34.960000,35.013397,0.028402,0.024995,True,1
9/13/2025 11:20:00 PM,9/13/2025 7:20:00 PM,1,PJM-RTO,,,ZONE,,38.920000,39.009359,0.065062,0.024297,True,1
9/13/2025 11:25:00 PM,9/13/2025 7:25:00 PM,1,PJM-RTO,,,ZONE,,32.550000,32.609397,0.041044,0.018353,True,1
9/13/2025 11:30:00 PM,9/13/2025 7:30:00 PM,1,PJM-RTO,,,ZONE,,54.030000,54.197199,0.138895,0.028304,True,1
9/13/2025 11:35:00 PM,9/13/2025 7:35:00 PM,1,PJM-RTO,,,ZONE,,54.140000,54.306110,0.131921,0.034189,True,1
9/13/2025 11:40:00 PM,9/13/2025 7:40:00 PM,1,PJM-RTO,,,ZONE,,54.060000,54.230763,0.140902,0.029860,True,1
9/13/2025 11:45:00 PM,9/13/2025 7:45:00 PM,1,PJM-RTO,,,ZONE,,55.270000,55.575021,0.266036,0.038985,True,1
9/13/2025 11:50:00 PM,9/13/2025 7:50:00 PM,1,PJM-RTO,,,ZONE,,54.710000,54.850191,0.104708,0.035484,True,1
9/13/2025 11:55:00 PM,9/13/2025 7:55:00 PM,1,PJM-RTO,,,ZONE,,32.680000,32.753122,0.052866,0.020256,True,1
9/14/2025 12:00:00 AM,9/13/2025 8:00:00 PM,1,PJM-RTO,,,ZONE,,39.700000,39.792245,0.069116,0.023129,True,1
9/14/2025 12:05:00 AM,9/13/2025 8:05:00 PM,1,PJM-RTO,,,ZONE,,31.990000,32.054539,0.053082,0.011457,True,1
9/14/2025 12:10:00 AM,9/13/2025 8:10:00 PM,1,PJM-RTO,,,ZONE,,33.430000,33.483430,0.032733,0.020697,True,1
9/14/2025 12:15:00 AM,9/13/2025 8:15:00 PM,1,PJM-RTO,,,ZONE,,28.030000,28.284152,0.235216,0.018936,True,1
9/14/2025 12:20:00 AM,9/13/2025 8:20:00 PM,1,PJM-RTO,,,ZONE,,27.020000,27.071701,0.038169,0.013532,True,1
9/14/2025 12:25:00 AM,9/13/2025 8:25:00 PM,1,PJM-RTO,,,ZONE,,27.270000,27.322108,0.036312,0.015796,True,1
9/14/2025 12:30:00 AM,9/13/2025 8:30:00 PM,1,PJM-RTO,,,ZONE,,26.530000,26.582386,0.034738,0.017648,True,1
9/14/2025 12:35:00 AM,9/13/2025 8:35:00 PM,1,PJM-RTO,,,ZONE,,26.150000,26.203479,0.035122,0.018358,True,1
9/14/2025 12:40:00 AM,9/13/2025 8:40:00 PM,1,PJM-RTO,,,ZONE,,26.060000,26.113671,0.034910,0.018761,True,1
9/14/2025 12:45:00 AM,9/13/2025 8:45:00 PM,1,PJM-RTO,,,ZONE,,25.890000,25.939972,0.036752,0.013221,True,1
9/14/2025 12:50:00 AM,9/13/2025 8:50:00 PM,1,PJM-RTO,,,ZONE,,25.470000,25.519189,0.042013,0.007176,True,1
9/14/2025 12:55:00 AM,9/13/2025 8:55:00 PM,1,PJM-RTO,,,ZONE,,25.760000,25.816610,0.046584,0.010026,True,1
9/14/2025 1:00:00 AM,9/13/2025 9:00:00 PM,1,PJM-RTO,,,ZONE,,25.810000,25.862512,0.040093,0.012419,True,1
9/14/2025 1:05:00 AM,9/13/2025 9:05:00 PM,1,PJM-RTO,,,ZONE,,27.630000,27.689354,0.046599,0.012755,True,1
9/14/2025 1:10:00 AM,9/13/2025 9:10:00 PM,1,PJM-RTO,,,ZONE,,29.430000,29.500506,0.050814,0.019691,True,1
9/14/2025 1:15:00 AM,9/13/2025 9:15:00 PM,1,PJM-RTO,,,ZONE,,67.370000,67.529952,0.122281,0.037671,True,1
9/14/2025 1:20:00 AM,9/13/2025 9:20:00 PM,1,PJM-RTO,,,ZONE,,28.050000,28.109953,0.042707,0.017246,True,1
9/14/2025 1:25:00 AM,9/13/2025 9:25:00 PM,1,PJM-RTO,,,ZONE,,32.680000,32.771332,0.076562,0.014770,True,1
9/14/2025 1:30:00 AM,9/13/2025 9:30:00 PM,1,PJM-RTO,,,ZONE,,33.160000,33.253153,0.073888,0.019266,True,1
9/14/2025 1:35:00 AM,9/13/2025 9:35:00 PM,1,PJM-RTO,,,ZONE,,33.960000,34.058803,0.076833,0.021970,True,1
9/14/2025 1:40:00 AM,9/13/2025 9:40:00 PM,1,PJM-RTO,,,ZONE,,25.700000,25.755246,0.041204,0.014042,True,1
9/14/2025 1:45:00 AM,9/13/2025 9:45:00 PM,1,PJM-RTO,,,ZONE,,27.840000,27.907695,0.052788,0.014907,True,1
9/14/2025 1:50:00 AM,9/13/2025 9:50:00 PM,1,PJM-RTO,,,ZONE,,28.420000,28.480761,0.045904,0.014857,True,1
9/14/2025 1:55:00 AM,9/13/2025 9:55:00 PM,1,PJM-RTO,,,ZONE,,36.930000,37.050199,0.093666,0.026533,True,1
9/14/2025 2:00:00 AM,9/13/2025 10:00:00 PM,1,PJM-RTO,,,ZONE,,36.280000,36.385212,0.087172,0.018040,True,1
9/14/2025 2:05:00 AM,9/13/2025 10:05:00 PM,1,PJM-RTO,,,ZONE,,188.720000,189.518759,0.678233,0.120526,True,1
9/14/2025 2:10:00 AM,9/13/2025 10:10:00 PM,1,PJM-RTO,,,ZONE,,189.620000,190.326291,0.584475,0.121816,True,1
9/14/2025 2:15:00 AM,9/13/2025 10:15:00 PM,1,PJM-RTO,,,ZONE,,25.970000,26.021590,0.040304,0.011286,True,1
9/14/2025 2:20:00 AM,9/13/2025 10:20:00 PM,1,PJM-RTO,,,ZONE,,26.800000,26.866549,0.049078,0.017471,True,1
9/14/2025 2:25:00 AM,9/13/2025 10:25:00 PM,1,PJM-RTO,,,ZONE,,24.290000,24.332914,0.032945,0.009969,True,1
9/14/2025 2:30:00 AM,9/13/2025 10:30:00 PM,1,PJM-RTO,,,ZONE,,26.200000,26.231620,0.018842,0.012778,True,1
9/14/2025 2:35:00 AM,9/13/2025 10:35:00 PM,1,PJM-RTO,,,ZONE,,24.670000,24.701495,0.012616,0.018879,True,1
9/14/2025 2:40:00 AM,9/13/2025 10:40:00 PM,1,PJM-RTO,,,ZONE,,18.750000,18.773703,0.011161,0.012543,True,1
9/14/2025 2:45:00 AM,9/13/2025 10:45:00 PM,1,PJM-RTO,,,ZONE,,19.490000,19.502768,0.002854,0.009914,True,1
9/14/2025 2:50:00 AM,9/13/2025 10:50:00 PM,1,PJM-RTO,,,ZONE,,19.460000,19.479627,0.005414,0.014213,True,1
9/14/2025 2:55:00 AM,9/13/2025 10:55:00 PM,1,PJM-RTO,,,ZONE,,20.420000,20.450376,0.018291,0.012085,True,1
9/14/2025 3:00:00 AM,9/13/2025 11:00:00 PM,1,PJM-RTO,,,ZONE,,20.170000,20.180898,0.002915,0.007983,True,1
9/14/2025 3:05:00 AM,9/13/2025 11:05:00 PM,1,PJM-RTO,,,ZONE,,43.820000,43.950927,0.102170,0.028757,True,1
9/14/2025 3:10:00 AM,9/13/2025 11:10:00 PM,1,PJM-RTO,,,ZONE,,45.600000,45.693551,0.062626,0.030925,True,1
9/14/2025 3:15:00 AM,9/13/2025 11:15:00 PM,1,PJM-RTO,,,ZONE,,28.580000,28.626561,0.032509,0.014052,True,1
9/14/2025 3:20:00 AM,9/13/2025 11:20:00 PM,1,PJM-RTO,,,ZONE,,25.580000,25.619637,0.026614,0.013022,True,1
9/14/2025 3:25:00 AM,9/13/2025 11:25:00 PM,1,PJM-RTO,,,ZONE,,27.080000,27.127646,0.031292,0.016354,True,1
9/14/2025 3:30:00 AM,9/13/2025 11:30:00 PM,1,PJM-RTO,,,ZONE,,26.930000,26.981652,0.031189,0.020463,True,1
9/14/2025 3:35:00 AM,9/13/2025 11:35:00 PM,1,PJM-RTO,,,ZONE,,23.090000,23.102388,0.000000,0.012388,True,1
9/14/2025 3:40:00 AM,9/13/2025 11:40:00 PM,1,PJM-RTO,,,ZONE,,19.580000,19.597606,0.000000,0.017606,True,1
9/14/2025 3:45:00 AM,9/13/2025 11:45:00 PM,1,PJM-RTO,,,ZONE,,19.190000,19.214102,0.016294,0.007808,True,1
9/14/2025 3:50:00 AM,9/13/2025 11:50:00 PM,1,PJM-RTO,,,ZONE,,19.280000,19.290172,0.000000,0.010172,True,1
9/14/2025 3:55:00 AM,9/13/2025 11:55:00 PM,1,PJM-RTO,,,ZONE,,20.220000,20.252308,0.018551,0.013757,True,1
9/14/2025 4:00:00 AM,9/14/2025 12:00:00 AM,1,PJM-RTO,,,ZONE,,20.850000,20.880816,0.018421,0.012394,True,1
9/14/2025 4:05:00 AM,9/14/2025 12:05:00 AM,1,PJM-RTO,,,ZONE,,19.990000,20.024308,0.017063,0.017245,True,1
9/14/2025 4:10:00 AM,9/14/2025 12:10:00 AM,1,PJM-RTO,,,ZONE,,16.870000,16.894130,0.010096,0.014034,True,1
9/14/2025 4:15:00 AM,9/14/2025 12:15:00 AM,1,PJM-RTO,,,ZONE,,19.420000,19.447510,0.015454,0.012056,True,1
9/14/2025 4:20:00 AM,9/14/2025 12:20:00 AM,1,PJM-RTO,,,ZONE,,20.480000,20.510940,0.018061,0.012879,True,1
9/14/2025 4:25:00 AM,9/14/2025 12:25:00 AM,1,PJM-RTO,,,ZONE,,21.090000,21.118645,0.019720,0.008924,True,1
9/14/2025 4:30:00 AM,9/14/2025 12:30:00 AM,1,PJM-RTO,,,ZONE,,24.520000,24.567726,0.028651,0.019076,True,1
9/14/2025 4:35:00 AM,9/14/2025 12:35:00 AM,1,PJM-RTO,,,ZONE,,22.060000,22.095240,0.021016,0.014224,True,1
9/14/2025 4:40:00 AM,9/14/2025 12:40:00 AM,1,PJM-RTO,,,ZONE,,21.580000,21.614335,0.023107,0.011229,True,1
9/14/2025 4:45:00 AM,9/14/2025 12:45:00 AM,1,PJM-RTO,,,ZONE,,19.810000,19.837894,0.017671,0.010222,True,1
9/14/2025 4:50:00 AM,9/14/2025 12:50:00 AM,1,PJM-RTO,,,ZONE,,20.670000,20.704189,0.018623,0.015565,True,1
9/14/2025 4:55:00 AM,9/14/2025 12:55:00 AM,1,PJM-RTO,,,ZONE,,29.370000,29.428544,0.035212,0.023332,True,1
9/14/2025 5:00:00 AM,9/14/2025 1:00:00 AM,1,PJM-RTO,,,ZONE,,22.340000,22.382447,0.023607,0.018840,True,1
9/14/2025 5:05:00 AM,9/14/2025 1:05:00 AM,1,PJM-RTO,,,ZONE,,21.430000,21.466274,0.024107,0.012166,True,1
9/14/2025 5:10:00 AM,9/14/2025 1:10:00 AM,1,PJM-RTO,,,ZONE,,26.380000,26.712282,0.312120,0.020162,True,1
9/14/2025 5:15:00 AM,9/14/2025 1:15:00 AM,1,PJM-RTO,,,ZONE,,23.610000,23.652885,0.027180,0.015706,True,1
9/14/2025 5:20:00 AM,9/14/2025 1:20:00 AM,1,PJM-RTO,,,ZONE,,21.550000,21.599003,0.030513,0.018490,True,1
9/14/2025 5:25:00 AM,9/14/2025 1:25:00 AM,1,PJM-RTO,,,ZONE,,21.060000,21.090038,0.021972,0.008066,True,1
9/14/2025 5:30:00 AM,9/14/2025 1:30:00 AM,1,PJM-RTO,,,ZONE,,21.990000,22.131287,0.126612,0.014675,True,1
9/14/2025 5:35:00 AM,9/14/2025 1:35:00 AM,1,PJM-RTO,,,ZONE,,19.850000,19.887556,0.019169,0.018386,True,1
9/14/2025 5:40:00 AM,9/14/2025 1:40:00 AM,1,PJM-RTO,,,ZONE,,17.720000,17.749427,0.013280,0.016147,True,1
9/14/2025 5:45:00 AM,9/14/2025 1:45:00 AM,1,PJM-RTO,,,ZONE,,16.840000,16.943913,0.096691,0.007222,True,1
9/14/2025 5:50:00 AM,9/14/2025 1:50:00 AM,1,PJM-RTO,,,ZONE,,16.840000,16.877724,0.028357,0.009366,True,1
9/14/2025 5:55:00 AM,9/14/2025 1:55:00 AM,1,PJM-RTO,,,ZONE,,18.050000,18.168422,0.112375,0.006046,True,1
9/14/2025 6:00:00 AM,9/14/2025 2:00:00 AM,1,PJM-RTO,,,ZONE,,17.330000,17.360365,0.014519,0.015846,True,1
9/14/2025 6:05:00 AM,9/14/2025 2:05:00 AM,1,PJM-RTO,,,ZONE,,18.700000,18.727040,0.016594,0.010447,True,1
9/14/2025 6:10:00 AM,9/14/2025 2:10:00 AM,1,PJM-RTO,,,ZONE,,16.810000,16.818701,0.000000,0.008701,True,1
9/14/2025 6:15:00 AM,9/14/2025 2:15:00 AM,1,PJM-RTO,,,ZONE,,21.280000,21.602017,0.304643,0.017374,True,1
9/14/2025 6:20:00 AM,9/14/2025 2:20:00 AM,1,PJM-RTO,,,ZONE,,17.600000,17.726192,0.112250,0.013941,True,1
9/14/2025 6:25:00 AM,9/14/2025 2:25:00 AM,1,PJM-RTO,,,ZONE,,21.120000,21.438271,0.299666,0.018605,True,1
9/14/2025 6:30:00 AM,9/14/2025 2:30:00 AM,1,PJM-RTO,,,ZONE,,18.500000,18.538219,0.020739,0.017479,True,1
9/14/2025 6:35:00 AM,9/14/2025 2:35:00 AM,1,PJM-RTO,,,ZONE,,18.010000,18.092004,0.069629,0.012375,True,1
9/14/2025 6:40:00 AM,9/14/2025 2:40:00 AM,1,PJM-RTO,,,ZONE,,16.310000,16.422427,0.101737,0.010690,True,1
9/14/2025 6:45:00 AM,9/14/2025 2:45:00 AM,1,PJM-RTO,,,ZONE,,16.960000,17.087138,0.110959,0.016179,True,1
9/14/2025 6:50:00 AM,9/14/2025 2:50:00 AM,1,PJM-RTO,,,ZONE,,16.950000,17.083254,0.126254,0.007000,True,1
9/14/2025 6:55:00 AM,9/14/2025 2:55:00 AM,1,PJM-RTO,,,ZONE,,16.950000,17.083254,0.126254,0.007000,True,1
9/14/2025 7:00:00 AM,9/14/2025 3:00:00 AM,1,PJM-RTO,,,ZONE,,15.600000,15.751589,0.137048,0.014541,True,1
9/14/2025 7:05:00 AM,9/14/2025 3:05:00 AM,1,PJM-RTO,,,ZONE,,16.630000,16.748233,0.105815,0.012419,True,1
9/14/2025 7:10:00 AM,9/14/2025 3:10:00 AM,1,PJM-RTO,,,ZONE,,19.450000,19.779019,0.319829,0.009190,True,1
9/14/2025 7:15:00 AM,9/14/2025 3:15:00 AM,1,PJM-RTO,,,ZONE,,16.610000,16.730749,0.112723,0.008026,True,1
9/14/2025 7:20:00 AM,9/14/2025 3:20:00 AM,1,PJM-RTO,,,ZONE,,18.090000,18.254486,0.156570,0.007916,True,1
9/14/2025 7:25:00 AM,9/14/2025 3:25:00 AM,1,PJM-RTO,,,ZONE,,16.040000,16.063973,0.011363,0.012610,True,1
9/14/2025 7:30:00 AM,9/14/2025 3:30:00 AM,1,PJM-RTO,,,ZONE,,17.250000,17.405042,0.146015,0.009028,True,1
9/14/2025 7:35:00 AM,9/14/2025 3:35:00 AM,1,PJM-RTO,,,ZONE,,15.620000,15.726380,0.094535,0.011845,True,1
9/14/2025 7:40:00 AM,9/14/2025 3:40:00 AM,1,PJM-RTO,,,ZONE,,15.930000,16.088168,0.149376,0.008792,True,1
9/14/2025 7:45:00 AM,9/14/2025 3:45:00 AM,1,PJM-RTO,,,ZONE,,14.950000,14.976483,0.019291,0.007192,True,1
9/14/2025 7:50:00 AM,9/14/2025 3:50:00 AM,1,PJM-RTO,,,ZONE,,15.440000,15.549778,0.101115,0.008664,True,1
9/14/2025 7:55:00 AM,9/14/2025 3:55:00 AM,1,PJM-RTO,,,ZONE,,15.230000,15.328953,0.090346,0.008608,True,1
9/14/2025 8:00:00 AM,9/14/2025 4:00:00 AM,1,PJM-RTO,,,ZONE,,15.600000,15.714010,0.098337,0.015673,True,1
9/14/2025 8:05:00 AM,9/14/2025 4:05:00 AM,1,PJM-RTO,,,ZONE,,15.200000,15.228877,0.017239,0.011638,True,1
9/14/2025 8:10:00 AM,9/14/2025 4:10:00 AM,1,PJM-RTO,,,ZONE,,15.030000,15.114564,0.077480,0.007084,True,1
9/14/2025 8:15:00 AM,9/14/2025 4:15:00 AM,1,PJM-RTO,,,ZONE,,15.650000,15.747918,0.092295,0.005623,True,1
9/14/2025 8:20:00 AM,9/14/2025 4:20:00 AM,1,PJM-RTO,,,ZONE,,15.600000,15.699127,0.088815,0.010312,True,1
9/14/2025 8:25:00 AM,9/14/2025 4:25:00 AM,1,PJM-RTO,,,ZONE,,15.790000,15.901354,0.103392,0.007962,True,1
9/14/2025 8:30:00 AM,9/14/2025 4:30:00 AM,1,PJM-RTO,,,ZONE,,15.580000,15.608664,0.018899,0.009765,True,1
9/14/2025 8:35:00 AM,9/14/2025 4:35:00 AM,1,PJM-RTO,,,ZONE,,15.620000,15.729230,0.095553,0.013677,True,1
9/14/2025 8:40:00 AM,9/14/2025 4:40:00 AM,1,PJM-RTO,,,ZONE,,16.000000,16.078740,0.064380,0.014360,True,1
9/14/2025 8:45:00 AM,9/14/2025 4:45:00 AM,1,PJM-RTO,,,ZONE,,16.000000,16.069743,0.054511,0.015232,True,1
9/14/2025 8:50:00 AM,9/14/2025 4:50:00 AM,1,PJM-RTO,,,ZONE,,15.910000,16.013961,0.097820,0.006142,True,1
9/14/2025 8:55:00 AM,9/14/2025 4:55:00 AM,1,PJM-RTO,,,ZONE,,15.670000,15.791271,0.106803,0.014468,True,1
9/14/2025 9:00:00 AM,9/14/2025 5:00:00 AM,1,PJM-RTO,,,ZONE,,15.660000,15.758594,0.090759,0.007835,True,1
9/14/2025 9:05:00 AM,9/14/2025 5:05:00 AM,1,PJM-RTO,,,ZONE,,15.650000,15.744870,0.089398,0.005472,True,1
9/14/2025 9:10:00 AM,9/14/2025 5:10:00 AM,1,PJM-RTO,,,ZONE,,14.700000,14.715451,0.008372,0.007080,True,1
9/14/2025 9:15:00 AM,9/14/2025 5:15:00 AM,1,PJM-RTO,,,ZONE,,15.420000,15.508272,0.081175,0.007098,True,1
9/14/2025 9:20:00 AM,9/14/2025 5:20:00 AM,1,PJM-RTO,,,ZONE,,16.730000,16.758536,0.012485,0.016051,True,1
9/14/2025 9:25:00 AM,9/14/2025 5:25:00 AM,1,PJM-RTO,,,ZONE,,15.520000,15.545302,0.010239,0.015064,True,1
9/14/2025 9:30:00 AM,9/14/2025 5:30:00 AM,1,PJM-RTO,,,ZONE,,16.020000,16.045754,0.010575,0.015179,True,1
9/14/2025 9:35:00 AM,9/14/2025 5:35:00 AM,1,PJM-RTO,,,ZONE,,15.090000,15.109403,0.008599,0.010804,True,1
9/14/2025 9:40:00 AM,9/14/2025 5:40:00 AM,1,PJM-RTO,,,ZONE,,15.310000,15.328164,0.009106,0.009059,True,1
9/14/2025 9:45:00 AM,9/14/2025 5:45:00 AM,1,PJM-RTO,,,ZONE,,15.820000,15.836651,0.011066,0.005585,True,1
9/14/2025 9:50:00 AM,9/14/2025 5:50:00 AM,1,PJM-RTO,,,ZONE,,15.730000,15.746932,0.010093,0.006839,True,1
9/14/2025 9:55:00 AM,9/14/2025 5:55:00 AM,1,PJM-RTO,,,ZONE,,19.690000,19.728713,0.020712,0.018001,True,1
9/14/2025 10:00:00 AM,9/14/2025 6:00:00 AM,1,PJM-RTO,,,ZONE,,18.340000,18.368482,0.015479,0.013002,True,1
9/14/2025 10:05:00 AM,9/14/2025 6:05:00 AM,1,PJM-RTO,,,ZONE,,19.260000,19.295053,0.016889,0.018164,True,1
9/14/2025 10:10:00 AM,9/14/2025 6:10:00 AM,1,PJM-RTO,,,ZONE,,21.060000,21.094379,0.020724,0.013655,True,1
9/14/2025 10:15:00 AM,9/14/2025 6:15:00 AM,1,PJM-RTO,,,ZONE,,20.380000,20.527116,0.132277,0.014839,True,1
9/14/2025 10:20:00 AM,9/14/2025 6:20:00 AM,1,PJM-RTO,,,ZONE,,19.880000,19.913823,0.019986,0.013837,True,1
9/14/2025 10:25:00 AM,9/14/2025 6:25:00 AM,1,PJM-RTO,,,ZONE,,19.280000,19.319462,0.022680,0.016782,True,1
9/14/2025 10:30:00 AM,9/14/2025 6:30:00 AM,1,PJM-RTO,,,ZONE,,19.450000,19.482251,0.019479,0.012771,True,1
9/14/2025 10:35:00 AM,9/14/2025 6:35:00 AM,1,PJM-RTO,,,ZONE,,17.980000,18.013096,0.021690,0.011406,True,1
9/14/2025 10:40:00 AM,9/14/2025 6:40:00 AM,1,PJM-RTO,,,ZONE,,18.240000,18.263585,0.016440,0.007145,True,1
9/14/2025 10:45:00 AM,9/14/2025 6:45:00 AM,1,PJM-RTO,,,ZONE,,18.520000,18.546492,0.017510,0.008982,True,1
9/14/2025 10:50:00 AM,9/14/2025 6:50:00 AM,1,PJM-RTO,,,ZONE,,18.480000,18.506023,0.016555,0.009467,True,1
9/14/2025 10:55:00 AM,9/14/2025 6:55:00 AM,1,PJM-RTO,,,ZONE,,18.300000,18.325119,0.015200,0.009919,True,1
9/14/2025 11:00:00 AM,9/14/2025 7:00:00 AM,1,PJM-RTO,,,ZONE,,18.840000,18.953358,0.105248,0.008110,True,1
9/14/2025 11:05:00 AM,9/14/2025 7:05:00 AM,1,PJM-RTO,,,ZONE,,18.960000,19.004828,0.030769,0.014059,True,1
9/14/2025 11:10:00 AM,9/14/2025 7:10:00 AM,1,PJM-RTO,,,ZONE,,20.290000,20.461090,0.162226,0.008864,True,1
9/14/2025 11:15:00 AM,9/14/2025 7:15:00 AM,1,PJM-RTO,,,ZONE,,20.210000,20.242689,0.019325,0.013364,True,1
9/14/2025 11:20:00 AM,9/14/2025 7:20:00 AM,1,PJM-RTO,,,ZONE,,17.680000,17.708172,0.014415,0.013757,True,1
9/14/2025 11:25:00 AM,9/14/2025 7:25:00 AM,1,PJM-RTO,,,ZONE,,17.420000,17.449641,0.013132,0.016509,True,1
9/14/2025 11:30:00 AM,9/14/2025 7:30:00 AM,1,PJM-RTO,,,ZONE,,17.730000,17.758864,0.014325,0.014539,True,1
9/14/2025 11:35:00 AM,9/14/2025 7:35:00 AM,1,PJM-RTO,,,ZONE,,19.050000,19.082787,0.017205,0.015582,True,1
9/14/2025 11:40:00 AM,9/14/2025 7:40:00 AM,1,PJM-RTO,,,ZONE,,15.810000,15.827614,0.010351,0.007263,True,1
9/14/2025 11:45:00 AM,9/14/2025 7:45:00 AM,1,PJM-RTO,,,ZONE,,16.800000,16.825196,0.012533,0.012663,True,1
9/14/2025 11:50:00 AM,9/14/2025 7:50:00 AM,1,PJM-RTO,,,ZONE,,16.920000,16.941618,0.012899,0.008719,True,1
9/14/2025 11:55:00 AM,9/14/2025 7:55:00 AM,1,PJM-RTO,,,ZONE,,18.590000,18.732716,0.132629,0.010087,True,1
9/14/2025 12:00:00 PM,9/14/2025 8:00:00 AM,1,PJM-RTO,,,ZONE,,19.450000,19.466285,0.000000,0.016285,True,1
9/14/2025 12:05:00 PM,9/14/2025 8:05:00 AM,1,PJM-RTO,,,ZONE,,18.510000,18.539847,0.013941,0.015907,True,1
9/14/2025 12:10:00 PM,9/14/2025 8:10:00 AM,1,PJM-RTO,,,ZONE,,18.490000,18.514254,0.013338,0.010916,True,1
9/14/2025 12:15:00 PM,9/14/2025 8:15:00 AM,1,PJM-RTO,,,ZONE,,18.750000,18.772533,0.014892,0.007641,True,1
9/14/2025 12:20:00 PM,9/14/2025 8:20:00 AM,1,PJM-RTO,,,ZONE,,16.390000,16.408532,0.010373,0.008158,True,1
9/14/2025 12:25:00 PM,9/14/2025 8:25:00 AM,1,PJM-RTO,,,ZONE,,17.810000,17.907992,0.087355,0.010636,True,1
9/14/2025 12:30:00 PM,9/14/2025 8:30:00 AM,1,PJM-RTO,,,ZONE,,17.240000,17.325656,0.076725,0.008930,True,1
9/14/2025 12:35:00 PM,9/14/2025 8:35:00 AM,1,PJM-RTO,,,ZONE,,17.130000,17.237003,0.100538,0.006465,True,1
9/14/2025 12:40:00 PM,9/14/2025 8:40:00 AM,1,PJM-RTO,,,ZONE,,15.750000,15.858144,0.094310,0.013834,True,1
9/14/2025 12:45:00 PM,9/14/2025 8:45:00 AM,1,PJM-RTO,,,ZONE,,18.350000,18.378345,0.016903,0.011441,True,1
9/14/2025 12:50:00 PM,9/14/2025 8:50:00 AM,1,PJM-RTO,,,ZONE,,18.590000,18.613479,0.016866,0.006613,True,1
9/14/2025 12:55:00 PM,9/14/2025 8:55:00 AM,1,PJM-RTO,,,ZONE,,18.070000,18.097898,0.015804,0.012094,True,1
9/14/2025 1:00:00 PM,9/14/2025 9:00:00 AM,1,PJM-RTO,,,ZONE,,15.740000,15.828545,0.079394,0.009151,True,1
9/14/2025 1:05:00 PM,9/14/2025 9:05:00 AM,1,PJM-RTO,,,ZONE,,16.910000,16.941891,0.017813,0.014079,True,1
9/14/2025 1:10:00 PM,9/14/2025 9:10:00 AM,1,PJM-RTO,,,ZONE,,15.820000,15.877536,0.047586,0.009950,True,1
9/14/2025 1:15:00 PM,9/14/2025 9:15:00 AM,1,PJM-RTO,,,ZONE,,17.470000,17.495152,0.013343,0.011810,True,1
9/14/2025 1:20:00 PM,9/14/2025 9:20:00 AM,1,PJM-RTO,,,ZONE,,15.560000,15.576115,0.009025,0.007090,True,1
9/14/2025 1:25:00 PM,9/14/2025 9:25:00 AM,1,PJM-RTO,,,ZONE,,16.610000,16.630141,0.011024,0.009116,True,1
9/14/2025 1:30:00 PM,9/14/2025 9:30:00 AM,1,PJM-RTO,,,ZONE,,16.570000,16.587549,0.010690,0.006859,True,1
9/14/2025 1:35:00 PM,9/14/2025 9:35:00 AM,1,PJM-RTO,,,ZONE,,17.610000,17.637454,0.012494,0.014961,True,1
9/14/2025 1:40:00 PM,9/14/2025 9:40:00 AM,1,PJM-RTO,,,ZONE,,16.540000,16.564522,0.011210,0.013312,True,1
9/14/2025 1:45:00 PM,9/14/2025 9:45:00 AM,1,PJM-RTO,,,ZONE,,16.090000,16.109208,0.010334,0.008874,True,1
9/14/2025 1:50:00 PM,9/14/2025 9:50:00 AM,1,PJM-RTO,,,ZONE,,16.540000,16.562635,0.011070,0.011565,True,1
9/14/2025 1:55:00 PM,9/14/2025 9:55:00 AM,1,PJM-RTO,,,ZONE,,16.510000,16.534863,0.010837,0.014025,True,1
9/14/2025 2:00:00 PM,9/14/2025 10:00:00 AM,1,PJM-RTO,,,ZONE,,16.930000,16.953100,0.011330,0.011769,True,1
9/14/2025 2:05:00 PM,9/14/2025 10:05:00 AM,1,PJM-RTO,,,ZONE,,18.580000,18.601855,0.012823,0.009032,True,1
9/14/2025 2:10:00 PM,9/14/2025 10:10:00 AM,1,PJM-RTO,,,ZONE,,18.650000,18.670978,0.012815,0.008162,True,1
9/14/2025 2:15:00 PM,9/14/2025 10:15:00 AM,1,PJM-RTO,,,ZONE,,18.610000,18.639395,0.014320,0.015075,True,1
9/14/2025 2:20:00 PM,9/14/2025 10:20:00 AM,1,PJM-RTO,,,ZONE,,19.570000,19.609230,0.031255,0.007974,True,1
9/14/2025 2:25:00 PM,9/14/2025 10:25:00 AM,1,PJM-RTO,,,ZONE,,19.160000,19.198250,0.031278,0.006973,True,1
9/14/2025 2:30:00 PM,9/14/2025 10:30:00 AM,1,PJM-RTO,,,ZONE,,23.370000,23.449424,0.071154,0.008270,True,1
9/14/2025 2:35:00 PM,9/14/2025 10:35:00 AM,1,PJM-RTO,,,ZONE,,19.310000,19.360496,0.036972,0.013524,True,1
9/14/2025 2:40:00 PM,9/14/2025 10:40:00 AM,1,PJM-RTO,,,ZONE,,19.640000,19.729462,0.076129,0.013333,True,1
9/14/2025 2:45:00 PM,9/14/2025 10:45:00 AM,1,PJM-RTO,,,ZONE,,20.890000,20.977600,0.079989,0.007611,True,1
9/14/2025 2:50:00 PM,9/14/2025 10:50:00 AM,1,PJM-RTO,,,ZONE,,22.000000,22.043032,0.029252,0.013780,True,1
9/14/2025 2:55:00 PM,9/14/2025 10:55:00 AM,1,PJM-RTO,,,ZONE,,19.990000,20.043155,0.040367,0.012788,True,1
9/14/2025 3:00:00 PM,9/14/2025 11:00:00 AM,1,PJM-RTO,,,ZONE,,21.850000,21.860092,0.001556,0.008536,True,1
9/14/2025 3:05:00 PM,9/14/2025 11:05:00 AM,1,PJM-RTO,,,ZONE,,18.540000,18.552446,0.004971,0.007475,True,1
9/14/2025 3:10:00 PM,9/14/2025 11:10:00 AM,1,PJM-RTO,,,ZONE,,19.380000,19.394802,0.006991,0.007810,True,1
9/14/2025 3:15:00 PM,9/14/2025 11:15:00 AM,1,PJM-RTO,,,ZONE,,19.370000,19.405147,0.022718,0.012429,True,1
9/14/2025 3:20:00 PM,9/14/2025 11:20:00 AM,1,PJM-RTO,,,ZONE,,20.240000,20.265514,0.012863,0.012651,True,1
9/14/2025 3:25:00 PM,9/14/2025 11:25:00 AM,1,PJM-RTO,,,ZONE,,22.880000,22.910362,0.017383,0.012980,True,1
9/14/2025 3:30:00 PM,9/14/2025 11:30:00 AM,1,PJM-RTO,,,ZONE,,20.910000,20.937793,0.018869,0.008925,True,1
9/14/2025 3:35:00 PM,9/14/2025 11:35:00 AM,1,PJM-RTO,,,ZONE,,23.880000,23.916576,0.019521,0.017055,True,1
9/14/2025 3:40:00 PM,9/14/2025 11:40:00 AM,1,PJM-RTO,,,ZONE,,22.180000,22.208684,0.015814,0.012869,True,1
9/14/2025 3:45:00 PM,9/14/2025 11:45:00 AM,1,PJM-RTO,,,ZONE,,22.810000,22.855550,0.032554,0.012996,True,1
9/14/2025 3:50:00 PM,9/14/2025 11:50:00 AM,1,PJM-RTO,,,ZONE,,27.010000,27.049725,0.019685,0.020039,True,1
9/14/2025 3:55:00 PM,9/14/2025 11:55:00 AM,1,PJM-RTO,,,ZONE,,25.870000,25.903895,0.019081,0.014814,True,1
9/14/2025 4:00:00 PM,9/14/2025 12:00:00 PM,1,PJM-RTO,,,ZONE,,28.230000,28.294769,0.052433,0.012336,True,1
9/14/2025 4:05:00 PM,9/14/2025 12:05:00 PM,1,PJM-RTO,,,ZONE,,26.810000,26.848188,0.026081,0.012106,True,1
9/14/2025 4:10:00 PM,9/14/2025 12:10:00 PM,1,PJM-RTO,,,ZONE,,26.040000,26.083547,0.025762,0.017785,True,1
9/14/2025 4:15:00 PM,9/14/2025 12:15:00 PM,1,PJM-RTO,,,ZONE,,26.820000,26.856276,0.021762,0.014513,True,1
9/14/2025 4:20:00 PM,9/14/2025 12:20:00 PM,1,PJM-RTO,,,ZONE,,28.670000,28.710935,0.023046,0.017889,True,1
9/14/2025 4:25:00 PM,9/14/2025 12:25:00 PM,1,PJM-RTO,,,ZONE,,41.880000,41.976589,0.070500,0.026089,True,1
9/14/2025 4:30:00 PM,9/14/2025 12:30:00 PM,1,PJM-RTO,,,ZONE,,1090.900000,1093.537060,1.970940,0.666120,True,1
9/14/2025 4:35:00 PM,9/14/2025 12:35:00 PM,1,PJM-RTO,,,ZONE,,40.630000,40.721537,0.067469,0.024068,True,1
9/14/2025 4:40:00 PM,9/14/2025 12:40:00 PM,1,PJM-RTO,,,ZONE,,29.650000,29.696992,0.025778,0.021214,True,1
9/14/2025 4:45:00 PM,9/14/2025 12:45:00 PM,1,PJM-RTO,,,ZONE,,25.450000,25.482785,0.022364,0.010420,True,1
9/14/2025 4:50:00 PM,9/14/2025 12:50:00 PM,1,PJM-RTO,,,ZONE,,62.950000,63.138987,0.156295,0.032692,True,1
9/14/2025 4:55:00 PM,9/14/2025 12:55:00 PM,1,PJM-RTO,,,ZONE,,27.490000,27.529963,0.022154,0.017809,True,1
9/14/2025 5:00:00 PM,9/14/2025 1:00:00 PM,1,PJM-RTO,,,ZONE,,25.820000,25.862784,0.030147,0.012637,True,1
9/14/2025 5:05:00 PM,9/14/2025 1:05:00 PM,1,PJM-RTO,,,ZONE,,26.510000,26.534944,0.011180,0.013763,True,1
9/14/2025 5:10:00 PM,9/14/2025 1:10:00 PM,1,PJM-RTO,,,ZONE,,25.910000,25.937163,0.013592,0.013570,True,1
9/14/2025 5:15:00 PM,9/14/2025 1:15:00 PM,1,PJM-RTO,,,ZONE,,25.820000,25.849941,0.012280,0.017660,True,1
9/14/2025 5:20:00 PM,9/14/2025 1:20:00 PM,1,PJM-RTO,,,ZONE,,25.350000,25.396382,0.030230,0.016152,True,1
9/14/2025 5:25:00 PM,9/14/2025 1:25:00 PM,1,PJM-RTO,,,ZONE,,25.440000,25.474915,0.017746,0.017169,True,1
9/14/2025 5:30:00 PM,9/14/2025 1:30:00 PM,1,PJM-RTO,,,ZONE,,26.270000,26.288332,0.002271,0.016062,True,1
9/14/2025 5:35:00 PM,9/14/2025 1:35:00 PM,1,PJM-RTO,,,ZONE,,32.850000,32.894353,0.025599,0.018753,True,1
9/14/2025 5:40:00 PM,9/14/2025 1:40:00 PM,1,PJM-RTO,,,ZONE,,27.300000,27.318378,0.002582,0.015797,True,1
9/14/2025 5:45:00 PM,9/14/2025 1:45:00 PM,1,PJM-RTO,,,ZONE,,28.630000,28.657118,0.006753,0.020365,True,1
9/14/2025 5:50:00 PM,9/14/2025 1:50:00 PM,1,PJM-RTO,,,ZONE,,37.180000,37.202228,0.000000,0.022228,True,1
9/14/2025 5:55:00 PM,9/14/2025 1:55:00 PM,1,PJM-RTO,,,ZONE,,40.520000,40.585232,0.042483,0.022750,True,1
9/14/2025 6:00:00 PM,9/14/2025 2:00:00 PM,1,PJM-RTO,,,ZONE,,31.460000,31.499040,0.016361,0.022679,True,1
9/14/2025 6:05:00 PM,9/14/2025 2:05:00 PM,1,PJM-RTO,,,ZONE,,43.330000,43.464032,0.110745,0.023287,True,1
9/14/2025 6:10:00 PM,9/14/2025 2:10:00 PM,1,PJM-RTO,,,ZONE,,36.870000,36.963976,0.075397,0.018579,True,1
9/14/2025 6:15:00 PM,9/14/2025 2:15:00 PM,1,PJM-RTO,,,ZONE,,41.760000,41.841720,0.059242,0.022479,True,1
9/14/2025 6:20:00 PM,9/14/2025 2:20:00 PM,1,PJM-RTO,,,ZONE,,32.740000,32.795045,0.035527,0.019518,True,1
9/14/2025 6:25:00 PM,9/14/2025 2:25:00 PM,1,PJM-RTO,,,ZONE,,47.280000,47.390169,0.083866,0.026302,True,1
9/14/2025 6:30:00 PM,9/14/2025 2:30:00 PM,1,PJM-RTO,,,ZONE,,44.950000,45.046363,0.069786,0.026577,True,1
9/14/2025 6:35:00 PM,9/14/2025 2:35:00 PM,1,PJM-RTO,,,ZONE,,31.730000,31.791805,0.045299,0.016506,True,1
9/14/2025 6:40:00 PM,9/14/2025 2:40:00 PM,1,PJM-RTO,,,ZONE,,33.010000,33.066338,0.036717,0.019621,True,1
9/14/2025 6:45:00 PM,9/14/2025 2:45:00 PM,1,PJM-RTO,,,ZONE,,32.630000,32.683116,0.039273,0.013843,True,1
9/14/2025 6:50:00 PM,9/14/2025 2:50:00 PM,1,PJM-RTO,,,ZONE,,44.470000,44.604282,0.108493,0.025789,True,1
9/14/2025 6:55:00 PM,9/14/2025 2:55:00 PM,1,PJM-RTO,,,ZONE,,47.110000,47.261901,0.120985,0.030916,True,1
9/14/2025 7:00:00 PM,9/14/2025 3:00:00 PM,1,PJM-RTO,,,ZONE,,44.770000,44.839436,0.048451,0.020986,True,1
9/14/2025 7:05:00 PM,9/14/2025 3:05:00 PM,1,PJM-RTO,,,ZONE,,47.590000,47.679486,0.065841,0.023645,True,1
9/14/2025 7:10:00 PM,9/14/2025 3:10:00 PM,1,PJM-RTO,,,ZONE,,46.240000,46.335118,0.065773,0.029346,True,1
9/14/2025 7:15:00 PM,9/14/2025 3:15:00 PM,1,PJM-RTO,,,ZONE,,41.370000,41.442961,0.052697,0.020264,True,1
9/14/2025 7:20:00 PM,9/14/2025 3:20:00 PM,1,PJM-RTO,,,ZONE,,37.230000,37.299644,0.046093,0.023551,True,1
9/14/2025 7:25:00 PM,9/14/2025 3:25:00 PM,1,PJM-RTO,,,ZONE,,38.360000,38.426991,0.049653,0.017338,True,1
9/14/2025 7:30:00 PM,9/14/2025 3:30:00 PM,1,PJM-RTO,,,ZONE,,30.700000,30.738706,0.024755,0.013950,True,1
9/14/2025 7:35:00 PM,9/14/2025 3:35:00 PM,1,PJM-RTO,,,ZONE,,36.530000,36.605416,0.053410,0.022006,True,1
9/14/2025 7:40:00 PM,9/14/2025 3:40:00 PM,1,PJM-RTO,,,ZONE,,28.580000,28.598212,0.003518,0.014694,True,1
9/14/2025 7:45:00 PM,9/14/2025 3:45:00 PM,1,PJM-RTO,,,ZONE,,33.150000,33.184604,0.012909,0.021695,True,1
9/14/2025 7:50:00 PM,9/14/2025 3:50:00 PM,1,PJM-RTO,,,ZONE,,32.740000,32.795351,0.034138,0.021213,True,1
9/14/2025 7:55:00 PM,9/14/2025 3:55:00 PM,1,PJM-RTO,,,ZONE,,36.320000,36.508740,0.169610,0.019131,True,1
9/14/2025 8:00:00 PM,9/14/2025 4:00:00 PM,1,PJM-RTO,,,ZONE,,33.340000,33.371206,0.012241,0.018966,True,1
9/14/2025 8:05:00 PM,9/14/2025 4:05:00 PM,1,PJM-RTO,,,ZONE,,30.470000,30.483944,0.000000,0.013944,True,1
9/14/2025 8:10:00 PM,9/14/2025 4:10:00 PM,1,PJM-RTO,,,ZONE,,29.290000,29.302458,0.000000,0.012458,True,1
9/14/2025 8:15:00 PM,9/14/2025 4:15:00 PM,1,PJM-RTO,,,ZONE,,35.290000,35.320980,0.015912,0.015068,True,1
9/14/2025 8:20:00 PM,9/14/2025 4:20:00 PM,1,PJM-RTO,,,ZONE,,33.240000,33.262088,0.006035,0.016053,True,1
9/14/2025 8:25:00 PM,9/14/2025 4:25:00 PM,1,PJM-RTO,,,ZONE,,34.010000,34.046556,0.017885,0.018670,True,1
9/14/2025 8:30:00 PM,9/14/2025 4:30:00 PM,1,PJM-RTO,,,ZONE,,37.740000,37.785674,0.021337,0.024337,True,1
9/14/2025 8:35:00 PM,9/14/2025 4:35:00 PM,1,PJM-RTO,,,ZONE,,35.420000,35.460623,0.018264,0.022359,True,1
9/14/2025 8:40:00 PM,9/14/2025 4:40:00 PM,1,PJM-RTO,,,ZONE,,37.970000,38.010736,0.022783,0.017953,True,1
9/14/2025 8:45:00 PM,9/14/2025 4:45:00 PM,1,PJM-RTO,,,ZONE,,34.670000,34.714060,0.029536,0.014524,True,1
9/14/2025 8:50:00 PM,9/14/2025 4:50:00 PM,1,PJM-RTO,,,ZONE,,38.590000,38.641262,0.031494,0.019768,True,1
9/14/2025 8:55:00 PM,9/14/2025 4:55:00 PM,1,PJM-RTO,,,ZONE,,48.000000,48.073389,0.038642,0.034747,True,1
9/14/2025 9:00:00 PM,9/14/2025 5:00:00 PM,1,PJM-RTO,,,ZONE,,33.750000,33.779877,0.014526,0.015351,True,1
9/14/2025 9:05:00 PM,9/14/2025 5:05:00 PM,1,PJM-RTO,,,ZONE,,35.390000,35.433448,0.027319,0.016130,True,1
9/14/2025 9:10:00 PM,9/14/2025 5:10:00 PM,1,PJM-RTO,,,ZONE,,36.300000,36.342116,0.019983,0.022134,True,1
9/14/2025 9:15:00 PM,9/14/2025 5:15:00 PM,1,PJM-RTO,,,ZONE,,36.200000,36.231605,0.013784,0.017821,True,1
9/14/2025 9:20:00 PM,9/14/2025 5:20:00 PM,1,PJM-RTO,,,ZONE,,35.880000,35.936318,0.035176,0.021142,True,1
9/14/2025 9:25:00 PM,9/14/2025 5:25:00 PM,1,PJM-RTO,,,ZONE,,38.610000,38.686099,0.051584,0.024516,True,1
9/14/2025 9:30:00 PM,9/14/2025 5:30:00 PM,1,PJM-RTO,,,ZONE,,37.020000,37.082502,0.040231,0.022271,True,1
9/14/2025 9:35:00 PM,9/14/2025 5:35:00 PM,1,PJM-RTO,,,ZONE,,37.860000,37.917081,0.040908,0.016172,True,1
9/14/2025 9:40:00 PM,9/14/2025 5:40:00 PM,1,PJM-RTO,,,ZONE,,38.940000,38.996699,0.038993,0.017706,True,1
9/14/2025 9:45:00 PM,9/14/2025 5:45:00 PM,1,PJM-RTO,,,ZONE,,53.990000,54.084710,0.063233,0.031476,True,1
9/14/2025 9:50:00 PM,9/14/2025 5:50:00 PM,1,PJM-RTO,,,ZONE,,47.130000,47.206890,0.050322,0.026568,True,1
9/14/2025 9:55:00 PM,9/14/2025 5:55:00 PM,1,PJM-RTO,,,ZONE,,51.860000,51.951033,0.063492,0.027542,True,1
9/14/2025 10:00:00 PM,9/14/2025 6:00:00 PM,1,PJM-RTO,,,ZONE,,46.120000,46.193711,0.053237,0.020475,True,1
9/14/2025 10:05:00 PM,9/14/2025 6:05:00 PM,1,PJM-RTO,,,ZONE,,52.100000,52.192619,0.063172,0.029446,True,1
9/14/2025 10:10:00 PM,9/14/2025 6:10:00 PM,1,PJM-RTO,,,ZONE,,52.520000,52.612820,0.070519,0.022301,True,1
9/14/2025 10:15:00 PM,9/14/2025 6:15:00 PM,1,PJM-RTO,,,ZONE,,39.900000,39.947456,0.027595,0.019861,True,1
9/14/2025 10:20:00 PM,9/14/2025 6:20:00 PM,1,PJM-RTO,,,ZONE,,51.460000,51.527746,0.039650,0.028097,True,1
9/14/2025 10:25:00 PM,9/14/2025 6:25:00 PM,1,PJM-RTO,,,ZONE,,52.300000,52.376983,0.045128,0.031855,True,1
9/14/2025 10:30:00 PM,9/14/2025 6:30:00 PM,1,PJM-RTO,,,ZONE,,49.850000,49.915697,0.037295,0.028402,True,1
9/14/2025 10:35:00 PM,9/14/2025 6:35:00 PM,1,PJM-RTO,,,ZONE,,54.560000,54.656823,0.060888,0.035935,True,1
9/14/2025 10:40:00 PM,9/14/2025 6:40:00 PM,1,PJM-RTO,,,ZONE,,56.760000,56.859741,0.061342,0.038399,True,1
9/14/2025 10:45:00 PM,9/14/2025 6:45:00 PM,1,PJM-RTO,,,ZONE,,55.520000,55.614276,0.059950,0.034326,True,1
9/14/2025 10:50:00 PM,9/14/2025 6:50:00 PM,1,PJM-RTO,,,ZONE,,54.570000,54.663541,0.056496,0.037045,True,1
9/14/2025 10:55:00 PM,9/14/2025 6:55:00 PM,1,PJM-RTO,,,ZONE,,56.620000,56.717542,0.056566,0.040976,True,1
9/14/2025 11:00:00 PM,9/14/2025 7:00:00 PM,1,PJM-RTO,,,ZONE,,55.970000,56.075711,0.072220,0.033491,True,1
9/14/2025 11:05:00 PM,9/14/2025 7:05:00 PM,1,PJM-RTO,,,ZONE,,51.810000,51.889210,0.054699,0.024511,True,1
9/14/2025 11:10:00 PM,9/14/2025 7:10:00 PM,1,PJM-RTO,,,ZONE,,52.350000,52.435418,0.059910,0.025508,True,1
9/14/2025 11:15:00 PM,9/14/2025 7:15:00 PM,1,PJM-RTO,,,ZONE,,47.310000,47.373852,0.037146,0.026706,True,1
9/14/2025 11:20:00 PM,9/14/2025 7:20:00 PM,1,PJM-RTO,,,ZONE,,45.510000,45.565329,0.034728,0.020601,True,1
9/14/2025 11:25:00 PM,9/14/2025 7:25:00 PM,1,PJM-RTO,,,ZONE,,53.260000,53.340744,0.052345,0.028399,True,1
9/14/2025 11:30:00 PM,9/14/2025 7:30:00 PM,1,PJM-RTO,,,ZONE,,49.570000,49.659410,0.059022,0.030388,True,1
9/14/2025 11:35:00 PM,9/14/2025 7:35:00 PM,1,PJM-RTO,,,ZONE,,50.430000,50.513091,0.057544,0.025547,True,1
9/14/2025 11:40:00 PM,9/14/2025 7:40:00 PM,1,PJM-RTO,,,ZONE,,51.120000,51.210250,0.059075,0.031174,True,1
9/14/2025 11:45:00 PM,9/14/2025 7:45:00 PM,1,PJM-RTO,,,ZONE,,45.200000,45.267214,0.040572,0.026642,True,1
9/14/2025 11:50:00 PM,9/14/2025 7:50:00 PM,1,PJM-RTO,,,ZONE,,43.380000,43.443954,0.038150,0.025804,True,1
9/14/2025 11:55:00 PM,9/14/2025 7:55:00 PM,1,PJM-RTO,,,ZONE,,49.900000,49.994445,0.063676,0.030769,True,1
9/15/2025 12:00:00 AM,9/14/2025 8:00:00 PM,1,PJM-RTO,,,ZONE,,45.260000,45.328942,0.040724,0.028218,True,1
9/15/2025 12:05:00 AM,9/14/2025 8:05:00 PM,1,PJM-RTO,,,ZONE,,41.280000,41.342486,0.045200,0.017286,True,1
9/15/2025 12:10:00 AM,9/14/2025 8:10:00 PM,1,PJM-RTO,,,ZONE,,34.280000,34.329507,0.028958,0.020549,True,1
9/15/2025 12:15:00 AM,9/14/2025 8:15:00 PM,1,PJM-RTO,,,ZONE,,44.020000,44.093355,0.051311,0.022044,True,1
9/15/2025 12:20:00 AM,9/14/2025 8:20:00 PM,1,PJM-RTO,,,ZONE,,39.760000,39.824343,0.046083,0.018260,True,1
9/15/2025 12:25:00 AM,9/14/2025 8:25:00 PM,1,PJM-RTO,,,ZONE,,44.480000,44.556805,0.050806,0.025999,True,1
9/15/2025 12:30:00 AM,9/14/2025 8:30:00 PM,1,PJM-RTO,,,ZONE,,72.030000,72.160714,0.090452,0.040262,True,1
9/15/2025 12:35:00 AM,9/14/2025 8:35:00 PM,1,PJM-RTO,,,ZONE,,39.640000,39.706845,0.040525,0.026320,True,1
9/15/2025 12:40:00 AM,9/14/2025 8:40:00 PM,1,PJM-RTO,,,ZONE,,37.670000,37.727337,0.039774,0.017563,True,1
9/15/2025 12:45:00 AM,9/14/2025 8:45:00 PM,1,PJM-RTO,,,ZONE,,35.040000,35.087697,0.032761,0.014935,True,1
9/15/2025 12:50:00 AM,9/14/2025 8:50:00 PM,1,PJM-RTO,,,ZONE,,32.130000,32.176336,0.030320,0.016016,True,1
9/15/2025 12:55:00 AM,9/14/2025 8:55:00 PM,1,PJM-RTO,,,ZONE,,28.470000,28.510889,0.024083,0.016806,True,1
9/15/2025 1:00:00 AM,9/14/2025 9:00:00 PM,1,PJM-RTO,,,ZONE,,27.600000,27.760541,0.139585,0.020956,True,1
9/15/2025 1:05:00 AM,9/14/2025 9:05:00 PM,1,PJM-RTO,,,ZONE,,31.130000,31.315361,0.174261,0.011100,True,1
9/15/2025 1:10:00 AM,9/14/2025 9:10:00 PM,1,PJM-RTO,,,ZONE,,30.160000,30.371797,0.195875,0.015922,True,1
9/15/2025 1:15:00 AM,9/14/2025 9:15:00 PM,1,PJM-RTO,,,ZONE,,33.650000,33.693242,0.020020,0.023222,True,1
9/15/2025 1:20:00 AM,9/14/2025 9:20:00 PM,1,PJM-RTO,,,ZONE,,32.030000,32.080654,0.031550,0.019104,True,1
9/15/2025 1:25:00 AM,9/14/2025 9:25:00 PM,1,PJM-RTO,,,ZONE,,34.220000,34.280179,0.041943,0.018235,True,1
9/15/2025 1:30:00 AM,9/14/2025 9:30:00 PM,1,PJM-RTO,,,ZONE,,31.560000,31.619041,0.041210,0.017831,True,1
9/15/2025 1:35:00 AM,9/14/2025 9:35:00 PM,1,PJM-RTO,,,ZONE,,32.270000,32.322455,0.037205,0.015250,True,1
9/15/2025 1:40:00 AM,9/14/2025 9:40:00 PM,1,PJM-RTO,,,ZONE,,32.170000,32.224938,0.032283,0.022656,True,1
9/15/2025 1:45:00 AM,9/14/2025 9:45:00 PM,1,PJM-RTO,,,ZONE,,32.170000,32.224938,0.032283,0.022656,True,1
9/15/2025 1:50:00 AM,9/14/2025 9:50:00 PM,1,PJM-RTO,,,ZONE,,31.760000,31.817465,0.041219,0.016246,True,1
9/15/2025 1:55:00 AM,9/14/2025 9:55:00 PM,1,PJM-RTO,,,ZONE,,28.270000,28.318032,0.025487,0.022545,True,1
9/15/2025 2:00:00 AM,9/14/2025 10:00:00 PM,1,PJM-RTO,,,ZONE,,39.650000,39.738753,0.060704,0.028049,True,1
9/15/2025 2:05:00 AM,9/14/2025 10:05:00 PM,1,PJM-RTO,,,ZONE,,32.130000,32.181793,0.034886,0.016906,True,1
9/15/2025 2:10:00 AM,9/14/2025 10:10:00 PM,1,PJM-RTO,,,ZONE,,35.000000,35.073454,0.052480,0.020975,True,1
9/15/2025 2:15:00 AM,9/14/2025 10:15:00 PM,1,PJM-RTO,,,ZONE,,32.340000,32.395751,0.033924,0.021827,True,1
9/15/2025 2:20:00 AM,9/14/2025 10:20:00 PM,1,PJM-RTO,,,ZONE,,34.460000,34.534637,0.053371,0.021266,True,1
9/15/2025 2:25:00 AM,9/14/2025 10:25:00 PM,1,PJM-RTO,,,ZONE,,29.820000,29.877703,0.033566,0.024136,True,1
9/15/2025 2:30:00 AM,9/14/2025 10:30:00 PM,1,PJM-RTO,,,ZONE,,29.080000,29.139345,0.042496,0.016849,True,1
9/15/2025 2:35:00 AM,9/14/2025 10:35:00 PM,1,PJM-RTO,,,ZONE,,26.750000,26.776150,0.014071,0.012079,True,1
9/15/2025 2:40:00 AM,9/14/2025 10:40:00 PM,1,PJM-RTO,,,ZONE,,26.340000,26.389508,0.028772,0.020736,True,1
9/15/2025 2:45:00 AM,9/14/2025 10:45:00 PM,1,PJM-RTO,,,ZONE,,28.020000,28.052987,0.017884,0.015103,True,1
9/15/2025 2:50:00 AM,9/14/2025 10:50:00 PM,1,PJM-RTO,,,ZONE,,29.630000,29.662352,0.016670,0.015683,True,1
9/15/2025 2:55:00 AM,9/14/2025 10:55:00 PM,1,PJM-RTO,,,ZONE,,29.750000,29.815942,0.041975,0.023967,True,1
9/15/2025 3:00:00 AM,9/14/2025 11:00:00 PM,1,PJM-RTO,,,ZONE,,64.510000,64.746399,0.193076,0.043323,True,1
9/15/2025 3:05:00 AM,9/14/2025 11:05:00 PM,1,PJM-RTO,,,ZONE,,31.420000,31.514985,0.068130,0.026855,True,1
9/15/2025 3:10:00 AM,9/14/2025 11:10:00 PM,1,PJM-RTO,,,ZONE,,24.770000,24.830977,0.038602,0.022374,True,1
9/15/2025 3:15:00 AM,9/14/2025 11:15:00 PM,1,PJM-RTO,,,ZONE,,24.770000,24.830977,0.038602,0.022374,True,1
9/15/2025 3:20:00 AM,9/14/2025 11:20:00 PM,1,PJM-RTO,,,ZONE,,22.430000,22.464731,0.019574,0.015157,True,1
9/15/2025 3:25:00 AM,9/14/2025 11:25:00 PM,1,PJM-RTO,,,ZONE,,22.620000,22.657214,0.020377,0.016837,True,1
9/15/2025 3:30:00 AM,9/14/2025 11:30:00 PM,1,PJM-RTO,,,ZONE,,23.550000,23.583067,0.021435,0.011632,True,1
9/15/2025 3:35:00 AM,9/14/2025 11:35:00 PM,1,PJM-RTO,,,ZONE,,22.220000,22.255306,0.021397,0.013908,True,1
9/15/2025 3:40:00 AM,9/14/2025 11:40:00 PM,1,PJM-RTO,,,ZONE,,24.420000,24.454414,0.024118,0.010296,True,1
9/15/2025 3:45:00 AM,9/14/2025 11:45:00 PM,1,PJM-RTO,,,ZONE,,24.550000,24.588322,0.023586,0.014736,True,1
9/15/2025 3:50:00 AM,9/14/2025 11:50:00 PM,1,PJM-RTO,,,ZONE,,23.330000,23.339205,0.000000,0.009205,True,1
9/15/2025 3:55:00 AM,9/14/2025 11:55:00 PM,1,PJM-RTO,,,ZONE,,22.960000,22.994418,0.021012,0.013406,True,1
9/15/2025 4:00:00 AM,9/15/2025 12:00:00 AM,1,PJM-RTO,,,ZONE,,19.180000,19.196195,0.000000,0.016195,True,1
9/15/2025 4:05:00 AM,9/15/2025 12:05:00 AM,1,PJM-RTO,,,ZONE,,19.610000,19.645230,0.015125,0.020105,True,1
9/15/2025 4:10:00 AM,9/15/2025 12:10:00 AM,1,PJM-RTO,,,ZONE,,21.160000,21.188303,0.018558,0.009744,True,1
9/15/2025 4:15:00 AM,9/15/2025 12:15:00 AM,1,PJM-RTO,,,ZONE,,21.450000,21.484035,0.020097,0.013938,True,1
9/15/2025 4:20:00 AM,9/15/2025 12:20:00 AM,1,PJM-RTO,,,ZONE,,20.980000,21.013009,0.019809,0.013201,True,1
9/15/2025 4:25:00 AM,9/15/2025 12:25:00 AM,1,PJM-RTO,,,ZONE,,20.270000,20.296470,0.018425,0.008045,True,1
9/15/2025 4:30:00 AM,9/15/2025 12:30:00 AM,1,PJM-RTO,,,ZONE,,22.290000,22.326872,0.023828,0.013044,True,1
9/15/2025 4:35:00 AM,9/15/2025 12:35:00 AM,1,PJM-RTO,,,ZONE,,17.240000,17.267578,0.012037,0.015541,True,1
9/15/2025 4:40:00 AM,9/15/2025 12:40:00 AM,1,PJM-RTO,,,ZONE,,18.330000,18.350064,0.014366,0.005698,True,1
9/15/2025 4:45:00 AM,9/15/2025 12:45:00 AM,1,PJM-RTO,,,ZONE,,16.760000,16.779943,0.011170,0.008773,True,1
9/15/2025 4:50:00 AM,9/15/2025 12:50:00 AM,1,PJM-RTO,,,ZONE,,18.520000,18.542315,0.015331,0.006983,True,1
9/15/2025 4:55:00 AM,9/15/2025 12:55:00 AM,1,PJM-RTO,,,ZONE,,18.430000,18.455293,0.014299,0.010994,True,1
9/15/2025 5:00:00 AM,9/15/2025 1:00:00 AM,1,PJM-RTO,,,ZONE,,18.440000,18.469544,0.014897,0.014646,True,1
9/15/2025 5:05:00 AM,9/15/2025 1:05:00 AM,1,PJM-RTO,,,ZONE,,18.470000,18.495642,0.014625,0.011017,True,1
9/15/2025 5:10:00 AM,9/15/2025 1:10:00 AM,1,PJM-RTO,,,ZONE,,20.950000,21.258024,0.292385,0.015639,True,1
9/15/2025 5:15:00 AM,9/15/2025 1:15:00 AM,1,PJM-RTO,,,ZONE,,18.890000,18.920365,0.015665,0.014700,True,1
9/15/2025 5:20:00 AM,9/15/2025 1:20:00 AM,1,PJM-RTO,,,ZONE,,20.400000,20.556070,0.137989,0.018080,True,1
9/15/2025 5:25:00 AM,9/15/2025 1:25:00 AM,1,PJM-RTO,,,ZONE,,19.310000,19.346482,0.023555,0.012926,True,1
9/15/2025 5:30:00 AM,9/15/2025 1:30:00 AM,1,PJM-RTO,,,ZONE,,16.680000,16.740666,0.047114,0.013551,True,1
9/15/2025 5:35:00 AM,9/15/2025 1:35:00 AM,1,PJM-RTO,,,ZONE,,17.890000,18.023555,0.118354,0.015201,True,1
9/15/2025 5:40:00 AM,9/15/2025 1:40:00 AM,1,PJM-RTO,,,ZONE,,15.900000,15.917400,0.010670,0.006730,True,1
9/15/2025 5:45:00 AM,9/15/2025 1:45:00 AM,1,PJM-RTO,,,ZONE,,15.900000,16.009420,0.093422,0.015997,True,1
9/15/2025 5:50:00 AM,9/15/2025 1:50:00 AM,1,PJM-RTO,,,ZONE,,15.940000,16.020536,0.074796,0.005740,True,1
9/15/2025 5:55:00 AM,9/15/2025 1:55:00 AM,1,PJM-RTO,,,ZONE,,16.020000,16.140247,0.116053,0.004193,True,1
9/15/2025 6:00:00 AM,9/15/2025 2:00:00 AM,1,PJM-RTO,,,ZONE,,16.110000,16.187785,0.062807,0.014978,True,1
9/15/2025 6:05:00 AM,9/15/2025 2:05:00 AM,1,PJM-RTO,,,ZONE,,16.580000,16.601182,0.010659,0.010523,True,1
9/15/2025 6:10:00 AM,9/15/2025 2:10:00 AM,1,PJM-RTO,,,ZONE,,15.660000,15.693321,0.023003,0.010318,True,1
9/15/2025 6:15:00 AM,9/15/2025 2:15:00 AM,1,PJM-RTO,,,ZONE,,17.300000,17.414188,0.106550,0.007638,True,1
9/15/2025 6:20:00 AM,9/15/2025 2:20:00 AM,1,PJM-RTO,,,ZONE,,15.910000,15.958915,0.036081,0.012834,True,1
9/15/2025 6:25:00 AM,9/15/2025 2:25:00 AM,1,PJM-RTO,,,ZONE,,19.040000,19.320973,0.272387,0.008586,True,1
9/15/2025 6:30:00 AM,9/15/2025 2:30:00 AM,1,PJM-RTO,,,ZONE,,14.590000,14.603250,0.007367,0.005883,True,1
9/15/2025 6:35:00 AM,9/15/2025 2:35:00 AM,1,PJM-RTO,,,ZONE,,15.610000,15.713187,0.092475,0.010712,True,1
9/15/2025 6:40:00 AM,9/15/2025 2:40:00 AM,1,PJM-RTO,,,ZONE,,14.220000,14.259446,0.032107,0.007339,True,1
9/15/2025 6:45:00 AM,9/15/2025 2:45:00 AM,1,PJM-RTO,,,ZONE,,15.610000,15.716579,0.096796,0.009783,True,1
9/15/2025 6:50:00 AM,9/15/2025 2:50:00 AM,1,PJM-RTO,,,ZONE,,15.730000,15.826054,0.085570,0.010484,True,1
9/15/2025 6:55:00 AM,9/15/2025 2:55:00 AM,1,PJM-RTO,,,ZONE,,15.940000,16.006821,0.055761,0.011060,True,1
9/15/2025 7:00:00 AM,9/15/2025 3:00:00 AM,1,PJM-RTO,,,ZONE,,16.260000,16.372435,0.100594,0.011840,True,1
9/15/2025 7:05:00 AM,9/15/2025 3:05:00 AM,1,PJM-RTO,,,ZONE,,15.910000,16.013446,0.087128,0.016318,True,1
9/15/2025 7:10:00 AM,9/15/2025 3:10:00 AM,1,PJM-RTO,,,ZONE,,15.930000,16.037355,0.095696,0.011659,True,1
9/15/2025 7:15:00 AM,9/15/2025 3:15:00 AM,1,PJM-RTO,,,ZONE,,15.620000,15.672886,0.042946,0.009940,True,1
9/15/2025 7:20:00 AM,9/15/2025 3:20:00 AM,1,PJM-RTO,,,ZONE,,15.820000,15.935771,0.100732,0.015039,True,1
9/15/2025 7:25:00 AM,9/15/2025 3:25:00 AM,1,PJM-RTO,,,ZONE,,15.590000,15.703556,0.097731,0.015824,True,1
9/15/2025 7:30:00 AM,9/15/2025 3:30:00 AM,1,PJM-RTO,,,ZONE,,15.310000,15.438737,0.114375,0.014363,True,1
9/15/2025 7:35:00 AM,9/15/2025 3:35:00 AM,1,PJM-RTO,,,ZONE,,15.580000,15.692087,0.101483,0.010604,True,1
9/15/2025 7:40:00 AM,9/15/2025 3:40:00 AM,1,PJM-RTO,,,ZONE,,15.620000,15.720603,0.090145,0.010457,True,1
9/15/2025 7:45:00 AM,9/15/2025 3:45:00 AM,1,PJM-RTO,,,ZONE,,15.120000,15.225581,0.093476,0.012104,True,1
9/15/2025 7:50:00 AM,9/15/2025 3:50:00 AM,1,PJM-RTO,,,ZONE,,15.450000,15.556073,0.095112,0.010961,True,1
9/15/2025 7:55:00 AM,9/15/2025 3:55:00 AM,1,PJM-RTO,,,ZONE,,15.350000,15.447274,0.083607,0.013667,True,1
9/15/2025 8:00:00 AM,9/15/2025 4:00:00 AM,1,PJM-RTO,,,ZONE,,15.330000,15.469711,0.126023,0.013688,True,1
9/15/2025 8:05:00 AM,9/15/2025 4:05:00 AM,1,PJM-RTO,,,ZONE,,15.270000,15.393143,0.113389,0.009754,True,1
9/15/2025 8:10:00 AM,9/15/2025 4:10:00 AM,1,PJM-RTO,,,ZONE,,16.110000,16.266446,0.149402,0.007043,True,1
9/15/2025 8:15:00 AM,9/15/2025 4:15:00 AM,1,PJM-RTO,,,ZONE,,15.600000,15.616861,0.009555,0.007305,True,1
9/15/2025 8:20:00 AM,9/15/2025 4:20:00 AM,1,PJM-RTO,,,ZONE,,15.390000,15.448704,0.047233,0.011471,True,1
9/15/2025 8:25:00 AM,9/15/2025 4:25:00 AM,1,PJM-RTO,,,ZONE,,15.050000,15.064884,0.009371,0.005513,True,1
9/15/2025 8:30:00 AM,9/15/2025 4:30:00 AM,1,PJM-RTO,,,ZONE,,15.760000,15.814206,0.046861,0.007345,True,1
9/15/2025 8:35:00 AM,9/15/2025 4:35:00 AM,1,PJM-RTO,,,ZONE,,15.980000,16.074632,0.084438,0.010194,True,1
9/15/2025 8:40:00 AM,9/15/2025 4:40:00 AM,1,PJM-RTO,,,ZONE,,16.070000,16.163076,0.085502,0.007574,True,1
9/15/2025 8:45:00 AM,9/15/2025 4:45:00 AM,1,PJM-RTO,,,ZONE,,15.960000,16.028624,0.057389,0.011235,True,1
9/15/2025 8:50:00 AM,9/15/2025 4:50:00 AM,1,PJM-RTO,,,ZONE,,16.500000,16.601732,0.092585,0.009147,True,1
9/15/2025 8:55:00 AM,9/15/2025 4:55:00 AM,1,PJM-RTO,,,ZONE,,16.130000,16.227152,0.088877,0.008275,True,1
9/15/2025 9:00:00 AM,9/15/2025 5:00:00 AM,1,PJM-RTO,,,ZONE,,18.160000,18.285659,0.114289,0.011370,True,1
9/15/2025 9:05:00 AM,9/15/2025 5:05:00 AM,1,PJM-RTO,,,ZONE,,17.580000,17.612113,0.017252,0.014861,True,1
9/15/2025 9:10:00 AM,9/15/2025 5:10:00 AM,1,PJM-RTO,,,ZONE,,16.950000,17.009517,0.045598,0.013918,True,1
9/15/2025 9:15:00 AM,9/15/2025 5:15:00 AM,1,PJM-RTO,,,ZONE,,16.300000,16.396227,0.087622,0.008605,True,1
9/15/2025 9:20:00 AM,9/15/2025 5:20:00 AM,1,PJM-RTO,,,ZONE,,16.840000,16.941323,0.094792,0.006531,True,1
9/15/2025 9:25:00 AM,9/15/2025 5:25:00 AM,1,PJM-RTO,,,ZONE,,18.560000,18.691490,0.116661,0.014829,True,1
9/15/2025 9:30:00 AM,9/15/2025 5:30:00 AM,1,PJM-RTO,,,ZONE,,18.710000,18.820459,0.101517,0.008943,True,1
9/15/2025 9:35:00 AM,9/15/2025 5:35:00 AM,1,PJM-RTO,,,ZONE,,20.220000,20.346554,0.116759,0.009796,True,1
9/15/2025 9:40:00 AM,9/15/2025 5:40:00 AM,1,PJM-RTO,,,ZONE,,20.680000,20.809032,0.121312,0.007721,True,1
9/15/2025 9:45:00 AM,9/15/2025 5:45:00 AM,1,PJM-RTO,,,ZONE,,25.260000,25.529771,0.257163,0.012608,True,1
9/15/2025 9:50:00 AM,9/15/2025 5:50:00 AM,1,PJM-RTO,,,ZONE,,25.470000,25.708492,0.219748,0.018744,True,1
9/15/2025 9:55:00 AM,9/15/2025 5:55:00 AM,1,PJM-RTO,,,ZONE,,18.440000,18.484684,0.028625,0.016059,True,1
9/15/2025 10:00:00 AM,9/15/2025 6:00:00 AM,1,PJM-RTO,,,ZONE,,20.810000,20.952138,0.131461,0.010677,True,1
9/15/2025 10:05:00 AM,9/15/2025 6:05:00 AM,1,PJM-RTO,,,ZONE,,26.130000,26.190513,0.043951,0.016562,True,1
9/15/2025 10:10:00 AM,9/15/2025 6:10:00 AM,1,PJM-RTO,,,ZONE,,32.540000,32.855818,0.290433,0.025385,True,1
9/15/2025 10:15:00 AM,9/15/2025 6:15:00 AM,1,PJM-RTO,,,ZONE,,22.370000,22.457512,0.069943,0.017568,True,1
9/15/2025 10:20:00 AM,9/15/2025 6:20:00 AM,1,PJM-RTO,,,ZONE,,26.700000,26.791542,0.072458,0.019083,True,1
9/15/2025 10:25:00 AM,9/15/2025 6:25:00 AM,1,PJM-RTO,,,ZONE,,28.960000,29.086209,0.104223,0.021986,True,1
9/15/2025 10:30:00 AM,9/15/2025 6:30:00 AM,1,PJM-RTO,,,ZONE,,19.540000,19.567634,0.019336,0.008298,True,1
9/15/2025 10:35:00 AM,9/15/2025 6:35:00 AM,1,PJM-RTO,,,ZONE,,26.060000,26.134936,0.059506,0.015430,True,1
9/15/2025 10:40:00 AM,9/15/2025 6:40:00 AM,1,PJM-RTO,,,ZONE,,24.790000,24.844227,0.039538,0.014690,True,1
9/15/2025 10:45:00 AM,9/15/2025 6:45:00 AM,1,PJM-RTO,,,ZONE,,24.690000,24.739061,0.028455,0.020606,True,1
9/15/2025 10:50:00 AM,9/15/2025 6:50:00 AM,1,PJM-RTO,,,ZONE,,37.730000,37.970951,0.212552,0.028399,True,1
9/15/2025 10:55:00 AM,9/15/2025 6:55:00 AM,1,PJM-RTO,,,ZONE,,59.120000,59.417188,0.255664,0.041524,True,1
9/15/2025 11:00:00 AM,9/15/2025 7:00:00 AM,1,PJM-RTO,,,ZONE,,59.950000,60.018730,0.030419,0.038311,True,1
9/15/2025 11:05:00 AM,9/15/2025 7:05:00 AM,1,PJM-RTO,,,ZONE,,107.300000,107.567286,0.202381,0.064906,True,1
9/15/2025 11:10:00 AM,9/15/2025 7:10:00 AM,1,PJM-RTO,,,ZONE,,42.870000,42.962660,0.062854,0.029806,True,1
9/15/2025 11:15:00 AM,9/15/2025 7:15:00 AM,1,PJM-RTO,,,ZONE,,42.110000,42.291452,0.152313,0.029139,True,1
9/15/2025 11:20:00 AM,9/15/2025 7:20:00 AM,1,PJM-RTO,,,ZONE,,29.590000,29.659002,0.042835,0.026167,True,1
9/15/2025 11:25:00 AM,9/15/2025 7:25:00 AM,1,PJM-RTO,,,ZONE,,29.550000,29.670835,0.098858,0.021977,True,1
9/15/2025 11:30:00 AM,9/15/2025 7:30:00 AM,1,PJM-RTO,,,ZONE,,22.580000,22.714429,0.119572,0.014856,True,1
9/15/2025 11:35:00 AM,9/15/2025 7:35:00 AM,1,PJM-RTO,,,ZONE,,22.080000,22.215092,0.120972,0.014120,True,1
9/15/2025 11:40:00 AM,9/15/2025 7:40:00 AM,1,PJM-RTO,,,ZONE,,26.840000,27.007157,0.146218,0.020939,True,1
9/15/2025 11:45:00 AM,9/15/2025 7:45:00 AM,1,PJM-RTO,,,ZONE,,24.730000,24.786292,0.037102,0.019190,True,1
9/15/2025 11:50:00 AM,9/15/2025 7:50:00 AM,1,PJM-RTO,,,ZONE,,24.910000,24.966752,0.037347,0.019405,True,1
9/15/2025 11:55:00 AM,9/15/2025 7:55:00 AM,1,PJM-RTO,,,ZONE,,26.110000,26.409721,0.279181,0.020540,True,1
9/15/2025 12:00:00 PM,9/15/2025 8:00:00 AM,1,PJM-RTO,,,ZONE,,22.140000,22.189961,0.036012,0.013948,True,1
9/15/2025 12:05:00 PM,9/15/2025 8:05:00 AM,1,PJM-RTO,,,ZONE,,23.570000,23.620479,0.032833,0.017646,True,1
9/15/2025 12:10:00 PM,9/15/2025 8:10:00 AM,1,PJM-RTO,,,ZONE,,22.510000,22.551483,0.026819,0.014664,True,1
9/15/2025 12:15:00 PM,9/15/2025 8:15:00 AM,1,PJM-RTO,,,ZONE,,25.010000,25.128896,0.099366,0.019529,True,1
9/15/2025 12:20:00 PM,9/15/2025 8:20:00 AM,1,PJM-RTO,,,ZONE,,25.270000,25.401666,0.113618,0.018049,True,1
9/15/2025 12:25:00 PM,9/15/2025 8:25:00 AM,1,PJM-RTO,,,ZONE,,21.870000,22.115354,0.231919,0.013435,True,1
9/15/2025 12:30:00 PM,9/15/2025 8:30:00 AM,1,PJM-RTO,,,ZONE,,22.640000,22.811088,0.155716,0.015372,True,1
9/15/2025 12:35:00 PM,9/15/2025 8:35:00 AM,1,PJM-RTO,,,ZONE,,22.430000,22.634769,0.197927,0.006843,True,1
9/15/2025 12:40:00 PM,9/15/2025 8:40:00 AM,1,PJM-RTO,,,ZONE,,21.970000,22.258577,0.271494,0.017083,True,1
9/15/2025 12:45:00 PM,9/15/2025 8:45:00 AM,1,PJM-RTO,,,ZONE,,23.400000,23.613466,0.196932,0.016533,True,1
9/15/2025 12:50:00 PM,9/15/2025 8:50:00 AM,1,PJM-RTO,,,ZONE,,24.540000,24.818009,0.263053,0.014956,True,1
9/15/2025 12:55:00 PM,9/15/2025 8:55:00 AM,1,PJM-RTO,,,ZONE,,23.100000,23.230516,0.112071,0.018445,True,1
9/15/2025 1:00:00 PM,9/15/2025 9:00:00 AM,1,PJM-RTO,,,ZONE,,22.220000,22.349981,0.118680,0.011302,True,1
9/15/2025 1:05:00 PM,9/15/2025 9:05:00 AM,1,PJM-RTO,,,ZONE,,19.810000,19.917432,0.095805,0.011627,True,1
9/15/2025 1:10:00 PM,9/15/2025 9:10:00 AM,1,PJM-RTO,,,ZONE,,20.180000,20.310813,0.117730,0.013083,True,1
9/15/2025 1:15:00 PM,9/15/2025 9:15:00 AM,1,PJM-RTO,,,ZONE,,24.600000,24.647517,0.034572,0.012946,True,1
9/15/2025 1:20:00 PM,9/15/2025 9:20:00 AM,1,PJM-RTO,,,ZONE,,22.250000,22.284847,0.019108,0.015738,True,1
9/15/2025 1:25:00 PM,9/15/2025 9:25:00 AM,1,PJM-RTO,,,ZONE,,24.450000,24.502460,0.038059,0.014400,True,1
9/15/2025 1:30:00 PM,9/15/2025 9:30:00 AM,1,PJM-RTO,,,ZONE,,21.390000,21.508052,0.104255,0.013798,True,1
9/15/2025 1:35:00 PM,9/15/2025 9:35:00 AM,1,PJM-RTO,,,ZONE,,29.540000,29.706817,0.150770,0.016047,True,1
9/15/2025 1:40:00 PM,9/15/2025 9:40:00 AM,1,PJM-RTO,,,ZONE,,26.270000,26.314162,0.029335,0.014827,True,1
9/15/2025 1:45:00 PM,9/15/2025 9:45:00 AM,1,PJM-RTO,,,ZONE,,22.730000,22.765091,0.023863,0.011228,True,1
9/15/2025 1:50:00 PM,9/15/2025 9:50:00 AM,1,PJM-RTO,,,ZONE,,25.740000,25.787819,0.029737,0.018082,True,1
9/15/2025 1:55:00 PM,9/15/2025 9:55:00 AM,1,PJM-RTO,,,ZONE,,25.110000,25.151395,0.029370,0.012025,True,1
9/15/2025 2:00:00 PM,9/15/2025 10:00:00 AM,1,PJM-RTO,,,ZONE,,22.700000,22.741550,0.030605,0.010945,True,1
9/15/2025 2:05:00 PM,9/15/2025 10:05:00 AM,1,PJM-RTO,,,ZONE,,24.500000,24.550629,0.035469,0.015160,True,1
9/15/2025 2:10:00 PM,9/15/2025 10:10:00 AM,1,PJM-RTO,,,ZONE,,31.670000,31.752303,0.067190,0.015113,True,1
9/15/2025 2:15:00 PM,9/15/2025 10:15:00 AM,1,PJM-RTO,,,ZONE,,30.800000,30.856322,0.039708,0.016613,True,1
9/15/2025 2:20:00 PM,9/15/2025 10:20:00 AM,1,PJM-RTO,,,ZONE,,82.130000,82.561974,0.384587,0.047387,True,1
9/15/2025 2:25:00 PM,9/15/2025 10:25:00 AM,1,PJM-RTO,,,ZONE,,32.630000,32.747383,0.097085,0.020299,True,1
9/15/2025 2:30:00 PM,9/15/2025 10:30:00 AM,1,PJM-RTO,,,ZONE,,30.360000,30.471196,0.095715,0.015481,True,1
9/15/2025 2:35:00 PM,9/15/2025 10:35:00 AM,1,PJM-RTO,,,ZONE,,29.100000,29.147568,0.033104,0.014464,True,1
9/15/2025 2:40:00 PM,9/15/2025 10:40:00 AM,1,PJM-RTO,,,ZONE,,30.770000,30.828547,0.038956,0.019591,True,1
9/15/2025 2:45:00 PM,9/15/2025 10:45:00 AM,1,PJM-RTO,,,ZONE,,31.130000,31.177941,0.029656,0.018284,True,1
9/15/2025 2:50:00 PM,9/15/2025 10:50:00 AM,1,PJM-RTO,,,ZONE,,74.290000,74.553227,0.220565,0.042662,True,1
9/15/2025 2:55:00 PM,9/15/2025 10:55:00 AM,1,PJM-RTO,,,ZONE,,27.940000,27.998999,0.038960,0.020039,True,1
9/15/2025 3:00:00 PM,9/15/2025 11:00:00 AM,1,PJM-RTO,,,ZONE,,31.930000,31.982313,0.033597,0.018716,True,1
9/15/2025 3:05:00 PM,9/15/2025 11:05:00 AM,1,PJM-RTO,,,ZONE,,24.280000,24.343875,0.049221,0.014654,True,1
9/15/2025 3:10:00 PM,9/15/2025 11:10:00 AM,1,PJM-RTO,,,ZONE,,21.880000,21.923029,0.025809,0.017220,True,1
9/15/2025 3:15:00 PM,9/15/2025 11:15:00 AM,1,PJM-RTO,,,ZONE,,26.190000,26.429572,0.227147,0.012425,True,1
9/15/2025 3:20:00 PM,9/15/2025 11:20:00 AM,1,PJM-RTO,,,ZONE,,25.530000,25.782530,0.238029,0.014501,True,1
9/15/2025 3:25:00 PM,9/15/2025 11:25:00 AM,1,PJM-RTO,,,ZONE,,73.620000,73.895078,0.233904,0.041174,True,1
9/15/2025 3:30:00 PM,9/15/2025 11:30:00 AM,1,PJM-RTO,,,ZONE,,29.400000,29.491220,0.071154,0.020067,True,1
9/15/2025 3:35:00 PM,9/15/2025 11:35:00 AM,1,PJM-RTO,,,ZONE,,32.120000,32.231465,0.090495,0.020971,True,1
9/15/2025 3:40:00 PM,9/15/2025 11:40:00 AM,1,PJM-RTO,,,ZONE,,113.590000,114.032834,0.373377,0.069457,True,1
9/15/2025 3:45:00 PM,9/15/2025 11:45:00 AM,1,PJM-RTO,,,ZONE,,201.570000,202.446599,0.752156,0.124444,True,1
9/15/2025 3:50:00 PM,9/15/2025 11:50:00 AM,1,PJM-RTO,,,ZONE,,262.990000,264.186131,1.021004,0.175127,True,1
9/15/2025 3:55:00 PM,9/15/2025 11:55:00 AM,1,PJM-RTO,,,ZONE,,62.180000,62.495380,0.271098,0.044282,True,1
9/15/2025 4:00:00 PM,9/15/2025 12:00:00 PM,1,PJM-RTO,,,ZONE,,27.920000,27.956623,0.020513,0.016110,True,1
9/15/2025 4:05:00 PM,9/15/2025 12:05:00 PM,1,PJM-RTO,,,ZONE,,28.060000,28.097619,0.017636,0.019983,True,1
9/15/2025 4:10:00 PM,9/15/2025 12:10:00 PM,1,PJM-RTO,,,ZONE,,25.030000,25.055715,0.007936,0.017779,True,1
9/15/2025 4:15:00 PM,9/15/2025 12:15:00 PM,1,PJM-RTO,,,ZONE,,87.250000,87.874905,0.574409,0.050496,True,1
9/15/2025 4:20:00 PM,9/15/2025 12:20:00 PM,1,PJM-RTO,,,ZONE,,133.450000,134.383266,0.858248,0.075018,True,1
9/15/2025 4:25:00 PM,9/15/2025 12:25:00 PM,1,PJM-RTO,,,ZONE,,128.050000,129.077392,0.952699,0.074693,True,1
9/15/2025 4:30:00 PM,9/15/2025 12:30:00 PM,1,PJM-RTO,,,ZONE,,47.930000,48.445502,0.480142,0.035360,True,1
9/15/2025 4:35:00 PM,9/15/2025 12:35:00 PM,1,PJM-RTO,,,ZONE,,28.700000,28.722861,0.008465,0.014397,True,1
9/15/2025 4:40:00 PM,9/15/2025 12:40:00 PM,1,PJM-RTO,,,ZONE,,24.530000,24.548283,0.009398,0.008886,True,1
9/15/2025 4:45:00 PM,9/15/2025 12:45:00 PM,1,PJM-RTO,,,ZONE,,23.040000,23.066146,0.011780,0.014366,True,1
9/15/2025 4:50:00 PM,9/15/2025 12:50:00 PM,1,PJM-RTO,,,ZONE,,26.620000,26.651154,0.018969,0.012184,True,1
9/15/2025 4:55:00 PM,9/15/2025 12:55:00 PM,1,PJM-RTO,,,ZONE,,24.830000,24.850417,0.009306,0.011111,True,1
9/15/2025 5:00:00 PM,9/15/2025 1:00:00 PM,1,PJM-RTO,,,ZONE,,27.340000,27.383473,0.031696,0.011777,True,1
9/15/2025 5:05:00 PM,9/15/2025 1:05:00 PM,1,PJM-RTO,,,ZONE,,49.930000,50.227511,0.266356,0.031155,True,1
9/15/2025 5:10:00 PM,9/15/2025 1:10:00 PM,1,PJM-RTO,,,ZONE,,58.580000,58.900793,0.286250,0.034542,True,1
9/15/2025 5:15:00 PM,9/15/2025 1:15:00 PM,1,PJM-RTO,,,ZONE,,49.770000,50.166929,0.365941,0.030988,True,1
9/15/2025 5:20:00 PM,9/15/2025 1:20:00 PM,1,PJM-RTO,,,ZONE,,49.320000,49.704627,0.355241,0.029386,True,1
9/15/2025 5:25:00 PM,9/15/2025 1:25:00 PM,1,PJM-RTO,,,ZONE,,50.670000,50.981984,0.287024,0.024959,True,1
9/15/2025 5:30:00 PM,9/15/2025 1:30:00 PM,1,PJM-RTO,,,ZONE,,49.980000,50.329137,0.326393,0.022744,True,1
9/15/2025 5:35:00 PM,9/15/2025 1:35:00 PM,1,PJM-RTO,,,ZONE,,50.110000,50.554034,0.411252,0.032782,True,1
9/15/2025 5:40:00 PM,9/15/2025 1:40:00 PM,1,PJM-RTO,,,ZONE,,57.970000,58.619784,0.617297,0.032487,True,1
9/15/2025 5:45:00 PM,9/15/2025 1:45:00 PM,1,PJM-RTO,,,ZONE,,49.290000,49.887800,0.570841,0.026959,True,1
9/15/2025 5:50:00 PM,9/15/2025 1:50:00 PM,1,PJM-RTO,,,ZONE,,83.420000,84.133685,0.659181,0.054504,True,1
9/15/2025 5:55:00 PM,9/15/2025 1:55:00 PM,1,PJM-RTO,,,ZONE,,57.240000,57.918819,0.640266,0.038553,True,1
9/15/2025 6:00:00 PM,9/15/2025 2:00:00 PM,1,PJM-RTO,,,ZONE,,54.640000,55.070201,0.400921,0.029280,True,1
9/15/2025 6:05:00 PM,9/15/2025 2:05:00 PM,1,PJM-RTO,,,ZONE,,87.190000,87.477555,0.243805,0.043749,True,1
9/15/2025 6:10:00 PM,9/15/2025 2:10:00 PM,1,PJM-RTO,,,ZONE,,63.950000,64.651588,0.664779,0.036810,True,1
9/15/2025 6:15:00 PM,9/15/2025 2:15:00 PM,1,PJM-RTO,,,ZONE,,63.840000,64.209161,0.332071,0.037091,True,1
9/15/2025 6:20:00 PM,9/15/2025 2:20:00 PM,1,PJM-RTO,,,ZONE,,75.020000,75.518348,0.453947,0.044401,True,1
9/15/2025 6:25:00 PM,9/15/2025 2:25:00 PM,1,PJM-RTO,,,ZONE,,69.150000,69.628659,0.440406,0.038253,True,1
9/15/2025 6:30:00 PM,9/15/2025 2:30:00 PM,1,PJM-RTO,,,ZONE,,41.780000,41.953590,0.154320,0.019270,True,1
9/15/2025 6:35:00 PM,9/15/2025 2:35:00 PM,1,PJM-RTO,,,ZONE,,115.260000,115.584702,0.262836,0.061866,True,1
9/15/2025 6:40:00 PM,9/15/2025 2:40:00 PM,1,PJM-RTO,,,ZONE,,61.490000,61.914786,0.385669,0.039117,True,1
9/15/2025 6:45:00 PM,9/15/2025 2:45:00 PM,1,PJM-RTO,,,ZONE,,42.060000,42.109113,0.027721,0.021392,True,1
9/15/2025 6:50:00 PM,9/15/2025 2:50:00 PM,1,PJM-RTO,,,ZONE,,81.120000,81.641622,0.477222,0.044400,True,1
9/15/2025 6:55:00 PM,9/15/2025 2:55:00 PM,1,PJM-RTO,,,ZONE,,57.020000,57.441734,0.382997,0.038738,True,1
9/15/2025 7:00:00 PM,9/15/2025 3:00:00 PM,1,PJM-RTO,,,ZONE,,41.400000,41.547139,0.121577,0.025562,True,1
9/15/2025 7:05:00 PM,9/15/2025 3:05:00 PM,1,PJM-RTO,,,ZONE,,43.710000,43.973155,0.239511,0.023645,True,1
9/15/2025 7:10:00 PM,9/15/2025 3:10:00 PM,1,PJM-RTO,,,ZONE,,81.170000,81.638883,0.434510,0.034374,True,1
9/15/2025 7:15:00 PM,9/15/2025 3:15:00 PM,1,PJM-RTO,,,ZONE,,98.560000,99.136948,0.527868,0.049080,True,1
9/15/2025 7:20:00 PM,9/15/2025 3:20:00 PM,1,PJM-RTO,,,ZONE,,145.240000,145.742737,0.431945,0.070793,True,1
9/15/2025 7:25:00 PM,9/15/2025 3:25:00 PM,1,PJM-RTO,,,ZONE,,53.650000,53.885033,0.207268,0.027765,True,1
9/15/2025 7:30:00 PM,9/15/2025 3:30:00 PM,1,PJM-RTO,,,ZONE,,80.970000,81.236537,0.227573,0.038963,True,1
9/15/2025 7:35:00 PM,9/15/2025 3:35:00 PM,1,PJM-RTO,,,ZONE,,65.830000,66.068372,0.203068,0.035304,True,1
9/15/2025 7:40:00 PM,9/15/2025 3:40:00 PM,1,PJM-RTO,,,ZONE,,62.760000,63.016334,0.217604,0.038730,True,1
9/15/2025 7:45:00 PM,9/15/2025 3:45:00 PM,1,PJM-RTO,,,ZONE,,63.210000,63.486412,0.235808,0.040604,True,1
9/15/2025 7:50:00 PM,9/15/2025 3:50:00 PM,1,PJM-RTO,,,ZONE,,61.530000,61.764483,0.203684,0.030800,True,1
9/15/2025 7:55:00 PM,9/15/2025 3:55:00 PM,1,PJM-RTO,,,ZONE,,46.040000,46.242052,0.177963,0.024090,True,1
9/15/2025 8:00:00 PM,9/15/2025 4:00:00 PM,1,PJM-RTO,,,ZONE,,35.750000,35.888799,0.115262,0.023537,True,1
9/15/2025 8:05:00 PM,9/15/2025 4:05:00 PM,1,PJM-RTO,,,ZONE,,36.180000,36.404151,0.199362,0.024790,True,1
9/15/2025 8:10:00 PM,9/15/2025 4:10:00 PM,1,PJM-RTO,,,ZONE,,28.220000,28.287882,0.050604,0.017278,True,1
9/15/2025 8:15:00 PM,9/15/2025 4:15:00 PM,1,PJM-RTO,,,ZONE,,32.290000,32.512314,0.211096,0.011219,True,1
9/15/2025 8:20:00 PM,9/15/2025 4:20:00 PM,1,PJM-RTO,,,ZONE,,36.610000,36.674813,0.044402,0.020410,True,1
9/15/2025 8:25:00 PM,9/15/2025 4:25:00 PM,1,PJM-RTO,,,ZONE,,38.730000,38.790925,0.044354,0.016571,True,1
9/15/2025 8:30:00 PM,9/15/2025 4:30:00 PM,1,PJM-RTO,,,ZONE,,39.590000,39.670445,0.057401,0.023043,True,1
9/15/2025 8:35:00 PM,9/15/2025 4:35:00 PM,1,PJM-RTO,,,ZONE,,39.510000,39.571884,0.043344,0.018540,True,1
9/15/2025 8:40:00 PM,9/15/2025 4:40:00 PM,1,PJM-RTO,,,ZONE,,46.350000,46.429924,0.054389,0.025535,True,1
9/15/2025 8:45:00 PM,9/15/2025 4:45:00 PM,1,PJM-RTO,,,ZONE,,50.380000,50.566753,0.158578,0.028176,True,1
9/15/2025 8:50:00 PM,9/15/2025 4:50:00 PM,1,PJM-RTO,,,ZONE,,49.850000,50.028352,0.151462,0.026890,True,1
9/15/2025 8:55:00 PM,9/15/2025 4:55:00 PM,1,PJM-RTO,,,ZONE,,50.310000,50.549884,0.207224,0.032660,True,1
9/15/2025 9:00:00 PM,9/15/2025 5:00:00 PM,1,PJM-RTO,,,ZONE,,47.770000,47.970637,0.177696,0.022941,True,1
9/15/2025 9:05:00 PM,9/15/2025 5:05:00 PM,1,PJM-RTO,,,ZONE,,45.290000,45.532066,0.218414,0.023652,True,1
9/15/2025 9:10:00 PM,9/15/2025 5:10:00 PM,1,PJM-RTO,,,ZONE,,42.900000,42.991697,0.071560,0.020137,True,1
9/15/2025 9:15:00 PM,9/15/2025 5:15:00 PM,1,PJM-RTO,,,ZONE,,39.020000,39.124198,0.080609,0.023589,True,1
9/15/2025 9:20:00 PM,9/15/2025 5:20:00 PM,1,PJM-RTO,,,ZONE,,36.050000,36.125241,0.060160,0.015082,True,1
9/15/2025 9:25:00 PM,9/15/2025 5:25:00 PM,1,PJM-RTO,,,ZONE,,45.350000,45.446592,0.074960,0.021632,True,1
9/15/2025 9:30:00 PM,9/15/2025 5:30:00 PM,1,PJM-RTO,,,ZONE,,46.150000,46.253553,0.081586,0.021967,True,1
9/15/2025 9:35:00 PM,9/15/2025 5:35:00 PM,1,PJM-RTO,,,ZONE,,44.660000,44.750043,0.069515,0.020529,True,1
9/15/2025 9:40:00 PM,9/15/2025 5:40:00 PM,1,PJM-RTO,,,ZONE,,47.730000,47.823837,0.067344,0.026493,True,1
9/15/2025 9:45:00 PM,9/15/2025 5:45:00 PM,1,PJM-RTO,,,ZONE,,46.860000,46.961461,0.076683,0.024778,True,1
9/15/2025 9:50:00 PM,9/15/2025 5:50:00 PM,1,PJM-RTO,,,ZONE,,46.220000,46.290840,0.048097,0.022743,True,1
9/15/2025 9:55:00 PM,9/15/2025 5:55:00 PM,1,PJM-RTO,,,ZONE,,54.680000,54.774044,0.062085,0.031959,True,1
9/15/2025 10:00:00 PM,9/15/2025 6:00:00 PM,1,PJM-RTO,,,ZONE,,47.650000,47.730301,0.054181,0.026120,True,1
9/15/2025 10:05:00 PM,9/15/2025 6:05:00 PM,1,PJM-RTO,,,ZONE,,43.970000,44.057745,0.071114,0.016631,True,1
9/15/2025 10:10:00 PM,9/15/2025 6:10:00 PM,1,PJM-RTO,,,ZONE,,46.440000,46.541383,0.078038,0.023345,True,1
9/15/2025 10:15:00 PM,9/15/2025 6:15:00 PM,1,PJM-RTO,,,ZONE,,50.170000,50.280409,0.083621,0.026787,True,1
9/15/2025 10:20:00 PM,9/15/2025 6:20:00 PM,1,PJM-RTO,,,ZONE,,41.520000,41.629741,0.084288,0.025454,True,1
9/15/2025 10:25:00 PM,9/15/2025 6:25:00 PM,1,PJM-RTO,,,ZONE,,49.980000,50.104828,0.097330,0.027498,True,1
9/15/2025 10:30:00 PM,9/15/2025 6:30:00 PM,1,PJM-RTO,,,ZONE,,49.120000,49.255314,0.104027,0.031287,True,1
9/15/2025 10:35:00 PM,9/15/2025 6:35:00 PM,1,PJM-RTO,,,ZONE,,52.020000,52.126421,0.079337,0.027085,True,1
9/15/2025 10:40:00 PM,9/15/2025 6:40:00 PM,1,PJM-RTO,,,ZONE,,83.420000,83.639749,0.173235,0.046514,True,1
9/15/2025 10:45:00 PM,9/15/2025 6:45:00 PM,1,PJM-RTO,,,ZONE,,83.260000,83.454906,0.148610,0.046296,True,1
9/15/2025 10:50:00 PM,9/15/2025 6:50:00 PM,1,PJM-RTO,,,ZONE,,72.310000,72.488134,0.134873,0.043261,True,1
9/15/2025 10:55:00 PM,9/15/2025 6:55:00 PM,1,PJM-RTO,,,ZONE,,193.530000,194.020029,0.381351,0.108679,True,1
9/15/2025 11:00:00 PM,9/15/2025 7:00:00 PM,1,PJM-RTO,,,ZONE,,89.990000,90.229614,0.198051,0.041563,True,1
9/15/2025 11:05:00 PM,9/15/2025 7:05:00 PM,1,PJM-RTO,,,ZONE,,52.000000,52.114304,0.090260,0.024045,True,1
9/15/2025 11:10:00 PM,9/15/2025 7:10:00 PM,1,PJM-RTO,,,ZONE,,84.310000,84.515277,0.165413,0.039864,True,1
9/15/2025 11:15:00 PM,9/15/2025 7:15:00 PM,1,PJM-RTO,,,ZONE,,206.960000,207.588756,0.526209,0.102548,True,1
9/15/2025 11:20:00 PM,9/15/2025 7:20:00 PM,1,PJM-RTO,,,ZONE,,74.710000,74.977408,0.229811,0.037597,True,1
9/15/2025 11:25:00 PM,9/15/2025 7:25:00 PM,1,PJM-RTO,,,ZONE,,56.810000,56.946415,0.106773,0.029642,True,1
9/15/2025 11:30:00 PM,9/15/2025 7:30:00 PM,1,PJM-RTO,,,ZONE,,55.220000,55.349771,0.094372,0.035399,True,1
9/15/2025 11:35:00 PM,9/15/2025 7:35:00 PM,1,PJM-RTO,,,ZONE,,58.360000,58.784969,0.393366,0.031603,True,1
9/15/2025 11:40:00 PM,9/15/2025 7:40:00 PM,1,PJM-RTO,,,ZONE,,63.240000,63.626338,0.351524,0.034814,True,1
9/15/2025 11:45:00 PM,9/15/2025 7:45:00 PM,1,PJM-RTO,,,ZONE,,48.570000,48.816483,0.217606,0.028877,True,1
9/15/2025 11:50:00 PM,9/15/2025 7:50:00 PM,1,PJM-RTO,,,ZONE,,49.690000,49.935723,0.215115,0.030608,True,1
9/15/2025 11:55:00 PM,9/15/2025 7:55:00 PM,1,PJM-RTO,,,ZONE,,53.200000,53.454123,0.223963,0.030160,True,1
9/16/2025 12:00:00 AM,9/15/2025 8:00:00 PM,1,PJM-RTO,,,ZONE,,52.120000,52.275138,0.127730,0.027408,True,1
9/16/2025 12:05:00 AM,9/15/2025 8:05:00 PM,1,PJM-RTO,,,ZONE,,59.340000,59.706845,0.336508,0.030337,True,1
9/16/2025 12:10:00 AM,9/15/2025 8:10:00 PM,1,PJM-RTO,,,ZONE,,83.600000,83.998333,0.357217,0.041116,True,1
9/16/2025 12:15:00 AM,9/15/2025 8:15:00 PM,1,PJM-RTO,,,ZONE,,53.560000,53.817756,0.235319,0.022437,True,1
9/16/2025 12:20:00 AM,9/15/2025 8:20:00 PM,1,PJM-RTO,,,ZONE,,51.800000,52.125680,0.303081,0.022599,True,1
9/16/2025 12:25:00 AM,9/15/2025 8:25:00 PM,1,PJM-RTO,,,ZONE,,52.460000,52.605543,0.116967,0.028576,True,1
9/16/2025 12:30:00 AM,9/15/2025 8:30:00 PM,1,PJM-RTO,,,ZONE,,43.050000,43.138444,0.068727,0.019717,True,1
9/16/2025 12:35:00 AM,9/15/2025 8:35:00 PM,1,PJM-RTO,,,ZONE,,48.710000,48.888601,0.149538,0.029063,True,1
9/16/2025 12:40:00 AM,9/15/2025 8:40:00 PM,1,PJM-RTO,,,ZONE,,42.680000,42.768893,0.067732,0.021161,True,1
9/16/2025 12:45:00 AM,9/15/2025 8:45:00 PM,1,PJM-RTO,,,ZONE,,46.610000,46.697225,0.065321,0.021904,True,1
9/16/2025 12:50:00 AM,9/15/2025 8:50:00 PM,1,PJM-RTO,,,ZONE,,38.690000,38.757706,0.050939,0.016768,True,1
9/16/2025 12:55:00 AM,9/15/2025 8:55:00 PM,1,PJM-RTO,,,ZONE,,42.970000,43.046110,0.052547,0.023563,True,1
9/16/2025 1:00:00 AM,9/15/2025 9:00:00 PM,1,PJM-RTO,,,ZONE,,33.880000,33.963121,0.068330,0.014791,True,1
9/16/2025 1:05:00 AM,9/15/2025 9:05:00 PM,1,PJM-RTO,,,ZONE,,33.070000,33.154148,0.063636,0.020512,True,1
9/16/2025 1:10:00 AM,9/15/2025 9:10:00 PM,1,PJM-RTO,,,ZONE,,30.710000,30.774048,0.053324,0.010724,True,1
9/16/2025 1:15:00 AM,9/15/2025 9:15:00 PM,1,PJM-RTO,,,ZONE,,30.930000,30.989919,0.039072,0.020847,True,1
9/16/2025 1:20:00 AM,9/15/2025 9:20:00 PM,1,PJM-RTO,,,ZONE,,25.750000,25.855791,0.093093,0.012698,True,1
9/16/2025 1:25:00 AM,9/15/2025 9:25:00 PM,1,PJM-RTO,,,ZONE,,29.640000,29.698001,0.044886,0.013115,True,1
9/16/2025 1:30:00 AM,9/15/2025 9:30:00 PM,1,PJM-RTO,,,ZONE,,21.970000,22.005378,0.020809,0.014569,True,1
9/16/2025 1:35:00 AM,9/15/2025 9:35:00 PM,1,PJM-RTO,,,ZONE,,26.110000,26.165979,0.036195,0.019784,True,1
9/16/2025 1:40:00 AM,9/15/2025 9:40:00 PM,1,PJM-RTO,,,ZONE,,25.450000,25.502168,0.039550,0.012619,True,1
9/16/2025 1:45:00 AM,9/15/2025 9:45:00 PM,1,PJM-RTO,,,ZONE,,23.910000,23.961785,0.032979,0.018806,True,1
9/16/2025 1:50:00 AM,9/15/2025 9:50:00 PM,1,PJM-RTO,,,ZONE,,31.210000,31.269128,0.041968,0.017160,True,1
9/16/2025 1:55:00 AM,9/15/2025 9:55:00 PM,1,PJM-RTO,,,ZONE,,28.090000,28.152550,0.043986,0.018564,True,1
9/16/2025 2:00:00 AM,9/15/2025 10:00:00 PM,1,PJM-RTO,,,ZONE,,24.680000,24.749553,0.056912,0.012641,True,1
9/16/2025 2:05:00 AM,9/15/2025 10:05:00 PM,1,PJM-RTO,,,ZONE,,33.090000,33.193811,0.089137,0.014674,True,1
9/16/2025 2:10:00 AM,9/15/2025 10:10:00 PM,1,PJM-RTO,,,ZONE,,22.850000,22.914103,0.046040,0.018063,True,1
9/16/2025 2:15:00 AM,9/15/2025 10:15:00 PM,1,PJM-RTO,,,ZONE,,27.160000,27.223011,0.045786,0.017226,True,1
9/16/2025 2:20:00 AM,9/15/2025 10:20:00 PM,1,PJM-RTO,,,ZONE,,21.160000,21.192805,0.020884,0.011921,True,1
9/16/2025 2:25:00 AM,9/15/2025 10:25:00 PM,1,PJM-RTO,,,ZONE,,25.060000,25.119626,0.044655,0.014971,True,1
9/16/2025 2:30:00 AM,9/15/2025 10:30:00 PM,1,PJM-RTO,,,ZONE,,19.480000,19.507486,0.015897,0.011589,True,1
9/16/2025 2:35:00 AM,9/15/2025 10:35:00 PM,1,PJM-RTO,,,ZONE,,23.490000,23.538358,0.028692,0.019666,True,1
9/16/2025 2:40:00 AM,9/15/2025 10:40:00 PM,1,PJM-RTO,,,ZONE,,22.050000,22.083037,0.019327,0.013710,True,1
9/16/2025 2:45:00 AM,9/15/2025 10:45:00 PM,1,PJM-RTO,,,ZONE,,20.070000,20.110028,0.031017,0.009011,True,1
9/16/2025 2:50:00 AM,9/15/2025 10:50:00 PM,1,PJM-RTO,,,ZONE,,21.730000,21.758705,0.018372,0.010333,True,1
9/16/2025 2:55:00 AM,9/15/2025 10:55:00 PM,1,PJM-RTO,,,ZONE,,32.560000,32.623788,0.047939,0.015850,True,1
9/16/2025 3:00:00 AM,9/15/2025 11:00:00 PM,1,PJM-RTO,,,ZONE,,32.630000,32.746607,0.089948,0.026660,True,1
9/16/2025 3:05:00 AM,9/15/2025 11:05:00 PM,1,PJM-RTO,,,ZONE,,47.690000,47.869723,0.145652,0.034071,True,1
9/16/2025 3:10:00 AM,9/15/2025 11:10:00 PM,1,PJM-RTO,,,ZONE,,30.760000,30.850954,0.072923,0.018030,True,1
9/16/2025 3:15:00 AM,9/15/2025 11:15:00 PM,1,PJM-RTO,,,ZONE,,50.910000,51.097638,0.151064,0.036574,True,1
9/16/2025 3:20:00 AM,9/15/2025 11:20:00 PM,1,PJM-RTO,,,ZONE,,40.080000,40.173350,0.072803,0.020548,True,1
9/16/2025 3:25:00 AM,9/15/2025 11:25:00 PM,1,PJM-RTO,,,ZONE,,24.360000,24.397319,0.023933,0.013386,True,1
9/16/2025 3:30:00 AM,9/15/2025 11:30:00 PM,1,PJM-RTO,,,ZONE,,35.120000,35.245107,0.099851,0.025256,True,1
9/16/2025 3:35:00 AM,9/15/2025 11:35:00 PM,1,PJM-RTO,,,ZONE,,20.150000,20.180990,0.020402,0.010588,True,1
9/16/2025 3:40:00 AM,9/15/2025 11:40:00 PM,1,PJM-RTO,,,ZONE,,29.610000,29.676895,0.051281,0.015614,True,1
9/16/2025 3:45:00 AM,9/15/2025 11:45:00 PM,1,PJM-RTO,,,ZONE,,26.920000,26.986066,0.049477,0.016589,True,1
9/16/2025 3:50:00 AM,9/15/2025 11:50:00 PM,1,PJM-RTO,,,ZONE,,29.370000,29.489073,0.100949,0.018124,True,1
9/16/2025 3:55:00 AM,9/15/2025 11:55:00 PM,1,PJM-RTO,,,ZONE,,26.100000,26.321368,0.209739,0.011629,True,1
9/16/2025 4:00:00 AM,9/16/2025 12:00:00 AM,1,PJM-RTO,,,ZONE,,22.480000,22.535888,0.036974,0.018914,True,1
9/16/2025 4:05:00 AM,9/16/2025 12:05:00 AM,1,PJM-RTO,,,ZONE,,23.770000,23.907239,0.116898,0.020341,True,1
9/16/2025 4:10:00 AM,9/16/2025 12:10:00 AM,1,PJM-RTO,,,ZONE,,23.320000,23.364345,0.030318,0.014027,True,1
9/16/2025 4:15:00 AM,9/16/2025 12:15:00 AM,1,PJM-RTO,,,ZONE,,23.930000,24.243876,0.301275,0.012601,True,1
9/16/2025 4:20:00 AM,9/16/2025 12:20:00 AM,1,PJM-RTO,,,ZONE,,20.320000,20.443360,0.113342,0.010018,True,1
9/16/2025 4:25:00 AM,9/16/2025 12:25:00 AM,1,PJM-RTO,,,ZONE,,21.750000,21.908184,0.140521,0.017663,True,1
9/16/2025 4:30:00 AM,9/16/2025 12:30:00 AM,1,PJM-RTO,,,ZONE,,21.940000,22.183512,0.223551,0.019961,True,1
9/16/2025 4:35:00 AM,9/16/2025 12:35:00 AM,1,PJM-RTO,,,ZONE,,21.750000,21.920081,0.150987,0.019094,True,1
9/16/2025 4:40:00 AM,9/16/2025 12:40:00 AM,1,PJM-RTO,,,ZONE,,21.890000,22.170751,0.270407,0.010344,True,1
9/16/2025 4:45:00 AM,9/16/2025 12:45:00 AM,1,PJM-RTO,,,ZONE,,21.720000,22.009502,0.271082,0.018421,True,1
9/16/2025 4:50:00 AM,9/16/2025 12:50:00 AM,1,PJM-RTO,,,ZONE,,21.660000,21.937569,0.265219,0.012350,True,1
9/16/2025 4:55:00 AM,9/16/2025 12:55:00 AM,1,PJM-RTO,,,ZONE,,17.270000,17.402986,0.122251,0.010735,True,1
9/16/2025 5:00:00 AM,9/16/2025 1:00:00 AM,1,PJM-RTO,,,ZONE,,19.650000,19.927705,0.270208,0.007497,True,1
9/16/2025 5:05:00 AM,9/16/2025 1:05:00 AM,1,PJM-RTO,,,ZONE,,18.560000,18.801663,0.229822,0.011841,True,1
9/16/2025 5:10:00 AM,9/16/2025 1:10:00 AM,1,PJM-RTO,,,ZONE,,19.510000,19.808523,0.284162,0.014361,True,1
9/16/2025 5:15:00 AM,9/16/2025 1:15:00 AM,1,PJM-RTO,,,ZONE,,19.930000,20.197180,0.258090,0.009090,True,1
9/16/2025 5:20:00 AM,9/16/2025 1:20:00 AM,1,PJM-RTO,,,ZONE,,17.510000,17.735377,0.212129,0.013247,True,1
9/16/2025 5:25:00 AM,9/16/2025 1:25:00 AM,1,PJM-RTO,,,ZONE,,19.380000,19.689328,0.299259,0.010069,True,1
9/16/2025 5:30:00 AM,9/16/2025 1:30:00 AM,1,PJM-RTO,,,ZONE,,18.450000,18.717875,0.251595,0.016280,True,1
9/16/2025 5:35:00 AM,9/16/2025 1:35:00 AM,1,PJM-RTO,,,ZONE,,19.110000,19.432426,0.308187,0.014239,True,1
9/16/2025 5:40:00 AM,9/16/2025 1:40:00 AM,1,PJM-RTO,,,ZONE,,18.380000,18.630511,0.236242,0.014268,True,1
9/16/2025 5:45:00 AM,9/16/2025 1:45:00 AM,1,PJM-RTO,,,ZONE,,17.090000,17.365739,0.261838,0.013900,True,1
9/16/2025 5:50:00 AM,9/16/2025 1:50:00 AM,1,PJM-RTO,,,ZONE,,16.250000,16.571006,0.305416,0.015591,True,1
9/16/2025 5:55:00 AM,9/16/2025 1:55:00 AM,1,PJM-RTO,,,ZONE,,16.290000,16.612085,0.308892,0.013193,True,1
9/16/2025 6:00:00 AM,9/16/2025 2:00:00 AM,1,PJM-RTO,,,ZONE,,16.240000,16.475685,0.222727,0.012959,True,1
9/16/2025 6:05:00 AM,9/16/2025 2:05:00 AM,1,PJM-RTO,,,ZONE,,16.710000,17.053370,0.336305,0.007065,True,1
9/16/2025 6:10:00 AM,9/16/2025 2:10:00 AM,1,PJM-RTO,,,ZONE,,16.780000,17.123930,0.337669,0.006261,True,1
9/16/2025 6:15:00 AM,9/16/2025 2:15:00 AM,1,PJM-RTO,,,ZONE,,16.280000,16.560760,0.274759,0.006001,True,1
9/16/2025 6:20:00 AM,9/16/2025 2:20:00 AM,1,PJM-RTO,,,ZONE,,15.360000,15.513252,0.138976,0.014275,True,1
9/16/2025 6:25:00 AM,9/16/2025 2:25:00 AM,1,PJM-RTO,,,ZONE,,16.270000,16.586462,0.302847,0.013614,True,1
9/16/2025 6:30:00 AM,9/16/2025 2:30:00 AM,1,PJM-RTO,,,ZONE,,15.420000,15.600359,0.166115,0.014244,True,1
9/16/2025 6:35:00 AM,9/16/2025 2:35:00 AM,1,PJM-RTO,,,ZONE,,16.510000,16.800843,0.279184,0.011659,True,1
9/16/2025 6:40:00 AM,9/16/2025 2:40:00 AM,1,PJM-RTO,,,ZONE,,15.270000,15.435253,0.156243,0.009010,True,1
9/16/2025 6:45:00 AM,9/16/2025 2:45:00 AM,1,PJM-RTO,,,ZONE,,15.580000,15.768962,0.178957,0.010005,True,1
9/16/2025 6:50:00 AM,9/16/2025 2:50:00 AM,1,PJM-RTO,,,ZONE,,15.840000,16.043795,0.195296,0.008499,True,1
9/16/2025 6:55:00 AM,9/16/2025 2:55:00 AM,1,PJM-RTO,,,ZONE,,15.110000,15.220238,0.097881,0.012357,True,1
9/16/2025 7:00:00 AM,9/16/2025 3:00:00 AM,1,PJM-RTO,,,ZONE,,16.140000,16.427094,0.276153,0.010941,True,1
9/16/2025 7:05:00 AM,9/16/2025 3:05:00 AM,1,PJM-RTO,,,ZONE,,16.440000,16.734203,0.282756,0.011447,True,1
9/16/2025 7:10:00 AM,9/16/2025 3:10:00 AM,1,PJM-RTO,,,ZONE,,15.780000,16.069335,0.282752,0.006583,True,1
9/16/2025 7:15:00 AM,9/16/2025 3:15:00 AM,1,PJM-RTO,,,ZONE,,15.320000,15.379097,0.048418,0.010679,True,1
9/16/2025 7:20:00 AM,9/16/2025 3:20:00 AM,1,PJM-RTO,,,ZONE,,15.440000,15.523045,0.069225,0.013819,True,1
9/16/2025 7:25:00 AM,9/16/2025 3:25:00 AM,1,PJM-RTO,,,ZONE,,15.700000,15.771018,0.064643,0.006375,True,1
9/16/2025 7:30:00 AM,9/16/2025 3:30:00 AM,1,PJM-RTO,,,ZONE,,16.040000,16.122582,0.074090,0.008492,True,1
9/16/2025 7:35:00 AM,9/16/2025 3:35:00 AM,1,PJM-RTO,,,ZONE,,15.730000,15.805225,0.062912,0.012313,True,1
9/16/2025 7:40:00 AM,9/16/2025 3:40:00 AM,1,PJM-RTO,,,ZONE,,15.620000,15.693599,0.063012,0.010588,True,1
9/16/2025 7:45:00 AM,9/16/2025 3:45:00 AM,1,PJM-RTO,,,ZONE,,15.650000,15.727763,0.067453,0.010311,True,1
9/16/2025 7:50:00 AM,9/16/2025 3:50:00 AM,1,PJM-RTO,,,ZONE,,15.640000,15.717655,0.069749,0.007906,True,1
9/16/2025 7:55:00 AM,9/16/2025 3:55:00 AM,1,PJM-RTO,,,ZONE,,18.570000,18.875006,0.289895,0.015111,True,1
9/16/2025 8:00:00 AM,9/16/2025 4:00:00 AM,1,PJM-RTO,,,ZONE,,16.060000,16.154152,0.077764,0.016387,True,1
9/16/2025 8:05:00 AM,9/16/2025 4:05:00 AM,1,PJM-RTO,,,ZONE,,18.090000,18.223069,0.115538,0.017531,True,1
9/16/2025 8:10:00 AM,9/16/2025 4:10:00 AM,1,PJM-RTO,,,ZONE,,16.780000,16.883283,0.089679,0.013604,True,1
9/16/2025 8:15:00 AM,9/16/2025 4:15:00 AM,1,PJM-RTO,,,ZONE,,20.150000,20.459333,0.293814,0.015519,True,1
9/16/2025 8:20:00 AM,9/16/2025 4:20:00 AM,1,PJM-RTO,,,ZONE,,19.480000,19.769305,0.272555,0.016750,True,1
9/16/2025 8:25:00 AM,9/16/2025 4:25:00 AM,1,PJM-RTO,,,ZONE,,19.240000,19.438057,0.182967,0.015091,True,1
9/16/2025 8:30:00 AM,9/16/2025 4:30:00 AM,1,PJM-RTO,,,ZONE,,20.090000,20.359796,0.258008,0.011788,True,1
9/16/2025 8:35:00 AM,9/16/2025 4:35:00 AM,1,PJM-RTO,,,ZONE,,19.840000,19.998469,0.145685,0.012783,True,1
9/16/2025 8:40:00 AM,9/16/2025 4:40:00 AM,1,PJM-RTO,,,ZONE,,19.350000,19.497473,0.135740,0.011733,True,1
9/16/2025 8:45:00 AM,9/16/2025 4:45:00 AM,1,PJM-RTO,,,ZONE,,18.760000,18.910636,0.140970,0.009666,True,1
9/16/2025 8:50:00 AM,9/16/2025 4:50:00 AM,1,PJM-RTO,,,ZONE,,16.510000,16.635305,0.113937,0.011369,True,1
9/16/2025 8:55:00 AM,9/16/2025 4:55:00 AM,1,PJM-RTO,,,ZONE,,14.410000,14.441370,0.021282,0.010088,True,1
9/16/2025 9:00:00 AM,9/16/2025 5:00:00 AM,1,PJM-RTO,,,ZONE,,14.840000,15.074032,0.219717,0.014315,True,1
9/16/2025 9:05:00 AM,9/16/2025 5:05:00 AM,1,PJM-RTO,,,ZONE,,16.210000,16.259382,0.040363,0.009018,True,1
9/16/2025 9:10:00 AM,9/16/2025 5:10:00 AM,1,PJM-RTO,,,ZONE,,21.640000,21.944308,0.291376,0.012932,True,1
9/16/2025 9:15:00 AM,9/16/2025 5:15:00 AM,1,PJM-RTO,,,ZONE,,19.330000,19.389185,0.041467,0.017717,True,1
9/16/2025 9:20:00 AM,9/16/2025 5:20:00 AM,1,PJM-RTO,,,ZONE,,19.190000,19.248438,0.043554,0.014884,True,1
9/16/2025 9:25:00 AM,9/16/2025 5:25:00 AM,1,PJM-RTO,,,ZONE,,19.980000,20.015622,0.023222,0.012400,True,1
9/16/2025 9:30:00 AM,9/16/2025 5:30:00 AM,1,PJM-RTO,,,ZONE,,21.920000,21.960486,0.027430,0.013056,True,1
9/16/2025 9:35:00 AM,9/16/2025 5:35:00 AM,1,PJM-RTO,,,ZONE,,21.370000,21.437529,0.052798,0.014730,True,1
9/16/2025 9:40:00 AM,9/16/2025 5:40:00 AM,1,PJM-RTO,,,ZONE,,22.060000,22.138718,0.067944,0.010774,True,1
9/16/2025 9:45:00 AM,9/16/2025 5:45:00 AM,1,PJM-RTO,,,ZONE,,23.620000,23.689364,0.056974,0.012390,True,1
9/16/2025 9:50:00 AM,9/16/2025 5:50:00 AM,1,PJM-RTO,,,ZONE,,24.030000,24.102989,0.055315,0.017674,True,1
9/16/2025 9:55:00 AM,9/16/2025 5:55:00 AM,1,PJM-RTO,,,ZONE,,28.180000,28.333202,0.139683,0.013519,True,1
9/16/2025 10:00:00 AM,9/16/2025 6:00:00 AM,1,PJM-RTO,,,ZONE,,25.610000,25.637987,0.016020,0.011966,True,1
9/16/2025 10:05:00 AM,9/16/2025 6:05:00 AM,1,PJM-RTO,,,ZONE,,43.000000,43.093037,0.062780,0.030256,True,1
9/16/2025 10:10:00 AM,9/16/2025 6:10:00 AM,1,PJM-RTO,,,ZONE,,31.950000,32.011837,0.040154,0.021683,True,1
9/16/2025 10:15:00 AM,9/16/2025 6:15:00 AM,1,PJM-RTO,,,ZONE,,78.370000,78.692680,0.265936,0.056743,True,1
9/16/2025 10:20:00 AM,9/16/2025 6:20:00 AM,1,PJM-RTO,,,ZONE,,52.580000,52.814395,0.199539,0.034856,True,1
9/16/2025 10:25:00 AM,9/16/2025 6:25:00 AM,1,PJM-RTO,,,ZONE,,34.410000,34.593805,0.162955,0.020850,True,1
9/16/2025 10:30:00 AM,9/16/2025 6:30:00 AM,1,PJM-RTO,,,ZONE,,35.550000,35.744318,0.168176,0.026142,True,1
9/16/2025 10:35:00 AM,9/16/2025 6:35:00 AM,1,PJM-RTO,,,ZONE,,40.760000,40.954791,0.171256,0.023536,True,1
9/16/2025 10:40:00 AM,9/16/2025 6:40:00 AM,1,PJM-RTO,,,ZONE,,37.700000,37.795694,0.067594,0.028099,True,1
9/16/2025 10:45:00 AM,9/16/2025 6:45:00 AM,1,PJM-RTO,,,ZONE,,38.540000,38.842748,0.275456,0.027292,True,1
9/16/2025 10:50:00 AM,9/16/2025 6:50:00 AM,1,PJM-RTO,,,ZONE,,35.550000,35.789022,0.218689,0.020333,True,1
9/16/2025 10:55:00 AM,9/16/2025 6:55:00 AM,1,PJM-RTO,,,ZONE,,28.940000,29.227500,0.271362,0.016138,True,1
9/16/2025 11:00:00 AM,9/16/2025 7:00:00 AM,1,PJM-RTO,,,ZONE,,44.940000,45.107794,0.143750,0.024044,True,1
9/16/2025 11:05:00 AM,9/16/2025 7:05:00 AM,1,PJM-RTO,,,ZONE,,32.760000,32.821273,0.042642,0.018631,True,1
9/16/2025 11:10:00 AM,9/16/2025 7:10:00 AM,1,PJM-RTO,,,ZONE,,33.610000,33.755759,0.130998,0.014761,True,1
9/16/2025 11:15:00 AM,9/16/2025 7:15:00 AM,1,PJM-RTO,,,ZONE,,39.570000,39.654362,0.068575,0.015788,True,1
9/16/2025 11:20:00 AM,9/16/2025 7:20:00 AM,1,PJM-RTO,,,ZONE,,31.410000,31.474311,0.044631,0.019680,True,1
9/16/2025 11:25:00 AM,9/16/2025 7:25:00 AM,1,PJM-RTO,,,ZONE,,32.310000,32.381394,0.047411,0.023983,True,1
9/16/2025 11:30:00 AM,9/16/2025 7:30:00 AM,1,PJM-RTO,,,ZONE,,30.820000,30.891789,0.050621,0.021167,True,1
9/16/2025 11:35:00 AM,9/16/2025 7:35:00 AM,1,PJM-RTO,,,ZONE,,29.550000,29.602832,0.033608,0.019224,True,1
9/16/2025 11:40:00 AM,9/16/2025 7:40:00 AM,1,PJM-RTO,,,ZONE,,29.490000,29.548018,0.042350,0.015668,True,1
9/16/2025 11:45:00 AM,9/16/2025 7:45:00 AM,1,PJM-RTO,,,ZONE,,28.080000,28.129864,0.029113,0.020750,True,1
9/16/2025 11:50:00 AM,9/16/2025 7:50:00 AM,1,PJM-RTO,,,ZONE,,27.520000,27.565201,0.029349,0.015852,True,1
9/16/2025 11:55:00 AM,9/16/2025 7:55:00 AM,1,PJM-RTO,,,ZONE,,26.970000,27.099683,0.113654,0.016029,True,1
9/16/2025 12:00:00 PM,9/16/2025 8:00:00 AM,1,PJM-RTO,,,ZONE,,27.250000,27.289128,0.027434,0.011695,True,1
9/16/2025 12:05:00 PM,9/16/2025 8:05:00 AM,1,PJM-RTO,,,ZONE,,28.240000,28.287625,0.027233,0.020392,True,1
9/16/2025 12:10:00 PM,9/16/2025 8:10:00 AM,1,PJM-RTO,,,ZONE,,27.300000,27.344793,0.026445,0.018348,True,1
9/16/2025 12:15:00 PM,9/16/2025 8:15:00 AM,1,PJM-RTO,,,ZONE,,25.030000,25.291274,0.242345,0.018928,True,1
9/16/2025 12:20:00 PM,9/16/2025 8:20:00 AM,1,PJM-RTO,,,ZONE,,25.710000,25.828501,0.104631,0.013869,True,1
9/16/2025 12:25:00 PM,9/16/2025 8:25:00 AM,1,PJM-RTO,,,ZONE,,26.160000,26.248903,0.070853,0.018049,True,1
9/16/2025 12:30:00 PM,9/16/2025 8:30:00 AM,1,PJM-RTO,,,ZONE,,26.130000,26.218565,0.074314,0.014251,True,1
9/16/2025 12:35:00 PM,9/16/2025 8:35:00 AM,1,PJM-RTO,,,ZONE,,24.760000,24.799722,0.028258,0.011464,True,1
9/16/2025 12:40:00 PM,9/16/2025 8:40:00 AM,1,PJM-RTO,,,ZONE,,26.150000,26.255254,0.086683,0.018571,True,1
9/16/2025 12:45:00 PM,9/16/2025 8:45:00 AM,1,PJM-RTO,,,ZONE,,27.000000,27.042888,0.025170,0.017718,True,1
9/16/2025 12:50:00 PM,9/16/2025 8:50:00 AM,1,PJM-RTO,,,ZONE,,23.700000,23.799672,0.087938,0.011734,True,1
9/16/2025 12:55:00 PM,9/16/2025 8:55:00 AM,1,PJM-RTO,,,ZONE,,19.050000,19.077698,0.012138,0.015560,True,1
9/16/2025 1:00:00 PM,9/16/2025 9:00:00 AM,1,PJM-RTO,,,ZONE,,21.120000,21.206360,0.078508,0.007852,True,1
9/16/2025 1:05:00 PM,9/16/2025 9:05:00 AM,1,PJM-RTO,,,ZONE,,19.800000,19.821900,0.013789,0.008111,True,1
9/16/2025 1:10:00 PM,9/16/2025 9:10:00 AM,1,PJM-RTO,,,ZONE,,24.870000,24.901443,0.021801,0.009642,True,1
9/16/2025 1:15:00 PM,9/16/2025 9:15:00 AM,1,PJM-RTO,,,ZONE,,25.240000,25.253642,0.000000,0.013642,True,1
9/16/2025 1:20:00 PM,9/16/2025 9:20:00 AM,1,PJM-RTO,,,ZONE,,30.210000,30.223752,0.000000,0.013752,True,1
9/16/2025 1:25:00 PM,9/16/2025 9:25:00 AM,1,PJM-RTO,,,ZONE,,27.720000,27.738363,0.000000,0.018363,True,1
9/16/2025 1:30:00 PM,9/16/2025 9:30:00 AM,1,PJM-RTO,,,ZONE,,27.030000,27.042540,0.000000,0.012540,True,1
9/16/2025 1:35:00 PM,9/16/2025 9:35:00 AM,1,PJM-RTO,,,ZONE,,25.300000,25.567106,0.249137,0.017968,True,1
9/16/2025 1:40:00 PM,9/16/2025 9:40:00 AM,1,PJM-RTO,,,ZONE,,24.670000,24.714083,0.024618,0.019465,True,1
9/16/2025 1:45:00 PM,9/16/2025 9:45:00 AM,1,PJM-RTO,,,ZONE,,26.620000,26.670404,0.029156,0.021247,True,1
9/16/2025 1:50:00 PM,9/16/2025 9:50:00 AM,1,PJM-RTO,,,ZONE,,26.920000,26.971237,0.031446,0.019791,True,1
9/16/2025 1:55:00 PM,9/16/2025 9:55:00 AM,1,PJM-RTO,,,ZONE,,25.580000,25.621518,0.024762,0.016757,True,1
9/16/2025 2:00:00 PM,9/16/2025 10:00:00 AM,1,PJM-RTO,,,ZONE,,30.900000,30.958056,0.045728,0.012328,True,1
9/16/2025 2:05:00 PM,9/16/2025 10:05:00 AM,1,PJM-RTO,,,ZONE,,27.810000,27.857998,0.033432,0.014566,True,1
9/16/2025 2:10:00 PM,9/16/2025 10:10:00 AM,1,PJM-RTO,,,ZONE,,29.210000,29.272856,0.042372,0.020484,True,1
9/16/2025 2:15:00 PM,9/16/2025 10:15:00 AM,1,PJM-RTO,,,ZONE,,30.740000,31.006833,0.244281,0.022552,True,1
9/16/2025 2:20:00 PM,9/16/2025 10:20:00 AM,1,PJM-RTO,,,ZONE,,30.590000,30.655067,0.043088,0.021979,True,1
9/16/2025 2:25:00 PM,9/16/2025 10:25:00 AM,1,PJM-RTO,,,ZONE,,29.930000,29.989530,0.035718,0.023813,True,1
9/16/2025 2:30:00 PM,9/16/2025 10:30:00 AM,1,PJM-RTO,,,ZONE,,29.360000,29.406634,0.032249,0.014386,True,1
9/16/2025 2:35:00 PM,9/16/2025 10:35:00 AM,1,PJM-RTO,,,ZONE,,27.710000,27.750216,0.027927,0.012289,True,1
9/16/2025 2:40:00 PM,9/16/2025 10:40:00 AM,1,PJM-RTO,,,ZONE,,30.660000,30.713735,0.038275,0.015459,True,1
9/16/2025 2:45:00 PM,9/16/2025 10:45:00 AM,1,PJM-RTO,,,ZONE,,29.000000,29.048473,0.027616,0.020857,True,1
9/16/2025 2:50:00 PM,9/16/2025 10:50:00 AM,1,PJM-RTO,,,ZONE,,28.010000,28.045997,0.023402,0.012595,True,1
9/16/2025 2:55:00 PM,9/16/2025 10:55:00 AM,1,PJM-RTO,,,ZONE,,25.100000,25.135310,0.018151,0.017158,True,1
9/16/2025 3:00:00 PM,9/16/2025 11:00:00 AM,1,PJM-RTO,,,ZONE,,26.650000,26.680084,0.018614,0.011469,True,1
9/16/2025 3:05:00 PM,9/16/2025 11:05:00 AM,1,PJM-RTO,,,ZONE,,29.190000,29.222641,0.021709,0.010932,True,1
9/16/2025 3:10:00 PM,9/16/2025 11:10:00 AM,1,PJM-RTO,,,ZONE,,28.010000,28.035723,0.009870,0.015853,True,1
9/16/2025 3:15:00 PM,9/16/2025 11:15:00 AM,1,PJM-RTO,,,ZONE,,29.300000,29.328833,0.015954,0.012879,True,1
9/16/2025 3:20:00 PM,9/16/2025 11:20:00 AM,1,PJM-RTO,,,ZONE,,29.030000,29.051259,0.006826,0.014433,True,1
9/16/2025 3:25:00 PM,9/16/2025 11:25:00 AM,1,PJM-RTO,,,ZONE,,30.870000,30.904058,0.016903,0.017155,True,1
9/16/2025 3:30:00 PM,9/16/2025 11:30:00 AM,1,PJM-RTO,,,ZONE,,29.340000,29.361285,0.007226,0.014059,True,1
9/16/2025 3:35:00 PM,9/16/2025 11:35:00 AM,1,PJM-RTO,,,ZONE,,34.140000,34.179395,0.021998,0.017397,True,1
9/16/2025 3:40:00 PM,9/16/2025 11:40:00 AM,1,PJM-RTO,,,ZONE,,36.820000,36.874091,0.031755,0.022335,True,1
9/16/2025 3:45:00 PM,9/16/2025 11:45:00 AM,1,PJM-RTO,,,ZONE,,29.650000,29.676100,0.010624,0.015476,True,1
9/16/2025 3:50:00 PM,9/16/2025 11:50:00 AM,1,PJM-RTO,,,ZONE,,37.640000,37.685612,0.023977,0.021636,True,1
9/16/2025 3:55:00 PM,9/16/2025 11:55:00 AM,1,PJM-RTO,,,ZONE,,31.500000,31.549481,0.034088,0.015394,True,1
9/16/2025 4:00:00 PM,9/16/2025 12:00:00 PM,1,PJM-RTO,,,ZONE,,30.520000,30.578865,0.039603,0.019263,True,1
9/16/2025 4:05:00 PM,9/16/2025 12:05:00 PM,1,PJM-RTO,,,ZONE,,38.290000,38.348114,0.036499,0.021615,True,1
9/16/2025 4:10:00 PM,9/16/2025 12:10:00 PM,1,PJM-RTO,,,ZONE,,37.550000,37.611097,0.043752,0.017345,True,1
9/16/2025 4:15:00 PM,9/16/2025 12:15:00 PM,1,PJM-RTO,,,ZONE,,37.900000,38.155006,0.231588,0.023418,True,1
9/16/2025 4:20:00 PM,9/16/2025 12:20:00 PM,1,PJM-RTO,,,ZONE,,47.120000,47.375493,0.233088,0.022405,True,1
9/16/2025 4:25:00 PM,9/16/2025 12:25:00 PM,1,PJM-RTO,,,ZONE,,31.920000,32.123175,0.181013,0.022162,True,1
9/16/2025 4:30:00 PM,9/16/2025 12:30:00 PM,1,PJM-RTO,,,ZONE,,34.250000,34.450168,0.180633,0.019535,True,1
9/16/2025 4:35:00 PM,9/16/2025 12:35:00 PM,1,PJM-RTO,,,ZONE,,30.000000,30.030084,0.009737,0.020346,True,1
9/16/2025 4:40:00 PM,9/16/2025 12:40:00 PM,1,PJM-RTO,,,ZONE,,29.700000,29.730082,0.013190,0.016892,True,1
9/16/2025 4:45:00 PM,9/16/2025 12:45:00 PM,1,PJM-RTO,,,ZONE,,36.680000,36.730088,0.029563,0.020525,True,1
9/16/2025 4:50:00 PM,9/16/2025 12:50:00 PM,1,PJM-RTO,,,ZONE,,35.840000,35.868162,0.008335,0.019827,True,1
9/16/2025 4:55:00 PM,9/16/2025 12:55:00 PM,1,PJM-RTO,,,ZONE,,33.210000,33.235064,0.007807,0.017257,True,1
9/16/2025 5:00:00 PM,9/16/2025 1:00:00 PM,1,PJM-RTO,,,ZONE,,32.710000,32.743247,0.011332,0.021915,True,1
9/16/2025 5:05:00 PM,9/16/2025 1:05:00 PM,1,PJM-RTO,,,ZONE,,38.590000,38.827887,0.211175,0.026712,True,1
9/16/2025 5:10:00 PM,9/16/2025 1:10:00 PM,1,PJM-RTO,,,ZONE,,41.210000,41.255673,0.019272,0.026401,True,1
9/16/2025 5:15:00 PM,9/16/2025 1:15:00 PM,1,PJM-RTO,,,ZONE,,39.420000,39.475928,0.036699,0.019229,True,1
9/16/2025 5:20:00 PM,9/16/2025 1:20:00 PM,1,PJM-RTO,,,ZONE,,43.540000,43.791362,0.222899,0.028463,True,1
9/16/2025 5:25:00 PM,9/16/2025 1:25:00 PM,1,PJM-RTO,,,ZONE,,42.050000,42.115724,0.047125,0.018599,True,1
9/16/2025 5:30:00 PM,9/16/2025 1:30:00 PM,1,PJM-RTO,,,ZONE,,85.970000,86.322560,0.309161,0.043399,True,1
9/16/2025 5:35:00 PM,9/16/2025 1:35:00 PM,1,PJM-RTO,,,ZONE,,48.390000,48.631338,0.217079,0.024259,True,1
9/16/2025 5:40:00 PM,9/16/2025 1:40:00 PM,1,PJM-RTO,,,ZONE,,52.100000,52.330728,0.203930,0.026798,True,1
9/16/2025 5:45:00 PM,9/16/2025 1:45:00 PM,1,PJM-RTO,,,ZONE,,49.770000,49.973044,0.176733,0.026311,True,1
9/16/2025 5:50:00 PM,9/16/2025 1:50:00 PM,1,PJM-RTO,,,ZONE,,116.590000,116.862175,0.226502,0.045673,True,1
9/16/2025 5:55:00 PM,9/16/2025 1:55:00 PM,1,PJM-RTO,,,ZONE,,120.900000,121.211370,0.267605,0.043765,True,1
9/16/2025 6:00:00 PM,9/16/2025 2:00:00 PM,1,PJM-RTO,,,ZONE,,79.900000,80.354956,0.413809,0.041147,True,1
9/16/2025 6:05:00 PM,9/16/2025 2:05:00 PM,1,PJM-RTO,,,ZONE,,63.010000,63.462089,0.422167,0.029922,True,1
9/16/2025 6:10:00 PM,9/16/2025 2:10:00 PM,1,PJM-RTO,,,ZONE,,82.570000,83.120946,0.505882,0.045065,True,1
9/16/2025 6:15:00 PM,9/16/2025 2:15:00 PM,1,PJM-RTO,,,ZONE,,88.610000,89.061293,0.398377,0.052915,True,1
9/16/2025 6:20:00 PM,9/16/2025 2:20:00 PM,1,PJM-RTO,,,ZONE,,105.820000,106.300484,0.421691,0.058793,True,1
9/16/2025 6:25:00 PM,9/16/2025 2:25:00 PM,1,PJM-RTO,,,ZONE,,56.730000,57.049919,0.289392,0.030527,True,1
9/16/2025 6:30:00 PM,9/16/2025 2:30:00 PM,1,PJM-RTO,,,ZONE,,72.360000,72.708984,0.309843,0.039141,True,1
9/16/2025 6:35:00 PM,9/16/2025 2:35:00 PM,1,PJM-RTO,,,ZONE,,45.000000,45.112701,0.088371,0.024330,True,1
9/16/2025 6:40:00 PM,9/16/2025 2:40:00 PM,1,PJM-RTO,,,ZONE,,47.950000,48.064059,0.091479,0.022580,True,1
9/16/2025 6:45:00 PM,9/16/2025 2:45:00 PM,1,PJM-RTO,,,ZONE,,42.980000,43.077469,0.076743,0.020726,True,1
9/16/2025 6:50:00 PM,9/16/2025 2:50:00 PM,1,PJM-RTO,,,ZONE,,41.940000,42.039225,0.079564,0.019661,True,1
9/16/2025 6:55:00 PM,9/16/2025 2:55:00 PM,1,PJM-RTO,,,ZONE,,41.000000,40.933451,-0.084692,0.018143,True,1
9/16/2025 7:00:00 PM,9/16/2025 3:00:00 PM,1,PJM-RTO,,,ZONE,,39.340000,39.439268,0.076445,0.022823,True,1
9/16/2025 7:05:00 PM,9/16/2025 3:05:00 PM,1,PJM-RTO,,,ZONE,,39.390000,39.494717,0.079350,0.025367,True,1
9/16/2025 7:10:00 PM,9/16/2025 3:10:00 PM,1,PJM-RTO,,,ZONE,,41.240000,41.327696,0.069822,0.017874,True,1
9/16/2025 7:15:00 PM,9/16/2025 3:15:00 PM,1,PJM-RTO,,,ZONE,,41.490000,41.584981,0.070682,0.024299,True,1
9/16/2025 7:20:00 PM,9/16/2025 3:20:00 PM,1,PJM-RTO,,,ZONE,,52.440000,52.535501,0.067547,0.027955,True,1
9/16/2025 7:25:00 PM,9/16/2025 3:25:00 PM,1,PJM-RTO,,,ZONE,,43.830000,43.915266,0.063432,0.021834,True,1
9/16/2025 7:30:00 PM,9/16/2025 3:30:00 PM,1,PJM-RTO,,,ZONE,,51.120000,51.230200,0.084103,0.026097,True,1
9/16/2025 7:35:00 PM,9/16/2025 3:35:00 PM,1,PJM-RTO,,,ZONE,,41.470000,41.591835,0.101515,0.020320,True,1
9/16/2025 7:40:00 PM,9/16/2025 3:40:00 PM,1,PJM-RTO,,,ZONE,,72.270000,72.761901,0.452966,0.038935,True,1
9/16/2025 7:45:00 PM,9/16/2025 3:45:00 PM,1,PJM-RTO,,,ZONE,,51.860000,52.101387,0.214710,0.026677,True,1
9/16/2025 7:50:00 PM,9/16/2025 3:50:00 PM,1,PJM-RTO,,,ZONE,,82.240000,82.491524,0.213602,0.037922,True,1
9/16/2025 7:55:00 PM,9/16/2025 3:55:00 PM,1,PJM-RTO,,,ZONE,,51.010000,51.108579,0.072954,0.025625,True,1
9/16/2025 8:00:00 PM,9/16/2025 4:00:00 PM,1,PJM-RTO,,,ZONE,,58.670000,59.024521,0.327944,0.026577,True,1
9/16/2025 8:05:00 PM,9/16/2025 4:05:00 PM,1,PJM-RTO,,,ZONE,,52.250000,52.567570,0.288712,0.028859,True,1
9/16/2025 8:10:00 PM,9/16/2025 4:10:00 PM,1,PJM-RTO,,,ZONE,,64.990000,65.354787,0.331634,0.033152,True,1
9/16/2025 8:15:00 PM,9/16/2025 4:15:00 PM,1,PJM-RTO,,,ZONE,,52.680000,52.967780,0.259762,0.028018,True,1
9/16/2025 8:20:00 PM,9/16/2025 4:20:00 PM,1,PJM-RTO,,,ZONE,,62.940000,63.237480,0.267055,0.030425,True,1
9/16/2025 8:25:00 PM,9/16/2025 4:25:00 PM,1,PJM-RTO,,,ZONE,,75.540000,75.927189,0.345978,0.041211,True,1
9/16/2025 8:30:00 PM,9/16/2025 4:30:00 PM,1,PJM-RTO,,,ZONE,,81.770000,82.188260,0.379726,0.038534,True,1
9/16/2025 8:35:00 PM,9/16/2025 4:35:00 PM,1,PJM-RTO,,,ZONE,,78.830000,79.178559,0.310650,0.037909,True,1
9/16/2025 8:40:00 PM,9/16/2025 4:40:00 PM,1,PJM-RTO,,,ZONE,,80.360000,80.742723,0.340842,0.041881,True,1
9/16/2025 8:45:00 PM,9/16/2025 4:45:00 PM,1,PJM-RTO,,,ZONE,,79.540000,79.870074,0.280267,0.049807,True,1
9/16/2025 8:50:00 PM,9/16/2025 4:50:00 PM,1,PJM-RTO,,,ZONE,,80.070000,80.387180,0.277122,0.040058,True,1
9/16/2025 8:55:00 PM,9/16/2025 4:55:00 PM,1,PJM-RTO,,,ZONE,,62.130000,62.418055,0.252216,0.035839,True,1
9/16/2025 9:00:00 PM,9/16/2025 5:00:00 PM,1,PJM-RTO,,,ZONE,,48.170000,48.587960,0.404134,0.013826,True,1
9/16/2025 9:05:00 PM,9/16/2025 5:05:00 PM,1,PJM-RTO,,,ZONE,,48.290000,48.568211,0.253089,0.025123,True,1
9/16/2025 9:10:00 PM,9/16/2025 5:10:00 PM,1,PJM-RTO,,,ZONE,,47.980000,48.250835,0.251871,0.018964,True,1
9/16/2025 9:15:00 PM,9/16/2025 5:15:00 PM,1,PJM-RTO,,,ZONE,,48.370000,48.769453,0.377779,0.021674,True,1
9/16/2025 9:20:00 PM,9/16/2025 5:20:00 PM,1,PJM-RTO,,,ZONE,,50.770000,51.015485,0.219793,0.025692,True,1
9/16/2025 9:25:00 PM,9/16/2025 5:25:00 PM,1,PJM-RTO,,,ZONE,,49.460000,49.754410,0.269282,0.025128,True,1
9/16/2025 9:30:00 PM,9/16/2025 5:30:00 PM,1,PJM-RTO,,,ZONE,,51.520000,51.791903,0.250430,0.021473,True,1
9/16/2025 9:35:00 PM,9/16/2025 5:35:00 PM,1,PJM-RTO,,,ZONE,,53.210000,53.440874,0.202537,0.028337,True,1
9/16/2025 9:40:00 PM,9/16/2025 5:40:00 PM,1,PJM-RTO,,,ZONE,,60.570000,60.818783,0.213937,0.034846,True,1
9/16/2025 9:45:00 PM,9/16/2025 5:45:00 PM,1,PJM-RTO,,,ZONE,,59.420000,59.703509,0.248978,0.034531,True,1
9/16/2025 9:50:00 PM,9/16/2025 5:50:00 PM,1,PJM-RTO,,,ZONE,,59.080000,59.374485,0.263388,0.031097,True,1
9/16/2025 9:55:00 PM,9/16/2025 5:55:00 PM,1,PJM-RTO,,,ZONE,,58.090000,58.320232,0.200878,0.029354,True,1
9/16/2025 10:00:00 PM,9/16/2025 6:00:00 PM,1,PJM-RTO,,,ZONE,,61.090000,61.288290,0.173837,0.024453,True,1
9/16/2025 10:05:00 PM,9/16/2025 6:05:00 PM,1,PJM-RTO,,,ZONE,,43.050000,43.110893,0.046195,0.014699,True,1
9/16/2025 10:10:00 PM,9/16/2025 6:10:00 PM,1,PJM-RTO,,,ZONE,,53.340000,53.420467,0.058803,0.021664,True,1
9/16/2025 10:15:00 PM,9/16/2025 6:15:00 PM,1,PJM-RTO,,,ZONE,,44.830000,44.915652,0.067409,0.018243,True,1
9/16/2025 10:20:00 PM,9/16/2025 6:20:00 PM,1,PJM-RTO,,,ZONE,,60.460000,60.572812,0.085325,0.027487,True,1
9/16/2025 10:25:00 PM,9/16/2025 6:25:00 PM,1,PJM-RTO,,,ZONE,,51.910000,51.993524,0.059997,0.023527,True,1
9/16/2025 10:30:00 PM,9/16/2025 6:30:00 PM,1,PJM-RTO,,,ZONE,,56.840000,56.985714,0.110225,0.035489,True,1
9/16/2025 10:35:00 PM,9/16/2025 6:35:00 PM,1,PJM-RTO,,,ZONE,,53.310000,53.437593,0.098932,0.028661,True,1
9/16/2025 10:40:00 PM,9/16/2025 6:40:00 PM,1,PJM-RTO,,,ZONE,,59.180000,59.341927,0.128454,0.033472,True,1
9/16/2025 10:45:00 PM,9/16/2025 6:45:00 PM,1,PJM-RTO,,,ZONE,,49.440000,49.585237,0.116421,0.028816,True,1
9/16/2025 10:50:00 PM,9/16/2025 6:50:00 PM,1,PJM-RTO,,,ZONE,,48.850000,48.987208,0.112757,0.024451,True,1
9/16/2025 10:55:00 PM,9/16/2025 6:55:00 PM,1,PJM-RTO,,,ZONE,,63.790000,64.021821,0.186324,0.045497,True,1
9/16/2025 11:00:00 PM,9/16/2025 7:00:00 PM,1,PJM-RTO,,,ZONE,,74.560000,74.652216,0.077136,0.015080,True,1
9/16/2025 11:05:00 PM,9/16/2025 7:05:00 PM,1,PJM-RTO,,,ZONE,,76.690000,76.787783,0.081597,0.016185,True,1
9/16/2025 11:10:00 PM,9/16/2025 7:10:00 PM,1,PJM-RTO,,,ZONE,,113.870000,114.044479,0.144078,0.030401,True,1
9/16/2025 11:15:00 PM,9/16/2025 7:15:00 PM,1,PJM-RTO,,,ZONE,,88.720000,88.892416,0.153386,0.019030,True,1
9/16/2025 11:20:00 PM,9/16/2025 7:20:00 PM,1,PJM-RTO,,,ZONE,,74.110000,74.296088,0.156384,0.029704,True,1
9/16/2025 11:25:00 PM,9/16/2025 7:25:00 PM,1,PJM-RTO,,,ZONE,,77.370000,77.556489,0.149959,0.036529,True,1
9/16/2025 11:30:00 PM,9/16/2025 7:30:00 PM,1,PJM-RTO,,,ZONE,,79.130000,79.362883,0.187105,0.045777,True,1
9/16/2025 11:35:00 PM,9/16/2025 7:35:00 PM,1,PJM-RTO,,,ZONE,,96.310000,96.601297,0.234554,0.056743,True,1
9/16/2025 11:40:00 PM,9/16/2025 7:40:00 PM,1,PJM-RTO,,,ZONE,,105.770000,106.100041,0.264526,0.065515,True,1
9/16/2025 11:45:00 PM,9/16/2025 7:45:00 PM,1,PJM-RTO,,,ZONE,,92.500000,92.774575,0.224416,0.050159,True,1
9/16/2025 11:50:00 PM,9/16/2025 7:50:00 PM,1,PJM-RTO,,,ZONE,,50.660000,50.948071,0.256514,0.031557,True,1
9/16/2025 11:55:00 PM,9/16/2025 7:55:00 PM,1,PJM-RTO,,,ZONE,,55.650000,55.843134,0.153732,0.039402,True,1
9/17/2025 12:00:00 AM,9/16/2025 8:00:00 PM,1,PJM-RTO,,,ZONE,,51.760000,51.844783,0.054231,0.030552,True,1
9/17/2025 12:05:00 AM,9/16/2025 8:05:00 PM,1,PJM-RTO,,,ZONE,,50.760000,50.984382,0.197031,0.027351,True,1
9/17/2025 12:10:00 AM,9/16/2025 8:10:00 PM,1,PJM-RTO,,,ZONE,,46.230000,46.299331,0.048461,0.020870,True,1
9/17/2025 12:15:00 AM,9/16/2025 8:15:00 PM,1,PJM-RTO,,,ZONE,,44.980000,45.225133,0.227082,0.018051,True,1
9/17/2025 12:20:00 AM,9/16/2025 8:20:00 PM,1,PJM-RTO,,,ZONE,,47.440000,47.819702,0.362629,0.017072,True,1
9/17/2025 12:25:00 AM,9/16/2025 8:25:00 PM,1,PJM-RTO,,,ZONE,,46.530000,46.728631,0.179570,0.019061,True,1
9/17/2025 12:30:00 AM,9/16/2025 8:30:00 PM,1,PJM-RTO,,,ZONE,,47.530000,47.741490,0.188697,0.022793,True,1
9/17/2025 12:35:00 AM,9/16/2025 8:35:00 PM,1,PJM-RTO,,,ZONE,,40.790000,40.968465,0.159618,0.018847,True,1
9/17/2025 12:40:00 AM,9/16/2025 8:40:00 PM,1,PJM-RTO,,,ZONE,,41.370000,41.525889,0.132949,0.022940,True,1
9/17/2025 12:45:00 AM,9/16/2025 8:45:00 PM,1,PJM-RTO,,,ZONE,,39.770000,39.859172,0.073650,0.015522,True,1
9/17/2025 12:50:00 AM,9/16/2025 8:50:00 PM,1,PJM-RTO,,,ZONE,,40.160000,40.259172,0.080072,0.019100,True,1
9/17/2025 12:55:00 AM,9/16/2025 8:55:00 PM,1,PJM-RTO,,,ZONE,,41.270000,41.373452,0.083373,0.020079,True,1
9/17/2025 1:00:00 AM,9/16/2025 9:00:00 PM,1,PJM-RTO,,,ZONE,,32.190000,32.243964,0.041305,0.012659,True,1
9/17/2025 1:05:00 AM,9/16/2025 9:05:00 PM,1,PJM-RTO,,,ZONE,,39.720000,39.870970,0.128367,0.022603,True,1
9/17/2025 1:10:00 AM,9/16/2025 9:10:00 PM,1,PJM-RTO,,,ZONE,,33.370000,33.422767,0.039708,0.013059,True,1
9/17/2025 1:15:00 AM,9/16/2025 9:15:00 PM,1,PJM-RTO,,,ZONE,,40.410000,40.503904,0.073467,0.020437,True,1
9/17/2025 1:20:00 AM,9/16/2025 9:20:00 PM,1,PJM-RTO,,,ZONE,,46.190000,46.256059,0.047415,0.018644,True,1
9/17/2025 1:25:00 AM,9/16/2025 9:25:00 PM,1,PJM-RTO,,,ZONE,,42.880000,42.995997,0.092109,0.023888,True,1
9/17/2025 1:30:00 AM,9/16/2025 9:30:00 PM,1,PJM-RTO,,,ZONE,,40.820000,40.896754,0.056914,0.019840,True,1
9/17/2025 1:35:00 AM,9/16/2025 9:35:00 PM,1,PJM-RTO,,,ZONE,,42.020000,42.116437,0.077777,0.018660,True,1
9/17/2025 1:40:00 AM,9/16/2025 9:40:00 PM,1,PJM-RTO,,,ZONE,,37.590000,37.794991,0.185793,0.019198,True,1
9/17/2025 1:45:00 AM,9/16/2025 9:45:00 PM,1,PJM-RTO,,,ZONE,,39.860000,39.955628,0.071954,0.023673,True,1
9/17/2025 1:50:00 AM,9/16/2025 9:50:00 PM,1,PJM-RTO,,,ZONE,,32.990000,33.140155,0.128710,0.021446,True,1
9/17/2025 1:55:00 AM,9/16/2025 9:55:00 PM,1,PJM-RTO,,,ZONE,,32.090000,32.166947,0.063991,0.012955,True,1
9/17/2025 2:00:00 AM,9/16/2025 10:00:00 PM,1,PJM-RTO,,,ZONE,,43.420000,43.556248,0.106641,0.029608,True,1
9/17/2025 2:05:00 AM,9/16/2025 10:05:00 PM,1,PJM-RTO,,,ZONE,,42.190000,42.317975,0.101390,0.026585,True,1
9/17/2025 2:10:00 AM,9/16/2025 10:10:00 PM,1,PJM-RTO,,,ZONE,,33.920000,33.995390,0.053225,0.022165,True,1
9/17/2025 2:15:00 AM,9/16/2025 10:15:00 PM,1,PJM-RTO,,,ZONE,,30.800000,30.853633,0.036308,0.017325,True,1
9/17/2025 2:20:00 AM,9/16/2025 10:20:00 PM,1,PJM-RTO,,,ZONE,,33.280000,33.350186,0.051643,0.018542,True,1
9/17/2025 2:25:00 AM,9/16/2025 10:25:00 PM,1,PJM-RTO,,,ZONE,,34.950000,35.032536,0.056594,0.025942,True,1
9/17/2025 2:30:00 AM,9/16/2025 10:30:00 PM,1,PJM-RTO,,,ZONE,,41.170000,41.273418,0.082011,0.021407,True,1
9/17/2025 2:35:00 AM,9/16/2025 10:35:00 PM,1,PJM-RTO,,,ZONE,,32.190000,32.260558,0.052731,0.017827,True,1
9/17/2025 2:40:00 AM,9/16/2025 10:40:00 PM,1,PJM-RTO,,,ZONE,,28.060000,28.101485,0.027886,0.013599,True,1
9/17/2025 2:45:00 AM,9/16/2025 10:45:00 PM,1,PJM-RTO,,,ZONE,,27.350000,27.409341,0.040040,0.019301,True,1
9/17/2025 2:50:00 AM,9/16/2025 10:50:00 PM,1,PJM-RTO,,,ZONE,,25.940000,25.990195,0.038278,0.011917,True,1
9/17/2025 2:55:00 AM,9/16/2025 10:55:00 PM,1,PJM-RTO,,,ZONE,,28.340000,28.422586,0.064057,0.018529,True,1
9/17/2025 3:00:00 AM,9/16/2025 11:00:00 PM,1,PJM-RTO,,,ZONE,,25.780000,25.913419,0.113549,0.019870,True,1
9/17/2025 3:05:00 AM,9/16/2025 11:05:00 PM,1,PJM-RTO,,,ZONE,,25.630000,25.786899,0.139368,0.017531,True,1
9/17/2025 3:10:00 AM,9/16/2025 11:10:00 PM,1,PJM-RTO,,,ZONE,,25.870000,26.033653,0.148556,0.015097,True,1
9/17/2025 3:15:00 AM,9/16/2025 11:15:00 PM,1,PJM-RTO,,,ZONE,,28.190000,28.239638,0.034101,0.015537,True,1
9/17/2025 3:20:00 AM,9/16/2025 11:20:00 PM,1,PJM-RTO,,,ZONE,,28.310000,28.469549,0.137241,0.022308,True,1
9/17/2025 3:25:00 AM,9/16/2025 11:25:00 PM,1,PJM-RTO,,,ZONE,,26.370000,26.517784,0.132787,0.014997,True,1
9/17/2025 3:30:00 AM,9/16/2025 11:30:00 PM,1,PJM-RTO,,,ZONE,,24.970000,25.103901,0.124652,0.009249,True,1
9/17/2025 3:35:00 AM,9/16/2025 11:35:00 PM,1,PJM-RTO,,,ZONE,,26.310000,26.440072,0.115125,0.014947,True,1
9/17/2025 3:40:00 AM,9/16/2025 11:40:00 PM,1,PJM-RTO,,,ZONE,,26.130000,26.250827,0.101593,0.019234,True,1
9/17/2025 3:45:00 AM,9/16/2025 11:45:00 PM,1,PJM-RTO,,,ZONE,,27.110000,27.173305,0.048924,0.014381,True,1
9/17/2025 3:50:00 AM,9/16/2025 11:50:00 PM,1,PJM-RTO,,,ZONE,,26.450000,26.501328,0.038957,0.012371,True,1
9/17/2025 3:55:00 AM,9/16/2025 11:55:00 PM,1,PJM-RTO,,,ZONE,,26.260000,26.320751,0.044877,0.015874,True,1
9/17/2025 4:00:00 AM,9/17/2025 12:00:00 AM,1,PJM-RTO,,,ZONE,,22.390000,22.445800,0.042450,0.013349,True,1
9/17/2025 4:05:00 AM,9/17/2025 12:05:00 AM,1,PJM-RTO,,,ZONE,,27.890000,27.981255,0.068706,0.022549,True,1
9/17/2025 4:10:00 AM,9/17/2025 12:10:00 AM,1,PJM-RTO,,,ZONE,,18.650000,18.793438,0.126114,0.017324,True,1
9/17/2025 4:15:00 AM,9/17/2025 12:15:00 AM,1,PJM-RTO,,,ZONE,,23.850000,23.916052,0.047185,0.018867,True,1
9/17/2025 4:20:00 AM,9/17/2025 12:20:00 AM,1,PJM-RTO,,,ZONE,,22.700000,22.742477,0.031972,0.010505,True,1
9/17/2025 4:25:00 AM,9/17/2025 12:25:00 AM,1,PJM-RTO,,,ZONE,,20.050000,20.082554,0.019615,0.012939,True,1
9/17/2025 4:30:00 AM,9/17/2025 12:30:00 AM,1,PJM-RTO,,,ZONE,,20.160000,20.188061,0.012042,0.016019,True,1
9/17/2025 4:35:00 AM,9/17/2025 12:35:00 AM,1,PJM-RTO,,,ZONE,,19.990000,20.027442,0.020854,0.016588,True,1
9/17/2025 4:40:00 AM,9/17/2025 12:40:00 AM,1,PJM-RTO,,,ZONE,,22.080000,22.109191,0.016454,0.012737,True,1
9/17/2025 4:45:00 AM,9/17/2025 12:45:00 AM,1,PJM-RTO,,,ZONE,,21.540000,21.581755,0.024405,0.017350,True,1
9/17/2025 4:50:00 AM,9/17/2025 12:50:00 AM,1,PJM-RTO,,,ZONE,,19.420000,19.514687,0.084399,0.010288,True,1
9/17/2025 4:55:00 AM,9/17/2025 12:55:00 AM,1,PJM-RTO,,,ZONE,,24.490000,24.542268,0.040049,0.012218,True,1
9/17/2025 5:00:00 AM,9/17/2025 1:00:00 AM,1,PJM-RTO,,,ZONE,,21.410000,21.520527,0.095587,0.014940,True,1
9/17/2025 5:05:00 AM,9/17/2025 1:05:00 AM,1,PJM-RTO,,,ZONE,,23.120000,23.181738,0.044435,0.017303,True,1
9/17/2025 5:10:00 AM,9/17/2025 1:10:00 AM,1,PJM-RTO,,,ZONE,,23.250000,23.385110,0.115076,0.020033,True,1
9/17/2025 5:15:00 AM,9/17/2025 1:15:00 AM,1,PJM-RTO,,,ZONE,,21.200000,21.253296,0.032081,0.021215,True,1
9/17/2025 5:20:00 AM,9/17/2025 1:20:00 AM,1,PJM-RTO,,,ZONE,,22.410000,22.535113,0.110937,0.014175,True,1
9/17/2025 5:25:00 AM,9/17/2025 1:25:00 AM,1,PJM-RTO,,,ZONE,,23.250000,23.319582,0.050083,0.019498,True,1
9/17/2025 5:30:00 AM,9/17/2025 1:30:00 AM,1,PJM-RTO,,,ZONE,,24.000000,24.066128,0.054765,0.011363,True,1
9/17/2025 5:35:00 AM,9/17/2025 1:35:00 AM,1,PJM-RTO,,,ZONE,,24.650000,24.781290,0.119902,0.011389,True,1
9/17/2025 5:40:00 AM,9/17/2025 1:40:00 AM,1,PJM-RTO,,,ZONE,,24.830000,25.070632,0.226844,0.013788,True,1
9/17/2025 5:45:00 AM,9/17/2025 1:45:00 AM,1,PJM-RTO,,,ZONE,,19.700000,19.735204,0.021172,0.014032,True,1
9/17/2025 5:50:00 AM,9/17/2025 1:50:00 AM,1,PJM-RTO,,,ZONE,,19.970000,20.032308,0.054800,0.007508,True,1
9/17/2025 5:55:00 AM,9/17/2025 1:55:00 AM,1,PJM-RTO,,,ZONE,,17.870000,17.980466,0.099613,0.010853,True,1
9/17/2025 6:00:00 AM,9/17/2025 2:00:00 AM,1,PJM-RTO,,,ZONE,,24.410000,24.480814,0.053773,0.017041,True,1
9/17/2025 6:05:00 AM,9/17/2025 2:05:00 AM,1,PJM-RTO,,,ZONE,,22.170000,22.226392,0.041500,0.014892,True,1
9/17/2025 6:10:00 AM,9/17/2025 2:10:00 AM,1,PJM-RTO,,,ZONE,,22.550000,22.618453,0.049817,0.018636,True,1
9/17/2025 6:15:00 AM,9/17/2025 2:15:00 AM,1,PJM-RTO,,,ZONE,,22.340000,22.672776,0.312627,0.020149,True,1
9/17/2025 6:20:00 AM,9/17/2025 2:20:00 AM,1,PJM-RTO,,,ZONE,,19.550000,19.595325,0.036340,0.008985,True,1
9/17/2025 6:25:00 AM,9/17/2025 2:25:00 AM,1,PJM-RTO,,,ZONE,,25.110000,25.425689,0.296612,0.019077,True,1
9/17/2025 6:30:00 AM,9/17/2025 2:30:00 AM,1,PJM-RTO,,,ZONE,,15.710000,15.755657,0.034963,0.010694,True,1
9/17/2025 6:35:00 AM,9/17/2025 2:35:00 AM,1,PJM-RTO,,,ZONE,,21.110000,21.378213,0.257485,0.010728,True,1
9/17/2025 6:40:00 AM,9/17/2025 2:40:00 AM,1,PJM-RTO,,,ZONE,,18.860000,18.971346,0.094868,0.016478,True,1
9/17/2025 6:45:00 AM,9/17/2025 2:45:00 AM,1,PJM-RTO,,,ZONE,,21.720000,22.052850,0.322239,0.010611,True,1
9/17/2025 6:50:00 AM,9/17/2025 2:50:00 AM,1,PJM-RTO,,,ZONE,,20.780000,20.939920,0.145188,0.014732,True,1
9/17/2025 6:55:00 AM,9/17/2025 2:55:00 AM,1,PJM-RTO,,,ZONE,,19.200000,19.377958,0.169470,0.008488,True,1
9/17/2025 7:00:00 AM,9/17/2025 3:00:00 AM,1,PJM-RTO,,,ZONE,,19.060000,19.204112,0.129656,0.014455,True,1
9/17/2025 7:05:00 AM,9/17/2025 3:05:00 AM,1,PJM-RTO,,,ZONE,,20.010000,20.171418,0.147536,0.013881,True,1
9/17/2025 7:10:00 AM,9/17/2025 3:10:00 AM,1,PJM-RTO,,,ZONE,,18.490000,18.617490,0.117815,0.009675,True,1
9/17/2025 7:15:00 AM,9/17/2025 3:15:00 AM,1,PJM-RTO,,,ZONE,,19.800000,19.956439,0.146169,0.010270,True,1
9/17/2025 7:20:00 AM,9/17/2025 3:20:00 AM,1,PJM-RTO,,,ZONE,,21.400000,21.558581,0.139500,0.019081,True,1
9/17/2025 7:25:00 AM,9/17/2025 3:25:00 AM,1,PJM-RTO,,,ZONE,,21.300000,21.429224,0.110130,0.019094,True,1
9/17/2025 7:30:00 AM,9/17/2025 3:30:00 AM,1,PJM-RTO,,,ZONE,,22.100000,22.264169,0.146163,0.018006,True,1
9/17/2025 7:35:00 AM,9/17/2025 3:35:00 AM,1,PJM-RTO,,,ZONE,,21.550000,21.710418,0.144889,0.015529,True,1
9/17/2025 7:40:00 AM,9/17/2025 3:40:00 AM,1,PJM-RTO,,,ZONE,,21.380000,21.550196,0.154401,0.015795,True,1
9/17/2025 7:45:00 AM,9/17/2025 3:45:00 AM,1,PJM-RTO,,,ZONE,,22.810000,22.965019,0.142682,0.012337,True,1
9/17/2025 7:50:00 AM,9/17/2025 3:50:00 AM,1,PJM-RTO,,,ZONE,,22.260000,22.414447,0.141817,0.012629,True,1
9/17/2025 7:55:00 AM,9/17/2025 3:55:00 AM,1,PJM-RTO,,,ZONE,,17.200000,17.240587,0.033855,0.006732,True,1
9/17/2025 8:00:00 AM,9/17/2025 4:00:00 AM,1,PJM-RTO,,,ZONE,,19.020000,19.205396,0.168882,0.016514,True,1
9/17/2025 8:05:00 AM,9/17/2025 4:05:00 AM,1,PJM-RTO,,,ZONE,,19.950000,20.005225,0.044946,0.010279,True,1
9/17/2025 8:10:00 AM,9/17/2025 4:10:00 AM,1,PJM-RTO,,,ZONE,,20.360000,20.464830,0.093124,0.011706,True,1
9/17/2025 8:15:00 AM,9/17/2025 4:15:00 AM,1,PJM-RTO,,,ZONE,,22.110000,22.178070,0.047026,0.021044,True,1
9/17/2025 8:20:00 AM,9/17/2025 4:20:00 AM,1,PJM-RTO,,,ZONE,,22.300000,22.365464,0.048809,0.016655,True,1
9/17/2025 8:25:00 AM,9/17/2025 4:25:00 AM,1,PJM-RTO,,,ZONE,,20.870000,20.935201,0.052858,0.012343,True,1
9/17/2025 8:30:00 AM,9/17/2025 4:30:00 AM,1,PJM-RTO,,,ZONE,,20.670000,20.724688,0.044831,0.009857,True,1
9/17/2025 8:35:00 AM,9/17/2025 4:35:00 AM,1,PJM-RTO,,,ZONE,,23.790000,23.861016,0.053296,0.017720,True,1
9/17/2025 8:40:00 AM,9/17/2025 4:40:00 AM,1,PJM-RTO,,,ZONE,,26.990000,27.171088,0.162028,0.019060,True,1
9/17/2025 8:45:00 AM,9/17/2025 4:45:00 AM,1,PJM-RTO,,,ZONE,,24.010000,24.066847,0.044871,0.011976,True,1
9/17/2025 8:50:00 AM,9/17/2025 4:50:00 AM,1,PJM-RTO,,,ZONE,,22.880000,22.938803,0.048212,0.010591,True,1
9/17/2025 8:55:00 AM,9/17/2025 4:55:00 AM,1,PJM-RTO,,,ZONE,,21.470000,21.530874,0.045230,0.015644,True,1
9/17/2025 9:00:00 AM,9/17/2025 5:00:00 AM,1,PJM-RTO,,,ZONE,,23.630000,23.732930,0.088466,0.014464,True,1
9/17/2025 9:05:00 AM,9/17/2025 5:05:00 AM,1,PJM-RTO,,,ZONE,,20.180000,20.221915,0.028144,0.013771,True,1
9/17/2025 9:10:00 AM,9/17/2025 5:10:00 AM,1,PJM-RTO,,,ZONE,,22.490000,22.611919,0.107033,0.014886,True,1
9/17/2025 9:15:00 AM,9/17/2025 5:15:00 AM,1,PJM-RTO,,,ZONE,,25.320000,25.385371,0.050768,0.014602,True,1
9/17/2025 9:20:00 AM,9/17/2025 5:20:00 AM,1,PJM-RTO,,,ZONE,,26.560000,26.675970,0.101705,0.014265,True,1
9/17/2025 9:25:00 AM,9/17/2025 5:25:00 AM,1,PJM-RTO,,,ZONE,,27.070000,27.128443,0.042192,0.016251,True,1
9/17/2025 9:30:00 AM,9/17/2025 5:30:00 AM,1,PJM-RTO,,,ZONE,,159.570000,160.271873,0.596574,0.105300,True,1
9/17/2025 9:35:00 AM,9/17/2025 5:35:00 AM,1,PJM-RTO,,,ZONE,,158.960000,159.797689,0.722119,0.115570,True,1
9/17/2025 9:40:00 AM,9/17/2025 5:40:00 AM,1,PJM-RTO,,,ZONE,,31.840000,31.980944,0.123467,0.017477,True,1
9/17/2025 9:45:00 AM,9/17/2025 5:45:00 AM,1,PJM-RTO,,,ZONE,,31.520000,31.652754,0.103389,0.029365,True,1
9/17/2025 9:50:00 AM,9/17/2025 5:50:00 AM,1,PJM-RTO,,,ZONE,,111.190000,112.069958,0.796927,0.083031,True,1
9/17/2025 9:55:00 AM,9/17/2025 5:55:00 AM,1,PJM-RTO,,,ZONE,,31.770000,31.908832,0.112460,0.026372,True,1
9/17/2025 10:00:00 AM,9/17/2025 6:00:00 AM,1,PJM-RTO,,,ZONE,,145.660000,146.033126,0.278378,0.094748,True,1
9/17/2025 10:05:00 AM,9/17/2025 6:05:00 AM,1,PJM-RTO,,,ZONE,,61.470000,61.657669,0.152285,0.035384,True,1
9/17/2025 10:10:00 AM,9/17/2025 6:10:00 AM,1,PJM-RTO,,,ZONE,,42.920000,43.043709,0.089487,0.034222,True,1
9/17/2025 10:15:00 AM,9/17/2025 6:15:00 AM,1,PJM-RTO,,,ZONE,,57.060000,57.307333,0.203033,0.044300,True,1
9/17/2025 10:20:00 AM,9/17/2025 6:20:00 AM,1,PJM-RTO,,,ZONE,,78.680000,79.227540,0.485448,0.062091,True,1
9/17/2025 10:25:00 AM,9/17/2025 6:25:00 AM,1,PJM-RTO,,,ZONE,,117.280000,117.876042,0.500142,0.095900,True,1
9/17/2025 10:30:00 AM,9/17/2025 6:30:00 AM,1,PJM-RTO,,,ZONE,,92.380000,92.862579,0.408827,0.073752,True,1
9/17/2025 10:35:00 AM,9/17/2025 6:35:00 AM,1,PJM-RTO,,,ZONE,,165.570000,166.543633,0.845594,0.128039,True,1
9/17/2025 10:40:00 AM,9/17/2025 6:40:00 AM,1,PJM-RTO,,,ZONE,,111.530000,112.123772,0.510498,0.083273,True,1
9/17/2025 10:45:00 AM,9/17/2025 6:45:00 AM,1,PJM-RTO,,,ZONE,,53.510000,53.723242,0.172284,0.040958,True,1
9/17/2025 10:50:00 AM,9/17/2025 6:50:00 AM,1,PJM-RTO,,,ZONE,,34.630000,34.762105,0.103864,0.028241,True,1
9/17/2025 10:55:00 AM,9/17/2025 6:55:00 AM,1,PJM-RTO,,,ZONE,,35.860000,35.997041,0.116833,0.020208,True,1
9/17/2025 11:00:00 AM,9/17/2025 7:00:00 AM,1,PJM-RTO,,,ZONE,,93.270000,93.681056,0.351722,0.059334,True,1
9/17/2025 11:05:00 AM,9/17/2025 7:05:00 AM,1,PJM-RTO,,,ZONE,,31.260000,31.319728,0.040074,0.019654,True,1
9/17/2025 11:10:00 AM,9/17/2025 7:10:00 AM,1,PJM-RTO,,,ZONE,,29.040000,29.096640,0.036869,0.019771,True,1
9/17/2025 11:15:00 AM,9/17/2025 7:15:00 AM,1,PJM-RTO,,,ZONE,,168.510000,169.238702,0.607494,0.121208,True,1
9/17/2025 11:20:00 AM,9/17/2025 7:20:00 AM,1,PJM-RTO,,,ZONE,,110.330000,110.773943,0.364932,0.079012,True,1
9/17/2025 11:25:00 AM,9/17/2025 7:25:00 AM,1,PJM-RTO,,,ZONE,,92.000000,92.356439,0.292457,0.063982,True,1
9/17/2025 11:30:00 AM,9/17/2025 7:30:00 AM,1,PJM-RTO,,,ZONE,,40.340000,40.468389,0.097610,0.030779,True,1
9/17/2025 11:35:00 AM,9/17/2025 7:35:00 AM,1,PJM-RTO,,,ZONE,,42.640000,42.765756,0.091031,0.034725,True,1
9/17/2025 11:40:00 AM,9/17/2025 7:40:00 AM,1,PJM-RTO,,,ZONE,,42.690000,42.822692,0.102121,0.030571,True,1
9/17/2025 11:45:00 AM,9/17/2025 7:45:00 AM,1,PJM-RTO,,,ZONE,,29.300000,29.366863,0.045847,0.021016,True,1
9/17/2025 11:50:00 AM,9/17/2025 7:50:00 AM,1,PJM-RTO,,,ZONE,,29.710000,29.789165,0.058256,0.020910,True,1
9/17/2025 11:55:00 AM,9/17/2025 7:55:00 AM,1,PJM-RTO,,,ZONE,,27.810000,27.866410,0.034603,0.021806,True,1
9/17/2025 12:00:00 PM,9/17/2025 8:00:00 AM,1,PJM-RTO,,,ZONE,,27.740000,27.785849,0.033007,0.012843,True,1
9/17/2025 12:05:00 PM,9/17/2025 8:05:00 AM,1,PJM-RTO,,,ZONE,,31.000000,31.076070,0.054966,0.021104,True,1
9/17/2025 12:10:00 PM,9/17/2025 8:10:00 AM,1,PJM-RTO,,,ZONE,,28.000000,28.062221,0.045763,0.016459,True,1
9/17/2025 12:15:00 PM,9/17/2025 8:15:00 AM,1,PJM-RTO,,,ZONE,,27.020000,27.095969,0.053590,0.022380,True,1
9/17/2025 12:20:00 PM,9/17/2025 8:20:00 AM,1,PJM-RTO,,,ZONE,,30.040000,30.100419,0.046044,0.014376,True,1
9/17/2025 12:25:00 PM,9/17/2025 8:25:00 AM,1,PJM-RTO,,,ZONE,,28.730000,28.794983,0.047237,0.017747,True,1
9/17/2025 12:30:00 PM,9/17/2025 8:30:00 AM,1,PJM-RTO,,,ZONE,,30.220000,30.297581,0.052251,0.025329,True,1
9/17/2025 12:35:00 PM,9/17/2025 8:35:00 AM,1,PJM-RTO,,,ZONE,,30.900000,30.946226,0.029315,0.016911,True,1
9/17/2025 12:40:00 PM,9/17/2025 8:40:00 AM,1,PJM-RTO,,,ZONE,,27.040000,27.093075,0.037297,0.015778,True,1
9/17/2025 12:45:00 PM,9/17/2025 8:45:00 AM,1,PJM-RTO,,,ZONE,,23.700000,23.752740,0.032322,0.020418,True,1
9/17/2025 12:50:00 PM,9/17/2025 8:50:00 AM,1,PJM-RTO,,,ZONE,,24.490000,24.520398,0.011944,0.018454,True,1
9/17/2025 12:55:00 PM,9/17/2025 8:55:00 AM,1,PJM-RTO,,,ZONE,,22.760000,22.777550,0.004265,0.013284,True,1
9/17/2025 1:00:00 PM,9/17/2025 9:00:00 AM,1,PJM-RTO,,,ZONE,,22.820000,22.838994,0.005130,0.013864,True,1
9/17/2025 1:05:00 PM,9/17/2025 9:05:00 AM,1,PJM-RTO,,,ZONE,,39.740000,39.832498,0.064267,0.028231,True,1
9/17/2025 1:10:00 PM,9/17/2025 9:10:00 AM,1,PJM-RTO,,,ZONE,,29.770000,29.802908,0.016114,0.016794,True,1
9/17/2025 1:15:00 PM,9/17/2025 9:15:00 AM,1,PJM-RTO,,,ZONE,,27.810000,27.835305,0.010476,0.014829,True,1
9/17/2025 1:20:00 PM,9/17/2025 9:20:00 AM,1,PJM-RTO,,,ZONE,,27.620000,27.647544,0.011410,0.016134,True,1
9/17/2025 1:25:00 PM,9/17/2025 9:25:00 AM,1,PJM-RTO,,,ZONE,,28.330000,28.356509,0.007320,0.019190,True,1
9/17/2025 1:30:00 PM,9/17/2025 9:30:00 AM,1,PJM-RTO,,,ZONE,,30.050000,30.084078,0.014150,0.019928,True,1
9/17/2025 1:35:00 PM,9/17/2025 9:35:00 AM,1,PJM-RTO,,,ZONE,,28.970000,29.005027,0.009798,0.025229,True,1
9/17/2025 1:40:00 PM,9/17/2025 9:40:00 AM,1,PJM-RTO,,,ZONE,,25.310000,25.328434,0.001823,0.016611,True,1
9/17/2025 1:45:00 PM,9/17/2025 9:45:00 AM,1,PJM-RTO,,,ZONE,,28.340000,28.363357,0.004087,0.019270,True,1
9/17/2025 1:50:00 PM,9/17/2025 9:50:00 AM,1,PJM-RTO,,,ZONE,,27.460000,27.482853,0.007364,0.015489,True,1
9/17/2025 1:55:00 PM,9/17/2025 9:55:00 AM,1,PJM-RTO,,,ZONE,,33.380000,33.433016,0.026554,0.026462,True,1
9/17/2025 2:00:00 PM,9/17/2025 10:00:00 AM,1,PJM-RTO,,,ZONE,,27.910000,27.938804,0.007455,0.021349,True,1
9/17/2025 2:05:00 PM,9/17/2025 10:05:00 AM,1,PJM-RTO,,,ZONE,,39.740000,39.807600,0.046875,0.020726,True,1
9/17/2025 2:10:00 PM,9/17/2025 10:10:00 AM,1,PJM-RTO,,,ZONE,,34.050000,34.098122,0.023721,0.024401,True,1
9/17/2025 2:15:00 PM,9/17/2025 10:15:00 AM,1,PJM-RTO,,,ZONE,,30.030000,30.063553,0.015659,0.017894,True,1
9/17/2025 2:20:00 PM,9/17/2025 10:20:00 AM,1,PJM-RTO,,,ZONE,,31.810000,31.863074,0.028172,0.024902,True,1
9/17/2025 2:25:00 PM,9/17/2025 10:25:00 AM,1,PJM-RTO,,,ZONE,,31.880000,31.917298,0.019976,0.017322,True,1
9/17/2025 2:30:00 PM,9/17/2025 10:30:00 AM,1,PJM-RTO,,,ZONE,,28.170000,28.191948,0.005716,0.016232,True,1
9/17/2025 2:35:00 PM,9/17/2025 10:35:00 AM,1,PJM-RTO,,,ZONE,,31.310000,31.325268,-0.000003,0.015271,True,1
9/17/2025 2:40:00 PM,9/17/2025 10:40:00 AM,1,PJM-RTO,,,ZONE,,29.380000,29.398790,0.002845,0.015945,True,1
9/17/2025 2:45:00 PM,9/17/2025 10:45:00 AM,1,PJM-RTO,,,ZONE,,30.630000,30.657622,0.002565,0.025057,True,1
9/17/2025 2:50:00 PM,9/17/2025 10:50:00 AM,1,PJM-RTO,,,ZONE,,28.560000,28.577725,-0.003417,0.021142,True,1
9/17/2025 2:55:00 PM,9/17/2025 10:55:00 AM,1,PJM-RTO,,,ZONE,,33.070000,33.113812,0.016251,0.027561,True,1
9/17/2025 3:00:00 PM,9/17/2025 11:00:00 AM,1,PJM-RTO,,,ZONE,,34.850000,34.869541,-0.002925,0.022466,True,1
9/17/2025 3:05:00 PM,9/17/2025 11:05:00 AM,1,PJM-RTO,,,ZONE,,36.570000,36.588990,0.002440,0.016549,True,1
9/17/2025 3:10:00 PM,9/17/2025 11:10:00 AM,1,PJM-RTO,,,ZONE,,35.360000,35.392491,0.011499,0.020991,True,1
9/17/2025 3:15:00 PM,9/17/2025 11:15:00 AM,1,PJM-RTO,,,ZONE,,35.350000,35.381006,0.013381,0.017625,True,1
9/17/2025 3:20:00 PM,9/17/2025 11:20:00 AM,1,PJM-RTO,,,ZONE,,35.220000,35.254562,0.006756,0.027806,True,1
9/17/2025 3:25:00 PM,9/17/2025 11:25:00 AM,1,PJM-RTO,,,ZONE,,34.900000,34.927543,0.004471,0.023073,True,1
9/17/2025 3:30:00 PM,9/17/2025 11:30:00 AM,1,PJM-RTO,,,ZONE,,35.510000,35.570790,0.039798,0.020992,True,1
9/17/2025 3:35:00 PM,9/17/2025 11:35:00 AM,1,PJM-RTO,,,ZONE,,71.950000,72.207156,0.214429,0.042727,True,1
9/17/2025 3:40:00 PM,9/17/2025 11:40:00 AM,1,PJM-RTO,,,ZONE,,34.620000,34.669433,0.021650,0.027783,True,1
9/17/2025 3:45:00 PM,9/17/2025 11:45:00 AM,1,PJM-RTO,,,ZONE,,37.190000,37.244145,0.028789,0.025356,True,1
9/17/2025 3:50:00 PM,9/17/2025 11:50:00 AM,1,PJM-RTO,,,ZONE,,35.060000,35.104244,0.024169,0.020074,True,1
9/17/2025 3:55:00 PM,9/17/2025 11:55:00 AM,1,PJM-RTO,,,ZONE,,45.870000,45.957737,0.055162,0.032574,True,1
9/17/2025 4:00:00 PM,9/17/2025 12:00:00 PM,1,PJM-RTO,,,ZONE,,93.750000,94.224049,0.410528,0.063520,True,1
9/17/2025 4:05:00 PM,9/17/2025 12:05:00 PM,1,PJM-RTO,,,ZONE,,232.970000,233.770908,0.647559,0.153349,True,1
9/17/2025 4:10:00 PM,9/17/2025 12:10:00 PM,1,PJM-RTO,,,ZONE,,179.100000,179.867020,0.640489,0.126531,True,1
9/17/2025 4:15:00 PM,9/17/2025 12:15:00 PM,1,PJM-RTO,,,ZONE,,187.560000,188.437468,0.751641,0.125827,True,1
9/17/2025 4:20:00 PM,9/17/2025 12:20:00 PM,1,PJM-RTO,,,ZONE,,188.000000,188.806488,0.668934,0.137554,True,1
9/17/2025 4:25:00 PM,9/17/2025 12:25:00 PM,1,PJM-RTO,,,ZONE,,258.840000,259.680101,0.667840,0.172260,True,1
9/17/2025 4:30:00 PM,9/17/2025 12:30:00 PM,1,PJM-RTO,,,ZONE,,178.080000,178.683290,0.487497,0.115793,True,1
9/17/2025 4:35:00 PM,9/17/2025 12:35:00 PM,1,PJM-RTO,,,ZONE,,177.660000,178.228437,0.454809,0.113628,True,1
9/17/2025 4:40:00 PM,9/17/2025 12:40:00 PM,1,PJM-RTO,,,ZONE,,111.660000,111.984479,0.251991,0.072488,True,1
9/17/2025 4:45:00 PM,9/17/2025 12:45:00 PM,1,PJM-RTO,,,ZONE,,96.940000,97.137102,0.139337,0.057765,True,1
9/17/2025 4:50:00 PM,9/17/2025 12:50:00 PM,1,PJM-RTO,,,ZONE,,39.500000,39.553560,0.038213,0.015346,True,1
9/17/2025 4:55:00 PM,9/17/2025 12:55:00 PM,1,PJM-RTO,,,ZONE,,28.280000,28.321787,0.027225,0.014562,True,1
9/17/2025 5:00:00 PM,9/17/2025 1:00:00 PM,1,PJM-RTO,,,ZONE,,31.070000,31.122429,0.037928,0.014501,True,1
9/17/2025 5:05:00 PM,9/17/2025 1:05:00 PM,1,PJM-RTO,,,ZONE,,30.820000,30.868171,0.030088,0.018082,True,1
9/17/2025 5:10:00 PM,9/17/2025 1:10:00 PM,1,PJM-RTO,,,ZONE,,33.180000,33.229668,0.034275,0.015393,True,1
9/17/2025 5:15:00 PM,9/17/2025 1:15:00 PM,1,PJM-RTO,,,ZONE,,39.810000,39.900148,0.065066,0.025082,True,1
9/17/2025 5:20:00 PM,9/17/2025 1:20:00 PM,1,PJM-RTO,,,ZONE,,33.590000,33.633633,0.025181,0.018452,True,1
9/17/2025 5:25:00 PM,9/17/2025 1:25:00 PM,1,PJM-RTO,,,ZONE,,36.440000,36.507431,0.043188,0.024243,True,1
9/17/2025 5:30:00 PM,9/17/2025 1:30:00 PM,1,PJM-RTO,,,ZONE,,31.040000,31.073174,0.016292,0.016882,True,1
9/17/2025 5:35:00 PM,9/17/2025 1:35:00 PM,1,PJM-RTO,,,ZONE,,44.590000,44.690602,0.066526,0.034076,True,1
9/17/2025 5:40:00 PM,9/17/2025 1:40:00 PM,1,PJM-RTO,,,ZONE,,37.620000,37.679497,0.035461,0.024036,True,1
9/17/2025 5:45:00 PM,9/17/2025 1:45:00 PM,1,PJM-RTO,,,ZONE,,49.360000,49.458694,0.069769,0.028925,True,1
9/17/2025 5:50:00 PM,9/17/2025 1:50:00 PM,1,PJM-RTO,,,ZONE,,38.670000,38.723637,0.028994,0.024643,True,1
9/17/2025 5:55:00 PM,9/17/2025 1:55:00 PM,1,PJM-RTO,,,ZONE,,175.170000,175.813454,0.550917,0.092537,True,1
9/17/2025 6:00:00 PM,9/17/2025 2:00:00 PM,1,PJM-RTO,,,ZONE,,68.440000,68.661919,0.180110,0.041809,True,1
9/17/2025 6:05:00 PM,9/17/2025 2:05:00 PM,1,PJM-RTO,,,ZONE,,176.830000,177.553396,0.621254,0.102142,True,1
9/17/2025 6:10:00 PM,9/17/2025 2:10:00 PM,1,PJM-RTO,,,ZONE,,177.360000,178.094487,0.621418,0.113069,True,1
9/17/2025 6:15:00 PM,9/17/2025 2:15:00 PM,1,PJM-RTO,,,ZONE,,179.460000,180.109635,0.529963,0.119673,True,1
9/17/2025 6:20:00 PM,9/17/2025 2:20:00 PM,1,PJM-RTO,,,ZONE,,178.250000,178.918514,0.550776,0.117738,True,1
9/17/2025 6:25:00 PM,9/17/2025 2:25:00 PM,1,PJM-RTO,,,ZONE,,167.520000,168.067542,0.445691,0.101851,True,1
9/17/2025 6:30:00 PM,9/17/2025 2:30:00 PM,1,PJM-RTO,,,ZONE,,35.060000,35.152111,0.067815,0.024295,True,1
9/17/2025 6:35:00 PM,9/17/2025 2:35:00 PM,1,PJM-RTO,,,ZONE,,115.070000,115.509325,0.364773,0.074552,True,1
9/17/2025 6:40:00 PM,9/17/2025 2:40:00 PM,1,PJM-RTO,,,ZONE,,31.680000,31.733524,0.035556,0.017968,True,1
9/17/2025 6:45:00 PM,9/17/2025 2:45:00 PM,1,PJM-RTO,,,ZONE,,43.990000,44.069031,0.059413,0.019618,True,1
9/17/2025 6:50:00 PM,9/17/2025 2:50:00 PM,1,PJM-RTO,,,ZONE,,33.850000,33.890361,0.022086,0.018275,True,1
9/17/2025 6:55:00 PM,9/17/2025 2:55:00 PM,1,PJM-RTO,,,ZONE,,31.610000,31.653003,0.022898,0.020106,True,1
9/17/2025 7:00:00 PM,9/17/2025 3:00:00 PM,1,PJM-RTO,,,ZONE,,31.580000,31.636632,0.039255,0.017378,True,1
9/17/2025 7:05:00 PM,9/17/2025 3:05:00 PM,1,PJM-RTO,,,ZONE,,30.730000,30.780287,0.030023,0.020264,True,1
9/17/2025 7:10:00 PM,9/17/2025 3:10:00 PM,1,PJM-RTO,,,ZONE,,32.030000,32.067876,0.022910,0.014966,True,1
9/17/2025 7:15:00 PM,9/17/2025 3:15:00 PM,1,PJM-RTO,,,ZONE,,32.980000,33.024239,0.030362,0.013877,True,1
9/17/2025 7:20:00 PM,9/17/2025 3:20:00 PM,1,PJM-RTO,,,ZONE,,34.860000,34.906929,0.029733,0.017196,True,1
9/17/2025 7:25:00 PM,9/17/2025 3:25:00 PM,1,PJM-RTO,,,ZONE,,47.640000,47.748758,0.082936,0.025822,True,1
9/17/2025 7:30:00 PM,9/17/2025 3:30:00 PM,1,PJM-RTO,,,ZONE,,47.240000,47.349965,0.076632,0.033333,True,1
9/17/2025 7:35:00 PM,9/17/2025 3:35:00 PM,1,PJM-RTO,,,ZONE,,47.200000,47.289810,0.057473,0.032337,True,1
9/17/2025 7:40:00 PM,9/17/2025 3:40:00 PM,1,PJM-RTO,,,ZONE,,50.730000,50.825811,0.069920,0.025892,True,1
9/17/2025 7:45:00 PM,9/17/2025 3:45:00 PM,1,PJM-RTO,,,ZONE,,45.730000,45.822695,0.071170,0.021525,True,1
9/17/2025 7:50:00 PM,9/17/2025 3:50:00 PM,1,PJM-RTO,,,ZONE,,70.270000,70.434627,0.122066,0.042560,True,1
9/17/2025 7:55:00 PM,9/17/2025 3:55:00 PM,1,PJM-RTO,,,ZONE,,72.080000,72.290198,0.167547,0.042651,True,1
9/17/2025 8:00:00 PM,9/17/2025 4:00:00 PM,1,PJM-RTO,,,ZONE,,43.380000,43.486951,0.084350,0.022601,True,1
9/17/2025 8:05:00 PM,9/17/2025 4:05:00 PM,1,PJM-RTO,,,ZONE,,63.420000,63.587381,0.133370,0.034011,True,1
9/17/2025 8:10:00 PM,9/17/2025 4:10:00 PM,1,PJM-RTO,,,ZONE,,51.260000,51.374159,0.083889,0.030271,True,1
9/17/2025 8:15:00 PM,9/17/2025 4:15:00 PM,1,PJM-RTO,,,ZONE,,76.170000,76.432945,0.223351,0.039594,True,1
9/17/2025 8:20:00 PM,9/17/2025 4:20:00 PM,1,PJM-RTO,,,ZONE,,83.790000,84.076738,0.237700,0.049038,True,1
9/17/2025 8:25:00 PM,9/17/2025 4:25:00 PM,1,PJM-RTO,,,ZONE,,47.190000,47.301820,0.085613,0.026207,True,1
9/17/2025 8:30:00 PM,9/17/2025 4:30:00 PM,1,PJM-RTO,,,ZONE,,83.450000,83.725557,0.223852,0.051705,True,1
9/17/2025 8:35:00 PM,9/17/2025 4:35:00 PM,1,PJM-RTO,,,ZONE,,51.190000,51.316229,0.101293,0.024936,True,1
9/17/2025 8:40:00 PM,9/17/2025 4:40:00 PM,1,PJM-RTO,,,ZONE,,84.110000,84.334758,0.180982,0.043776,True,1
9/17/2025 8:45:00 PM,9/17/2025 4:45:00 PM,1,PJM-RTO,,,ZONE,,67.660000,67.806651,0.106801,0.039850,True,1
9/17/2025 8:50:00 PM,9/17/2025 4:50:00 PM,1,PJM-RTO,,,ZONE,,53.060000,53.155121,0.071163,0.023958,True,1
9/17/2025 8:55:00 PM,9/17/2025 4:55:00 PM,1,PJM-RTO,,,ZONE,,48.210000,48.281640,0.049245,0.022395,True,1
9/17/2025 9:00:00 PM,9/17/2025 5:00:00 PM,1,PJM-RTO,,,ZONE,,55.280000,55.524340,0.212796,0.031543,True,1
9/17/2025 9:05:00 PM,9/17/2025 5:05:00 PM,1,PJM-RTO,,,ZONE,,47.520000,47.620965,0.070582,0.030383,True,1
9/17/2025 9:10:00 PM,9/17/2025 5:10:00 PM,1,PJM-RTO,,,ZONE,,46.820000,47.016031,0.165425,0.030607,True,1
9/17/2025 9:15:00 PM,9/17/2025 5:15:00 PM,1,PJM-RTO,,,ZONE,,44.030000,44.106834,0.054396,0.022438,True,1
9/17/2025 9:20:00 PM,9/17/2025 5:20:00 PM,1,PJM-RTO,,,ZONE,,45.390000,45.499031,0.083411,0.025620,True,1
9/17/2025 9:25:00 PM,9/17/2025 5:25:00 PM,1,PJM-RTO,,,ZONE,,44.620000,44.722513,0.073519,0.028994,True,1
9/17/2025 9:30:00 PM,9/17/2025 5:30:00 PM,1,PJM-RTO,,,ZONE,,43.830000,43.915805,0.064113,0.021692,True,1
9/17/2025 9:35:00 PM,9/17/2025 5:35:00 PM,1,PJM-RTO,,,ZONE,,42.880000,43.058032,0.147712,0.030320,True,1
9/17/2025 9:40:00 PM,9/17/2025 5:40:00 PM,1,PJM-RTO,,,ZONE,,54.070000,54.193150,0.090886,0.032264,True,1
9/17/2025 9:45:00 PM,9/17/2025 5:45:00 PM,1,PJM-RTO,,,ZONE,,50.010000,50.117320,0.079975,0.027345,True,1
9/17/2025 9:50:00 PM,9/17/2025 5:50:00 PM,1,PJM-RTO,,,ZONE,,54.430000,54.595197,0.127331,0.037866,True,1
9/17/2025 9:55:00 PM,9/17/2025 5:55:00 PM,1,PJM-RTO,,,ZONE,,59.500000,59.609179,0.069360,0.039820,True,1
9/17/2025 10:00:00 PM,9/17/2025 6:00:00 PM,1,PJM-RTO,,,ZONE,,63.090000,63.263658,0.144703,0.028954,True,1
9/17/2025 10:05:00 PM,9/17/2025 6:05:00 PM,1,PJM-RTO,,,ZONE,,44.740000,44.841993,0.074000,0.027994,True,1
9/17/2025 10:10:00 PM,9/17/2025 6:10:00 PM,1,PJM-RTO,,,ZONE,,54.730000,54.839608,0.087192,0.022417,True,1
9/17/2025 10:15:00 PM,9/17/2025 6:15:00 PM,1,PJM-RTO,,,ZONE,,50.590000,50.689604,0.072665,0.026939,True,1
9/17/2025 10:20:00 PM,9/17/2025 6:20:00 PM,1,PJM-RTO,,,ZONE,,45.160000,45.253647,0.072771,0.020876,True,1
9/17/2025 10:25:00 PM,9/17/2025 6:25:00 PM,1,PJM-RTO,,,ZONE,,50.120000,50.228161,0.082674,0.025487,True,1
9/17/2025 10:30:00 PM,9/17/2025 6:30:00 PM,1,PJM-RTO,,,ZONE,,52.470000,52.600779,0.102195,0.028584,True,1
9/17/2025 10:35:00 PM,9/17/2025 6:35:00 PM,1,PJM-RTO,,,ZONE,,47.880000,48.001410,0.095531,0.025878,True,1
9/17/2025 10:40:00 PM,9/17/2025 6:40:00 PM,1,PJM-RTO,,,ZONE,,54.520000,54.677074,0.121070,0.036004,True,1
9/17/2025 10:45:00 PM,9/17/2025 6:45:00 PM,1,PJM-RTO,,,ZONE,,56.530000,56.692201,0.131117,0.031083,True,1
9/17/2025 10:50:00 PM,9/17/2025 6:50:00 PM,1,PJM-RTO,,,ZONE,,92.750000,93.029699,0.216185,0.063514,True,1
9/17/2025 10:55:00 PM,9/17/2025 6:55:00 PM,1,PJM-RTO,,,ZONE,,88.460000,88.779636,0.253979,0.065657,True,1
9/17/2025 11:00:00 PM,9/17/2025 7:00:00 PM,1,PJM-RTO,,,ZONE,,87.420000,87.585249,0.137155,0.028093,True,1
9/17/2025 11:05:00 PM,9/17/2025 7:05:00 PM,1,PJM-RTO,,,ZONE,,73.130000,73.262244,0.103344,0.028900,True,1
9/17/2025 11:10:00 PM,9/17/2025 7:10:00 PM,1,PJM-RTO,,,ZONE,,111.620000,111.811132,0.142641,0.048491,True,1
9/17/2025 11:15:00 PM,9/17/2025 7:15:00 PM,1,PJM-RTO,,,ZONE,,99.220000,99.501026,0.238008,0.043018,True,1
9/17/2025 11:20:00 PM,9/17/2025 7:20:00 PM,1,PJM-RTO,,,ZONE,,82.780000,83.007835,0.178389,0.049446,True,1
9/17/2025 11:25:00 PM,9/17/2025 7:25:00 PM,1,PJM-RTO,,,ZONE,,79.960000,80.157602,0.149604,0.047998,True,1
9/17/2025 11:30:00 PM,9/17/2025 7:30:00 PM,1,PJM-RTO,,,ZONE,,63.270000,63.386371,0.083613,0.032758,True,1
9/17/2025 11:35:00 PM,9/17/2025 7:35:00 PM,1,PJM-RTO,,,ZONE,,57.570000,57.701340,0.095878,0.035462,True,1
9/17/2025 11:40:00 PM,9/17/2025 7:40:00 PM,1,PJM-RTO,,,ZONE,,55.850000,55.973742,0.090679,0.033063,True,1
9/17/2025 11:45:00 PM,9/17/2025 7:45:00 PM,1,PJM-RTO,,,ZONE,,55.320000,55.478755,0.122959,0.035796,True,1
9/17/2025 11:50:00 PM,9/17/2025 7:50:00 PM,1,PJM-RTO,,,ZONE,,57.300000,57.456969,0.115066,0.041903,True,1
9/17/2025 11:55:00 PM,9/17/2025 7:55:00 PM,1,PJM-RTO,,,ZONE,,93.480000,93.837982,0.294627,0.063355,True,1
9/18/2025 12:00:00 AM,9/17/2025 8:00:00 PM,1,PJM-RTO,,,ZONE,,76.740000,76.961657,0.180289,0.041368,True,1
9/18/2025 12:05:00 AM,9/17/2025 8:05:00 PM,1,PJM-RTO,,,ZONE,,79.300000,79.527358,0.179911,0.047447,True,1
9/18/2025 12:10:00 AM,9/17/2025 8:10:00 PM,1,PJM-RTO,,,ZONE,,46.530000,46.584730,0.033054,0.021676,True,1
9/18/2025 12:15:00 AM,9/17/2025 8:15:00 PM,1,PJM-RTO,,,ZONE,,51.410000,51.518741,0.084194,0.024547,True,1
9/18/2025 12:20:00 AM,9/17/2025 8:20:00 PM,1,PJM-RTO,,,ZONE,,52.890000,52.982165,0.062255,0.029910,True,1
9/18/2025 12:25:00 AM,9/17/2025 8:25:00 PM,1,PJM-RTO,,,ZONE,,48.780000,48.889245,0.079245,0.030000,True,1
9/18/2025 12:30:00 AM,9/17/2025 8:30:00 PM,1,PJM-RTO,,,ZONE,,76.980000,77.215187,0.194629,0.040558,True,1
9/18/2025 12:35:00 AM,9/17/2025 8:35:00 PM,1,PJM-RTO,,,ZONE,,76.990000,77.231191,0.195847,0.045344,True,1
9/18/2025 12:40:00 AM,9/17/2025 8:40:00 PM,1,PJM-RTO,,,ZONE,,97.110000,97.412296,0.247412,0.054884,True,1
9/18/2025 12:45:00 AM,9/17/2025 8:45:00 PM,1,PJM-RTO,,,ZONE,,44.390000,44.489347,0.077978,0.021369,True,1
9/18/2025 12:50:00 AM,9/17/2025 8:50:00 PM,1,PJM-RTO,,,ZONE,,43.050000,43.144020,0.073933,0.020087,True,1
9/18/2025 12:55:00 AM,9/17/2025 8:55:00 PM,1,PJM-RTO,,,ZONE,,50.090000,50.212327,0.098574,0.023753,True,1
9/18/2025 1:00:00 AM,9/17/2025 9:00:00 PM,1,PJM-RTO,,,ZONE,,52.080000,52.197090,0.092107,0.024984,True,1
9/18/2025 1:05:00 AM,9/17/2025 9:05:00 PM,1,PJM-RTO,,,ZONE,,52.970000,53.125381,0.123891,0.031490,True,1
9/18/2025 1:10:00 AM,9/17/2025 9:10:00 PM,1,PJM-RTO,,,ZONE,,80.700000,80.961301,0.220473,0.040828,True,1
9/18/2025 1:15:00 AM,9/17/2025 9:15:00 PM,1,PJM-RTO,,,ZONE,,44.260000,44.332713,0.048518,0.024195,True,1
9/18/2025 1:20:00 AM,9/17/2025 9:20:00 PM,1,PJM-RTO,,,ZONE,,41.890000,41.957264,0.045868,0.021396,True,1
9/18/2025 1:25:00 AM,9/17/2025 9:25:00 PM,1,PJM-RTO,,,ZONE,,50.550000,50.702326,0.119869,0.032457,True,1
9/18/2025 1:30:00 AM,9/17/2025 9:30:00 PM,1,PJM-RTO,,,ZONE,,48.870000,48.990448,0.093259,0.027189,True,1
9/18/2025 1:35:00 AM,9/17/2025 9:35:00 PM,1,PJM-RTO,,,ZONE,,64.100000,64.366253,0.235583,0.030670,True,1
9/18/2025 1:40:00 AM,9/17/2025 9:40:00 PM,1,PJM-RTO,,,ZONE,,53.010000,53.159538,0.114505,0.035032,True,1
9/18/2025 1:45:00 AM,9/17/2025 9:45:00 PM,1,PJM-RTO,,,ZONE,,44.980000,45.099949,0.092436,0.027513,True,1
9/18/2025 1:50:00 AM,9/17/2025 9:50:00 PM,1,PJM-RTO,,,ZONE,,52.810000,52.951252,0.108917,0.032335,True,1
9/18/2025 1:55:00 AM,9/17/2025 9:55:00 PM,1,PJM-RTO,,,ZONE,,59.170000,59.307288,0.102668,0.034620,True,1
9/18/2025 2:00:00 AM,9/17/2025 10:00:00 PM,1,PJM-RTO,,,ZONE,,74.480000,74.809862,0.280846,0.049017,True,1
9/18/2025 2:05:00 AM,9/17/2025 10:05:00 PM,1,PJM-RTO,,,ZONE,,196.040000,196.978578,0.807176,0.131402,True,1
9/18/2025 2:10:00 AM,9/17/2025 10:10:00 PM,1,PJM-RTO,,,ZONE,,196.040000,196.978578,0.807176,0.131402,True,1
9/18/2025 2:15:00 AM,9/17/2025 10:15:00 PM,1,PJM-RTO,,,ZONE,,116.690000,117.076607,0.314333,0.072275,True,1
9/18/2025 2:20:00 AM,9/17/2025 10:20:00 PM,1,PJM-RTO,,,ZONE,,76.200000,76.404563,0.151299,0.053264,True,1
9/18/2025 2:25:00 AM,9/17/2025 10:25:00 PM,1,PJM-RTO,,,ZONE,,48.450000,48.537814,0.059947,0.027868,True,1
9/18/2025 2:30:00 AM,9/17/2025 10:30:00 PM,1,PJM-RTO,,,ZONE,,41.130000,41.300633,0.147309,0.023324,True,1
9/18/2025 2:35:00 AM,9/17/2025 10:35:00 PM,1,PJM-RTO,,,ZONE,,33.680000,33.753771,0.052475,0.021295,True,1
9/18/2025 2:40:00 AM,9/17/2025 10:40:00 PM,1,PJM-RTO,,,ZONE,,33.730000,33.841519,0.089584,0.021935,True,1
9/18/2025 2:45:00 AM,9/17/2025 10:45:00 PM,1,PJM-RTO,,,ZONE,,49.250000,49.429675,0.143199,0.036476,True,1
9/18/2025 2:50:00 AM,9/17/2025 10:50:00 PM,1,PJM-RTO,,,ZONE,,39.870000,39.971559,0.073642,0.027916,True,1
9/18/2025 2:55:00 AM,9/17/2025 10:55:00 PM,1,PJM-RTO,,,ZONE,,43.520000,43.641132,0.100081,0.021050,True,1
9/18/2025 3:00:00 AM,9/17/2025 11:00:00 PM,1,PJM-RTO,,,ZONE,,39.660000,39.784196,0.095365,0.028831,True,1
9/18/2025 3:05:00 AM,9/17/2025 11:05:00 PM,1,PJM-RTO,,,ZONE,,48.850000,49.043697,0.159363,0.034334,True,1
9/18/2025 3:10:00 AM,9/17/2025 11:10:00 PM,1,PJM-RTO,,,ZONE,,33.970000,34.075366,0.086628,0.018738,True,1
9/18/2025 3:15:00 AM,9/17/2025 11:15:00 PM,1,PJM-RTO,,,ZONE,,40.000000,40.124831,0.101567,0.023264,True,1
9/18/2025 3:20:00 AM,9/17/2025 11:20:00 PM,1,PJM-RTO,,,ZONE,,36.610000,36.717240,0.078576,0.028664,True,1
9/18/2025 3:25:00 AM,9/17/2025 11:25:00 PM,1,PJM-RTO,,,ZONE,,28.040000,28.121751,0.068210,0.013541,True,1
9/18/2025 3:30:00 AM,9/17/2025 11:30:00 PM,1,PJM-RTO,,,ZONE,,32.770000,32.987156,0.208056,0.009100,True,1
9/18/2025 3:35:00 AM,9/17/2025 11:35:00 PM,1,PJM-RTO,,,ZONE,,39.260000,39.392079,0.108600,0.023479,True,1
9/18/2025 3:40:00 AM,9/17/2025 11:40:00 PM,1,PJM-RTO,,,ZONE,,31.520000,31.600469,0.058813,0.021656,True,1
9/18/2025 3:45:00 AM,9/17/2025 11:45:00 PM,1,PJM-RTO,,,ZONE,,47.050000,47.174973,0.095084,0.029889,True,1
9/18/2025 3:50:00 AM,9/17/2025 11:50:00 PM,1,PJM-RTO,,,ZONE,,47.360000,47.471821,0.084293,0.027527,True,1
9/18/2025 3:55:00 AM,9/17/2025 11:55:00 PM,1,PJM-RTO,,,ZONE,,208.590000,209.310392,0.583697,0.136696,True,1
9/18/2025 4:00:00 AM,9/18/2025 12:00:00 AM,1,PJM-RTO,,,ZONE,,70.180000,70.509416,0.277737,0.051680,True,1
9/18/2025 4:05:00 AM,9/18/2025 12:05:00 AM,1,PJM-RTO,,,ZONE,,35.400000,35.496171,0.077009,0.019162,True,1
9/18/2025 4:10:00 AM,9/18/2025 12:10:00 AM,1,PJM-RTO,,,ZONE,,38.610000,38.731823,0.104110,0.017714,True,1
9/18/2025 4:15:00 AM,9/18/2025 12:15:00 AM,1,PJM-RTO,,,ZONE,,66.730000,66.908402,0.136401,0.042001,True,1
9/18/2025 4:20:00 AM,9/18/2025 12:20:00 AM,1,PJM-RTO,,,ZONE,,44.880000,44.980055,0.069634,0.030421,True,1
9/18/2025 4:25:00 AM,9/18/2025 12:25:00 AM,1,PJM-RTO,,,ZONE,,39.850000,39.968010,0.095030,0.022980,True,1
9/18/2025 4:30:00 AM,9/18/2025 12:30:00 AM,1,PJM-RTO,,,ZONE,,27.150000,27.212549,0.042684,0.019865,True,1
9/18/2025 4:35:00 AM,9/18/2025 12:35:00 AM,1,PJM-RTO,,,ZONE,,30.190000,30.267920,0.052769,0.025151,True,1
9/18/2025 4:40:00 AM,9/18/2025 12:40:00 AM,1,PJM-RTO,,,ZONE,,41.010000,41.132549,0.095250,0.027299,True,1
9/18/2025 4:45:00 AM,9/18/2025 12:45:00 AM,1,PJM-RTO,,,ZONE,,25.940000,26.020535,0.057684,0.022851,True,1
9/18/2025 4:50:00 AM,9/18/2025 12:50:00 AM,1,PJM-RTO,,,ZONE,,31.050000,31.154681,0.081345,0.023336,True,1
9/18/2025 4:55:00 AM,9/18/2025 12:55:00 AM,1,PJM-RTO,,,ZONE,,17.810000,17.830427,0.010141,0.010286,True,1
9/18/2025 5:00:00 AM,9/18/2025 1:00:00 AM,1,PJM-RTO,,,ZONE,,26.450000,26.531695,0.060554,0.021140,True,1
9/18/2025 5:05:00 AM,9/18/2025 1:05:00 AM,1,PJM-RTO,,,ZONE,,26.620000,26.689868,0.051091,0.018777,True,1
9/18/2025 5:10:00 AM,9/18/2025 1:10:00 AM,1,PJM-RTO,,,ZONE,,26.500000,26.561063,0.044281,0.016783,True,1
9/18/2025 5:15:00 AM,9/18/2025 1:15:00 AM,1,PJM-RTO,,,ZONE,,22.890000,22.925977,0.025723,0.010254,True,1
9/18/2025 5:20:00 AM,9/18/2025 1:20:00 AM,1,PJM-RTO,,,ZONE,,24.930000,24.991719,0.041620,0.020100,True,1
9/18/2025 5:25:00 AM,9/18/2025 1:25:00 AM,1,PJM-RTO,,,ZONE,,24.420000,24.469024,0.032675,0.016349,True,1
9/18/2025 5:30:00 AM,9/18/2025 1:30:00 AM,1,PJM-RTO,,,ZONE,,24.840000,24.898109,0.043692,0.014417,True,1
9/18/2025 5:35:00 AM,9/18/2025 1:35:00 AM,1,PJM-RTO,,,ZONE,,26.290000,26.495563,0.188668,0.016895,True,1
9/18/2025 5:40:00 AM,9/18/2025 1:40:00 AM,1,PJM-RTO,,,ZONE,,26.070000,26.227485,0.142241,0.015245,True,1
9/18/2025 5:45:00 AM,9/18/2025 1:45:00 AM,1,PJM-RTO,,,ZONE,,24.330000,24.640430,0.289319,0.021112,True,1
9/18/2025 5:50:00 AM,9/18/2025 1:50:00 AM,1,PJM-RTO,,,ZONE,,25.830000,25.986181,0.142868,0.013313,True,1
9/18/2025 5:55:00 AM,9/18/2025 1:55:00 AM,1,PJM-RTO,,,ZONE,,27.390000,27.537630,0.132247,0.015383,True,1
9/18/2025 6:00:00 AM,9/18/2025 2:00:00 AM,1,PJM-RTO,,,ZONE,,25.560000,25.710035,0.133131,0.016903,True,1
9/18/2025 6:05:00 AM,9/18/2025 2:05:00 AM,1,PJM-RTO,,,ZONE,,25.560000,25.706478,0.124559,0.021919,True,1
9/18/2025 6:10:00 AM,9/18/2025 2:10:00 AM,1,PJM-RTO,,,ZONE,,21.690000,21.746071,0.041540,0.014531,True,1
9/18/2025 6:15:00 AM,9/18/2025 2:15:00 AM,1,PJM-RTO,,,ZONE,,21.860000,21.978340,0.102013,0.016326,True,1
9/18/2025 6:20:00 AM,9/18/2025 2:20:00 AM,1,PJM-RTO,,,ZONE,,21.950000,22.010843,0.045401,0.015442,True,1
9/18/2025 6:25:00 AM,9/18/2025 2:25:00 AM,1,PJM-RTO,,,ZONE,,23.770000,23.835248,0.046410,0.018839,True,1
9/18/2025 6:30:00 AM,9/18/2025 2:30:00 AM,1,PJM-RTO,,,ZONE,,22.420000,22.471130,0.037261,0.013870,True,1
9/18/2025 6:35:00 AM,9/18/2025 2:35:00 AM,1,PJM-RTO,,,ZONE,,23.490000,23.555498,0.051942,0.013556,True,1
9/18/2025 6:40:00 AM,9/18/2025 2:40:00 AM,1,PJM-RTO,,,ZONE,,22.770000,22.838157,0.049803,0.018354,True,1
9/18/2025 6:45:00 AM,9/18/2025 2:45:00 AM,1,PJM-RTO,,,ZONE,,23.560000,23.623757,0.049590,0.014167,True,1
9/18/2025 6:50:00 AM,9/18/2025 2:50:00 AM,1,PJM-RTO,,,ZONE,,23.600000,23.671809,0.051752,0.020057,True,1
9/18/2025 6:55:00 AM,9/18/2025 2:55:00 AM,1,PJM-RTO,,,ZONE,,24.500000,24.658702,0.141921,0.016781,True,1
9/18/2025 7:00:00 AM,9/18/2025 3:00:00 AM,1,PJM-RTO,,,ZONE,,19.560000,19.601193,0.027475,0.013718,True,1
9/18/2025 7:05:00 AM,9/18/2025 3:05:00 AM,1,PJM-RTO,,,ZONE,,26.840000,26.907060,0.051839,0.015221,True,1
9/18/2025 7:10:00 AM,9/18/2025 3:10:00 AM,1,PJM-RTO,,,ZONE,,25.120000,25.176495,0.037884,0.018611,True,1
9/18/2025 7:15:00 AM,9/18/2025 3:15:00 AM,1,PJM-RTO,,,ZONE,,29.680000,29.830738,0.129387,0.021351,True,1
9/18/2025 7:20:00 AM,9/18/2025 3:20:00 AM,1,PJM-RTO,,,ZONE,,25.920000,25.982735,0.042989,0.019746,True,1
9/18/2025 7:25:00 AM,9/18/2025 3:25:00 AM,1,PJM-RTO,,,ZONE,,29.390000,29.618597,0.203706,0.024891,True,1
9/18/2025 7:30:00 AM,9/18/2025 3:30:00 AM,1,PJM-RTO,,,ZONE,,26.640000,26.811343,0.153525,0.017818,True,1
9/18/2025 7:35:00 AM,9/18/2025 3:35:00 AM,1,PJM-RTO,,,ZONE,,25.460000,25.617301,0.141209,0.016092,True,1
9/18/2025 7:40:00 AM,9/18/2025 3:40:00 AM,1,PJM-RTO,,,ZONE,,22.590000,22.775596,0.166166,0.019430,True,1
9/18/2025 7:45:00 AM,9/18/2025 3:45:00 AM,1,PJM-RTO,,,ZONE,,24.680000,24.848752,0.156207,0.012545,True,1
9/18/2025 7:50:00 AM,9/18/2025 3:50:00 AM,1,PJM-RTO,,,ZONE,,22.420000,22.594607,0.161241,0.013366,True,1
9/18/2025 7:55:00 AM,9/18/2025 3:55:00 AM,1,PJM-RTO,,,ZONE,,24.710000,24.766746,0.041540,0.015206,True,1
9/18/2025 8:00:00 AM,9/18/2025 4:00:00 AM,1,PJM-RTO,,,ZONE,,18.810000,18.924583,0.099758,0.014825,True,1
9/18/2025 8:05:00 AM,9/18/2025 4:05:00 AM,1,PJM-RTO,,,ZONE,,19.200000,19.236032,0.021681,0.014351,True,1
9/18/2025 8:10:00 AM,9/18/2025 4:10:00 AM,1,PJM-RTO,,,ZONE,,19.090000,19.137529,0.029561,0.017968,True,1
9/18/2025 8:15:00 AM,9/18/2025 4:15:00 AM,1,PJM-RTO,,,ZONE,,22.860000,22.920962,0.048700,0.012261,True,1
9/18/2025 8:20:00 AM,9/18/2025 4:20:00 AM,1,PJM-RTO,,,ZONE,,23.130000,23.205434,0.053662,0.021772,True,1
9/18/2025 8:25:00 AM,9/18/2025 4:25:00 AM,1,PJM-RTO,,,ZONE,,26.100000,26.186914,0.070458,0.016456,True,1
9/18/2025 8:30:00 AM,9/18/2025 4:30:00 AM,1,PJM-RTO,,,ZONE,,23.450000,23.536124,0.068395,0.017729,True,1
9/18/2025 8:35:00 AM,9/18/2025 4:35:00 AM,1,PJM-RTO,,,ZONE,,29.810000,29.933034,0.096881,0.026153,True,1
9/18/2025 8:40:00 AM,9/18/2025 4:40:00 AM,1,PJM-RTO,,,ZONE,,27.830000,27.933066,0.080296,0.022770,True,1
9/18/2025 8:45:00 AM,9/18/2025 4:45:00 AM,1,PJM-RTO,,,ZONE,,33.990000,34.115816,0.100833,0.024983,True,1
9/18/2025 8:50:00 AM,9/18/2025 4:50:00 AM,1,PJM-RTO,,,ZONE,,41.730000,41.928917,0.170473,0.028443,True,1
9/18/2025 8:55:00 AM,9/18/2025 4:55:00 AM,1,PJM-RTO,,,ZONE,,28.700000,28.790479,0.067252,0.023227,True,1
9/18/2025 9:00:00 AM,9/18/2025 5:00:00 AM,1,PJM-RTO,,,ZONE,,46.980000,47.157438,0.138960,0.038478,True,1
9/18/2025 9:05:00 AM,9/18/2025 5:05:00 AM,1,PJM-RTO,,,ZONE,,29.760000,29.861004,0.078650,0.022354,True,1
9/18/2025 9:10:00 AM,9/18/2025 5:10:00 AM,1,PJM-RTO,,,ZONE,,29.320000,29.415125,0.068649,0.026476,True,1
9/18/2025 9:15:00 AM,9/18/2025 5:15:00 AM,1,PJM-RTO,,,ZONE,,28.730000,28.847393,0.093640,0.023753,True,1
9/18/2025 9:20:00 AM,9/18/2025 5:20:00 AM,1,PJM-RTO,,,ZONE,,47.340000,47.574595,0.205113,0.029482,True,1
9/18/2025 9:25:00 AM,9/18/2025 5:25:00 AM,1,PJM-RTO,,,ZONE,,29.110000,29.199473,0.074699,0.014774,True,1
9/18/2025 9:30:00 AM,9/18/2025 5:30:00 AM,1,PJM-RTO,,,ZONE,,64.860000,65.324508,0.420054,0.044454,True,1
9/18/2025 9:35:00 AM,9/18/2025 5:35:00 AM,1,PJM-RTO,,,ZONE,,100.950000,101.597030,0.576887,0.070143,True,1
9/18/2025 9:40:00 AM,9/18/2025 5:40:00 AM,1,PJM-RTO,,,ZONE,,155.850000,156.697647,0.739741,0.107906,True,1
9/18/2025 9:45:00 AM,9/18/2025 5:45:00 AM,1,PJM-RTO,,,ZONE,,78.810000,79.289762,0.422123,0.057639,True,1
9/18/2025 9:50:00 AM,9/18/2025 5:50:00 AM,1,PJM-RTO,,,ZONE,,52.190000,52.503080,0.277247,0.035833,True,1
9/18/2025 9:55:00 AM,9/18/2025 5:55:00 AM,1,PJM-RTO,,,ZONE,,30.310000,30.434225,0.099170,0.025056,True,1
9/18/2025 10:00:00 AM,9/18/2025 6:00:00 AM,1,PJM-RTO,,,ZONE,,30.120000,30.241204,0.102743,0.018462,True,1
9/18/2025 10:05:00 AM,9/18/2025 6:05:00 AM,1,PJM-RTO,,,ZONE,,37.040000,37.239302,0.172049,0.027253,True,1
9/18/2025 10:10:00 AM,9/18/2025 6:10:00 AM,1,PJM-RTO,,,ZONE,,38.370000,38.533874,0.139388,0.024486,True,1
9/18/2025 10:15:00 AM,9/18/2025 6:15:00 AM,1,PJM-RTO,,,ZONE,,40.420000,40.620464,0.174741,0.025722,True,1
9/18/2025 10:20:00 AM,9/18/2025 6:20:00 AM,1,PJM-RTO,,,ZONE,,48.620000,48.893195,0.238759,0.034436,True,1
9/18/2025 10:25:00 AM,9/18/2025 6:25:00 AM,1,PJM-RTO,,,ZONE,,38.900000,39.059321,0.130038,0.029283,True,1
9/18/2025 10:30:00 AM,9/18/2025 6:30:00 AM,1,PJM-RTO,,,ZONE,,68.020000,68.483877,0.417739,0.046138,True,1
9/18/2025 10:35:00 AM,9/18/2025 6:35:00 AM,1,PJM-RTO,,,ZONE,,47.140000,47.366647,0.191481,0.035166,True,1
9/18/2025 10:40:00 AM,9/18/2025 6:40:00 AM,1,PJM-RTO,,,ZONE,,127.780000,128.542674,0.657094,0.105580,True,1
9/18/2025 10:45:00 AM,9/18/2025 6:45:00 AM,1,PJM-RTO,,,ZONE,,104.990000,105.639388,0.566585,0.082803,True,1
9/18/2025 10:50:00 AM,9/18/2025 6:50:00 AM,1,PJM-RTO,,,ZONE,,171.900000,172.887250,0.851339,0.135911,True,1
9/18/2025 10:55:00 AM,9/18/2025 6:55:00 AM,1,PJM-RTO,,,ZONE,,163.720000,164.569862,0.721208,0.128654,True,1
9/18/2025 11:00:00 AM,9/18/2025 7:00:00 AM,1,PJM-RTO,,,ZONE,,76.470000,76.666047,0.151421,0.044626,True,1
9/18/2025 11:05:00 AM,9/18/2025 7:05:00 AM,1,PJM-RTO,,,ZONE,,34.780000,34.863988,0.063387,0.020601,True,1
9/18/2025 11:10:00 AM,9/18/2025 7:10:00 AM,1,PJM-RTO,,,ZONE,,40.800000,40.910791,0.079422,0.031368,True,1
9/18/2025 11:15:00 AM,9/18/2025 7:15:00 AM,1,PJM-RTO,,,ZONE,,47.120000,47.249956,0.102571,0.027385,True,1
9/18/2025 11:20:00 AM,9/18/2025 7:20:00 AM,1,PJM-RTO,,,ZONE,,38.970000,39.077176,0.083631,0.023545,True,1
9/18/2025 11:25:00 AM,9/18/2025 7:25:00 AM,1,PJM-RTO,,,ZONE,,39.080000,39.198556,0.090805,0.027751,True,1
9/18/2025 11:30:00 AM,9/18/2025 7:30:00 AM,1,PJM-RTO,,,ZONE,,49.970000,50.161869,0.156856,0.035012,True,1
9/18/2025 11:35:00 AM,9/18/2025 7:35:00 AM,1,PJM-RTO,,,ZONE,,33.850000,33.977062,0.098318,0.028744,True,1
9/18/2025 11:40:00 AM,9/18/2025 7:40:00 AM,1,PJM-RTO,,,ZONE,,45.090000,45.221425,0.093670,0.037755,True,1
9/18/2025 11:45:00 AM,9/18/2025 7:45:00 AM,1,PJM-RTO,,,ZONE,,36.110000,36.196940,0.063240,0.023701,True,1
9/18/2025 11:50:00 AM,9/18/2025 7:50:00 AM,1,PJM-RTO,,,ZONE,,33.810000,33.896933,0.057463,0.029470,True,1
9/18/2025 11:55:00 AM,9/18/2025 7:55:00 AM,1,PJM-RTO,,,ZONE,,114.230000,114.626521,0.315099,0.081422,True,1
9/18/2025 12:00:00 PM,9/18/2025 8:00:00 AM,1,PJM-RTO,,,ZONE,,31.020000,31.061318,0.023537,0.017780,True,1
9/18/2025 12:05:00 PM,9/18/2025 8:05:00 AM,1,PJM-RTO,,,ZONE,,31.690000,31.740206,0.031233,0.018973,True,1
9/18/2025 12:10:00 PM,9/18/2025 8:10:00 AM,1,PJM-RTO,,,ZONE,,31.880000,31.919851,0.022680,0.017171,True,1
9/18/2025 12:15:00 PM,9/18/2025 8:15:00 AM,1,PJM-RTO,,,ZONE,,31.820000,31.871677,0.032866,0.018811,True,1
9/18/2025 12:20:00 PM,9/18/2025 8:20:00 AM,1,PJM-RTO,,,ZONE,,26.640000,26.692997,0.029869,0.023128,True,1
9/18/2025 12:25:00 PM,9/18/2025 8:25:00 AM,1,PJM-RTO,,,ZONE,,27.450000,27.498292,0.032641,0.015650,True,1
9/18/2025 12:30:00 PM,9/18/2025 8:30:00 AM,1,PJM-RTO,,,ZONE,,27.560000,27.589646,0.014234,0.015413,True,1
9/18/2025 12:35:00 PM,9/18/2025 8:35:00 AM,1,PJM-RTO,,,ZONE,,22.030000,22.048742,0.004450,0.014292,True,1
9/18/2025 12:40:00 PM,9/18/2025 8:40:00 AM,1,PJM-RTO,,,ZONE,,21.910000,21.930669,0.005812,0.014857,True,1
9/18/2025 12:45:00 PM,9/18/2025 8:45:00 AM,1,PJM-RTO,,,ZONE,,26.450000,26.476617,0.006835,0.019782,True,1
9/18/2025 12:50:00 PM,9/18/2025 8:50:00 AM,1,PJM-RTO,,,ZONE,,24.990000,25.020255,0.012563,0.017693,True,1
9/18/2025 12:55:00 PM,9/18/2025 8:55:00 AM,1,PJM-RTO,,,ZONE,,26.200000,26.233525,0.017152,0.016373,True,1
9/18/2025 1:00:00 PM,9/18/2025 9:00:00 AM,1,PJM-RTO,,,ZONE,,26.270000,26.303706,0.019337,0.014369,True,1
9/18/2025 1:05:00 PM,9/18/2025 9:05:00 AM,1,PJM-RTO,,,ZONE,,26.290000,26.322420,0.018471,0.013949,True,1
9/18/2025 1:10:00 PM,9/18/2025 9:10:00 AM,1,PJM-RTO,,,ZONE,,26.470000,26.513919,0.023348,0.020571,True,1
9/18/2025 1:15:00 PM,9/18/2025 9:15:00 AM,1,PJM-RTO,,,ZONE,,27.450000,27.509747,0.038625,0.021123,True,1
9/18/2025 1:20:00 PM,9/18/2025 9:20:00 AM,1,PJM-RTO,,,ZONE,,29.570000,29.614894,0.029912,0.014983,True,1
9/18/2025 1:25:00 PM,9/18/2025 9:25:00 AM,1,PJM-RTO,,,ZONE,,33.860000,33.920868,0.043833,0.017035,True,1
9/18/2025 1:30:00 PM,9/18/2025 9:30:00 AM,1,PJM-RTO,,,ZONE,,34.630000,34.705058,0.052219,0.022839,True,1
9/18/2025 1:35:00 PM,9/18/2025 9:35:00 AM,1,PJM-RTO,,,ZONE,,29.920000,29.966429,0.027710,0.018719,True,1
9/18/2025 1:40:00 PM,9/18/2025 9:40:00 AM,1,PJM-RTO,,,ZONE,,28.420000,28.471598,0.029410,0.022188,True,1
9/18/2025 1:45:00 PM,9/18/2025 9:45:00 AM,1,PJM-RTO,,,ZONE,,27.030000,27.075014,0.025452,0.019562,True,1
9/18/2025 1:50:00 PM,9/18/2025 9:50:00 AM,1,PJM-RTO,,,ZONE,,28.630000,28.682309,0.029652,0.022658,True,1
9/18/2025 1:55:00 PM,9/18/2025 9:55:00 AM,1,PJM-RTO,,,ZONE,,29.040000,29.099042,0.036739,0.022303,True,1
9/18/2025 2:00:00 PM,9/18/2025 10:00:00 AM,1,PJM-RTO,,,ZONE,,22.720000,22.752577,0.016122,0.016454,True,1
9/18/2025 2:05:00 PM,9/18/2025 10:05:00 AM,1,PJM-RTO,,,ZONE,,33.520000,33.563711,0.029164,0.014547,True,1
9/18/2025 2:10:00 PM,9/18/2025 10:10:00 AM,1,PJM-RTO,,,ZONE,,26.070000,26.098911,0.016552,0.012359,True,1
9/18/2025 2:15:00 PM,9/18/2025 10:15:00 AM,1,PJM-RTO,,,ZONE,,33.140000,33.199471,0.041009,0.018462,True,1
9/18/2025 2:20:00 PM,9/18/2025 10:20:00 AM,1,PJM-RTO,,,ZONE,,35.030000,35.085664,0.036679,0.018985,True,1
9/18/2025 2:25:00 PM,9/18/2025 10:25:00 AM,1,PJM-RTO,,,ZONE,,72.070000,72.249521,0.137032,0.042489,True,1
9/18/2025 2:30:00 PM,9/18/2025 10:30:00 AM,1,PJM-RTO,,,ZONE,,62.770000,62.935014,0.121782,0.043232,True,1
9/18/2025 2:35:00 PM,9/18/2025 10:35:00 AM,1,PJM-RTO,,,ZONE,,35.220000,35.292003,0.048202,0.023801,True,1
9/18/2025 2:40:00 PM,9/18/2025 10:40:00 AM,1,PJM-RTO,,,ZONE,,33.160000,33.219408,0.040457,0.018951,True,1
9/18/2025 2:45:00 PM,9/18/2025 10:45:00 AM,1,PJM-RTO,,,ZONE,,33.290000,33.349284,0.038975,0.020309,True,1
9/18/2025 2:50:00 PM,9/18/2025 10:50:00 AM,1,PJM-RTO,,,ZONE,,31.590000,31.651589,0.043033,0.018556,True,1
9/18/2025 2:55:00 PM,9/18/2025 10:55:00 AM,1,PJM-RTO,,,ZONE,,29.810000,29.853985,0.023996,0.019990,True,1
9/18/2025 3:00:00 PM,9/18/2025 11:00:00 AM,1,PJM-RTO,,,ZONE,,35.550000,35.592713,0.020626,0.022086,True,1
9/18/2025 3:05:00 PM,9/18/2025 11:05:00 AM,1,PJM-RTO,,,ZONE,,36.540000,36.607102,0.042842,0.024260,True,1
9/18/2025 3:10:00 PM,9/18/2025 11:10:00 AM,1,PJM-RTO,,,ZONE,,38.110000,38.177462,0.048159,0.019303,True,1
9/18/2025 3:15:00 PM,9/18/2025 11:15:00 AM,1,PJM-RTO,,,ZONE,,70.910000,71.132149,0.175761,0.046388,True,1
9/18/2025 3:20:00 PM,9/18/2025 11:20:00 AM,1,PJM-RTO,,,ZONE,,35.170000,35.233326,0.045150,0.018176,True,1
9/18/2025 3:25:00 PM,9/18/2025 11:25:00 AM,1,PJM-RTO,,,ZONE,,37.650000,37.712955,0.034992,0.027964,True,1
9/18/2025 3:30:00 PM,9/18/2025 11:30:00 AM,1,PJM-RTO,,,ZONE,,30.950000,30.993425,0.027858,0.015567,True,1
9/18/2025 3:35:00 PM,9/18/2025 11:35:00 AM,1,PJM-RTO,,,ZONE,,31.870000,31.917190,0.022197,0.024993,True,1
9/18/2025 3:40:00 PM,9/18/2025 11:40:00 AM,1,PJM-RTO,,,ZONE,,34.180000,34.222385,0.020188,0.022197,True,1
9/18/2025 3:45:00 PM,9/18/2025 11:45:00 AM,1,PJM-RTO,,,ZONE,,33.500000,33.539620,0.022019,0.017601,True,1
9/18/2025 3:50:00 PM,9/18/2025 11:50:00 AM,1,PJM-RTO,,,ZONE,,37.120000,37.175023,0.037460,0.017563,True,1
9/18/2025 3:55:00 PM,9/18/2025 11:55:00 AM,1,PJM-RTO,,,ZONE,,38.940000,39.011157,0.042626,0.028531,True,1
9/18/2025 4:00:00 PM,9/18/2025 12:00:00 PM,1,PJM-RTO,,,ZONE,,34.030000,34.084476,0.034763,0.019714,True,1
9/18/2025 4:05:00 PM,9/18/2025 12:05:00 PM,1,PJM-RTO,,,ZONE,,45.490000,45.584645,0.067820,0.026825,True,1
9/18/2025 4:10:00 PM,9/18/2025 12:10:00 PM,1,PJM-RTO,,,ZONE,,98.510000,98.811746,0.238568,0.063178,True,1
9/18/2025 4:15:00 PM,9/18/2025 12:15:00 PM,1,PJM-RTO,,,ZONE,,129.930000,130.354699,0.339320,0.085379,True,1
9/18/2025 4:20:00 PM,9/18/2025 12:20:00 PM,1,PJM-RTO,,,ZONE,,245.130000,245.994346,0.694742,0.169604,True,1
9/18/2025 4:25:00 PM,9/18/2025 12:25:00 PM,1,PJM-RTO,,,ZONE,,83.900000,84.155234,0.201983,0.053251,True,1
9/18/2025 4:30:00 PM,9/18/2025 12:30:00 PM,1,PJM-RTO,,,ZONE,,117.500000,117.814873,0.238718,0.076155,True,1
9/18/2025 4:35:00 PM,9/18/2025 12:35:00 PM,1,PJM-RTO,,,ZONE,,84.110000,84.276722,0.115062,0.051660,True,1
9/18/2025 4:40:00 PM,9/18/2025 12:40:00 PM,1,PJM-RTO,,,ZONE,,43.280000,43.368871,0.061816,0.027055,True,1
9/18/2025 4:45:00 PM,9/18/2025 12:45:00 PM,1,PJM-RTO,,,ZONE,,58.060000,58.185253,0.089740,0.035513,True,1
9/18/2025 4:50:00 PM,9/18/2025 12:50:00 PM,1,PJM-RTO,,,ZONE,,42.540000,42.612505,0.042346,0.030159,True,1
9/18/2025 4:55:00 PM,9/18/2025 12:55:00 PM,1,PJM-RTO,,,ZONE,,34.730000,34.784486,0.031649,0.022837,True,1
9/18/2025 5:00:00 PM,9/18/2025 1:00:00 PM,1,PJM-RTO,,,ZONE,,33.900000,33.939687,0.022554,0.017133,True,1
9/18/2025 5:05:00 PM,9/18/2025 1:05:00 PM,1,PJM-RTO,,,ZONE,,35.200000,35.253889,0.027673,0.026216,True,1
9/18/2025 5:10:00 PM,9/18/2025 1:10:00 PM,1,PJM-RTO,,,ZONE,,39.570000,39.640450,0.047058,0.023392,True,1
9/18/2025 5:15:00 PM,9/18/2025 1:15:00 PM,1,PJM-RTO,,,ZONE,,42.950000,43.025970,0.050871,0.025099,True,1
9/18/2025 5:20:00 PM,9/18/2025 1:20:00 PM,1,PJM-RTO,,,ZONE,,34.230000,34.275403,0.026930,0.018473,True,1
9/18/2025 5:25:00 PM,9/18/2025 1:25:00 PM,1,PJM-RTO,,,ZONE,,93.600000,93.830954,0.174692,0.056263,True,1
9/18/2025 5:30:00 PM,9/18/2025 1:30:00 PM,1,PJM-RTO,,,ZONE,,44.780000,44.833929,0.025974,0.027955,True,1
9/18/2025 5:35:00 PM,9/18/2025 1:35:00 PM,1,PJM-RTO,,,ZONE,,39.510000,39.561856,0.032035,0.019821,True,1
9/18/2025 5:40:00 PM,9/18/2025 1:40:00 PM,1,PJM-RTO,,,ZONE,,41.800000,41.881125,0.050739,0.030386,True,1
9/18/2025 5:45:00 PM,9/18/2025 1:45:00 PM,1,PJM-RTO,,,ZONE,,71.120000,71.361658,0.190112,0.051546,True,1
9/18/2025 5:50:00 PM,9/18/2025 1:50:00 PM,1,PJM-RTO,,,ZONE,,43.500000,43.607391,0.074110,0.033281,True,1
9/18/2025 5:55:00 PM,9/18/2025 1:55:00 PM,1,PJM-RTO,,,ZONE,,81.890000,82.165599,0.214594,0.061005,True,1
9/18/2025 6:00:00 PM,9/18/2025 2:00:00 PM,1,PJM-RTO,,,ZONE,,44.450000,44.529047,0.047975,0.031072,True,1
9/18/2025 6:05:00 PM,9/18/2025 2:05:00 PM,1,PJM-RTO,,,ZONE,,41.740000,41.829240,0.061693,0.027546,True,1
9/18/2025 6:10:00 PM,9/18/2025 2:10:00 PM,1,PJM-RTO,,,ZONE,,71.460000,71.667113,0.165275,0.041838,True,1
9/18/2025 6:15:00 PM,9/18/2025 2:15:00 PM,1,PJM-RTO,,,ZONE,,54.910000,54.998184,0.056314,0.031870,True,1
9/18/2025 6:20:00 PM,9/18/2025 2:20:00 PM,1,PJM-RTO,,,ZONE,,44.930000,45.008602,0.054165,0.024437,True,1
9/18/2025 6:25:00 PM,9/18/2025 2:25:00 PM,1,PJM-RTO,,,ZONE,,54.220000,54.331387,0.078508,0.032879,True,1
9/18/2025 6:30:00 PM,9/18/2025 2:30:00 PM,1,PJM-RTO,,,ZONE,,40.530000,40.598029,0.040070,0.027959,True,1
9/18/2025 6:35:00 PM,9/18/2025 2:35:00 PM,1,PJM-RTO,,,ZONE,,44.260000,44.361528,0.078190,0.023338,True,1
9/18/2025 6:40:00 PM,9/18/2025 2:40:00 PM,1,PJM-RTO,,,ZONE,,46.410000,46.511975,0.071269,0.030706,True,1
9/18/2025 6:45:00 PM,9/18/2025 2:45:00 PM,1,PJM-RTO,,,ZONE,,53.510000,53.640315,0.097042,0.033272,True,1
9/18/2025 6:50:00 PM,9/18/2025 2:50:00 PM,1,PJM-RTO,,,ZONE,,47.400000,47.505416,0.069490,0.035925,True,1
9/18/2025 6:55:00 PM,9/18/2025 2:55:00 PM,1,PJM-RTO,,,ZONE,,74.160000,74.368257,0.156969,0.051288,True,1
9/18/2025 7:00:00 PM,9/18/2025 3:00:00 PM,1,PJM-RTO,,,ZONE,,48.800000,48.884634,0.051243,0.033391,True,1
9/18/2025 7:05:00 PM,9/18/2025 3:05:00 PM,1,PJM-RTO,,,ZONE,,113.790000,114.023201,0.164610,0.068591,True,1
9/18/2025 7:10:00 PM,9/18/2025 3:10:00 PM,1,PJM-RTO,,,ZONE,,81.370000,81.520749,0.103356,0.047392,True,1
9/18/2025 7:15:00 PM,9/18/2025 3:15:00 PM,1,PJM-RTO,,,ZONE,,74.160000,74.357009,0.150433,0.046576,True,1
9/18/2025 7:20:00 PM,9/18/2025 3:20:00 PM,1,PJM-RTO,,,ZONE,,54.390000,54.480918,0.058625,0.032293,True,1
9/18/2025 7:25:00 PM,9/18/2025 3:25:00 PM,1,PJM-RTO,,,ZONE,,47.980000,48.103710,0.092461,0.031249,True,1
9/18/2025 7:30:00 PM,9/18/2025 3:30:00 PM,1,PJM-RTO,,,ZONE,,45.430000,45.522277,0.066353,0.025924,True,1
9/18/2025 7:35:00 PM,9/18/2025 3:35:00 PM,1,PJM-RTO,,,ZONE,,41.990000,42.068871,0.048655,0.030216,True,1
9/18/2025 7:40:00 PM,9/18/2025 3:40:00 PM,1,PJM-RTO,,,ZONE,,41.330000,41.396817,0.040017,0.026800,True,1
9/18/2025 7:45:00 PM,9/18/2025 3:45:00 PM,1,PJM-RTO,,,ZONE,,39.350000,39.408812,0.039326,0.019486,True,1
9/18/2025 7:50:00 PM,9/18/2025 3:50:00 PM,1,PJM-RTO,,,ZONE,,47.270000,47.300562,0.000000,0.030562,True,1
9/18/2025 7:55:00 PM,9/18/2025 3:55:00 PM,1,PJM-RTO,,,ZONE,,54.400000,54.546675,0.111486,0.035189,True,1
9/18/2025 8:00:00 PM,9/18/2025 4:00:00 PM,1,PJM-RTO,,,ZONE,,50.900000,50.925161,0.002153,0.023008,True,1
9/18/2025 8:05:00 PM,9/18/2025 4:05:00 PM,1,PJM-RTO,,,ZONE,,47.080000,47.130567,0.020350,0.030216,True,1
9/18/2025 8:10:00 PM,9/18/2025 4:10:00 PM,1,PJM-RTO,,,ZONE,,59.440000,59.480062,0.000000,0.040062,True,1
9/18/2025 8:15:00 PM,9/18/2025 4:15:00 PM,1,PJM-RTO,,,ZONE,,51.810000,51.843600,0.000000,0.033600,True,1
9/18/2025 8:20:00 PM,9/18/2025 4:20:00 PM,1,PJM-RTO,,,ZONE,,77.440000,77.480749,0.000000,0.040749,True,1
9/18/2025 8:25:00 PM,9/18/2025 4:25:00 PM,1,PJM-RTO,,,ZONE,,51.880000,51.906040,0.000000,0.026040,True,1
9/18/2025 8:30:00 PM,9/18/2025 4:30:00 PM,1,PJM-RTO,,,ZONE,,96.370000,96.430336,0.000000,0.060336,True,1
9/18/2025 8:35:00 PM,9/18/2025 4:35:00 PM,1,PJM-RTO,,,ZONE,,51.260000,51.285487,0.000000,0.025487,True,1
9/18/2025 8:40:00 PM,9/18/2025 4:40:00 PM,1,PJM-RTO,,,ZONE,,59.650000,59.683404,0.000000,0.033404,True,1
9/18/2025 8:45:00 PM,9/18/2025 4:45:00 PM,1,PJM-RTO,,,ZONE,,72.130000,72.177260,0.000000,0.047260,True,1
9/18/2025 8:50:00 PM,9/18/2025 4:50:00 PM,1,PJM-RTO,,,ZONE,,62.750000,62.781243,0.000000,0.031243,True,1
9/18/2025 8:55:00 PM,9/18/2025 4:55:00 PM,1,PJM-RTO,,,ZONE,,61.770000,61.837795,0.032147,0.035648,True,1
9/18/2025 9:00:00 PM,9/18/2025 5:00:00 PM,1,PJM-RTO,,,ZONE,,52.370000,52.403201,-0.000177,0.033378,True,1
9/18/2025 9:05:00 PM,9/18/2025 5:05:00 PM,1,PJM-RTO,,,ZONE,,46.190000,46.227606,0.016004,0.021601,True,1
9/18/2025 9:10:00 PM,9/18/2025 5:10:00 PM,1,PJM-RTO,,,ZONE,,48.670000,48.706281,-0.000114,0.036395,True,1
9/18/2025 9:15:00 PM,9/18/2025 5:15:00 PM,1,PJM-RTO,,,ZONE,,50.290000,50.423414,0.101821,0.031593,True,1
9/18/2025 9:20:00 PM,9/18/2025 5:20:00 PM,1,PJM-RTO,,,ZONE,,50.360000,50.494188,0.107048,0.027140,True,1
9/18/2025 9:25:00 PM,9/18/2025 5:25:00 PM,1,PJM-RTO,,,ZONE,,47.020000,47.155955,0.108175,0.027780,True,1
9/18/2025 9:30:00 PM,9/18/2025 5:30:00 PM,1,PJM-RTO,,,ZONE,,59.650000,59.817266,0.132950,0.034316,True,1
9/18/2025 9:35:00 PM,9/18/2025 5:35:00 PM,1,PJM-RTO,,,ZONE,,67.940000,68.092808,0.110622,0.042186,True,1
9/18/2025 9:40:00 PM,9/18/2025 5:40:00 PM,1,PJM-RTO,,,ZONE,,89.160000,89.324464,0.118417,0.046047,True,1
9/18/2025 9:45:00 PM,9/18/2025 5:45:00 PM,1,PJM-RTO,,,ZONE,,109.490000,109.787114,0.227438,0.069676,True,1
9/18/2025 9:50:00 PM,9/18/2025 5:50:00 PM,1,PJM-RTO,,,ZONE,,146.270000,146.475968,0.118664,0.087304,True,1
9/18/2025 9:55:00 PM,9/18/2025 5:55:00 PM,1,PJM-RTO,,,ZONE,,114.330000,114.740394,0.342281,0.068113,True,1
9/18/2025 10:00:00 PM,9/18/2025 6:00:00 PM,1,PJM-RTO,,,ZONE,,137.390000,137.848968,0.386538,0.072430,True,1
9/18/2025 10:05:00 PM,9/18/2025 6:05:00 PM,1,PJM-RTO,,,ZONE,,124.510000,124.831998,0.263020,0.058978,True,1
9/18/2025 10:10:00 PM,9/18/2025 6:10:00 PM,1,PJM-RTO,,,ZONE,,113.100000,113.370519,0.205922,0.064596,True,1
9/18/2025 10:15:00 PM,9/18/2025 6:15:00 PM,1,PJM-RTO,,,ZONE,,305.630000,306.157754,0.345703,0.182051,True,1
9/18/2025 10:20:00 PM,9/18/2025 6:20:00 PM,1,PJM-RTO,,,ZONE,,284.590000,285.121478,0.351324,0.180154,True,1
9/18/2025 10:25:00 PM,9/18/2025 6:25:00 PM,1,PJM-RTO,,,ZONE,,158.640000,159.070964,0.331268,0.099696,True,1
9/18/2025 10:30:00 PM,9/18/2025 6:30:00 PM,1,PJM-RTO,,,ZONE,,319.940000,320.531895,0.379767,0.212129,True,1
9/18/2025 10:35:00 PM,9/18/2025 6:35:00 PM,1,PJM-RTO,,,ZONE,,220.400000,220.972196,0.431127,0.141069,True,1
9/18/2025 10:40:00 PM,9/18/2025 6:40:00 PM,1,PJM-RTO,,,ZONE,,141.100000,141.510639,0.311864,0.098775,True,1
9/18/2025 10:45:00 PM,9/18/2025 6:45:00 PM,1,PJM-RTO,,,ZONE,,150.330000,150.669523,0.242547,0.096976,True,1
9/18/2025 10:50:00 PM,9/18/2025 6:50:00 PM,1,PJM-RTO,,,ZONE,,151.870000,152.332006,0.368737,0.093269,True,1
9/18/2025 10:55:00 PM,9/18/2025 6:55:00 PM,1,PJM-RTO,,,ZONE,,109.190000,109.509279,0.251976,0.067302,True,1
9/18/2025 11:00:00 PM,9/18/2025 7:00:00 PM,1,PJM-RTO,,,ZONE,,73.670000,73.867167,0.155929,0.041238,True,1
9/18/2025 11:05:00 PM,9/18/2025 7:05:00 PM,1,PJM-RTO,,,ZONE,,78.730000,78.912158,0.132722,0.049436,True,1
9/18/2025 11:10:00 PM,9/18/2025 7:10:00 PM,1,PJM-RTO,,,ZONE,,110.740000,111.026126,0.222178,0.063948,True,1
9/18/2025 11:15:00 PM,9/18/2025 7:15:00 PM,1,PJM-RTO,,,ZONE,,46.490000,46.598340,0.079778,0.028561,True,1
9/18/2025 11:20:00 PM,9/18/2025 7:20:00 PM,1,PJM-RTO,,,ZONE,,72.880000,73.076956,0.154881,0.042075,True,1
9/18/2025 11:25:00 PM,9/18/2025 7:25:00 PM,1,PJM-RTO,,,ZONE,,71.290000,71.451732,0.123323,0.038410,True,1
9/18/2025 11:30:00 PM,9/18/2025 7:30:00 PM,1,PJM-RTO,,,ZONE,,56.100000,56.244346,0.107485,0.036861,True,1
9/18/2025 11:35:00 PM,9/18/2025 7:35:00 PM,1,PJM-RTO,,,ZONE,,47.090000,47.180965,0.061758,0.029206,True,1
9/18/2025 11:40:00 PM,9/18/2025 7:40:00 PM,1,PJM-RTO,,,ZONE,,57.450000,57.603313,0.116937,0.036376,True,1
9/18/2025 11:45:00 PM,9/18/2025 7:45:00 PM,1,PJM-RTO,,,ZONE,,61.150000,61.274339,0.088527,0.035812,True,1
9/18/2025 11:50:00 PM,9/18/2025 7:50:00 PM,1,PJM-RTO,,,ZONE,,75.430000,75.617241,0.148732,0.038509,True,1
9/18/2025 11:55:00 PM,9/18/2025 7:55:00 PM,1,PJM-RTO,,,ZONE,,76.160000,76.365696,0.156086,0.049610,True,1
9/19/2025 12:00:00 AM,9/18/2025 8:00:00 PM,1,PJM-RTO,,,ZONE,,108.630000,108.943952,0.239975,0.073977,True,1
9/19/2025 12:05:00 AM,9/18/2025 8:05:00 PM,1,PJM-RTO,,,ZONE,,184.110000,184.572857,0.342689,0.120168,True,1
9/19/2025 12:10:00 AM,9/18/2025 8:10:00 PM,1,PJM-RTO,,,ZONE,,90.710000,90.996089,0.223093,0.062996,True,1
9/19/2025 12:15:00 AM,9/18/2025 8:15:00 PM,1,PJM-RTO,,,ZONE,,85.520000,85.914364,0.338580,0.055785,True,1
9/19/2025 12:20:00 AM,9/18/2025 8:20:00 PM,1,PJM-RTO,,,ZONE,,70.160000,70.462740,0.258771,0.043968,True,1
9/19/2025 12:25:00 AM,9/18/2025 8:25:00 PM,1,PJM-RTO,,,ZONE,,48.550000,48.879944,0.298774,0.031170,True,1
9/19/2025 12:30:00 AM,9/18/2025 8:30:00 PM,1,PJM-RTO,,,ZONE,,44.040000,44.340942,0.280950,0.019992,True,1
9/19/2025 12:35:00 AM,9/18/2025 8:35:00 PM,1,PJM-RTO,,,ZONE,,41.180000,41.282263,0.081250,0.021013,True,1
9/19/2025 12:40:00 AM,9/18/2025 8:40:00 PM,1,PJM-RTO,,,ZONE,,42.750000,42.856196,0.080351,0.025845,True,1
9/19/2025 12:45:00 AM,9/18/2025 8:45:00 PM,1,PJM-RTO,,,ZONE,,42.870000,42.970652,0.078328,0.022324,True,1
9/19/2025 12:50:00 AM,9/18/2025 8:50:00 PM,1,PJM-RTO,,,ZONE,,53.240000,53.356051,0.089067,0.026984,True,1
9/19/2025 12:55:00 AM,9/18/2025 8:55:00 PM,1,PJM-RTO,,,ZONE,,54.700000,54.809959,0.079608,0.030350,True,1
9/19/2025 1:00:00 AM,9/18/2025 9:00:00 PM,1,PJM-RTO,,,ZONE,,45.050000,45.176631,0.102326,0.024306,True,1
9/19/2025 1:05:00 AM,9/18/2025 9:05:00 PM,1,PJM-RTO,,,ZONE,,54.600000,54.787815,0.154899,0.032916,True,1
9/19/2025 1:10:00 AM,9/18/2025 9:10:00 PM,1,PJM-RTO,,,ZONE,,35.180000,35.268285,0.066954,0.021331,True,1
9/19/2025 1:15:00 AM,9/18/2025 9:15:00 PM,1,PJM-RTO,,,ZONE,,74.120000,74.514990,0.347874,0.047116,True,1
9/19/2025 1:20:00 AM,9/18/2025 9:20:00 PM,1,PJM-RTO,,,ZONE,,40.700000,40.771899,0.050570,0.021329,True,1
9/19/2025 1:25:00 AM,9/18/2025 9:25:00 PM,1,PJM-RTO,,,ZONE,,44.630000,44.718058,0.063624,0.024434,True,1
9/19/2025 1:30:00 AM,9/18/2025 9:30:00 PM,1,PJM-RTO,,,ZONE,,39.860000,39.922745,0.036014,0.026731,True,1
9/19/2025 1:35:00 AM,9/18/2025 9:35:00 PM,1,PJM-RTO,,,ZONE,,70.200000,70.374361,0.138622,0.035740,True,1
9/19/2025 1:40:00 AM,9/18/2025 9:40:00 PM,1,PJM-RTO,,,ZONE,,59.720000,59.862969,0.105846,0.037123,True,1
9/19/2025 1:45:00 AM,9/18/2025 9:45:00 PM,1,PJM-RTO,,,ZONE,,76.720000,76.895408,0.127964,0.047444,True,1
9/19/2025 1:50:00 AM,9/18/2025 9:50:00 PM,1,PJM-RTO,,,ZONE,,75.200000,75.368342,0.119387,0.048955,True,1
9/19/2025 1:55:00 AM,9/18/2025 9:55:00 PM,1,PJM-RTO,,,ZONE,,70.510000,70.633407,0.082462,0.040946,True,1
9/19/2025 2:00:00 AM,9/18/2025 10:00:00 PM,1,PJM-RTO,,,ZONE,,81.390000,81.637086,0.198327,0.048759,True,1
9/19/2025 2:05:00 AM,9/18/2025 10:05:00 PM,1,PJM-RTO,,,ZONE,,81.060000,81.292648,0.188242,0.044406,True,1
9/19/2025 2:10:00 AM,9/18/2025 10:10:00 PM,1,PJM-RTO,,,ZONE,,80.260000,80.492737,0.188129,0.044608,True,1
9/19/2025 2:15:00 AM,9/18/2025 10:15:00 PM,1,PJM-RTO,,,ZONE,,78.260000,78.531100,0.217107,0.053993,True,1
9/19/2025 2:20:00 AM,9/18/2025 10:20:00 PM,1,PJM-RTO,,,ZONE,,78.960000,79.138271,0.136812,0.041459,True,1
9/19/2025 2:25:00 AM,9/18/2025 10:25:00 PM,1,PJM-RTO,,,ZONE,,82.670000,82.883048,0.172765,0.040282,True,1
9/19/2025 2:30:00 AM,9/18/2025 10:30:00 PM,1,PJM-RTO,,,ZONE,,38.760000,38.863376,0.076528,0.026848,True,1
9/19/2025 2:35:00 AM,9/18/2025 10:35:00 PM,1,PJM-RTO,,,ZONE,,46.700000,46.814683,0.088665,0.026018,True,1
9/19/2025 2:40:00 AM,9/18/2025 10:40:00 PM,1,PJM-RTO,,,ZONE,,31.970000,32.028949,0.043853,0.015096,True,1
9/19/2025 2:45:00 AM,9/18/2025 10:45:00 PM,1,PJM-RTO,,,ZONE,,32.180000,32.242265,0.042493,0.019771,True,1
9/19/2025 2:50:00 AM,9/18/2025 10:50:00 PM,1,PJM-RTO,,,ZONE,,43.750000,43.871919,0.090013,0.031907,True,1
9/19/2025 2:55:00 AM,9/18/2025 10:55:00 PM,1,PJM-RTO,,,ZONE,,45.210000,45.330109,0.094004,0.026104,True,1
9/19/2025 3:00:00 AM,9/18/2025 11:00:00 PM,1,PJM-RTO,,,ZONE,,43.230000,43.359678,0.097960,0.031718,True,1
9/19/2025 3:05:00 AM,9/18/2025 11:05:00 PM,1,PJM-RTO,,,ZONE,,53.020000,53.164078,0.107746,0.036332,True,1
9/19/2025 3:10:00 AM,9/18/2025 11:10:00 PM,1,PJM-RTO,,,ZONE,,47.220000,47.315725,0.063671,0.032054,True,1
9/19/2025 3:15:00 AM,9/18/2025 11:15:00 PM,1,PJM-RTO,,,ZONE,,72.990000,73.224387,0.187486,0.046902,True,1
9/19/2025 3:20:00 AM,9/18/2025 11:20:00 PM,1,PJM-RTO,,,ZONE,,102.840000,103.319770,0.406715,0.073055,True,1
9/19/2025 3:25:00 AM,9/18/2025 11:25:00 PM,1,PJM-RTO,,,ZONE,,47.070000,47.279657,0.188876,0.020781,True,1
9/19/2025 3:30:00 AM,9/18/2025 11:30:00 PM,1,PJM-RTO,,,ZONE,,30.320000,30.377876,0.042027,0.015849,True,1
9/19/2025 3:35:00 AM,9/18/2025 11:35:00 PM,1,PJM-RTO,,,ZONE,,56.480000,56.655247,0.141145,0.034101,True,1
9/19/2025 3:40:00 AM,9/18/2025 11:40:00 PM,1,PJM-RTO,,,ZONE,,41.500000,41.613699,0.086502,0.027198,True,1
9/19/2025 3:45:00 AM,9/18/2025 11:45:00 PM,1,PJM-RTO,,,ZONE,,28.340000,28.430085,0.072390,0.017695,True,1
9/19/2025 3:50:00 AM,9/18/2025 11:50:00 PM,1,PJM-RTO,,,ZONE,,43.750000,43.865303,0.084577,0.030726,True,1
9/19/2025 3:55:00 AM,9/18/2025 11:55:00 PM,1,PJM-RTO,,,ZONE,,30.280000,30.377123,0.075403,0.021720,True,1
9/19/2025 4:00:00 AM,9/19/2025 12:00:00 AM,1,PJM-RTO,,,ZONE,,27.520000,27.599676,0.055038,0.024638,True,1
9/19/2025 4:05:00 AM,9/19/2025 12:05:00 AM,1,PJM-RTO,,,ZONE,,29.680000,29.836861,0.134721,0.022140,True,1
9/19/2025 4:10:00 AM,9/19/2025 12:10:00 AM,1,PJM-RTO,,,ZONE,,40.550000,40.690407,0.113518,0.026888,True,1
9/19/2025 4:15:00 AM,9/19/2025 12:15:00 AM,1,PJM-RTO,,,ZONE,,36.090000,36.278063,0.165956,0.022107,True,1
9/19/2025 4:20:00 AM,9/19/2025 12:20:00 AM,1,PJM-RTO,,,ZONE,,34.230000,34.415510,0.158095,0.027415,True,1
9/19/2025 4:25:00 AM,9/19/2025 12:25:00 AM,1,PJM-RTO,,,ZONE,,37.860000,37.963214,0.074582,0.028631,True,1
9/19/2025 4:30:00 AM,9/19/2025 12:30:00 AM,1,PJM-RTO,,,ZONE,,27.850000,27.917812,0.042257,0.025555,True,1
9/19/2025 4:35:00 AM,9/19/2025 12:35:00 AM,1,PJM-RTO,,,ZONE,,26.960000,27.123759,0.141669,0.022090,True,1
9/19/2025 4:40:00 AM,9/19/2025 12:40:00 AM,1,PJM-RTO,,,ZONE,,23.760000,23.939437,0.162863,0.016575,True,1
9/19/2025 4:45:00 AM,9/19/2025 12:45:00 AM,1,PJM-RTO,,,ZONE,,22.240000,22.405298,0.146848,0.018450,True,1
9/19/2025 4:50:00 AM,9/19/2025 12:50:00 AM,1,PJM-RTO,,,ZONE,,25.780000,25.901105,0.108562,0.012543,True,1
9/19/2025 4:55:00 AM,9/19/2025 12:55:00 AM,1,PJM-RTO,,,ZONE,,25.530000,25.743893,0.200738,0.013155,True,1
9/19/2025 5:00:00 AM,9/19/2025 1:00:00 AM,1,PJM-RTO,,,ZONE,,23.470000,23.599291,0.115299,0.013992,True,1
9/19/2025 5:05:00 AM,9/19/2025 1:05:00 AM,1,PJM-RTO,,,ZONE,,24.640000,24.993146,0.331887,0.021259,True,1
9/19/2025 5:10:00 AM,9/19/2025 1:10:00 AM,1,PJM-RTO,,,ZONE,,26.220000,26.427353,0.191094,0.016259,True,1
9/19/2025 5:15:00 AM,9/19/2025 1:15:00 AM,1,PJM-RTO,,,ZONE,,26.250000,26.580569,0.312756,0.017813,True,1
9/19/2025 5:20:00 AM,9/19/2025 1:20:00 AM,1,PJM-RTO,,,ZONE,,27.510000,27.791600,0.265365,0.016235,True,1
9/19/2025 5:25:00 AM,9/19/2025 1:25:00 AM,1,PJM-RTO,,,ZONE,,27.660000,27.943187,0.266091,0.017096,True,1
9/19/2025 5:30:00 AM,9/19/2025 1:30:00 AM,1,PJM-RTO,,,ZONE,,26.910000,27.205552,0.271451,0.024102,True,1
9/19/2025 5:35:00 AM,9/19/2025 1:35:00 AM,1,PJM-RTO,,,ZONE,,24.920000,25.212893,0.273150,0.019744,True,1
9/19/2025 5:40:00 AM,9/19/2025 1:40:00 AM,1,PJM-RTO,,,ZONE,,24.330000,24.399420,0.053719,0.015701,True,1
9/19/2025 5:45:00 AM,9/19/2025 1:45:00 AM,1,PJM-RTO,,,ZONE,,24.400000,24.679680,0.259349,0.020331,True,1
9/19/2025 5:50:00 AM,9/19/2025 1:50:00 AM,1,PJM-RTO,,,ZONE,,20.850000,21.015341,0.158267,0.007074,True,1
9/19/2025 5:55:00 AM,9/19/2025 1:55:00 AM,1,PJM-RTO,,,ZONE,,25.510000,25.732759,0.204423,0.018336,True,1
9/19/2025 6:00:00 AM,9/19/2025 2:00:00 AM,1,PJM-RTO,,,ZONE,,25.760000,25.915713,0.132237,0.023476,True,1
9/19/2025 6:05:00 AM,9/19/2025 2:05:00 AM,1,PJM-RTO,,,ZONE,,22.010000,22.136837,0.111930,0.014907,True,1
9/19/2025 6:10:00 AM,9/19/2025 2:10:00 AM,1,PJM-RTO,,,ZONE,,21.380000,21.477321,0.082044,0.015277,True,1
9/19/2025 6:15:00 AM,9/19/2025 2:15:00 AM,1,PJM-RTO,,,ZONE,,23.780000,24.126309,0.332548,0.013761,True,1
9/19/2025 6:20:00 AM,9/19/2025 2:20:00 AM,1,PJM-RTO,,,ZONE,,19.870000,19.985147,0.101958,0.013189,True,1
9/19/2025 6:25:00 AM,9/19/2025 2:25:00 AM,1,PJM-RTO,,,ZONE,,21.570000,21.685682,0.102327,0.013354,True,1
9/19/2025 6:30:00 AM,9/19/2025 2:30:00 AM,1,PJM-RTO,,,ZONE,,20.180000,20.296431,0.103722,0.012709,True,1
9/19/2025 6:35:00 AM,9/19/2025 2:35:00 AM,1,PJM-RTO,,,ZONE,,19.320000,19.438478,0.108725,0.009753,True,1
9/19/2025 6:40:00 AM,9/19/2025 2:40:00 AM,1,PJM-RTO,,,ZONE,,22.880000,23.240348,0.346747,0.013602,True,1
9/19/2025 6:45:00 AM,9/19/2025 2:45:00 AM,1,PJM-RTO,,,ZONE,,20.480000,20.606577,0.109091,0.017486,True,1
9/19/2025 6:50:00 AM,9/19/2025 2:50:00 AM,1,PJM-RTO,,,ZONE,,23.660000,24.009996,0.333550,0.016446,True,1
9/19/2025 6:55:00 AM,9/19/2025 2:55:00 AM,1,PJM-RTO,,,ZONE,,22.740000,23.091444,0.336992,0.014452,True,1
9/19/2025 7:00:00 AM,9/19/2025 3:00:00 AM,1,PJM-RTO,,,ZONE,,23.550000,23.938177,0.375029,0.013148,True,1
9/19/2025 7:05:00 AM,9/19/2025 3:05:00 AM,1,PJM-RTO,,,ZONE,,23.080000,23.296973,0.196379,0.020594,True,1
9/19/2025 7:10:00 AM,9/19/2025 3:10:00 AM,1,PJM-RTO,,,ZONE,,23.400000,23.700659,0.281859,0.018800,True,1
9/19/2025 7:15:00 AM,9/19/2025 3:15:00 AM,1,PJM-RTO,,,ZONE,,24.610000,24.908583,0.278665,0.019918,True,1
9/19/2025 7:20:00 AM,9/19/2025 3:20:00 AM,1,PJM-RTO,,,ZONE,,24.700000,25.080254,0.358719,0.021536,True,1
9/19/2025 7:25:00 AM,9/19/2025 3:25:00 AM,1,PJM-RTO,,,ZONE,,24.720000,25.077559,0.338917,0.018642,True,1
9/19/2025 7:30:00 AM,9/19/2025 3:30:00 AM,1,PJM-RTO,,,ZONE,,24.300000,24.669347,0.348694,0.020653,True,1
9/19/2025 7:35:00 AM,9/19/2025 3:35:00 AM,1,PJM-RTO,,,ZONE,,24.080000,24.459921,0.362569,0.017352,True,1
9/19/2025 7:40:00 AM,9/19/2025 3:40:00 AM,1,PJM-RTO,,,ZONE,,21.160000,21.471566,0.295054,0.016512,True,1
9/19/2025 7:45:00 AM,9/19/2025 3:45:00 AM,1,PJM-RTO,,,ZONE,,23.550000,23.928678,0.365842,0.012836,True,1
9/19/2025 7:50:00 AM,9/19/2025 3:50:00 AM,1,PJM-RTO,,,ZONE,,23.610000,23.999105,0.373632,0.015473,True,1
9/19/2025 7:55:00 AM,9/19/2025 3:55:00 AM,1,PJM-RTO,,,ZONE,,23.360000,23.739575,0.367821,0.011754,True,1
9/19/2025 8:00:00 AM,9/19/2025 4:00:00 AM,1,PJM-RTO,,,ZONE,,20.210000,20.364351,0.138447,0.015904,True,1
9/19/2025 8:05:00 AM,9/19/2025 4:05:00 AM,1,PJM-RTO,,,ZONE,,23.860000,24.139913,0.260950,0.018963,True,1
9/19/2025 8:10:00 AM,9/19/2025 4:10:00 AM,1,PJM-RTO,,,ZONE,,19.870000,19.998685,0.109671,0.019014,True,1
9/19/2025 8:15:00 AM,9/19/2025 4:15:00 AM,1,PJM-RTO,,,ZONE,,23.220000,23.603947,0.370301,0.013646,True,1
9/19/2025 8:20:00 AM,9/19/2025 4:20:00 AM,1,PJM-RTO,,,ZONE,,24.950000,25.331030,0.364390,0.016640,True,1
9/19/2025 8:25:00 AM,9/19/2025 4:25:00 AM,1,PJM-RTO,,,ZONE,,26.290000,26.657946,0.353925,0.014021,True,1
9/19/2025 8:30:00 AM,9/19/2025 4:30:00 AM,1,PJM-RTO,,,ZONE,,25.060000,25.443445,0.364912,0.018533,True,1
9/19/2025 8:35:00 AM,9/19/2025 4:35:00 AM,1,PJM-RTO,,,ZONE,,25.140000,25.508934,0.347645,0.021289,True,1
9/19/2025 8:40:00 AM,9/19/2025 4:40:00 AM,1,PJM-RTO,,,ZONE,,25.700000,26.086555,0.368576,0.017978,True,1
9/19/2025 8:45:00 AM,9/19/2025 4:45:00 AM,1,PJM-RTO,,,ZONE,,25.930000,26.331296,0.380456,0.020841,True,1
9/19/2025 8:50:00 AM,9/19/2025 4:50:00 AM,1,PJM-RTO,,,ZONE,,25.010000,25.403360,0.377059,0.016301,True,1
9/19/2025 8:55:00 AM,9/19/2025 4:55:00 AM,1,PJM-RTO,,,ZONE,,24.580000,24.914073,0.317810,0.016263,True,1
9/19/2025 9:00:00 AM,9/19/2025 5:00:00 AM,1,PJM-RTO,,,ZONE,,25.390000,25.722777,0.313642,0.019135,True,1
9/19/2025 9:05:00 AM,9/19/2025 5:05:00 AM,1,PJM-RTO,,,ZONE,,24.940000,25.303819,0.339975,0.023844,True,1
9/19/2025 9:10:00 AM,9/19/2025 5:10:00 AM,1,PJM-RTO,,,ZONE,,24.600000,24.946740,0.332803,0.013936,True,1
9/19/2025 9:15:00 AM,9/19/2025 5:15:00 AM,1,PJM-RTO,,,ZONE,,25.520000,25.870199,0.328902,0.021297,True,1
9/19/2025 9:20:00 AM,9/19/2025 5:20:00 AM,1,PJM-RTO,,,ZONE,,27.790000,28.147910,0.338966,0.018944,True,1
9/19/2025 9:25:00 AM,9/19/2025 5:25:00 AM,1,PJM-RTO,,,ZONE,,24.250000,24.623491,0.350647,0.022844,True,1
9/19/2025 9:30:00 AM,9/19/2025 5:30:00 AM,1,PJM-RTO,,,ZONE,,25.230000,25.587637,0.336955,0.020682,True,1
9/19/2025 9:35:00 AM,9/19/2025 5:35:00 AM,1,PJM-RTO,,,ZONE,,25.260000,25.621608,0.349851,0.011757,True,1
9/19/2025 9:40:00 AM,9/19/2025 5:40:00 AM,1,PJM-RTO,,,ZONE,,26.100000,26.521053,0.400784,0.020269,True,1
9/19/2025 9:45:00 AM,9/19/2025 5:45:00 AM,1,PJM-RTO,,,ZONE,,28.830000,29.210485,0.359952,0.020533,True,1
9/19/2025 9:50:00 AM,9/19/2025 5:50:00 AM,1,PJM-RTO,,,ZONE,,28.620000,29.029567,0.395006,0.014561,True,1
9/19/2025 9:55:00 AM,9/19/2025 5:55:00 AM,1,PJM-RTO,,,ZONE,,28.780000,28.907820,0.106867,0.020954,True,1
9/19/2025 10:00:00 AM,9/19/2025 6:00:00 AM,1,PJM-RTO,,,ZONE,,29.280000,29.594952,0.290537,0.024415,True,1
9/19/2025 10:05:00 AM,9/19/2025 6:05:00 AM,1,PJM-RTO,,,ZONE,,38.610000,38.740246,0.107059,0.023187,True,1
9/19/2025 10:10:00 AM,9/19/2025 6:10:00 AM,1,PJM-RTO,,,ZONE,,38.020000,38.232504,0.184687,0.027817,True,1
9/19/2025 10:15:00 AM,9/19/2025 6:15:00 AM,1,PJM-RTO,,,ZONE,,37.420000,37.548477,0.104550,0.023927,True,1
9/19/2025 10:20:00 AM,9/19/2025 6:20:00 AM,1,PJM-RTO,,,ZONE,,151.880000,152.811627,0.821798,0.109829,True,1
9/19/2025 10:25:00 AM,9/19/2025 6:25:00 AM,1,PJM-RTO,,,ZONE,,106.810000,107.664288,0.774440,0.079848,True,1
9/19/2025 10:30:00 AM,9/19/2025 6:30:00 AM,1,PJM-RTO,,,ZONE,,189.780000,190.946857,1.027465,0.139392,True,1
9/19/2025 10:35:00 AM,9/19/2025 6:35:00 AM,1,PJM-RTO,,,ZONE,,156.400000,157.306390,0.796632,0.109758,True,1
9/19/2025 10:40:00 AM,9/19/2025 6:40:00 AM,1,PJM-RTO,,,ZONE,,57.150000,57.481944,0.286317,0.045627,True,1
9/19/2025 10:45:00 AM,9/19/2025 6:45:00 AM,1,PJM-RTO,,,ZONE,,42.930000,43.148944,0.186195,0.032749,True,1
9/19/2025 10:50:00 AM,9/19/2025 6:50:00 AM,1,PJM-RTO,,,ZONE,,46.760000,47.139116,0.340823,0.038292,True,1
9/19/2025 10:55:00 AM,9/19/2025 6:55:00 AM,1,PJM-RTO,,,ZONE,,63.350000,63.704155,0.312890,0.041265,True,1
9/19/2025 11:00:00 AM,9/19/2025 7:00:00 AM,1,PJM-RTO,,,ZONE,,39.960000,40.144233,0.161119,0.023114,True,1
9/19/2025 11:05:00 AM,9/19/2025 7:05:00 AM,1,PJM-RTO,,,ZONE,,47.240000,47.443037,0.175344,0.027693,True,1
9/19/2025 11:10:00 AM,9/19/2025 7:10:00 AM,1,PJM-RTO,,,ZONE,,119.550000,120.037527,0.405708,0.081819,True,1
9/19/2025 11:15:00 AM,9/19/2025 7:15:00 AM,1,PJM-RTO,,,ZONE,,198.040000,198.952080,0.754085,0.157995,True,1
9/19/2025 11:20:00 AM,9/19/2025 7:20:00 AM,1,PJM-RTO,,,ZONE,,256.390000,257.660923,1.084795,0.186128,True,1
9/19/2025 11:25:00 AM,9/19/2025 7:25:00 AM,1,PJM-RTO,,,ZONE,,228.310000,229.369139,0.901852,0.157287,True,1
9/19/2025 11:30:00 AM,9/19/2025 7:30:00 AM,1,PJM-RTO,,,ZONE,,34.690000,34.797225,0.086203,0.021022,True,1
9/19/2025 11:35:00 AM,9/19/2025 7:35:00 AM,1,PJM-RTO,,,ZONE,,34.170000,34.268208,0.076691,0.021517,True,1
9/19/2025 11:40:00 AM,9/19/2025 7:40:00 AM,1,PJM-RTO,,,ZONE,,31.940000,32.024026,0.064501,0.019526,True,1
9/19/2025 11:45:00 AM,9/19/2025 7:45:00 AM,1,PJM-RTO,,,ZONE,,21.770000,21.813805,0.027522,0.016284,True,1
9/19/2025 11:50:00 AM,9/19/2025 7:50:00 AM,1,PJM-RTO,,,ZONE,,27.530000,27.635171,0.088527,0.016643,True,1
9/19/2025 11:55:00 AM,9/19/2025 7:55:00 AM,1,PJM-RTO,,,ZONE,,32.690000,32.876889,0.162034,0.024854,True,1
9/19/2025 12:00:00 PM,9/19/2025 8:00:00 AM,1,PJM-RTO,,,ZONE,,28.400000,28.456338,0.036016,0.020322,True,1
9/19/2025 12:05:00 PM,9/19/2025 8:05:00 AM,1,PJM-RTO,,,ZONE,,28.340000,28.401936,0.045084,0.016852,True,1
9/19/2025 12:10:00 PM,9/19/2025 8:10:00 AM,1,PJM-RTO,,,ZONE,,34.280000,34.367834,0.067828,0.020006,True,1
9/19/2025 12:15:00 PM,9/19/2025 8:15:00 AM,1,PJM-RTO,,,ZONE,,32.280000,32.359324,0.060910,0.018413,True,1
9/19/2025 12:20:00 PM,9/19/2025 8:20:00 AM,1,PJM-RTO,,,ZONE,,32.510000,32.681486,0.148050,0.023435,True,1
9/19/2025 12:25:00 PM,9/19/2025 8:25:00 AM,1,PJM-RTO,,,ZONE,,35.260000,35.342340,0.057017,0.025323,True,1
9/19/2025 12:30:00 PM,9/19/2025 8:30:00 AM,1,PJM-RTO,,,ZONE,,28.860000,28.998318,0.124050,0.014269,True,1
9/19/2025 12:35:00 PM,9/19/2025 8:35:00 AM,1,PJM-RTO,,,ZONE,,27.870000,27.931678,0.039156,0.022523,True,1
9/19/2025 12:40:00 PM,9/19/2025 8:40:00 AM,1,PJM-RTO,,,ZONE,,27.600000,27.655733,0.032122,0.023610,True,1
9/19/2025 12:45:00 PM,9/19/2025 8:45:00 AM,1,PJM-RTO,,,ZONE,,27.350000,27.411081,0.042891,0.018190,True,1
9/19/2025 12:50:00 PM,9/19/2025 8:50:00 AM,1,PJM-RTO,,,ZONE,,20.610000,20.646443,0.020933,0.015509,True,1
9/19/2025 12:55:00 PM,9/19/2025 8:55:00 AM,1,PJM-RTO,,,ZONE,,34.080000,34.171883,0.072928,0.018956,True,1
9/19/2025 1:00:00 PM,9/19/2025 9:00:00 AM,1,PJM-RTO,,,ZONE,,28.490000,28.547852,0.035918,0.021934,True,1
9/19/2025 1:05:00 PM,9/19/2025 9:05:00 AM,1,PJM-RTO,,,ZONE,,23.810000,23.861263,0.032612,0.018651,True,1
9/19/2025 1:10:00 PM,9/19/2025 9:10:00 AM,1,PJM-RTO,,,ZONE,,32.410000,32.521576,0.097427,0.014149,True,1
9/19/2025 1:15:00 PM,9/19/2025 9:15:00 AM,1,PJM-RTO,,,ZONE,,27.900000,27.965859,0.047217,0.018642,True,1
9/19/2025 1:20:00 PM,9/19/2025 9:20:00 AM,1,PJM-RTO,,,ZONE,,27.210000,27.281490,0.050402,0.021088,True,1
9/19/2025 1:25:00 PM,9/19/2025 9:25:00 AM,1,PJM-RTO,,,ZONE,,34.100000,34.195893,0.069764,0.026130,True,1
9/19/2025 1:30:00 PM,9/19/2025 9:30:00 AM,1,PJM-RTO,,,ZONE,,53.880000,54.043879,0.134321,0.029557,True,1
9/19/2025 1:35:00 PM,9/19/2025 9:35:00 AM,1,PJM-RTO,,,ZONE,,28.810000,28.830811,0.006629,0.014183,True,1
9/19/2025 1:40:00 PM,9/19/2025 9:40:00 AM,1,PJM-RTO,,,ZONE,,30.720000,30.774265,0.038446,0.015819,True,1
9/19/2025 1:45:00 PM,9/19/2025 9:45:00 AM,1,PJM-RTO,,,ZONE,,30.680000,30.742517,0.043116,0.019401,True,1
9/19/2025 1:50:00 PM,9/19/2025 9:50:00 AM,1,PJM-RTO,,,ZONE,,29.740000,29.776179,0.017753,0.018426,True,1
9/19/2025 1:55:00 PM,9/19/2025 9:55:00 AM,1,PJM-RTO,,,ZONE,,24.860000,24.890205,0.020280,0.009925,True,1
9/19/2025 2:00:00 PM,9/19/2025 10:00:00 AM,1,PJM-RTO,,,ZONE,,19.530000,19.543943,0.002442,0.011500,True,1
9/19/2025 2:05:00 PM,9/19/2025 10:05:00 AM,1,PJM-RTO,,,ZONE,,28.690000,28.727283,0.024577,0.012707,True,1
9/19/2025 2:10:00 PM,9/19/2025 10:10:00 AM,1,PJM-RTO,,,ZONE,,26.980000,27.011653,0.019587,0.012066,True,1
9/19/2025 2:15:00 PM,9/19/2025 10:15:00 AM,1,PJM-RTO,,,ZONE,,27.400000,27.432606,0.016690,0.015915,True,1
9/19/2025 2:20:00 PM,9/19/2025 10:20:00 AM,1,PJM-RTO,,,ZONE,,28.980000,29.028078,0.026798,0.021280,True,1
9/19/2025 2:25:00 PM,9/19/2025 10:25:00 AM,1,PJM-RTO,,,ZONE,,28.230000,28.270779,0.022930,0.017849,True,1
9/19/2025 2:30:00 PM,9/19/2025 10:30:00 AM,1,PJM-RTO,,,ZONE,,29.320000,29.355772,0.018871,0.016901,True,1
9/19/2025 2:35:00 PM,9/19/2025 10:35:00 AM,1,PJM-RTO,,,ZONE,,30.700000,30.752302,0.030140,0.022161,True,1
9/19/2025 2:40:00 PM,9/19/2025 10:40:00 AM,1,PJM-RTO,,,ZONE,,30.290000,30.340403,0.025728,0.024675,True,1
9/19/2025 2:45:00 PM,9/19/2025 10:45:00 AM,1,PJM-RTO,,,ZONE,,32.330000,32.379558,0.031745,0.017812,True,1
9/19/2025 2:50:00 PM,9/19/2025 10:50:00 AM,1,PJM-RTO,,,ZONE,,35.090000,35.150217,0.033898,0.026319,True,1
9/19/2025 2:55:00 PM,9/19/2025 10:55:00 AM,1,PJM-RTO,,,ZONE,,34.080000,34.135037,0.030397,0.024641,True,1
9/19/2025 3:00:00 PM,9/19/2025 11:00:00 AM,1,PJM-RTO,,,ZONE,,25.530000,25.569600,0.022435,0.017165,True,1
9/19/2025 3:05:00 PM,9/19/2025 11:05:00 AM,1,PJM-RTO,,,ZONE,,28.940000,28.987396,0.037004,0.010393,True,1
9/19/2025 3:10:00 PM,9/19/2025 11:10:00 AM,1,PJM-RTO,,,ZONE,,27.590000,27.631146,0.021229,0.019917,True,1
9/19/2025 3:15:00 PM,9/19/2025 11:15:00 AM,1,PJM-RTO,,,ZONE,,30.280000,30.329917,0.033216,0.016701,True,1
9/19/2025 3:20:00 PM,9/19/2025 11:20:00 AM,1,PJM-RTO,,,ZONE,,35.260000,35.314457,0.034677,0.019780,True,1
9/19/2025 3:25:00 PM,9/19/2025 11:25:00 AM,1,PJM-RTO,,,ZONE,,35.210000,35.270734,0.033441,0.027294,True,1
9/19/2025 3:30:00 PM,9/19/2025 11:30:00 AM,1,PJM-RTO,,,ZONE,,39.910000,39.984375,0.049521,0.024854,True,1
9/19/2025 3:35:00 PM,9/19/2025 11:35:00 AM,1,PJM-RTO,,,ZONE,,95.830000,96.171707,0.280891,0.060816,True,1
9/19/2025 3:40:00 PM,9/19/2025 11:40:00 AM,1,PJM-RTO,,,ZONE,,159.510000,160.076875,0.461084,0.105792,True,1
9/19/2025 3:45:00 PM,9/19/2025 11:45:00 AM,1,PJM-RTO,,,ZONE,,162.750000,163.250085,0.385265,0.114819,True,1
9/19/2025 3:50:00 PM,9/19/2025 11:50:00 AM,1,PJM-RTO,,,ZONE,,170.200000,170.625193,0.306218,0.118974,True,1
9/19/2025 3:55:00 PM,9/19/2025 11:55:00 AM,1,PJM-RTO,,,ZONE,,37.450000,37.542227,0.065583,0.026644,True,1
9/19/2025 4:00:00 PM,9/19/2025 12:00:00 PM,1,PJM-RTO,,,ZONE,,31.150000,31.201083,0.032001,0.019082,True,1
9/19/2025 4:05:00 PM,9/19/2025 12:05:00 PM,1,PJM-RTO,,,ZONE,,28.500000,28.556766,0.037867,0.018899,True,1
9/19/2025 4:10:00 PM,9/19/2025 12:10:00 PM,1,PJM-RTO,,,ZONE,,24.490000,24.532506,0.022349,0.020157,True,1
9/19/2025 4:15:00 PM,9/19/2025 12:15:00 PM,1,PJM-RTO,,,ZONE,,29.540000,29.587631,0.031435,0.016196,True,1
9/19/2025 4:20:00 PM,9/19/2025 12:20:00 PM,1,PJM-RTO,,,ZONE,,28.170000,28.216700,0.031442,0.015259,True,1
9/19/2025 4:25:00 PM,9/19/2025 12:25:00 PM,1,PJM-RTO,,,ZONE,,29.420000,29.478387,0.035155,0.023233,True,1
9/19/2025 4:30:00 PM,9/19/2025 12:30:00 PM,1,PJM-RTO,,,ZONE,,33.310000,33.361239,0.035519,0.015720,True,1
9/19/2025 4:35:00 PM,9/19/2025 12:35:00 PM,1,PJM-RTO,,,ZONE,,31.830000,31.885410,0.031715,0.023696,True,1
9/19/2025 4:40:00 PM,9/19/2025 12:40:00 PM,1,PJM-RTO,,,ZONE,,34.260000,34.323700,0.038756,0.024945,True,1
9/19/2025 4:45:00 PM,9/19/2025 12:45:00 PM,1,PJM-RTO,,,ZONE,,80.330000,80.569177,0.186474,0.052703,True,1
9/19/2025 4:50:00 PM,9/19/2025 12:50:00 PM,1,PJM-RTO,,,ZONE,,98.490000,98.822305,0.263768,0.068536,True,1
9/19/2025 4:55:00 PM,9/19/2025 12:55:00 PM,1,PJM-RTO,,,ZONE,,125.530000,126.214999,0.605720,0.079279,True,1
9/19/2025 5:00:00 PM,9/19/2025 1:00:00 PM,1,PJM-RTO,,,ZONE,,137.830000,138.279299,0.364511,0.084788,True,1
9/19/2025 5:05:00 PM,9/19/2025 1:05:00 PM,1,PJM-RTO,,,ZONE,,105.100000,105.609067,0.453076,0.055992,True,1
9/19/2025 5:10:00 PM,9/19/2025 1:10:00 PM,1,PJM-RTO,,,ZONE,,308.310000,309.677238,1.202338,0.164899,True,1
9/19/2025 5:15:00 PM,9/19/2025 1:15:00 PM,1,PJM-RTO,,,ZONE,,393.850000,395.381311,1.310896,0.220414,True,1
9/19/2025 5:20:00 PM,9/19/2025 1:20:00 PM,1,PJM-RTO,,,ZONE,,467.980000,469.574316,1.301844,0.292472,True,1
9/19/2025 5:25:00 PM,9/19/2025 1:25:00 PM,1,PJM-RTO,,,ZONE,,579.200000,581.156160,1.571518,0.384642,True,1
9/19/2025 5:30:00 PM,9/19/2025 1:30:00 PM,1,PJM-RTO,,,ZONE,,113.980000,114.302487,0.251086,0.071400,True,1
9/19/2025 5:35:00 PM,9/19/2025 1:35:00 PM,1,PJM-RTO,,,ZONE,,109.150000,109.423407,0.212901,0.060506,True,1
9/19/2025 5:40:00 PM,9/19/2025 1:40:00 PM,1,PJM-RTO,,,ZONE,,41.010000,41.079050,0.047378,0.021673,True,1
9/19/2025 5:45:00 PM,9/19/2025 1:45:00 PM,1,PJM-RTO,,,ZONE,,46.150000,46.237470,0.061395,0.026076,True,1
9/19/2025 5:50:00 PM,9/19/2025 1:50:00 PM,1,PJM-RTO,,,ZONE,,47.760000,47.866143,0.071702,0.034441,True,1
9/19/2025 5:55:00 PM,9/19/2025 1:55:00 PM,1,PJM-RTO,,,ZONE,,44.300000,44.396217,0.061004,0.035212,True,1
9/19/2025 6:00:00 PM,9/19/2025 2:00:00 PM,1,PJM-RTO,,,ZONE,,53.640000,53.756499,0.077455,0.039045,True,1
9/19/2025 6:05:00 PM,9/19/2025 2:05:00 PM,1,PJM-RTO,,,ZONE,,59.150000,59.287892,0.096305,0.041587,True,1
9/19/2025 6:10:00 PM,9/19/2025 2:10:00 PM,1,PJM-RTO,,,ZONE,,43.010000,43.089189,0.051426,0.027763,True,1
9/19/2025 6:15:00 PM,9/19/2025 2:15:00 PM,1,PJM-RTO,,,ZONE,,51.660000,51.772379,0.081918,0.030461,True,1
9/19/2025 6:20:00 PM,9/19/2025 2:20:00 PM,1,PJM-RTO,,,ZONE,,52.920000,53.176077,0.223189,0.032888,True,1
9/19/2025 6:25:00 PM,9/19/2025 2:25:00 PM,1,PJM-RTO,,,ZONE,,74.200000,74.388705,0.137252,0.051453,True,1
9/19/2025 6:30:00 PM,9/19/2025 2:30:00 PM,1,PJM-RTO,,,ZONE,,82.370000,82.614920,0.195414,0.049506,True,1
9/19/2025 6:35:00 PM,9/19/2025 2:35:00 PM,1,PJM-RTO,,,ZONE,,83.630000,83.907374,0.221762,0.055612,True,1
9/19/2025 6:40:00 PM,9/19/2025 2:40:00 PM,1,PJM-RTO,,,ZONE,,84.000000,84.269189,0.223597,0.045593,True,1
9/19/2025 6:45:00 PM,9/19/2025 2:45:00 PM,1,PJM-RTO,,,ZONE,,82.970000,83.236208,0.210064,0.056144,True,1
9/19/2025 6:50:00 PM,9/19/2025 2:50:00 PM,1,PJM-RTO,,,ZONE,,116.290000,116.582259,0.222721,0.069538,True,1
9/19/2025 6:55:00 PM,9/19/2025 2:55:00 PM,1,PJM-RTO,,,ZONE,,72.790000,73.060535,0.228277,0.042259,True,1
9/19/2025 7:00:00 PM,9/19/2025 3:00:00 PM,1,PJM-RTO,,,ZONE,,83.510000,83.684765,0.117954,0.056811,True,1
9/19/2025 7:05:00 PM,9/19/2025 3:05:00 PM,1,PJM-RTO,,,ZONE,,65.080000,65.248303,0.119849,0.048454,True,1
9/19/2025 7:10:00 PM,9/19/2025 3:10:00 PM,1,PJM-RTO,,,ZONE,,82.800000,83.038883,0.180476,0.058407,True,1
9/19/2025 7:15:00 PM,9/19/2025 3:15:00 PM,1,PJM-RTO,,,ZONE,,75.320000,75.627910,0.257176,0.050734,True,1
9/19/2025 7:20:00 PM,9/19/2025 3:20:00 PM,1,PJM-RTO,,,ZONE,,72.630000,72.832996,0.150822,0.052174,True,1
9/19/2025 7:25:00 PM,9/19/2025 3:25:00 PM,1,PJM-RTO,,,ZONE,,72.850000,73.062714,0.161851,0.050863,True,1
9/19/2025 7:30:00 PM,9/19/2025 3:30:00 PM,1,PJM-RTO,,,ZONE,,72.540000,72.714632,0.130073,0.044559,True,1
9/19/2025 7:35:00 PM,9/19/2025 3:35:00 PM,1,PJM-RTO,,,ZONE,,89.620000,89.939447,0.260024,0.059422,True,1
9/19/2025 7:40:00 PM,9/19/2025 3:40:00 PM,1,PJM-RTO,,,ZONE,,101.120000,101.448752,0.264585,0.064167,True,1
9/19/2025 7:45:00 PM,9/19/2025 3:45:00 PM,1,PJM-RTO,,,ZONE,,69.610000,69.843042,0.196339,0.036704,True,1
9/19/2025 7:50:00 PM,9/19/2025 3:50:00 PM,1,PJM-RTO,,,ZONE,,87.230000,87.494883,0.226126,0.038756,True,1
9/19/2025 7:55:00 PM,9/19/2025 3:55:00 PM,1,PJM-RTO,,,ZONE,,210.340000,211.358335,0.921371,0.096964,True,1
9/19/2025 8:00:00 PM,9/19/2025 4:00:00 PM,1,PJM-RTO,,,ZONE,,78.840000,79.006359,0.113274,0.053085,True,1
9/19/2025 8:05:00 PM,9/19/2025 4:05:00 PM,1,PJM-RTO,,,ZONE,,100.190000,100.768534,0.505126,0.073407,True,1
9/19/2025 8:10:00 PM,9/19/2025 4:10:00 PM,1,PJM-RTO,,,ZONE,,97.200000,97.771392,0.499108,0.072284,True,1
9/19/2025 8:15:00 PM,9/19/2025 4:15:00 PM,1,PJM-RTO,,,ZONE,,66.710000,66.999453,0.246337,0.043116,True,1
9/19/2025 8:20:00 PM,9/19/2025 4:20:00 PM,1,PJM-RTO,,,ZONE,,69.540000,69.809170,0.218478,0.050692,True,1
9/19/2025 8:25:00 PM,9/19/2025 4:25:00 PM,1,PJM-RTO,,,ZONE,,93.140000,93.632836,0.424463,0.068373,True,1
9/19/2025 8:30:00 PM,9/19/2025 4:30:00 PM,1,PJM-RTO,,,ZONE,,93.530000,94.072063,0.482187,0.059876,True,1
9/19/2025 8:35:00 PM,9/19/2025 4:35:00 PM,1,PJM-RTO,,,ZONE,,67.180000,67.466880,0.247179,0.039701,True,1
9/19/2025 8:40:00 PM,9/19/2025 4:40:00 PM,1,PJM-RTO,,,ZONE,,65.780000,66.045247,0.237313,0.027933,True,1
9/19/2025 8:45:00 PM,9/19/2025 4:45:00 PM,1,PJM-RTO,,,ZONE,,98.790000,99.248801,0.415033,0.043768,True,1
9/19/2025 8:50:00 PM,9/19/2025 4:50:00 PM,1,PJM-RTO,,,ZONE,,100.000000,100.504542,0.449709,0.054833,True,1
9/19/2025 8:55:00 PM,9/19/2025 4:55:00 PM,1,PJM-RTO,,,ZONE,,94.020000,94.500973,0.436759,0.044213,True,1
9/19/2025 9:00:00 PM,9/19/2025 5:00:00 PM,1,PJM-RTO,,,ZONE,,96.970000,97.416276,0.390304,0.055973,True,1
9/19/2025 9:05:00 PM,9/19/2025 5:05:00 PM,1,PJM-RTO,,,ZONE,,102.950000,103.536195,0.520661,0.065534,True,1
9/19/2025 9:10:00 PM,9/19/2025 5:10:00 PM,1,PJM-RTO,,,ZONE,,103.340000,103.929137,0.521460,0.067677,True,1
9/19/2025 9:15:00 PM,9/19/2025 5:15:00 PM,1,PJM-RTO,,,ZONE,,96.330000,96.884254,0.486502,0.067752,True,1
9/19/2025 9:20:00 PM,9/19/2025 5:20:00 PM,1,PJM-RTO,,,ZONE,,67.240000,67.525811,0.242703,0.043108,True,1
9/19/2025 9:25:00 PM,9/19/2025 5:25:00 PM,1,PJM-RTO,,,ZONE,,69.040000,69.293927,0.211026,0.042902,True,1
9/19/2025 9:30:00 PM,9/19/2025 5:30:00 PM,1,PJM-RTO,,,ZONE,,100.180000,100.692404,0.450467,0.061937,True,1
9/19/2025 9:35:00 PM,9/19/2025 5:35:00 PM,1,PJM-RTO,,,ZONE,,70.290000,70.557555,0.219149,0.048406,True,1
9/19/2025 9:40:00 PM,9/19/2025 5:40:00 PM,1,PJM-RTO,,,ZONE,,71.010000,71.269639,0.214799,0.044840,True,1
9/19/2025 9:45:00 PM,9/19/2025 5:45:00 PM,1,PJM-RTO,,,ZONE,,69.480000,69.719448,0.195730,0.043718,True,1
9/19/2025 9:50:00 PM,9/19/2025 5:50:00 PM,1,PJM-RTO,,,ZONE,,55.760000,55.860338,0.066691,0.033647,True,1
9/19/2025 9:55:00 PM,9/19/2025 5:55:00 PM,1,PJM-RTO,,,ZONE,,74.400000,74.538047,0.088070,0.049977,True,1
9/19/2025 10:00:00 PM,9/19/2025 6:00:00 PM,1,PJM-RTO,,,ZONE,,119.560000,119.905694,0.280253,0.065441,True,1
9/19/2025 10:05:00 PM,9/19/2025 6:05:00 PM,1,PJM-RTO,,,ZONE,,66.300000,66.496315,0.157055,0.039260,True,1
9/19/2025 10:10:00 PM,9/19/2025 6:10:00 PM,1,PJM-RTO,,,ZONE,,57.250000,57.410587,0.126339,0.034248,True,1
9/19/2025 10:15:00 PM,9/19/2025 6:15:00 PM,1,PJM-RTO,,,ZONE,,54.670000,54.830104,0.120014,0.040090,True,1
9/19/2025 10:20:00 PM,9/19/2025 6:20:00 PM,1,PJM-RTO,,,ZONE,,56.830000,56.999961,0.130603,0.039358,True,1
9/19/2025 10:25:00 PM,9/19/2025 6:25:00 PM,1,PJM-RTO,,,ZONE,,80.750000,80.946924,0.149050,0.047874,True,1
9/19/2025 10:30:00 PM,9/19/2025 6:30:00 PM,1,PJM-RTO,,,ZONE,,55.450000,55.555324,0.066177,0.039148,True,1
9/19/2025 10:35:00 PM,9/19/2025 6:35:00 PM,1,PJM-RTO,,,ZONE,,76.870000,77.063586,0.144697,0.048889,True,1
9/19/2025 10:40:00 PM,9/19/2025 6:40:00 PM,1,PJM-RTO,,,ZONE,,76.840000,77.001281,0.106586,0.054695,True,1
9/19/2025 10:45:00 PM,9/19/2025 6:45:00 PM,1,PJM-RTO,,,ZONE,,57.450000,57.574864,0.088413,0.036451,True,1
9/19/2025 10:50:00 PM,9/19/2025 6:50:00 PM,1,PJM-RTO,,,ZONE,,53.720000,53.822943,0.068119,0.034824,True,1
9/19/2025 10:55:00 PM,9/19/2025 6:55:00 PM,1,PJM-RTO,,,ZONE,,120.420000,120.705530,0.203717,0.081814,True,1
9/19/2025 11:00:00 PM,9/19/2025 7:00:00 PM,1,PJM-RTO,,,ZONE,,57.310000,57.469472,0.127331,0.032142,True,1
9/19/2025 11:05:00 PM,9/19/2025 7:05:00 PM,1,PJM-RTO,,,ZONE,,53.210000,53.346415,0.100857,0.035559,True,1
9/19/2025 11:10:00 PM,9/19/2025 7:10:00 PM,1,PJM-RTO,,,ZONE,,45.060000,45.163316,0.077596,0.025720,True,1
9/19/2025 11:15:00 PM,9/19/2025 7:15:00 PM,1,PJM-RTO,,,ZONE,,43.870000,43.994913,0.098303,0.026610,True,1
9/19/2025 11:20:00 PM,9/19/2025 7:20:00 PM,1,PJM-RTO,,,ZONE,,39.500000,39.603807,0.083753,0.020054,True,1
9/19/2025 11:25:00 PM,9/19/2025 7:25:00 PM,1,PJM-RTO,,,ZONE,,44.650000,44.780857,0.103956,0.026901,True,1
9/19/2025 11:30:00 PM,9/19/2025 7:30:00 PM,1,PJM-RTO,,,ZONE,,49.830000,49.997500,0.137524,0.029976,True,1
9/19/2025 11:35:00 PM,9/19/2025 7:35:00 PM,1,PJM-RTO,,,ZONE,,41.020000,41.117711,0.069207,0.028504,True,1
9/19/2025 11:40:00 PM,9/19/2025 7:40:00 PM,1,PJM-RTO,,,ZONE,,43.990000,44.108400,0.094922,0.023478,True,1
9/19/2025 11:45:00 PM,9/19/2025 7:45:00 PM,1,PJM-RTO,,,ZONE,,44.960000,45.056969,0.073433,0.023536,True,1
9/19/2025 11:50:00 PM,9/19/2025 7:50:00 PM,1,PJM-RTO,,,ZONE,,44.430000,44.528263,0.065584,0.032680,True,1
9/19/2025 11:55:00 PM,9/19/2025 7:55:00 PM,1,PJM-RTO,,,ZONE,,51.620000,51.914664,0.265247,0.029417,True,1
9/20/2025 12:00:00 AM,9/19/2025 8:00:00 PM,1,PJM-RTO,,,ZONE,,70.670000,70.897403,0.184994,0.042409,True,1
9/20/2025 12:05:00 AM,9/19/2025 8:05:00 PM,1,PJM-RTO,,,ZONE,,52.850000,53.030669,0.153746,0.026924,True,1
9/20/2025 12:10:00 AM,9/19/2025 8:10:00 PM,1,PJM-RTO,,,ZONE,,51.320000,51.493315,0.145376,0.027938,True,1
9/20/2025 12:15:00 AM,9/19/2025 8:15:00 PM,1,PJM-RTO,,,ZONE,,46.440000,46.577232,0.109691,0.027541,True,1
9/20/2025 12:20:00 AM,9/19/2025 8:20:00 PM,1,PJM-RTO,,,ZONE,,46.230000,46.353473,0.093339,0.030134,True,1
9/20/2025 12:25:00 AM,9/19/2025 8:25:00 PM,1,PJM-RTO,,,ZONE,,48.260000,48.384889,0.099939,0.024950,True,1
9/20/2025 12:30:00 AM,9/19/2025 8:30:00 PM,1,PJM-RTO,,,ZONE,,45.830000,45.937555,0.083190,0.024366,True,1
9/20/2025 12:35:00 AM,9/19/2025 8:35:00 PM,1,PJM-RTO,,,ZONE,,44.580000,44.679835,0.077219,0.022616,True,1
9/20/2025 12:40:00 AM,9/19/2025 8:40:00 PM,1,PJM-RTO,,,ZONE,,42.630000,42.723326,0.064182,0.029144,True,1
9/20/2025 12:45:00 AM,9/19/2025 8:45:00 PM,1,PJM-RTO,,,ZONE,,41.310000,41.380620,0.046848,0.023772,True,1
9/20/2025 12:50:00 AM,9/19/2025 8:50:00 PM,1,PJM-RTO,,,ZONE,,34.920000,34.969836,0.028305,0.021531,True,1
9/20/2025 12:55:00 AM,9/19/2025 8:55:00 PM,1,PJM-RTO,,,ZONE,,42.180000,42.317460,0.110402,0.027058,True,1
9/20/2025 1:00:00 AM,9/19/2025 9:00:00 PM,1,PJM-RTO,,,ZONE,,35.270000,35.375410,0.083335,0.022075,True,1
9/20/2025 1:05:00 AM,9/19/2025 9:05:00 PM,1,PJM-RTO,,,ZONE,,37.070000,37.173228,0.083742,0.019486,True,1
9/20/2025 1:10:00 AM,9/19/2025 9:10:00 PM,1,PJM-RTO,,,ZONE,,46.110000,46.187886,0.058596,0.019290,True,1
9/20/2025 1:15:00 AM,9/19/2025 9:15:00 PM,1,PJM-RTO,,,ZONE,,40.400000,40.513786,0.091609,0.022177,True,1
9/20/2025 1:20:00 AM,9/19/2025 9:20:00 PM,1,PJM-RTO,,,ZONE,,44.270000,44.402766,0.103329,0.029437,True,1
9/20/2025 1:25:00 AM,9/19/2025 9:25:00 PM,1,PJM-RTO,,,ZONE,,42.990000,43.133885,0.113235,0.030650,True,1
9/20/2025 1:30:00 AM,9/19/2025 9:30:00 PM,1,PJM-RTO,,,ZONE,,95.400000,95.934257,0.477036,0.057220,True,1
9/20/2025 1:35:00 AM,9/19/2025 9:35:00 PM,1,PJM-RTO,,,ZONE,,40.450000,40.543147,0.068344,0.024803,True,1
9/20/2025 1:40:00 AM,9/19/2025 9:40:00 PM,1,PJM-RTO,,,ZONE,,69.990000,70.194370,0.159464,0.044905,True,1
9/20/2025 1:45:00 AM,9/19/2025 9:45:00 PM,1,PJM-RTO,,,ZONE,,43.970000,44.067364,0.067619,0.029745,True,1
9/20/2025 1:50:00 AM,9/19/2025 9:50:00 PM,1,PJM-RTO,,,ZONE,,45.550000,45.650543,0.077027,0.023516,True,1
9/20/2025 1:55:00 AM,9/19/2025 9:55:00 PM,1,PJM-RTO,,,ZONE,,43.880000,43.974709,0.067526,0.027183,True,1
9/20/2025 2:00:00 AM,9/19/2025 10:00:00 PM,1,PJM-RTO,,,ZONE,,79.730000,80.138890,0.361498,0.047392,True,1
9/20/2025 2:05:00 AM,9/19/2025 10:05:00 PM,1,PJM-RTO,,,ZONE,,84.740000,85.141312,0.358289,0.043023,True,1
9/20/2025 2:10:00 AM,9/19/2025 10:10:00 PM,1,PJM-RTO,,,ZONE,,47.120000,47.295728,0.147738,0.027990,True,1
9/20/2025 2:15:00 AM,9/19/2025 10:15:00 PM,1,PJM-RTO,,,ZONE,,72.330000,72.640123,0.269622,0.040502,True,1
9/20/2025 2:20:00 AM,9/19/2025 10:20:00 PM,1,PJM-RTO,,,ZONE,,79.430000,79.730728,0.251423,0.049305,True,1
9/20/2025 2:25:00 AM,9/19/2025 10:25:00 PM,1,PJM-RTO,,,ZONE,,79.230000,79.478537,0.204612,0.043924,True,1
9/20/2025 2:30:00 AM,9/19/2025 10:30:00 PM,1,PJM-RTO,,,ZONE,,42.560000,42.666254,0.076837,0.029417,True,1
9/20/2025 2:35:00 AM,9/19/2025 10:35:00 PM,1,PJM-RTO,,,ZONE,,35.740000,35.824045,0.058933,0.025112,True,1
9/20/2025 2:40:00 AM,9/19/2025 10:40:00 PM,1,PJM-RTO,,,ZONE,,33.280000,33.346762,0.048445,0.018317,True,1
9/20/2025 2:45:00 AM,9/19/2025 10:45:00 PM,1,PJM-RTO,,,ZONE,,40.390000,40.490219,0.074793,0.025426,True,1
9/20/2025 2:50:00 AM,9/19/2025 10:50:00 PM,1,PJM-RTO,,,ZONE,,36.820000,36.900344,0.055702,0.024642,True,1
9/20/2025 2:55:00 AM,9/19/2025 10:55:00 PM,1,PJM-RTO,,,ZONE,,40.340000,40.584495,0.220930,0.023565,True,1
9/20/2025 3:00:00 AM,9/19/2025 11:00:00 PM,1,PJM-RTO,,,ZONE,,74.880000,75.272078,0.335181,0.056897,True,1
9/20/2025 3:05:00 AM,9/19/2025 11:05:00 PM,1,PJM-RTO,,,ZONE,,159.780000,160.604330,0.709322,0.115008,True,1
9/20/2025 3:10:00 AM,9/19/2025 11:10:00 PM,1,PJM-RTO,,,ZONE,,70.490000,70.797962,0.265057,0.042905,True,1
9/20/2025 3:15:00 AM,9/19/2025 11:15:00 PM,1,PJM-RTO,,,ZONE,,59.840000,60.134000,0.262096,0.031904,True,1
9/20/2025 3:20:00 AM,9/19/2025 11:20:00 PM,1,PJM-RTO,,,ZONE,,61.390000,61.630666,0.204727,0.035940,True,1
9/20/2025 3:25:00 AM,9/19/2025 11:25:00 PM,1,PJM-RTO,,,ZONE,,40.960000,41.157209,0.176837,0.020372,True,1
9/20/2025 3:30:00 AM,9/19/2025 11:30:00 PM,1,PJM-RTO,,,ZONE,,38.780000,38.876316,0.075070,0.021247,True,1
9/20/2025 3:35:00 AM,9/19/2025 11:35:00 PM,1,PJM-RTO,,,ZONE,,39.840000,39.945859,0.079879,0.025980,True,1
9/20/2025 3:40:00 AM,9/19/2025 11:40:00 PM,1,PJM-RTO,,,ZONE,,41.000000,41.108245,0.080713,0.027532,True,1
9/20/2025 3:45:00 AM,9/19/2025 11:45:00 PM,1,PJM-RTO,,,ZONE,,44.470000,44.562621,0.061736,0.030884,True,1
9/20/2025 3:50:00 AM,9/19/2025 11:50:00 PM,1,PJM-RTO,,,ZONE,,42.950000,43.041391,0.067995,0.023396,True,1
9/20/2025 3:55:00 AM,9/19/2025 11:55:00 PM,1,PJM-RTO,,,ZONE,,41.090000,41.186967,0.074788,0.022179,True,1
9/20/2025 4:00:00 AM,9/20/2025 12:00:00 AM,1,PJM-RTO,,,ZONE,,43.330000,43.449248,0.091662,0.027585,True,1
9/20/2025 4:05:00 AM,9/20/2025 12:05:00 AM,1,PJM-RTO,,,ZONE,,70.980000,71.287212,0.254372,0.052840,True,1
9/20/2025 4:10:00 AM,9/20/2025 12:10:00 AM,1,PJM-RTO,,,ZONE,,92.250000,92.670063,0.360188,0.059875,True,1
9/20/2025 4:15:00 AM,9/20/2025 12:15:00 AM,1,PJM-RTO,,,ZONE,,96.270000,96.611975,0.273128,0.068847,True,1
9/20/2025 4:20:00 AM,9/20/2025 12:20:00 AM,1,PJM-RTO,,,ZONE,,73.290000,73.603757,0.264759,0.048997,True,1
9/20/2025 4:25:00 AM,9/20/2025 12:25:00 AM,1,PJM-RTO,,,ZONE,,94.340000,94.762813,0.356636,0.066177,True,1
9/20/2025 4:30:00 AM,9/20/2025 12:30:00 AM,1,PJM-RTO,,,ZONE,,75.880000,76.146673,0.213542,0.053132,True,1
9/20/2025 4:35:00 AM,9/20/2025 12:35:00 AM,1,PJM-RTO,,,ZONE,,49.080000,49.195116,0.080551,0.034565,True,1
9/20/2025 4:40:00 AM,9/20/2025 12:40:00 AM,1,PJM-RTO,,,ZONE,,34.560000,34.662115,0.082838,0.019278,True,1
9/20/2025 4:45:00 AM,9/20/2025 12:45:00 AM,1,PJM-RTO,,,ZONE,,30.470000,30.521422,0.038572,0.012851,True,1
9/20/2025 4:50:00 AM,9/20/2025 12:50:00 AM,1,PJM-RTO,,,ZONE,,27.920000,27.992354,0.049695,0.022659,True,1
9/20/2025 4:55:00 AM,9/20/2025 12:55:00 AM,1,PJM-RTO,,,ZONE,,27.680000,27.747022,0.048949,0.018073,True,1
9/20/2025 5:00:00 AM,9/20/2025 1:00:00 AM,1,PJM-RTO,,,ZONE,,22.140000,22.196457,0.040331,0.016127,True,1
9/20/2025 5:05:00 AM,9/20/2025 1:05:00 AM,1,PJM-RTO,,,ZONE,,25.220000,25.295986,0.051387,0.024600,True,1
9/20/2025 5:10:00 AM,9/20/2025 1:10:00 AM,1,PJM-RTO,,,ZONE,,442.190000,444.608497,2.123604,0.294893,True,1
9/20/2025 5:15:00 AM,9/20/2025 1:15:00 AM,1,PJM-RTO,,,ZONE,,48.750000,48.937054,0.156726,0.030328,True,1
9/20/2025 5:20:00 AM,9/20/2025 1:20:00 AM,1,PJM-RTO,,,ZONE,,39.330000,39.485123,0.133314,0.021808,True,1
9/20/2025 5:25:00 AM,9/20/2025 1:25:00 AM,1,PJM-RTO,,,ZONE,,37.700000,37.848243,0.117478,0.030765,True,1
9/20/2025 5:30:00 AM,9/20/2025 1:30:00 AM,1,PJM-RTO,,,ZONE,,36.320000,36.416469,0.077998,0.018471,True,1
9/20/2025 5:35:00 AM,9/20/2025 1:35:00 AM,1,PJM-RTO,,,ZONE,,78.080000,78.424072,0.297059,0.047012,True,1
9/20/2025 5:40:00 AM,9/20/2025 1:40:00 AM,1,PJM-RTO,,,ZONE,,31.670000,31.755527,0.066610,0.018917,True,1
9/20/2025 5:45:00 AM,9/20/2025 1:45:00 AM,1,PJM-RTO,,,ZONE,,32.640000,32.736525,0.070552,0.025972,True,1
9/20/2025 5:50:00 AM,9/20/2025 1:50:00 AM,1,PJM-RTO,,,ZONE,,32.600000,32.685006,0.062118,0.022889,True,1
9/20/2025 5:55:00 AM,9/20/2025 1:55:00 AM,1,PJM-RTO,,,ZONE,,43.990000,44.072397,0.052045,0.030352,True,1
9/20/2025 6:00:00 AM,9/20/2025 2:00:00 AM,1,PJM-RTO,,,ZONE,,33.170000,33.261770,0.073839,0.017931,True,1
9/20/2025 6:05:00 AM,9/20/2025 2:05:00 AM,1,PJM-RTO,,,ZONE,,38.750000,38.913460,0.134940,0.028520,True,1
9/20/2025 6:10:00 AM,9/20/2025 2:10:00 AM,1,PJM-RTO,,,ZONE,,40.880000,40.976001,0.068387,0.027615,True,1
9/20/2025 6:15:00 AM,9/20/2025 2:15:00 AM,1,PJM-RTO,,,ZONE,,91.770000,92.245534,0.405107,0.070427,True,1
9/20/2025 6:20:00 AM,9/20/2025 2:20:00 AM,1,PJM-RTO,,,ZONE,,32.870000,32.988102,0.093347,0.024755,True,1
9/20/2025 6:25:00 AM,9/20/2025 2:25:00 AM,1,PJM-RTO,,,ZONE,,28.690000,28.785301,0.071614,0.023687,True,1
9/20/2025 6:30:00 AM,9/20/2025 2:30:00 AM,1,PJM-RTO,,,ZONE,,27.850000,27.934533,0.060054,0.024479,True,1
9/20/2025 6:35:00 AM,9/20/2025 2:35:00 AM,1,PJM-RTO,,,ZONE,,23.990000,24.049800,0.042959,0.016841,True,1
9/20/2025 6:40:00 AM,9/20/2025 2:40:00 AM,1,PJM-RTO,,,ZONE,,25.680000,25.744294,0.046716,0.017579,True,1
9/20/2025 6:45:00 AM,9/20/2025 2:45:00 AM,1,PJM-RTO,,,ZONE,,26.560000,26.648362,0.067110,0.021252,True,1
9/20/2025 6:50:00 AM,9/20/2025 2:50:00 AM,1,PJM-RTO,,,ZONE,,24.860000,24.922203,0.045070,0.017133,True,1
9/20/2025 6:55:00 AM,9/20/2025 2:55:00 AM,1,PJM-RTO,,,ZONE,,27.000000,27.078418,0.056936,0.021483,True,1
9/20/2025 7:00:00 AM,9/20/2025 3:00:00 AM,1,PJM-RTO,,,ZONE,,26.460000,26.540607,0.064331,0.016276,True,1
9/20/2025 7:05:00 AM,9/20/2025 3:05:00 AM,1,PJM-RTO,,,ZONE,,29.360000,29.461061,0.082792,0.018269,True,1
9/20/2025 7:10:00 AM,9/20/2025 3:10:00 AM,1,PJM-RTO,,,ZONE,,22.630000,22.698366,0.049560,0.018807,True,1
9/20/2025 7:15:00 AM,9/20/2025 3:15:00 AM,1,PJM-RTO,,,ZONE,,25.830000,25.910867,0.061077,0.019790,True,1
9/20/2025 7:20:00 AM,9/20/2025 3:20:00 AM,1,PJM-RTO,,,ZONE,,22.500000,22.556357,0.040651,0.015706,True,1
9/20/2025 7:25:00 AM,9/20/2025 3:25:00 AM,1,PJM-RTO,,,ZONE,,23.530000,23.579707,0.035976,0.013730,True,1
9/20/2025 7:30:00 AM,9/20/2025 3:30:00 AM,1,PJM-RTO,,,ZONE,,20.000000,20.042147,0.028375,0.013772,True,1
9/20/2025 7:35:00 AM,9/20/2025 3:35:00 AM,1,PJM-RTO,,,ZONE,,23.160000,23.220379,0.042038,0.018340,True,1
9/20/2025 7:40:00 AM,9/20/2025 3:40:00 AM,1,PJM-RTO,,,ZONE,,20.170000,20.213963,0.027477,0.016485,True,1
9/20/2025 7:45:00 AM,9/20/2025 3:45:00 AM,1,PJM-RTO,,,ZONE,,25.510000,25.578311,0.052637,0.015674,True,1
9/20/2025 7:50:00 AM,9/20/2025 3:50:00 AM,1,PJM-RTO,,,ZONE,,29.130000,29.221579,0.067973,0.023607,True,1
9/20/2025 7:55:00 AM,9/20/2025 3:55:00 AM,1,PJM-RTO,,,ZONE,,31.180000,31.270533,0.070781,0.019752,True,1
9/20/2025 8:00:00 AM,9/20/2025 4:00:00 AM,1,PJM-RTO,,,ZONE,,38.190000,38.342024,0.118538,0.033486,True,1
9/20/2025 8:05:00 AM,9/20/2025 4:05:00 AM,1,PJM-RTO,,,ZONE,,31.270000,31.371745,0.077747,0.023998,True,1
9/20/2025 8:10:00 AM,9/20/2025 4:10:00 AM,1,PJM-RTO,,,ZONE,,29.180000,29.269326,0.068536,0.020790,True,1
9/20/2025 8:15:00 AM,9/20/2025 4:15:00 AM,1,PJM-RTO,,,ZONE,,26.520000,26.616056,0.078308,0.017748,True,1
9/20/2025 8:20:00 AM,9/20/2025 4:20:00 AM,1,PJM-RTO,,,ZONE,,26.630000,26.723889,0.073235,0.020654,True,1
9/20/2025 8:25:00 AM,9/20/2025 4:25:00 AM,1,PJM-RTO,,,ZONE,,22.620000,22.692821,0.057116,0.015705,True,1
9/20/2025 8:30:00 AM,9/20/2025 4:30:00 AM,1,PJM-RTO,,,ZONE,,21.620000,21.685163,0.055029,0.010134,True,1
9/20/2025 8:35:00 AM,9/20/2025 4:35:00 AM,1,PJM-RTO,,,ZONE,,28.400000,28.508197,0.091371,0.016826,True,1
9/20/2025 8:40:00 AM,9/20/2025 4:40:00 AM,1,PJM-RTO,,,ZONE,,26.700000,26.795427,0.080585,0.014842,True,1
9/20/2025 8:45:00 AM,9/20/2025 4:45:00 AM,1,PJM-RTO,,,ZONE,,69.620000,69.922752,0.248650,0.054102,True,1
9/20/2025 8:50:00 AM,9/20/2025 4:50:00 AM,1,PJM-RTO,,,ZONE,,36.820000,36.954164,0.105469,0.028695,True,1
9/20/2025 8:55:00 AM,9/20/2025 4:55:00 AM,1,PJM-RTO,,,ZONE,,26.540000,26.626305,0.071986,0.014320,True,1
9/20/2025 9:00:00 AM,9/20/2025 5:00:00 AM,1,PJM-RTO,,,ZONE,,28.430000,28.502613,0.051079,0.021534,True,1
9/20/2025 9:05:00 AM,9/20/2025 5:05:00 AM,1,PJM-RTO,,,ZONE,,26.150000,26.218086,0.048840,0.019246,True,1
9/20/2025 9:10:00 AM,9/20/2025 5:10:00 AM,1,PJM-RTO,,,ZONE,,28.480000,28.548377,0.048599,0.019778,True,1
9/20/2025 9:15:00 AM,9/20/2025 5:15:00 AM,1,PJM-RTO,,,ZONE,,26.360000,26.431832,0.052330,0.019502,True,1
9/20/2025 9:20:00 AM,9/20/2025 5:20:00 AM,1,PJM-RTO,,,ZONE,,27.750000,27.828011,0.064315,0.013697,True,1
9/20/2025 9:25:00 AM,9/20/2025 5:25:00 AM,1,PJM-RTO,,,ZONE,,22.720000,22.787490,0.049062,0.018428,True,1
9/20/2025 9:30:00 AM,9/20/2025 5:30:00 AM,1,PJM-RTO,,,ZONE,,25.000000,25.059700,0.048397,0.011302,True,1
9/20/2025 9:35:00 AM,9/20/2025 5:35:00 AM,1,PJM-RTO,,,ZONE,,25.700000,25.758184,0.041614,0.016570,True,1
9/20/2025 9:40:00 AM,9/20/2025 5:40:00 AM,1,PJM-RTO,,,ZONE,,29.810000,29.872899,0.040963,0.021935,True,1
9/20/2025 9:45:00 AM,9/20/2025 5:45:00 AM,1,PJM-RTO,,,ZONE,,29.160000,29.257822,0.072747,0.025075,True,1
9/20/2025 9:50:00 AM,9/20/2025 5:50:00 AM,1,PJM-RTO,,,ZONE,,29.560000,29.630640,0.054949,0.015691,True,1
9/20/2025 9:55:00 AM,9/20/2025 5:55:00 AM,1,PJM-RTO,,,ZONE,,20.040000,20.089391,0.036738,0.012652,True,1
9/20/2025 10:00:00 AM,9/20/2025 6:00:00 AM,1,PJM-RTO,,,ZONE,,25.780000,25.840825,0.044168,0.016658,True,1
9/20/2025 10:05:00 AM,9/20/2025 6:05:00 AM,1,PJM-RTO,,,ZONE,,23.970000,24.040994,0.053999,0.016994,True,1
9/20/2025 10:10:00 AM,9/20/2025 6:10:00 AM,1,PJM-RTO,,,ZONE,,22.800000,22.874680,0.055604,0.019076,True,1
9/20/2025 10:15:00 AM,9/20/2025 6:15:00 AM,1,PJM-RTO,,,ZONE,,26.510000,26.583735,0.059386,0.014349,True,1
9/20/2025 10:20:00 AM,9/20/2025 6:20:00 AM,1,PJM-RTO,,,ZONE,,26.840000,26.921458,0.067347,0.014111,True,1
9/20/2025 10:25:00 AM,9/20/2025 6:25:00 AM,1,PJM-RTO,,,ZONE,,27.950000,28.044904,0.076106,0.018798,True,1
9/20/2025 10:30:00 AM,9/20/2025 6:30:00 AM,1,PJM-RTO,,,ZONE,,28.100000,28.190461,0.068350,0.022111,True,1
9/20/2025 10:35:00 AM,9/20/2025 6:35:00 AM,1,PJM-RTO,,,ZONE,,29.620000,29.712078,0.072574,0.019504,True,1
9/20/2025 10:40:00 AM,9/20/2025 6:40:00 AM,1,PJM-RTO,,,ZONE,,28.230000,28.319717,0.065922,0.023795,True,1
9/20/2025 10:45:00 AM,9/20/2025 6:45:00 AM,1,PJM-RTO,,,ZONE,,28.300000,28.383138,0.060717,0.022422,True,1
9/20/2025 10:50:00 AM,9/20/2025 6:50:00 AM,1,PJM-RTO,,,ZONE,,28.290000,28.374989,0.061035,0.023954,True,1
9/20/2025 10:55:00 AM,9/20/2025 6:55:00 AM,1,PJM-RTO,,,ZONE,,31.330000,31.409892,0.064330,0.015562,True,1
9/20/2025 11:00:00 AM,9/20/2025 7:00:00 AM,1,PJM-RTO,,,ZONE,,22.040000,22.076169,0.027768,0.008400,True,1
9/20/2025 11:05:00 AM,9/20/2025 7:05:00 AM,1,PJM-RTO,,,ZONE,,26.670000,26.736018,0.044355,0.021662,True,1
9/20/2025 11:10:00 AM,9/20/2025 7:10:00 AM,1,PJM-RTO,,,ZONE,,19.300000,19.323826,0.015961,0.007866,True,1
9/20/2025 11:15:00 AM,9/20/2025 7:15:00 AM,1,PJM-RTO,,,ZONE,,194.180000,195.293346,0.973669,0.139678,True,1
9/20/2025 11:20:00 AM,9/20/2025 7:20:00 AM,1,PJM-RTO,,,ZONE,,195.300000,196.424180,0.981146,0.143034,True,1
9/20/2025 11:25:00 AM,9/20/2025 7:25:00 AM,1,PJM-RTO,,,ZONE,,193.150000,194.134021,0.838133,0.145888,True,1
9/20/2025 11:30:00 AM,9/20/2025 7:30:00 AM,1,PJM-RTO,,,ZONE,,63.910000,64.180359,0.219452,0.050906,True,1
9/20/2025 11:35:00 AM,9/20/2025 7:35:00 AM,1,PJM-RTO,,,ZONE,,32.320000,32.406883,0.068339,0.018544,True,1
9/20/2025 11:40:00 AM,9/20/2025 7:40:00 AM,1,PJM-RTO,,,ZONE,,36.290000,36.381087,0.068573,0.022514,True,1
9/20/2025 11:45:00 AM,9/20/2025 7:45:00 AM,1,PJM-RTO,,,ZONE,,31.530000,31.608804,0.062790,0.016014,True,1
9/20/2025 11:50:00 AM,9/20/2025 7:50:00 AM,1,PJM-RTO,,,ZONE,,28.120000,28.196723,0.055698,0.021024,True,1
9/20/2025 11:55:00 AM,9/20/2025 7:55:00 AM,1,PJM-RTO,,,ZONE,,18.940000,18.970046,0.020913,0.009134,True,1
9/20/2025 12:00:00 PM,9/20/2025 8:00:00 AM,1,PJM-RTO,,,ZONE,,21.550000,21.597840,0.032756,0.015084,True,1
9/20/2025 12:05:00 PM,9/20/2025 8:05:00 AM,1,PJM-RTO,,,ZONE,,18.910000,18.946972,0.026432,0.010540,True,1
9/20/2025 12:10:00 PM,9/20/2025 8:10:00 AM,1,PJM-RTO,,,ZONE,,18.980000,19.012190,0.020925,0.011265,True,1
9/20/2025 12:15:00 PM,9/20/2025 8:15:00 AM,1,PJM-RTO,,,ZONE,,22.600000,22.660997,0.041152,0.019844,True,1
9/20/2025 12:20:00 PM,9/20/2025 8:20:00 AM,1,PJM-RTO,,,ZONE,,22.770000,22.817727,0.034060,0.013667,True,1
9/20/2025 12:25:00 PM,9/20/2025 8:25:00 AM,1,PJM-RTO,,,ZONE,,25.170000,25.223698,0.033438,0.020260,True,1
9/20/2025 12:30:00 PM,9/20/2025 8:30:00 AM,1,PJM-RTO,,,ZONE,,22.990000,23.031769,0.026624,0.015145,True,1
9/20/2025 12:35:00 PM,9/20/2025 8:35:00 AM,1,PJM-RTO,,,ZONE,,24.370000,24.412992,0.028290,0.014702,True,1
9/20/2025 12:40:00 PM,9/20/2025 8:40:00 AM,1,PJM-RTO,,,ZONE,,22.590000,22.629472,0.027677,0.011794,True,1
9/20/2025 12:45:00 PM,9/20/2025 8:45:00 AM,1,PJM-RTO,,,ZONE,,18.940000,18.971187,0.014651,0.016536,True,1
9/20/2025 12:50:00 PM,9/20/2025 8:50:00 AM,1,PJM-RTO,,,ZONE,,18.680000,18.702583,0.012836,0.009747,True,1
9/20/2025 12:55:00 PM,9/20/2025 8:55:00 AM,1,PJM-RTO,,,ZONE,,18.550000,18.577124,0.016550,0.010574,True,1
9/20/2025 1:00:00 PM,9/20/2025 9:00:00 AM,1,PJM-RTO,,,ZONE,,20.390000,20.407726,0.004180,0.013545,True,1
9/20/2025 1:05:00 PM,9/20/2025 9:05:00 AM,1,PJM-RTO,,,ZONE,,19.970000,20.038538,0.054310,0.014229,True,1
9/20/2025 1:10:00 PM,9/20/2025 9:10:00 AM,1,PJM-RTO,,,ZONE,,33.000000,33.135021,0.106673,0.028349,True,1
9/20/2025 1:15:00 PM,9/20/2025 9:15:00 AM,1,PJM-RTO,,,ZONE,,31.740000,31.868926,0.103407,0.025519,True,1
9/20/2025 1:20:00 PM,9/20/2025 9:20:00 AM,1,PJM-RTO,,,ZONE,,51.930000,52.153603,0.186450,0.037153,True,1
9/20/2025 1:25:00 PM,9/20/2025 9:25:00 AM,1,PJM-RTO,,,ZONE,,29.040000,29.143842,0.087232,0.016610,True,1
9/20/2025 1:30:00 PM,9/20/2025 9:30:00 AM,1,PJM-RTO,,,ZONE,,22.380000,22.438903,0.043355,0.015548,True,1
9/20/2025 1:35:00 PM,9/20/2025 9:35:00 AM,1,PJM-RTO,,,ZONE,,24.180000,24.248820,0.051989,0.016831,True,1
9/20/2025 1:40:00 PM,9/20/2025 9:40:00 AM,1,PJM-RTO,,,ZONE,,22.190000,22.241579,0.039269,0.012310,True,1
9/20/2025 1:45:00 PM,9/20/2025 9:45:00 AM,1,PJM-RTO,,,ZONE,,24.540000,24.576594,0.028134,0.008460,True,1
9/20/2025 1:50:00 PM,9/20/2025 9:50:00 AM,1,PJM-RTO,,,ZONE,,27.490000,27.514135,0.013309,0.010826,True,1
9/20/2025 1:55:00 PM,9/20/2025 9:55:00 AM,1,PJM-RTO,,,ZONE,,23.590000,23.613929,0.006522,0.017407,True,1
9/20/2025 2:00:00 PM,9/20/2025 10:00:00 AM,1,PJM-RTO,,,ZONE,,21.370000,21.465723,0.080713,0.015010,True,1
9/20/2025 2:05:00 PM,9/20/2025 10:05:00 AM,1,PJM-RTO,,,ZONE,,21.200000,21.294724,0.079240,0.015485,True,1
9/20/2025 2:10:00 PM,9/20/2025 10:10:00 AM,1,PJM-RTO,,,ZONE,,22.950000,23.040696,0.077286,0.013411,True,1
9/20/2025 2:15:00 PM,9/20/2025 10:15:00 AM,1,PJM-RTO,,,ZONE,,22.470000,22.547525,0.058765,0.018760,True,1
9/20/2025 2:20:00 PM,9/20/2025 10:20:00 AM,1,PJM-RTO,,,ZONE,,23.040000,23.113793,0.059863,0.013929,True,1
9/20/2025 2:25:00 PM,9/20/2025 10:25:00 AM,1,PJM-RTO,,,ZONE,,23.610000,23.681135,0.056621,0.014514,True,1
9/20/2025 2:30:00 PM,9/20/2025 10:30:00 AM,1,PJM-RTO,,,ZONE,,27.150000,27.257933,0.088751,0.019181,True,1
9/20/2025 2:35:00 PM,9/20/2025 10:35:00 AM,1,PJM-RTO,,,ZONE,,26.700000,26.768994,0.055765,0.013229,True,1
9/20/2025 2:40:00 PM,9/20/2025 10:40:00 AM,1,PJM-RTO,,,ZONE,,26.770000,26.819080,0.031782,0.017298,True,1
9/20/2025 2:45:00 PM,9/20/2025 10:45:00 AM,1,PJM-RTO,,,ZONE,,29.660000,29.733960,0.054333,0.019628,True,1
9/20/2025 2:50:00 PM,9/20/2025 10:50:00 AM,1,PJM-RTO,,,ZONE,,40.390000,40.453414,0.045181,0.018233,True,1
9/20/2025 2:55:00 PM,9/20/2025 10:55:00 AM,1,PJM-RTO,,,ZONE,,26.280000,26.312911,0.020992,0.011919,True,1
9/20/2025 3:00:00 PM,9/20/2025 11:00:00 AM,1,PJM-RTO,,,ZONE,,28.860000,29.033591,0.154486,0.019106,True,1
9/20/2025 3:05:00 PM,9/20/2025 11:05:00 AM,1,PJM-RTO,,,ZONE,,37.350000,37.573399,0.195493,0.027906,True,1
9/20/2025 3:10:00 PM,9/20/2025 11:10:00 AM,1,PJM-RTO,,,ZONE,,41.350000,41.600050,0.224066,0.025985,True,1
9/20/2025 3:15:00 PM,9/20/2025 11:15:00 AM,1,PJM-RTO,,,ZONE,,29.630000,29.752117,0.104189,0.017928,True,1
9/20/2025 3:20:00 PM,9/20/2025 11:20:00 AM,1,PJM-RTO,,,ZONE,,31.720000,31.849769,0.112715,0.017055,True,1
9/20/2025 3:25:00 PM,9/20/2025 11:25:00 AM,1,PJM-RTO,,,ZONE,,27.410000,27.501095,0.072886,0.018209,True,1
9/20/2025 3:30:00 PM,9/20/2025 11:30:00 AM,1,PJM-RTO,,,ZONE,,17.910000,17.947189,0.024270,0.012919,True,1
9/20/2025 3:35:00 PM,9/20/2025 11:35:00 AM,1,PJM-RTO,,,ZONE,,21.760000,21.805990,0.032556,0.013434,True,1
9/20/2025 3:40:00 PM,9/20/2025 11:40:00 AM,1,PJM-RTO,,,ZONE,,26.530000,26.577776,0.026832,0.020945,True,1
9/20/2025 3:45:00 PM,9/20/2025 11:45:00 AM,1,PJM-RTO,,,ZONE,,28.600000,28.634870,0.020942,0.013928,True,1
9/20/2025 3:50:00 PM,9/20/2025 11:50:00 AM,1,PJM-RTO,,,ZONE,,70.580000,70.678288,0.055173,0.043115,True,1
9/20/2025 3:55:00 PM,9/20/2025 11:55:00 AM,1,PJM-RTO,,,ZONE,,35.090000,35.147837,0.035430,0.022407,True,1
9/20/2025 4:00:00 PM,9/20/2025 12:00:00 PM,1,PJM-RTO,,,ZONE,,31.850000,31.981700,0.106117,0.025582,True,1
9/20/2025 4:05:00 PM,9/20/2025 12:05:00 PM,1,PJM-RTO,,,ZONE,,27.770000,27.852789,0.069451,0.013338,True,1
9/20/2025 4:10:00 PM,9/20/2025 12:10:00 PM,1,PJM-RTO,,,ZONE,,30.110000,30.212352,0.078754,0.023598,True,1
9/20/2025 4:15:00 PM,9/20/2025 12:15:00 PM,1,PJM-RTO,,,ZONE,,29.800000,29.891284,0.067545,0.023738,True,1
9/20/2025 4:20:00 PM,9/20/2025 12:20:00 PM,1,PJM-RTO,,,ZONE,,36.610000,36.722719,0.091824,0.020896,True,1
9/20/2025 4:25:00 PM,9/20/2025 12:25:00 PM,1,PJM-RTO,,,ZONE,,35.840000,35.962743,0.095576,0.027166,True,1
9/20/2025 4:30:00 PM,9/20/2025 12:30:00 PM,1,PJM-RTO,,,ZONE,,157.040000,157.721669,0.583548,0.098121,True,1
9/20/2025 4:35:00 PM,9/20/2025 12:35:00 PM,1,PJM-RTO,,,ZONE,,111.850000,112.192470,0.280070,0.062399,True,1
9/20/2025 4:40:00 PM,9/20/2025 12:40:00 PM,1,PJM-RTO,,,ZONE,,186.570000,187.212548,0.520401,0.122146,True,1
9/20/2025 4:45:00 PM,9/20/2025 12:45:00 PM,1,PJM-RTO,,,ZONE,,103.050000,103.399766,0.278188,0.071577,True,1
9/20/2025 4:50:00 PM,9/20/2025 12:50:00 PM,1,PJM-RTO,,,ZONE,,103.090000,103.436965,0.279572,0.067392,True,1
9/20/2025 4:55:00 PM,9/20/2025 12:55:00 PM,1,PJM-RTO,,,ZONE,,91.370000,91.617389,0.188270,0.059119,True,1
9/20/2025 5:00:00 PM,9/20/2025 1:00:00 PM,1,PJM-RTO,,,ZONE,,71.350000,71.506421,0.112701,0.043719,True,1
9/20/2025 5:05:00 PM,9/20/2025 1:05:00 PM,1,PJM-RTO,,,ZONE,,112.140000,112.409417,0.193103,0.076314,True,1
9/20/2025 5:10:00 PM,9/20/2025 1:10:00 PM,1,PJM-RTO,,,ZONE,,112.310000,112.572274,0.192358,0.069917,True,1
9/20/2025 5:15:00 PM,9/20/2025 1:15:00 PM,1,PJM-RTO,,,ZONE,,151.960000,152.523496,0.458215,0.105281,True,1
9/20/2025 5:20:00 PM,9/20/2025 1:20:00 PM,1,PJM-RTO,,,ZONE,,115.460000,115.841857,0.298883,0.082974,True,1
9/20/2025 5:25:00 PM,9/20/2025 1:25:00 PM,1,PJM-RTO,,,ZONE,,78.420000,78.698506,0.227006,0.051500,True,1
9/20/2025 5:30:00 PM,9/20/2025 1:30:00 PM,1,PJM-RTO,,,ZONE,,37.140000,37.239024,0.070205,0.028819,True,1
9/20/2025 5:35:00 PM,9/20/2025 1:35:00 PM,1,PJM-RTO,,,ZONE,,60.110000,60.313017,0.165463,0.037554,True,1
9/20/2025 5:40:00 PM,9/20/2025 1:40:00 PM,1,PJM-RTO,,,ZONE,,115.430000,115.952361,0.452581,0.069780,True,1
9/20/2025 5:45:00 PM,9/20/2025 1:45:00 PM,1,PJM-RTO,,,ZONE,,29.920000,30.006736,0.072187,0.014549,True,1
9/20/2025 5:50:00 PM,9/20/2025 1:50:00 PM,1,PJM-RTO,,,ZONE,,79.210000,79.578436,0.313787,0.054649,True,1
9/20/2025 5:55:00 PM,9/20/2025 1:55:00 PM,1,PJM-RTO,,,ZONE,,38.470000,38.605110,0.107589,0.027520,True,1
9/20/2025 6:00:00 PM,9/20/2025 2:00:00 PM,1,PJM-RTO,,,ZONE,,38.190000,38.276795,0.062459,0.024336,True,1
9/20/2025 6:05:00 PM,9/20/2025 2:05:00 PM,1,PJM-RTO,,,ZONE,,36.040000,36.114774,0.054656,0.020117,True,1
9/20/2025 6:10:00 PM,9/20/2025 2:10:00 PM,1,PJM-RTO,,,ZONE,,30.780000,30.844949,0.050363,0.014586,True,1
9/20/2025 6:15:00 PM,9/20/2025 2:15:00 PM,1,PJM-RTO,,,ZONE,,28.270000,28.327777,0.038503,0.019274,True,1
9/20/2025 6:20:00 PM,9/20/2025 2:20:00 PM,1,PJM-RTO,,,ZONE,,28.260000,28.321765,0.047276,0.014489,True,1
9/20/2025 6:25:00 PM,9/20/2025 2:25:00 PM,1,PJM-RTO,,,ZONE,,42.660000,42.772442,0.083231,0.029211,True,1
9/20/2025 6:30:00 PM,9/20/2025 2:30:00 PM,1,PJM-RTO,,,ZONE,,44.240000,44.364217,0.090463,0.033753,True,1
9/20/2025 6:35:00 PM,9/20/2025 2:35:00 PM,1,PJM-RTO,,,ZONE,,50.520000,50.699499,0.141118,0.038380,True,1
9/20/2025 6:40:00 PM,9/20/2025 2:40:00 PM,1,PJM-RTO,,,ZONE,,232.290000,233.231496,0.793489,0.148008,True,1
9/20/2025 6:45:00 PM,9/20/2025 2:45:00 PM,1,PJM-RTO,,,ZONE,,121.870000,122.470717,0.525051,0.075666,True,1
9/20/2025 6:50:00 PM,9/20/2025 2:50:00 PM,1,PJM-RTO,,,ZONE,,101.670000,102.140154,0.405495,0.064659,True,1
9/20/2025 6:55:00 PM,9/20/2025 2:55:00 PM,1,PJM-RTO,,,ZONE,,28.460000,28.565022,0.086224,0.018798,True,1
9/20/2025 7:00:00 PM,9/20/2025 3:00:00 PM,1,PJM-RTO,,,ZONE,,50.150000,50.237960,0.057980,0.029979,True,1
9/20/2025 7:05:00 PM,9/20/2025 3:05:00 PM,1,PJM-RTO,,,ZONE,,40.900000,40.975750,0.053119,0.022630,True,1
9/20/2025 7:10:00 PM,9/20/2025 3:10:00 PM,1,PJM-RTO,,,ZONE,,41.850000,41.928276,0.051178,0.027097,True,1
9/20/2025 7:15:00 PM,9/20/2025 3:15:00 PM,1,PJM-RTO,,,ZONE,,43.840000,43.889793,0.025903,0.023890,True,1
9/20/2025 7:20:00 PM,9/20/2025 3:20:00 PM,1,PJM-RTO,,,ZONE,,38.380000,38.456007,0.047160,0.028847,True,1
9/20/2025 7:25:00 PM,9/20/2025 3:25:00 PM,1,PJM-RTO,,,ZONE,,44.710000,44.769219,0.031792,0.027426,True,1
9/20/2025 7:30:00 PM,9/20/2025 3:30:00 PM,1,PJM-RTO,,,ZONE,,40.420000,40.522044,0.078831,0.023213,True,1
9/20/2025 7:35:00 PM,9/20/2025 3:35:00 PM,1,PJM-RTO,,,ZONE,,43.770000,43.867645,0.070838,0.026807,True,1
9/20/2025 7:40:00 PM,9/20/2025 3:40:00 PM,1,PJM-RTO,,,ZONE,,72.890000,73.150722,0.211505,0.049217,True,1
9/20/2025 7:45:00 PM,9/20/2025 3:45:00 PM,1,PJM-RTO,,,ZONE,,43.130000,43.248102,0.090265,0.027837,True,1
9/20/2025 7:50:00 PM,9/20/2025 3:50:00 PM,1,PJM-RTO,,,ZONE,,34.660000,34.720002,0.043102,0.016899,True,1
9/20/2025 7:55:00 PM,9/20/2025 3:55:00 PM,1,PJM-RTO,,,ZONE,,30.910000,30.974104,0.049903,0.014201,True,1
9/20/2025 8:00:00 PM,9/20/2025 4:00:00 PM,1,PJM-RTO,,,ZONE,,24.840000,24.852653,-0.000403,0.013055,True,1
9/20/2025 8:05:00 PM,9/20/2025 4:05:00 PM,1,PJM-RTO,,,ZONE,,26.780000,26.786231,-0.009167,0.015399,True,1
9/20/2025 8:10:00 PM,9/20/2025 4:10:00 PM,1,PJM-RTO,,,ZONE,,28.990000,28.999090,-0.008389,0.017478,True,1
9/20/2025 8:15:00 PM,9/20/2025 4:15:00 PM,1,PJM-RTO,,,ZONE,,31.640000,31.670217,0.011347,0.018869,True,1
9/20/2025 8:20:00 PM,9/20/2025 4:20:00 PM,1,PJM-RTO,,,ZONE,,28.190000,28.224017,0.015985,0.018032,True,1
9/20/2025 8:25:00 PM,9/20/2025 4:25:00 PM,1,PJM-RTO,,,ZONE,,41.440000,41.702083,0.239877,0.022205,True,1
9/20/2025 8:30:00 PM,9/20/2025 4:30:00 PM,1,PJM-RTO,,,ZONE,,31.780000,31.856619,0.049378,0.027241,True,1
9/20/2025 8:35:00 PM,9/20/2025 4:35:00 PM,1,PJM-RTO,,,ZONE,,44.560000,44.687366,0.099428,0.027938,True,1
9/20/2025 8:40:00 PM,9/20/2025 4:40:00 PM,1,PJM-RTO,,,ZONE,,35.180000,35.268005,0.067261,0.020743,True,1
9/20/2025 8:45:00 PM,9/20/2025 4:45:00 PM,1,PJM-RTO,,,ZONE,,43.940000,44.058963,0.088728,0.030235,True,1
9/20/2025 8:50:00 PM,9/20/2025 4:50:00 PM,1,PJM-RTO,,,ZONE,,41.600000,41.722076,0.098023,0.024053,True,1
9/20/2025 8:55:00 PM,9/20/2025 4:55:00 PM,1,PJM-RTO,,,ZONE,,42.990000,43.175348,0.154234,0.031114,True,1
9/20/2025 9:00:00 PM,9/20/2025 5:00:00 PM,1,PJM-RTO,,,ZONE,,43.000000,43.057780,0.035382,0.022397,True,1
9/20/2025 9:05:00 PM,9/20/2025 5:05:00 PM,1,PJM-RTO,,,ZONE,,35.040000,35.094487,0.029429,0.025059,True,1
9/20/2025 9:10:00 PM,9/20/2025 5:10:00 PM,1,PJM-RTO,,,ZONE,,38.680000,38.739166,0.032379,0.026787,True,1
9/20/2025 9:15:00 PM,9/20/2025 5:15:00 PM,1,PJM-RTO,,,ZONE,,51.170000,51.273931,0.073177,0.030754,True,1
9/20/2025 9:20:00 PM,9/20/2025 5:20:00 PM,1,PJM-RTO,,,ZONE,,50.430000,50.528767,0.058130,0.040637,True,1
9/20/2025 9:25:00 PM,9/20/2025 5:25:00 PM,1,PJM-RTO,,,ZONE,,57.640000,57.910637,0.229669,0.040969,True,1
9/20/2025 9:30:00 PM,9/20/2025 5:30:00 PM,1,PJM-RTO,,,ZONE,,52.170000,52.293862,0.087337,0.036525,True,1
9/20/2025 9:35:00 PM,9/20/2025 5:35:00 PM,1,PJM-RTO,,,ZONE,,52.720000,52.836762,0.087475,0.029287,True,1
9/20/2025 9:40:00 PM,9/20/2025 5:40:00 PM,1,PJM-RTO,,,ZONE,,45.090000,45.198855,0.082601,0.026254,True,1
9/20/2025 9:45:00 PM,9/20/2025 5:45:00 PM,1,PJM-RTO,,,ZONE,,44.370000,44.476893,0.089460,0.017433,True,1
9/20/2025 9:50:00 PM,9/20/2025 5:50:00 PM,1,PJM-RTO,,,ZONE,,52.020000,52.178732,0.124704,0.034028,True,1
9/20/2025 9:55:00 PM,9/20/2025 5:55:00 PM,1,PJM-RTO,,,ZONE,,73.250000,73.478239,0.188793,0.039446,True,1
9/20/2025 10:00:00 PM,9/20/2025 6:00:00 PM,1,PJM-RTO,,,ZONE,,66.830000,66.952227,0.084755,0.037471,True,1
9/20/2025 10:05:00 PM,9/20/2025 6:05:00 PM,1,PJM-RTO,,,ZONE,,53.620000,53.730689,0.071358,0.039331,True,1
9/20/2025 10:10:00 PM,9/20/2025 6:10:00 PM,1,PJM-RTO,,,ZONE,,58.050000,58.169776,0.079963,0.039813,True,1
9/20/2025 10:15:00 PM,9/20/2025 6:15:00 PM,1,PJM-RTO,,,ZONE,,58.000000,58.108355,0.072589,0.035766,True,1
9/20/2025 10:20:00 PM,9/20/2025 6:20:00 PM,1,PJM-RTO,,,ZONE,,58.680000,58.798383,0.082724,0.035658,True,1
9/20/2025 10:25:00 PM,9/20/2025 6:25:00 PM,1,PJM-RTO,,,ZONE,,58.020000,58.141985,0.081202,0.040783,True,1
9/20/2025 10:30:00 PM,9/20/2025 6:30:00 PM,1,PJM-RTO,,,ZONE,,53.170000,53.260086,0.060058,0.030028,True,1
9/20/2025 10:35:00 PM,9/20/2025 6:35:00 PM,1,PJM-RTO,,,ZONE,,52.710000,52.826691,0.091926,0.024766,True,1
9/20/2025 10:40:00 PM,9/20/2025 6:40:00 PM,1,PJM-RTO,,,ZONE,,42.290000,42.405414,0.088041,0.027372,True,1
9/20/2025 10:45:00 PM,9/20/2025 6:45:00 PM,1,PJM-RTO,,,ZONE,,43.870000,43.971053,0.080412,0.020641,True,1
9/20/2025 10:50:00 PM,9/20/2025 6:50:00 PM,1,PJM-RTO,,,ZONE,,43.440000,43.554451,0.087361,0.027091,True,1
9/20/2025 10:55:00 PM,9/20/2025 6:55:00 PM,1,PJM-RTO,,,ZONE,,169.770000,170.227268,0.363017,0.094251,True,1
9/20/2025 11:00:00 PM,9/20/2025 7:00:00 PM,1,PJM-RTO,,,ZONE,,58.300000,58.368182,0.032237,0.035945,True,1
9/20/2025 11:05:00 PM,9/20/2025 7:05:00 PM,1,PJM-RTO,,,ZONE,,52.330000,52.421543,0.053213,0.038330,True,1
9/20/2025 11:10:00 PM,9/20/2025 7:10:00 PM,1,PJM-RTO,,,ZONE,,52.150000,52.237146,0.053396,0.033750,True,1
9/20/2025 11:15:00 PM,9/20/2025 7:15:00 PM,1,PJM-RTO,,,ZONE,,52.430000,52.542731,0.083898,0.028833,True,1
9/20/2025 11:20:00 PM,9/20/2025 7:20:00 PM,1,PJM-RTO,,,ZONE,,51.430000,51.561527,0.095996,0.035531,True,1
9/20/2025 11:25:00 PM,9/20/2025 7:25:00 PM,1,PJM-RTO,,,ZONE,,57.740000,57.887021,0.119052,0.027969,True,1
9/20/2025 11:30:00 PM,9/20/2025 7:30:00 PM,1,PJM-RTO,,,ZONE,,52.190000,52.327347,0.102729,0.034618,True,1
9/20/2025 11:35:00 PM,9/20/2025 7:35:00 PM,1,PJM-RTO,,,ZONE,,52.370000,52.498291,0.097127,0.031164,True,1
9/20/2025 11:40:00 PM,9/20/2025 7:40:00 PM,1,PJM-RTO,,,ZONE,,83.020000,83.267207,0.197531,0.049676,True,1
9/20/2025 11:45:00 PM,9/20/2025 7:45:00 PM,1,PJM-RTO,,,ZONE,,52.660000,52.794785,0.099654,0.035131,True,1
9/20/2025 11:50:00 PM,9/20/2025 7:50:00 PM,1,PJM-RTO,,,ZONE,,52.490000,52.610066,0.090414,0.029653,True,1
9/20/2025 11:55:00 PM,9/20/2025 7:55:00 PM,1,PJM-RTO,,,ZONE,,95.050000,95.366949,0.263541,0.053408,True,1
9/21/2025 12:00:00 AM,9/20/2025 8:00:00 PM,1,PJM-RTO,,,ZONE,,330.020000,330.817383,0.648698,0.148685,True,1
9/21/2025 12:05:00 AM,9/20/2025 8:05:00 PM,1,PJM-RTO,,,ZONE,,167.040000,167.433054,0.316004,0.077050,True,1
9/21/2025 12:10:00 AM,9/20/2025 8:10:00 PM,1,PJM-RTO,,,ZONE,,166.280000,166.676486,0.316128,0.080358,True,1
9/21/2025 12:15:00 AM,9/20/2025 8:15:00 PM,1,PJM-RTO,,,ZONE,,187.290000,187.908174,0.531273,0.086901,True,1
9/21/2025 12:20:00 AM,9/20/2025 8:20:00 PM,1,PJM-RTO,,,ZONE,,137.570000,137.915263,0.278723,0.066540,True,1
9/21/2025 12:25:00 AM,9/20/2025 8:25:00 PM,1,PJM-RTO,,,ZONE,,145.270000,145.569823,0.224607,0.075216,True,1
9/21/2025 12:30:00 AM,9/20/2025 8:30:00 PM,1,PJM-RTO,,,ZONE,,124.110000,124.407463,0.233245,0.064218,True,1
9/21/2025 12:35:00 AM,9/20/2025 8:35:00 PM,1,PJM-RTO,,,ZONE,,82.230000,82.405898,0.129936,0.045963,True,1
9/21/2025 12:40:00 AM,9/20/2025 8:40:00 PM,1,PJM-RTO,,,ZONE,,80.930000,81.066009,0.097617,0.038393,True,1
9/21/2025 12:45:00 AM,9/20/2025 8:45:00 PM,1,PJM-RTO,,,ZONE,,79.630000,79.771121,0.102470,0.038651,True,1
9/21/2025 12:50:00 AM,9/20/2025 8:50:00 PM,1,PJM-RTO,,,ZONE,,72.760000,72.873115,0.082372,0.030743,True,1
9/21/2025 12:55:00 AM,9/20/2025 8:55:00 PM,1,PJM-RTO,,,ZONE,,44.110000,44.196448,0.064907,0.021541,True,1
9/21/2025 1:00:00 AM,9/20/2025 9:00:00 PM,1,PJM-RTO,,,ZONE,,43.050000,43.147332,0.076159,0.021173,True,1
9/21/2025 1:05:00 AM,9/20/2025 9:05:00 PM,1,PJM-RTO,,,ZONE,,43.740000,43.862203,0.092402,0.029802,True,1
9/21/2025 1:10:00 AM,9/20/2025 9:10:00 PM,1,PJM-RTO,,,ZONE,,48.230000,48.370259,0.105255,0.035004,True,1
9/21/2025 1:15:00 AM,9/20/2025 9:15:00 PM,1,PJM-RTO,,,ZONE,,78.820000,79.168067,0.295699,0.052369,True,1
9/21/2025 1:20:00 AM,9/20/2025 9:20:00 PM,1,PJM-RTO,,,ZONE,,78.640000,78.965187,0.280936,0.044250,True,1
9/21/2025 1:25:00 AM,9/20/2025 9:25:00 PM,1,PJM-RTO,,,ZONE,,52.410000,52.553034,0.111352,0.031682,True,1
9/21/2025 1:30:00 AM,9/20/2025 9:30:00 PM,1,PJM-RTO,,,ZONE,,88.070000,88.206485,0.081820,0.054665,True,1
9/21/2025 1:35:00 AM,9/20/2025 9:35:00 PM,1,PJM-RTO,,,ZONE,,46.780000,46.903064,0.101384,0.021680,True,1
9/21/2025 1:40:00 AM,9/20/2025 9:40:00 PM,1,PJM-RTO,,,ZONE,,46.480000,46.564156,0.056012,0.028144,True,1
9/21/2025 1:45:00 AM,9/20/2025 9:45:00 PM,1,PJM-RTO,,,ZONE,,42.070000,42.150084,0.058381,0.021703,True,1
9/21/2025 1:50:00 AM,9/20/2025 9:50:00 PM,1,PJM-RTO,,,ZONE,,43.860000,43.965571,0.079404,0.026167,True,1
9/21/2025 1:55:00 AM,9/20/2025 9:55:00 PM,1,PJM-RTO,,,ZONE,,32.130000,32.175896,0.029970,0.015926,True,1
9/21/2025 2:00:00 AM,9/20/2025 10:00:00 PM,1,PJM-RTO,,,ZONE,,43.830000,43.983167,0.128027,0.025140,True,1
9/21/2025 2:05:00 AM,9/20/2025 10:05:00 PM,1,PJM-RTO,,,ZONE,,76.830000,77.126970,0.244041,0.052929,True,1
9/21/2025 2:10:00 AM,9/20/2025 10:10:00 PM,1,PJM-RTO,,,ZONE,,51.430000,51.618458,0.156354,0.032103,True,1
9/21/2025 2:15:00 AM,9/20/2025 10:15:00 PM,1,PJM-RTO,,,ZONE,,30.870000,30.939116,0.048543,0.020574,True,1
9/21/2025 2:20:00 AM,9/20/2025 10:20:00 PM,1,PJM-RTO,,,ZONE,,27.600000,27.655171,0.033875,0.021296,True,1
9/21/2025 2:25:00 AM,9/20/2025 10:25:00 PM,1,PJM-RTO,,,ZONE,,32.160000,32.233661,0.048633,0.025028,True,1
9/21/2025 2:30:00 AM,9/20/2025 10:30:00 PM,1,PJM-RTO,,,ZONE,,40.270000,40.374931,0.072496,0.032435,True,1
9/21/2025 2:35:00 AM,9/20/2025 10:35:00 PM,1,PJM-RTO,,,ZONE,,69.370000,69.596335,0.182004,0.044330,True,1
9/21/2025 2:40:00 AM,9/20/2025 10:40:00 PM,1,PJM-RTO,,,ZONE,,34.860000,34.951948,0.067131,0.024817,True,1
9/21/2025 2:45:00 AM,9/20/2025 10:45:00 PM,1,PJM-RTO,,,ZONE,,36.440000,36.549802,0.085741,0.024061,True,1
9/21/2025 2:50:00 AM,9/20/2025 10:50:00 PM,1,PJM-RTO,,,ZONE,,28.960000,29.010553,0.036741,0.013811,True,1
9/21/2025 2:55:00 AM,9/20/2025 10:55:00 PM,1,PJM-RTO,,,ZONE,,69.640000,69.844735,0.168354,0.036381,True,1
9/21/2025 3:00:00 AM,9/20/2025 11:00:00 PM,1,PJM-RTO,,,ZONE,,35.240000,35.395493,0.129612,0.025881,True,1
9/21/2025 3:05:00 AM,9/20/2025 11:05:00 PM,1,PJM-RTO,,,ZONE,,29.480000,29.584443,0.086840,0.017603,True,1
9/21/2025 3:10:00 AM,9/20/2025 11:10:00 PM,1,PJM-RTO,,,ZONE,,33.510000,33.610489,0.082549,0.017940,True,1
9/21/2025 3:15:00 AM,9/20/2025 11:15:00 PM,1,PJM-RTO,,,ZONE,,37.280000,37.414802,0.109581,0.025221,True,1
9/21/2025 3:20:00 AM,9/20/2025 11:20:00 PM,1,PJM-RTO,,,ZONE,,35.070000,35.195271,0.101486,0.023785,True,1
9/21/2025 3:25:00 AM,9/20/2025 11:25:00 PM,1,PJM-RTO,,,ZONE,,32.920000,33.033089,0.089808,0.023281,True,1
9/21/2025 3:30:00 AM,9/20/2025 11:30:00 PM,1,PJM-RTO,,,ZONE,,38.240000,38.347107,0.085082,0.022025,True,1
9/21/2025 3:35:00 AM,9/20/2025 11:35:00 PM,1,PJM-RTO,,,ZONE,,34.020000,34.104061,0.067325,0.016736,True,1
9/21/2025 3:40:00 AM,9/20/2025 11:40:00 PM,1,PJM-RTO,,,ZONE,,29.190000,29.254585,0.040722,0.023864,True,1
9/21/2025 3:45:00 AM,9/20/2025 11:45:00 PM,1,PJM-RTO,,,ZONE,,34.880000,34.953630,0.049792,0.023838,True,1
9/21/2025 3:50:00 AM,9/20/2025 11:50:00 PM,1,PJM-RTO,,,ZONE,,37.760000,37.841901,0.055323,0.026578,True,1
9/21/2025 3:55:00 AM,9/20/2025 11:55:00 PM,1,PJM-RTO,,,ZONE,,51.340000,51.439566,0.057076,0.042490,True,1
9/21/2025 4:00:00 AM,9/21/2025 12:00:00 AM,1,PJM-RTO,,,ZONE,,47.450000,47.586116,0.098999,0.037117,True,1
9/21/2025 4:05:00 AM,9/21/2025 12:05:00 AM,1,PJM-RTO,,,ZONE,,44.520000,44.676068,0.117327,0.038741,True,1
9/21/2025 4:10:00 AM,9/21/2025 12:10:00 AM,1,PJM-RTO,,,ZONE,,45.660000,45.842116,0.140372,0.041744,True,1
9/21/2025 4:15:00 AM,9/21/2025 12:15:00 AM,1,PJM-RTO,,,ZONE,,66.560000,66.860563,0.255419,0.045144,True,1
9/21/2025 4:20:00 AM,9/21/2025 12:20:00 AM,1,PJM-RTO,,,ZONE,,38.600000,38.752551,0.127208,0.025342,True,1
9/21/2025 4:25:00 AM,9/21/2025 12:25:00 AM,1,PJM-RTO,,,ZONE,,40.450000,40.573640,0.096503,0.027137,True,1
9/21/2025 4:30:00 AM,9/21/2025 12:30:00 AM,1,PJM-RTO,,,ZONE,,30.520000,30.609936,0.066037,0.023898,True,1
9/21/2025 4:35:00 AM,9/21/2025 12:35:00 AM,1,PJM-RTO,,,ZONE,,32.330000,32.414167,0.064746,0.019421,True,1
9/21/2025 4:40:00 AM,9/21/2025 12:40:00 AM,1,PJM-RTO,,,ZONE,,30.160000,30.232279,0.052333,0.019946,True,1
9/21/2025 4:45:00 AM,9/21/2025 12:45:00 AM,1,PJM-RTO,,,ZONE,,24.110000,24.160940,0.038568,0.012373,True,1
9/21/2025 4:50:00 AM,9/21/2025 12:50:00 AM,1,PJM-RTO,,,ZONE,,19.980000,20.021411,0.030969,0.010442,True,1
9/21/2025 4:55:00 AM,9/21/2025 12:55:00 AM,1,PJM-RTO,,,ZONE,,22.300000,22.346964,0.034374,0.012590,True,1
9/21/2025 5:00:00 AM,9/21/2025 1:00:00 AM,1,PJM-RTO,,,ZONE,,34.300000,34.414829,0.088652,0.026177,True,1
9/21/2025 5:05:00 AM,9/21/2025 1:05:00 AM,1,PJM-RTO,,,ZONE,,32.530000,32.626494,0.077281,0.019213,True,1
9/21/2025 5:10:00 AM,9/21/2025 1:10:00 AM,1,PJM-RTO,,,ZONE,,31.000000,31.089087,0.070950,0.018137,True,1
9/21/2025 5:15:00 AM,9/21/2025 1:15:00 AM,1,PJM-RTO,,,ZONE,,34.200000,34.341649,0.114328,0.027321,True,1
9/21/2025 5:20:00 AM,9/21/2025 1:20:00 AM,1,PJM-RTO,,,ZONE,,35.600000,35.746214,0.113178,0.033036,True,1
9/21/2025 5:25:00 AM,9/21/2025 1:25:00 AM,1,PJM-RTO,,,ZONE,,35.580000,35.715488,0.102834,0.032654,True,1
9/21/2025 5:30:00 AM,9/21/2025 1:30:00 AM,1,PJM-RTO,,,ZONE,,68.340000,68.586631,0.195480,0.051151,True,1
9/21/2025 5:35:00 AM,9/21/2025 1:35:00 AM,1,PJM-RTO,,,ZONE,,32.430000,32.548659,0.097702,0.020957,True,1
9/21/2025 5:40:00 AM,9/21/2025 1:40:00 AM,1,PJM-RTO,,,ZONE,,32.220000,32.328905,0.084185,0.024720,True,1
9/21/2025 5:45:00 AM,9/21/2025 1:45:00 AM,1,PJM-RTO,,,ZONE,,32.400000,32.516739,0.095659,0.021081,True,1
9/21/2025 5:50:00 AM,9/21/2025 1:50:00 AM,1,PJM-RTO,,,ZONE,,32.530000,32.624562,0.077064,0.017498,True,1
9/21/2025 5:55:00 AM,9/21/2025 1:55:00 AM,1,PJM-RTO,,,ZONE,,34.730000,34.828227,0.079184,0.019044,True,1
9/21/2025 6:00:00 AM,9/21/2025 2:00:00 AM,1,PJM-RTO,,,ZONE,,41.900000,42.046642,0.119688,0.026953,True,1
9/21/2025 6:05:00 AM,9/21/2025 2:05:00 AM,1,PJM-RTO,,,ZONE,,34.860000,34.992468,0.106307,0.026161,True,1
9/21/2025 6:10:00 AM,9/21/2025 2:10:00 AM,1,PJM-RTO,,,ZONE,,27.600000,27.694603,0.070162,0.024441,True,1
9/21/2025 6:15:00 AM,9/21/2025 2:15:00 AM,1,PJM-RTO,,,ZONE,,29.640000,29.753202,0.092544,0.020658,True,1
9/21/2025 6:20:00 AM,9/21/2025 2:20:00 AM,1,PJM-RTO,,,ZONE,,21.550000,21.651671,0.085866,0.015806,True,1
9/21/2025 6:25:00 AM,9/21/2025 2:25:00 AM,1,PJM-RTO,,,ZONE,,21.160000,21.228419,0.054841,0.013578,True,1
9/21/2025 6:30:00 AM,9/21/2025 2:30:00 AM,1,PJM-RTO,,,ZONE,,23.410000,23.468860,0.043954,0.014906,True,1
9/21/2025 6:35:00 AM,9/21/2025 2:35:00 AM,1,PJM-RTO,,,ZONE,,22.220000,22.287287,0.056016,0.011272,True,1
9/21/2025 6:40:00 AM,9/21/2025 2:40:00 AM,1,PJM-RTO,,,ZONE,,21.070000,21.138718,0.053591,0.015128,True,1
9/21/2025 6:45:00 AM,9/21/2025 2:45:00 AM,1,PJM-RTO,,,ZONE,,20.340000,20.400378,0.050643,0.009735,True,1
9/21/2025 6:50:00 AM,9/21/2025 2:50:00 AM,1,PJM-RTO,,,ZONE,,20.970000,21.037550,0.053242,0.014308,True,1
9/21/2025 6:55:00 AM,9/21/2025 2:55:00 AM,1,PJM-RTO,,,ZONE,,20.030000,20.081342,0.035469,0.015873,True,1
9/21/2025 7:00:00 AM,9/21/2025 3:00:00 AM,1,PJM-RTO,,,ZONE,,20.970000,21.025339,0.042200,0.013139,True,1
9/21/2025 7:05:00 AM,9/21/2025 3:05:00 AM,1,PJM-RTO,,,ZONE,,24.170000,24.242440,0.061232,0.011208,True,1
9/21/2025 7:10:00 AM,9/21/2025 3:10:00 AM,1,PJM-RTO,,,ZONE,,21.060000,21.109672,0.036438,0.013234,True,1
9/21/2025 7:15:00 AM,9/21/2025 3:15:00 AM,1,PJM-RTO,,,ZONE,,21.500000,21.568806,0.057771,0.011036,True,1
9/21/2025 7:20:00 AM,9/21/2025 3:20:00 AM,1,PJM-RTO,,,ZONE,,22.180000,22.248060,0.055453,0.012607,True,1
9/21/2025 7:25:00 AM,9/21/2025 3:25:00 AM,1,PJM-RTO,,,ZONE,,24.170000,24.251779,0.061881,0.019898,True,1
9/21/2025 7:30:00 AM,9/21/2025 3:30:00 AM,1,PJM-RTO,,,ZONE,,21.510000,21.576285,0.050736,0.015549,True,1
9/21/2025 7:35:00 AM,9/21/2025 3:35:00 AM,1,PJM-RTO,,,ZONE,,23.380000,23.453284,0.055328,0.017956,True,1
9/21/2025 7:40:00 AM,9/21/2025 3:40:00 AM,1,PJM-RTO,,,ZONE,,19.480000,19.535454,0.046471,0.008983,True,1
9/21/2025 7:45:00 AM,9/21/2025 3:45:00 AM,1,PJM-RTO,,,ZONE,,19.870000,19.925466,0.042440,0.013026,True,1
9/21/2025 7:50:00 AM,9/21/2025 3:50:00 AM,1,PJM-RTO,,,ZONE,,21.240000,21.304420,0.051633,0.012787,True,1
9/21/2025 7:55:00 AM,9/21/2025 3:55:00 AM,1,PJM-RTO,,,ZONE,,24.960000,25.034498,0.061669,0.012830,True,1
9/21/2025 8:00:00 AM,9/21/2025 4:00:00 AM,1,PJM-RTO,,,ZONE,,30.570000,30.691713,0.102136,0.019576,True,1
9/21/2025 8:05:00 AM,9/21/2025 4:05:00 AM,1,PJM-RTO,,,ZONE,,29.390000,29.510375,0.097575,0.022800,True,1
9/21/2025 8:10:00 AM,9/21/2025 4:10:00 AM,1,PJM-RTO,,,ZONE,,25.310000,25.401010,0.069446,0.021565,True,1
9/21/2025 8:15:00 AM,9/21/2025 4:15:00 AM,1,PJM-RTO,,,ZONE,,27.900000,27.996777,0.078710,0.018067,True,1
9/21/2025 8:20:00 AM,9/21/2025 4:20:00 AM,1,PJM-RTO,,,ZONE,,23.270000,23.345702,0.060294,0.015408,True,1
9/21/2025 8:25:00 AM,9/21/2025 4:25:00 AM,1,PJM-RTO,,,ZONE,,23.210000,23.286210,0.060815,0.015394,True,1
9/21/2025 8:30:00 AM,9/21/2025 4:30:00 AM,1,PJM-RTO,,,ZONE,,22.030000,22.109020,0.059677,0.019343,True,1
9/21/2025 8:35:00 AM,9/21/2025 4:35:00 AM,1,PJM-RTO,,,ZONE,,23.890000,23.985023,0.076448,0.018575,True,1
9/21/2025 8:40:00 AM,9/21/2025 4:40:00 AM,1,PJM-RTO,,,ZONE,,24.100000,24.193196,0.074396,0.018800,True,1
9/21/2025 8:45:00 AM,9/21/2025 4:45:00 AM,1,PJM-RTO,,,ZONE,,22.080000,22.167553,0.067919,0.019634,True,1
9/21/2025 8:50:00 AM,9/21/2025 4:50:00 AM,1,PJM-RTO,,,ZONE,,21.280000,21.359636,0.058878,0.020758,True,1
9/21/2025 8:55:00 AM,9/21/2025 4:55:00 AM,1,PJM-RTO,,,ZONE,,17.620000,17.682872,0.045890,0.016982,True,1
9/21/2025 9:00:00 AM,9/21/2025 5:00:00 AM,1,PJM-RTO,,,ZONE,,18.490000,18.540399,0.043946,0.006453,True,1
9/21/2025 9:05:00 AM,9/21/2025 5:05:00 AM,1,PJM-RTO,,,ZONE,,18.730000,18.782389,0.035777,0.016612,True,1
9/21/2025 9:10:00 AM,9/21/2025 5:10:00 AM,1,PJM-RTO,,,ZONE,,18.640000,18.682783,0.033352,0.009431,True,1
9/21/2025 9:15:00 AM,9/21/2025 5:15:00 AM,1,PJM-RTO,,,ZONE,,18.750000,18.801188,0.039921,0.011267,True,1
9/21/2025 9:20:00 AM,9/21/2025 5:20:00 AM,1,PJM-RTO,,,ZONE,,20.420000,20.479591,0.050273,0.009318,True,1
9/21/2025 9:25:00 AM,9/21/2025 5:25:00 AM,1,PJM-RTO,,,ZONE,,18.840000,18.896668,0.041456,0.015212,True,1
9/21/2025 9:30:00 AM,9/21/2025 5:30:00 AM,1,PJM-RTO,,,ZONE,,18.880000,18.944510,0.047245,0.017265,True,1
9/21/2025 9:35:00 AM,9/21/2025 5:35:00 AM,1,PJM-RTO,,,ZONE,,18.650000,18.705299,0.042442,0.012857,True,1
9/21/2025 9:40:00 AM,9/21/2025 5:40:00 AM,1,PJM-RTO,,,ZONE,,19.010000,19.069925,0.051444,0.008481,True,1
9/21/2025 9:45:00 AM,9/21/2025 5:45:00 AM,1,PJM-RTO,,,ZONE,,18.760000,18.817517,0.044806,0.012711,True,1
9/21/2025 9:50:00 AM,9/21/2025 5:50:00 AM,1,PJM-RTO,,,ZONE,,20.690000,20.762928,0.054811,0.018117,True,1
9/21/2025 9:55:00 AM,9/21/2025 5:55:00 AM,1,PJM-RTO,,,ZONE,,18.770000,18.831408,0.050317,0.011090,True,1
9/21/2025 10:00:00 AM,9/21/2025 6:00:00 AM,1,PJM-RTO,,,ZONE,,18.370000,18.421320,0.038900,0.012419,True,1
9/21/2025 10:05:00 AM,9/21/2025 6:05:00 AM,1,PJM-RTO,,,ZONE,,19.150000,19.200610,0.039900,0.010709,True,1
9/21/2025 10:10:00 AM,9/21/2025 6:10:00 AM,1,PJM-RTO,,,ZONE,,36.730000,36.872844,0.112877,0.029967,True,1
9/21/2025 10:15:00 AM,9/21/2025 6:15:00 AM,1,PJM-RTO,,,ZONE,,28.410000,28.506952,0.073276,0.023677,True,1
9/21/2025 10:20:00 AM,9/21/2025 6:20:00 AM,1,PJM-RTO,,,ZONE,,30.720000,30.823440,0.080370,0.023070,True,1
9/21/2025 10:25:00 AM,9/21/2025 6:25:00 AM,1,PJM-RTO,,,ZONE,,34.200000,34.344087,0.118712,0.025374,True,1
9/21/2025 10:30:00 AM,9/21/2025 6:30:00 AM,1,PJM-RTO,,,ZONE,,31.500000,31.616211,0.088278,0.027932,True,1
9/21/2025 10:35:00 AM,9/21/2025 6:35:00 AM,1,PJM-RTO,,,ZONE,,31.120000,31.215237,0.077676,0.017561,True,1
9/21/2025 10:40:00 AM,9/21/2025 6:40:00 AM,1,PJM-RTO,,,ZONE,,28.600000,28.679598,0.064804,0.014794,True,1
9/21/2025 10:45:00 AM,9/21/2025 6:45:00 AM,1,PJM-RTO,,,ZONE,,32.120000,32.173173,0.035260,0.017913,True,1
9/21/2025 10:50:00 AM,9/21/2025 6:50:00 AM,1,PJM-RTO,,,ZONE,,29.020000,29.096414,0.060308,0.016106,True,1
9/21/2025 10:55:00 AM,9/21/2025 6:55:00 AM,1,PJM-RTO,,,ZONE,,25.630000,25.679821,0.031445,0.018376,True,1
9/21/2025 11:00:00 AM,9/21/2025 7:00:00 AM,1,PJM-RTO,,,ZONE,,24.990000,25.062429,0.053253,0.019177,True,1
9/21/2025 11:05:00 AM,9/21/2025 7:05:00 AM,1,PJM-RTO,,,ZONE,,31.800000,31.884274,0.056696,0.027578,True,1
9/21/2025 11:10:00 AM,9/21/2025 7:10:00 AM,1,PJM-RTO,,,ZONE,,30.910000,31.007472,0.077064,0.020408,True,1
9/21/2025 11:15:00 AM,9/21/2025 7:15:00 AM,1,PJM-RTO,,,ZONE,,32.830000,32.896615,0.038345,0.028269,True,1
9/21/2025 11:20:00 AM,9/21/2025 7:20:00 AM,1,PJM-RTO,,,ZONE,,28.450000,28.606331,0.135311,0.021020,True,1
9/21/2025 11:25:00 AM,9/21/2025 7:25:00 AM,1,PJM-RTO,,,ZONE,,30.510000,30.601870,0.064485,0.027384,True,1
9/21/2025 11:30:00 AM,9/21/2025 7:30:00 AM,1,PJM-RTO,,,ZONE,,48.510000,48.874980,0.335752,0.029228,True,1
9/21/2025 11:35:00 AM,9/21/2025 7:35:00 AM,1,PJM-RTO,,,ZONE,,27.420000,27.473908,0.031946,0.021962,True,1
9/21/2025 11:40:00 AM,9/21/2025 7:40:00 AM,1,PJM-RTO,,,ZONE,,24.530000,24.599525,0.054320,0.015205,True,1
9/21/2025 11:45:00 AM,9/21/2025 7:45:00 AM,1,PJM-RTO,,,ZONE,,26.390000,26.471481,0.062512,0.018968,True,1
9/21/2025 11:50:00 AM,9/21/2025 7:50:00 AM,1,PJM-RTO,,,ZONE,,25.980000,26.035440,0.034840,0.020601,True,1
9/21/2025 11:55:00 AM,9/21/2025 7:55:00 AM,1,PJM-RTO,,,ZONE,,34.460000,34.539417,0.058378,0.021039,True,1
9/21/2025 12:00:00 PM,9/21/2025 8:00:00 AM,1,PJM-RTO,,,ZONE,,31.150000,31.221681,0.050011,0.021671,True,1
9/21/2025 12:05:00 PM,9/21/2025 8:05:00 AM,1,PJM-RTO,,,ZONE,,26.980000,27.065726,0.064704,0.021023,True,1
9/21/2025 12:10:00 PM,9/21/2025 8:10:00 AM,1,PJM-RTO,,,ZONE,,27.260000,27.306953,0.026469,0.020484,True,1
9/21/2025 12:15:00 PM,9/21/2025 8:15:00 AM,1,PJM-RTO,,,ZONE,,38.440000,38.611844,0.139766,0.032077,True,1
9/21/2025 12:20:00 PM,9/21/2025 8:20:00 AM,1,PJM-RTO,,,ZONE,,25.240000,25.325565,0.071067,0.014499,True,1
9/21/2025 12:25:00 PM,9/21/2025 8:25:00 AM,1,PJM-RTO,,,ZONE,,24.140000,24.205804,0.050926,0.014878,True,1
9/21/2025 12:30:00 PM,9/21/2025 8:30:00 AM,1,PJM-RTO,,,ZONE,,27.030000,27.109576,0.057145,0.022431,True,1
9/21/2025 12:35:00 PM,9/21/2025 8:35:00 AM,1,PJM-RTO,,,ZONE,,25.990000,26.085356,0.075191,0.020165,True,1
9/21/2025 12:40:00 PM,9/21/2025 8:40:00 AM,1,PJM-RTO,,,ZONE,,70.990000,71.277481,0.245788,0.041692,True,1
9/21/2025 12:45:00 PM,9/21/2025 8:45:00 AM,1,PJM-RTO,,,ZONE,,34.440000,34.520654,0.061330,0.019324,True,1
9/21/2025 12:50:00 PM,9/21/2025 8:50:00 AM,1,PJM-RTO,,,ZONE,,54.870000,55.027320,0.124962,0.032359,True,1
9/21/2025 12:55:00 PM,9/21/2025 8:55:00 AM,1,PJM-RTO,,,ZONE,,31.960000,32.023913,0.047659,0.016255,True,1
9/21/2025 1:00:00 PM,9/21/2025 9:00:00 AM,1,PJM-RTO,,,ZONE,,31.340000,31.484219,0.115673,0.028546,True,1
9/21/2025 1:05:00 PM,9/21/2025 9:05:00 AM,1,PJM-RTO,,,ZONE,,31.570000,31.709559,0.122321,0.017238,True,1
9/21/2025 1:10:00 PM,9/21/2025 9:10:00 AM,1,PJM-RTO,,,ZONE,,28.510000,28.608805,0.071699,0.027106,True,1
9/21/2025 1:15:00 PM,9/21/2025 9:15:00 AM,1,PJM-RTO,,,ZONE,,70.690000,71.034840,0.291734,0.053105,True,1
9/21/2025 1:20:00 PM,9/21/2025 9:20:00 AM,1,PJM-RTO,,,ZONE,,31.480000,31.583195,0.087397,0.015798,True,1
9/21/2025 1:25:00 PM,9/21/2025 9:25:00 AM,1,PJM-RTO,,,ZONE,,29.490000,29.602575,0.097009,0.015566,True,1
9/21/2025 1:30:00 PM,9/21/2025 9:30:00 AM,1,PJM-RTO,,,ZONE,,27.110000,27.217381,0.085879,0.021502,True,1
9/21/2025 1:35:00 PM,9/21/2025 9:35:00 AM,1,PJM-RTO,,,ZONE,,29.510000,29.602952,0.074904,0.018048,True,1
9/21/2025 1:40:00 PM,9/21/2025 9:40:00 AM,1,PJM-RTO,,,ZONE,,31.020000,31.107698,0.067836,0.019862,True,1
9/21/2025 1:45:00 PM,9/21/2025 9:45:00 AM,1,PJM-RTO,,,ZONE,,36.360000,36.453577,0.068654,0.024923,True,1
9/21/2025 1:50:00 PM,9/21/2025 9:50:00 AM,1,PJM-RTO,,,ZONE,,27.890000,27.947811,0.042243,0.015568,True,1
9/21/2025 1:55:00 PM,9/21/2025 9:55:00 AM,1,PJM-RTO,,,ZONE,,22.520000,22.646437,0.112420,0.014017,True,1
9/21/2025 2:00:00 PM,9/21/2025 10:00:00 AM,1,PJM-RTO,,,ZONE,,27.220000,27.319532,0.080579,0.018952,True,1
9/21/2025 2:05:00 PM,9/21/2025 10:05:00 AM,1,PJM-RTO,,,ZONE,,29.340000,29.422538,0.067068,0.015471,True,1
9/21/2025 2:10:00 PM,9/21/2025 10:10:00 AM,1,PJM-RTO,,,ZONE,,29.610000,29.705732,0.077581,0.018151,True,1
9/21/2025 2:15:00 PM,9/21/2025 10:15:00 AM,1,PJM-RTO,,,ZONE,,32.630000,32.696866,0.040812,0.026053,True,1
9/21/2025 2:20:00 PM,9/21/2025 10:20:00 AM,1,PJM-RTO,,,ZONE,,30.990000,31.073916,0.063930,0.019986,True,1
9/21/2025 2:25:00 PM,9/21/2025 10:25:00 AM,1,PJM-RTO,,,ZONE,,29.960000,30.009026,0.031965,0.017061,True,1
9/21/2025 2:30:00 PM,9/21/2025 10:30:00 AM,1,PJM-RTO,,,ZONE,,38.600000,38.734197,0.108431,0.025766,True,1
9/21/2025 2:35:00 PM,9/21/2025 10:35:00 AM,1,PJM-RTO,,,ZONE,,36.130000,36.219381,0.063684,0.025696,True,1
9/21/2025 2:40:00 PM,9/21/2025 10:40:00 AM,1,PJM-RTO,,,ZONE,,31.690000,31.766099,0.049748,0.026351,True,1
9/21/2025 2:45:00 PM,9/21/2025 10:45:00 AM,1,PJM-RTO,,,ZONE,,30.350000,30.399339,0.026650,0.022690,True,1
9/21/2025 2:50:00 PM,9/21/2025 10:50:00 AM,1,PJM-RTO,,,ZONE,,30.450000,30.513671,0.039345,0.024326,True,1
9/21/2025 2:55:00 PM,9/21/2025 10:55:00 AM,1,PJM-RTO,,,ZONE,,23.810000,23.846137,0.024959,0.011178,True,1
9/21/2025 3:00:00 PM,9/21/2025 11:00:00 AM,1,PJM-RTO,,,ZONE,,22.300000,22.386417,0.071263,0.015154,True,1
9/21/2025 3:05:00 PM,9/21/2025 11:05:00 AM,1,PJM-RTO,,,ZONE,,24.000000,24.082275,0.066736,0.015540,True,1
9/21/2025 3:10:00 PM,9/21/2025 11:10:00 AM,1,PJM-RTO,,,ZONE,,25.400000,25.468544,0.048401,0.020143,True,1
9/21/2025 3:15:00 PM,9/21/2025 11:15:00 AM,1,PJM-RTO,,,ZONE,,26.690000,26.739871,0.026567,0.023304,True,1
9/21/2025 3:20:00 PM,9/21/2025 11:20:00 AM,1,PJM-RTO,,,ZONE,,26.460000,26.492363,0.018390,0.013973,True,1
9/21/2025 3:25:00 PM,9/21/2025 11:25:00 AM,1,PJM-RTO,,,ZONE,,27.340000,27.388044,0.029803,0.018241,True,1
9/21/2025 3:30:00 PM,9/21/2025 11:30:00 AM,1,PJM-RTO,,,ZONE,,33.340000,33.365820,0.000000,0.025820,True,1
9/21/2025 3:35:00 PM,9/21/2025 11:35:00 AM,1,PJM-RTO,,,ZONE,,51.260000,51.289812,0.000000,0.029812,True,1
9/21/2025 3:40:00 PM,9/21/2025 11:40:00 AM,1,PJM-RTO,,,ZONE,,36.870000,36.896629,0.000000,0.026629,True,1
9/21/2025 3:45:00 PM,9/21/2025 11:45:00 AM,1,PJM-RTO,,,ZONE,,41.020000,41.080624,0.034194,0.026430,True,1
9/21/2025 3:50:00 PM,9/21/2025 11:50:00 AM,1,PJM-RTO,,,ZONE,,71.260000,71.408973,0.102035,0.046938,True,1
9/21/2025 3:55:00 PM,9/21/2025 11:55:00 AM,1,PJM-RTO,,,ZONE,,72.770000,72.891331,0.084126,0.037204,True,1
9/21/2025 4:00:00 PM,9/21/2025 12:00:00 PM,1,PJM-RTO,,,ZONE,,30.130000,30.218505,0.069976,0.018529,True,1
9/21/2025 4:05:00 PM,9/21/2025 12:05:00 PM,1,PJM-RTO,,,ZONE,,30.370000,30.448124,0.052490,0.025634,True,1
9/21/2025 4:10:00 PM,9/21/2025 12:10:00 PM,1,PJM-RTO,,,ZONE,,29.990000,30.010851,0.005136,0.015716,True,1
9/21/2025 4:15:00 PM,9/21/2025 12:15:00 PM,1,PJM-RTO,,,ZONE,,31.280000,31.348255,0.041765,0.026490,True,1
9/21/2025 4:20:00 PM,9/21/2025 12:20:00 PM,1,PJM-RTO,,,ZONE,,42.970000,43.068663,0.069321,0.029342,True,1
9/21/2025 4:25:00 PM,9/21/2025 12:25:00 PM,1,PJM-RTO,,,ZONE,,30.560000,30.620613,0.037141,0.023471,True,1
9/21/2025 4:30:00 PM,9/21/2025 12:30:00 PM,1,PJM-RTO,,,ZONE,,45.290000,45.319357,0.000000,0.029357,True,1
9/21/2025 4:35:00 PM,9/21/2025 12:35:00 PM,1,PJM-RTO,,,ZONE,,36.470000,36.514032,0.014806,0.029226,True,1
9/21/2025 4:40:00 PM,9/21/2025 12:40:00 PM,1,PJM-RTO,,,ZONE,,55.000000,55.121479,0.082462,0.039017,True,1
9/21/2025 4:45:00 PM,9/21/2025 12:45:00 PM,1,PJM-RTO,,,ZONE,,141.760000,142.128605,0.274969,0.093636,True,1
9/21/2025 4:50:00 PM,9/21/2025 12:50:00 PM,1,PJM-RTO,,,ZONE,,250.630000,251.267299,0.472664,0.164635,True,1
9/21/2025 4:55:00 PM,9/21/2025 12:55:00 PM,1,PJM-RTO,,,ZONE,,653.610000,655.112588,1.058253,0.444335,True,1
9/21/2025 5:00:00 PM,9/21/2025 1:00:00 PM,1,PJM-RTO,,,ZONE,,253.320000,254.328962,0.843581,0.165381,True,1
9/21/2025 5:05:00 PM,9/21/2025 1:05:00 PM,1,PJM-RTO,,,ZONE,,207.190000,208.009172,0.673897,0.145274,True,1
9/21/2025 5:10:00 PM,9/21/2025 1:10:00 PM,1,PJM-RTO,,,ZONE,,78.690000,78.990630,0.240617,0.060013,True,1
9/21/2025 5:15:00 PM,9/21/2025 1:15:00 PM,1,PJM-RTO,,,ZONE,,33.860000,33.910999,0.033540,0.017458,True,1
9/21/2025 5:20:00 PM,9/21/2025 1:20:00 PM,1,PJM-RTO,,,ZONE,,37.830000,37.895831,0.042909,0.022922,True,1
9/21/2025 5:25:00 PM,9/21/2025 1:25:00 PM,1,PJM-RTO,,,ZONE,,32.570000,32.632976,0.037213,0.025763,True,1
9/21/2025 5:30:00 PM,9/21/2025 1:30:00 PM,1,PJM-RTO,,,ZONE,,34.870000,35.132089,0.238024,0.024065,True,1
9/21/2025 5:35:00 PM,9/21/2025 1:35:00 PM,1,PJM-RTO,,,ZONE,,34.610000,34.661004,0.029103,0.021901,True,1
9/21/2025 5:40:00 PM,9/21/2025 1:40:00 PM,1,PJM-RTO,,,ZONE,,83.020000,83.276020,0.195444,0.060575,True,1
9/21/2025 5:45:00 PM,9/21/2025 1:45:00 PM,1,PJM-RTO,,,ZONE,,35.230000,35.351969,0.103978,0.017991,True,1
9/21/2025 5:50:00 PM,9/21/2025 1:50:00 PM,1,PJM-RTO,,,ZONE,,37.830000,37.949370,0.092174,0.027195,True,1
9/21/2025 5:55:00 PM,9/21/2025 1:55:00 PM,1,PJM-RTO,,,ZONE,,55.180000,55.342323,0.124193,0.038130,True,1
9/21/2025 6:00:00 PM,9/21/2025 2:00:00 PM,1,PJM-RTO,,,ZONE,,70.960000,71.063693,0.070482,0.033211,True,1
9/21/2025 6:05:00 PM,9/21/2025 2:05:00 PM,1,PJM-RTO,,,ZONE,,75.980000,76.082449,0.056065,0.046384,True,1
9/21/2025 6:10:00 PM,9/21/2025 2:10:00 PM,1,PJM-RTO,,,ZONE,,33.200000,33.230990,0.015094,0.015896,True,1
9/21/2025 6:15:00 PM,9/21/2025 2:15:00 PM,1,PJM-RTO,,,ZONE,,78.000000,78.194416,0.148623,0.045793,True,1
9/21/2025 6:20:00 PM,9/21/2025 2:20:00 PM,1,PJM-RTO,,,ZONE,,33.000000,33.037602,0.026171,0.011431,True,1
9/21/2025 6:25:00 PM,9/21/2025 2:25:00 PM,1,PJM-RTO,,,ZONE,,31.360000,31.424608,0.049530,0.015078,True,1
9/21/2025 6:30:00 PM,9/21/2025 2:30:00 PM,1,PJM-RTO,,,ZONE,,71.910000,72.127873,0.175238,0.042636,True,1
9/21/2025 6:35:00 PM,9/21/2025 2:35:00 PM,1,PJM-RTO,,,ZONE,,71.800000,72.054511,0.208556,0.045955,True,1
9/21/2025 6:40:00 PM,9/21/2025 2:40:00 PM,1,PJM-RTO,,,ZONE,,62.960000,63.158826,0.149231,0.049595,True,1
9/21/2025 6:45:00 PM,9/21/2025 2:45:00 PM,1,PJM-RTO,,,ZONE,,78.790000,79.231747,0.378227,0.063520,True,1
9/21/2025 6:50:00 PM,9/21/2025 2:50:00 PM,1,PJM-RTO,,,ZONE,,529.090000,532.069520,2.581241,0.398279,True,1
9/21/2025 6:55:00 PM,9/21/2025 2:55:00 PM,1,PJM-RTO,,,ZONE,,87.340000,87.791275,0.376799,0.074475,True,1
9/21/2025 7:00:00 PM,9/21/2025 3:00:00 PM,1,PJM-RTO,,,ZONE,,250.990000,251.636705,0.503630,0.143075,True,1
9/21/2025 7:05:00 PM,9/21/2025 3:05:00 PM,1,PJM-RTO,,,ZONE,,32.700000,32.768637,0.049571,0.019067,True,1
9/21/2025 7:10:00 PM,9/21/2025 3:10:00 PM,1,PJM-RTO,,,ZONE,,46.560000,46.661910,0.080143,0.021767,True,1
9/21/2025 7:15:00 PM,9/21/2025 3:15:00 PM,1,PJM-RTO,,,ZONE,,54.940000,55.054463,0.088875,0.025588,True,1
9/21/2025 7:20:00 PM,9/21/2025 3:20:00 PM,1,PJM-RTO,,,ZONE,,72.000000,72.202681,0.166419,0.036262,True,1
9/21/2025 7:25:00 PM,9/21/2025 3:25:00 PM,1,PJM-RTO,,,ZONE,,71.940000,72.144158,0.155941,0.048217,True,1
9/21/2025 7:30:00 PM,9/21/2025 3:30:00 PM,1,PJM-RTO,,,ZONE,,42.870000,42.988161,0.085936,0.032224,True,1
9/21/2025 7:35:00 PM,9/21/2025 3:35:00 PM,1,PJM-RTO,,,ZONE,,73.990000,74.210705,0.167572,0.053133,True,1
9/21/2025 7:40:00 PM,9/21/2025 3:40:00 PM,1,PJM-RTO,,,ZONE,,61.470000,61.664657,0.147241,0.047416,True,1
9/21/2025 7:45:00 PM,9/21/2025 3:45:00 PM,1,PJM-RTO,,,ZONE,,37.420000,37.542806,0.098544,0.024262,True,1
9/21/2025 7:50:00 PM,9/21/2025 3:50:00 PM,1,PJM-RTO,,,ZONE,,56.630000,56.801972,0.124571,0.047401,True,1
9/21/2025 7:55:00 PM,9/21/2025 3:55:00 PM,1,PJM-RTO,,,ZONE,,33.780000,33.873237,0.066790,0.026447,True,1
9/21/2025 8:00:00 PM,9/21/2025 4:00:00 PM,1,PJM-RTO,,,ZONE,,34.950000,34.961223,-0.011310,0.022533,True,1
9/21/2025 8:05:00 PM,9/21/2025 4:05:00 PM,1,PJM-RTO,,,ZONE,,34.460000,34.488640,0.005533,0.023107,True,1
9/21/2025 8:10:00 PM,9/21/2025 4:10:00 PM,1,PJM-RTO,,,ZONE,,40.890000,40.919638,0.007785,0.021852,True,1
9/21/2025 8:15:00 PM,9/21/2025 4:15:00 PM,1,PJM-RTO,,,ZONE,,36.160000,36.211430,0.026216,0.025214,True,1
9/21/2025 8:20:00 PM,9/21/2025 4:20:00 PM,1,PJM-RTO,,,ZONE,,31.050000,31.089562,0.025990,0.013572,True,1
9/21/2025 8:25:00 PM,9/21/2025 4:25:00 PM,1,PJM-RTO,,,ZONE,,31.890000,31.945186,0.036884,0.018302,True,1
9/21/2025 8:30:00 PM,9/21/2025 4:30:00 PM,1,PJM-RTO,,,ZONE,,31.490000,31.549351,0.033293,0.026058,True,1
9/21/2025 8:35:00 PM,9/21/2025 4:35:00 PM,1,PJM-RTO,,,ZONE,,31.760000,31.831378,0.047187,0.024191,True,1
9/21/2025 8:40:00 PM,9/21/2025 4:40:00 PM,1,PJM-RTO,,,ZONE,,31.980000,32.059116,0.060079,0.019037,True,1
9/21/2025 8:45:00 PM,9/21/2025 4:45:00 PM,1,PJM-RTO,,,ZONE,,28.210000,28.287040,0.057303,0.019737,True,1
9/21/2025 8:50:00 PM,9/21/2025 4:50:00 PM,1,PJM-RTO,,,ZONE,,30.950000,31.044784,0.066287,0.028498,True,1
9/21/2025 8:55:00 PM,9/21/2025 4:55:00 PM,1,PJM-RTO,,,ZONE,,29.230000,29.320189,0.073103,0.017086,True,1
9/21/2025 9:00:00 PM,9/21/2025 5:00:00 PM,1,PJM-RTO,,,ZONE,,31.890000,31.916794,0.004222,0.022572,True,1
9/21/2025 9:05:00 PM,9/21/2025 5:05:00 PM,1,PJM-RTO,,,ZONE,,27.910000,28.028734,0.100319,0.018415,True,1
9/21/2025 9:10:00 PM,9/21/2025 5:10:00 PM,1,PJM-RTO,,,ZONE,,27.990000,28.028017,0.019832,0.018184,True,1
9/21/2025 9:15:00 PM,9/21/2025 5:15:00 PM,1,PJM-RTO,,,ZONE,,31.470000,31.532703,0.039286,0.023417,True,1
9/21/2025 9:20:00 PM,9/21/2025 5:20:00 PM,1,PJM-RTO,,,ZONE,,28.570000,28.632680,0.041624,0.021055,True,1
9/21/2025 9:25:00 PM,9/21/2025 5:25:00 PM,1,PJM-RTO,,,ZONE,,26.880000,26.938024,0.036713,0.021311,True,1
9/21/2025 9:30:00 PM,9/21/2025 5:30:00 PM,1,PJM-RTO,,,ZONE,,30.360000,30.421621,0.038622,0.023000,True,1
9/21/2025 9:35:00 PM,9/21/2025 5:35:00 PM,1,PJM-RTO,,,ZONE,,45.760000,45.893106,0.106715,0.026391,True,1
9/21/2025 9:40:00 PM,9/21/2025 5:40:00 PM,1,PJM-RTO,,,ZONE,,53.030000,53.155716,0.090764,0.034953,True,1
9/21/2025 9:45:00 PM,9/21/2025 5:45:00 PM,1,PJM-RTO,,,ZONE,,54.840000,54.970088,0.092592,0.037496,True,1
9/21/2025 9:50:00 PM,9/21/2025 5:50:00 PM,1,PJM-RTO,,,ZONE,,55.490000,55.627222,0.094643,0.042579,True,1
9/21/2025 9:55:00 PM,9/21/2025 5:55:00 PM,1,PJM-RTO,,,ZONE,,101.700000,101.966733,0.198266,0.068467,True,1
9/21/2025 10:00:00 PM,9/21/2025 6:00:00 PM,1,PJM-RTO,,,ZONE,,188.630000,188.960522,0.211746,0.118777,True,1
9/21/2025 10:05:00 PM,9/21/2025 6:05:00 PM,1,PJM-RTO,,,ZONE,,72.740000,72.938755,0.157231,0.041525,True,1
9/21/2025 10:10:00 PM,9/21/2025 6:10:00 PM,1,PJM-RTO,,,ZONE,,49.750000,49.884372,0.100473,0.033899,True,1
9/21/2025 10:15:00 PM,9/21/2025 6:15:00 PM,1,PJM-RTO,,,ZONE,,52.790000,52.920866,0.103771,0.027095,True,1
9/21/2025 10:20:00 PM,9/21/2025 6:20:00 PM,1,PJM-RTO,,,ZONE,,55.650000,55.767045,0.080019,0.037026,True,1
9/21/2025 10:25:00 PM,9/21/2025 6:25:00 PM,1,PJM-RTO,,,ZONE,,45.990000,46.080412,0.059476,0.030936,True,1
9/21/2025 10:30:00 PM,9/21/2025 6:30:00 PM,1,PJM-RTO,,,ZONE,,46.750000,46.838219,0.060447,0.027772,True,1
9/21/2025 10:35:00 PM,9/21/2025 6:35:00 PM,1,PJM-RTO,,,ZONE,,50.070000,50.175120,0.073605,0.031516,True,1
9/21/2025 10:40:00 PM,9/21/2025 6:40:00 PM,1,PJM-RTO,,,ZONE,,99.620000,99.863480,0.193759,0.049722,True,1
9/21/2025 10:45:00 PM,9/21/2025 6:45:00 PM,1,PJM-RTO,,,ZONE,,54.680000,54.792123,0.088153,0.023970,True,1
9/21/2025 10:50:00 PM,9/21/2025 6:50:00 PM,1,PJM-RTO,,,ZONE,,82.290000,82.510055,0.174485,0.045571,True,1
9/21/2025 10:55:00 PM,9/21/2025 6:55:00 PM,1,PJM-RTO,,,ZONE,,52.810000,53.021736,0.182597,0.029139,True,1
9/21/2025 11:00:00 PM,9/21/2025 7:00:00 PM,1,PJM-RTO,,,ZONE,,198.310000,198.710095,0.274151,0.125944,True,1
9/21/2025 11:05:00 PM,9/21/2025 7:05:00 PM,1,PJM-RTO,,,ZONE,,123.760000,124.023638,0.191298,0.072339,True,1
9/21/2025 11:10:00 PM,9/21/2025 7:10:00 PM,1,PJM-RTO,,,ZONE,,292.540000,293.192685,0.471825,0.180860,True,1
9/21/2025 11:15:00 PM,9/21/2025 7:15:00 PM,1,PJM-RTO,,,ZONE,,114.200000,114.423072,0.155607,0.067465,True,1
9/21/2025 11:20:00 PM,9/21/2025 7:20:00 PM,1,PJM-RTO,,,ZONE,,299.770000,300.695156,0.746352,0.178804,True,1
9/21/2025 11:25:00 PM,9/21/2025 7:25:00 PM,1,PJM-RTO,,,ZONE,,99.920000,100.232799,0.256231,0.056568,True,1
9/21/2025 11:30:00 PM,9/21/2025 7:30:00 PM,1,PJM-RTO,,,ZONE,,158.370000,158.888988,0.420320,0.098668,True,1
9/21/2025 11:35:00 PM,9/21/2025 7:35:00 PM,1,PJM-RTO,,,ZONE,,141.520000,141.884466,0.283943,0.080523,True,1
9/21/2025 11:40:00 PM,9/21/2025 7:40:00 PM,1,PJM-RTO,,,ZONE,,200.050000,200.462982,0.291089,0.121893,True,1
9/21/2025 11:45:00 PM,9/21/2025 7:45:00 PM,1,PJM-RTO,,,ZONE,,150.020000,150.354543,0.253649,0.080894,True,1
9/21/2025 11:50:00 PM,9/21/2025 7:50:00 PM,1,PJM-RTO,,,ZONE,,54.780000,54.889040,0.078823,0.030218,True,1
9/21/2025 11:55:00 PM,9/21/2025 7:55:00 PM,1,PJM-RTO,,,ZONE,,50.650000,50.756191,0.073609,0.032583,True,1
9/22/2025 12:00:00 AM,9/21/2025 8:00:00 PM,1,PJM-RTO,,,ZONE,,43.050000,43.179846,0.102119,0.027727,True,1
9/22/2025 12:05:00 AM,9/21/2025 8:05:00 PM,1,PJM-RTO,,,ZONE,,43.270000,43.387092,0.090971,0.026121,True,1
9/22/2025 12:10:00 AM,9/21/2025 8:10:00 PM,1,PJM-RTO,,,ZONE,,47.250000,47.342222,0.063849,0.028372,True,1
9/22/2025 12:15:00 AM,9/21/2025 8:15:00 PM,1,PJM-RTO,,,ZONE,,49.920000,50.089322,0.134298,0.035024,True,1
9/22/2025 12:20:00 AM,9/21/2025 8:20:00 PM,1,PJM-RTO,,,ZONE,,50.910000,51.059210,0.123347,0.025862,True,1
9/22/2025 12:25:00 AM,9/21/2025 8:25:00 PM,1,PJM-RTO,,,ZONE,,191.150000,191.812266,0.545107,0.117159,True,1
9/22/2025 12:30:00 AM,9/21/2025 8:30:00 PM,1,PJM-RTO,,,ZONE,,42.250000,42.372486,0.096032,0.026454,True,1
9/22/2025 12:35:00 AM,9/21/2025 8:35:00 PM,1,PJM-RTO,,,ZONE,,42.270000,42.377542,0.084699,0.022843,True,1
9/22/2025 12:40:00 AM,9/21/2025 8:40:00 PM,1,PJM-RTO,,,ZONE,,40.760000,41.006559,0.222984,0.023575,True,1
9/22/2025 12:45:00 AM,9/21/2025 8:45:00 PM,1,PJM-RTO,,,ZONE,,38.840000,38.934847,0.077015,0.017832,True,1
9/22/2025 12:50:00 AM,9/21/2025 8:50:00 PM,1,PJM-RTO,,,ZONE,,40.700000,40.817086,0.091553,0.025533,True,1
9/22/2025 12:55:00 AM,9/21/2025 8:55:00 PM,1,PJM-RTO,,,ZONE,,47.030000,47.184196,0.124568,0.029628,True,1
9/22/2025 1:00:00 AM,9/21/2025 9:00:00 PM,1,PJM-RTO,,,ZONE,,192.370000,193.262237,0.751887,0.140350,True,1
9/22/2025 1:05:00 AM,9/21/2025 9:05:00 PM,1,PJM-RTO,,,ZONE,,150.220000,150.903871,0.586667,0.097204,True,1
9/22/2025 1:10:00 AM,9/21/2025 9:10:00 PM,1,PJM-RTO,,,ZONE,,186.740000,187.674262,0.804040,0.130222,True,1
9/22/2025 1:15:00 AM,9/21/2025 9:15:00 PM,1,PJM-RTO,,,ZONE,,336.340000,337.537936,0.967447,0.230490,True,1
9/22/2025 1:20:00 AM,9/21/2025 9:20:00 PM,1,PJM-RTO,,,ZONE,,429.970000,431.401108,1.153313,0.277795,True,1
9/22/2025 1:25:00 AM,9/21/2025 9:25:00 PM,1,PJM-RTO,,,ZONE,,71.080000,71.346360,0.216869,0.049490,True,1
9/22/2025 1:30:00 AM,9/21/2025 9:30:00 PM,1,PJM-RTO,,,ZONE,,92.250000,92.561761,0.248901,0.062860,True,1
9/22/2025 1:35:00 AM,9/21/2025 9:35:00 PM,1,PJM-RTO,,,ZONE,,42.180000,42.283559,0.075352,0.028208,True,1
9/22/2025 1:40:00 AM,9/21/2025 9:40:00 PM,1,PJM-RTO,,,ZONE,,40.720000,40.838297,0.089861,0.028435,True,1
9/22/2025 1:45:00 AM,9/21/2025 9:45:00 PM,1,PJM-RTO,,,ZONE,,30.550000,30.625982,0.058301,0.017681,True,1
9/22/2025 1:50:00 AM,9/21/2025 9:50:00 PM,1,PJM-RTO,,,ZONE,,31.070000,31.179730,0.089177,0.020553,True,1
9/22/2025 1:55:00 AM,9/21/2025 9:55:00 PM,1,PJM-RTO,,,ZONE,,28.870000,28.950941,0.061196,0.019745,True,1
9/22/2025 2:00:00 AM,9/21/2025 10:00:00 PM,1,PJM-RTO,,,ZONE,,49.950000,50.158523,0.175351,0.033171,True,1
9/22/2025 2:05:00 AM,9/21/2025 10:05:00 PM,1,PJM-RTO,,,ZONE,,43.380000,43.536236,0.124935,0.031301,True,1
9/22/2025 2:10:00 AM,9/21/2025 10:10:00 PM,1,PJM-RTO,,,ZONE,,26.790000,26.877028,0.072256,0.014771,True,1
9/22/2025 2:15:00 AM,9/21/2025 10:15:00 PM,1,PJM-RTO,,,ZONE,,31.730000,31.807221,0.056200,0.021021,True,1
9/22/2025 2:20:00 AM,9/21/2025 10:20:00 PM,1,PJM-RTO,,,ZONE,,23.560000,23.624237,0.045296,0.018941,True,1
9/22/2025 2:25:00 AM,9/21/2025 10:25:00 PM,1,PJM-RTO,,,ZONE,,22.720000,22.780096,0.045941,0.014155,True,1
9/22/2025 2:30:00 AM,9/21/2025 10:30:00 PM,1,PJM-RTO,,,ZONE,,23.400000,23.460207,0.044858,0.015349,True,1
9/22/2025 2:35:00 AM,9/21/2025 10:35:00 PM,1,PJM-RTO,,,ZONE,,21.400000,21.450866,0.034306,0.016560,True,1
9/22/2025 2:40:00 AM,9/21/2025 10:40:00 PM,1,PJM-RTO,,,ZONE,,21.840000,21.896153,0.035467,0.020686,True,1
9/22/2025 2:45:00 AM,9/21/2025 10:45:00 PM,1,PJM-RTO,,,ZONE,,22.930000,22.999620,0.052566,0.017055,True,1
9/22/2025 2:50:00 AM,9/21/2025 10:50:00 PM,1,PJM-RTO,,,ZONE,,22.790000,22.850703,0.044771,0.015932,True,1
9/22/2025 2:55:00 AM,9/21/2025 10:55:00 PM,1,PJM-RTO,,,ZONE,,23.620000,23.674428,0.036542,0.017886,True,1
9/22/2025 3:00:00 AM,9/21/2025 11:00:00 PM,1,PJM-RTO,,,ZONE,,33.720000,33.821667,0.078759,0.022908,True,1
9/22/2025 3:05:00 AM,9/21/2025 11:05:00 PM,1,PJM-RTO,,,ZONE,,24.790000,24.865953,0.057847,0.018106,True,1
9/22/2025 3:10:00 AM,9/21/2025 11:10:00 PM,1,PJM-RTO,,,ZONE,,24.770000,24.847442,0.056744,0.020698,True,1
9/22/2025 3:15:00 AM,9/21/2025 11:15:00 PM,1,PJM-RTO,,,ZONE,,25.080000,25.134224,0.039549,0.014675,True,1
9/22/2025 3:20:00 AM,9/21/2025 11:20:00 PM,1,PJM-RTO,,,ZONE,,23.110000,23.172187,0.042668,0.019519,True,1
9/22/2025 3:25:00 AM,9/21/2025 11:25:00 PM,1,PJM-RTO,,,ZONE,,17.980000,18.022492,0.027694,0.014798,True,1
9/22/2025 3:30:00 AM,9/21/2025 11:30:00 PM,1,PJM-RTO,,,ZONE,,17.560000,17.600009,0.025966,0.014042,True,1
9/22/2025 3:35:00 AM,9/21/2025 11:35:00 PM,1,PJM-RTO,,,ZONE,,18.320000,18.344963,0.015922,0.009041,True,1
9/22/2025 3:40:00 AM,9/21/2025 11:40:00 PM,1,PJM-RTO,,,ZONE,,18.500000,18.539762,0.025977,0.013786,True,1
9/22/2025 3:45:00 AM,9/21/2025 11:45:00 PM,1,PJM-RTO,,,ZONE,,21.730000,21.779306,0.028365,0.020941,True,1
9/22/2025 3:50:00 AM,9/21/2025 11:50:00 PM,1,PJM-RTO,,,ZONE,,22.700000,22.752734,0.033142,0.019592,True,1
9/22/2025 3:55:00 AM,9/21/2025 11:55:00 PM,1,PJM-RTO,,,ZONE,,22.590000,22.638654,0.025919,0.022735,True,1
9/22/2025 4:00:00 AM,9/22/2025 12:00:00 AM,1,PJM-RTO,,,ZONE,,30.580000,30.661474,0.060018,0.021456,True,1
9/22/2025 4:05:00 AM,9/22/2025 12:05:00 AM,1,PJM-RTO,,,ZONE,,37.290000,37.391173,0.079180,0.021993,True,1
9/22/2025 4:10:00 AM,9/22/2025 12:10:00 AM,1,PJM-RTO,,,ZONE,,39.870000,39.940151,0.040073,0.030078,True,1
9/22/2025 4:15:00 AM,9/22/2025 12:15:00 AM,1,PJM-RTO,,,ZONE,,22.180000,22.208683,0.014021,0.014662,True,1
9/22/2025 4:20:00 AM,9/22/2025 12:20:00 AM,1,PJM-RTO,,,ZONE,,54.100000,54.251307,0.113158,0.038149,True,1
9/22/2025 4:25:00 AM,9/22/2025 12:25:00 AM,1,PJM-RTO,,,ZONE,,32.330000,32.397469,0.046056,0.021412,True,1
9/22/2025 4:30:00 AM,9/22/2025 12:30:00 AM,1,PJM-RTO,,,ZONE,,25.420000,25.486919,0.050322,0.016598,True,1
9/22/2025 4:35:00 AM,9/22/2025 12:35:00 AM,1,PJM-RTO,,,ZONE,,24.180000,24.249624,0.051043,0.018581,True,1
9/22/2025 4:40:00 AM,9/22/2025 12:40:00 AM,1,PJM-RTO,,,ZONE,,24.790000,24.854758,0.044520,0.020238,True,1
9/22/2025 4:45:00 AM,9/22/2025 12:45:00 AM,1,PJM-RTO,,,ZONE,,19.030000,19.067170,0.021930,0.015240,True,1
9/22/2025 4:50:00 AM,9/22/2025 12:50:00 AM,1,PJM-RTO,,,ZONE,,19.450000,19.489865,0.025986,0.013879,True,1
9/22/2025 4:55:00 AM,9/22/2025 12:55:00 AM,1,PJM-RTO,,,ZONE,,21.210000,21.251386,0.023837,0.017548,True,1
9/22/2025 5:00:00 AM,9/22/2025 1:00:00 AM,1,PJM-RTO,,,ZONE,,22.740000,22.791611,0.031157,0.020454,True,1
9/22/2025 5:05:00 AM,9/22/2025 1:05:00 AM,1,PJM-RTO,,,ZONE,,24.020000,24.053831,0.019872,0.013959,True,1
9/22/2025 5:10:00 AM,9/22/2025 1:10:00 AM,1,PJM-RTO,,,ZONE,,24.920000,24.986888,0.046450,0.020439,True,1
9/22/2025 5:15:00 AM,9/22/2025 1:15:00 AM,1,PJM-RTO,,,ZONE,,27.290000,27.427881,0.114294,0.023587,True,1
9/22/2025 5:20:00 AM,9/22/2025 1:20:00 AM,1,PJM-RTO,,,ZONE,,53.050000,53.258947,0.166104,0.042843,True,1
9/22/2025 5:25:00 AM,9/22/2025 1:25:00 AM,1,PJM-RTO,,,ZONE,,28.140000,28.231083,0.067093,0.023990,True,1
9/22/2025 5:30:00 AM,9/22/2025 1:30:00 AM,1,PJM-RTO,,,ZONE,,29.430000,29.518373,0.061137,0.027236,True,1
9/22/2025 5:35:00 AM,9/22/2025 1:35:00 AM,1,PJM-RTO,,,ZONE,,26.880000,26.977659,0.080043,0.017616,True,1
9/22/2025 5:40:00 AM,9/22/2025 1:40:00 AM,1,PJM-RTO,,,ZONE,,24.220000,24.291425,0.049183,0.022242,True,1
9/22/2025 5:45:00 AM,9/22/2025 1:45:00 AM,1,PJM-RTO,,,ZONE,,23.000000,23.076254,0.054010,0.022244,True,1
9/22/2025 5:50:00 AM,9/22/2025 1:50:00 AM,1,PJM-RTO,,,ZONE,,23.040000,23.115456,0.061287,0.014169,True,1
9/22/2025 5:55:00 AM,9/22/2025 1:55:00 AM,1,PJM-RTO,,,ZONE,,48.080000,48.309073,0.188573,0.040500,True,1
9/22/2025 6:00:00 AM,9/22/2025 2:00:00 AM,1,PJM-RTO,,,ZONE,,23.110000,23.184024,0.059024,0.015001,True,1
9/22/2025 6:05:00 AM,9/22/2025 2:05:00 AM,1,PJM-RTO,,,ZONE,,29.590000,29.694135,0.082966,0.021169,True,1
9/22/2025 6:10:00 AM,9/22/2025 2:10:00 AM,1,PJM-RTO,,,ZONE,,29.030000,29.122184,0.073260,0.018924,True,1
9/22/2025 6:15:00 AM,9/22/2025 2:15:00 AM,1,PJM-RTO,,,ZONE,,29.450000,29.547735,0.075246,0.022489,True,1
9/22/2025 6:20:00 AM,9/22/2025 2:20:00 AM,1,PJM-RTO,,,ZONE,,22.540000,22.601489,0.045407,0.016082,True,1
9/22/2025 6:25:00 AM,9/22/2025 2:25:00 AM,1,PJM-RTO,,,ZONE,,21.810000,21.872746,0.049678,0.013068,True,1
9/22/2025 6:30:00 AM,9/22/2025 2:30:00 AM,1,PJM-RTO,,,ZONE,,18.030000,18.078275,0.028941,0.019334,True,1
9/22/2025 6:35:00 AM,9/22/2025 2:35:00 AM,1,PJM-RTO,,,ZONE,,23.280000,23.345502,0.053544,0.011958,True,1
9/22/2025 6:40:00 AM,9/22/2025 2:40:00 AM,1,PJM-RTO,,,ZONE,,24.020000,24.103429,0.060610,0.022819,True,1
9/22/2025 6:45:00 AM,9/22/2025 2:45:00 AM,1,PJM-RTO,,,ZONE,,21.260000,21.326310,0.048211,0.018099,True,1
9/22/2025 6:50:00 AM,9/22/2025 2:50:00 AM,1,PJM-RTO,,,ZONE,,17.640000,17.690484,0.036156,0.014328,True,1
9/22/2025 6:55:00 AM,9/22/2025 2:55:00 AM,1,PJM-RTO,,,ZONE,,18.620000,18.663251,0.035485,0.007766,True,1
9/22/2025 7:00:00 AM,9/22/2025 3:00:00 AM,1,PJM-RTO,,,ZONE,,20.320000,20.367730,0.033266,0.014463,True,1
9/22/2025 7:05:00 AM,9/22/2025 3:05:00 AM,1,PJM-RTO,,,ZONE,,18.900000,18.948945,0.033166,0.015779,True,1
9/22/2025 7:10:00 AM,9/22/2025 3:10:00 AM,1,PJM-RTO,,,ZONE,,19.570000,19.625605,0.036351,0.019255,True,1
9/22/2025 7:15:00 AM,9/22/2025 3:15:00 AM,1,PJM-RTO,,,ZONE,,17.270000,17.310335,0.027645,0.012690,True,1
9/22/2025 7:20:00 AM,9/22/2025 3:20:00 AM,1,PJM-RTO,,,ZONE,,16.990000,17.041433,0.037611,0.013822,True,1
9/22/2025 7:25:00 AM,9/22/2025 3:25:00 AM,1,PJM-RTO,,,ZONE,,16.640000,16.683113,0.031161,0.011952,True,1
9/22/2025 7:30:00 AM,9/22/2025 3:30:00 AM,1,PJM-RTO,,,ZONE,,19.570000,19.639355,0.049585,0.019770,True,1
9/22/2025 7:35:00 AM,9/22/2025 3:35:00 AM,1,PJM-RTO,,,ZONE,,17.710000,17.763847,0.036330,0.017517,True,1
9/22/2025 7:40:00 AM,9/22/2025 3:40:00 AM,1,PJM-RTO,,,ZONE,,21.520000,21.596508,0.060510,0.015998,True,1
9/22/2025 7:45:00 AM,9/22/2025 3:45:00 AM,1,PJM-RTO,,,ZONE,,20.560000,20.641710,0.060938,0.020771,True,1
9/22/2025 7:50:00 AM,9/22/2025 3:50:00 AM,1,PJM-RTO,,,ZONE,,23.980000,24.073136,0.076856,0.016280,True,1
9/22/2025 7:55:00 AM,9/22/2025 3:55:00 AM,1,PJM-RTO,,,ZONE,,15.390000,15.422424,0.019073,0.013351,True,1
9/22/2025 8:00:00 AM,9/22/2025 4:00:00 AM,1,PJM-RTO,,,ZONE,,17.670000,17.706605,0.024474,0.012132,True,1
9/22/2025 8:05:00 AM,9/22/2025 4:05:00 AM,1,PJM-RTO,,,ZONE,,18.040000,18.080313,0.031161,0.009152,True,1
9/22/2025 8:10:00 AM,9/22/2025 4:10:00 AM,1,PJM-RTO,,,ZONE,,20.990000,21.037941,0.032439,0.015502,True,1
9/22/2025 8:15:00 AM,9/22/2025 4:15:00 AM,1,PJM-RTO,,,ZONE,,29.860000,29.959079,0.070445,0.028634,True,1
9/22/2025 8:20:00 AM,9/22/2025 4:20:00 AM,1,PJM-RTO,,,ZONE,,22.880000,22.958493,0.064118,0.014375,True,1
9/22/2025 8:25:00 AM,9/22/2025 4:25:00 AM,1,PJM-RTO,,,ZONE,,28.370000,28.482166,0.090426,0.021741,True,1
9/22/2025 8:30:00 AM,9/22/2025 4:30:00 AM,1,PJM-RTO,,,ZONE,,24.720000,24.813080,0.072680,0.020400,True,1
9/22/2025 8:35:00 AM,9/22/2025 4:35:00 AM,1,PJM-RTO,,,ZONE,,146.530000,147.364498,0.732473,0.102026,True,1
9/22/2025 8:40:00 AM,9/22/2025 4:40:00 AM,1,PJM-RTO,,,ZONE,,28.460000,28.572740,0.089802,0.022938,True,1
9/22/2025 8:45:00 AM,9/22/2025 4:45:00 AM,1,PJM-RTO,,,ZONE,,106.500000,107.062414,0.481329,0.081085,True,1
9/22/2025 8:50:00 AM,9/22/2025 4:50:00 AM,1,PJM-RTO,,,ZONE,,29.910000,30.015183,0.082315,0.022868,True,1
9/22/2025 8:55:00 AM,9/22/2025 4:55:00 AM,1,PJM-RTO,,,ZONE,,27.030000,27.121291,0.070949,0.020342,True,1
9/22/2025 9:00:00 AM,9/22/2025 5:00:00 AM,1,PJM-RTO,,,ZONE,,29.610000,29.719822,0.086185,0.023637,True,1
9/22/2025 9:05:00 AM,9/22/2025 5:05:00 AM,1,PJM-RTO,,,ZONE,,72.710000,73.071516,0.301156,0.060360,True,1
9/22/2025 9:10:00 AM,9/22/2025 5:10:00 AM,1,PJM-RTO,,,ZONE,,28.360000,28.466730,0.084584,0.022146,True,1
9/22/2025 9:15:00 AM,9/22/2025 5:15:00 AM,1,PJM-RTO,,,ZONE,,26.730000,26.829541,0.081536,0.018006,True,1
9/22/2025 9:20:00 AM,9/22/2025 5:20:00 AM,1,PJM-RTO,,,ZONE,,27.990000,28.067693,0.058864,0.018829,True,1
9/22/2025 9:25:00 AM,9/22/2025 5:25:00 AM,1,PJM-RTO,,,ZONE,,25.640000,25.712979,0.048202,0.024777,True,1
9/22/2025 9:30:00 AM,9/22/2025 5:30:00 AM,1,PJM-RTO,,,ZONE,,24.470000,24.557454,0.071006,0.016449,True,1
9/22/2025 9:35:00 AM,9/22/2025 5:35:00 AM,1,PJM-RTO,,,ZONE,,23.580000,23.660333,0.059854,0.020480,True,1
9/22/2025 9:40:00 AM,9/22/2025 5:40:00 AM,1,PJM-RTO,,,ZONE,,28.790000,28.897753,0.090344,0.017409,True,1
9/22/2025 9:45:00 AM,9/22/2025 5:45:00 AM,1,PJM-RTO,,,ZONE,,28.150000,28.263849,0.096824,0.017025,True,1
9/22/2025 9:50:00 AM,9/22/2025 5:50:00 AM,1,PJM-RTO,,,ZONE,,42.750000,42.930678,0.151999,0.028679,True,1
9/22/2025 9:55:00 AM,9/22/2025 5:55:00 AM,1,PJM-RTO,,,ZONE,,24.950000,25.079583,0.106508,0.023076,True,1
9/22/2025 10:00:00 AM,9/22/2025 6:00:00 AM,1,PJM-RTO,,,ZONE,,33.020000,33.325339,0.282750,0.022589,True,1
9/22/2025 10:05:00 AM,9/22/2025 6:05:00 AM,1,PJM-RTO,,,ZONE,,26.240000,26.341675,0.081105,0.020570,True,1
9/22/2025 10:10:00 AM,9/22/2025 6:10:00 AM,1,PJM-RTO,,,ZONE,,25.690000,25.799193,0.090425,0.018768,True,1
9/22/2025 10:15:00 AM,9/22/2025 6:15:00 AM,1,PJM-RTO,,,ZONE,,25.000000,25.085211,0.065029,0.020182,True,1
9/22/2025 10:20:00 AM,9/22/2025 6:20:00 AM,1,PJM-RTO,,,ZONE,,26.940000,27.025238,0.066178,0.019060,True,1
9/22/2025 10:25:00 AM,9/22/2025 6:25:00 AM,1,PJM-RTO,,,ZONE,,29.610000,29.708612,0.080893,0.017720,True,1
9/22/2025 10:30:00 AM,9/22/2025 6:30:00 AM,1,PJM-RTO,,,ZONE,,41.270000,41.409943,0.112325,0.027618,True,1
9/22/2025 10:35:00 AM,9/22/2025 6:35:00 AM,1,PJM-RTO,,,ZONE,,36.940000,37.110220,0.142164,0.028057,True,1
9/22/2025 10:40:00 AM,9/22/2025 6:40:00 AM,1,PJM-RTO,,,ZONE,,31.410000,31.512814,0.076183,0.026630,True,1
9/22/2025 10:45:00 AM,9/22/2025 6:45:00 AM,1,PJM-RTO,,,ZONE,,40.720000,40.850935,0.105346,0.025589,True,1
9/22/2025 10:50:00 AM,9/22/2025 6:50:00 AM,1,PJM-RTO,,,ZONE,,49.080000,49.260024,0.138561,0.041463,True,1
9/22/2025 10:55:00 AM,9/22/2025 6:55:00 AM,1,PJM-RTO,,,ZONE,,36.370000,36.538420,0.145630,0.022790,True,1
9/22/2025 11:00:00 AM,9/22/2025 7:00:00 AM,1,PJM-RTO,,,ZONE,,51.730000,51.843540,0.083690,0.029849,True,1
9/22/2025 11:05:00 AM,9/22/2025 7:05:00 AM,1,PJM-RTO,,,ZONE,,50.280000,50.433087,0.116800,0.036287,True,1
9/22/2025 11:10:00 AM,9/22/2025 7:10:00 AM,1,PJM-RTO,,,ZONE,,415.320000,416.886314,1.303746,0.262569,True,1
9/22/2025 11:15:00 AM,9/22/2025 7:15:00 AM,1,PJM-RTO,,,ZONE,,251.920000,252.711591,0.623886,0.167706,True,1
9/22/2025 11:20:00 AM,9/22/2025 7:20:00 AM,1,PJM-RTO,,,ZONE,,516.880000,517.949652,0.728477,0.341175,True,1
9/22/2025 11:25:00 AM,9/22/2025 7:25:00 AM,1,PJM-RTO,,,ZONE,,49.780000,50.131818,0.315305,0.036513,True,1
9/22/2025 11:30:00 AM,9/22/2025 7:30:00 AM,1,PJM-RTO,,,ZONE,,114.780000,115.153227,0.286455,0.086772,True,1
9/22/2025 11:35:00 AM,9/22/2025 7:35:00 AM,1,PJM-RTO,,,ZONE,,44.320000,44.482155,0.121456,0.040699,True,1
9/22/2025 11:40:00 AM,9/22/2025 7:40:00 AM,1,PJM-RTO,,,ZONE,,31.920000,32.003187,0.058074,0.025113,True,1
9/22/2025 11:45:00 AM,9/22/2025 7:45:00 AM,1,PJM-RTO,,,ZONE,,26.210000,26.279015,0.046057,0.022958,True,1
9/22/2025 11:50:00 AM,9/22/2025 7:50:00 AM,1,PJM-RTO,,,ZONE,,30.680000,30.764401,0.058665,0.025736,True,1
9/22/2025 11:55:00 AM,9/22/2025 7:55:00 AM,1,PJM-RTO,,,ZONE,,33.810000,33.882668,0.041032,0.031636,True,1
9/22/2025 12:00:00 PM,9/22/2025 8:00:00 AM,1,PJM-RTO,,,ZONE,,34.380000,34.476969,0.069969,0.027000,True,1
9/22/2025 12:05:00 PM,9/22/2025 8:05:00 AM,1,PJM-RTO,,,ZONE,,39.080000,39.181180,0.078180,0.023000,True,1
9/22/2025 12:10:00 PM,9/22/2025 8:10:00 AM,1,PJM-RTO,,,ZONE,,31.420000,31.480033,0.036383,0.023650,True,1
9/22/2025 12:15:00 PM,9/22/2025 8:15:00 AM,1,PJM-RTO,,,ZONE,,32.000000,32.115472,0.097714,0.017758,True,1
9/22/2025 12:20:00 PM,9/22/2025 8:20:00 AM,1,PJM-RTO,,,ZONE,,31.700000,31.761130,0.042164,0.018966,True,1
9/22/2025 12:25:00 PM,9/22/2025 8:25:00 AM,1,PJM-RTO,,,ZONE,,27.750000,27.992663,0.221203,0.021460,True,1
9/22/2025 12:30:00 PM,9/22/2025 8:30:00 AM,1,PJM-RTO,,,ZONE,,26.310000,26.401947,0.077087,0.014860,True,1
9/22/2025 12:35:00 PM,9/22/2025 8:35:00 AM,1,PJM-RTO,,,ZONE,,26.650000,26.751094,0.081925,0.019169,True,1
9/22/2025 12:40:00 PM,9/22/2025 8:40:00 AM,1,PJM-RTO,,,ZONE,,27.940000,27.985988,0.032458,0.013530,True,1
9/22/2025 12:45:00 PM,9/22/2025 8:45:00 AM,1,PJM-RTO,,,ZONE,,28.090000,28.144361,0.037998,0.016364,True,1
9/22/2025 12:50:00 PM,9/22/2025 8:50:00 AM,1,PJM-RTO,,,ZONE,,26.080000,26.131143,0.032866,0.018277,True,1
9/22/2025 12:55:00 PM,9/22/2025 8:55:00 AM,1,PJM-RTO,,,ZONE,,26.220000,26.271368,0.034503,0.016865,True,1
9/22/2025 1:00:00 PM,9/22/2025 9:00:00 AM,1,PJM-RTO,,,ZONE,,26.570000,26.628824,0.038999,0.019825,True,1
9/22/2025 1:05:00 PM,9/22/2025 9:05:00 AM,1,PJM-RTO,,,ZONE,,40.520000,40.643457,0.093179,0.030278,True,1
9/22/2025 1:10:00 PM,9/22/2025 9:10:00 AM,1,PJM-RTO,,,ZONE,,39.800000,39.912745,0.088671,0.024074,True,1
9/22/2025 1:15:00 PM,9/22/2025 9:15:00 AM,1,PJM-RTO,,,ZONE,,40.550000,40.650465,0.068295,0.032170,True,1
9/22/2025 1:20:00 PM,9/22/2025 9:20:00 AM,1,PJM-RTO,,,ZONE,,139.560000,139.976258,0.311719,0.104539,True,1
9/22/2025 1:25:00 PM,9/22/2025 9:25:00 AM,1,PJM-RTO,,,ZONE,,44.120000,44.240222,0.087418,0.032804,True,1
9/22/2025 1:30:00 PM,9/22/2025 9:30:00 AM,1,PJM-RTO,,,ZONE,,41.210000,41.290958,0.054238,0.026720,True,1
9/22/2025 1:35:00 PM,9/22/2025 9:35:00 AM,1,PJM-RTO,,,ZONE,,38.660000,38.752001,0.068504,0.023497,True,1
9/22/2025 1:40:00 PM,9/22/2025 9:40:00 AM,1,PJM-RTO,,,ZONE,,34.700000,34.762923,0.037381,0.025542,True,1
9/22/2025 1:45:00 PM,9/22/2025 9:45:00 AM,1,PJM-RTO,,,ZONE,,43.700000,43.794569,0.062463,0.032106,True,1
9/22/2025 1:50:00 PM,9/22/2025 9:50:00 AM,1,PJM-RTO,,,ZONE,,36.450000,36.517781,0.042324,0.025457,True,1
9/22/2025 1:55:00 PM,9/22/2025 9:55:00 AM,1,PJM-RTO,,,ZONE,,37.750000,37.796493,0.023342,0.023151,True,1
9/22/2025 2:00:00 PM,9/22/2025 10:00:00 AM,1,PJM-RTO,,,ZONE,,35.510000,35.569696,0.037925,0.021772,True,1
9/22/2025 2:05:00 PM,9/22/2025 10:05:00 AM,1,PJM-RTO,,,ZONE,,35.370000,35.441575,0.045781,0.025795,True,1
9/22/2025 2:10:00 PM,9/22/2025 10:10:00 AM,1,PJM-RTO,,,ZONE,,27.770000,27.821331,0.032000,0.019332,True,1
9/22/2025 2:15:00 PM,9/22/2025 10:15:00 AM,1,PJM-RTO,,,ZONE,,27.710000,27.768067,0.035721,0.022346,True,1
9/22/2025 2:20:00 PM,9/22/2025 10:20:00 AM,1,PJM-RTO,,,ZONE,,24.180000,24.258354,0.063441,0.014913,True,1
9/22/2025 2:25:00 PM,9/22/2025 10:25:00 AM,1,PJM-RTO,,,ZONE,,31.600000,31.662746,0.045763,0.016983,True,1
9/22/2025 2:30:00 PM,9/22/2025 10:30:00 AM,1,PJM-RTO,,,ZONE,,34.360000,34.443916,0.061381,0.022535,True,1
9/22/2025 2:35:00 PM,9/22/2025 10:35:00 AM,1,PJM-RTO,,,ZONE,,38.030000,38.146599,0.087646,0.028952,True,1
9/22/2025 2:40:00 PM,9/22/2025 10:40:00 AM,1,PJM-RTO,,,ZONE,,29.680000,29.734470,0.037535,0.016935,True,1
9/22/2025 2:45:00 PM,9/22/2025 10:45:00 AM,1,PJM-RTO,,,ZONE,,31.490000,31.605122,0.097628,0.017495,True,1
9/22/2025 2:50:00 PM,9/22/2025 10:50:00 AM,1,PJM-RTO,,,ZONE,,29.530000,29.587818,0.034804,0.023014,True,1
9/22/2025 2:55:00 PM,9/22/2025 10:55:00 AM,1,PJM-RTO,,,ZONE,,29.390000,29.452566,0.040323,0.022244,True,1
9/22/2025 3:00:00 PM,9/22/2025 11:00:00 AM,1,PJM-RTO,,,ZONE,,31.480000,31.548288,0.042074,0.026214,True,1
9/22/2025 3:05:00 PM,9/22/2025 11:05:00 AM,1,PJM-RTO,,,ZONE,,29.590000,29.661690,0.052883,0.018808,True,1
9/22/2025 3:10:00 PM,9/22/2025 11:10:00 AM,1,PJM-RTO,,,ZONE,,31.860000,31.933010,0.051839,0.021171,True,1
9/22/2025 3:15:00 PM,9/22/2025 11:15:00 AM,1,PJM-RTO,,,ZONE,,33.020000,33.110579,0.065496,0.025083,True,1
9/22/2025 3:20:00 PM,9/22/2025 11:20:00 AM,1,PJM-RTO,,,ZONE,,32.350000,32.432313,0.058078,0.024236,True,1
9/22/2025 3:25:00 PM,9/22/2025 11:25:00 AM,1,PJM-RTO,,,ZONE,,45.580000,45.671563,0.061921,0.029642,True,1
9/22/2025 3:30:00 PM,9/22/2025 11:30:00 AM,1,PJM-RTO,,,ZONE,,41.280000,41.350603,0.045167,0.025436,True,1
9/22/2025 3:35:00 PM,9/22/2025 11:35:00 AM,1,PJM-RTO,,,ZONE,,43.770000,43.868522,0.065934,0.032588,True,1
9/22/2025 3:40:00 PM,9/22/2025 11:40:00 AM,1,PJM-RTO,,,ZONE,,47.060000,47.122669,0.048609,0.014060,True,1
9/22/2025 3:45:00 PM,9/22/2025 11:45:00 AM,1,PJM-RTO,,,ZONE,,40.830000,40.902138,0.049632,0.022506,True,1
9/22/2025 3:50:00 PM,9/22/2025 11:50:00 AM,1,PJM-RTO,,,ZONE,,33.030000,33.088134,0.037442,0.020692,True,1
9/22/2025 3:55:00 PM,9/22/2025 11:55:00 AM,1,PJM-RTO,,,ZONE,,33.050000,33.139006,0.070221,0.018785,True,1
9/22/2025 4:00:00 PM,9/22/2025 12:00:00 PM,1,PJM-RTO,,,ZONE,,31.480000,31.590037,0.087045,0.022992,True,1
9/22/2025 4:05:00 PM,9/22/2025 12:05:00 PM,1,PJM-RTO,,,ZONE,,33.940000,34.060688,0.093399,0.027290,True,1
9/22/2025 4:10:00 PM,9/22/2025 12:10:00 PM,1,PJM-RTO,,,ZONE,,35.170000,35.293801,0.102804,0.020997,True,1
9/22/2025 4:15:00 PM,9/22/2025 12:15:00 PM,1,PJM-RTO,,,ZONE,,39.680000,39.814791,0.102225,0.032566,True,1
9/22/2025 4:20:00 PM,9/22/2025 12:20:00 PM,1,PJM-RTO,,,ZONE,,42.140000,42.265582,0.092805,0.032777,True,1
9/22/2025 4:25:00 PM,9/22/2025 12:25:00 PM,1,PJM-RTO,,,ZONE,,44.500000,44.640586,0.108768,0.031818,True,1
9/22/2025 4:30:00 PM,9/22/2025 12:30:00 PM,1,PJM-RTO,,,ZONE,,154.800000,155.278014,0.378010,0.100004,True,1
9/22/2025 4:35:00 PM,9/22/2025 12:35:00 PM,1,PJM-RTO,,,ZONE,,198.290000,198.791355,0.389481,0.111874,True,1
9/22/2025 4:40:00 PM,9/22/2025 12:40:00 PM,1,PJM-RTO,,,ZONE,,204.180000,204.574746,0.261089,0.133657,True,1
9/22/2025 4:45:00 PM,9/22/2025 12:45:00 PM,1,PJM-RTO,,,ZONE,,181.830000,182.027679,0.091255,0.106424,True,1
9/22/2025 4:50:00 PM,9/22/2025 12:50:00 PM,1,PJM-RTO,,,ZONE,,191.410000,191.669247,0.138625,0.120621,True,1
9/22/2025 4:55:00 PM,9/22/2025 12:55:00 PM,1,PJM-RTO,,,ZONE,,91.270000,91.306250,-0.013911,0.050161,True,1
9/22/2025 5:00:00 PM,9/22/2025 1:00:00 PM,1,PJM-RTO,,,ZONE,,61.860000,62.103626,0.205641,0.037984,True,1
9/22/2025 5:05:00 PM,9/22/2025 1:05:00 PM,1,PJM-RTO,,,ZONE,,43.170000,43.335244,0.136407,0.028836,True,1
9/22/2025 5:10:00 PM,9/22/2025 1:10:00 PM,1,PJM-RTO,,,ZONE,,42.540000,42.682122,0.121221,0.020901,True,1
9/22/2025 5:15:00 PM,9/22/2025 1:15:00 PM,1,PJM-RTO,,,ZONE,,57.580000,57.770223,0.158308,0.031915,True,1
9/22/2025 5:20:00 PM,9/22/2025 1:20:00 PM,1,PJM-RTO,,,ZONE,,51.900000,52.073121,0.135763,0.037358,True,1
9/22/2025 5:25:00 PM,9/22/2025 1:25:00 PM,1,PJM-RTO,,,ZONE,,37.570000,37.683447,0.093515,0.019932,True,1
9/22/2025 5:30:00 PM,9/22/2025 1:30:00 PM,1,PJM-RTO,,,ZONE,,42.940000,43.065894,0.101197,0.024696,True,1
9/22/2025 5:35:00 PM,9/22/2025 1:35:00 PM,1,PJM-RTO,,,ZONE,,42.760000,42.884234,0.098138,0.026095,True,1
9/22/2025 5:40:00 PM,9/22/2025 1:40:00 PM,1,PJM-RTO,,,ZONE,,43.530000,43.701090,0.142369,0.028721,True,1
9/22/2025 5:45:00 PM,9/22/2025 1:45:00 PM,1,PJM-RTO,,,ZONE,,44.040000,44.132593,0.067130,0.025463,True,1
9/22/2025 5:50:00 PM,9/22/2025 1:50:00 PM,1,PJM-RTO,,,ZONE,,52.210000,52.294955,0.056020,0.028934,True,1
9/22/2025 5:55:00 PM,9/22/2025 1:55:00 PM,1,PJM-RTO,,,ZONE,,51.570000,51.679305,0.072109,0.037196,True,1
9/22/2025 6:00:00 PM,9/22/2025 2:00:00 PM,1,PJM-RTO,,,ZONE,,44.280000,44.365213,0.064362,0.020852,True,1
9/22/2025 6:05:00 PM,9/22/2025 2:05:00 PM,1,PJM-RTO,,,ZONE,,42.580000,42.658612,0.055362,0.023250,True,1
9/22/2025 6:10:00 PM,9/22/2025 2:10:00 PM,1,PJM-RTO,,,ZONE,,38.300000,38.369387,0.047504,0.021883,True,1
9/22/2025 6:15:00 PM,9/22/2025 2:15:00 PM,1,PJM-RTO,,,ZONE,,44.740000,44.851723,0.082457,0.029265,True,1
9/22/2025 6:20:00 PM,9/22/2025 2:20:00 PM,1,PJM-RTO,,,ZONE,,44.330000,44.446485,0.090552,0.025933,True,1
9/22/2025 6:25:00 PM,9/22/2025 2:25:00 PM,1,PJM-RTO,,,ZONE,,44.980000,45.117710,0.113534,0.024176,True,1
9/22/2025 6:30:00 PM,9/22/2025 2:30:00 PM,1,PJM-RTO,,,ZONE,,60.920000,61.135465,0.181136,0.034328,True,1
9/22/2025 6:35:00 PM,9/22/2025 2:35:00 PM,1,PJM-RTO,,,ZONE,,51.060000,51.212612,0.121741,0.030872,True,1
9/22/2025 6:40:00 PM,9/22/2025 2:40:00 PM,1,PJM-RTO,,,ZONE,,37.310000,37.426333,0.088389,0.027944,True,1
9/22/2025 6:45:00 PM,9/22/2025 2:45:00 PM,1,PJM-RTO,,,ZONE,,31.610000,31.715039,0.080455,0.024584,True,1
9/22/2025 6:50:00 PM,9/22/2025 2:50:00 PM,1,PJM-RTO,,,ZONE,,35.370000,35.503157,0.106876,0.026280,True,1
9/22/2025 6:55:00 PM,9/22/2025 2:55:00 PM,1,PJM-RTO,,,ZONE,,35.790000,35.941083,0.124781,0.026302,True,1
9/22/2025 7:00:00 PM,9/22/2025 3:00:00 PM,1,PJM-RTO,,,ZONE,,36.040000,36.130684,0.066834,0.023850,True,1
9/22/2025 7:05:00 PM,9/22/2025 3:05:00 PM,1,PJM-RTO,,,ZONE,,38.020000,38.113336,0.075913,0.017423,True,1
9/22/2025 7:10:00 PM,9/22/2025 3:10:00 PM,1,PJM-RTO,,,ZONE,,44.590000,44.715909,0.094200,0.031709,True,1
9/22/2025 7:15:00 PM,9/22/2025 3:15:00 PM,1,PJM-RTO,,,ZONE,,44.290000,44.427361,0.110363,0.026997,True,1
9/22/2025 7:20:00 PM,9/22/2025 3:20:00 PM,1,PJM-RTO,,,ZONE,,44.290000,44.427361,0.110363,0.026997,True,1
9/22/2025 7:25:00 PM,9/22/2025 3:25:00 PM,1,PJM-RTO,,,ZONE,,44.290000,44.427361,0.110363,0.026997,True,1
9/22/2025 7:30:00 PM,9/22/2025 3:30:00 PM,1,PJM-RTO,,,ZONE,,44.290000,44.427361,0.110363,0.026997,True,1
9/22/2025 7:35:00 PM,9/22/2025 3:35:00 PM,1,PJM-RTO,,,ZONE,,44.290000,44.427361,0.110363,0.026997,True,1
9/22/2025 7:40:00 PM,9/22/2025 3:40:00 PM,1,PJM-RTO,,,ZONE,,44.290000,44.427361,0.110363,0.026997,True,1
9/22/2025 7:45:00 PM,9/22/2025 3:45:00 PM,1,PJM-RTO,,,ZONE,,44.290000,44.427361,0.110363,0.026997,True,1
9/22/2025 7:50:00 PM,9/22/2025 3:50:00 PM,1,PJM-RTO,,,ZONE,,44.290000,44.427361,0.110363,0.026997,True,1
9/22/2025 7:55:00 PM,9/22/2025 3:55:00 PM,1,PJM-RTO,,,ZONE,,44.290000,44.427361,0.110363,0.026997,True,1
9/22/2025 8:00:00 PM,9/22/2025 4:00:00 PM,1,PJM-RTO,,,ZONE,,38.880000,39.017582,0.111099,0.026483,True,1
9/22/2025 8:05:00 PM,9/22/2025 4:05:00 PM,1,PJM-RTO,,,ZONE,,32.120000,32.238357,0.098763,0.019594,True,1
9/22/2025 8:10:00 PM,9/22/2025 4:10:00 PM,1,PJM-RTO,,,ZONE,,38.430000,38.604006,0.155246,0.018760,True,1
9/22/2025 8:15:00 PM,9/22/2025 4:15:00 PM,1,PJM-RTO,,,ZONE,,41.360000,41.549276,0.164072,0.025204,True,1
9/22/2025 8:20:00 PM,9/22/2025 4:20:00 PM,1,PJM-RTO,,,ZONE,,40.630000,40.786492,0.133995,0.022497,True,1
9/22/2025 8:25:00 PM,9/22/2025 4:25:00 PM,1,PJM-RTO,,,ZONE,,47.180000,47.398991,0.183922,0.035068,True,1
9/22/2025 8:30:00 PM,9/22/2025 4:30:00 PM,1,PJM-RTO,,,ZONE,,55.030000,55.276427,0.214838,0.031590,True,1
9/22/2025 8:35:00 PM,9/22/2025 4:35:00 PM,1,PJM-RTO,,,ZONE,,45.400000,45.623627,0.190225,0.033402,True,1
9/22/2025 8:40:00 PM,9/22/2025 4:40:00 PM,1,PJM-RTO,,,ZONE,,47.110000,47.317922,0.181754,0.026168,True,1
9/22/2025 8:45:00 PM,9/22/2025 4:45:00 PM,1,PJM-RTO,,,ZONE,,49.360000,49.639677,0.243797,0.035880,True,1
9/22/2025 8:50:00 PM,9/22/2025 4:50:00 PM,1,PJM-RTO,,,ZONE,,48.360000,48.589305,0.203119,0.026186,True,1
9/22/2025 8:55:00 PM,9/22/2025 4:55:00 PM,1,PJM-RTO,,,ZONE,,46.110000,46.388180,0.248807,0.029373,True,1
9/22/2025 9:00:00 PM,9/22/2025 5:00:00 PM,1,PJM-RTO,,,ZONE,,50.970000,51.279850,0.280360,0.029490,True,1
9/22/2025 9:05:00 PM,9/22/2025 5:05:00 PM,1,PJM-RTO,,,ZONE,,61.540000,61.882274,0.306591,0.035684,True,1
9/22/2025 9:10:00 PM,9/22/2025 5:10:00 PM,1,PJM-RTO,,,ZONE,,83.700000,84.109273,0.359524,0.049749,True,1
9/22/2025 9:15:00 PM,9/22/2025 5:15:00 PM,1,PJM-RTO,,,ZONE,,63.210000,63.553286,0.301542,0.041744,True,1
9/22/2025 9:20:00 PM,9/22/2025 5:20:00 PM,1,PJM-RTO,,,ZONE,,61.700000,62.028068,0.292121,0.035947,True,1
9/22/2025 9:25:00 PM,9/22/2025 5:25:00 PM,1,PJM-RTO,,,ZONE,,55.370000,55.577552,0.166044,0.041509,True,1
9/22/2025 9:30:00 PM,9/22/2025 5:30:00 PM,1,PJM-RTO,,,ZONE,,61.840000,62.127557,0.250472,0.037086,True,1
9/22/2025 9:35:00 PM,9/22/2025 5:35:00 PM,1,PJM-RTO,,,ZONE,,66.420000,66.649585,0.192070,0.037515,True,1
9/22/2025 9:40:00 PM,9/22/2025 5:40:00 PM,1,PJM-RTO,,,ZONE,,60.250000,60.439861,0.152488,0.037372,True,1
9/22/2025 9:45:00 PM,9/22/2025 5:45:00 PM,1,PJM-RTO,,,ZONE,,61.610000,61.812421,0.163480,0.038941,True,1
9/22/2025 9:50:00 PM,9/22/2025 5:50:00 PM,1,PJM-RTO,,,ZONE,,68.980000,69.226574,0.205037,0.041537,True,1
9/22/2025 9:55:00 PM,9/22/2025 5:55:00 PM,1,PJM-RTO,,,ZONE,,56.600000,56.836444,0.205589,0.030856,True,1
9/22/2025 10:00:00 PM,9/22/2025 6:00:00 PM,1,PJM-RTO,,,ZONE,,54.130000,54.073349,-0.086103,0.029451,True,1
9/22/2025 10:05:00 PM,9/22/2025 6:05:00 PM,1,PJM-RTO,,,ZONE,,76.930000,77.057841,0.094236,0.033605,True,1
9/22/2025 10:10:00 PM,9/22/2025 6:10:00 PM,1,PJM-RTO,,,ZONE,,75.420000,75.558410,0.102985,0.035425,True,1
9/22/2025 10:15:00 PM,9/22/2025 6:15:00 PM,1,PJM-RTO,,,ZONE,,48.160000,48.324835,0.141560,0.023275,True,1
9/22/2025 10:20:00 PM,9/22/2025 6:20:00 PM,1,PJM-RTO,,,ZONE,,62.790000,63.045672,0.221807,0.033865,True,1
9/22/2025 10:25:00 PM,9/22/2025 6:25:00 PM,1,PJM-RTO,,,ZONE,,54.960000,55.176129,0.176036,0.040092,True,1
9/22/2025 10:30:00 PM,9/22/2025 6:30:00 PM,1,PJM-RTO,,,ZONE,,54.600000,54.841202,0.205007,0.036196,True,1
9/22/2025 10:35:00 PM,9/22/2025 6:35:00 PM,1,PJM-RTO,,,ZONE,,55.880000,56.149751,0.237264,0.032487,True,1
9/22/2025 10:40:00 PM,9/22/2025 6:40:00 PM,1,PJM-RTO,,,ZONE,,76.250000,76.625483,0.323713,0.051770,True,1
9/22/2025 10:45:00 PM,9/22/2025 6:45:00 PM,1,PJM-RTO,,,ZONE,,78.020000,78.382429,0.306057,0.056372,True,1
9/22/2025 10:50:00 PM,9/22/2025 6:50:00 PM,1,PJM-RTO,,,ZONE,,82.860000,83.243346,0.329358,0.053988,True,1
9/22/2025 10:55:00 PM,9/22/2025 6:55:00 PM,1,PJM-RTO,,,ZONE,,75.290000,75.775310,0.436527,0.048783,True,1
9/22/2025 11:00:00 PM,9/22/2025 7:00:00 PM,1,PJM-RTO,,,ZONE,,93.150000,93.425520,0.219377,0.056143,True,1
9/22/2025 11:05:00 PM,9/22/2025 7:05:00 PM,1,PJM-RTO,,,ZONE,,61.640000,61.896294,0.217217,0.039076,True,1
9/22/2025 11:10:00 PM,9/22/2025 7:10:00 PM,1,PJM-RTO,,,ZONE,,57.280000,57.522277,0.200292,0.041985,True,1
9/22/2025 11:15:00 PM,9/22/2025 7:15:00 PM,1,PJM-RTO,,,ZONE,,187.460000,188.023907,0.455621,0.108287,True,1
9/22/2025 11:20:00 PM,9/22/2025 7:20:00 PM,1,PJM-RTO,,,ZONE,,88.020000,88.469928,0.399995,0.049933,True,1
9/22/2025 11:25:00 PM,9/22/2025 7:25:00 PM,1,PJM-RTO,,,ZONE,,166.880000,167.595654,0.617185,0.098469,True,1
9/22/2025 11:30:00 PM,9/22/2025 7:30:00 PM,1,PJM-RTO,,,ZONE,,197.010000,197.731285,0.593017,0.128267,True,1
9/22/2025 11:35:00 PM,9/22/2025 7:35:00 PM,1,PJM-RTO,,,ZONE,,174.410000,175.117142,0.602690,0.104453,True,1
9/22/2025 11:40:00 PM,9/22/2025 7:40:00 PM,1,PJM-RTO,,,ZONE,,172.780000,173.506977,0.609971,0.117006,True,1
9/22/2025 11:45:00 PM,9/22/2025 7:45:00 PM,1,PJM-RTO,,,ZONE,,168.630000,169.339396,0.611593,0.097803,True,1
9/22/2025 11:50:00 PM,9/22/2025 7:50:00 PM,1,PJM-RTO,,,ZONE,,193.090000,193.799675,0.595491,0.114183,True,1
9/22/2025 11:55:00 PM,9/22/2025 7:55:00 PM,1,PJM-RTO,,,ZONE,,207.900000,208.609014,0.574697,0.134317,True,1
9/23/2025 12:00:00 AM,9/22/2025 8:00:00 PM,1,PJM-RTO,,,ZONE,,143.300000,143.950907,0.555430,0.095477,True,1
9/23/2025 12:05:00 AM,9/22/2025 8:05:00 PM,1,PJM-RTO,,,ZONE,,192.850000,193.873875,0.918097,0.105778,True,1
9/23/2025 12:10:00 AM,9/22/2025 8:10:00 PM,1,PJM-RTO,,,ZONE,,176.720000,177.460734,0.635001,0.105733,True,1
9/23/2025 12:15:00 AM,9/22/2025 8:15:00 PM,1,PJM-RTO,,,ZONE,,80.430000,80.851537,0.376263,0.045274,True,1
9/23/2025 12:20:00 AM,9/22/2025 8:20:00 PM,1,PJM-RTO,,,ZONE,,68.600000,68.944009,0.304598,0.039411,True,1
9/23/2025 12:25:00 AM,9/22/2025 8:25:00 PM,1,PJM-RTO,,,ZONE,,47.710000,47.666431,-0.072687,0.029117,True,1
9/23/2025 12:30:00 AM,9/22/2025 8:30:00 PM,1,PJM-RTO,,,ZONE,,45.590000,45.610926,-0.007683,0.028609,True,1
9/23/2025 12:35:00 AM,9/22/2025 8:35:00 PM,1,PJM-RTO,,,ZONE,,43.060000,43.136190,0.052510,0.023681,True,1
9/23/2025 12:40:00 AM,9/22/2025 8:40:00 PM,1,PJM-RTO,,,ZONE,,42.800000,42.870119,0.045792,0.024327,True,1
9/23/2025 12:45:00 AM,9/22/2025 8:45:00 PM,1,PJM-RTO,,,ZONE,,37.550000,37.598122,0.028307,0.019814,True,1
9/23/2025 12:50:00 AM,9/22/2025 8:50:00 PM,1,PJM-RTO,,,ZONE,,36.060000,36.134129,0.048741,0.025388,True,1
9/23/2025 12:55:00 AM,9/22/2025 8:55:00 PM,1,PJM-RTO,,,ZONE,,71.540000,71.747073,0.164944,0.042129,True,1
9/23/2025 1:00:00 AM,9/22/2025 9:00:00 PM,1,PJM-RTO,,,ZONE,,46.880000,46.958369,0.054578,0.023791,True,1
9/23/2025 1:05:00 AM,9/22/2025 9:05:00 PM,1,PJM-RTO,,,ZONE,,49.960000,49.895608,-0.095550,0.031158,True,1
9/23/2025 1:10:00 AM,9/22/2025 9:10:00 PM,1,PJM-RTO,,,ZONE,,48.980000,48.899750,-0.104045,0.023795,True,1
9/23/2025 1:15:00 AM,9/22/2025 9:15:00 PM,1,PJM-RTO,,,ZONE,,71.260000,71.175372,-0.126653,0.042024,True,1
9/23/2025 1:20:00 AM,9/22/2025 9:20:00 PM,1,PJM-RTO,,,ZONE,,42.190000,42.256454,0.040637,0.025817,True,1
9/23/2025 1:25:00 AM,9/22/2025 9:25:00 PM,1,PJM-RTO,,,ZONE,,53.010000,53.090434,0.048843,0.031591,True,1
9/23/2025 1:30:00 AM,9/22/2025 9:30:00 PM,1,PJM-RTO,,,ZONE,,32.930000,32.977662,0.024519,0.023143,True,1
9/23/2025 1:35:00 AM,9/22/2025 9:35:00 PM,1,PJM-RTO,,,ZONE,,30.260000,30.309370,0.027775,0.021596,True,1
9/23/2025 1:40:00 AM,9/22/2025 9:40:00 PM,1,PJM-RTO,,,ZONE,,25.140000,25.196378,0.036361,0.020017,True,1
9/23/2025 1:45:00 AM,9/22/2025 9:45:00 PM,1,PJM-RTO,,,ZONE,,24.260000,24.312049,0.039936,0.012113,True,1
9/23/2025 1:50:00 AM,9/22/2025 9:50:00 PM,1,PJM-RTO,,,ZONE,,30.830000,30.889509,0.045751,0.013758,True,1
9/23/2025 1:55:00 AM,9/22/2025 9:55:00 PM,1,PJM-RTO,,,ZONE,,32.430000,32.485096,0.040470,0.014626,True,1
9/23/2025 2:00:00 AM,9/22/2025 10:00:00 PM,1,PJM-RTO,,,ZONE,,26.460000,26.513046,0.033372,0.019674,True,1
9/23/2025 2:05:00 AM,9/22/2025 10:05:00 PM,1,PJM-RTO,,,ZONE,,37.120000,37.180042,0.042234,0.017808,True,1
9/23/2025 2:10:00 AM,9/22/2025 10:10:00 PM,1,PJM-RTO,,,ZONE,,38.130000,38.202305,0.048817,0.023488,True,1
9/23/2025 2:15:00 AM,9/22/2025 10:15:00 PM,1,PJM-RTO,,,ZONE,,25.280000,25.306086,0.012453,0.013633,True,1
9/23/2025 2:20:00 AM,9/22/2025 10:20:00 PM,1,PJM-RTO,,,ZONE,,30.180000,30.210382,0.010258,0.020124,True,1
9/23/2025 2:25:00 AM,9/22/2025 10:25:00 PM,1,PJM-RTO,,,ZONE,,23.210000,23.244177,0.013779,0.020398,True,1
9/23/2025 2:30:00 AM,9/22/2025 10:30:00 PM,1,PJM-RTO,,,ZONE,,23.370000,23.380652,-0.003903,0.014554,True,1
9/23/2025 2:35:00 AM,9/22/2025 10:35:00 PM,1,PJM-RTO,,,ZONE,,24.730000,24.754187,0.012938,0.011249,True,1
9/23/2025 2:40:00 AM,9/22/2025 10:40:00 PM,1,PJM-RTO,,,ZONE,,28.470000,28.505487,0.019210,0.016277,True,1
9/23/2025 2:45:00 AM,9/22/2025 10:45:00 PM,1,PJM-RTO,,,ZONE,,26.790000,26.821824,0.019158,0.012666,True,1
9/23/2025 2:50:00 AM,9/22/2025 10:50:00 PM,1,PJM-RTO,,,ZONE,,28.960000,29.019400,0.037930,0.021470,True,1
9/23/2025 2:55:00 AM,9/22/2025 10:55:00 PM,1,PJM-RTO,,,ZONE,,30.380000,30.434108,0.032737,0.021371,True,1
9/23/2025 3:00:00 AM,9/22/2025 11:00:00 PM,1,PJM-RTO,,,ZONE,,27.350000,27.411481,0.038893,0.022589,True,1
9/23/2025 3:05:00 AM,9/22/2025 11:05:00 PM,1,PJM-RTO,,,ZONE,,31.290000,31.373365,0.055655,0.027710,True,1
9/23/2025 3:10:00 AM,9/22/2025 11:10:00 PM,1,PJM-RTO,,,ZONE,,25.010000,25.051514,0.026895,0.014619,True,1
9/23/2025 3:15:00 AM,9/22/2025 11:15:00 PM,1,PJM-RTO,,,ZONE,,44.230000,44.295407,0.030970,0.034437,True,1
9/23/2025 3:20:00 AM,9/22/2025 11:20:00 PM,1,PJM-RTO,,,ZONE,,26.040000,26.105909,0.051299,0.014610,True,1
9/23/2025 3:25:00 AM,9/22/2025 11:25:00 PM,1,PJM-RTO,,,ZONE,,26.720000,26.768049,0.029910,0.018139,True,1
9/23/2025 3:30:00 AM,9/22/2025 11:30:00 PM,1,PJM-RTO,,,ZONE,,30.680000,30.740044,0.033018,0.027026,True,1
9/23/2025 3:35:00 AM,9/22/2025 11:35:00 PM,1,PJM-RTO,,,ZONE,,28.250000,28.308318,0.037859,0.020459,True,1
9/23/2025 3:40:00 AM,9/22/2025 11:40:00 PM,1,PJM-RTO,,,ZONE,,30.720000,30.790775,0.049864,0.020910,True,1
9/23/2025 3:45:00 AM,9/22/2025 11:45:00 PM,1,PJM-RTO,,,ZONE,,70.690000,71.008421,0.272553,0.045869,True,1
9/23/2025 3:50:00 AM,9/22/2025 11:50:00 PM,1,PJM-RTO,,,ZONE,,111.160000,111.719686,0.488686,0.071000,True,1
9/23/2025 3:55:00 AM,9/22/2025 11:55:00 PM,1,PJM-RTO,,,ZONE,,49.010000,49.135410,0.095009,0.030401,True,1
9/23/2025 4:00:00 AM,9/23/2025 12:00:00 AM,1,PJM-RTO,,,ZONE,,226.020000,226.794562,0.607423,0.167139,True,1
9/23/2025 4:05:00 AM,9/23/2025 12:05:00 AM,1,PJM-RTO,,,ZONE,,116.320000,116.828159,0.417174,0.090985,True,1
9/23/2025 4:10:00 AM,9/23/2025 12:10:00 AM,1,PJM-RTO,,,ZONE,,117.220000,117.733475,0.426031,0.087444,True,1
9/23/2025 4:15:00 AM,9/23/2025 12:15:00 AM,1,PJM-RTO,,,ZONE,,32.110000,32.243289,0.106054,0.027234,True,1
9/23/2025 4:20:00 AM,9/23/2025 12:20:00 AM,1,PJM-RTO,,,ZONE,,34.100000,34.157742,0.032127,0.025615,True,1
9/23/2025 4:25:00 AM,9/23/2025 12:25:00 AM,1,PJM-RTO,,,ZONE,,29.440000,29.516573,0.057001,0.019572,True,1
9/23/2025 4:30:00 AM,9/23/2025 12:30:00 AM,1,PJM-RTO,,,ZONE,,22.730000,22.759829,0.009081,0.020748,True,1
9/23/2025 4:35:00 AM,9/23/2025 12:35:00 AM,1,PJM-RTO,,,ZONE,,21.460000,21.483353,0.002796,0.020557,True,1
9/23/2025 4:40:00 AM,9/23/2025 12:40:00 AM,1,PJM-RTO,,,ZONE,,21.110000,21.123182,0.002184,0.010998,True,1
9/23/2025 4:45:00 AM,9/23/2025 12:45:00 AM,1,PJM-RTO,,,ZONE,,27.110000,27.129339,0.003326,0.016013,True,1
9/23/2025 4:50:00 AM,9/23/2025 12:50:00 AM,1,PJM-RTO,,,ZONE,,27.100000,27.119047,0.002157,0.016891,True,1
9/23/2025 4:55:00 AM,9/23/2025 12:55:00 AM,1,PJM-RTO,,,ZONE,,11.240000,11.252097,0.000165,0.011932,True,1
9/23/2025 5:00:00 AM,9/23/2025 1:00:00 AM,1,PJM-RTO,,,ZONE,,19.500000,19.515634,0.003472,0.012162,True,1
9/23/2025 5:05:00 AM,9/23/2025 1:05:00 AM,1,PJM-RTO,,,ZONE,,22.760000,22.780954,0.003542,0.017412,True,1
9/23/2025 5:10:00 AM,9/23/2025 1:10:00 AM,1,PJM-RTO,,,ZONE,,17.960000,17.971563,0.001474,0.010089,True,1
9/23/2025 5:15:00 AM,9/23/2025 1:15:00 AM,1,PJM-RTO,,,ZONE,,18.920000,18.931870,0.001282,0.010588,True,1
9/23/2025 5:20:00 AM,9/23/2025 1:20:00 AM,1,PJM-RTO,,,ZONE,,18.240000,18.251173,-0.000287,0.011459,True,1
9/23/2025 5:25:00 AM,9/23/2025 1:25:00 AM,1,PJM-RTO,,,ZONE,,19.910000,19.923119,0.000134,0.012985,True,1
9/23/2025 5:30:00 AM,9/23/2025 1:30:00 AM,1,PJM-RTO,,,ZONE,,19.860000,19.873173,0.002898,0.010275,True,1
9/23/2025 5:35:00 AM,9/23/2025 1:35:00 AM,1,PJM-RTO,,,ZONE,,17.560000,17.583378,0.011651,0.011727,True,1
9/23/2025 5:40:00 AM,9/23/2025 1:40:00 AM,1,PJM-RTO,,,ZONE,,19.950000,19.963581,0.003504,0.010077,True,1
9/23/2025 5:45:00 AM,9/23/2025 1:45:00 AM,1,PJM-RTO,,,ZONE,,19.360000,19.371783,0.001039,0.010744,True,1
9/23/2025 5:50:00 AM,9/23/2025 1:50:00 AM,1,PJM-RTO,,,ZONE,,18.820000,18.839872,0.007459,0.012413,True,1
9/23/2025 5:55:00 AM,9/23/2025 1:55:00 AM,1,PJM-RTO,,,ZONE,,28.370000,28.408035,0.012777,0.025257,True,1
9/23/2025 6:00:00 AM,9/23/2025 2:00:00 AM,1,PJM-RTO,,,ZONE,,24.640000,24.663633,0.003093,0.020539,True,1
9/23/2025 6:05:00 AM,9/23/2025 2:05:00 AM,1,PJM-RTO,,,ZONE,,23.740000,23.765045,0.002734,0.022311,True,1
9/23/2025 6:10:00 AM,9/23/2025 2:10:00 AM,1,PJM-RTO,,,ZONE,,21.150000,21.185916,0.023198,0.012719,True,1
9/23/2025 6:15:00 AM,9/23/2025 2:15:00 AM,1,PJM-RTO,,,ZONE,,22.050000,22.082261,0.017194,0.015066,True,1
9/23/2025 6:20:00 AM,9/23/2025 2:20:00 AM,1,PJM-RTO,,,ZONE,,20.570000,20.604816,0.018276,0.016540,True,1
9/23/2025 6:25:00 AM,9/23/2025 2:25:00 AM,1,PJM-RTO,,,ZONE,,21.130000,21.143650,0.002127,0.011523,True,1
9/23/2025 6:30:00 AM,9/23/2025 2:30:00 AM,1,PJM-RTO,,,ZONE,,20.750000,20.771055,0.001986,0.019069,True,1
9/23/2025 6:35:00 AM,9/23/2025 2:35:00 AM,1,PJM-RTO,,,ZONE,,20.910000,20.926210,0.000806,0.015405,True,1
9/23/2025 6:40:00 AM,9/23/2025 2:40:00 AM,1,PJM-RTO,,,ZONE,,22.590000,22.617152,0.007994,0.019158,True,1
9/23/2025 6:45:00 AM,9/23/2025 2:45:00 AM,1,PJM-RTO,,,ZONE,,20.730000,20.754320,0.008666,0.015654,True,1
9/23/2025 6:50:00 AM,9/23/2025 2:50:00 AM,1,PJM-RTO,,,ZONE,,21.070000,21.101117,0.013394,0.017723,True,1
9/23/2025 6:55:00 AM,9/23/2025 2:55:00 AM,1,PJM-RTO,,,ZONE,,19.940000,19.945884,-0.007780,0.013664,True,1
9/23/2025 7:00:00 AM,9/23/2025 3:00:00 AM,1,PJM-RTO,,,ZONE,,19.420000,19.434353,0.000323,0.014031,True,1
9/23/2025 7:05:00 AM,9/23/2025 3:05:00 AM,1,PJM-RTO,,,ZONE,,17.490000,17.503314,0.005266,0.008048,True,1
9/23/2025 7:10:00 AM,9/23/2025 3:10:00 AM,1,PJM-RTO,,,ZONE,,18.070000,18.083254,0.001214,0.012040,True,1
9/23/2025 7:15:00 AM,9/23/2025 3:15:00 AM,1,PJM-RTO,,,ZONE,,19.850000,19.866049,0.004809,0.011240,True,1
9/23/2025 7:20:00 AM,9/23/2025 3:20:00 AM,1,PJM-RTO,,,ZONE,,18.600000,18.634495,0.022305,0.012190,True,1
9/23/2025 7:25:00 AM,9/23/2025 3:25:00 AM,1,PJM-RTO,,,ZONE,,18.400000,18.418319,0.005117,0.013202,True,1
9/23/2025 7:30:00 AM,9/23/2025 3:30:00 AM,1,PJM-RTO,,,ZONE,,20.640000,20.669452,0.011469,0.017983,True,1
9/23/2025 7:35:00 AM,9/23/2025 3:35:00 AM,1,PJM-RTO,,,ZONE,,18.320000,18.330254,0.001037,0.009217,True,1
9/23/2025 7:40:00 AM,9/23/2025 3:40:00 AM,1,PJM-RTO,,,ZONE,,18.680000,18.693121,0.002712,0.010409,True,1
9/23/2025 7:45:00 AM,9/23/2025 3:45:00 AM,1,PJM-RTO,,,ZONE,,19.040000,19.055082,0.000829,0.014252,True,1
9/23/2025 7:50:00 AM,9/23/2025 3:50:00 AM,1,PJM-RTO,,,ZONE,,18.920000,18.931483,0.001859,0.009624,True,1
9/23/2025 7:55:00 AM,9/23/2025 3:55:00 AM,1,PJM-RTO,,,ZONE,,18.940000,18.949944,0.002939,0.007006,True,1
9/23/2025 8:00:00 AM,9/23/2025 4:00:00 AM,1,PJM-RTO,,,ZONE,,19.000000,19.018616,0.000803,0.017813,True,1
9/23/2025 8:05:00 AM,9/23/2025 4:05:00 AM,1,PJM-RTO,,,ZONE,,23.940000,23.899727,-0.057197,0.016924,True,1
9/23/2025 8:10:00 AM,9/23/2025 4:10:00 AM,1,PJM-RTO,,,ZONE,,22.900000,22.921329,0.005753,0.015576,True,1
9/23/2025 8:15:00 AM,9/23/2025 4:15:00 AM,1,PJM-RTO,,,ZONE,,26.370000,26.395586,0.013300,0.012286,True,1
9/23/2025 8:20:00 AM,9/23/2025 4:20:00 AM,1,PJM-RTO,,,ZONE,,28.110000,28.156778,0.031700,0.015078,True,1
9/23/2025 8:25:00 AM,9/23/2025 4:25:00 AM,1,PJM-RTO,,,ZONE,,27.890000,27.937101,0.029884,0.017216,True,1
9/23/2025 8:30:00 AM,9/23/2025 4:30:00 AM,1,PJM-RTO,,,ZONE,,25.950000,25.987014,0.014712,0.022302,True,1
9/23/2025 8:35:00 AM,9/23/2025 4:35:00 AM,1,PJM-RTO,,,ZONE,,27.750000,27.779327,0.011752,0.017575,True,1
9/23/2025 8:40:00 AM,9/23/2025 4:40:00 AM,1,PJM-RTO,,,ZONE,,21.910000,21.940765,0.015615,0.015150,True,1
9/23/2025 8:45:00 AM,9/23/2025 4:45:00 AM,1,PJM-RTO,,,ZONE,,19.060000,19.078189,0.008794,0.009394,True,1
9/23/2025 8:50:00 AM,9/23/2025 4:50:00 AM,1,PJM-RTO,,,ZONE,,19.520000,19.544619,0.007815,0.016804,True,1
9/23/2025 8:55:00 AM,9/23/2025 4:55:00 AM,1,PJM-RTO,,,ZONE,,17.110000,17.120130,0.002770,0.007360,True,1
9/23/2025 9:00:00 AM,9/23/2025 5:00:00 AM,1,PJM-RTO,,,ZONE,,19.480000,19.508396,0.014424,0.013972,True,1
9/23/2025 9:05:00 AM,9/23/2025 5:05:00 AM,1,PJM-RTO,,,ZONE,,22.290000,22.332264,0.026784,0.015480,True,1
9/23/2025 9:10:00 AM,9/23/2025 5:10:00 AM,1,PJM-RTO,,,ZONE,,21.520000,21.552925,0.012847,0.020078,True,1
9/23/2025 9:15:00 AM,9/23/2025 5:15:00 AM,1,PJM-RTO,,,ZONE,,21.050000,21.075238,0.012983,0.012255,True,1
9/23/2025 9:20:00 AM,9/23/2025 5:20:00 AM,1,PJM-RTO,,,ZONE,,20.840000,20.872538,0.015108,0.017431,True,1
9/23/2025 9:25:00 AM,9/23/2025 5:25:00 AM,1,PJM-RTO,,,ZONE,,23.420000,23.380986,-0.052720,0.013706,True,1
9/23/2025 9:30:00 AM,9/23/2025 5:30:00 AM,1,PJM-RTO,,,ZONE,,26.080000,26.117964,0.018148,0.019816,True,1
9/23/2025 9:35:00 AM,9/23/2025 5:35:00 AM,1,PJM-RTO,,,ZONE,,29.360000,29.339037,-0.041193,0.020231,True,1
9/23/2025 9:40:00 AM,9/23/2025 5:40:00 AM,1,PJM-RTO,,,ZONE,,26.110000,26.160422,0.035132,0.015290,True,1
9/23/2025 9:45:00 AM,9/23/2025 5:45:00 AM,1,PJM-RTO,,,ZONE,,27.370000,27.434600,0.049491,0.015109,True,1
9/23/2025 9:50:00 AM,9/23/2025 5:50:00 AM,1,PJM-RTO,,,ZONE,,25.350000,25.395001,0.032775,0.012226,True,1
9/23/2025 9:55:00 AM,9/23/2025 5:55:00 AM,1,PJM-RTO,,,ZONE,,24.830000,24.862232,0.016241,0.015991,True,1
9/23/2025 10:00:00 AM,9/23/2025 6:00:00 AM,1,PJM-RTO,,,ZONE,,25.660000,25.696726,0.018045,0.018680,True,1
9/23/2025 10:05:00 AM,9/23/2025 6:05:00 AM,1,PJM-RTO,,,ZONE,,26.240000,26.345825,0.083028,0.022798,True,1
9/23/2025 10:10:00 AM,9/23/2025 6:10:00 AM,1,PJM-RTO,,,ZONE,,23.080000,23.107588,0.008167,0.019422,True,1
9/23/2025 10:15:00 AM,9/23/2025 6:15:00 AM,1,PJM-RTO,,,ZONE,,33.360000,33.502801,0.116486,0.026315,True,1
9/23/2025 10:20:00 AM,9/23/2025 6:20:00 AM,1,PJM-RTO,,,ZONE,,28.050000,28.196040,0.126869,0.019172,True,1
9/23/2025 10:25:00 AM,9/23/2025 6:25:00 AM,1,PJM-RTO,,,ZONE,,27.640000,27.607923,-0.050450,0.018373,True,1
9/23/2025 10:30:00 AM,9/23/2025 6:30:00 AM,1,PJM-RTO,,,ZONE,,25.580000,25.573734,-0.026966,0.020700,True,1
9/23/2025 10:35:00 AM,9/23/2025 6:35:00 AM,1,PJM-RTO,,,ZONE,,28.410000,28.445348,0.019072,0.016277,True,1
9/23/2025 10:40:00 AM,9/23/2025 6:40:00 AM,1,PJM-RTO,,,ZONE,,27.090000,27.124034,0.015034,0.018999,True,1
9/23/2025 10:45:00 AM,9/23/2025 6:45:00 AM,1,PJM-RTO,,,ZONE,,36.240000,36.321737,0.061216,0.020521,True,1
9/23/2025 10:50:00 AM,9/23/2025 6:50:00 AM,1,PJM-RTO,,,ZONE,,28.450000,28.485547,0.013121,0.022426,True,1
9/23/2025 10:55:00 AM,9/23/2025 6:55:00 AM,1,PJM-RTO,,,ZONE,,26.140000,26.187774,0.029574,0.018200,True,1
9/23/2025 11:00:00 AM,9/23/2025 7:00:00 AM,1,PJM-RTO,,,ZONE,,27.960000,27.987295,0.012353,0.014943,True,1
9/23/2025 11:05:00 AM,9/23/2025 7:05:00 AM,1,PJM-RTO,,,ZONE,,25.930000,25.941883,0.001961,0.009922,True,1
9/23/2025 11:10:00 AM,9/23/2025 7:10:00 AM,1,PJM-RTO,,,ZONE,,26.650000,26.662956,0.001911,0.011045,True,1
9/23/2025 11:15:00 AM,9/23/2025 7:15:00 AM,1,PJM-RTO,,,ZONE,,34.860000,35.353258,0.479314,0.013944,True,1
9/23/2025 11:20:00 AM,9/23/2025 7:20:00 AM,1,PJM-RTO,,,ZONE,,27.050000,27.074944,0.006316,0.018629,True,1
9/23/2025 11:25:00 AM,9/23/2025 7:25:00 AM,1,PJM-RTO,,,ZONE,,25.760000,25.796077,0.014835,0.021242,True,1
9/23/2025 11:30:00 AM,9/23/2025 7:30:00 AM,1,PJM-RTO,,,ZONE,,24.500000,24.531567,0.010554,0.021013,True,1
9/23/2025 11:35:00 AM,9/23/2025 7:35:00 AM,1,PJM-RTO,,,ZONE,,22.640000,22.659401,0.007323,0.012078,True,1
9/23/2025 11:40:00 AM,9/23/2025 7:40:00 AM,1,PJM-RTO,,,ZONE,,25.060000,25.089750,0.014189,0.015560,True,1
9/23/2025 11:45:00 AM,9/23/2025 7:45:00 AM,1,PJM-RTO,,,ZONE,,24.100000,24.083683,-0.038766,0.022449,True,1
9/23/2025 11:50:00 AM,9/23/2025 7:50:00 AM,1,PJM-RTO,,,ZONE,,28.320000,28.385032,0.039791,0.025240,True,1
9/23/2025 11:55:00 AM,9/23/2025 7:55:00 AM,1,PJM-RTO,,,ZONE,,37.230000,37.303639,0.039524,0.034115,True,1
9/23/2025 12:00:00 PM,9/23/2025 8:00:00 AM,1,PJM-RTO,,,ZONE,,39.620000,39.337522,-0.308858,0.026380,True,1
9/23/2025 12:05:00 PM,9/23/2025 8:05:00 AM,1,PJM-RTO,,,ZONE,,28.090000,28.112071,0.002982,0.019088,True,1
9/23/2025 12:10:00 PM,9/23/2025 8:10:00 AM,1,PJM-RTO,,,ZONE,,49.930000,50.010167,0.047416,0.032751,True,1
9/23/2025 12:15:00 PM,9/23/2025 8:15:00 AM,1,PJM-RTO,,,ZONE,,65.360000,65.417201,0.014130,0.043070,True,1
9/23/2025 12:20:00 PM,9/23/2025 8:20:00 AM,1,PJM-RTO,,,ZONE,,32.870000,32.904981,0.011902,0.023079,True,1
9/23/2025 12:25:00 PM,9/23/2025 8:25:00 AM,1,PJM-RTO,,,ZONE,,33.780000,33.822340,0.021788,0.020552,True,1
9/23/2025 12:30:00 PM,9/23/2025 8:30:00 AM,1,PJM-RTO,,,ZONE,,28.510000,28.543081,0.012135,0.020946,True,1
9/23/2025 12:35:00 PM,9/23/2025 8:35:00 AM,1,PJM-RTO,,,ZONE,,32.770000,32.798581,0.007366,0.021214,True,1
9/23/2025 12:40:00 PM,9/23/2025 8:40:00 AM,1,PJM-RTO,,,ZONE,,28.260000,28.272991,-0.002905,0.015896,True,1
9/23/2025 12:45:00 PM,9/23/2025 8:45:00 AM,1,PJM-RTO,,,ZONE,,28.200000,28.226718,0.011733,0.014984,True,1
9/23/2025 12:50:00 PM,9/23/2025 8:50:00 AM,1,PJM-RTO,,,ZONE,,29.100000,29.122339,0.005351,0.016987,True,1
9/23/2025 12:55:00 PM,9/23/2025 8:55:00 AM,1,PJM-RTO,,,ZONE,,28.200000,28.195287,-0.020944,0.016231,True,1
9/23/2025 1:00:00 PM,9/23/2025 9:00:00 AM,1,PJM-RTO,,,ZONE,,25.930000,25.882672,-0.070390,0.023062,True,1
9/23/2025 1:05:00 PM,9/23/2025 9:05:00 AM,1,PJM-RTO,,,ZONE,,26.410000,26.370117,-0.059421,0.019538,True,1
9/23/2025 1:10:00 PM,9/23/2025 9:10:00 AM,1,PJM-RTO,,,ZONE,,27.690000,27.634188,-0.075396,0.019584,True,1
9/23/2025 1:15:00 PM,9/23/2025 9:15:00 AM,1,PJM-RTO,,,ZONE,,28.450000,28.432162,-0.033256,0.015418,True,1
9/23/2025 1:20:00 PM,9/23/2025 9:20:00 AM,1,PJM-RTO,,,ZONE,,25.640000,25.637137,-0.019636,0.016773,True,1
9/23/2025 1:25:00 PM,9/23/2025 9:25:00 AM,1,PJM-RTO,,,ZONE,,25.620000,25.649850,0.014428,0.015422,True,1
9/23/2025 1:30:00 PM,9/23/2025 9:30:00 AM,1,PJM-RTO,,,ZONE,,31.670000,31.714413,0.028446,0.015966,True,1
9/23/2025 1:35:00 PM,9/23/2025 9:35:00 AM,1,PJM-RTO,,,ZONE,,29.980000,30.018023,0.020035,0.017988,True,1
9/23/2025 1:40:00 PM,9/23/2025 9:40:00 AM,1,PJM-RTO,,,ZONE,,26.840000,26.874422,0.013556,0.020866,True,1
9/23/2025 1:45:00 PM,9/23/2025 9:45:00 AM,1,PJM-RTO,,,ZONE,,47.520000,47.631876,0.084242,0.027634,True,1
9/23/2025 1:50:00 PM,9/23/2025 9:50:00 AM,1,PJM-RTO,,,ZONE,,33.750000,33.811604,0.038888,0.022715,True,1
9/23/2025 1:55:00 PM,9/23/2025 9:55:00 AM,1,PJM-RTO,,,ZONE,,30.920000,30.970231,0.029907,0.020324,True,1
9/23/2025 2:00:00 PM,9/23/2025 10:00:00 AM,1,PJM-RTO,,,ZONE,,35.010000,35.092463,0.059087,0.023376,True,1
9/23/2025 2:05:00 PM,9/23/2025 10:05:00 AM,1,PJM-RTO,,,ZONE,,34.290000,34.370118,0.057661,0.022456,True,1
9/23/2025 2:10:00 PM,9/23/2025 10:10:00 AM,1,PJM-RTO,,,ZONE,,51.200000,51.373894,0.135640,0.038254,True,1
9/23/2025 2:15:00 PM,9/23/2025 10:15:00 AM,1,PJM-RTO,,,ZONE,,32.280000,32.341415,0.034714,0.026701,True,1
9/23/2025 2:20:00 PM,9/23/2025 10:20:00 AM,1,PJM-RTO,,,ZONE,,23.230000,23.262938,0.015213,0.017725,True,1
9/23/2025 2:25:00 PM,9/23/2025 10:25:00 AM,1,PJM-RTO,,,ZONE,,27.820000,27.864135,0.023815,0.020320,True,1
9/23/2025 2:30:00 PM,9/23/2025 10:30:00 AM,1,PJM-RTO,,,ZONE,,23.300000,23.324747,0.012415,0.012332,True,1
9/23/2025 2:35:00 PM,9/23/2025 10:35:00 AM,1,PJM-RTO,,,ZONE,,26.290000,26.326748,0.017182,0.019566,True,1
9/23/2025 2:40:00 PM,9/23/2025 10:40:00 AM,1,PJM-RTO,,,ZONE,,19.260000,19.269844,0.000919,0.008926,True,1
9/23/2025 2:45:00 PM,9/23/2025 10:45:00 AM,1,PJM-RTO,,,ZONE,,24.960000,24.989960,0.011764,0.018195,True,1
9/23/2025 2:50:00 PM,9/23/2025 10:50:00 AM,1,PJM-RTO,,,ZONE,,30.200000,30.239286,0.018068,0.021218,True,1
9/23/2025 2:55:00 PM,9/23/2025 10:55:00 AM,1,PJM-RTO,,,ZONE,,27.830000,27.852910,0.006288,0.016622,True,1
9/23/2025 3:00:00 PM,9/23/2025 11:00:00 AM,1,PJM-RTO,,,ZONE,,28.070000,28.112060,0.024987,0.017073,True,1
9/23/2025 3:05:00 PM,9/23/2025 11:05:00 AM,1,PJM-RTO,,,ZONE,,27.070000,27.101444,0.014021,0.017423,True,1
9/23/2025 3:10:00 PM,9/23/2025 11:10:00 AM,1,PJM-RTO,,,ZONE,,31.610000,31.655858,0.022952,0.022906,True,1
9/23/2025 3:15:00 PM,9/23/2025 11:15:00 AM,1,PJM-RTO,,,ZONE,,33.360000,33.424804,0.042842,0.021961,True,1
9/23/2025 3:20:00 PM,9/23/2025 11:20:00 AM,1,PJM-RTO,,,ZONE,,32.940000,33.017657,0.061684,0.015973,True,1
9/23/2025 3:25:00 PM,9/23/2025 11:25:00 AM,1,PJM-RTO,,,ZONE,,36.870000,36.956610,0.066731,0.019880,True,1
9/23/2025 3:30:00 PM,9/23/2025 11:30:00 AM,1,PJM-RTO,,,ZONE,,53.380000,53.566842,0.148139,0.038704,True,1
9/23/2025 3:35:00 PM,9/23/2025 11:35:00 AM,1,PJM-RTO,,,ZONE,,41.420000,41.536162,0.086369,0.029793,True,1
9/23/2025 3:40:00 PM,9/23/2025 11:40:00 AM,1,PJM-RTO,,,ZONE,,33.650000,33.733090,0.056900,0.026189,True,1
9/23/2025 3:45:00 PM,9/23/2025 11:45:00 AM,1,PJM-RTO,,,ZONE,,33.500000,33.581471,0.064935,0.016536,True,1
9/23/2025 3:50:00 PM,9/23/2025 11:50:00 AM,1,PJM-RTO,,,ZONE,,32.330000,32.430816,0.085206,0.015610,True,1
9/23/2025 3:55:00 PM,9/23/2025 11:55:00 AM,1,PJM-RTO,,,ZONE,,34.200000,34.286163,0.066133,0.020030,True,1
9/23/2025 4:00:00 PM,9/23/2025 12:00:00 PM,1,PJM-RTO,,,ZONE,,31.700000,31.754290,0.038102,0.016188,True,1
9/23/2025 4:05:00 PM,9/23/2025 12:05:00 PM,1,PJM-RTO,,,ZONE,,32.100000,32.168200,0.043664,0.024536,True,1
9/23/2025 4:10:00 PM,9/23/2025 12:10:00 PM,1,PJM-RTO,,,ZONE,,31.830000,31.899114,0.045419,0.023696,True,1
9/23/2025 4:15:00 PM,9/23/2025 12:15:00 PM,1,PJM-RTO,,,ZONE,,31.550000,31.624409,0.047705,0.026704,True,1
9/23/2025 4:20:00 PM,9/23/2025 12:20:00 PM,1,PJM-RTO,,,ZONE,,36.400000,36.477827,0.057921,0.019906,True,1
9/23/2025 4:25:00 PM,9/23/2025 12:25:00 PM,1,PJM-RTO,,,ZONE,,34.880000,34.946781,0.045244,0.021536,True,1
9/23/2025 4:30:00 PM,9/23/2025 12:30:00 PM,1,PJM-RTO,,,ZONE,,34.190000,34.267464,0.051606,0.025858,True,1
9/23/2025 4:35:00 PM,9/23/2025 12:35:00 PM,1,PJM-RTO,,,ZONE,,40.110000,40.212084,0.076226,0.025859,True,1
9/23/2025 4:40:00 PM,9/23/2025 12:40:00 PM,1,PJM-RTO,,,ZONE,,32.840000,32.930349,0.070800,0.019549,True,1
9/23/2025 4:45:00 PM,9/23/2025 12:45:00 PM,1,PJM-RTO,,,ZONE,,33.140000,33.117411,-0.038513,0.015924,True,1
9/23/2025 4:50:00 PM,9/23/2025 12:50:00 PM,1,PJM-RTO,,,ZONE,,31.800000,31.893400,0.066261,0.027138,True,1
9/23/2025 4:55:00 PM,9/23/2025 12:55:00 PM,1,PJM-RTO,,,ZONE,,75.160000,75.403807,0.194863,0.048944,True,1
9/23/2025 5:00:00 PM,9/23/2025 1:00:00 PM,1,PJM-RTO,,,ZONE,,33.970000,34.000641,0.011354,0.019287,True,1
9/23/2025 5:05:00 PM,9/23/2025 1:05:00 PM,1,PJM-RTO,,,ZONE,,34.360000,34.405800,0.020906,0.024894,True,1
9/23/2025 5:10:00 PM,9/23/2025 1:10:00 PM,1,PJM-RTO,,,ZONE,,34.540000,34.583880,0.021131,0.022749,True,1
9/23/2025 5:15:00 PM,9/23/2025 1:15:00 PM,1,PJM-RTO,,,ZONE,,33.810000,33.845163,0.014900,0.020263,True,1
9/23/2025 5:20:00 PM,9/23/2025 1:20:00 PM,1,PJM-RTO,,,ZONE,,39.080000,39.127858,0.025867,0.021991,True,1
9/23/2025 5:25:00 PM,9/23/2025 1:25:00 PM,1,PJM-RTO,,,ZONE,,41.200000,41.307886,0.086869,0.021017,True,1
9/23/2025 5:30:00 PM,9/23/2025 1:30:00 PM,1,PJM-RTO,,,ZONE,,39.440000,39.534712,0.070348,0.024364,True,1
9/23/2025 5:35:00 PM,9/23/2025 1:35:00 PM,1,PJM-RTO,,,ZONE,,61.010000,61.274189,0.237473,0.026716,True,1
9/23/2025 5:40:00 PM,9/23/2025 1:40:00 PM,1,PJM-RTO,,,ZONE,,43.750000,44.016097,0.237852,0.028245,True,1
9/23/2025 5:45:00 PM,9/23/2025 1:45:00 PM,1,PJM-RTO,,,ZONE,,43.160000,43.362412,0.176968,0.025443,True,1
9/23/2025 5:50:00 PM,9/23/2025 1:50:00 PM,1,PJM-RTO,,,ZONE,,51.990000,52.282070,0.255589,0.036481,True,1
9/23/2025 5:55:00 PM,9/23/2025 1:55:00 PM,1,PJM-RTO,,,ZONE,,55.520000,55.849991,0.288837,0.041154,True,1
9/23/2025 6:00:00 PM,9/23/2025 2:00:00 PM,1,PJM-RTO,,,ZONE,,39.440000,39.483719,0.024690,0.019028,True,1
9/23/2025 6:05:00 PM,9/23/2025 2:05:00 PM,1,PJM-RTO,,,ZONE,,58.660000,58.792256,0.092335,0.039920,True,1
9/23/2025 6:10:00 PM,9/23/2025 2:10:00 PM,1,PJM-RTO,,,ZONE,,56.110000,56.185105,0.041879,0.033225,True,1
9/23/2025 6:15:00 PM,9/23/2025 2:15:00 PM,1,PJM-RTO,,,ZONE,,57.070000,57.146809,0.034198,0.042611,True,1
9/23/2025 6:20:00 PM,9/23/2025 2:20:00 PM,1,PJM-RTO,,,ZONE,,112.160000,112.404120,0.166414,0.077706,True,1
9/23/2025 6:25:00 PM,9/23/2025 2:25:00 PM,1,PJM-RTO,,,ZONE,,126.980000,127.246573,0.194021,0.072552,True,1
9/23/2025 6:30:00 PM,9/23/2025 2:30:00 PM,1,PJM-RTO,,,ZONE,,57.320000,57.447657,0.097291,0.030366,True,1
9/23/2025 6:35:00 PM,9/23/2025 2:35:00 PM,1,PJM-RTO,,,ZONE,,60.990000,61.169319,0.145634,0.033685,True,1
9/23/2025 6:40:00 PM,9/23/2025 2:40:00 PM,1,PJM-RTO,,,ZONE,,53.880000,54.049661,0.146274,0.023387,True,1
9/23/2025 6:45:00 PM,9/23/2025 2:45:00 PM,1,PJM-RTO,,,ZONE,,64.100000,64.323523,0.177854,0.045668,True,1
9/23/2025 6:50:00 PM,9/23/2025 2:50:00 PM,1,PJM-RTO,,,ZONE,,57.490000,57.692734,0.167041,0.035693,True,1
9/23/2025 6:55:00 PM,9/23/2025 2:55:00 PM,1,PJM-RTO,,,ZONE,,58.300000,58.529431,0.184018,0.045414,True,1
9/23/2025 7:00:00 PM,9/23/2025 3:00:00 PM,1,PJM-RTO,,,ZONE,,150.870000,150.926658,-0.063052,0.119710,True,1
9/23/2025 7:05:00 PM,9/23/2025 3:05:00 PM,1,PJM-RTO,,,ZONE,,100.510000,100.635891,0.044415,0.081476,True,1
9/23/2025 7:10:00 PM,9/23/2025 3:10:00 PM,1,PJM-RTO,,,ZONE,,128.050000,128.202527,0.058538,0.093989,True,1
9/23/2025 7:15:00 PM,9/23/2025 3:15:00 PM,1,PJM-RTO,,,ZONE,,71.620000,71.717718,0.046341,0.051377,True,1
9/23/2025 7:20:00 PM,9/23/2025 3:20:00 PM,1,PJM-RTO,,,ZONE,,49.060000,49.131902,0.042306,0.029597,True,1
9/23/2025 7:25:00 PM,9/23/2025 3:25:00 PM,1,PJM-RTO,,,ZONE,,72.420000,72.603682,0.142384,0.041298,True,1
9/23/2025 7:30:00 PM,9/23/2025 3:30:00 PM,1,PJM-RTO,,,ZONE,,63.570000,63.688733,0.080820,0.037914,True,1
9/23/2025 7:35:00 PM,9/23/2025 3:35:00 PM,1,PJM-RTO,,,ZONE,,57.930000,58.084425,0.118500,0.035925,True,1
9/23/2025 7:40:00 PM,9/23/2025 3:40:00 PM,1,PJM-RTO,,,ZONE,,79.900000,80.149010,0.198788,0.050222,True,1
9/23/2025 7:45:00 PM,9/23/2025 3:45:00 PM,1,PJM-RTO,,,ZONE,,57.060000,57.219976,0.121204,0.038772,True,1
9/23/2025 7:50:00 PM,9/23/2025 3:50:00 PM,1,PJM-RTO,,,ZONE,,64.080000,64.331579,0.212842,0.038737,True,1
9/23/2025 7:55:00 PM,9/23/2025 3:55:00 PM,1,PJM-RTO,,,ZONE,,41.020000,41.169592,0.131247,0.018344,True,1
9/23/2025 8:00:00 PM,9/23/2025 4:00:00 PM,1,PJM-RTO,,,ZONE,,42.730000,42.790148,0.034159,0.025989,True,1
9/23/2025 8:05:00 PM,9/23/2025 4:05:00 PM,1,PJM-RTO,,,ZONE,,54.560000,54.620406,0.019200,0.041205,True,1
9/23/2025 8:10:00 PM,9/23/2025 4:10:00 PM,1,PJM-RTO,,,ZONE,,36.490000,36.529536,0.016922,0.022614,True,1
9/23/2025 8:15:00 PM,9/23/2025 4:15:00 PM,1,PJM-RTO,,,ZONE,,38.260000,38.286449,0.004337,0.022112,True,1
9/23/2025 8:20:00 PM,9/23/2025 4:20:00 PM,1,PJM-RTO,,,ZONE,,46.810000,46.900113,0.061120,0.028993,True,1
9/23/2025 8:25:00 PM,9/23/2025 4:25:00 PM,1,PJM-RTO,,,ZONE,,104.940000,105.382548,0.373064,0.069484,True,1
9/23/2025 8:30:00 PM,9/23/2025 4:30:00 PM,1,PJM-RTO,,,ZONE,,89.480000,89.847287,0.323011,0.044276,True,1
9/23/2025 8:35:00 PM,9/23/2025 4:35:00 PM,1,PJM-RTO,,,ZONE,,90.260000,90.664551,0.344306,0.060245,True,1
9/23/2025 8:40:00 PM,9/23/2025 4:40:00 PM,1,PJM-RTO,,,ZONE,,118.570000,119.142163,0.474647,0.097516,True,1
9/23/2025 8:45:00 PM,9/23/2025 4:45:00 PM,1,PJM-RTO,,,ZONE,,108.100000,108.722183,0.544078,0.078105,True,1
9/23/2025 8:50:00 PM,9/23/2025 4:50:00 PM,1,PJM-RTO,,,ZONE,,70.140000,70.321445,0.135426,0.046019,True,1
9/23/2025 8:55:00 PM,9/23/2025 4:55:00 PM,1,PJM-RTO,,,ZONE,,48.160000,48.306188,0.117792,0.028396,True,1
9/23/2025 9:00:00 PM,9/23/2025 5:00:00 PM,1,PJM-RTO,,,ZONE,,40.280000,40.353096,0.039659,0.033437,True,1
9/23/2025 9:05:00 PM,9/23/2025 5:05:00 PM,1,PJM-RTO,,,ZONE,,45.430000,45.511741,0.053860,0.027881,True,1
9/23/2025 9:10:00 PM,9/23/2025 5:10:00 PM,1,PJM-RTO,,,ZONE,,43.630000,43.719525,0.061501,0.028024,True,1
9/23/2025 9:15:00 PM,9/23/2025 5:15:00 PM,1,PJM-RTO,,,ZONE,,44.010000,44.215195,0.170414,0.034781,True,1
9/23/2025 9:20:00 PM,9/23/2025 5:20:00 PM,1,PJM-RTO,,,ZONE,,45.170000,45.280408,0.086685,0.023723,True,1
9/23/2025 9:25:00 PM,9/23/2025 5:25:00 PM,1,PJM-RTO,,,ZONE,,64.310000,64.650648,0.305693,0.034955,True,1
9/23/2025 9:30:00 PM,9/23/2025 5:30:00 PM,1,PJM-RTO,,,ZONE,,59.490000,59.780593,0.256241,0.034352,True,1
9/23/2025 9:35:00 PM,9/23/2025 5:35:00 PM,1,PJM-RTO,,,ZONE,,60.220000,60.506560,0.250609,0.035951,True,1
9/23/2025 9:40:00 PM,9/23/2025 5:40:00 PM,1,PJM-RTO,,,ZONE,,65.570000,65.887711,0.270204,0.047507,True,1
9/23/2025 9:45:00 PM,9/23/2025 5:45:00 PM,1,PJM-RTO,,,ZONE,,70.450000,70.791077,0.294290,0.046787,True,1
9/23/2025 9:50:00 PM,9/23/2025 5:50:00 PM,1,PJM-RTO,,,ZONE,,172.280000,172.950656,0.555763,0.114894,True,1
9/23/2025 9:55:00 PM,9/23/2025 5:55:00 PM,1,PJM-RTO,,,ZONE,,63.280000,63.709946,0.386159,0.043786,True,1
9/23/2025 10:00:00 PM,9/23/2025 6:00:00 PM,1,PJM-RTO,,,ZONE,,66.010000,66.350579,0.283851,0.056728,True,1
9/23/2025 10:05:00 PM,9/23/2025 6:05:00 PM,1,PJM-RTO,,,ZONE,,77.380000,77.568084,0.136404,0.051680,True,1
9/23/2025 10:10:00 PM,9/23/2025 6:10:00 PM,1,PJM-RTO,,,ZONE,,60.580000,60.730362,0.104493,0.045868,True,1
9/23/2025 10:15:00 PM,9/23/2025 6:15:00 PM,1,PJM-RTO,,,ZONE,,62.210000,62.340537,0.087306,0.043230,True,1
9/23/2025 10:20:00 PM,9/23/2025 6:20:00 PM,1,PJM-RTO,,,ZONE,,64.710000,64.916907,0.160610,0.046297,True,1
9/23/2025 10:25:00 PM,9/23/2025 6:25:00 PM,1,PJM-RTO,,,ZONE,,60.980000,61.068055,0.057387,0.030668,True,1
9/23/2025 10:30:00 PM,9/23/2025 6:30:00 PM,1,PJM-RTO,,,ZONE,,63.330000,63.414638,0.051853,0.032784,True,1
9/23/2025 10:35:00 PM,9/23/2025 6:35:00 PM,1,PJM-RTO,,,ZONE,,53.590000,53.744605,0.116525,0.038080,True,1
9/23/2025 10:40:00 PM,9/23/2025 6:40:00 PM,1,PJM-RTO,,,ZONE,,65.410000,65.590473,0.135135,0.045338,True,1
9/23/2025 10:45:00 PM,9/23/2025 6:45:00 PM,1,PJM-RTO,,,ZONE,,59.230000,59.413863,0.146506,0.037357,True,1
9/23/2025 10:50:00 PM,9/23/2025 6:50:00 PM,1,PJM-RTO,,,ZONE,,70.540000,70.785416,0.193091,0.052325,True,1
9/23/2025 10:55:00 PM,9/23/2025 6:55:00 PM,1,PJM-RTO,,,ZONE,,117.050000,117.326404,0.200241,0.076163,True,1
9/23/2025 11:00:00 PM,9/23/2025 7:00:00 PM,1,PJM-RTO,,,ZONE,,139.440000,140.053220,0.486110,0.127110,True,1
9/23/2025 11:05:00 PM,9/23/2025 7:05:00 PM,1,PJM-RTO,,,ZONE,,134.840000,135.359445,0.398434,0.121012,True,1
9/23/2025 11:10:00 PM,9/23/2025 7:10:00 PM,1,PJM-RTO,,,ZONE,,58.970000,59.184492,0.165775,0.048717,True,1
9/23/2025 11:15:00 PM,9/23/2025 7:15:00 PM,1,PJM-RTO,,,ZONE,,58.030000,58.223033,0.164282,0.028750,True,1
9/23/2025 11:20:00 PM,9/23/2025 7:20:00 PM,1,PJM-RTO,,,ZONE,,60.070000,60.257666,0.156105,0.031561,True,1
9/23/2025 11:25:00 PM,9/23/2025 7:25:00 PM,1,PJM-RTO,,,ZONE,,65.390000,65.743853,0.325748,0.028104,True,1
9/23/2025 11:30:00 PM,9/23/2025 7:30:00 PM,1,PJM-RTO,,,ZONE,,53.840000,54.028800,0.156826,0.031974,True,1
9/23/2025 11:35:00 PM,9/23/2025 7:35:00 PM,1,PJM-RTO,,,ZONE,,56.380000,56.469272,0.058685,0.030587,True,1
9/23/2025 11:40:00 PM,9/23/2025 7:40:00 PM,1,PJM-RTO,,,ZONE,,72.080000,72.214497,0.094822,0.039676,True,1
9/23/2025 11:45:00 PM,9/23/2025 7:45:00 PM,1,PJM-RTO,,,ZONE,,57.860000,57.977426,0.084982,0.032443,True,1
9/23/2025 11:50:00 PM,9/23/2025 7:50:00 PM,1,PJM-RTO,,,ZONE,,91.820000,91.996715,0.107196,0.069519,True,1
9/23/2025 11:55:00 PM,9/23/2025 7:55:00 PM,1,PJM-RTO,,,ZONE,,282.040000,282.449557,0.188330,0.221227,True,1
9/24/2025 12:00:00 AM,9/23/2025 8:00:00 PM,1,PJM-RTO,,,ZONE,,178.270000,178.724285,0.351496,0.102788,True,1
9/24/2025 12:05:00 AM,9/23/2025 8:05:00 PM,1,PJM-RTO,,,ZONE,,245.670000,246.415360,0.600462,0.144898,True,1
9/24/2025 12:10:00 AM,9/23/2025 8:10:00 PM,1,PJM-RTO,,,ZONE,,282.630000,283.156121,0.361772,0.164349,True,1
9/24/2025 12:15:00 AM,9/23/2025 8:15:00 PM,1,PJM-RTO,,,ZONE,,175.540000,175.894830,0.247129,0.107701,True,1
9/24/2025 12:20:00 AM,9/23/2025 8:20:00 PM,1,PJM-RTO,,,ZONE,,114.280000,114.627605,0.269031,0.078574,True,1
9/24/2025 12:25:00 AM,9/23/2025 8:25:00 PM,1,PJM-RTO,,,ZONE,,91.840000,92.064413,0.163784,0.060628,True,1
9/24/2025 12:30:00 AM,9/23/2025 8:30:00 PM,1,PJM-RTO,,,ZONE,,39.140000,39.249020,0.087689,0.021331,True,1
9/24/2025 12:35:00 AM,9/23/2025 8:35:00 PM,1,PJM-RTO,,,ZONE,,40.950000,41.043989,0.071557,0.022432,True,1
9/24/2025 12:40:00 AM,9/23/2025 8:40:00 PM,1,PJM-RTO,,,ZONE,,37.880000,37.950824,0.051410,0.019414,True,1
9/24/2025 12:45:00 AM,9/23/2025 8:45:00 PM,1,PJM-RTO,,,ZONE,,32.660000,32.707450,0.023759,0.023691,True,1
9/24/2025 12:50:00 AM,9/23/2025 8:50:00 PM,1,PJM-RTO,,,ZONE,,41.700000,41.832560,0.103602,0.028958,True,1
9/24/2025 12:55:00 AM,9/23/2025 8:55:00 PM,1,PJM-RTO,,,ZONE,,40.020000,40.093798,0.044203,0.029595,True,1
9/24/2025 1:00:00 AM,9/23/2025 9:00:00 PM,1,PJM-RTO,,,ZONE,,53.740000,53.832735,0.064436,0.028299,True,1
9/24/2025 1:05:00 AM,9/23/2025 9:05:00 PM,1,PJM-RTO,,,ZONE,,169.500000,169.874377,0.269897,0.104480,True,1
9/24/2025 1:10:00 AM,9/23/2025 9:10:00 PM,1,PJM-RTO,,,ZONE,,171.710000,172.151534,0.331396,0.110138,True,1
9/24/2025 1:15:00 AM,9/23/2025 9:15:00 PM,1,PJM-RTO,,,ZONE,,218.940000,219.536018,0.470491,0.125527,True,1
9/24/2025 1:20:00 AM,9/23/2025 9:20:00 PM,1,PJM-RTO,,,ZONE,,76.880000,77.139861,0.211790,0.048071,True,1
9/24/2025 1:25:00 AM,9/23/2025 9:25:00 PM,1,PJM-RTO,,,ZONE,,158.110000,158.606210,0.375741,0.120468,True,1
9/24/2025 1:30:00 AM,9/23/2025 9:30:00 PM,1,PJM-RTO,,,ZONE,,271.670000,272.259159,0.416742,0.172417,True,1
9/24/2025 1:35:00 AM,9/23/2025 9:35:00 PM,1,PJM-RTO,,,ZONE,,73.590000,73.798405,0.168564,0.039841,True,1
9/24/2025 1:40:00 AM,9/23/2025 9:40:00 PM,1,PJM-RTO,,,ZONE,,41.930000,42.010488,0.046820,0.033668,True,1
9/24/2025 1:45:00 AM,9/23/2025 9:45:00 PM,1,PJM-RTO,,,ZONE,,43.930000,43.995752,0.031516,0.034236,True,1
9/24/2025 1:50:00 AM,9/23/2025 9:50:00 PM,1,PJM-RTO,,,ZONE,,56.130000,56.254268,0.086302,0.037967,True,1
9/24/2025 1:55:00 AM,9/23/2025 9:55:00 PM,1,PJM-RTO,,,ZONE,,65.390000,65.488035,0.051731,0.046303,True,1
9/24/2025 2:00:00 AM,9/23/2025 10:00:00 PM,1,PJM-RTO,,,ZONE,,44.290000,44.530268,0.215248,0.025020,True,1
9/24/2025 2:05:00 AM,9/23/2025 10:05:00 PM,1,PJM-RTO,,,ZONE,,35.710000,35.773239,0.038754,0.024485,True,1
9/24/2025 2:10:00 AM,9/23/2025 10:10:00 PM,1,PJM-RTO,,,ZONE,,30.410000,30.453653,0.027151,0.016502,True,1
9/24/2025 2:15:00 AM,9/23/2025 10:15:00 PM,1,PJM-RTO,,,ZONE,,38.180000,38.211385,0.006091,0.025293,True,1
9/24/2025 2:20:00 AM,9/23/2025 10:20:00 PM,1,PJM-RTO,,,ZONE,,23.940000,23.961279,0.007502,0.013777,True,1
9/24/2025 2:25:00 AM,9/23/2025 10:25:00 PM,1,PJM-RTO,,,ZONE,,32.330000,32.433097,0.080267,0.022830,True,1
9/24/2025 2:30:00 AM,9/23/2025 10:30:00 PM,1,PJM-RTO,,,ZONE,,32.530000,32.559687,0.003283,0.026404,True,1
9/24/2025 2:35:00 AM,9/23/2025 10:35:00 PM,1,PJM-RTO,,,ZONE,,24.550000,24.603440,0.033629,0.019811,True,1
9/24/2025 2:40:00 AM,9/23/2025 10:40:00 PM,1,PJM-RTO,,,ZONE,,24.420000,24.441707,0.005680,0.016028,True,1
9/24/2025 2:45:00 AM,9/23/2025 10:45:00 PM,1,PJM-RTO,,,ZONE,,26.050000,26.065742,-0.002656,0.018398,True,1
9/24/2025 2:50:00 AM,9/23/2025 10:50:00 PM,1,PJM-RTO,,,ZONE,,25.530000,25.551129,0.003506,0.017623,True,1
9/24/2025 2:55:00 AM,9/23/2025 10:55:00 PM,1,PJM-RTO,,,ZONE,,34.510000,34.533697,-0.000441,0.024138,True,1
9/24/2025 3:00:00 AM,9/23/2025 11:00:00 PM,1,PJM-RTO,,,ZONE,,27.250000,27.283164,0.017686,0.015478,True,1
9/24/2025 3:05:00 AM,9/23/2025 11:05:00 PM,1,PJM-RTO,,,ZONE,,29.920000,29.952417,0.009065,0.023351,True,1
9/24/2025 3:10:00 AM,9/23/2025 11:10:00 PM,1,PJM-RTO,,,ZONE,,39.090000,39.119129,0.003256,0.025873,True,1
9/24/2025 3:15:00 AM,9/23/2025 11:15:00 PM,1,PJM-RTO,,,ZONE,,33.420000,33.473845,0.028622,0.025222,True,1
9/24/2025 3:20:00 AM,9/23/2025 11:20:00 PM,1,PJM-RTO,,,ZONE,,40.390000,40.447898,0.025420,0.032479,True,1
9/24/2025 3:25:00 AM,9/23/2025 11:25:00 PM,1,PJM-RTO,,,ZONE,,37.600000,37.634315,0.012156,0.022159,True,1
9/24/2025 3:30:00 AM,9/23/2025 11:30:00 PM,1,PJM-RTO,,,ZONE,,35.140000,35.179578,0.013867,0.025711,True,1
9/24/2025 3:35:00 AM,9/23/2025 11:35:00 PM,1,PJM-RTO,,,ZONE,,31.230000,31.298674,0.050391,0.018282,True,1
9/24/2025 3:40:00 AM,9/23/2025 11:40:00 PM,1,PJM-RTO,,,ZONE,,31.490000,31.524842,0.013503,0.021339,True,1
9/24/2025 3:45:00 AM,9/23/2025 11:45:00 PM,1,PJM-RTO,,,ZONE,,34.920000,34.947487,0.001226,0.026261,True,1
9/24/2025 3:50:00 AM,9/23/2025 11:50:00 PM,1,PJM-RTO,,,ZONE,,39.400000,39.453356,0.024831,0.028525,True,1
9/24/2025 3:55:00 AM,9/23/2025 11:55:00 PM,1,PJM-RTO,,,ZONE,,21.910000,21.930972,0.010263,0.010709,True,1
9/24/2025 4:00:00 AM,9/24/2025 12:00:00 AM,1,PJM-RTO,,,ZONE,,37.160000,37.230307,0.044324,0.025982,True,1
9/24/2025 4:05:00 AM,9/24/2025 12:05:00 AM,1,PJM-RTO,,,ZONE,,26.870000,26.911883,0.023200,0.018684,True,1
9/24/2025 4:10:00 AM,9/24/2025 12:10:00 AM,1,PJM-RTO,,,ZONE,,30.000000,30.071774,0.049999,0.021775,True,1
9/24/2025 4:15:00 AM,9/24/2025 12:15:00 AM,1,PJM-RTO,,,ZONE,,165.480000,166.011541,0.409453,0.122089,True,1
9/24/2025 4:20:00 AM,9/24/2025 12:20:00 AM,1,PJM-RTO,,,ZONE,,37.200000,37.343498,0.115363,0.028135,True,1
9/24/2025 4:25:00 AM,9/24/2025 12:25:00 AM,1,PJM-RTO,,,ZONE,,31.830000,31.884746,0.031569,0.023178,True,1
9/24/2025 4:30:00 AM,9/24/2025 12:30:00 AM,1,PJM-RTO,,,ZONE,,33.130000,33.183223,0.032990,0.020233,True,1
9/24/2025 4:35:00 AM,9/24/2025 12:35:00 AM,1,PJM-RTO,,,ZONE,,22.640000,22.662911,0.004245,0.018666,True,1
9/24/2025 4:40:00 AM,9/24/2025 12:40:00 AM,1,PJM-RTO,,,ZONE,,32.410000,32.473992,0.034908,0.029083,True,1
9/24/2025 4:45:00 AM,9/24/2025 12:45:00 AM,1,PJM-RTO,,,ZONE,,27.020000,27.059501,0.016137,0.023364,True,1
9/24/2025 4:50:00 AM,9/24/2025 12:50:00 AM,1,PJM-RTO,,,ZONE,,27.600000,27.632569,0.013211,0.019358,True,1
9/24/2025 4:55:00 AM,9/24/2025 12:55:00 AM,1,PJM-RTO,,,ZONE,,38.290000,38.314360,-0.001658,0.026018,True,1
9/24/2025 5:00:00 AM,9/24/2025 1:00:00 AM,1,PJM-RTO,,,ZONE,,21.700000,21.717753,0.001912,0.015841,True,1
9/24/2025 5:05:00 AM,9/24/2025 1:05:00 AM,1,PJM-RTO,,,ZONE,,27.060000,27.092370,0.011536,0.020833,True,1
9/24/2025 5:10:00 AM,9/24/2025 1:10:00 AM,1,PJM-RTO,,,ZONE,,26.050000,26.078293,0.007734,0.020559,True,1
9/24/2025 5:15:00 AM,9/24/2025 1:15:00 AM,1,PJM-RTO,,,ZONE,,27.300000,27.337006,0.013925,0.023081,True,1
9/24/2025 5:20:00 AM,9/24/2025 1:20:00 AM,1,PJM-RTO,,,ZONE,,26.960000,26.995754,0.012324,0.023430,True,1
9/24/2025 5:25:00 AM,9/24/2025 1:25:00 AM,1,PJM-RTO,,,ZONE,,26.880000,26.911770,0.012017,0.019753,True,1
9/24/2025 5:30:00 AM,9/24/2025 1:30:00 AM,1,PJM-RTO,,,ZONE,,24.520000,24.545583,0.006513,0.019070,True,1
9/24/2025 5:35:00 AM,9/24/2025 1:35:00 AM,1,PJM-RTO,,,ZONE,,21.700000,21.712843,0.002155,0.010688,True,1
9/24/2025 5:40:00 AM,9/24/2025 1:40:00 AM,1,PJM-RTO,,,ZONE,,25.210000,25.236961,0.007611,0.019350,True,1
9/24/2025 5:45:00 AM,9/24/2025 1:45:00 AM,1,PJM-RTO,,,ZONE,,21.690000,21.707742,0.001958,0.015785,True,1
9/24/2025 5:50:00 AM,9/24/2025 1:50:00 AM,1,PJM-RTO,,,ZONE,,21.710000,21.726570,0.005408,0.011162,True,1
9/24/2025 5:55:00 AM,9/24/2025 1:55:00 AM,1,PJM-RTO,,,ZONE,,32.130000,32.182320,0.032529,0.019791,True,1
9/24/2025 6:00:00 AM,9/24/2025 2:00:00 AM,1,PJM-RTO,,,ZONE,,27.940000,27.973210,0.012153,0.021057,True,1
9/24/2025 6:05:00 AM,9/24/2025 2:05:00 AM,1,PJM-RTO,,,ZONE,,31.550000,31.597711,0.027127,0.020584,True,1
9/24/2025 6:10:00 AM,9/24/2025 2:10:00 AM,1,PJM-RTO,,,ZONE,,31.990000,32.041843,0.029926,0.021917,True,1
9/24/2025 6:15:00 AM,9/24/2025 2:15:00 AM,1,PJM-RTO,,,ZONE,,32.200000,32.244119,0.022343,0.021776,True,1
9/24/2025 6:20:00 AM,9/24/2025 2:20:00 AM,1,PJM-RTO,,,ZONE,,28.530000,28.553145,0.002771,0.020374,True,1
9/24/2025 6:25:00 AM,9/24/2025 2:25:00 AM,1,PJM-RTO,,,ZONE,,27.390000,27.419687,0.010155,0.019533,True,1
9/24/2025 6:30:00 AM,9/24/2025 2:30:00 AM,1,PJM-RTO,,,ZONE,,21.150000,21.162822,0.000933,0.011889,True,1
9/24/2025 6:35:00 AM,9/24/2025 2:35:00 AM,1,PJM-RTO,,,ZONE,,23.590000,23.619749,0.008686,0.021063,True,1
9/24/2025 6:40:00 AM,9/24/2025 2:40:00 AM,1,PJM-RTO,,,ZONE,,25.570000,25.590464,0.005495,0.014969,True,1
9/24/2025 6:45:00 AM,9/24/2025 2:45:00 AM,1,PJM-RTO,,,ZONE,,25.660000,25.688887,0.011341,0.017546,True,1
9/24/2025 6:50:00 AM,9/24/2025 2:50:00 AM,1,PJM-RTO,,,ZONE,,28.990000,29.032412,0.022023,0.020390,True,1
9/24/2025 6:55:00 AM,9/24/2025 2:55:00 AM,1,PJM-RTO,,,ZONE,,26.230000,26.256343,0.011480,0.014863,True,1
9/24/2025 7:00:00 AM,9/24/2025 3:00:00 AM,1,PJM-RTO,,,ZONE,,32.230000,32.280212,0.023092,0.027120,True,1
9/24/2025 7:05:00 AM,9/24/2025 3:05:00 AM,1,PJM-RTO,,,ZONE,,26.940000,26.984907,0.019001,0.025906,True,1
9/24/2025 7:10:00 AM,9/24/2025 3:10:00 AM,1,PJM-RTO,,,ZONE,,26.300000,26.337944,0.017150,0.020794,True,1
9/24/2025 7:15:00 AM,9/24/2025 3:15:00 AM,1,PJM-RTO,,,ZONE,,21.520000,21.540762,0.000104,0.020658,True,1
9/24/2025 7:20:00 AM,9/24/2025 3:20:00 AM,1,PJM-RTO,,,ZONE,,29.120000,29.157996,0.014595,0.023402,True,1
9/24/2025 7:25:00 AM,9/24/2025 3:25:00 AM,1,PJM-RTO,,,ZONE,,27.150000,27.180576,0.006546,0.024030,True,1
9/24/2025 7:30:00 AM,9/24/2025 3:30:00 AM,1,PJM-RTO,,,ZONE,,24.570000,24.593690,0.008370,0.015320,True,1
9/24/2025 7:35:00 AM,9/24/2025 3:35:00 AM,1,PJM-RTO,,,ZONE,,26.660000,26.686412,0.008011,0.018401,True,1
9/24/2025 7:40:00 AM,9/24/2025 3:40:00 AM,1,PJM-RTO,,,ZONE,,26.850000,26.879512,0.008470,0.021042,True,1
9/24/2025 7:45:00 AM,9/24/2025 3:45:00 AM,1,PJM-RTO,,,ZONE,,27.620000,27.648960,0.011698,0.017261,True,1
9/24/2025 7:50:00 AM,9/24/2025 3:50:00 AM,1,PJM-RTO,,,ZONE,,30.130000,30.180700,0.031147,0.019553,True,1
9/24/2025 7:55:00 AM,9/24/2025 3:55:00 AM,1,PJM-RTO,,,ZONE,,29.850000,29.892185,0.020993,0.021192,True,1
9/24/2025 8:00:00 AM,9/24/2025 4:00:00 AM,1,PJM-RTO,,,ZONE,,33.300000,33.355707,0.034655,0.021052,True,1
9/24/2025 8:05:00 AM,9/24/2025 4:05:00 AM,1,PJM-RTO,,,ZONE,,34.900000,34.960458,0.037528,0.022931,True,1
9/24/2025 8:10:00 AM,9/24/2025 4:10:00 AM,1,PJM-RTO,,,ZONE,,35.380000,35.443284,0.038016,0.025268,True,1
9/24/2025 8:15:00 AM,9/24/2025 4:15:00 AM,1,PJM-RTO,,,ZONE,,29.710000,29.759916,0.025808,0.024107,True,1
9/24/2025 8:20:00 AM,9/24/2025 4:20:00 AM,1,PJM-RTO,,,ZONE,,31.260000,31.337250,0.053096,0.024155,True,1
9/24/2025 8:25:00 AM,9/24/2025 4:25:00 AM,1,PJM-RTO,,,ZONE,,47.230000,47.339332,0.077162,0.032170,True,1
9/24/2025 8:30:00 AM,9/24/2025 4:30:00 AM,1,PJM-RTO,,,ZONE,,31.650000,31.678990,0.009002,0.019988,True,1
9/24/2025 8:35:00 AM,9/24/2025 4:35:00 AM,1,PJM-RTO,,,ZONE,,28.640000,28.680779,0.022420,0.018359,True,1
9/24/2025 8:40:00 AM,9/24/2025 4:40:00 AM,1,PJM-RTO,,,ZONE,,27.690000,27.724446,0.016538,0.017908,True,1
9/24/2025 8:45:00 AM,9/24/2025 4:45:00 AM,1,PJM-RTO,,,ZONE,,30.530000,30.588976,0.039685,0.019291,True,1
9/24/2025 8:50:00 AM,9/24/2025 4:50:00 AM,1,PJM-RTO,,,ZONE,,31.040000,31.113533,0.055093,0.018440,True,1
9/24/2025 8:55:00 AM,9/24/2025 4:55:00 AM,1,PJM-RTO,,,ZONE,,31.380000,31.419959,0.023408,0.016552,True,1
9/24/2025 9:00:00 AM,9/24/2025 5:00:00 AM,1,PJM-RTO,,,ZONE,,32.810000,32.896050,0.052116,0.033934,True,1
9/24/2025 9:05:00 AM,9/24/2025 5:05:00 AM,1,PJM-RTO,,,ZONE,,33.200000,33.278714,0.045584,0.033130,True,1
9/24/2025 9:10:00 AM,9/24/2025 5:10:00 AM,1,PJM-RTO,,,ZONE,,167.400000,167.562358,0.013085,0.149273,True,1
9/24/2025 9:15:00 AM,9/24/2025 5:15:00 AM,1,PJM-RTO,,,ZONE,,187.030000,187.265588,0.071077,0.164511,True,1
9/24/2025 9:20:00 AM,9/24/2025 5:20:00 AM,1,PJM-RTO,,,ZONE,,270.200000,270.923100,0.498413,0.224687,True,1
9/24/2025 9:25:00 AM,9/24/2025 5:25:00 AM,1,PJM-RTO,,,ZONE,,70.590000,70.727467,0.082645,0.054823,True,1
9/24/2025 9:30:00 AM,9/24/2025 5:30:00 AM,1,PJM-RTO,,,ZONE,,175.880000,176.415042,0.405377,0.129665,True,1
9/24/2025 9:35:00 AM,9/24/2025 5:35:00 AM,1,PJM-RTO,,,ZONE,,59.040000,59.197015,0.114921,0.042094,True,1
9/24/2025 9:40:00 AM,9/24/2025 5:40:00 AM,1,PJM-RTO,,,ZONE,,98.110000,98.430531,0.256201,0.064330,True,1
9/24/2025 9:45:00 AM,9/24/2025 5:45:00 AM,1,PJM-RTO,,,ZONE,,28.360000,28.458682,0.083240,0.015442,True,1
9/24/2025 9:50:00 AM,9/24/2025 5:50:00 AM,1,PJM-RTO,,,ZONE,,28.460000,28.495483,0.020469,0.015015,True,1
9/24/2025 9:55:00 AM,9/24/2025 5:55:00 AM,1,PJM-RTO,,,ZONE,,33.630000,33.771422,0.119538,0.021884,True,1
9/24/2025 10:00:00 AM,9/24/2025 6:00:00 AM,1,PJM-RTO,,,ZONE,,38.990000,39.077849,0.058816,0.029033,True,1
9/24/2025 10:05:00 AM,9/24/2025 6:05:00 AM,1,PJM-RTO,,,ZONE,,24.040000,24.066087,0.007606,0.018481,True,1
9/24/2025 10:10:00 AM,9/24/2025 6:10:00 AM,1,PJM-RTO,,,ZONE,,29.850000,29.926033,0.049978,0.026054,True,1
9/24/2025 10:15:00 AM,9/24/2025 6:15:00 AM,1,PJM-RTO,,,ZONE,,25.980000,26.030593,0.028174,0.022419,True,1
9/24/2025 10:20:00 AM,9/24/2025 6:20:00 AM,1,PJM-RTO,,,ZONE,,41.130000,41.222279,0.063968,0.028311,True,1
9/24/2025 10:25:00 AM,9/24/2025 6:25:00 AM,1,PJM-RTO,,,ZONE,,36.700000,36.778117,0.051194,0.026924,True,1
9/24/2025 10:30:00 AM,9/24/2025 6:30:00 AM,1,PJM-RTO,,,ZONE,,34.560000,34.621604,0.034700,0.026904,True,1
9/24/2025 10:35:00 AM,9/24/2025 6:35:00 AM,1,PJM-RTO,,,ZONE,,316.930000,317.795461,0.629389,0.236072,True,1
9/24/2025 10:40:00 AM,9/24/2025 6:40:00 AM,1,PJM-RTO,,,ZONE,,107.620000,108.248729,0.538120,0.090609,True,1
9/24/2025 10:45:00 AM,9/24/2025 6:45:00 AM,1,PJM-RTO,,,ZONE,,41.860000,41.919827,0.025300,0.034527,True,1
9/24/2025 10:50:00 AM,9/24/2025 6:50:00 AM,1,PJM-RTO,,,ZONE,,50.140000,50.286773,0.102843,0.043930,True,1
9/24/2025 10:55:00 AM,9/24/2025 6:55:00 AM,1,PJM-RTO,,,ZONE,,81.870000,82.118371,0.184934,0.063437,True,1
9/24/2025 11:00:00 AM,9/24/2025 7:00:00 AM,1,PJM-RTO,,,ZONE,,357.530000,358.254706,0.529567,0.195139,True,1
9/24/2025 11:05:00 AM,9/24/2025 7:05:00 AM,1,PJM-RTO,,,ZONE,,131.590000,131.910791,0.250744,0.070046,True,1
9/24/2025 11:10:00 AM,9/24/2025 7:10:00 AM,1,PJM-RTO,,,ZONE,,85.120000,85.333908,0.165364,0.048544,True,1
9/24/2025 11:15:00 AM,9/24/2025 7:15:00 AM,1,PJM-RTO,,,ZONE,,469.680000,471.395399,1.398529,0.316870,True,1
9/24/2025 11:20:00 AM,9/24/2025 7:20:00 AM,1,PJM-RTO,,,ZONE,,486.610000,488.352367,1.376710,0.365656,True,1
9/24/2025 11:25:00 AM,9/24/2025 7:25:00 AM,1,PJM-RTO,,,ZONE,,501.870000,503.484194,1.221772,0.392422,True,1
9/24/2025 11:30:00 AM,9/24/2025 7:30:00 AM,1,PJM-RTO,,,ZONE,,145.000000,145.805321,0.689655,0.115667,True,1
9/24/2025 11:35:00 AM,9/24/2025 7:35:00 AM,1,PJM-RTO,,,ZONE,,52.970000,53.187189,0.184140,0.033049,True,1
9/24/2025 11:40:00 AM,9/24/2025 7:40:00 AM,1,PJM-RTO,,,ZONE,,85.730000,86.082907,0.292548,0.060359,True,1
9/24/2025 11:45:00 AM,9/24/2025 7:45:00 AM,1,PJM-RTO,,,ZONE,,41.650000,41.754638,0.070583,0.034056,True,1
9/24/2025 11:50:00 AM,9/24/2025 7:50:00 AM,1,PJM-RTO,,,ZONE,,84.140000,84.391377,0.185951,0.065426,True,1
9/24/2025 11:55:00 AM,9/24/2025 7:55:00 AM,1,PJM-RTO,,,ZONE,,128.620000,129.015981,0.283222,0.112759,True,1
9/24/2025 12:00:00 PM,9/24/2025 8:00:00 AM,1,PJM-RTO,,,ZONE,,173.820000,173.879124,-0.060639,0.119763,True,1
9/24/2025 12:05:00 PM,9/24/2025 8:05:00 AM,1,PJM-RTO,,,ZONE,,43.790000,43.880864,0.059285,0.031579,True,1
9/24/2025 12:10:00 PM,9/24/2025 8:10:00 AM,1,PJM-RTO,,,ZONE,,109.150000,109.295173,0.072437,0.072736,True,1
9/24/2025 12:15:00 PM,9/24/2025 8:15:00 AM,1,PJM-RTO,,,ZONE,,162.730000,163.238852,0.398636,0.110216,True,1
9/24/2025 12:20:00 PM,9/24/2025 8:20:00 AM,1,PJM-RTO,,,ZONE,,175.540000,176.144655,0.489301,0.115354,True,1
9/24/2025 12:25:00 PM,9/24/2025 8:25:00 AM,1,PJM-RTO,,,ZONE,,114.680000,114.975220,0.220989,0.074231,True,1
9/24/2025 12:30:00 PM,9/24/2025 8:30:00 AM,1,PJM-RTO,,,ZONE,,113.920000,114.285253,0.284155,0.081098,True,1
9/24/2025 12:35:00 PM,9/24/2025 8:35:00 AM,1,PJM-RTO,,,ZONE,,98.640000,98.918824,0.205789,0.073035,True,1
9/24/2025 12:40:00 PM,9/24/2025 8:40:00 AM,1,PJM-RTO,,,ZONE,,92.380000,92.657976,0.211424,0.066552,True,1
9/24/2025 12:45:00 PM,9/24/2025 8:45:00 AM,1,PJM-RTO,,,ZONE,,88.430000,88.686174,0.184522,0.071652,True,1
9/24/2025 12:50:00 PM,9/24/2025 8:50:00 AM,1,PJM-RTO,,,ZONE,,87.910000,88.124757,0.151680,0.063078,True,1
9/24/2025 12:55:00 PM,9/24/2025 8:55:00 AM,1,PJM-RTO,,,ZONE,,91.380000,91.583554,0.136537,0.067017,True,1
9/24/2025 1:00:00 PM,9/24/2025 9:00:00 AM,1,PJM-RTO,,,ZONE,,92.450000,92.539884,0.021724,0.068160,True,1
9/24/2025 1:05:00 PM,9/24/2025 9:05:00 AM,1,PJM-RTO,,,ZONE,,49.150000,49.164478,-0.018530,0.033008,True,1
9/24/2025 1:10:00 PM,9/24/2025 9:10:00 AM,1,PJM-RTO,,,ZONE,,85.490000,85.560761,0.016502,0.054260,True,1
9/24/2025 1:15:00 PM,9/24/2025 9:15:00 AM,1,PJM-RTO,,,ZONE,,45.120000,45.130326,-0.017048,0.027373,True,1
9/24/2025 1:20:00 PM,9/24/2025 9:20:00 AM,1,PJM-RTO,,,ZONE,,47.100000,47.148195,0.010287,0.037907,True,1
9/24/2025 1:25:00 PM,9/24/2025 9:25:00 AM,1,PJM-RTO,,,ZONE,,44.330000,44.349198,-0.011599,0.030797,True,1
9/24/2025 1:30:00 PM,9/24/2025 9:30:00 AM,1,PJM-RTO,,,ZONE,,46.760000,46.779693,-0.021208,0.040901,True,1
9/24/2025 1:35:00 PM,9/24/2025 9:35:00 AM,1,PJM-RTO,,,ZONE,,49.220000,49.254129,-0.001320,0.035449,True,1
9/24/2025 1:40:00 PM,9/24/2025 9:40:00 AM,1,PJM-RTO,,,ZONE,,43.480000,43.485768,-0.028901,0.034669,True,1
9/24/2025 1:45:00 PM,9/24/2025 9:45:00 AM,1,PJM-RTO,,,ZONE,,41.220000,41.242932,-0.007942,0.030875,True,1
9/24/2025 1:50:00 PM,9/24/2025 9:50:00 AM,1,PJM-RTO,,,ZONE,,48.060000,48.140464,0.050852,0.029612,True,1
9/24/2025 1:55:00 PM,9/24/2025 9:55:00 AM,1,PJM-RTO,,,ZONE,,52.400000,52.446024,0.011740,0.034284,True,1
9/24/2025 2:00:00 PM,9/24/2025 10:00:00 AM,1,PJM-RTO,,,ZONE,,39.050000,39.266175,0.190079,0.026096,True,1
9/24/2025 2:05:00 PM,9/24/2025 10:05:00 AM,1,PJM-RTO,,,ZONE,,44.010000,44.233204,0.194676,0.028527,True,1
9/24/2025 2:10:00 PM,9/24/2025 10:10:00 AM,1,PJM-RTO,,,ZONE,,44.460000,44.735353,0.235517,0.039836,True,1
9/24/2025 2:15:00 PM,9/24/2025 10:15:00 AM,1,PJM-RTO,,,ZONE,,54.510000,54.837696,0.286685,0.041010,True,1
9/24/2025 2:20:00 PM,9/24/2025 10:20:00 AM,1,PJM-RTO,,,ZONE,,50.880000,51.149406,0.232307,0.037099,True,1
9/24/2025 2:25:00 PM,9/24/2025 10:25:00 AM,1,PJM-RTO,,,ZONE,,40.700000,40.890974,0.171259,0.019715,True,1
9/24/2025 2:30:00 PM,9/24/2025 10:30:00 AM,1,PJM-RTO,,,ZONE,,35.660000,35.842062,0.154323,0.027739,True,1
9/24/2025 2:35:00 PM,9/24/2025 10:35:00 AM,1,PJM-RTO,,,ZONE,,35.540000,35.797375,0.228779,0.028596,True,1
9/24/2025 2:40:00 PM,9/24/2025 10:40:00 AM,1,PJM-RTO,,,ZONE,,36.410000,36.684831,0.247396,0.027436,True,1
9/24/2025 2:45:00 PM,9/24/2025 10:45:00 AM,1,PJM-RTO,,,ZONE,,39.210000,39.377215,0.142860,0.024355,True,1
9/24/2025 2:50:00 PM,9/24/2025 10:50:00 AM,1,PJM-RTO,,,ZONE,,46.430000,46.603705,0.143275,0.030430,True,1
9/24/2025 2:55:00 PM,9/24/2025 10:55:00 AM,1,PJM-RTO,,,ZONE,,74.690000,75.001156,0.260201,0.050954,True,1
9/24/2025 3:00:00 PM,9/24/2025 11:00:00 AM,1,PJM-RTO,,,ZONE,,52.930000,53.054093,0.092575,0.031518,True,1
9/24/2025 3:05:00 PM,9/24/2025 11:05:00 AM,1,PJM-RTO,,,ZONE,,48.440000,48.591130,0.110235,0.040896,True,1
9/24/2025 3:10:00 PM,9/24/2025 11:10:00 AM,1,PJM-RTO,,,ZONE,,37.650000,37.848300,0.168042,0.030258,True,1
9/24/2025 3:15:00 PM,9/24/2025 11:15:00 AM,1,PJM-RTO,,,ZONE,,35.700000,35.780993,0.056873,0.024120,True,1
9/24/2025 3:20:00 PM,9/24/2025 11:20:00 AM,1,PJM-RTO,,,ZONE,,39.640000,39.764705,0.092963,0.031742,True,1
9/24/2025 3:25:00 PM,9/24/2025 11:25:00 AM,1,PJM-RTO,,,ZONE,,39.830000,39.920524,0.061854,0.028669,True,1
9/24/2025 3:30:00 PM,9/24/2025 11:30:00 AM,1,PJM-RTO,,,ZONE,,44.400000,44.529808,0.095682,0.034126,True,1
9/24/2025 3:35:00 PM,9/24/2025 11:35:00 AM,1,PJM-RTO,,,ZONE,,51.500000,51.665991,0.135236,0.030755,True,1
9/24/2025 3:40:00 PM,9/24/2025 11:40:00 AM,1,PJM-RTO,,,ZONE,,51.700000,51.857499,0.122648,0.034851,True,1
9/24/2025 3:45:00 PM,9/24/2025 11:45:00 AM,1,PJM-RTO,,,ZONE,,39.240000,39.354059,0.085537,0.028522,True,1
9/24/2025 3:50:00 PM,9/24/2025 11:50:00 AM,1,PJM-RTO,,,ZONE,,48.300000,48.457638,0.128137,0.029501,True,1
9/24/2025 3:55:00 PM,9/24/2025 11:55:00 AM,1,PJM-RTO,,,ZONE,,30.030000,30.095779,0.050833,0.014946,True,1
9/24/2025 4:00:00 PM,9/24/2025 12:00:00 PM,1,PJM-RTO,,,ZONE,,34.140000,34.226247,0.065476,0.020771,True,1
9/24/2025 4:05:00 PM,9/24/2025 12:05:00 PM,1,PJM-RTO,,,ZONE,,30.780000,30.838449,0.038776,0.019672,True,1
9/24/2025 4:10:00 PM,9/24/2025 12:10:00 PM,1,PJM-RTO,,,ZONE,,31.020000,31.078420,0.038040,0.020380,True,1
9/24/2025 4:15:00 PM,9/24/2025 12:15:00 PM,1,PJM-RTO,,,ZONE,,31.860000,31.942279,0.062087,0.020191,True,1
9/24/2025 4:20:00 PM,9/24/2025 12:20:00 PM,1,PJM-RTO,,,ZONE,,32.390000,32.473540,0.056819,0.026721,True,1
9/24/2025 4:25:00 PM,9/24/2025 12:25:00 PM,1,PJM-RTO,,,ZONE,,39.020000,39.125037,0.076254,0.028783,True,1
9/24/2025 4:30:00 PM,9/24/2025 12:30:00 PM,1,PJM-RTO,,,ZONE,,36.130000,36.228301,0.071005,0.027296,True,1
9/24/2025 4:35:00 PM,9/24/2025 12:35:00 PM,1,PJM-RTO,,,ZONE,,33.690000,33.762646,0.044326,0.028320,True,1
9/24/2025 4:40:00 PM,9/24/2025 12:40:00 PM,1,PJM-RTO,,,ZONE,,49.230000,49.350075,0.082196,0.037879,True,1
9/24/2025 4:45:00 PM,9/24/2025 12:45:00 PM,1,PJM-RTO,,,ZONE,,36.700000,36.784154,0.062167,0.021987,True,1
9/24/2025 4:50:00 PM,9/24/2025 12:50:00 PM,1,PJM-RTO,,,ZONE,,35.470000,35.550452,0.059202,0.021249,True,1
9/24/2025 4:55:00 PM,9/24/2025 12:55:00 PM,1,PJM-RTO,,,ZONE,,36.910000,37.030462,0.093473,0.026989,True,1
9/24/2025 5:00:00 PM,9/24/2025 1:00:00 PM,1,PJM-RTO,,,ZONE,,33.460000,33.536369,0.053906,0.022464,True,1
9/24/2025 5:05:00 PM,9/24/2025 1:05:00 PM,1,PJM-RTO,,,ZONE,,32.300000,32.376242,0.056836,0.019407,True,1
9/24/2025 5:10:00 PM,9/24/2025 1:10:00 PM,1,PJM-RTO,,,ZONE,,33.590000,33.684558,0.075512,0.019046,True,1
9/24/2025 5:15:00 PM,9/24/2025 1:15:00 PM,1,PJM-RTO,,,ZONE,,32.830000,32.939711,0.089421,0.020290,True,1
9/24/2025 5:20:00 PM,9/24/2025 1:20:00 PM,1,PJM-RTO,,,ZONE,,33.600000,33.673505,0.048338,0.025167,True,1
9/24/2025 5:25:00 PM,9/24/2025 1:25:00 PM,1,PJM-RTO,,,ZONE,,40.650000,40.753019,0.074839,0.028180,True,1
9/24/2025 5:30:00 PM,9/24/2025 1:30:00 PM,1,PJM-RTO,,,ZONE,,35.610000,35.692291,0.064386,0.017905,True,1
9/24/2025 5:35:00 PM,9/24/2025 1:35:00 PM,1,PJM-RTO,,,ZONE,,34.620000,34.711590,0.066099,0.025492,True,1
9/24/2025 5:40:00 PM,9/24/2025 1:40:00 PM,1,PJM-RTO,,,ZONE,,36.820000,36.905979,0.064596,0.021383,True,1
9/24/2025 5:45:00 PM,9/24/2025 1:45:00 PM,1,PJM-RTO,,,ZONE,,42.080000,42.256472,0.151278,0.025194,True,1
9/24/2025 5:50:00 PM,9/24/2025 1:50:00 PM,1,PJM-RTO,,,ZONE,,39.950000,40.068954,0.095055,0.023898,True,1
9/24/2025 5:55:00 PM,9/24/2025 1:55:00 PM,1,PJM-RTO,,,ZONE,,36.690000,36.785887,0.072457,0.023429,True,1
9/24/2025 6:00:00 PM,9/24/2025 2:00:00 PM,1,PJM-RTO,,,ZONE,,35.550000,35.632318,0.062211,0.020107,True,1
9/24/2025 6:05:00 PM,9/24/2025 2:05:00 PM,1,PJM-RTO,,,ZONE,,43.420000,43.612744,0.172387,0.020357,True,1
9/24/2025 6:10:00 PM,9/24/2025 2:10:00 PM,1,PJM-RTO,,,ZONE,,40.720000,41.084470,0.343155,0.021315,True,1
9/24/2025 6:15:00 PM,9/24/2025 2:15:00 PM,1,PJM-RTO,,,ZONE,,47.510000,47.840781,0.305599,0.025181,True,1
9/24/2025 6:20:00 PM,9/24/2025 2:20:00 PM,1,PJM-RTO,,,ZONE,,44.480000,44.724608,0.221205,0.023403,True,1
9/24/2025 6:25:00 PM,9/24/2025 2:25:00 PM,1,PJM-RTO,,,ZONE,,45.900000,46.167667,0.236818,0.030848,True,1
9/24/2025 6:30:00 PM,9/24/2025 2:30:00 PM,1,PJM-RTO,,,ZONE,,45.380000,45.666653,0.255538,0.031116,True,1
9/24/2025 6:35:00 PM,9/24/2025 2:35:00 PM,1,PJM-RTO,,,ZONE,,119.170000,119.626001,0.383910,0.072091,True,1
9/24/2025 6:40:00 PM,9/24/2025 2:40:00 PM,1,PJM-RTO,,,ZONE,,43.460000,43.685163,0.200976,0.024187,True,1
9/24/2025 6:45:00 PM,9/24/2025 2:45:00 PM,1,PJM-RTO,,,ZONE,,124.530000,124.942189,0.326686,0.085504,True,1
9/24/2025 6:50:00 PM,9/24/2025 2:50:00 PM,1,PJM-RTO,,,ZONE,,70.080000,70.371415,0.243262,0.048154,True,1
9/24/2025 6:55:00 PM,9/24/2025 2:55:00 PM,1,PJM-RTO,,,ZONE,,42.080000,42.284768,0.178380,0.026387,True,1
9/24/2025 7:00:00 PM,9/24/2025 3:00:00 PM,1,PJM-RTO,,,ZONE,,37.330000,37.607916,0.255939,0.021976,True,1
9/24/2025 7:05:00 PM,9/24/2025 3:05:00 PM,1,PJM-RTO,,,ZONE,,33.270000,33.465296,0.169387,0.025909,True,1
9/24/2025 7:10:00 PM,9/24/2025 3:10:00 PM,1,PJM-RTO,,,ZONE,,33.110000,33.349191,0.216192,0.022999,True,1
9/24/2025 7:15:00 PM,9/24/2025 3:15:00 PM,1,PJM-RTO,,,ZONE,,31.140000,31.243900,0.085585,0.018315,True,1
9/24/2025 7:20:00 PM,9/24/2025 3:20:00 PM,1,PJM-RTO,,,ZONE,,35.100000,35.420642,0.300790,0.019853,True,1
9/24/2025 7:25:00 PM,9/24/2025 3:25:00 PM,1,PJM-RTO,,,ZONE,,42.320000,42.538055,0.191725,0.026330,True,1
9/24/2025 7:30:00 PM,9/24/2025 3:30:00 PM,1,PJM-RTO,,,ZONE,,37.500000,37.802936,0.274635,0.028301,True,1
9/24/2025 7:35:00 PM,9/24/2025 3:35:00 PM,1,PJM-RTO,,,ZONE,,40.920000,41.106006,0.154065,0.031940,True,1
9/24/2025 7:40:00 PM,9/24/2025 3:40:00 PM,1,PJM-RTO,,,ZONE,,30.930000,31.043294,0.095417,0.017877,True,1
9/24/2025 7:45:00 PM,9/24/2025 3:45:00 PM,1,PJM-RTO,,,ZONE,,40.120000,40.368397,0.220899,0.027498,True,1
9/24/2025 7:50:00 PM,9/24/2025 3:50:00 PM,1,PJM-RTO,,,ZONE,,27.880000,28.021293,0.124026,0.017267,True,1
9/24/2025 7:55:00 PM,9/24/2025 3:55:00 PM,1,PJM-RTO,,,ZONE,,30.580000,30.649822,0.048803,0.021019,True,1
9/24/2025 8:00:00 PM,9/24/2025 4:00:00 PM,1,PJM-RTO,,,ZONE,,26.290000,26.346224,0.035375,0.020850,True,1
9/24/2025 8:05:00 PM,9/24/2025 4:05:00 PM,1,PJM-RTO,,,ZONE,,32.460000,32.523775,0.049278,0.014497,True,1
9/24/2025 8:10:00 PM,9/24/2025 4:10:00 PM,1,PJM-RTO,,,ZONE,,30.790000,30.846539,0.042253,0.014286,True,1
9/24/2025 8:15:00 PM,9/24/2025 4:15:00 PM,1,PJM-RTO,,,ZONE,,32.600000,32.682022,0.063740,0.018282,True,1
9/24/2025 8:20:00 PM,9/24/2025 4:20:00 PM,1,PJM-RTO,,,ZONE,,41.260000,41.444601,0.154662,0.029939,True,1
9/24/2025 8:25:00 PM,9/24/2025 4:25:00 PM,1,PJM-RTO,,,ZONE,,39.850000,39.981604,0.105979,0.025625,True,1
9/24/2025 8:30:00 PM,9/24/2025 4:30:00 PM,1,PJM-RTO,,,ZONE,,46.130000,46.362787,0.196408,0.036379,True,1
9/24/2025 8:35:00 PM,9/24/2025 4:35:00 PM,1,PJM-RTO,,,ZONE,,43.470000,43.674177,0.170830,0.033348,True,1
9/24/2025 8:40:00 PM,9/24/2025 4:40:00 PM,1,PJM-RTO,,,ZONE,,41.610000,41.788653,0.147205,0.031449,True,1
9/24/2025 8:45:00 PM,9/24/2025 4:45:00 PM,1,PJM-RTO,,,ZONE,,41.490000,41.679245,0.157775,0.031469,True,1
9/24/2025 8:50:00 PM,9/24/2025 4:50:00 PM,1,PJM-RTO,,,ZONE,,33.810000,33.903109,0.072546,0.020562,True,1
9/24/2025 8:55:00 PM,9/24/2025 4:55:00 PM,1,PJM-RTO,,,ZONE,,33.640000,33.720526,0.056936,0.023590,True,1
9/24/2025 9:00:00 PM,9/24/2025 5:00:00 PM,1,PJM-RTO,,,ZONE,,48.460000,48.733725,0.239969,0.033756,True,1
9/24/2025 9:05:00 PM,9/24/2025 5:05:00 PM,1,PJM-RTO,,,ZONE,,45.350000,45.597143,0.221731,0.025412,True,1
9/24/2025 9:10:00 PM,9/24/2025 5:10:00 PM,1,PJM-RTO,,,ZONE,,74.240000,74.604744,0.314990,0.049754,True,1
9/24/2025 9:15:00 PM,9/24/2025 5:15:00 PM,1,PJM-RTO,,,ZONE,,70.720000,71.040075,0.267542,0.052533,True,1
9/24/2025 9:20:00 PM,9/24/2025 5:20:00 PM,1,PJM-RTO,,,ZONE,,58.550000,58.850712,0.260144,0.040568,True,1
9/24/2025 9:25:00 PM,9/24/2025 5:25:00 PM,1,PJM-RTO,,,ZONE,,79.200000,79.534003,0.285508,0.048495,True,1
9/24/2025 9:30:00 PM,9/24/2025 5:30:00 PM,1,PJM-RTO,,,ZONE,,66.290000,66.584319,0.252510,0.041809,True,1
9/24/2025 9:35:00 PM,9/24/2025 5:35:00 PM,1,PJM-RTO,,,ZONE,,63.160000,63.355800,0.163731,0.032069,True,1
9/24/2025 9:40:00 PM,9/24/2025 5:40:00 PM,1,PJM-RTO,,,ZONE,,109.570000,109.923945,0.283983,0.069963,True,1
9/24/2025 9:45:00 PM,9/24/2025 5:45:00 PM,1,PJM-RTO,,,ZONE,,92.620000,92.867717,0.191441,0.056277,True,1
9/24/2025 9:50:00 PM,9/24/2025 5:50:00 PM,1,PJM-RTO,,,ZONE,,130.980000,131.501479,0.424802,0.096677,True,1
9/24/2025 9:55:00 PM,9/24/2025 5:55:00 PM,1,PJM-RTO,,,ZONE,,111.980000,112.579617,0.521041,0.078576,True,1
9/24/2025 10:00:00 PM,9/24/2025 6:00:00 PM,1,PJM-RTO,,,ZONE,,223.540000,224.399695,0.680323,0.179373,True,1
9/24/2025 10:05:00 PM,9/24/2025 6:05:00 PM,1,PJM-RTO,,,ZONE,,246.150000,247.011441,0.674856,0.186586,True,1
9/24/2025 10:10:00 PM,9/24/2025 6:10:00 PM,1,PJM-RTO,,,ZONE,,168.570000,169.105720,0.390263,0.145456,True,1
9/24/2025 10:15:00 PM,9/24/2025 6:15:00 PM,1,PJM-RTO,,,ZONE,,221.940000,222.662026,0.551341,0.170686,True,1
9/24/2025 10:20:00 PM,9/24/2025 6:20:00 PM,1,PJM-RTO,,,ZONE,,222.500000,223.237706,0.574422,0.163284,True,1
9/24/2025 10:25:00 PM,9/24/2025 6:25:00 PM,1,PJM-RTO,,,ZONE,,265.040000,266.186511,0.964708,0.181803,True,1
9/24/2025 10:30:00 PM,9/24/2025 6:30:00 PM,1,PJM-RTO,,,ZONE,,155.680000,156.367915,0.562127,0.125788,True,1
9/24/2025 10:35:00 PM,9/24/2025 6:35:00 PM,1,PJM-RTO,,,ZONE,,261.860000,263.498566,1.466300,0.172266,True,1
9/24/2025 10:40:00 PM,9/24/2025 6:40:00 PM,1,PJM-RTO,,,ZONE,,268.040000,269.171550,0.958408,0.173142,True,1
9/24/2025 10:45:00 PM,9/24/2025 6:45:00 PM,1,PJM-RTO,,,ZONE,,230.260000,231.271448,0.865400,0.146047,True,1
9/24/2025 10:50:00 PM,9/24/2025 6:50:00 PM,1,PJM-RTO,,,ZONE,,294.330000,295.234690,0.744081,0.160608,True,1
9/24/2025 10:55:00 PM,9/24/2025 6:55:00 PM,1,PJM-RTO,,,ZONE,,297.960000,299.494544,1.342212,0.192332,True,1
9/24/2025 11:00:00 PM,9/24/2025 7:00:00 PM,1,PJM-RTO,,,ZONE,,298.570000,299.318188,0.526551,0.221637,True,1
9/24/2025 11:05:00 PM,9/24/2025 7:05:00 PM,1,PJM-RTO,,,ZONE,,226.290000,226.911263,0.466248,0.155015,True,1
9/24/2025 11:10:00 PM,9/24/2025 7:10:00 PM,1,PJM-RTO,,,ZONE,,223.290000,224.019260,0.585567,0.143693,True,1
9/24/2025 11:15:00 PM,9/24/2025 7:15:00 PM,1,PJM-RTO,,,ZONE,,310.420000,311.470355,0.832094,0.218261,True,1
9/24/2025 11:20:00 PM,9/24/2025 7:20:00 PM,1,PJM-RTO,,,ZONE,,319.680000,320.543845,0.689634,0.174211,True,1
9/24/2025 11:25:00 PM,9/24/2025 7:25:00 PM,1,PJM-RTO,,,ZONE,,333.850000,334.370375,0.352133,0.168242,True,1
9/24/2025 11:30:00 PM,9/24/2025 7:30:00 PM,1,PJM-RTO,,,ZONE,,264.480000,265.499404,0.856157,0.163247,True,1
9/24/2025 11:35:00 PM,9/24/2025 7:35:00 PM,1,PJM-RTO,,,ZONE,,371.920000,373.021637,0.888286,0.213351,True,1
9/24/2025 11:40:00 PM,9/24/2025 7:40:00 PM,1,PJM-RTO,,,ZONE,,308.010000,309.169624,0.945066,0.214558,True,1
9/24/2025 11:45:00 PM,9/24/2025 7:45:00 PM,1,PJM-RTO,,,ZONE,,122.430000,122.976457,0.458446,0.088011,True,1
9/24/2025 11:50:00 PM,9/24/2025 7:50:00 PM,1,PJM-RTO,,,ZONE,,44.950000,45.330062,0.349474,0.030588,True,1
9/24/2025 11:55:00 PM,9/24/2025 7:55:00 PM,1,PJM-RTO,,,ZONE,,51.910000,52.191063,0.254162,0.026901,True,1
9/25/2025 12:00:00 AM,9/24/2025 8:00:00 PM,1,PJM-RTO,,,ZONE,,134.480000,135.191239,0.649142,0.062098,True,1
9/25/2025 12:05:00 AM,9/24/2025 8:05:00 PM,1,PJM-RTO,,,ZONE,,140.140000,140.638332,0.426222,0.072110,True,1
9/25/2025 12:10:00 AM,9/24/2025 8:10:00 PM,1,PJM-RTO,,,ZONE,,133.340000,133.867457,0.439876,0.087581,True,1
9/25/2025 12:15:00 AM,9/24/2025 8:15:00 PM,1,PJM-RTO,,,ZONE,,118.620000,119.212313,0.506828,0.085485,True,1
9/25/2025 12:20:00 AM,9/24/2025 8:20:00 PM,1,PJM-RTO,,,ZONE,,48.180000,48.344193,0.127259,0.036934,True,1
9/25/2025 12:25:00 AM,9/24/2025 8:25:00 PM,1,PJM-RTO,,,ZONE,,52.840000,53.121381,0.253798,0.027583,True,1
9/25/2025 12:30:00 AM,9/24/2025 8:30:00 PM,1,PJM-RTO,,,ZONE,,43.630000,43.771654,0.112412,0.029242,True,1
9/25/2025 12:35:00 AM,9/24/2025 8:35:00 PM,1,PJM-RTO,,,ZONE,,43.780000,43.929708,0.127827,0.021882,True,1
9/25/2025 12:40:00 AM,9/24/2025 8:40:00 PM,1,PJM-RTO,,,ZONE,,43.900000,44.073052,0.143910,0.029142,True,1
9/25/2025 12:45:00 AM,9/24/2025 8:45:00 PM,1,PJM-RTO,,,ZONE,,45.140000,45.245510,0.076004,0.029506,True,1
9/25/2025 12:50:00 AM,9/24/2025 8:50:00 PM,1,PJM-RTO,,,ZONE,,100.110000,100.427497,0.239947,0.077550,True,1
9/25/2025 12:55:00 AM,9/24/2025 8:55:00 PM,1,PJM-RTO,,,ZONE,,96.330000,96.688151,0.283875,0.074276,True,1
9/25/2025 1:00:00 AM,9/24/2025 9:00:00 PM,1,PJM-RTO,,,ZONE,,287.530000,288.511657,0.797557,0.184100,True,1
9/25/2025 1:05:00 AM,9/24/2025 9:05:00 PM,1,PJM-RTO,,,ZONE,,111.610000,111.966541,0.289593,0.066949,True,1
9/25/2025 1:10:00 AM,9/24/2025 9:10:00 PM,1,PJM-RTO,,,ZONE,,73.750000,73.958389,0.167499,0.040890,True,1
9/25/2025 1:15:00 AM,9/24/2025 9:15:00 PM,1,PJM-RTO,,,ZONE,,249.470000,250.347610,0.720159,0.157451,True,1
9/25/2025 1:20:00 AM,9/24/2025 9:20:00 PM,1,PJM-RTO,,,ZONE,,72.070000,72.331472,0.219117,0.042354,True,1
9/25/2025 1:25:00 AM,9/24/2025 9:25:00 PM,1,PJM-RTO,,,ZONE,,35.780000,36.007193,0.204547,0.022647,True,1
9/25/2025 1:30:00 AM,9/24/2025 9:30:00 PM,1,PJM-RTO,,,ZONE,,42.250000,42.560013,0.280298,0.029715,True,1
9/25/2025 1:35:00 AM,9/24/2025 9:35:00 PM,1,PJM-RTO,,,ZONE,,42.780000,42.998752,0.183690,0.035062,True,1
9/25/2025 1:40:00 AM,9/24/2025 9:40:00 PM,1,PJM-RTO,,,ZONE,,30.300000,30.415786,0.099211,0.016575,True,1
9/25/2025 1:45:00 AM,9/24/2025 9:45:00 PM,1,PJM-RTO,,,ZONE,,38.560000,38.777119,0.193733,0.023386,True,1
9/25/2025 1:50:00 AM,9/24/2025 9:50:00 PM,1,PJM-RTO,,,ZONE,,40.220000,40.415003,0.165869,0.029134,True,1
9/25/2025 1:55:00 AM,9/24/2025 9:55:00 PM,1,PJM-RTO,,,ZONE,,111.220000,111.504589,0.212201,0.072388,True,1
9/25/2025 2:00:00 AM,9/24/2025 10:00:00 PM,1,PJM-RTO,,,ZONE,,44.560000,44.806501,0.219078,0.027423,True,1
9/25/2025 2:05:00 AM,9/24/2025 10:05:00 PM,1,PJM-RTO,,,ZONE,,178.070000,178.996867,0.801098,0.125769,True,1
9/25/2025 2:10:00 AM,9/24/2025 10:10:00 PM,1,PJM-RTO,,,ZONE,,38.720000,39.129405,0.382949,0.026456,True,1
9/25/2025 2:15:00 AM,9/24/2025 10:15:00 PM,1,PJM-RTO,,,ZONE,,111.520000,111.875444,0.288271,0.067173,True,1
9/25/2025 2:20:00 AM,9/24/2025 10:20:00 PM,1,PJM-RTO,,,ZONE,,156.510000,157.029482,0.431926,0.087556,True,1
9/25/2025 2:25:00 AM,9/24/2025 10:25:00 PM,1,PJM-RTO,,,ZONE,,55.210000,55.415028,0.168681,0.036347,True,1
9/25/2025 2:30:00 AM,9/24/2025 10:30:00 PM,1,PJM-RTO,,,ZONE,,31.650000,31.788443,0.112118,0.026325,True,1
9/25/2025 2:35:00 AM,9/24/2025 10:35:00 PM,1,PJM-RTO,,,ZONE,,31.390000,31.514875,0.106889,0.017986,True,1
9/25/2025 2:40:00 AM,9/24/2025 10:40:00 PM,1,PJM-RTO,,,ZONE,,42.500000,42.674111,0.142162,0.031949,True,1
9/25/2025 2:45:00 AM,9/24/2025 10:45:00 PM,1,PJM-RTO,,,ZONE,,53.520000,53.729992,0.175612,0.034380,True,1
9/25/2025 2:50:00 AM,9/24/2025 10:50:00 PM,1,PJM-RTO,,,ZONE,,43.660000,43.819656,0.125203,0.034453,True,1
9/25/2025 2:55:00 AM,9/24/2025 10:55:00 PM,1,PJM-RTO,,,ZONE,,43.790000,43.876864,0.052429,0.034435,True,1
9/25/2025 3:00:00 AM,9/24/2025 11:00:00 PM,1,PJM-RTO,,,ZONE,,36.970000,37.113825,0.121924,0.021901,True,1
9/25/2025 3:05:00 AM,9/24/2025 11:05:00 PM,1,PJM-RTO,,,ZONE,,39.100000,39.199808,0.072726,0.027082,True,1
9/25/2025 3:10:00 AM,9/24/2025 11:10:00 PM,1,PJM-RTO,,,ZONE,,31.210000,31.316914,0.085627,0.021287,True,1
9/25/2025 3:15:00 AM,9/24/2025 11:15:00 PM,1,PJM-RTO,,,ZONE,,41.850000,41.949070,0.076532,0.022538,True,1
9/25/2025 3:20:00 AM,9/24/2025 11:20:00 PM,1,PJM-RTO,,,ZONE,,31.570000,31.670602,0.074766,0.025836,True,1
9/25/2025 3:25:00 AM,9/24/2025 11:25:00 PM,1,PJM-RTO,,,ZONE,,34.920000,34.994281,0.055649,0.018632,True,1
9/25/2025 3:30:00 AM,9/24/2025 11:30:00 PM,1,PJM-RTO,,,ZONE,,34.590000,34.672242,0.056035,0.026208,True,1
9/25/2025 3:35:00 AM,9/24/2025 11:35:00 PM,1,PJM-RTO,,,ZONE,,35.700000,35.879514,0.157498,0.022016,True,1
9/25/2025 3:40:00 AM,9/24/2025 11:40:00 PM,1,PJM-RTO,,,ZONE,,39.130000,39.318372,0.161963,0.026409,True,1
9/25/2025 3:45:00 AM,9/24/2025 11:45:00 PM,1,PJM-RTO,,,ZONE,,39.870000,40.047596,0.149286,0.028310,True,1
9/25/2025 3:50:00 AM,9/24/2025 11:50:00 PM,1,PJM-RTO,,,ZONE,,41.340000,41.522466,0.148593,0.033873,True,1
9/25/2025 3:55:00 AM,9/24/2025 11:55:00 PM,1,PJM-RTO,,,ZONE,,34.050000,34.190892,0.111593,0.029299,True,1
9/25/2025 4:00:00 AM,9/25/2025 12:00:00 AM,1,PJM-RTO,,,ZONE,,41.360000,41.586484,0.199323,0.027161,True,1
9/25/2025 4:05:00 AM,9/25/2025 12:05:00 AM,1,PJM-RTO,,,ZONE,,54.200000,54.383393,0.142628,0.040765,True,1
9/25/2025 4:10:00 AM,9/25/2025 12:10:00 AM,1,PJM-RTO,,,ZONE,,23.970000,24.008569,0.017960,0.020609,True,1
9/25/2025 4:15:00 AM,9/25/2025 12:15:00 AM,1,PJM-RTO,,,ZONE,,39.620000,39.816759,0.164927,0.031832,True,1
9/25/2025 4:20:00 AM,9/25/2025 12:20:00 AM,1,PJM-RTO,,,ZONE,,33.920000,33.976405,0.036101,0.020304,True,1
9/25/2025 4:25:00 AM,9/25/2025 12:25:00 AM,1,PJM-RTO,,,ZONE,,34.840000,34.931839,0.066799,0.025040,True,1
9/25/2025 4:30:00 AM,9/25/2025 12:30:00 AM,1,PJM-RTO,,,ZONE,,39.520000,39.691174,0.146349,0.024825,True,1
9/25/2025 4:35:00 AM,9/25/2025 12:35:00 AM,1,PJM-RTO,,,ZONE,,233.410000,234.423814,0.830187,0.183627,True,1
9/25/2025 4:40:00 AM,9/25/2025 12:40:00 AM,1,PJM-RTO,,,ZONE,,45.370000,45.490841,0.084068,0.036773,True,1
9/25/2025 4:45:00 AM,9/25/2025 12:45:00 AM,1,PJM-RTO,,,ZONE,,32.570000,32.651676,0.058489,0.023186,True,1
9/25/2025 4:50:00 AM,9/25/2025 12:50:00 AM,1,PJM-RTO,,,ZONE,,24.660000,24.706167,0.027720,0.018447,True,1
9/25/2025 4:55:00 AM,9/25/2025 12:55:00 AM,1,PJM-RTO,,,ZONE,,27.190000,27.243518,0.035963,0.017555,True,1
9/25/2025 5:00:00 AM,9/25/2025 1:00:00 AM,1,PJM-RTO,,,ZONE,,32.340000,32.410570,0.050169,0.020400,True,1
9/25/2025 5:05:00 AM,9/25/2025 1:05:00 AM,1,PJM-RTO,,,ZONE,,28.650000,28.718277,0.048617,0.019660,True,1
9/25/2025 5:10:00 AM,9/25/2025 1:10:00 AM,1,PJM-RTO,,,ZONE,,32.400000,32.472735,0.051873,0.020862,True,1
9/25/2025 5:15:00 AM,9/25/2025 1:15:00 AM,1,PJM-RTO,,,ZONE,,32.060000,32.227929,0.141045,0.026884,True,1
9/25/2025 5:20:00 AM,9/25/2025 1:20:00 AM,1,PJM-RTO,,,ZONE,,33.180000,33.249719,0.046115,0.023605,True,1
9/25/2025 5:25:00 AM,9/25/2025 1:25:00 AM,1,PJM-RTO,,,ZONE,,33.420000,33.493285,0.044259,0.029026,True,1
9/25/2025 5:30:00 AM,9/25/2025 1:30:00 AM,1,PJM-RTO,,,ZONE,,33.400000,33.480717,0.050382,0.030336,True,1
9/25/2025 5:35:00 AM,9/25/2025 1:35:00 AM,1,PJM-RTO,,,ZONE,,33.160000,33.240844,0.051924,0.028921,True,1
9/25/2025 5:40:00 AM,9/25/2025 1:40:00 AM,1,PJM-RTO,,,ZONE,,32.940000,33.006616,0.046962,0.019654,True,1
9/25/2025 5:45:00 AM,9/25/2025 1:45:00 AM,1,PJM-RTO,,,ZONE,,32.800000,32.878742,0.055745,0.022997,True,1
9/25/2025 5:50:00 AM,9/25/2025 1:50:00 AM,1,PJM-RTO,,,ZONE,,30.160000,30.233779,0.052718,0.021062,True,1
9/25/2025 5:55:00 AM,9/25/2025 1:55:00 AM,1,PJM-RTO,,,ZONE,,38.090000,38.203930,0.080159,0.033772,True,1
9/25/2025 6:00:00 AM,9/25/2025 2:00:00 AM,1,PJM-RTO,,,ZONE,,35.040000,35.137480,0.064506,0.032974,True,1
9/25/2025 6:05:00 AM,9/25/2025 2:05:00 AM,1,PJM-RTO,,,ZONE,,37.890000,38.006459,0.083615,0.032844,True,1
9/25/2025 6:10:00 AM,9/25/2025 2:10:00 AM,1,PJM-RTO,,,ZONE,,32.150000,32.217365,0.043422,0.023943,True,1
9/25/2025 6:15:00 AM,9/25/2025 2:15:00 AM,1,PJM-RTO,,,ZONE,,28.510000,28.828232,0.296667,0.021566,True,1
9/25/2025 6:20:00 AM,9/25/2025 2:20:00 AM,1,PJM-RTO,,,ZONE,,26.890000,26.942506,0.036663,0.015842,True,1
9/25/2025 6:25:00 AM,9/25/2025 2:25:00 AM,1,PJM-RTO,,,ZONE,,26.220000,26.380332,0.144943,0.015389,True,1
9/25/2025 6:30:00 AM,9/25/2025 2:30:00 AM,1,PJM-RTO,,,ZONE,,27.720000,27.778261,0.037974,0.020287,True,1
9/25/2025 6:35:00 AM,9/25/2025 2:35:00 AM,1,PJM-RTO,,,ZONE,,27.570000,27.644126,0.047489,0.026637,True,1
9/25/2025 6:40:00 AM,9/25/2025 2:40:00 AM,1,PJM-RTO,,,ZONE,,26.450000,26.505263,0.037820,0.017443,True,1
9/25/2025 6:45:00 AM,9/25/2025 2:45:00 AM,1,PJM-RTO,,,ZONE,,27.230000,27.292829,0.044080,0.018749,True,1
9/25/2025 6:50:00 AM,9/25/2025 2:50:00 AM,1,PJM-RTO,,,ZONE,,25.500000,25.554992,0.035783,0.019209,True,1
9/25/2025 6:55:00 AM,9/25/2025 2:55:00 AM,1,PJM-RTO,,,ZONE,,26.280000,26.353055,0.048068,0.024987,True,1
9/25/2025 7:00:00 AM,9/25/2025 3:00:00 AM,1,PJM-RTO,,,ZONE,,22.800000,22.884854,0.064674,0.020180,True,1
9/25/2025 7:05:00 AM,9/25/2025 3:05:00 AM,1,PJM-RTO,,,ZONE,,24.360000,24.418401,0.038031,0.020370,True,1
9/25/2025 7:10:00 AM,9/25/2025 3:10:00 AM,1,PJM-RTO,,,ZONE,,27.750000,28.092330,0.324051,0.018278,True,1
9/25/2025 7:15:00 AM,9/25/2025 3:15:00 AM,1,PJM-RTO,,,ZONE,,25.980000,26.039447,0.038299,0.021147,True,1
9/25/2025 7:20:00 AM,9/25/2025 3:20:00 AM,1,PJM-RTO,,,ZONE,,26.110000,26.167858,0.040121,0.017737,True,1
9/25/2025 7:25:00 AM,9/25/2025 3:25:00 AM,1,PJM-RTO,,,ZONE,,27.760000,27.838182,0.053763,0.024419,True,1
9/25/2025 7:30:00 AM,9/25/2025 3:30:00 AM,1,PJM-RTO,,,ZONE,,24.410000,24.504268,0.075771,0.018497,True,1
9/25/2025 7:35:00 AM,9/25/2025 3:35:00 AM,1,PJM-RTO,,,ZONE,,26.020000,26.139674,0.102054,0.017620,True,1
9/25/2025 7:40:00 AM,9/25/2025 3:40:00 AM,1,PJM-RTO,,,ZONE,,23.550000,23.598882,0.027456,0.021426,True,1
9/25/2025 7:45:00 AM,9/25/2025 3:45:00 AM,1,PJM-RTO,,,ZONE,,25.670000,25.795236,0.101259,0.023977,True,1
9/25/2025 7:50:00 AM,9/25/2025 3:50:00 AM,1,PJM-RTO,,,ZONE,,24.230000,24.311505,0.067638,0.013867,True,1
9/25/2025 7:55:00 AM,9/25/2025 3:55:00 AM,1,PJM-RTO,,,ZONE,,24.970000,25.021761,0.038378,0.013383,True,1
9/25/2025 8:00:00 AM,9/25/2025 4:00:00 AM,1,PJM-RTO,,,ZONE,,27.170000,27.222282,0.028471,0.023812,True,1
9/25/2025 8:05:00 AM,9/25/2025 4:05:00 AM,1,PJM-RTO,,,ZONE,,29.500000,29.568013,0.040231,0.027782,True,1
9/25/2025 8:10:00 AM,9/25/2025 4:10:00 AM,1,PJM-RTO,,,ZONE,,34.790000,34.871208,0.051144,0.030064,True,1
9/25/2025 8:15:00 AM,9/25/2025 4:15:00 AM,1,PJM-RTO,,,ZONE,,28.730000,28.794935,0.044721,0.020213,True,1
9/25/2025 8:20:00 AM,9/25/2025 4:20:00 AM,1,PJM-RTO,,,ZONE,,32.400000,32.478806,0.054971,0.023835,True,1
9/25/2025 8:25:00 AM,9/25/2025 4:25:00 AM,1,PJM-RTO,,,ZONE,,31.520000,31.598784,0.060325,0.018458,True,1
9/25/2025 8:30:00 AM,9/25/2025 4:30:00 AM,1,PJM-RTO,,,ZONE,,28.190000,28.247509,0.041420,0.016088,True,1
9/25/2025 8:35:00 AM,9/25/2025 4:35:00 AM,1,PJM-RTO,,,ZONE,,37.040000,37.158810,0.092106,0.026705,True,1
9/25/2025 8:40:00 AM,9/25/2025 4:40:00 AM,1,PJM-RTO,,,ZONE,,31.630000,31.707058,0.055736,0.021322,True,1
9/25/2025 8:45:00 AM,9/25/2025 4:45:00 AM,1,PJM-RTO,,,ZONE,,29.720000,29.789586,0.047476,0.022110,True,1
9/25/2025 8:50:00 AM,9/25/2025 4:50:00 AM,1,PJM-RTO,,,ZONE,,31.090000,31.160416,0.048349,0.022067,True,1
9/25/2025 8:55:00 AM,9/25/2025 4:55:00 AM,1,PJM-RTO,,,ZONE,,28.970000,29.051943,0.058007,0.023935,True,1
9/25/2025 9:00:00 AM,9/25/2025 5:00:00 AM,1,PJM-RTO,,,ZONE,,28.580000,28.624586,0.022583,0.022003,True,1
9/25/2025 9:05:00 AM,9/25/2025 5:05:00 AM,1,PJM-RTO,,,ZONE,,27.800000,27.865844,0.035869,0.029975,True,1
9/25/2025 9:10:00 AM,9/25/2025 5:10:00 AM,1,PJM-RTO,,,ZONE,,28.350000,28.427478,0.050394,0.027084,True,1
9/25/2025 9:15:00 AM,9/25/2025 5:15:00 AM,1,PJM-RTO,,,ZONE,,50.360000,50.572602,0.176688,0.035914,True,1
9/25/2025 9:20:00 AM,9/25/2025 5:20:00 AM,1,PJM-RTO,,,ZONE,,37.310000,37.440227,0.097608,0.032618,True,1
9/25/2025 9:25:00 AM,9/25/2025 5:25:00 AM,1,PJM-RTO,,,ZONE,,40.120000,40.218334,0.074012,0.024322,True,1
9/25/2025 9:30:00 AM,9/25/2025 5:30:00 AM,1,PJM-RTO,,,ZONE,,32.810000,32.889863,0.053277,0.026586,True,1
9/25/2025 9:35:00 AM,9/25/2025 5:35:00 AM,1,PJM-RTO,,,ZONE,,38.180000,38.294349,0.090795,0.023554,True,1
9/25/2025 9:40:00 AM,9/25/2025 5:40:00 AM,1,PJM-RTO,,,ZONE,,33.290000,33.375855,0.065406,0.020450,True,1
9/25/2025 9:45:00 AM,9/25/2025 5:45:00 AM,1,PJM-RTO,,,ZONE,,27.850000,27.941366,0.075360,0.016006,True,1
9/25/2025 9:50:00 AM,9/25/2025 5:50:00 AM,1,PJM-RTO,,,ZONE,,30.160000,30.256937,0.074566,0.022371,True,1
9/25/2025 9:55:00 AM,9/25/2025 5:55:00 AM,1,PJM-RTO,,,ZONE,,29.660000,29.727083,0.044834,0.022249,True,1
9/25/2025 10:00:00 AM,9/25/2025 6:00:00 AM,1,PJM-RTO,,,ZONE,,37.490000,37.675701,0.156661,0.029040,True,1
9/25/2025 10:05:00 AM,9/25/2025 6:05:00 AM,1,PJM-RTO,,,ZONE,,94.670000,95.183640,0.438006,0.075634,True,1
9/25/2025 10:10:00 AM,9/25/2025 6:10:00 AM,1,PJM-RTO,,,ZONE,,111.270000,111.933668,0.582813,0.080854,True,1
9/25/2025 10:15:00 AM,9/25/2025 6:15:00 AM,1,PJM-RTO,,,ZONE,,57.380000,57.776160,0.351905,0.044254,True,1
9/25/2025 10:20:00 AM,9/25/2025 6:20:00 AM,1,PJM-RTO,,,ZONE,,109.610000,110.364581,0.685346,0.069235,True,1
9/25/2025 10:25:00 AM,9/25/2025 6:25:00 AM,1,PJM-RTO,,,ZONE,,47.910000,48.205269,0.265652,0.029617,True,1
9/25/2025 10:30:00 AM,9/25/2025 6:30:00 AM,1,PJM-RTO,,,ZONE,,107.160000,107.734683,0.514556,0.060127,True,1
9/25/2025 10:35:00 AM,9/25/2025 6:35:00 AM,1,PJM-RTO,,,ZONE,,60.560000,60.840442,0.250156,0.030287,True,1
9/25/2025 10:40:00 AM,9/25/2025 6:40:00 AM,1,PJM-RTO,,,ZONE,,128.120000,128.723933,0.525992,0.077941,True,1
9/25/2025 10:45:00 AM,9/25/2025 6:45:00 AM,1,PJM-RTO,,,ZONE,,54.200000,54.459208,0.219810,0.039397,True,1
9/25/2025 10:50:00 AM,9/25/2025 6:50:00 AM,1,PJM-RTO,,,ZONE,,57.450000,57.710711,0.219815,0.040895,True,1
9/25/2025 10:55:00 AM,9/25/2025 6:55:00 AM,1,PJM-RTO,,,ZONE,,45.030000,45.192556,0.121602,0.040954,True,1
9/25/2025 11:00:00 AM,9/25/2025 7:00:00 AM,1,PJM-RTO,,,ZONE,,57.910000,58.213412,0.272309,0.031103,True,1
9/25/2025 11:05:00 AM,9/25/2025 7:05:00 AM,1,PJM-RTO,,,ZONE,,56.600000,56.754654,0.124351,0.030303,True,1
9/25/2025 11:10:00 AM,9/25/2025 7:10:00 AM,1,PJM-RTO,,,ZONE,,55.020000,55.128616,0.076473,0.032143,True,1
9/25/2025 11:15:00 AM,9/25/2025 7:15:00 AM,1,PJM-RTO,,,ZONE,,108.520000,108.927973,0.337274,0.070698,True,1
9/25/2025 11:20:00 AM,9/25/2025 7:20:00 AM,1,PJM-RTO,,,ZONE,,58.310000,58.591679,0.240409,0.041270,True,1
9/25/2025 11:25:00 AM,9/25/2025 7:25:00 AM,1,PJM-RTO,,,ZONE,,131.560000,132.063530,0.413662,0.089867,True,1
9/25/2025 11:30:00 AM,9/25/2025 7:30:00 AM,1,PJM-RTO,,,ZONE,,71.410000,71.829808,0.366904,0.052904,True,1
9/25/2025 11:35:00 AM,9/25/2025 7:35:00 AM,1,PJM-RTO,,,ZONE,,65.430000,65.747212,0.268557,0.048655,True,1
9/25/2025 11:40:00 AM,9/25/2025 7:40:00 AM,1,PJM-RTO,,,ZONE,,114.180000,114.820818,0.555656,0.085161,True,1
9/25/2025 11:45:00 AM,9/25/2025 7:45:00 AM,1,PJM-RTO,,,ZONE,,56.700000,56.901484,0.155374,0.046110,True,1
9/25/2025 11:50:00 AM,9/25/2025 7:50:00 AM,1,PJM-RTO,,,ZONE,,129.600000,130.301744,0.609160,0.092584,True,1
9/25/2025 11:55:00 AM,9/25/2025 7:55:00 AM,1,PJM-RTO,,,ZONE,,77.770000,78.228192,0.405906,0.052286,True,1
9/25/2025 12:00:00 PM,9/25/2025 8:00:00 AM,1,PJM-RTO,,,ZONE,,59.470000,59.754339,0.240430,0.043909,True,1
9/25/2025 12:05:00 PM,9/25/2025 8:05:00 AM,1,PJM-RTO,,,ZONE,,56.050000,56.332102,0.247050,0.035052,True,1
9/25/2025 12:10:00 PM,9/25/2025 8:10:00 AM,1,PJM-RTO,,,ZONE,,57.130000,57.440162,0.271990,0.038172,True,1
9/25/2025 12:15:00 PM,9/25/2025 8:15:00 AM,1,PJM-RTO,,,ZONE,,56.640000,56.965236,0.276691,0.048545,True,1
9/25/2025 12:20:00 PM,9/25/2025 8:20:00 AM,1,PJM-RTO,,,ZONE,,78.540000,78.946809,0.347515,0.059294,True,1
9/25/2025 12:25:00 PM,9/25/2025 8:25:00 AM,1,PJM-RTO,,,ZONE,,78.540000,78.946809,0.347515,0.059294,True,1
9/25/2025 12:30:00 PM,9/25/2025 8:30:00 AM,1,PJM-RTO,,,ZONE,,50.840000,51.152380,0.272763,0.039617,True,1
9/25/2025 12:35:00 PM,9/25/2025 8:35:00 AM,1,PJM-RTO,,,ZONE,,53.050000,53.387926,0.293148,0.044778,True,1
9/25/2025 12:40:00 PM,9/25/2025 8:40:00 AM,1,PJM-RTO,,,ZONE,,75.670000,76.333671,0.604597,0.059074,True,1
9/25/2025 12:45:00 PM,9/25/2025 8:45:00 AM,1,PJM-RTO,,,ZONE,,73.440000,74.044233,0.558620,0.045613,True,1
9/25/2025 12:50:00 PM,9/25/2025 8:50:00 AM,1,PJM-RTO,,,ZONE,,60.820000,61.373041,0.510339,0.042702,True,1
9/25/2025 12:55:00 PM,9/25/2025 8:55:00 AM,1,PJM-RTO,,,ZONE,,60.790000,61.303369,0.472884,0.040485,True,1
9/25/2025 1:00:00 PM,9/25/2025 9:00:00 AM,1,PJM-RTO,,,ZONE,,110.200000,110.680816,0.411476,0.069340,True,1
9/25/2025 1:05:00 PM,9/25/2025 9:05:00 AM,1,PJM-RTO,,,ZONE,,106.710000,107.275473,0.491048,0.074424,True,1
9/25/2025 1:10:00 PM,9/25/2025 9:10:00 AM,1,PJM-RTO,,,ZONE,,154.800000,155.389785,0.490727,0.099058,True,1
9/25/2025 1:15:00 PM,9/25/2025 9:15:00 AM,1,PJM-RTO,,,ZONE,,173.420000,174.001762,0.454862,0.126900,True,1
9/25/2025 1:20:00 PM,9/25/2025 9:20:00 AM,1,PJM-RTO,,,ZONE,,148.800000,149.299757,0.385808,0.113950,True,1
9/25/2025 1:25:00 PM,9/25/2025 9:25:00 AM,1,PJM-RTO,,,ZONE,,130.730000,131.124328,0.304553,0.089775,True,1
9/25/2025 1:30:00 PM,9/25/2025 9:30:00 AM,1,PJM-RTO,,,ZONE,,89.490000,89.809527,0.248503,0.071023,True,1
9/25/2025 1:35:00 PM,9/25/2025 9:35:00 AM,1,PJM-RTO,,,ZONE,,48.290000,48.533084,0.211961,0.031123,True,1
9/25/2025 1:40:00 PM,9/25/2025 9:40:00 AM,1,PJM-RTO,,,ZONE,,44.950000,45.265947,0.283477,0.032471,True,1
9/25/2025 1:45:00 PM,9/25/2025 9:45:00 AM,1,PJM-RTO,,,ZONE,,31.300000,31.506535,0.189611,0.016924,True,1
9/25/2025 1:50:00 PM,9/25/2025 9:50:00 AM,1,PJM-RTO,,,ZONE,,36.860000,37.091515,0.202676,0.028839,True,1
9/25/2025 1:55:00 PM,9/25/2025 9:55:00 AM,1,PJM-RTO,,,ZONE,,40.900000,41.211397,0.288727,0.022670,True,1
9/25/2025 2:00:00 PM,9/25/2025 10:00:00 AM,1,PJM-RTO,,,ZONE,,37.410000,37.488820,0.055457,0.023363,True,1
9/25/2025 2:05:00 PM,9/25/2025 10:05:00 AM,1,PJM-RTO,,,ZONE,,39.400000,39.610869,0.184167,0.026702,True,1
9/25/2025 2:10:00 PM,9/25/2025 10:10:00 AM,1,PJM-RTO,,,ZONE,,34.580000,34.646312,0.043693,0.022619,True,1
9/25/2025 2:15:00 PM,9/25/2025 10:15:00 AM,1,PJM-RTO,,,ZONE,,46.740000,47.017468,0.243917,0.033551,True,1
9/25/2025 2:20:00 PM,9/25/2025 10:20:00 AM,1,PJM-RTO,,,ZONE,,44.680000,44.911975,0.196257,0.035717,True,1
9/25/2025 2:25:00 PM,9/25/2025 10:25:00 AM,1,PJM-RTO,,,ZONE,,46.560000,46.819397,0.234209,0.025187,True,1
9/25/2025 2:30:00 PM,9/25/2025 10:30:00 AM,1,PJM-RTO,,,ZONE,,45.000000,45.240921,0.207129,0.033791,True,1
9/25/2025 2:35:00 PM,9/25/2025 10:35:00 AM,1,PJM-RTO,,,ZONE,,41.390000,41.647248,0.226934,0.030314,True,1
9/25/2025 2:40:00 PM,9/25/2025 10:40:00 AM,1,PJM-RTO,,,ZONE,,52.150000,52.427297,0.244506,0.032791,True,1
9/25/2025 2:45:00 PM,9/25/2025 10:45:00 AM,1,PJM-RTO,,,ZONE,,45.250000,45.480428,0.202577,0.027850,True,1
9/25/2025 2:50:00 PM,9/25/2025 10:50:00 AM,1,PJM-RTO,,,ZONE,,46.220000,46.483665,0.231815,0.031850,True,1
9/25/2025 2:55:00 PM,9/25/2025 10:55:00 AM,1,PJM-RTO,,,ZONE,,57.390000,57.668028,0.241839,0.036189,True,1
9/25/2025 3:00:00 PM,9/25/2025 11:00:00 AM,1,PJM-RTO,,,ZONE,,47.180000,47.428271,0.216759,0.031512,True,1
9/25/2025 3:05:00 PM,9/25/2025 11:05:00 AM,1,PJM-RTO,,,ZONE,,47.730000,47.972570,0.214945,0.027625,True,1
9/25/2025 3:10:00 PM,9/25/2025 11:10:00 AM,1,PJM-RTO,,,ZONE,,49.690000,49.954559,0.236106,0.028453,True,1
9/25/2025 3:15:00 PM,9/25/2025 11:15:00 AM,1,PJM-RTO,,,ZONE,,48.020000,48.253868,0.199209,0.034659,True,1
9/25/2025 3:20:00 PM,9/25/2025 11:20:00 AM,1,PJM-RTO,,,ZONE,,141.830000,142.473864,0.536122,0.107743,True,1
9/25/2025 3:25:00 PM,9/25/2025 11:25:00 AM,1,PJM-RTO,,,ZONE,,46.910000,47.112034,0.164809,0.037225,True,1
9/25/2025 3:30:00 PM,9/25/2025 11:30:00 AM,1,PJM-RTO,,,ZONE,,85.470000,85.785760,0.261778,0.053981,True,1
9/25/2025 3:35:00 PM,9/25/2025 11:35:00 AM,1,PJM-RTO,,,ZONE,,85.180000,85.611979,0.378380,0.053599,True,1
9/25/2025 3:40:00 PM,9/25/2025 11:40:00 AM,1,PJM-RTO,,,ZONE,,56.090000,56.341860,0.217933,0.033927,True,1
9/25/2025 3:45:00 PM,9/25/2025 11:45:00 AM,1,PJM-RTO,,,ZONE,,37.570000,37.728586,0.133354,0.025232,True,1
9/25/2025 3:50:00 PM,9/25/2025 11:50:00 AM,1,PJM-RTO,,,ZONE,,46.400000,46.622383,0.187329,0.035054,True,1
9/25/2025 3:55:00 PM,9/25/2025 11:55:00 AM,1,PJM-RTO,,,ZONE,,24.470000,24.642238,0.156559,0.015679,True,1
9/25/2025 4:00:00 PM,9/25/2025 12:00:00 PM,1,PJM-RTO,,,ZONE,,31.380000,31.598294,0.200643,0.017651,True,1
9/25/2025 4:05:00 PM,9/25/2025 12:05:00 PM,1,PJM-RTO,,,ZONE,,33.020000,33.159484,0.122932,0.016552,True,1
9/25/2025 4:10:00 PM,9/25/2025 12:10:00 PM,1,PJM-RTO,,,ZONE,,36.740000,36.973272,0.217320,0.015953,True,1
9/25/2025 4:15:00 PM,9/25/2025 12:15:00 PM,1,PJM-RTO,,,ZONE,,34.520000,34.606398,0.068411,0.017987,True,1
9/25/2025 4:20:00 PM,9/25/2025 12:20:00 PM,1,PJM-RTO,,,ZONE,,32.960000,33.123434,0.142071,0.021364,True,1
9/25/2025 4:25:00 PM,9/25/2025 12:25:00 PM,1,PJM-RTO,,,ZONE,,46.060000,46.250447,0.164736,0.025711,True,1
9/25/2025 4:30:00 PM,9/25/2025 12:30:00 PM,1,PJM-RTO,,,ZONE,,40.670000,40.853429,0.153052,0.030378,True,1
9/25/2025 4:35:00 PM,9/25/2025 12:35:00 PM,1,PJM-RTO,,,ZONE,,47.460000,47.667189,0.172747,0.034443,True,1
9/25/2025 4:40:00 PM,9/25/2025 12:40:00 PM,1,PJM-RTO,,,ZONE,,44.030000,44.226950,0.170838,0.026112,True,1
9/25/2025 4:45:00 PM,9/25/2025 12:45:00 PM,1,PJM-RTO,,,ZONE,,44.940000,45.162101,0.188498,0.033603,True,1
9/25/2025 4:50:00 PM,9/25/2025 12:50:00 PM,1,PJM-RTO,,,ZONE,,39.400000,39.587524,0.162497,0.025026,True,1
9/25/2025 4:55:00 PM,9/25/2025 12:55:00 PM,1,PJM-RTO,,,ZONE,,43.550000,43.758820,0.182854,0.025966,True,1
9/25/2025 5:00:00 PM,9/25/2025 1:00:00 PM,1,PJM-RTO,,,ZONE,,47.000000,47.206190,0.188737,0.017453,True,1
9/25/2025 5:05:00 PM,9/25/2025 1:05:00 PM,1,PJM-RTO,,,ZONE,,42.260000,42.464671,0.177007,0.027664,True,1
9/25/2025 5:10:00 PM,9/25/2025 1:10:00 PM,1,PJM-RTO,,,ZONE,,45.490000,45.665370,0.158348,0.017022,True,1
9/25/2025 5:15:00 PM,9/25/2025 1:15:00 PM,1,PJM-RTO,,,ZONE,,53.880000,54.120002,0.213251,0.026751,True,1
9/25/2025 5:20:00 PM,9/25/2025 1:20:00 PM,1,PJM-RTO,,,ZONE,,46.260000,46.456873,0.173738,0.023135,True,1
9/25/2025 5:25:00 PM,9/25/2025 1:25:00 PM,1,PJM-RTO,,,ZONE,,50.480000,50.699447,0.191618,0.027829,True,1
9/25/2025 5:30:00 PM,9/25/2025 1:30:00 PM,1,PJM-RTO,,,ZONE,,51.410000,51.664605,0.229877,0.024727,True,1
9/25/2025 5:35:00 PM,9/25/2025 1:35:00 PM,1,PJM-RTO,,,ZONE,,48.320000,48.537251,0.183389,0.033861,True,1
9/25/2025 5:40:00 PM,9/25/2025 1:40:00 PM,1,PJM-RTO,,,ZONE,,48.750000,48.961316,0.176573,0.034744,True,1
9/25/2025 5:45:00 PM,9/25/2025 1:45:00 PM,1,PJM-RTO,,,ZONE,,47.170000,47.386099,0.179409,0.036689,True,1
9/25/2025 5:50:00 PM,9/25/2025 1:50:00 PM,1,PJM-RTO,,,ZONE,,46.980000,47.206449,0.182988,0.043461,True,1
9/25/2025 5:55:00 PM,9/25/2025 1:55:00 PM,1,PJM-RTO,,,ZONE,,45.080000,45.303987,0.181135,0.042852,True,1
9/25/2025 6:00:00 PM,9/25/2025 2:00:00 PM,1,PJM-RTO,,,ZONE,,46.310000,46.599968,0.252917,0.037051,True,1
9/25/2025 6:05:00 PM,9/25/2025 2:05:00 PM,1,PJM-RTO,,,ZONE,,44.000000,44.247934,0.214109,0.033825,True,1
9/25/2025 6:10:00 PM,9/25/2025 2:10:00 PM,1,PJM-RTO,,,ZONE,,41.390000,41.601189,0.191250,0.019938,True,1
9/25/2025 6:15:00 PM,9/25/2025 2:15:00 PM,1,PJM-RTO,,,ZONE,,45.220000,45.508398,0.263102,0.025295,True,1
9/25/2025 6:20:00 PM,9/25/2025 2:20:00 PM,1,PJM-RTO,,,ZONE,,39.150000,39.359527,0.178730,0.030797,True,1
9/25/2025 6:25:00 PM,9/25/2025 2:25:00 PM,1,PJM-RTO,,,ZONE,,40.320000,40.491861,0.146847,0.025014,True,1
9/25/2025 6:30:00 PM,9/25/2025 2:30:00 PM,1,PJM-RTO,,,ZONE,,49.820000,50.038629,0.195506,0.023123,True,1
9/25/2025 6:35:00 PM,9/25/2025 2:35:00 PM,1,PJM-RTO,,,ZONE,,48.420000,48.498215,0.051795,0.026421,True,1
9/25/2025 6:40:00 PM,9/25/2025 2:40:00 PM,1,PJM-RTO,,,ZONE,,52.020000,52.194531,0.132736,0.041795,True,1
9/25/2025 6:45:00 PM,9/25/2025 2:45:00 PM,1,PJM-RTO,,,ZONE,,54.130000,54.255971,0.078846,0.047126,True,1
9/25/2025 6:50:00 PM,9/25/2025 2:50:00 PM,1,PJM-RTO,,,ZONE,,55.650000,55.755812,0.067909,0.037903,True,1
9/25/2025 6:55:00 PM,9/25/2025 2:55:00 PM,1,PJM-RTO,,,ZONE,,49.420000,49.655917,0.203517,0.032400,True,1
9/25/2025 7:00:00 PM,9/25/2025 3:00:00 PM,1,PJM-RTO,,,ZONE,,55.200000,55.484510,0.241807,0.042703,True,1
9/25/2025 7:05:00 PM,9/25/2025 3:05:00 PM,1,PJM-RTO,,,ZONE,,80.610000,81.011748,0.337324,0.064424,True,1
9/25/2025 7:10:00 PM,9/25/2025 3:10:00 PM,1,PJM-RTO,,,ZONE,,65.260000,65.551373,0.243413,0.047960,True,1
9/25/2025 7:15:00 PM,9/25/2025 3:15:00 PM,1,PJM-RTO,,,ZONE,,65.260000,65.551373,0.243413,0.047960,True,1
9/25/2025 7:20:00 PM,9/25/2025 3:20:00 PM,1,PJM-RTO,,,ZONE,,65.260000,65.551373,0.243413,0.047960,True,1
9/25/2025 7:25:00 PM,9/25/2025 3:25:00 PM,1,PJM-RTO,,,ZONE,,65.260000,65.551373,0.243413,0.047960,True,1
9/25/2025 7:30:00 PM,9/25/2025 3:30:00 PM,1,PJM-RTO,,,ZONE,,65.260000,65.551373,0.243413,0.047960,True,1
9/25/2025 7:35:00 PM,9/25/2025 3:35:00 PM,1,PJM-RTO,,,ZONE,,65.260000,65.551373,0.243413,0.047960,True,1
9/25/2025 7:40:00 PM,9/25/2025 3:40:00 PM,1,PJM-RTO,,,ZONE,,65.260000,65.551373,0.243413,0.047960,True,1
9/25/2025 7:45:00 PM,9/25/2025 3:45:00 PM,1,PJM-RTO,,,ZONE,,65.260000,65.551373,0.243413,0.047960,True,1
9/25/2025 7:50:00 PM,9/25/2025 3:50:00 PM,1,PJM-RTO,,,ZONE,,65.260000,65.551373,0.243413,0.047960,True,1
9/25/2025 7:55:00 PM,9/25/2025 3:55:00 PM,1,PJM-RTO,,,ZONE,,65.260000,65.551373,0.243413,0.047960,True,1
9/25/2025 8:00:00 PM,9/25/2025 4:00:00 PM,1,PJM-RTO,,,ZONE,,65.260000,65.434232,0.123931,0.050301,True,1
9/25/2025 8:05:00 PM,9/25/2025 4:05:00 PM,1,PJM-RTO,,,ZONE,,65.260000,65.434232,0.123931,0.050301,True,1
9/25/2025 8:10:00 PM,9/25/2025 4:10:00 PM,1,PJM-RTO,,,ZONE,,47.360000,47.528235,0.139354,0.028881,True,1
9/25/2025 8:15:00 PM,9/25/2025 4:15:00 PM,1,PJM-RTO,,,ZONE,,57.880000,58.059150,0.142172,0.036978,True,1
9/25/2025 8:20:00 PM,9/25/2025 4:20:00 PM,1,PJM-RTO,,,ZONE,,58.080000,58.245764,0.124748,0.041016,True,1
9/25/2025 8:25:00 PM,9/25/2025 4:25:00 PM,1,PJM-RTO,,,ZONE,,56.800000,56.958319,0.117747,0.040571,True,1
9/25/2025 8:30:00 PM,9/25/2025 4:30:00 PM,1,PJM-RTO,,,ZONE,,42.540000,42.641661,0.072694,0.028967,True,1
9/25/2025 8:35:00 PM,9/25/2025 4:35:00 PM,1,PJM-RTO,,,ZONE,,49.990000,50.240668,0.222680,0.027988,True,1
9/25/2025 8:40:00 PM,9/25/2025 4:40:00 PM,1,PJM-RTO,,,ZONE,,47.020000,47.124419,0.081660,0.022759,True,1
9/25/2025 8:45:00 PM,9/25/2025 4:45:00 PM,1,PJM-RTO,,,ZONE,,47.160000,47.251063,0.073463,0.017600,True,1
9/25/2025 8:50:00 PM,9/25/2025 4:50:00 PM,1,PJM-RTO,,,ZONE,,47.870000,47.984417,0.092300,0.022117,True,1
9/25/2025 8:55:00 PM,9/25/2025 4:55:00 PM,1,PJM-RTO,,,ZONE,,52.220000,52.355791,0.113005,0.022786,True,1
9/25/2025 9:00:00 PM,9/25/2025 5:00:00 PM,1,PJM-RTO,,,ZONE,,93.330000,93.683976,0.296613,0.057363,True,1
9/25/2025 9:05:00 PM,9/25/2025 5:05:00 PM,1,PJM-RTO,,,ZONE,,93.330000,93.683976,0.296613,0.057363,True,1
9/25/2025 9:10:00 PM,9/25/2025 5:10:00 PM,1,PJM-RTO,,,ZONE,,93.330000,93.683976,0.296613,0.057363,True,1
9/25/2025 9:15:00 PM,9/25/2025 5:15:00 PM,1,PJM-RTO,,,ZONE,,93.330000,93.683976,0.296613,0.057363,True,1
9/25/2025 9:20:00 PM,9/25/2025 5:20:00 PM,1,PJM-RTO,,,ZONE,,93.330000,93.683976,0.296613,0.057363,True,1
9/25/2025 9:25:00 PM,9/25/2025 5:25:00 PM,1,PJM-RTO,,,ZONE,,93.330000,93.683976,0.296613,0.057363,True,1
9/25/2025 9:30:00 PM,9/25/2025 5:30:00 PM,1,PJM-RTO,,,ZONE,,93.330000,93.683976,0.296613,0.057363,True,1
9/25/2025 9:35:00 PM,9/25/2025 5:35:00 PM,1,PJM-RTO,,,ZONE,,93.330000,93.683976,0.296613,0.057363,True,1
9/25/2025 9:40:00 PM,9/25/2025 5:40:00 PM,1,PJM-RTO,,,ZONE,,76.770000,77.029623,0.194235,0.065388,True,1
9/25/2025 9:45:00 PM,9/25/2025 5:45:00 PM,1,PJM-RTO,,,ZONE,,80.000000,80.334175,0.278807,0.055368,True,1
9/25/2025 9:50:00 PM,9/25/2025 5:50:00 PM,1,PJM-RTO,,,ZONE,,78.070000,78.275790,0.148649,0.057141,True,1
9/25/2025 9:55:00 PM,9/25/2025 5:55:00 PM,1,PJM-RTO,,,ZONE,,86.510000,86.694999,0.123173,0.061826,True,1
9/25/2025 10:00:00 PM,9/25/2025 6:00:00 PM,1,PJM-RTO,,,ZONE,,78.110000,78.250535,0.108152,0.032382,True,1
9/25/2025 10:05:00 PM,9/25/2025 6:05:00 PM,1,PJM-RTO,,,ZONE,,62.860000,62.977525,0.088757,0.028768,True,1
9/25/2025 10:10:00 PM,9/25/2025 6:10:00 PM,1,PJM-RTO,,,ZONE,,85.170000,85.345108,0.133519,0.041589,True,1
9/25/2025 10:15:00 PM,9/25/2025 6:15:00 PM,1,PJM-RTO,,,ZONE,,92.560000,92.785283,0.159989,0.065294,True,1
9/25/2025 10:20:00 PM,9/25/2025 6:20:00 PM,1,PJM-RTO,,,ZONE,,121.300000,121.296796,-0.085814,0.082610,True,1
9/25/2025 10:25:00 PM,9/25/2025 6:25:00 PM,1,PJM-RTO,,,ZONE,,160.420000,160.683466,0.160196,0.103270,True,1
9/25/2025 10:30:00 PM,9/25/2025 6:30:00 PM,1,PJM-RTO,,,ZONE,,126.240000,126.335677,-0.004566,0.100243,True,1
9/25/2025 10:35:00 PM,9/25/2025 6:35:00 PM,1,PJM-RTO,,,ZONE,,121.340000,121.447911,0.018700,0.089211,True,1
9/25/2025 10:40:00 PM,9/25/2025 6:40:00 PM,1,PJM-RTO,,,ZONE,,123.100000,123.202512,0.021461,0.081052,True,1
9/25/2025 10:45:00 PM,9/25/2025 6:45:00 PM,1,PJM-RTO,,,ZONE,,123.540000,123.475751,-0.124290,0.060041,True,1
9/25/2025 10:50:00 PM,9/25/2025 6:50:00 PM,1,PJM-RTO,,,ZONE,,164.640000,165.043449,0.311962,0.091487,True,1
9/25/2025 10:55:00 PM,9/25/2025 6:55:00 PM,1,PJM-RTO,,,ZONE,,117.620000,117.930241,0.235579,0.074661,True,1
9/25/2025 11:00:00 PM,9/25/2025 7:00:00 PM,1,PJM-RTO,,,ZONE,,108.940000,108.908201,-0.098466,0.066667,True,1
9/25/2025 11:05:00 PM,9/25/2025 7:05:00 PM,1,PJM-RTO,,,ZONE,,138.050000,138.009772,-0.129312,0.089084,True,1
9/25/2025 11:10:00 PM,9/25/2025 7:10:00 PM,1,PJM-RTO,,,ZONE,,197.770000,198.018286,0.133515,0.114771,True,1
9/25/2025 11:15:00 PM,9/25/2025 7:15:00 PM,1,PJM-RTO,,,ZONE,,302.850000,303.387312,0.344214,0.193097,True,1
9/25/2025 11:20:00 PM,9/25/2025 7:20:00 PM,1,PJM-RTO,,,ZONE,,116.880000,117.095463,0.122222,0.093241,True,1
9/25/2025 11:25:00 PM,9/25/2025 7:25:00 PM,1,PJM-RTO,,,ZONE,,198.770000,199.068776,0.173017,0.125759,True,1
9/25/2025 11:30:00 PM,9/25/2025 7:30:00 PM,1,PJM-RTO,,,ZONE,,302.550000,302.984191,0.288388,0.145803,True,1
9/25/2025 11:35:00 PM,9/25/2025 7:35:00 PM,1,PJM-RTO,,,ZONE,,382.600000,382.794606,0.007951,0.186655,True,1
9/25/2025 11:40:00 PM,9/25/2025 7:40:00 PM,1,PJM-RTO,,,ZONE,,119.280000,119.401939,0.063557,0.058382,True,1
9/25/2025 11:45:00 PM,9/25/2025 7:45:00 PM,1,PJM-RTO,,,ZONE,,339.640000,340.373529,0.546018,0.187511,True,1
9/25/2025 11:50:00 PM,9/25/2025 7:50:00 PM,1,PJM-RTO,,,ZONE,,345.740000,346.216445,0.275251,0.201193,True,1
9/25/2025 11:55:00 PM,9/25/2025 7:55:00 PM,1,PJM-RTO,,,ZONE,,958.450000,959.384851,0.363225,0.571626,True,1
9/26/2025 12:00:00 AM,9/25/2025 8:00:00 PM,1,PJM-RTO,,,ZONE,,958.450000,959.306327,0.534110,0.322217,True,1
9/26/2025 12:05:00 AM,9/25/2025 8:05:00 PM,1,PJM-RTO,,,ZONE,,958.450000,959.306327,0.534110,0.322217,True,1
9/26/2025 12:10:00 AM,9/25/2025 8:10:00 PM,1,PJM-RTO,,,ZONE,,304.480000,305.242180,0.592535,0.169644,True,1
9/26/2025 12:15:00 AM,9/25/2025 8:15:00 PM,1,PJM-RTO,,,ZONE,,165.090000,165.369509,0.176846,0.102663,True,1
9/26/2025 12:20:00 AM,9/25/2025 8:20:00 PM,1,PJM-RTO,,,ZONE,,81.170000,81.353359,0.140378,0.042981,True,1
9/26/2025 12:25:00 AM,9/25/2025 8:25:00 PM,1,PJM-RTO,,,ZONE,,49.720000,49.815706,0.070859,0.024846,True,1
9/26/2025 12:30:00 AM,9/25/2025 8:30:00 PM,1,PJM-RTO,,,ZONE,,53.440000,53.571632,0.092900,0.038732,True,1
9/26/2025 12:35:00 AM,9/25/2025 8:35:00 PM,1,PJM-RTO,,,ZONE,,50.090000,50.182066,0.061352,0.030714,True,1
9/26/2025 12:40:00 AM,9/25/2025 8:40:00 PM,1,PJM-RTO,,,ZONE,,46.680000,46.786163,0.068676,0.037487,True,1
9/26/2025 12:45:00 AM,9/25/2025 8:45:00 PM,1,PJM-RTO,,,ZONE,,43.540000,43.627832,0.055713,0.032119,True,1
9/26/2025 12:50:00 AM,9/25/2025 8:50:00 PM,1,PJM-RTO,,,ZONE,,42.600000,42.682160,0.050450,0.031710,True,1
9/26/2025 12:55:00 AM,9/25/2025 8:55:00 PM,1,PJM-RTO,,,ZONE,,54.910000,54.999709,0.054848,0.034861,True,1
9/26/2025 1:00:00 AM,9/25/2025 9:00:00 PM,1,PJM-RTO,,,ZONE,,45.440000,45.554189,0.094464,0.019725,True,1
9/26/2025 1:05:00 AM,9/25/2025 9:05:00 PM,1,PJM-RTO,,,ZONE,,55.940000,56.082335,0.109930,0.032405,True,1
9/26/2025 1:10:00 AM,9/25/2025 9:10:00 PM,1,PJM-RTO,,,ZONE,,74.690000,74.890493,0.159309,0.041183,True,1
9/26/2025 1:15:00 AM,9/25/2025 9:15:00 PM,1,PJM-RTO,,,ZONE,,52.090000,52.201863,0.076244,0.035619,True,1
9/26/2025 1:20:00 AM,9/25/2025 9:20:00 PM,1,PJM-RTO,,,ZONE,,53.730000,53.847897,0.078571,0.039326,True,1
9/26/2025 1:25:00 AM,9/25/2025 9:25:00 PM,1,PJM-RTO,,,ZONE,,59.030000,59.147695,0.081481,0.036214,True,1
9/26/2025 1:30:00 AM,9/25/2025 9:30:00 PM,1,PJM-RTO,,,ZONE,,91.220000,91.474080,0.197089,0.056991,True,1
9/26/2025 1:35:00 AM,9/25/2025 9:35:00 PM,1,PJM-RTO,,,ZONE,,56.100000,56.224858,0.094757,0.030101,True,1
9/26/2025 1:40:00 AM,9/25/2025 9:40:00 PM,1,PJM-RTO,,,ZONE,,56.290000,56.409479,0.090603,0.028876,True,1
9/26/2025 1:45:00 AM,9/25/2025 9:45:00 PM,1,PJM-RTO,,,ZONE,,55.040000,55.161421,0.088470,0.032951,True,1
9/26/2025 1:50:00 AM,9/25/2025 9:50:00 PM,1,PJM-RTO,,,ZONE,,50.270000,50.390820,0.084804,0.036016,True,1
9/26/2025 1:55:00 AM,9/25/2025 9:55:00 PM,1,PJM-RTO,,,ZONE,,54.220000,54.345747,0.092621,0.033126,True,1
9/26/2025 2:00:00 AM,9/25/2025 10:00:00 PM,1,PJM-RTO,,,ZONE,,85.440000,85.843546,0.348535,0.055011,True,1
9/26/2025 2:05:00 AM,9/25/2025 10:05:00 PM,1,PJM-RTO,,,ZONE,,97.690000,98.126571,0.376890,0.059681,True,1
9/26/2025 2:10:00 AM,9/25/2025 10:10:00 PM,1,PJM-RTO,,,ZONE,,118.540000,119.053316,0.442589,0.070726,True,1
9/26/2025 2:15:00 AM,9/25/2025 10:15:00 PM,1,PJM-RTO,,,ZONE,,51.430000,51.533104,0.079356,0.023747,True,1
9/26/2025 2:20:00 AM,9/25/2025 10:20:00 PM,1,PJM-RTO,,,ZONE,,94.350000,94.602648,0.196282,0.056366,True,1
9/26/2025 2:25:00 AM,9/25/2025 10:25:00 PM,1,PJM-RTO,,,ZONE,,36.400000,36.466082,0.044685,0.021397,True,1
9/26/2025 2:30:00 AM,9/25/2025 10:30:00 PM,1,PJM-RTO,,,ZONE,,38.770000,38.857617,0.065320,0.022297,True,1
9/26/2025 2:35:00 AM,9/25/2025 10:35:00 PM,1,PJM-RTO,,,ZONE,,34.940000,35.014902,0.049531,0.025371,True,1
9/26/2025 2:40:00 AM,9/25/2025 10:40:00 PM,1,PJM-RTO,,,ZONE,,33.080000,33.162308,0.053075,0.029232,True,1
9/26/2025 2:45:00 AM,9/25/2025 10:45:00 PM,1,PJM-RTO,,,ZONE,,31.690000,31.754141,0.041715,0.022426,True,1
9/26/2025 2:50:00 AM,9/25/2025 10:50:00 PM,1,PJM-RTO,,,ZONE,,34.770000,34.835773,0.049703,0.016070,True,1
9/26/2025 2:55:00 AM,9/25/2025 10:55:00 PM,1,PJM-RTO,,,ZONE,,31.870000,31.913404,0.021397,0.022008,True,1
9/26/2025 3:00:00 AM,9/25/2025 11:00:00 PM,1,PJM-RTO,,,ZONE,,38.870000,39.082432,0.190194,0.022237,True,1
9/26/2025 3:05:00 AM,9/25/2025 11:05:00 PM,1,PJM-RTO,,,ZONE,,38.500000,38.621584,0.094610,0.026974,True,1
9/26/2025 3:10:00 AM,9/25/2025 11:10:00 PM,1,PJM-RTO,,,ZONE,,45.440000,45.788909,0.329318,0.019591,True,1
9/26/2025 3:15:00 AM,9/25/2025 11:15:00 PM,1,PJM-RTO,,,ZONE,,50.690000,50.869221,0.146538,0.032684,True,1
9/26/2025 3:20:00 AM,9/25/2025 11:20:00 PM,1,PJM-RTO,,,ZONE,,42.280000,42.386572,0.081415,0.025156,True,1
9/26/2025 3:25:00 AM,9/25/2025 11:25:00 PM,1,PJM-RTO,,,ZONE,,41.470000,41.557323,0.060187,0.027137,True,1
9/26/2025 3:30:00 AM,9/25/2025 11:30:00 PM,1,PJM-RTO,,,ZONE,,56.550000,56.671023,0.083528,0.037496,True,1
9/26/2025 3:35:00 AM,9/25/2025 11:35:00 PM,1,PJM-RTO,,,ZONE,,153.890000,154.257575,0.264607,0.102968,True,1
9/26/2025 3:40:00 AM,9/25/2025 11:40:00 PM,1,PJM-RTO,,,ZONE,,177.310000,177.745336,0.302755,0.132581,True,1
9/26/2025 3:45:00 AM,9/25/2025 11:45:00 PM,1,PJM-RTO,,,ZONE,,174.880000,175.323927,0.310057,0.133870,True,1
9/26/2025 3:50:00 AM,9/25/2025 11:50:00 PM,1,PJM-RTO,,,ZONE,,54.570000,54.696455,0.093868,0.032586,True,1
9/26/2025 3:55:00 AM,9/25/2025 11:55:00 PM,1,PJM-RTO,,,ZONE,,26.410000,26.460270,0.031351,0.018919,True,1
