i,t,s,ep_hol
0,0,0,0.0
0,0,1,0.0
0,0,2,0.0
0,0,3,0.0
0,0,4,0.0
0,0,5,0.0
0,0,6,0.0
0,0,7,0.0
0,0,8,0.0
0,0,9,0.0
0,0,10,0.0
0,0,11,0.0
0,0,12,0.0
0,0,13,0.0
0,0,14,0.0
0,0,15,0.0
0,0,16,0.0
0,0,17,0.0
0,0,18,0.0
0,0,19,0.0
0,0,20,0.0
0,0,21,0.0
0,0,22,0.0
0,0,23,0.0
0,0,24,0.0
0,0,25,0.0
0,0,26,0.0
0,0,27,0.0
0,0,28,0.0
0,0,29,0.0
0,0,30,0.0
0,0,31,0.0
0,0,32,0.0
0,0,33,0.0
0,0,34,0.0
0,0,35,0.0
0,0,36,0.0
0,0,37,0.0
0,0,38,0.0
0,0,39,0.0
0,0,40,0.0
0,0,41,0.0
0,0,42,0.0
0,0,43,0.0
0,0,44,0.0
0,0,45,0.0
0,0,46,0.0
0,0,47,0.0
0,0,48,0.0
0,0,49,0.0
0,0,50,0.0
0,0,51,0.0
0,0,52,0.0
0,0,53,0.0
0,0,54,0.0
0,0,55,0.0
0,0,56,0.0
0,0,57,0.0
0,0,58,0.0
0,0,59,0.0
0,0,60,0.0
0,0,61,0.0
0,0,62,0.0
0,0,63,0.0
0,0,64,0.0
0,0,65,0.0
0,0,66,0.0
0,0,67,0.0
0,0,68,0.0
0,0,69,0.0
0,0,70,0.0
0,0,71,0.0
0,0,72,0.0
0,0,73,0.0
0,0,74,0.0
0,0,75,0.0
0,0,76,0.0
0,0,77,0.0
0,0,78,0.0
0,0,79,0.0
0,0,80,0.0
0,0,81,0.0
0,0,82,0.0
0,0,83,0.0
0,0,84,0.0
0,0,85,0.0
0,0,86,0.0
0,0,87,0.0
0,0,88,0.0
0,0,89,0.0
0,0,90,0.0
0,0,91,0.0
0,0,92,0.0
0,0,93,0.0
0,0,94,0.0
0,0,95,0.0
0,0,96,0.0
0,0,97,0.0
0,0,98,0.0
0,0,99,0.0
0,1,0,0.0
0,1,1,0.0
0,1,2,0.0
0,1,3,0.0
0,1,4,0.0
0,1,5,0.0
0,1,6,0.0
0,1,7,0.0
0,1,8,0.0
0,1,9,0.0
0,1,10,0.0
0,1,11,0.0
0,1,12,0.0
0,1,13,0.0
0,1,14,0.0
0,1,15,0.0
0,1,16,0.0
0,1,17,0.0
0,1,18,0.0
0,1,19,0.0
0,1,20,0.0
0,1,21,0.0
0,1,22,0.0
0,1,23,0.0
0,1,24,0.0
0,1,25,0.0
0,1,26,0.0
0,1,27,0.0
0,1,28,0.0
0,1,29,0.0
0,1,30,0.0
0,1,31,0.0
0,1,32,0.0
0,1,33,0.0
0,1,34,0.0
0,1,35,0.0
0,1,36,0.0
0,1,37,0.0
0,1,38,0.0
0,1,39,0.0
0,1,40,0.0
0,1,41,0.0
0,1,42,0.0
0,1,43,0.0
0,1,44,0.0
0,1,45,0.0
0,1,46,0.0
0,1,47,0.0
0,1,48,0.0
0,1,49,0.0
0,1,50,0.0
0,1,51,0.0
0,1,52,0.0
0,1,53,0.0
0,1,54,0.0
0,1,55,0.0
0,1,56,0.0
0,1,57,0.0
0,1,58,0.0
0,1,59,0.0
0,1,60,0.0
0,1,61,0.0
0,1,62,0.0
0,1,63,0.0
0,1,64,0.0
0,1,65,0.0
0,1,66,0.0
0,1,67,0.0
0,1,68,0.0
0,1,69,0.0
0,1,70,0.0
0,1,71,0.0
0,1,72,0.0
0,1,73,0.0
0,1,74,0.0
0,1,75,0.0
0,1,76,0.0
0,1,77,0.0
0,1,78,0.0
0,1,79,0.0
0,1,80,0.0
0,1,81,0.0
0,1,82,0.0
0,1,83,0.0
0,1,84,0.0
0,1,85,0.0
0,1,86,0.0
0,1,87,0.0
0,1,88,0.0
0,1,89,0.0
0,1,90,0.0
0,1,91,0.0
0,1,92,0.0
0,1,93,0.0
0,1,94,0.0
0,1,95,0.0
0,1,96,0.0
0,1,97,0.0
0,1,98,0.0
0,1,99,0.0
0,2,0,0.0
0,2,1,0.0
0,2,2,0.0
0,2,3,0.0
0,2,4,0.0
0,2,5,0.0
0,2,6,0.0
0,2,7,0.0
0,2,8,0.0
0,2,9,0.0
0,2,10,0.0
0,2,11,0.0
0,2,12,0.0
0,2,13,0.0
0,2,14,0.0
0,2,15,0.0
0,2,16,0.0
0,2,17,0.0
0,2,18,0.0
0,2,19,0.0
0,2,20,0.0
0,2,21,0.0
0,2,22,0.0
0,2,23,0.0
0,2,24,0.0
0,2,25,0.0
0,2,26,0.0
0,2,27,0.0
0,2,28,0.0
0,2,29,0.0
0,2,30,0.0
0,2,31,0.0
0,2,32,0.0
0,2,33,0.0
0,2,34,0.0
0,2,35,0.0
0,2,36,0.0
0,2,37,0.0
0,2,38,0.0
0,2,39,0.0
0,2,40,0.0
0,2,41,0.0
0,2,42,0.0
0,2,43,0.0
0,2,44,0.0
0,2,45,0.0
0,2,46,0.0
0,2,47,0.0
0,2,48,0.0
0,2,49,0.0
0,2,50,0.0
0,2,51,0.0
0,2,52,0.0
0,2,53,0.0
0,2,54,0.0
0,2,55,0.0
0,2,56,0.0
0,2,57,0.0
0,2,58,0.0
0,2,59,0.0
0,2,60,0.0
0,2,61,0.0
0,2,62,0.0
0,2,63,0.0
0,2,64,0.0
0,2,65,0.0
0,2,66,0.0
0,2,67,0.0
0,2,68,0.0
0,2,69,0.0
0,2,70,0.0
0,2,71,0.0
0,2,72,0.0
0,2,73,0.0
0,2,74,0.0
0,2,75,0.0
0,2,76,0.0
0,2,77,0.0
0,2,78,0.0
0,2,79,0.0
0,2,80,0.0
0,2,81,0.0
0,2,82,0.0
0,2,83,0.0
0,2,84,0.0
0,2,85,0.0
0,2,86,0.0
0,2,87,0.0
0,2,88,0.0
0,2,89,0.0
0,2,90,0.0
0,2,91,0.0
0,2,92,0.0
0,2,93,0.0
0,2,94,0.0
0,2,95,0.0
0,2,96,0.0
0,2,97,0.0
0,2,98,0.0
0,2,99,0.0
0,3,0,0.0
0,3,1,0.0
0,3,2,0.0
0,3,3,0.0
0,3,4,0.0
0,3,5,0.0
0,3,6,0.0
0,3,7,0.0
0,3,8,0.0
0,3,9,0.0
0,3,10,0.0
0,3,11,0.0
0,3,12,0.0
0,3,13,0.0
0,3,14,0.0
0,3,15,0.0
0,3,16,0.0
0,3,17,0.0
0,3,18,0.0
0,3,19,0.0
0,3,20,0.0
0,3,21,0.0
0,3,22,0.0
0,3,23,0.0
0,3,24,0.0
0,3,25,0.0
0,3,26,0.0
0,3,27,0.0
0,3,28,0.0
0,3,29,0.0
0,3,30,0.0
0,3,31,0.0
0,3,32,0.0
0,3,33,0.0
0,3,34,0.0
0,3,35,0.0
0,3,36,0.0
0,3,37,0.0
0,3,38,0.0
0,3,39,0.0
0,3,40,0.0
0,3,41,0.0
0,3,42,0.0
0,3,43,0.0
0,3,44,0.0
0,3,45,0.0
0,3,46,0.0
0,3,47,0.0
0,3,48,0.0
0,3,49,0.0
0,3,50,0.0
0,3,51,0.0
0,3,52,0.0
0,3,53,0.0
0,3,54,0.0
0,3,55,0.0
0,3,56,0.0
0,3,57,0.0
0,3,58,0.0
0,3,59,0.0
0,3,60,0.0
0,3,61,0.0
0,3,62,0.0
0,3,63,0.0
0,3,64,0.0
0,3,65,0.0
0,3,66,0.0
0,3,67,0.0
0,3,68,0.0
0,3,69,0.0
0,3,70,0.0
0,3,71,0.0
0,3,72,0.0
0,3,73,0.0
0,3,74,0.0
0,3,75,0.0
0,3,76,0.0
0,3,77,0.0
0,3,78,0.0
0,3,79,0.0
0,3,80,0.0
0,3,81,0.0
0,3,82,0.0
0,3,83,0.0
0,3,84,0.0
0,3,85,0.0
0,3,86,0.0
0,3,87,0.0
0,3,88,0.0
0,3,89,0.0
0,3,90,0.0
0,3,91,0.0
0,3,92,0.0
0,3,93,0.0
0,3,94,0.0
0,3,95,0.0
0,3,96,0.0
0,3,97,0.0
0,3,98,0.0
0,3,99,0.0
0,4,0,0.0
0,4,1,0.0
0,4,2,0.0
0,4,3,0.0
0,4,4,0.0
0,4,5,0.0
0,4,6,0.0
0,4,7,0.0
0,4,8,0.0
0,4,9,0.0
0,4,10,0.0
0,4,11,0.0
0,4,12,0.0
0,4,13,0.0
0,4,14,0.0
0,4,15,0.0
0,4,16,0.0
0,4,17,0.0
0,4,18,0.0
0,4,19,0.0
0,4,20,0.0
0,4,21,0.0
0,4,22,0.0
0,4,23,0.0
0,4,24,0.0
0,4,25,0.0
0,4,26,0.0
0,4,27,0.0
0,4,28,0.0
0,4,29,0.0
0,4,30,0.0
0,4,31,0.0
0,4,32,0.0
0,4,33,0.0
0,4,34,0.0
0,4,35,0.0
0,4,36,0.0
0,4,37,0.0
0,4,38,0.0
0,4,39,0.0
0,4,40,0.0
0,4,41,0.0
0,4,42,0.0
0,4,43,0.0
0,4,44,0.0
0,4,45,0.0
0,4,46,0.0
0,4,47,0.0
0,4,48,0.0
0,4,49,0.0
0,4,50,0.0
0,4,51,0.0
0,4,52,0.0
0,4,53,0.0
0,4,54,0.0
0,4,55,0.0
0,4,56,0.0
0,4,57,0.0
0,4,58,0.0
0,4,59,0.0
0,4,60,0.0
0,4,61,0.0
0,4,62,0.0
0,4,63,0.0
0,4,64,0.0
0,4,65,0.0
0,4,66,0.0
0,4,67,0.0
0,4,68,0.0
0,4,69,0.0
0,4,70,0.0
0,4,71,0.0
0,4,72,0.0
0,4,73,0.0
0,4,74,0.0
0,4,75,0.0
0,4,76,0.0
0,4,77,0.0
0,4,78,0.0
0,4,79,0.0
0,4,80,0.0
0,4,81,0.0
0,4,82,0.0
0,4,83,0.0
0,4,84,0.0
0,4,85,0.0
0,4,86,0.0
0,4,87,0.0
0,4,88,0.0
0,4,89,0.0
0,4,90,0.0
0,4,91,0.0
0,4,92,0.0
0,4,93,0.0
0,4,94,0.0
0,4,95,0.0
0,4,96,0.0
0,4,97,0.0
0,4,98,0.0
0,4,99,0.0
0,5,0,0.0
0,5,1,0.0
0,5,2,0.0
0,5,3,0.0
0,5,4,0.0
0,5,5,0.0
0,5,6,0.0
0,5,7,0.0
0,5,8,0.0
0,5,9,0.0
0,5,10,0.0
0,5,11,0.0
0,5,12,0.0
0,5,13,0.0
0,5,14,0.0
0,5,15,0.0
0,5,16,0.0
0,5,17,0.0
0,5,18,0.0
0,5,19,0.0
0,5,20,0.0
0,5,21,0.0
0,5,22,0.0
0,5,23,0.0
0,5,24,0.0
0,5,25,0.0
0,5,26,0.0
0,5,27,0.0
0,5,28,0.0
0,5,29,0.0
0,5,30,0.0
0,5,31,0.0
0,5,32,0.0
0,5,33,0.0
0,5,34,0.0
0,5,35,0.0
0,5,36,0.0
0,5,37,0.0
0,5,38,0.0
0,5,39,0.0
0,5,40,0.0
0,5,41,0.0
0,5,42,0.0
0,5,43,0.0
0,5,44,0.0
0,5,45,0.0
0,5,46,0.0
0,5,47,0.0
0,5,48,0.0
0,5,49,0.0
0,5,50,0.0
0,5,51,0.0
0,5,52,0.0
0,5,53,0.0
0,5,54,0.0
0,5,55,0.0
0,5,56,0.0
0,5,57,0.0
0,5,58,0.0
0,5,59,0.0
0,5,60,0.0
0,5,61,0.0
0,5,62,0.0
0,5,63,0.0
0,5,64,0.0
0,5,65,0.0
0,5,66,0.0
0,5,67,0.0
0,5,68,0.0
0,5,69,0.0
0,5,70,0.0
0,5,71,0.0
0,5,72,0.0
0,5,73,0.0
0,5,74,0.0
0,5,75,0.0
0,5,76,0.0
0,5,77,0.0
0,5,78,0.0
0,5,79,0.0
0,5,80,0.0
0,5,81,0.0
0,5,82,0.0
0,5,83,0.0
0,5,84,0.0
0,5,85,0.0
0,5,86,0.0
0,5,87,0.0
0,5,88,0.0
0,5,89,0.0
0,5,90,0.0
0,5,91,0.0
0,5,92,0.0
0,5,93,0.0
0,5,94,0.0
0,5,95,0.0
0,5,96,0.0
0,5,97,0.0
0,5,98,0.0
0,5,99,0.0
0,6,0,0.0
0,6,1,0.0
0,6,2,0.0
0,6,3,0.0
0,6,4,0.0
0,6,5,0.0
0,6,6,0.0
0,6,7,0.0
0,6,8,0.0
0,6,9,0.0
0,6,10,0.0
0,6,11,0.0
0,6,12,0.0
0,6,13,0.0
0,6,14,0.0
0,6,15,0.0
0,6,16,0.0
0,6,17,0.0
0,6,18,0.0
0,6,19,0.0
0,6,20,0.0
0,6,21,0.0
0,6,22,0.0
0,6,23,0.0
0,6,24,0.0
0,6,25,0.0
0,6,26,0.0
0,6,27,0.0
0,6,28,0.0
0,6,29,0.0
0,6,30,0.0
0,6,31,0.0
0,6,32,0.0
0,6,33,0.0
0,6,34,0.0
0,6,35,0.0
0,6,36,0.0
0,6,37,0.0
0,6,38,0.0
0,6,39,0.0
0,6,40,0.0
0,6,41,0.0
0,6,42,0.0
0,6,43,0.0
0,6,44,0.0
0,6,45,0.0
0,6,46,0.0
0,6,47,0.0
0,6,48,0.0
0,6,49,0.0
0,6,50,0.0
0,6,51,0.0
0,6,52,0.0
0,6,53,0.0
0,6,54,0.0
0,6,55,0.0
0,6,56,0.0
0,6,57,0.0
0,6,58,0.0
0,6,59,0.0
0,6,60,0.0
0,6,61,0.0
0,6,62,0.0
0,6,63,0.0
0,6,64,0.0
0,6,65,0.0
0,6,66,0.0
0,6,67,0.0
0,6,68,0.0
0,6,69,0.0
0,6,70,0.0
0,6,71,0.0
0,6,72,0.0
0,6,73,0.0
0,6,74,0.0
0,6,75,0.0
0,6,76,0.0
0,6,77,0.0
0,6,78,0.0
0,6,79,0.0
0,6,80,0.0
0,6,81,0.0
0,6,82,0.0
0,6,83,0.0
0,6,84,0.0
0,6,85,0.0
0,6,86,0.0
0,6,87,0.0
0,6,88,0.0
0,6,89,0.0
0,6,90,0.0
0,6,91,0.0
0,6,92,0.0
0,6,93,0.0
0,6,94,0.0
0,6,95,0.0
0,6,96,0.0
0,6,97,0.0
0,6,98,0.0
0,6,99,0.0
0,7,0,0.0
0,7,1,0.0
0,7,2,0.0
0,7,3,0.0
0,7,4,0.0
0,7,5,0.0
0,7,6,0.0
0,7,7,0.0
0,7,8,0.0
0,7,9,0.0
0,7,10,0.0
0,7,11,0.0
0,7,12,0.0
0,7,13,0.0
0,7,14,0.0
0,7,15,0.0
0,7,16,0.0
0,7,17,0.0
0,7,18,0.0
0,7,19,0.0
0,7,20,0.0
0,7,21,0.0
0,7,22,0.0
0,7,23,0.0
0,7,24,0.0
0,7,25,0.0
0,7,26,0.0
0,7,27,0.0
0,7,28,0.0
0,7,29,0.0
0,7,30,0.0
0,7,31,0.0
0,7,32,0.0
0,7,33,0.0
0,7,34,0.0
0,7,35,0.0
0,7,36,0.0
0,7,37,0.0
0,7,38,0.0
0,7,39,0.0
0,7,40,0.0
0,7,41,0.0
0,7,42,0.0
0,7,43,0.0
0,7,44,0.0
0,7,45,0.0
0,7,46,0.0
0,7,47,0.0
0,7,48,0.0
0,7,49,0.0
0,7,50,0.0
0,7,51,0.0
0,7,52,0.0
0,7,53,0.0
0,7,54,0.0
0,7,55,0.0
0,7,56,0.0
0,7,57,0.0
0,7,58,0.0
0,7,59,0.0
0,7,60,0.0
0,7,61,0.0
0,7,62,0.0
0,7,63,0.0
0,7,64,0.0
0,7,65,0.0
0,7,66,0.0
0,7,67,0.0
0,7,68,0.0
0,7,69,0.0
0,7,70,0.0
0,7,71,0.0
0,7,72,0.0
0,7,73,0.0
0,7,74,0.0
0,7,75,0.0
0,7,76,0.0
0,7,77,0.0
0,7,78,0.0
0,7,79,0.0
0,7,80,0.0
0,7,81,0.0
0,7,82,0.0
0,7,83,0.0
0,7,84,0.0
0,7,85,0.0
0,7,86,0.0
0,7,87,0.0
0,7,88,0.0
0,7,89,0.0
0,7,90,0.0
0,7,91,0.0
0,7,92,0.0
0,7,93,0.0
0,7,94,0.0
0,7,95,0.0
0,7,96,0.0
0,7,97,0.0
0,7,98,0.0
0,7,99,0.0
0,8,0,0.0
0,8,1,0.0
0,8,2,0.0
0,8,3,0.0
0,8,4,0.0
0,8,5,0.0
0,8,6,0.0
0,8,7,0.0
0,8,8,23.0
0,8,9,10.0
0,8,10,0.0
0,8,11,0.0
0,8,12,0.0
0,8,13,0.0
0,8,14,0.0
0,8,15,0.0
0,8,16,0.0
0,8,17,0.0
0,8,18,24.0
0,8,19,0.0
0,8,20,0.0
0,8,21,0.0
0,8,22,23.0
0,8,23,0.0
0,8,24,0.0
0,8,25,0.0
0,8,26,0.0
0,8,27,0.0
0,8,28,0.0
0,8,29,0.0
0,8,30,0.0
0,8,31,0.0
0,8,32,0.0
0,8,33,0.0
0,8,34,18.0
0,8,35,0.0
0,8,36,9.0
0,8,37,0.0
0,8,38,0.0
0,8,39,0.0
0,8,40,0.0
0,8,41,0.0
0,8,42,0.0
0,8,43,0.0
0,8,44,0.0
0,8,45,0.0
0,8,46,0.0
0,8,47,0.0
0,8,48,0.0
0,8,49,0.0
0,8,50,28.0
0,8,51,0.0
0,8,52,0.0
0,8,53,0.0
0,8,54,0.0
0,8,55,0.0
0,8,56,0.0
0,8,57,22.0
0,8,58,0.0
0,8,59,0.0
0,8,60,0.0
0,8,61,0.0
0,8,62,0.0
0,8,63,0.0
0,8,64,0.0
0,8,65,25.0
0,8,66,18.0
0,8,67,0.0
0,8,68,0.0
0,8,69,0.0
0,8,70,0.0
0,8,71,0.0
0,8,72,0.0
0,8,73,0.0
0,8,74,0.0
0,8,75,0.0
0,8,76,0.0
0,8,77,0.0
0,8,78,0.0
0,8,79,0.0
0,8,80,0.0
0,8,81,0.0
0,8,82,0.0
0,8,83,0.0
0,8,84,0.0
0,8,85,7.0
0,8,86,0.0
0,8,87,4.0
0,8,88,0.0
0,8,89,0.0
0,8,90,10.0
0,8,91,0.0
0,8,92,0.0
0,8,93,0.0
0,8,94,0.0
0,8,95,0.0
0,8,96,0.0
0,8,97,0.0
0,8,98,0.0
0,8,99,0.0
0,9,0,0.0
0,9,1,0.0
0,9,2,0.0
0,9,3,0.0
0,9,4,20.0
0,9,5,0.0
0,9,6,0.0
0,9,7,0.0
0,9,8,0.0
0,9,9,0.0
0,9,10,0.0
0,9,11,0.0
0,9,12,0.0
0,9,13,0.0
0,9,14,0.0
0,9,15,0.0
0,9,16,0.0
0,9,17,0.0
0,9,18,3.0
0,9,19,27.0
0,9,20,0.0
0,9,21,0.0
0,9,22,0.0
0,9,23,0.0
0,9,24,0.0
0,9,25,17.0
0,9,26,19.0
0,9,27,0.0
0,9,28,0.0
0,9,29,0.0
0,9,30,0.0
0,9,31,0.0
0,9,32,0.0
0,9,33,0.0
0,9,34,0.0
0,9,35,0.0
0,9,36,0.0
0,9,37,21.0
0,9,38,0.0
0,9,39,0.0
0,9,40,0.0
0,9,41,0.0
0,9,42,0.0
0,9,43,0.0
0,9,44,0.0
0,9,45,21.0
0,9,46,23.0
0,9,47,10.0
0,9,48,0.0
0,9,49,0.0
0,9,50,0.0
0,9,51,26.0
0,9,52,0.0
0,9,53,0.0
0,9,54,0.0
0,9,55,0.0
0,9,56,22.0
0,9,57,0.0
0,9,58,0.0
0,9,59,0.0
0,9,60,0.0
0,9,61,0.0
0,9,62,0.0
0,9,63,0.0
0,9,64,0.0
0,9,65,0.0
0,9,66,0.0
0,9,67,0.0
0,9,68,0.0
0,9,69,0.0
0,9,70,0.0
0,9,71,0.0
0,9,72,0.0
0,9,73,0.0
0,9,74,0.0
0,9,75,0.0
0,9,76,0.0
0,9,77,0.0
0,9,78,0.0
0,9,79,0.0
0,9,80,0.0
0,9,81,0.0
0,9,82,0.0
0,9,83,0.0
0,9,84,0.0
0,9,85,0.0
0,9,86,22.0
0,9,87,0.0
0,9,88,0.0
0,9,89,0.0
0,9,90,5.0
0,9,91,0.0
0,9,92,0.0
0,9,93,0.0
0,9,94,0.0
0,9,95,0.0
0,9,96,0.0
0,9,97,0.0
0,9,98,0.0
0,9,99,0.0
0,10,0,0.0
0,10,1,0.0
0,10,2,0.0
0,10,3,0.0
0,10,4,0.0
0,10,5,0.0
0,10,6,27.0
0,10,7,0.0
0,10,8,8.0
0,10,9,0.0
0,10,10,0.0
0,10,11,0.0
0,10,12,72.0
0,10,13,0.0
0,10,14,0.0
0,10,15,0.0
0,10,16,0.0
0,10,17,0.0
0,10,18,2.0
0,10,19,19.0
0,10,20,0.0
0,10,21,0.0
0,10,22,34.0
0,10,23,0.0
0,10,24,0.0
0,10,25,8.0
0,10,26,0.0
0,10,27,0.0
0,10,28,51.0
0,10,29,0.0
0,10,30,0.0
0,10,31,0.0
0,10,32,0.0
0,10,33,14.0
0,10,34,0.0
0,10,35,0.0
0,10,36,0.0
0,10,37,0.0
0,10,38,0.0
0,10,39,68.0
0,10,40,19.0
0,10,41,0.0
0,10,42,0.0
0,10,43,76.0
0,10,44,0.0
0,10,45,43.0
0,10,46,46.0
0,10,47,0.0
0,10,48,54.0
0,10,49,0.0
0,10,50,24.0
0,10,51,54.0
0,10,52,69.0
0,10,53,0.0
0,10,54,0.0
0,10,55,0.0
0,10,56,0.0
0,10,57,0.0
0,10,58,7.0
0,10,59,58.0
0,10,60,0.0
0,10,61,0.0
0,10,62,0.0
0,10,63,0.0
0,10,64,0.0
0,10,65,0.0
0,10,66,0.0
0,10,67,0.0
0,10,68,31.0
0,10,69,0.0
0,10,70,0.0
0,10,71,0.0
0,10,72,0.0
0,10,73,0.0
0,10,74,0.0
0,10,75,0.0
0,10,76,0.0
0,10,77,0.0
0,10,78,0.0
0,10,79,0.0
0,10,80,0.0
0,10,81,0.0
0,10,82,3.0
0,10,83,0.0
0,10,84,0.0
0,10,85,0.0
0,10,86,0.0
0,10,87,0.0
0,10,88,0.0
0,10,89,0.0
0,10,90,42.0
0,10,91,2.0
0,10,92,0.0
0,10,93,0.0
0,10,94,0.0
0,10,95,0.0
0,10,96,0.0
0,10,97,0.0
0,10,98,0.0
0,10,99,58.0
0,11,0,0.0
0,11,1,163.0
0,11,2,0.0
0,11,3,33.0
0,11,4,41.0
0,11,5,25.0
0,11,6,99.0
0,11,7,22.0
0,11,8,0.0
0,11,9,51.0
0,11,10,0.0
0,11,11,0.0
0,11,12,0.0
0,11,13,115.0
0,11,14,0.0
0,11,15,98.0
0,11,16,0.0
0,11,17,0.0
0,11,18,0.0
0,11,19,0.0
0,11,20,4.0
0,11,21,0.0
0,11,22,14.0
0,11,23,144.0
0,11,24,0.0
0,11,25,7.0
0,11,26,0.0
0,11,27,14.0
0,11,28,0.0
0,11,29,127.0
0,11,30,0.0
0,11,31,96.0
0,11,32,0.0
0,11,33,0.0
0,11,34,44.0
0,11,35,0.0
0,11,36,47.0
0,11,37,4.0
0,11,38,65.0
0,11,39,0.0
0,11,40,1.0
0,11,41,36.0
0,11,42,0.0
0,11,43,0.0
0,11,44,148.0
0,11,45,84.0
0,11,46,0.0
0,11,47,10.0
0,11,48,0.0
0,11,49,76.0
0,11,50,81.0
0,11,51,0.0
0,11,52,4.0
0,11,53,55.0
0,11,54,7.0
0,11,55,32.0
0,11,56,0.0
0,11,57,48.0
0,11,58,0.0
0,11,59,0.0
0,11,60,36.0
0,11,61,0.0
0,11,62,0.0
0,11,63,132.0
0,11,64,103.0
0,11,65,35.0
0,11,66,0.0
0,11,67,140.0
0,11,68,0.0
0,11,69,0.0
0,11,70,0.0
0,11,71,34.0
0,11,72,0.0
0,11,73,0.0
0,11,74,168.0
0,11,75,29.0
0,11,76,2.0
0,11,77,45.0
0,11,78,25.0
0,11,79,180.0
0,11,80,18.0
0,11,81,140.0
0,11,82,0.0
0,11,83,25.0
0,11,84,53.0
0,11,85,0.0
0,11,86,22.0
0,11,87,21.0
0,11,88,0.0
0,11,89,58.0
0,11,90,4.0
0,11,91,0.0
0,11,92,47.0
0,11,93,94.0
0,11,94,176.0
0,11,95,43.0
0,11,96,85.0
0,11,97,0.0
0,11,98,171.0
0,11,99,0.0
0,12,0,203.0
0,12,1,71.0
0,12,2,276.0
0,12,3,262.0
0,12,4,173.0
0,12,5,226.0
0,12,6,5.0
0,12,7,253.0
0,12,8,214.0
0,12,9,253.0
0,12,10,145.0
0,12,11,41.0
0,12,12,45.0
0,12,13,12.0
0,12,14,122.0
0,12,15,172.0
0,12,16,75.0
0,12,17,226.0
0,12,18,239.0
0,12,19,0.0
0,12,20,118.0
0,12,21,105.0
0,12,22,255.0
0,12,23,105.0
0,12,24,234.0
0,12,25,223.0
0,12,26,88.0
0,12,27,235.0
0,12,28,33.0
0,12,29,114.0
0,12,30,47.0
0,12,31,84.0
0,12,32,66.0
0,12,33,249.0
0,12,34,56.0
0,12,35,37.0
0,12,36,330.0
0,12,37,160.0
0,12,38,98.0
0,12,39,128.0
0,12,40,0.0
0,12,41,0.0
0,12,42,167.0
0,12,43,331.0
0,12,44,126.0
0,12,45,87.0
0,12,46,135.0
0,12,47,216.0
0,12,48,141.0
0,12,49,11.0
0,12,50,0.0
0,12,51,238.0
0,12,52,116.0
0,12,53,82.0
0,12,54,86.0
0,12,55,229.0
0,12,56,115.0
0,12,57,196.0
0,12,58,191.0
0,12,59,72.0
0,12,60,55.0
0,12,61,174.0
0,12,62,156.0
0,12,63,62.0
0,12,64,0.0
0,12,65,169.0
0,12,66,273.0
0,12,67,2.0
0,12,68,44.0
0,12,69,216.0
0,12,70,88.0
0,12,71,301.0
0,12,72,156.0
0,12,73,145.0
0,12,74,25.0
0,12,75,115.0
0,12,76,57.0
0,12,77,84.0
0,12,78,46.0
0,12,79,0.0
0,12,80,196.0
0,12,81,68.0
0,12,82,281.0
0,12,83,0.0
0,12,84,282.0
0,12,85,142.0
0,12,86,81.0
0,12,87,168.0
0,12,88,60.0
0,12,89,219.0
0,12,90,251.0
0,12,91,335.0
0,12,92,207.0
0,12,93,105.0
0,12,94,52.0
0,12,95,213.0
0,12,96,38.0
0,12,97,162.0
0,12,98,162.0
0,12,99,49.0
0,13,0,315.0
0,13,1,259.0
0,13,2,291.0
0,13,3,352.0
0,13,4,168.0
0,13,5,168.0
0,13,6,297.0
0,13,7,350.0
0,13,8,69.0
0,13,9,363.0
0,13,10,272.0
0,13,11,185.0
0,13,12,287.0
0,13,13,249.0
0,13,14,107.0
0,13,15,341.0
0,13,16,365.0
0,13,17,335.0
0,13,18,335.0
0,13,19,317.0
0,13,20,310.0
0,13,21,443.0
0,13,22,221.0
0,13,23,157.0
0,13,24,126.0
0,13,25,0.0
0,13,26,458.0
0,13,27,217.0
0,13,28,355.0
0,13,29,170.0
0,13,30,184.0
0,13,31,304.0
0,13,32,175.0
0,13,33,267.0
0,13,34,315.0
0,13,35,251.0
0,13,36,221.0
0,13,37,287.0
0,13,38,267.0
0,13,39,167.0
0,13,40,361.0
0,13,41,364.0
0,13,42,223.0
0,13,43,157.0
0,13,44,330.0
0,13,45,445.0
0,13,46,334.0
0,13,47,459.0
0,13,48,284.0
0,13,49,372.0
0,13,50,153.0
0,13,51,355.0
0,13,52,301.0
0,13,53,0.0
0,13,54,231.0
0,13,55,314.0
0,13,56,290.0
0,13,57,58.0
0,13,58,319.0
0,13,59,301.0
0,13,60,352.0
0,13,61,442.0
0,13,62,165.0
0,13,63,231.0
0,13,64,422.0
0,13,65,389.0
0,13,66,135.0
0,13,67,411.0
0,13,68,432.0
0,13,69,411.0
0,13,70,465.0
0,13,71,0.0
0,13,72,0.0
0,13,73,164.0
0,13,74,145.0
0,13,75,456.0
0,13,76,171.0
0,13,77,408.0
0,13,78,363.0
0,13,79,299.0
0,13,80,253.0
0,13,81,255.0
0,13,82,123.0
0,13,83,436.0
0,13,84,276.0
0,13,85,149.0
0,13,86,291.0
0,13,87,32.0
0,13,88,150.0
0,13,89,428.0
0,13,90,391.0
0,13,91,147.0
0,13,92,299.0
0,13,93,245.0
0,13,94,241.0
0,13,95,442.0
0,13,96,458.0
0,13,97,311.0
0,13,98,395.0
0,13,99,429.0
0,14,0,0.0
0,14,1,0.0
0,14,2,0.0
0,14,3,0.0
0,14,4,0.0
0,14,5,26.0
0,14,6,0.0
0,14,7,0.0
0,14,8,0.0
0,14,9,0.0
0,14,10,0.0
0,14,11,0.0
0,14,12,0.0
0,14,13,187.0
0,14,14,0.0
0,14,15,0.0
0,14,16,0.0
0,14,17,245.0
0,14,18,0.0
0,14,19,58.0
0,14,20,0.0
0,14,21,0.0
0,14,22,0.0
0,14,23,0.0
0,14,24,0.0
0,14,25,234.0
0,14,26,0.0
0,14,27,0.0
0,14,28,0.0
0,14,29,0.0
0,14,30,0.0
0,14,31,88.0
0,14,32,0.0
0,14,33,0.0
0,14,34,70.0
0,14,35,0.0
0,14,36,0.0
0,14,37,0.0
0,14,38,0.0
0,14,39,349.0
0,14,40,0.0
0,14,41,0.0
0,14,42,0.0
0,14,43,71.0
0,14,44,0.0
0,14,45,0.0
0,14,46,0.0
0,14,47,0.0
0,14,48,0.0
0,14,49,0.0
0,14,50,0.0
0,14,51,0.0
0,14,52,0.0
0,14,53,0.0
0,14,54,0.0
0,14,55,0.0
0,14,56,0.0
0,14,57,18.0
0,14,58,0.0
0,14,59,0.0
0,14,60,0.0
0,14,61,0.0
0,14,62,0.0
0,14,63,0.0
0,14,64,20.0
0,14,65,0.0
0,14,66,0.0
0,14,67,0.0
0,14,68,0.0
0,14,69,0.0
0,14,70,0.0
0,14,71,0.0
0,14,72,0.0
0,14,73,0.0
0,14,74,0.0
0,14,75,0.0
0,14,76,0.0
0,14,77,0.0
0,14,78,0.0
0,14,79,0.0
0,14,80,31.0
0,14,81,0.0
0,14,82,338.0
0,14,83,0.0
0,14,84,238.0
0,14,85,0.0
0,14,86,0.0
0,14,87,338.0
0,14,88,30.0
0,14,89,0.0
0,14,90,115.0
0,14,91,0.0
0,14,92,0.0
0,14,93,0.0
0,14,94,89.0
0,14,95,0.0
0,14,96,0.0
0,14,97,0.0
0,14,98,0.0
0,14,99,0.0
0,15,0,172.0
0,15,1,204.0
0,15,2,212.0
0,15,3,251.0
0,15,4,150.0
0,15,5,167.0
0,15,6,159.0
0,15,7,351.0
0,15,8,103.0
0,15,9,239.0
0,15,10,99.0
0,15,11,219.0
0,15,12,401.0
0,15,13,182.0
0,15,14,355.0
0,15,15,196.0
0,15,16,149.0
0,15,17,171.0
0,15,18,386.0
0,15,19,173.0
0,15,20,212.0
0,15,21,389.0
0,15,22,363.0
0,15,23,251.0
0,15,24,260.0
0,15,25,304.0
0,15,26,176.0
0,15,27,38.0
0,15,28,105.0
0,15,29,38.0
0,15,30,316.0
0,15,31,283.0
0,15,32,121.0
0,15,33,344.0
0,15,34,173.0
0,15,35,200.0
0,15,36,213.0
0,15,37,187.0
0,15,38,157.0
0,15,39,368.0
0,15,40,158.0
0,15,41,218.0
0,15,42,166.0
0,15,43,137.0
0,15,44,284.0
0,15,45,378.0
0,15,46,366.0
0,15,47,225.0
0,15,48,141.0
0,15,49,350.0
0,15,50,251.0
0,15,51,368.0
0,15,52,314.0
0,15,53,352.0
0,15,54,277.0
0,15,55,156.0
0,15,56,284.0
0,15,57,270.0
0,15,58,320.0
0,15,59,218.0
0,15,60,274.0
0,15,61,257.0
0,15,62,270.0
0,15,63,199.0
0,15,64,210.0
0,15,65,182.0
0,15,66,395.0
0,15,67,177.0
0,15,68,204.0
0,15,69,291.0
0,15,70,291.0
0,15,71,156.0
0,15,72,156.0
0,15,73,301.0
0,15,74,194.0
0,15,75,340.0
0,15,76,287.0
0,15,77,313.0
0,15,78,163.0
0,15,79,156.0
0,15,80,302.0
0,15,81,226.0
0,15,82,57.0
0,15,83,134.0
0,15,84,315.0
0,15,85,0.0
0,15,86,275.0
0,15,87,290.0
0,15,88,393.0
0,15,89,231.0
0,15,90,243.0
0,15,91,334.0
0,15,92,111.0
0,15,93,219.0
0,15,94,297.0
0,15,95,294.0
0,15,96,371.0
0,15,97,102.0
0,15,98,240.0
0,15,99,288.0
0,16,0,0.0
0,16,1,0.0
0,16,2,0.0
0,16,3,0.0
0,16,4,0.0
0,16,5,0.0
0,16,6,0.0
0,16,7,0.0
0,16,8,0.0
0,16,9,0.0
0,16,10,0.0
0,16,11,0.0
0,16,12,0.0
0,16,13,0.0
0,16,14,0.0
0,16,15,0.0
0,16,16,0.0
0,16,17,0.0
0,16,18,0.0
0,16,19,0.0
0,16,20,0.0
0,16,21,0.0
0,16,22,0.0
0,16,23,0.0
0,16,24,0.0
0,16,25,0.0
0,16,26,0.0
0,16,27,0.0
0,16,28,0.0
0,16,29,0.0
0,16,30,0.0
0,16,31,0.0
0,16,32,0.0
0,16,33,0.0
0,16,34,0.0
0,16,35,0.0
0,16,36,0.0
0,16,37,0.0
0,16,38,0.0
0,16,39,0.0
0,16,40,0.0
0,16,41,0.0
0,16,42,0.0
0,16,43,0.0
0,16,44,0.0
0,16,45,0.0
0,16,46,0.0
0,16,47,0.0
0,16,48,0.0
0,16,49,0.0
0,16,50,0.0
0,16,51,0.0
0,16,52,0.0
0,16,53,0.0
0,16,54,0.0
0,16,55,0.0
0,16,56,0.0
0,16,57,0.0
0,16,58,0.0
0,16,59,0.0
0,16,60,0.0
0,16,61,0.0
0,16,62,0.0
0,16,63,0.0
0,16,64,0.0
0,16,65,0.0
0,16,66,0.0
0,16,67,0.0
0,16,68,0.0
0,16,69,0.0
0,16,70,0.0
0,16,71,0.0
0,16,72,0.0
0,16,73,0.0
0,16,74,0.0
0,16,75,0.0
0,16,76,0.0
0,16,77,0.0
0,16,78,0.0
0,16,79,0.0
0,16,80,0.0
0,16,81,0.0
0,16,82,0.0
0,16,83,0.0
0,16,84,0.0
0,16,85,0.0
0,16,86,0.0
0,16,87,0.0
0,16,88,0.0
0,16,89,0.0
0,16,90,0.0
0,16,91,0.0
0,16,92,0.0
0,16,93,0.0
0,16,94,0.0
0,16,95,0.0
0,16,96,0.0
0,16,97,0.0
0,16,98,0.0
0,16,99,0.0
0,17,0,0.0
0,17,1,100.0
0,17,2,100.0
0,17,3,0.0
0,17,4,0.0
0,17,5,100.0
0,17,6,100.0
0,17,7,0.0
0,17,8,0.0
0,17,9,0.0
0,17,10,100.0
0,17,11,100.0
0,17,12,0.0
0,17,13,0.0
0,17,14,0.0
0,17,15,0.0
0,17,16,0.0
0,17,17,0.0
0,17,18,0.0
0,17,19,100.0
0,17,20,0.0
0,17,21,0.0
0,17,22,0.0
0,17,23,0.0
0,17,24,0.0
0,17,25,0.0
0,17,26,0.0
0,17,27,100.0
0,17,28,100.0
0,17,29,100.0
0,17,30,0.0
0,17,31,0.0
0,17,32,100.0
0,17,33,0.0
0,17,34,0.0
0,17,35,0.0
0,17,36,0.0
0,17,37,0.0
0,17,38,0.0
0,17,39,0.0
0,17,40,0.0
0,17,41,100.0
0,17,42,0.0
0,17,43,0.0
0,17,44,0.0
0,17,45,0.0
0,17,46,0.0
0,17,47,0.0
0,17,48,0.0
0,17,49,0.0
0,17,50,0.0
0,17,51,0.0
0,17,52,0.0
0,17,53,0.0
0,17,54,0.0
0,17,55,0.0
0,17,56,0.0
0,17,57,0.0
0,17,58,0.0
0,17,59,100.0
0,17,60,0.0
0,17,61,100.0
0,17,62,0.0
0,17,63,100.0
0,17,64,0.0
0,17,65,0.0
0,17,66,0.0
0,17,67,100.0
0,17,68,0.0
0,17,69,0.0
0,17,70,100.0
0,17,71,0.0
0,17,72,0.0
0,17,73,0.0
0,17,74,0.0
0,17,75,0.0
0,17,76,0.0
0,17,77,0.0
0,17,78,0.0
0,17,79,0.0
0,17,80,0.0
0,17,81,0.0
0,17,82,0.0
0,17,83,100.0
0,17,84,0.0
0,17,85,100.0
0,17,86,100.0
0,17,87,100.0
0,17,88,0.0
0,17,89,0.0
0,17,90,0.0
0,17,91,0.0
0,17,92,100.0
0,17,93,0.0
0,17,94,0.0
0,17,95,0.0
0,17,96,0.0
0,17,97,100.0
0,17,98,100.0
0,17,99,100.0
0,18,0,32.0
0,18,1,30.0
0,18,2,55.0
0,18,3,129.0
0,18,4,112.0
0,18,5,123.0
0,18,6,16.0
0,18,7,60.0
0,18,8,143.0
0,18,9,50.0
0,18,10,103.0
0,18,11,102.0
0,18,12,70.0
0,18,13,0.0
0,18,14,85.0
0,18,15,79.0
0,18,16,81.0
0,18,17,0.0
0,18,18,0.0
0,18,19,7.0
0,18,20,45.0
0,18,21,94.0
0,18,22,130.0
0,18,23,15.0
0,18,24,102.0
0,18,25,28.0
0,18,26,80.0
0,18,27,0.0
0,18,28,44.0
0,18,29,24.0
0,18,30,90.0
0,18,31,43.0
0,18,32,107.0
0,18,33,28.0
0,18,34,81.0
0,18,35,0.0
0,18,36,85.0
0,18,37,45.0
0,18,38,93.0
0,18,39,101.0
0,18,40,78.0
0,18,41,0.0
0,18,42,12.0
0,18,43,12.0
0,18,44,89.0
0,18,45,69.0
0,18,46,64.0
0,18,47,120.0
0,18,48,0.0
0,18,49,37.0
0,18,50,0.0
0,18,51,124.0
0,18,52,18.0
0,18,53,16.0
0,18,54,13.0
0,18,55,175.0
0,18,56,19.0
0,18,57,0.0
0,18,58,26.0
0,18,59,0.0
0,18,60,0.0
0,18,61,78.0
0,18,62,39.0
0,18,63,133.0
0,18,64,34.0
0,18,65,78.0
0,18,66,89.0
0,18,67,43.0
0,18,68,71.0
0,18,69,74.0
0,18,70,107.0
0,18,71,91.0
0,18,72,68.0
0,18,73,95.0
0,18,74,0.0
0,18,75,78.0
0,18,76,94.0
0,18,77,0.0
0,18,78,109.0
0,18,79,87.0
0,18,80,132.0
0,18,81,42.0
0,18,82,71.0
0,18,83,22.0
0,18,84,0.0
0,18,85,2.0
0,18,86,65.0
0,18,87,97.0
0,18,88,128.0
0,18,89,39.0
0,18,90,12.0
0,18,91,131.0
0,18,92,17.0
0,18,93,0.0
0,18,94,12.0
0,18,95,58.0
0,18,96,25.0
0,18,97,135.0
0,18,98,62.0
0,18,99,67.0
0,19,0,28.0
0,19,1,0.0
0,19,2,0.0
0,19,3,0.0
0,19,4,53.0
0,19,5,0.0
0,19,6,0.0
0,19,7,0.0
0,19,8,0.0
0,19,9,21.0
0,19,10,0.0
0,19,11,12.0
0,19,12,0.0
0,19,13,46.0
0,19,14,0.0
0,19,15,18.0
0,19,16,49.0
0,19,17,154.0
0,19,18,111.0
0,19,19,84.0
0,19,20,28.0
0,19,21,0.0
0,19,22,74.0
0,19,23,0.0
0,19,24,0.0
0,19,25,0.0
0,19,26,0.0
0,19,27,0.0
0,19,28,93.0
0,19,29,0.0
0,19,30,0.0
0,19,31,35.0
0,19,32,0.0
0,19,33,0.0
0,19,34,0.0
0,19,35,78.0
0,19,36,0.0
0,19,37,0.0
0,19,38,0.0
0,19,39,99.0
0,19,40,69.0
0,19,41,109.0
0,19,42,104.0
0,19,43,0.0
0,19,44,0.0
0,19,45,0.0
0,19,46,0.0
0,19,47,0.0
0,19,48,171.0
0,19,49,0.0
0,19,50,99.0
0,19,51,0.0
0,19,52,0.0
0,19,53,0.0
0,19,54,128.0
0,19,55,0.0
0,19,56,0.0
0,19,57,0.0
0,19,58,152.0
0,19,59,0.0
0,19,60,142.0
0,19,61,0.0
0,19,62,24.0
0,19,63,0.0
0,19,64,59.0
0,19,65,0.0
0,19,66,0.0
0,19,67,0.0
0,19,68,0.0
0,19,69,72.0
0,19,70,0.0
0,19,71,0.0
0,19,72,0.0
0,19,73,66.0
0,19,74,84.0
0,19,75,0.0
0,19,76,15.0
0,19,77,0.0
0,19,78,0.0
0,19,79,0.0
0,19,80,0.0
0,19,81,0.0
0,19,82,0.0
0,19,83,189.0
0,19,84,0.0
0,19,85,137.0
0,19,86,0.0
0,19,87,0.0
0,19,88,0.0
0,19,89,19.0
0,19,90,55.0
0,19,91,0.0
0,19,92,0.0
0,19,93,118.0
0,19,94,0.0
0,19,95,0.0
0,19,96,0.0
0,19,97,46.0
0,19,98,0.0
0,19,99,0.0
0,20,0,0.0
0,20,1,0.0
0,20,2,0.0
0,20,3,26.0
0,20,4,0.0
0,20,5,0.0
0,20,6,0.0
0,20,7,0.0
0,20,8,0.0
0,20,9,0.0
0,20,10,52.0
0,20,11,0.0
0,20,12,67.0
0,20,13,0.0
0,20,14,24.0
0,20,15,0.0
0,20,16,0.0
0,20,17,0.0
0,20,18,32.0
0,20,19,87.0
0,20,20,0.0
0,20,21,0.0
0,20,22,6.0
0,20,23,0.0
0,20,24,78.0
0,20,25,0.0
0,20,26,61.0
0,20,27,0.0
0,20,28,0.0
0,20,29,0.0
0,20,30,0.0
0,20,31,0.0
0,20,32,0.0
0,20,33,0.0
0,20,34,0.0
0,20,35,0.0
0,20,36,0.0
0,20,37,0.0
0,20,38,0.0
0,20,39,0.0
0,20,40,5.0
0,20,41,0.0
0,20,42,0.0
0,20,43,0.0
0,20,44,0.0
0,20,45,27.0
0,20,46,0.0
0,20,47,0.0
0,20,48,0.0
0,20,49,111.0
0,20,50,0.0
0,20,51,0.0
0,20,52,94.0
0,20,53,0.0
0,20,54,0.0
0,20,55,0.0
0,20,56,0.0
0,20,57,0.0
0,20,58,0.0
0,20,59,0.0
0,20,60,0.0
0,20,61,0.0
0,20,62,0.0
0,20,63,0.0
0,20,64,0.0
0,20,65,0.0
0,20,66,87.0
0,20,67,0.0
0,20,68,5.0
0,20,69,0.0
0,20,70,0.0
0,20,71,0.0
0,20,72,0.0
0,20,73,0.0
0,20,74,0.0
0,20,75,0.0
0,20,76,0.0
0,20,77,74.0
0,20,78,0.0
0,20,79,55.0
0,20,80,38.0
0,20,81,0.0
0,20,82,0.0
0,20,83,0.0
0,20,84,77.0
0,20,85,0.0
0,20,86,0.0
0,20,87,32.0
0,20,88,0.0
0,20,89,0.0
0,20,90,0.0
0,20,91,0.0
0,20,92,53.0
0,20,93,0.0
0,20,94,0.0
0,20,95,97.0
0,20,96,0.0
0,20,97,0.0
0,20,98,0.0
0,20,99,0.0
0,21,0,105.0
0,21,1,107.0
0,21,2,95.0
0,21,3,0.0
0,21,4,0.0
0,21,5,13.0
0,21,6,0.0
0,21,7,9.0
0,21,8,0.0
0,21,9,3.0
0,21,10,0.0
0,21,11,17.0
0,21,12,0.0
0,21,13,103.0
0,21,14,0.0
0,21,15,0.0
0,21,16,0.0
0,21,17,0.0
0,21,18,0.0
0,21,19,0.0
0,21,20,0.0
0,21,21,0.0
0,21,22,0.0
0,21,23,18.0
0,21,24,0.0
0,21,25,0.0
0,21,26,0.0
0,21,27,0.0
0,21,28,0.0
0,21,29,107.0
0,21,30,0.0
0,21,31,0.0
0,21,32,0.0
0,21,33,0.0
0,21,34,0.0
0,21,35,0.0
0,21,36,1.0
0,21,37,0.0
0,21,38,0.0
0,21,39,0.0
0,21,40,0.0
0,21,41,0.0
0,21,42,0.0
0,21,43,107.0
0,21,44,0.0
0,21,45,0.0
0,21,46,0.0
0,21,47,1.0
0,21,48,0.0
0,21,49,0.0
0,21,50,0.0
0,21,51,0.0
0,21,52,0.0
0,21,53,103.0
0,21,54,0.0
0,21,55,0.0
0,21,56,0.0
0,21,57,0.0
0,21,58,0.0
0,21,59,28.0
0,21,60,0.0
0,21,61,100.0
0,21,62,0.0
0,21,63,43.0
0,21,64,0.0
0,21,65,0.0
0,21,66,1.0
0,21,67,0.0
0,21,68,0.0
0,21,69,1.0
0,21,70,0.0
0,21,71,0.0
0,21,72,2.0
0,21,73,0.0
0,21,74,0.0
0,21,75,32.0
0,21,76,0.0
0,21,77,0.0
0,21,78,0.0
0,21,79,0.0
0,21,80,0.0
0,21,81,26.0
0,21,82,0.0
0,21,83,3.0
0,21,84,0.0
0,21,85,17.0
0,21,86,0.0
0,21,87,0.0
0,21,88,0.0
0,21,89,0.0
0,21,90,77.0
0,21,91,43.0
0,21,92,0.0
0,21,93,0.0
0,21,94,0.0
0,21,95,0.0
0,21,96,0.0
0,21,97,0.0
0,21,98,0.0
0,21,99,0.0
0,22,0,0.0
0,22,1,0.0
0,22,2,0.0
0,22,3,0.0
0,22,4,0.0
0,22,5,0.0
0,22,6,0.0
0,22,7,0.0
0,22,8,0.0
0,22,9,0.0
0,22,10,1.0
0,22,11,0.0
0,22,12,5.0
0,22,13,0.0
0,22,14,0.0
0,22,15,0.0
0,22,16,0.0
0,22,17,0.0
0,22,18,0.0
0,22,19,0.0
0,22,20,0.0
0,22,21,95.0
0,22,22,0.0
0,22,23,0.0
0,22,24,0.0
0,22,25,12.0
0,22,26,0.0
0,22,27,100.0
0,22,28,0.0
0,22,29,0.0
0,22,30,92.0
0,22,31,0.0
0,22,32,0.0
0,22,33,0.0
0,22,34,71.0
0,22,35,0.0
0,22,36,0.0
0,22,37,0.0
0,22,38,0.0
0,22,39,0.0
0,22,40,0.0
0,22,41,0.0
0,22,42,0.0
0,22,43,0.0
0,22,44,0.0
0,22,45,0.0
0,22,46,0.0
0,22,47,0.0
0,22,48,0.0
0,22,49,0.0
0,22,50,0.0
0,22,51,90.0
0,22,52,0.0
0,22,53,0.0
0,22,54,0.0
0,22,55,0.0
0,22,56,0.0
0,22,57,100.0
0,22,58,0.0
0,22,59,0.0
0,22,60,0.0
0,22,61,0.0
0,22,62,0.0
0,22,63,0.0
0,22,64,0.0
0,22,65,100.0
0,22,66,0.0
0,22,67,0.0
0,22,68,0.0
0,22,69,0.0
0,22,70,14.0
0,22,71,0.0
0,22,72,0.0
0,22,73,0.0
0,22,74,0.0
0,22,75,0.0
0,22,76,0.0
0,22,77,0.0
0,22,78,2.0
0,22,79,0.0
0,22,80,0.0
0,22,81,0.0
0,22,82,0.0
0,22,83,0.0
0,22,84,0.0
0,22,85,0.0
0,22,86,0.0
0,22,87,0.0
0,22,88,8.0
0,22,89,0.0
0,22,90,0.0
0,22,91,0.0
0,22,92,0.0
0,22,93,6.0
0,22,94,90.0
0,22,95,0.0
0,22,96,0.0
0,22,97,0.0
0,22,98,0.0
0,22,99,100.0
0,23,0,0.0
0,23,1,0.0
0,23,2,0.0
0,23,3,0.0
0,23,4,0.0
0,23,5,0.0
0,23,6,3.0
0,23,7,0.0
0,23,8,0.0
0,23,9,0.0
0,23,10,0.0
0,23,11,0.0
0,23,12,0.0
0,23,13,0.0
0,23,14,0.0
0,23,15,0.0
0,23,16,0.0
0,23,17,0.0
0,23,18,0.0
0,23,19,0.0
0,23,20,34.0
0,23,21,0.0
0,23,22,0.0
0,23,23,0.0
0,23,24,0.0
0,23,25,0.0
0,23,26,0.0
0,23,27,0.0
0,23,28,0.0
0,23,29,0.0
0,23,30,0.0
0,23,31,4.0
0,23,32,0.0
0,23,33,0.0
0,23,34,0.0
0,23,35,0.0
0,23,36,0.0
0,23,37,0.0
0,23,38,0.0
0,23,39,0.0
0,23,40,0.0
0,23,41,0.0
0,23,42,0.0
0,23,43,0.0
0,23,44,0.0
0,23,45,0.0
0,23,46,0.0
0,23,47,0.0
0,23,48,0.0
0,23,49,0.0
0,23,50,0.0
0,23,51,0.0
0,23,52,0.0
0,23,53,0.0
0,23,54,0.0
0,23,55,0.0
0,23,56,0.0
0,23,57,0.0
0,23,58,0.0
0,23,59,0.0
0,23,60,0.0
0,23,61,0.0
0,23,62,0.0
0,23,63,0.0
0,23,64,0.0
0,23,65,0.0
0,23,66,0.0
0,23,67,0.0
0,23,68,0.0
0,23,69,0.0
0,23,70,0.0
0,23,71,0.0
0,23,72,0.0
0,23,73,0.0
0,23,74,0.0
0,23,75,0.0
0,23,76,0.0
0,23,77,0.0
0,23,78,0.0
0,23,79,0.0
0,23,80,0.0
0,23,81,0.0
0,23,82,0.0
0,23,83,0.0
0,23,84,0.0
0,23,85,0.0
0,23,86,0.0
0,23,87,0.0
0,23,88,0.0
0,23,89,5.0
0,23,90,0.0
0,23,91,0.0
0,23,92,0.0
0,23,93,0.0
0,23,94,0.0
0,23,95,0.0
0,23,96,14.0
0,23,97,0.0
0,23,98,0.0
0,23,99,0.0
1,0,0,0.0
1,0,1,0.0
1,0,2,0.0
1,0,3,0.0
1,0,4,0.0
1,0,5,0.0
1,0,6,0.0
1,0,7,0.0
1,0,8,0.0
1,0,9,0.0
1,0,10,0.0
1,0,11,0.0
1,0,12,0.0
1,0,13,0.0
1,0,14,0.0
1,0,15,0.0
1,0,16,0.0
1,0,17,0.0
1,0,18,0.0
1,0,19,0.0
1,0,20,0.0
1,0,21,0.0
1,0,22,0.0
1,0,23,0.0
1,0,24,0.0
1,0,25,0.0
1,0,26,0.0
1,0,27,0.0
1,0,28,0.0
1,0,29,0.0
1,0,30,0.0
1,0,31,0.0
1,0,32,0.0
1,0,33,0.0
1,0,34,0.0
1,0,35,0.0
1,0,36,0.0
1,0,37,0.0
1,0,38,0.0
1,0,39,0.0
1,0,40,0.0
1,0,41,0.0
1,0,42,0.0
1,0,43,0.0
1,0,44,0.0
1,0,45,0.0
1,0,46,0.0
1,0,47,0.0
1,0,48,0.0
1,0,49,0.0
1,0,50,0.0
1,0,51,0.0
1,0,52,0.0
1,0,53,0.0
1,0,54,0.0
1,0,55,0.0
1,0,56,0.0
1,0,57,0.0
1,0,58,0.0
1,0,59,0.0
1,0,60,0.0
1,0,61,0.0
1,0,62,0.0
1,0,63,0.0
1,0,64,0.0
1,0,65,0.0
1,0,66,0.0
1,0,67,0.0
1,0,68,0.0
1,0,69,0.0
1,0,70,0.0
1,0,71,0.0
1,0,72,0.0
1,0,73,0.0
1,0,74,0.0
1,0,75,0.0
1,0,76,0.0
1,0,77,0.0
1,0,78,0.0
1,0,79,0.0
1,0,80,0.0
1,0,81,0.0
1,0,82,0.0
1,0,83,0.0
1,0,84,0.0
1,0,85,0.0
1,0,86,0.0
1,0,87,0.0
1,0,88,0.0
1,0,89,0.0
1,0,90,0.0
1,0,91,0.0
1,0,92,0.0
1,0,93,0.0
1,0,94,0.0
1,0,95,0.0
1,0,96,0.0
1,0,97,0.0
1,0,98,0.0
1,0,99,0.0
1,1,0,0.0
1,1,1,0.0
1,1,2,0.0
1,1,3,0.0
1,1,4,0.0
1,1,5,0.0
1,1,6,0.0
1,1,7,0.0
1,1,8,0.0
1,1,9,0.0
1,1,10,0.0
1,1,11,0.0
1,1,12,0.0
1,1,13,0.0
1,1,14,0.0
1,1,15,0.0
1,1,16,0.0
1,1,17,0.0
1,1,18,0.0
1,1,19,0.0
1,1,20,0.0
1,1,21,0.0
1,1,22,0.0
1,1,23,0.0
1,1,24,0.0
1,1,25,0.0
1,1,26,0.0
1,1,27,0.0
1,1,28,0.0
1,1,29,0.0
1,1,30,0.0
1,1,31,0.0
1,1,32,0.0
1,1,33,0.0
1,1,34,0.0
1,1,35,0.0
1,1,36,0.0
1,1,37,0.0
1,1,38,0.0
1,1,39,0.0
1,1,40,0.0
1,1,41,0.0
1,1,42,0.0
1,1,43,0.0
1,1,44,0.0
1,1,45,0.0
1,1,46,0.0
1,1,47,0.0
1,1,48,0.0
1,1,49,0.0
1,1,50,0.0
1,1,51,0.0
1,1,52,0.0
1,1,53,0.0
1,1,54,0.0
1,1,55,0.0
1,1,56,0.0
1,1,57,0.0
1,1,58,0.0
1,1,59,0.0
1,1,60,0.0
1,1,61,0.0
1,1,62,0.0
1,1,63,0.0
1,1,64,0.0
1,1,65,0.0
1,1,66,0.0
1,1,67,0.0
1,1,68,0.0
1,1,69,0.0
1,1,70,0.0
1,1,71,0.0
1,1,72,0.0
1,1,73,0.0
1,1,74,0.0
1,1,75,0.0
1,1,76,0.0
1,1,77,0.0
1,1,78,0.0
1,1,79,0.0
1,1,80,0.0
1,1,81,0.0
1,1,82,0.0
1,1,83,0.0
1,1,84,0.0
1,1,85,0.0
1,1,86,0.0
1,1,87,0.0
1,1,88,0.0
1,1,89,0.0
1,1,90,0.0
1,1,91,0.0
1,1,92,0.0
1,1,93,0.0
1,1,94,0.0
1,1,95,0.0
1,1,96,0.0
1,1,97,0.0
1,1,98,0.0
1,1,99,0.0
1,2,0,0.0
1,2,1,0.0
1,2,2,0.0
1,2,3,0.0
1,2,4,0.0
1,2,5,0.0
1,2,6,0.0
1,2,7,0.0
1,2,8,0.0
1,2,9,0.0
1,2,10,0.0
1,2,11,0.0
1,2,12,0.0
1,2,13,0.0
1,2,14,0.0
1,2,15,0.0
1,2,16,0.0
1,2,17,0.0
1,2,18,0.0
1,2,19,0.0
1,2,20,0.0
1,2,21,0.0
1,2,22,0.0
1,2,23,0.0
1,2,24,0.0
1,2,25,0.0
1,2,26,0.0
1,2,27,0.0
1,2,28,0.0
1,2,29,0.0
1,2,30,0.0
1,2,31,0.0
1,2,32,0.0
1,2,33,0.0
1,2,34,0.0
1,2,35,0.0
1,2,36,0.0
1,2,37,0.0
1,2,38,0.0
1,2,39,0.0
1,2,40,0.0
1,2,41,0.0
1,2,42,0.0
1,2,43,0.0
1,2,44,0.0
1,2,45,0.0
1,2,46,0.0
1,2,47,0.0
1,2,48,0.0
1,2,49,0.0
1,2,50,0.0
1,2,51,0.0
1,2,52,0.0
1,2,53,0.0
1,2,54,0.0
1,2,55,0.0
1,2,56,0.0
1,2,57,0.0
1,2,58,0.0
1,2,59,0.0
1,2,60,0.0
1,2,61,0.0
1,2,62,0.0
1,2,63,0.0
1,2,64,0.0
1,2,65,0.0
1,2,66,0.0
1,2,67,0.0
1,2,68,0.0
1,2,69,0.0
1,2,70,0.0
1,2,71,0.0
1,2,72,0.0
1,2,73,0.0
1,2,74,0.0
1,2,75,0.0
1,2,76,0.0
1,2,77,0.0
1,2,78,0.0
1,2,79,0.0
1,2,80,0.0
1,2,81,0.0
1,2,82,0.0
1,2,83,0.0
1,2,84,0.0
1,2,85,0.0
1,2,86,0.0
1,2,87,0.0
1,2,88,0.0
1,2,89,0.0
1,2,90,0.0
1,2,91,0.0
1,2,92,0.0
1,2,93,0.0
1,2,94,0.0
1,2,95,0.0
1,2,96,0.0
1,2,97,0.0
1,2,98,0.0
1,2,99,0.0
1,3,0,0.0
1,3,1,0.0
1,3,2,0.0
1,3,3,0.0
1,3,4,0.0
1,3,5,0.0
1,3,6,0.0
1,3,7,0.0
1,3,8,0.0
1,3,9,0.0
1,3,10,0.0
1,3,11,0.0
1,3,12,0.0
1,3,13,0.0
1,3,14,0.0
1,3,15,0.0
1,3,16,0.0
1,3,17,0.0
1,3,18,0.0
1,3,19,0.0
1,3,20,0.0
1,3,21,0.0
1,3,22,0.0
1,3,23,0.0
1,3,24,0.0
1,3,25,0.0
1,3,26,0.0
1,3,27,0.0
1,3,28,0.0
1,3,29,0.0
1,3,30,0.0
1,3,31,0.0
1,3,32,0.0
1,3,33,0.0
1,3,34,0.0
1,3,35,0.0
1,3,36,0.0
1,3,37,0.0
1,3,38,0.0
1,3,39,0.0
1,3,40,0.0
1,3,41,0.0
1,3,42,0.0
1,3,43,0.0
1,3,44,0.0
1,3,45,0.0
1,3,46,0.0
1,3,47,0.0
1,3,48,0.0
1,3,49,0.0
1,3,50,0.0
1,3,51,0.0
1,3,52,0.0
1,3,53,0.0
1,3,54,0.0
1,3,55,0.0
1,3,56,0.0
1,3,57,0.0
1,3,58,0.0
1,3,59,0.0
1,3,60,0.0
1,3,61,0.0
1,3,62,0.0
1,3,63,0.0
1,3,64,0.0
1,3,65,0.0
1,3,66,0.0
1,3,67,0.0
1,3,68,0.0
1,3,69,0.0
1,3,70,0.0
1,3,71,0.0
1,3,72,0.0
1,3,73,0.0
1,3,74,0.0
1,3,75,0.0
1,3,76,0.0
1,3,77,0.0
1,3,78,0.0
1,3,79,0.0
1,3,80,0.0
1,3,81,0.0
1,3,82,0.0
1,3,83,0.0
1,3,84,0.0
1,3,85,0.0
1,3,86,0.0
1,3,87,0.0
1,3,88,0.0
1,3,89,0.0
1,3,90,0.0
1,3,91,0.0
1,3,92,0.0
1,3,93,0.0
1,3,94,0.0
1,3,95,0.0
1,3,96,0.0
1,3,97,0.0
1,3,98,0.0
1,3,99,0.0
1,4,0,0.0
1,4,1,0.0
1,4,2,0.0
1,4,3,0.0
1,4,4,0.0
1,4,5,0.0
1,4,6,0.0
1,4,7,0.0
1,4,8,0.0
1,4,9,0.0
1,4,10,0.0
1,4,11,0.0
1,4,12,0.0
1,4,13,0.0
1,4,14,0.0
1,4,15,0.0
1,4,16,0.0
1,4,17,0.0
1,4,18,0.0
1,4,19,0.0
1,4,20,0.0
1,4,21,0.0
1,4,22,0.0
1,4,23,0.0
1,4,24,0.0
1,4,25,0.0
1,4,26,0.0
1,4,27,0.0
1,4,28,0.0
1,4,29,0.0
1,4,30,0.0
1,4,31,0.0
1,4,32,0.0
1,4,33,0.0
1,4,34,0.0
1,4,35,0.0
1,4,36,0.0
1,4,37,0.0
1,4,38,0.0
1,4,39,0.0
1,4,40,0.0
1,4,41,0.0
1,4,42,0.0
1,4,43,0.0
1,4,44,0.0
1,4,45,0.0
1,4,46,0.0
1,4,47,0.0
1,4,48,0.0
1,4,49,0.0
1,4,50,0.0
1,4,51,0.0
1,4,52,0.0
1,4,53,0.0
1,4,54,0.0
1,4,55,0.0
1,4,56,0.0
1,4,57,0.0
1,4,58,0.0
1,4,59,0.0
1,4,60,0.0
1,4,61,0.0
1,4,62,0.0
1,4,63,0.0
1,4,64,0.0
1,4,65,0.0
1,4,66,0.0
1,4,67,0.0
1,4,68,0.0
1,4,69,0.0
1,4,70,0.0
1,4,71,0.0
1,4,72,0.0
1,4,73,0.0
1,4,74,0.0
1,4,75,0.0
1,4,76,0.0
1,4,77,0.0
1,4,78,0.0
1,4,79,0.0
1,4,80,0.0
1,4,81,0.0
1,4,82,0.0
1,4,83,0.0
1,4,84,0.0
1,4,85,0.0
1,4,86,0.0
1,4,87,0.0
1,4,88,0.0
1,4,89,0.0
1,4,90,0.0
1,4,91,0.0
1,4,92,0.0
1,4,93,0.0
1,4,94,0.0
1,4,95,0.0
1,4,96,0.0
1,4,97,0.0
1,4,98,0.0
1,4,99,0.0
1,5,0,0.0
1,5,1,0.0
1,5,2,0.0
1,5,3,0.0
1,5,4,0.0
1,5,5,0.0
1,5,6,0.0
1,5,7,0.0
1,5,8,0.0
1,5,9,0.0
1,5,10,0.0
1,5,11,0.0
1,5,12,0.0
1,5,13,0.0
1,5,14,0.0
1,5,15,0.0
1,5,16,0.0
1,5,17,0.0
1,5,18,0.0
1,5,19,0.0
1,5,20,0.0
1,5,21,0.0
1,5,22,0.0
1,5,23,0.0
1,5,24,0.0
1,5,25,0.0
1,5,26,0.0
1,5,27,0.0
1,5,28,0.0
1,5,29,0.0
1,5,30,0.0
1,5,31,0.0
1,5,32,0.0
1,5,33,0.0
1,5,34,0.0
1,5,35,0.0
1,5,36,0.0
1,5,37,0.0
1,5,38,0.0
1,5,39,0.0
1,5,40,0.0
1,5,41,0.0
1,5,42,0.0
1,5,43,0.0
1,5,44,0.0
1,5,45,0.0
1,5,46,0.0
1,5,47,0.0
1,5,48,0.0
1,5,49,0.0
1,5,50,0.0
1,5,51,0.0
1,5,52,0.0
1,5,53,0.0
1,5,54,0.0
1,5,55,0.0
1,5,56,0.0
1,5,57,0.0
1,5,58,0.0
1,5,59,0.0
1,5,60,0.0
1,5,61,0.0
1,5,62,0.0
1,5,63,0.0
1,5,64,0.0
1,5,65,0.0
1,5,66,0.0
1,5,67,0.0
1,5,68,0.0
1,5,69,0.0
1,5,70,0.0
1,5,71,0.0
1,5,72,0.0
1,5,73,0.0
1,5,74,0.0
1,5,75,0.0
1,5,76,0.0
1,5,77,0.0
1,5,78,0.0
1,5,79,0.0
1,5,80,0.0
1,5,81,0.0
1,5,82,0.0
1,5,83,0.0
1,5,84,0.0
1,5,85,0.0
1,5,86,0.0
1,5,87,0.0
1,5,88,0.0
1,5,89,0.0
1,5,90,0.0
1,5,91,0.0
1,5,92,0.0
1,5,93,0.0
1,5,94,0.0
1,5,95,0.0
1,5,96,0.0
1,5,97,0.0
1,5,98,0.0
1,5,99,0.0
1,6,0,0.0
1,6,1,0.0
1,6,2,0.0
1,6,3,0.0
1,6,4,0.0
1,6,5,0.0
1,6,6,0.0
1,6,7,0.0
1,6,8,0.0
1,6,9,0.0
1,6,10,0.0
1,6,11,0.0
1,6,12,0.0
1,6,13,0.0
1,6,14,0.0
1,6,15,0.0
1,6,16,0.0
1,6,17,0.0
1,6,18,0.0
1,6,19,0.0
1,6,20,0.0
1,6,21,0.0
1,6,22,0.0
1,6,23,0.0
1,6,24,0.0
1,6,25,0.0
1,6,26,0.0
1,6,27,0.0
1,6,28,0.0
1,6,29,0.0
1,6,30,0.0
1,6,31,0.0
1,6,32,0.0
1,6,33,0.0
1,6,34,0.0
1,6,35,0.0
1,6,36,0.0
1,6,37,0.0
1,6,38,0.0
1,6,39,0.0
1,6,40,0.0
1,6,41,0.0
1,6,42,0.0
1,6,43,0.0
1,6,44,0.0
1,6,45,0.0
1,6,46,0.0
1,6,47,0.0
1,6,48,0.0
1,6,49,0.0
1,6,50,0.0
1,6,51,0.0
1,6,52,0.0
1,6,53,0.0
1,6,54,0.0
1,6,55,0.0
1,6,56,0.0
1,6,57,0.0
1,6,58,0.0
1,6,59,0.0
1,6,60,0.0
1,6,61,0.0
1,6,62,0.0
1,6,63,0.0
1,6,64,0.0
1,6,65,0.0
1,6,66,0.0
1,6,67,0.0
1,6,68,0.0
1,6,69,0.0
1,6,70,0.0
1,6,71,0.0
1,6,72,0.0
1,6,73,0.0
1,6,74,0.0
1,6,75,0.0
1,6,76,0.0
1,6,77,0.0
1,6,78,0.0
1,6,79,0.0
1,6,80,0.0
1,6,81,0.0
1,6,82,0.0
1,6,83,0.0
1,6,84,0.0
1,6,85,0.0
1,6,86,0.0
1,6,87,0.0
1,6,88,0.0
1,6,89,0.0
1,6,90,0.0
1,6,91,0.0
1,6,92,0.0
1,6,93,0.0
1,6,94,0.0
1,6,95,0.0
1,6,96,0.0
1,6,97,0.0
1,6,98,0.0
1,6,99,0.0
1,7,0,0.0
1,7,1,0.0
1,7,2,0.0
1,7,3,4.0
1,7,4,0.0
1,7,5,0.0
1,7,6,0.0
1,7,7,0.0
1,7,8,0.0
1,7,9,0.0
1,7,10,0.0
1,7,11,0.0
1,7,12,0.0
1,7,13,0.0
1,7,14,0.0
1,7,15,0.0
1,7,16,0.0
1,7,17,0.0
1,7,18,0.0
1,7,19,0.0
1,7,20,0.0
1,7,21,0.0
1,7,22,0.0
1,7,23,0.0
1,7,24,0.0
1,7,25,0.0
1,7,26,0.0
1,7,27,0.0
1,7,28,0.0
1,7,29,0.0
1,7,30,8.0
1,7,31,0.0
1,7,32,0.0
1,7,33,0.0
1,7,34,0.0
1,7,35,3.0
1,7,36,8.0
1,7,37,0.0
1,7,38,0.0
1,7,39,0.0
1,7,40,0.0
1,7,41,0.0
1,7,42,0.0
1,7,43,0.0
1,7,44,0.0
1,7,45,0.0
1,7,46,0.0
1,7,47,0.0
1,7,48,0.0
1,7,49,0.0
1,7,50,0.0
1,7,51,0.0
1,7,52,0.0
1,7,53,0.0
1,7,54,0.0
1,7,55,0.0
1,7,56,0.0
1,7,57,0.0
1,7,58,0.0
1,7,59,0.0
1,7,60,5.0
1,7,61,0.0
1,7,62,0.0
1,7,63,0.0
1,7,64,0.0
1,7,65,0.0
1,7,66,0.0
1,7,67,0.0
1,7,68,8.0
1,7,69,0.0
1,7,70,0.0
1,7,71,0.0
1,7,72,0.0
1,7,73,0.0
1,7,74,0.0
1,7,75,0.0
1,7,76,0.0
1,7,77,0.0
1,7,78,0.0
1,7,79,0.0
1,7,80,0.0
1,7,81,0.0
1,7,82,0.0
1,7,83,0.0
1,7,84,0.0
1,7,85,0.0
1,7,86,0.0
1,7,87,0.0
1,7,88,0.0
1,7,89,2.0
1,7,90,0.0
1,7,91,0.0
1,7,92,0.0
1,7,93,0.0
1,7,94,0.0
1,7,95,0.0
1,7,96,3.0
1,7,97,7.0
1,7,98,0.0
1,7,99,0.0
1,8,0,7.0
1,8,1,0.0
1,8,2,13.0
1,8,3,0.0
1,8,4,0.0
1,8,5,0.0
1,8,6,0.0
1,8,7,0.0
1,8,8,9.0
1,8,9,13.0
1,8,10,0.0
1,8,11,0.0
1,8,12,0.0
1,8,13,0.0
1,8,14,0.0
1,8,15,0.0
1,8,16,0.0
1,8,17,0.0
1,8,18,11.0
1,8,19,0.0
1,8,20,0.0
1,8,21,0.0
1,8,22,15.0
1,8,23,8.0
1,8,24,11.0
1,8,25,0.0
1,8,26,0.0
1,8,27,0.0
1,8,28,6.0
1,8,29,0.0
1,8,30,0.0
1,8,31,0.0
1,8,32,7.0
1,8,33,0.0
1,8,34,12.0
1,8,35,0.0
1,8,36,7.0
1,8,37,0.0
1,8,38,0.0
1,8,39,0.0
1,8,40,0.0
1,8,41,0.0
1,8,42,0.0
1,8,43,0.0
1,8,44,11.0
1,8,45,0.0
1,8,46,0.0
1,8,47,0.0
1,8,48,0.0
1,8,49,0.0
1,8,50,10.0
1,8,51,0.0
1,8,52,0.0
1,8,53,15.0
1,8,54,0.0
1,8,55,0.0
1,8,56,0.0
1,8,57,15.0
1,8,58,0.0
1,8,59,0.0
1,8,60,11.0
1,8,61,0.0
1,8,62,0.0
1,8,63,0.0
1,8,64,0.0
1,8,65,9.0
1,8,66,16.0
1,8,67,0.0
1,8,68,0.0
1,8,69,0.0
1,8,70,12.0
1,8,71,0.0
1,8,72,0.0
1,8,73,0.0
1,8,74,0.0
1,8,75,0.0
1,8,76,0.0
1,8,77,0.0
1,8,78,12.0
1,8,79,0.0
1,8,80,0.0
1,8,81,0.0
1,8,82,0.0
1,8,83,17.0
1,8,84,2.0
1,8,85,13.0
1,8,86,0.0
1,8,87,10.0
1,8,88,0.0
1,8,89,0.0
1,8,90,12.0
1,8,91,0.0
1,8,92,0.0
1,8,93,0.0
1,8,94,0.0
1,8,95,5.0
1,8,96,4.0
1,8,97,0.0
1,8,98,4.0
1,8,99,0.0
1,9,0,5.0
1,9,1,0.0
1,9,2,0.0
1,9,3,0.0
1,9,4,20.0
1,9,5,0.0
1,9,6,0.0
1,9,7,0.0
1,9,8,0.0
1,9,9,0.0
1,9,10,0.0
1,9,11,0.0
1,9,12,0.0
1,9,13,0.0
1,9,14,0.0
1,9,15,0.0
1,9,16,0.0
1,9,17,0.0
1,9,18,70.0
1,9,19,80.0
1,9,20,0.0
1,9,21,0.0
1,9,22,0.0
1,9,23,57.0
1,9,24,0.0
1,9,25,66.0
1,9,26,61.0
1,9,27,0.0
1,9,28,0.0
1,9,29,45.0
1,9,30,0.0
1,9,31,8.0
1,9,32,0.0
1,9,33,0.0
1,9,34,43.0
1,9,35,48.0
1,9,36,0.0
1,9,37,89.0
1,9,38,0.0
1,9,39,0.0
1,9,40,0.0
1,9,41,0.0
1,9,42,0.0
1,9,43,0.0
1,9,44,0.0
1,9,45,72.0
1,9,46,36.0
1,9,47,104.0
1,9,48,0.0
1,9,49,0.0
1,9,50,0.0
1,9,51,104.0
1,9,52,0.0
1,9,53,61.0
1,9,54,79.0
1,9,55,0.0
1,9,56,79.0
1,9,57,0.0
1,9,58,0.0
1,9,59,0.0
1,9,60,34.0
1,9,61,0.0
1,9,62,0.0
1,9,63,0.0
1,9,64,108.0
1,9,65,0.0
1,9,66,21.0
1,9,67,0.0
1,9,68,0.0
1,9,69,10.0
1,9,70,35.0
1,9,71,17.0
1,9,72,0.0
1,9,73,0.0
1,9,74,0.0
1,9,75,65.0
1,9,76,0.0
1,9,77,0.0
1,9,78,0.0
1,9,79,0.0
1,9,80,14.0
1,9,81,0.0
1,9,82,0.0
1,9,83,18.0
1,9,84,0.0
1,9,85,0.0
1,9,86,82.0
1,9,87,0.0
1,9,88,0.0
1,9,89,0.0
1,9,90,15.0
1,9,91,0.0
1,9,92,0.0
1,9,93,31.0
1,9,94,0.0
1,9,95,0.0
1,9,96,0.0
1,9,97,0.0
1,9,98,0.0
1,9,99,0.0
1,10,0,0.0
1,10,1,0.0
1,10,2,127.0
1,10,3,56.0
1,10,4,11.0
1,10,5,72.0
1,10,6,236.0
1,10,7,0.0
1,10,8,126.0
1,10,9,19.0
1,10,10,253.0
1,10,11,191.0
1,10,12,134.0
1,10,13,59.0
1,10,14,187.0
1,10,15,111.0
1,10,16,73.0
1,10,17,133.0
1,10,18,26.0
1,10,19,64.0
1,10,20,0.0
1,10,21,160.0
1,10,22,70.0
1,10,23,32.0
1,10,24,106.0
1,10,25,40.0
1,10,26,0.0
1,10,27,81.0
1,10,28,142.0
1,10,29,65.0
1,10,30,44.0
1,10,31,0.0
1,10,32,68.0
1,10,33,138.0
1,10,34,0.0
1,10,35,8.0
1,10,36,7.0
1,10,37,0.0
1,10,38,68.0
1,10,39,164.0
1,10,40,103.0
1,10,41,0.0
1,10,42,125.0
1,10,43,220.0
1,10,44,42.0
1,10,45,113.0
1,10,46,0.0
1,10,47,49.0
1,10,48,97.0
1,10,49,95.0
1,10,50,120.0
1,10,51,62.0
1,10,52,155.0
1,10,53,18.0
1,10,54,26.0
1,10,55,102.0
1,10,56,0.0
1,10,57,68.0
1,10,58,217.0
1,10,59,175.0
1,10,60,20.0
1,10,61,0.0
1,10,62,0.0
1,10,63,0.0
1,10,64,31.0
1,10,65,23.0
1,10,66,0.0
1,10,67,24.0
1,10,68,248.0
1,10,69,0.0
1,10,70,51.0
1,10,71,77.0
1,10,72,0.0
1,10,73,95.0
1,10,74,0.0
1,10,75,45.0
1,10,76,77.0
1,10,77,101.0
1,10,78,0.0
1,10,79,90.0
1,10,80,0.0
1,10,81,62.0
1,10,82,112.0
1,10,83,52.0
1,10,84,0.0
1,10,85,73.0
1,10,86,0.0
1,10,87,1.0
1,10,88,127.0
1,10,89,59.0
1,10,90,94.0
1,10,91,136.0
1,10,92,143.0
1,10,93,9.0
1,10,94,0.0
1,10,95,37.0
1,10,96,115.0
1,10,97,159.0
1,10,98,0.0
1,10,99,178.0
1,11,0,263.0
1,11,1,233.0
1,11,2,166.0
1,11,3,47.0
1,11,4,164.0
1,11,5,193.0
1,11,6,67.0
1,11,7,268.0
1,11,8,0.0
1,11,9,198.0
1,11,10,0.0
1,11,11,0.0
1,11,12,0.0
1,11,13,213.0
1,11,14,46.0
1,11,15,189.0
1,11,16,111.0
1,11,17,131.0
1,11,18,127.0
1,11,19,109.0
1,11,20,96.0
1,11,21,0.0
1,11,22,0.0
1,11,23,229.0
1,11,24,0.0
1,11,25,94.0
1,11,26,167.0
1,11,27,218.0
1,11,28,0.0
1,11,29,136.0
1,11,30,114.0
1,11,31,347.0
1,11,32,9.0
1,11,33,114.0
1,11,34,209.0
1,11,35,173.0
1,11,36,122.0
1,11,37,37.0
1,11,38,274.0
1,11,39,0.0
1,11,40,90.0
1,11,41,194.0
1,11,42,157.0
1,11,43,108.0
1,11,44,197.0
1,11,45,72.0
1,11,46,149.0
1,11,47,228.0
1,11,48,0.0
1,11,49,349.0
1,11,50,177.0
1,11,51,44.0
1,11,52,98.0
1,11,53,141.0
1,11,54,113.0
1,11,55,53.0
1,11,56,142.0
1,11,57,130.0
1,11,58,50.0
1,11,59,3.0
1,11,60,226.0
1,11,61,0.0
1,11,62,77.0
1,11,63,252.0
1,11,64,327.0
1,11,65,180.0
1,11,66,188.0
1,11,67,114.0
1,11,68,0.0
1,11,69,0.0
1,11,70,155.0
1,11,71,276.0
1,11,72,23.0
1,11,73,140.0
1,11,74,120.0
1,11,75,183.0
1,11,76,76.0
1,11,77,208.0
1,11,78,71.0
1,11,79,336.0
1,11,80,82.0
1,11,81,218.0
1,11,82,0.0
1,11,83,286.0
1,11,84,153.0
1,11,85,248.0
1,11,86,41.0
1,11,87,90.0
1,11,88,224.0
1,11,89,274.0
1,11,90,98.0
1,11,91,0.0
1,11,92,219.0
1,11,93,150.0
1,11,94,283.0
1,11,95,236.0
1,11,96,233.0
1,11,97,53.0
1,11,98,363.0
1,11,99,0.0
1,12,0,44.0
1,12,1,24.0
1,12,2,207.0
1,12,3,319.0
1,12,4,263.0
1,12,5,237.0
1,12,6,8.0
1,12,7,304.0
1,12,8,245.0
1,12,9,203.0
1,12,10,308.0
1,12,11,242.0
1,12,12,175.0
1,12,13,0.0
1,12,14,272.0
1,12,15,201.0
1,12,16,367.0
1,12,17,135.0
1,12,18,96.0
1,12,19,114.0
1,12,20,111.0
1,12,21,66.0
1,12,22,261.0
1,12,23,35.0
1,12,24,433.0
1,12,25,398.0
1,12,26,77.0
1,12,27,321.0
1,12,28,77.0
1,12,29,178.0
1,12,30,229.0
1,12,31,0.0
1,12,32,339.0
1,12,33,329.0
1,12,34,319.0
1,12,35,163.0
1,12,36,214.0
1,12,37,369.0
1,12,38,310.0
1,12,39,155.0
1,12,40,64.0
1,12,41,208.0
1,12,42,315.0
1,12,43,222.0
1,12,44,202.0
1,12,45,27.0
1,12,46,41.0
1,12,47,117.0
1,12,48,368.0
1,12,49,157.0
1,12,50,14.0
1,12,51,267.0
1,12,52,267.0
1,12,53,252.0
1,12,54,64.0
1,12,55,121.0
1,12,56,327.0
1,12,57,383.0
1,12,58,96.0
1,12,59,139.0
1,12,60,226.0
1,12,61,303.0
1,12,62,107.0
1,12,63,0.0
1,12,64,67.0
1,12,65,341.0
1,12,66,227.0
1,12,67,0.0
1,12,68,59.0
1,12,69,157.0
1,12,70,53.0
1,12,71,333.0
1,12,72,362.0
1,12,73,193.0
1,12,74,185.0
1,12,75,206.0
1,12,76,272.0
1,12,77,117.0
1,12,78,286.0
1,12,79,106.0
1,12,80,273.0
1,12,81,88.0
1,12,82,307.0
1,12,83,0.0
1,12,84,302.0
1,12,85,88.0
1,12,86,88.0
1,12,87,284.0
1,12,88,231.0
1,12,89,154.0
1,12,90,94.0
1,12,91,385.0
1,12,92,458.0
1,12,93,182.0
1,12,94,0.0
1,12,95,318.0
1,12,96,0.0
1,12,97,185.0
1,12,98,247.0
1,12,99,59.0
1,13,0,208.0
1,13,1,480.0
1,13,2,552.0
1,13,3,193.0
1,13,4,153.0
1,13,5,132.0
1,13,6,467.0
1,13,7,401.0
1,13,8,422.0
1,13,9,237.0
1,13,10,178.0
1,13,11,348.0
1,13,12,242.0
1,13,13,376.0
1,13,14,284.0
1,13,15,180.0
1,13,16,285.0
1,13,17,164.0
1,13,18,334.0
1,13,19,292.0
1,13,20,419.0
1,13,21,522.0
1,13,22,253.0
1,13,23,160.0
1,13,24,354.0
1,13,25,300.0
1,13,26,310.0
1,13,27,295.0
1,13,28,556.0
1,13,29,314.0
1,13,30,426.0
1,13,31,576.0
1,13,32,169.0
1,13,33,289.0
1,13,34,253.0
1,13,35,549.0
1,13,36,290.0
1,13,37,177.0
1,13,38,477.0
1,13,39,247.0
1,13,40,338.0
1,13,41,563.0
1,13,42,429.0
1,13,43,377.0
1,13,44,249.0
1,13,45,213.0
1,13,46,248.0
1,13,47,242.0
1,13,48,397.0
1,13,49,366.0
1,13,50,380.0
1,13,51,178.0
1,13,52,309.0
1,13,53,369.0
1,13,54,452.0
1,13,55,312.0
1,13,56,410.0
1,13,57,167.0
1,13,58,187.0
1,13,59,280.0
1,13,60,278.0
1,13,61,360.0
1,13,62,540.0
1,13,63,433.0
1,13,64,433.0
1,13,65,198.0
1,13,66,159.0
1,13,67,327.0
1,13,68,426.0
1,13,69,277.0
1,13,70,318.0
1,13,71,374.0
1,13,72,3.0
1,13,73,239.0
1,13,74,256.0
1,13,75,452.0
1,13,76,460.0
1,13,77,490.0
1,13,78,317.0
1,13,79,519.0
1,13,80,453.0
1,13,81,459.0
1,13,82,406.0
1,13,83,423.0
1,13,84,235.0
1,13,85,167.0
1,13,86,409.0
1,13,87,195.0
1,13,88,411.0
1,13,89,283.0
1,13,90,392.0
1,13,91,127.0
1,13,92,254.0
1,13,93,184.0
1,13,94,529.0
1,13,95,246.0
1,13,96,280.0
1,13,97,533.0
1,13,98,532.0
1,13,99,512.0
1,14,0,0.0
1,14,1,0.0
1,14,2,168.0
1,14,3,0.0
1,14,4,0.0
1,14,5,0.0
1,14,6,0.0
1,14,7,0.0
1,14,8,0.0
1,14,9,0.0
1,14,10,0.0
1,14,11,0.0
1,14,12,309.0
1,14,13,320.0
1,14,14,220.0
1,14,15,70.0
1,14,16,75.0
1,14,17,206.0
1,14,18,0.0
1,14,19,97.0
1,14,20,19.0
1,14,21,0.0
1,14,22,0.0
1,14,23,0.0
1,14,24,0.0
1,14,25,0.0
1,14,26,0.0
1,14,27,0.0
1,14,28,84.0
1,14,29,304.0
1,14,30,13.0
1,14,31,0.0
1,14,32,0.0
1,14,33,0.0
1,14,34,247.0
1,14,35,26.0
1,14,36,0.0
1,14,37,1.0
1,14,38,0.0
1,14,39,0.0
1,14,40,0.0
1,14,41,0.0
1,14,42,212.0
1,14,43,0.0
1,14,44,0.0
1,14,45,189.0
1,14,46,0.0
1,14,47,0.0
1,14,48,0.0
1,14,49,0.0
1,14,50,176.0
1,14,51,0.0
1,14,52,0.0
1,14,53,0.0
1,14,54,0.0
1,14,55,0.0
1,14,56,0.0
1,14,57,27.0
1,14,58,0.0
1,14,59,0.0
1,14,60,0.0
1,14,61,144.0
1,14,62,0.0
1,14,63,0.0
1,14,64,0.0
1,14,65,0.0
1,14,66,0.0
1,14,67,166.0
1,14,68,0.0
1,14,69,140.0
1,14,70,0.0
1,14,71,0.0
1,14,72,0.0
1,14,73,0.0
1,14,74,0.0
1,14,75,0.0
1,14,76,0.0
1,14,77,0.0
1,14,78,0.0
1,14,79,8.0
1,14,80,125.0
1,14,81,0.0
1,14,82,234.0
1,14,83,0.0
1,14,84,0.0
1,14,85,0.0
1,14,86,0.0
1,14,87,127.0
1,14,88,0.0
1,14,89,0.0
1,14,90,0.0
1,14,91,0.0
1,14,92,0.0
1,14,93,0.0
1,14,94,0.0
1,14,95,79.0
1,14,96,0.0
1,14,97,0.0
1,14,98,0.0
1,14,99,0.0
1,15,0,390.0
1,15,1,282.0
1,15,2,256.0
1,15,3,295.0
1,15,4,191.0
1,15,5,335.0
1,15,6,153.0
1,15,7,289.0
1,15,8,293.0
1,15,9,250.0
1,15,10,361.0
1,15,11,263.0
1,15,12,263.0
1,15,13,243.0
1,15,14,149.0
1,15,15,229.0
1,15,16,158.0
1,15,17,282.0
1,15,18,302.0
1,15,19,193.0
1,15,20,300.0
1,15,21,182.0
1,15,22,331.0
1,15,23,278.0
1,15,24,160.0
1,15,25,140.0
1,15,26,212.0
1,15,27,315.0
1,15,28,279.0
1,15,29,288.0
1,15,30,335.0
1,15,31,210.0
1,15,32,297.0
1,15,33,194.0
1,15,34,331.0
1,15,35,177.0
1,15,36,333.0
1,15,37,362.0
1,15,38,270.0
1,15,39,150.0
1,15,40,252.0
1,15,41,259.0
1,15,42,180.0
1,15,43,143.0
1,15,44,326.0
1,15,45,282.0
1,15,46,144.0
1,15,47,393.0
1,15,48,283.0
1,15,49,287.0
1,15,50,242.0
1,15,51,371.0
1,15,52,149.0
1,15,53,225.0
1,15,54,186.0
1,15,55,256.0
1,15,56,157.0
1,15,57,151.0
1,15,58,212.0
1,15,59,272.0
1,15,60,391.0
1,15,61,335.0
1,15,62,133.0
1,15,63,127.0
1,15,64,139.0
1,15,65,178.0
1,15,66,136.0
1,15,67,172.0
1,15,68,315.0
1,15,69,318.0
1,15,70,231.0
1,15,71,326.0
1,15,72,357.0
1,15,73,167.0
1,15,74,156.0
1,15,75,231.0
1,15,76,240.0
1,15,77,206.0
1,15,78,258.0
1,15,79,218.0
1,15,80,344.0
1,15,81,374.0
1,15,82,168.0
1,15,83,246.0
1,15,84,157.0
1,15,85,105.0
1,15,86,367.0
1,15,87,98.0
1,15,88,297.0
1,15,89,164.0
1,15,90,158.0
1,15,91,370.0
1,15,92,151.0
1,15,93,313.0
1,15,94,390.0
1,15,95,320.0
1,15,96,219.0
1,15,97,152.0
1,15,98,271.0
1,15,99,227.0
1,16,0,0.0
1,16,1,0.0
1,16,2,0.0
1,16,3,0.0
1,16,4,0.0
1,16,5,0.0
1,16,6,0.0
1,16,7,0.0
1,16,8,57.0
1,16,9,0.0
1,16,10,0.0
1,16,11,0.0
1,16,12,0.0
1,16,13,0.0
1,16,14,0.0
1,16,15,0.0
1,16,16,0.0
1,16,17,24.0
1,16,18,137.0
1,16,19,0.0
1,16,20,0.0
1,16,21,38.0
1,16,22,0.0
1,16,23,0.0
1,16,24,0.0
1,16,25,0.0
1,16,26,0.0
1,16,27,0.0
1,16,28,0.0
1,16,29,63.0
1,16,30,161.0
1,16,31,0.0
1,16,32,0.0
1,16,33,204.0
1,16,34,0.0
1,16,35,0.0
1,16,36,0.0
1,16,37,0.0
1,16,38,42.0
1,16,39,0.0
1,16,40,0.0
1,16,41,0.0
1,16,42,0.0
1,16,43,0.0
1,16,44,0.0
1,16,45,174.0
1,16,46,0.0
1,16,47,236.0
1,16,48,156.0
1,16,49,0.0
1,16,50,97.0
1,16,51,0.0
1,16,52,0.0
1,16,53,0.0
1,16,54,39.0
1,16,55,0.0
1,16,56,0.0
1,16,57,0.0
1,16,58,0.0
1,16,59,0.0
1,16,60,270.0
1,16,61,40.0
1,16,62,6.0
1,16,63,0.0
1,16,64,0.0
1,16,65,0.0
1,16,66,99.0
1,16,67,0.0
1,16,68,0.0
1,16,69,14.0
1,16,70,0.0
1,16,71,0.0
1,16,72,0.0
1,16,73,0.0
1,16,74,0.0
1,16,75,0.0
1,16,76,0.0
1,16,77,0.0
1,16,78,0.0
1,16,79,0.0
1,16,80,0.0
1,16,81,0.0
1,16,82,0.0
1,16,83,23.0
1,16,84,186.0
1,16,85,0.0
1,16,86,123.0
1,16,87,0.0
1,16,88,0.0
1,16,89,76.0
1,16,90,0.0
1,16,91,22.0
1,16,92,0.0
1,16,93,0.0
1,16,94,283.0
1,16,95,0.0
1,16,96,162.0
1,16,97,33.0
1,16,98,0.0
1,16,99,192.0
1,17,0,226.0
1,17,1,157.0
1,17,2,174.0
1,17,3,9.0
1,17,4,322.0
1,17,5,217.0
1,17,6,421.0
1,17,7,124.0
1,17,8,291.0
1,17,9,466.0
1,17,10,231.0
1,17,11,350.0
1,17,12,381.0
1,17,13,251.0
1,17,14,87.0
1,17,15,187.0
1,17,16,179.0
1,17,17,190.0
1,17,18,267.0
1,17,19,218.0
1,17,20,243.0
1,17,21,0.0
1,17,22,165.0
1,17,23,348.0
1,17,24,57.0
1,17,25,203.0
1,17,26,325.0
1,17,27,292.0
1,17,28,392.0
1,17,29,253.0
1,17,30,440.0
1,17,31,107.0
1,17,32,334.0
1,17,33,55.0
1,17,34,63.0
1,17,35,227.0
1,17,36,344.0
1,17,37,120.0
1,17,38,140.0
1,17,39,237.0
1,17,40,0.0
1,17,41,266.0
1,17,42,58.0
1,17,43,334.0
1,17,44,383.0
1,17,45,341.0
1,17,46,382.0
1,17,47,343.0
1,17,48,174.0
1,17,49,339.0
1,17,50,82.0
1,17,51,77.0
1,17,52,335.0
1,17,53,343.0
1,17,54,463.0
1,17,55,58.0
1,17,56,264.0
1,17,57,128.0
1,17,58,181.0
1,17,59,467.0
1,17,60,153.0
1,17,61,263.0
1,17,62,189.0
1,17,63,155.0
1,17,64,175.0
1,17,65,349.0
1,17,66,335.0
1,17,67,434.0
1,17,68,214.0
1,17,69,128.0
1,17,70,356.0
1,17,71,86.0
1,17,72,422.0
1,17,73,83.0
1,17,74,82.0
1,17,75,241.0
1,17,76,161.0
1,17,77,256.0
1,17,78,160.0
1,17,79,467.0
1,17,80,393.0
1,17,81,439.0
1,17,82,94.0
1,17,83,342.0
1,17,84,180.0
1,17,85,244.0
1,17,86,318.0
1,17,87,206.0
1,17,88,210.0
1,17,89,213.0
1,17,90,146.0
1,17,91,91.0
1,17,92,475.0
1,17,93,376.0
1,17,94,70.0
1,17,95,361.0
1,17,96,117.0
1,17,97,181.0
1,17,98,258.0
1,17,99,368.0
1,18,0,8.0
1,18,1,11.0
1,18,2,156.0
1,18,3,196.0
1,18,4,156.0
1,18,5,50.0
1,18,6,33.0
1,18,7,102.0
1,18,8,192.0
1,18,9,22.0
1,18,10,26.0
1,18,11,35.0
1,18,12,26.0
1,18,13,0.0
1,18,14,212.0
1,18,15,196.0
1,18,16,176.0
1,18,17,0.0
1,18,18,58.0
1,18,19,12.0
1,18,20,159.0
1,18,21,129.0
1,18,22,36.0
1,18,23,257.0
1,18,24,211.0
1,18,25,209.0
1,18,26,22.0
1,18,27,22.0
1,18,28,155.0
1,18,29,78.0
1,18,30,89.0
1,18,31,69.0
1,18,32,69.0
1,18,33,156.0
1,18,34,156.0
1,18,35,0.0
1,18,36,129.0
1,18,37,125.0
1,18,38,142.0
1,18,39,54.0
1,18,40,180.0
1,18,41,47.0
1,18,42,9.0
1,18,43,0.0
1,18,44,45.0
1,18,45,27.0
1,18,46,94.0
1,18,47,124.0
1,18,48,54.0
1,18,49,84.0
1,18,50,0.0
1,18,51,272.0
1,18,52,130.0
1,18,53,59.0
1,18,54,79.0
1,18,55,243.0
1,18,56,52.0
1,18,57,54.0
1,18,58,0.0
1,18,59,61.0
1,18,60,0.0
1,18,61,49.0
1,18,62,216.0
1,18,63,30.0
1,18,64,264.0
1,18,65,0.0
1,18,66,146.0
1,18,67,133.0
1,18,68,232.0
1,18,69,205.0
1,18,70,94.0
1,18,71,123.0
1,18,72,130.0
1,18,73,157.0
1,18,74,140.0
1,18,75,169.0
1,18,76,250.0
1,18,77,36.0
1,18,78,151.0
1,18,79,21.0
1,18,80,48.0
1,18,81,74.0
1,18,82,237.0
1,18,83,76.0
1,18,84,37.0
1,18,85,0.0
1,18,86,167.0
1,18,87,80.0
1,18,88,122.0
1,18,89,120.0
1,18,90,0.0
1,18,91,167.0
1,18,92,82.0
1,18,93,0.0
1,18,94,137.0
1,18,95,0.0
1,18,96,33.0
1,18,97,103.0
1,18,98,176.0
1,18,99,0.0
1,19,0,32.0
1,19,1,0.0
1,19,2,0.0
1,19,3,0.0
1,19,4,93.0
1,19,5,0.0
1,19,6,0.0
1,19,7,0.0
1,19,8,0.0
1,19,9,37.0
1,19,10,0.0
1,19,11,21.0
1,19,12,0.0
1,19,13,20.0
1,19,14,0.0
1,19,15,0.0
1,19,16,65.0
1,19,17,120.0
1,19,18,193.0
1,19,19,89.0
1,19,20,0.0
1,19,21,0.0
1,19,22,23.0
1,19,23,0.0
1,19,24,0.0
1,19,25,0.0
1,19,26,0.0
1,19,27,0.0
1,19,28,17.0
1,19,29,0.0
1,19,30,0.0
1,19,31,10.0
1,19,32,0.0
1,19,33,0.0
1,19,34,0.0
1,19,35,160.0
1,19,36,0.0
1,19,37,0.0
1,19,38,0.0
1,19,39,22.0
1,19,40,21.0
1,19,41,182.0
1,19,42,162.0
1,19,43,0.0
1,19,44,0.0
1,19,45,0.0
1,19,46,0.0
1,19,47,0.0
1,19,48,120.0
1,19,49,0.0
1,19,50,180.0
1,19,51,0.0
1,19,52,0.0
1,19,53,0.0
1,19,54,102.0
1,19,55,0.0
1,19,56,0.0
1,19,57,0.0
1,19,58,140.0
1,19,59,0.0
1,19,60,167.0
1,19,61,0.0
1,19,62,61.0
1,19,63,0.0
1,19,64,0.0
1,19,65,0.0
1,19,66,0.0
1,19,67,0.0
1,19,68,0.0
1,19,69,0.0
1,19,70,0.0
1,19,71,0.0
1,19,72,0.0
1,19,73,58.0
1,19,74,185.0
1,19,75,0.0
1,19,76,15.0
1,19,77,0.0
1,19,78,0.0
1,19,79,0.0
1,19,80,0.0
1,19,81,0.0
1,19,82,60.0
1,19,83,145.0
1,19,84,0.0
1,19,85,156.0
1,19,86,0.0
1,19,87,0.0
1,19,88,0.0
1,19,89,82.0
1,19,90,0.0
1,19,91,0.0
1,19,92,0.0
1,19,93,137.0
1,19,94,0.0
1,19,95,0.0
1,19,96,31.0
1,19,97,69.0
1,19,98,0.0
1,19,99,0.0
1,20,0,10.0
1,20,1,0.0
1,20,2,0.0
1,20,3,12.0
1,20,4,0.0
1,20,5,0.0
1,20,6,0.0
1,20,7,0.0
1,20,8,0.0
1,20,9,0.0
1,20,10,69.0
1,20,11,0.0
1,20,12,47.0
1,20,13,0.0
1,20,14,100.0
1,20,15,0.0
1,20,16,0.0
1,20,17,0.0
1,20,18,0.0
1,20,19,95.0
1,20,20,0.0
1,20,21,0.0
1,20,22,0.0
1,20,23,0.0
1,20,24,45.0
1,20,25,0.0
1,20,26,0.0
1,20,27,0.0
1,20,28,0.0
1,20,29,0.0
1,20,30,0.0
1,20,31,0.0
1,20,32,0.0
1,20,33,25.0
1,20,34,0.0
1,20,35,0.0
1,20,36,0.0
1,20,37,44.0
1,20,38,0.0
1,20,39,0.0
1,20,40,1.0
1,20,41,0.0
1,20,42,0.0
1,20,43,0.0
1,20,44,0.0
1,20,45,20.0
1,20,46,5.0
1,20,47,0.0
1,20,48,0.0
1,20,49,50.0
1,20,50,0.0
1,20,51,0.0
1,20,52,107.0
1,20,53,0.0
1,20,54,0.0
1,20,55,0.0
1,20,56,0.0
1,20,57,0.0
1,20,58,0.0
1,20,59,0.0
1,20,60,0.0
1,20,61,0.0
1,20,62,0.0
1,20,63,0.0
1,20,64,0.0
1,20,65,0.0
1,20,66,56.0
1,20,67,0.0
1,20,68,68.0
1,20,69,0.0
1,20,70,0.0
1,20,71,0.0
1,20,72,0.0
1,20,73,0.0
1,20,74,0.0
1,20,75,0.0
1,20,76,0.0
1,20,77,108.0
1,20,78,0.0
1,20,79,46.0
1,20,80,64.0
1,20,81,0.0
1,20,82,0.0
1,20,83,0.0
1,20,84,108.0
1,20,85,0.0
1,20,86,0.0
1,20,87,5.0
1,20,88,0.0
1,20,89,0.0
1,20,90,0.0
1,20,91,0.0
1,20,92,91.0
1,20,93,0.0
1,20,94,0.0
1,20,95,83.0
1,20,96,0.0
1,20,97,0.0
1,20,98,0.0
1,20,99,0.0
1,21,0,91.0
1,21,1,91.0
1,21,2,63.0
1,21,3,0.0
1,21,4,0.0
1,21,5,0.0
1,21,6,0.0
1,21,7,26.0
1,21,8,0.0
1,21,9,0.0
1,21,10,0.0
1,21,11,0.0
1,21,12,0.0
1,21,13,91.0
1,21,14,0.0
1,21,15,0.0
1,21,16,0.0
1,21,17,0.0
1,21,18,0.0
1,21,19,0.0
1,21,20,0.0
1,21,21,0.0
1,21,22,0.0
1,21,23,0.0
1,21,24,0.0
1,21,25,0.0
1,21,26,0.0
1,21,27,0.0
1,21,28,0.0
1,21,29,91.0
1,21,30,0.0
1,21,31,0.0
1,21,32,0.0
1,21,33,0.0
1,21,34,0.0
1,21,35,0.0
1,21,36,0.0
1,21,37,0.0
1,21,38,0.0
1,21,39,0.0
1,21,40,0.0
1,21,41,0.0
1,21,42,0.0
1,21,43,91.0
1,21,44,0.0
1,21,45,0.0
1,21,46,0.0
1,21,47,0.0
1,21,48,0.0
1,21,49,0.0
1,21,50,0.0
1,21,51,0.0
1,21,52,0.0
1,21,53,91.0
1,21,54,0.0
1,21,55,0.0
1,21,56,31.0
1,21,57,0.0
1,21,58,0.0
1,21,59,51.0
1,21,60,0.0
1,21,61,91.0
1,21,62,0.0
1,21,63,16.0
1,21,64,0.0
1,21,65,0.0
1,21,66,0.0
1,21,67,0.0
1,21,68,0.0
1,21,69,0.0
1,21,70,0.0
1,21,71,0.0
1,21,72,0.0
1,21,73,0.0
1,21,74,0.0
1,21,75,0.0
1,21,76,0.0
1,21,77,0.0
1,21,78,0.0
1,21,79,0.0
1,21,80,0.0
1,21,81,0.0
1,21,82,0.0
1,21,83,0.0
1,21,84,0.0
1,21,85,0.0
1,21,86,0.0
1,21,87,0.0
1,21,88,0.0
1,21,89,0.0
1,21,90,81.0
1,21,91,47.0
1,21,92,0.0
1,21,93,0.0
1,21,94,0.0
1,21,95,0.0
1,21,96,0.0
1,21,97,0.0
1,21,98,0.0
1,21,99,0.0
1,22,0,0.0
1,22,1,0.0
1,22,2,0.0
1,22,3,0.0
1,22,4,0.0
1,22,5,0.0
1,22,6,0.0
1,22,7,0.0
1,22,8,0.0
1,22,9,0.0
1,22,10,0.0
1,22,11,0.0
1,22,12,0.0
1,22,13,0.0
1,22,14,0.0
1,22,15,0.0
1,22,16,0.0
1,22,17,0.0
1,22,18,0.0
1,22,19,0.0
1,22,20,0.0
1,22,21,92.0
1,22,22,0.0
1,22,23,0.0
1,22,24,0.0
1,22,25,33.0
1,22,26,0.0
1,22,27,81.0
1,22,28,0.0
1,22,29,0.0
1,22,30,49.0
1,22,31,0.0
1,22,32,0.0
1,22,33,0.0
1,22,34,17.0
1,22,35,0.0
1,22,36,0.0
1,22,37,0.0
1,22,38,0.0
1,22,39,0.0
1,22,40,0.0
1,22,41,0.0
1,22,42,0.0
1,22,43,0.0
1,22,44,0.0
1,22,45,0.0
1,22,46,0.0
1,22,47,0.0
1,22,48,0.0
1,22,49,0.0
1,22,50,0.0
1,22,51,5.0
1,22,52,0.0
1,22,53,0.0
1,22,54,0.0
1,22,55,0.0
1,22,56,0.0
1,22,57,91.0
1,22,58,0.0
1,22,59,0.0
1,22,60,0.0
1,22,61,0.0
1,22,62,0.0
1,22,63,0.0
1,22,64,0.0
1,22,65,90.0
1,22,66,0.0
1,22,67,0.0
1,22,68,0.0
1,22,69,0.0
1,22,70,41.0
1,22,71,26.0
1,22,72,0.0
1,22,73,0.0
1,22,74,0.0
1,22,75,0.0
1,22,76,0.0
1,22,77,0.0
1,22,78,25.0
1,22,79,0.0
1,22,80,0.0
1,22,81,0.0
1,22,82,0.0
1,22,83,0.0
1,22,84,0.0
1,22,85,0.0
1,22,86,0.0
1,22,87,0.0
1,22,88,93.0
1,22,89,0.0
1,22,90,0.0
1,22,91,0.0
1,22,92,0.0
1,22,93,0.0
1,22,94,98.0
1,22,95,0.0
1,22,96,0.0
1,22,97,0.0
1,22,98,0.0
1,22,99,100.0
1,23,0,0.0
1,23,1,0.0
1,23,2,0.0
1,23,3,0.0
1,23,4,0.0
1,23,5,0.0
1,23,6,0.0
1,23,7,0.0
1,23,8,0.0
1,23,9,0.0
1,23,10,0.0
1,23,11,0.0
1,23,12,0.0
1,23,13,0.0
1,23,14,0.0
1,23,15,0.0
1,23,16,0.0
1,23,17,0.0
1,23,18,0.0
1,23,19,0.0
1,23,20,0.0
1,23,21,0.0
1,23,22,0.0
1,23,23,0.0
1,23,24,0.0
1,23,25,0.0
1,23,26,0.0
1,23,27,0.0
1,23,28,0.0
1,23,29,0.0
1,23,30,0.0
1,23,31,0.0
1,23,32,0.0
1,23,33,0.0
1,23,34,0.0
1,23,35,0.0
1,23,36,0.0
1,23,37,0.0
1,23,38,0.0
1,23,39,0.0
1,23,40,0.0
1,23,41,0.0
1,23,42,0.0
1,23,43,0.0
1,23,44,0.0
1,23,45,0.0
1,23,46,0.0
1,23,47,0.0
1,23,48,0.0
1,23,49,0.0
1,23,50,0.0
1,23,51,0.0
1,23,52,0.0
1,23,53,0.0
1,23,54,0.0
1,23,55,0.0
1,23,56,0.0
1,23,57,0.0
1,23,58,0.0
1,23,59,0.0
1,23,60,0.0
1,23,61,0.0
1,23,62,0.0
1,23,63,0.0
1,23,64,0.0
1,23,65,0.0
1,23,66,0.0
1,23,67,0.0
1,23,68,0.0
1,23,69,0.0
1,23,70,0.0
1,23,71,0.0
1,23,72,0.0
1,23,73,0.0
1,23,74,0.0
1,23,75,0.0
1,23,76,0.0
1,23,77,0.0
1,23,78,0.0
1,23,79,0.0
1,23,80,0.0
1,23,81,0.0
1,23,82,0.0
1,23,83,0.0
1,23,84,0.0
1,23,85,0.0
1,23,86,0.0
1,23,87,0.0
1,23,88,0.0
1,23,89,0.0
1,23,90,0.0
1,23,91,0.0
1,23,92,0.0
1,23,93,0.0
1,23,94,0.0
1,23,95,0.0
1,23,96,0.0
1,23,97,0.0
1,23,98,0.0
1,23,99,0.0
2,0,0,0.0
2,0,1,0.0
2,0,2,0.0
2,0,3,0.0
2,0,4,0.0
2,0,5,0.0
2,0,6,0.0
2,0,7,0.0
2,0,8,0.0
2,0,9,0.0
2,0,10,0.0
2,0,11,0.0
2,0,12,0.0
2,0,13,0.0
2,0,14,0.0
2,0,15,0.0
2,0,16,0.0
2,0,17,0.0
2,0,18,0.0
2,0,19,0.0
2,0,20,0.0
2,0,21,0.0
2,0,22,0.0
2,0,23,0.0
2,0,24,0.0
2,0,25,0.0
2,0,26,0.0
2,0,27,0.0
2,0,28,0.0
2,0,29,0.0
2,0,30,0.0
2,0,31,0.0
2,0,32,0.0
2,0,33,0.0
2,0,34,0.0
2,0,35,0.0
2,0,36,0.0
2,0,37,0.0
2,0,38,0.0
2,0,39,0.0
2,0,40,0.0
2,0,41,0.0
2,0,42,0.0
2,0,43,0.0
2,0,44,0.0
2,0,45,0.0
2,0,46,0.0
2,0,47,0.0
2,0,48,0.0
2,0,49,0.0
2,0,50,0.0
2,0,51,0.0
2,0,52,0.0
2,0,53,0.0
2,0,54,0.0
2,0,55,0.0
2,0,56,0.0
2,0,57,0.0
2,0,58,0.0
2,0,59,0.0
2,0,60,0.0
2,0,61,0.0
2,0,62,0.0
2,0,63,0.0
2,0,64,0.0
2,0,65,0.0
2,0,66,0.0
2,0,67,0.0
2,0,68,0.0
2,0,69,0.0
2,0,70,0.0
2,0,71,0.0
2,0,72,0.0
2,0,73,0.0
2,0,74,0.0
2,0,75,0.0
2,0,76,0.0
2,0,77,0.0
2,0,78,0.0
2,0,79,0.0
2,0,80,0.0
2,0,81,0.0
2,0,82,0.0
2,0,83,0.0
2,0,84,0.0
2,0,85,0.0
2,0,86,0.0
2,0,87,0.0
2,0,88,0.0
2,0,89,0.0
2,0,90,0.0
2,0,91,0.0
2,0,92,0.0
2,0,93,0.0
2,0,94,0.0
2,0,95,0.0
2,0,96,0.0
2,0,97,0.0
2,0,98,0.0
2,0,99,0.0
2,1,0,0.0
2,1,1,0.0
2,1,2,0.0
2,1,3,0.0
2,1,4,0.0
2,1,5,0.0
2,1,6,0.0
2,1,7,0.0
2,1,8,0.0
2,1,9,0.0
2,1,10,0.0
2,1,11,0.0
2,1,12,0.0
2,1,13,0.0
2,1,14,0.0
2,1,15,0.0
2,1,16,0.0
2,1,17,0.0
2,1,18,0.0
2,1,19,0.0
2,1,20,0.0
2,1,21,0.0
2,1,22,0.0
2,1,23,0.0
2,1,24,0.0
2,1,25,0.0
2,1,26,0.0
2,1,27,0.0
2,1,28,0.0
2,1,29,0.0
2,1,30,0.0
2,1,31,0.0
2,1,32,0.0
2,1,33,0.0
2,1,34,0.0
2,1,35,0.0
2,1,36,0.0
2,1,37,0.0
2,1,38,0.0
2,1,39,0.0
2,1,40,0.0
2,1,41,0.0
2,1,42,0.0
2,1,43,0.0
2,1,44,0.0
2,1,45,0.0
2,1,46,0.0
2,1,47,0.0
2,1,48,0.0
2,1,49,0.0
2,1,50,0.0
2,1,51,0.0
2,1,52,0.0
2,1,53,0.0
2,1,54,0.0
2,1,55,0.0
2,1,56,0.0
2,1,57,0.0
2,1,58,0.0
2,1,59,0.0
2,1,60,0.0
2,1,61,0.0
2,1,62,0.0
2,1,63,0.0
2,1,64,0.0
2,1,65,0.0
2,1,66,0.0
2,1,67,0.0
2,1,68,0.0
2,1,69,0.0
2,1,70,0.0
2,1,71,0.0
2,1,72,0.0
2,1,73,0.0
2,1,74,0.0
2,1,75,0.0
2,1,76,0.0
2,1,77,0.0
2,1,78,0.0
2,1,79,0.0
2,1,80,0.0
2,1,81,0.0
2,1,82,0.0
2,1,83,0.0
2,1,84,0.0
2,1,85,0.0
2,1,86,0.0
2,1,87,0.0
2,1,88,0.0
2,1,89,0.0
2,1,90,0.0
2,1,91,0.0
2,1,92,0.0
2,1,93,0.0
2,1,94,0.0
2,1,95,0.0
2,1,96,0.0
2,1,97,0.0
2,1,98,0.0
2,1,99,0.0
2,2,0,0.0
2,2,1,0.0
2,2,2,0.0
2,2,3,0.0
2,2,4,0.0
2,2,5,0.0
2,2,6,0.0
2,2,7,0.0
2,2,8,0.0
2,2,9,0.0
2,2,10,0.0
2,2,11,0.0
2,2,12,0.0
2,2,13,0.0
2,2,14,0.0
2,2,15,0.0
2,2,16,0.0
2,2,17,0.0
2,2,18,0.0
2,2,19,0.0
2,2,20,0.0
2,2,21,0.0
2,2,22,0.0
2,2,23,0.0
2,2,24,0.0
2,2,25,0.0
2,2,26,0.0
2,2,27,0.0
2,2,28,0.0
2,2,29,0.0
2,2,30,0.0
2,2,31,0.0
2,2,32,0.0
2,2,33,0.0
2,2,34,0.0
2,2,35,0.0
2,2,36,0.0
2,2,37,0.0
2,2,38,0.0
2,2,39,0.0
2,2,40,0.0
2,2,41,0.0
2,2,42,0.0
2,2,43,0.0
2,2,44,0.0
2,2,45,0.0
2,2,46,0.0
2,2,47,0.0
2,2,48,0.0
2,2,49,0.0
2,2,50,0.0
2,2,51,0.0
2,2,52,0.0
2,2,53,0.0
2,2,54,0.0
2,2,55,0.0
2,2,56,0.0
2,2,57,0.0
2,2,58,0.0
2,2,59,0.0
2,2,60,0.0
2,2,61,0.0
2,2,62,0.0
2,2,63,0.0
2,2,64,0.0
2,2,65,0.0
2,2,66,0.0
2,2,67,0.0
2,2,68,0.0
2,2,69,0.0
2,2,70,0.0
2,2,71,0.0
2,2,72,0.0
2,2,73,0.0
2,2,74,0.0
2,2,75,0.0
2,2,76,0.0
2,2,77,0.0
2,2,78,0.0
2,2,79,0.0
2,2,80,0.0
2,2,81,0.0
2,2,82,0.0
2,2,83,0.0
2,2,84,0.0
2,2,85,0.0
2,2,86,0.0
2,2,87,0.0
2,2,88,0.0
2,2,89,0.0
2,2,90,0.0
2,2,91,0.0
2,2,92,0.0
2,2,93,0.0
2,2,94,0.0
2,2,95,0.0
2,2,96,0.0
2,2,97,0.0
2,2,98,0.0
2,2,99,0.0
2,3,0,0.0
2,3,1,0.0
2,3,2,0.0
2,3,3,0.0
2,3,4,0.0
2,3,5,0.0
2,3,6,0.0
2,3,7,0.0
2,3,8,0.0
2,3,9,0.0
2,3,10,0.0
2,3,11,0.0
2,3,12,0.0
2,3,13,0.0
2,3,14,0.0
2,3,15,0.0
2,3,16,0.0
2,3,17,0.0
2,3,18,0.0
2,3,19,0.0
2,3,20,0.0
2,3,21,0.0
2,3,22,0.0
2,3,23,0.0
2,3,24,0.0
2,3,25,0.0
2,3,26,0.0
2,3,27,0.0
2,3,28,0.0
2,3,29,0.0
2,3,30,0.0
2,3,31,0.0
2,3,32,0.0
2,3,33,0.0
2,3,34,0.0
2,3,35,0.0
2,3,36,0.0
2,3,37,0.0
2,3,38,0.0
2,3,39,0.0
2,3,40,0.0
2,3,41,0.0
2,3,42,0.0
2,3,43,0.0
2,3,44,0.0
2,3,45,0.0
2,3,46,0.0
2,3,47,0.0
2,3,48,0.0
2,3,49,0.0
2,3,50,0.0
2,3,51,0.0
2,3,52,0.0
2,3,53,0.0
2,3,54,0.0
2,3,55,0.0
2,3,56,0.0
2,3,57,0.0
2,3,58,0.0
2,3,59,0.0
2,3,60,0.0
2,3,61,0.0
2,3,62,0.0
2,3,63,0.0
2,3,64,0.0
2,3,65,0.0
2,3,66,0.0
2,3,67,0.0
2,3,68,0.0
2,3,69,0.0
2,3,70,0.0
2,3,71,0.0
2,3,72,0.0
2,3,73,0.0
2,3,74,0.0
2,3,75,0.0
2,3,76,0.0
2,3,77,0.0
2,3,78,0.0
2,3,79,0.0
2,3,80,0.0
2,3,81,0.0
2,3,82,0.0
2,3,83,0.0
2,3,84,0.0
2,3,85,0.0
2,3,86,0.0
2,3,87,0.0
2,3,88,0.0
2,3,89,0.0
2,3,90,0.0
2,3,91,0.0
2,3,92,0.0
2,3,93,0.0
2,3,94,0.0
2,3,95,0.0
2,3,96,0.0
2,3,97,0.0
2,3,98,0.0
2,3,99,0.0
2,4,0,0.0
2,4,1,0.0
2,4,2,0.0
2,4,3,0.0
2,4,4,0.0
2,4,5,0.0
2,4,6,0.0
2,4,7,0.0
2,4,8,0.0
2,4,9,0.0
2,4,10,0.0
2,4,11,0.0
2,4,12,0.0
2,4,13,0.0
2,4,14,0.0
2,4,15,0.0
2,4,16,0.0
2,4,17,0.0
2,4,18,0.0
2,4,19,0.0
2,4,20,0.0
2,4,21,0.0
2,4,22,0.0
2,4,23,0.0
2,4,24,0.0
2,4,25,0.0
2,4,26,0.0
2,4,27,0.0
2,4,28,0.0
2,4,29,0.0
2,4,30,0.0
2,4,31,0.0
2,4,32,0.0
2,4,33,0.0
2,4,34,0.0
2,4,35,0.0
2,4,36,0.0
2,4,37,0.0
2,4,38,0.0
2,4,39,0.0
2,4,40,0.0
2,4,41,0.0
2,4,42,0.0
2,4,43,0.0
2,4,44,0.0
2,4,45,0.0
2,4,46,0.0
2,4,47,0.0
2,4,48,0.0
2,4,49,0.0
2,4,50,0.0
2,4,51,0.0
2,4,52,0.0
2,4,53,0.0
2,4,54,0.0
2,4,55,0.0
2,4,56,0.0
2,4,57,0.0
2,4,58,0.0
2,4,59,0.0
2,4,60,0.0
2,4,61,0.0
2,4,62,0.0
2,4,63,0.0
2,4,64,0.0
2,4,65,0.0
2,4,66,0.0
2,4,67,0.0
2,4,68,0.0
2,4,69,0.0
2,4,70,0.0
2,4,71,0.0
2,4,72,0.0
2,4,73,0.0
2,4,74,0.0
2,4,75,0.0
2,4,76,0.0
2,4,77,0.0
2,4,78,0.0
2,4,79,0.0
2,4,80,0.0
2,4,81,0.0
2,4,82,0.0
2,4,83,0.0
2,4,84,0.0
2,4,85,0.0
2,4,86,0.0
2,4,87,0.0
2,4,88,0.0
2,4,89,0.0
2,4,90,0.0
2,4,91,0.0
2,4,92,0.0
2,4,93,0.0
2,4,94,0.0
2,4,95,0.0
2,4,96,0.0
2,4,97,0.0
2,4,98,0.0
2,4,99,0.0
2,5,0,0.0
2,5,1,0.0
2,5,2,0.0
2,5,3,0.0
2,5,4,0.0
2,5,5,0.0
2,5,6,0.0
2,5,7,0.0
2,5,8,0.0
2,5,9,0.0
2,5,10,0.0
2,5,11,0.0
2,5,12,0.0
2,5,13,1.0
2,5,14,0.0
2,5,15,0.0
2,5,16,0.0
2,5,17,0.0
2,5,18,0.0
2,5,19,0.0
2,5,20,0.0
2,5,21,0.0
2,5,22,0.0
2,5,23,0.0
2,5,24,0.0
2,5,25,0.0
2,5,26,0.0
2,5,27,0.0
2,5,28,0.0
2,5,29,0.0
2,5,30,0.0
2,5,31,0.0
2,5,32,0.0
2,5,33,0.0
2,5,34,0.0
2,5,35,0.0
2,5,36,0.0
2,5,37,0.0
2,5,38,0.0
2,5,39,0.0
2,5,40,0.0
2,5,41,0.0
2,5,42,0.0
2,5,43,0.0
2,5,44,0.0
2,5,45,0.0
2,5,46,0.0
2,5,47,0.0
2,5,48,0.0
2,5,49,0.0
2,5,50,0.0
2,5,51,0.0
2,5,52,0.0
2,5,53,0.0
2,5,54,0.0
2,5,55,0.0
2,5,56,0.0
2,5,57,0.0
2,5,58,0.0
2,5,59,0.0
2,5,60,1.0
2,5,61,0.0
2,5,62,0.0
2,5,63,0.0
2,5,64,0.0
2,5,65,0.0
2,5,66,0.0
2,5,67,0.0
2,5,68,0.0
2,5,69,0.0
2,5,70,0.0
2,5,71,0.0
2,5,72,0.0
2,5,73,0.0
2,5,74,0.0
2,5,75,0.0
2,5,76,0.0
2,5,77,0.0
2,5,78,0.0
2,5,79,0.0
2,5,80,0.0
2,5,81,0.0
2,5,82,0.0
2,5,83,0.0
2,5,84,0.0
2,5,85,0.0
2,5,86,0.0
2,5,87,0.0
2,5,88,0.0
2,5,89,0.0
2,5,90,0.0
2,5,91,0.0
2,5,92,0.0
2,5,93,0.0
2,5,94,0.0
2,5,95,0.0
2,5,96,0.0
2,5,97,0.0
2,5,98,0.0
2,5,99,0.0
2,6,0,0.0
2,6,1,0.0
2,6,2,0.0
2,6,3,0.0
2,6,4,0.0
2,6,5,0.0
2,6,6,0.0
2,6,7,0.0
2,6,8,0.0
2,6,9,0.0
2,6,10,0.0
2,6,11,0.0
2,6,12,0.0
2,6,13,2.0
2,6,14,0.0
2,6,15,0.0
2,6,16,0.0
2,6,17,1.0
2,6,18,0.0
2,6,19,0.0
2,6,20,0.0
2,6,21,0.0
2,6,22,0.0
2,6,23,0.0
2,6,24,0.0
2,6,25,0.0
2,6,26,0.0
2,6,27,0.0
2,6,28,0.0
2,6,29,0.0
2,6,30,0.0
2,6,31,0.0
2,6,32,0.0
2,6,33,0.0
2,6,34,0.0
2,6,35,0.0
2,6,36,0.0
2,6,37,0.0
2,6,38,0.0
2,6,39,0.0
2,6,40,0.0
2,6,41,0.0
2,6,42,0.0
2,6,43,0.0
2,6,44,0.0
2,6,45,0.0
2,6,46,0.0
2,6,47,0.0
2,6,48,0.0
2,6,49,0.0
2,6,50,0.0
2,6,51,0.0
2,6,52,0.0
2,6,53,0.0
2,6,54,0.0
2,6,55,0.0
2,6,56,0.0
2,6,57,0.0
2,6,58,0.0
2,6,59,0.0
2,6,60,0.0
2,6,61,0.0
2,6,62,0.0
2,6,63,0.0
2,6,64,0.0
2,6,65,0.0
2,6,66,0.0
2,6,67,0.0
2,6,68,0.0
2,6,69,0.0
2,6,70,0.0
2,6,71,0.0
2,6,72,0.0
2,6,73,0.0
2,6,74,0.0
2,6,75,0.0
2,6,76,0.0
2,6,77,0.0
2,6,78,0.0
2,6,79,0.0
2,6,80,0.0
2,6,81,0.0
2,6,82,0.0
2,6,83,0.0
2,6,84,0.0
2,6,85,0.0
2,6,86,0.0
2,6,87,0.0
2,6,88,0.0
2,6,89,0.0
2,6,90,0.0
2,6,91,0.0
2,6,92,0.0
2,6,93,0.0
2,6,94,0.0
2,6,95,0.0
2,6,96,0.0
2,6,97,0.0
2,6,98,0.0
2,6,99,0.0
2,7,0,0.0
2,7,1,8.0
2,7,2,0.0
2,7,3,7.0
2,7,4,0.0
2,7,5,0.0
2,7,6,11.0
2,7,7,0.0
2,7,8,0.0
2,7,9,0.0
2,7,10,0.0
2,7,11,0.0
2,7,12,0.0
2,7,13,0.0
2,7,14,0.0
2,7,15,7.0
2,7,16,12.0
2,7,17,0.0
2,7,18,0.0
2,7,19,0.0
2,7,20,0.0
2,7,21,0.0
2,7,22,0.0
2,7,23,0.0
2,7,24,0.0
2,7,25,0.0
2,7,26,0.0
2,7,27,0.0
2,7,28,0.0
2,7,29,0.0
2,7,30,9.0
2,7,31,0.0
2,7,32,0.0
2,7,33,0.0
2,7,34,0.0
2,7,35,6.0
2,7,36,7.0
2,7,37,0.0
2,7,38,0.0
2,7,39,0.0
2,7,40,0.0
2,7,41,0.0
2,7,42,0.0
2,7,43,0.0
2,7,44,0.0
2,7,45,0.0
2,7,46,0.0
2,7,47,0.0
2,7,48,0.0
2,7,49,0.0
2,7,50,0.0
2,7,51,0.0
2,7,52,0.0
2,7,53,0.0
2,7,54,0.0
2,7,55,0.0
2,7,56,0.0
2,7,57,0.0
2,7,58,0.0
2,7,59,0.0
2,7,60,6.0
2,7,61,0.0
2,7,62,13.0
2,7,63,0.0
2,7,64,0.0
2,7,65,0.0
2,7,66,0.0
2,7,67,0.0
2,7,68,6.0
2,7,69,0.0
2,7,70,0.0
2,7,71,0.0
2,7,72,0.0
2,7,73,11.0
2,7,74,0.0
2,7,75,0.0
2,7,76,0.0
2,7,77,0.0
2,7,78,0.0
2,7,79,1.0
2,7,80,0.0
2,7,81,0.0
2,7,82,0.0
2,7,83,0.0
2,7,84,0.0
2,7,85,0.0
2,7,86,0.0
2,7,87,0.0
2,7,88,0.0
2,7,89,0.0
2,7,90,0.0
2,7,91,0.0
2,7,92,0.0
2,7,93,0.0
2,7,94,0.0
2,7,95,0.0
2,7,96,4.0
2,7,97,8.0
2,7,98,0.0
2,7,99,0.0
2,8,0,0.0
2,8,1,0.0
2,8,2,30.0
2,8,3,9.0
2,8,4,0.0
2,8,5,0.0
2,8,6,19.0
2,8,7,0.0
2,8,8,32.0
2,8,9,14.0
2,8,10,0.0
2,8,11,0.0
2,8,12,0.0
2,8,13,0.0
2,8,14,0.0
2,8,15,0.0
2,8,16,15.0
2,8,17,0.0
2,8,18,19.0
2,8,19,0.0
2,8,20,16.0
2,8,21,0.0
2,8,22,34.0
2,8,23,14.0
2,8,24,34.0
2,8,25,0.0
2,8,26,0.0
2,8,27,0.0
2,8,28,27.0
2,8,29,0.0
2,8,30,0.0
2,8,31,0.0
2,8,32,33.0
2,8,33,0.0
2,8,34,27.0
2,8,35,0.0
2,8,36,8.0
2,8,37,0.0
2,8,38,0.0
2,8,39,0.0
2,8,40,15.0
2,8,41,0.0
2,8,42,0.0
2,8,43,0.0
2,8,44,17.0
2,8,45,0.0
2,8,46,0.0
2,8,47,0.0
2,8,48,0.0
2,8,49,0.0
2,8,50,26.0
2,8,51,0.0
2,8,52,0.0
2,8,53,25.0
2,8,54,0.0
2,8,55,0.0
2,8,56,0.0
2,8,57,25.0
2,8,58,27.0
2,8,59,23.0
2,8,60,21.0
2,8,61,20.0
2,8,62,3.0
2,8,63,21.0
2,8,64,0.0
2,8,65,20.0
2,8,66,33.0
2,8,67,30.0
2,8,68,0.0
2,8,69,0.0
2,8,70,31.0
2,8,71,0.0
2,8,72,34.0
2,8,73,12.0
2,8,74,0.0
2,8,75,0.0
2,8,76,0.0
2,8,77,0.0
2,8,78,0.0
2,8,79,0.0
2,8,80,0.0
2,8,81,1.0
2,8,82,0.0
2,8,83,28.0
2,8,84,0.0
2,8,85,10.0
2,8,86,0.0
2,8,87,28.0
2,8,88,35.0
2,8,89,0.0
2,8,90,25.0
2,8,91,0.0
2,8,92,0.0
2,8,93,0.0
2,8,94,25.0
2,8,95,0.0
2,8,96,23.0
2,8,97,0.0
2,8,98,0.0
2,8,99,12.0
2,9,0,0.0
2,9,1,0.0
2,9,2,0.0
2,9,3,18.0
2,9,4,117.0
2,9,5,0.0
2,9,6,7.0
2,9,7,0.0
2,9,8,1.0
2,9,9,0.0
2,9,10,0.0
2,9,11,0.0
2,9,12,0.0
2,9,13,8.0
2,9,14,0.0
2,9,15,29.0
2,9,16,0.0
2,9,17,0.0
2,9,18,62.0
2,9,19,111.0
2,9,20,31.0
2,9,21,0.0
2,9,22,0.0
2,9,23,46.0
2,9,24,0.0
2,9,25,149.0
2,9,26,55.0
2,9,27,0.0
2,9,28,15.0
2,9,29,0.0
2,9,30,0.0
2,9,31,37.0
2,9,32,0.0
2,9,33,0.0
2,9,34,0.0
2,9,35,68.0
2,9,36,30.0
2,9,37,131.0
2,9,38,0.0
2,9,39,28.0
2,9,40,29.0
2,9,41,0.0
2,9,42,52.0
2,9,43,0.0
2,9,44,10.0
2,9,45,58.0
2,9,46,97.0
2,9,47,86.0
2,9,48,18.0
2,9,49,0.0
2,9,50,0.0
2,9,51,32.0
2,9,52,0.0
2,9,53,67.0
2,9,54,82.0
2,9,55,16.0
2,9,56,41.0
2,9,57,0.0
2,9,58,0.0
2,9,59,0.0
2,9,60,78.0
2,9,61,0.0
2,9,62,0.0
2,9,63,0.0
2,9,64,72.0
2,9,65,26.0
2,9,66,66.0
2,9,67,16.0
2,9,68,3.0
2,9,69,105.0
2,9,70,77.0
2,9,71,102.0
2,9,72,13.0
2,9,73,5.0
2,9,74,8.0
2,9,75,0.0
2,9,76,0.0
2,9,77,0.0
2,9,78,0.0
2,9,79,0.0
2,9,80,0.0
2,9,81,0.0
2,9,82,0.0
2,9,83,127.0
2,9,84,0.0
2,9,85,0.0
2,9,86,132.0
2,9,87,7.0
2,9,88,24.0
2,9,89,0.0
2,9,90,86.0
2,9,91,0.0
2,9,92,0.0
2,9,93,85.0
2,9,94,22.0
2,9,95,0.0
2,9,96,0.0
2,9,97,0.0
2,9,98,0.0
2,9,99,14.0
2,10,0,0.0
2,10,1,72.0
2,10,2,0.0
2,10,3,162.0
2,10,4,43.0
2,10,5,0.0
2,10,6,64.0
2,10,7,0.0
2,10,8,0.0
2,10,9,36.0
2,10,10,167.0
2,10,11,206.0
2,10,12,0.0
2,10,13,0.0
2,10,14,237.0
2,10,15,36.0
2,10,16,138.0
2,10,17,79.0
2,10,18,81.0
2,10,19,22.0
2,10,20,0.0
2,10,21,109.0
2,10,22,0.0
2,10,23,0.0
2,10,24,0.0
2,10,25,11.0
2,10,26,0.0
2,10,27,97.0
2,10,28,87.0
2,10,29,0.0
2,10,30,67.0
2,10,31,0.0
2,10,32,139.0
2,10,33,103.0
2,10,34,0.0
2,10,35,0.0
2,10,36,108.0
2,10,37,0.0
2,10,38,9.0
2,10,39,242.0
2,10,40,110.0
2,10,41,0.0
2,10,42,106.0
2,10,43,65.0
2,10,44,100.0
2,10,45,108.0
2,10,46,0.0
2,10,47,0.0
2,10,48,47.0
2,10,49,104.0
2,10,50,230.0
2,10,51,4.0
2,10,52,60.0
2,10,53,0.0
2,10,54,0.0
2,10,55,0.0
2,10,56,0.0
2,10,57,122.0
2,10,58,175.0
2,10,59,141.0
2,10,60,31.0
2,10,61,0.0
2,10,62,166.0
2,10,63,0.0
2,10,64,21.0
2,10,65,92.0
2,10,66,28.0
2,10,67,47.0
2,10,68,45.0
2,10,69,0.0
2,10,70,27.0
2,10,71,9.0
2,10,72,0.0
2,10,73,165.0
2,10,74,0.0
2,10,75,0.0
2,10,76,32.0
2,10,77,125.0
2,10,78,0.0
2,10,79,145.0
2,10,80,0.0
2,10,81,38.0
2,10,82,75.0
2,10,83,11.0
2,10,84,0.0
2,10,85,0.0
2,10,86,0.0
2,10,87,0.0
2,10,88,132.0
2,10,89,0.0
2,10,90,141.0
2,10,91,190.0
2,10,92,0.0
2,10,93,0.0
2,10,94,0.0
2,10,95,3.0
2,10,96,153.0
2,10,97,0.0
2,10,98,0.0
2,10,99,0.0
2,11,0,220.0
2,11,1,145.0
2,11,2,117.0
2,11,3,108.0
2,11,4,293.0
2,11,5,203.0
2,11,6,249.0
2,11,7,199.0
2,11,8,18.0
2,11,9,296.0
2,11,10,216.0
2,11,11,77.0
2,11,12,124.0
2,11,13,319.0
2,11,14,168.0
2,11,15,325.0
2,11,16,193.0
2,11,17,198.0
2,11,18,114.0
2,11,19,217.0
2,11,20,103.0
2,11,21,69.0
2,11,22,137.0
2,11,23,172.0
2,11,24,165.0
2,11,25,90.0
2,11,26,58.0
2,11,27,181.0
2,11,28,55.0
2,11,29,122.0
2,11,30,327.0
2,11,31,391.0
2,11,32,44.0
2,11,33,0.0
2,11,34,7.0
2,11,35,289.0
2,11,36,260.0
2,11,37,0.0
2,11,38,76.0
2,11,39,227.0
2,11,40,313.0
2,11,41,187.0
2,11,42,0.0
2,11,43,194.0
2,11,44,148.0
2,11,45,203.0
2,11,46,0.0
2,11,47,162.0
2,11,48,0.0
2,11,49,249.0
2,11,50,51.0
2,11,51,30.0
2,11,52,0.0
2,11,53,285.0
2,11,54,243.0
2,11,55,163.0
2,11,56,257.0
2,11,57,277.0
2,11,58,110.0
2,11,59,116.0
2,11,60,140.0
2,11,61,124.0
2,11,62,278.0
2,11,63,140.0
2,11,64,290.0
2,11,65,324.0
2,11,66,306.0
2,11,67,209.0
2,11,68,171.0
2,11,69,141.0
2,11,70,205.0
2,11,71,247.0
2,11,72,238.0
2,11,73,62.0
2,11,74,170.0
2,11,75,29.0
2,11,76,260.0
2,11,77,125.0
2,11,78,111.0
2,11,79,393.0
2,11,80,228.0
2,11,81,374.0
2,11,82,90.0
2,11,83,431.0
2,11,84,0.0
2,11,85,253.0
2,11,86,91.0
2,11,87,295.0
2,11,88,337.0
2,11,89,320.0
2,11,90,159.0
2,11,91,150.0
2,11,92,339.0
2,11,93,238.0
2,11,94,172.0
2,11,95,47.0
2,11,96,416.0
2,11,97,0.0
2,11,98,426.0
2,11,99,118.0
2,12,0,251.0
2,12,1,232.0
2,12,2,329.0
2,12,3,265.0
2,12,4,337.0
2,12,5,308.0
2,12,6,202.0
2,12,7,58.0
2,12,8,341.0
2,12,9,178.0
2,12,10,316.0
2,12,11,261.0
2,12,12,124.0
2,12,13,0.0
2,12,14,314.0
2,12,15,355.0
2,12,16,209.0
2,12,17,359.0
2,12,18,206.0
2,12,19,101.0
2,12,20,50.0
2,12,21,137.0
2,12,22,151.0
2,12,23,129.0
2,12,24,365.0
2,12,25,355.0
2,12,26,154.0
2,12,27,76.0
2,12,28,246.0
2,12,29,0.0
2,12,30,247.0
2,12,31,208.0
2,12,32,58.0
2,12,33,154.0
2,12,34,239.0
2,12,35,245.0
2,12,36,204.0
2,12,37,216.0
2,12,38,219.0
2,12,39,424.0
2,12,40,164.0
2,12,41,57.0
2,12,42,212.0
2,12,43,336.0
2,12,44,22.0
2,12,45,0.0
2,12,46,294.0
2,12,47,113.0
2,12,48,162.0
2,12,49,212.0
2,12,50,0.0
2,12,51,351.0
2,12,52,208.0
2,12,53,256.0
2,12,54,275.0
2,12,55,355.0
2,12,56,217.0
2,12,57,365.0
2,12,58,259.0
2,12,59,242.0
2,12,60,297.0
2,12,61,151.0
2,12,62,195.0
2,12,63,0.0
2,12,64,232.0
2,12,65,319.0
2,12,66,309.0
2,12,67,26.0
2,12,68,329.0
2,12,69,106.0
2,12,70,71.0
2,12,71,159.0
2,12,72,217.0
2,12,73,199.0
2,12,74,89.0
2,12,75,127.0
2,12,76,218.0
2,12,77,113.0
2,12,78,157.0
2,12,79,0.0
2,12,80,253.0
2,12,81,0.0
2,12,82,250.0
2,12,83,125.0
2,12,84,314.0
2,12,85,158.0
2,12,86,247.0
2,12,87,193.0
2,12,88,272.0
2,12,89,337.0
2,12,90,358.0
2,12,91,422.0
2,12,92,224.0
2,12,93,0.0
2,12,94,253.0
2,12,95,219.0
2,12,96,113.0
2,12,97,87.0
2,12,98,333.0
2,12,99,347.0
2,13,0,747.0
2,13,1,663.0
2,13,2,452.0
2,13,3,724.0
2,13,4,675.0
2,13,5,663.0
2,13,6,488.0
2,13,7,234.0
2,13,8,104.0
2,13,9,341.0
2,13,10,250.0
2,13,11,699.0
2,13,12,772.0
2,13,13,558.0
2,13,14,507.0
2,13,15,412.0
2,13,16,773.0
2,13,17,608.0
2,13,18,613.0
2,13,19,773.0
2,13,20,450.0
2,13,21,230.0
2,13,22,529.0
2,13,23,668.0
2,13,24,433.0
2,13,25,308.0
2,13,26,254.0
2,13,27,402.0
2,13,28,315.0
2,13,29,701.0
2,13,30,297.0
2,13,31,637.0
2,13,32,490.0
2,13,33,189.0
2,13,34,670.0
2,13,35,632.0
2,13,36,319.0
2,13,37,515.0
2,13,38,220.0
2,13,39,142.0
2,13,40,666.0
2,13,41,283.0
2,13,42,245.0
2,13,43,565.0
2,13,44,233.0
2,13,45,688.0
2,13,46,618.0
2,13,47,635.0
2,13,48,408.0
2,13,49,457.0
2,13,50,240.0
2,13,51,382.0
2,13,52,326.0
2,13,53,338.0
2,13,54,635.0
2,13,55,610.0
2,13,56,178.0
2,13,57,210.0
2,13,58,529.0
2,13,59,164.0
2,13,60,693.0
2,13,61,594.0
2,13,62,296.0
2,13,63,773.0
2,13,64,561.0
2,13,65,773.0
2,13,66,15.0
2,13,67,746.0
2,13,68,239.0
2,13,69,773.0
2,13,70,435.0
2,13,71,445.0
2,13,72,578.0
2,13,73,677.0
2,13,74,664.0
2,13,75,194.0
2,13,76,338.0
2,13,77,635.0
2,13,78,728.0
2,13,79,738.0
2,13,80,191.0
2,13,81,215.0
2,13,82,137.0
2,13,83,773.0
2,13,84,415.0
2,13,85,690.0
2,13,86,336.0
2,13,87,447.0
2,13,88,492.0
2,13,89,767.0
2,13,90,383.0
2,13,91,161.0
2,13,92,463.0
2,13,93,655.0
2,13,94,279.0
2,13,95,558.0
2,13,96,699.0
2,13,97,263.0
2,13,98,627.0
2,13,99,561.0
2,14,0,0.0
2,14,1,0.0
2,14,2,0.0
2,14,3,462.0
2,14,4,422.0
2,14,5,208.0
2,14,6,0.0
2,14,7,504.0
2,14,8,0.0
2,14,9,169.0
2,14,10,154.0
2,14,11,0.0
2,14,12,17.0
2,14,13,0.0
2,14,14,465.0
2,14,15,530.0
2,14,16,0.0
2,14,17,6.0
2,14,18,22.0
2,14,19,417.0
2,14,20,78.0
2,14,21,74.0
2,14,22,0.0
2,14,23,0.0
2,14,24,0.0
2,14,25,0.0
2,14,26,0.0
2,14,27,0.0
2,14,28,2.0
2,14,29,23.0
2,14,30,0.0
2,14,31,0.0
2,14,32,0.0
2,14,33,0.0
2,14,34,0.0
2,14,35,0.0
2,14,36,195.0
2,14,37,292.0
2,14,38,24.0
2,14,39,318.0
2,14,40,0.0
2,14,41,0.0
2,14,42,5.0
2,14,43,376.0
2,14,44,15.0
2,14,45,0.0
2,14,46,8.0
2,14,47,0.0
2,14,48,0.0
2,14,49,0.0
2,14,50,0.0
2,14,51,0.0
2,14,52,0.0
2,14,53,0.0
2,14,54,0.0
2,14,55,0.0
2,14,56,0.0
2,14,57,0.0
2,14,58,261.0
2,14,59,0.0
2,14,60,0.0
2,14,61,0.0
2,14,62,531.0
2,14,63,0.0
2,14,64,72.0
2,14,65,0.0
2,14,66,0.0
2,14,67,0.0
2,14,68,0.0
2,14,69,0.0
2,14,70,135.0
2,14,71,373.0
2,14,72,0.0
2,14,73,0.0
2,14,74,42.0
2,14,75,0.0
2,14,76,0.0
2,14,77,0.0
2,14,78,0.0
2,14,79,0.0
2,14,80,0.0
2,14,81,42.0
2,14,82,0.0
2,14,83,0.0
2,14,84,533.0
2,14,85,0.0
2,14,86,369.0
2,14,87,202.0
2,14,88,76.0
2,14,89,0.0
2,14,90,169.0
2,14,91,422.0
2,14,92,0.0
2,14,93,0.0
2,14,94,66.0
2,14,95,0.0
2,14,96,14.0
2,14,97,285.0
2,14,98,138.0
2,14,99,0.0
2,15,0,217.0
2,15,1,130.0
2,15,2,144.0
2,15,3,145.0
2,15,4,202.0
2,15,5,189.0
2,15,6,135.0
2,15,7,127.0
2,15,8,154.0
2,15,9,311.0
2,15,10,246.0
2,15,11,205.0
2,15,12,157.0
2,15,13,196.0
2,15,14,311.0
2,15,15,253.0
2,15,16,219.0
2,15,17,205.0
2,15,18,303.0
2,15,19,170.0
2,15,20,280.0
2,15,21,291.0
2,15,22,186.0
2,15,23,312.0
2,15,24,215.0
2,15,25,161.0
2,15,26,244.0
2,15,27,215.0
2,15,28,112.0
2,15,29,99.0
2,15,30,265.0
2,15,31,177.0
2,15,32,262.0
2,15,33,239.0
2,15,34,192.0
2,15,35,260.0
2,15,36,133.0
2,15,37,234.0
2,15,38,244.0
2,15,39,182.0
2,15,40,196.0
2,15,41,297.0
2,15,42,248.0
2,15,43,252.0
2,15,44,146.0
2,15,45,172.0
2,15,46,268.0
2,15,47,264.0
2,15,48,206.0
2,15,49,133.0
2,15,50,35.0
2,15,51,143.0
2,15,52,297.0
2,15,53,152.0
2,15,54,256.0
2,15,55,237.0
2,15,56,270.0
2,15,57,241.0
2,15,58,161.0
2,15,59,250.0
2,15,60,244.0
2,15,61,234.0
2,15,62,270.0
2,15,63,0.0
2,15,64,139.0
2,15,65,142.0
2,15,66,190.0
2,15,67,161.0
2,15,68,274.0
2,15,69,246.0
2,15,70,144.0
2,15,71,268.0
2,15,72,307.0
2,15,73,289.0
2,15,74,259.0
2,15,75,280.0
2,15,76,155.0
2,15,77,138.0
2,15,78,274.0
2,15,79,321.0
2,15,80,173.0
2,15,81,237.0
2,15,82,41.0
2,15,83,237.0
2,15,84,215.0
2,15,85,39.0
2,15,86,190.0
2,15,87,155.0
2,15,88,307.0
2,15,89,242.0
2,15,90,319.0
2,15,91,213.0
2,15,92,153.0
2,15,93,207.0
2,15,94,283.0
2,15,95,167.0
2,15,96,160.0
2,15,97,253.0
2,15,98,261.0
2,15,99,106.0
2,16,0,0.0
2,16,1,0.0
2,16,2,19.0
2,16,3,0.0
2,16,4,0.0
2,16,5,0.0
2,16,6,0.0
2,16,7,0.0
2,16,8,0.0
2,16,9,0.0
2,16,10,0.0
2,16,11,0.0
2,16,12,0.0
2,16,13,0.0
2,16,14,67.0
2,16,15,0.0
2,16,16,0.0
2,16,17,0.0
2,16,18,0.0
2,16,19,0.0
2,16,20,0.0
2,16,21,0.0
2,16,22,70.0
2,16,23,0.0
2,16,24,0.0
2,16,25,0.0
2,16,26,0.0
2,16,27,0.0
2,16,28,0.0
2,16,29,0.0
2,16,30,0.0
2,16,31,0.0
2,16,32,0.0
2,16,33,0.0
2,16,34,196.0
2,16,35,0.0
2,16,36,0.0
2,16,37,0.0
2,16,38,0.0
2,16,39,50.0
2,16,40,0.0
2,16,41,118.0
2,16,42,0.0
2,16,43,0.0
2,16,44,0.0
2,16,45,0.0
2,16,46,104.0
2,16,47,0.0
2,16,48,0.0
2,16,49,186.0
2,16,50,218.0
2,16,51,0.0
2,16,52,0.0
2,16,53,0.0
2,16,54,0.0
2,16,55,132.0
2,16,56,0.0
2,16,57,0.0
2,16,58,0.0
2,16,59,0.0
2,16,60,0.0
2,16,61,92.0
2,16,62,60.0
2,16,63,52.0
2,16,64,0.0
2,16,65,217.0
2,16,66,0.0
2,16,67,0.0
2,16,68,0.0
2,16,69,0.0
2,16,70,0.0
2,16,71,0.0
2,16,72,0.0
2,16,73,0.0
2,16,74,310.0
2,16,75,0.0
2,16,76,0.0
2,16,77,0.0
2,16,78,0.0
2,16,79,0.0
2,16,80,0.0
2,16,81,0.0
2,16,82,0.0
2,16,83,0.0
2,16,84,305.0
2,16,85,0.0
2,16,86,0.0
2,16,87,0.0
2,16,88,0.0
2,16,89,0.0
2,16,90,0.0
2,16,91,0.0
2,16,92,113.0
2,16,93,0.0
2,16,94,0.0
2,16,95,0.0
2,16,96,0.0
2,16,97,0.0
2,16,98,0.0
2,16,99,0.0
2,17,0,247.0
2,17,1,344.0
2,17,2,135.0
2,17,3,86.0
2,17,4,232.0
2,17,5,340.0
2,17,6,257.0
2,17,7,294.0
2,17,8,84.0
2,17,9,326.0
2,17,10,292.0
2,17,11,155.0
2,17,12,163.0
2,17,13,167.0
2,17,14,0.0
2,17,15,0.0
2,17,16,230.0
2,17,17,289.0
2,17,18,201.0
2,17,19,253.0
2,17,20,325.0
2,17,21,140.0
2,17,22,297.0
2,17,23,228.0
2,17,24,67.0
2,17,25,191.0
2,17,26,347.0
2,17,27,139.0
2,17,28,236.0
2,17,29,187.0
2,17,30,247.0
2,17,31,276.0
2,17,32,179.0
2,17,33,137.0
2,17,34,0.0
2,17,35,270.0
2,17,36,332.0
2,17,37,251.0
2,17,38,257.0
2,17,39,291.0
2,17,40,79.0
2,17,41,271.0
2,17,42,145.0
2,17,43,115.0
2,17,44,135.0
2,17,45,308.0
2,17,46,223.0
2,17,47,96.0
2,17,48,114.0
2,17,49,287.0
2,17,50,245.0
2,17,51,0.0
2,17,52,221.0
2,17,53,255.0
2,17,54,214.0
2,17,55,112.0
2,17,56,145.0
2,17,57,123.0
2,17,58,39.0
2,17,59,329.0
2,17,60,31.0
2,17,61,297.0
2,17,62,136.0
2,17,63,360.0
2,17,64,201.0
2,17,65,225.0
2,17,66,223.0
2,17,67,160.0
2,17,68,116.0
2,17,69,0.0
2,17,70,205.0
2,17,71,263.0
2,17,72,304.0
2,17,73,0.0
2,17,74,127.0
2,17,75,333.0
2,17,76,0.0
2,17,77,146.0
2,17,78,213.0
2,17,79,135.0
2,17,80,238.0
2,17,81,135.0
2,17,82,122.0
2,17,83,135.0
2,17,84,68.0
2,17,85,188.0
2,17,86,367.0
2,17,87,230.0
2,17,88,47.0
2,17,89,89.0
2,17,90,227.0
2,17,91,30.0
2,17,92,159.0
2,17,93,132.0
2,17,94,223.0
2,17,95,133.0
2,17,96,50.0
2,17,97,222.0
2,17,98,232.0
2,17,99,254.0
2,18,0,80.0
2,18,1,141.0
2,18,2,121.0
2,18,3,305.0
2,18,4,41.0
2,18,5,98.0
2,18,6,99.0
2,18,7,170.0
2,18,8,297.0
2,18,9,172.0
2,18,10,48.0
2,18,11,147.0
2,18,12,129.0
2,18,13,48.0
2,18,14,128.0
2,18,15,184.0
2,18,16,36.0
2,18,17,4.0
2,18,18,80.0
2,18,19,0.0
2,18,20,150.0
2,18,21,253.0
2,18,22,77.0
2,18,23,222.0
2,18,24,155.0
2,18,25,140.0
2,18,26,187.0
2,18,27,0.0
2,18,28,51.0
2,18,29,145.0
2,18,30,37.0
2,18,31,164.0
2,18,32,102.0
2,18,33,161.0
2,18,34,171.0
2,18,35,74.0
2,18,36,199.0
2,18,37,80.0
2,18,38,96.0
2,18,39,109.0
2,18,40,294.0
2,18,41,78.0
2,18,42,0.0
2,18,43,36.0
2,18,44,181.0
2,18,45,123.0
2,18,46,138.0
2,18,47,38.0
2,18,48,159.0
2,18,49,40.0
2,18,50,0.0
2,18,51,167.0
2,18,52,99.0
2,18,53,118.0
2,18,54,0.0
2,18,55,236.0
2,18,56,188.0
2,18,57,48.0
2,18,58,76.0
2,18,59,0.0
2,18,60,95.0
2,18,61,11.0
2,18,62,214.0
2,18,63,43.0
2,18,64,265.0
2,18,65,143.0
2,18,66,124.0
2,18,67,46.0
2,18,68,146.0
2,18,69,149.0
2,18,70,126.0
2,18,71,152.0
2,18,72,32.0
2,18,73,137.0
2,18,74,226.0
2,18,75,85.0
2,18,76,222.0
2,18,77,54.0
2,18,78,171.0
2,18,79,48.0
2,18,80,48.0
2,18,81,211.0
2,18,82,191.0
2,18,83,72.0
2,18,84,70.0
2,18,85,21.0
2,18,86,44.0
2,18,87,206.0
2,18,88,195.0
2,18,89,213.0
2,18,90,18.0
2,18,91,236.0
2,18,92,102.0
2,18,93,28.0
2,18,94,84.0
2,18,95,0.0
2,18,96,203.0
2,18,97,35.0
2,18,98,99.0
2,18,99,141.0
2,19,0,37.0
2,19,1,0.0
2,19,2,0.0
2,19,3,0.0
2,19,4,28.0
2,19,5,0.0
2,19,6,36.0
2,19,7,0.0
2,19,8,0.0
2,19,9,51.0
2,19,10,0.0
2,19,11,13.0
2,19,12,0.0
2,19,13,26.0
2,19,14,0.0
2,19,15,0.0
2,19,16,9.0
2,19,17,127.0
2,19,18,148.0
2,19,19,0.0
2,19,20,0.0
2,19,21,0.0
2,19,22,49.0
2,19,23,0.0
2,19,24,0.0
2,19,25,0.0
2,19,26,0.0
2,19,27,0.0
2,19,28,27.0
2,19,29,0.0
2,19,30,0.0
2,19,31,18.0
2,19,32,0.0
2,19,33,0.0
2,19,34,0.0
2,19,35,121.0
2,19,36,0.0
2,19,37,0.0
2,19,38,0.0
2,19,39,14.0
2,19,40,27.0
2,19,41,98.0
2,19,42,118.0
2,19,43,0.0
2,19,44,0.0
2,19,45,0.0
2,19,46,0.0
2,19,47,0.0
2,19,48,119.0
2,19,49,0.0
2,19,50,142.0
2,19,51,0.0
2,19,52,0.0
2,19,53,0.0
2,19,54,82.0
2,19,55,0.0
2,19,56,0.0
2,19,57,0.0
2,19,58,145.0
2,19,59,0.0
2,19,60,51.0
2,19,61,0.0
2,19,62,25.0
2,19,63,0.0
2,19,64,0.0
2,19,65,0.0
2,19,66,0.0
2,19,67,0.0
2,19,68,0.0
2,19,69,0.0
2,19,70,0.0
2,19,71,0.0
2,19,72,0.0
2,19,73,21.0
2,19,74,117.0
2,19,75,0.0
2,19,76,38.0
2,19,77,0.0
2,19,78,0.0
2,19,79,0.0
2,19,80,0.0
2,19,81,0.0
2,19,82,0.0
2,19,83,128.0
2,19,84,0.0
2,19,85,166.0
2,19,86,0.0
2,19,87,0.0
2,19,88,0.0
2,19,89,16.0
2,19,90,0.0
2,19,91,0.0
2,19,92,0.0
2,19,93,128.0
2,19,94,0.0
2,19,95,0.0
2,19,96,64.0
2,19,97,10.0
2,19,98,2.0
2,19,99,0.0
2,20,0,0.0
2,20,1,0.0
2,20,2,0.0
2,20,3,32.0
2,20,4,0.0
2,20,5,0.0
2,20,6,0.0
2,20,7,0.0
2,20,8,0.0
2,20,9,0.0
2,20,10,1.0
2,20,11,0.0
2,20,12,0.0
2,20,13,0.0
2,20,14,16.0
2,20,15,0.0
2,20,16,0.0
2,20,17,0.0
2,20,18,0.0
2,20,19,66.0
2,20,20,0.0
2,20,21,0.0
2,20,22,0.0
2,20,23,0.0
2,20,24,0.0
2,20,25,0.0
2,20,26,0.0
2,20,27,0.0
2,20,28,0.0
2,20,29,0.0
2,20,30,0.0
2,20,31,0.0
2,20,32,0.0
2,20,33,0.0
2,20,34,0.0
2,20,35,0.0
2,20,36,0.0
2,20,37,0.0
2,20,38,0.0
2,20,39,0.0
2,20,40,0.0
2,20,41,0.0
2,20,42,0.0
2,20,43,0.0
2,20,44,0.0
2,20,45,3.0
2,20,46,0.0
2,20,47,0.0
2,20,48,0.0
2,20,49,0.0
2,20,50,0.0
2,20,51,0.0
2,20,52,59.0
2,20,53,0.0
2,20,54,0.0
2,20,55,0.0
2,20,56,0.0
2,20,57,0.0
2,20,58,0.0
2,20,59,0.0
2,20,60,0.0
2,20,61,0.0
2,20,62,0.0
2,20,63,0.0
2,20,64,0.0
2,20,65,0.0
2,20,66,9.0
2,20,67,0.0
2,20,68,2.0
2,20,69,0.0
2,20,70,0.0
2,20,71,0.0
2,20,72,0.0
2,20,73,0.0
2,20,74,0.0
2,20,75,0.0
2,20,76,0.0
2,20,77,61.0
2,20,78,0.0
2,20,79,0.0
2,20,80,0.0
2,20,81,0.0
2,20,82,0.0
2,20,83,0.0
2,20,84,33.0
2,20,85,0.0
2,20,86,0.0
2,20,87,0.0
2,20,88,0.0
2,20,89,0.0
2,20,90,0.0
2,20,91,0.0
2,20,92,35.0
2,20,93,0.0
2,20,94,0.0
2,20,95,62.0
2,20,96,0.0
2,20,97,0.0
2,20,98,0.0
2,20,99,0.0
2,21,0,99.0
2,21,1,99.0
2,21,2,15.0
2,21,3,0.0
2,21,4,0.0
2,21,5,0.0
2,21,6,0.0
2,21,7,37.0
2,21,8,0.0
2,21,9,0.0
2,21,10,0.0
2,21,11,0.0
2,21,12,0.0
2,21,13,99.0
2,21,14,0.0
2,21,15,0.0
2,21,16,0.0
2,21,17,0.0
2,21,18,0.0
2,21,19,0.0
2,21,20,0.0
2,21,21,0.0
2,21,22,0.0
2,21,23,0.0
2,21,24,0.0
2,21,25,0.0
2,21,26,0.0
2,21,27,0.0
2,21,28,0.0
2,21,29,70.0
2,21,30,0.0
2,21,31,0.0
2,21,32,0.0
2,21,33,0.0
2,21,34,0.0
2,21,35,0.0
2,21,36,57.0
2,21,37,0.0
2,21,38,0.0
2,21,39,0.0
2,21,40,0.0
2,21,41,0.0
2,21,42,0.0
2,21,43,99.0
2,21,44,0.0
2,21,45,0.0
2,21,46,0.0
2,21,47,0.0
2,21,48,0.0
2,21,49,0.0
2,21,50,0.0
2,21,51,0.0
2,21,52,0.0
2,21,53,93.0
2,21,54,0.0
2,21,55,0.0
2,21,56,38.0
2,21,57,0.0
2,21,58,0.0
2,21,59,57.0
2,21,60,0.0
2,21,61,100.0
2,21,62,0.0
2,21,63,0.0
2,21,64,0.0
2,21,65,0.0
2,21,66,0.0
2,21,67,0.0
2,21,68,0.0
2,21,69,0.0
2,21,70,0.0
2,21,71,0.0
2,21,72,0.0
2,21,73,0.0
2,21,74,0.0
2,21,75,0.0
2,21,76,0.0
2,21,77,0.0
2,21,78,0.0
2,21,79,0.0
2,21,80,0.0
2,21,81,0.0
2,21,82,0.0
2,21,83,0.0
2,21,84,0.0
2,21,85,0.0
2,21,86,0.0
2,21,87,0.0
2,21,88,0.0
2,21,89,0.0
2,21,90,99.0
2,21,91,65.0
2,21,92,0.0
2,21,93,0.0
2,21,94,0.0
2,21,95,0.0
2,21,96,0.0
2,21,97,0.0
2,21,98,0.0
2,21,99,0.0
2,22,0,0.0
2,22,1,0.0
2,22,2,0.0
2,22,3,0.0
2,22,4,0.0
2,22,5,0.0
2,22,6,0.0
2,22,7,0.0
2,22,8,0.0
2,22,9,0.0
2,22,10,0.0
2,22,11,0.0
2,22,12,0.0
2,22,13,0.0
2,22,14,0.0
2,22,15,0.0
2,22,16,0.0
2,22,17,0.0
2,22,18,0.0
2,22,19,0.0
2,22,20,0.0
2,22,21,19.0
2,22,22,0.0
2,22,23,0.0
2,22,24,0.0
2,22,25,18.0
2,22,26,0.0
2,22,27,53.0
2,22,28,0.0
2,22,29,0.0
2,22,30,7.0
2,22,31,0.0
2,22,32,0.0
2,22,33,0.0
2,22,34,11.0
2,22,35,0.0
2,22,36,0.0
2,22,37,0.0
2,22,38,0.0
2,22,39,0.0
2,22,40,0.0
2,22,41,0.0
2,22,42,0.0
2,22,43,0.0
2,22,44,0.0
2,22,45,0.0
2,22,46,0.0
2,22,47,0.0
2,22,48,0.0
2,22,49,0.0
2,22,50,0.0
2,22,51,0.0
2,22,52,0.0
2,22,53,0.0
2,22,54,0.0
2,22,55,0.0
2,22,56,0.0
2,22,57,99.0
2,22,58,0.0
2,22,59,0.0
2,22,60,0.0
2,22,61,0.0
2,22,62,0.0
2,22,63,0.0
2,22,64,0.0
2,22,65,100.0
2,22,66,0.0
2,22,67,0.0
2,22,68,0.0
2,22,69,0.0
2,22,70,26.0
2,22,71,26.0
2,22,72,0.0
2,22,73,0.0
2,22,74,0.0
2,22,75,0.0
2,22,76,0.0
2,22,77,0.0
2,22,78,9.0
2,22,79,0.0
2,22,80,0.0
2,22,81,0.0
2,22,82,0.0
2,22,83,0.0
2,22,84,0.0
2,22,85,0.0
2,22,86,0.0
2,22,87,0.0
2,22,88,32.0
2,22,89,0.0
2,22,90,0.0
2,22,91,0.0
2,22,92,0.0
2,22,93,0.0
2,22,94,100.0
2,22,95,0.0
2,22,96,0.0
2,22,97,0.0
2,22,98,0.0
2,22,99,100.0
2,23,0,0.0
2,23,1,0.0
2,23,2,0.0
2,23,3,0.0
2,23,4,0.0
2,23,5,0.0
2,23,6,0.0
2,23,7,0.0
2,23,8,0.0
2,23,9,0.0
2,23,10,0.0
2,23,11,0.0
2,23,12,0.0
2,23,13,0.0
2,23,14,0.0
2,23,15,0.0
2,23,16,0.0
2,23,17,0.0
2,23,18,0.0
2,23,19,0.0
2,23,20,0.0
2,23,21,0.0
2,23,22,0.0
2,23,23,0.0
2,23,24,0.0
2,23,25,0.0
2,23,26,0.0
2,23,27,0.0
2,23,28,0.0
2,23,29,0.0
2,23,30,0.0
2,23,31,0.0
2,23,32,0.0
2,23,33,0.0
2,23,34,0.0
2,23,35,0.0
2,23,36,0.0
2,23,37,0.0
2,23,38,0.0
2,23,39,0.0
2,23,40,0.0
2,23,41,0.0
2,23,42,0.0
2,23,43,0.0
2,23,44,0.0
2,23,45,0.0
2,23,46,0.0
2,23,47,0.0
2,23,48,0.0
2,23,49,0.0
2,23,50,0.0
2,23,51,0.0
2,23,52,0.0
2,23,53,0.0
2,23,54,0.0
2,23,55,0.0
2,23,56,0.0
2,23,57,0.0
2,23,58,0.0
2,23,59,0.0
2,23,60,0.0
2,23,61,0.0
2,23,62,0.0
2,23,63,0.0
2,23,64,0.0
2,23,65,0.0
2,23,66,0.0
2,23,67,0.0
2,23,68,0.0
2,23,69,0.0
2,23,70,0.0
2,23,71,0.0
2,23,72,0.0
2,23,73,0.0
2,23,74,0.0
2,23,75,0.0
2,23,76,0.0
2,23,77,0.0
2,23,78,0.0
2,23,79,0.0
2,23,80,0.0
2,23,81,0.0
2,23,82,0.0
2,23,83,0.0
2,23,84,0.0
2,23,85,0.0
2,23,86,0.0
2,23,87,0.0
2,23,88,0.0
2,23,89,0.0
2,23,90,0.0
2,23,91,0.0
2,23,92,0.0
2,23,93,0.0
2,23,94,0.0
2,23,95,0.0
2,23,96,0.0
2,23,97,0.0
2,23,98,0.0
2,23,99,0.0
3,0,0,0.0
3,0,1,0.0
3,0,2,0.0
3,0,3,0.0
3,0,4,0.0
3,0,5,0.0
3,0,6,0.0
3,0,7,0.0
3,0,8,0.0
3,0,9,0.0
3,0,10,0.0
3,0,11,0.0
3,0,12,0.0
3,0,13,0.0
3,0,14,0.0
3,0,15,0.0
3,0,16,0.0
3,0,17,0.0
3,0,18,0.0
3,0,19,0.0
3,0,20,0.0
3,0,21,0.0
3,0,22,0.0
3,0,23,0.0
3,0,24,0.0
3,0,25,0.0
3,0,26,0.0
3,0,27,0.0
3,0,28,0.0
3,0,29,0.0
3,0,30,0.0
3,0,31,0.0
3,0,32,0.0
3,0,33,0.0
3,0,34,0.0
3,0,35,0.0
3,0,36,0.0
3,0,37,0.0
3,0,38,0.0
3,0,39,0.0
3,0,40,0.0
3,0,41,0.0
3,0,42,0.0
3,0,43,0.0
3,0,44,0.0
3,0,45,0.0
3,0,46,0.0
3,0,47,0.0
3,0,48,0.0
3,0,49,0.0
3,0,50,0.0
3,0,51,0.0
3,0,52,0.0
3,0,53,0.0
3,0,54,0.0
3,0,55,0.0
3,0,56,0.0
3,0,57,0.0
3,0,58,0.0
3,0,59,0.0
3,0,60,0.0
3,0,61,0.0
3,0,62,0.0
3,0,63,0.0
3,0,64,0.0
3,0,65,0.0
3,0,66,0.0
3,0,67,0.0
3,0,68,0.0
3,0,69,0.0
3,0,70,0.0
3,0,71,0.0
3,0,72,0.0
3,0,73,0.0
3,0,74,0.0
3,0,75,0.0
3,0,76,0.0
3,0,77,0.0
3,0,78,0.0
3,0,79,0.0
3,0,80,0.0
3,0,81,0.0
3,0,82,0.0
3,0,83,0.0
3,0,84,0.0
3,0,85,0.0
3,0,86,0.0
3,0,87,0.0
3,0,88,0.0
3,0,89,0.0
3,0,90,0.0
3,0,91,0.0
3,0,92,0.0
3,0,93,0.0
3,0,94,0.0
3,0,95,0.0
3,0,96,0.0
3,0,97,0.0
3,0,98,0.0
3,0,99,0.0
3,1,0,0.0
3,1,1,0.0
3,1,2,0.0
3,1,3,0.0
3,1,4,0.0
3,1,5,0.0
3,1,6,0.0
3,1,7,0.0
3,1,8,0.0
3,1,9,0.0
3,1,10,0.0
3,1,11,0.0
3,1,12,0.0
3,1,13,0.0
3,1,14,0.0
3,1,15,0.0
3,1,16,0.0
3,1,17,0.0
3,1,18,0.0
3,1,19,0.0
3,1,20,0.0
3,1,21,0.0
3,1,22,0.0
3,1,23,0.0
3,1,24,0.0
3,1,25,0.0
3,1,26,0.0
3,1,27,0.0
3,1,28,0.0
3,1,29,0.0
3,1,30,0.0
3,1,31,0.0
3,1,32,0.0
3,1,33,0.0
3,1,34,0.0
3,1,35,0.0
3,1,36,0.0
3,1,37,0.0
3,1,38,0.0
3,1,39,0.0
3,1,40,0.0
3,1,41,0.0
3,1,42,0.0
3,1,43,0.0
3,1,44,0.0
3,1,45,0.0
3,1,46,0.0
3,1,47,0.0
3,1,48,0.0
3,1,49,0.0
3,1,50,0.0
3,1,51,0.0
3,1,52,0.0
3,1,53,0.0
3,1,54,0.0
3,1,55,0.0
3,1,56,0.0
3,1,57,0.0
3,1,58,0.0
3,1,59,0.0
3,1,60,0.0
3,1,61,0.0
3,1,62,0.0
3,1,63,0.0
3,1,64,0.0
3,1,65,0.0
3,1,66,0.0
3,1,67,0.0
3,1,68,0.0
3,1,69,0.0
3,1,70,0.0
3,1,71,0.0
3,1,72,0.0
3,1,73,0.0
3,1,74,0.0
3,1,75,0.0
3,1,76,0.0
3,1,77,0.0
3,1,78,0.0
3,1,79,0.0
3,1,80,0.0
3,1,81,0.0
3,1,82,0.0
3,1,83,0.0
3,1,84,0.0
3,1,85,0.0
3,1,86,0.0
3,1,87,0.0
3,1,88,0.0
3,1,89,0.0
3,1,90,0.0
3,1,91,0.0
3,1,92,0.0
3,1,93,0.0
3,1,94,0.0
3,1,95,0.0
3,1,96,0.0
3,1,97,0.0
3,1,98,0.0
3,1,99,0.0
3,2,0,0.0
3,2,1,0.0
3,2,2,0.0
3,2,3,0.0
3,2,4,0.0
3,2,5,0.0
3,2,6,0.0
3,2,7,0.0
3,2,8,0.0
3,2,9,0.0
3,2,10,0.0
3,2,11,0.0
3,2,12,0.0
3,2,13,0.0
3,2,14,0.0
3,2,15,0.0
3,2,16,0.0
3,2,17,0.0
3,2,18,0.0
3,2,19,0.0
3,2,20,0.0
3,2,21,0.0
3,2,22,0.0
3,2,23,0.0
3,2,24,0.0
3,2,25,0.0
3,2,26,0.0
3,2,27,0.0
3,2,28,0.0
3,2,29,0.0
3,2,30,0.0
3,2,31,0.0
3,2,32,0.0
3,2,33,0.0
3,2,34,0.0
3,2,35,0.0
3,2,36,0.0
3,2,37,0.0
3,2,38,0.0
3,2,39,0.0
3,2,40,0.0
3,2,41,0.0
3,2,42,0.0
3,2,43,0.0
3,2,44,0.0
3,2,45,0.0
3,2,46,0.0
3,2,47,0.0
3,2,48,0.0
3,2,49,0.0
3,2,50,0.0
3,2,51,0.0
3,2,52,0.0
3,2,53,0.0
3,2,54,0.0
3,2,55,0.0
3,2,56,0.0
3,2,57,0.0
3,2,58,0.0
3,2,59,0.0
3,2,60,0.0
3,2,61,0.0
3,2,62,0.0
3,2,63,0.0
3,2,64,0.0
3,2,65,0.0
3,2,66,0.0
3,2,67,0.0
3,2,68,0.0
3,2,69,0.0
3,2,70,0.0
3,2,71,0.0
3,2,72,0.0
3,2,73,0.0
3,2,74,0.0
3,2,75,0.0
3,2,76,0.0
3,2,77,0.0
3,2,78,0.0
3,2,79,0.0
3,2,80,0.0
3,2,81,0.0
3,2,82,0.0
3,2,83,0.0
3,2,84,0.0
3,2,85,0.0
3,2,86,0.0
3,2,87,0.0
3,2,88,0.0
3,2,89,0.0
3,2,90,0.0
3,2,91,0.0
3,2,92,0.0
3,2,93,0.0
3,2,94,0.0
3,2,95,0.0
3,2,96,0.0
3,2,97,0.0
3,2,98,0.0
3,2,99,0.0
3,3,0,0.0
3,3,1,0.0
3,3,2,0.0
3,3,3,0.0
3,3,4,0.0
3,3,5,0.0
3,3,6,0.0
3,3,7,0.0
3,3,8,0.0
3,3,9,0.0
3,3,10,0.0
3,3,11,0.0
3,3,12,0.0
3,3,13,0.0
3,3,14,0.0
3,3,15,0.0
3,3,16,0.0
3,3,17,0.0
3,3,18,0.0
3,3,19,0.0
3,3,20,0.0
3,3,21,0.0
3,3,22,0.0
3,3,23,0.0
3,3,24,0.0
3,3,25,0.0
3,3,26,0.0
3,3,27,0.0
3,3,28,0.0
3,3,29,0.0
3,3,30,0.0
3,3,31,0.0
3,3,32,0.0
3,3,33,0.0
3,3,34,0.0
3,3,35,0.0
3,3,36,0.0
3,3,37,0.0
3,3,38,0.0
3,3,39,0.0
3,3,40,0.0
3,3,41,0.0
3,3,42,0.0
3,3,43,0.0
3,3,44,0.0
3,3,45,0.0
3,3,46,0.0
3,3,47,0.0
3,3,48,0.0
3,3,49,0.0
3,3,50,0.0
3,3,51,0.0
3,3,52,0.0
3,3,53,0.0
3,3,54,0.0
3,3,55,0.0
3,3,56,0.0
3,3,57,0.0
3,3,58,0.0
3,3,59,0.0
3,3,60,0.0
3,3,61,0.0
3,3,62,0.0
3,3,63,0.0
3,3,64,0.0
3,3,65,0.0
3,3,66,0.0
3,3,67,0.0
3,3,68,0.0
3,3,69,0.0
3,3,70,0.0
3,3,71,0.0
3,3,72,0.0
3,3,73,0.0
3,3,74,0.0
3,3,75,0.0
3,3,76,0.0
3,3,77,0.0
3,3,78,0.0
3,3,79,0.0
3,3,80,0.0
3,3,81,0.0
3,3,82,0.0
3,3,83,0.0
3,3,84,0.0
3,3,85,0.0
3,3,86,0.0
3,3,87,0.0
3,3,88,0.0
3,3,89,0.0
3,3,90,0.0
3,3,91,0.0
3,3,92,0.0
3,3,93,0.0
3,3,94,0.0
3,3,95,0.0
3,3,96,0.0
3,3,97,0.0
3,3,98,0.0
3,3,99,0.0
3,4,0,0.0
3,4,1,0.0
3,4,2,0.0
3,4,3,0.0
3,4,4,0.0
3,4,5,0.0
3,4,6,0.0
3,4,7,0.0
3,4,8,0.0
3,4,9,0.0
3,4,10,0.0
3,4,11,0.0
3,4,12,0.0
3,4,13,0.0
3,4,14,0.0
3,4,15,0.0
3,4,16,0.0
3,4,17,0.0
3,4,18,0.0
3,4,19,0.0
3,4,20,0.0
3,4,21,0.0
3,4,22,0.0
3,4,23,0.0
3,4,24,0.0
3,4,25,0.0
3,4,26,0.0
3,4,27,0.0
3,4,28,0.0
3,4,29,0.0
3,4,30,0.0
3,4,31,0.0
3,4,32,0.0
3,4,33,0.0
3,4,34,0.0
3,4,35,0.0
3,4,36,0.0
3,4,37,0.0
3,4,38,0.0
3,4,39,0.0
3,4,40,0.0
3,4,41,0.0
3,4,42,0.0
3,4,43,0.0
3,4,44,0.0
3,4,45,0.0
3,4,46,0.0
3,4,47,0.0
3,4,48,0.0
3,4,49,0.0
3,4,50,0.0
3,4,51,0.0
3,4,52,0.0
3,4,53,0.0
3,4,54,0.0
3,4,55,0.0
3,4,56,0.0
3,4,57,0.0
3,4,58,0.0
3,4,59,0.0
3,4,60,0.0
3,4,61,0.0
3,4,62,0.0
3,4,63,0.0
3,4,64,0.0
3,4,65,0.0
3,4,66,0.0
3,4,67,0.0
3,4,68,0.0
3,4,69,0.0
3,4,70,0.0
3,4,71,0.0
3,4,72,0.0
3,4,73,0.0
3,4,74,0.0
3,4,75,0.0
3,4,76,0.0
3,4,77,0.0
3,4,78,0.0
3,4,79,0.0
3,4,80,0.0
3,4,81,0.0
3,4,82,0.0
3,4,83,0.0
3,4,84,0.0
3,4,85,0.0
3,4,86,0.0
3,4,87,0.0
3,4,88,0.0
3,4,89,0.0
3,4,90,0.0
3,4,91,0.0
3,4,92,0.0
3,4,93,0.0
3,4,94,0.0
3,4,95,0.0
3,4,96,0.0
3,4,97,0.0
3,4,98,0.0
3,4,99,0.0
3,5,0,0.0
3,5,1,0.0
3,5,2,0.0
3,5,3,0.0
3,5,4,0.0
3,5,5,0.0
3,5,6,0.0
3,5,7,0.0
3,5,8,0.0
3,5,9,0.0
3,5,10,0.0
3,5,11,0.0
3,5,12,0.0
3,5,13,0.0
3,5,14,0.0
3,5,15,0.0
3,5,16,0.0
3,5,17,0.0
3,5,18,0.0
3,5,19,0.0
3,5,20,0.0
3,5,21,0.0
3,5,22,0.0
3,5,23,0.0
3,5,24,0.0
3,5,25,0.0
3,5,26,0.0
3,5,27,0.0
3,5,28,0.0
3,5,29,0.0
3,5,30,0.0
3,5,31,0.0
3,5,32,0.0
3,5,33,0.0
3,5,34,0.0
3,5,35,0.0
3,5,36,0.0
3,5,37,0.0
3,5,38,0.0
3,5,39,0.0
3,5,40,0.0
3,5,41,0.0
3,5,42,0.0
3,5,43,0.0
3,5,44,0.0
3,5,45,0.0
3,5,46,0.0
3,5,47,0.0
3,5,48,0.0
3,5,49,0.0
3,5,50,0.0
3,5,51,0.0
3,5,52,0.0
3,5,53,0.0
3,5,54,0.0
3,5,55,0.0
3,5,56,0.0
3,5,57,0.0
3,5,58,0.0
3,5,59,0.0
3,5,60,0.0
3,5,61,0.0
3,5,62,0.0
3,5,63,0.0
3,5,64,0.0
3,5,65,0.0
3,5,66,0.0
3,5,67,0.0
3,5,68,0.0
3,5,69,0.0
3,5,70,0.0
3,5,71,0.0
3,5,72,0.0
3,5,73,0.0
3,5,74,0.0
3,5,75,0.0
3,5,76,0.0
3,5,77,0.0
3,5,78,0.0
3,5,79,0.0
3,5,80,0.0
3,5,81,0.0
3,5,82,0.0
3,5,83,0.0
3,5,84,0.0
3,5,85,0.0
3,5,86,0.0
3,5,87,0.0
3,5,88,0.0
3,5,89,0.0
3,5,90,0.0
3,5,91,0.0
3,5,92,0.0
3,5,93,0.0
3,5,94,0.0
3,5,95,0.0
3,5,96,0.0
3,5,97,0.0
3,5,98,0.0
3,5,99,0.0
3,6,0,0.0
3,6,1,0.0
3,6,2,0.0
3,6,3,0.0
3,6,4,0.0
3,6,5,0.0
3,6,6,0.0
3,6,7,0.0
3,6,8,0.0
3,6,9,0.0
3,6,10,0.0
3,6,11,0.0
3,6,12,0.0
3,6,13,0.0
3,6,14,0.0
3,6,15,0.0
3,6,16,0.0
3,6,17,0.0
3,6,18,0.0
3,6,19,0.0
3,6,20,0.0
3,6,21,0.0
3,6,22,0.0
3,6,23,0.0
3,6,24,0.0
3,6,25,0.0
3,6,26,0.0
3,6,27,0.0
3,6,28,0.0
3,6,29,0.0
3,6,30,0.0
3,6,31,0.0
3,6,32,0.0
3,6,33,0.0
3,6,34,0.0
3,6,35,0.0
3,6,36,0.0
3,6,37,0.0
3,6,38,0.0
3,6,39,0.0
3,6,40,0.0
3,6,41,0.0
3,6,42,0.0
3,6,43,0.0
3,6,44,0.0
3,6,45,0.0
3,6,46,0.0
3,6,47,0.0
3,6,48,0.0
3,6,49,0.0
3,6,50,0.0
3,6,51,0.0
3,6,52,0.0
3,6,53,0.0
3,6,54,0.0
3,6,55,0.0
3,6,56,0.0
3,6,57,0.0
3,6,58,0.0
3,6,59,0.0
3,6,60,0.0
3,6,61,0.0
3,6,62,0.0
3,6,63,0.0
3,6,64,0.0
3,6,65,0.0
3,6,66,0.0
3,6,67,0.0
3,6,68,0.0
3,6,69,0.0
3,6,70,0.0
3,6,71,0.0
3,6,72,0.0
3,6,73,0.0
3,6,74,0.0
3,6,75,0.0
3,6,76,0.0
3,6,77,0.0
3,6,78,0.0
3,6,79,0.0
3,6,80,0.0
3,6,81,0.0
3,6,82,0.0
3,6,83,0.0
3,6,84,0.0
3,6,85,0.0
3,6,86,0.0
3,6,87,0.0
3,6,88,0.0
3,6,89,0.0
3,6,90,0.0
3,6,91,0.0
3,6,92,0.0
3,6,93,0.0
3,6,94,0.0
3,6,95,0.0
3,6,96,0.0
3,6,97,0.0
3,6,98,0.0
3,6,99,0.0
3,7,0,0.0
3,7,1,0.0
3,7,2,0.0
3,7,3,0.0
3,7,4,0.0
3,7,5,0.0
3,7,6,0.0
3,7,7,0.0
3,7,8,0.0
3,7,9,0.0
3,7,10,0.0
3,7,11,0.0
3,7,12,0.0
3,7,13,0.0
3,7,14,0.0
3,7,15,0.0
3,7,16,0.0
3,7,17,0.0
3,7,18,0.0
3,7,19,0.0
3,7,20,0.0
3,7,21,0.0
3,7,22,0.0
3,7,23,0.0
3,7,24,0.0
3,7,25,0.0
3,7,26,0.0
3,7,27,0.0
3,7,28,0.0
3,7,29,0.0
3,7,30,0.0
3,7,31,0.0
3,7,32,0.0
3,7,33,0.0
3,7,34,0.0
3,7,35,0.0
3,7,36,0.0
3,7,37,0.0
3,7,38,0.0
3,7,39,0.0
3,7,40,0.0
3,7,41,0.0
3,7,42,0.0
3,7,43,0.0
3,7,44,0.0
3,7,45,0.0
3,7,46,0.0
3,7,47,0.0
3,7,48,0.0
3,7,49,0.0
3,7,50,0.0
3,7,51,0.0
3,7,52,0.0
3,7,53,0.0
3,7,54,0.0
3,7,55,0.0
3,7,56,0.0
3,7,57,0.0
3,7,58,0.0
3,7,59,0.0
3,7,60,0.0
3,7,61,0.0
3,7,62,0.0
3,7,63,0.0
3,7,64,0.0
3,7,65,0.0
3,7,66,0.0
3,7,67,0.0
3,7,68,0.0
3,7,69,0.0
3,7,70,0.0
3,7,71,0.0
3,7,72,0.0
3,7,73,0.0
3,7,74,0.0
3,7,75,0.0
3,7,76,0.0
3,7,77,0.0
3,7,78,0.0
3,7,79,0.0
3,7,80,0.0
3,7,81,0.0
3,7,82,0.0
3,7,83,0.0
3,7,84,0.0
3,7,85,0.0
3,7,86,0.0
3,7,87,0.0
3,7,88,0.0
3,7,89,0.0
3,7,90,0.0
3,7,91,0.0
3,7,92,0.0
3,7,93,0.0
3,7,94,0.0
3,7,95,0.0
3,7,96,0.0
3,7,97,0.0
3,7,98,0.0
3,7,99,0.0
3,8,0,3.0
3,8,1,0.0
3,8,2,4.0
3,8,3,0.0
3,8,4,0.0
3,8,5,0.0
3,8,6,0.0
3,8,7,0.0
3,8,8,2.0
3,8,9,2.0
3,8,10,0.0
3,8,11,0.0
3,8,12,0.0
3,8,13,0.0
3,8,14,0.0
3,8,15,0.0
3,8,16,0.0
3,8,17,0.0
3,8,18,3.0
3,8,19,0.0
3,8,20,0.0
3,8,21,0.0
3,8,22,5.0
3,8,23,1.0
3,8,24,1.0
3,8,25,0.0
3,8,26,0.0
3,8,27,0.0
3,8,28,0.0
3,8,29,0.0
3,8,30,0.0
3,8,31,0.0
3,8,32,1.0
3,8,33,0.0
3,8,34,6.0
3,8,35,0.0
3,8,36,5.0
3,8,37,0.0
3,8,38,0.0
3,8,39,0.0
3,8,40,0.0
3,8,41,0.0
3,8,42,0.0
3,8,43,0.0
3,8,44,0.0
3,8,45,0.0
3,8,46,0.0
3,8,47,0.0
3,8,48,0.0
3,8,49,0.0
3,8,50,3.0
3,8,51,0.0
3,8,52,0.0
3,8,53,0.0
3,8,54,0.0
3,8,55,0.0
3,8,56,0.0
3,8,57,0.0
3,8,58,0.0
3,8,59,0.0
3,8,60,1.0
3,8,61,6.0
3,8,62,0.0
3,8,63,0.0
3,8,64,0.0
3,8,65,2.0
3,8,66,1.0
3,8,67,0.0
3,8,68,0.0
3,8,69,0.0
3,8,70,5.0
3,8,71,0.0
3,8,72,0.0
3,8,73,0.0
3,8,74,0.0
3,8,75,0.0
3,8,76,0.0
3,8,77,0.0
3,8,78,4.0
3,8,79,0.0
3,8,80,0.0
3,8,81,0.0
3,8,82,0.0
3,8,83,1.0
3,8,84,0.0
3,8,85,3.0
3,8,86,0.0
3,8,87,2.0
3,8,88,0.0
3,8,89,0.0
3,8,90,3.0
3,8,91,0.0
3,8,92,0.0
3,8,93,0.0
3,8,94,0.0
3,8,95,0.0
3,8,96,0.0
3,8,97,0.0
3,8,98,4.0
3,8,99,0.0
3,9,0,22.0
3,9,1,0.0
3,9,2,0.0
3,9,3,0.0
3,9,4,36.0
3,9,5,0.0
3,9,6,0.0
3,9,7,0.0
3,9,8,0.0
3,9,9,0.0
3,9,10,0.0
3,9,11,0.0
3,9,12,0.0
3,9,13,0.0
3,9,14,0.0
3,9,15,0.0
3,9,16,0.0
3,9,17,0.0
3,9,18,32.0
3,9,19,37.0
3,9,20,0.0
3,9,21,0.0
3,9,22,0.0
3,9,23,6.0
3,9,24,0.0
3,9,25,18.0
3,9,26,35.0
3,9,27,0.0
3,9,28,0.0
3,9,29,14.0
3,9,30,0.0
3,9,31,0.0
3,9,32,0.0
3,9,33,0.0
3,9,34,0.0
3,9,35,13.0
3,9,36,0.0
3,9,37,31.0
3,9,38,0.0
3,9,39,0.0
3,9,40,0.0
3,9,41,0.0
3,9,42,0.0
3,9,43,0.0
3,9,44,0.0
3,9,45,11.0
3,9,46,29.0
3,9,47,34.0
3,9,48,0.0
3,9,49,0.0
3,9,50,0.0
3,9,51,32.0
3,9,52,0.0
3,9,53,0.0
3,9,54,0.0
3,9,55,0.0
3,9,56,30.0
3,9,57,0.0
3,9,58,0.0
3,9,59,0.0
3,9,60,0.0
3,9,61,0.0
3,9,62,0.0
3,9,63,0.0
3,9,64,0.0
3,9,65,0.0
3,9,66,11.0
3,9,67,0.0
3,9,68,0.0
3,9,69,21.0
3,9,70,15.0
3,9,71,0.0
3,9,72,0.0
3,9,73,0.0
3,9,74,0.0
3,9,75,30.0
3,9,76,0.0
3,9,77,0.0
3,9,78,0.0
3,9,79,0.0
3,9,80,15.0
3,9,81,0.0
3,9,82,0.0
3,9,83,11.0
3,9,84,0.0
3,9,85,0.0
3,9,86,28.0
3,9,87,0.0
3,9,88,0.0
3,9,89,0.0
3,9,90,31.0
3,9,91,0.0
3,9,92,0.0
3,9,93,0.0
3,9,94,0.0
3,9,95,0.0
3,9,96,0.0
3,9,97,0.0
3,9,98,0.0
3,9,99,0.0
3,10,0,0.0
3,10,1,0.0
3,10,2,0.0
3,10,3,0.0
3,10,4,0.0
3,10,5,0.0
3,10,6,94.0
3,10,7,0.0
3,10,8,7.0
3,10,9,0.0
3,10,10,122.0
3,10,11,115.0
3,10,12,71.0
3,10,13,0.0
3,10,14,101.0
3,10,15,10.0
3,10,16,115.0
3,10,17,144.0
3,10,18,13.0
3,10,19,101.0
3,10,20,0.0
3,10,21,109.0
3,10,22,6.0
3,10,23,0.0
3,10,24,65.0
3,10,25,76.0
3,10,26,0.0
3,10,27,0.0
3,10,28,84.0
3,10,29,16.0
3,10,30,0.0
3,10,31,0.0
3,10,32,72.0
3,10,33,138.0
3,10,34,0.0
3,10,35,0.0
3,10,36,0.0
3,10,37,0.0
3,10,38,0.0
3,10,39,64.0
3,10,40,61.0
3,10,41,0.0
3,10,42,90.0
3,10,43,70.0
3,10,44,0.0
3,10,45,72.0
3,10,46,3.0
3,10,47,0.0
3,10,48,95.0
3,10,49,0.0
3,10,50,131.0
3,10,51,76.0
3,10,52,146.0
3,10,53,0.0
3,10,54,0.0
3,10,55,0.0
3,10,56,9.0
3,10,57,0.0
3,10,58,27.0
3,10,59,92.0
3,10,60,0.0
3,10,61,0.0
3,10,62,0.0
3,10,63,0.0
3,10,64,0.0
3,10,65,29.0
3,10,66,0.0
3,10,67,0.0
3,10,68,56.0
3,10,69,0.0
3,10,70,0.0
3,10,71,0.0
3,10,72,0.0
3,10,73,34.0
3,10,74,0.0
3,10,75,0.0
3,10,76,50.0
3,10,77,37.0
3,10,78,0.0
3,10,79,51.0
3,10,80,0.0
3,10,81,10.0
3,10,82,62.0
3,10,83,0.0
3,10,84,0.0
3,10,85,0.0
3,10,86,0.0
3,10,87,0.0
3,10,88,47.0
3,10,89,0.0
3,10,90,0.0
3,10,91,22.0
3,10,92,31.0
3,10,93,0.0
3,10,94,0.0
3,10,95,0.0
3,10,96,0.0
3,10,97,0.0
3,10,98,9.0
3,10,99,94.0
3,11,0,107.0
3,11,1,139.0
3,11,2,9.0
3,11,3,95.0
3,11,4,30.0
3,11,5,91.0
3,11,6,210.0
3,11,7,34.0
3,11,8,0.0
3,11,9,143.0
3,11,10,0.0
3,11,11,64.0
3,11,12,19.0
3,11,13,288.0
3,11,14,0.0
3,11,15,266.0
3,11,16,40.0
3,11,17,61.0
3,11,18,0.0
3,11,19,32.0
3,11,20,0.0
3,11,21,110.0
3,11,22,10.0
3,11,23,194.0
3,11,24,0.0
3,11,25,0.0
3,11,26,62.0
3,11,27,118.0
3,11,28,5.0
3,11,29,135.0
3,11,30,87.0
3,11,31,121.0
3,11,32,0.0
3,11,33,106.0
3,11,34,123.0
3,11,35,158.0
3,11,36,65.0
3,11,37,94.0
3,11,38,140.0
3,11,39,76.0
3,11,40,171.0
3,11,41,152.0
3,11,42,70.0
3,11,43,0.0
3,11,44,204.0
3,11,45,183.0
3,11,46,0.0
3,11,47,111.0
3,11,48,51.0
3,11,49,98.0
3,11,50,52.0
3,11,51,40.0
3,11,52,5.0
3,11,53,98.0
3,11,54,178.0
3,11,55,147.0
3,11,56,214.0
3,11,57,0.0
3,11,58,81.0
3,11,59,20.0
3,11,60,62.0
3,11,61,52.0
3,11,62,59.0
3,11,63,93.0
3,11,64,118.0
3,11,65,159.0
3,11,66,31.0
3,11,67,177.0
3,11,68,96.0
3,11,69,44.0
3,11,70,159.0
3,11,71,5.0
3,11,72,47.0
3,11,73,198.0
3,11,74,140.0
3,11,75,47.0
3,11,76,185.0
3,11,77,36.0
3,11,78,70.0
3,11,79,205.0
3,11,80,163.0
3,11,81,209.0
3,11,82,18.0
3,11,83,141.0
3,11,84,143.0
3,11,85,37.0
3,11,86,192.0
3,11,87,15.0
3,11,88,171.0
3,11,89,129.0
3,11,90,0.0
3,11,91,0.0
3,11,92,63.0
3,11,93,266.0
3,11,94,230.0
3,11,95,75.0
3,11,96,214.0
3,11,97,95.0
3,11,98,138.0
3,11,99,0.0
3,12,0,162.0
3,12,1,235.0
3,12,2,309.0
3,12,3,327.0
3,12,4,174.0
3,12,5,463.0
3,12,6,136.0
3,12,7,52.0
3,12,8,367.0
3,12,9,138.0
3,12,10,200.0
3,12,11,353.0
3,12,12,114.0
3,12,13,0.0
3,12,14,357.0
3,12,15,277.0
3,12,16,385.0
3,12,17,155.0
3,12,18,357.0
3,12,19,248.0
3,12,20,62.0
3,12,21,365.0
3,12,22,331.0
3,12,23,107.0
3,12,24,332.0
3,12,25,326.0
3,12,26,272.0
3,12,27,266.0
3,12,28,103.0
3,12,29,119.0
3,12,30,105.0
3,12,31,104.0
3,12,32,76.0
3,12,33,358.0
3,12,34,335.0
3,12,35,114.0
3,12,36,220.0
3,12,37,239.0
3,12,38,58.0
3,12,39,482.0
3,12,40,62.0
3,12,41,46.0
3,12,42,464.0
3,12,43,228.0
3,12,44,83.0
3,12,45,7.0
3,12,46,73.0
3,12,47,359.0
3,12,48,139.0
3,12,49,213.0
3,12,50,0.0
3,12,51,274.0
3,12,52,138.0
3,12,53,294.0
3,12,54,63.0
3,12,55,272.0
3,12,56,63.0
3,12,57,350.0
3,12,58,164.0
3,12,59,298.0
3,12,60,188.0
3,12,61,335.0
3,12,62,109.0
3,12,63,39.0
3,12,64,111.0
3,12,65,59.0
3,12,66,437.0
3,12,67,95.0
3,12,68,109.0
3,12,69,95.0
3,12,70,87.0
3,12,71,310.0
3,12,72,487.0
3,12,73,332.0
3,12,74,248.0
3,12,75,221.0
3,12,76,48.0
3,12,77,316.0
3,12,78,360.0
3,12,79,0.0
3,12,80,104.0
3,12,81,120.0
3,12,82,292.0
3,12,83,275.0
3,12,84,484.0
3,12,85,97.0
3,12,86,165.0
3,12,87,343.0
3,12,88,189.0
3,12,89,219.0
3,12,90,347.0
3,12,91,164.0
3,12,92,460.0
3,12,93,51.0
3,12,94,196.0
3,12,95,138.0
3,12,96,196.0
3,12,97,315.0
3,12,98,240.0
3,12,99,80.0
3,13,0,206.0
3,13,1,517.0
3,13,2,550.0
3,13,3,329.0
3,13,4,132.0
3,13,5,360.0
3,13,6,171.0
3,13,7,473.0
3,13,8,460.0
3,13,9,544.0
3,13,10,377.0
3,13,11,418.0
3,13,12,287.0
3,13,13,527.0
3,13,14,419.0
3,13,15,79.0
3,13,16,387.0
3,13,17,315.0
3,13,18,390.0
3,13,19,230.0
3,13,20,490.0
3,13,21,203.0
3,13,22,39.0
3,13,23,63.0
3,13,24,55.0
3,13,25,4.0
3,13,26,345.0
3,13,27,534.0
3,13,28,197.0
3,13,29,577.0
3,13,30,518.0
3,13,31,207.0
3,13,32,392.0
3,13,33,399.0
3,13,34,485.0
3,13,35,195.0
3,13,36,91.0
3,13,37,554.0
3,13,38,334.0
3,13,39,301.0
3,13,40,402.0
3,13,41,509.0
3,13,42,85.0
3,13,43,92.0
3,13,44,341.0
3,13,45,496.0
3,13,46,213.0
3,13,47,229.0
3,13,48,221.0
3,13,49,151.0
3,13,50,292.0
3,13,51,182.0
3,13,52,317.0
3,13,53,72.0
3,13,54,218.0
3,13,55,286.0
3,13,56,365.0
3,13,57,338.0
3,13,58,277.0
3,13,59,342.0
3,13,60,448.0
3,13,61,453.0
3,13,62,201.0
3,13,63,313.0
3,13,64,521.0
3,13,65,479.0
3,13,66,304.0
3,13,67,169.0
3,13,68,495.0
3,13,69,194.0
3,13,70,303.0
3,13,71,52.0
3,13,72,397.0
3,13,73,358.0
3,13,74,272.0
3,13,75,332.0
3,13,76,212.0
3,13,77,485.0
3,13,78,502.0
3,13,79,156.0
3,13,80,305.0
3,13,81,547.0
3,13,82,290.0
3,13,83,225.0
3,13,84,222.0
3,13,85,421.0
3,13,86,477.0
3,13,87,372.0
3,13,88,568.0
3,13,89,342.0
3,13,90,543.0
3,13,91,361.0
3,13,92,19.0
3,13,93,395.0
3,13,94,378.0
3,13,95,552.0
3,13,96,447.0
3,13,97,382.0
3,13,98,443.0
3,13,99,187.0
3,14,0,0.0
3,14,1,97.0
3,14,2,0.0
3,14,3,0.0
3,14,4,0.0
3,14,5,0.0
3,14,6,0.0
3,14,7,0.0
3,14,8,0.0
3,14,9,0.0
3,14,10,15.0
3,14,11,0.0
3,14,12,0.0
3,14,13,0.0
3,14,14,0.0
3,14,15,80.0
3,14,16,0.0
3,14,17,0.0
3,14,18,0.0
3,14,19,0.0
3,14,20,0.0
3,14,21,0.0
3,14,22,0.0
3,14,23,0.0
3,14,24,0.0
3,14,25,270.0
3,14,26,263.0
3,14,27,0.0
3,14,28,70.0
3,14,29,0.0
3,14,30,0.0
3,14,31,0.0
3,14,32,273.0
3,14,33,0.0
3,14,34,0.0
3,14,35,0.0
3,14,36,6.0
3,14,37,0.0
3,14,38,28.0
3,14,39,0.0
3,14,40,0.0
3,14,41,0.0
3,14,42,0.0
3,14,43,120.0
3,14,44,0.0
3,14,45,0.0
3,14,46,249.0
3,14,47,0.0
3,14,48,175.0
3,14,49,0.0
3,14,50,0.0
3,14,51,0.0
3,14,52,0.0
3,14,53,0.0
3,14,54,0.0
3,14,55,0.0
3,14,56,0.0
3,14,57,0.0
3,14,58,0.0
3,14,59,0.0
3,14,60,0.0
3,14,61,439.0
3,14,62,159.0
3,14,63,0.0
3,14,64,0.0
3,14,65,0.0
3,14,66,0.0
3,14,67,0.0
3,14,68,0.0
3,14,69,0.0
3,14,70,0.0
3,14,71,521.0
3,14,72,0.0
3,14,73,0.0
3,14,74,0.0
3,14,75,0.0
3,14,76,147.0
3,14,77,0.0
3,14,78,0.0
3,14,79,515.0
3,14,80,0.0
3,14,81,428.0
3,14,82,0.0
3,14,83,95.0
3,14,84,0.0
3,14,85,0.0
3,14,86,491.0
3,14,87,0.0
3,14,88,196.0
3,14,89,0.0
3,14,90,28.0
3,14,91,0.0
3,14,92,0.0
3,14,93,0.0
3,14,94,0.0
3,14,95,0.0
3,14,96,0.0
3,14,97,437.0
3,14,98,0.0
3,14,99,243.0
3,15,0,463.0
3,15,1,213.0
3,15,2,173.0
3,15,3,672.0
3,15,4,310.0
3,15,5,137.0
3,15,6,74.0
3,15,7,612.0
3,15,8,254.0
3,15,9,253.0
3,15,10,356.0
3,15,11,258.0
3,15,12,391.0
3,15,13,462.0
3,15,14,594.0
3,15,15,467.0
3,15,16,640.0
3,15,17,412.0
3,15,18,484.0
3,15,19,292.0
3,15,20,634.0
3,15,21,530.0
3,15,22,474.0
3,15,23,598.0
3,15,24,631.0
3,15,25,462.0
3,15,26,271.0
3,15,27,336.0
3,15,28,538.0
3,15,29,317.0
3,15,30,599.0
3,15,31,417.0
3,15,32,189.0
3,15,33,449.0
3,15,34,655.0
3,15,35,242.0
3,15,36,487.0
3,15,37,496.0
3,15,38,219.0
3,15,39,318.0
3,15,40,365.0
3,15,41,655.0
3,15,42,461.0
3,15,43,209.0
3,15,44,219.0
3,15,45,655.0
3,15,46,579.0
3,15,47,385.0
3,15,48,510.0
3,15,49,273.0
3,15,50,332.0
3,15,51,666.0
3,15,52,591.0
3,15,53,275.0
3,15,54,395.0
3,15,55,459.0
3,15,56,458.0
3,15,57,643.0
3,15,58,296.0
3,15,59,487.0
3,15,60,566.0
3,15,61,224.0
3,15,62,435.0
3,15,63,185.0
3,15,64,423.0
3,15,65,198.0
3,15,66,303.0
3,15,67,293.0
3,15,68,508.0
3,15,69,190.0
3,15,70,665.0
3,15,71,358.0
3,15,72,613.0
3,15,73,521.0
3,15,74,156.0
3,15,75,209.0
3,15,76,213.0
3,15,77,455.0
3,15,78,455.0
3,15,79,324.0
3,15,80,223.0
3,15,81,560.0
3,15,82,135.0
3,15,83,465.0
3,15,84,426.0
3,15,85,424.0
3,15,86,349.0
3,15,87,180.0
3,15,88,337.0
3,15,89,553.0
3,15,90,652.0
3,15,91,385.0
3,15,92,546.0
3,15,93,451.0
3,15,94,634.0
3,15,95,543.0
3,15,96,367.0
3,15,97,195.0
3,15,98,481.0
3,15,99,227.0
3,16,0,42.0
3,16,1,65.0
3,16,2,0.0
3,16,3,0.0
3,16,4,0.0
3,16,5,0.0
3,16,6,0.0
3,16,7,0.0
3,16,8,86.0
3,16,9,0.0
3,16,10,0.0
3,16,11,276.0
3,16,12,0.0
3,16,13,168.0
3,16,14,470.0
3,16,15,0.0
3,16,16,0.0
3,16,17,143.0
3,16,18,0.0
3,16,19,33.0
3,16,20,16.0
3,16,21,84.0
3,16,22,84.0
3,16,23,328.0
3,16,24,0.0
3,16,25,10.0
3,16,26,0.0
3,16,27,0.0
3,16,28,0.0
3,16,29,0.0
3,16,30,62.0
3,16,31,0.0
3,16,32,113.0
3,16,33,16.0
3,16,34,529.0
3,16,35,0.0
3,16,36,63.0
3,16,37,0.0
3,16,38,422.0
3,16,39,0.0
3,16,40,557.0
3,16,41,109.0
3,16,42,0.0
3,16,43,34.0
3,16,44,0.0
3,16,45,0.0
3,16,46,29.0
3,16,47,447.0
3,16,48,161.0
3,16,49,164.0
3,16,50,365.0
3,16,51,213.0
3,16,52,43.0
3,16,53,0.0
3,16,54,7.0
3,16,55,76.0
3,16,56,0.0
3,16,57,0.0
3,16,58,0.0
3,16,59,0.0
3,16,60,187.0
3,16,61,16.0
3,16,62,127.0
3,16,63,514.0
3,16,64,0.0
3,16,65,301.0
3,16,66,0.0
3,16,67,152.0
3,16,68,0.0
3,16,69,0.0
3,16,70,325.0
3,16,71,0.0
3,16,72,0.0
3,16,73,0.0
3,16,74,119.0
3,16,75,0.0
3,16,76,0.0
3,16,77,0.0
3,16,78,0.0
3,16,79,131.0
3,16,80,224.0
3,16,81,387.0
3,16,82,0.0
3,16,83,0.0
3,16,84,0.0
3,16,85,188.0
3,16,86,43.0
3,16,87,0.0
3,16,88,0.0
3,16,89,231.0
3,16,90,0.0
3,16,91,566.0
3,16,92,246.0
3,16,93,97.0
3,16,94,88.0
3,16,95,0.0
3,16,96,415.0
3,16,97,169.0
3,16,98,0.0
3,16,99,390.0
3,17,0,171.0
3,17,1,253.0
3,17,2,164.0
3,17,3,294.0
3,17,4,329.0
3,17,5,343.0
3,17,6,400.0
3,17,7,314.0
3,17,8,415.0
3,17,9,349.0
3,17,10,413.0
3,17,11,587.0
3,17,12,596.0
3,17,13,246.0
3,17,14,153.0
3,17,15,252.0
3,17,16,288.0
3,17,17,281.0
3,17,18,528.0
3,17,19,583.0
3,17,20,249.0
3,17,21,351.0
3,17,22,330.0
3,17,23,345.0
3,17,24,82.0
3,17,25,473.0
3,17,26,485.0
3,17,27,241.0
3,17,28,429.0
3,17,29,586.0
3,17,30,282.0
3,17,31,295.0
3,17,32,246.0
3,17,33,239.0
3,17,34,352.0
3,17,35,307.0
3,17,36,211.0
3,17,37,216.0
3,17,38,334.0
3,17,39,482.0
3,17,40,225.0
3,17,41,189.0
3,17,42,540.0
3,17,43,140.0
3,17,44,397.0
3,17,45,558.0
3,17,46,588.0
3,17,47,436.0
3,17,48,13.0
3,17,49,558.0
3,17,50,201.0
3,17,51,214.0
3,17,52,218.0
3,17,53,379.0
3,17,54,363.0
3,17,55,58.0
3,17,56,183.0
3,17,57,119.0
3,17,58,212.0
3,17,59,276.0
3,17,60,265.0
3,17,61,498.0
3,17,62,65.0
3,17,63,257.0
3,17,64,492.0
3,17,65,182.0
3,17,66,420.0
3,17,67,599.0
3,17,68,222.0
3,17,69,0.0
3,17,70,211.0
3,17,71,453.0
3,17,72,541.0
3,17,73,299.0
3,17,74,72.0
3,17,75,343.0
3,17,76,168.0
3,17,77,462.0
3,17,78,424.0
3,17,79,505.0
3,17,80,372.0
3,17,81,173.0
3,17,82,401.0
3,17,83,248.0
3,17,84,156.0
3,17,85,396.0
3,17,86,521.0
3,17,87,577.0
3,17,88,162.0
3,17,89,453.0
3,17,90,560.0
3,17,91,286.0
3,17,92,322.0
3,17,93,399.0
3,17,94,117.0
3,17,95,348.0
3,17,96,311.0
3,17,97,415.0
3,17,98,564.0
3,17,99,392.0
3,18,0,15.0
3,18,1,198.0
3,18,2,79.0
3,18,3,163.0
3,18,4,299.0
3,18,5,266.0
3,18,6,65.0
3,18,7,214.0
3,18,8,304.0
3,18,9,198.0
3,18,10,49.0
3,18,11,340.0
3,18,12,330.0
3,18,13,241.0
3,18,14,306.0
3,18,15,179.0
3,18,16,269.0
3,18,17,237.0
3,18,18,20.0
3,18,19,28.0
3,18,20,179.0
3,18,21,189.0
3,18,22,217.0
3,18,23,280.0
3,18,24,417.0
3,18,25,206.0
3,18,26,92.0
3,18,27,94.0
3,18,28,201.0
3,18,29,66.0
3,18,30,113.0
3,18,31,207.0
3,18,32,272.0
3,18,33,219.0
3,18,34,228.0
3,18,35,0.0
3,18,36,314.0
3,18,37,125.0
3,18,38,55.0
3,18,39,275.0
3,18,40,430.0
3,18,41,72.0
3,18,42,41.0
3,18,43,155.0
3,18,44,104.0
3,18,45,212.0
3,18,46,194.0
3,18,47,223.0
3,18,48,301.0
3,18,49,253.0
3,18,50,216.0
3,18,51,227.0
3,18,52,27.0
3,18,53,0.0
3,18,54,0.0
3,18,55,345.0
3,18,56,156.0
3,18,57,0.0
3,18,58,20.0
3,18,59,0.0
3,18,60,0.0
3,18,61,10.0
3,18,62,169.0
3,18,63,210.0
3,18,64,401.0
3,18,65,127.0
3,18,66,325.0
3,18,67,253.0
3,18,68,398.0
3,18,69,429.0
3,18,70,264.0
3,18,71,280.0
3,18,72,62.0
3,18,73,198.0
3,18,74,138.0
3,18,75,144.0
3,18,76,285.0
3,18,77,0.0
3,18,78,147.0
3,18,79,62.0
3,18,80,140.0
3,18,81,246.0
3,18,82,140.0
3,18,83,28.0
3,18,84,0.0
3,18,85,162.0
3,18,86,303.0
3,18,87,346.0
3,18,88,232.0
3,18,89,210.0
3,18,90,11.0
3,18,91,294.0
3,18,92,331.0
3,18,93,136.0
3,18,94,72.0
3,18,95,158.0
3,18,96,167.0
3,18,97,311.0
3,18,98,72.0
3,18,99,15.0
3,19,0,23.0
3,19,1,0.0
3,19,2,0.0
3,19,3,0.0
3,19,4,38.0
3,19,5,0.0
3,19,6,0.0
3,19,7,0.0
3,19,8,0.0
3,19,9,0.0
3,19,10,0.0
3,19,11,0.0
3,19,12,0.0
3,19,13,71.0
3,19,14,0.0
3,19,15,0.0
3,19,16,18.0
3,19,17,192.0
3,19,18,97.0
3,19,19,13.0
3,19,20,0.0
3,19,21,0.0
3,19,22,74.0
3,19,23,0.0
3,19,24,0.0
3,19,25,0.0
3,19,26,0.0
3,19,27,0.0
3,19,28,0.0
3,19,29,0.0
3,19,30,0.0
3,19,31,0.0
3,19,32,0.0
3,19,33,0.0
3,19,34,0.0
3,19,35,0.0
3,19,36,0.0
3,19,37,0.0
3,19,38,0.0
3,19,39,94.0
3,19,40,60.0
3,19,41,117.0
3,19,42,0.0
3,19,43,0.0
3,19,44,0.0
3,19,45,0.0
3,19,46,0.0
3,19,47,0.0
3,19,48,77.0
3,19,49,0.0
3,19,50,167.0
3,19,51,0.0
3,19,52,0.0
3,19,53,0.0
3,19,54,0.0
3,19,55,0.0
3,19,56,0.0
3,19,57,0.0
3,19,58,44.0
3,19,59,0.0
3,19,60,0.0
3,19,61,0.0
3,19,62,0.0
3,19,63,0.0
3,19,64,0.0
3,19,65,0.0
3,19,66,0.0
3,19,67,0.0
3,19,68,0.0
3,19,69,0.0
3,19,70,0.0
3,19,71,0.0
3,19,72,0.0
3,19,73,0.0
3,19,74,158.0
3,19,75,0.0
3,19,76,83.0
3,19,77,0.0
3,19,78,0.0
3,19,79,0.0
3,19,80,0.0
3,19,81,0.0
3,19,82,0.0
3,19,83,143.0
3,19,84,0.0
3,19,85,168.0
3,19,86,0.0
3,19,87,0.0
3,19,88,0.0
3,19,89,50.0
3,19,90,0.0
3,19,91,0.0
3,19,92,0.0
3,19,93,163.0
3,19,94,0.0
3,19,95,0.0
3,19,96,0.0
3,19,97,0.0
3,19,98,0.0
3,19,99,0.0
3,20,0,24.0
3,20,1,0.0
3,20,2,0.0
3,20,3,45.0
3,20,4,0.0
3,20,5,0.0
3,20,6,0.0
3,20,7,0.0
3,20,8,0.0
3,20,9,0.0
3,20,10,62.0
3,20,11,0.0
3,20,12,40.0
3,20,13,12.0
3,20,14,0.0
3,20,15,0.0
3,20,16,0.0
3,20,17,0.0
3,20,18,24.0
3,20,19,133.0
3,20,20,0.0
3,20,21,0.0
3,20,22,0.0
3,20,23,0.0
3,20,24,92.0
3,20,25,0.0
3,20,26,0.0
3,20,27,0.0
3,20,28,0.0
3,20,29,0.0
3,20,30,0.0
3,20,31,0.0
3,20,32,0.0
3,20,33,35.0
3,20,34,0.0
3,20,35,0.0
3,20,36,0.0
3,20,37,8.0
3,20,38,0.0
3,20,39,0.0
3,20,40,12.0
3,20,41,0.0
3,20,42,0.0
3,20,43,0.0
3,20,44,0.0
3,20,45,73.0
3,20,46,0.0
3,20,47,0.0
3,20,48,0.0
3,20,49,45.0
3,20,50,0.0
3,20,51,0.0
3,20,52,86.0
3,20,53,0.0
3,20,54,0.0
3,20,55,0.0
3,20,56,0.0
3,20,57,0.0
3,20,58,0.0
3,20,59,0.0
3,20,60,0.0
3,20,61,0.0
3,20,62,0.0
3,20,63,0.0
3,20,64,0.0
3,20,65,0.0
3,20,66,0.0
3,20,67,0.0
3,20,68,31.0
3,20,69,0.0
3,20,70,0.0
3,20,71,0.0
3,20,72,0.0
3,20,73,0.0
3,20,74,0.0
3,20,75,0.0
3,20,76,0.0
3,20,77,63.0
3,20,78,0.0
3,20,79,105.0
3,20,80,0.0
3,20,81,0.0
3,20,82,0.0
3,20,83,0.0
3,20,84,68.0
3,20,85,0.0
3,20,86,0.0
3,20,87,1.0
3,20,88,0.0
3,20,89,0.0
3,20,90,0.0
3,20,91,0.0
3,20,92,28.0
3,20,93,0.0
3,20,94,0.0
3,20,95,127.0
3,20,96,0.0
3,20,97,0.0
3,20,98,0.0
3,20,99,0.0
3,21,0,115.0
3,21,1,101.0
3,21,2,28.0
3,21,3,0.0
3,21,4,0.0
3,21,5,10.0
3,21,6,0.0
3,21,7,10.0
3,21,8,0.0
3,21,9,29.0
3,21,10,0.0
3,21,11,0.0
3,21,12,0.0
3,21,13,105.0
3,21,14,0.0
3,21,15,0.0
3,21,16,0.0
3,21,17,0.0
3,21,18,0.0
3,21,19,0.0
3,21,20,0.0
3,21,21,0.0
3,21,22,0.0
3,21,23,0.0
3,21,24,0.0
3,21,25,0.0
3,21,26,0.0
3,21,27,0.0
3,21,28,0.0
3,21,29,109.0
3,21,30,0.0
3,21,31,0.0
3,21,32,0.0
3,21,33,0.0
3,21,34,0.0
3,21,35,0.0
3,21,36,7.0
3,21,37,0.0
3,21,38,0.0
3,21,39,0.0
3,21,40,0.0
3,21,41,0.0
3,21,42,0.0
3,21,43,101.0
3,21,44,0.0
3,21,45,0.0
3,21,46,0.0
3,21,47,0.0
3,21,48,0.0
3,21,49,0.0
3,21,50,0.0
3,21,51,0.0
3,21,52,0.0
3,21,53,111.0
3,21,54,0.0
3,21,55,0.0
3,21,56,31.0
3,21,57,0.0
3,21,58,0.0
3,21,59,70.0
3,21,60,0.0
3,21,61,108.0
3,21,62,0.0
3,21,63,9.0
3,21,64,0.0
3,21,65,0.0
3,21,66,0.0
3,21,67,0.0
3,21,68,0.0
3,21,69,0.0
3,21,70,0.0
3,21,71,0.0
3,21,72,11.0
3,21,73,0.0
3,21,74,0.0
3,21,75,0.0
3,21,76,0.0
3,21,77,4.0
3,21,78,0.0
3,21,79,0.0
3,21,80,0.0
3,21,81,0.0
3,21,82,3.0
3,21,83,9.0
3,21,84,0.0
3,21,85,0.0
3,21,86,0.0
3,21,87,0.0
3,21,88,0.0
3,21,89,0.0
3,21,90,110.0
3,21,91,10.0
3,21,92,0.0
3,21,93,0.0
3,21,94,0.0
3,21,95,0.0
3,21,96,0.0
3,21,97,0.0
3,21,98,0.0
3,21,99,0.0
3,22,0,0.0
3,22,1,0.0
3,22,2,0.0
3,22,3,0.0
3,22,4,0.0
3,22,5,0.0
3,22,6,0.0
3,22,7,0.0
3,22,8,0.0
3,22,9,0.0
3,22,10,0.0
3,22,11,0.0
3,22,12,0.0
3,22,13,0.0
3,22,14,0.0
3,22,15,0.0
3,22,16,0.0
3,22,17,0.0
3,22,18,0.0
3,22,19,0.0
3,22,20,0.0
3,22,21,25.0
3,22,22,0.0
3,22,23,0.0
3,22,24,0.0
3,22,25,26.0
3,22,26,0.0
3,22,27,97.0
3,22,28,0.0
3,22,29,0.0
3,22,30,50.0
3,22,31,0.0
3,22,32,0.0
3,22,33,0.0
3,22,34,0.0
3,22,35,0.0
3,22,36,0.0
3,22,37,0.0
3,22,38,0.0
3,22,39,0.0
3,22,40,0.0
3,22,41,0.0
3,22,42,0.0
3,22,43,0.0
3,22,44,0.0
3,22,45,0.0
3,22,46,0.0
3,22,47,0.0
3,22,48,0.0
3,22,49,0.0
3,22,50,0.0
3,22,51,46.0
3,22,52,0.0
3,22,53,0.0
3,22,54,5.0
3,22,55,0.0
3,22,56,0.0
3,22,57,100.0
3,22,58,0.0
3,22,59,0.0
3,22,60,0.0
3,22,61,0.0
3,22,62,0.0
3,22,63,0.0
3,22,64,0.0
3,22,65,93.0
3,22,66,0.0
3,22,67,14.0
3,22,68,5.0
3,22,69,0.0
3,22,70,35.0
3,22,71,0.0
3,22,72,0.0
3,22,73,0.0
3,22,74,3.0
3,22,75,0.0
3,22,76,0.0
3,22,77,0.0
3,22,78,8.0
3,22,79,0.0
3,22,80,0.0
3,22,81,0.0
3,22,82,0.0
3,22,83,0.0
3,22,84,0.0
3,22,85,0.0
3,22,86,0.0
3,22,87,0.0
3,22,88,17.0
3,22,89,0.0
3,22,90,0.0
3,22,91,0.0
3,22,92,0.0
3,22,93,0.0
3,22,94,82.0
3,22,95,0.0
3,22,96,0.0
3,22,97,0.0
3,22,98,0.0
3,22,99,100.0
3,23,0,0.0
3,23,1,0.0
3,23,2,0.0
3,23,3,0.0
3,23,4,0.0
3,23,5,0.0
3,23,6,0.0
3,23,7,0.0
3,23,8,0.0
3,23,9,0.0
3,23,10,0.0
3,23,11,0.0
3,23,12,0.0
3,23,13,0.0
3,23,14,0.0
3,23,15,0.0
3,23,16,0.0
3,23,17,0.0
3,23,18,0.0
3,23,19,0.0
3,23,20,8.0
3,23,21,0.0
3,23,22,0.0
3,23,23,0.0
3,23,24,0.0
3,23,25,0.0
3,23,26,0.0
3,23,27,0.0
3,23,28,0.0
3,23,29,0.0
3,23,30,0.0
3,23,31,0.0
3,23,32,0.0
3,23,33,0.0
3,23,34,0.0
3,23,35,0.0
3,23,36,0.0
3,23,37,0.0
3,23,38,0.0
3,23,39,0.0
3,23,40,0.0
3,23,41,0.0
3,23,42,0.0
3,23,43,0.0
3,23,44,0.0
3,23,45,0.0
3,23,46,0.0
3,23,47,0.0
3,23,48,0.0
3,23,49,0.0
3,23,50,0.0
3,23,51,0.0
3,23,52,0.0
3,23,53,0.0
3,23,54,0.0
3,23,55,0.0
3,23,56,0.0
3,23,57,0.0
3,23,58,0.0
3,23,59,0.0
3,23,60,0.0
3,23,61,0.0
3,23,62,0.0
3,23,63,0.0
3,23,64,0.0
3,23,65,0.0
3,23,66,0.0
3,23,67,0.0
3,23,68,0.0
3,23,69,0.0
3,23,70,0.0
3,23,71,0.0
3,23,72,0.0
3,23,73,0.0
3,23,74,0.0
3,23,75,0.0
3,23,76,0.0
3,23,77,0.0
3,23,78,0.0
3,23,79,0.0
3,23,80,0.0
3,23,81,0.0
3,23,82,0.0
3,23,83,0.0
3,23,84,0.0
3,23,85,0.0
3,23,86,0.0
3,23,87,0.0
3,23,88,0.0
3,23,89,0.0
3,23,90,0.0
3,23,91,0.0
3,23,92,0.0
3,23,93,0.0
3,23,94,0.0
3,23,95,0.0
3,23,96,0.0
3,23,97,0.0
3,23,98,0.0
3,23,99,0.0
4,0,0,0.0
4,0,1,0.0
4,0,2,0.0
4,0,3,0.0
4,0,4,0.0
4,0,5,0.0
4,0,6,0.0
4,0,7,0.0
4,0,8,0.0
4,0,9,0.0
4,0,10,0.0
4,0,11,0.0
4,0,12,0.0
4,0,13,0.0
4,0,14,0.0
4,0,15,0.0
4,0,16,0.0
4,0,17,0.0
4,0,18,0.0
4,0,19,0.0
4,0,20,0.0
4,0,21,0.0
4,0,22,0.0
4,0,23,0.0
4,0,24,0.0
4,0,25,0.0
4,0,26,0.0
4,0,27,0.0
4,0,28,0.0
4,0,29,0.0
4,0,30,0.0
4,0,31,0.0
4,0,32,0.0
4,0,33,0.0
4,0,34,0.0
4,0,35,0.0
4,0,36,0.0
4,0,37,0.0
4,0,38,0.0
4,0,39,0.0
4,0,40,0.0
4,0,41,0.0
4,0,42,0.0
4,0,43,0.0
4,0,44,0.0
4,0,45,0.0
4,0,46,0.0
4,0,47,0.0
4,0,48,0.0
4,0,49,0.0
4,0,50,0.0
4,0,51,0.0
4,0,52,0.0
4,0,53,0.0
4,0,54,0.0
4,0,55,0.0
4,0,56,0.0
4,0,57,0.0
4,0,58,0.0
4,0,59,0.0
4,0,60,0.0
4,0,61,0.0
4,0,62,0.0
4,0,63,0.0
4,0,64,0.0
4,0,65,0.0
4,0,66,0.0
4,0,67,0.0
4,0,68,0.0
4,0,69,0.0
4,0,70,0.0
4,0,71,0.0
4,0,72,0.0
4,0,73,0.0
4,0,74,0.0
4,0,75,0.0
4,0,76,0.0
4,0,77,0.0
4,0,78,0.0
4,0,79,0.0
4,0,80,0.0
4,0,81,0.0
4,0,82,0.0
4,0,83,0.0
4,0,84,0.0
4,0,85,0.0
4,0,86,0.0
4,0,87,0.0
4,0,88,0.0
4,0,89,0.0
4,0,90,0.0
4,0,91,0.0
4,0,92,0.0
4,0,93,0.0
4,0,94,0.0
4,0,95,0.0
4,0,96,0.0
4,0,97,0.0
4,0,98,0.0
4,0,99,0.0
4,1,0,0.0
4,1,1,0.0
4,1,2,0.0
4,1,3,0.0
4,1,4,0.0
4,1,5,0.0
4,1,6,0.0
4,1,7,0.0
4,1,8,0.0
4,1,9,0.0
4,1,10,0.0
4,1,11,0.0
4,1,12,0.0
4,1,13,0.0
4,1,14,0.0
4,1,15,0.0
4,1,16,0.0
4,1,17,0.0
4,1,18,0.0
4,1,19,0.0
4,1,20,0.0
4,1,21,0.0
4,1,22,0.0
4,1,23,0.0
4,1,24,0.0
4,1,25,0.0
4,1,26,0.0
4,1,27,0.0
4,1,28,0.0
4,1,29,0.0
4,1,30,0.0
4,1,31,0.0
4,1,32,0.0
4,1,33,0.0
4,1,34,0.0
4,1,35,0.0
4,1,36,0.0
4,1,37,0.0
4,1,38,0.0
4,1,39,0.0
4,1,40,0.0
4,1,41,0.0
4,1,42,0.0
4,1,43,0.0
4,1,44,0.0
4,1,45,0.0
4,1,46,0.0
4,1,47,0.0
4,1,48,0.0
4,1,49,0.0
4,1,50,0.0
4,1,51,0.0
4,1,52,0.0
4,1,53,0.0
4,1,54,0.0
4,1,55,0.0
4,1,56,0.0
4,1,57,0.0
4,1,58,0.0
4,1,59,0.0
4,1,60,0.0
4,1,61,0.0
4,1,62,0.0
4,1,63,0.0
4,1,64,0.0
4,1,65,0.0
4,1,66,0.0
4,1,67,0.0
4,1,68,0.0
4,1,69,0.0
4,1,70,0.0
4,1,71,0.0
4,1,72,0.0
4,1,73,0.0
4,1,74,0.0
4,1,75,0.0
4,1,76,0.0
4,1,77,0.0
4,1,78,0.0
4,1,79,0.0
4,1,80,0.0
4,1,81,0.0
4,1,82,0.0
4,1,83,0.0
4,1,84,0.0
4,1,85,0.0
4,1,86,0.0
4,1,87,0.0
4,1,88,0.0
4,1,89,0.0
4,1,90,0.0
4,1,91,0.0
4,1,92,0.0
4,1,93,0.0
4,1,94,0.0
4,1,95,0.0
4,1,96,0.0
4,1,97,0.0
4,1,98,0.0
4,1,99,0.0
4,2,0,0.0
4,2,1,0.0
4,2,2,0.0
4,2,3,0.0
4,2,4,0.0
4,2,5,0.0
4,2,6,0.0
4,2,7,0.0
4,2,8,0.0
4,2,9,0.0
4,2,10,0.0
4,2,11,0.0
4,2,12,0.0
4,2,13,0.0
4,2,14,0.0
4,2,15,0.0
4,2,16,0.0
4,2,17,0.0
4,2,18,0.0
4,2,19,0.0
4,2,20,0.0
4,2,21,0.0
4,2,22,0.0
4,2,23,0.0
4,2,24,0.0
4,2,25,0.0
4,2,26,0.0
4,2,27,0.0
4,2,28,0.0
4,2,29,0.0
4,2,30,0.0
4,2,31,0.0
4,2,32,0.0
4,2,33,0.0
4,2,34,0.0
4,2,35,0.0
4,2,36,0.0
4,2,37,0.0
4,2,38,0.0
4,2,39,0.0
4,2,40,0.0
4,2,41,0.0
4,2,42,0.0
4,2,43,0.0
4,2,44,0.0
4,2,45,0.0
4,2,46,0.0
4,2,47,0.0
4,2,48,0.0
4,2,49,0.0
4,2,50,0.0
4,2,51,0.0
4,2,52,0.0
4,2,53,0.0
4,2,54,0.0
4,2,55,0.0
4,2,56,0.0
4,2,57,0.0
4,2,58,0.0
4,2,59,0.0
4,2,60,0.0
4,2,61,0.0
4,2,62,0.0
4,2,63,0.0
4,2,64,0.0
4,2,65,0.0
4,2,66,0.0
4,2,67,0.0
4,2,68,0.0
4,2,69,0.0
4,2,70,0.0
4,2,71,0.0
4,2,72,0.0
4,2,73,0.0
4,2,74,0.0
4,2,75,0.0
4,2,76,0.0
4,2,77,0.0
4,2,78,0.0
4,2,79,0.0
4,2,80,0.0
4,2,81,0.0
4,2,82,0.0
4,2,83,0.0
4,2,84,0.0
4,2,85,0.0
4,2,86,0.0
4,2,87,0.0
4,2,88,0.0
4,2,89,0.0
4,2,90,0.0
4,2,91,0.0
4,2,92,0.0
4,2,93,0.0
4,2,94,0.0
4,2,95,0.0
4,2,96,0.0
4,2,97,0.0
4,2,98,0.0
4,2,99,0.0
4,3,0,0.0
4,3,1,0.0
4,3,2,0.0
4,3,3,0.0
4,3,4,0.0
4,3,5,0.0
4,3,6,0.0
4,3,7,0.0
4,3,8,0.0
4,3,9,0.0
4,3,10,0.0
4,3,11,0.0
4,3,12,0.0
4,3,13,0.0
4,3,14,0.0
4,3,15,0.0
4,3,16,0.0
4,3,17,0.0
4,3,18,0.0
4,3,19,0.0
4,3,20,0.0
4,3,21,0.0
4,3,22,0.0
4,3,23,0.0
4,3,24,0.0
4,3,25,0.0
4,3,26,0.0
4,3,27,0.0
4,3,28,0.0
4,3,29,0.0
4,3,30,0.0
4,3,31,0.0
4,3,32,0.0
4,3,33,0.0
4,3,34,0.0
4,3,35,0.0
4,3,36,0.0
4,3,37,0.0
4,3,38,0.0
4,3,39,0.0
4,3,40,0.0
4,3,41,0.0
4,3,42,0.0
4,3,43,0.0
4,3,44,0.0
4,3,45,0.0
4,3,46,0.0
4,3,47,0.0
4,3,48,0.0
4,3,49,0.0
4,3,50,0.0
4,3,51,0.0
4,3,52,0.0
4,3,53,0.0
4,3,54,0.0
4,3,55,0.0
4,3,56,0.0
4,3,57,0.0
4,3,58,0.0
4,3,59,0.0
4,3,60,0.0
4,3,61,0.0
4,3,62,0.0
4,3,63,0.0
4,3,64,0.0
4,3,65,0.0
4,3,66,0.0
4,3,67,0.0
4,3,68,0.0
4,3,69,0.0
4,3,70,0.0
4,3,71,0.0
4,3,72,0.0
4,3,73,0.0
4,3,74,0.0
4,3,75,0.0
4,3,76,0.0
4,3,77,0.0
4,3,78,0.0
4,3,79,0.0
4,3,80,0.0
4,3,81,0.0
4,3,82,0.0
4,3,83,0.0
4,3,84,0.0
4,3,85,0.0
4,3,86,0.0
4,3,87,0.0
4,3,88,0.0
4,3,89,0.0
4,3,90,0.0
4,3,91,0.0
4,3,92,0.0
4,3,93,0.0
4,3,94,0.0
4,3,95,0.0
4,3,96,0.0
4,3,97,0.0
4,3,98,0.0
4,3,99,0.0
4,4,0,0.0
4,4,1,0.0
4,4,2,0.0
4,4,3,0.0
4,4,4,0.0
4,4,5,0.0
4,4,6,0.0
4,4,7,0.0
4,4,8,0.0
4,4,9,0.0
4,4,10,0.0
4,4,11,0.0
4,4,12,0.0
4,4,13,0.0
4,4,14,0.0
4,4,15,0.0
4,4,16,0.0
4,4,17,0.0
4,4,18,0.0
4,4,19,0.0
4,4,20,0.0
4,4,21,0.0
4,4,22,0.0
4,4,23,0.0
4,4,24,0.0
4,4,25,0.0
4,4,26,0.0
4,4,27,0.0
4,4,28,0.0
4,4,29,0.0
4,4,30,0.0
4,4,31,0.0
4,4,32,0.0
4,4,33,0.0
4,4,34,0.0
4,4,35,0.0
4,4,36,0.0
4,4,37,0.0
4,4,38,0.0
4,4,39,0.0
4,4,40,0.0
4,4,41,0.0
4,4,42,0.0
4,4,43,0.0
4,4,44,0.0
4,4,45,0.0
4,4,46,0.0
4,4,47,0.0
4,4,48,0.0
4,4,49,0.0
4,4,50,0.0
4,4,51,0.0
4,4,52,0.0
4,4,53,0.0
4,4,54,0.0
4,4,55,0.0
4,4,56,0.0
4,4,57,0.0
4,4,58,0.0
4,4,59,0.0
4,4,60,0.0
4,4,61,0.0
4,4,62,0.0
4,4,63,0.0
4,4,64,0.0
4,4,65,0.0
4,4,66,0.0
4,4,67,0.0
4,4,68,0.0
4,4,69,0.0
4,4,70,0.0
4,4,71,0.0
4,4,72,0.0
4,4,73,0.0
4,4,74,0.0
4,4,75,0.0
4,4,76,0.0
4,4,77,0.0
4,4,78,0.0
4,4,79,0.0
4,4,80,0.0
4,4,81,0.0
4,4,82,0.0
4,4,83,0.0
4,4,84,0.0
4,4,85,0.0
4,4,86,0.0
4,4,87,0.0
4,4,88,0.0
4,4,89,0.0
4,4,90,0.0
4,4,91,0.0
4,4,92,0.0
4,4,93,0.0
4,4,94,0.0
4,4,95,0.0
4,4,96,0.0
4,4,97,0.0
4,4,98,0.0
4,4,99,0.0
4,5,0,0.0
4,5,1,0.0
4,5,2,0.0
4,5,3,0.0
4,5,4,0.0
4,5,5,0.0
4,5,6,0.0
4,5,7,0.0
4,5,8,0.0
4,5,9,0.0
4,5,10,0.0
4,5,11,0.0
4,5,12,0.0
4,5,13,0.0
4,5,14,0.0
4,5,15,0.0
4,5,16,0.0
4,5,17,0.0
4,5,18,0.0
4,5,19,0.0
4,5,20,0.0
4,5,21,0.0
4,5,22,0.0
4,5,23,0.0
4,5,24,0.0
4,5,25,0.0
4,5,26,0.0
4,5,27,0.0
4,5,28,0.0
4,5,29,0.0
4,5,30,0.0
4,5,31,0.0
4,5,32,0.0
4,5,33,0.0
4,5,34,0.0
4,5,35,0.0
4,5,36,0.0
4,5,37,0.0
4,5,38,0.0
4,5,39,0.0
4,5,40,0.0
4,5,41,0.0
4,5,42,0.0
4,5,43,0.0
4,5,44,0.0
4,5,45,0.0
4,5,46,0.0
4,5,47,0.0
4,5,48,0.0
4,5,49,0.0
4,5,50,0.0
4,5,51,0.0
4,5,52,0.0
4,5,53,0.0
4,5,54,0.0
4,5,55,0.0
4,5,56,0.0
4,5,57,0.0
4,5,58,0.0
4,5,59,0.0
4,5,60,0.0
4,5,61,0.0
4,5,62,0.0
4,5,63,0.0
4,5,64,0.0
4,5,65,0.0
4,5,66,0.0
4,5,67,0.0
4,5,68,0.0
4,5,69,0.0
4,5,70,0.0
4,5,71,0.0
4,5,72,0.0
4,5,73,0.0
4,5,74,0.0
4,5,75,0.0
4,5,76,0.0
4,5,77,0.0
4,5,78,0.0
4,5,79,0.0
4,5,80,0.0
4,5,81,0.0
4,5,82,0.0
4,5,83,0.0
4,5,84,0.0
4,5,85,0.0
4,5,86,0.0
4,5,87,0.0
4,5,88,0.0
4,5,89,0.0
4,5,90,0.0
4,5,91,0.0
4,5,92,0.0
4,5,93,0.0
4,5,94,0.0
4,5,95,0.0
4,5,96,0.0
4,5,97,0.0
4,5,98,0.0
4,5,99,0.0
4,6,0,0.0
4,6,1,0.0
4,6,2,0.0
4,6,3,0.0
4,6,4,0.0
4,6,5,0.0
4,6,6,0.0
4,6,7,0.0
4,6,8,0.0
4,6,9,0.0
4,6,10,0.0
4,6,11,0.0
4,6,12,0.0
4,6,13,0.0
4,6,14,0.0
4,6,15,0.0
4,6,16,0.0
4,6,17,0.0
4,6,18,0.0
4,6,19,0.0
4,6,20,0.0
4,6,21,0.0
4,6,22,0.0
4,6,23,0.0
4,6,24,0.0
4,6,25,0.0
4,6,26,0.0
4,6,27,0.0
4,6,28,0.0
4,6,29,0.0
4,6,30,0.0
4,6,31,0.0
4,6,32,0.0
4,6,33,0.0
4,6,34,0.0
4,6,35,0.0
4,6,36,0.0
4,6,37,0.0
4,6,38,0.0
4,6,39,0.0
4,6,40,0.0
4,6,41,0.0
4,6,42,0.0
4,6,43,0.0
4,6,44,0.0
4,6,45,0.0
4,6,46,0.0
4,6,47,0.0
4,6,48,0.0
4,6,49,0.0
4,6,50,0.0
4,6,51,0.0
4,6,52,0.0
4,6,53,0.0
4,6,54,0.0
4,6,55,0.0
4,6,56,0.0
4,6,57,0.0
4,6,58,0.0
4,6,59,0.0
4,6,60,0.0
4,6,61,0.0
4,6,62,0.0
4,6,63,0.0
4,6,64,0.0
4,6,65,0.0
4,6,66,0.0
4,6,67,0.0
4,6,68,0.0
4,6,69,0.0
4,6,70,0.0
4,6,71,0.0
4,6,72,0.0
4,6,73,0.0
4,6,74,0.0
4,6,75,0.0
4,6,76,0.0
4,6,77,0.0
4,6,78,0.0
4,6,79,0.0
4,6,80,0.0
4,6,81,0.0
4,6,82,0.0
4,6,83,0.0
4,6,84,0.0
4,6,85,0.0
4,6,86,0.0
4,6,87,0.0
4,6,88,0.0
4,6,89,0.0
4,6,90,0.0
4,6,91,0.0
4,6,92,0.0
4,6,93,0.0
4,6,94,0.0
4,6,95,0.0
4,6,96,0.0
4,6,97,0.0
4,6,98,0.0
4,6,99,0.0
4,7,0,0.0
4,7,1,0.0
4,7,2,0.0
4,7,3,0.0
4,7,4,0.0
4,7,5,0.0
4,7,6,0.0
4,7,7,0.0
4,7,8,0.0
4,7,9,0.0
4,7,10,0.0
4,7,11,0.0
4,7,12,0.0
4,7,13,0.0
4,7,14,0.0
4,7,15,0.0
4,7,16,0.0
4,7,17,0.0
4,7,18,0.0
4,7,19,0.0
4,7,20,0.0
4,7,21,0.0
4,7,22,0.0
4,7,23,0.0
4,7,24,0.0
4,7,25,0.0
4,7,26,0.0
4,7,27,0.0
4,7,28,0.0
4,7,29,0.0
4,7,30,0.0
4,7,31,0.0
4,7,32,0.0
4,7,33,0.0
4,7,34,0.0
4,7,35,4.0
4,7,36,0.0
4,7,37,0.0
4,7,38,0.0
4,7,39,0.0
4,7,40,0.0
4,7,41,0.0
4,7,42,0.0
4,7,43,0.0
4,7,44,0.0
4,7,45,0.0
4,7,46,0.0
4,7,47,0.0
4,7,48,0.0
4,7,49,0.0
4,7,50,0.0
4,7,51,0.0
4,7,52,0.0
4,7,53,0.0
4,7,54,0.0
4,7,55,0.0
4,7,56,0.0
4,7,57,0.0
4,7,58,0.0
4,7,59,0.0
4,7,60,0.0
4,7,61,0.0
4,7,62,0.0
4,7,63,0.0
4,7,64,0.0
4,7,65,0.0
4,7,66,0.0
4,7,67,0.0
4,7,68,3.0
4,7,69,0.0
4,7,70,0.0
4,7,71,0.0
4,7,72,0.0
4,7,73,0.0
4,7,74,0.0
4,7,75,0.0
4,7,76,0.0
4,7,77,0.0
4,7,78,0.0
4,7,79,0.0
4,7,80,0.0
4,7,81,0.0
4,7,82,0.0
4,7,83,0.0
4,7,84,0.0
4,7,85,0.0
4,7,86,0.0
4,7,87,0.0
4,7,88,0.0
4,7,89,0.0
4,7,90,0.0
4,7,91,0.0
4,7,92,0.0
4,7,93,0.0
4,7,94,0.0
4,7,95,0.0
4,7,96,5.0
4,7,97,6.0
4,7,98,0.0
4,7,99,0.0
4,8,0,0.0
4,8,1,0.0
4,8,2,4.0
4,8,3,0.0
4,8,4,0.0
4,8,5,0.0
4,8,6,0.0
4,8,7,0.0
4,8,8,6.0
4,8,9,4.0
4,8,10,0.0
4,8,11,0.0
4,8,12,0.0
4,8,13,0.0
4,8,14,0.0
4,8,15,0.0
4,8,16,0.0
4,8,17,0.0
4,8,18,5.0
4,8,19,0.0
4,8,20,0.0
4,8,21,0.0
4,8,22,2.0
4,8,23,5.0
4,8,24,3.0
4,8,25,0.0
4,8,26,0.0
4,8,27,0.0
4,8,28,0.0
4,8,29,0.0
4,8,30,0.0
4,8,31,0.0
4,8,32,3.0
4,8,33,0.0
4,8,34,4.0
4,8,35,0.0
4,8,36,0.0
4,8,37,0.0
4,8,38,0.0
4,8,39,0.0
4,8,40,0.0
4,8,41,0.0
4,8,42,0.0
4,8,43,0.0
4,8,44,0.0
4,8,45,0.0
4,8,46,0.0
4,8,47,0.0
4,8,48,0.0
4,8,49,0.0
4,8,50,4.0
4,8,51,0.0
4,8,52,0.0
4,8,53,4.0
4,8,54,0.0
4,8,55,0.0
4,8,56,0.0
4,8,57,5.0
4,8,58,0.0
4,8,59,0.0
4,8,60,0.0
4,8,61,5.0
4,8,62,0.0
4,8,63,0.0
4,8,64,0.0
4,8,65,5.0
4,8,66,3.0
4,8,67,0.0
4,8,68,0.0
4,8,69,0.0
4,8,70,3.0
4,8,71,0.0
4,8,72,0.0
4,8,73,0.0
4,8,74,0.0
4,8,75,0.0
4,8,76,0.0
4,8,77,0.0
4,8,78,0.0
4,8,79,0.0
4,8,80,0.0
4,8,81,0.0
4,8,82,0.0
4,8,83,0.0
4,8,84,0.0
4,8,85,5.0
4,8,86,0.0
4,8,87,3.0
4,8,88,0.0
4,8,89,0.0
4,8,90,4.0
4,8,91,0.0
4,8,92,0.0
4,8,93,0.0
4,8,94,0.0
4,8,95,0.0
4,8,96,2.0
4,8,97,0.0
4,8,98,4.0
4,8,99,0.0
4,9,0,0.0
4,9,1,0.0
4,9,2,0.0
4,9,3,0.0
4,9,4,0.0
4,9,5,0.0
4,9,6,0.0
4,9,7,0.0
4,9,8,0.0
4,9,9,0.0
4,9,10,0.0
4,9,11,0.0
4,9,12,0.0
4,9,13,0.0
4,9,14,0.0
4,9,15,0.0
4,9,16,0.0
4,9,17,0.0
4,9,18,17.0
4,9,19,13.0
4,9,20,0.0
4,9,21,0.0
4,9,22,0.0
4,9,23,14.0
4,9,24,0.0
4,9,25,14.0
4,9,26,21.0
4,9,27,0.0
4,9,28,0.0
4,9,29,15.0
4,9,30,0.0
4,9,31,0.0
4,9,32,0.0
4,9,33,0.0
4,9,34,0.0
4,9,35,3.0
4,9,36,0.0
4,9,37,28.0
4,9,38,0.0
4,9,39,0.0
4,9,40,0.0
4,9,41,0.0
4,9,42,0.0
4,9,43,0.0
4,9,44,0.0
4,9,45,28.0
4,9,46,35.0
4,9,47,35.0
4,9,48,0.0
4,9,49,0.0
4,9,50,0.0
4,9,51,4.0
4,9,52,0.0
4,9,53,4.0
4,9,54,13.0
4,9,55,0.0
4,9,56,23.0
4,9,57,0.0
4,9,58,0.0
4,9,59,0.0
4,9,60,0.0
4,9,61,0.0
4,9,62,0.0
4,9,63,0.0
4,9,64,0.0
4,9,65,0.0
4,9,66,11.0
4,9,67,0.0
4,9,68,0.0
4,9,69,16.0
4,9,70,20.0
4,9,71,7.0
4,9,72,0.0
4,9,73,0.0
4,9,74,0.0
4,9,75,0.0
4,9,76,0.0
4,9,77,0.0
4,9,78,0.0
4,9,79,0.0
4,9,80,0.0
4,9,81,0.0
4,9,82,0.0
4,9,83,0.0
4,9,84,0.0
4,9,85,0.0
4,9,86,32.0
4,9,87,0.0
4,9,88,0.0
4,9,89,0.0
4,9,90,25.0
4,9,91,0.0
4,9,92,0.0
4,9,93,0.0
4,9,94,0.0
4,9,95,0.0
4,9,96,0.0
4,9,97,0.0
4,9,98,0.0
4,9,99,0.0
4,10,0,0.0
4,10,1,0.0
4,10,2,0.0
4,10,3,0.0
4,10,4,0.0
4,10,5,15.0
4,10,6,63.0
4,10,7,0.0
4,10,8,76.0
4,10,9,0.0
4,10,10,41.0
4,10,11,103.0
4,10,12,0.0
4,10,13,0.0
4,10,14,79.0
4,10,15,0.0
4,10,16,41.0
4,10,17,67.0
4,10,18,95.0
4,10,19,58.0
4,10,20,0.0
4,10,21,100.0
4,10,22,93.0
4,10,23,0.0
4,10,24,8.0
4,10,25,0.0
4,10,26,0.0
4,10,27,5.0
4,10,28,19.0
4,10,29,0.0
4,10,30,0.0
4,10,31,0.0
4,10,32,14.0
4,10,33,50.0
4,10,34,0.0
4,10,35,0.0
4,10,36,0.0
4,10,37,0.0
4,10,38,0.0
4,10,39,36.0
4,10,40,44.0
4,10,41,0.0
4,10,42,47.0
4,10,43,120.0
4,10,44,0.0
4,10,45,17.0
4,10,46,1.0
4,10,47,0.0
4,10,48,18.0
4,10,49,0.0
4,10,50,105.0
4,10,51,0.0
4,10,52,100.0
4,10,53,0.0
4,10,54,0.0
4,10,55,0.0
4,10,56,0.0
4,10,57,0.0
4,10,58,0.0
4,10,59,54.0
4,10,60,0.0
4,10,61,0.0
4,10,62,0.0
4,10,63,0.0
4,10,64,0.0
4,10,65,0.0
4,10,66,0.0
4,10,67,0.0
4,10,68,107.0
4,10,69,0.0
4,10,70,0.0
4,10,71,0.0
4,10,72,0.0
4,10,73,5.0
4,10,74,0.0
4,10,75,0.0
4,10,76,0.0
4,10,77,28.0
4,10,78,0.0
4,10,79,0.0
4,10,80,0.0
4,10,81,0.0
4,10,82,128.0
4,10,83,0.0
4,10,84,0.0
4,10,85,18.0
4,10,86,0.0
4,10,87,0.0
4,10,88,0.0
4,10,89,0.0
4,10,90,96.0
4,10,91,0.0
4,10,92,8.0
4,10,93,0.0
4,10,94,0.0
4,10,95,0.0
4,10,96,16.0
4,10,97,0.0
4,10,98,0.0
4,10,99,116.0
4,11,0,121.0
4,11,1,107.0
4,11,2,39.0
4,11,3,70.0
4,11,4,0.0
4,11,5,36.0
4,11,6,49.0
4,11,7,0.0
4,11,8,27.0
4,11,9,90.0
4,11,10,0.0
4,11,11,0.0
4,11,12,0.0
4,11,13,81.0
4,11,14,42.0
4,11,15,132.0
4,11,16,0.0
4,11,17,5.0
4,11,18,15.0
4,11,19,0.0
4,11,20,13.0
4,11,21,25.0
4,11,22,28.0
4,11,23,201.0
4,11,24,0.0
4,11,25,0.0
4,11,26,0.0
4,11,27,108.0
4,11,28,0.0
4,11,29,119.0
4,11,30,109.0
4,11,31,102.0
4,11,32,0.0
4,11,33,0.0
4,11,34,57.0
4,11,35,48.0
4,11,36,0.0
4,11,37,7.0
4,11,38,52.0
4,11,39,0.0
4,11,40,111.0
4,11,41,131.0
4,11,42,0.0
4,11,43,34.0
4,11,44,168.0
4,11,45,119.0
4,11,46,0.0
4,11,47,16.0
4,11,48,0.0
4,11,49,56.0
4,11,50,68.0
4,11,51,0.0
4,11,52,0.0
4,11,53,128.0
4,11,54,137.0
4,11,55,9.0
4,11,56,0.0
4,11,57,55.0
4,11,58,0.0
4,11,59,21.0
4,11,60,110.0
4,11,61,0.0
4,11,62,27.0
4,11,63,200.0
4,11,64,180.0
4,11,65,35.0
4,11,66,0.0
4,11,67,62.0
4,11,68,17.0
4,11,69,79.0
4,11,70,31.0
4,11,71,102.0
4,11,72,117.0
4,11,73,54.0
4,11,74,104.0
4,11,75,109.0
4,11,76,60.0
4,11,77,73.0
4,11,78,0.0
4,11,79,170.0
4,11,80,22.0
4,11,81,92.0
4,11,82,10.0
4,11,83,155.0
4,11,84,41.0
4,11,85,82.0
4,11,86,0.0
4,11,87,0.0
4,11,88,26.0
4,11,89,14.0
4,11,90,38.0
4,11,91,0.0
4,11,92,66.0
4,11,93,69.0
4,11,94,61.0
4,11,95,97.0
4,11,96,168.0
4,11,97,0.0
4,11,98,119.0
4,11,99,13.0
4,12,0,81.0
4,12,1,0.0
4,12,2,19.0
4,12,3,241.0
4,12,4,155.0
4,12,5,180.0
4,12,6,0.0
4,12,7,57.0
4,12,8,238.0
4,12,9,20.0
4,12,10,117.0
4,12,11,127.0
4,12,12,127.0
4,12,13,0.0
4,12,14,173.0
4,12,15,70.0
4,12,16,95.0
4,12,17,102.0
4,12,18,117.0
4,12,19,28.0
4,12,20,113.0
4,12,21,40.0
4,12,22,200.0
4,12,23,0.0
4,12,24,79.0
4,12,25,174.0
4,12,26,118.0
4,12,27,121.0
4,12,28,48.0
4,12,29,4.0
4,12,30,56.0
4,12,31,0.0
4,12,32,72.0
4,12,33,88.0
4,12,34,55.0
4,12,35,86.0
4,12,36,95.0
4,12,37,117.0
4,12,38,107.0
4,12,39,227.0
4,12,40,0.0
4,12,41,7.0
4,12,42,203.0
4,12,43,174.0
4,12,44,44.0
4,12,45,0.0
4,12,46,18.0
4,12,47,89.0
4,12,48,92.0
4,12,49,0.0
4,12,50,0.0
4,12,51,69.0
4,12,52,36.0
4,12,53,74.0
4,12,54,58.0
4,12,55,111.0
4,12,56,66.0
4,12,57,229.0
4,12,58,127.0
4,12,59,112.0
4,12,60,143.0
4,12,61,88.0
4,12,62,91.0
4,12,63,0.0
4,12,64,0.0
4,12,65,48.0
4,12,66,188.0
4,12,67,0.0
4,12,68,25.0
4,12,69,40.0
4,12,70,27.0
4,12,71,195.0
4,12,72,179.0
4,12,73,37.0
4,12,74,0.0
4,12,75,26.0
4,12,76,91.0
4,12,77,84.0
4,12,78,97.0
4,12,79,0.0
4,12,80,105.0
4,12,81,0.0
4,12,82,182.0
4,12,83,21.0
4,12,84,184.0
4,12,85,89.0
4,12,86,116.0
4,12,87,191.0
4,12,88,102.0
4,12,89,70.0
4,12,90,144.0
4,12,91,94.0
4,12,92,213.0
4,12,93,44.0
4,12,94,0.0
4,12,95,71.0
4,12,96,36.0
4,12,97,75.0
4,12,98,123.0
4,12,99,112.0
4,13,0,55.0
4,13,1,197.0
4,13,2,271.0
4,13,3,82.0
4,13,4,37.0
4,13,5,58.0
4,13,6,222.0
4,13,7,138.0
4,13,8,103.0
4,13,9,189.0
4,13,10,27.0
4,13,11,279.0
4,13,12,111.0
4,13,13,296.0
4,13,14,0.0
4,13,15,13.0
4,13,16,197.0
4,13,17,95.0
4,13,18,128.0
4,13,19,307.0
4,13,20,235.0
4,13,21,216.0
4,13,22,43.0
4,13,23,201.0
4,13,24,0.0
4,13,25,33.0
4,13,26,107.0
4,13,27,172.0
4,13,28,174.0
4,13,29,151.0
4,13,30,151.0
4,13,31,141.0
4,13,32,227.0
4,13,33,333.0
4,13,34,242.0
4,13,35,169.0
4,13,36,0.0
4,13,37,54.0
4,13,38,88.0
4,13,39,74.0
4,13,40,138.0
4,13,41,336.0
4,13,42,0.0
4,13,43,0.0
4,13,44,89.0
4,13,45,270.0
4,13,46,243.0
4,13,47,286.0
4,13,48,219.0
4,13,49,80.0
4,13,50,302.0
4,13,51,181.0
4,13,52,49.0
4,13,53,106.0
4,13,54,213.0
4,13,55,330.0
4,13,56,217.0
4,13,57,121.0
4,13,58,79.0
4,13,59,30.0
4,13,60,83.0
4,13,61,267.0
4,13,62,130.0
4,13,63,206.0
4,13,64,139.0
4,13,65,121.0
4,13,66,84.0
4,13,67,210.0
4,13,68,187.0
4,13,69,190.0
4,13,70,236.0
4,13,71,11.0
4,13,72,32.0
4,13,73,230.0
4,13,74,327.0
4,13,75,240.0
4,13,76,146.0
4,13,77,98.0
4,13,78,173.0
4,13,79,81.0
4,13,80,166.0
4,13,81,284.0
4,13,82,59.0
4,13,83,130.0
4,13,84,58.0
4,13,85,131.0
4,13,86,83.0
4,13,87,124.0
4,13,88,205.0
4,13,89,296.0
4,13,90,166.0
4,13,91,0.0
4,13,92,45.0
4,13,93,178.0
4,13,94,183.0
4,13,95,214.0
4,13,96,215.0
4,13,97,344.0
4,13,98,119.0
4,13,99,203.0
4,14,0,0.0
4,14,1,0.0
4,14,2,0.0
4,14,3,0.0
4,14,4,0.0
4,14,5,0.0
4,14,6,0.0
4,14,7,0.0
4,14,8,0.0
4,14,9,0.0
4,14,10,0.0
4,14,11,0.0
4,14,12,0.0
4,14,13,0.0
4,14,14,0.0
4,14,15,0.0
4,14,16,0.0
4,14,17,0.0
4,14,18,0.0
4,14,19,0.0
4,14,20,0.0
4,14,21,0.0
4,14,22,0.0
4,14,23,0.0
4,14,24,0.0
4,14,25,0.0
4,14,26,0.0
4,14,27,0.0
4,14,28,0.0
4,14,29,0.0
4,14,30,0.0
4,14,31,0.0
4,14,32,0.0
4,14,33,0.0
4,14,34,0.0
4,14,35,0.0
4,14,36,0.0
4,14,37,0.0
4,14,38,0.0
4,14,39,0.0
4,14,40,0.0
4,14,41,0.0
4,14,42,0.0
4,14,43,0.0
4,14,44,0.0
4,14,45,0.0
4,14,46,0.0
4,14,47,0.0
4,14,48,0.0
4,14,49,0.0
4,14,50,0.0
4,14,51,0.0
4,14,52,0.0
4,14,53,0.0
4,14,54,0.0
4,14,55,0.0
4,14,56,0.0
4,14,57,0.0
4,14,58,0.0
4,14,59,0.0
4,14,60,0.0
4,14,61,0.0
4,14,62,0.0
4,14,63,0.0
4,14,64,0.0
4,14,65,0.0
4,14,66,0.0
4,14,67,0.0
4,14,68,0.0
4,14,69,0.0
4,14,70,0.0
4,14,71,0.0
4,14,72,0.0
4,14,73,0.0
4,14,74,0.0
4,14,75,0.0
4,14,76,0.0
4,14,77,0.0
4,14,78,0.0
4,14,79,0.0
4,14,80,0.0
4,14,81,0.0
4,14,82,0.0
4,14,83,0.0
4,14,84,0.0
4,14,85,0.0
4,14,86,0.0
4,14,87,0.0
4,14,88,0.0
4,14,89,0.0
4,14,90,0.0
4,14,91,0.0
4,14,92,0.0
4,14,93,0.0
4,14,94,0.0
4,14,95,0.0
4,14,96,0.0
4,14,97,0.0
4,14,98,0.0
4,14,99,0.0
4,15,0,115.0
4,15,1,33.0
4,15,2,24.0
4,15,3,138.0
4,15,4,125.0
4,15,5,88.0
4,15,6,81.0
4,15,7,111.0
4,15,8,180.0
4,15,9,163.0
4,15,10,84.0
4,15,11,0.0
4,15,12,134.0
4,15,13,21.0
4,15,14,123.0
4,15,15,142.0
4,15,16,143.0
4,15,17,118.0
4,15,18,129.0
4,15,19,0.0
4,15,20,189.0
4,15,21,121.0
4,15,22,196.0
4,15,23,193.0
4,15,24,146.0
4,15,25,199.0
4,15,26,122.0
4,15,27,10.0
4,15,28,0.0
4,15,29,0.0
4,15,30,153.0
4,15,31,124.0
4,15,32,0.0
4,15,33,18.0
4,15,34,47.0
4,15,35,185.0
4,15,36,180.0
4,15,37,132.0
4,15,38,165.0
4,15,39,123.0
4,15,40,192.0
4,15,41,16.0
4,15,42,183.0
4,15,43,145.0
4,15,44,148.0
4,15,45,52.0
4,15,46,114.0
4,15,47,41.0
4,15,48,93.0
4,15,49,112.0
4,15,50,0.0
4,15,51,145.0
4,15,52,138.0
4,15,53,165.0
4,15,54,79.0
4,15,55,0.0
4,15,56,190.0
4,15,57,183.0
4,15,58,179.0
4,15,59,103.0
4,15,60,134.0
4,15,61,0.0
4,15,62,120.0
4,15,63,0.0
4,15,64,150.0
4,15,65,195.0
4,15,66,142.0
4,15,67,41.0
4,15,68,117.0
4,15,69,143.0
4,15,70,59.0
4,15,71,188.0
4,15,72,153.0
4,15,73,176.0
4,15,74,22.0
4,15,75,173.0
4,15,76,198.0
4,15,77,132.0
4,15,78,59.0
4,15,79,118.0
4,15,80,189.0
4,15,81,13.0
4,15,82,13.0
4,15,83,80.0
4,15,84,113.0
4,15,85,0.0
4,15,86,104.0
4,15,87,150.0
4,15,88,78.0
4,15,89,54.0
4,15,90,144.0
4,15,91,136.0
4,15,92,120.0
4,15,93,119.0
4,15,94,160.0
4,15,95,196.0
4,15,96,181.0
4,15,97,0.0
4,15,98,95.0
4,15,99,0.0
4,16,0,0.0
4,16,1,0.0
4,16,2,0.0
4,16,3,0.0
4,16,4,0.0
4,16,5,0.0
4,16,6,0.0
4,16,7,0.0
4,16,8,0.0
4,16,9,0.0
4,16,10,0.0
4,16,11,0.0
4,16,12,0.0
4,16,13,0.0
4,16,14,22.0
4,16,15,0.0
4,16,16,0.0
4,16,17,0.0
4,16,18,0.0
4,16,19,0.0
4,16,20,0.0
4,16,21,21.0
4,16,22,0.0
4,16,23,0.0
4,16,24,0.0
4,16,25,0.0
4,16,26,0.0
4,16,27,0.0
4,16,28,0.0
4,16,29,0.0
4,16,30,0.0
4,16,31,0.0
4,16,32,0.0
4,16,33,0.0
4,16,34,0.0
4,16,35,0.0
4,16,36,0.0
4,16,37,0.0
4,16,38,0.0
4,16,39,0.0
4,16,40,0.0
4,16,41,0.0
4,16,42,0.0
4,16,43,0.0
4,16,44,0.0
4,16,45,0.0
4,16,46,0.0
4,16,47,47.0
4,16,48,0.0
4,16,49,0.0
4,16,50,0.0
4,16,51,0.0
4,16,52,0.0
4,16,53,0.0
4,16,54,0.0
4,16,55,0.0
4,16,56,0.0
4,16,57,0.0
4,16,58,0.0
4,16,59,0.0
4,16,60,0.0
4,16,61,0.0
4,16,62,0.0
4,16,63,0.0
4,16,64,0.0
4,16,65,0.0
4,16,66,0.0
4,16,67,0.0
4,16,68,0.0
4,16,69,0.0
4,16,70,0.0
4,16,71,0.0
4,16,72,0.0
4,16,73,0.0
4,16,74,0.0
4,16,75,0.0
4,16,76,0.0
4,16,77,0.0
4,16,78,0.0
4,16,79,0.0
4,16,80,0.0
4,16,81,0.0
4,16,82,0.0
4,16,83,0.0
4,16,84,0.0
4,16,85,0.0
4,16,86,0.0
4,16,87,0.0
4,16,88,0.0
4,16,89,0.0
4,16,90,0.0
4,16,91,57.0
4,16,92,0.0
4,16,93,0.0
4,16,94,0.0
4,16,95,0.0
4,16,96,0.0
4,16,97,0.0
4,16,98,0.0
4,16,99,0.0
4,17,0,183.0
4,17,1,156.0
4,17,2,236.0
4,17,3,0.0
4,17,4,151.0
4,17,5,229.0
4,17,6,275.0
4,17,7,205.0
4,17,8,121.0
4,17,9,83.0
4,17,10,305.0
4,17,11,286.0
4,17,12,247.0
4,17,13,71.0
4,17,14,0.0
4,17,15,181.0
4,17,16,145.0
4,17,17,149.0
4,17,18,186.0
4,17,19,109.0
4,17,20,83.0
4,17,21,106.0
4,17,22,237.0
4,17,23,143.0
4,17,24,0.0
4,17,25,32.0
4,17,26,179.0
4,17,27,174.0
4,17,28,235.0
4,17,29,228.0
4,17,30,133.0
4,17,31,260.0
4,17,32,244.0
4,17,33,0.0
4,17,34,115.0
4,17,35,173.0
4,17,36,235.0
4,17,37,91.0
4,17,38,198.0
4,17,39,272.0
4,17,40,89.0
4,17,41,304.0
4,17,42,162.0
4,17,43,89.0
4,17,44,118.0
4,17,45,186.0
4,17,46,244.0
4,17,47,109.0
4,17,48,0.0
4,17,49,119.0
4,17,50,76.0
4,17,51,96.0
4,17,52,229.0
4,17,53,190.0
4,17,54,92.0
4,17,55,0.0
4,17,56,85.0
4,17,57,157.0
4,17,58,227.0
4,17,59,137.0
4,17,60,74.0
4,17,61,242.0
4,17,62,27.0
4,17,63,332.0
4,17,64,25.0
4,17,65,98.0
4,17,66,70.0
4,17,67,324.0
4,17,68,82.0
4,17,69,44.0
4,17,70,267.0
4,17,71,211.0
4,17,72,193.0
4,17,73,111.0
4,17,74,92.0
4,17,75,104.0
4,17,76,141.0
4,17,77,208.0
4,17,78,236.0
4,17,79,130.0
4,17,80,245.0
4,17,81,126.0
4,17,82,36.0
4,17,83,305.0
4,17,84,98.0
4,17,85,67.0
4,17,86,300.0
4,17,87,313.0
4,17,88,235.0
4,17,89,0.0
4,17,90,234.0
4,17,91,84.0
4,17,92,192.0
4,17,93,143.0
4,17,94,222.0
4,17,95,62.0
4,17,96,176.0
4,17,97,156.0
4,17,98,255.0
4,17,99,281.0
4,18,0,0.0
4,18,1,0.0
4,18,2,38.0
4,18,3,117.0
4,18,4,28.0
4,18,5,18.0
4,18,6,59.0
4,18,7,46.0
4,18,8,121.0
4,18,9,35.0
4,18,10,54.0
4,18,11,14.0
4,18,12,47.0
4,18,13,0.0
4,18,14,168.0
4,18,15,146.0
4,18,16,26.0
4,18,17,0.0
4,18,18,0.0
4,18,19,0.0
4,18,20,72.0
4,18,21,115.0
4,18,22,15.0
4,18,23,162.0
4,18,24,126.0
4,18,25,133.0
4,18,26,53.0
4,18,27,0.0
4,18,28,10.0
4,18,29,0.0
4,18,30,66.0
4,18,31,45.0
4,18,32,74.0
4,18,33,107.0
4,18,34,170.0
4,18,35,0.0
4,18,36,47.0
4,18,37,68.0
4,18,38,14.0
4,18,39,12.0
4,18,40,130.0
4,18,41,0.0
4,18,42,0.0
4,18,43,0.0
4,18,44,68.0
4,18,45,71.0
4,18,46,58.0
4,18,47,42.0
4,18,48,0.0
4,18,49,32.0
4,18,50,0.0
4,18,51,119.0
4,18,52,10.0
4,18,53,0.0
4,18,54,0.0
4,18,55,158.0
4,18,56,63.0
4,18,57,0.0
4,18,58,0.0
4,18,59,0.0
4,18,60,0.0
4,18,61,0.0
4,18,62,168.0
4,18,63,13.0
4,18,64,172.0
4,18,65,7.0
4,18,66,13.0
4,18,67,76.0
4,18,68,125.0
4,18,69,160.0
4,18,70,41.0
4,18,71,36.0
4,18,72,76.0
4,18,73,147.0
4,18,74,74.0
4,18,75,59.0
4,18,76,114.0
4,18,77,0.0
4,18,78,52.0
4,18,79,35.0
4,18,80,19.0
4,18,81,31.0
4,18,82,124.0
4,18,83,0.0
4,18,84,0.0
4,18,85,0.0
4,18,86,27.0
4,18,87,68.0
4,18,88,30.0
4,18,89,160.0
4,18,90,0.0
4,18,91,109.0
4,18,92,53.0
4,18,93,0.0
4,18,94,0.0
4,18,95,0.0
4,18,96,68.0
4,18,97,26.0
4,18,98,11.0
4,18,99,0.0
4,19,0,0.0
4,19,1,0.0
4,19,2,0.0
4,19,3,0.0
4,19,4,23.0
4,19,5,0.0
4,19,6,0.0
4,19,7,0.0
4,19,8,0.0
4,19,9,61.0
4,19,10,0.0
4,19,11,21.0
4,19,12,0.0
4,19,13,31.0
4,19,14,0.0
4,19,15,39.0
4,19,16,72.0
4,19,17,103.0
4,19,18,70.0
4,19,19,0.0
4,19,20,0.0
4,19,21,0.0
4,19,22,59.0
4,19,23,0.0
4,19,24,0.0
4,19,25,0.0
4,19,26,0.0
4,19,27,0.0
4,19,28,34.0
4,19,29,0.0
4,19,30,0.0
4,19,31,71.0
4,19,32,0.0
4,19,33,0.0
4,19,34,0.0
4,19,35,81.0
4,19,36,0.0
4,19,37,0.0
4,19,38,0.0
4,19,39,63.0
4,19,40,55.0
4,19,41,99.0
4,19,42,116.0
4,19,43,0.0
4,19,44,0.0
4,19,45,0.0
4,19,46,0.0
4,19,47,0.0
4,19,48,122.0
4,19,49,0.0
4,19,50,163.0
4,19,51,0.0
4,19,52,0.0
4,19,53,0.0
4,19,54,136.0
4,19,55,0.0
4,19,56,0.0
4,19,57,0.0
4,19,58,56.0
4,19,59,0.0
4,19,60,64.0
4,19,61,0.0
4,19,62,49.0
4,19,63,0.0
4,19,64,0.0
4,19,65,0.0
4,19,66,0.0
4,19,67,0.0
4,19,68,0.0
4,19,69,6.0
4,19,70,0.0
4,19,71,0.0
4,19,72,0.0
4,19,73,21.0
4,19,74,144.0
4,19,75,0.0
4,19,76,70.0
4,19,77,0.0
4,19,78,0.0
4,19,79,0.0
4,19,80,0.0
4,19,81,0.0
4,19,82,2.0
4,19,83,144.0
4,19,84,0.0
4,19,85,92.0
4,19,86,42.0
4,19,87,0.0
4,19,88,0.0
4,19,89,16.0
4,19,90,0.0
4,19,91,0.0
4,19,92,0.0
4,19,93,53.0
4,19,94,0.0
4,19,95,0.0
4,19,96,58.0
4,19,97,29.0
4,19,98,0.0
4,19,99,0.0
4,20,0,0.0
4,20,1,0.0
4,20,2,0.0
4,20,3,19.0
4,20,4,0.0
4,20,5,0.0
4,20,6,0.0
4,20,7,0.0
4,20,8,0.0
4,20,9,0.0
4,20,10,75.0
4,20,11,0.0
4,20,12,71.0
4,20,13,0.0
4,20,14,52.0
4,20,15,0.0
4,20,16,0.0
4,20,17,0.0
4,20,18,0.0
4,20,19,95.0
4,20,20,0.0
4,20,21,0.0
4,20,22,0.0
4,20,23,0.0
4,20,24,1.0
4,20,25,0.0
4,20,26,0.0
4,20,27,0.0
4,20,28,0.0
4,20,29,0.0
4,20,30,0.0
4,20,31,0.0
4,20,32,0.0
4,20,33,0.0
4,20,34,0.0
4,20,35,0.0
4,20,36,0.0
4,20,37,36.0
4,20,38,0.0
4,20,39,0.0
4,20,40,0.0
4,20,41,0.0
4,20,42,0.0
4,20,43,0.0
4,20,44,0.0
4,20,45,60.0
4,20,46,0.0
4,20,47,0.0
4,20,48,0.0
4,20,49,71.0
4,20,50,0.0
4,20,51,0.0
4,20,52,103.0
4,20,53,0.0
4,20,54,0.0
4,20,55,0.0
4,20,56,0.0
4,20,57,0.0
4,20,58,0.0
4,20,59,0.0
4,20,60,0.0
4,20,61,0.0
4,20,62,0.0
4,20,63,0.0
4,20,64,0.0
4,20,65,0.0
4,20,66,21.0
4,20,67,0.0
4,20,68,4.0
4,20,69,0.0
4,20,70,0.0
4,20,71,0.0
4,20,72,0.0
4,20,73,0.0
4,20,74,0.0
4,20,75,0.0
4,20,76,0.0
4,20,77,89.0
4,20,78,0.0
4,20,79,70.0
4,20,80,83.0
4,20,81,0.0
4,20,82,0.0
4,20,83,0.0
4,20,84,106.0
4,20,85,0.0
4,20,86,0.0
4,20,87,2.0
4,20,88,0.0
4,20,89,0.0
4,20,90,0.0
4,20,91,0.0
4,20,92,70.0
4,20,93,0.0
4,20,94,0.0
4,20,95,49.0
4,20,96,0.0
4,20,97,0.0
4,20,98,0.0
4,20,99,0.0
4,21,0,79.0
4,21,1,42.0
4,21,2,30.0
4,21,3,0.0
4,21,4,0.0
4,21,5,0.0
4,21,6,0.0
4,21,7,5.0
4,21,8,0.0
4,21,9,0.0
4,21,10,0.0
4,21,11,0.0
4,21,12,0.0
4,21,13,92.0
4,21,14,0.0
4,21,15,0.0
4,21,16,0.0
4,21,17,0.0
4,21,18,0.0
4,21,19,0.0
4,21,20,0.0
4,21,21,0.0
4,21,22,0.0
4,21,23,0.0
4,21,24,0.0
4,21,25,0.0
4,21,26,0.0
4,21,27,0.0
4,21,28,0.0
4,21,29,12.0
4,21,30,0.0
4,21,31,0.0
4,21,32,0.0
4,21,33,0.0
4,21,34,0.0
4,21,35,0.0
4,21,36,16.0
4,21,37,0.0
4,21,38,0.0
4,21,39,0.0
4,21,40,0.0
4,21,41,0.0
4,21,42,0.0
4,21,43,55.0
4,21,44,0.0
4,21,45,0.0
4,21,46,0.0
4,21,47,0.0
4,21,48,0.0
4,21,49,0.0
4,21,50,0.0
4,21,51,0.0
4,21,52,0.0
4,21,53,0.0
4,21,54,0.0
4,21,55,0.0
4,21,56,0.0
4,21,57,0.0
4,21,58,0.0
4,21,59,64.0
4,21,60,0.0
4,21,61,45.0
4,21,62,0.0
4,21,63,0.0
4,21,64,0.0
4,21,65,0.0
4,21,66,0.0
4,21,67,0.0
4,21,68,0.0
4,21,69,0.0
4,21,70,0.0
4,21,71,0.0
4,21,72,0.0
4,21,73,0.0
4,21,74,0.0
4,21,75,0.0
4,21,76,0.0
4,21,77,0.0
4,21,78,0.0
4,21,79,0.0
4,21,80,0.0
4,21,81,21.0
4,21,82,0.0
4,21,83,0.0
4,21,84,0.0
4,21,85,0.0
4,21,86,0.0
4,21,87,0.0
4,21,88,0.0
4,21,89,0.0
4,21,90,91.0
4,21,91,0.0
4,21,92,0.0
4,21,93,0.0
4,21,94,0.0
4,21,95,0.0
4,21,96,0.0
4,21,97,0.0
4,21,98,0.0
4,21,99,0.0
4,22,0,0.0
4,22,1,0.0
4,22,2,0.0
4,22,3,0.0
4,22,4,0.0
4,22,5,0.0
4,22,6,0.0
4,22,7,0.0
4,22,8,0.0
4,22,9,0.0
4,22,10,0.0
4,22,11,0.0
4,22,12,0.0
4,22,13,0.0
4,22,14,0.0
4,22,15,0.0
4,22,16,0.0
4,22,17,0.0
4,22,18,0.0
4,22,19,0.0
4,22,20,0.0
4,22,21,37.0
4,22,22,0.0
4,22,23,0.0
4,22,24,0.0
4,22,25,31.0
4,22,26,0.0
4,22,27,40.0
4,22,28,0.0
4,22,29,0.0
4,22,30,64.0
4,22,31,0.0
4,22,32,0.0
4,22,33,0.0
4,22,34,22.0
4,22,35,0.0
4,22,36,0.0
4,22,37,0.0
4,22,38,0.0
4,22,39,0.0
4,22,40,0.0
4,22,41,0.0
4,22,42,0.0
4,22,43,0.0
4,22,44,0.0
4,22,45,0.0
4,22,46,0.0
4,22,47,0.0
4,22,48,0.0
4,22,49,0.0
4,22,50,0.0
4,22,51,64.0
4,22,52,0.0
4,22,53,0.0
4,22,54,0.0
4,22,55,0.0
4,22,56,0.0
4,22,57,51.0
4,22,58,0.0
4,22,59,0.0
4,22,60,0.0
4,22,61,0.0
4,22,62,0.0
4,22,63,0.0
4,22,64,0.0
4,22,65,81.0
4,22,66,0.0
4,22,67,7.0
4,22,68,0.0
4,22,69,0.0
4,22,70,29.0
4,22,71,0.0
4,22,72,0.0
4,22,73,0.0
4,22,74,0.0
4,22,75,0.0
4,22,76,0.0
4,22,77,0.0
4,22,78,0.0
4,22,79,0.0
4,22,80,0.0
4,22,81,0.0
4,22,82,0.0
4,22,83,0.0
4,22,84,0.0
4,22,85,0.0
4,22,86,0.0
4,22,87,0.0
4,22,88,0.0
4,22,89,0.0
4,22,90,0.0
4,22,91,0.0
4,22,92,0.0
4,22,93,0.0
4,22,94,66.0
4,22,95,0.0
4,22,96,0.0
4,22,97,0.0
4,22,98,0.0
4,22,99,97.0
4,23,0,0.0
4,23,1,0.0
4,23,2,0.0
4,23,3,0.0
4,23,4,0.0
4,23,5,0.0
4,23,6,0.0
4,23,7,0.0
4,23,8,0.0
4,23,9,0.0
4,23,10,0.0
4,23,11,0.0
4,23,12,0.0
4,23,13,0.0
4,23,14,0.0
4,23,15,0.0
4,23,16,0.0
4,23,17,0.0
4,23,18,0.0
4,23,19,0.0
4,23,20,0.0
4,23,21,0.0
4,23,22,0.0
4,23,23,0.0
4,23,24,0.0
4,23,25,0.0
4,23,26,0.0
4,23,27,0.0
4,23,28,0.0
4,23,29,0.0
4,23,30,0.0
4,23,31,0.0
4,23,32,0.0
4,23,33,0.0
4,23,34,0.0
4,23,35,0.0
4,23,36,0.0
4,23,37,0.0
4,23,38,0.0
4,23,39,0.0
4,23,40,0.0
4,23,41,0.0
4,23,42,0.0
4,23,43,0.0
4,23,44,0.0
4,23,45,0.0
4,23,46,0.0
4,23,47,0.0
4,23,48,0.0
4,23,49,0.0
4,23,50,0.0
4,23,51,0.0
4,23,52,0.0
4,23,53,0.0
4,23,54,0.0
4,23,55,0.0
4,23,56,0.0
4,23,57,0.0
4,23,58,0.0
4,23,59,0.0
4,23,60,0.0
4,23,61,0.0
4,23,62,0.0
4,23,63,0.0
4,23,64,0.0
4,23,65,0.0
4,23,66,0.0
4,23,67,0.0
4,23,68,0.0
4,23,69,0.0
4,23,70,0.0
4,23,71,0.0
4,23,72,0.0
4,23,73,0.0
4,23,74,0.0
4,23,75,0.0
4,23,76,0.0
4,23,77,0.0
4,23,78,0.0
4,23,79,0.0
4,23,80,0.0
4,23,81,0.0
4,23,82,0.0
4,23,83,0.0
4,23,84,0.0
4,23,85,0.0
4,23,86,0.0
4,23,87,0.0
4,23,88,0.0
4,23,89,0.0
4,23,90,0.0
4,23,91,0.0
4,23,92,0.0
4,23,93,0.0
4,23,94,0.0
4,23,95,0.0
4,23,96,0.0
4,23,97,0.0
4,23,98,0.0
4,23,99,0.0
